Application,ProcessID,SwapChainAddress,PresentRuntime,SyncInterval,PresentFlags,AllowsTearing,PresentMode,TimeInMs,MsBetweenSimulationStart,MsBetweenPresents,MsBetweenDisplayChange,MsInPresentAPI,MsRenderPresentLatency,MsUntilDisplayed,CPUStartTimeInMs,MsBetweenAppStart,MsCPUBusy,MsCPUWait,MsGPULatency,MsGPUTime,MsGPUBusy,MsGPUWait,MsAnimationError,AnimationTime,MsFlipDelay,MsAllInputToPhotonLatency,MsClickToPhotonLatency
BioshockHD.exe,18704,0xB251BA8,DXGI,0,0,1,Hardware Composed: Independent Flip,62.9425,NA,28.66710000000000,20.17890000000000,16.39460000000000,34.84600000000000,36.4628,58.6113,20.7258,4.3312,16.3946,15.9399,23.2373,6.0016,17.2357,NA,58.6113,NA,37.8783,NA
BioshockHD.exe,18704,0xB251BA8,DXGI,0,0,1,Hardware Composed: Independent Flip,83.7942,NA,20.85170000000000,22.47330000000000,15.71200000000000,37.99820000000000,38.0844,79.3371,20.1691,4.4571,15.7120,18.4514,24.0039,6.0409,17.9630,-1.7475,79.3371,NA,56.3583,NA
BioshockHD.exe,18704,0xB251BA8,DXGI,0,0,1,Hardware Composed: Independent Flip,103.7109,NA,19.91670000000000,26.22450000000000,18.27360000000000,41.37570000000000,44.3922,99.5062,22.4783,4.2047,18.2736,22.2862,23.2942,6.0524,17.2418,-6.0554,99.5062,NA,44.5762,NA
BioshockHD.exe,18704,0xB251BA8,DXGI,0,0,1,Hardware Composed: Independent Flip,126.0985,NA,22.38760000000000,20.09380000000000,22.11240000000000,42.01840000000000,42.0984,121.9845,26.2264,4.1140,22.1124,23.1021,23.0303,6.3234,16.7069,2.3845,121.9845,NA,44.6721,NA
BioshockHD.exe,18704,0xB251BA8,DXGI,0,0,1,Hardware Composed: Independent Flip,152.4646,NA,26.36610000000000,24.96960000000000,15.83960000000000,39.06720000000000,40.7019,148.2109,20.0933,4.2537,15.8396,19.9060,23.4149,6.0620,17.3529,1.2568,148.2109,NA,41.6459,NA
BioshockHD.exe,18704,0xB251BA8,DXGI,0,0,1,Hardware Composed: Independent Flip,172.3054,NA,19.84080000000000,22.01280000000000,20.95860000000000,42.79430000000000,42.8739,168.3042,24.9598,4.0012,20.9586,23.2276,23.5679,6.0327,17.5352,-1.9195,168.3042,NA,43.6572,NA
BioshockHD.exe,18704,0xB251BA8,DXGI,0,0,1,Hardware Composed: Independent Flip,197.5096,NA,25.20420000000000,23.23460000000000,17.76670000000000,40.84220000000001,40.9043,193.2640,22.0123,4.2456,17.7667,21.8357,23.2521,6.0071,17.2450,1.7252,193.2640,NA,42.8834,NA
BioshockHD.exe,18704,0xB251BA8,DXGI,0,0,1,Hardware Composed: Independent Flip,219.5154,NA,22.00580000000000,24.83710000000000,19.03310000000000,42.09060000000000,43.7356,215.2763,23.2722,4.2391,19.0331,23.0755,23.2542,6.0658,17.1884,-2.8248,215.2763,NA,45.7267,NA
BioshockHD.exe,18704,0xB251BA8,DXGI,0,0,1,Hardware Composed: Independent Flip,242.5791,NA,23.06370000000000,21.75000000000000,20.77150000000000,42.32240000000000,42.4219,238.5485,24.8021,4.0306,20.7715,23.0575,23.2955,6.0215,17.2740,1.5222,238.5485,NA,62.4799,NA
BioshockHD.exe,18704,0xB251BA8,DXGI,0,0,1,Hardware Composed: Independent Flip,267.4863,NA,24.90720000000000,22.75260000000000,17.61730000000000,40.20410000000000,40.2673,263.3506,21.7530,4.1357,17.6173,21.5509,22.7889,5.9805,16.8084,2.0495,263.3506,NA,46.1904,NA
BioshockHD.exe,18704,0xB251BA8,DXGI,0,0,1,Hardware Composed: Independent Flip,289.5197,NA,22.03340000000000,24.00340000000000,18.35170000000000,40.75020000000000,42.2373,285.1036,22.7678,4.4161,18.3517,22.5868,22.5795,6.0690,16.5105,-2.2504,285.1036,NA,48.2118,NA
BioshockHD.exe,18704,0xB251BA8,DXGI,0,0,1,Hardware Composed: Independent Flip,312.0823,NA,22.56260000000000,21.92000000000000,19.77310000000000,41.51310000000000,41.5947,307.8714,23.9840,4.2109,19.7731,22.3985,23.3255,6.0096,17.3159,0.8478,307.8714,NA,42.1536,NA
BioshockHD.exe,18704,0xB251BA8,DXGI,0,0,1,Hardware Composed: Independent Flip,336.0310,NA,23.94870000000000,23.27790000000000,17.75040000000000,40.82130000000000,40.9239,331.8554,21.9260,4.1756,17.7504,21.7400,23.2569,6.0110,17.2459,0.7061,331.8554,NA,44.4352,NA
BioshockHD.exe,18704,0xB251BA8,DXGI,0,0,1,Hardware Composed: Independent Flip,357.9440,NA,21.91300000000000,24.82280000000000,19.11290000000000,42.20260000000000,43.8337,353.7814,23.2755,4.1626,19.1129,23.0709,23.2943,6.0390,17.2553,-2.8968,353.7814,NA,51.2649,NA
BioshockHD.exe,18704,0xB251BA8,DXGI,0,0,1,Hardware Composed: Independent Flip,381.6544,NA,23.71040000000000,21.62690000000000,20.26250000000000,41.67690000000000,41.7502,377.0569,24.8600,4.5975,20.2625,23.0897,23.1847,5.9791,17.2056,1.6486,377.0569,NA,45.8849,NA
BioshockHD.exe,18704,0xB251BA8,DXGI,0,0,1,Hardware Composed: Independent Flip,406.4338,NA,24.77940000000000,22.70190000000000,17.10810000000000,39.59280000000000,39.6727,401.9169,21.6250,4.5169,17.1081,21.4144,22.6953,5.9949,16.7004,2.1581,401.9169,NA,47.5233,NA
BioshockHD.exe,18704,0xB251BA8,DXGI,0,0,1,Hardware Composed: Independent Flip,427.9050,NA,21.47120000000000,24.73120000000000,18.30490000000000,41.34530000000000,42.9327,423.5419,22.6680,4.3631,18.3049,22.4847,23.2237,6.0287,17.1950,-3.1062,423.5419,NA,47.3236,NA
BioshockHD.exe,18704,0xB251BA8,DXGI,0,0,1,Hardware Composed: Independent Flip,450.3488,NA,22.44380000000000,21.62960000000000,20.59300000000000,42.04150000000000,42.1185,446.2099,24.7319,4.1389,20.5930,23.0404,23.1400,5.9938,17.1462,1.0384,446.2099,NA,43.9467,NA
BioshockHD.exe,18704,0xB251BA8,DXGI,0,0,1,Hardware Composed: Independent Flip,475.0691,NA,24.72030000000000,23.20680000000000,17.50730000000000,40.52900000000000,40.6050,470.9418,21.6346,4.1273,17.5073,21.4485,23.2078,5.9953,17.2125,1.5251,470.9418,NA,43.1560,NA
BioshockHD.exe,18704,0xB251BA8,DXGI,0,0,1,Hardware Composed: Independent Flip,496.7169,NA,21.64780000000000,24.78560000000000,19.05530000000000,42.11360000000001,43.7428,492.5764,23.1958,4.1405,19.0553,23.0217,23.2324,5.9917,17.2407,-3.1510,492.5764,NA,44.9370,NA
BioshockHD.exe,18704,0xB251BA8,DXGI,0,0,1,Hardware Composed: Independent Flip,519.7090,NA,22.99210000000000,21.77850000000000,20.88060000000000,42.44900000000001,42.5292,515.7722,24.8174,3.9368,20.8806,23.0583,23.3275,5.9852,17.3423,1.4173,515.7722,NA,49.7212,NA
BioshockHD.exe,18704,0xB251BA8,DXGI,0,0,1,Hardware Composed: Independent Flip,545.9431,NA,26.23410000000000,23.28090000000000,16.40080000000000,39.51210000000000,39.5760,540.5896,21.7543,5.3535,16.4008,21.5684,23.2972,5.9916,17.3056,1.5365,540.5896,NA,40.9480,NA
BioshockHD.exe,18704,0xB251BA8,DXGI,0,0,1,Hardware Composed: Independent Flip,566.4863,NA,20.54320000000000,24.45050000000000,19.14560000000000,41.93160000000000,43.4833,562.3439,23.2880,4.1424,19.1456,23.1113,22.9627,6.1551,16.8076,-2.6962,562.3439,NA,45.4498,NA
BioshockHD.exe,18704,0xB251BA8,DXGI,0,0,1,Hardware Composed: Independent Flip,589.7249,NA,23.23860000000000,22.60330000000000,20.33980000000000,42.74380000000000,42.8480,585.6319,24.4328,4.0930,20.3398,22.7860,24.0508,5.8709,18.1799,0.6847,585.6319,NA,43.0530,NA
BioshockHD.exe,18704,0xB251BA8,DXGI,0,0,1,Hardware Composed: Independent Flip,614.2533,NA,24.52840000000000,23.21510000000000,18.44450000000000,41.49760000000000,41.5347,610.0647,22.6331,4.1886,18.4445,22.4040,23.2822,6.0284,17.2538,1.2177,610.0647,NA,42.2648,NA
BioshockHD.exe,18704,0xB251BA8,DXGI,0,0,1,Hardware Composed: Independent Flip,637.0418,NA,22.78850000000000,24.80140000000000,18.85720000000000,41.91190000000000,43.5476,632.6978,23.2012,4.3440,18.8572,23.0531,23.2028,6.0008,17.2020,-2.1683,632.6978,NA,44.0659,NA
BioshockHD.exe,18704,0xB251BA8,DXGI,0,0,1,Hardware Composed: Independent Flip,659.8161,NA,22.77430000000000,21.65920000000000,20.89400000000000,42.35330000000000,42.4325,655.8990,24.8111,3.9171,20.8940,23.0547,23.2157,6.0114,17.2043,1.5420,655.8990,NA,45.6946,NA
BioshockHD.exe,18704,0xB251BA8,DXGI,0,0,1,Hardware Composed: Independent Flip,685.2538,NA,25.43770000000000,23.14350000000000,17.17090000000000,40.06570000000000,40.1383,680.7101,21.7146,4.5437,17.1709,21.4593,23.1501,6.0195,17.1306,1.6676,680.7101,NA,44.8749,NA
BioshockHD.exe,18704,0xB251BA8,DXGI,0,0,1,Hardware Composed: Independent Flip,706.5976,NA,21.34380000000000,24.79970000000000,18.89630000000000,41.94210000000000,43.5942,702.4247,23.0692,4.1729,18.8963,22.8948,23.2202,5.9824,17.2378,-3.0851,702.4247,NA,48.6740,NA
BioshockHD.exe,18704,0xB251BA8,DXGI,0,0,1,Hardware Composed: Independent Flip,729.9537,NA,23.35610000000000,21.65980000000000,20.33850000000000,41.80210000000000,41.8979,725.4939,24.7983,4.4598,20.3385,23.0458,23.2161,6.0079,17.2082,1.4094,725.4939,NA,42.3347,NA
BioshockHD.exe,18704,0xB251BA8,DXGI,0,0,1,Hardware Composed: Independent Flip,754.6110,NA,24.65730000000000,23.17220000000000,17.34480000000000,40.34790000000000,40.4128,750.2922,21.6636,4.3188,17.3448,21.4636,23.2031,5.9945,17.2086,1.6261,750.2922,NA,40.5040,NA
BioshockHD.exe,18704,0xB251BA8,DXGI,0,0,1,Hardware Composed: Independent Flip,776.2894,NA,21.67840000000000,24.84140000000000,18.83190000000000,41.89660000000000,43.5758,771.9558,23.1655,4.3336,18.8319,23.0031,23.2271,6.0253,17.2018,-3.1778,771.9558,NA,44.3449,NA
BioshockHD.exe,18704,0xB251BA8,DXGI,0,0,1,Hardware Composed: Independent Flip,799.1009,NA,22.81150000000000,21.67570000000000,20.87260000000000,42.35280000000000,42.4400,795.1213,24.8522,3.9796,20.8726,23.0647,23.2677,5.9828,17.2849,1.4898,795.1213,NA,44.0188,NA
BioshockHD.exe,18704,0xB251BA8,DXGI,0,0,1,Hardware Composed: Independent Flip,824.3754,NA,25.27450000000000,23.16400000000000,17.27060000000000,40.26100000000000,40.3295,819.9735,21.6725,4.4019,17.2706,21.4802,23.1827,5.9862,17.1965,1.6882,819.9735,NA,43.1792,NA
BioshockHD.exe,18704,0xB251BA8,DXGI,0,0,1,Hardware Composed: Independent Flip,845.6535,NA,21.27810000000000,24.83510000000000,19.15250000000000,42.19600000000001,43.8865,841.6460,23.1600,4.0075,19.1525,22.9904,23.2131,6.0201,17.1930,-3.1626,841.6460,NA,46.0232,NA
BioshockHD.exe,18704,0xB251BA8,DXGI,0,0,1,Hardware Composed: Independent Flip,869.0356,NA,23.38210000000000,21.62750000000000,20.64250000000000,42.00870000000000,42.1319,864.8060,24.8721,4.2296,20.6425,23.0435,23.1948,5.9692,17.2256,1.5325,864.8060,NA,43.6365,NA
BioshockHD.exe,18704,0xB251BA8,DXGI,0,0,1,Hardware Composed: Independent Flip,894.2635,NA,25.22790000000000,23.12010000000000,17.04330000000000,39.96220000000000,40.0241,889.6781,21.6287,4.5854,17.0433,21.3662,23.1814,5.9875,17.1939,1.7520,889.6781,NA,NA,NA
BioshockHD.exe,18704,0xB251BA8,DXGI,0,0,1,Hardware Composed: Independent Flip,915.7761,NA,21.51260000000000,24.84060000000000,18.66340000000000,41.63700000000000,43.3521,911.3068,23.1327,4.4693,18.6634,22.9189,23.1874,5.9920,17.1954,-3.2119,911.3068,NA,NA,NA
BioshockHD.exe,18704,0xB251BA8,DXGI,0,0,1,Hardware Composed: Independent Flip,939.1343,NA,23.35820000000000,20.43500000000000,20.13400000000000,40.33800000000000,40.4289,934.4395,24.8288,4.6948,20.1340,22.9736,22.0592,5.5398,16.5194,2.6977,934.4395,NA,47.0088,NA
BioshockHD.exe,18704,0xB251BA8,DXGI,0,0,1,Hardware Composed: Independent Flip,963.6195,NA,24.48520000000000,22.77160000000000,16.05390000000000,38.63340000000000,38.7153,959.2683,20.4051,4.3512,16.0539,20.2040,22.7806,6.0219,16.7587,2.0572,959.2683,NA,39.8072,NA
BioshockHD.exe,18704,0xB251BA8,DXGI,0,0,1,Hardware Composed: Independent Flip,983.7549,NA,20.13540000000000,24.00140000000000,18.68830000000000,42.05670000000000,42.5813,979.6734,22.7698,4.0815,18.6883,22.5795,23.5587,5.9615,17.5972,-3.5963,979.6734,NA,51.8095,NA
BioshockHD.exe,18704,0xB251BA8,DXGI,0,0,1,Hardware Composed: Independent Flip,1006.6589,NA,22.90400000000000,22.76260000000000,19.77790000000000,42.35820000000000,42.4399,1002.4432,23.9936,4.2157,19.7779,23.3684,23.2055,5.9480,17.2575,0.0072,1002.4432,NA,62.5787,NA
BioshockHD.exe,18704,0xB251BA8,DXGI,0,0,1,Hardware Composed: Independent Flip,1030.6745,NA,24.01560000000000,24.91550000000000,18.53080000000000,41.58080000000000,43.3398,1026.4368,22.7685,4.2377,18.5308,22.5803,23.2382,5.9922,17.2460,-0.9219,1026.4368,NA,NA,NA
BioshockHD.exe,18704,0xB251BA8,DXGI,0,0,1,Hardware Composed: Independent Flip,1054.0979,NA,23.42340000000000,20.40810000000000,20.00920000000000,40.24160000000001,40.3245,1049.2053,24.9018,4.8926,20.0092,23.0500,22.0842,5.5112,16.5730,2.3604,1049.2053,NA,40.8968,NA
BioshockHD.exe,18704,0xB251BA8,DXGI,0,0,1,Hardware Composed: Independent Flip,1078.5357,NA,24.43780000000000,22.77210000000000,16.02820000000000,38.57110000000000,38.6588,1074.1071,20.4568,4.4286,16.0282,20.2324,22.7673,5.9852,16.7821,2.1297,1074.1071,NA,40.6736,NA
BioshockHD.exe,18704,0xB251BA8,DXGI,0,0,1,Hardware Composed: Independent Flip,1099.7804,NA,21.24470000000000,24.04870000000000,17.55290000000000,41.36580000000000,41.4628,1094.5639,22.7694,5.2165,17.5529,22.5429,24.0394,6.1977,17.8417,-3.5919,1094.5639,NA,41.7236,NA
BioshockHD.exe,18704,0xB251BA8,DXGI,0,0,1,Hardware Composed: Independent Flip,1121.9829,NA,22.20250000000000,25.00750000000000,19.44520000000000,42.54110000000000,44.2678,1117.3333,24.0948,4.6496,19.4452,23.8129,23.3778,6.1749,17.2029,-2.2381,1117.3333,NA,65.7317,NA
BioshockHD.exe,18704,0xB251BA8,DXGI,0,0,1,Hardware Composed: Independent Flip,1146.7610,NA,24.77810000000000,21.79850000000000,19.65860000000000,41.18770000000000,41.2882,1141.4281,24.9915,5.3329,19.6586,23.0959,23.4247,6.1531,17.2716,2.2963,1141.4281,NA,NA,NA
BioshockHD.exe,18704,0xB251BA8,DXGI,0,0,1,Hardware Composed: Independent Flip,1171.3167,NA,24.55570000000000,25.23740000000000,16.87450000000000,38.96910000000000,41.9699,1166.4196,21.7716,4.8971,16.8745,21.5291,22.3371,5.7937,16.5434,-0.2459,1166.4196,NA,60.7675,NA
BioshockHD.exe,18704,0xB251BA8,DXGI,0,0,1,Hardware Composed: Independent Flip,1193.2855,NA,21.96880000000000,19.95050000000000,20.16940000000000,39.86780000000000,39.9516,1188.1912,25.2637,5.0943,20.1694,22.0946,22.8675,6.0697,16.7978,1.8211,1188.1912,NA,NA,NA
BioshockHD.exe,18704,0xB251BA8,DXGI,0,0,1,Hardware Composed: Independent Flip,1218.7485,NA,25.46300000000000,24.74090000000000,14.59650000000000,37.61150000000000,39.2295,1213.4549,19.8901,5.2936,14.5965,19.6984,23.2067,5.8031,17.4036,0.5228,1213.4549,NA,46.4569,NA
BioshockHD.exe,18704,0xB251BA8,DXGI,0,0,1,Hardware Composed: Independent Flip,1238.2175,NA,19.46900000000000,21.33620000000000,19.89430000000000,41.08440000000000,41.0967,1233.3450,24.7668,4.8725,19.8943,23.0150,22.9419,6.1521,16.7898,-1.4461,1233.3450,NA,50.7993,NA
BioshockHD.exe,18704,0xB251BA8,DXGI,0,0,1,Hardware Composed: Independent Flip,1261.5169,NA,23.29940000000000,23.09890000000000,17.93120000000000,40.85850000000000,40.8962,1258.1118,21.3363,3.4051,17.9312,21.1901,23.0735,5.7370,17.3365,1.6679,1258.1118,NA,57.8574,NA
BioshockHD.exe,18704,0xB251BA8,DXGI,0,0,1,Hardware Composed: Independent Flip,1282.6066,NA,21.08970000000000,24.86200000000000,19.94220000000000,42.98980000000000,44.6685,1279.4481,23.1007,3.1585,19.9422,22.9273,23.2210,5.8326,17.3884,-3.5257,1279.4481,NA,61.7227,NA
BioshockHD.exe,18704,0xB251BA8,DXGI,0,0,1,Hardware Composed: Independent Flip,1306.4626,NA,23.85600000000000,21.41540000000000,20.97220000000000,42.17310000000001,42.2279,1302.5488,24.8860,3.9138,20.9722,23.0476,23.0393,5.6922,17.3471,1.6853,1302.5488,NA,46.1718,NA
BioshockHD.exe,18704,0xB251BA8,DXGI,0,0,1,Hardware Composed: Independent Flip,1330.8381,NA,24.37550000000000,23.06670000000000,18.04700000000000,40.90990000000000,40.9191,1327.4348,21.4503,3.4033,18.0470,21.2009,23.1123,5.7783,17.3340,1.8193,1327.4348,NA,44.2007,NA
BioshockHD.exe,18704,0xB251BA8,DXGI,0,0,1,Hardware Composed: Independent Flip,1352.2325,NA,21.39440000000000,24.74410000000000,19.62290000000000,42.56260000000000,44.2688,1348.8851,22.9703,3.3474,19.6229,22.8629,23.0471,5.7290,17.3181,-3.2938,1348.8851,NA,44.9854,NA
BioshockHD.exe,18704,0xB251BA8,DXGI,0,0,1,Hardware Composed: Independent Flip,1375.6583,NA,23.42580000000000,21.39680000000000,20.95130000000000,42.18650000000000,42.2398,1371.8554,24.7542,3.8029,20.9513,22.9397,23.0497,5.7520,17.2977,1.5735,1371.8554,NA,42.3716,NA
BioshockHD.exe,18704,0xB251BA8,DXGI,0,0,1,Hardware Composed: Independent Flip,1400.0580,NA,24.39970000000000,23.00210000000000,17.98790000000000,40.80440000000000,40.8422,1396.6096,21.4363,3.4484,17.9879,21.2352,23.0176,5.7493,17.2683,1.7521,1396.6096,NA,44.3735,NA
BioshockHD.exe,18704,0xB251BA8,DXGI,0,0,1,Hardware Composed: Independent Flip,1421.3358,NA,21.27780000000000,24.74800000000000,19.66950000000000,42.56980000000000,44.3124,1418.0459,22.9594,3.2899,19.6695,22.8165,23.0432,5.7607,17.2825,-3.3117,1418.0459,NA,47.1317,NA
BioshockHD.exe,18704,0xB251BA8,DXGI,0,0,1,Hardware Composed: Independent Flip,1444.2639,NA,22.92810000000000,21.08930000000000,21.49440000000000,42.42560000000000,42.4736,1441.0053,24.7530,3.2586,21.4944,22.9003,22.7839,5.7470,17.0369,1.8701,1441.0053,NA,44.1838,NA
BioshockHD.exe,18704,0xB251BA8,DXGI,0,0,1,Hardware Composed: Independent Flip,1469.1104,NA,24.84650000000000,23.03140000000000,17.74370000000000,40.64550000000000,40.6585,1465.7583,21.0958,3.3521,17.7437,20.9312,23.0664,5.8046,17.2618,1.7216,1465.7583,NA,41.2526,NA
BioshockHD.exe,18704,0xB251BA8,DXGI,0,0,1,Hardware Composed: Independent Flip,1490.0263,NA,20.91590000000000,24.78330000000000,19.84480000000000,42.86130000000000,44.5259,1486.8541,23.0170,3.1722,19.8448,22.9018,23.1317,5.8336,17.2981,-3.6875,1486.8541,NA,49.0361,NA
BioshockHD.exe,18704,0xB251BA8,DXGI,0,0,1,Hardware Composed: Independent Flip,1513.2525,NA,23.22620000000000,21.46150000000000,21.39780000000000,42.72040000000001,42.7612,1509.8711,24.7792,3.3814,21.3978,23.0165,23.0853,5.7734,17.3119,1.5555,1509.8711,NA,49.4877,NA
BioshockHD.exe,18704,0xB251BA8,DXGI,0,0,1,Hardware Composed: Independent Flip,1538.3091,NA,25.05660000000000,22.89710000000000,17.79840000000000,40.59280000000000,40.6017,1534.6503,21.4572,3.6588,17.7984,21.3226,22.9290,5.7365,17.1925,1.8821,1534.6503,NA,44.3675,NA
BioshockHD.exe,18704,0xB251BA8,DXGI,0,0,1,Hardware Composed: Independent Flip,1559.7335,NA,21.42440000000000,24.68590000000000,19.27770000000000,42.16390000000001,43.8632,1556.1075,22.9037,3.6260,19.2777,22.7944,22.9955,5.7478,17.2477,-3.2287,1556.1075,NA,46.0561,NA
BioshockHD.exe,18704,0xB251BA8,DXGI,0,0,1,Hardware Composed: Independent Flip,1582.2284,NA,22.49490000000000,21.47590000000000,21.49560000000000,42.79390000000000,42.8442,1579.0112,24.7128,3.2172,21.4956,22.8862,23.1249,5.8539,17.2710,1.4278,1579.0112,NA,43.5446,NA
BioshockHD.exe,18704,0xB251BA8,DXGI,0,0,1,Hardware Composed: Independent Flip,1607.4577,NA,25.22930000000000,23.78900000000000,17.71350000000000,41.39370000000000,41.4039,1603.7240,21.4472,3.7337,17.7135,21.2983,23.8291,5.8347,17.9944,0.9238,1603.7240,NA,44.3416,NA
BioshockHD.exe,18704,0xB251BA8,DXGI,0,0,1,Hardware Composed: Independent Flip,1628.3870,NA,20.92930000000000,24.62160000000000,20.57810000000000,43.41380000000000,45.0962,1625.1712,23.7939,3.2158,20.5781,23.6802,22.9494,5.7103,17.2391,-3.1744,1625.1712,NA,50.9351,NA
BioshockHD.exe,18704,0xB251BA8,DXGI,0,0,1,Hardware Composed: Independent Flip,1652.6857,NA,24.29870000000000,21.35530000000000,20.89560000000000,42.10000000000000,42.1528,1648.9651,24.6162,3.7206,20.8956,22.8357,22.9849,5.7261,17.2588,2.4386,1648.9651,NA,46.2625,NA
BioshockHD.exe,18704,0xB251BA8,DXGI,0,0,1,Hardware Composed: Independent Flip,1676.8751,NA,24.18940000000000,22.93530000000000,18.05940000000000,40.86140000000000,40.8987,1673.5813,21.3532,3.2938,18.0594,21.2044,22.9508,5.7393,17.2115,1.6809,1673.5813,NA,41.2513,NA
BioshockHD.exe,18704,0xB251BA8,DXGI,0,0,1,Hardware Composed: Independent Flip,1698.7641,NA,21.88900000000000,24.63120000000000,19.11460000000000,41.93390000000000,43.6409,1694.9345,22.9442,3.8296,19.1146,22.8020,22.9615,5.7587,17.2028,-3.2780,1694.9345,NA,47.8943,NA
BioshockHD.exe,18704,0xB251BA8,DXGI,0,0,1,Hardware Composed: Independent Flip,1721.1831,NA,22.41900000000000,21.47050000000000,21.37220000000000,42.63890000000000,42.6924,1717.8787,24.6766,3.3044,21.3722,22.8193,23.1240,5.8332,17.2908,1.4737,1717.8787,NA,43.3495,NA
BioshockHD.exe,18704,0xB251BA8,DXGI,0,0,1,Hardware Composed: Independent Flip,1745.9262,NA,24.74310000000000,23.14050000000000,18.04720000000000,41.07530000000000,41.0898,1742.5553,21.4181,3.3709,18.0472,21.2667,23.1795,5.9346,17.2449,1.5361,1742.5553,NA,46.5004,NA
BioshockHD.exe,18704,0xB251BA8,DXGI,0,0,1,Hardware Composed: Independent Flip,1767.3028,NA,21.37660000000000,23.95040000000000,19.87650000000000,41.98260000000001,43.6636,1763.9734,23.2059,3.3294,19.8765,23.0281,22.2839,4.9193,17.3646,-2.5323,1763.9734,NA,44.4482,NA
BioshockHD.exe,18704,0xB251BA8,DXGI,0,0,1,Hardware Composed: Independent Flip,1791.2862,NA,23.98340000000000,20.82850000000000,19.77690000000000,40.41860000000000,40.5087,1787.1793,23.8838,4.1069,19.7769,22.1061,22.4194,4.9980,17.4214,2.3774,1787.1793,NA,41.2660,NA
BioshockHD.exe,18704,0xB251BA8,DXGI,0,0,1,Hardware Composed: Independent Flip,1814.0492,NA,22.76300000000000,22.26330000000000,17.86200000000000,39.99970000000000,40.0090,1811.0631,20.8481,2.9861,17.8620,20.6417,22.3441,4.9887,17.3554,1.6205,1811.0631,NA,47.5086,NA
BioshockHD.exe,18704,0xB251BA8,DXGI,0,0,1,Hardware Composed: Independent Flip,1835.0071,NA,20.95790000000000,23.99870000000000,19.17420000000000,41.25710000000000,43.0498,1831.9112,22.2701,3.0959,19.1742,22.1377,22.2153,4.8959,17.3194,-3.1506,1831.9112,NA,43.5214,NA
BioshockHD.exe,18704,0xB251BA8,DXGI,0,0,1,Hardware Composed: Independent Flip,1857.2558,NA,22.24870000000000,19.62430000000000,20.90020000000000,40.38590000000000,40.4254,1854.1813,23.9747,3.0745,20.9002,22.0829,21.3775,4.4964,16.8811,2.6458,1854.1813,NA,42.1649,NA
BioshockHD.exe,18704,0xB251BA8,DXGI,0,0,1,Hardware Composed: Independent Flip,1881.3030,NA,24.04720000000000,24.00340000000000,16.48000000000000,37.88120000000000,40.3816,1878.1560,19.6270,3.1470,16.4800,19.4857,21.5425,4.9454,16.5971,-0.0287,1878.1560,NA,43.1653,NA
BioshockHD.exe,18704,0xB251BA8,DXGI,0,0,1,Hardware Composed: Independent Flip,1900.8560,NA,19.55300000000000,19.94790000000000,20.93480000000000,40.70880000000000,40.7765,1897.7830,24.0078,3.0730,20.9348,21.4012,22.3806,4.9342,17.4464,-0.3209,1897.7830,NA,41.1154,NA
BioshockHD.exe,18704,0xB251BA8,DXGI,0,0,1,Hardware Composed: Independent Flip,1924.8456,NA,23.98960000000000,23.98440000000000,16.93380000000000,39.10790000000000,40.7713,1921.7908,19.9886,3.0548,16.9338,19.7740,22.3887,5.0008,17.3879,0.0234,1921.7908,NA,43.0889,NA
BioshockHD.exe,18704,0xB251BA8,DXGI,0,0,1,Hardware Composed: Independent Flip,1945.8978,NA,21.05220000000000,20.75080000000000,19.82840000000000,40.46050000000000,40.4699,1941.7794,23.9468,4.1184,19.8284,22.1741,22.4048,4.9820,17.4228,-0.7622,1941.7794,NA,54.8160,NA
BioshockHD.exe,18704,0xB251BA8,DXGI,0,0,1,Hardware Composed: Independent Flip,1969.0412,NA,23.14340000000000,23.99820000000000,17.43780000000000,39.63760000000000,41.3247,1965.7262,20.7528,3.3150,17.4378,20.6321,22.3205,4.9488,17.3717,-0.0514,1965.7262,NA,46.8406,NA
BioshockHD.exe,18704,0xB251BA8,DXGI,0,0,1,Hardware Composed: Independent Flip,1990.3224,NA,21.28120000000000,19.95030000000000,20.14140000000000,39.95390000000000,39.9938,1986.4790,23.9848,3.8434,20.1414,22.1998,21.5975,4.9493,16.6482,0.8025,1986.4790,NA,41.8008,NA
BioshockHD.exe,18704,0xB251BA8,DXGI,0,0,1,Hardware Composed: Independent Flip,2013.4240,NA,23.10160000000000,24.00770000000000,17.01520000000000,39.26160000000000,40.8999,2010.4638,19.9754,2.9602,17.0152,19.8125,22.4093,4.9564,17.4529,-0.0229,2010.4638,NA,48.7644,NA
BioshockHD.exe,18704,0xB251BA8,DXGI,0,0,1,Hardware Composed: Independent Flip,2033.5258,NA,20.10180000000000,20.86750000000000,20.90240000000000,41.65480000000000,41.6656,2030.4392,23.9890,3.0866,20.9024,22.2464,22.4950,4.9669,17.5281,-0.8921,2030.4392,NA,61.6701,NA
BioshockHD.exe,18704,0xB251BA8,DXGI,0,0,1,Hardware Composed: Independent Flip,2057.4108,NA,23.88500000000000,24.00240000000000,17.94540000000000,39.96370000000000,41.7830,2054.4282,20.9280,2.9826,17.9454,20.7524,22.1939,4.9219,17.2720,-0.0134,2054.4282,NA,45.6702,NA
BioshockHD.exe,18704,0xB251BA8,DXGI,0,0,1,Hardware Composed: Independent Flip,2078.3347,NA,20.92390000000000,19.81860000000000,20.95420000000000,40.63130000000000,40.6777,2075.3562,23.9327,2.9785,20.9542,22.0183,21.5915,4.9282,16.6633,1.1094,2075.3562,NA,46.4897,NA
BioshockHD.exe,18704,0xB251BA8,DXGI,0,0,1,Hardware Composed: Independent Flip,2102.2181,NA,23.88340000000000,24.00480000000000,16.89320000000000,39.03070000000000,40.7991,2099.2889,19.8224,2.9292,16.8932,19.6771,22.2828,4.9855,17.2973,-0.0721,2099.2889,NA,45.5006,NA
BioshockHD.exe,18704,0xB251BA8,DXGI,0,0,1,Hardware Composed: Independent Flip,2122.3171,NA,20.09900000000000,20.79170000000000,20.85080000000000,41.44810000000000,41.4918,2119.1113,24.0566,3.2058,20.8508,22.1375,22.5164,4.9717,17.5447,-0.9693,2119.1113,NA,43.2852,NA
BioshockHD.exe,18704,0xB251BA8,DXGI,0,0,1,Hardware Composed: Independent Flip,2146.1667,NA,23.84960000000000,24.00400000000000,17.74590000000000,39.95680000000000,41.6462,2143.1679,20.7447,2.9988,17.7459,20.5973,22.3583,4.9124,17.4459,0.0526,2143.1679,NA,NA,NA
BioshockHD.exe,18704,0xB251BA8,DXGI,0,0,1,Hardware Composed: Independent Flip,2166.9655,NA,20.79880000000000,20.78720000000000,20.98130000000000,41.62530000000000,41.6346,2163.9126,24.0342,3.0529,20.9813,22.2109,22.4673,4.9740,17.4933,-0.0425,2163.9126,NA,44.0193,NA
BioshockHD.exe,18704,0xB251BA8,DXGI,0,0,1,Hardware Composed: Independent Flip,2190.9119,NA,23.94640000000000,24.00530000000000,17.79190000000000,39.97340000000001,41.6935,2187.9468,20.7570,2.9651,17.7919,20.6440,22.2945,4.8985,17.3960,0.0289,2187.9468,NA,43.0823,NA
BioshockHD.exe,18704,0xB251BA8,DXGI,0,0,1,Hardware Composed: Independent Flip,2211.6705,NA,20.75860000000000,20.64600000000000,21.06140000000000,41.57190000000000,41.5809,2208.7038,24.0281,2.9667,21.0614,22.1815,22.3571,4.9611,17.3960,0.1110,2208.7038,NA,47.7296,NA
BioshockHD.exe,18704,0xB251BA8,DXGI,0,0,1,Hardware Composed: Independent Flip,2235.6569,NA,23.98640000000000,24.00650000000000,17.70120000000000,39.81280000000000,41.6010,2232.7319,20.6262,2.9250,17.7012,20.5105,22.2273,4.8943,17.3330,0.0216,2232.7319,NA,48.7392,NA
BioshockHD.exe,18704,0xB251BA8,DXGI,0,0,1,Hardware Composed: Independent Flip,2256.4815,NA,20.82460000000000,20.54960000000000,20.87040000000000,41.28570000000000,41.3260,2253.3581,23.9938,3.1234,20.8704,22.1116,22.2975,4.9237,17.3738,0.0766,2253.3581,NA,45.2828,NA
BioshockHD.exe,18704,0xB251BA8,DXGI,0,0,1,Hardware Composed: Independent Flip,2280.2891,NA,23.80760000000000,24.00590000000000,17.62340000000000,39.73040000000000,41.5243,2277.3519,20.5606,2.9372,17.6234,20.4153,22.2523,4.9506,17.3017,-0.0121,2277.3519,NA,42.2956,NA
BioshockHD.exe,18704,0xB251BA8,DXGI,0,0,1,Hardware Composed: Independent Flip,2301.1191,NA,20.83000000000000,20.56140000000000,20.79220000000000,41.21350000000000,41.2557,2297.9125,23.9988,3.2066,20.7922,22.1070,22.3131,4.9283,17.3848,-0.0008,2297.9125,NA,41.8547,NA
BioshockHD.exe,18704,0xB251BA8,DXGI,0,0,1,Hardware Composed: Independent Flip,2324.6685,NA,23.54940000000000,23.99850000000000,17.81540000000000,39.99010000000001,41.7048,2321.9113,20.5726,2.7572,17.8154,20.4213,22.3260,4.9194,17.4066,0.0003,2321.9113,NA,45.8586,NA
BioshockHD.exe,18704,0xB251BA8,DXGI,0,0,1,Hardware Composed: Independent Flip,2345.7077,NA,21.03920000000000,20.63510000000000,20.76240000000000,41.29110000000000,41.3007,2342.4839,23.9862,3.2238,20.7624,22.1747,22.3402,4.9484,17.3918,-0.0625,2342.4839,NA,46.4952,NA
BioshockHD.exe,18704,0xB251BA8,DXGI,0,0,1,Hardware Composed: Independent Flip,2369.2634,NA,23.55570000000000,23.99460000000000,17.90670000000000,39.98990000000000,41.7396,2366.4701,20.7000,2.7933,17.9067,20.5287,22.2545,4.8610,17.3935,-0.0084,2366.4701,NA,49.4858,NA
BioshockHD.exe,18704,0xB251BA8,DXGI,0,0,1,Hardware Composed: Independent Flip,2390.1976,NA,20.93420000000000,20.00860000000000,20.90490000000000,40.76760000000000,40.8140,2387.1701,23.9324,3.0275,20.9049,22.0832,21.7119,4.9107,16.8012,0.6914,2387.1701,NA,44.4684,NA
BioshockHD.exe,18704,0xB251BA8,DXGI,0,0,1,Hardware Composed: Independent Flip,2414.0290,NA,23.83140000000000,23.99900000000000,17.08180000000000,39.10740000000000,40.9816,2411.1025,20.0083,2.9265,17.0818,19.8627,22.1712,4.8991,17.2721,-0.0666,2411.1025,NA,42.4556,NA
BioshockHD.exe,18704,0xB251BA8,DXGI,0,0,1,Hardware Composed: Independent Flip,2434.3147,NA,20.28570000000000,20.50200000000000,20.85520000000000,41.18940000000000,41.1979,2431.1108,24.0591,3.2039,20.8552,22.0256,22.3677,4.9259,17.4418,-0.4937,2431.1108,NA,45.0034,NA
BioshockHD.exe,18704,0xB251BA8,DXGI,0,0,1,Hardware Composed: Independent Flip,2458.2275,NA,23.91280000000000,24.00700000000000,17.38690000000000,39.71510000000000,41.2921,2455.1699,20.4445,3.0576,17.3869,20.3342,22.4385,4.8939,17.5446,0.0521,2455.1699,NA,44.9973,NA
BioshockHD.exe,18704,0xB251BA8,DXGI,0,0,1,Hardware Composed: Independent Flip,2478.5964,NA,20.36890000000000,20.77430000000000,21.02240000000000,41.65960000000000,41.6975,2475.6144,24.0044,2.9820,21.0224,22.3282,22.3134,4.8816,17.4318,-0.3298,2475.6144,NA,45.7778,NA
BioshockHD.exe,18704,0xB251BA8,DXGI,0,0,1,Hardware Composed: Independent Flip,2502.5214,NA,23.92500000000000,24.04750000000000,17.88020000000000,39.88830000000000,41.8200,2499.6188,20.7828,2.9026,17.8802,20.6372,22.1537,4.9323,17.2214,-0.0431,2499.6188,NA,45.8305,NA
BioshockHD.exe,18704,0xB251BA8,DXGI,0,0,1,Hardware Composed: Independent Flip,2523.2920,NA,20.77060000000000,20.38120000000000,21.18790000000000,41.39180000000000,41.4306,2520.4016,24.0783,2.8904,21.1879,22.0081,22.2741,4.8512,17.4229,0.4016,2520.4016,NA,42.2030,NA
BioshockHD.exe,18704,0xB251BA8,DXGI,0,0,1,Hardware Composed: Independent Flip,2547.3740,NA,24.08200000000000,24.00710000000000,17.45380000000000,39.73470000000000,41.3557,2544.4799,20.3479,2.8941,17.4538,20.2039,22.4249,4.8724,17.5525,0.0712,2544.4799,NA,45.1735,NA
BioshockHD.exe,18704,0xB251BA8,DXGI,0,0,1,Hardware Composed: Independent Flip,2567.6709,NA,20.29690000000000,20.77890000000000,21.19720000000000,41.82870000000000,41.8377,2564.8278,24.0403,2.8431,21.1972,22.2809,22.3909,4.9086,17.4823,-0.4310,2564.8278,NA,47.9865,NA
BioshockHD.exe,18704,0xB251BA8,DXGI,0,0,1,Hardware Composed: Independent Flip,2591.9838,NA,24.31290000000000,23.99660000000000,17.62880000000000,39.54420000000000,41.5214,2588.8681,20.7445,3.1157,17.6288,20.6315,22.0284,4.8145,17.2139,0.0437,2588.8681,NA,42.9874,NA
BioshockHD.exe,18704,0xB251BA8,DXGI,0,0,1,Hardware Composed: Independent Flip,2612.3505,NA,20.36670000000000,19.99310000000000,21.26430000000000,41.13560000000000,41.1478,2609.6126,24.0022,2.7379,21.2643,21.9154,21.9581,5.2913,16.6668,0.7514,2609.6126,NA,45.9771,NA
BioshockHD.exe,18704,0xB251BA8,DXGI,0,0,1,Hardware Composed: Independent Flip,2637.0214,NA,24.67090000000000,24.03330000000000,16.58360000000000,38.98500000000000,40.5102,2633.6148,19.9902,3.4066,16.5836,19.8713,22.5203,4.9048,17.6155,-0.0311,2633.6148,NA,41.0057,NA
BioshockHD.exe,18704,0xB251BA8,DXGI,0,0,1,Hardware Composed: Independent Flip,2656.7012,NA,19.67980000000000,20.76080000000000,20.93140000000000,41.57900000000000,41.5912,2653.6050,24.0276,3.0962,20.9314,22.4014,22.2738,4.8879,17.3859,-0.7706,2653.6050,NA,46.7623,NA
BioshockHD.exe,18704,0xB251BA8,DXGI,0,0,1,Hardware Composed: Independent Flip,2680.6410,NA,23.93980000000000,24.02010000000000,17.77870000000000,39.79800000000000,41.6715,2677.6326,20.7871,3.0084,17.7787,20.6476,22.1588,4.8463,17.3125,0.0075,2677.6326,NA,42.7928,NA
BioshockHD.exe,18704,0xB251BA8,DXGI,0,0,1,Hardware Composed: Independent Flip,2701.4251,NA,20.78410000000000,20.69520000000000,21.02180000000000,41.54290000000000,41.5826,2698.4197,24.0272,3.0054,21.0218,22.0193,22.5290,4.8698,17.6592,0.0919,2698.4197,NA,43.4908,NA
BioshockHD.exe,18704,0xB251BA8,DXGI,0,0,1,Hardware Composed: Independent Flip,2725.3330,NA,23.90790000000000,24.00200000000000,17.81580000000000,39.76370000000000,41.6767,2722.4469,20.7019,2.8861,17.8158,20.5211,22.1287,4.8625,17.2662,0.0252,2722.4469,NA,42.4596,NA
BioshockHD.exe,18704,0xB251BA8,DXGI,0,0,1,Hardware Composed: Independent Flip,2746.0342,NA,20.70120000000000,20.38980000000000,21.12350000000000,41.31780000000001,41.3653,2743.1488,24.0089,2.8854,21.1235,21.9479,22.2553,4.8618,17.3935,0.3121,2743.1488,NA,44.8778,NA
BioshockHD.exe,18704,0xB251BA8,DXGI,0,0,1,Hardware Composed: Independent Flip,2769.9751,NA,23.94090000000000,23.99870000000000,17.52640000000000,39.44110000000000,41.4231,2767.1577,20.3438,2.8174,17.5264,20.1943,22.0642,4.8629,17.2013,0.0102,2767.1577,NA,41.8782,NA
BioshockHD.exe,18704,0xB251BA8,DXGI,0,0,1,Hardware Composed: Independent Flip,2790.3807,NA,20.40560000000000,20.39860000000000,21.14890000000000,41.40800000000000,41.4161,2787.5015,24.0281,2.8792,21.1489,21.9147,22.3725,4.9086,17.4639,-0.0548,2787.5015,NA,43.2468,NA
BioshockHD.exe,18704,0xB251BA8,DXGI,0,0,1,Hardware Composed: Independent Flip,2814.3367,NA,23.95600000000000,24.05400000000000,17.59460000000000,39.62910000000000,41.5141,2811.5296,20.4017,2.8071,17.5946,20.2591,22.1771,4.9150,17.2621,-0.0259,2811.5296,NA,43.3040,NA
BioshockHD.exe,18704,0xB251BA8,DXGI,0,0,1,Hardware Composed: Independent Flip,2834.7510,NA,20.41430000000000,20.41200000000000,21.23410000000000,41.50340000000000,41.5118,2831.9313,24.0538,2.8197,21.2341,22.0345,22.2886,4.8874,17.4012,-0.0103,2831.9313,NA,44.7351,NA
BioshockHD.exe,18704,0xB251BA8,DXGI,0,0,1,Hardware Composed: Independent Flip,2858.9768,NA,24.22580000000000,24.00480000000000,17.41690000000000,39.39470000000000,41.2908,2855.9851,20.4086,2.9917,17.4169,20.2693,22.1171,4.8208,17.2963,0.0490,2855.9851,NA,43.6639,NA
BioshockHD.exe,18704,0xB251BA8,DXGI,0,0,1,Hardware Composed: Independent Flip,2879.3782,NA,20.40140000000000,20.35310000000000,20.99290000000000,41.19570000000000,41.2425,2876.3937,23.9774,2.9845,20.9929,21.9778,22.2024,4.8292,17.3732,0.0555,2876.3937,NA,45.1080,NA
BioshockHD.exe,18704,0xB251BA8,DXGI,0,0,1,Hardware Composed: Independent Flip,2903.1283,NA,23.75010000000000,24.00520000000000,17.62540000000000,39.59610000000000,41.4976,2900.3711,20.3826,2.7572,17.6254,20.2028,22.1505,4.8563,17.2942,-0.0278,2900.3711,NA,42.1078,NA
BioshockHD.exe,18704,0xB251BA8,DXGI,0,0,1,Hardware Composed: Independent Flip,2923.5735,NA,20.44520000000000,20.34960000000000,21.18430000000000,41.36340000000000,41.4020,2920.7537,24.0041,2.8198,21.1843,21.9707,22.2125,4.8687,17.3438,0.0330,2920.7537,NA,43.4583,NA
BioshockHD.exe,18704,0xB251BA8,DXGI,0,0,1,Hardware Composed: Independent Flip,2947.8630,NA,24.28950000000000,24.00870000000000,17.25210000000000,39.29000000000000,41.1212,2944.7578,20.3573,3.1052,17.2521,20.1791,22.2161,4.8533,17.3628,-0.0046,2944.7578,NA,44.4678,NA
BioshockHD.exe,18704,0xB251BA8,DXGI,0,0,1,Hardware Composed: Independent Flip,2967.9224,NA,20.05940000000000,20.46280000000000,21.16990000000000,41.51550000000000,41.5246,2965.1151,23.9772,2.8073,21.1699,22.0379,22.2849,4.8951,17.3898,-0.1055,2965.1151,NA,46.9255,NA
BioshockHD.exe,18704,0xB251BA8,DXGI,0,0,1,Hardware Composed: Independent Flip,2992.0428,NA,24.12040000000000,24.00010000000000,17.50970000000000,39.44310000000000,41.4043,2989.0923,20.4602,2.9505,17.5097,20.3456,22.0480,4.8664,17.1816,-0.0229,2989.0923,NA,42.9302,NA
BioshockHD.exe,18704,0xB251BA8,DXGI,0,0,1,Hardware Composed: Independent Flip,3012.2431,NA,20.20030000000000,19.78770000000000,21.33730000000000,40.95420000000000,40.9917,3009.5525,24.0279,2.6906,21.3373,21.9334,21.7114,4.8542,16.8572,0.6725,3009.5525,NA,41.7151,NA
BioshockHD.exe,18704,0xB251BA8,DXGI,0,0,1,Hardware Composed: Independent Flip,3036.3317,NA,24.08860000000000,24.00420000000000,17.01090000000000,39.03170000000000,40.9073,3033.5804,19.7622,2.7513,17.0109,19.6169,22.1661,4.8564,17.3097,0.0237,3033.5804,NA,46.7287,NA
BioshockHD.exe,18704,0xB251BA8,DXGI,0,0,1,Hardware Composed: Independent Flip,3056.0079,NA,19.67620000000000,20.42670000000000,21.33230000000000,41.61820000000000,41.6578,3053.3426,23.9976,2.6653,21.3323,22.0208,22.2627,4.8500,17.4127,-0.6645,3053.3426,NA,45.1440,NA
BioshockHD.exe,18704,0xB251BA8,DXGI,0,0,1,Hardware Composed: Independent Flip,3080.3924,NA,24.38450000000000,24.00390000000000,17.38200000000000,39.31640000000000,41.2772,3077.3402,20.4342,3.0522,17.3820,20.2859,22.0827,4.8559,17.2268,-0.0063,3077.3402,NA,45.1234,NA
BioshockHD.exe,18704,0xB251BA8,DXGI,0,0,1,Hardware Composed: Independent Flip,3100.5985,NA,20.20610000000000,20.31570000000000,21.16390000000000,41.34710000000000,41.3868,3097.7744,23.9880,2.8241,21.1639,21.9344,22.2368,4.8603,17.3765,0.1185,3097.7744,NA,47.4350,NA
BioshockHD.exe,18704,0xB251BA8,DXGI,0,0,1,Hardware Composed: Independent Flip,3124.5444,NA,23.94590000000000,24.00610000000000,17.55190000000000,39.88290000000000,41.4470,3121.7624,20.3339,2.7820,17.5519,20.1832,22.4817,5.2352,17.2465,-0.0181,3121.7624,NA,45.4812,NA
BioshockHD.exe,18704,0xB251BA8,DXGI,0,0,1,Hardware Composed: Independent Flip,3144.9330,NA,20.38860000000000,21.04720000000000,21.14840000000000,42.06720000000000,42.1056,3142.0963,23.9851,2.8367,21.1484,22.3310,22.5729,4.8553,17.7176,-0.7133,3142.0963,NA,47.5252,NA
BioshockHD.exe,18704,0xB251BA8,DXGI,0,0,1,Hardware Composed: Independent Flip,3168.9587,NA,24.02570000000000,24.00380000000000,18.19440000000000,40.15290000000000,42.0837,3166.0814,21.0717,2.8773,18.1944,20.9188,22.1114,4.8873,17.2241,-0.0187,3166.0814,NA,46.5121,NA
BioshockHD.exe,18704,0xB251BA8,DXGI,0,0,1,Hardware Composed: Independent Flip,3189.8993,NA,20.94060000000000,20.31910000000000,21.24290000000000,41.42380000000000,41.4622,3187.1531,23.9891,2.7462,21.2429,21.9585,22.2115,4.8449,17.3666,0.7526,3187.1531,NA,45.8176,NA
BioshockHD.exe,18704,0xB251BA8,DXGI,0,0,1,Hardware Composed: Independent Flip,3213.8189,NA,23.91960000000000,24.00710000000000,17.64370000000000,39.68310000000000,41.5497,3211.1422,20.3204,2.6767,17.6437,20.1809,22.1789,4.8528,17.3261,-0.0180,3211.1422,NA,41.8482,NA
BioshockHD.exe,18704,0xB251BA8,DXGI,0,0,1,Hardware Composed: Independent Flip,3234.1567,NA,20.33780000000000,20.42560000000000,21.31700000000000,41.59940000000000,41.6375,3231.4626,24.0111,2.6941,21.3170,22.0394,22.2541,4.8341,17.4200,-0.1052,3231.4626,NA,42.2791,NA
BioshockHD.exe,18704,0xB251BA8,DXGI,0,0,1,Hardware Composed: Independent Flip,3258.2354,NA,24.07870000000000,24.01510000000000,17.66360000000000,39.66070000000000,41.5739,3255.4737,20.4253,2.7617,17.6636,20.2824,22.1400,4.8415,17.2985,-0.0040,3255.4737,NA,42.2925,NA
BioshockHD.exe,18704,0xB251BA8,DXGI,0,0,1,Hardware Composed: Independent Flip,3278.6231,NA,20.38770000000000,20.55570000000000,21.31770000000000,41.69410000000000,41.7419,3275.8990,24.0418,2.7241,21.3177,21.9971,22.4211,4.8577,17.5634,-0.1304,3275.8990,NA,47.8510,NA
BioshockHD.exe,18704,0xB251BA8,DXGI,0,0,1,Hardware Composed: Independent Flip,3303.0809,NA,24.45780000000000,23.99750000000000,17.38750000000000,39.35130000000000,41.2816,3299.9408,20.5276,3.1401,17.3875,20.3764,22.1150,4.8666,17.2484,0.0443,3299.9408,NA,44.8169,NA
BioshockHD.exe,18704,0xB251BA8,DXGI,0,0,1,Hardware Composed: Independent Flip,3323.1479,NA,20.06700000000000,19.71340000000000,21.31220000000000,40.89100000000001,40.9280,3320.4684,23.9917,2.6795,21.3122,21.9638,21.6067,4.8515,16.7552,0.8142,3320.4684,NA,41.5556,NA
BioshockHD.exe,18704,0xB251BA8,DXGI,0,0,1,Hardware Composed: Independent Flip,3347.1514,NA,24.00350000000000,24.00920000000000,17.02680000000000,39.11010000000000,40.9337,3344.4601,19.7181,2.6913,17.0268,19.5788,22.2226,4.8974,17.3252,-0.0175,3344.4601,NA,43.5670,NA
BioshockHD.exe,18704,0xB251BA8,DXGI,0,0,1,Hardware Composed: Independent Flip,3366.8316,NA,19.68020000000000,20.47810000000000,21.35420000000000,41.69200000000000,41.7316,3364.1782,24.0076,2.6534,21.3542,22.0833,22.2621,4.8518,17.4103,-0.7600,3364.1782,NA,42.0460,NA
BioshockHD.exe,18704,0xB251BA8,DXGI,0,0,1,Hardware Composed: Independent Flip,3390.6923,NA,23.86070000000000,24.01310000000000,18.04060000000000,39.99380000000000,41.8840,3388.1858,20.5471,2.5065,18.0406,20.3378,22.1625,4.8489,17.3136,-0.0055,3388.1858,NA,42.0596,NA
BioshockHD.exe,18704,0xB251BA8,DXGI,0,0,1,Hardware Composed: Independent Flip,3411.3641,NA,20.67180000000000,20.40830000000000,21.31500000000000,41.61110000000000,41.6205,3408.7329,23.9462,2.6312,21.3150,21.9532,22.2891,4.9087,17.3804,0.1388,3408.7329,NA,46.4328,NA
BioshockHD.exe,18704,0xB251BA8,DXGI,0,0,1,Hardware Composed: Independent Flip,3435.3644,NA,24.00030000000000,24.03140000000000,17.81010000000000,39.74610000000000,41.6516,3432.6791,20.4954,2.6853,17.8101,20.2961,22.1353,4.7606,17.3747,-0.0852,3432.6791,NA,43.4982,NA
BioshockHD.exe,18704,0xB251BA8,DXGI,0,0,1,Hardware Composed: Independent Flip,3455.9907,NA,20.62630000000000,20.25840000000000,21.12530000000000,41.24230000000000,41.2837,3453.1745,23.9415,2.8162,21.1253,21.9360,22.1225,4.8322,17.2903,0.2370,3453.1745,NA,45.7211,NA
BioshockHD.exe,18704,0xB251BA8,DXGI,0,0,1,Hardware Composed: Independent Flip,3479.6138,NA,23.62310000000000,24.00160000000000,17.76470000000000,39.85160000000000,41.6622,3477.1160,20.2625,2.4978,17.7647,20.1170,22.2324,4.8484,17.3840,-0.0601,3477.1160,NA,45.7656,NA
BioshockHD.exe,18704,0xB251BA8,DXGI,0,0,1,Hardware Composed: Independent Flip,3500.2561,NA,20.64230000000000,20.59190000000000,21.12300000000000,41.60210000000000,41.6118,3497.3785,24.0006,2.8776,21.1230,22.0869,22.3928,4.9117,17.4811,-0.3294,3497.3785,NA,49.2870,NA
BioshockHD.exe,18704,0xB251BA8,DXGI,0,0,1,Hardware Composed: Independent Flip,3523.9080,NA,23.65190000000000,24.00430000000000,18.06810000000000,40.06020000000000,41.9642,3521.3791,20.5970,2.5289,18.0681,20.4791,22.1100,4.8050,17.3050,-0.0037,3521.3791,NA,45.3293,NA
BioshockHD.exe,18704,0xB251BA8,DXGI,0,0,1,Hardware Composed: Independent Flip,3544.7161,NA,20.80810000000000,19.75520000000000,21.28450000000000,40.90190000000000,40.9113,3541.9761,24.0245,2.7400,21.2845,21.9921,21.6498,4.8825,16.7673,0.8418,3541.9761,NA,42.1072,NA
BioshockHD.exe,18704,0xB251BA8,DXGI,0,0,1,Hardware Composed: Independent Flip,3568.7719,NA,24.05580000000000,24.00530000000000,16.96620000000000,39.04010000000000,40.8608,3566.0006,19.7375,2.7713,16.9662,19.6174,22.1940,4.7991,17.3949,0.0192,3566.0006,NA,42.1100,NA
BioshockHD.exe,18704,0xB251BA8,DXGI,0,0,1,Hardware Composed: Independent Flip,3588.7681,NA,19.99620000000000,20.46990000000000,20.96400000000000,41.32290000000000,41.3345,3585.7381,23.9940,3.0300,20.9640,22.0739,22.2790,4.8634,17.4156,-0.7324,3585.7381,NA,43.5792,NA
BioshockHD.exe,18704,0xB251BA8,DXGI,0,0,1,Hardware Composed: Independent Flip,3612.0629,NA,23.29480000000000,23.47720000000000,18.15400000000000,40.16510000000000,41.5169,3609.7321,20.4848,2.3308,18.1540,20.3589,22.1370,4.8067,17.3303,0.5168,3609.7321,NA,NA,NA
BioshockHD.exe,18704,0xB251BA8,DXGI,0,0,1,Hardware Composed: Independent Flip,3632.8561,NA,20.79320000000000,20.81450000000000,20.82420000000000,41.48970000000000,41.5382,3630.2169,23.4634,2.6392,20.8242,22.0111,22.1178,5.1555,16.9623,-0.3297,3630.2169,NA,44.8772,NA
BioshockHD.exe,18704,0xB251BA8,DXGI,0,0,1,Hardware Composed: Independent Flip,3656.1890,NA,23.33290000000000,21.62470000000000,18.31060000000000,39.77940000000000,39.8300,3653.6803,20.8193,2.5087,18.3106,20.6655,21.6226,4.8137,16.8089,1.8387,3653.6803,NA,42.4800,NA
BioshockHD.exe,18704,0xB251BA8,DXGI,0,0,1,Hardware Composed: Independent Flip,3677.0119,NA,20.82290000000000,22.29610000000000,19.10280000000000,41.29320000000000,41.3032,3674.4996,21.6151,2.5123,19.1028,21.4688,22.3367,4.8602,17.4765,-1.4768,3674.4996,NA,42.7965,NA
BioshockHD.exe,18704,0xB251BA8,DXGI,0,0,1,Hardware Composed: Independent Flip,3698.5748,NA,21.56290000000000,22.49320000000000,19.84720000000000,41.87700000000000,42.2335,3696.1147,22.3073,2.4601,19.8472,22.1904,22.1467,4.8012,17.3455,-0.8781,3696.1147,NA,49.2642,NA
BioshockHD.exe,18704,0xB251BA8,DXGI,0,0,1,Hardware Composed: Independent Flip,3720.8691,NA,22.29430000000000,21.86710000000000,20.10080000000000,41.75850000000001,41.8063,3718.4220,22.5479,2.4471,20.1008,22.0298,22.1758,4.8141,17.3617,0.4402,3718.4220,NA,46.1257,NA
BioshockHD.exe,18704,0xB251BA8,DXGI,0,0,1,Hardware Composed: Independent Flip,3743.8301,NA,22.96100000000000,22.21330000000000,18.94940000000000,41.04600000000000,41.0586,3740.9699,21.8096,2.8602,18.9494,21.6577,22.2485,4.9010,17.3475,0.3346,3740.9699,NA,43.3657,NA
BioshockHD.exe,18704,0xB251BA8,DXGI,0,0,1,Hardware Composed: Independent Flip,3765.3765,NA,21.54640000000000,22.06180000000000,19.62040000000000,41.52630000000000,41.5740,3762.7795,22.2174,2.5970,19.6204,22.0966,22.0267,4.7338,17.2929,-0.2522,3762.7795,NA,42.4333,NA
BioshockHD.exe,18704,0xB251BA8,DXGI,0,0,1,Hardware Composed: Independent Flip,3787.7618,NA,22.38530000000000,22.13780000000000,19.32540000000000,41.31800000000000,41.3265,3784.9969,22.0903,2.7649,19.3254,21.9059,22.1770,4.8407,17.3363,0.0796,3784.9969,NA,45.5719,NA
BioshockHD.exe,18704,0xB251BA8,DXGI,0,0,1,Hardware Composed: Independent Flip,3809.6688,NA,21.90700000000000,22.07730000000000,19.55400000000000,41.43200000000000,41.4968,3807.0872,22.1356,2.5816,19.5540,21.9926,22.0210,4.7612,17.2598,0.0130,3807.0872,NA,43.6461,NA
BioshockHD.exe,18704,0xB251BA8,DXGI,0,0,1,Hardware Composed: Independent Flip,3831.6242,NA,21.95540000000000,21.97370000000000,19.66200000000000,41.46790000000000,41.5151,3829.2228,22.0634,2.4014,19.6620,21.8780,21.9913,4.7889,17.2024,0.1619,3829.2228,NA,44.6260,NA
BioshockHD.exe,18704,0xB251BA8,DXGI,0,0,1,Hardware Composed: Independent Flip,3853.7028,NA,22.07860000000000,21.63710000000000,19.54040000000000,40.97860000000000,41.0736,3851.2862,21.9570,2.4166,19.5404,21.8059,21.5893,4.8169,16.7724,0.4263,3851.2862,NA,41.2576,NA
BioshockHD.exe,18704,0xB251BA8,DXGI,0,0,1,Hardware Composed: Independent Flip,3875.5821,NA,21.87930000000000,22.05050000000000,19.28990000000000,41.23270000000000,41.2448,3873.2432,21.6288,2.3389,19.2899,21.4382,22.1334,4.8757,17.2577,-0.0935,3873.2432,NA,45.3137,NA
BioshockHD.exe,18704,0xB251BA8,DXGI,0,0,1,Hardware Composed: Independent Flip,3897.3316,NA,21.74950000000000,22.38910000000000,19.64120000000000,41.65370000000000,41.8844,3894.8720,22.1008,2.4596,19.6412,21.9428,22.1705,4.7994,17.3711,-0.7603,3894.8720,NA,46.6817,NA
BioshockHD.exe,18704,0xB251BA8,DXGI,0,0,1,Hardware Composed: Independent Flip,3919.5590,NA,22.22740000000000,21.85870000000000,19.81590000000000,41.50680000000001,41.5157,3916.9728,22.4021,2.5862,19.8159,22.0125,22.0805,4.7972,17.2833,0.2421,3916.9728,NA,57.5586,NA
BioshockHD.exe,18704,0xB251BA8,DXGI,0,0,1,Hardware Composed: Independent Flip,3942.0674,NA,22.50840000000000,21.63080000000000,19.14760000000000,40.57290000000000,40.6381,3939.3749,21.8401,2.6925,19.1476,21.6909,21.5745,4.7452,16.8293,0.7713,3939.3749,NA,41.1845,NA
BioshockHD.exe,18704,0xB251BA8,DXGI,0,0,1,Hardware Composed: Independent Flip,3963.8269,NA,21.75950000000000,21.54700000000000,18.97750000000000,40.37910000000000,40.4256,3961.2150,21.5894,2.6119,18.9775,21.4253,21.5657,4.8209,16.7448,0.2931,3961.2150,NA,40.7350,NA
BioshockHD.exe,18704,0xB251BA8,DXGI,0,0,1,Hardware Composed: Independent Flip,3985.2846,NA,21.45770000000000,22.46460000000000,19.07200000000000,41.25790000000000,41.4325,3982.8044,21.5522,2.4802,19.0720,21.4016,22.3365,4.7774,17.5591,-0.8752,3982.8044,NA,43.2002,NA
BioshockHD.exe,18704,0xB251BA8,DXGI,0,0,1,Hardware Composed: Independent Flip,4006.8669,NA,21.58230000000000,22.54600000000000,20.00520000000000,42.10900000000000,42.3962,4004.3566,22.5155,2.5103,20.0052,22.1859,22.4334,4.8295,17.6039,-0.9938,4004.3566,NA,42.7428,NA
BioshockHD.exe,18704,0xB251BA8,DXGI,0,0,1,Hardware Composed: Independent Flip,4029.6707,NA,22.80380000000000,21.84260000000000,19.69570000000000,41.38550000000000,41.4350,4026.8721,22.4943,2.7986,19.6957,22.1038,22.0803,4.7332,17.3471,0.6729,4026.8721,NA,56.5875,NA
BioshockHD.exe,18704,0xB251BA8,DXGI,0,0,1,Hardware Composed: Independent Flip,4052.0857,NA,22.41500000000000,21.38300000000000,19.13190000000000,40.39300000000000,40.4030,4049.3664,21.8512,2.7193,19.1319,21.6898,21.4225,4.8515,16.5710,1.1113,4049.3664,NA,42.9353,NA
BioshockHD.exe,18704,0xB251BA8,DXGI,0,0,1,Hardware Composed: Independent Flip,4073.8610,NA,21.77530000000000,21.95830000000000,18.73500000000000,40.51200000000000,40.5860,4071.2176,21.3784,2.6434,18.7350,21.2611,21.8943,4.7364,17.1579,-0.1071,4071.2176,NA,50.9373,NA
BioshockHD.exe,18704,0xB251BA8,DXGI,0,0,1,Hardware Composed: Independent Flip,4095.4746,NA,21.61360000000000,22.37750000000000,19.10410000000000,41.09630000000000,41.3499,4092.5960,21.9827,2.8786,19.1041,21.7770,22.1979,4.7941,17.4038,-0.9991,4092.5960,NA,47.2724,NA
BioshockHD.exe,18704,0xB251BA8,DXGI,0,0,1,Hardware Composed: Independent Flip,4117.1154,NA,21.64080000000000,21.87730000000000,19.89570000000000,41.53770000000000,41.5864,4114.5787,22.4324,2.5367,19.8957,21.9922,22.0822,4.7860,17.2962,0.1054,4114.5787,NA,45.1531,NA
BioshockHD.exe,18704,0xB251BA8,DXGI,0,0,1,Hardware Composed: Independent Flip,4139.5605,NA,22.44510000000000,21.66740000000000,19.24360000000000,40.76060000000000,40.8087,4137.0111,21.7930,2.5494,19.2436,21.6420,21.6680,4.7652,16.9028,0.7650,4137.0111,NA,NA,NA
BioshockHD.exe,18704,0xB251BA8,DXGI,0,0,1,Hardware Composed: Independent Flip,4161.4927,NA,21.93220000000000,22.15490000000000,19.01150000000000,41.01720000000000,41.0314,4158.8041,21.7001,2.6886,19.0115,21.5170,22.1888,4.4042,17.7846,-0.3619,4158.8041,NA,NA,NA
BioshockHD.exe,18704,0xB251BA8,DXGI,0,0,1,Hardware Composed: Independent Flip,4183.2137,NA,21.72100000000000,21.48760000000000,19.53580000000000,40.54180000000000,40.7980,4180.5042,22.2453,2.7095,19.5358,22.0057,21.2456,4.3430,16.9026,0.2125,4180.5042,NA,NA,NA
BioshockHD.exe,18704,0xB251BA8,DXGI,0,0,1,Hardware Composed: Independent Flip,4205.5652,NA,22.35150000000000,21.15850000000000,18.60710000000000,39.55430000000000,39.6050,4202.7495,21.4228,2.8157,18.6071,21.0060,21.3640,4.2813,17.0827,1.0868,4202.7495,NA,NA,NA
BioshockHD.exe,18704,0xB251BA8,DXGI,0,0,1,Hardware Composed: Independent Flip,4227.0914,NA,21.52620000000000,21.41250000000000,18.21260000000000,39.36510000000001,39.4913,4224.1723,21.1317,2.9191,18.2126,20.9472,21.3370,4.4379,16.8991,0.0103,4224.1723,NA,NA,NA
BioshockHD.exe,18704,0xB251BA8,DXGI,0,0,1,Hardware Composed: Independent Flip,4247.9934,NA,20.90200000000000,21.25920000000000,18.74820000000000,39.80110000000001,39.8485,4245.3040,21.4376,2.6894,18.7482,21.1525,21.3380,4.3064,17.0316,-0.1275,4245.3040,NA,NA,NA
BioshockHD.exe,18704,0xB251BA8,DXGI,0,0,1,Hardware Composed: Independent Flip,4269.3285,NA,21.33510000000000,21.35880000000000,18.61820000000000,39.82620000000000,39.8722,4266.7416,21.2051,2.5869,18.6182,21.0529,21.3602,4.3213,17.0389,0.0788,4266.7416,NA,NA,NA
BioshockHD.exe,18704,0xB251BA8,DXGI,0,0,1,Hardware Composed: Independent Flip,4290.4497,NA,21.12120000000000,21.29300000000000,18.87870000000000,39.99650000000000,40.0440,4287.9467,21.3817,2.5030,18.8787,21.2080,21.2915,4.3246,16.9669,-0.0879,4287.9467,NA,NA,NA
BioshockHD.exe,18704,0xB251BA8,DXGI,0,0,1,Hardware Composed: Independent Flip,4312.2284,NA,21.77870000000000,21.37940000000000,18.40040000000000,39.63500000000001,39.6447,4309.3284,21.3004,2.9000,18.4004,21.1178,21.4172,4.3707,17.0465,0.0023,4309.3284,NA,NA,NA
BioshockHD.exe,18704,0xB251BA8,DXGI,0,0,1,Hardware Composed: Independent Flip,4333.3001,NA,21.07170000000000,21.32260000000000,18.71520000000000,39.88560000000000,39.8956,4330.6288,21.3865,2.6713,18.7152,21.2346,21.3223,4.3158,17.0065,-0.0222,4330.6288,NA,57.6507,NA
BioshockHD.exe,18704,0xB251BA8,DXGI,0,0,1,Hardware Composed: Independent Flip,4354.6655,NA,21.36540000000000,21.70850000000000,18.67830000000000,40.19760000000000,40.2387,4352.0153,21.3285,2.6502,18.6783,21.1704,21.6774,4.7433,16.9341,-0.3220,4352.0153,NA,56.3535,NA
BioshockHD.exe,18704,0xB251BA8,DXGI,0,0,1,Hardware Composed: Independent Flip,4376.0770,NA,21.41150000000000,22.15580000000000,18.97940000000000,40.93330000000000,40.9830,4373.3438,21.7126,2.7332,18.9794,21.5193,22.1472,4.7667,17.3805,-0.8273,4373.3438,NA,53.5375,NA
BioshockHD.exe,18704,0xB251BA8,DXGI,0,0,1,Hardware Composed: Independent Flip,4397.5038,NA,21.42680000000000,22.30370000000000,19.65490000000000,41.66270000000000,41.8599,4395.0564,22.1023,2.4474,19.6549,21.9539,22.1562,4.8086,17.3476,-0.5911,4395.0564,NA,51.8372,NA
BioshockHD.exe,18704,0xB251BA8,DXGI,0,0,1,Hardware Composed: Independent Flip,4419.7125,NA,22.20870000000000,21.98150000000000,19.74200000000000,41.62390000000000,41.6327,4417.1587,22.2958,2.5538,19.7420,22.0078,22.1699,4.8380,17.3319,0.1208,4417.1587,NA,41.8215,NA
BioshockHD.exe,18704,0xB251BA8,DXGI,0,0,1,Hardware Composed: Independent Flip,4442.0297,NA,22.31720000000000,22.11280000000000,19.41940000000000,41.37990000000000,41.4283,4439.4545,21.9946,2.5752,19.4194,21.8819,22.0732,4.7482,17.3250,0.1830,4439.4545,NA,47.9395,NA
BioshockHD.exe,18704,0xB251BA8,DXGI,0,0,1,Hardware Composed: Independent Flip,4464.2042,NA,22.17450000000000,22.17450000000000,19.35480000000000,41.38060000000000,41.4283,4461.4491,22.1099,2.7551,19.3548,21.9605,22.1752,4.7902,17.3850,-0.1799,4461.4491,NA,49.1113,NA
BioshockHD.exe,18704,0xB251BA8,DXGI,0,0,1,Hardware Composed: Independent Flip,4486.2598,NA,22.05560000000000,22.13540000000000,19.50650000000000,41.45030000000000,41.5081,4483.5590,22.2073,2.7008,19.5065,22.0258,22.1253,4.7818,17.3435,-0.0255,4483.5590,NA,44.1911,NA
BioshockHD.exe,18704,0xB251BA8,DXGI,0,0,1,Hardware Composed: Independent Flip,4508.2271,NA,21.96730000000000,22.05890000000000,19.66920000000000,41.55260000000001,41.5997,4505.7663,22.1300,2.4608,19.6692,21.9438,22.0696,4.7819,17.2877,0.1484,4505.7663,NA,46.3131,NA
BioshockHD.exe,18704,0xB251BA8,DXGI,0,0,1,Hardware Composed: Independent Flip,4530.3908,NA,22.16370000000000,22.29500000000000,19.54260000000000,41.72250000000000,41.7310,4527.8963,22.0371,2.4945,19.5426,21.8834,22.3336,4.8599,17.4737,-0.1650,4527.8963,NA,46.6044,NA
BioshockHD.exe,18704,0xB251BA8,DXGI,0,0,1,Hardware Composed: Independent Flip,4552.3778,NA,21.98700000000000,22.29860000000000,19.93650000000000,42.03400000000000,42.0426,4549.9334,22.3809,2.4444,19.9365,22.1799,22.2985,4.7299,17.5686,-0.2615,4549.9334,NA,43.9024,NA
BioshockHD.exe,18704,0xB251BA8,DXGI,0,0,1,Hardware Composed: Independent Flip,4574.7013,NA,22.32350000000000,22.04010000000000,19.82640000000000,41.74310000000001,41.7592,4572.3143,22.2134,2.3870,19.8264,22.0975,22.0326,4.8383,17.1943,0.3408,4572.3143,NA,42.9061,NA
BioshockHD.exe,18704,0xB251BA8,DXGI,0,0,1,Hardware Composed: Independent Flip,4596.9156,NA,22.21430000000000,22.37410000000000,19.65250000000000,41.90950000000000,41.9190,4594.5277,22.0404,2.3879,19.6525,21.9167,22.3807,4.7785,17.6022,-0.1607,4594.5277,NA,54.3124,NA
BioshockHD.exe,18704,0xB251BA8,DXGI,0,0,1,Hardware Composed: Independent Flip,4619.1037,NA,22.18810000000000,22.31370000000000,19.87830000000000,41.85750000000000,42.0446,4616.5681,22.4139,2.5356,19.8783,22.2570,22.1361,4.7825,17.3536,-0.2733,4616.5681,NA,48.6311,NA
BioshockHD.exe,18704,0xB251BA8,DXGI,0,0,1,Hardware Composed: Independent Flip,4641.6776,NA,22.57390000000000,22.30790000000000,19.56880000000000,41.76840000000000,41.7786,4638.9820,22.2644,2.6956,19.5688,21.9792,22.4848,5.2190,17.2658,0.1060,4638.9820,NA,50.9446,NA
BioshockHD.exe,18704,0xB251BA8,DXGI,0,0,1,Hardware Composed: Independent Flip,4664.0612,NA,22.38360000000000,22.56420000000000,19.50620000000000,41.76560000000000,41.9592,4661.2464,22.3210,2.8148,19.5062,22.1996,22.3808,4.7499,17.6309,-0.2998,4661.2464,NA,52.4322,NA
BioshockHD.exe,18704,0xB251BA8,DXGI,0,0,1,Hardware Composed: Independent Flip,4686.1852,NA,22.12400000000000,21.87610000000000,19.94590000000000,41.66210000000000,41.7113,4683.5674,22.5637,2.6178,19.9459,22.2594,22.0205,4.8094,17.2111,0.4449,4683.5674,NA,42.3749,NA
BioshockHD.exe,18704,0xB251BA8,DXGI,0,0,1,Hardware Composed: Independent Flip,4708.7171,NA,22.53190000000000,22.07520000000000,19.28650000000000,41.24490000000000,41.2546,4706.1311,21.8725,2.5860,19.2865,21.7162,22.1147,4.8214,17.2933,0.4885,4706.1311,NA,42.4547,NA
BioshockHD.exe,18704,0xB251BA8,DXGI,0,0,1,Hardware Composed: Independent Flip,4730.5807,NA,21.86360000000000,22.19280000000000,19.49380000000000,41.40010000000000,41.5838,4728.0036,22.0709,2.5771,19.4938,21.9584,22.0188,4.7455,17.2733,-0.3203,4728.0036,NA,45.6495,NA
BioshockHD.exe,18704,0xB251BA8,DXGI,0,0,1,Hardware Composed: Independent Flip,4752.6693,NA,22.08860000000000,21.92730000000000,19.62380000000000,41.41320000000000,41.4225,4750.0745,22.2186,2.5948,19.6238,21.9063,22.1017,4.8627,17.2390,0.1436,4750.0745,NA,46.5730,NA
BioshockHD.exe,18704,0xB251BA8,DXGI,0,0,1,Hardware Composed: Independent Flip,4774.8862,NA,22.21690000000000,22.19150000000000,19.30900000000000,41.22900000000000,41.3971,4772.2931,21.9021,2.5931,19.3090,21.7894,22.0327,4.7726,17.2601,0.0271,4772.2931,NA,43.7647,NA
BioshockHD.exe,18704,0xB251BA8,DXGI,0,0,1,Hardware Composed: Independent Flip,4796.7540,NA,21.86780000000000,22.05590000000000,19.67860000000000,41.57530000000000,41.5852,4794.1952,22.2374,2.5588,19.6786,21.9200,22.2141,4.8345,17.3796,-0.1538,4794.1952,NA,48.8237,NA
BioshockHD.exe,18704,0xB251BA8,DXGI,0,0,1,Hardware Composed: Independent Flip,4819.1568,NA,22.40280000000000,22.02160000000000,19.29300000000000,41.15500000000000,41.2040,4816.4326,22.0172,2.7242,19.2930,21.8967,21.9825,4.7601,17.2224,0.2158,4816.4326,NA,43.8045,NA
BioshockHD.exe,18704,0xB251BA8,DXGI,0,0,1,Hardware Composed: Independent Flip,4841.0322,NA,21.87540000000000,22.04880000000000,19.43220000000000,41.36690000000000,41.3774,4838.4498,22.0146,2.5824,19.4322,21.8620,22.0873,4.8362,17.2511,-0.0316,4838.4498,NA,42.8945,NA
BioshockHD.exe,18704,0xB251BA8,DXGI,0,0,1,Hardware Composed: Independent Flip,4862.8972,NA,21.86500000000000,22.30570000000000,19.64930000000000,41.71170000000000,41.8181,4860.4644,22.0821,2.4328,19.6493,21.9347,22.2098,4.8373,17.3725,-0.2911,4860.4644,NA,44.2008,NA
BioshockHD.exe,18704,0xB251BA8,DXGI,0,0,1,Hardware Composed: Independent Flip,4885.1438,NA,22.24660000000000,22.22960000000000,19.67970000000000,41.73900000000000,41.8011,4882.5465,22.2770,2.5973,19.6797,22.0624,22.2739,4.7313,17.5426,-0.1475,4882.5465,NA,42.4238,NA
BioshockHD.exe,18704,0xB251BA8,DXGI,0,0,1,Hardware Composed: Independent Flip,4907.5555,NA,22.41170000000000,22.09630000000000,19.48500000000000,41.47630000000000,41.4857,4904.8235,22.2170,2.7320,19.4850,22.0593,22.1490,4.8215,17.3275,0.1807,4904.8235,NA,43.5248,NA
BioshockHD.exe,18704,0xB251BA8,DXGI,0,0,1,Hardware Composed: Independent Flip,4929.6453,NA,22.08980000000000,21.36610000000000,19.50160000000000,40.71470000000000,40.7620,4927.0405,22.1064,2.6048,19.5016,21.9913,21.3282,4.7979,16.5303,0.8509,4927.0405,NA,41.8873,NA
BioshockHD.exe,18704,0xB251BA8,DXGI,0,0,1,Hardware Composed: Independent Flip,4951.7874,NA,22.14210000000000,22.12410000000000,18.72440000000000,40.67450000000000,40.7440,4949.1469,21.3649,2.6405,18.7244,21.2131,22.1019,4.8235,17.2784,-0.0177,4949.1469,NA,42.0119,NA
BioshockHD.exe,18704,0xB251BA8,DXGI,0,0,1,Hardware Composed: Independent Flip,4973.1065,NA,21.31910000000000,22.34880000000000,19.56380000000000,41.44810000000000,41.7737,4970.5118,22.1585,2.5947,19.5638,21.9501,22.0927,4.8000,17.2927,-0.9839,4970.5118,NA,47.3615,NA
BioshockHD.exe,18704,0xB251BA8,DXGI,0,0,1,Hardware Composed: Independent Flip,4995.3184,NA,22.21190000000000,21.78570000000000,19.68910000000000,41.30030000000000,41.3475,4992.6703,22.3372,2.6481,19.6891,21.8843,22.0641,4.8311,17.2330,0.3728,4992.6703,NA,NA,NA
BioshockHD.exe,18704,0xB251BA8,DXGI,0,0,1,Hardware Composed: Independent Flip,5018.2096,NA,22.89120000000000,21.06950000000000,18.55240000000000,39.51690000000000,39.5258,5015.0075,21.7545,3.2021,18.5524,21.6112,21.1078,4.4048,16.7030,1.2677,5015.0075,NA,43.1449,NA
BioshockHD.exe,18704,0xB251BA8,DXGI,0,0,1,Hardware Composed: Independent Flip,5039.2441,NA,21.03450000000000,21.47780000000000,18.64460000000000,39.95950000000000,39.9691,5036.7620,21.1267,2.4821,18.6446,20.9645,21.4771,4.8679,16.6092,0.2767,5036.7620,NA,54.6690,NA
BioshockHD.exe,18704,0xB251BA8,DXGI,0,0,1,Hardware Composed: Independent Flip,5060.3899,NA,21.14580000000000,22.37890000000000,19.03090000000000,40.97070000000000,41.2022,5057.8887,21.5321,2.5012,19.0309,21.3149,22.1570,4.8139,17.3431,-1.2522,5057.8887,NA,60.9809,NA
BioshockHD.exe,18704,0xB251BA8,DXGI,0,0,1,Hardware Composed: Independent Flip,5082.0099,NA,21.62000000000000,22.09700000000000,19.67740000000000,41.66700000000000,41.6792,5079.4208,22.2665,2.5891,19.6774,21.9398,22.3163,4.9012,17.4151,-0.5649,5079.4208,NA,NA,NA
BioshockHD.exe,18704,0xB251BA8,DXGI,0,0,1,Hardware Composed: Independent Flip,5104.2940,NA,22.28410000000000,21.65980000000000,19.49340000000000,40.97420000000000,41.0549,5101.6873,22.1001,2.6067,19.4934,21.9896,21.5913,4.3362,17.2551,0.6067,5101.6873,NA,44.8380,NA
BioshockHD.exe,18704,0xB251BA8,DXGI,0,0,1,Hardware Composed: Independent Flip,5126.4897,NA,22.19570000000000,21.59350000000000,18.96040000000000,40.44360000000000,40.4527,5123.7874,21.6627,2.7023,18.9604,21.4808,21.6651,4.8735,16.7916,0.5066,5123.7874,NA,48.4214,NA
BioshockHD.exe,18704,0xB251BA8,DXGI,0,0,1,Hardware Composed: Independent Flip,5148.1578,NA,21.66810000000000,22.20380000000000,18.95820000000000,40.94620000000000,40.9884,5145.4501,21.6659,2.7077,18.9582,21.4832,22.1707,4.7672,17.4035,-0.5411,5145.4501,NA,45.6009,NA
BioshockHD.exe,18704,0xB251BA8,DXGI,0,0,1,Hardware Composed: Independent Flip,5169.8863,NA,21.72850000000000,22.82920000000000,19.36140000000000,42.07980000000000,42.0891,5167.1160,22.1317,2.7703,19.3614,21.9880,22.8621,4.8482,18.0139,-1.1633,5167.1160,NA,56.4574,NA
BioshockHD.exe,18704,0xB251BA8,DXGI,0,0,1,Hardware Composed: Independent Flip,5191.7171,NA,21.83080000000000,22.35340000000000,20.36930000000000,42.27460000000000,42.6117,5189.2477,22.8387,2.4694,20.3693,22.7184,22.0256,4.7669,17.2587,-0.2217,5189.2477,NA,50.7432,NA
BioshockHD.exe,18704,0xB251BA8,DXGI,0,0,1,Hardware Composed: Independent Flip,5214.6298,NA,22.91270000000000,21.03990000000000,19.86550000000000,40.69110000000000,40.7389,5212.0864,22.4089,2.5434,19.8655,21.9053,21.3292,4.8127,16.5165,1.7988,5212.0864,NA,NA,NA
BioshockHD.exe,18704,0xB251BA8,DXGI,0,0,1,Hardware Composed: Independent Flip,5237.4638,NA,22.83400000000000,21.72630000000000,18.00990000000000,39.62240000000000,39.6312,5234.4953,20.9784,2.9685,18.0099,20.8256,21.7653,4.3892,17.3761,0.6826,5234.4953,NA,43.5800,NA
BioshockHD.exe,18704,0xB251BA8,DXGI,0,0,1,Hardware Composed: Independent Flip,5258.0251,NA,20.56130000000000,22.01520000000000,19.17770000000000,40.73780000000000,41.0851,5255.4737,21.7291,2.5514,19.1777,21.6125,21.6767,4.7753,16.9014,-1.0368,5255.4737,NA,46.5933,NA
BioshockHD.exe,18704,0xB251BA8,DXGI,0,0,1,Hardware Composed: Independent Flip,5279.9114,NA,21.88630000000000,21.97680000000000,19.29500000000000,41.12550000000000,41.1756,5277.2028,22.0036,2.7086,19.2950,21.5601,22.2740,4.8521,17.4219,-0.2477,5277.2028,NA,44.5462,NA
BioshockHD.exe,18704,0xB251BA8,DXGI,0,0,1,Hardware Composed: Independent Flip,5301.6031,NA,21.69170000000000,22.29840000000000,19.61200000000000,41.58430000000000,41.7823,5299.2064,22.0087,2.3967,19.6120,21.8305,22.1505,4.8152,17.3353,-0.2948,5299.2064,NA,43.8728,NA
BioshockHD.exe,18704,0xB251BA8,DXGI,0,0,1,Hardware Composed: Independent Flip,5323.7869,NA,22.18380000000000,21.97630000000000,19.70030000000000,41.56520000000000,41.5748,5321.2151,22.2721,2.5718,19.7003,21.9723,22.1647,4.8873,17.2774,0.0324,5321.2151,NA,46.8459,NA
BioshockHD.exe,18704,0xB251BA8,DXGI,0,0,1,Hardware Composed: Independent Flip,5346.1980,NA,22.41110000000000,22.26010000000000,19.31200000000000,41.38010000000000,41.4238,5343.4872,22.0228,2.7108,19.3120,21.8649,22.2260,4.8469,17.3791,0.0120,5343.4872,NA,43.1050,NA
BioshockHD.exe,18704,0xB251BA8,DXGI,0,0,1,Hardware Composed: Independent Flip,5368.1914,NA,21.99340000000000,22.04800000000000,19.58280000000000,41.32380000000000,41.4784,5365.5100,22.2642,2.6814,19.5828,22.0681,21.9371,4.7783,17.1588,-0.0252,5365.5100,NA,47.1474,NA
BioshockHD.exe,18704,0xB251BA8,DXGI,0,0,1,Hardware Composed: Independent Flip,5390.9815,NA,22.79010000000000,21.55510000000000,18.88790000000000,40.23450000000000,40.2434,5387.7742,22.0952,3.2073,18.8879,21.7410,21.7008,4.9078,16.7930,0.7091,5387.7742,NA,40.7093,NA
BioshockHD.exe,18704,0xB251BA8,DXGI,0,0,1,Hardware Composed: Independent Flip,5412.7583,NA,21.77680000000000,22.44600000000000,18.61130000000000,40.86710000000000,40.9126,5409.8694,21.5002,2.8889,18.6113,21.3466,22.4094,4.9810,17.4284,-0.3508,5409.8694,NA,44.1186,NA
BioshockHD.exe,18704,0xB251BA8,DXGI,0,0,1,Hardware Composed: Independent Flip,5434.3944,NA,21.63610000000000,22.28710000000000,19.39450000000000,41.41770000000000,41.5636,5431.3696,22.4193,3.0248,19.3945,22.2558,22.1867,4.8284,17.3583,-0.7869,5431.3696,NA,46.4454,NA
BioshockHD.exe,18704,0xB251BA8,DXGI,0,0,1,Hardware Composed: Independent Flip,5456.4151,NA,22.02070000000000,21.97790000000000,19.72600000000000,41.51200000000000,41.5208,5453.7889,22.3522,2.6262,19.7260,22.0232,22.1150,4.8705,17.2445,0.4414,5453.7889,NA,58.4195,NA
BioshockHD.exe,18704,0xB251BA8,DXGI,0,0,1,Hardware Composed: Independent Flip,5478.9654,NA,22.55030000000000,22.29080000000000,19.14860000000000,41.06070000000000,41.2613,5476.1411,21.9729,2.8243,19.1486,21.7860,22.0990,4.7811,17.3179,0.0614,5476.1411,NA,63.6756,NA
BioshockHD.exe,18704,0xB251BA8,DXGI,0,0,1,Hardware Composed: Independent Flip,5500.7302,NA,21.76480000000000,22.02930000000000,19.64130000000000,41.48450000000000,41.5258,5498.1140,22.2575,2.6162,19.6413,21.9121,22.1886,4.8536,17.3350,-0.0564,5498.1140,NA,46.7423,NA
BioshockHD.exe,18704,0xB251BA8,DXGI,0,0,1,Hardware Composed: Independent Flip,5522.9337,NA,22.20350000000000,22.10710000000000,19.47390000000000,41.37660000000000,41.4294,5520.3715,22.0361,2.5622,19.4739,21.8432,22.0956,4.8222,17.2734,0.1504,5520.3715,NA,50.8490,NA
BioshockHD.exe,18704,0xB251BA8,DXGI,0,0,1,Hardware Composed: Independent Flip,5545.0747,NA,22.14100000000000,22.20030000000000,19.38680000000000,41.47610000000000,41.4887,5542.4076,22.0539,2.6671,19.3868,21.9027,22.2405,4.9518,17.2887,-0.1642,5542.4076,NA,52.0484,NA
BioshockHD.exe,18704,0xB251BA8,DXGI,0,0,1,Hardware Composed: Independent Flip,5567.0557,NA,21.98100000000000,22.46400000000000,19.64570000000000,41.96270000000001,41.9717,5564.4615,22.2399,2.5942,19.6457,22.0893,22.4676,4.8405,17.6271,-0.4101,5564.4615,NA,59.5094,NA
BioshockHD.exe,18704,0xB251BA8,DXGI,0,0,1,Hardware Composed: Independent Flip,5589.3513,NA,22.29560000000000,22.45220000000000,19.78340000000000,41.98420000000000,42.1283,5586.7014,22.4333,2.6499,19.7834,22.3170,22.3171,4.8176,17.4995,-0.2123,5586.7014,NA,57.9604,NA
BioshockHD.exe,18704,0xB251BA8,DXGI,0,0,1,Hardware Composed: Independent Flip,5611.6497,NA,22.29840000000000,22.12010000000000,19.93130000000000,41.90980000000000,41.9500,5609.1347,22.4463,2.5150,19.9313,22.2008,22.2240,4.8655,17.3585,0.3132,5609.1347,NA,44.0855,NA
BioshockHD.exe,18704,0xB251BA8,DXGI,0,0,1,Hardware Composed: Independent Flip,5634.7682,NA,23.11850000000000,22.38460000000000,18.95670000000000,41.17660000000000,41.2161,5631.5810,22.1439,3.1872,18.9567,21.9785,22.3853,4.8610,17.5243,0.0617,5631.5810,NA,45.4753,NA
BioshockHD.exe,18704,0xB251BA8,DXGI,0,0,1,Hardware Composed: Independent Flip,5656.4951,NA,21.72690000000000,22.53260000000000,19.60140000000000,41.97990000000000,42.0218,5653.7249,22.3716,2.7702,19.6014,22.2199,22.5302,5.2152,17.3150,-0.3887,5653.7249,NA,44.8891,NA
BioshockHD.exe,18704,0xB251BA8,DXGI,0,0,1,Hardware Composed: Independent Flip,5678.5975,NA,22.10240000000000,22.63440000000000,20.09790000000000,42.47860000000000,42.5538,5676.0965,22.5989,2.5010,20.0979,22.3785,22.6011,4.8631,17.7380,-0.2628,5676.0965,NA,53.6372,NA
BioshockHD.exe,18704,0xB251BA8,DXGI,0,0,1,Hardware Composed: Independent Flip,5701.3272,NA,22.72970000000000,22.05800000000000,19.92810000000000,41.84250000000000,41.8821,5698.6954,22.5599,2.6318,19.9281,22.3807,22.0936,4.8293,17.2643,0.5409,5698.6954,NA,47.6930,NA
BioshockHD.exe,18704,0xB251BA8,DXGI,0,0,1,Hardware Composed: Independent Flip,5723.8393,NA,22.51210000000000,21.61700000000000,19.51550000000000,40.94910000000000,40.9870,5721.2553,22.0995,2.5840,19.5155,21.9144,21.6187,4.8662,16.7525,0.9429,5721.2553,NA,46.2754,NA
BioshockHD.exe,18704,0xB251BA8,DXGI,0,0,1,Hardware Composed: Independent Flip,5746.0178,NA,22.17850000000000,22.65030000000000,18.94780000000000,41.25100000000000,41.4588,5743.3548,21.6108,2.6630,18.9478,21.4336,22.4804,5.0987,17.3817,-0.5508,5743.3548,NA,41.9568,NA
BioshockHD.exe,18704,0xB251BA8,DXGI,0,0,1,Hardware Composed: Independent Flip,5767.6686,NA,21.65080000000000,22.19570000000000,19.90910000000000,41.71130000000000,42.0037,5764.9656,22.6121,2.7030,19.9091,22.3032,22.1111,4.7729,17.3382,-0.5849,5764.9656,NA,NA,NA
BioshockHD.exe,18704,0xB251BA8,DXGI,0,0,1,Hardware Composed: Independent Flip,5790.4643,NA,22.79570000000000,21.32200000000000,19.36880000000000,40.49140000000000,40.5300,5787.5777,22.2554,2.8866,19.3688,21.8022,21.5758,4.9887,16.5871,1.2901,5787.5777,NA,44.4682,NA
BioshockHD.exe,18704,0xB251BA8,DXGI,0,0,1,Hardware Composed: Independent Flip,5812.7409,NA,22.27660000000000,22.23960000000000,18.42480000000000,40.48250000000000,40.4930,5809.8331,21.3326,2.9078,18.4248,21.1226,22.2677,4.9494,17.3183,0.0158,5809.8331,NA,NA,NA
BioshockHD.exe,18704,0xB251BA8,DXGI,0,0,1,Hardware Composed: Independent Flip,5833.9719,NA,21.23100000000000,21.86730000000000,19.37200000000000,40.94460000000000,41.1293,5831.1657,22.1782,2.8062,19.3720,22.0577,21.6931,4.3821,17.3110,-0.5347,5831.1657,NA,43.5517,NA
BioshockHD.exe,18704,0xB251BA8,DXGI,0,0,1,Hardware Composed: Independent Flip,5856.0419,NA,22.07000000000000,21.54700000000000,19.15670000000000,40.59740000000000,40.6063,5853.3439,21.8547,2.6980,19.1567,21.5726,21.7228,4.9985,16.7243,0.6312,5853.3439,NA,42.1329,NA
BioshockHD.exe,18704,0xB251BA8,DXGI,0,0,1,Hardware Composed: Independent Flip,5877.8944,NA,21.85250000000000,22.54390000000000,18.85150000000000,40.93720000000000,41.2977,5875.1986,21.5473,2.6958,18.8515,21.4407,22.1923,4.8112,17.3811,-0.6892,5875.1986,NA,41.6764,NA
BioshockHD.exe,18704,0xB251BA8,DXGI,0,0,1,Hardware Composed: Independent Flip,5899.1800,NA,21.28560000000000,21.97730000000000,20.10640000000000,41.86500000000000,41.9894,5896.7459,22.5405,2.4341,20.1064,22.0857,22.2134,4.8663,17.3471,-0.4300,5896.7459,NA,45.6503,NA
BioshockHD.exe,18704,0xB251BA8,DXGI,0,0,1,Hardware Composed: Independent Flip,5922.1652,NA,22.98520000000000,22.01120000000000,19.10380000000000,40.97580000000000,41.0154,5919.2864,21.9826,2.8788,19.1038,21.7586,22.0960,4.8806,17.2154,0.5293,5919.2864,NA,41.6617,NA
BioshockHD.exe,18704,0xB251BA8,DXGI,0,0,1,Hardware Composed: Independent Flip,5943.9339,NA,21.76870000000000,22.31640000000000,19.35060000000000,41.40540000000000,41.5631,5941.2690,22.0155,2.6649,19.3506,21.8720,22.1983,4.8599,17.3384,-0.3338,5941.2690,NA,43.9738,NA
BioshockHD.exe,18704,0xB251BA8,DXGI,0,0,1,Hardware Composed: Independent Flip,5965.8081,NA,21.87420000000000,22.26490000000000,19.79350000000000,41.91410000000000,41.9538,5963.2845,22.3171,2.5236,19.7935,22.0548,22.3829,5.0363,17.3466,-0.2494,5963.2845,NA,44.2464,NA
BioshockHD.exe,18704,0xB251BA8,DXGI,0,0,1,Hardware Composed: Independent Flip,5988.4467,NA,22.63860000000000,22.25060000000000,19.45610000000000,41.43880000000000,41.5658,5985.6016,22.3012,2.8451,19.4561,22.1206,22.1633,4.8650,17.2983,0.0665,5985.6016,NA,43.4892,NA
BioshockHD.exe,18704,0xB251BA8,DXGI,0,0,1,Hardware Composed: Independent Flip,6010.6416,NA,22.19490000000000,21.95950000000000,19.46680000000000,41.29050000000000,41.3304,6007.9028,22.2056,2.7388,19.4668,21.9827,22.0466,4.8663,17.1803,0.3417,6007.9028,NA,49.4554,NA
BioshockHD.exe,18704,0xB251BA8,DXGI,0,0,1,Hardware Composed: Independent Flip,6032.7665,NA,22.12490000000000,21.74890000000000,19.31980000000000,40.91310000000000,40.9544,6030.1084,21.9779,2.6581,19.3198,21.8237,21.7475,4.8507,16.8968,0.4567,6030.1084,NA,43.2079,NA
BioshockHD.exe,18704,0xB251BA8,DXGI,0,0,1,Hardware Composed: Independent Flip,6054.8877,NA,22.12120000000000,22.19890000000000,18.93690000000000,40.99280000000000,41.0321,6052.0863,21.7383,2.8014,18.9369,21.5933,22.2009,4.8618,17.3391,-0.2210,6052.0863,NA,42.4014,NA
BioshockHD.exe,18704,0xB251BA8,DXGI,0,0,1,Hardware Composed: Independent Flip,6076.5948,NA,21.70710000000000,22.80050000000000,19.44960000000000,41.92940000000000,42.1255,6073.8246,22.2198,2.7702,19.4496,22.0559,22.6437,5.2049,17.4388,-1.0622,6073.8246,NA,46.2090,NA
BioshockHD.exe,18704,0xB251BA8,DXGI,0,0,1,Hardware Composed: Independent Flip,6099.2812,NA,22.68640000000000,22.16870000000000,19.59120000000000,41.59580000000000,41.6078,6096.0444,22.8280,3.2368,19.5912,22.4798,22.3528,4.9112,17.4416,0.0511,6096.0444,NA,NA,NA
BioshockHD.exe,18704,0xB251BA8,DXGI,0,0,1,Hardware Composed: Independent Flip,6121.9777,NA,22.69650000000000,21.86850000000000,19.06680000000000,40.76870000000000,40.7798,6118.8724,22.1721,3.1053,19.0668,22.0046,21.8694,4.3921,17.4773,0.9595,6118.8724,NA,42.1960,NA
BioshockHD.exe,18704,0xB251BA8,DXGI,0,0,1,Hardware Composed: Independent Flip,6145.1311,NA,23.15340000000000,21.10060000000000,17.77840000000000,38.61670000000000,38.7270,6141.0445,21.8650,4.0866,17.7784,21.7019,21.0014,4.3675,16.6339,1.0715,6141.0445,NA,NA,NA
BioshockHD.exe,18704,0xB251BA8,DXGI,0,0,1,Hardware Composed: Independent Flip,6166.4201,NA,21.28900000000000,22.31730000000000,17.55500000000000,39.71470000000000,39.7553,6162.9095,21.0656,3.5106,17.5550,20.8383,22.3870,5.2856,17.1014,-0.4523,6162.9095,NA,59.6484,NA
BioshockHD.exe,18704,0xB251BA8,DXGI,0,0,1,Hardware Composed: Independent Flip,6188.0398,NA,21.61970000000000,23.17350000000000,18.28450000000000,40.78960000000000,41.3091,6183.9751,22.3492,4.0647,18.2845,22.1597,22.6946,4.8946,17.8000,-2.1079,6183.9751,NA,NA,NA
BioshockHD.exe,18704,0xB251BA8,DXGI,0,0,1,Hardware Composed: Independent Flip,6209.4099,NA,21.37010000000000,21.38520000000000,20.07200000000000,41.31440000000000,41.3242,6206.3243,23.1576,3.0856,20.0720,22.5051,21.8949,4.4049,17.4900,0.9640,6206.3243,NA,NA,NA
BioshockHD.exe,18704,0xB251BA8,DXGI,0,0,1,Hardware Composed: Independent Flip,6232.3710,NA,22.96110000000000,21.24870000000000,18.48680000000000,39.54690000000000,39.6118,6229.4819,21.3759,2.8891,18.4868,21.2424,21.1936,4.3837,16.8099,1.9089,6229.4819,NA,NA,NA
BioshockHD.exe,18704,0xB251BA8,DXGI,0,0,1,Hardware Composed: Independent Flip,6253.8442,NA,21.47320000000000,21.26730000000000,18.23370000000000,39.39670000000000,39.4059,6250.8578,21.2201,2.9864,18.2337,21.0601,21.3230,4.3892,16.9338,0.1086,6250.8578,NA,51.7342,NA
BioshockHD.exe,18704,0xB251BA8,DXGI,0,0,1,Hardware Composed: Independent Flip,6274.7360,NA,20.89180000000000,21.91700000000000,18.61910000000000,40.26810000000000,40.4311,6272.0779,21.2772,2.6581,18.6191,21.1630,21.7632,4.8195,16.9437,-0.6969,6272.0779,NA,40.6509,NA
BioshockHD.exe,18704,0xB251BA8,DXGI,0,0,1,Hardware Composed: Independent Flip,6296.1672,NA,21.43120000000000,22.29410000000000,19.09370000000000,41.10180000000000,41.2940,6293.3551,21.9058,2.8121,19.0937,21.6490,22.2649,4.9017,17.3632,-1.0169,6293.3551,NA,41.9308,NA
BioshockHD.exe,18704,0xB251BA8,DXGI,0,0,1,Hardware Composed: Independent Flip,6318.1337,NA,21.96650000000000,22.40110000000000,19.42370000000000,41.68800000000000,41.7286,6315.2609,22.2965,2.8728,19.4237,22.0081,22.5527,4.8974,17.6553,-0.4953,6315.2609,NA,44.3409,NA
BioshockHD.exe,18704,0xB251BA8,DXGI,0,0,1,Hardware Composed: Independent Flip,6340.4779,NA,22.34420000000000,22.15690000000000,19.49670000000000,41.30150000000000,41.5413,6337.5574,22.4172,2.9205,19.4967,22.2643,21.9577,4.9059,17.0518,0.1396,6337.5574,NA,43.5041,NA
BioshockHD.exe,18704,0xB251BA8,DXGI,0,0,1,Hardware Composed: Independent Flip,6363.4427,NA,22.96480000000000,22.06160000000000,18.71470000000000,40.59770000000000,40.6381,6359.9746,22.1828,3.4681,18.7147,21.8048,22.2610,4.8819,17.3791,0.3556,6359.9746,NA,41.5292,NA
BioshockHD.exe,18704,0xB251BA8,DXGI,0,0,1,Hardware Composed: Independent Flip,6385.2411,NA,21.79840000000000,22.44780000000000,18.94920000000000,41.08790000000000,41.2875,6382.1574,22.0329,3.0837,18.9492,21.8830,22.2886,4.8937,17.3949,-0.2650,6382.1574,NA,43.0086,NA
BioshockHD.exe,18704,0xB251BA8,DXGI,0,0,1,Hardware Composed: Independent Flip,6407.2799,NA,22.03880000000000,22.03750000000000,19.37420000000000,41.25990000000000,41.2862,6404.1903,22.4638,3.0896,19.3742,22.1387,22.2108,4.9615,17.2493,-0.0046,6404.1903,NA,46.0548,NA
BioshockHD.exe,18704,0xB251BA8,DXGI,0,0,1,Hardware Composed: Independent Flip,6429.4691,NA,22.18920000000000,22.18460000000000,19.22230000000000,41.27280000000000,41.2816,6426.6541,22.0373,2.8150,19.2223,21.8857,22.2021,4.8346,17.3675,0.2792,6426.6541,NA,60.2380,NA
BioshockHD.exe,18704,0xB251BA8,DXGI,0,0,1,Hardware Composed: Independent Flip,6452.0588,NA,22.58970000000000,22.11370000000000,18.79770000000000,40.79220000000000,40.8056,6448.6914,22.1651,3.3674,18.7977,22.0505,22.1091,4.8750,17.2341,-0.0764,6448.6914,NA,41.2933,NA
BioshockHD.exe,18704,0xB251BA8,DXGI,0,0,1,Hardware Composed: Independent Flip,6473.8357,NA,21.77690000000000,20.99690000000000,19.14140000000000,40.01640000000000,40.0256,6470.8565,22.1206,2.9792,19.1414,21.9945,21.0011,4.3929,16.6082,1.1682,6470.8565,NA,52.3446,NA
BioshockHD.exe,18704,0xB251BA8,DXGI,0,0,1,Hardware Composed: Independent Flip,6496.0434,NA,22.20770000000000,21.84230000000000,17.95880000000000,39.57940000000000,39.6602,6492.9771,21.0251,3.0663,17.9588,20.8750,21.7707,4.8846,16.8861,0.2783,6492.9771,NA,43.1836,NA
BioshockHD.exe,18704,0xB251BA8,DXGI,0,0,1,Hardware Composed: Independent Flip,6516.7775,NA,20.73410000000000,22.68350000000000,19.02530000000000,41.28370000000000,41.6096,6514.0022,21.8006,2.7753,19.0253,21.6206,22.4384,4.9200,17.5184,-1.6584,6514.0022,NA,NA,NA
BioshockHD.exe,18704,0xB251BA8,DXGI,0,0,1,Hardware Composed: Independent Flip,6538.5953,NA,21.81780000000000,21.54020000000000,19.88960000000000,41.32300000000000,41.3320,6535.8028,22.6821,2.7925,19.8896,22.2584,21.8571,4.4304,17.4267,0.2604,6535.8028,NA,44.3959,NA
BioshockHD.exe,18704,0xB251BA8,DXGI,0,0,1,Hardware Composed: Independent Flip,6561.4806,NA,22.88530000000000,21.83370000000000,18.55510000000000,40.27130000000000,40.2804,6558.4849,21.5508,2.9957,18.5551,21.4334,21.8336,4.8766,16.9570,0.8484,6558.4849,NA,47.2475,NA
BioshockHD.exe,18704,0xB251BA8,DXGI,0,0,1,Hardware Composed: Independent Flip,6582.8784,NA,21.39780000000000,22.72850000000000,19.28410000000000,41.36700000000000,41.6111,6580.0357,22.1268,2.8427,19.2841,21.7162,22.4935,4.8247,17.6688,-1.1777,6580.0357,NA,NA,NA
BioshockHD.exe,18704,0xB251BA8,DXGI,0,0,1,Hardware Composed: Independent Flip,6605.6453,NA,22.76690000000000,21.75420000000000,18.94200000000000,40.40110000000000,40.5984,6602.1625,22.4248,3.4828,18.9420,22.0829,21.8010,4.4608,17.3402,0.3726,6602.1625,NA,42.6931,NA
BioshockHD.exe,18704,0xB251BA8,DXGI,0,0,1,Hardware Composed: Independent Flip,6627.2015,NA,21.55620000000000,21.38970000000000,19.14750000000000,40.39400000000001,40.4319,6624.5873,21.7617,2.6142,19.1475,21.4591,21.5491,4.8134,16.7357,1.0351,6624.5873,NA,50.1158,NA
BioshockHD.exe,18704,0xB251BA8,DXGI,0,0,1,Hardware Composed: Independent Flip,6649.5134,NA,22.31190000000000,22.27680000000000,18.22660000000000,40.35780000000000,40.3968,6646.3490,21.3910,3.1644,18.2266,21.2465,22.2757,4.8651,17.4106,-0.5151,6646.3490,NA,42.3650,NA
BioshockHD.exe,18704,0xB251BA8,DXGI,0,0,1,Hardware Composed: Independent Flip,6670.4210,NA,20.90760000000000,21.72880000000000,19.65060000000000,41.17780000000000,41.2180,6667.7400,22.3316,2.6810,19.6506,22.1312,21.7276,4.4071,17.3205,-0.3378,6667.7400,NA,51.1307,NA
BioshockHD.exe,18704,0xB251BA8,DXGI,0,0,1,Hardware Composed: Independent Flip,6692.9506,NA,22.52960000000000,22.11820000000000,18.79720000000000,40.79670000000000,40.8066,6690.0716,21.6762,2.8790,18.7972,21.5272,22.1485,5.2834,16.8651,0.2134,6690.0716,NA,41.2355,NA
BioshockHD.exe,18704,0xB251BA8,DXGI,0,0,1,Hardware Composed: Independent Flip,6714.4937,NA,21.54310000000000,22.22480000000000,19.36310000000000,41.24850000000000,41.4883,6711.7478,22.1090,2.7459,19.3631,21.9995,21.9949,4.8643,17.1306,-0.5486,6711.7478,NA,45.4658,NA
BioshockHD.exe,18704,0xB251BA8,DXGI,0,0,1,Hardware Composed: Independent Flip,6736.4469,NA,21.95320000000000,21.47270000000000,19.64320000000000,40.99890000000000,41.0078,6733.8568,22.2333,2.5901,19.6432,21.8854,21.7036,4.9232,16.7804,0.6363,6733.8568,NA,47.9421,NA
BioshockHD.exe,18704,0xB251BA8,DXGI,0,0,1,Hardware Composed: Independent Flip,6759.2669,NA,22.82000000000000,22.33060000000000,18.32810000000000,40.32290000000000,40.5184,6756.0901,21.5049,3.1768,18.3281,21.3557,22.1440,4.8316,17.3124,-0.0973,6756.0901,NA,41.2637,NA
BioshockHD.exe,18704,0xB251BA8,DXGI,0,0,1,Hardware Composed: Independent Flip,6780.3620,NA,21.09510000000000,22.34290000000000,19.51820000000000,41.50860000000000,41.7662,6777.5950,22.2852,2.7670,19.5182,21.9948,22.2808,4.8894,17.3914,-0.8380,6777.5950,NA,44.5491,NA
BioshockHD.exe,18704,0xB251BA8,DXGI,0,0,1,Hardware Composed: Independent Flip,6802.6530,NA,22.29100000000000,22.05680000000000,19.60650000000000,41.48520000000000,41.5320,6799.8802,22.3793,2.7728,19.6065,21.9904,22.2676,4.8822,17.3854,0.2284,6799.8802,NA,46.6391,NA
BioshockHD.exe,18704,0xB251BA8,DXGI,0,0,1,Hardware Composed: Independent Flip,6825.1752,NA,22.52220000000000,22.58250000000000,19.11260000000000,41.48830000000000,41.5923,6822.2595,22.0283,2.9157,19.1126,21.8787,22.5253,4.8787,17.6466,-0.2032,6822.2595,NA,45.2562,NA
BioshockHD.exe,18704,0xB251BA8,DXGI,0,0,1,Hardware Composed: Independent Flip,6847.0080,NA,21.83280000000000,21.47820000000000,19.85240000000000,41.20030000000000,41.2377,6844.2878,22.5726,2.7202,19.8524,22.3757,21.5448,4.8854,16.6594,0.5501,6844.2878,NA,41.7287,NA
BioshockHD.exe,18704,0xB251BA8,DXGI,0,0,1,Hardware Composed: Independent Flip,6869.5964,NA,22.58840000000000,22.27310000000000,18.74930000000000,40.88280000000000,40.9224,6866.8604,21.4853,2.7360,18.7493,21.3479,22.2709,4.8996,17.3713,0.2995,6866.8604,NA,42.0029,NA
BioshockHD.exe,18704,0xB251BA8,DXGI,0,0,1,Hardware Composed: Independent Flip,6891.3234,NA,21.72700000000000,22.82550000000000,19.33050000000000,41.51800000000000,42.0209,6888.3457,22.3082,2.9777,19.3305,22.1335,22.3622,4.9184,17.4438,-1.3402,6888.3457,NA,42.8243,NA
BioshockHD.exe,18704,0xB251BA8,DXGI,0,0,1,Hardware Composed: Independent Flip,6913.3931,NA,22.06970000000000,21.82230000000000,20.08300000000000,41.75990000000000,41.7735,6910.6539,22.8222,2.7392,20.0830,22.1875,22.3116,4.9484,17.3632,0.4859,6910.6539,NA,51.6238,NA
BioshockHD.exe,18704,0xB251BA8,DXGI,0,0,1,Hardware Composed: Independent Flip,6936.1793,NA,22.78620000000000,22.35980000000000,19.31860000000000,41.13980000000000,41.3471,6933.4761,22.0218,2.7032,19.3186,21.6769,22.1661,4.8220,17.3441,0.4624,6933.4761,NA,NA,NA
BioshockHD.exe,18704,0xB251BA8,DXGI,0,0,1,Hardware Composed: Independent Flip,6958.9645,NA,22.78520000000000,20.97870000000000,18.66000000000000,39.46410000000000,39.5406,6955.4979,22.1266,3.4666,18.6600,21.8212,21.1095,4.4545,16.6550,1.0431,6955.4979,NA,44.9928,NA
BioshockHD.exe,18704,0xB251BA8,DXGI,0,0,1,Hardware Composed: Independent Flip,6980.7199,NA,21.75540000000000,21.45770000000000,17.92530000000000,39.23320000000000,39.2429,6977.6245,21.0207,3.0954,17.9253,20.8041,21.5245,4.9311,16.5934,0.6689,6977.6245,NA,40.4429,NA
BioshockHD.exe,18704,0xB251BA8,DXGI,0,0,1,Hardware Composed: Independent Flip,7001.5554,NA,20.83550000000000,22.56990000000000,18.53020000000000,40.67320000000000,40.9773,6998.6452,21.4404,2.9102,18.5302,21.3079,22.2755,4.9369,17.3386,-1.5492,6998.6452,NA,46.0259,NA
BioshockHD.exe,18704,0xB251BA8,DXGI,0,0,1,Hardware Composed: Independent Flip,7023.2587,NA,21.70330000000000,22.14260000000000,19.37370000000000,41.40760000000000,41.4166,7020.0856,22.5468,3.1731,19.3737,22.1430,22.4377,4.8455,17.5922,-0.7022,7020.0856,NA,45.1632,NA
BioshockHD.exe,18704,0xB251BA8,DXGI,0,0,1,Hardware Composed: Independent Flip,7045.4397,NA,22.18100000000000,22.25390000000000,19.33390000000000,41.40610000000000,41.4895,7042.6324,22.1412,2.8073,19.3339,22.0339,22.1795,4.8908,17.2887,0.2929,7042.6324,NA,42.3783,NA
BioshockHD.exe,18704,0xB251BA8,DXGI,0,0,1,Hardware Composed: Independent Flip,7067.9033,NA,22.46360000000000,22.25250000000000,19.12470000000000,41.22090000000000,41.2784,7064.7736,22.2544,3.1297,19.1247,22.0722,22.2784,4.8736,17.4048,-0.1113,7064.7736,NA,42.6686,NA
BioshockHD.exe,18704,0xB251BA8,DXGI,0,0,1,Hardware Composed: Independent Flip,7090.0096,NA,22.10630000000000,22.43050000000000,19.27150000000000,41.53940000000000,41.6026,7087.0280,22.2531,2.9816,19.2715,22.0962,22.4248,4.8830,17.5418,-0.1761,7087.0280,NA,44.0660,NA
BioshockHD.exe,18704,0xB251BA8,DXGI,0,0,1,Hardware Composed: Independent Flip,7112.1847,NA,22.17510000000000,22.43810000000000,19.52930000000000,41.85640000000000,41.8656,7109.2811,22.4329,2.9036,19.5293,22.2679,22.4921,4.9265,17.5656,-0.1850,7109.2811,NA,42.5293,NA
BioshockHD.exe,18704,0xB251BA8,DXGI,0,0,1,Hardware Composed: Independent Flip,7134.6720,NA,22.48730000000000,22.25830000000000,19.48730000000000,41.58800000000000,41.6366,7131.7140,22.4453,2.9580,19.4873,22.3271,22.2189,4.8510,17.3679,0.1746,7131.7140,NA,42.7891,NA
BioshockHD.exe,18704,0xB251BA8,DXGI,0,0,1,Hardware Composed: Independent Flip,7157.5145,NA,22.84250000000000,22.25180000000000,18.89140000000000,40.99760000000000,41.0459,7154.1593,22.2466,3.3552,18.8914,22.1007,22.2521,4.9018,17.3503,0.1935,7154.1593,NA,43.0454,NA
BioshockHD.exe,18704,0xB251BA8,DXGI,0,0,1,Hardware Composed: Independent Flip,7179.1470,NA,21.63250000000000,22.67540000000000,19.51660000000000,42.03950000000000,42.0888,7176.4059,22.2577,2.7411,19.5166,22.1062,22.6744,5.3008,17.3736,-0.4288,7176.4059,NA,42.7179,NA
BioshockHD.exe,18704,0xB251BA8,DXGI,0,0,1,Hardware Composed: Independent Flip,7201.7140,NA,22.56700000000000,22.64560000000000,19.61590000000000,42.15870000000000,42.1674,7198.6636,22.6663,3.0504,19.6159,22.5229,22.6862,4.9983,17.6879,-0.3879,7198.6636,NA,44.3689,NA
BioshockHD.exe,18704,0xB251BA8,DXGI,0,0,1,Hardware Composed: Independent Flip,7224.1747,NA,22.46070000000000,22.34680000000000,19.81200000000000,42.00450000000000,42.0535,7221.3299,22.6568,2.8448,19.8120,22.5428,22.3065,4.9463,17.3602,0.3195,7221.3299,NA,42.7122,NA
BioshockHD.exe,18704,0xB251BA8,DXGI,0,0,1,Hardware Composed: Independent Flip,7246.7632,NA,22.58850000000000,22.21030000000000,19.56430000000000,41.63590000000000,41.6753,7243.9867,22.3408,2.7765,19.5643,22.1925,22.2199,4.9653,17.2546,0.4465,7243.9867,NA,51.8908,NA
BioshockHD.exe,18704,0xB251BA8,DXGI,0,0,1,Hardware Composed: Independent Flip,7269.2174,NA,22.45420000000000,22.34140000000000,19.41810000000000,41.51580000000000,41.5625,7266.3275,22.3080,2.8899,19.4181,22.0716,22.3341,4.9326,17.4015,-0.0006,7266.3275,NA,50.1983,NA
BioshockHD.exe,18704,0xB251BA8,DXGI,0,0,1,Hardware Composed: Independent Flip,7291.6357,NA,22.41830000000000,22.20940000000000,19.24950000000000,41.29470000000000,41.3536,7288.6355,22.2497,3.0002,19.2495,22.0977,22.1972,4.9406,17.2566,0.0986,7288.6355,NA,NA,NA
BioshockHD.exe,18704,0xB251BA8,DXGI,0,0,1,Hardware Composed: Independent Flip,7313.6398,NA,22.00410000000000,21.34770000000000,19.52310000000000,40.64960000000000,40.6972,7310.8852,22.2777,2.7546,19.5231,22.0452,21.3590,4.5256,16.8334,0.9020,7310.8852,NA,48.8221,NA
BioshockHD.exe,18704,0xB251BA8,DXGI,0,0,1,Hardware Composed: Independent Flip,7336.5908,NA,22.95100000000000,22.00220000000000,17.85320000000000,39.63590000000000,39.7484,7333.1629,21.2811,3.4279,17.8532,21.1265,21.9373,4.9325,17.0048,0.2755,7333.1629,NA,43.8224,NA
BioshockHD.exe,18704,0xB251BA8,DXGI,0,0,1,Hardware Composed: Independent Flip,7357.4127,NA,20.82190000000000,22.70120000000000,19.02960000000000,41.38250000000000,41.6277,7354.4440,21.9983,2.9687,19.0296,21.7827,22.5685,4.9882,17.5803,-1.4201,7354.4440,NA,44.5290,NA
BioshockHD.exe,18704,0xB251BA8,DXGI,0,0,1,Hardware Composed: Independent Flip,7379.2799,NA,21.86720000000000,22.24750000000000,19.85410000000000,41.99840000000000,42.0080,7376.4423,22.6917,2.8376,19.8541,22.3529,22.4831,4.9663,17.5168,-0.2492,7376.4423,NA,44.7674,NA
BioshockHD.exe,18704,0xB251BA8,DXGI,0,0,1,Hardware Composed: Independent Flip,7402.0182,NA,22.73830000000000,22.57830000000000,19.37000000000000,41.79870000000000,41.8480,7399.1340,22.2542,2.8842,19.3700,22.1443,22.5386,4.9313,17.6073,0.1134,7399.1340,NA,43.3197,NA
BioshockHD.exe,18704,0xB251BA8,DXGI,0,0,1,Hardware Composed: Independent Flip,7424.3515,NA,22.33330000000000,22.31890000000000,19.63890000000000,41.82440000000000,41.8336,7421.3882,22.6022,2.9633,19.6389,22.4287,22.3590,4.9897,17.3693,-0.0647,7421.3882,NA,42.6744,NA
BioshockHD.exe,18704,0xB251BA8,DXGI,0,0,1,Hardware Composed: Independent Flip,7447.3973,NA,23.04580000000000,22.28150000000000,18.89450000000000,41.06010000000000,41.0693,7443.9904,22.3014,3.4069,18.8945,22.1855,22.2815,4.9417,17.3398,0.3207,7443.9904,NA,42.9486,NA
BioshockHD.exe,18704,0xB251BA8,DXGI,0,0,1,Hardware Composed: Independent Flip,7469.5765,NA,22.17920000000000,22.35330000000000,18.99920000000000,41.11470000000000,41.2434,7466.2918,22.2839,3.2847,18.9992,22.1656,22.2338,4.9236,17.3102,-0.0519,7466.2918,NA,42.3049,NA
BioshockHD.exe,18704,0xB251BA8,DXGI,0,0,1,Hardware Composed: Independent Flip,7491.6682,NA,22.09170000000000,22.41040000000000,19.24970000000000,41.55320000000000,41.5621,7488.5757,22.3422,3.0925,19.2497,22.1155,22.5302,5.0884,17.4418,-0.1265,7488.5757,NA,41.7191,NA
BioshockHD.exe,18704,0xB251BA8,DXGI,0,0,1,Hardware Composed: Independent Flip,7513.8894,NA,22.22120000000000,22.45780000000000,19.48880000000000,41.68940000000000,41.7987,7510.9179,22.4603,2.9715,19.4888,22.3035,22.3574,5.0109,17.3465,-0.1156,7510.9179,NA,42.1771,NA
BioshockHD.exe,18704,0xB251BA8,DXGI,0,0,1,Hardware Composed: Independent Flip,7536.4487,NA,22.55930000000000,22.22900000000000,19.38740000000000,41.41790000000000,41.4684,7533.3782,22.4579,3.0705,19.3874,22.2006,22.2878,4.9745,17.3133,0.2313,7533.3782,NA,42.4031,NA
BioshockHD.exe,18704,0xB251BA8,DXGI,0,0,1,Hardware Composed: Independent Flip,7559.0166,NA,22.56790000000000,22.47560000000000,19.00830000000000,41.26140000000000,41.3761,7555.8361,22.1888,3.1805,19.0083,22.0305,22.4114,5.0216,17.3898,-0.0177,7555.8361,NA,NA,NA
BioshockHD.exe,18704,0xB251BA8,DXGI,0,0,1,Hardware Composed: Independent Flip,7580.7772,NA,21.76060000000000,21.84380000000000,19.75170000000000,41.45040000000000,41.4593,7578.0249,22.5040,2.7523,19.7517,22.2531,21.9496,5.2093,16.7403,0.3450,7578.0249,NA,48.7183,NA
BioshockHD.exe,18704,0xB251BA8,DXGI,0,0,1,Hardware Composed: Independent Flip,7603.8016,NA,23.02440000000000,21.88860000000000,18.60120000000000,40.31430000000000,40.3235,7600.5289,21.8739,3.2727,18.6012,21.6987,21.8883,4.9293,16.9590,0.6154,7600.5289,NA,NA,NA
BioshockHD.exe,18704,0xB251BA8,DXGI,0,0,1,Hardware Composed: Independent Flip,7625.3769,NA,21.57530000000000,21.94800000000000,18.86440000000000,40.59500000000000,40.6962,7622.4028,21.8385,2.9741,18.8644,21.7131,21.8560,4.4810,17.3750,-0.0741,7622.4028,NA,NA,NA
BioshockHD.exe,18704,0xB251BA8,DXGI,0,0,1,Hardware Composed: Independent Flip,7647.2688,NA,21.89190000000000,21.61590000000000,18.90110000000000,40.38330000000000,40.4202,7644.2413,21.9286,3.0275,18.9011,21.7306,21.6802,4.5108,17.1694,0.2226,7644.2413,NA,NA,NA
BioshockHD.exe,18704,0xB251BA8,DXGI,0,0,1,Hardware Composed: Independent Flip,7669.1114,NA,21.84260000000000,21.63570000000000,18.74970000000000,40.20400000000000,40.2133,7666.1699,21.6912,2.9415,18.7497,21.4822,21.6633,4.5263,17.1370,0.2929,7666.1699,NA,NA,NA
BioshockHD.exe,18704,0xB251BA8,DXGI,0,0,1,Hardware Composed: Independent Flip,7691.0167,NA,21.90530000000000,21.97690000000000,18.45240000000000,40.20650000000001,40.2849,7687.8611,21.6080,3.1556,18.4524,21.4543,21.9078,4.8319,17.0759,-0.2857,7687.8611,NA,NA,NA
BioshockHD.exe,18704,0xB251BA8,DXGI,0,0,1,Hardware Composed: Independent Flip,7712.6432,NA,21.62650000000000,22.06400000000000,18.75720000000000,40.60720000000000,40.7224,7709.4691,21.9313,3.1741,18.7572,21.7541,22.0272,4.5125,17.5147,-0.4560,7709.4691,NA,NA,NA
BioshockHD.exe,18704,0xB251BA8,DXGI,0,0,1,Hardware Composed: Independent Flip,7734.3776,NA,21.73440000000000,21.61870000000000,19.12380000000000,40.59740000000000,40.6067,7731.4004,22.1010,2.9772,19.1238,21.8500,21.7246,4.5640,17.1606,0.3126,7731.4004,NA,NA,NA
BioshockHD.exe,18704,0xB251BA8,DXGI,0,0,1,Hardware Composed: Independent Flip,7756.5751,NA,22.19750000000000,21.78010000000000,18.60210000000000,40.17550000000000,40.1893,7753.5014,21.6758,3.0737,18.6021,21.4736,21.7756,4.6106,17.1650,0.3209,7753.5014,NA,NA,NA
BioshockHD.exe,18704,0xB251BA8,DXGI,0,0,1,Hardware Composed: Independent Flip,7778.5495,NA,21.97440000000000,21.75240000000000,18.39870000000000,39.86530000000000,39.9673,7775.1772,21.7710,3.3723,18.3987,21.5734,21.6642,4.4955,17.1687,-0.0766,7775.1772,NA,43.9687,NA
BioshockHD.exe,18704,0xB251BA8,DXGI,0,0,1,Hardware Composed: Independent Flip,7800.0378,NA,21.48830000000000,22.08670000000000,18.58610000000000,40.55680000000000,40.5657,7796.9482,21.6757,3.0896,18.5861,21.4666,22.1798,5.0136,17.1662,-0.3157,7796.9482,NA,NA,NA
BioshockHD.exe,18704,0xB251BA8,DXGI,0,0,1,Hardware Composed: Independent Flip,7821.8434,NA,21.80560000000000,22.03700000000000,18.86880000000000,40.66500000000000,40.7971,7818.6239,22.0883,3.2195,18.8688,21.9707,21.9138,4.4780,17.4358,-0.3613,7818.6239,NA,NA,NA
BioshockHD.exe,18704,0xB251BA8,DXGI,0,0,1,Hardware Composed: Independent Flip,7843.7378,NA,21.89440000000000,21.11680000000000,19.03560000000000,39.97740000000000,40.0195,7840.7122,22.0612,3.0256,19.0356,21.7962,21.2068,4.5211,16.6857,0.9715,7840.7122,NA,52.2440,NA
BioshockHD.exe,18704,0xB251BA8,DXGI,0,0,1,Hardware Composed: Independent Flip,7865.8907,NA,22.15290000000000,22.24170000000000,17.99230000000000,39.98240000000000,40.1083,7862.7734,21.1096,3.1173,17.9923,20.9418,22.1579,4.9910,17.1669,-0.1805,7862.7734,NA,52.4214,NA
BioshockHD.exe,18704,0xB251BA8,DXGI,0,0,1,Hardware Composed: Independent Flip,7886.8721,NA,20.98140000000000,22.54810000000000,19.24820000000000,41.24830000000000,41.6750,7883.8830,22.2373,2.9891,19.2482,21.9901,22.2473,4.9728,17.2745,-1.4385,7883.8830,NA,47.0355,NA
BioshockHD.exe,18704,0xB251BA8,DXGI,0,0,1,Hardware Composed: Independent Flip,7909.1157,NA,22.24360000000000,21.90380000000000,19.53090000000000,41.28570000000000,41.3352,7906.1203,22.5263,2.9954,19.5309,22.0001,22.2810,4.9605,17.3205,0.3335,7906.1203,NA,41.9025,NA
BioshockHD.exe,18704,0xB251BA8,DXGI,0,0,1,Hardware Composed: Independent Flip,7931.7065,NA,22.59080000000000,22.59350000000000,18.84610000000000,41.22840000000000,41.3379,7928.6466,21.9060,3.0599,18.8461,21.7548,22.5335,5.0382,17.4953,-0.0672,7928.6466,NA,43.5280,NA
BioshockHD.exe,18704,0xB251BA8,DXGI,0,0,1,Hardware Composed: Independent Flip,7954.6492,NA,22.94270000000000,23.31750000000000,18.49340000000000,41.67100000000000,41.7127,7950.5526,22.5900,4.0966,18.4934,22.3823,23.3853,6.0966,17.2887,-1.4115,7950.5526,NA,43.8454,NA
BioshockHD.exe,18704,0xB251BA8,DXGI,0,0,1,Hardware Composed: Independent Flip,7977.2503,NA,22.60110000000000,23.99980000000000,19.21960000000000,42.76520000000000,43.1114,7973.1426,23.3273,4.1077,19.2196,23.1776,23.6953,6.7006,16.9947,-1.4098,7973.1426,NA,45.8421,NA
BioshockHD.exe,18704,0xB251BA8,DXGI,0,0,1,Hardware Composed: Independent Flip,7999.7939,NA,22.54360000000000,22.77940000000000,20.67970000000000,43.32720000000000,43.3472,7996.4699,24.0037,3.3240,20.6797,23.5456,23.1056,5.7613,17.3443,0.5479,7996.4699,NA,52.6291,NA
BioshockHD.exe,18704,0xB251BA8,DXGI,0,0,1,Hardware Composed: Independent Flip,8024.2181,NA,24.42420000000000,24.94250000000000,19.03210000000000,42.13190000000000,43.8655,8020.4736,22.7766,3.7445,19.0321,22.6475,23.2289,5.7895,17.4394,-0.9388,8020.4736,NA,44.5687,NA
BioshockHD.exe,18704,0xB251BA8,DXGI,0,0,1,Hardware Composed: Independent Flip,8046.6016,NA,22.38350000000000,20.68280000000000,21.58680000000000,42.14690000000000,42.1648,8043.2502,24.9382,3.3514,21.5868,23.0998,22.3985,5.7711,16.6274,2.0938,8043.2502,NA,44.2447,NA
BioshockHD.exe,18704,0xB251BA8,DXGI,0,0,1,Hardware Composed: Independent Flip,8071.8348,NA,25.23320000000000,23.13890000000000,17.03660000000000,39.94930000000000,40.0705,8068.1884,20.6830,3.6464,17.0366,20.5601,23.0356,5.7923,17.2433,1.7993,8068.1884,NA,40.3832,NA
BioshockHD.exe,18704,0xB251BA8,DXGI,0,0,1,Hardware Composed: Independent Flip,8092.4784,NA,20.64360000000000,23.88180000000000,19.54060000000000,42.40440000000000,43.3087,8088.8714,23.1476,3.6070,19.5406,22.9127,23.0987,5.7323,17.3664,-3.1988,8088.8714,NA,46.2706,NA
BioshockHD.exe,18704,0xB251BA8,DXGI,0,0,1,Hardware Composed: Independent Flip,8115.3254,NA,22.84700000000000,22.29080000000000,20.56440000000000,42.71140000000000,42.7525,8112.0190,23.8708,3.3064,20.5644,22.8638,23.1540,5.7597,17.3943,0.8568,8112.0190,NA,47.5652,NA
BioshockHD.exe,18704,0xB251BA8,DXGI,0,0,1,Hardware Composed: Independent Flip,8139.1019,NA,23.77650000000000,24.64990000000000,19.09490000000000,41.98750000000000,43.6259,8135.8898,22.3070,3.2121,19.0949,22.1470,23.0526,5.7587,17.2939,-0.7791,8135.8898,NA,46.2151,NA
BioshockHD.exe,18704,0xB251BA8,DXGI,0,0,1,Hardware Composed: Independent Flip,8161.3812,NA,22.27930000000000,21.49790000000000,21.48020000000000,42.79470000000000,42.8445,8158.1968,24.6646,3.1844,21.4802,22.8926,23.0865,5.7552,17.3313,0.8091,8158.1968,NA,45.7085,NA
BioshockHD.exe,18704,0xB251BA8,DXGI,0,0,1,Hardware Composed: Independent Flip,8186.6622,NA,25.28100000000000,22.94970000000000,17.68920000000000,40.47610000000000,40.5132,8182.8614,21.4900,3.8008,17.6892,21.3145,22.9624,5.7543,17.2081,1.7149,8182.8614,NA,45.6615,NA
BioshockHD.exe,18704,0xB251BA8,DXGI,0,0,1,Hardware Composed: Independent Flip,8207.9977,NA,21.33550000000000,25.78420000000000,19.28780000000000,43.26580000000000,44.9619,8204.3514,22.9341,3.6463,19.2878,22.7869,24.1252,5.8253,18.2999,-4.2942,8204.3514,NA,49.4476,NA
BioshockHD.exe,18704,0xB251BA8,DXGI,0,0,1,Hardware Composed: Independent Flip,8230.4848,NA,22.48710000000000,21.20590000000000,22.58290000000000,43.62920000000000,43.6807,8227.2855,25.7822,3.1993,22.5829,23.9780,22.8505,5.6907,17.1598,1.7282,8227.2855,NA,45.6507,NA
BioshockHD.exe,18704,0xB251BA8,DXGI,0,0,1,Hardware Composed: Independent Flip,8256.5055,NA,26.02070000000000,23.19010000000000,17.83960000000000,40.84160000000000,40.8501,8253.0677,21.2774,3.4378,17.8396,21.0463,23.2331,5.8082,17.4249,2.5921,8253.0677,NA,44.8375,NA
BioshockHD.exe,18704,0xB251BA8,DXGI,0,0,1,Hardware Composed: Independent Flip,8277.7375,NA,21.23200000000000,24.98160000000000,19.74870000000000,42.92060000000000,44.5997,8274.3451,23.1411,3.3924,19.7487,23.0020,23.3110,5.7392,17.5718,-3.7042,8274.3451,NA,NA,NA
BioshockHD.exe,18704,0xB251BA8,DXGI,0,0,1,Hardware Composed: Independent Flip,8300.8060,NA,23.06850000000000,21.00250000000000,21.70910000000000,42.48500000000000,42.5337,8297.4862,25.0289,3.3198,21.7091,23.1719,22.6329,5.2715,17.3614,2.1386,8297.4862,NA,54.7944,NA
BioshockHD.exe,18704,0xB251BA8,DXGI,0,0,1,Hardware Composed: Independent Flip,8326.1836,NA,25.37760000000000,22.21860000000000,17.25660000000000,39.36670000000000,39.3747,8322.5151,20.9251,3.6685,17.2566,20.7759,22.2593,5.7734,16.4859,2.8103,8322.5151,NA,NA,NA
BioshockHD.exe,18704,0xB251BA8,DXGI,0,0,1,Hardware Composed: Independent Flip,8347.3176,NA,21.13400000000000,24.00320000000000,18.38440000000000,40.93670000000000,42.2439,8343.4402,22.2618,3.8774,18.3844,22.1101,22.7040,5.2607,17.4433,-3.0781,8343.4402,NA,43.0511,NA
BioshockHD.exe,18704,0xB251BA8,DXGI,0,0,1,Hardware Composed: Independent Flip,8369.4014,NA,22.08380000000000,21.32520000000000,20.26230000000000,41.47590000000000,41.4853,8365.7020,23.9617,3.6994,20.2623,22.5523,22.6230,5.7725,16.8505,0.9366,8365.7020,NA,44.3693,NA
BioshockHD.exe,18704,0xB251BA8,DXGI,0,0,1,Hardware Composed: Independent Flip,8393.2792,NA,23.87780000000000,23.99970000000000,17.76960000000000,40.92540000000000,41.6072,8389.6637,21.3851,3.6155,17.7696,21.2136,23.3273,5.7363,17.5910,-0.0380,8389.6637,NA,44.3784,NA
BioshockHD.exe,18704,0xB251BA8,DXGI,0,0,1,Hardware Composed: Independent Flip,8415.8915,NA,22.61230000000000,22.88140000000000,19.09370000000000,41.79230000000000,41.8763,8411.0488,23.9364,4.8427,19.0937,23.1558,23.4792,6.1713,17.3079,-1.4963,8411.0488,NA,42.2490,NA
BioshockHD.exe,18704,0xB251BA8,DXGI,0,0,1,Hardware Composed: Independent Flip,8439.3149,NA,23.42340000000000,25.11680000000000,18.55290000000000,41.84340000000000,43.5697,8434.9852,22.8826,4.3297,18.5529,22.6986,23.4745,6.1911,17.2834,-1.1804,8434.9852,NA,44.3295,NA
BioshockHD.exe,18704,0xB251BA8,DXGI,0,0,1,Hardware Composed: Independent Flip,8462.4783,NA,23.16340000000000,22.07460000000000,20.56810000000000,42.40440000000000,42.4809,8457.8678,25.1786,4.6105,20.5681,23.2905,23.7244,6.8101,16.9143,0.8080,8457.8678,NA,44.4491,NA
BioshockHD.exe,18704,0xB251BA8,DXGI,0,0,1,Hardware Composed: Independent Flip,8487.1850,NA,24.70670000000000,23.18340000000000,17.88250000000000,40.87780000000000,40.9576,8483.0464,22.0211,4.1386,17.8825,21.8363,23.1801,5.9882,17.1919,1.9952,8483.0464,NA,43.6256,NA
BioshockHD.exe,18704,0xB251BA8,DXGI,0,0,1,Hardware Composed: Independent Flip,8509.6194,NA,22.43440000000000,24.82540000000000,18.62930000000000,41.67790000000000,43.3486,8505.0675,23.1812,4.5519,18.6293,22.9953,23.2345,6.0010,17.2335,-2.8043,8505.0675,NA,44.4542,NA
BioshockHD.exe,18704,0xB251BA8,DXGI,0,0,1,Hardware Composed: Independent Flip,8532.3346,NA,22.71520000000000,21.69590000000000,20.76650000000000,42.25410000000000,42.3293,8528.2487,24.8524,4.0859,20.7665,23.0486,23.2914,6.0199,17.2715,1.4853,8528.2487,NA,50.1464,NA
BioshockHD.exe,18704,0xB251BA8,DXGI,0,0,1,Hardware Composed: Independent Flip,8557.4758,NA,25.14120000000000,23.21270000000000,17.29140000000000,40.32860000000000,40.4008,8553.1011,21.6661,4.3747,17.2914,21.4876,23.2157,5.9572,17.2585,1.6397,8553.1011,NA,50.3237,NA
BioshockHD.exe,18704,0xB251BA8,DXGI,0,0,1,Hardware Composed: Independent Flip,8579.2876,NA,21.81180000000000,24.96980000000000,18.69280000000000,41.88920000000000,43.5588,8574.7672,23.2132,4.5204,18.6928,23.0372,23.3724,6.0254,17.3470,-3.3037,8574.7672,NA,60.2934,NA
BioshockHD.exe,18704,0xB251BA8,DXGI,0,0,1,Hardware Composed: Independent Flip,8603.2022,NA,23.91460000000000,21.04000000000000,19.74710000000000,40.61110000000000,40.6842,8597.9804,24.9689,5.2218,19.7471,23.1964,22.6365,6.0270,16.6095,2.1732,8597.9804,NA,43.3608,NA
BioshockHD.exe,18704,0xB251BA8,DXGI,0,0,1,Hardware Composed: Independent Flip,8626.9048,NA,23.70260000000000,23.18190000000000,17.11540000000000,40.10020000000000,40.1635,8622.9493,21.0709,3.9555,17.1154,20.8640,23.1917,5.9761,17.2156,1.7870,8622.9493,NA,47.5543,NA
BioshockHD.exe,18704,0xB251BA8,DXGI,0,0,1,Hardware Composed: Independent Flip,8649.0807,NA,22.17590000000000,25.22480000000000,18.08230000000000,41.56650000000000,43.2124,8644.0202,23.1428,5.0605,18.0823,22.9848,23.6422,6.0549,17.5873,-4.1539,8644.0202,NA,50.7773,NA
BioshockHD.exe,18704,0xB251BA8,DXGI,0,0,1,Hardware Composed: Independent Flip,8671.2915,NA,22.21080000000000,21.74280000000000,21.09800000000000,42.67750000000000,42.7444,8667.1630,25.2265,4.1285,21.0980,23.4842,23.3218,5.9753,17.3465,1.4000,8667.1630,NA,45.5206,NA
BioshockHD.exe,18704,0xB251BA8,DXGI,0,0,1,Hardware Composed: Independent Flip,8696.7255,NA,25.43400000000000,23.19580000000000,17.40870000000000,40.42770000000000,40.5062,8692.3895,21.7447,4.3360,17.4087,21.5795,23.1842,5.9662,17.2180,2.0307,8692.3895,NA,41.6792,NA
BioshockHD.exe,18704,0xB251BA8,DXGI,0,0,1,Hardware Composed: Independent Flip,8718.1915,NA,21.46600000000000,24.96780000000000,19.14450000000000,42.35920000000000,44.0080,8714.1342,23.2018,4.0573,19.1445,23.0190,23.3975,6.0508,17.3467,-3.2231,8714.1342,NA,45.6819,NA
BioshockHD.exe,18704,0xB251BA8,DXGI,0,0,1,Hardware Composed: Independent Flip,8742.0134,NA,23.82190000000000,21.83600000000000,20.28120000000000,41.94730000000000,42.0221,8737.3360,24.9586,4.6774,20.2812,23.2147,23.4100,5.9977,17.4123,1.3658,8737.3360,NA,42.5232,NA
BioshockHD.exe,18704,0xB251BA8,DXGI,0,0,1,Hardware Composed: Independent Flip,8766.2145,NA,24.20110000000000,23.19220000000000,17.92420000000000,40.93280000000000,41.0132,8762.2946,21.8441,3.9199,17.9242,21.6661,23.1866,5.9559,17.2307,1.7664,8762.2946,NA,41.6773,NA
BioshockHD.exe,18704,0xB251BA8,DXGI,0,0,1,Hardware Composed: Independent Flip,8788.8975,NA,22.68300000000000,24.85130000000000,18.42850000000000,41.50010000000000,43.1815,8784.1387,23.1873,4.7588,18.4285,23.0086,23.2503,6.0097,17.2406,-3.0072,8784.1387,NA,43.5604,NA
BioshockHD.exe,18704,0xB251BA8,DXGI,0,0,1,Hardware Composed: Independent Flip,8811.3315,NA,22.43400000000000,21.71160000000000,20.84160000000000,42.33430000000000,42.4591,8807.3260,24.8471,4.0055,20.8416,23.0716,23.2682,6.0082,17.2600,1.4757,8807.3260,NA,43.2784,NA
BioshockHD.exe,18704,0xB251BA8,DXGI,0,0,1,Hardware Composed: Independent Flip,8836.3076,NA,24.97610000000000,23.21270000000000,17.61000000000000,40.59050000000000,40.6957,8832.1731,21.7445,4.1345,17.6100,21.4927,23.2323,5.9991,17.2332,1.6344,8832.1731,NA,41.4852,NA
BioshockHD.exe,18704,0xB251BA8,DXGI,0,0,1,Hardware Composed: Independent Flip,8858.2800,NA,21.97240000000000,24.94280000000000,18.88470000000000,41.96470000000000,43.6661,8853.9176,23.2471,4.3624,18.8847,22.9805,23.3466,6.0129,17.3337,-3.1983,8853.9176,NA,46.4313,NA
BioshockHD.exe,18704,0xB251BA8,DXGI,0,0,1,Hardware Composed: Independent Flip,8881.7326,NA,23.45260000000000,21.67920000000000,20.31280000000000,41.80760000000000,41.8927,8877.1647,24.8807,4.5679,20.3128,23.0800,23.2955,6.0266,17.2689,1.5679,8877.1647,NA,43.1091,NA
BioshockHD.exe,18704,0xB251BA8,DXGI,0,0,1,Hardware Composed: Independent Flip,8906.2070,NA,24.47440000000000,23.30510000000000,17.57630000000000,40.66250000000000,40.7234,8902.0454,21.7379,4.1616,17.5763,21.4948,23.3293,5.9982,17.3311,1.5756,8902.0454,NA,41.4190,NA
BioshockHD.exe,18704,0xB251BA8,DXGI,0,0,1,Hardware Composed: Independent Flip,8928.5123,NA,22.30530000000000,24.98860000000000,18.51720000000000,41.76660000000000,43.4067,8923.7833,23.2462,4.7290,18.5172,23.0862,23.4094,6.1311,17.2783,-3.2507,8923.7833,NA,46.3948,NA
BioshockHD.exe,18704,0xB251BA8,DXGI,0,0,1,Hardware Composed: Independent Flip,8951.0569,NA,22.54460000000000,21.92100000000000,20.99200000000000,42.70470000000000,42.7831,8947.0295,25.0194,4.0274,20.9920,23.2494,23.4827,5.9777,17.5050,1.3252,8947.0295,NA,45.3264,NA
BioshockHD.exe,18704,0xB251BA8,DXGI,0,0,1,Hardware Composed: Independent Flip,8976.2211,NA,25.16420000000000,23.16220000000000,17.74950000000000,40.71840000000000,40.7811,8972.0489,21.9217,4.1722,17.7495,21.7127,23.1779,6.0185,17.1594,1.8572,8972.0489,NA,49.4859,NA
BioshockHD.exe,18704,0xB251BA8,DXGI,0,0,1,Hardware Composed: Independent Flip,8997.9812,NA,21.76010000000000,24.89930000000000,19.11850000000000,42.28800000000000,43.9203,8993.9706,23.1291,4.0106,19.1185,22.9689,23.3297,6.0164,17.3133,-2.9776,8993.9706,NA,44.3770,NA
BioshockHD.exe,18704,0xB251BA8,DXGI,0,0,1,Hardware Composed: Independent Flip,9021.5350,NA,23.55380000000000,21.80580000000000,20.46150000000000,42.11190000000000,42.1723,9017.0997,24.8968,4.4353,20.4615,23.1695,23.3777,6.0391,17.3386,1.3233,9017.0997,NA,44.1937,NA
BioshockHD.exe,18704,0xB251BA8,DXGI,0,0,1,Hardware Composed: Independent Flip,9046.2244,NA,24.68940000000000,23.23890000000000,17.58190000000000,40.64250000000001,40.7218,9041.9965,21.8098,4.2279,17.5819,21.6504,23.2200,5.9620,17.2580,1.6579,9041.9965,NA,42.4299,NA
BioshockHD.exe,18704,0xB251BA8,DXGI,0,0,1,Hardware Composed: Independent Flip,9068.3173,NA,22.09290000000000,24.76400000000000,18.73710000000000,41.78260000000000,43.3929,9063.8063,23.2481,4.5110,18.7371,23.0606,23.2330,5.9910,17.2420,-2.9542,9063.8063,NA,48.1981,NA
BioshockHD.exe,18704,0xB251BA8,DXGI,0,0,1,Hardware Composed: Independent Flip,9091.3252,NA,23.00790000000000,21.71750000000000,20.47810000000000,42.01720000000000,42.1025,9087.0544,24.7489,4.2708,20.4781,23.0455,23.2425,5.9905,17.2520,1.5306,9087.0544,NA,43.9112,NA
BioshockHD.exe,18704,0xB251BA8,DXGI,0,0,1,Hardware Composed: Independent Flip,9115.6763,NA,24.35110000000000,23.32980000000000,17.85140000000000,41.00230000000001,41.0812,9111.8033,21.7244,3.8730,17.8514,21.5391,23.3362,5.9707,17.3655,1.4191,9111.8033,NA,41.2503,NA
BioshockHD.exe,18704,0xB251BA8,DXGI,0,0,1,Hardware Composed: Independent Flip,9137.5283,NA,21.85200000000000,24.93880000000000,19.34650000000000,42.52880000000000,44.1680,9133.5277,23.3471,4.0006,19.3465,23.1509,23.3785,6.0004,17.3781,-3.2144,9133.5277,NA,45.1743,NA
BioshockHD.exe,18704,0xB251BA8,DXGI,0,0,1,Hardware Composed: Independent Flip,9160.8527,NA,23.32440000000000,21.80480000000000,20.98580000000000,42.57260000000000,42.6484,9156.8748,24.9637,3.9779,20.9858,23.1823,23.3682,6.0316,17.3366,1.5423,9156.8748,NA,56.9923,NA
BioshockHD.exe,18704,0xB251BA8,DXGI,0,0,1,Hardware Composed: Independent Flip,9186.1880,NA,25.33530000000000,23.20500000000000,17.48010000000000,40.44090000000000,40.5181,9181.8385,21.8296,4.3495,17.4801,21.5868,23.2036,5.9238,17.2798,1.7587,9181.8385,NA,NA,NA
BioshockHD.exe,18704,0xB251BA8,DXGI,0,0,1,Hardware Composed: Independent Flip,9208.0207,NA,21.83270000000000,23.57370000000000,18.78790000000000,40.67370000000000,42.2591,9203.6681,23.1405,4.3526,18.7879,22.9608,22.0655,5.5652,16.5003,-1.7441,9203.6681,NA,NA,NA
BioshockHD.exe,18704,0xB251BA8,DXGI,0,0,1,Hardware Composed: Independent Flip,9230.9239,NA,22.90320000000000,21.27440000000000,19.45820000000000,40.53970000000000,40.6303,9226.8086,23.5735,4.1153,19.4582,21.8858,22.7692,5.9070,16.8622,1.8661,9226.8086,NA,44.0399,NA
BioshockHD.exe,18704,0xB251BA8,DXGI,0,0,1,Hardware Composed: Independent Flip,9254.4109,NA,23.48700000000000,23.22790000000000,17.24980000000000,40.27010000000000,40.3712,9250.3821,21.2786,4.0288,17.2498,21.0815,23.2174,5.9912,17.2262,0.3456,9250.3821,NA,43.2632,NA
BioshockHD.exe,18704,0xB251BA8,DXGI,0,0,1,Hardware Composed: Independent Flip,9275.5473,NA,21.13640000000000,24.53090000000000,19.38440000000000,42.22690000000000,43.7657,9271.6607,23.2710,3.8866,19.3844,23.0203,23.0932,5.9905,17.1027,-3.2523,9271.6607,NA,50.8093,NA
BioshockHD.exe,18704,0xB251BA8,DXGI,0,0,1,Hardware Composed: Independent Flip,9298.9253,NA,23.37800000000000,21.83680000000000,20.51880000000000,42.15000000000000,42.2245,9294.9317,24.5124,3.9936,20.5188,22.8425,23.3011,5.9910,17.3101,1.4342,9294.9317,NA,54.6025,NA
BioshockHD.exe,18704,0xB251BA8,DXGI,0,0,1,Hardware Composed: Independent Flip,9323.4688,NA,24.54350000000000,23.27570000000000,17.81990000000000,40.88220000000000,40.9567,9319.4441,21.8446,4.0247,17.8199,21.6312,23.2757,5.9689,17.3068,1.2367,9319.4441,NA,47.8516,NA
BioshockHD.exe,18704,0xB251BA8,DXGI,0,0,1,Hardware Composed: Independent Flip,9345.6958,NA,22.22700000000000,24.05130000000000,18.86610000000000,41.21010000000000,42.7810,9341.2887,23.2732,4.4071,18.8661,23.0623,22.5549,5.9875,16.5674,-2.2067,9341.2887,NA,44.9617,NA
BioshockHD.exe,18704,0xB251BA8,DXGI,0,0,1,Hardware Composed: Independent Flip,9368.8187,NA,23.12290000000000,21.83820000000000,19.78710000000000,41.40680000000000,41.4963,9364.5619,24.0439,4.2568,19.7871,22.3440,23.3196,6.0048,17.3148,1.4350,9364.5619,NA,41.7977,NA
BioshockHD.exe,18704,0xB251BA8,DXGI,0,0,1,Hardware Composed: Independent Flip,9393.2609,NA,24.44220000000000,23.31080000000000,17.15610000000000,40.29690000000000,40.3649,9388.6058,21.8112,4.6551,17.1561,21.6197,23.3323,5.9900,17.3423,0.7331,9388.6058,NA,41.1101,NA
BioshockHD.exe,18704,0xB251BA8,DXGI,0,0,1,Hardware Composed: Independent Flip,9414.6350,NA,21.37410000000000,24.89760000000000,19.13180000000000,42.30180000000000,43.8884,9410.4170,23.3498,4.2180,19.1318,23.1408,23.3790,5.9857,17.3933,-3.0864,9410.4170,NA,51.9769,NA
BioshockHD.exe,18704,0xB251BA8,DXGI,0,0,1,Hardware Composed: Independent Flip,9437.7662,NA,23.13120000000000,21.51040000000000,20.88770000000000,42.16580000000000,42.2676,9433.7668,24.8871,3.9994,20.8877,23.1700,22.9952,5.9719,17.0233,1.8394,9433.7668,NA,43.4836,NA
BioshockHD.exe,18704,0xB251BA8,DXGI,0,0,1,Hardware Composed: Independent Flip,9462.7211,NA,24.95490000000000,22.87030000000000,17.42170000000000,40.10460000000000,40.1830,9458.6539,21.4889,4.0672,17.4217,21.2781,22.8937,5.5278,17.3659,2.0168,9458.6539,NA,42.3862,NA
BioshockHD.exe,18704,0xB251BA8,DXGI,0,0,1,Hardware Composed: Independent Flip,9484.1806,NA,21.45950000000000,23.93660000000000,18.82320000000000,41.10760000000001,42.6601,9480.1428,22.8610,4.0378,18.8232,22.6829,22.4625,5.9956,16.4669,-2.4477,9480.1428,NA,44.3236,NA
BioshockHD.exe,18704,0xB251BA8,DXGI,0,0,1,Hardware Composed: Independent Flip,9507.0249,NA,22.84430000000000,21.86490000000000,19.98030000000000,41.62140000000000,41.6807,9503.0038,24.0014,4.0211,19.9803,22.2844,23.3581,6.0025,17.3556,0.9961,9503.0038,NA,50.1949,NA
BioshockHD.exe,18704,0xB251BA8,DXGI,0,0,1,Hardware Composed: Independent Flip,9531.1978,NA,24.17290000000000,23.21330000000000,17.61460000000000,40.67290000000000,40.7211,9527.0052,21.8072,4.1926,17.6146,21.6411,23.2244,5.9673,17.2571,0.7881,9527.0052,NA,55.4125,NA
BioshockHD.exe,18704,0xB251BA8,DXGI,0,0,1,Hardware Composed: Independent Flip,9553.0638,NA,21.86600000000000,24.84890000000000,18.99210000000000,42.12020000000000,43.7040,9548.8124,23.2435,4.2514,18.9921,23.0583,23.3133,5.9495,17.3638,-3.0417,9548.8124,NA,55.1821,NA
BioshockHD.exe,18704,0xB251BA8,DXGI,0,0,1,Hardware Composed: Independent Flip,9576.0854,NA,23.02160000000000,21.77760000000000,20.78370000000000,42.38760000000000,42.4600,9572.0559,24.8132,4.0295,20.7837,23.1281,23.2890,5.9880,17.3010,1.4659,9572.0559,NA,54.0308,NA
BioshockHD.exe,18704,0xB251BA8,DXGI,0,0,1,Hardware Composed: Independent Flip,9601.4507,NA,25.36530000000000,23.34250000000000,17.19770000000000,40.38040000000000,40.4372,9596.8691,21.7793,4.5816,17.1977,21.6039,23.3581,6.0120,17.3461,1.4707,9596.8691,NA,62.3694,NA
BioshockHD.exe,18704,0xB251BA8,DXGI,0,0,1,Hardware Composed: Independent Flip,9622.6963,NA,21.24560000000000,25.29130000000000,19.34190000000000,42.83340000000000,44.4829,9618.6484,23.3898,4.0479,19.3419,23.1827,23.6986,5.9827,17.7159,-3.5120,9618.6484,NA,45.6675,NA
BioshockHD.exe,18704,0xB251BA8,DXGI,0,0,1,Hardware Composed: Independent Flip,9646.2668,NA,23.57050000000000,24.79730000000000,21.00900000000000,42.69870000000000,45.7097,9642.0382,25.2376,4.2286,21.0090,23.4915,23.4358,6.0579,17.3779,-1.4075,9642.0382,NA,47.4502,NA
BioshockHD.exe,18704,0xB251BA8,DXGI,0,0,1,Hardware Composed: Independent Flip,9671.1580,NA,24.89120000000000,20.39230000000000,20.93570000000000,41.16240000000001,41.2108,9667.2758,24.8179,3.8822,20.9357,21.6897,23.3549,5.9090,17.4459,4.8453,9667.2758,NA,48.8297,NA
BioshockHD.exe,18704,0xB251BA8,DXGI,0,0,1,Hardware Composed: Independent Flip,9696.2710,NA,25.11300000000000,24.78830000000000,16.23680000000000,39.26340000000000,40.8861,9692.0937,20.4141,4.1773,16.2368,20.2267,23.2140,6.0083,17.2057,0.0296,9692.0937,NA,46.5805,NA
BioshockHD.exe,18704,0xB251BA8,DXGI,0,0,1,Hardware Composed: Independent Flip,9716.5535,NA,20.28250000000000,22.16350000000000,20.70200000000000,42.67750000000000,42.7671,9712.5078,24.7477,4.0457,20.7020,23.0266,23.6966,6.0114,17.6852,-1.7494,9712.5078,NA,43.7739,NA
BioshockHD.exe,18704,0xB251BA8,DXGI,0,0,1,Hardware Composed: Independent Flip,9741.4621,NA,24.90860000000000,23.72050000000000,17.94910000000000,41.51490000000000,41.5790,9737.2555,22.1557,4.2066,17.9491,21.9755,23.7460,6.0024,17.7436,1.0272,9737.2555,NA,45.5256,NA
BioshockHD.exe,18704,0xB251BA8,DXGI,0,0,1,Hardware Composed: Independent Flip,9763.3491,NA,21.88700000000000,24.86600000000000,19.80090000000000,42.94210000000000,44.5580,9759.4112,23.7388,3.9379,19.8009,23.5658,23.3142,6.0066,17.3076,-2.7103,9759.4112,NA,51.3920,NA
BioshockHD.exe,18704,0xB251BA8,DXGI,0,0,1,Hardware Composed: Independent Flip,9786.9636,NA,23.61450000000000,21.68950000000000,21.03900000000000,42.53030000000000,42.6330,9783.1500,24.8526,3.8136,21.0390,23.1412,23.2027,5.9687,17.2340,2.0493,9783.1500,NA,43.0745,NA
BioshockHD.exe,18704,0xB251BA8,DXGI,0,0,1,Hardware Composed: Independent Flip,9811.9137,NA,24.95010000000000,23.09170000000000,17.78640000000000,40.69720000000000,40.7746,9808.0026,21.6975,3.9111,17.7864,21.4913,23.1170,5.9901,17.1269,1.7609,9808.0026,NA,43.1761,NA
BioshockHD.exe,18704,0xB251BA8,DXGI,0,0,1,Hardware Composed: Independent Flip,9833.8127,NA,21.89900000000000,24.46770000000000,18.98630000000000,41.76160000000000,43.3433,9829.7001,23.0989,4.1126,18.9863,22.9108,22.9634,5.6917,17.2717,-2.7702,9829.7001,NA,43.6400,NA
BioshockHD.exe,18704,0xB251BA8,DXGI,0,0,1,Hardware Composed: Independent Flip,9856.8523,NA,23.03960000000000,21.53550000000000,20.45270000000000,41.79150000000000,41.8392,9852.7990,24.5060,4.0533,20.4527,22.7753,23.0695,5.7585,17.3110,1.5634,9852.7990,NA,57.1802,NA
BioshockHD.exe,18704,0xB251BA8,DXGI,0,0,1,Hardware Composed: Independent Flip,9881.1806,NA,24.32830000000000,23.02900000000000,17.66580000000000,40.45600000000000,40.5399,9877.3050,21.5414,3.8756,17.6658,21.3388,22.9928,5.6609,17.3319,1.4770,9877.3050,NA,62.1949,NA
BioshockHD.exe,18704,0xB251BA8,DXGI,0,0,1,Hardware Composed: Independent Flip,9902.9668,NA,21.78620000000000,23.81000000000000,18.89080000000000,40.95540000000000,42.5637,9898.8464,23.0112,4.1204,18.8908,22.7902,22.2856,5.7238,16.5618,-2.2686,9898.8464,NA,45.0102,NA
BioshockHD.exe,18704,0xB251BA8,DXGI,0,0,1,Hardware Composed: Independent Flip,9925.7530,NA,22.78620000000000,21.00150000000000,19.87810000000000,40.72410000000000,40.7790,9921.8576,23.7735,3.8954,19.8781,22.0646,22.5549,5.2576,17.2973,2.0097,9921.8576,NA,48.0246,NA
BioshockHD.exe,18704,0xB251BA8,DXGI,0,0,1,Hardware Composed: Independent Flip,9949.7081,NA,23.95510000000000,22.77300000000000,16.95370000000000,39.52770000000000,39.5969,9945.6311,21.0307,4.0770,16.9537,20.8460,22.7587,5.9884,16.7703,1.0005,9945.6311,NA,41.7914,NA
BioshockHD.exe,18704,0xB251BA8,DXGI,0,0,1,Hardware Composed: Independent Flip,9970.8957,NA,21.18760000000000,24.01250000000000,18.50970000000000,41.53120000000001,42.4218,9966.6618,22.7436,4.2339,18.5097,22.5740,23.1911,6.0681,17.1230,-2.9818,9966.6618,NA,44.7989,NA
BioshockHD.exe,18704,0xB251BA8,DXGI,0,0,1,Hardware Composed: Independent Flip,9993.3253,NA,22.42960000000000,22.52890000000000,20.11900000000000,42.44090000000000,42.5211,9989.4054,24.0389,3.9199,20.1190,23.0215,23.3393,6.0483,17.2910,0.2147,9989.4054,NA,44.3330,NA
BioshockHD.exe,18704,0xB251BA8,DXGI,0,0,1,Hardware Composed: Independent Flip,10017.3980,NA,24.07270000000000,24.93680000000000,18.55270000000000,41.79220000000000,43.3852,10013.4443,22.5064,3.9537,18.5527,22.3219,23.4240,6.0423,17.3817,-0.8979,10013.4443,NA,47.2727,NA
BioshockHD.exe,18704,0xB251BA8,DXGI,0,0,1,Hardware Composed: Independent Flip,10039.8707,NA,22.47270000000000,21.98800000000000,21.08660000000000,42.82050000000000,42.9005,10035.9507,25.0066,3.9200,21.0866,23.2395,23.5010,6.0672,17.4338,0.5184,10035.9507,NA,53.2628,NA
BioshockHD.exe,18704,0xB251BA8,DXGI,0,0,1,Hardware Composed: Independent Flip,10064.9408,NA,25.07010000000000,23.36400000000000,17.93110000000000,41.11440000000000,41.1944,10060.9573,21.9146,3.9835,17.9311,21.7339,23.3640,6.0281,17.3359,1.6426,10060.9573,NA,42.5917,NA
BioshockHD.exe,18704,0xB251BA8,DXGI,0,0,1,Hardware Composed: Independent Flip,10086.7440,NA,21.80320000000000,24.11510000000000,19.49930000000000,41.87690000000000,43.5063,10082.8719,23.3714,3.8721,19.4993,23.1833,22.5657,6.0670,16.4987,-2.2005,10082.8719,NA,46.7341,NA
BioshockHD.exe,18704,0xB251BA8,DXGI,0,0,1,Hardware Composed: Independent Flip,10110.6020,NA,23.85800000000000,21.83800000000000,19.75650000000000,41.42490000000000,41.4863,10106.2433,24.1152,4.3587,19.7565,22.3776,23.4060,6.0740,17.3320,1.5334,10106.2433,NA,42.5680,NA
BioshockHD.exe,18704,0xB251BA8,DXGI,0,0,1,Hardware Composed: Independent Flip,10134.6681,NA,24.06610000000000,23.27300000000000,17.52830000000000,40.61420000000000,40.6932,10130.3585,21.8379,4.3096,17.5283,21.6684,23.2554,6.0064,17.2490,0.8422,10130.3585,NA,40.8426,NA
BioshockHD.exe,18704,0xB251BA8,DXGI,0,0,1,Hardware Composed: Independent Flip,10156.9811,NA,22.31300000000000,24.85310000000000,18.48530000000000,41.65840000000000,43.2333,10152.1964,23.2700,4.7847,18.4853,23.0859,23.3572,6.0967,17.2605,-3.0152,10152.1964,NA,45.6420,NA
BioshockHD.exe,18704,0xB251BA8,DXGI,0,0,1,Hardware Composed: Independent Flip,10179.4089,NA,22.42780000000000,21.83140000000000,20.90150000000000,42.56580000000000,42.6369,10175.4664,24.8440,3.9425,20.9015,23.1731,23.3352,6.0378,17.2974,1.4386,10175.4664,NA,45.5312,NA
BioshockHD.exe,18704,0xB251BA8,DXGI,0,0,1,Hardware Composed: Independent Flip,10204.0916,NA,24.68270000000000,22.54710000000000,18.06620000000000,40.42210000000000,40.5013,10200.3104,21.8474,3.7812,18.0662,21.6643,22.5390,6.0509,16.4881,2.2969,10200.3104,NA,43.0764,NA
BioshockHD.exe,18704,0xB251BA8,DXGI,0,0,1,Hardware Composed: Independent Flip,10226.0496,NA,21.95800000000000,25.70520000000000,18.65130000000000,42.58430000000000,44.2485,10222.1578,22.5431,3.8918,18.6513,22.3559,24.1202,6.0677,18.0525,-3.8578,10222.1578,NA,47.7792,NA
BioshockHD.exe,18704,0xB251BA8,DXGI,0,0,1,Hardware Composed: Independent Flip,10248.6129,NA,22.56330000000000,24.64070000000000,21.77600000000000,43.31950000000001,46.3259,10244.7009,25.6880,3.9120,21.7760,23.9330,23.2985,6.0723,17.2262,-2.0976,10244.7009,NA,48.4127,NA
BioshockHD.exe,18704,0xB251BA8,DXGI,0,0,1,Hardware Composed: Independent Flip,10274.3316,NA,25.71870000000000,20.33060000000000,20.71380000000000,40.85760000000001,40.9378,10270.3889,24.6565,3.9427,20.7138,21.5435,23.2568,6.0105,17.2463,5.3574,10270.3889,NA,48.7561,NA
BioshockHD.exe,18704,0xB251BA8,DXGI,0,0,1,Hardware Composed: Independent Flip,10298.8389,NA,24.50730000000000,25.17120000000000,16.53600000000000,39.93840000000000,41.6017,10295.0454,20.3295,3.7935,16.5360,20.1438,23.5881,6.0796,17.5085,-0.5147,10295.0454,NA,44.9210,NA
BioshockHD.exe,18704,0xB251BA8,DXGI,0,0,1,Hardware Composed: Independent Flip,10319.4773,NA,20.63840000000000,21.75230000000000,21.09340000000000,42.64370000000000,42.7156,10315.3749,25.1958,4.1024,21.0934,23.4024,23.3437,6.0580,17.2857,-1.4228,10315.3749,NA,47.6827,NA
BioshockHD.exe,18704,0xB251BA8,DXGI,0,0,1,Hardware Composed: Independent Flip,10345.0286,NA,25.55130000000000,23.23550000000000,17.36380000000000,40.33290000000000,40.3998,10340.5707,21.8217,4.4579,17.3638,21.5503,23.2405,6.0326,17.2079,1.9603,10340.5707,NA,46.9171,NA
BioshockHD.exe,18704,0xB251BA8,DXGI,0,0,1,Hardware Composed: Independent Flip,10366.4754,NA,21.44680000000000,24.97580000000000,19.05470000000000,42.24430000000000,43.9288,10362.3924,23.1377,4.0830,19.0547,22.9691,23.3582,6.1063,17.2519,-3.1541,10362.3924,NA,50.8967,NA
BioshockHD.exe,18704,0xB251BA8,DXGI,0,0,1,Hardware Composed: Independent Flip,10389.4755,NA,23.00010000000000,21.83220000000000,21.10250000000000,42.67910000000001,42.7609,10385.5301,25.0479,3.9454,21.1025,23.1896,23.4349,6.0436,17.3913,1.3055,10385.5301,NA,62.7213,NA
BioshockHD.exe,18704,0xB251BA8,DXGI,0,0,1,Hardware Composed: Independent Flip,10414.8339,NA,25.35840000000000,23.28090000000000,17.49470000000000,40.60170000000000,40.6834,10410.5780,21.7506,4.2559,17.4947,21.5766,23.2810,6.0200,17.2610,1.7670,10410.5780,NA,42.9572,NA
BioshockHD.exe,18704,0xB251BA8,DXGI,0,0,1,Hardware Composed: Independent Flip,10436.2423,NA,21.40840000000000,24.23050000000000,19.38840000000000,41.88510000000000,43.5055,10432.3286,23.3021,3.9137,19.3884,23.1070,22.6918,6.0834,16.6084,-2.4799,10432.3286,NA,44.2114,NA
BioshockHD.exe,18704,0xB251BA8,DXGI,0,0,1,Hardware Composed: Independent Flip,10459.5729,NA,23.33060000000000,21.89900000000000,20.27230000000000,41.98720000000000,42.0739,10455.6307,24.2145,3.9422,20.2723,22.4967,23.4327,6.0702,17.3625,1.4031,10455.6307,NA,44.1360,NA
BioshockHD.exe,18704,0xB251BA8,DXGI,0,0,1,Hardware Composed: Independent Flip,10483.8347,NA,24.26180000000000,23.34940000000000,17.92300000000000,41.08560000000000,41.1615,10479.8452,21.9125,3.9895,17.9230,21.7149,23.3602,6.0720,17.2882,0.8651,10479.8452,NA,41.4778,NA
BioshockHD.exe,18704,0xB251BA8,DXGI,0,0,1,Hardware Composed: Independent Flip,10505.9552,NA,22.12050000000000,24.87820000000000,19.15810000000000,42.23940000000000,43.9192,10501.7577,23.3556,4.1975,19.1581,23.1626,23.2743,6.0350,17.2393,-2.9657,10501.7577,NA,45.3646,NA
BioshockHD.exe,18704,0xB251BA8,DXGI,0,0,1,Hardware Composed: Independent Flip,10529.0209,NA,23.06570000000000,21.66180000000000,20.95660000000000,42.41790000000000,42.5153,10525.1133,24.8642,3.9076,20.9566,23.0813,23.2442,6.0177,17.2265,1.6938,10525.1133,NA,45.0234,NA
BioshockHD.exe,18704,0xB251BA8,DXGI,0,0,1,Hardware Composed: Independent Flip,10554.0874,NA,25.06650000000000,23.17910000000000,17.59180000000000,40.54460000000000,40.6279,10549.9775,21.7017,4.1099,17.5918,21.4613,23.1932,6.0301,17.1631,1.6851,10549.9775,NA,57.1962,NA
BioshockHD.exe,18704,0xB251BA8,DXGI,0,0,1,Hardware Composed: Independent Flip,10575.8176,NA,21.73020000000000,24.96820000000000,18.99960000000000,42.12230000000000,43.8659,10571.6792,23.1380,4.1384,18.9996,22.9528,23.3079,6.0752,17.2327,-3.2665,10571.6792,NA,54.1715,NA
BioshockHD.exe,18704,0xB251BA8,DXGI,0,0,1,Hardware Composed: Independent Flip,10598.7636,NA,22.94600000000000,21.21710000000000,21.02010000000000,42.07940000000000,42.1370,10594.8172,24.9665,3.9464,21.0201,23.1227,22.9031,6.0810,16.8221,1.9209,10594.8172,NA,42.3915,NA
BioshockHD.exe,18704,0xB251BA8,DXGI,0,0,1,Hardware Composed: Independent Flip,10623.6778,NA,24.91420000000000,23.60590000000000,17.33620000000000,40.74540000000000,40.8287,10619.7837,21.2303,3.8941,17.3362,21.0593,23.5802,6.0400,17.5402,1.3606,10619.7837,NA,40.9951,NA
BioshockHD.exe,18704,0xB251BA8,DXGI,0,0,1,Hardware Composed: Independent Flip,10645.2339,NA,21.55610000000000,25.05580000000000,19.37240000000000,42.59450000000000,44.3284,10641.0140,23.5923,4.2199,19.3724,23.4092,23.4052,6.0626,17.3426,-3.8255,10641.0140,NA,47.0516,NA
BioshockHD.exe,18704,0xB251BA8,DXGI,0,0,1,Hardware Composed: Independent Flip,10668.5859,NA,23.35200000000000,21.62360000000000,21.07520000000000,42.50910000000000,42.6000,10664.6063,25.0548,3.9796,21.0752,23.2221,23.2666,6.0398,17.2268,1.9687,10664.6063,NA,43.6732,NA
BioshockHD.exe,18704,0xB251BA8,DXGI,0,0,1,Hardware Composed: Independent Flip,10693.7822,NA,25.19630000000000,23.30260000000000,17.54410000000000,40.63430000000000,40.7063,10689.6611,21.6652,4.1211,17.5441,21.4339,23.3215,6.0508,17.2707,1.7522,10689.6611,NA,40.9265,NA
BioshockHD.exe,18704,0xB251BA8,DXGI,0,0,1,Hardware Composed: Independent Flip,10715.4599,NA,21.67770000000000,24.97160000000000,19.12610000000000,42.22260000000000,44.0002,10711.3263,23.2597,4.1336,19.1261,23.0902,23.2660,6.0331,17.2329,-3.3064,10711.3263,NA,44.9369,NA
BioshockHD.exe,18704,0xB251BA8,DXGI,0,0,1,Hardware Composed: Independent Flip,10738.5788,NA,23.11890000000000,25.36450000000000,20.98090000000000,43.23620000000000,46.2458,10734.5860,24.9737,3.9928,20.9809,23.0965,24.1325,6.0465,18.0860,-2.1048,10734.5860,NA,52.3095,NA
BioshockHD.exe,18704,0xB251BA8,DXGI,0,0,1,Hardware Composed: Independent Flip,10763.4829,NA,24.90410000000000,19.78730000000000,21.44490000000000,41.05480000000000,41.1290,10759.5597,25.3681,3.9232,21.4449,22.2553,22.7227,6.0044,16.7183,5.1864,10759.5597,NA,55.1017,NA
BioshockHD.exe,18704,0xB251BA8,DXGI,0,0,1,Hardware Composed: Independent Flip,10789.1226,NA,25.63970000000000,24.82440000000000,15.59380000000000,38.62470000000000,40.3137,10784.9278,19.7886,4.1948,15.5938,19.6099,23.2096,6.0343,17.1753,0.5437,10784.9278,NA,43.9171,NA
BioshockHD.exe,18704,0xB251BA8,DXGI,0,0,1,Hardware Composed: Independent Flip,10808.3576,NA,19.23500000000000,21.64250000000000,21.19170000000000,42.63400000000000,42.7212,10804.7164,24.8329,3.6412,21.1917,23.0309,23.2443,6.0432,17.2011,-1.8539,10804.7164,NA,48.5632,NA
BioshockHD.exe,18704,0xB251BA8,DXGI,0,0,1,Hardware Composed: Independent Flip,10833.4839,NA,25.12630000000000,23.29220000000000,17.69000000000000,40.80850000000000,40.8871,10829.5493,21.6246,3.9346,17.6900,21.4423,23.3008,6.0251,17.2757,1.5407,10829.5493,NA,43.8474,NA
BioshockHD.exe,18704,0xB251BA8,DXGI,0,0,1,Hardware Composed: Independent Flip,10855.1330,NA,21.64910000000000,24.34600000000000,19.34020000000000,41.86820000000000,43.5840,10851.1739,23.2993,3.9591,19.3402,23.1185,22.7088,6.0322,16.6766,-2.7214,10851.1739,NA,44.2025,NA
BioshockHD.exe,18704,0xB251BA8,DXGI,0,0,1,Hardware Composed: Independent Flip,10878.7783,NA,23.64530000000000,21.89440000000000,20.03650000000000,41.74730000000000,41.8331,10874.4732,24.3416,4.3051,20.0365,22.5280,23.5244,6.6883,16.8361,1.4049,10874.4732,NA,42.1005,NA
BioshockHD.exe,18704,0xB251BA8,DXGI,0,0,1,Hardware Composed: Independent Flip,10902.5821,NA,23.80380000000000,23.29090000000000,18.19570000000000,41.23460000000000,41.3202,10898.8148,21.9630,3.7673,18.1957,21.7108,23.2911,5.9940,17.2971,1.0507,10898.8148,NA,43.3861,NA
BioshockHD.exe,18704,0xB251BA8,DXGI,0,0,1,Hardware Composed: Independent Flip,10925.0913,NA,22.50920000000000,25.11810000000000,19.07330000000000,42.09040000000000,43.9291,10920.7778,23.3868,4.3135,19.0733,23.0389,23.3650,5.9816,17.3834,-3.1551,10920.7778,NA,64.5082,NA
BioshockHD.exe,18704,0xB251BA8,DXGI,0,0,1,Hardware Composed: Independent Flip,10948.3829,NA,23.29160000000000,21.68310000000000,20.73830000000000,42.24180000000000,42.3206,10944.1646,24.9566,4.2183,20.7383,23.0171,23.4430,6.6481,16.7949,1.7037,10944.1646,NA,49.1926,NA
BioshockHD.exe,18704,0xB251BA8,DXGI,0,0,1,Hardware Composed: Independent Flip,10973.2843,NA,24.90140000000000,22.55410000000000,17.51970000000000,39.90870000000000,39.9733,10969.1212,21.6828,4.1631,17.5197,21.5035,22.5683,6.0181,16.5502,2.4025,10969.1212,NA,40.7374,NA
BioshockHD.exe,18704,0xB251BA8,DXGI,0,0,1,Hardware Composed: Independent Flip,10994.6844,NA,21.40010000000000,25.39880000000000,18.67270000000000,42.05420000000000,43.9720,10990.8040,22.5531,3.8804,18.6727,22.3890,23.5456,6.7804,16.7652,-3.7160,10990.8040,NA,47.1461,NA
BioshockHD.exe,18704,0xB251BA8,DXGI,0,0,1,Hardware Composed: Independent Flip,11017.3897,NA,22.70530000000000,21.56380000000000,21.36820000000000,42.74290000000000,42.8305,11013.3571,25.4008,4.0326,21.3682,23.3815,23.3940,5.9985,17.3955,0.9893,11013.3571,NA,43.6989,NA
BioshockHD.exe,18704,0xB251BA8,DXGI,0,0,1,Hardware Composed: Independent Flip,11042.7126,NA,25.32290000000000,23.33330000000000,17.61280000000000,40.75070000000000,40.8409,11038.7579,21.5675,3.9547,17.6128,21.3747,23.3307,6.0088,17.3219,2.0675,11038.7579,NA,42.0399,NA
BioshockHD.exe,18704,0xB251BA8,DXGI,0,0,1,Hardware Composed: Independent Flip,11065.0438,NA,22.33120000000000,25.19110000000000,18.63750000000000,41.76060000000000,43.7008,11060.3254,23.3559,4.7184,18.6375,23.1379,23.3411,5.9969,17.3442,-3.6236,11060.3254,NA,44.2314,NA
BioshockHD.exe,18704,0xB251BA8,DXGI,0,0,1,Hardware Composed: Independent Flip,11087.5454,NA,22.50160000000000,21.42290000000000,21.29450000000000,42.52810000000000,42.6221,11083.6813,25.1586,3.8641,21.2945,23.1231,23.2691,5.9997,17.2694,1.9330,11083.6813,NA,43.6607,NA
BioshockHD.exe,18704,0xB251BA8,DXGI,0,0,1,Hardware Composed: Independent Flip,11112.6944,NA,25.14900000000000,23.34050000000000,17.57210000000000,40.73790000000000,40.8136,11108.8399,21.4266,3.8545,17.5721,21.2336,23.3588,5.9344,17.4244,1.8181,11108.8399,NA,42.9996,NA
BioshockHD.exe,18704,0xB251BA8,DXGI,0,0,1,Hardware Composed: Independent Flip,11134.0906,NA,21.39620000000000,25.26770000000000,19.57560000000000,42.64970000000000,44.6851,11130.2665,23.3997,3.8241,19.5756,23.1658,23.3080,5.9281,17.3799,-3.8411,11130.2665,NA,48.2639,NA
BioshockHD.exe,18704,0xB251BA8,DXGI,0,0,1,Hardware Composed: Independent Flip,11157.6742,NA,23.58360000000000,21.27070000000000,21.20510000000000,42.29210000000000,42.3722,11153.6662,25.2131,4.0080,21.2051,23.0741,23.2260,5.9608,17.2652,2.1290,11153.6662,NA,45.5010,NA
BioshockHD.exe,18704,0xB251BA8,DXGI,0,0,1,Hardware Composed: Independent Flip,11182.7675,NA,25.09330000000000,23.29050000000000,17.38240000000000,40.48990000000000,40.5694,11178.8793,21.2706,3.8882,17.3824,21.0870,23.2911,5.9381,17.3530,1.9226,11178.8793,NA,50.8285,NA
BioshockHD.exe,18704,0xB251BA8,DXGI,0,0,1,Hardware Composed: Independent Flip,11204.0386,NA,21.27110000000000,25.41260000000000,19.44650000000000,42.53100000000000,44.7109,11200.1499,23.3352,3.8887,19.4465,23.1075,23.3122,5.9358,17.3764,-4.1420,11200.1499,NA,49.2395,NA
BioshockHD.exe,18704,0xB251BA8,DXGI,0,0,1,Hardware Composed: Independent Flip,11227.3662,NA,23.32760000000000,21.12090000000000,21.52920000000000,42.42320000000000,42.5042,11223.4851,25.4103,3.8811,21.5292,23.0845,23.2198,5.9087,17.3111,2.2143,11223.4851,NA,45.3564,NA
BioshockHD.exe,18704,0xB251BA8,DXGI,0,0,1,Hardware Composed: Independent Flip,11252.8618,NA,25.49560000000000,23.34220000000000,17.41310000000000,40.27600000000000,40.3508,11248.8954,21.3795,3.9664,17.4131,20.8940,23.3484,5.8870,17.4614,2.0681,11248.8954,NA,41.6510,NA
BioshockHD.exe,18704,0xB251BA8,DXGI,0,0,1,Hardware Composed: Independent Flip,11274.6889,NA,21.82710000000000,25.35250000000000,18.63260000000000,41.73950000000000,43.8762,11270.2749,23.0466,4.4140,18.6326,22.8629,23.2906,5.9484,17.3422,-3.9730,11270.2749,NA,49.0198,NA
BioshockHD.exe,18704,0xB251BA8,DXGI,0,0,1,Hardware Composed: Independent Flip,11297.2655,NA,22.57660000000000,21.21650000000000,21.42600000000000,42.42780000000000,42.5161,11293.3215,25.3700,3.9440,21.4260,23.1069,23.2649,5.9250,17.3399,1.8301,11293.3215,NA,46.2653,NA
BioshockHD.exe,18704,0xB251BA8,DXGI,0,0,1,Hardware Composed: Independent Flip,11322.4676,NA,25.20210000000000,23.25470000000000,17.40920000000000,40.49830000000000,40.5687,11318.6915,21.1853,3.7761,17.4092,21.0018,23.2726,5.8871,17.3855,2.1153,11318.6915,NA,41.5243,NA
BioshockHD.exe,18704,0xB251BA8,DXGI,0,0,1,Hardware Composed: Independent Flip,11343.7563,NA,21.28870000000000,25.59820000000000,19.38500000000000,42.65980000000000,44.8782,11339.8768,23.2645,3.8795,19.3850,23.0891,23.4502,5.9593,17.4909,-4.4129,11339.8768,NA,45.1241,NA
BioshockHD.exe,18704,0xB251BA8,DXGI,0,0,1,Hardware Composed: Independent Flip,11366.9507,NA,23.19440000000000,20.97660000000000,21.85770000000000,42.56150000000000,42.6604,11363.1413,25.6671,3.8094,21.8577,23.2748,23.0961,5.8115,17.2846,2.2879,11363.1413,NA,45.0649,NA
BioshockHD.exe,18704,0xB251BA8,DXGI,0,0,1,Hardware Composed: Independent Flip,11392.9979,NA,26.04720000000000,23.23210000000000,16.74310000000000,39.77020000000000,39.8453,11388.8084,20.9326,4.1895,16.7431,20.7038,23.2559,6.0372,17.2187,2.4350,11388.8084,NA,43.3110,NA
BioshockHD.exe,18704,0xB251BA8,DXGI,0,0,1,Hardware Composed: Independent Flip,11413.7991,NA,20.80120000000000,24.25310000000000,19.14420000000000,41.34020000000000,43.2972,11409.7410,23.2023,4.0581,19.1442,23.0271,22.3712,5.8856,16.4856,-3.3205,11409.7410,NA,43.5790,NA
BioshockHD.exe,18704,0xB251BA8,DXGI,0,0,1,Hardware Composed: Independent Flip,11436.7836,NA,22.98450000000000,21.50930000000000,20.40880000000000,41.74630000000001,41.8220,11432.9433,24.2491,3.8403,20.4088,22.1960,23.3906,5.8625,17.5281,1.6930,11432.9433,NA,46.0748,NA
BioshockHD.exe,18704,0xB251BA8,DXGI,0,0,1,Hardware Composed: Independent Flip,11460.8319,NA,24.04830000000000,23.20390000000000,17.87430000000000,40.90080000000000,40.9776,11457.1924,21.5138,3.6395,17.8743,21.3375,23.2028,5.8627,17.3401,1.0452,11457.1924,NA,42.2925,NA
BioshockHD.exe,18704,0xB251BA8,DXGI,0,0,1,Hardware Composed: Independent Flip,11482.3527,NA,21.52080000000000,25.38730000000000,19.56040000000000,42.64970000000000,44.8441,11478.7062,23.2069,3.6465,19.5604,23.0265,23.2697,5.8653,17.4044,-3.8735,11478.7062,NA,45.6808,NA
BioshockHD.exe,18704,0xB251BA8,DXGI,0,0,1,Hardware Composed: Independent Flip,11505.6502,NA,23.29750000000000,20.91670000000000,21.63950000000000,42.39070000000000,42.4633,11501.9131,25.3766,3.7371,21.6395,23.0893,23.0385,5.8145,17.2240,2.2902,11501.9131,NA,44.5963,NA
BioshockHD.exe,18704,0xB251BA8,DXGI,0,0,1,Hardware Composed: Independent Flip,11531.4004,NA,25.75020000000000,23.15220000000000,16.81050000000000,39.79150000000000,39.8653,11527.2897,20.9212,4.1107,16.8105,20.7512,23.1510,5.8357,17.3153,2.2244,11527.2897,NA,41.7545,NA
BioshockHD.exe,18704,0xB251BA8,DXGI,0,0,1,Hardware Composed: Independent Flip,11552.3505,NA,20.95010000000000,25.38440000000000,19.04860000000000,42.07920000000000,44.2996,11548.2109,23.1882,4.1396,19.0486,22.9810,23.2378,5.8475,17.3903,-4.4632,11548.2109,NA,45.1406,NA
BioshockHD.exe,18704,0xB251BA8,DXGI,0,0,1,Hardware Composed: Independent Flip,11575.7624,NA,23.41190000000000,20.91700000000000,20.98330000000000,41.72920000000000,41.8047,11571.3991,25.3466,4.3633,20.9833,23.0306,23.0619,5.8116,17.2503,2.2712,11571.3991,NA,42.0487,NA
BioshockHD.exe,18704,0xB251BA8,DXGI,0,0,1,Hardware Composed: Independent Flip,11601.6925,NA,25.93010000000000,23.13520000000000,15.98920000000000,38.93120000000000,39.0098,11596.7457,20.9360,4.9468,15.9892,20.7459,23.1321,5.8041,17.3280,2.2114,11596.7457,NA,41.1840,NA
BioshockHD.exe,18704,0xB251BA8,DXGI,0,0,1,Hardware Composed: Independent Flip,11621.8223,NA,20.12980000000000,25.47800000000000,18.98480000000000,42.07070000000000,44.3580,11617.6817,23.1254,4.1406,18.9848,22.9420,23.2693,5.9073,17.3620,-4.5420,11617.6817,NA,44.6713,NA
BioshockHD.exe,18704,0xB251BA8,DXGI,0,0,1,Hardware Composed: Independent Flip,11644.6488,NA,22.82650000000000,21.15310000000000,21.69450000000000,42.60760000000001,42.6846,11640.8071,25.5362,3.8417,21.6945,23.0859,23.3634,5.8598,17.5036,1.9723,11640.8071,NA,45.8192,NA
BioshockHD.exe,18704,0xB251BA8,DXGI,0,0,1,Hardware Composed: Independent Flip,11670.5111,NA,25.86230000000000,23.20910000000000,16.96440000000000,39.98930000000000,40.0314,11666.3433,21.1322,4.1678,16.9644,20.9131,23.2440,5.8270,17.4170,2.3271,11666.3433,NA,45.0334,NA
BioshockHD.exe,18704,0xB251BA8,DXGI,0,0,1,Hardware Composed: Independent Flip,11691.7582,NA,21.24710000000000,25.33410000000000,18.92610000000000,41.89310000000000,44.1184,11687.4755,23.2088,4.2827,18.9261,23.0249,23.1509,5.7910,17.3599,-4.2019,11687.4755,NA,NA,NA
BioshockHD.exe,18704,0xB251BA8,DXGI,0,0,1,Hardware Composed: Independent Flip,11714.7630,NA,23.00480000000000,19.92880000000000,21.28550000000000,40.95740000000000,41.0424,11710.6843,25.3642,4.0787,21.2855,22.9670,22.0691,5.2784,16.7907,3.2800,11710.6843,NA,NA,NA
BioshockHD.exe,18704,0xB251BA8,DXGI,0,0,1,Hardware Composed: Independent Flip,11740.0458,NA,25.28280000000000,22.06960000000000,15.86760000000000,37.75650000000000,37.8292,11736.0485,19.8649,3.9973,15.8676,19.6719,22.0819,5.4561,16.6258,3.2946,11736.0485,NA,NA,NA
BioshockHD.exe,18704,0xB251BA8,DXGI,0,0,1,Hardware Composed: Independent Flip,11759.6960,NA,19.65020000000000,24.00300000000000,18.28450000000000,41.54750000000000,42.1820,11755.9134,22.0671,3.7826,18.2845,21.8889,23.4412,5.2984,18.1428,-4.1381,11755.9134,NA,NA,NA
BioshockHD.exe,18704,0xB251BA8,DXGI,0,0,1,Hardware Composed: Independent Flip,11781.9462,NA,22.25020000000000,21.82200000000000,20.02490000000000,41.67430000000000,41.7538,11777.9805,23.9906,3.9657,20.0249,23.2630,22.3770,5.4269,16.9501,0.2451,11777.9805,NA,43.1838,NA
BioshockHD.exe,18704,0xB251BA8,DXGI,0,0,1,Hardware Composed: Independent Flip,11805.8017,NA,23.85550000000000,23.99710000000000,17.99650000000000,40.74850000000000,41.8954,11801.9711,21.8271,3.8306,17.9965,21.6494,22.9297,5.8782,17.0515,-0.0065,11801.9711,NA,42.1800,NA
BioshockHD.exe,18704,0xB251BA8,DXGI,0,0,1,Hardware Composed: Independent Flip,11827.6179,NA,21.81620000000000,22.11300000000000,20.22250000000000,42.11650000000000,42.1922,11823.7982,24.0422,3.8197,20.2225,22.7520,23.1842,5.8160,17.3682,-0.2859,11823.7982,NA,43.2955,NA
BioshockHD.exe,18704,0xB251BA8,DXGI,0,0,1,Hardware Composed: Independent Flip,11851.7621,NA,24.14420000000000,23.99310000000000,18.14500000000000,41.10890000000000,42.0411,11847.8404,22.0667,3.9217,18.1450,21.8940,23.1366,5.8048,17.3318,0.0491,11847.8404,NA,43.2943,NA
BioshockHD.exe,18704,0xB251BA8,DXGI,0,0,1,Hardware Composed: Independent Flip,11873.6136,NA,21.85150000000000,22.26040000000000,20.28470000000000,42.37290000000000,42.4500,11869.9071,23.9912,3.7065,20.2847,22.9639,23.1155,5.8489,17.2666,-0.1937,11869.9071,NA,42.5553,NA
BioshockHD.exe,18704,0xB251BA8,DXGI,0,0,1,Hardware Composed: Independent Flip,11897.6312,NA,24.01760000000000,25.41300000000000,18.53340000000000,41.62390000000000,43.8454,11893.8983,22.2663,3.7329,18.5334,22.0882,23.2686,6.5237,16.7449,-1.4218,11893.8983,NA,46.9639,NA
BioshockHD.exe,18704,0xB251BA8,DXGI,0,0,1,Hardware Composed: Independent Flip,11919.8393,NA,22.20810000000000,21.03800000000000,21.73320000000000,42.57400000000001,42.6753,11916.1646,25.4079,3.6747,21.7332,23.0905,23.1582,5.9673,17.1909,1.2283,11916.1646,NA,45.0029,NA
BioshockHD.exe,18704,0xB251BA8,DXGI,0,0,1,Hardware Composed: Independent Flip,11945.3092,NA,25.46990000000000,23.12600000000000,17.31400000000000,40.24600000000000,40.3314,11941.5725,21.0507,3.7367,17.3140,20.8408,23.1419,6.4815,16.6604,2.2819,11941.5725,NA,41.1301,NA
BioshockHD.exe,18704,0xB251BA8,DXGI,0,0,1,Hardware Composed: Independent Flip,11966.4459,NA,21.13670000000000,25.23440000000000,19.31480000000000,42.25910000000000,44.4291,11962.6232,23.1375,3.8227,19.3148,22.9320,23.1498,5.8390,17.3108,-4.1837,11962.6232,NA,45.3611,NA
BioshockHD.exe,18704,0xB251BA8,DXGI,0,0,1,Hardware Composed: Independent Flip,11989.9423,NA,23.49640000000000,20.89780000000000,21.02870000000000,41.75730000000000,41.8305,11985.7607,25.2103,4.1816,21.0287,22.9443,22.9946,5.8217,17.1729,2.2397,11985.7607,NA,42.2643,NA
BioshockHD.exe,18704,0xB251BA8,DXGI,0,0,1,Hardware Composed: Independent Flip,12015.1453,NA,25.20300000000000,23.09760000000000,16.77780000000000,39.65020000000001,39.7251,12010.9710,20.9521,4.1743,16.7778,20.7286,23.0959,5.8534,17.2425,2.1127,12010.9710,NA,42.3618,NA
BioshockHD.exe,18704,0xB251BA8,DXGI,0,0,1,Hardware Composed: Independent Flip,12035.6041,NA,20.45880000000000,25.53720000000000,19.37010000000000,42.62080000000000,44.8035,12031.9231,23.0511,3.6810,19.3701,22.8724,23.4294,6.0334,17.3960,-4.5851,12031.9231,NA,47.8920,NA
BioshockHD.exe,18704,0xB251BA8,DXGI,0,0,1,Hardware Composed: Independent Flip,12059.0260,NA,23.42190000000000,21.03550000000000,21.48620000000000,42.33940000000000,42.4171,12054.9742,25.5380,4.0518,21.4862,23.2507,23.1405,5.7831,17.3574,2.0156,12054.9742,NA,42.9301,NA
BioshockHD.exe,18704,0xB251BA8,DXGI,0,0,1,Hardware Composed: Independent Flip,12084.2743,NA,25.24830000000000,23.26530000000000,17.27120000000000,40.35480000000000,40.4341,12080.5122,21.0333,3.7621,17.2712,20.8532,23.2637,5.8374,17.4263,2.2727,12080.5122,NA,43.2022,NA
BioshockHD.exe,18704,0xB251BA8,DXGI,0,0,1,Hardware Composed: Independent Flip,12105.6260,NA,21.35170000000000,25.26280000000000,19.18120000000000,42.21190000000000,44.3452,12101.5455,23.2617,4.0805,19.1812,23.0836,23.2088,5.8753,17.3335,-4.2295,12101.5455,NA,47.4586,NA
BioshockHD.exe,18704,0xB251BA8,DXGI,0,0,1,Hardware Composed: Independent Flip,12128.8869,NA,23.26090000000000,21.03100000000000,21.17870000000000,42.03360000000000,42.1153,12124.8072,25.2584,4.0797,21.1787,23.0307,23.0826,5.8636,17.2190,2.2307,12124.8072,NA,53.4964,NA
BioshockHD.exe,18704,0xB251BA8,DXGI,0,0,1,Hardware Composed: Independent Flip,12154.1715,NA,25.28460000000000,23.73240000000000,16.92820000000000,40.48790000000000,40.5631,12150.0656,21.0341,4.1059,16.9282,20.8549,23.7389,6.1573,17.5816,1.5260,12150.0656,NA,42.2190,NA
BioshockHD.exe,18704,0xB251BA8,DXGI,0,0,1,Hardware Composed: Independent Flip,12175.1703,NA,20.99880000000000,24.31680000000000,19.67030000000000,42.00310000000000,43.8811,12171.0997,23.7409,4.0706,19.6703,23.5597,22.5140,5.9039,16.6101,-3.2827,12171.0997,NA,45.5368,NA
BioshockHD.exe,18704,0xB251BA8,DXGI,0,0,1,Hardware Composed: Independent Flip,12198.7877,NA,23.61740000000000,21.57040000000000,20.36250000000000,41.75850000000001,41.8341,12194.8406,24.3096,3.9471,20.3625,22.3328,23.3728,5.9295,17.4433,2.1705,12194.8406,NA,44.1087,NA
BioshockHD.exe,18704,0xB251BA8,DXGI,0,0,1,Hardware Composed: Independent Flip,12222.8775,NA,24.08980000000000,23.34190000000000,17.88150000000000,41.01700000000000,41.0862,12219.1502,21.6088,3.7273,17.8815,21.3960,23.3483,5.9364,17.4119,0.9677,12219.1502,NA,51.4510,NA
BioshockHD.exe,18704,0xB251BA8,DXGI,0,0,1,Hardware Composed: Independent Flip,12245.1098,NA,22.23230000000000,25.21360000000000,18.96180000000000,42.04920000000000,44.0675,12240.7590,23.3126,4.3508,18.9618,23.1355,23.2645,5.8838,17.3807,-3.6048,12240.7590,NA,65.6680,NA
BioshockHD.exe,18704,0xB251BA8,DXGI,0,0,1,Hardware Composed: Independent Flip,12268.3096,NA,23.19980000000000,21.45000000000000,21.00350000000000,42.23940000000000,42.3177,12264.0716,25.2415,4.2380,21.0035,23.0874,23.3900,5.8959,17.4941,1.8626,12264.0716,NA,48.0350,NA
BioshockHD.exe,18704,0xB251BA8,DXGI,0,0,1,Hardware Composed: Independent Flip,12293.4398,NA,25.13020000000000,22.47700000000000,17.31400000000000,39.59070000000001,39.6645,12289.3131,21.4407,4.1267,17.3140,21.2359,22.4815,5.9087,16.5728,2.7645,12289.3131,NA,40.5874,NA
BioshockHD.exe,18704,0xB251BA8,DXGI,0,0,1,Hardware Composed: Independent Flip,12314.7488,NA,21.30900000000000,25.17120000000000,18.45940000000000,41.58600000000000,43.5267,12310.7538,22.4544,3.9950,18.4594,22.2767,23.3043,5.9237,17.3806,-3.7305,12310.7538,NA,45.7673,NA
BioshockHD.exe,18704,0xB251BA8,DXGI,0,0,1,Hardware Composed: Independent Flip,12336.9674,NA,22.21860000000000,21.45140000000000,21.40170000000000,42.68130000000000,42.7595,12333.2082,25.1609,3.7592,21.4017,23.1266,23.3139,5.9247,17.3892,1.0030,12333.2082,NA,51.2210,NA
BioshockHD.exe,18704,0xB251BA8,DXGI,0,0,1,Hardware Composed: Independent Flip,12362.0633,NA,25.09590000000000,23.38710000000000,17.79990000000000,40.97170000000000,41.0507,12358.3691,21.4941,3.6942,17.7999,21.2796,23.3863,5.9184,17.4679,1.7738,12358.3691,NA,47.5970,NA
BioshockHD.exe,18704,0xB251BA8,DXGI,0,0,1,Hardware Composed: Independent Flip,12383.9547,NA,21.89140000000000,25.20680000000000,19.25760000000000,42.33200000000000,44.3661,12379.8632,23.3491,4.0915,19.2576,23.1718,23.2517,5.9321,17.3196,-3.7127,12379.8632,NA,NA,NA
BioshockHD.exe,18704,0xB251BA8,DXGI,0,0,1,Hardware Composed: Independent Flip,12407.1614,NA,23.20670000000000,20.03070000000000,21.30110000000000,41.13310000000000,41.1901,12403.2123,25.2502,3.9491,21.3011,23.0744,22.0078,5.5131,16.4947,3.3184,12403.2123,NA,52.8420,NA
BioshockHD.exe,18704,0xB251BA8,DXGI,0,0,1,Hardware Composed: Independent Flip,12432.3560,NA,25.19460000000000,22.76610000000000,16.16140000000000,38.68110000000000,38.7616,12428.4625,20.0549,3.8935,16.1614,19.8320,22.7426,5.8912,16.8514,2.4841,12428.4625,NA,NA,NA
BioshockHD.exe,18704,0xB251BA8,DXGI,0,0,1,Hardware Composed: Independent Flip,12452.8111,NA,20.45510000000000,23.99910000000000,18.45350000000000,41.13690000000000,42.3056,12448.5174,22.7472,4.2937,18.4535,22.5197,22.9109,5.4594,17.4515,-3.9442,12448.5174,NA,NA,NA
BioshockHD.exe,18704,0xB251BA8,DXGI,0,0,1,Hardware Composed: Independent Flip,12475.3488,NA,22.53770000000000,21.43050000000000,19.87230000000000,41.11950000000000,41.1984,12471.2646,23.9565,4.0842,19.8723,22.6834,22.5203,5.4217,17.0986,1.3167,12471.2646,NA,NA,NA
BioshockHD.exe,18704,0xB251BA8,DXGI,0,0,1,Hardware Composed: Independent Flip,12499.0433,NA,23.69450000000000,24.00050000000000,17.65240000000000,39.88040000000000,41.5044,12495.2211,21.4746,3.8222,17.6524,21.2472,22.4554,5.4678,16.9876,-0.0440,12495.2211,NA,46.9706,NA
BioshockHD.exe,18704,0xB251BA8,DXGI,0,0,1,Hardware Composed: Independent Flip,12520.6891,NA,21.64580000000000,21.49970000000000,19.99310000000000,41.27910000000000,41.3583,12516.6957,23.9865,3.9934,19.9931,22.2280,23.0445,5.9127,17.1318,-0.0251,12516.6957,NA,43.5036,NA
BioshockHD.exe,18704,0xB251BA8,DXGI,0,0,1,Hardware Composed: Independent Flip,12544.6058,NA,23.91670000000000,23.99750000000000,17.61540000000000,40.63180000000001,41.4391,12540.6822,21.5390,3.9236,17.6154,21.2860,23.2694,5.5237,17.7457,-0.0110,12540.6822,NA,48.5289,NA
BioshockHD.exe,18704,0xB251BA8,DXGI,0,0,1,Hardware Composed: Independent Flip,12566.0355,NA,21.42970000000000,22.05390000000000,20.11780000000000,41.98630000000000,42.0633,12562.2212,23.9321,3.8143,20.1178,23.0164,22.7842,5.9134,16.8708,-0.5149,12562.2212,NA,52.5570,NA
BioshockHD.exe,18704,0xB251BA8,DXGI,0,0,1,Hardware Composed: Independent Flip,12590.3054,NA,24.26990000000000,24.00600000000000,17.92100000000000,40.62090000000000,41.7994,12586.1533,22.0731,4.1521,17.9210,21.8685,22.9045,5.9707,16.9338,-0.0739,12586.1533,NA,47.5048,NA
BioshockHD.exe,18704,0xB251BA8,DXGI,0,0,1,Hardware Composed: Independent Flip,12612.7666,NA,22.46120000000000,22.09260000000000,19.48420000000000,41.36530000000000,41.4308,12608.2264,24.0244,4.5402,19.4842,22.6999,23.2056,6.0904,17.1152,-0.0195,12608.2264,NA,41.6739,NA
BioshockHD.exe,18704,0xB251BA8,DXGI,0,0,1,Hardware Composed: Independent Flip,12637.9557,NA,25.18910000000000,25.17760000000000,16.35590000000000,39.49950000000000,41.4193,12632.2508,22.0608,5.7049,16.3559,21.8811,23.3233,5.9307,17.3926,-1.1532,12632.2508,NA,42.8297,NA
BioshockHD.exe,18704,0xB251BA8,DXGI,0,0,1,Hardware Composed: Independent Flip,12659.0055,NA,21.04980000000000,21.80420000000000,20.47140000000000,42.08530000000000,42.1737,12654.3116,25.1653,4.6939,20.4714,23.1436,23.6356,5.9454,17.6902,0.2566,12654.3116,NA,42.6603,NA
BioshockHD.exe,18704,0xB251BA8,DXGI,0,0,1,Hardware Composed: Independent Flip,12683.2871,NA,24.28160000000000,23.38350000000000,17.99510000000000,41.20120000000000,41.2756,12679.4769,21.8053,3.8102,17.9951,21.6139,23.3975,5.9303,17.4672,1.7818,12679.4769,NA,44.0463,NA
BioshockHD.exe,18704,0xB251BA8,DXGI,0,0,1,Hardware Composed: Independent Flip,12705.1735,NA,21.88640000000000,25.23490000000000,19.49090000000000,42.64200000000000,44.6241,12701.2822,23.3822,3.8913,19.4909,23.2061,23.3272,5.9424,17.3848,-3.4296,12701.2822,NA,48.2882,NA
BioshockHD.exe,18704,0xB251BA8,DXGI,0,0,1,Hardware Composed: Independent Flip,12728.8605,NA,23.68700000000000,21.32970000000000,21.03040000000000,42.19610000000000,42.2668,12724.6644,25.2265,4.1961,21.0304,23.1511,23.2411,5.9215,17.3196,2.0525,12724.6644,NA,42.6156,NA
BioshockHD.exe,18704,0xB251BA8,DXGI,0,0,1,Hardware Composed: Independent Flip,12754.0327,NA,25.17220000000000,23.32400000000000,17.19680000000000,40.34790000000000,40.4186,12749.8909,21.3386,4.1418,17.1968,21.1657,23.3240,5.9296,17.3944,1.9025,12749.8909,NA,41.9330,NA
BioshockHD.exe,18704,0xB251BA8,DXGI,0,0,1,Hardware Composed: Independent Flip,12775.2351,NA,21.20240000000000,26.18920000000000,19.32280000000000,43.16380000000000,45.4054,12771.2295,23.3284,4.0056,19.3228,23.1511,24.0183,5.9707,18.0476,-4.8506,12771.2295,NA,47.1228,NA
BioshockHD.exe,18704,0xB251BA8,DXGI,0,0,1,Hardware Composed: Independent Flip,12799.2909,NA,24.05580000000000,23.97570000000000,21.45100000000000,42.30700000000000,45.3253,12794.5579,26.1840,4.7330,21.4510,23.8410,23.1990,5.9845,17.2145,-0.6473,12794.5579,NA,46.1033,NA
BioshockHD.exe,18704,0xB251BA8,DXGI,0,0,1,Hardware Composed: Independent Flip,12824.6625,NA,25.37160000000000,20.33280000000000,20.09210000000000,40.21500000000000,40.2865,12820.7419,24.0127,3.9206,20.0921,20.8560,23.2796,5.9543,17.3253,5.8512,12820.7419,NA,40.4367,NA
BioshockHD.exe,18704,0xB251BA8,DXGI,0,0,1,Hardware Composed: Independent Flip,12848.6683,NA,24.00580000000000,25.03300000000000,16.38270000000000,39.45610000000000,41.3137,12844.7546,20.2964,3.9137,16.3827,20.1229,23.2469,6.0201,17.2268,-1.0203,12844.7546,NA,50.4767,NA
BioshockHD.exe,18704,0xB251BA8,DXGI,0,0,1,Hardware Composed: Independent Flip,12868.9761,NA,20.30780000000000,21.56660000000000,21.26430000000000,42.47530000000000,42.5725,12865.0510,25.1894,3.9251,21.2643,23.0734,23.3270,6.0406,17.2864,-1.2702,12865.0510,NA,NA,NA
BioshockHD.exe,18704,0xB251BA8,DXGI,0,0,1,Hardware Composed: Independent Flip,12894.1501,NA,25.17400000000000,22.22370000000000,17.50320000000000,39.54490000000000,39.6222,12890.2404,21.4129,3.9097,17.5032,21.2110,22.2436,6.1933,16.0503,2.9657,12890.2404,NA,42.2138,NA
BioshockHD.exe,18704,0xB251BA8,DXGI,0,0,1,Hardware Composed: Independent Flip,12915.8394,NA,21.68930000000000,23.64220000000000,18.06510000000000,39.98560000000001,41.5751,12911.6533,22.2512,4.1861,18.0651,22.0417,22.1300,5.5842,16.5458,-2.2293,12911.6533,NA,NA,NA
BioshockHD.exe,18704,0xB251BA8,DXGI,0,0,1,Hardware Composed: Independent Flip,12938.1811,NA,22.34170000000000,21.61870000000000,19.33850000000000,40.76630000000000,40.8521,12933.9045,23.6151,4.2766,19.3385,21.9205,23.1224,6.0720,17.0504,0.6325,12933.9045,NA,NA,NA
BioshockHD.exe,18704,0xB251BA8,DXGI,0,0,1,Hardware Composed: Independent Flip,12961.5836,NA,23.40250000000000,23.07630000000000,17.54880000000000,40.45210000000000,40.5259,12957.5196,21.6128,4.0640,17.5488,21.4278,23.0883,5.6099,17.4784,0.5388,12957.5196,NA,NA,NA
BioshockHD.exe,18704,0xB251BA8,DXGI,0,0,1,Hardware Composed: Independent Flip,12983.2995,NA,21.71590000000000,23.94120000000000,18.91930000000000,41.13340000000000,42.7512,12979.1324,23.0864,4.1671,18.9193,22.9033,22.3972,5.6067,16.7905,-2.3284,12979.1324,NA,NA,NA
BioshockHD.exe,18704,0xB251BA8,DXGI,0,0,1,Hardware Composed: Independent Flip,13005.9742,NA,22.67470000000000,20.88240000000000,20.17620000000000,40.87310000000000,40.9589,13002.2188,23.9316,3.7554,20.1762,22.2141,22.4144,5.5450,16.8694,2.2040,13002.2188,NA,42.3841,NA
BioshockHD.exe,18704,0xB251BA8,DXGI,0,0,1,Hardware Composed: Independent Flip,13030.1906,NA,24.21640000000000,22.98360000000000,16.87490000000000,39.64480000000000,39.7261,13026.1504,20.9151,4.0402,16.8749,20.6969,22.9881,6.0132,16.9749,0.9480,13026.1504,NA,42.3734,NA
BioshockHD.exe,18704,0xB251BA8,DXGI,0,0,1,Hardware Composed: Independent Flip,13051.0303,NA,20.83970000000000,23.99830000000000,19.02680000000000,42.35950000000000,42.8847,13047.0655,22.9916,3.9648,19.0268,22.7699,23.5544,6.0623,17.4921,-3.0832,13047.0655,NA,43.3683,NA
BioshockHD.exe,18704,0xB251BA8,DXGI,0,0,1,Hardware Composed: Independent Flip,13073.8824,NA,22.85210000000000,23.04420000000000,20.12670000000000,42.99400000000000,43.0768,13070.0571,23.9520,3.8253,20.1267,23.3327,23.4866,6.6092,16.8774,-0.0526,13070.0571,NA,52.4197,NA
BioshockHD.exe,18704,0xB251BA8,DXGI,0,0,1,Hardware Composed: Independent Flip,13098.1361,NA,24.25370000000000,25.37940000000000,18.93400000000000,42.29790000000000,44.2025,13094.0091,23.0610,4.1270,18.9340,22.8673,23.5576,6.0822,17.4754,-1.4274,13094.0091,NA,58.8195,NA
BioshockHD.exe,18704,0xB251BA8,DXGI,0,0,1,Hardware Composed: Independent Flip,13120.9744,NA,22.83830000000000,24.70710000000000,21.47310000000000,43.04560000000000,46.0713,13117.0701,25.3774,3.9043,21.4731,23.3639,23.5860,6.6988,16.8872,-1.6461,13117.0701,NA,46.5376,NA
BioshockHD.exe,18704,0xB251BA8,DXGI,0,0,1,Hardware Composed: Independent Flip,13146.5590,NA,25.58460000000000,19.72910000000000,20.61840000000000,40.16740000000000,40.2158,13142.4475,24.7299,4.1115,20.6184,21.5725,22.7064,6.0332,16.6732,5.6483,13142.4475,NA,41.2617,NA
BioshockHD.exe,18704,0xB251BA8,DXGI,0,0,1,Hardware Composed: Independent Flip,13171.2945,NA,24.73550000000000,25.18050000000000,15.61580000000000,38.78530000000000,40.6608,13167.1774,19.7329,4.1171,15.6158,19.5490,23.3534,5.9707,17.3827,-0.4506,13167.1774,NA,53.4421,NA
BioshockHD.exe,18704,0xB251BA8,DXGI,0,0,1,Hardware Composed: Independent Flip,13191.0158,NA,19.72130000000000,21.50640000000000,21.06730000000000,42.36440000000000,42.4459,13186.9103,25.1728,4.1055,21.0673,23.1695,23.3004,5.9808,17.3196,-1.7735,13186.9103,NA,NA,NA
BioshockHD.exe,18704,0xB251BA8,DXGI,0,0,1,Hardware Composed: Independent Flip,13216.0130,NA,24.99720000000000,22.66670000000000,17.55730000000000,40.04890000000000,40.1154,13212.0831,21.4872,3.9299,17.5573,21.2971,22.6817,5.5830,17.0987,2.5061,13212.0831,NA,47.5769,NA
BioshockHD.exe,18704,0xB251BA8,DXGI,0,0,1,Hardware Composed: Independent Flip,13237.3940,NA,21.38100000000000,24.48960000000000,18.90340000000000,41.49430000000000,43.2240,13233.5703,22.7271,3.8237,18.9034,22.4916,22.8264,6.0894,16.7370,-3.0024,13233.5703,NA,44.0698,NA
BioshockHD.exe,18704,0xB251BA8,DXGI,0,0,1,Hardware Composed: Independent Flip,13260.5092,NA,23.11520000000000,21.77580000000000,20.25300000000000,41.78300000000000,41.8846,13256.2974,24.4648,4.2118,20.2530,22.5909,23.4039,6.0092,17.3947,0.9513,13256.2974,NA,NA,NA
BioshockHD.exe,18704,0xB251BA8,DXGI,0,0,1,Hardware Composed: Independent Flip,13285.1076,NA,24.59840000000000,24.15960000000000,17.42690000000000,41.36640000000000,41.4458,13280.7622,21.7723,4.3454,17.4269,21.5300,24.1818,6.0130,18.1688,0.3052,13280.7622,NA,44.9783,NA
BioshockHD.exe,18704,0xB251BA8,DXGI,0,0,1,Hardware Composed: Independent Flip,13306.8704,NA,21.76280000000000,24.55280000000000,19.85700000000000,42.45100000000000,44.2358,13302.5345,24.1929,4.3359,19.8570,23.9395,22.8474,5.5640,17.2834,-2.7805,13302.5345,NA,45.5753,NA
BioshockHD.exe,18704,0xB251BA8,DXGI,0,0,1,Hardware Composed: Independent Flip,13330.5183,NA,23.64790000000000,21.00050000000000,20.69210000000000,41.50440000000000,41.5884,13326.7274,24.4830,3.7909,20.6921,22.5940,22.7013,6.0266,16.6747,3.1924,13326.7274,NA,44.5906,NA
BioshockHD.exe,18704,0xB251BA8,DXGI,0,0,1,Hardware Composed: Independent Flip,13355.2210,NA,24.70270000000000,23.35120000000000,17.19770000000000,40.17740000000000,40.2369,13351.2104,21.2083,4.0106,17.1977,20.8123,23.3757,6.0287,17.3470,1.1318,13351.2104,NA,45.9542,NA
BioshockHD.exe,18704,0xB251BA8,DXGI,0,0,1,Hardware Composed: Independent Flip,13376.4187,NA,21.19770000000000,25.28100000000000,19.17660000000000,42.41160000000000,44.3202,13372.4187,23.1766,4.0000,19.1766,22.9797,23.4319,6.0778,17.3541,-4.0727,13372.4187,NA,50.2270,NA
BioshockHD.exe,18704,0xB251BA8,DXGI,0,0,1,Hardware Composed: Independent Flip,13400.1505,NA,23.73180000000000,21.50480000000000,20.71060000000000,41.99750000000000,42.0932,13395.5953,25.2658,4.5552,20.7106,23.2350,23.3177,5.9990,17.3187,1.6718,13395.5953,NA,44.7025,NA
BioshockHD.exe,18704,0xB251BA8,DXGI,0,0,1,Hardware Composed: Independent Flip,13424.7861,NA,24.63560000000000,22.63540000000000,17.59430000000000,40.03080000000000,40.0930,13420.8611,21.5193,3.9250,17.5943,21.2869,22.6689,6.0533,16.6156,2.6304,13420.8611,NA,42.3636,NA
BioshockHD.exe,18704,0xB251BA8,DXGI,0,0,1,Hardware Composed: Independent Flip,13446.3996,NA,21.61350000000000,25.19330000000000,18.58340000000000,41.90140000000000,43.6728,13442.3804,22.6026,4.0192,18.5834,22.4365,23.4841,6.0733,17.4108,-3.6740,13442.3804,NA,46.5278,NA
BioshockHD.exe,18704,0xB251BA8,DXGI,0,0,1,Hardware Composed: Independent Flip,13469.0500,NA,22.65040000000000,21.65070000000000,21.11880000000000,42.59580000000000,42.6731,13464.9830,25.1858,4.0670,21.1188,23.3180,23.3448,6.0705,17.2743,0.9519,13464.9830,NA,44.2176,NA
BioshockHD.exe,18704,0xB251BA8,DXGI,0,0,1,Hardware Composed: Independent Flip,13494.5002,NA,25.45020000000000,23.26830000000000,17.32230000000000,40.41390000000001,40.4912,13490.1688,21.6537,4.3314,17.3223,21.4770,23.2683,6.0437,17.2246,1.9175,13490.1688,NA,43.4725,NA
BioshockHD.exe,18704,0xB251BA8,DXGI,0,0,1,Hardware Composed: Independent Flip,13516.0528,NA,21.55260000000000,25.14180000000000,19.04160000000000,42.32340000000000,44.0804,13511.8225,23.2719,4.2303,19.0416,23.0916,23.4621,6.0958,17.3663,-3.4881,13511.8225,NA,48.6311,NA
BioshockHD.exe,18704,0xB251BA8,DXGI,0,0,1,Hardware Composed: Independent Flip,13539.3145,NA,23.26170000000000,21.68790000000000,20.91190000000000,42.43480000000000,42.5066,13535.0944,25.1320,4.2201,20.9119,23.2818,23.3731,6.0840,17.2891,1.5840,13535.0944,NA,46.3063,NA
BioshockHD.exe,18704,0xB251BA8,DXGI,0,0,1,Hardware Composed: Independent Flip,13564.2429,NA,24.92840000000000,23.57430000000000,17.74840000000000,41.07250000000001,41.1525,13560.2264,21.7649,4.0165,17.7484,21.5229,23.5661,6.0876,17.4785,1.5577,13560.2264,NA,41.8791,NA
BioshockHD.exe,18704,0xB251BA8,DXGI,0,0,1,Hardware Composed: Independent Flip,13585.9125,NA,21.66960000000000,25.03220000000000,19.58100000000000,42.79080000000000,44.5151,13581.9913,23.5022,3.9212,19.5810,23.3241,23.3879,6.0936,17.2943,-3.2673,13581.9913,NA,54.8824,NA
BioshockHD.exe,18704,0xB251BA8,DXGI,0,0,1,Hardware Composed: Independent Flip,13609.4450,NA,23.53250000000000,21.68730000000000,21.09180000000000,42.58290000000000,42.6699,13605.4935,25.0433,3.9515,21.0918,23.2098,23.3246,6.0515,17.2731,1.8149,13605.4935,NA,50.6083,NA
BioshockHD.exe,18704,0xB251BA8,DXGI,0,0,1,Hardware Composed: Independent Flip,13635.2127,NA,25.76770000000000,22.55310000000000,17.04250000000000,39.37600000000000,39.4553,13630.5368,21.7184,4.6759,17.0425,21.4911,22.5608,6.0785,16.4823,2.4902,13630.5368,NA,42.1488,NA
BioshockHD.exe,18704,0xB251BA8,DXGI,0,0,1,Hardware Composed: Independent Flip,13656.7315,NA,21.51880000000000,25.38200000000000,18.04530000000000,41.58440000000000,43.3185,13652.2552,22.5216,4.4763,18.0453,22.3335,23.7272,6.0743,17.6529,-3.6636,13652.2552,NA,47.5387,NA
BioshockHD.exe,18704,0xB251BA8,DXGI,0,0,1,Hardware Composed: Independent Flip,13678.8412,NA,22.10970000000000,21.65400000000000,21.40340000000000,42.77960000000000,42.8628,13674.7768,25.4678,4.0644,21.4034,23.5391,23.3049,6.0640,17.2409,0.8676,13674.7768,NA,63.1899,NA
BioshockHD.exe,18704,0xB251BA8,DXGI,0,0,1,Hardware Composed: Independent Flip,13704.4079,NA,25.56670000000000,23.38780000000000,17.43880000000000,40.56750000000000,40.6839,13700.2446,21.6021,4.1633,17.4388,21.3762,23.3546,6.0473,17.3073,2.0800,13700.2446,NA,43.5342,NA
BioshockHD.exe,18704,0xB251BA8,DXGI,0,0,1,Hardware Composed: Independent Flip,13725.9248,NA,21.51690000000000,24.34290000000000,19.27150000000000,41.85780000000000,43.5099,13721.8467,23.3496,4.0781,19.2715,23.1287,22.8072,6.1630,16.6442,-2.7408,13721.8467,NA,43.9190,NA
BioshockHD.exe,18704,0xB251BA8,DXGI,0,0,1,Hardware Composed: Independent Flip,13749.2750,NA,23.35020000000000,21.88950000000000,20.26400000000000,41.95360000000000,42.0492,13745.1963,24.3427,4.0787,20.2640,22.5863,23.4460,6.0570,17.3890,1.4601,13745.1963,NA,45.8097,NA
BioshockHD.exe,18704,0xB251BA8,DXGI,0,0,1,Hardware Composed: Independent Flip,13773.6614,NA,24.38640000000000,23.34430000000000,17.79890000000000,40.95140000000000,41.0071,13769.5390,21.9213,4.1224,17.7989,21.6896,23.3842,6.0931,17.2911,0.9984,13769.5390,NA,46.1471,NA
BioshockHD.exe,18704,0xB251BA8,DXGI,0,0,1,Hardware Composed: Independent Flip,13797.6148,NA,23.95340000000000,26.22020000000000,17.16790000000000,41.37070000000000,43.2739,13791.4603,23.3224,6.1545,17.1679,23.1525,24.3727,6.4709,17.9018,-4.2989,13791.4603,NA,45.3692,NA
BioshockHD.exe,18704,0xB251BA8,DXGI,0,0,1,Hardware Composed: Independent Flip,13819.3733,NA,21.75850000000000,24.56560000000000,21.64580000000000,43.07170000000000,46.0810,13814.7827,26.2364,4.5906,21.6458,24.2028,23.4595,6.1092,17.3503,-1.2432,13814.7827,NA,51.9289,NA
BioshockHD.exe,18704,0xB251BA8,DXGI,0,0,1,Hardware Composed: Independent Flip,13845.2182,NA,25.84490000000000,19.70980000000000,20.33470000000000,39.86930000000000,39.9459,13841.0191,24.5338,4.1991,20.3347,21.4259,22.6425,6.0391,16.6034,6.5266,13841.0191,NA,40.6492,NA
BioshockHD.exe,18704,0xB251BA8,DXGI,0,0,1,Hardware Composed: Independent Flip,13869.5619,NA,24.34370000000000,25.03310000000000,15.73230000000000,38.93310000000000,40.6353,13865.5529,19.7413,4.0090,15.7323,19.5346,23.4075,6.0845,17.3230,-0.4993,13865.5529,NA,45.6947,NA
BioshockHD.exe,18704,0xB251BA8,DXGI,0,0,1,Hardware Composed: Independent Flip,13889.7593,NA,20.19740000000000,21.65420000000000,20.56760000000000,42.00820000000000,42.0921,13885.2942,25.0327,4.4651,20.5676,23.2008,23.2725,6.0495,17.2230,-1.9129,13885.2942,NA,43.3346,NA
BioshockHD.exe,18704,0xB251BA8,DXGI,0,0,1,Hardware Composed: Independent Flip,13914.4848,NA,24.72550000000000,23.55560000000000,17.47940000000000,40.81330000000001,40.9222,13910.3269,21.6373,4.1579,17.4794,21.4406,23.5306,6.1057,17.4249,1.4771,13910.3269,NA,42.8904,NA
BioshockHD.exe,18704,0xB251BA8,DXGI,0,0,1,Hardware Composed: Independent Flip,13936.2417,NA,21.75690000000000,24.32150000000000,19.31010000000000,41.86960000000001,43.4868,13931.9642,23.5876,4.2775,19.3101,23.3339,22.8132,6.1350,16.6782,-2.6842,13931.9642,NA,54.2182,NA
BioshockHD.exe,18704,0xB251BA8,DXGI,0,0,1,Hardware Composed: Independent Flip,13959.5402,NA,23.29850000000000,21.82950000000000,20.32660000000000,41.90760000000000,42.0178,13955.5518,24.3150,3.9884,20.3266,22.5595,23.3365,6.0436,17.2929,1.7581,13955.5518,NA,63.0499,NA
BioshockHD.exe,18704,0xB251BA8,DXGI,0,0,1,Hardware Composed: Independent Flip,13984.0472,NA,24.50700000000000,23.33420000000000,17.71430000000000,40.73030000000000,40.8450,13979.8668,21.8947,4.1804,17.7143,21.5810,23.3297,6.0839,17.2458,0.9808,13979.8668,NA,NA,NA
BioshockHD.exe,18704,0xB251BA8,DXGI,0,0,1,Hardware Composed: Independent Flip,14006.0114,NA,21.96420000000000,24.20030000000000,19.01870000000000,41.51770000000000,43.0811,14001.7615,23.2686,4.2499,19.0187,23.0160,22.7516,5.6487,17.1029,-2.3056,14001.7615,NA,47.5466,NA
BioshockHD.exe,18704,0xB251BA8,DXGI,0,0,1,Hardware Composed: Independent Flip,14029.3479,NA,23.33650000000000,21.30110000000000,19.85560000000000,40.96690000000000,41.0457,14025.0301,24.1734,4.3178,19.8556,22.4990,22.7857,6.0434,16.7423,1.9675,14025.0301,NA,NA,NA
BioshockHD.exe,18704,0xB251BA8,DXGI,0,0,1,Hardware Composed: Independent Flip,14053.3342,NA,23.98630000000000,23.26710000000000,17.16470000000000,40.22240000000000,40.3265,14049.2035,21.2954,4.1307,17.1647,21.1113,23.2418,5.6557,17.5861,0.9063,14049.2035,NA,47.0822,NA
BioshockHD.exe,18704,0xB251BA8,DXGI,0,0,1,Hardware Composed: Independent Flip,14074.4905,NA,21.15630000000000,24.31730000000000,19.33050000000000,41.87850000000000,43.4875,14070.4989,23.3221,3.9916,19.3305,23.0577,22.8124,6.0262,16.7862,-3.0219,14070.4989,NA,54.4658,NA
BioshockHD.exe,18704,0xB251BA8,DXGI,0,0,1,Hardware Composed: Independent Flip,14098.0751,NA,23.58460000000000,21.89070000000000,20.03010000000000,41.70630000000000,41.7936,14093.8210,24.2842,4.2541,20.0301,22.5480,23.4124,6.0788,17.3336,1.4314,14093.8210,NA,43.3215,NA
BioshockHD.exe,18704,0xB251BA8,DXGI,0,0,1,Hardware Composed: Independent Flip,14122.3841,NA,24.30900000000000,23.33880000000000,17.58710000000000,40.74530000000000,40.8234,14118.1052,21.8660,4.2789,17.5871,21.6762,23.3480,6.0463,17.3017,0.9454,14118.1052,NA,46.6998,NA
BioshockHD.exe,18704,0xB251BA8,DXGI,0,0,1,Hardware Composed: Independent Flip,14144.1827,NA,21.79860000000000,25.03220000000000,19.13360000000000,42.35490000000000,44.0570,14139.9712,23.3451,4.2115,19.1336,23.1582,23.4082,6.0780,17.3302,-3.1662,14139.9712,NA,60.7167,NA
BioshockHD.exe,18704,0xB251BA8,DXGI,0,0,1,Hardware Composed: Independent Flip,14167.1795,NA,22.99680000000000,21.78820000000000,21.15550000000000,42.75970000000000,42.8484,14163.3163,25.0187,3.8632,21.1555,23.2213,23.4016,6.0695,17.3321,1.5569,14163.3163,NA,43.5142,NA
BioshockHD.exe,18704,0xB251BA8,DXGI,0,0,1,Hardware Composed: Independent Flip,14192.8004,NA,25.62090000000000,22.63670000000000,17.37370000000000,39.78800000000000,39.8642,14188.3350,21.8391,4.4654,17.3737,21.6042,22.6492,6.0335,16.6157,2.3820,14188.3350,NA,45.1541,NA
BioshockHD.exe,18704,0xB251BA8,DXGI,0,0,1,Hardware Composed: Independent Flip,14214.6984,NA,21.89800000000000,25.29140000000000,18.06290000000000,41.54730000000000,43.2576,14210.1741,22.5872,4.5243,18.0629,22.4143,23.6573,6.0688,17.5885,-3.4523,14210.1741,NA,46.4287,NA
BioshockHD.exe,18704,0xB251BA8,DXGI,0,0,1,Hardware Composed: Independent Flip,14236.7272,NA,22.02880000000000,21.74780000000000,21.33130000000000,42.89410000000000,42.9766,14232.7613,25.2972,3.9659,21.3313,23.4844,23.3756,6.0462,17.3294,0.8394,14232.7613,NA,43.1956,NA
BioshockHD.exe,18704,0xB251BA8,DXGI,0,0,1,Hardware Composed: Independent Flip,14262.2261,NA,25.49890000000000,22.66700000000000,17.62910000000000,40.06120000000000,40.1447,14258.0585,21.7967,4.1676,17.6291,21.5628,22.6660,6.0857,16.5803,2.6302,14258.0585,NA,45.8651,NA
BioshockHD.exe,18704,0xB251BA8,DXGI,0,0,1,Hardware Composed: Independent Flip,14284.0228,NA,21.79670000000000,25.54260000000000,18.45720000000000,42.16700000000000,43.8906,14279.8552,22.6248,4.1676,18.4572,22.4321,23.9025,6.4309,17.4716,-3.7459,14279.8552,NA,63.4051,NA
BioshockHD.exe,18704,0xB251BA8,DXGI,0,0,1,Hardware Composed: Independent Flip,14306.9844,NA,22.96160000000000,24.52080000000000,21.02860000000000,42.44450000000001,45.4498,14302.4800,25.5330,4.5044,21.0286,23.7098,23.2391,6.0653,17.1738,-1.8960,14302.4800,NA,45.9165,NA
BioshockHD.exe,18704,0xB251BA8,DXGI,0,0,1,Hardware Composed: Independent Flip,14332.0770,NA,25.09260000000000,19.70290000000000,20.56690000000000,40.01070000000000,40.0601,14328.0130,24.6309,4.0640,20.5669,21.4159,22.6588,6.0535,16.6053,5.8301,14328.0130,NA,52.5986,NA
BioshockHD.exe,18704,0xB251BA8,DXGI,0,0,1,Hardware Composed: Independent Flip,14356.5042,NA,24.42720000000000,25.49020000000000,15.74830000000000,39.42830000000000,41.1231,14352.6439,19.6086,3.8603,15.7483,19.4438,23.8448,6.1473,17.6975,-0.8593,14352.6439,NA,NA,NA
BioshockHD.exe,18704,0xB251BA8,DXGI,0,0,1,Hardware Composed: Independent Flip,14376.2095,NA,19.70530000000000,21.38510000000000,21.51800000000000,42.71920000000000,42.8029,14372.2525,25.4750,3.9570,21.5180,23.6800,22.9962,5.5601,17.4361,-1.7765,14372.2525,NA,57.4999,NA
BioshockHD.exe,18704,0xB251BA8,DXGI,0,0,1,Hardware Composed: Independent Flip,14401.7626,NA,25.55310000000000,22.70530000000000,17.35150000000000,39.87360000000000,39.9551,14397.7275,21.3866,4.0351,17.3515,21.2012,22.7075,6.0456,16.6619,2.7697,14397.7275,NA,50.1413,NA
BioshockHD.exe,18704,0xB251BA8,DXGI,0,0,1,Hardware Composed: Independent Flip,14423.0538,NA,21.29120000000000,24.88250000000000,18.81390000000000,41.88950000000001,43.5464,14419.1141,22.7536,3.9397,18.8139,22.5221,23.3071,6.0713,17.2358,-3.4959,14419.1141,NA,53.0869,NA
BioshockHD.exe,18704,0xB251BA8,DXGI,0,0,1,Hardware Composed: Independent Flip,14446.2232,NA,23.16940000000000,21.77520000000000,20.47060000000000,42.07000000000000,42.1522,14441.8677,24.8261,4.3555,20.4706,23.0756,23.3499,6.0513,17.2986,0.9784,14441.8677,NA,45.8645,NA
BioshockHD.exe,18704,0xB251BA8,DXGI,0,0,1,Hardware Composed: Independent Flip,14470.6733,NA,24.45010000000000,23.41760000000000,17.79800000000000,41.04460000000000,41.1197,14466.6938,21.7775,3.9795,17.7980,21.5994,23.4247,6.1235,17.3012,1.4085,14466.6938,NA,42.2782,NA
BioshockHD.exe,18704,0xB251BA8,DXGI,0,0,1,Hardware Composed: Independent Flip,14492.5096,NA,21.83630000000000,25.04000000000000,19.38920000000000,42.60020000000000,44.3234,14488.4713,23.4275,4.0383,19.3892,23.2466,23.3919,6.0478,17.3441,-3.2625,14488.4713,NA,45.3187,NA
BioshockHD.exe,18704,0xB251BA8,DXGI,0,0,1,Hardware Composed: Independent Flip,14516.0870,NA,23.57740000000000,21.73560000000000,20.91500000000000,42.39590000000000,42.4816,14511.8988,25.1032,4.1882,20.9150,23.2110,23.3731,6.1132,17.2599,1.6919,14511.8988,NA,44.0237,NA
BioshockHD.exe,18704,0xB251BA8,DXGI,0,0,1,Hardware Composed: Independent Flip,14541.4054,NA,25.31840000000000,23.42180000000000,17.26410000000000,40.52160000000000,40.5850,14537.0020,21.6675,4.4034,17.2641,21.4809,23.4441,6.0717,17.3724,1.6814,14537.0020,NA,45.4794,NA
BioshockHD.exe,18704,0xB251BA8,DXGI,0,0,1,Hardware Composed: Independent Flip,14562.6908,NA,21.28540000000000,25.00610000000000,19.39860000000000,42.56400000000000,44.3057,14558.6695,23.4199,4.0213,19.3986,23.2575,23.3278,6.0708,17.2570,-3.3386,14558.6695,NA,47.4846,NA
BioshockHD.exe,18704,0xB251BA8,DXGI,0,0,1,Hardware Composed: Independent Flip,14586.2648,NA,23.57400000000000,21.77910000000000,20.82860000000000,42.44110000000000,42.5108,14582.0894,25.0040,4.1754,20.8286,23.1654,23.4511,6.0221,17.4290,1.6408,14582.0894,NA,48.2375,NA
BioshockHD.exe,18704,0xB251BA8,DXGI,0,0,1,Hardware Composed: Independent Flip,14611.1792,NA,24.91440000000000,23.24930000000000,17.71150000000000,40.76540000000000,40.8457,14607.0934,21.7973,4.0858,17.7115,21.6125,23.2387,6.0316,17.2071,1.7547,14607.0934,NA,44.5098,NA
BioshockHD.exe,18704,0xB251BA8,DXGI,0,0,1,Hardware Composed: Independent Flip,14633.3422,NA,22.16300000000000,25.02930000000000,18.78560000000000,42.00260000000000,43.7120,14628.8907,23.2371,4.4515,18.7856,23.0539,23.4002,6.0647,17.3355,-3.2320,14628.8907,NA,44.5375,NA
BioshockHD.exe,18704,0xB251BA8,DXGI,0,0,1,Hardware Composed: Independent Flip,14656.3501,NA,23.00790000000000,21.80060000000000,20.80330000000000,42.42270000000000,42.5047,14652.1278,25.0256,4.2223,20.8033,23.2170,23.4280,6.0536,17.3744,1.4365,14652.1278,NA,47.3457,NA
BioshockHD.exe,18704,0xB251BA8,DXGI,0,0,1,Hardware Composed: Independent Flip,14681.1153,NA,24.76520000000000,23.33880000000000,17.83870000000000,41.00670000000000,41.0783,14677.1534,21.8006,3.9619,17.8387,21.6194,23.3492,6.0324,17.3168,1.6868,14677.1534,NA,41.6793,NA
BioshockHD.exe,18704,0xB251BA8,DXGI,0,0,1,Hardware Composed: Independent Flip,14703.0690,NA,21.95370000000000,24.91870000000000,19.25450000000000,42.38890000000000,44.0433,14698.9540,23.3695,4.1150,19.2545,23.1680,23.3359,6.0487,17.2872,-3.1181,14698.9540,NA,49.5966,NA
BioshockHD.exe,18704,0xB251BA8,DXGI,0,0,1,Hardware Composed: Independent Flip,14726.3097,NA,23.24070000000000,20.97640000000000,20.90430000000000,41.69940000000000,41.7790,14722.3235,24.8905,3.9862,20.9043,23.1344,22.5512,6.0358,16.5154,2.3931,14722.3235,NA,44.5741,NA
BioshockHD.exe,18704,0xB251BA8,DXGI,0,0,1,Hardware Composed: Independent Flip,14751.4413,NA,25.13160000000000,23.47800000000000,16.74740000000000,40.06020000000000,40.1254,14747.2140,20.9747,4.2273,16.7474,20.7951,23.4924,6.0355,17.4569,1.4125,14747.2140,NA,43.0636,NA
BioshockHD.exe,18704,0xB251BA8,DXGI,0,0,1,Hardware Composed: Independent Flip,14772.2303,NA,20.78900000000000,24.89780000000000,19.43960000000000,42.63510000000000,44.2342,14768.1887,23.4812,4.0416,19.4396,23.3128,23.3639,6.0960,17.2679,-3.9231,14768.1887,NA,48.9569,NA
BioshockHD.exe,18704,0xB251BA8,DXGI,0,0,1,Hardware Composed: Independent Flip,14795.9706,NA,23.74030000000000,25.55370000000000,20.63950000000000,43.04260000000000,46.0476,14791.6699,24.9402,4.3007,20.6395,23.1955,24.1478,6.0234,18.1244,-2.0725,14791.6699,NA,52.5108,NA
BioshockHD.exe,18704,0xB251BA8,DXGI,0,0,1,Hardware Composed: Independent Flip,14820.7487,NA,24.77810000000000,20.47880000000000,21.36920000000000,41.67110000000000,41.7483,14816.6101,25.5078,4.1386,21.3692,22.4031,23.4066,6.0310,17.3756,4.4614,14816.6101,NA,50.9247,NA
BioshockHD.exe,18704,0xB251BA8,DXGI,0,0,1,Hardware Composed: Independent Flip,14846.7328,NA,25.98410000000000,24.58440000000000,15.88500000000000,38.78230000000000,40.3486,14842.1179,20.4999,4.6149,15.8850,20.3019,23.0953,6.0334,17.0619,0.9234,14842.1179,NA,51.5725,NA
BioshockHD.exe,18704,0xB251BA8,DXGI,0,0,1,Hardware Composed: Independent Flip,14866.6492,NA,19.91640000000000,21.74910000000000,20.53200000000000,42.10240000000000,42.1813,14862.6178,24.5634,4.0314,20.5320,22.8973,23.2365,6.0337,17.2028,-1.2492,14862.6178,NA,43.2756,NA
BioshockHD.exe,18704,0xB251BA8,DXGI,0,0,1,Hardware Composed: Independent Flip,14891.5720,NA,24.92280000000000,23.52640000000000,17.35820000000000,40.67500000000000,40.7849,14887.1812,21.7490,4.3908,17.3582,21.5704,23.4954,6.0391,17.4563,1.0370,14887.1812,NA,45.8505,NA
BioshockHD.exe,18704,0xB251BA8,DXGI,0,0,1,Hardware Composed: Independent Flip,14913.0706,NA,21.49860000000000,24.85480000000000,19.42870000000000,42.52050000000001,44.1411,14908.9302,23.5691,4.1404,19.4287,23.3168,23.3441,6.0213,17.3228,-3.1058,14908.9302,NA,55.7012,NA
BioshockHD.exe,18704,0xB251BA8,DXGI,0,0,1,Hardware Composed: Independent Flip,14936.7423,NA,23.67170000000000,21.77430000000000,20.57600000000000,42.15960000000000,42.2437,14932.4993,24.8190,4.2430,20.5760,23.0918,23.3108,6.0289,17.2819,1.7948,14932.4993,NA,NA,NA
BioshockHD.exe,18704,0xB251BA8,DXGI,0,0,1,Hardware Composed: Independent Flip,14961.2777,NA,24.53540000000000,22.34740000000000,17.81520000000000,39.99160000000001,40.0557,14957.3183,21.7746,3.9594,17.8152,21.5836,22.3674,5.5870,16.7804,2.4716,14957.3183,NA,57.8149,NA
BioshockHD.exe,18704,0xB251BA8,DXGI,0,0,1,Hardware Composed: Independent Flip,14983.4813,NA,22.20360000000000,23.98930000000000,17.95260000000000,40.34440000000000,41.8414,14979.0929,22.3410,4.3884,17.9526,22.1764,22.5564,6.0428,16.5136,-2.2147,14979.0929,NA,48.7793,NA
BioshockHD.exe,18704,0xB251BA8,DXGI,0,0,1,Hardware Composed: Independent Flip,15005.6365,NA,22.15520000000000,22.06850000000000,19.78270000000000,41.66010000000000,41.7547,15001.4339,23.9853,4.2026,19.7827,22.3918,23.4709,6.0175,17.4534,0.2725,15001.4339,NA,41.8816,NA
BioshockHD.exe,18704,0xB251BA8,DXGI,0,0,1,Hardware Composed: Independent Flip,15029.4951,NA,23.85860000000000,23.32840000000000,17.99640000000000,41.15220000000000,41.2245,15025.4192,22.0723,4.0759,17.9964,21.8774,23.3507,6.0180,17.3327,0.6569,15025.4192,NA,43.1963,NA
BioshockHD.exe,18704,0xB251BA8,DXGI,0,0,1,Hardware Composed: Independent Flip,15051.6518,NA,22.15670000000000,24.47100000000000,19.16680000000000,41.97660000000000,43.5388,15047.4915,23.3271,4.1603,19.1668,23.1558,22.9811,6.0112,16.9699,-2.3987,15047.4915,NA,45.6641,NA
BioshockHD.exe,18704,0xB251BA8,DXGI,0,0,1,Hardware Composed: Independent Flip,15075.5617,NA,23.90990000000000,21.76790000000000,19.72960000000000,41.32050000000000,41.3968,15070.8186,24.4727,4.7431,19.7296,22.8098,23.2538,5.9993,17.2545,1.5592,15070.8186,NA,43.4412,NA
BioshockHD.exe,18704,0xB251BA8,DXGI,0,0,1,Hardware Composed: Independent Flip,15099.4129,NA,23.85120000000000,23.28000000000000,17.64400000000000,40.76210000000000,40.8256,15095.2913,21.7656,4.1216,17.6440,21.5909,23.2928,5.9802,17.3126,1.1927,15095.2913,NA,47.7288,NA
BioshockHD.exe,18704,0xB251BA8,DXGI,0,0,1,Hardware Composed: Independent Flip,15121.4736,NA,22.06070000000000,24.85510000000000,18.86660000000000,42.02090000000000,43.6200,15117.0569,23.2833,4.4167,18.8666,23.1181,23.3195,6.0411,17.2784,-3.0895,15117.0569,NA,57.5828,NA
BioshockHD.exe,18704,0xB251BA8,DXGI,0,0,1,Hardware Composed: Independent Flip,15144.4663,NA,22.99270000000000,21.75000000000000,20.72610000000000,42.28450000000000,42.3773,15140.3402,24.8522,4.1261,20.7261,23.1543,23.2563,6.0011,17.2552,1.5333,15140.3402,NA,58.3311,NA
BioshockHD.exe,18704,0xB251BA8,DXGI,0,0,1,Hardware Composed: Independent Flip,15169.5921,NA,25.12580000000000,22.51050000000000,17.35330000000000,39.68610000000000,39.7620,15165.1924,21.7530,4.3997,17.3533,21.5584,22.5274,6.0128,16.5146,2.3417,15165.1924,NA,41.8391,NA
BioshockHD.exe,18704,0xB251BA8,DXGI,0,0,1,Hardware Composed: Independent Flip,15190.9048,NA,21.31270000000000,24.81640000000000,18.59940000000000,41.71570000000001,43.2657,15186.9454,22.5588,3.9594,18.5994,22.3328,23.3423,6.0386,17.3037,-3.0634,15186.9454,NA,45.6630,NA
BioshockHD.exe,18704,0xB251BA8,DXGI,0,0,1,Hardware Composed: Independent Flip,15213.7120,NA,22.80720000000000,22.17410000000000,20.55890000000000,42.51600000000001,42.6326,15209.5042,24.7667,4.2078,20.5589,23.1163,23.6075,6.0228,17.5847,0.3847,15209.5042,NA,51.8368,NA
BioshockHD.exe,18704,0xB251BA8,DXGI,0,0,1,Hardware Composed: Independent Flip,15238.5190,NA,24.80700000000000,23.33960000000000,18.06410000000000,41.09970000000000,41.1652,15234.2709,22.3122,4.2481,18.0641,21.9571,23.3907,6.0602,17.3305,1.4271,15234.2709,NA,59.1726,NA
BioshockHD.exe,18704,0xB251BA8,DXGI,0,0,1,Hardware Composed: Independent Flip,15260.8653,NA,22.34630000000000,24.80670000000000,18.95830000000000,41.94680000000000,43.6256,15256.5831,23.2405,4.2822,18.9583,23.0356,23.1934,5.9767,17.2167,-2.4945,15256.5831,NA,50.9524,NA
BioshockHD.exe,18704,0xB251BA8,DXGI,0,0,1,Hardware Composed: Independent Flip,15284.0173,NA,23.15200000000000,21.08770000000000,20.57060000000000,41.46760000000000,41.5613,15279.8236,24.7643,4.1937,20.5706,22.9885,22.6728,6.0328,16.6400,2.1528,15279.8236,NA,43.0646,NA
BioshockHD.exe,18704,0xB251BA8,DXGI,0,0,1,Hardware Composed: Independent Flip,15308.8507,NA,24.83340000000000,24.09180000000000,16.83820000000000,40.75370000000000,40.8197,15304.5879,21.1010,4.2628,16.8382,20.8970,24.1195,5.9790,18.1405,0.6725,15304.5879,NA,48.1618,NA
BioshockHD.exe,18704,0xB251BA8,DXGI,0,0,1,Hardware Composed: Independent Flip,15329.7503,NA,20.89960000000000,25.04590000000000,20.06140000000000,43.26770000000000,44.9660,15325.6889,24.1228,4.0614,20.0614,23.9155,23.4136,6.0915,17.3221,-3.9449,15325.6889,NA,65.2084,NA
BioshockHD.exe,18704,0xB251BA8,DXGI,0,0,1,Hardware Composed: Independent Flip,15354.4356,NA,24.68530000000000,21.68980000000000,20.38160000000000,41.90300000000000,41.9705,15349.8117,25.0055,4.6239,20.3816,23.2063,23.3206,5.9986,17.3220,2.4330,15349.8117,NA,54.8999,NA
BioshockHD.exe,18704,0xB251BA8,DXGI,0,0,1,Hardware Composed: Independent Flip,15379.2716,NA,24.83600000000000,22.61960000000000,17.24790000000000,39.65560000000000,39.7541,15374.8172,21.7023,4.4544,17.2479,21.5214,22.5886,6.0408,16.5478,2.3859,15374.8172,NA,40.5128,NA
BioshockHD.exe,18704,0xB251BA8,DXGI,0,0,1,Hardware Composed: Independent Flip,15400.6478,NA,21.37620000000000,25.11090000000000,18.51530000000000,41.81810000000000,43.4888,15396.5195,22.6436,4.1283,18.5153,22.4077,23.5387,6.0581,17.4806,-3.4086,15396.5195,NA,47.6200,NA
BioshockHD.exe,18704,0xB251BA8,DXGI,0,0,1,Hardware Composed: Independent Flip,15423.2346,NA,22.58680000000000,21.88680000000000,21.08030000000000,42.70630000000000,42.7888,15419.1631,25.1518,4.0715,21.0803,23.3028,23.4750,5.9993,17.4757,0.7568,15419.1631,NA,46.4843,NA
BioshockHD.exe,18704,0xB251BA8,DXGI,0,0,1,Hardware Composed: Independent Flip,15448.7714,NA,25.53680000000000,23.32530000000000,17.35480000000000,40.47580000000000,40.5773,15444.3149,21.8113,4.4565,17.3548,21.6260,23.3063,6.0013,17.3050,1.8265,15444.3149,NA,40.8348,NA
BioshockHD.exe,18704,0xB251BA8,DXGI,0,0,1,Hardware Composed: Independent Flip,15470.2210,NA,21.44960000000000,24.92430000000000,19.26610000000000,42.38020000000000,44.0520,15466.1262,23.3609,4.0948,19.2661,23.1210,23.3540,6.0555,17.2985,-3.1130,15466.1262,NA,46.7629,NA
BioshockHD.exe,18704,0xB251BA8,DXGI,0,0,1,Hardware Composed: Independent Flip,15493.6700,NA,23.44900000000000,21.58560000000000,20.74540000000000,42.08430000000000,42.1886,15489.4871,24.9283,4.1829,20.7454,23.1141,23.1531,6.0004,17.1527,1.7753,15489.4871,NA,45.3357,NA
BioshockHD.exe,18704,0xB251BA8,DXGI,0,0,1,Hardware Composed: Independent Flip,15518.8587,NA,25.18870000000000,23.33190000000000,17.16350000000000,40.25480000000000,40.3318,15514.4154,21.6068,4.4433,17.1635,21.3389,23.3592,5.9657,17.3935,1.5964,15514.4154,NA,NA,NA
BioshockHD.exe,18704,0xB251BA8,DXGI,0,0,1,Hardware Composed: Independent Flip,15540.2492,NA,21.39050000000000,24.97140000000000,19.10060000000000,42.23230000000000,43.9127,15536.0222,23.3276,4.2270,19.1006,23.0913,23.3680,6.0163,17.3517,-3.3646,15536.0222,NA,NA,NA
BioshockHD.exe,18704,0xB251BA8,DXGI,0,0,1,Hardware Composed: Independent Flip,15563.7150,NA,23.46580000000000,20.74320000000000,20.61000000000000,41.12570000000000,41.1901,15559.3498,24.9752,4.3652,20.6100,23.1317,22.3592,5.5527,16.8065,2.5844,15559.3498,NA,56.3725,NA
BioshockHD.exe,18704,0xB251BA8,DXGI,0,0,1,Hardware Composed: Independent Flip,15588.6102,NA,24.89520000000000,22.61210000000000,16.43750000000000,38.83440000000000,38.9070,15584.3250,20.7227,4.2852,16.4375,20.5157,22.6039,5.9983,16.6056,2.3631,15584.3250,NA,NA,NA
BioshockHD.exe,18704,0xB251BA8,DXGI,0,0,1,Hardware Composed: Independent Flip,15609.7876,NA,21.17740000000000,23.99360000000000,17.83280000000000,40.75630000000000,41.7232,15605.0477,22.5727,4.7399,17.8328,22.3969,23.0993,5.5625,17.5368,-3.2709,15605.0477,NA,46.9306,NA
BioshockHD.exe,18704,0xB251BA8,DXGI,0,0,1,Hardware Composed: Independent Flip,15632.1079,NA,22.32030000000000,21.97090000000000,19.50050000000000,41.31430000000000,41.3738,15627.6204,23.9880,4.4875,19.5005,22.9235,22.8783,6.0440,16.8343,0.6018,15627.6204,NA,41.9688,NA
BioshockHD.exe,18704,0xB251BA8,DXGI,0,0,1,Hardware Composed: Independent Flip,15655.7914,NA,23.68350000000000,25.17080000000000,17.81320000000000,41.21600000000000,42.8611,15651.6084,21.9962,4.1830,17.8132,21.8138,23.5852,6.0547,17.5305,-1.1828,15651.6084,NA,46.1344,NA
BioshockHD.exe,18704,0xB251BA8,DXGI,0,0,1,Hardware Composed: Independent Flip,15677.8548,NA,22.06340000000000,24.88240000000000,20.88880000000000,42.65120000000000,45.6801,15673.6046,25.1390,4.2502,20.8888,23.4028,23.4986,6.0119,17.4867,-2.8862,15673.6046,NA,50.0230,NA
BioshockHD.exe,18704,0xB251BA8,DXGI,0,0,1,Hardware Composed: Independent Flip,15703.0320,NA,25.17720000000000,20.36760000000000,20.61770000000000,40.80690000000000,40.8705,15698.7436,24.9061,4.2884,20.6177,21.7624,23.3329,5.9845,17.3484,4.7714,15698.7436,NA,44.3086,NA
BioshockHD.exe,18704,0xB251BA8,DXGI,0,0,1,Hardware Composed: Independent Flip,15728.2988,NA,25.26680000000000,24.86690000000000,15.70250000000000,38.80890000000000,40.4706,15723.6497,20.3516,4.6491,15.7025,20.1892,23.2688,6.0409,17.2279,0.0392,15723.6497,NA,42.2582,NA
BioshockHD.exe,18704,0xB251BA8,DXGI,0,0,1,Hardware Composed: Independent Flip,15748.0078,NA,19.70900000000000,21.77530000000000,20.86150000000000,42.46530000000000,42.5369,15744.0013,24.8680,4.0065,20.8615,23.1064,23.3654,6.0281,17.3373,-1.4237,15744.0013,NA,44.0063,NA
BioshockHD.exe,18704,0xB251BA8,DXGI,0,0,1,Hardware Composed: Independent Flip,15772.9937,NA,24.98590000000000,23.31440000000000,17.70730000000000,40.79040000000001,40.8654,15768.8693,21.8317,4.1244,17.7073,21.6038,23.3110,6.0146,17.2964,1.5536,15768.8693,NA,41.3400,NA
BioshockHD.exe,18704,0xB251BA8,DXGI,0,0,1,Hardware Composed: Independent Flip,15795.4236,NA,22.42990000000000,24.93760000000000,18.53330000000000,41.67180000000000,43.3731,15790.7010,23.2559,4.7226,18.5333,23.0831,23.3113,6.0069,17.3044,-3.1059,15790.7010,NA,52.2639,NA
BioshockHD.exe,18704,0xB251BA8,DXGI,0,0,1,Hardware Composed: Independent Flip,15817.9131,NA,22.48950000000000,25.36320000000000,20.97720000000000,43.24330000000000,46.2468,15813.9569,24.9334,3.9562,20.9772,23.1385,24.0610,6.0143,18.0467,-2.1073,15813.9569,NA,56.6514,NA
BioshockHD.exe,18704,0xB251BA8,DXGI,0,0,1,Hardware Composed: Independent Flip,15843.3767,NA,25.46360000000000,20.47830000000000,20.88170000000000,41.17930000000000,41.2615,15838.8903,25.3681,4.4864,20.8817,22.2661,23.3996,6.0093,17.3903,4.4551,15838.8903,NA,49.1389,NA
BioshockHD.exe,18704,0xB251BA8,DXGI,0,0,1,Hardware Composed: Independent Flip,15868.3462,NA,24.96950000000000,24.99050000000000,16.39360000000000,39.58250000000000,41.2825,15864.2584,20.4814,4.0878,16.3936,20.2976,23.3727,6.0299,17.3428,0.3776,15864.2584,NA,42.1233,NA
BioshockHD.exe,18704,0xB251BA8,DXGI,0,0,1,Hardware Composed: Independent Flip,15888.9047,NA,20.55850000000000,21.69520000000000,20.85390000000000,42.32190000000000,42.4192,15884.7398,25.0188,4.1649,20.8539,23.1889,23.2979,6.0058,17.2921,-1.2138,15884.7398,NA,44.8088,NA
BioshockHD.exe,18704,0xB251BA8,DXGI,0,0,1,Hardware Composed: Independent Flip,15914.0092,NA,25.10450000000000,23.25920000000000,17.41750000000000,40.50650000000000,40.5739,15909.7586,21.6681,4.2506,17.4175,21.4680,23.2891,6.0053,17.2838,1.7596,15909.7586,NA,41.0742,NA
BioshockHD.exe,18704,0xB251BA8,DXGI,0,0,1,Hardware Composed: Independent Flip,15935.8830,NA,21.87380000000000,25.07270000000000,18.80420000000000,42.06380000000000,43.7728,15931.4267,23.2605,4.4563,18.8042,23.0890,23.4311,6.1251,17.3060,-3.4046,15931.4267,NA,44.1439,NA
BioshockHD.exe,18704,0xB251BA8,DXGI,0,0,1,Hardware Composed: Independent Flip,15959.0265,NA,23.14350000000000,21.68650000000000,20.77310000000000,42.22050000000000,42.3158,15954.6872,25.1124,4.3393,20.7731,23.2596,23.3002,5.9705,17.3297,1.5740,15954.6872,NA,57.8369,NA
BioshockHD.exe,18704,0xB251BA8,DXGI,0,0,1,Hardware Composed: Independent Flip,15984.2033,NA,25.17680000000000,23.21030000000000,17.25590000000000,40.27970000000001,40.3493,15979.7996,21.6596,4.4037,17.2559,21.4474,23.2360,6.0481,17.1879,1.9021,15979.7996,NA,43.0050,NA
BioshockHD.exe,18704,0xB251BA8,DXGI,0,0,1,Hardware Composed: Independent Flip,16005.4918,NA,21.28850000000000,24.92800000000000,19.20870000000000,42.28510000000000,43.9888,16001.4592,23.2413,4.0326,19.2087,23.0238,23.2939,6.0147,17.2792,-3.2684,16001.4592,NA,45.9709,NA
BioshockHD.exe,18704,0xB251BA8,DXGI,0,0,1,Hardware Composed: Independent Flip,16029.5731,NA,24.08130000000000,21.71240000000000,20.00370000000000,41.52780000000000,41.6199,16024.7005,24.8763,4.8726,20.0037,23.0764,23.3240,6.0100,17.3140,1.5289,16024.7005,NA,44.6826,NA
BioshockHD.exe,18704,0xB251BA8,DXGI,0,0,1,Hardware Composed: Independent Flip,16053.6835,NA,24.11040000000000,23.01160000000000,17.60960000000000,40.45700000000000,40.5211,16049.5768,21.7163,4.1067,17.6096,21.5241,23.0396,6.0310,17.0086,1.8647,16049.5768,NA,45.6960,NA
BioshockHD.exe,18704,0xB251BA8,DXGI,0,0,1,Hardware Composed: Independent Flip,16075.6126,NA,21.92910000000000,25.04070000000000,18.68840000000000,41.97910000000000,43.6327,16071.2931,23.0079,4.3195,18.6884,22.8474,23.4512,6.1406,17.3106,-3.3244,16071.2931,NA,45.7347,NA
BioshockHD.exe,18704,0xB251BA8,DXGI,0,0,1,Hardware Composed: Independent Flip,16098.4539,NA,22.84130000000000,21.80200000000000,20.92380000000000,42.51290000000000,42.5934,16094.3010,25.0767,4.1529,20.9238,23.2907,23.3751,6.0092,17.3659,1.2059,16094.3010,NA,44.5406,NA
BioshockHD.exe,18704,0xB251BA8,DXGI,0,0,1,Hardware Composed: Independent Flip,16123.6641,NA,25.21020000000000,22.72780000000000,17.48260000000000,40.02920000000000,40.1110,16119.3777,21.7690,4.2864,17.4826,21.5891,22.7265,6.0204,16.7061,2.3489,16119.3777,NA,44.2672,NA
BioshockHD.exe,18704,0xB251BA8,DXGI,0,0,1,Hardware Composed: Independent Flip,16145.5593,NA,21.89520000000000,24.76580000000000,18.31530000000000,41.37420000000000,42.9816,16141.1467,22.7279,4.4126,18.3153,22.5466,23.2402,6.0052,17.2350,-2.9968,16141.1467,NA,45.0328,NA
BioshockHD.exe,18704,0xB251BA8,DXGI,0,0,1,Hardware Composed: Independent Flip,16168.1157,NA,22.55640000000000,21.74590000000000,20.52150000000000,42.10140000000001,42.1711,16163.8746,24.7626,4.2411,20.5215,23.0589,23.2836,5.9930,17.2906,0.9820,16163.8746,NA,42.7737,NA
BioshockHD.exe,18704,0xB251BA8,DXGI,0,0,1,Hardware Composed: Independent Flip,16192.9352,NA,24.81950000000000,23.42500000000000,17.45330000000000,40.69590000000000,40.7766,16188.6372,21.7513,4.2980,17.4533,21.5799,23.4140,5.9734,17.4406,1.3376,16188.6372,NA,46.2036,NA
BioshockHD.exe,18704,0xB251BA8,DXGI,0,0,1,Hardware Composed: Independent Flip,16215.0131,NA,22.07790000000000,24.85040000000000,18.79970000000000,41.91180000000000,43.5491,16210.3885,23.4243,4.6246,18.7997,23.2426,23.2938,6.0566,17.2372,-3.0991,16210.3885,NA,44.0486,NA
BioshockHD.exe,18704,0xB251BA8,DXGI,0,0,1,Hardware Composed: Independent Flip,16237.9536,NA,22.94050000000000,21.73870000000000,20.70860000000000,42.30510000000000,42.3473,16233.8128,24.8494,4.1408,20.7086,23.1121,23.3338,6.0256,17.3082,1.6856,16233.8128,NA,44.7951,NA
BioshockHD.exe,18704,0xB251BA8,DXGI,0,0,1,Hardware Composed: Independent Flip,16263.2740,NA,25.32040000000000,23.49170000000000,17.14760000000000,40.47750000000000,40.5186,16258.6622,21.7594,4.6118,17.1476,21.5965,23.4928,6.1234,17.3694,1.3577,16258.6622,NA,47.2267,NA
BioshockHD.exe,18704,0xB251BA8,DXGI,0,0,1,Hardware Composed: Independent Flip,16285.1149,NA,21.84090000000000,25.09620000000000,18.83650000000000,42.07810000000000,43.7739,16280.4216,23.5298,4.6933,18.8365,23.3299,23.4415,6.1666,17.2749,-3.3368,16280.4216,NA,NA,NA
BioshockHD.exe,18704,0xB251BA8,DXGI,0,0,1,Hardware Composed: Independent Flip,16308.8030,NA,23.68810000000000,21.41880000000000,20.18360000000000,41.45450000000000,41.5046,16303.9514,25.0352,4.8516,20.1836,23.2416,23.0645,5.7318,17.3327,2.1110,16303.9514,NA,NA,NA
BioshockHD.exe,18704,0xB251BA8,DXGI,0,0,1,Hardware Composed: Independent Flip,16333.9990,NA,25.19600000000000,22.96400000000000,16.53400000000000,39.18500000000000,39.2726,16328.9866,21.5464,5.0124,16.5340,21.2709,22.9265,5.6827,17.2438,2.0712,16328.9866,NA,44.7657,NA
BioshockHD.exe,18704,0xB251BA8,DXGI,0,0,1,Hardware Composed: Independent Flip,16355.8412,NA,21.84220000000000,24.69910000000000,17.60480000000000,40.47030000000000,42.1295,16350.5330,22.9130,5.3082,17.6048,22.6510,23.1275,6.1914,16.9361,-3.1527,16350.5330,NA,48.4062,NA
BioshockHD.exe,18704,0xB251BA8,DXGI,0,0,1,Hardware Composed: Independent Flip,16378.2339,NA,22.39270000000000,21.85670000000000,19.90490000000000,41.49390000000000,41.5935,16373.4460,24.6928,4.7879,19.9049,22.8655,23.4163,6.1585,17.2578,1.0563,16373.4460,NA,NA,NA
BioshockHD.exe,18704,0xB251BA8,DXGI,0,0,1,Hardware Composed: Independent Flip,16402.7732,NA,24.53930000000000,22.42150000000000,17.15290000000000,39.46720000000001,39.4757,16398.1388,21.7873,4.6344,17.1529,21.5890,22.5126,5.7406,16.7720,2.2713,16398.1388,NA,59.7104,NA
BioshockHD.exe,18704,0xB251BA8,DXGI,0,0,1,Hardware Composed: Independent Flip,16423.3475,NA,20.57430000000000,24.44500000000000,19.00850000000000,41.73250000000000,43.3464,16419.9261,22.4299,3.4214,19.0085,22.3143,22.8396,5.7418,17.0978,-2.6577,16419.9261,NA,45.1827,NA
BioshockHD.exe,18704,0xB251BA8,DXGI,0,0,1,Hardware Composed: Independent Flip,16445.7210,NA,22.37350000000000,21.64630000000000,21.07350000000000,42.56860000000000,42.6192,16442.3560,24.4385,3.3650,21.0735,22.7240,23.2096,5.7758,17.4338,0.7836,16442.3560,NA,43.8347,NA
BioshockHD.exe,18704,0xB251BA8,DXGI,0,0,1,Hardware Composed: Independent Flip,16469.9553,NA,24.23430000000000,23.06690000000000,18.49070000000000,41.40480000000000,41.4518,16466.7945,21.6515,3.1608,18.4907,21.4951,23.0705,5.7243,17.3462,1.3716,16466.7945,NA,45.9032,NA
BioshockHD.exe,18704,0xB251BA8,DXGI,0,0,1,Hardware Composed: Independent Flip,16491.8562,NA,21.90090000000000,24.91410000000000,19.69610000000000,42.77660000000000,44.4650,16488.4460,23.1063,3.4102,19.6961,22.9141,23.2727,5.8203,17.4524,-3.2626,16488.4460,NA,50.8125,NA
BioshockHD.exe,18704,0xB251BA8,DXGI,0,0,1,Hardware Composed: Independent Flip,16514.7600,NA,22.90380000000000,21.67780000000000,21.69640000000000,43.19910000000000,43.2390,16511.5523,24.9041,3.2077,21.6964,23.0805,23.3263,5.7391,17.5872,1.4285,16511.5523,NA,NA,NA
BioshockHD.exe,18704,0xB251BA8,DXGI,0,0,1,Hardware Composed: Independent Flip,16539.8417,NA,25.08170000000000,22.58050000000000,18.25470000000000,40.72550000000000,40.7378,16536.4564,21.6400,3.3853,18.2547,21.5027,22.6081,5.3921,17.2160,2.3236,16536.4564,NA,43.0680,NA
BioshockHD.exe,18704,0xB251BA8,DXGI,0,0,1,Hardware Composed: Independent Flip,16561.2003,NA,21.35860000000000,23.90070000000000,19.47810000000000,41.67720000000000,43.2799,16558.0964,22.5820,3.1039,19.4781,22.4708,22.3103,6.3636,15.9467,-2.2607,16558.0964,NA,45.9685,NA
BioshockHD.exe,18704,0xB251BA8,DXGI,0,0,1,Hardware Composed: Independent Flip,16583.7788,NA,22.57850000000000,21.62020000000000,20.80270000000000,42.26540000000000,42.3216,16580.6784,23.9031,3.1004,20.8027,22.1991,23.1667,5.7435,17.4232,0.9618,16580.6784,NA,42.5948,NA
BioshockHD.exe,18704,0xB251BA8,DXGI,0,0,1,Hardware Composed: Independent Flip,16607.9656,NA,24.18680000000000,23.24990000000000,18.23640000000000,41.37600000000000,41.3847,16604.5815,21.6205,3.3841,18.2364,21.4627,23.2974,5.8566,17.4408,0.6532,16604.5815,NA,54.8454,NA
BioshockHD.exe,18704,0xB251BA8,DXGI,0,0,1,Hardware Composed: Independent Flip,16629.5647,NA,21.59910000000000,24.35580000000000,19.88860000000000,42.46550000000000,44.1414,16626.2020,23.2513,3.3627,19.8886,23.1396,22.6886,5.6956,16.9930,-2.7353,16626.2020,NA,49.1982,NA
BioshockHD.exe,18704,0xB251BA8,DXGI,0,0,1,Hardware Composed: Independent Flip,16652.7782,NA,23.21350000000000,21.52740000000000,21.05820000000000,42.39910000000000,42.4553,16649.4533,24.3831,3.3249,21.0582,22.5769,23.1471,5.7638,17.3833,1.7239,16649.4533,NA,43.7213,NA
BioshockHD.exe,18704,0xB251BA8,DXGI,0,0,1,Hardware Composed: Independent Flip,16677.0361,NA,24.25790000000000,23.15040000000000,18.36430000000000,41.33860000000000,41.3478,16673.8364,21.5640,3.1997,18.3643,21.3409,23.1974,5.8550,17.3424,1.2327,16673.8364,NA,52.8793,NA
BioshockHD.exe,18704,0xB251BA8,DXGI,0,0,1,Hardware Composed: Independent Flip,16698.6845,NA,21.64840000000000,24.80560000000000,19.80290000000000,42.83760000000000,44.5050,16695.4004,23.0870,3.2841,19.8029,22.9743,23.1474,5.7499,17.3975,-3.2416,16695.4004,NA,NA,NA
BioshockHD.exe,18704,0xB251BA8,DXGI,0,0,1,Hardware Composed: Independent Flip,16721.7940,NA,23.10950000000000,20.22910000000000,21.49260000000000,41.58560000000000,41.6246,16718.4874,24.7992,3.3066,21.4926,23.0347,21.8575,5.3253,16.5322,2.8579,16718.4874,NA,42.8734,NA
BioshockHD.exe,18704,0xB251BA8,DXGI,0,0,1,Hardware Composed: Independent Flip,16746.6480,NA,24.85400000000000,22.67900000000000,16.87060000000000,39.41200000000000,39.4496,16743.2866,20.2320,3.3614,16.8706,20.0930,22.6804,6.3962,16.2842,2.1202,16743.2866,NA,39.5868,NA
BioshockHD.exe,18704,0xB251BA8,DXGI,0,0,1,Hardware Composed: Independent Flip,16767.5883,NA,20.94030000000000,24.00900000000000,18.60910000000000,41.54490000000001,42.5183,16763.5186,22.6788,4.0697,18.6091,22.5414,23.0732,5.7701,17.3031,-3.7770,16763.5186,NA,46.5918,NA
BioshockHD.exe,18704,0xB251BA8,DXGI,0,0,1,Hardware Composed: Independent Flip,16789.4224,NA,21.83410000000000,22.04750000000000,20.78200000000000,42.69270000000000,42.7317,16786.1974,24.0070,3.2250,20.7820,22.9358,22.9819,5.7659,17.2160,0.6313,16786.1974,NA,54.6465,NA
BioshockHD.exe,18704,0xB251BA8,DXGI,0,0,1,Hardware Composed: Independent Flip,16813.5455,NA,24.12310000000000,24.00310000000000,18.71500000000000,41.65190000000000,42.6117,16810.2044,22.0561,3.3411,18.7150,21.9107,23.0823,5.7761,17.3062,0.0039,16810.2044,NA,48.6483,NA
BioshockHD.exe,18704,0xB251BA8,DXGI,0,0,1,Hardware Composed: Independent Flip,16835.4598,NA,21.91430000000000,22.14120000000000,20.79410000000000,42.79030000000000,42.8386,16832.2605,23.9934,3.1993,20.7941,22.9369,23.0527,5.7839,17.2688,-0.0851,16832.2605,NA,43.7917,NA
BioshockHD.exe,18704,0xB251BA8,DXGI,0,0,1,Hardware Composed: Independent Flip,16859.6700,NA,24.21020000000000,24.79730000000000,18.73300000000000,41.78670000000000,43.4257,16856.2539,22.1491,3.4161,18.7330,21.9962,23.2066,5.7945,17.4121,-0.8039,16856.2539,NA,43.5809,NA
BioshockHD.exe,18704,0xB251BA8,DXGI,0,0,1,Hardware Composed: Independent Flip,16881.4995,NA,21.82950000000000,21.52980000000000,21.69390000000000,43.04360000000000,43.1260,16878.4030,24.7904,3.0965,21.6939,23.0537,23.0864,5.7708,17.3156,0.6193,16878.4030,NA,44.1133,NA
BioshockHD.exe,18704,0xB251BA8,DXGI,0,0,1,Hardware Composed: Independent Flip,16906.7856,NA,25.28610000000000,23.06060000000000,17.96720000000000,40.86310000000000,40.9005,16903.1934,21.5594,3.5922,17.9672,21.3497,23.1056,5.7588,17.3468,1.7298,16903.1934,NA,45.1860,NA
BioshockHD.exe,18704,0xB251BA8,DXGI,0,0,1,Hardware Composed: Independent Flip,16928.2076,NA,21.42200000000000,24.80450000000000,19.61950000000000,42.52730000000000,44.2830,16924.7528,23.0743,3.4548,19.6195,22.8959,23.0862,5.7807,17.3055,-3.2451,16924.7528,NA,49.9821,NA
BioshockHD.exe,18704,0xB251BA8,DXGI,0,0,1,Hardware Composed: Independent Flip,16951.3346,NA,23.12700000000000,21.41670000000000,21.26620000000000,42.51000000000001,42.5727,16947.8271,24.7737,3.5075,21.2662,22.9078,23.1097,5.8105,17.2992,1.6576,16947.8271,NA,45.3949,NA
BioshockHD.exe,18704,0xB251BA8,DXGI,0,0,1,Hardware Composed: Independent Flip,16976.4207,NA,25.08610000000000,22.99070000000000,17.58350000000000,40.43870000000000,40.4773,16972.6008,21.4034,3.8199,17.5835,21.2438,23.0148,5.7387,17.2761,1.7830,16972.6008,NA,44.3761,NA
BioshockHD.exe,18704,0xB251BA8,DXGI,0,0,1,Hardware Composed: Independent Flip,16997.6337,NA,21.21300000000000,24.85100000000000,19.36940000000000,42.28150000000000,44.1153,16994.0042,22.9989,3.6295,19.3694,22.8552,23.0558,5.8063,17.2495,-3.4476,16994.0042,NA,47.1843,NA
BioshockHD.exe,18704,0xB251BA8,DXGI,0,0,1,Hardware Composed: Independent Flip,17020.4261,NA,22.79240000000000,20.56230000000000,21.46240000000000,41.81030000000001,41.8852,17017.0031,24.8854,3.4230,21.4624,22.9121,22.3212,5.8251,16.4961,2.4366,17017.0031,NA,46.8014,NA
BioshockHD.exe,18704,0xB251BA8,DXGI,0,0,1,Hardware Composed: Independent Flip,17045.3055,NA,24.87940000000000,22.42100000000000,17.13400000000000,39.38090000000000,39.4268,17041.8885,20.5510,3.4170,17.1340,20.3479,22.4500,4.9842,17.4658,2.4644,17041.8885,NA,40.2190,NA
BioshockHD.exe,18704,0xB251BA8,DXGI,0,0,1,Hardware Composed: Independent Flip,17065.6908,NA,20.38530000000000,24.01260000000000,19.14560000000000,41.27080000000000,43.0541,17062.4395,22.3969,3.2513,19.1456,22.2469,22.2752,4.9861,17.2891,-3.4616,17062.4395,NA,43.2407,NA
BioshockHD.exe,18704,0xB251BA8,DXGI,0,0,1,Hardware Composed: Independent Flip,17087.6893,NA,21.99850000000000,20.70750000000000,21.15290000000000,41.71700000000000,41.7631,17084.8364,24.0058,2.8529,21.1529,22.1252,22.4447,4.9843,17.4604,1.6894,17084.8364,NA,43.9362,NA
BioshockHD.exe,18704,0xB251BA8,DXGI,0,0,1,Hardware Composed: Independent Flip,17111.7998,NA,24.11050000000000,24.00300000000000,17.80510000000000,39.99230000000000,41.6556,17108.8422,20.7627,2.9576,17.8051,20.5641,22.3858,5.0037,17.3821,0.0028,17108.8422,NA,42.9520,NA
BioshockHD.exe,18704,0xB251BA8,DXGI,0,0,1,Hardware Composed: Independent Flip,17132.7314,NA,20.93160000000000,20.81270000000000,20.82960000000000,41.52800000000000,41.5367,17129.6049,23.9561,3.1265,20.8296,22.1872,22.4673,5.0208,17.4465,-0.0500,17129.6049,NA,44.7282,NA
BioshockHD.exe,18704,0xB251BA8,DXGI,0,0,1,Hardware Composed: Independent Flip,17156.8141,NA,24.08270000000000,24.00280000000000,17.56070000000000,39.77950000000000,41.4568,17153.5610,20.8138,3.2531,17.5607,20.6984,22.3342,4.9456,17.3886,-0.0467,17153.5610,NA,42.7556,NA
BioshockHD.exe,18704,0xB251BA8,DXGI,0,0,1,Hardware Composed: Independent Flip,17177.4659,NA,20.65180000000000,20.42810000000000,20.90620000000000,41.18370000000000,41.2331,17174.3748,23.9973,3.0911,20.9062,22.2188,22.0560,4.5459,17.5101,0.3857,17174.3748,NA,42.1841,NA
BioshockHD.exe,18704,0xB251BA8,DXGI,0,0,1,Hardware Composed: Independent Flip,17201.4295,NA,23.96360000000000,24.08410000000000,17.37340000000000,38.86910000000000,41.3536,17198.3721,20.4308,3.0574,17.3734,20.2775,21.6490,5.0271,16.6219,-0.0868,17198.3721,NA,45.2744,NA
BioshockHD.exe,18704,0xB251BA8,DXGI,0,0,1,Hardware Composed: Independent Flip,17221.8155,NA,20.38600000000000,20.11020000000000,21.07190000000000,41.03120000000001,41.0778,17218.8029,24.0845,3.0126,21.0719,21.4957,22.5481,4.9732,17.5749,0.3206,17218.8029,NA,45.3825,NA
BioshockHD.exe,18704,0xB251BA8,DXGI,0,0,1,Hardware Composed: Independent Flip,17245.8550,NA,24.03950000000000,23.99480000000000,17.14130000000000,39.33110000000000,41.0331,17242.8874,20.1089,2.9676,17.1413,19.9593,22.3394,4.9886,17.3508,0.0897,17242.8874,NA,45.3811,NA
BioshockHD.exe,18704,0xB251BA8,DXGI,0,0,1,Hardware Composed: Independent Flip,17265.8597,NA,20.00470000000000,20.80960000000000,21.13100000000000,41.79130000000000,41.8380,17262.9963,23.9944,2.8634,21.1310,22.1898,22.4649,4.9591,17.5058,-0.7007,17262.9963,NA,42.1913,NA
BioshockHD.exe,18704,0xB251BA8,DXGI,0,0,1,Hardware Composed: Independent Flip,17290.0308,NA,24.17110000000000,24.00180000000000,17.79780000000000,39.99060000000000,41.6687,17286.9907,20.8379,3.0401,17.7978,20.6603,22.3704,4.9959,17.3745,-0.0074,17286.9907,NA,50.1925,NA
BioshockHD.exe,18704,0xB251BA8,DXGI,0,0,1,Hardware Composed: Independent Flip,17310.9251,NA,20.89430000000000,20.68940000000000,20.90480000000000,41.45430000000000,41.4638,17307.8286,24.0013,3.0965,20.9048,22.1928,22.3580,4.9965,17.3615,0.1485,17307.8286,NA,42.8818,NA
BioshockHD.exe,18704,0xB251BA8,DXGI,0,0,1,Hardware Composed: Independent Flip,17335.0059,NA,24.08080000000000,24.00530000000000,17.50150000000000,40.51260000000000,41.3883,17331.8299,20.6775,3.1760,17.5015,20.5495,23.1391,4.9703,18.1688,-0.0040,17331.8299,NA,46.8536,NA
BioshockHD.exe,18704,0xB251BA8,DXGI,0,0,1,Hardware Composed: Independent Flip,17355.5077,NA,20.50180000000000,21.62620000000000,20.98290000000000,42.46540000000000,42.5127,17352.5074,23.9832,3.0003,20.9829,23.0111,22.4546,4.9847,17.4699,-0.9487,17352.5074,NA,45.4669,NA
BioshockHD.exe,18704,0xB251BA8,DXGI,0,0,1,Hardware Composed: Independent Flip,17379.2623,NA,23.75460000000000,23.99460000000000,18.86300000000000,41.07920000000000,42.7527,17376.4906,21.6347,2.7717,18.8630,21.4825,22.3684,5.0105,17.3579,-0.0114,17376.4906,NA,47.5123,NA
BioshockHD.exe,18704,0xB251BA8,DXGI,0,0,1,Hardware Composed: Independent Flip,17400.9621,NA,21.69980000000000,20.88760000000000,21.17860000000000,41.90100000000000,41.9405,17398.1253,24.0154,2.8368,21.1786,22.2162,22.5216,4.9773,17.5443,0.7471,17398.1253,NA,46.3977,NA
BioshockHD.exe,18704,0xB251BA8,DXGI,0,0,1,Hardware Composed: Independent Flip,17425.2326,NA,24.27050000000000,24.00250000000000,17.81370000000000,40.00950000000000,41.6725,17422.1407,20.9056,3.0919,17.8137,20.7224,22.3790,4.9594,17.4196,0.0129,17422.1407,NA,44.3558,NA
BioshockHD.exe,18704,0xB251BA8,DXGI,0,0,1,Hardware Composed: Independent Flip,17445.9907,NA,20.75810000000000,20.72210000000000,21.01660000000000,41.57370000000000,41.6365,17443.0463,23.9610,2.9444,21.0166,22.1958,22.3223,4.9612,17.3611,0.1835,17443.0463,NA,49.1270,NA
BioshockHD.exe,18704,0xB251BA8,DXGI,0,0,1,Hardware Composed: Independent Flip,17469.8959,NA,23.90520000000000,23.97670000000000,17.96150000000000,40.03010000000000,41.7080,17467.0073,20.8501,2.8886,17.9615,20.5571,22.3616,5.1319,17.2297,-0.0157,17467.0073,NA,43.0678,NA
BioshockHD.exe,18704,0xB251BA8,DXGI,0,0,1,Hardware Composed: Independent Flip,17490.9464,NA,21.05050000000000,20.82340000000000,20.79600000000000,41.43430000000000,41.4809,17487.8574,23.8850,3.0890,20.7960,22.0686,22.4547,4.9627,17.4920,0.0267,17487.8574,NA,41.9153,NA
BioshockHD.exe,18704,0xB251BA8,DXGI,0,0,1,Hardware Composed: Independent Flip,17514.8870,NA,23.94060000000000,24.00190000000000,17.69190000000000,39.79440000000000,41.5422,17511.7424,20.8365,3.1446,17.6919,20.6383,22.3007,4.9915,17.3092,-0.1169,17511.7424,NA,41.9219,NA
BioshockHD.exe,18704,0xB251BA8,DXGI,0,0,1,Hardware Composed: Independent Flip,17536.0821,NA,21.19510000000000,20.72130000000000,20.45150000000000,41.02140000000000,41.0684,17532.5789,23.9547,3.5032,20.4515,22.1025,22.4221,4.9451,17.4770,0.1152,17532.5789,NA,44.6342,NA
BioshockHD.exe,18704,0xB251BA8,DXGI,0,0,1,Hardware Composed: Independent Flip,17559.4240,NA,23.34190000000000,23.99890000000000,17.82530000000000,40.26320000000000,41.7254,17556.5336,20.7157,2.8904,17.8253,20.5699,22.5837,4.9942,17.5895,-0.0442,17556.5336,NA,45.6454,NA
BioshockHD.exe,18704,0xB251BA8,DXGI,0,0,1,Hardware Composed: Independent Flip,17580.1565,NA,20.73250000000000,20.99460000000000,21.14190000000000,41.94570000000000,41.9875,17577.2493,24.0491,2.9072,21.1419,22.4379,22.4150,4.9737,17.4413,-0.2789,17577.2493,NA,51.6051,NA
BioshockHD.exe,18704,0xB251BA8,DXGI,0,0,1,Hardware Composed: Independent Flip,17604.1195,NA,23.96300000000000,24.00330000000000,18.15110000000000,40.62800000000000,42.0278,17601.2984,20.9722,2.8211,18.1511,20.8038,22.6453,4.9533,17.6920,0.0458,17601.2984,NA,59.6423,NA
BioshockHD.exe,18704,0xB251BA8,DXGI,0,0,1,Hardware Composed: Independent Flip,17625.1902,NA,21.07070000000000,20.18900000000000,21.05780000000000,41.09860000000000,41.1461,17622.2706,23.9774,2.9196,21.0578,22.4769,21.5413,4.9315,16.6098,0.7832,17622.2706,NA,43.8225,NA
BioshockHD.exe,18704,0xB251BA8,DXGI,0,0,1,Hardware Composed: Independent Flip,17649.0721,NA,23.88190000000000,23.99560000000000,17.41270000000000,39.65220000000000,41.2598,17646.2480,20.2368,2.8241,17.4127,20.0408,22.4355,4.9585,17.4770,-0.0182,17646.2480,NA,45.8044,NA
BioshockHD.exe,18704,0xB251BA8,DXGI,0,0,1,Hardware Composed: Independent Flip,17669.4065,NA,20.33440000000000,20.90540000000000,21.02550000000000,41.81840000000000,41.8308,17666.4848,23.9472,2.9217,21.0255,22.2395,22.5006,4.9973,17.5033,-0.6686,17666.4848,NA,44.7323,NA
BioshockHD.exe,18704,0xB251BA8,DXGI,0,0,1,Hardware Composed: Independent Flip,17693.4539,NA,24.04740000000000,24.02940000000000,17.95310000000000,40.38120000000000,41.8128,17690.4320,20.9750,3.0219,17.9531,20.7929,22.6102,4.9465,17.6637,-0.0822,17690.4320,NA,56.7597,NA
BioshockHD.exe,18704,0xB251BA8,DXGI,0,0,1,Hardware Composed: Independent Flip,17714.8471,NA,21.39320000000000,20.95260000000000,20.51980000000000,41.33280000000000,41.3722,17711.4070,23.9599,3.4401,20.5198,22.4281,22.3448,4.9324,17.4124,0.0224,17711.4070,NA,46.6811,NA
BioshockHD.exe,18704,0xB251BA8,DXGI,0,0,1,Hardware Composed: Independent Flip,17738.3891,NA,23.54200000000000,24.00920000000000,17.92800000000000,39.46690000000000,41.8394,17735.3669,20.9502,3.0222,17.9280,20.8130,21.6761,5.0367,16.6394,-0.0493,17735.3669,NA,43.7238,NA
BioshockHD.exe,18704,0xB251BA8,DXGI,0,0,1,Hardware Composed: Independent Flip,17759.1135,NA,20.72440000000000,20.19280000000000,21.23690000000000,41.29760000000000,41.3078,17756.3171,24.0333,2.7964,21.2369,21.5389,22.5551,5.0208,17.5343,0.7574,17756.3171,NA,44.9133,NA
BioshockHD.exe,18704,0xB251BA8,DXGI,0,0,1,Hardware Composed: Independent Flip,17783.2851,NA,24.17160000000000,24.00990000000000,17.24860000000000,39.58730000000000,41.1461,17780.3504,20.1833,2.9347,17.2486,20.0607,22.4613,5.0204,17.4409,0.0234,17780.3504,NA,47.9216,NA
BioshockHD.exe,18704,0xB251BA8,DXGI,0,0,1,Hardware Composed: Independent Flip,17803.6131,NA,20.32800000000000,20.91350000000000,20.94640000000000,41.72120000000000,41.7316,17800.5337,24.0258,3.0794,20.9464,22.3387,22.4619,5.0956,17.3663,-0.7302,17800.5337,NA,46.8312,NA
BioshockHD.exe,18704,0xB251BA8,DXGI,0,0,1,Hardware Composed: Independent Flip,17827.3427,NA,23.72960000000000,24.00120000000000,18.13220000000000,40.16030000000000,42.0032,17824.5595,20.9154,2.7832,18.1322,20.7748,22.1687,4.8934,17.2753,0.0246,17824.5595,NA,46.7563,NA
BioshockHD.exe,18704,0xB251BA8,DXGI,0,0,1,Hardware Composed: Independent Flip,17848.2268,NA,20.88410000000000,20.73720000000000,21.21760000000000,41.81680000000000,41.8563,17845.4749,23.9695,2.7519,21.2176,22.0281,22.5406,5.0631,17.4775,0.1782,17845.4749,NA,42.5800,NA
BioshockHD.exe,18704,0xB251BA8,DXGI,0,0,1,Hardware Composed: Independent Flip,17872.3595,NA,24.13270000000000,24.00110000000000,17.82960000000000,39.97160000000000,41.7247,17869.4444,20.7447,2.9151,17.8296,20.5992,22.2875,4.9405,17.3470,-0.0316,17869.4444,NA,43.5804,NA
BioshockHD.exe,18704,0xB251BA8,DXGI,0,0,1,Hardware Composed: Independent Flip,17893.1033,NA,20.74380000000000,20.67640000000000,21.08000000000000,41.61720000000000,41.6573,17890.1891,23.9942,2.9142,21.0800,22.1420,22.3894,4.9227,17.4667,0.0683,17890.1891,NA,48.2560,NA
BioshockHD.exe,18704,0xB251BA8,DXGI,0,0,1,Hardware Composed: Independent Flip,17917.0368,NA,23.93350000000000,24.00210000000000,17.82480000000000,40.18880000000000,41.7259,17914.1833,20.6783,2.8535,17.8248,20.5372,22.5051,4.9581,17.5470,-0.0079,17914.1833,NA,52.2599,NA
BioshockHD.exe,18704,0xB251BA8,DXGI,0,0,1,Hardware Composed: Independent Flip,17937.8154,NA,20.77860000000000,20.87840000000000,21.05670000000000,41.77750000000000,41.8257,17934.8616,24.0105,2.9538,21.0567,22.3640,22.3673,5.0263,17.3410,-0.2001,17934.8616,NA,47.1348,NA
BioshockHD.exe,18704,0xB251BA8,DXGI,0,0,1,Hardware Composed: Independent Flip,17962.1671,NA,24.35170000000000,24.00090000000000,17.58320000000000,39.08920000000001,41.4749,17958.8721,20.8782,3.2950,17.5832,20.7208,21.6634,4.9733,16.6901,0.0096,17958.8721,NA,42.0925,NA
BioshockHD.exe,18704,0xB251BA8,DXGI,0,0,1,Hardware Composed: Independent Flip,17982.5626,NA,20.39550000000000,20.05360000000000,21.22070000000000,41.12310000000000,41.1330,17979.7503,24.0330,2.8123,21.2207,21.5060,22.4294,4.9978,17.4316,0.8246,17979.7503,NA,54.1562,NA
BioshockHD.exe,18704,0xB251BA8,DXGI,0,0,1,Hardware Composed: Independent Flip,18006.7425,NA,24.17990000000000,24.00150000000000,17.12400000000000,39.21830000000000,40.9546,18003.7833,20.0832,2.9592,17.1240,19.9024,22.2751,4.9152,17.3599,0.0315,18003.7833,NA,56.1956,NA
BioshockHD.exe,18704,0xB251BA8,DXGI,0,0,1,Hardware Composed: Independent Flip,18026.8306,NA,20.08810000000000,20.71840000000000,21.00370000000000,41.57590000000000,41.5849,18023.8665,23.9678,2.9641,21.0037,22.0943,22.4457,5.0195,17.4262,-0.6352,18023.8665,NA,58.8327,NA
BioshockHD.exe,18704,0xB251BA8,DXGI,0,0,1,Hardware Composed: Independent Flip,18050.7371,NA,23.90650000000000,24.00850000000000,17.83550000000000,39.76860000000000,41.6869,18047.8343,20.7383,2.9028,17.8355,20.5722,22.0992,4.8854,17.2138,-0.0407,18047.8343,NA,50.8898,NA
BioshockHD.exe,18704,0xB251BA8,DXGI,0,0,1,Hardware Composed: Independent Flip,18071.6057,NA,20.86860000000000,20.55800000000000,20.91670000000000,41.33790000000000,41.3763,18068.5726,23.9498,3.0331,20.9167,21.9331,22.4379,4.9104,17.5275,0.1803,18068.5726,NA,53.4776,NA
BioshockHD.exe,18704,0xB251BA8,DXGI,0,0,1,Hardware Composed: Independent Flip,18095.4462,NA,23.84050000000000,24.00680000000000,17.67600000000000,39.81280000000000,41.5426,18092.5224,20.5998,2.9238,17.6760,20.4212,22.3154,4.9953,17.3201,-0.0570,18092.5224,NA,46.4451,NA
BioshockHD.exe,18704,0xB251BA8,DXGI,0,0,1,Hardware Composed: Independent Flip,18116.1629,NA,20.71670000000000,20.66920000000000,20.96660000000000,41.48610000000000,41.4951,18113.1222,24.0073,3.0407,20.9666,22.1368,22.3900,4.9482,17.4418,-0.0694,18113.1222,NA,45.1537,NA
BioshockHD.exe,18704,0xB251BA8,DXGI,0,0,1,Hardware Composed: Independent Flip,18140.3504,NA,24.18750000000000,23.99460000000000,17.40600000000000,39.55120000000000,41.3022,18137.1295,20.6269,3.2209,17.4060,20.5195,22.2526,4.8639,17.3887,0.0127,18137.1295,NA,46.1155,NA
BioshockHD.exe,18704,0xB251BA8,DXGI,0,0,1,Hardware Composed: Independent Flip,18160.6155,NA,20.26510000000000,20.74090000000000,21.16900000000000,41.73960000000000,41.7780,18157.7564,24.0281,2.8591,21.1690,22.1452,22.4535,5.0207,17.4328,-0.1140,18157.7564,NA,42.8517,NA
BioshockHD.exe,18704,0xB251BA8,DXGI,0,0,1,Hardware Composed: Independent Flip,18184.5761,NA,23.96060000000000,24.00640000000000,17.93210000000000,40.02830000000000,41.8238,18181.7845,20.7237,2.7916,17.9321,20.5706,22.2493,4.9208,17.3285,0.0217,18181.7845,NA,50.8357,NA
BioshockHD.exe,18704,0xB251BA8,DXGI,0,0,1,Hardware Composed: Independent Flip,18205.4818,NA,20.90570000000000,20.46210000000000,21.01530000000000,41.33250000000000,41.3802,18202.5082,23.9889,2.9736,21.0153,22.0962,22.2099,4.8577,17.3522,0.2616,18202.5082,NA,42.3209,NA
BioshockHD.exe,18704,0xB251BA8,DXGI,0,0,1,Hardware Composed: Independent Flip,18229.1840,NA,23.70220000000000,23.99320000000000,17.81350000000000,39.83720000000000,41.6712,18226.4971,20.5004,2.6869,17.8135,20.3172,22.2069,4.8802,17.3267,-0.0043,18226.4971,NA,46.3370,NA
BioshockHD.exe,18704,0xB251BA8,DXGI,0,0,1,Hardware Composed: Independent Flip,18250.1120,NA,20.92800000000000,20.60380000000000,20.87310000000000,41.33840000000000,41.3470,18246.9975,23.9876,3.1145,20.8731,22.0237,22.4292,4.9282,17.5010,-0.1034,18246.9975,NA,44.9518,NA
BioshockHD.exe,18704,0xB251BA8,DXGI,0,0,1,Hardware Composed: Independent Flip,18273.9616,NA,23.84960000000000,23.99380000000000,17.60350000000000,40.30250000000000,41.4912,18270.9851,20.5800,2.9765,17.6035,20.4653,22.8137,5.2168,17.5969,-0.0062,18270.9851,NA,43.9391,NA
BioshockHD.exe,18704,0xB251BA8,DXGI,0,0,1,Hardware Composed: Independent Flip,18294.8702,NA,20.90860000000000,21.22320000000000,20.67580000000000,41.75660000000000,41.8058,18291.5651,23.9809,3.3051,20.6758,22.6990,22.3627,4.9029,17.4598,-0.6432,18291.5651,NA,44.1724,NA
BioshockHD.exe,18704,0xB251BA8,DXGI,0,0,1,Hardware Composed: Independent Flip,18318.5294,NA,23.65920000000000,23.99470000000000,18.25140000000000,40.29310000000000,42.1413,18315.5460,21.2348,2.9834,18.2514,21.0808,22.1957,4.8860,17.3097,-0.0138,18315.5460,NA,44.1682,NA
BioshockHD.exe,18704,0xB251BA8,DXGI,0,0,1,Hardware Composed: Independent Flip,18339.4880,NA,20.95860000000000,20.83290000000000,21.35010000000000,42.00630000000000,42.0156,18336.7808,24.0573,2.7072,21.3501,22.0417,22.6718,4.9352,17.7366,0.4019,18336.7808,NA,47.9993,NA
BioshockHD.exe,18704,0xB251BA8,DXGI,0,0,1,Hardware Composed: Independent Flip,18363.6494,NA,24.16140000000000,23.99970000000000,18.01740000000000,40.56950000000001,41.8539,18360.8381,20.8287,2.8113,18.0174,20.6562,22.7246,4.8679,17.8567,0.0576,18360.8381,NA,64.9987,NA
BioshockHD.exe,18704,0xB251BA8,DXGI,0,0,1,Hardware Composed: Independent Flip,18384.5653,NA,20.91590000000000,20.41520000000000,21.08870000000000,41.34410000000000,41.3532,18381.6668,23.9872,2.8985,21.0887,22.5521,21.6905,4.9484,16.7421,0.4135,18381.6668,NA,NA,NA
BioshockHD.exe,18704,0xB251BA8,DXGI,0,0,1,Hardware Composed: Independent Flip,18408.5461,NA,23.98080000000000,24.04360000000000,17.55820000000000,38.48390000000000,41.4160,18405.6540,20.4503,2.8921,17.5582,20.2554,21.1206,4.3708,16.7498,-0.0564,18405.6540,NA,58.4276,NA
BioshockHD.exe,18704,0xB251BA8,DXGI,0,0,1,Hardware Composed: Independent Flip,18429.0495,NA,20.50340000000000,18.99750000000000,21.08700000000000,39.90120000000000,39.9101,18426.1043,24.0322,2.9452,21.0870,20.9257,21.9207,4.9544,16.9663,1.4528,18426.1043,NA,40.4054,NA
BioshockHD.exe,18704,0xB251BA8,DXGI,0,0,1,Hardware Composed: Independent Flip,18453.1417,NA,24.09220000000000,24.04780000000000,15.99620000000000,37.67820000000000,39.8657,18450.1365,19.0014,3.0052,15.9962,18.8142,21.8692,4.5184,17.3508,-0.0156,18450.1365,NA,NA,NA
BioshockHD.exe,18704,0xB251BA8,DXGI,0,0,1,Hardware Composed: Independent Flip,18472.1791,NA,19.03740000000000,19.69460000000000,20.99040000000000,40.47610000000000,40.5229,18469.1379,24.0316,3.0412,20.9904,21.6820,21.8353,4.9052,16.9301,-0.6932,18469.1379,NA,NA,NA
BioshockHD.exe,18704,0xB251BA8,DXGI,0,0,1,Hardware Composed: Independent Flip,18496.2870,NA,24.10790000000000,23.99670000000000,16.55730000000000,38.36210000000001,40.4117,18493.1695,19.6748,3.1175,16.5573,19.4857,21.9939,4.4381,17.5558,0.0349,18493.1695,NA,NA,NA
BioshockHD.exe,18704,0xB251BA8,DXGI,0,0,1,Hardware Composed: Independent Flip,18515.7850,NA,19.49800000000000,19.35540000000000,21.05610000000000,40.22230000000000,40.2691,18512.8443,23.9968,2.9407,21.0561,21.8048,21.3582,4.4267,16.9315,0.3194,18512.8443,NA,NA,NA
BioshockHD.exe,18704,0xB251BA8,DXGI,0,0,1,Hardware Composed: Independent Flip,18539.6586,NA,23.87360000000000,24.00130000000000,16.54060000000000,37.86490000000000,40.3968,18536.8411,19.3581,2.8175,16.5406,19.1662,21.5162,4.4254,17.0908,-0.0045,18536.8411,NA,NA,NA
BioshockHD.exe,18704,0xB251BA8,DXGI,0,0,1,Hardware Composed: Independent Flip,18558.9266,NA,19.26800000000000,19.04890000000000,21.25780000000000,40.16940000000000,40.1777,18556.1992,23.9852,2.7274,21.2578,21.3243,21.5725,4.4667,17.1058,0.3092,18556.1992,NA,48.5646,NA
BioshockHD.exe,18704,0xB251BA8,DXGI,0,0,1,Hardware Composed: Independent Flip,18582.9162,NA,23.98960000000000,24.03640000000000,16.29330000000000,38.16210000000000,40.2245,18580.1844,19.0251,2.7318,16.2933,18.9116,21.9823,4.8729,17.1094,-0.0512,18580.1844,NA,NA,NA
BioshockHD.exe,18704,0xB251BA8,DXGI,0,0,1,Hardware Composed: Independent Flip,18601.8413,NA,18.92510000000000,20.12400000000000,21.41190000000000,41.41340000000000,41.4234,18599.2095,24.0437,2.6318,21.4119,21.8688,22.1764,4.6201,17.5563,-1.0989,18599.2095,NA,41.7575,NA
BioshockHD.exe,18704,0xB251BA8,DXGI,0,0,1,Hardware Composed: Independent Flip,18626.0051,NA,24.16380000000000,23.86470000000000,17.41750000000000,39.03090000000000,41.1243,18623.2532,20.1694,2.7519,17.4175,20.0015,21.7813,4.7444,17.0369,0.1790,18623.2532,NA,52.6170,NA
BioshockHD.exe,18704,0xB251BA8,DXGI,0,0,1,Hardware Composed: Independent Flip,18646.3289,NA,20.32380000000000,20.26410000000000,20.89720000000000,41.05420000000000,41.0646,18643.4226,23.8035,2.9063,20.8972,21.6134,22.3471,4.9108,17.4363,-0.0947,18643.4226,NA,47.8950,NA
BioshockHD.exe,18704,0xB251BA8,DXGI,0,0,1,Hardware Composed: Independent Flip,18669.9514,NA,23.62250000000000,23.99430000000000,17.57670000000000,39.59540000000001,41.4364,18667.2261,20.3020,2.7253,17.5767,20.1570,22.1637,4.8471,17.3166,-0.1908,18667.2261,NA,47.8821,NA
BioshockHD.exe,18704,0xB251BA8,DXGI,0,0,1,Hardware Composed: Independent Flip,18690.3999,NA,20.44850000000000,20.58240000000000,21.15360000000000,41.55870000000000,41.5703,18687.5281,24.0254,2.8718,21.1536,22.0187,22.4118,4.9442,17.4676,-0.2804,18687.5281,NA,50.4641,NA
BioshockHD.exe,18704,0xB251BA8,DXGI,0,0,1,Hardware Composed: Independent Flip,18714.3331,NA,23.93320000000000,24.00100000000000,17.82260000000000,39.91030000000000,41.6381,18711.5535,20.6022,2.7796,17.8226,20.4051,22.2848,4.8261,17.4587,0.0244,18711.5535,NA,56.4372,NA
BioshockHD.exe,18704,0xB251BA8,DXGI,0,0,1,Hardware Composed: Independent Flip,18735.0090,NA,20.67590000000000,20.73180000000000,21.28670000000000,41.65560000000000,41.6940,18732.1557,24.1400,2.8533,21.2867,22.0877,22.4212,4.8855,17.5357,-0.1296,18732.1557,NA,42.1315,NA
BioshockHD.exe,18704,0xB251BA8,DXGI,0,0,1,Hardware Composed: Independent Flip,18759.5290,NA,24.52000000000000,24.00590000000000,17.28990000000000,39.02220000000001,41.1799,18756.2957,20.5232,3.2333,17.2899,20.3689,21.8866,4.4504,17.4362,0.1341,18756.2957,NA,42.1978,NA
BioshockHD.exe,18704,0xB251BA8,DXGI,0,0,1,Hardware Composed: Independent Flip,18779.5762,NA,20.04720000000000,19.64180000000000,21.22940000000000,40.72840000000000,40.7745,18776.8189,23.9867,2.7573,21.2294,21.7323,21.7534,4.8513,16.9021,0.8814,18776.8189,NA,50.8383,NA
BioshockHD.exe,18704,0xB251BA8,DXGI,0,0,1,Hardware Composed: Independent Flip,18803.5352,NA,23.95900000000000,23.99570000000000,16.96140000000000,39.32510000000000,40.8112,18800.8056,19.6910,2.7296,16.9614,19.4990,22.5557,4.9701,17.5856,-0.0090,18800.8056,NA,41.8330,NA
BioshockHD.exe,18704,0xB251BA8,DXGI,0,0,1,Hardware Composed: Independent Flip,18823.3636,NA,19.82840000000000,20.79830000000000,21.09150000000000,41.73350000000000,41.7811,18820.4966,23.9585,2.8670,21.0915,22.3637,22.2368,4.8753,17.3615,-1.1073,18820.4966,NA,NA,NA
BioshockHD.exe,18704,0xB251BA8,DXGI,0,0,1,Hardware Composed: Independent Flip,18847.2957,NA,23.93210000000000,23.99970000000000,17.95750000000000,40.01750000000001,41.8487,18844.4551,20.7981,2.8406,17.9575,20.6420,22.2161,4.8965,17.3196,-0.0412,18844.4551,NA,57.6435,NA
BioshockHD.exe,18704,0xB251BA8,DXGI,0,0,1,Hardware Composed: Independent Flip,18868.0705,NA,20.77480000000000,21.29920000000000,21.18040000000000,42.32480000000000,42.3731,18865.2532,23.9977,2.8173,21.1804,22.0600,23.0821,4.8473,18.2348,-0.5011,18865.2532,NA,42.9401,NA
BioshockHD.exe,18704,0xB251BA8,DXGI,0,0,1,Hardware Composed: Independent Flip,18892.0640,NA,23.99350000000000,24.00610000000000,18.48760000000000,40.51360000000000,42.3857,18889.2509,21.3007,2.8131,18.4876,21.1444,22.1823,4.8853,17.2970,-0.0084,18889.2509,NA,55.9471,NA
BioshockHD.exe,18704,0xB251BA8,DXGI,0,0,1,Hardware Composed: Independent Flip,18913.2242,NA,21.16020000000000,20.62890000000000,21.35660000000000,41.84460000000000,41.8544,18910.5516,24.0292,2.6726,21.3566,22.0260,22.4912,5.0004,17.4908,0.6718,18910.5516,NA,52.5716,NA
BioshockHD.exe,18704,0xB251BA8,DXGI,0,0,1,Hardware Composed: Independent Flip,18937.2972,NA,24.07300000000000,24.01890000000000,17.95380000000000,40.03060000000000,41.8003,18934.5808,20.6702,2.7164,17.9538,20.4880,22.2590,4.8660,17.3930,0.0103,18934.5808,NA,63.5867,NA
BioshockHD.exe,18704,0xB251BA8,DXGI,0,0,1,Hardware Composed: Independent Flip,18958.5735,NA,21.27630000000000,20.63060000000000,20.63470000000000,41.14550000000001,41.1546,18955.2510,23.9572,3.3225,20.6347,22.0768,22.3912,4.9203,17.4709,0.0396,18955.2510,NA,46.1805,NA
BioshockHD.exe,18704,0xB251BA8,DXGI,0,0,1,Hardware Composed: Independent Flip,18981.8405,NA,23.26700000000000,24.00180000000000,17.99470000000000,40.06710000000000,41.8894,18979.2082,20.6270,2.6323,17.9947,20.5108,22.1886,4.8650,17.3236,-0.0446,18979.2082,NA,48.1844,NA
BioshockHD.exe,18704,0xB251BA8,DXGI,0,0,1,Hardware Composed: Independent Flip,19002.6135,NA,20.77300000000000,20.61060000000000,21.21270000000000,41.71740000000000,41.7270,18999.8352,23.9910,2.7783,21.2127,22.0724,22.4233,4.9145,17.5088,0.0164,18999.8352,NA,50.8412,NA
BioshockHD.exe,18704,0xB251BA8,DXGI,0,0,1,Hardware Composed: Independent Flip,19026.6315,NA,24.01800000000000,24.00370000000000,17.81860000000000,39.88260000000000,41.7127,19023.8262,20.6239,2.8053,17.8186,20.5047,22.1832,4.8291,17.3541,-0.0127,19023.8262,NA,45.8427,NA
BioshockHD.exe,18704,0xB251BA8,DXGI,0,0,1,Hardware Composed: Independent Flip,19047.4669,NA,20.83540000000000,20.52440000000000,20.98640000000000,41.35510000000000,41.4017,19044.4501,24.0032,3.0168,20.9864,22.0640,22.3079,4.8547,17.4532,0.0995,19044.4501,NA,46.3576,NA
BioshockHD.exe,18704,0xB251BA8,DXGI,0,0,1,Hardware Composed: Independent Flip,19071.2493,NA,23.78240000000000,23.99460000000000,17.79360000000000,39.71410000000000,41.6139,19068.4533,20.5896,2.7960,17.7936,20.3687,22.1414,4.8684,17.2730,0.0086,19068.4533,NA,49.3580,NA
BioshockHD.exe,18704,0xB251BA8,DXGI,0,0,1,Hardware Composed: Independent Flip,19092.0565,NA,20.80720000000000,20.23490000000000,20.95910000000000,41.03210000000000,41.0416,19089.0429,23.9727,3.0136,20.9591,21.9205,22.1252,4.9431,17.1821,0.3547,19089.0429,NA,NA,NA
BioshockHD.exe,18704,0xB251BA8,DXGI,0,0,1,Hardware Composed: Independent Flip,19115.8619,NA,23.80540000000000,23.99910000000000,17.38980000000000,39.01550000000000,41.2353,19113.0156,20.2361,2.8463,17.3898,20.0730,21.7888,4.4160,17.3728,-0.0264,19113.0156,NA,NA,NA
BioshockHD.exe,18704,0xB251BA8,DXGI,0,0,1,Hardware Composed: Independent Flip,19136.1366,NA,20.27470000000000,18.87900000000000,21.07930000000000,39.80080000000000,39.8396,19133.2517,23.9642,2.8849,21.0793,21.6257,21.0600,4.4344,16.6256,1.3571,19133.2517,NA,40.4670,NA
BioshockHD.exe,18704,0xB251BA8,DXGI,0,0,1,Hardware Composed: Independent Flip,19160.0273,NA,23.89070000000000,24.00730000000000,16.09870000000000,37.89880000000000,39.9562,19157.2159,18.9101,2.8114,16.0987,18.7215,21.9887,4.9218,17.0669,-0.0431,19157.2159,NA,44.4746,NA
BioshockHD.exe,18704,0xB251BA8,DXGI,0,0,1,Hardware Composed: Independent Flip,19179.0483,NA,19.02100000000000,20.39240000000000,21.06230000000000,41.31830000000000,41.3276,19176.1260,23.9846,2.9223,21.0623,21.8001,22.4405,4.9345,17.5060,-1.4823,19176.1260,NA,42.8652,NA
BioshockHD.exe,18704,0xB251BA8,DXGI,0,0,1,Hardware Composed: Independent Flip,19202.8720,NA,23.82370000000000,24.00320000000000,17.65680000000000,39.76450000000001,41.5071,19200.1106,20.4182,2.7614,17.6568,20.2560,22.2699,4.8637,17.4062,-0.0186,19200.1106,NA,47.8774,NA
BioshockHD.exe,18704,0xB251BA8,DXGI,0,0,1,Hardware Composed: Independent Flip,19223.3777,NA,20.50570000000000,20.56900000000000,21.14390000000000,41.53200000000000,41.5704,19220.5288,23.9928,2.8489,21.1439,22.1077,22.2732,4.8731,17.4001,-0.1508,19220.5288,NA,NA,NA
BioshockHD.exe,18704,0xB251BA8,DXGI,0,0,1,Hardware Composed: Independent Flip,19247.3062,NA,23.92850000000000,24.01270000000000,17.75450000000000,39.25660000000000,41.6546,19244.5216,20.5391,2.7846,17.7545,20.3881,21.6531,4.4431,17.2100,-0.0199,19244.5216,NA,NA,NA
BioshockHD.exe,18704,0xB251BA8,DXGI,0,0,1,Hardware Composed: Independent Flip,19267.8439,NA,20.53770000000000,18.60310000000000,21.22390000000000,39.68270000000000,39.7200,19265.0607,24.0071,2.7832,21.2239,21.5021,20.9638,4.4099,16.5539,1.9360,19265.0607,NA,56.0194,NA
BioshockHD.exe,18704,0xB251BA8,DXGI,0,0,1,Hardware Composed: Independent Flip,19291.7359,NA,23.89200000000000,24.01260000000000,15.92450000000000,37.80330000000000,39.8406,19289.0678,18.5926,2.6681,15.9245,18.4588,22.0126,4.8897,17.1229,-0.0055,19289.0678,NA,40.0696,NA
BioshockHD.exe,18704,0xB251BA8,DXGI,0,0,1,Hardware Composed: Independent Flip,19310.3498,NA,18.61390000000000,20.42470000000000,21.32290000000000,41.63880000000000,41.6514,19307.6604,24.0123,2.6894,21.3229,21.8788,22.4494,4.9306,17.5188,-1.8321,19307.6604,NA,42.4971,NA
BioshockHD.exe,18704,0xB251BA8,DXGI,0,0,1,Hardware Composed: Independent Flip,19334.4078,NA,24.05800000000000,24.00450000000000,17.69560000000000,39.81840000000000,41.5979,19331.6727,20.4307,2.7351,17.6956,20.3159,22.2376,4.8932,17.3444,0.0078,19331.6727,NA,45.5057,NA
BioshockHD.exe,18704,0xB251BA8,DXGI,0,0,1,Hardware Composed: Independent Flip,19354.8420,NA,20.43420000000000,20.59550000000000,21.29440000000000,41.74970000000000,41.7592,19352.1034,24.0330,2.7386,21.2944,22.1228,22.3655,4.9050,17.4605,-0.1648,19352.1034,NA,49.0968,NA
BioshockHD.exe,18704,0xB251BA8,DXGI,0,0,1,Hardware Composed: Independent Flip,19379.0796,NA,24.23760000000000,24.00270000000000,17.63540000000000,40.51020000000000,41.5243,19376.1364,20.5786,2.9432,17.6354,20.4553,22.9981,4.8852,18.1129,0.0303,19376.1364,NA,43.0604,NA
BioshockHD.exe,18704,0xB251BA8,DXGI,0,0,1,Hardware Composed: Independent Flip,19399.6426,NA,20.56300000000000,20.62530000000000,21.12760000000000,41.57710000000000,41.5866,19396.7150,24.0552,2.9276,21.1276,22.8748,21.6299,4.9117,16.7182,-0.0467,19396.7150,NA,42.7195,NA
BioshockHD.exe,18704,0xB251BA8,DXGI,0,0,1,Hardware Composed: Independent Flip,19423.8178,NA,24.17520000000000,24.00160000000000,17.55140000000000,39.53760000000000,41.4130,19420.7702,20.5990,3.0476,17.5514,20.4495,22.1357,4.8427,17.2930,0.0536,19420.7702,NA,43.7165,NA
BioshockHD.exe,18704,0xB251BA8,DXGI,0,0,1,Hardware Composed: Independent Flip,19444.2027,NA,20.38490000000000,20.50520000000000,21.12460000000000,41.52510000000000,41.5333,19441.3692,23.9581,2.8335,21.1246,21.9862,22.3724,4.8726,17.4998,0.0938,19441.3692,NA,49.2292,NA
BioshockHD.exe,18704,0xB251BA8,DXGI,0,0,1,Hardware Composed: Independent Flip,19468.1178,NA,23.91510000000000,24.00850000000000,17.72050000000000,39.83060000000000,41.6267,19465.3273,20.5110,2.7905,17.7205,20.4005,22.2206,4.8406,17.3800,-0.0504,19465.3273,NA,44.2426,NA
BioshockHD.exe,18704,0xB251BA8,DXGI,0,0,1,Hardware Composed: Independent Flip,19488.8641,NA,20.74630000000000,20.44720000000000,20.98000000000000,41.31880000000000,41.3276,19485.8383,24.0058,3.0258,20.9800,22.1101,22.2345,4.8944,17.3401,0.0638,19485.8383,NA,45.6894,NA
BioshockHD.exe,18704,0xB251BA8,DXGI,0,0,1,Hardware Composed: Independent Flip,19512.4477,NA,23.58360000000000,23.99600000000000,17.90880000000000,40.08500000000000,41.7400,19509.8441,20.5124,2.6036,17.9088,20.3388,22.3498,4.9320,17.4178,0.0098,19509.8441,NA,45.6857,NA
BioshockHD.exe,18704,0xB251BA8,DXGI,0,0,1,Hardware Composed: Independent Flip,19533.3238,NA,20.87610000000000,20.73490000000000,21.00150000000000,41.55990000000000,41.5988,19530.3565,23.9688,2.9673,21.0015,22.1762,22.3510,4.9065,17.4445,-0.2225,19530.3565,NA,48.3925,NA
BioshockHD.exe,18704,0xB251BA8,DXGI,0,0,1,Hardware Composed: Independent Flip,19557.2165,NA,23.89270000000000,24.00700000000000,17.80800000000000,39.97910000000000,41.7131,19554.3253,20.6992,2.8912,17.8080,20.5584,22.3119,4.8690,17.4429,-0.0382,19554.3253,NA,42.3950,NA
BioshockHD.exe,18704,0xB251BA8,DXGI,0,0,1,Hardware Composed: Independent Flip,19578.1681,NA,20.95160000000000,20.11020000000000,20.85920000000000,40.83420000000000,40.8717,19575.0245,24.0028,3.1436,20.8592,22.1711,21.8067,4.8737,16.9330,0.5890,19575.0245,NA,45.5371,NA
BioshockHD.exe,18704,0xB251BA8,DXGI,0,0,1,Hardware Composed: Independent Flip,19601.6365,NA,23.46840000000000,24.01580000000000,17.51220000000000,39.61020000000000,41.4191,19599.0273,20.1214,2.6092,17.5122,19.9750,22.2444,4.8820,17.3624,-0.0130,19599.0273,NA,43.5509,NA
BioshockHD.exe,18704,0xB251BA8,DXGI,0,0,1,Hardware Composed: Independent Flip,19621.8119,NA,20.17540000000000,20.51730000000000,21.34160000000000,41.75220000000000,41.7610,19619.1487,24.0048,2.6632,21.3416,22.0980,22.3174,4.8976,17.4198,-0.3959,19619.1487,NA,48.0645,NA
BioshockHD.exe,18704,0xB251BA8,DXGI,0,0,1,Hardware Composed: Independent Flip,19645.8570,NA,24.04510000000000,24.01790000000000,17.82010000000000,39.89070000000000,41.7338,19643.1535,20.5236,2.7035,17.8201,20.4106,22.1836,4.8419,17.3417,-0.0131,19643.1535,NA,43.0739,NA
BioshockHD.exe,18704,0xB251BA8,DXGI,0,0,1,Hardware Composed: Independent Flip,19666.6389,NA,20.78190000000000,19.82510000000000,21.06190000000000,40.73730000000000,40.7770,19663.6771,24.0237,2.9618,21.0619,22.0706,21.6285,4.8469,16.7816,0.6985,19663.6771,NA,43.8260,NA
BioshockHD.exe,18704,0xB251BA8,DXGI,0,0,1,Hardware Composed: Independent Flip,19690.5173,NA,23.87840000000000,24.00430000000000,16.99460000000000,39.31280000000000,40.9029,19687.7008,19.8111,2.8165,16.9946,19.6754,22.4539,4.9161,17.5378,0.0194,19687.7008,NA,44.8805,NA
BioshockHD.exe,18704,0xB251BA8,DXGI,0,0,1,Hardware Composed: Independent Flip,19710.0428,NA,19.52550000000000,20.99160000000000,21.47920000000000,42.33010000000000,42.3690,19707.5119,24.0101,2.5309,21.4792,22.3182,22.5428,4.8930,17.6498,-1.1805,19707.5119,NA,47.9080,NA
BioshockHD.exe,18704,0xB251BA8,DXGI,0,0,1,Hardware Composed: Independent Flip,19734.5811,NA,24.53830000000000,24.00230000000000,17.94590000000000,39.98450000000000,41.8330,19731.5220,21.0050,3.0591,17.9459,20.8509,22.1927,4.8553,17.3374,0.0078,19731.5220,NA,44.8976,NA
BioshockHD.exe,18704,0xB251BA8,DXGI,0,0,1,Hardware Composed: Independent Flip,19755.3707,NA,20.78960000000000,19.97520000000000,21.21080000000000,41.00970000000000,41.0186,19752.5270,24.0545,2.8437,21.2108,22.0386,21.8148,4.9000,16.9148,1.0298,19752.5270,NA,42.8850,NA
BioshockHD.exe,18704,0xB251BA8,DXGI,0,0,1,Hardware Composed: Independent Flip,19779.4308,NA,24.06010000000000,23.99630000000000,17.05980000000000,39.12170000000000,40.9548,19776.5815,19.9091,2.8493,17.0598,19.7989,22.1721,4.8074,17.3647,0.0582,19776.5815,NA,NA,NA
BioshockHD.exe,18704,0xB251BA8,DXGI,0,0,1,Hardware Composed: Independent Flip,19799.2564,NA,19.82560000000000,20.48200000000000,21.22450000000000,41.60160000000000,41.6112,19796.4906,23.9903,2.7658,21.2245,22.0619,22.3055,4.8891,17.4164,-0.5729,19796.4906,NA,48.3640,NA
BioshockHD.exe,18704,0xB251BA8,DXGI,0,0,1,Hardware Composed: Independent Flip,19823.1148,NA,23.85840000000000,24.00340000000000,17.86910000000000,39.95130000000000,41.7562,19820.4809,20.5030,2.6339,17.8691,20.3771,22.2081,4.7998,17.4083,-0.0131,19820.4809,NA,42.3579,NA
BioshockHD.exe,18704,0xB251BA8,DXGI,0,0,1,Hardware Composed: Independent Flip,19843.9812,NA,20.86640000000000,20.61050000000000,20.99030000000000,41.49120000000000,41.5003,19840.9839,23.9876,2.9973,20.9903,22.0822,22.4063,4.8903,17.5160,-0.1075,19840.9839,NA,42.9626,NA
BioshockHD.exe,18704,0xB251BA8,DXGI,0,0,1,Hardware Composed: Independent Flip,19867.5651,NA,23.58390000000000,24.01680000000000,18.02030000000000,40.50000000000000,41.9332,19864.9715,20.6139,2.5936,18.0203,20.5009,22.5927,5.2288,17.3639,-0.0292,19864.9715,NA,55.9980,NA
BioshockHD.exe,18704,0xB251BA8,DXGI,0,0,1,Hardware Composed: Independent Flip,19888.7191,NA,21.15400000000000,21.27720000000000,20.87020000000000,42.00200000000000,42.0564,19885.5854,24.0039,3.1337,20.8702,22.4797,22.6560,4.9084,17.7476,-0.6633,19885.5854,NA,NA,NA
BioshockHD.exe,18704,0xB251BA8,DXGI,0,0,1,Hardware Composed: Independent Flip,19912.2438,NA,23.52470000000000,23.99610000000000,18.63350000000000,40.13640000000000,42.5278,19909.5893,21.2880,2.6545,18.6335,21.1318,21.6591,4.3740,17.2851,0.0078,19909.5893,NA,47.2673,NA
BioshockHD.exe,18704,0xB251BA8,DXGI,0,0,1,Hardware Composed: Independent Flip,19933.6294,NA,21.38560000000000,19.17760000000000,21.25010000000000,40.28200000000000,40.3198,19930.8773,24.0022,2.7521,21.2501,21.5029,21.5312,4.8577,16.6735,2.1104,19930.8773,NA,42.4071,NA
BioshockHD.exe,18704,0xB251BA8,DXGI,0,0,1,Hardware Composed: Independent Flip,19957.3827,NA,23.75330000000000,24.00430000000000,16.67190000000000,38.85850000000000,40.5708,19954.8795,19.1751,2.5032,16.6719,19.0319,22.3298,4.8446,17.4852,-0.0021,19954.8795,NA,46.4019,NA
BioshockHD.exe,18704,0xB251BA8,DXGI,0,0,1,Hardware Composed: Independent Flip,19976.5500,NA,19.16730000000000,20.72310000000000,21.49910000000000,42.08820000000000,42.1266,19974.0546,23.9945,2.4954,21.4991,22.1866,22.3970,4.8542,17.5428,-1.5480,19974.0546,NA,43.1665,NA
BioshockHD.exe,18704,0xB251BA8,DXGI,0,0,1,Hardware Composed: Independent Flip,20000.6580,NA,24.10800000000000,24.01500000000000,18.11590000000000,40.20330000000000,42.0336,19998.0491,20.7248,2.6089,18.1159,20.5891,22.2231,4.8782,17.3449,-0.0205,19998.0491,NA,43.1845,NA
BioshockHD.exe,18704,0xB251BA8,DXGI,0,0,1,Hardware Composed: Independent Flip,20021.4328,NA,20.77480000000000,19.73910000000000,21.36470000000000,40.96050000000000,40.9979,20018.7739,24.0236,2.6589,21.3647,22.0874,21.5320,4.8149,16.7171,0.9857,20018.7739,NA,42.9211,NA
BioshockHD.exe,18704,0xB251BA8,DXGI,0,0,1,Hardware Composed: Independent Flip,20045.4089,NA,23.97610000000000,24.00250000000000,17.12880000000000,39.18610000000000,41.0243,20042.7975,19.7402,2.6114,17.1288,19.5958,22.2017,4.8494,17.3523,0.0211,20042.7975,NA,42.9234,NA
BioshockHD.exe,18704,0xB251BA8,DXGI,0,0,1,Hardware Composed: Independent Flip,20065.3771,NA,19.96820000000000,20.45780000000000,21.18800000000000,41.47630000000000,41.5139,20062.5377,24.0274,2.8394,21.1880,22.0573,22.2584,4.8182,17.4402,-0.7176,20062.5377,NA,45.3912,NA
BioshockHD.exe,18704,0xB251BA8,DXGI,0,0,1,Hardware Composed: Independent Flip,20089.2919,NA,23.91480000000000,24.03440000000000,17.73950000000000,39.68070000000000,41.6335,20086.5651,20.4663,2.7268,17.7395,20.2883,22.1192,4.8722,17.2470,-0.0070,20086.5651,NA,63.4222,NA
BioshockHD.exe,18704,0xB251BA8,DXGI,0,0,1,Hardware Composed: Independent Flip,20109.7805,NA,20.48860000000000,20.26600000000000,21.30580000000000,41.40110000000000,41.4109,20107.0314,24.0549,2.7491,21.3058,21.9412,22.2090,4.8342,17.3748,0.2003,20107.0314,NA,NA,NA
BioshockHD.exe,18704,0xB251BA8,DXGI,0,0,1,Hardware Composed: Independent Flip,20133.9990,NA,24.21850000000000,23.98870000000000,17.30670000000000,38.15770000000000,41.1811,20131.0863,20.2194,2.9127,17.3067,20.0953,20.9751,4.3861,16.5890,0.0662,20131.0863,NA,NA,NA
BioshockHD.exe,18704,0xB251BA8,DXGI,0,0,1,Hardware Composed: Independent Flip,20154.0333,NA,20.03430000000000,18.41150000000000,21.31810000000000,39.54800000000000,39.5583,20151.3057,24.0457,2.7276,21.3181,20.8510,21.4246,4.4664,16.9582,1.8079,20151.3057,NA,46.0270,NA
BioshockHD.exe,18704,0xB251BA8,DXGI,0,0,1,Hardware Composed: Independent Flip,20178.2154,NA,24.18210000000000,24.00200000000000,15.50480000000000,37.20770000000000,39.3782,20175.3514,18.3688,2.8640,15.5048,18.2299,21.8418,4.8100,17.0318,0.0437,20175.3514,NA,63.0895,NA
BioshockHD.exe,18704,0xB251BA8,DXGI,0,0,1,Hardware Composed: Independent Flip,20196.7430,NA,18.52760000000000,20.41630000000000,20.97720000000000,41.25820000000000,41.2669,20193.7202,24.0000,3.0228,20.9772,21.7029,22.5781,4.8606,17.7175,-2.0475,20193.7202,NA,NA,NA
BioshockHD.exe,18704,0xB251BA8,DXGI,0,0,1,Hardware Composed: Independent Flip,20220.4334,NA,23.69040000000000,24.00710000000000,17.68010000000000,38.63110000000000,41.5836,20217.7202,20.3933,2.7132,17.6801,20.2810,21.0633,4.3488,16.7145,-0.0071,20217.7202,NA,48.5048,NA
BioshockHD.exe,18704,0xB251BA8,DXGI,0,0,1,Hardware Composed: Independent Flip,20240.8267,NA,20.39330000000000,18.86770000000000,21.28780000000000,40.04970000000000,40.0580,20238.1135,24.0010,2.7132,21.2878,20.9510,21.8119,4.8679,16.9440,1.5256,20238.1135,NA,42.3845,NA
BioshockHD.exe,18704,0xB251BA8,DXGI,0,0,1,Hardware Composed: Independent Flip,20264.6503,NA,23.82360000000000,24.00530000000000,16.38580000000000,38.54450000000000,40.2397,20262.1145,18.9216,2.5358,16.3858,18.7619,22.3184,4.8321,17.4863,-0.0043,20262.1145,NA,48.3836,NA
BioshockHD.exe,18704,0xB251BA8,DXGI,0,0,1,Hardware Composed: Independent Flip,20283.9717,NA,19.32140000000000,20.50310000000000,21.08590000000000,41.37590000000000,41.4214,20281.0361,24.0215,2.9356,21.0859,22.1587,22.1528,4.7612,17.3916,-1.5815,20281.0361,NA,44.8575,NA
BioshockHD.exe,18704,0xB251BA8,DXGI,0,0,1,Hardware Composed: Independent Flip,20307.8682,NA,23.89650000000000,24.00940000000000,17.69100000000000,39.68800000000000,41.5343,20305.0576,20.5016,2.8106,17.6910,20.2900,22.2086,4.8349,17.3737,0.0121,20305.0576,NA,NA,NA
BioshockHD.exe,18704,0xB251BA8,DXGI,0,0,1,Hardware Composed: Independent Flip,20328.1937,NA,20.32550000000000,19.97140000000000,21.31440000000000,41.14230000000000,41.1802,20325.5592,23.9489,2.6345,21.3144,21.9970,21.7798,4.3419,17.4379,0.5302,20325.5592,NA,NA,NA
BioshockHD.exe,18704,0xB251BA8,DXGI,0,0,1,Hardware Composed: Independent Flip,20352.3174,NA,24.12370000000000,23.91740000000000,17.19780000000000,37.96190000000000,40.9739,20349.5081,20.0071,2.8093,17.1978,19.8279,20.9433,4.3503,16.5930,0.0315,20349.5081,NA,48.7283,NA
BioshockHD.exe,18704,0xB251BA8,DXGI,0,0,1,Hardware Composed: Independent Flip,20372.1431,NA,19.82570000000000,19.28940000000000,21.25880000000000,40.42620000000000,40.4376,20369.5152,23.8867,2.6279,21.2588,20.7641,22.2900,5.2439,17.0461,0.7177,20369.5152,NA,NA,NA
BioshockHD.exe,18704,0xB251BA8,DXGI,0,0,1,Hardware Composed: Independent Flip,20395.9428,NA,23.79970000000000,24.00110000000000,16.74920000000000,38.72490000000001,40.6390,20393.4019,19.2901,2.5409,16.7492,19.1674,22.0984,4.3926,17.7058,-0.1144,20393.4019,NA,45.0704,NA
BioshockHD.exe,18704,0xB251BA8,DXGI,0,0,1,Hardware Composed: Independent Flip,20415.6306,NA,19.68780000000000,19.88890000000000,21.08360000000000,40.80200000000000,40.8401,20412.6920,24.0222,2.9386,21.0836,21.9757,21.7649,4.8223,16.9426,-0.5988,20412.6920,NA,43.8600,NA
BioshockHD.exe,18704,0xB251BA8,DXGI,0,0,1,Hardware Composed: Independent Flip,20439.5061,NA,23.87550000000000,24.01320000000000,17.12700000000000,39.36420000000000,40.9778,20436.7142,19.9189,2.7919,17.1270,19.7184,22.4377,4.8580,17.5797,0.0090,20436.7142,NA,58.9728,NA
BioshockHD.exe,18704,0xB251BA8,DXGI,0,0,1,Hardware Composed: Independent Flip,20459.4570,NA,19.95090000000000,20.69020000000000,21.16560000000000,41.70790000000000,41.7171,20456.6331,23.9895,2.8239,21.1656,22.2372,22.2946,4.8668,17.4278,-0.7713,20456.6331,NA,61.6326,NA
BioshockHD.exe,18704,0xB251BA8,DXGI,0,0,1,Hardware Composed: Independent Flip,20483.1065,NA,23.64950000000000,24.00340000000000,18.21550000000000,39.50370000000000,42.0710,20480.6226,20.6994,2.4839,18.2155,20.5423,21.4453,4.7456,16.6997,-0.0139,20480.6226,NA,42.6673,NA
BioshockHD.exe,18704,0xB251BA8,DXGI,0,0,1,Hardware Composed: Independent Flip,20504.3807,NA,21.27420000000000,19.75510000000000,20.92840000000000,40.49990000000000,40.5519,20501.3220,23.9871,3.0587,20.9284,21.2882,22.2704,4.8110,17.4594,0.9443,20501.3220,NA,44.3936,NA
BioshockHD.exe,18704,0xB251BA8,DXGI,0,0,1,Hardware Composed: Independent Flip,20527.9366,NA,23.55590000000000,23.99220000000000,17.13470000000000,39.15310000000000,40.9882,20525.3091,19.7622,2.6275,17.1347,19.5715,22.2091,4.8153,17.3938,-0.0051,20525.3091,NA,NA,NA
BioshockHD.exe,18704,0xB251BA8,DXGI,0,0,1,Hardware Composed: Independent Flip,20547.9732,NA,20.03660000000000,20.11660000000000,21.11360000000000,41.03190000000000,41.0682,20545.0713,24.0155,2.9019,21.1136,22.0184,21.9154,4.3596,17.5558,-0.3544,20545.0713,NA,NA,NA
BioshockHD.exe,18704,0xB251BA8,DXGI,0,0,1,Hardware Composed: Independent Flip,20571.8874,NA,23.91420000000000,23.92490000000000,17.29260000000000,38.03300000000000,41.0789,20569.0868,20.0932,2.8006,17.2926,19.9183,20.9153,4.4110,16.5043,0.0906,20569.0868,NA,NA,NA
BioshockHD.exe,18704,0xB251BA8,DXGI,0,0,1,Hardware Composed: Independent Flip,20591.9868,NA,20.09940000000000,18.25930000000000,21.08450000000000,39.22960000000000,39.2388,20589.1800,23.8913,2.8068,21.0845,20.7404,21.2960,4.3600,16.9360,1.8339,20589.1800,NA,NA,NA
BioshockHD.exe,18704,0xB251BA8,DXGI,0,0,1,Hardware Composed: Independent Flip,20615.6057,NA,23.61890000000000,24.01040000000000,15.75840000000000,37.36720000000000,39.6303,20613.0713,18.2928,2.5344,15.7584,18.1451,21.7565,4.3169,17.4396,-0.1191,20613.0713,NA,43.7268,NA
BioshockHD.exe,18704,0xB251BA8,DXGI,0,0,1,Hardware Composed: Independent Flip,20634.1153,NA,18.50960000000000,19.65870000000000,21.22750000000000,40.74110000000000,40.7794,20631.3641,23.9787,2.7512,21.2275,21.6088,21.8835,4.8085,17.0750,-1.3659,20631.3641,NA,43.3584,NA
BioshockHD.exe,18704,0xB251BA8,DXGI,0,0,1,Hardware Composed: Independent Flip,20658.2003,NA,24.08500000000000,24.00480000000000,16.79970000000000,38.93880000000000,40.6992,20655.3428,19.6572,2.8575,16.7997,19.5136,22.2827,4.8454,17.4373,-0.0261,20655.3428,NA,50.3951,NA
BioshockHD.exe,18704,0xB251BA8,DXGI,0,0,1,Hardware Composed: Independent Flip,20677.7066,NA,19.50630000000000,20.47260000000000,21.32790000000000,41.62830000000000,41.6655,20675.0000,24.0345,2.7066,21.3279,22.1391,22.1958,4.8199,17.3759,-0.8154,20675.0000,NA,41.8666,NA
BioshockHD.exe,18704,0xB251BA8,DXGI,0,0,1,Hardware Composed: Independent Flip,20702.1621,NA,24.45550000000000,24.01130000000000,17.31700000000000,39.28750000000000,41.2213,20699.0345,20.4446,3.1276,17.3170,20.3004,22.1147,4.8059,17.3088,0.0232,20699.0345,NA,45.8712,NA
BioshockHD.exe,18704,0xB251BA8,DXGI,0,0,1,Hardware Composed: Independent Flip,20722.1009,NA,19.93880000000000,20.78570000000000,21.42430000000000,42.05900000000000,42.0682,20719.4791,24.0461,2.6218,21.4243,21.9705,22.7103,4.8598,17.8505,-0.3411,20719.4791,NA,50.6719,NA
BioshockHD.exe,18704,0xB251BA8,DXGI,0,0,1,Hardware Composed: Independent Flip,20746.1697,NA,24.06880000000000,24.00180000000000,18.14630000000000,40.11880000000000,42.0012,20743.5252,20.7908,2.6445,18.1463,20.6347,22.1286,4.8414,17.2872,0.0443,20743.5252,NA,50.6627,NA
BioshockHD.exe,18704,0xB251BA8,DXGI,0,0,1,Hardware Composed: Independent Flip,20766.9554,NA,20.78570000000000,20.56140000000000,21.31490000000000,41.76690000000000,41.7769,20764.3160,23.9543,2.6394,21.3149,21.9725,22.4338,4.8901,17.5437,0.2294,20764.3160,NA,53.2294,NA
BioshockHD.exe,18704,0xB251BA8,DXGI,0,0,1,Hardware Composed: Independent Flip,20791.0388,NA,24.08340000000000,23.99630000000000,17.84220000000000,39.77590000000000,41.6898,20788.2703,20.6107,2.7685,17.8422,20.4520,22.0924,4.7604,17.3320,-0.0420,20788.2703,NA,43.2273,NA
BioshockHD.exe,18704,0xB251BA8,DXGI,0,0,1,Hardware Composed: Independent Flip,20811.3945,NA,20.35570000000000,20.36410000000000,21.43370000000000,41.68910000000000,41.6982,20808.8810,23.9472,2.5135,21.4337,21.9337,22.2689,4.8619,17.4070,0.2466,20808.8810,NA,43.5625,NA
BioshockHD.exe,18704,0xB251BA8,DXGI,0,0,1,Hardware Composed: Independent Flip,20835.4179,NA,24.02340000000000,22.24490000000000,17.81880000000000,39.80340000000000,39.9197,20832.8282,20.4085,2.5897,17.8188,20.2554,22.1377,4.7947,17.3430,1.7023,20832.8282,NA,46.8337,NA
BioshockHD.exe,18704,0xB251BA8,DXGI,0,0,1,Hardware Composed: Independent Flip,20855.8729,NA,20.45500000000000,22.09800000000000,19.56300000000000,41.52380000000000,41.5627,20853.2367,22.1992,2.6362,19.5630,21.9846,22.1754,4.8329,17.3425,-1.6895,20853.2367,NA,41.9269,NA
BioshockHD.exe,18704,0xB251BA8,DXGI,0,0,1,Hardware Composed: Independent Flip,20878.2612,NA,22.38830000000000,21.52850000000000,19.27740000000000,40.65350000000000,40.7029,20875.4359,22.1027,2.8253,19.2774,21.9608,21.5180,4.8601,16.6579,0.6707,20875.4359,NA,43.4630,NA
BioshockHD.exe,18704,0xB251BA8,DXGI,0,0,1,Hardware Composed: Independent Flip,20900.3714,NA,22.11020000000000,22.41420000000000,18.70170000000000,40.93860000000000,41.0069,20897.5386,21.5345,2.8328,18.7017,21.3761,22.3953,4.8125,17.5828,-0.3115,20897.5386,NA,44.8725,NA
BioshockHD.exe,18704,0xB251BA8,DXGI,0,0,1,Hardware Composed: Independent Flip,20921.5359,NA,21.16450000000000,22.54030000000000,19.94600000000000,41.92030000000000,42.3827,20919.0731,22.4088,2.4628,19.9460,22.2369,22.1462,4.9017,17.2445,-1.0058,20919.0731,NA,55.4157,NA
BioshockHD.exe,18704,0xB251BA8,DXGI,0,0,1,Hardware Composed: Independent Flip,20944.1410,NA,22.60510000000000,21.61940000000000,19.86900000000000,41.35640000000000,41.3970,20941.4819,22.5281,2.6591,19.8690,21.9743,22.0412,4.7784,17.2628,0.7894,20941.4819,NA,53.9992,NA
BioshockHD.exe,18704,0xB251BA8,DXGI,0,0,1,Hardware Composed: Independent Flip,20966.5779,NA,22.43690000000000,21.42220000000000,19.06040000000000,40.33870000000000,40.3823,20964.0100,21.6283,2.5679,19.0604,21.4874,21.4192,4.8647,16.5545,1.1059,20964.0100,NA,41.4164,NA
BioshockHD.exe,18704,0xB251BA8,DXGI,0,0,1,Hardware Composed: Independent Flip,20988.2259,NA,21.64800000000000,22.18450000000000,18.82650000000000,40.90840000000000,40.9188,20985.6383,21.4141,2.5876,18.8265,21.2783,22.2177,4.8439,17.3738,-0.5562,20985.6383,NA,43.5909,NA
BioshockHD.exe,18704,0xB251BA8,DXGI,0,0,1,Hardware Composed: Independent Flip,21009.7348,NA,21.50890000000000,22.49920000000000,19.52620000000000,41.52010000000000,41.9091,21007.0524,22.2086,2.6824,19.5262,22.0819,22.1206,4.7961,17.3245,-1.0851,21007.0524,NA,54.1352,NA
BioshockHD.exe,18704,0xB251BA8,DXGI,0,0,1,Hardware Composed: Independent Flip,21031.8102,NA,22.07540000000000,21.87600000000000,19.97910000000000,41.66880000000000,41.7097,21029.2610,22.5283,2.5492,19.9791,21.9939,22.2241,4.8672,17.3569,0.3326,21029.2610,NA,42.0134,NA
BioshockHD.exe,18704,0xB251BA8,DXGI,0,0,1,Hardware Composed: Independent Flip,21054.4435,NA,22.63330000000000,21.84840000000000,19.18070000000000,40.85390000000000,40.9248,21051.7893,21.8349,2.6542,19.1807,21.6897,21.8184,4.8391,16.9793,0.6799,21051.7893,NA,46.8648,NA
BioshockHD.exe,18704,0xB251BA8,DXGI,0,0,1,Hardware Composed: Independent Flip,21076.5134,NA,22.06990000000000,22.08550000000000,18.95020000000000,40.90250000000000,40.9404,21073.6242,21.8394,2.8892,18.9502,21.6732,22.1185,4.8567,17.2618,-0.2506,21073.6242,NA,41.9425,NA
BioshockHD.exe,18704,0xB251BA8,DXGI,0,0,1,Hardware Composed: Independent Flip,21098.2527,NA,21.73930000000000,22.34320000000000,19.33690000000000,41.35200000000000,41.5443,21095.4636,22.1260,2.7891,19.3369,21.9523,22.1888,4.8837,17.3051,-0.5038,21095.4636,NA,44.2946,NA
BioshockHD.exe,18704,0xB251BA8,DXGI,0,0,1,Hardware Composed: Independent Flip,21120.1820,NA,21.92930000000000,22.06080000000000,19.71030000000000,41.66750000000000,41.6758,21117.5896,22.3027,2.5924,19.7103,22.0151,22.2448,4.8814,17.3634,0.0652,21117.5896,NA,52.3613,NA
BioshockHD.exe,18704,0xB251BA8,DXGI,0,0,1,Hardware Composed: Independent Flip,21143.1941,NA,23.01210000000000,22.21370000000000,18.80090000000000,40.82430000000000,40.8774,21139.8923,22.1027,3.3018,18.8009,21.9572,22.1689,4.7999,17.3690,0.0890,21139.8923,NA,45.5632,NA
BioshockHD.exe,18704,0xB251BA8,DXGI,0,0,1,Hardware Composed: Independent Flip,21165.4984,NA,22.30430000000000,21.43660000000000,18.70030000000000,39.97020000000000,40.0097,21161.9950,22.2037,3.5034,18.7003,22.0234,21.4502,4.8503,16.5999,0.6661,21161.9950,NA,42.0021,NA
BioshockHD.exe,18704,0xB251BA8,DXGI,0,0,1,Hardware Composed: Independent Flip,21187.2925,NA,21.79410000000000,22.26280000000000,18.34800000000000,40.46850000000000,40.4784,21184.1987,21.4418,3.0938,18.3480,21.2699,22.2924,4.8875,17.4049,-0.0591,21184.1987,NA,44.2719,NA
BioshockHD.exe,18704,0xB251BA8,DXGI,0,0,1,Hardware Composed: Independent Flip,21208.4283,NA,21.13580000000000,22.40380000000000,19.44900000000000,41.39630000000000,41.7464,21205.6405,22.2368,2.7878,19.4490,22.1205,22.0636,4.8130,17.2506,-0.9620,21205.6405,NA,46.6697,NA
BioshockHD.exe,18704,0xB251BA8,DXGI,0,0,1,Hardware Composed: Independent Flip,21230.6533,NA,22.22500000000000,21.89930000000000,19.61660000000000,41.41150000000000,41.4207,21227.8773,22.3926,2.7760,19.6166,21.9473,22.2402,4.8699,17.3703,0.3375,21227.8773,NA,45.5387,NA
BioshockHD.exe,18704,0xB251BA8,DXGI,0,0,1,Hardware Composed: Independent Flip,21252.8893,NA,22.23600000000000,21.89140000000000,19.32940000000000,40.81480000000001,41.0761,21250.2699,21.9488,2.6194,19.3294,21.7949,21.6393,4.8460,16.7933,0.5012,21250.2699,NA,49.4579,NA
BioshockHD.exe,18704,0xB251BA8,DXGI,0,0,1,Hardware Composed: Independent Flip,21274.8842,NA,21.99490000000000,22.02440000000000,19.18130000000000,41.06690000000000,41.1056,21272.2187,21.8468,2.6655,19.1813,21.4854,22.2470,4.8595,17.3875,-0.0756,21272.2187,NA,51.4902,NA
BioshockHD.exe,18704,0xB251BA8,DXGI,0,0,1,Hardware Composed: Independent Flip,21297.0233,NA,22.13910000000000,22.41550000000000,19.14230000000000,41.10480000000000,41.3820,21294.0655,22.1001,2.9578,19.1423,21.8856,22.1770,4.8527,17.3243,-0.5687,21294.0655,NA,44.9003,NA
BioshockHD.exe,18704,0xB251BA8,DXGI,0,0,1,Hardware Composed: Independent Flip,21318.6956,NA,21.67230000000000,21.94370000000000,19.80880000000000,41.61360000000001,41.6534,21316.1656,22.3388,2.5300,19.8088,21.9625,22.1811,4.8532,17.3279,0.1564,21316.1656,NA,42.8151,NA
BioshockHD.exe,18704,0xB251BA8,DXGI,0,0,1,Hardware Composed: Independent Flip,21341.1421,NA,22.44650000000000,22.18540000000000,19.31290000000000,41.31180000000001,41.3923,21338.5044,21.9506,2.6377,19.3129,21.8048,22.1447,4.8511,17.2936,0.1534,21338.5044,NA,42.0281,NA
BioshockHD.exe,18704,0xB251BA8,DXGI,0,0,1,Hardware Composed: Independent Flip,21363.1198,NA,21.97770000000000,22.22390000000000,19.51420000000000,41.58240000000000,41.6385,21360.4550,22.1790,2.6648,19.5142,21.9989,22.2483,4.8458,17.4025,-0.2733,21360.4550,NA,47.2582,NA
BioshockHD.exe,18704,0xB251BA8,DXGI,0,0,1,Hardware Composed: Independent Flip,21385.2895,NA,22.16970000000000,22.55240000000000,19.60660000000000,42.01140000000000,42.0212,21382.6340,22.2621,2.6555,19.6066,22.0682,22.5987,5.2660,17.3327,-0.3734,21382.6340,NA,47.8075,NA
BioshockHD.exe,18704,0xB251BA8,DXGI,0,0,1,Hardware Composed: Independent Flip,21407.9286,NA,22.63910000000000,22.65100000000000,19.48850000000000,41.83090000000000,42.0331,21404.8961,22.5210,3.0325,19.4885,22.4048,22.4586,4.8674,17.5912,-0.3889,21404.8961,NA,42.4262,NA
BioshockHD.exe,18704,0xB251BA8,DXGI,0,0,1,Hardware Composed: Independent Flip,21430.4671,NA,22.53850000000000,21.98780000000000,19.59240000000000,41.47180000000000,41.4824,21427.4171,22.6424,3.0500,19.5924,22.3424,22.1794,4.8890,17.2904,0.5332,21427.4171,NA,45.4388,NA
BioshockHD.exe,18704,0xB251BA8,DXGI,0,0,1,Hardware Composed: Independent Flip,21452.8673,NA,22.40020000000000,22.19750000000000,19.18920000000000,41.27090000000000,41.2797,21450.0595,21.9970,2.8078,19.1892,21.8794,22.1993,4.9039,17.2954,0.4449,21450.0595,NA,NA,NA
BioshockHD.exe,18704,0xB251BA8,DXGI,0,0,1,Hardware Composed: Independent Flip,21474.8170,NA,21.94970000000000,21.90680000000000,19.43920000000000,41.04840000000000,41.2368,21472.0565,22.1997,2.7605,19.4392,22.0817,21.7272,4.3864,17.3408,0.0902,21472.0565,NA,NA,NA
BioshockHD.exe,18704,0xB251BA8,DXGI,0,0,1,Hardware Composed: Independent Flip,21496.9137,NA,22.09670000000000,20.92380000000000,19.40690000000000,40.01600000000001,40.0639,21494.2562,22.0644,2.6575,19.4069,21.6092,21.0643,4.4110,16.6533,1.2759,21494.2562,NA,45.4365,NA
BioshockHD.exe,18704,0xB251BA8,DXGI,0,0,1,Hardware Composed: Independent Flip,21519.0579,NA,22.14420000000000,22.04630000000000,18.02180000000000,39.66540000000001,39.9660,21516.3206,20.7591,2.7373,18.0218,20.6091,21.7936,4.8607,16.9329,0.0181,21516.3206,NA,49.5210,NA
BioshockHD.exe,18704,0xB251BA8,DXGI,0,0,1,Hardware Composed: Independent Flip,21539.6780,NA,20.62010000000000,22.49080000000000,19.49500000000000,41.58240000000000,41.8367,21537.0797,22.0933,2.5983,19.4950,21.6436,22.5371,4.8638,17.6733,-1.7317,21537.0797,NA,48.0079,NA
BioshockHD.exe,18704,0xB251BA8,DXGI,0,0,1,Hardware Composed: Independent Flip,21561.9192,NA,22.24120000000000,22.01870000000000,19.69060000000000,41.57440000000000,41.6142,21559.1730,22.4368,2.7462,19.6906,22.0874,22.2332,4.8769,17.3563,0.0746,21559.1730,NA,43.9999,NA
BioshockHD.exe,18704,0xB251BA8,DXGI,0,0,1,Hardware Composed: Independent Flip,21584.3186,NA,22.39940000000000,22.37620000000000,19.36200000000000,41.55010000000000,41.5910,21581.6098,22.0708,2.7088,19.3620,21.8838,22.3751,4.8587,17.5164,0.0606,21581.6098,NA,47.3818,NA
BioshockHD.exe,18704,0xB251BA8,DXGI,0,0,1,Hardware Composed: Independent Flip,21606.4944,NA,22.17580000000000,22.36600000000000,19.51400000000000,41.77210000000000,41.7812,21603.6806,22.3278,2.8138,19.5140,22.1881,22.3978,4.9630,17.4348,-0.2952,21603.6806,NA,49.7726,NA
BioshockHD.exe,18704,0xB251BA8,DXGI,0,0,1,Hardware Composed: Independent Flip,21628.9937,NA,22.49930000000000,22.07890000000000,19.38640000000000,41.32160000000000,41.3608,21626.0084,22.3717,2.9853,19.3864,22.2581,22.0488,4.8803,17.1685,0.2489,21626.0084,NA,42.8470,NA
BioshockHD.exe,18704,0xB251BA8,DXGI,0,0,1,Hardware Composed: Independent Flip,21651.6388,NA,22.64510000000000,22.10670000000000,18.82060000000000,40.81280000000000,40.8224,21648.3801,22.0793,3.2587,18.8206,21.9352,22.1363,4.9033,17.2330,0.2650,21648.3801,NA,44.8936,NA
BioshockHD.exe,18704,0xB251BA8,DXGI,0,0,1,Hardware Composed: Independent Flip,21673.1934,NA,21.55460000000000,22.20710000000000,19.42290000000000,41.42650000000000,41.4749,21670.4594,22.1569,2.7340,19.4229,21.9922,22.1683,4.8467,17.3216,-0.1278,21670.4594,NA,51.1698,NA
BioshockHD.exe,18704,0xB251BA8,DXGI,0,0,1,Hardware Composed: Independent Flip,21695.3005,NA,22.10710000000000,22.21580000000000,19.50440000000000,41.54280000000000,41.5836,21692.6163,22.1886,2.6842,19.5044,22.0036,22.2234,4.8785,17.3449,-0.0589,21692.6163,NA,47.3473,NA
BioshockHD.exe,18704,0xB251BA8,DXGI,0,0,1,Hardware Composed: Independent Flip,21717.6994,NA,22.39890000000000,22.24750000000000,19.36110000000000,41.39210000000000,41.4322,21714.8049,22.2556,2.8945,19.3611,22.0384,22.2482,4.8773,17.3709,-0.0589,21714.8049,NA,60.6226,NA
BioshockHD.exe,18704,0xB251BA8,DXGI,0,0,1,Hardware Composed: Independent Flip,21739.8562,NA,22.15680000000000,22.12180000000000,19.37110000000000,41.35630000000000,41.3972,21737.0605,22.1668,2.7957,19.3711,22.0310,22.1210,4.8665,17.2545,0.1338,21737.0605,NA,61.7060,NA
BioshockHD.exe,18704,0xB251BA8,DXGI,0,0,1,Hardware Composed: Independent Flip,21761.9209,NA,22.06470000000000,21.55920000000000,19.44860000000000,40.85280000000000,40.8917,21759.2273,22.1422,2.6936,19.4486,21.9852,21.5612,4.8768,16.6844,0.6076,21759.2273,NA,46.2725,NA
BioshockHD.exe,18704,0xB251BA8,DXGI,0,0,1,Hardware Composed: Independent Flip,21784.1754,NA,22.25450000000000,22.29140000000000,18.81260000000000,40.87580000000001,40.9286,21781.3695,21.6185,2.8059,18.8126,21.4042,22.2775,4.8638,17.4137,-0.1492,21781.3695,NA,50.5689,NA
BioshockHD.exe,18704,0xB251BA8,DXGI,0,0,1,Hardware Composed: Independent Flip,21805.7554,NA,21.58000000000000,22.41190000000000,19.44690000000000,41.42870000000000,41.7605,21802.9880,22.2143,2.7674,19.4469,22.0632,22.1329,4.9002,17.2327,-0.7934,21802.9880,NA,50.9669,NA
BioshockHD.exe,18704,0xB251BA8,DXGI,0,0,1,Hardware Composed: Independent Flip,21827.9597,NA,22.20430000000000,22.04610000000000,19.65590000000000,41.55540000000000,41.6023,21825.2023,22.4133,2.7574,19.6559,21.9818,22.3310,4.8899,17.4411,0.1682,21825.2023,NA,47.9831,NA
BioshockHD.exe,18704,0xB251BA8,DXGI,0,0,1,Hardware Composed: Independent Flip,21850.4029,NA,22.44320000000000,22.27750000000000,19.31100000000000,41.29570000000000,41.4366,21847.6156,22.0983,2.7873,19.3110,21.8995,22.1835,4.8665,17.3170,0.1358,21847.6156,NA,43.3310,NA
BioshockHD.exe,18704,0xB251BA8,DXGI,0,0,1,Hardware Composed: Independent Flip,21872.8543,NA,22.45140000000000,22.24840000000000,19.08650000000000,41.22420000000000,41.2336,21869.7139,22.2269,3.1404,19.0865,21.9847,22.3799,4.9374,17.4425,-0.1501,21869.7139,NA,42.5875,NA
BioshockHD.exe,18704,0xB251BA8,DXGI,0,0,1,Hardware Composed: Independent Flip,21894.7885,NA,21.93420000000000,22.70270000000000,19.40250000000000,41.88530000000000,42.0021,21891.9408,22.2502,2.8477,19.4025,22.1377,22.5953,5.2134,17.3819,-0.4758,21891.9408,NA,43.2852,NA
BioshockHD.exe,18704,0xB251BA8,DXGI,0,0,1,Hardware Composed: Independent Flip,21917.2410,NA,22.45250000000000,21.83890000000000,19.69130000000000,41.37770000000000,41.3885,21914.1910,22.7413,3.0500,19.6913,22.4828,21.9449,4.9297,17.0152,0.4113,21914.1910,NA,47.1292,NA
BioshockHD.exe,18704,0xB251BA8,DXGI,0,0,1,Hardware Composed: Independent Flip,21939.6420,NA,22.40100000000000,22.12050000000000,19.08830000000000,41.09820000000000,41.1080,21936.9323,21.7980,2.7097,19.0883,21.6864,22.1215,4.8767,17.2448,0.6208,21936.9323,NA,NA,NA
BioshockHD.exe,18704,0xB251BA8,DXGI,0,0,1,Hardware Composed: Independent Flip,21961.4044,NA,21.76240000000000,21.35750000000000,19.44770000000000,40.36390000000000,40.7031,21958.7303,22.1218,2.6741,19.4477,22.0099,21.0281,4.3858,16.6423,0.4405,21958.7303,NA,47.6085,NA
BioshockHD.exe,18704,0xB251BA8,DXGI,0,0,1,Hardware Composed: Independent Flip,21983.7359,NA,22.33150000000000,21.20410000000000,18.46060000000000,39.53650000000000,39.5757,21980.8521,21.3444,2.8838,18.4606,20.9162,21.5041,4.9052,16.5989,0.9177,21980.8521,NA,39.8107,NA
BioshockHD.exe,18704,0xB251BA8,DXGI,0,0,1,Hardware Composed: Independent Flip,22004.8977,NA,21.16180000000000,22.95860000000000,18.53460000000000,40.66160000000000,41.3725,22002.1965,21.2358,2.7012,18.5346,21.0759,22.2869,4.8586,17.4283,-1.6142,22002.1965,NA,42.7589,NA
BioshockHD.exe,18704,0xB251BA8,DXGI,0,0,1,Hardware Composed: Independent Flip,22026.4598,NA,21.56210000000000,21.87540000000000,19.91240000000000,41.49250000000000,41.6858,22023.4323,22.9399,3.0275,19.9124,22.1270,22.3930,4.9097,17.4833,-0.6396,22023.4323,NA,43.6375,NA
BioshockHD.exe,18704,0xB251BA8,DXGI,0,0,1,Hardware Composed: Independent Flip,22049.2408,NA,22.78100000000000,22.06880000000000,18.99880000000000,40.96140000000000,40.9736,22046.3722,21.8674,2.8686,18.9988,21.5801,22.2499,4.9268,17.3231,0.8711,22046.3722,NA,41.7041,NA
BioshockHD.exe,18704,0xB251BA8,DXGI,0,0,1,Hardware Composed: Independent Flip,22071.1662,NA,21.92540000000000,22.41730000000000,19.18080000000000,41.16620000000000,41.4655,22068.2396,22.1074,2.9266,19.1808,21.9626,22.1302,4.8253,17.3049,-0.5499,22068.2396,NA,44.0973,NA
BioshockHD.exe,18704,0xB251BA8,DXGI,0,0,1,Hardware Composed: Independent Flip,22093.0381,NA,21.87190000000000,21.89080000000000,19.69130000000000,41.47440000000000,41.4844,22090.3470,22.3824,2.6911,19.6913,21.9854,22.1801,4.9112,17.2689,0.2166,22090.3470,NA,46.0136,NA
BioshockHD.exe,18704,0xB251BA8,DXGI,0,0,1,Hardware Composed: Independent Flip,22115.3532,NA,22.31510000000000,22.32020000000000,19.45780000000000,41.45040000000000,41.4895,22112.7294,22.0816,2.6238,19.4578,21.7831,22.2911,4.8387,17.4524,0.0622,22112.7294,NA,47.3436,NA
BioshockHD.exe,18704,0xB251BA8,DXGI,0,0,1,Hardware Composed: Independent Flip,22138.7277,NA,23.37450000000000,22.30190000000000,18.29260000000000,40.40720000000000,40.4169,22134.8110,22.2093,3.9167,18.2926,21.9926,22.3313,4.9261,17.4052,-0.2203,22134.8110,NA,44.5948,NA
BioshockHD.exe,18704,0xB251BA8,DXGI,0,0,1,Hardware Composed: Independent Flip,22159.8921,NA,21.16440000000000,22.28440000000000,19.38440000000000,41.52690000000000,41.5369,22157.0203,22.2562,2.8718,19.3844,22.1146,22.2841,4.9124,17.3717,-0.0751,22157.0203,NA,NA,NA
BioshockHD.exe,18704,0xB251BA8,DXGI,0,0,1,Hardware Composed: Independent Flip,22182.4281,NA,22.53600000000000,21.75240000000000,19.10630000000000,40.71350000000000,40.7533,22179.2765,22.2579,3.1516,19.1063,22.1425,21.7226,4.3893,17.3333,0.5038,22179.2765,NA,58.6491,NA
BioshockHD.exe,18704,0xB251BA8,DXGI,0,0,1,Hardware Composed: Independent Flip,22204.3668,NA,21.93870000000000,21.59350000000000,18.96570000000000,40.39720000000001,40.4081,22201.5344,21.7981,2.8324,18.9657,21.6072,21.6224,4.9716,16.6508,0.6644,22201.5344,NA,43.2229,NA
BioshockHD.exe,18704,0xB251BA8,DXGI,0,0,1,Hardware Composed: Independent Flip,22226.3138,NA,21.94700000000000,22.50460000000000,18.56920000000000,40.71060000000000,40.9657,22223.3325,21.5505,2.9813,18.5692,21.4315,22.2604,4.7899,17.4705,-0.7065,22223.3325,NA,46.7743,NA
BioshockHD.exe,18704,0xB251BA8,DXGI,0,0,1,Hardware Composed: Independent Flip,22247.8434,NA,21.52960000000000,22.29170000000000,19.59670000000000,41.51240000000000,41.7278,22244.8830,22.5571,2.9604,19.5967,22.1414,22.3314,4.8646,17.4668,-0.7412,22244.8830,NA,NA,NA
BioshockHD.exe,18704,0xB251BA8,DXGI,0,0,1,Hardware Composed: Independent Flip,22270.5373,NA,22.69390000000000,21.76750000000000,19.13030000000000,40.76330000000000,40.8014,22267.4401,22.2275,3.0972,19.1303,21.9157,21.9448,4.4344,17.5104,0.7896,22267.4401,NA,NA,NA
BioshockHD.exe,18704,0xB251BA8,DXGI,0,0,1,Hardware Composed: Independent Flip,22292.3478,NA,21.81050000000000,20.99150000000000,19.08900000000000,39.93500000000000,39.9824,22289.6676,21.7692,2.6802,19.0890,21.6330,20.9822,4.4187,16.5635,1.2360,22289.6676,NA,40.8239,NA
BioshockHD.exe,18704,0xB251BA8,DXGI,0,0,1,Hardware Composed: Independent Flip,22314.2068,NA,21.85900000000000,22.04970000000000,18.27140000000000,40.07430000000000,40.1731,22311.4368,21.0414,2.7700,18.2714,20.8460,21.9983,4.8850,17.1133,-0.2805,22311.4368,NA,40.8785,NA
BioshockHD.exe,18704,0xB251BA8,DXGI,0,0,1,Hardware Composed: Independent Flip,22335.2863,NA,21.07950000000000,22.48950000000000,19.23710000000000,41.11050000000000,41.5831,22332.4782,22.0452,2.8081,19.2371,21.8029,22.1157,4.9183,17.1974,-1.4481,22332.4782,NA,44.3628,NA
BioshockHD.exe,18704,0xB251BA8,DXGI,0,0,1,Hardware Composed: Independent Flip,22357.2490,NA,21.96270000000000,21.99030000000000,19.78400000000000,41.53940000000000,41.6107,22354.5234,22.5096,2.7256,19.7840,21.8734,22.3916,4.8712,17.5204,0.0549,22354.5234,NA,NA,NA
BioshockHD.exe,18704,0xB251BA8,DXGI,0,0,1,Hardware Composed: Independent Flip,22380.7852,NA,23.53620000000000,21.77820000000000,18.18370000000000,39.64990000000000,39.8527,22377.0330,21.9359,3.7522,18.1837,21.7554,21.6467,4.4509,17.1958,0.7314,22377.0330,NA,44.0992,NA
BioshockHD.exe,18704,0xB251BA8,DXGI,0,0,1,Hardware Composed: Independent Flip,22402.0629,NA,21.27770000000000,21.77020000000000,18.72250000000000,40.29740000000000,40.3452,22398.9689,21.8165,3.0940,18.7225,21.4662,21.9252,5.2770,16.6482,0.1657,22398.9689,NA,40.9014,NA
BioshockHD.exe,18704,0xB251BA8,DXGI,0,0,1,Hardware Composed: Independent Flip,22423.9280,NA,21.86510000000000,22.70490000000000,18.63210000000000,41.01610000000000,41.1850,22420.7854,21.7747,3.1426,18.6321,21.5749,22.5838,4.8734,17.7104,-0.8884,22420.7854,NA,42.6006,NA
BioshockHD.exe,18704,0xB251BA8,DXGI,0,0,1,Hardware Composed: Independent Flip,22445.3283,NA,21.40030000000000,22.10370000000000,19.93400000000000,41.83980000000000,41.8884,22442.5601,22.7022,2.7682,19.9340,22.3840,22.2240,4.9374,17.2866,-0.3290,22442.5601,NA,NA,NA
BioshockHD.exe,18704,0xB251BA8,DXGI,0,0,1,Hardware Composed: Independent Flip,22468.1160,NA,22.78770000000000,22.21680000000000,19.20850000000000,41.27740000000000,41.3175,22465.2623,22.0622,2.8537,19.2085,21.9058,22.2253,4.8696,17.3557,0.4854,22465.2623,NA,NA,NA
BioshockHD.exe,18704,0xB251BA8,DXGI,0,0,1,Hardware Composed: Independent Flip,22490.0874,NA,21.97140000000000,21.19800000000000,19.45220000000000,40.35370000000000,40.5441,22487.3245,22.2151,2.7629,19.4522,22.0689,21.0477,4.4465,16.6012,0.8642,22487.3245,NA,45.0907,NA
BioshockHD.exe,18704,0xB251BA8,DXGI,0,0,1,Hardware Composed: Independent Flip,22512.3186,NA,22.23120000000000,21.75130000000000,18.45500000000000,40.05310000000000,40.0642,22509.5396,21.2340,2.7790,18.4550,20.9015,21.9306,4.9900,16.9406,0.4638,22509.5396,NA,41.8810,NA
BioshockHD.exe,18704,0xB251BA8,DXGI,0,0,1,Hardware Composed: Independent Flip,22533.6266,NA,21.30800000000000,22.99890000000000,18.87070000000000,41.07250000000001,41.7551,22530.7736,21.7237,2.8530,18.8707,21.5981,22.3274,4.8445,17.4829,-1.7649,22530.7736,NA,42.8766,NA
BioshockHD.exe,18704,0xB251BA8,DXGI,0,0,1,Hardware Composed: Independent Flip,22555.5341,NA,21.90750000000000,21.85210000000000,19.98490000000000,41.66010000000000,41.6997,22552.4973,23.0217,3.0368,19.9849,22.2018,22.4951,4.8877,17.6074,-0.1284,22552.4973,NA,48.7244,NA
BioshockHD.exe,18704,0xB251BA8,DXGI,0,0,1,Hardware Composed: Independent Flip,22579.2856,NA,23.75150000000000,22.32960000000000,18.06310000000000,40.20550000000000,40.2778,22575.5190,21.8297,3.7666,18.0631,21.6752,22.2969,4.9176,17.3793,0.6921,22575.5190,NA,52.0154,NA
BioshockHD.exe,18704,0xB251BA8,DXGI,0,0,1,Hardware Composed: Independent Flip,22600.2823,NA,20.99670000000000,22.42170000000000,19.46640000000000,41.52680000000000,41.7028,22597.3487,22.4000,2.9336,19.4664,22.1424,22.3180,4.9285,17.3895,-0.5920,22597.3487,NA,44.4804,NA
BioshockHD.exe,18704,0xB251BA8,DXGI,0,0,1,Hardware Composed: Independent Flip,22623.0012,NA,22.71890000000000,21.33910000000000,19.10610000000000,40.28240000000000,40.3230,22619.7487,22.3586,3.2525,19.1061,22.0604,21.4745,4.8754,16.5991,1.0609,22619.7487,NA,43.7971,NA
BioshockHD.exe,18704,0xB251BA8,DXGI,0,0,1,Hardware Composed: Independent Flip,22645.2452,NA,22.24400000000000,22.29030000000000,18.22600000000000,40.36050000000000,40.3693,22642.1073,21.3639,3.1379,18.2260,21.1763,22.3221,4.9298,17.3923,0.0683,22642.1073,NA,44.1038,NA
BioshockHD.exe,18704,0xB251BA8,DXGI,0,0,1,Hardware Composed: Independent Flip,22666.5465,NA,21.30130000000000,22.59360000000000,19.20600000000000,41.30040000000000,41.6616,22663.4712,22.2813,3.0753,19.2060,22.1345,22.2412,4.8722,17.3690,-1.2297,22663.4712,NA,46.6686,NA
BioshockHD.exe,18704,0xB251BA8,DXGI,0,0,1,Hardware Composed: Independent Flip,22688.5930,NA,22.04650000000000,21.90640000000000,19.77450000000000,41.48200000000000,41.5215,22685.7525,22.6150,2.8405,19.7745,22.0944,22.2281,4.9399,17.2882,0.3749,22685.7525,NA,54.6091,NA
BioshockHD.exe,18704,0xB251BA8,DXGI,0,0,1,Hardware Composed: Independent Flip,22711.2074,NA,22.61440000000000,22.49320000000000,19.04350000000000,41.18160000000000,41.4003,22708.3675,21.8834,2.8399,19.0435,21.7075,22.3140,4.9111,17.4029,0.1218,22708.3675,NA,51.0640,NA
BioshockHD.exe,18704,0xB251BA8,DXGI,0,0,1,Hardware Composed: Independent Flip,22733.1014,NA,21.89400000000000,21.62000000000000,19.61070000000000,41.04980000000000,41.1263,22730.2509,22.4612,2.8505,19.6107,22.1381,21.7622,4.9973,16.7649,0.2634,22730.2509,NA,43.6873,NA
BioshockHD.exe,18704,0xB251BA8,DXGI,0,0,1,Hardware Composed: Independent Flip,22755.6953,NA,22.59390000000000,22.58850000000000,18.68750000000000,41.11110000000000,41.1209,22752.7121,21.6707,2.9832,18.6875,21.4391,22.6552,4.9750,17.6802,-0.1273,22752.7121,NA,42.3071,NA
BioshockHD.exe,18704,0xB251BA8,DXGI,0,0,1,Hardware Composed: Independent Flip,22778.5228,NA,22.82750000000000,22.89220000000000,18.39840000000000,40.61420000000000,41.1856,22774.3828,22.5384,4.1400,18.3984,22.4236,22.3306,4.9026,17.4280,-1.2215,22774.3828,NA,46.1607,NA
BioshockHD.exe,18704,0xB251BA8,DXGI,0,0,1,Hardware Composed: Independent Flip,22799.9684,NA,21.44560000000000,21.83750000000000,19.91460000000000,41.56770000000000,41.5775,22796.9212,22.9618,3.0472,19.9146,22.2158,22.3991,4.9729,17.4262,0.7009,22796.9212,NA,59.9788,NA
BioshockHD.exe,18704,0xB251BA8,DXGI,0,0,1,Hardware Composed: Independent Flip,22823.5191,NA,23.55070000000000,22.26370000000000,18.16400000000000,40.25140000000000,40.2905,22819.8830,21.8001,3.6361,18.1640,21.6531,22.2344,4.8846,17.3498,0.6981,22819.8830,NA,43.3096,NA
BioshockHD.exe,18704,0xB251BA8,DXGI,0,0,1,Hardware Composed: Independent Flip,22844.8458,NA,21.32670000000000,21.55500000000000,19.05630000000000,40.50620000000000,40.5188,22841.6831,22.2190,3.1627,19.0563,22.0874,21.5815,4.9783,16.6032,0.2451,22841.6831,NA,43.7926,NA
BioshockHD.exe,18704,0xB251BA8,DXGI,0,0,1,Hardware Composed: Independent Flip,22866.8095,NA,21.96370000000000,22.55060000000000,18.69670000000000,41.09640000000000,41.1057,22863.9021,21.6041,2.9074,18.6967,21.4499,22.5539,4.9882,17.5657,-0.3316,22863.9021,NA,44.4187,NA
BioshockHD.exe,18704,0xB251BA8,DXGI,0,0,1,Hardware Composed: Independent Flip,22888.3278,NA,21.51830000000000,22.53440000000000,19.76910000000000,41.78270000000001,42.1218,22885.5062,22.5907,2.8216,19.7691,22.3997,22.2046,4.8894,17.3152,-0.9303,22885.5062,NA,57.9510,NA
BioshockHD.exe,18704,0xB251BA8,DXGI,0,0,1,Hardware Composed: Independent Flip,22911.0066,NA,22.67880000000000,22.43060000000000,19.58390000000000,41.86360000000001,41.8736,22908.0969,22.4936,2.9097,19.5839,22.0136,22.7597,5.3417,17.4180,0.1601,22908.0969,NA,55.3649,NA
BioshockHD.exe,18704,0xB251BA8,DXGI,0,0,1,Hardware Composed: Independent Flip,22933.9480,NA,22.94140000000000,22.25680000000000,19.03750000000000,40.84050000000000,41.1890,22930.5905,22.3950,3.3575,19.0375,22.2797,21.9183,4.9127,17.0056,0.2368,22930.5905,NA,45.6339,NA
BioshockHD.exe,18704,0xB251BA8,DXGI,0,0,1,Hardware Composed: Independent Flip,22956.0876,NA,22.13960000000000,22.08620000000000,19.14490000000000,41.08830000000000,41.1356,22952.9855,22.2470,3.1021,19.1449,21.8030,22.3874,4.9383,17.4491,0.3088,22952.9855,NA,43.7197,NA
BioshockHD.exe,18704,0xB251BA8,DXGI,0,0,1,Hardware Composed: Independent Flip,22978.1497,NA,22.06210000000000,22.75560000000000,19.21160000000000,41.41200000000000,41.8291,22975.2325,22.1288,2.9172,19.2116,21.9434,22.3858,4.9527,17.4331,-0.5086,22975.2325,NA,48.4768,NA
BioshockHD.exe,18704,0xB251BA8,DXGI,0,0,1,Hardware Composed: Independent Flip,23000.4131,NA,22.26340000000000,22.07110000000000,19.74650000000000,41.62770000000000,41.6368,22997.3613,22.7983,3.0518,19.7465,22.2004,22.4791,4.9788,17.5003,0.0577,22997.3613,NA,42.5408,NA
BioshockHD.exe,18704,0xB251BA8,DXGI,0,0,1,Hardware Composed: Independent Flip,23023.1909,NA,22.77780000000000,22.42630000000000,19.01640000000000,41.21570000000001,41.2853,23020.1596,22.0477,3.0313,19.0164,21.8812,22.3658,4.8761,17.4897,0.3720,23020.1596,NA,45.9335,NA
BioshockHD.exe,18704,0xB251BA8,DXGI,0,0,1,Hardware Composed: Independent Flip,23045.5606,NA,22.36970000000000,21.64390000000000,19.01130000000000,40.42020000000000,40.5595,23042.2073,22.3646,3.3533,19.0113,22.1993,21.5742,4.9942,16.5800,0.4038,23042.2073,NA,44.6098,NA
BioshockHD.exe,18704,0xB251BA8,DXGI,0,0,1,Hardware Composed: Independent Flip,23067.4249,NA,21.86430000000000,22.36830000000000,18.83640000000000,41.05430000000000,41.0635,23064.5719,21.6894,2.8530,18.8364,21.4089,22.4984,5.0439,17.4545,-0.0037,23064.5719,NA,42.9565,NA
BioshockHD.exe,18704,0xB251BA8,DXGI,0,0,1,Hardware Composed: Independent Flip,23089.1308,NA,21.70590000000000,22.12760000000000,19.49530000000000,40.96820000000000,41.4852,23086.2613,22.3648,2.8695,19.4953,22.2179,21.6198,5.0001,16.6197,-0.4382,23086.2613,NA,42.1078,NA
BioshockHD.exe,18704,0xB251BA8,DXGI,0,0,1,Hardware Composed: Independent Flip,23111.5531,NA,22.42230000000000,22.13230000000000,19.16920000000000,41.09410000000000,41.1952,23108.6261,22.0962,2.9270,19.1692,21.4729,22.5482,5.0001,17.5481,0.2325,23108.6261,NA,60.2147,NA
BioshockHD.exe,18704,0xB251BA8,DXGI,0,0,1,Hardware Composed: Independent Flip,23133.7211,NA,22.16800000000000,22.95710000000000,19.18120000000000,41.50910000000000,41.9843,23130.7223,22.1800,2.9988,19.1812,21.9249,22.5830,4.9440,17.6390,-0.8609,23130.7223,NA,59.1750,NA
BioshockHD.exe,18704,0xB251BA8,DXGI,0,0,1,Hardware Composed: Independent Flip,23156.0365,NA,22.31540000000000,21.92760000000000,19.79570000000000,41.58750000000000,41.5965,23152.9023,22.9299,3.1342,19.7957,22.3279,22.3938,5.0006,17.3932,0.2524,23152.9023,NA,57.0890,NA
BioshockHD.exe,18704,0xB251BA8,DXGI,0,0,1,Hardware Composed: Independent Flip,23178.9946,NA,22.95810000000000,22.27540000000000,18.80330000000000,40.86760000000000,40.9138,23175.8322,21.9657,3.1624,18.8033,21.7918,22.2382,4.9034,17.3348,0.6545,23175.8322,NA,43.4018,NA
BioshockHD.exe,18704,0xB251BA8,DXGI,0,0,1,Hardware Composed: Independent Flip,23200.8006,NA,21.80600000000000,22.49820000000000,19.21110000000000,41.52730000000000,41.6060,23197.7979,22.2138,3.0027,19.2111,22.0643,22.4657,4.9894,17.4763,-0.5325,23197.7979,NA,44.9042,NA
BioshockHD.exe,18704,0xB251BA8,DXGI,0,0,1,Hardware Composed: Independent Flip,23222.8424,NA,22.04180000000000,22.27210000000000,19.66680000000000,41.78540000000000,41.8363,23220.0117,22.4975,2.8307,19.6668,22.3162,22.2999,4.9756,17.3243,-0.0583,23220.0117,NA,43.1756,NA
BioshockHD.exe,18704,0xB251BA8,DXGI,0,0,1,Hardware Composed: Independent Flip,23245.7375,NA,22.89510000000000,22.38050000000000,19.04340000000000,41.27270000000000,41.3217,23242.5092,22.2717,3.2283,19.0434,22.1186,22.3824,4.9638,17.4186,0.1170,23242.5092,NA,41.5592,NA
BioshockHD.exe,18704,0xB251BA8,DXGI,0,0,1,Hardware Composed: Independent Flip,23267.6509,NA,21.91340000000000,22.39020000000000,19.52150000000000,41.70470000000000,41.7985,23264.7809,22.3915,2.8700,19.5215,22.2293,22.3454,4.9457,17.3997,-0.1185,23264.7809,NA,41.9480,NA
BioshockHD.exe,18704,0xB251BA8,DXGI,0,0,1,Hardware Composed: Independent Flip,23290.1302,NA,22.47930000000000,22.45040000000000,19.42290000000000,41.72030000000000,41.7696,23287.1724,22.3807,2.9578,19.4229,22.1832,22.4949,5.1337,17.3612,-0.0589,23287.1724,NA,56.4019,NA
BioshockHD.exe,18704,0xB251BA8,DXGI,0,0,1,Hardware Composed: Independent Flip,23312.7090,NA,22.57880000000000,22.38990000000000,19.33150000000000,41.47450000000000,41.5807,23309.5531,22.4874,3.1559,19.3315,22.2974,22.3330,4.9669,17.3661,-0.0092,23309.5531,NA,44.7480,NA
BioshockHD.exe,18704,0xB251BA8,DXGI,0,0,1,Hardware Composed: Independent Flip,23335.1738,NA,22.46480000000000,22.35700000000000,19.25880000000000,41.46340000000000,41.4729,23332.0405,22.3921,3.1333,19.2588,22.1430,22.4537,5.0652,17.3885,0.1304,23332.0405,NA,44.1130,NA
BioshockHD.exe,18704,0xB251BA8,DXGI,0,0,1,Hardware Composed: Independent Flip,23357.5751,NA,22.40130000000000,22.31960000000000,19.18690000000000,41.31650000000000,41.3912,23354.4326,22.3294,3.1425,19.1869,22.2046,22.2544,4.8901,17.3643,0.0725,23354.4326,NA,44.4137,NA
BioshockHD.exe,18704,0xB251BA8,DXGI,0,0,1,Hardware Composed: Independent Flip,23379.9040,NA,22.32890000000000,21.61120000000000,19.15960000000000,40.62820000000000,40.6735,23376.7620,22.3016,3.1420,19.1596,22.1296,21.6406,4.9907,16.6499,0.7182,23376.7620,NA,42.0709,NA
BioshockHD.exe,18704,0xB251BA8,DXGI,0,0,1,Hardware Composed: Independent Flip,23401.9357,NA,22.03170000000000,22.46470000000000,18.79680000000000,41.05870000000000,41.1065,23399.0636,21.6689,2.8721,18.7968,21.4686,22.4622,5.0266,17.4356,-0.1631,23399.0636,NA,52.5411,NA
BioshockHD.exe,18704,0xB251BA8,DXGI,0,0,1,Hardware Composed: Independent Flip,23423.7399,NA,21.80420000000000,23.43260000000000,19.41660000000000,42.43800000000000,42.7349,23420.7325,22.4240,3.0074,19.4166,22.2619,23.1835,4.9635,18.2200,-1.7637,23420.7325,NA,58.9661,NA
BioshockHD.exe,18704,0xB251BA8,DXGI,0,0,1,Hardware Composed: Independent Flip,23446.1344,NA,22.39450000000000,22.24560000000000,20.48230000000000,42.36010000000000,42.5860,23443.1565,23.4602,2.9779,20.4823,23.0214,22.3166,4.9460,17.3706,0.1784,23443.1565,NA,53.1895,NA
BioshockHD.exe,18704,0xB251BA8,DXGI,0,0,1,Hardware Composed: Independent Flip,23469.6158,NA,23.48140000000000,22.15160000000000,19.24490000000000,41.20780000000000,41.2562,23466.6167,22.2440,2.9991,19.2449,21.8778,22.3291,4.9878,17.3413,1.3086,23466.6167,NA,NA,NA
BioshockHD.exe,18704,0xB251BA8,DXGI,0,0,1,Hardware Composed: Independent Flip,23491.7424,NA,22.12660000000000,22.96370000000000,19.29630000000000,41.88580000000000,42.0933,23488.8607,22.1780,2.8817,19.2963,21.9629,22.8046,4.5735,18.2311,-0.7197,23488.8607,NA,52.2650,NA
BioshockHD.exe,18704,0xB251BA8,DXGI,0,0,1,Hardware Composed: Independent Flip,23514.3985,NA,22.65610000000000,21.66130000000000,19.53030000000000,41.04920000000000,41.0985,23511.0387,22.8901,3.3598,19.5303,22.5895,21.8195,4.9856,16.8339,0.5167,23511.0387,NA,44.8796,NA
BioshockHD.exe,18704,0xB251BA8,DXGI,0,0,1,Hardware Composed: Independent Flip,23537.0099,NA,22.61140000000000,22.41500000000000,18.61940000000000,40.85240000000000,40.9021,23533.9288,21.7005,3.0811,18.6194,21.5189,22.4146,4.9588,17.4558,0.4751,23533.9288,NA,48.6840,NA
BioshockHD.exe,18704,0xB251BA8,DXGI,0,0,1,Hardware Composed: Independent Flip,23558.8520,NA,21.84210000000000,22.87140000000000,19.16580000000000,41.47410000000000,41.9314,23555.6293,22.3885,3.2227,19.1658,22.2330,22.4638,4.9537,17.5101,-1.1709,23555.6293,NA,NA,NA
BioshockHD.exe,18704,0xB251BA8,DXGI,0,0,1,Hardware Composed: Independent Flip,23581.0044,NA,22.15240000000000,20.78640000000000,19.91270000000000,40.51660000000000,40.5654,23578.0178,22.8993,2.9866,19.9127,22.3083,21.1949,4.5487,16.6462,1.6021,23578.0178,NA,58.0685,NA
BioshockHD.exe,18704,0xB251BA8,DXGI,0,0,1,Hardware Composed: Independent Flip,23603.8887,NA,22.88430000000000,22.55180000000000,17.78190000000000,40.02680000000000,40.2329,23600.9171,20.7535,2.9716,17.7819,20.6039,22.3945,4.9950,17.3995,0.3475,23600.9171,NA,41.6144,NA
BioshockHD.exe,18704,0xB251BA8,DXGI,0,0,1,Hardware Composed: Independent Flip,23624.5852,NA,20.69650000000000,23.01800000000000,19.64550000000000,41.86810000000001,42.5544,23621.6706,22.5601,2.9146,19.6455,22.2449,22.5378,5.1070,17.4308,-2.2645,23621.6706,NA,48.6335,NA
BioshockHD.exe,18704,0xB251BA8,DXGI,0,0,1,Hardware Composed: Independent Flip,23647.2895,NA,22.70430000000000,21.86060000000000,19.94770000000000,41.66440000000000,41.7107,23644.2307,23.0065,3.0588,19.9477,22.2226,22.5006,5.0283,17.4723,0.6995,23644.2307,NA,50.4991,NA
BioshockHD.exe,18704,0xB251BA8,DXGI,0,0,1,Hardware Composed: Independent Flip,23670.3188,NA,23.02930000000000,22.59660000000000,18.79350000000000,41.18060000000001,41.2780,23667.2372,21.8751,3.0816,18.7935,21.7167,22.5455,5.1294,17.4161,0.4099,23667.2372,NA,42.0927,NA
BioshockHD.exe,18704,0xB251BA8,DXGI,0,0,1,Hardware Composed: Independent Flip,23692.1361,NA,21.81730000000000,22.27690000000000,19.56340000000000,41.72760000000000,41.7376,23689.1123,22.5872,3.0238,19.5634,22.3871,22.3643,5.0274,17.3369,-0.4018,23689.1123,NA,51.3656,NA
BioshockHD.exe,18704,0xB251BA8,DXGI,0,0,1,Hardware Composed: Independent Flip,23714.7383,NA,22.60220000000000,22.38630000000000,19.23940000000000,41.51150000000001,41.5217,23711.6995,22.2782,3.0388,19.2394,22.1642,22.3861,4.9709,17.4152,0.2009,23711.6995,NA,53.7464,NA
BioshockHD.exe,18704,0xB251BA8,DXGI,0,0,1,Hardware Composed: Independent Flip,23736.9708,NA,22.23250000000000,22.49530000000000,19.39130000000000,41.68290000000000,41.7845,23733.9777,22.3844,2.9931,19.3913,22.2721,22.4039,4.9542,17.4497,-0.2171,23733.9777,NA,44.2548,NA
BioshockHD.exe,18704,0xB251BA8,DXGI,0,0,1,Hardware Composed: Independent Flip,23759.9865,NA,23.01570000000000,23.72580000000000,18.86490000000000,42.42760000000001,42.4946,23756.3621,22.4893,3.6244,18.8649,22.2916,23.7604,6.1717,17.5887,-1.3414,23756.3621,NA,43.9755,NA
BioshockHD.exe,18704,0xB251BA8,DXGI,0,0,1,Hardware Composed: Independent Flip,23782.8175,NA,22.83100000000000,23.87980000000000,19.82010000000000,43.49690000000000,43.5434,23778.8514,23.7862,3.9661,19.8201,23.5627,23.9003,6.6345,17.2658,-1.3905,23778.8514,NA,43.8618,NA
BioshockHD.exe,18704,0xB251BA8,DXGI,0,0,1,Hardware Composed: Independent Flip,23808.8025,NA,25.98500000000000,24.65110000000000,17.65940000000000,40.50480000000000,42.2095,23802.6376,23.8243,6.1649,17.6594,23.6768,22.9929,5.7683,17.2246,-0.8649,23802.6376,NA,55.5036,NA
BioshockHD.exe,18704,0xB251BA8,DXGI,0,0,1,Hardware Composed: Independent Flip,23829.6974,NA,20.89490000000000,21.51020000000000,21.40730000000000,42.77330000000000,42.8248,23826.4619,24.6428,3.2355,21.4073,22.8454,23.1634,5.8566,17.3068,2.3141,23826.4619,NA,45.0168,NA
BioshockHD.exe,18704,0xB251BA8,DXGI,0,0,1,Hardware Composed: Independent Flip,23854.5417,NA,24.84430000000000,22.36530000000000,18.07840000000000,40.30760000000000,40.3458,23851.1047,21.5154,3.4370,18.0784,21.3660,22.3786,5.7817,16.5969,2.2775,23851.1047,NA,41.3834,NA
BioshockHD.exe,18704,0xB251BA8,DXGI,0,0,1,Hardware Composed: Independent Flip,23875.8900,NA,21.34830000000000,24.00620000000000,19.10420000000000,42.04990000000000,43.0037,23872.6201,22.3741,3.2699,19.1042,22.2292,23.0906,5.8018,17.2888,-2.4908,23872.6201,NA,47.3940,NA
BioshockHD.exe,18704,0xB251BA8,DXGI,0,0,1,Hardware Composed: Independent Flip,23898.5476,NA,22.65760000000000,22.43580000000000,20.44160000000000,42.74360000000000,42.7819,23894.9942,23.9950,3.5534,20.4416,22.9457,23.3513,5.7810,17.5703,-0.0617,23894.9942,NA,46.8249,NA
BioshockHD.exe,18704,0xB251BA8,DXGI,0,0,1,Hardware Composed: Independent Flip,23922.2986,NA,23.75100000000000,24.79920000000000,19.18300000000000,42.15160000000000,43.8301,23918.9892,22.4924,3.3094,19.1830,22.3020,23.1590,5.8733,17.2857,-0.8042,23918.9892,NA,51.6269,NA
BioshockHD.exe,18704,0xB251BA8,DXGI,0,0,1,Hardware Composed: Independent Flip,23944.7720,NA,22.47340000000000,21.61930000000000,21.48580000000000,42.92330000000000,42.9760,23941.4816,24.7762,3.2904,21.4858,22.9686,23.2451,6.1493,17.0958,0.8731,23941.4816,NA,45.2164,NA
BioshockHD.exe,18704,0xB251BA8,DXGI,0,0,1,Hardware Composed: Independent Flip,23969.5608,NA,24.78880000000000,22.65760000000000,18.28290000000000,40.80670000000000,40.8448,23966.2578,21.5859,3.3030,18.2829,21.4375,22.6722,5.2955,17.3767,2.1186,23966.2578,NA,41.8958,NA
BioshockHD.exe,18704,0xB251BA8,DXGI,0,0,1,Hardware Composed: Independent Flip,23990.9870,NA,21.42620000000000,24.23670000000000,19.56450000000000,42.00960000000000,43.6553,23987.8437,22.7078,3.1433,19.5645,22.5238,22.6291,6.4815,16.1476,-2.6508,23987.8437,NA,48.1446,NA
BioshockHD.exe,18704,0xB251BA8,DXGI,0,0,1,Hardware Composed: Independent Flip,24013.9737,NA,22.98670000000000,20.93560000000000,20.76750000000000,41.55860000000001,41.6042,24010.5515,24.1897,3.4222,20.7675,22.4451,22.5357,5.7185,16.8172,1.7722,24010.5515,NA,55.0720,NA
BioshockHD.exe,18704,0xB251BA8,DXGI,0,0,1,Hardware Composed: Independent Flip,24038.6791,NA,24.70540000000000,23.16340000000000,17.05260000000000,40.05370000000000,40.0622,24034.7412,20.9905,3.9379,17.0526,20.7911,23.2005,5.7713,17.4292,1.0263,24034.7412,NA,45.2112,NA
BioshockHD.exe,18704,0xB251BA8,DXGI,0,0,1,Hardware Composed: Independent Flip,24059.0446,NA,20.36550000000000,23.90640000000000,19.83310000000000,42.05680000000000,43.6031,24055.7317,23.1460,3.3129,19.8331,23.0011,22.3686,5.8487,16.5199,-2.9159,24055.7317,NA,46.1429,NA
BioshockHD.exe,18704,0xB251BA8,DXGI,0,0,1,Hardware Composed: Independent Flip,24082.1718,NA,23.12720000000000,21.64990000000000,20.57200000000000,42.07930000000000,42.1258,24078.8777,23.8661,3.2941,20.5720,22.2237,23.1497,5.7754,17.3743,1.4961,24078.8777,NA,50.7983,NA
BioshockHD.exe,18704,0xB251BA8,DXGI,0,0,1,Hardware Composed: Independent Flip,24106.0453,NA,23.87350000000000,23.08980000000000,18.55330000000000,41.29630000000000,41.3421,24102.7438,21.8548,3.3015,18.5533,21.5073,23.0905,5.7259,17.3646,0.7763,24102.7438,NA,42.8835,NA
BioshockHD.exe,18704,0xB251BA8,DXGI,0,0,1,Hardware Composed: Independent Flip,24127.8576,NA,21.81230000000000,24.94780000000000,19.67830000000000,42.79040000000001,44.4776,24124.5986,22.9373,3.2590,19.6783,22.7430,23.3064,5.7667,17.5397,-3.0930,24124.5986,NA,48.8013,NA
BioshockHD.exe,18704,0xB251BA8,DXGI,0,0,1,Hardware Composed: Independent Flip,24150.9319,NA,23.07430000000000,21.50760000000000,21.50730000000000,42.89960000000000,42.9109,24147.5359,24.9033,3.3960,21.5073,23.1121,23.1835,5.8056,17.3779,1.4297,24147.5359,NA,54.3119,NA
BioshockHD.exe,18704,0xB251BA8,DXGI,0,0,1,Hardware Composed: Independent Flip,24175.8549,NA,24.92300000000000,23.54920000000000,18.26400000000000,41.52860000000000,41.5371,24172.4392,21.6797,3.4157,18.2640,21.3923,23.5520,6.1075,17.4445,1.3541,24172.4392,NA,45.8899,NA
BioshockHD.exe,18704,0xB251BA8,DXGI,0,0,1,Hardware Composed: Independent Flip,24197.3972,NA,21.54230000000000,24.24210000000000,20.10810000000000,42.55970000000000,44.2369,24194.1189,23.3864,3.2783,20.1081,23.2646,22.5734,5.7206,16.8528,-2.5624,24194.1189,NA,50.1344,NA
BioshockHD.exe,18704,0xB251BA8,DXGI,0,0,1,Hardware Composed: Independent Flip,24220.8801,NA,23.48290000000000,21.46930000000000,20.85590000000000,42.15610000000000,42.2233,24217.5053,24.2307,3.3748,20.8559,22.4516,23.0793,5.8011,17.2782,1.9171,24217.5053,NA,43.5619,NA
BioshockHD.exe,18704,0xB251BA8,DXGI,0,0,1,Hardware Composed: Independent Flip,24244.9679,NA,24.08780000000000,22.99670000000000,18.26180000000000,41.09320000000000,41.1322,24241.7360,21.4937,3.2319,18.2618,21.3002,23.0249,5.6728,17.3521,1.2340,24241.7360,NA,45.5983,NA
BioshockHD.exe,18704,0xB251BA8,DXGI,0,0,1,Hardware Composed: Independent Flip,24266.5874,NA,21.61950000000000,24.70500000000000,19.61960000000000,42.54310000000000,44.2177,24263.2297,22.9773,3.3577,19.6196,22.8314,23.0694,5.7430,17.3264,-3.2113,24263.2297,NA,46.3069,NA
BioshockHD.exe,18704,0xB251BA8,DXGI,0,0,1,Hardware Composed: Independent Flip,24289.5736,NA,22.98620000000000,21.51650000000000,21.32950000000000,42.69810000000000,42.7480,24286.2070,24.6961,3.3666,21.3295,22.9235,23.1412,5.7556,17.3856,1.4608,24286.2070,NA,47.7985,NA
BioshockHD.exe,18704,0xB251BA8,DXGI,0,0,1,Hardware Composed: Independent Flip,24314.0903,NA,24.51670000000000,23.11420000000000,18.34940000000000,41.30680000000000,41.3455,24310.9031,21.5366,3.1872,18.3494,21.3686,23.1254,5.7769,17.3485,1.5819,24310.9031,NA,41.9363,NA
BioshockHD.exe,18704,0xB251BA8,DXGI,0,0,1,Hardware Composed: Independent Flip,24335.6520,NA,21.56170000000000,24.80260000000000,19.88220000000000,42.89320000000000,44.5864,24332.4397,23.0945,3.2123,19.8822,22.9574,23.1481,5.7513,17.3968,-3.2660,24332.4397,NA,52.6994,NA
BioshockHD.exe,18704,0xB251BA8,DXGI,0,0,1,Hardware Composed: Independent Flip,24358.7860,NA,23.13400000000000,21.33300000000000,21.55030000000000,42.77380000000000,42.7854,24355.5342,24.8021,3.2518,21.5503,23.0110,23.0146,5.7788,17.2358,1.7615,24355.5342,NA,44.0705,NA
BioshockHD.exe,18704,0xB251BA8,DXGI,0,0,1,Hardware Composed: Independent Flip,24383.5573,NA,24.77130000000000,22.97620000000000,18.13930000000000,40.95150000000000,40.9903,24380.3363,21.3603,3.2210,18.1393,21.2235,22.9490,5.6929,17.2561,1.8259,24380.3363,NA,41.0473,NA
BioshockHD.exe,18704,0xB251BA8,DXGI,0,0,1,Hardware Composed: Independent Flip,24404.9383,NA,21.38100000000000,24.67450000000000,19.72710000000000,42.57350000000000,44.2838,24401.6966,22.9688,3.2417,19.7271,22.8122,23.0030,5.7518,17.2512,-3.3142,24401.6966,NA,44.7218,NA
BioshockHD.exe,18704,0xB251BA8,DXGI,0,0,1,Hardware Composed: Independent Flip,24429.4046,NA,24.46630000000000,22.13430000000000,19.91680000000000,41.85540000000000,41.9518,24424.6654,24.6560,4.7392,19.9168,22.8464,23.7482,6.8058,16.9424,0.8345,24424.6654,NA,42.8560,NA
BioshockHD.exe,18704,0xB251BA8,DXGI,0,0,1,Hardware Composed: Independent Flip,24453.8205,NA,24.41590000000000,24.21250000000000,17.67720000000000,41.68200000000000,41.7484,24449.3214,22.1763,4.4991,17.6772,21.9386,24.2425,7.0828,17.1597,0.4435,24449.3214,NA,48.0313,NA
BioshockHD.exe,18704,0xB251BA8,DXGI,0,0,1,Hardware Composed: Independent Flip,24475.6794,NA,21.85890000000000,24.89000000000000,19.98720000000000,43.15070000000000,44.7795,24471.4977,24.1689,4.1817,19.9872,24.0048,23.3276,6.0179,17.3097,-2.7137,24471.4977,NA,46.9529,NA
BioshockHD.exe,18704,0xB251BA8,DXGI,0,0,1,Hardware Composed: Independent Flip,24499.7639,NA,24.08450000000000,20.64560000000000,20.80050000000000,41.25350000000000,41.3406,24495.6666,24.8978,4.0973,20.8005,23.1635,22.1873,5.5154,16.6719,3.5233,24495.6666,NA,47.5998,NA
BioshockHD.exe,18704,0xB251BA8,DXGI,0,0,1,Hardware Composed: Independent Flip,24524.9204,NA,25.15650000000000,22.48870000000000,16.32210000000000,38.60400000000000,38.6728,24520.5644,20.6781,4.3560,16.3221,20.4530,22.5070,5.9926,16.5144,2.4091,24520.5644,NA,43.0930,NA
BioshockHD.exe,18704,0xB251BA8,DXGI,0,0,1,Hardware Composed: Independent Flip,24545.4269,NA,20.50650000000000,24.01340000000000,18.27070000000000,41.20920000000000,42.1797,24541.2425,22.4551,4.1844,18.2707,22.2819,23.1117,6.0343,17.0774,-3.3353,24541.2425,NA,45.1051,NA
BioshockHD.exe,18704,0xB251BA8,DXGI,0,0,1,Hardware Composed: Independent Flip,24568.0348,NA,22.60790000000000,22.38370000000000,19.67900000000000,41.79220000000000,41.9555,24563.6976,24.0162,4.3372,19.6790,22.9385,23.1909,6.0313,17.1596,0.0714,24563.6976,NA,44.4849,NA
BioshockHD.exe,18704,0xB251BA8,DXGI,0,0,1,Hardware Composed: Independent Flip,24592.1774,NA,24.14260000000000,24.88130000000000,18.18130000000000,41.04900000000000,42.6942,24587.7138,22.6449,4.4636,18.1813,22.1132,23.3994,6.0212,17.3782,-0.8651,24587.7138,NA,45.3719,NA
BioshockHD.exe,18704,0xB251BA8,DXGI,0,0,1,Hardware Composed: Independent Flip,24614.7460,NA,22.56860000000000,21.80670000000000,20.24420000000000,41.85830000000000,41.9323,24610.3587,24.6315,4.3873,20.2442,22.8677,23.3779,6.0150,17.3629,0.8382,24610.3587,NA,43.1702,NA
BioshockHD.exe,18704,0xB251BA8,DXGI,0,0,1,Hardware Composed: Independent Flip,24639.4361,NA,24.69010000000000,23.25520000000000,17.35150000000000,40.41960000000000,40.4974,24634.9902,21.7974,4.4459,17.3515,21.6141,23.2514,5.9864,17.2650,1.3763,24634.9902,NA,51.4363,NA
BioshockHD.exe,18704,0xB251BA8,DXGI,0,0,1,Hardware Composed: Independent Flip,24661.0117,NA,21.57560000000000,24.85080000000000,19.02450000000000,42.12490000000000,43.7726,24656.7876,23.2486,4.2241,19.0245,23.0681,23.2809,6.0235,17.2574,-3.0534,24656.7876,NA,47.2501,NA
BioshockHD.exe,18704,0xB251BA8,DXGI,0,0,1,Hardware Composed: Independent Flip,24684.4501,NA,23.43840000000000,21.80830000000000,20.46470000000000,42.04730000000000,42.1425,24680.0362,24.8786,4.4139,20.4647,23.1004,23.3608,6.0081,17.3527,1.4403,24680.0362,NA,47.0956,NA
BioshockHD.exe,18704,0xB251BA8,DXGI,0,0,1,Hardware Composed: Independent Flip,24709.2115,NA,24.76140000000000,23.33670000000000,17.51750000000000,40.65300000000000,40.7178,24704.9148,21.8142,4.2967,17.5175,21.5826,23.3671,6.0044,17.3627,1.5419,24704.9148,NA,42.4029,NA
BioshockHD.exe,18704,0xB251BA8,DXGI,0,0,1,Hardware Composed: Independent Flip,24731.1815,NA,21.97000000000000,24.98190000000000,18.85450000000000,42.09340000000000,43.7297,24726.7290,23.3070,4.4525,18.8545,23.1355,23.4104,6.0510,17.3594,-3.1677,24726.7290,NA,46.4048,NA
BioshockHD.exe,18704,0xB251BA8,DXGI,0,0,1,Hardware Composed: Independent Flip,24754.2208,NA,23.03930000000000,21.80380000000000,20.78560000000000,42.41010000000000,42.4942,24750.0360,24.9704,4.1848,20.7856,23.2389,23.3560,6.0071,17.3489,1.5032,24750.0360,NA,44.2122,NA
BioshockHD.exe,18704,0xB251BA8,DXGI,0,0,1,Hardware Composed: Independent Flip,24779.4632,NA,25.24240000000000,23.54520000000000,17.39550000000000,40.72340000000001,40.7970,24775.0064,21.8523,4.4568,17.3955,21.6245,23.5557,5.9999,17.5558,1.4252,24775.0064,NA,44.7593,NA
BioshockHD.exe,18704,0xB251BA8,DXGI,0,0,1,Hardware Composed: Independent Flip,24801.0576,NA,21.59440000000000,24.87980000000000,19.30980000000000,42.43690000000000,44.0824,24796.8587,23.5087,4.1989,19.3098,23.3279,23.3079,6.0196,17.2883,-3.0275,24796.8587,NA,47.6360,NA
BioshockHD.exe,18704,0xB251BA8,DXGI,0,0,1,Hardware Composed: Independent Flip,24824.3582,NA,23.30060000000000,21.63010000000000,20.88080000000000,42.33640000000000,42.4119,24820.3674,24.8716,3.9908,20.8808,23.1271,23.2001,6.0103,17.1898,1.8786,24820.3674,NA,53.2636,NA
BioshockHD.exe,18704,0xB251BA8,DXGI,0,0,1,Hardware Composed: Independent Flip,24849.4349,NA,25.07670000000000,23.13450000000000,17.44870000000000,40.39020000000000,40.4697,24845.2390,21.6446,4.1959,17.4487,21.4556,23.1305,6.0773,17.0532,1.7371,24845.2390,NA,48.4034,NA
BioshockHD.exe,18704,0xB251BA8,DXGI,0,0,1,Hardware Composed: Independent Flip,24871.2606,NA,21.82570000000000,24.05040000000000,18.73500000000000,41.09740000000000,42.6944,24866.8836,23.1120,4.3770,18.7350,22.9415,22.5329,5.9628,16.5701,-2.4058,24866.8836,NA,43.4507,NA
BioshockHD.exe,18704,0xB251BA8,DXGI,0,0,1,Hardware Composed: Independent Flip,24894.1679,NA,22.90730000000000,21.45130000000000,19.91210000000000,41.15740000000000,41.2384,24889.9956,24.0844,4.1723,19.9121,22.3624,22.9673,5.6076,17.3597,1.6607,24889.9956,NA,43.8291,NA
BioshockHD.exe,18704,0xB251BA8,DXGI,0,0,1,Hardware Composed: Independent Flip,24918.2323,NA,24.06440000000000,22.49420000000000,17.33810000000000,39.58790000000000,39.6682,24914.0800,21.4904,4.1523,17.3381,21.2453,22.4949,5.9549,16.5400,1.5902,24914.0800,NA,45.3995,NA
BioshockHD.exe,18704,0xB251BA8,DXGI,0,0,1,Hardware Composed: Independent Flip,24939.9397,NA,21.70740000000000,24.04930000000000,18.06230000000000,41.74000000000000,42.0101,24935.5704,22.4316,4.3693,18.0623,22.2498,23.8595,6.0883,17.7712,-2.5589,24935.5704,NA,46.4416,NA
