Application,ProcessID,SwapChainAddress,PresentRuntime,SyncInterval,PresentFlags,AllowsTearing,PresentMode,TimeInMs,MsBetweenSimulationStart,MsBetweenPresents,MsBetweenDisplayChange,MsInPresentAPI,MsRenderPresentLatency,MsUntilDisplayed,CPUStartTimeInMs,MsBetweenAppStart,MsCPUBusy,MsCPUWait,MsGPULatency,MsGPUTime,MsGPUBusy,MsGPUWait,MsAnimationError,AnimationTime,MsFlipDelay,MsAllInputToPhotonLatency,MsClickToPhotonLatency
BioshockHD.exe,18704,0xB251BA8,DXGI,0,0,1,Hardware Composed: Independent Flip,44.9980,NA,23.02120000000000,22.73110000000000,6.28250000000000,28.82960000000000,28.9014,40.9451,10.3354,4.0529,6.2825,10.1406,22.7419,5.6183,17.1236,NA,40.9451,NA,NA,NA
BioshockHD.exe,18704,0xB251BA8,DXGI,0,0,1,Hardware Composed: Independent Flip,55.4977,NA,10.49970000000000,10.15090000000000,18.53760000000000,28.46610000000000,28.5526,51.2805,22.7548,4.2172,18.5376,22.5471,10.1362,5.5257,4.6105,0.1845,51.2805,NA,NA,NA
BioshockHD.exe,18704,0xB251BA8,DXGI,0,0,1,Hardware Composed: Independent Flip,78.2833,NA,22.78560000000000,22.66340000000000,5.87400000000000,28.33590000000000,28.4304,74.0353,10.1220,4.2480,5.8740,9.9285,22.6554,5.5418,17.1136,0.0914,74.0353,NA,NA,NA
BioshockHD.exe,18704,0xB251BA8,DXGI,0,0,1,Hardware Composed: Independent Flip,88.3702,NA,10.08690000000000,10.09150000000000,18.48500000000000,28.35150000000000,28.4350,84.1573,22.6979,4.2129,18.4850,22.4619,10.1025,5.5668,4.5357,0.0305,84.1573,NA,NA,NA
BioshockHD.exe,18704,0xB251BA8,DXGI,0,0,1,Hardware Composed: Independent Flip,111.0893,NA,22.71910000000000,22.60210000000000,5.81510000000000,28.24120000000000,28.3180,106.8552,10.0492,4.2341,5.8151,9.8665,22.6088,5.5741,17.0347,0.0958,106.8552,NA,NA,NA
BioshockHD.exe,18704,0xB251BA8,DXGI,0,0,1,Hardware Composed: Independent Flip,120.8766,NA,9.78730000000000,10.24050000000000,18.69500000000000,28.71120000000000,28.7712,116.9044,22.6672,3.9722,18.6950,22.4261,10.2573,5.6678,4.5895,-0.1913,116.9044,NA,NA,NA
BioshockHD.exe,18704,0xB251BA8,DXGI,0,0,1,Hardware Composed: Independent Flip,144.0226,NA,23.14600000000000,22.60500000000000,5.78530000000000,28.15640000000000,28.2302,139.5716,10.2363,4.4510,5.7853,10.0162,22.5912,5.5169,17.0743,0.0622,139.5716,NA,NA,NA
BioshockHD.exe,18704,0xB251BA8,DXGI,0,0,1,Hardware Composed: Independent Flip,154.2150,NA,10.19240000000000,13.09140000000000,18.22600000000000,28.09660000000000,31.1292,149.8079,22.6331,4.4071,18.2260,22.3711,10.1326,5.5706,4.5620,-2.8551,149.8079,NA,NA,NA
BioshockHD.exe,18704,0xB251BA8,DXGI,0,0,1,Hardware Composed: Independent Flip,176.7804,NA,22.56540000000000,19.74810000000000,8.69400000000000,28.22160000000000,28.3119,172.4410,13.0334,4.3394,8.6940,9.8706,22.6904,5.4868,17.2036,2.8850,172.4410,NA,NA,NA
BioshockHD.exe,18704,0xB251BA8,DXGI,0,0,1,Hardware Composed: Independent Flip,189.7345,NA,12.95410000000000,13.14960000000000,15.47030000000000,25.49490000000000,28.5074,185.4744,19.7304,4.2601,15.4703,19.5276,10.2274,5.6014,4.6260,-0.1162,185.4744,NA,NA,NA
BioshockHD.exe,18704,0xB251BA8,DXGI,0,0,1,Hardware Composed: Independent Flip,209.2799,NA,19.54540000000000,19.76470000000000,9.06270000000000,28.66250000000000,28.7267,205.2048,13.1378,4.0751,9.0627,10.0246,22.7130,5.5529,17.1601,-0.0343,205.2048,NA,NA,NA
BioshockHD.exe,18704,0xB251BA8,DXGI,0,0,1,Hardware Composed: Independent Flip,222.4532,NA,13.17330000000000,13.14660000000000,15.70630000000000,25.67580000000000,28.7000,218.3426,19.8169,4.1106,15.7063,19.5998,10.1866,5.5916,4.5950,-0.0088,218.3426,NA,NA,NA
BioshockHD.exe,18704,0xB251BA8,DXGI,0,0,1,Hardware Composed: Independent Flip,242.3888,NA,19.93560000000000,19.72190000000000,8.86640000000000,28.40010000000000,28.4863,238.1595,13.0957,4.2293,8.8664,9.9695,22.6599,5.5314,17.1285,0.0950,238.1595,NA,NA,NA
BioshockHD.exe,18704,0xB251BA8,DXGI,0,0,1,Hardware Composed: Independent Flip,255.5126,NA,13.12380000000000,13.20440000000000,15.50890000000000,25.55160000000000,28.5669,251.2552,19.7663,4.2574,15.5089,19.5337,10.2753,5.5305,4.7448,-0.1087,251.2552,NA,NA,NA
BioshockHD.exe,18704,0xB251BA8,DXGI,0,0,1,Hardware Composed: Independent Flip,275.4955,NA,19.98290000000000,19.84770000000000,8.68340000000000,28.34100000000000,28.4317,271.0215,13.1574,4.4740,8.6834,10.0427,22.7723,5.5407,17.2316,-0.0814,271.0215,NA,NA,NA
BioshockHD.exe,18704,0xB251BA8,DXGI,0,0,1,Hardware Composed: Independent Flip,288.5335,NA,13.03800000000000,13.17440000000000,15.52900000000000,25.55780000000000,28.5681,284.1789,19.8836,4.3546,15.5290,19.6576,10.2548,5.6099,4.6449,-0.0170,284.1789,NA,NA,NA
BioshockHD.exe,18704,0xB251BA8,DXGI,0,0,1,Hardware Composed: Independent Flip,308.4022,NA,19.86870000000000,19.75910000000000,8.89380000000000,28.37640000000000,28.4585,304.0625,13.2335,4.3397,8.8938,10.0288,22.6873,5.5418,17.1455,0.1245,304.0625,NA,NA,NA
BioshockHD.exe,18704,0xB251BA8,DXGI,0,0,1,Hardware Composed: Independent Flip,321.4845,NA,13.08230000000000,13.08640000000000,15.52730000000000,25.43730000000000,28.4626,317.2960,19.7158,4.1885,15.5273,19.4826,10.1432,5.5614,4.5818,0.1471,317.2960,NA,NA,NA
BioshockHD.exe,18704,0xB251BA8,DXGI,0,0,1,Hardware Composed: Independent Flip,341.2324,NA,19.74790000000000,19.73410000000000,8.89750000000000,28.34980000000000,28.4488,337.0118,13.1181,4.2206,8.8975,9.9100,22.6604,5.5488,17.1116,-0.0183,337.0118,NA,NA,NA
BioshockHD.exe,18704,0xB251BA8,DXGI,0,0,1,Hardware Composed: Independent Flip,354.4538,NA,13.22140000000000,12.98360000000000,15.39290000000000,25.21180000000000,28.2110,350.1299,19.7168,4.3239,15.3929,19.4523,10.0834,5.5447,4.5387,0.1345,350.1299,NA,NA,NA
BioshockHD.exe,18704,0xB251BA8,DXGI,0,0,1,Hardware Composed: Independent Flip,373.9158,NA,19.46200000000000,20.09520000000000,8.89610000000000,28.74470000000000,28.8442,369.8467,12.9652,4.0691,8.8961,9.8189,22.9949,5.5577,17.4372,-0.3784,369.8467,NA,NA,NA
BioshockHD.exe,18704,0xB251BA8,DXGI,0,0,1,Hardware Composed: Independent Flip,386.8969,NA,12.98110000000000,13.09840000000000,16.03680000000000,25.96140000000000,28.9615,382.8119,20.1218,4.0850,16.0368,19.8486,10.1978,5.6109,4.5869,-0.1332,382.8119,NA,NA,NA
BioshockHD.exe,18704,0xB251BA8,DXGI,0,0,1,Hardware Composed: Independent Flip,407.3162,NA,20.41930000000000,19.76710000000000,8.72340000000000,28.25940000000000,28.3093,402.9337,13.1059,4.3825,8.7234,9.9246,22.7173,5.6016,17.1157,0.3547,402.9337,NA,NA,NA
BioshockHD.exe,18704,0xB251BA8,DXGI,0,0,1,Hardware Composed: Independent Flip,420.2266,NA,12.91040000000000,10.14060000000000,15.55170000000000,25.45030000000000,25.5395,416.0396,19.7387,4.1870,15.5517,19.5360,10.1013,5.5325,4.5688,2.9653,416.0396,NA,NA,NA
BioshockHD.exe,18704,0xB251BA8,DXGI,0,0,1,Hardware Composed: Independent Flip,440.1277,NA,19.90110000000000,22.59780000000000,5.78990000000000,28.15600000000000,28.2362,435.7783,10.1393,4.3494,5.7899,9.8986,22.6068,5.5580,17.0488,-2.8591,435.7783,NA,NA,NA
BioshockHD.exe,18704,0xB251BA8,DXGI,0,0,1,Hardware Composed: Independent Flip,450.2770,NA,10.14930000000000,10.13690000000000,18.23440000000000,28.12440000000000,28.2238,445.9176,22.5938,4.3594,18.2344,22.3661,10.1177,5.5632,4.5545,0.0024,445.9176,NA,NA,NA
BioshockHD.exe,18704,0xB251BA8,DXGI,0,0,1,Hardware Composed: Independent Flip,472.7171,NA,22.44010000000000,22.63200000000000,5.91960000000000,28.33920000000000,28.4157,468.5114,10.1253,4.2057,5.9196,9.8900,22.6549,5.5721,17.0828,-0.0382,468.5114,NA,NA,NA
BioshockHD.exe,18704,0xB251BA8,DXGI,0,0,1,Hardware Composed: Independent Flip,482.7596,NA,10.04250000000000,10.27280000000000,18.52650000000000,28.54620000000000,28.6460,478.6367,22.6494,4.1229,18.5265,22.4196,10.2495,5.6358,4.6137,-0.1475,478.6367,NA,NA,NA
BioshockHD.exe,18704,0xB251BA8,DXGI,0,0,1,Hardware Composed: Independent Flip,505.4789,NA,22.71930000000000,22.66190000000000,6.07170000000000,28.51590000000000,28.5886,501.2861,10.2645,4.1928,6.0717,10.0197,22.6890,5.5687,17.1203,-0.0125,501.2861,NA,NA,NA
BioshockHD.exe,18704,0xB251BA8,DXGI,0,0,1,Hardware Composed: Independent Flip,515.8942,NA,10.41530000000000,10.83920000000000,18.31000000000000,28.90440000000000,29.0125,511.5506,22.6536,4.3436,18.3100,22.4442,10.8038,5.8949,4.9089,-0.5747,511.5506,NA,NA,NA
BioshockHD.exe,18704,0xB251BA8,DXGI,0,0,1,Hardware Composed: Independent Flip,538.6437,NA,22.74950000000000,22.59550000000000,6.36300000000000,28.79030000000000,28.8585,534.2042,10.8025,4.4395,6.3630,10.5944,22.6354,5.5743,17.0611,0.0581,534.2042,NA,NA,NA
BioshockHD.exe,18704,0xB251BA8,DXGI,0,0,1,Hardware Composed: Independent Flip,548.7801,NA,10.13640000000000,10.15830000000000,18.90530000000000,28.78250000000000,28.8804,545.0067,22.6787,3.7734,18.9053,22.4273,10.1286,5.5829,4.5457,0.6442,545.0067,NA,NA,NA
BioshockHD.exe,18704,0xB251BA8,DXGI,0,0,1,Hardware Composed: Independent Flip,572.2043,NA,23.42420000000000,22.60800000000000,5.59420000000000,27.99260000000000,28.0642,567.6854,10.1131,4.5189,5.5942,9.8772,22.6343,5.5915,17.0428,0.0707,567.6854,NA,NA,NA
BioshockHD.exe,18704,0xB251BA8,DXGI,0,0,1,Hardware Composed: Independent Flip,582.1149,NA,9.91060000000000,10.27190000000000,18.33210000000000,28.35710000000000,28.4255,577.7985,22.6485,4.3164,18.3321,22.3984,10.2751,5.6366,4.6385,-0.1588,577.7985,NA,NA,NA
BioshockHD.exe,18704,0xB251BA8,DXGI,0,0,1,Hardware Composed: Independent Flip,604.9356,NA,22.82070000000000,22.80310000000000,5.76840000000000,28.34260000000000,28.4079,600.4470,10.2570,4.4886,5.7684,10.0250,22.8062,5.6291,17.1771,-0.1546,600.4470,NA,NA,NA
BioshockHD.exe,18704,0xB251BA8,DXGI,0,0,1,Hardware Composed: Independent Flip,615.2828,NA,10.34720000000000,10.12110000000000,18.20370000000000,28.14190000000000,28.1818,610.7040,22.7825,4.5788,18.2037,22.5742,10.1465,5.5652,4.5813,0.1359,610.7040,NA,NA,NA
BioshockHD.exe,18704,0xB251BA8,DXGI,0,0,1,Hardware Composed: Independent Flip,637.8099,NA,22.52710000000000,22.72560000000000,5.81480000000000,28.28270000000000,28.3803,633.4865,10.1382,4.3234,5.8148,9.9382,22.6679,5.5254,17.1425,0.0569,633.4865,NA,NA,NA
BioshockHD.exe,18704,0xB251BA8,DXGI,0,0,1,Hardware Composed: Independent Flip,648.0475,NA,10.23760000000000,10.13110000000000,18.30020000000000,28.19130000000000,28.2738,643.6247,22.7230,4.4228,18.3002,22.4679,10.1462,5.5608,4.5854,0.0071,643.6247,NA,NA,NA
BioshockHD.exe,18704,0xB251BA8,DXGI,0,0,1,Hardware Composed: Independent Flip,670.7331,NA,22.68560000000000,22.70770000000000,5.74590000000000,28.21540000000000,28.2959,666.3477,10.1313,4.3854,5.7459,9.8911,22.7097,5.5647,17.1450,0.0153,666.3477,NA,NA,NA
BioshockHD.exe,18704,0xB251BA8,DXGI,0,0,1,Hardware Composed: Independent Flip,680.6311,NA,9.89800000000000,10.19090000000000,18.58460000000000,28.50650000000000,28.5888,676.4790,22.7367,4.1521,18.5846,22.4695,10.1891,5.5890,4.6001,-0.0596,676.4790,NA,NA,NA
BioshockHD.exe,18704,0xB251BA8,DXGI,0,0,1,Hardware Composed: Independent Flip,703.4042,NA,22.77310000000000,22.69760000000000,5.99450000000000,28.43270000000000,28.5133,699.2157,10.1830,4.1885,5.9945,9.9219,22.6993,5.6081,17.0912,0.0391,699.2157,NA,NA,NA
BioshockHD.exe,18704,0xB251BA8,DXGI,0,0,1,Hardware Composed: Independent Flip,713.5329,NA,10.12870000000000,10.28920000000000,18.54680000000000,28.58850000000000,28.6738,709.3987,22.6810,4.1342,18.5468,22.4382,10.2845,5.5056,4.7789,-0.1062,709.3987,NA,NA,NA
BioshockHD.exe,18704,0xB251BA8,DXGI,0,0,1,Hardware Composed: Independent Flip,736.5931,NA,23.06020000000000,22.72270000000000,5.76550000000000,28.28450000000000,28.3363,732.0797,10.2789,4.5134,5.7655,10.0417,22.7562,5.5819,17.1743,-0.0417,732.0797,NA,NA,NA
BioshockHD.exe,18704,0xB251BA8,DXGI,0,0,1,Hardware Composed: Independent Flip,746.4408,NA,9.84770000000000,10.32140000000000,18.63830000000000,28.67840000000000,28.8100,742.3586,22.7205,4.0822,18.6383,22.5190,10.2416,5.6413,4.6003,-0.0425,742.3586,NA,NA,NA
BioshockHD.exe,18704,0xB251BA8,DXGI,0,0,1,Hardware Composed: Independent Flip,769.8935,NA,23.45270000000000,22.49860000000000,5.48280000000000,27.80450000000000,27.8559,765.0791,10.2972,4.8144,5.4828,10.0401,22.5788,5.4868,17.0920,0.2219,765.0791,NA,NA,NA
BioshockHD.exe,18704,0xB251BA8,DXGI,0,0,1,Hardware Composed: Independent Flip,779.6116,NA,9.71810000000000,10.22370000000000,18.26950000000000,28.26720000000000,28.3615,775.3763,22.5048,4.2353,18.2695,22.3217,10.1808,5.5975,4.5833,0.0735,775.3763,NA,NA,NA
BioshockHD.exe,18704,0xB251BA8,DXGI,0,0,1,Hardware Composed: Independent Flip,802.4204,NA,22.80880000000000,22.62690000000000,5.64110000000000,28.09360000000000,28.1796,797.8811,10.1804,4.5393,5.6411,9.9977,22.6352,5.5461,17.0891,-0.1221,797.8811,NA,NA,NA
BioshockHD.exe,18704,0xB251BA8,DXGI,0,0,1,Hardware Composed: Independent Flip,812.1501,NA,9.72970000000000,10.11430000000000,18.61100000000000,28.47510000000000,28.5642,808.0615,22.6996,4.0886,18.6110,22.4525,10.1112,5.5548,4.5564,0.0661,808.0615,NA,NA,NA
BioshockHD.exe,18704,0xB251BA8,DXGI,0,0,1,Hardware Composed: Independent Flip,834.8034,NA,22.65330000000000,22.66960000000000,6.05080000000000,28.51600000000000,28.5805,830.7611,10.0931,4.0423,6.0508,9.8641,22.6942,5.5854,17.1088,0.0300,830.7611,NA,NA,NA
BioshockHD.exe,18704,0xB251BA8,DXGI,0,0,1,Hardware Composed: Independent Flip,844.7486,NA,9.94520000000000,10.23360000000000,18.79440000000000,28.77840000000000,28.8689,840.8542,22.6888,3.8944,18.7944,22.4652,10.2076,5.6335,4.5741,-0.1405,840.8542,NA,NA,NA
BioshockHD.exe,18704,0xB251BA8,DXGI,0,0,1,Hardware Composed: Independent Flip,867.8035,NA,23.05490000000000,22.64180000000000,5.95340000000000,28.39320000000000,28.4558,863.5430,10.2139,4.2605,5.9534,9.9840,22.6697,5.5922,17.0775,0.0470,863.5430,NA,NA,NA
BioshockHD.exe,18704,0xB251BA8,DXGI,0,0,1,Hardware Composed: Independent Flip,877.9013,NA,10.09780000000000,10.09120000000000,18.49930000000000,28.37770000000000,28.4492,873.7569,22.6437,4.1444,18.4993,22.4398,10.0823,5.5581,4.5242,0.1227,873.7569,NA,NA,NA
BioshockHD.exe,18704,0xB251BA8,DXGI,0,0,1,Hardware Composed: Independent Flip,901.1939,NA,23.29260000000000,22.42020000000000,5.26030000000000,27.47490000000000,27.5768,896.4006,10.0536,4.7933,5.2603,9.8784,22.3898,5.5525,16.8373,0.2235,896.4006,NA,NA,NA
BioshockHD.exe,18704,0xB251BA8,DXGI,0,0,1,Hardware Composed: Independent Flip,910.6022,NA,9.40830000000000,10.06860000000000,18.33800000000000,28.15060000000000,28.2371,906.4542,22.4860,4.1480,18.3380,22.2146,10.0840,5.5442,4.5398,-0.0150,906.4542,NA,NA,NA
BioshockHD.exe,18704,0xB251BA8,DXGI,0,0,1,Hardware Composed: Independent Flip,933.1002,NA,22.49800000000000,22.60020000000000,5.90560000000000,28.26330000000000,28.3393,928.9402,10.0656,4.1600,5.9056,9.8126,22.6107,5.5695,17.0412,-0.1142,928.9402,NA,NA,NA
BioshockHD.exe,18704,0xB251BA8,DXGI,0,0,1,Hardware Composed: Independent Flip,943.2140,NA,10.11380000000000,10.24090000000000,18.32620000000000,28.39540000000000,28.4664,939.0058,22.5344,4.2082,18.3262,22.3577,10.2459,5.6011,4.6448,-0.1753,939.0058,NA,NA,NA
BioshockHD.exe,18704,0xB251BA8,DXGI,0,0,1,Hardware Composed: Independent Flip,965.4279,NA,22.21390000000000,22.69860000000000,6.36140000000000,28.88670000000000,28.9511,961.5402,10.2491,3.8877,6.3614,10.0692,22.7052,5.5873,17.1179,-0.1642,961.5402,NA,NA,NA
BioshockHD.exe,18704,0xB251BA8,DXGI,0,0,1,Hardware Composed: Independent Flip,975.7159,NA,10.28800000000000,10.12110000000000,18.77720000000000,28.69380000000000,28.7842,971.7893,22.7038,3.9266,18.7772,22.5253,10.0951,5.5637,4.5314,0.1280,971.7893,NA,NA,NA
BioshockHD.exe,18704,0xB251BA8,DXGI,0,0,1,Hardware Composed: Independent Flip,998.5395,NA,22.82360000000000,23.13180000000000,6.07760000000000,29.01500000000000,29.0924,994.4931,10.1240,4.0464,6.0776,9.9166,23.1448,5.5550,17.5898,-0.4280,994.4931,NA,NA,NA
BioshockHD.exe,18704,0xB251BA8,DXGI,0,0,1,Hardware Composed: Independent Flip,1009.0970,NA,10.55750000000000,10.08590000000000,18.64290000000000,28.52880000000000,28.6208,1004.6171,23.1228,4.4799,18.6429,22.9374,10.0713,5.5481,4.5232,0.0381,1004.6171,NA,NA,NA
BioshockHD.exe,18704,0xB251BA8,DXGI,0,0,1,Hardware Composed: Independent Flip,1032.2890,NA,23.19200000000000,23.65800000000000,5.52940000000000,29.02640000000000,29.0868,1027.7399,10.0785,4.5491,5.5294,9.8859,23.6896,5.6184,18.0712,-0.5352,1027.7399,NA,NA,NA
BioshockHD.exe,18704,0xB251BA8,DXGI,0,0,1,Hardware Composed: Independent Flip,1041.9455,NA,9.65650000000000,10.43740000000000,19.71840000000000,29.77880000000000,29.8677,1037.8184,23.8455,4.1271,19.7184,23.4970,10.4089,5.5936,4.8153,-0.3589,1037.8184,NA,NA,NA
BioshockHD.exe,18704,0xB251BA8,DXGI,0,0,1,Hardware Composed: Independent Flip,1065.7069,NA,23.76140000000000,22.72520000000000,6.23430000000000,28.75960000000000,28.8315,1061.6639,10.2773,4.0430,6.2343,10.0604,22.7422,5.5728,17.1694,1.1203,1061.6639,NA,NA,NA
BioshockHD.exe,18704,0xB251BA8,DXGI,0,0,1,Hardware Composed: Independent Flip,1076.3145,NA,10.60760000000000,10.16720000000000,18.37880000000000,28.37540000000000,28.3911,1071.9412,22.7521,4.3733,18.3788,22.5253,10.2234,5.6395,4.5839,0.1101,1071.9412,NA,NA,NA
BioshockHD.exe,18704,0xB251BA8,DXGI,0,0,1,Hardware Composed: Independent Flip,1098.9473,NA,22.63280000000000,22.61470000000000,5.99960000000000,28.31810000000000,28.3730,1094.6933,10.2536,4.2540,5.9996,9.9966,22.5755,5.5519,17.0236,0.1374,1094.6933,NA,NA,NA
BioshockHD.exe,18704,0xB251BA8,DXGI,0,0,1,Hardware Composed: Independent Flip,1112.2991,NA,13.35180000000000,10.09840000000000,15.13010000000000,25.04150000000000,25.1196,1104.9469,22.4823,7.3522,15.1301,22.3185,10.0752,5.5139,4.5613,0.1552,1104.9469,NA,NA,NA
BioshockHD.exe,18704,0xB251BA8,DXGI,0,0,1,Hardware Composed: Independent Flip,1131.7333,NA,19.43420000000000,22.65590000000000,5.79320000000000,28.29450000000000,28.3413,1127.4292,10.0973,4.3041,5.7932,9.9114,22.6872,5.6179,17.0693,-0.1736,1127.4292,NA,NA,NA
BioshockHD.exe,18704,0xB251BA8,DXGI,0,0,1,Hardware Composed: Independent Flip,1142.1063,NA,10.37300000000000,10.21800000000000,18.10940000000000,28.10890000000000,28.1863,1137.5265,22.6892,4.5798,18.1094,22.5013,10.1874,5.5678,4.6196,-0.1207,1137.5265,NA,NA,NA
BioshockHD.exe,18704,0xB251BA8,DXGI,0,0,1,Hardware Composed: Independent Flip,1164.5858,NA,22.47950000000000,22.77020000000000,5.80240000000000,28.38980000000000,28.4770,1160.2157,10.1725,4.3701,5.8024,9.9995,22.7604,5.6503,17.1101,-0.0810,1160.2157,NA,NA,NA
BioshockHD.exe,18704,0xB251BA8,DXGI,0,0,1,Hardware Composed: Independent Flip,1174.5895,NA,10.00370000000000,10.18760000000000,18.58040000000000,28.56560000000000,28.6609,1170.3882,22.7817,4.2013,18.5804,22.5874,10.1795,5.5713,4.6082,-0.0151,1170.3882,NA,NA,NA
BioshockHD.exe,18704,0xB251BA8,DXGI,0,0,1,Hardware Composed: Independent Flip,1197.3679,NA,22.77840000000000,22.63430000000000,5.99280000000000,28.43440000000000,28.5168,1193.1699,10.1908,4.1980,5.9928,9.9852,22.6472,5.5514,17.0958,0.1474,1193.1699,NA,NA,NA
BioshockHD.exe,18704,0xB251BA8,DXGI,0,0,1,Hardware Composed: Independent Flip,1207.4348,NA,10.06690000000000,10.19480000000000,18.61100000000000,28.57290000000000,28.6447,1203.3607,22.6851,4.0741,18.6110,22.4416,10.2054,5.5803,4.6251,-0.0040,1203.3607,NA,NA,NA
BioshockHD.exe,18704,0xB251BA8,DXGI,0,0,1,Hardware Composed: Independent Flip,1230.0435,NA,22.60870000000000,22.97530000000000,6.19900000000000,28.92500000000000,29.0113,1226.0458,10.1967,3.9977,6.1990,9.9619,22.9608,5.5458,17.4150,-0.2902,1226.0458,NA,NA,NA
BioshockHD.exe,18704,0xB251BA8,DXGI,0,0,1,Hardware Composed: Independent Flip,1240.4587,NA,10.41520000000000,10.15120000000000,18.73700000000000,28.67820000000000,28.7473,1236.2425,22.9532,4.2162,18.7370,22.7260,10.1684,5.5716,4.5968,0.0455,1236.2425,NA,NA,NA
BioshockHD.exe,18704,0xB251BA8,DXGI,0,0,1,Hardware Composed: Independent Flip,1263.3727,NA,22.91400000000000,22.99240000000000,6.00470000000000,28.75110000000000,28.8257,1259.1957,10.1817,4.1770,6.0047,9.9412,22.9869,5.6211,17.3658,-0.0392,1259.1957,NA,NA,NA
BioshockHD.exe,18704,0xB251BA8,DXGI,0,0,1,Hardware Composed: Independent Flip,1273.5285,NA,10.15580000000000,10.05960000000000,18.99890000000000,28.68970000000000,28.7295,1269.3774,23.1500,4.1511,18.9989,22.7464,10.0944,5.5761,4.5183,0.1221,1269.3774,NA,NA,NA
BioshockHD.exe,18704,0xB251BA8,DXGI,0,0,1,Hardware Composed: Independent Flip,1296.9030,NA,23.37450000000000,22.85830000000000,5.49060000000000,28.16630000000000,28.2133,1292.5274,9.8662,4.3756,5.4906,9.6908,22.8511,5.6029,17.2482,0.2917,1292.5274,NA,NA,NA
BioshockHD.exe,18704,0xB251BA8,DXGI,0,0,1,Hardware Composed: Independent Flip,1306.3855,NA,9.48250000000000,10.14670000000000,18.90430000000000,28.82370000000000,28.8775,1302.3936,22.8962,3.9919,18.9043,22.6757,10.1399,5.5377,4.6022,-0.2805,1302.3936,NA,NA,NA
BioshockHD.exe,18704,0xB251BA8,DXGI,0,0,1,Hardware Composed: Independent Flip,1329.5792,NA,23.19370000000000,24.16640000000000,5.78380000000000,28.21410000000000,29.8502,1325.2898,10.0732,4.2894,5.7838,9.9194,22.5841,5.5439,17.0402,-1.2702,1325.2898,NA,NA,NA
BioshockHD.exe,18704,0xB251BA8,DXGI,0,0,1,Hardware Composed: Independent Flip,1340.0136,NA,10.43440000000000,8.57770000000000,19.57740000000000,27.90980000000000,27.9935,1335.3630,24.2280,4.6506,19.5774,22.4303,10.1301,5.5613,4.5688,1.4955,1335.3630,NA,NA,NA
BioshockHD.exe,18704,0xB251BA8,DXGI,0,0,1,Hardware Composed: Independent Flip,1363.9929,NA,23.97930000000000,25.62470000000000,4.16780000000000,26.63760000000000,29.6389,1359.5910,8.5697,4.4019,4.1678,8.3324,22.7071,5.5744,17.1327,-1.3967,1359.5910,NA,NA,NA
BioshockHD.exe,18704,0xB251BA8,DXGI,0,0,1,Hardware Composed: Independent Flip,1372.3699,NA,8.37700000000000,6.94980000000000,21.39930000000000,28.16840000000000,28.2117,1368.1607,25.6085,4.2092,21.3993,22.4698,9.9078,5.6188,4.2890,1.6199,1368.1607,NA,NA,NA
BioshockHD.exe,18704,0xB251BA8,DXGI,0,0,1,Hardware Composed: Independent Flip,1397.9735,NA,25.60360000000000,22.82010000000000,2.72350000000000,25.34330000000000,25.4282,1393.7692,6.9278,4.2043,2.7235,6.7691,22.7785,5.5349,17.2436,2.7884,1393.7692,NA,NA,NA
BioshockHD.exe,18704,0xB251BA8,DXGI,0,0,1,Hardware Composed: Independent Flip,1405.0268,NA,7.05330000000000,10.20660000000000,18.53350000000000,28.50520000000000,28.5815,1400.6970,22.8633,4.3298,18.5335,22.6198,10.2152,5.6341,4.5811,-3.2788,1400.6970,NA,NA,NA
BioshockHD.exe,18704,0xB251BA8,DXGI,0,0,1,Hardware Composed: Independent Flip,1427.7997,NA,22.77290000000000,22.68890000000000,5.90640000000000,28.41510000000000,28.4975,1423.5603,10.1458,4.2394,5.9064,9.9717,22.6828,5.5491,17.1337,0.1744,1423.5603,NA,NA,NA
BioshockHD.exe,18704,0xB251BA8,DXGI,0,0,1,Hardware Composed: Independent Flip,1437.7080,NA,9.90830000000000,10.12770000000000,18.69520000000000,28.63800000000000,28.7169,1433.7061,22.6971,4.0019,18.6952,22.5087,10.1312,5.5847,4.5465,0.0181,1433.7061,NA,NA,NA
BioshockHD.exe,18704,0xB251BA8,DXGI,0,0,1,Hardware Composed: Independent Flip,1460.5983,NA,22.89030000000000,22.67350000000000,5.92140000000000,28.40840000000000,28.5001,1456.4032,10.1165,4.1951,5.9214,9.9428,22.6607,5.5837,17.0770,0.0236,1456.4032,NA,NA,NA
BioshockHD.exe,18704,0xB251BA8,DXGI,0,0,1,Hardware Composed: Independent Flip,1470.3831,NA,9.78480000000000,10.14340000000000,18.86380000000000,28.76960000000000,28.8587,1466.5197,22.7272,3.8634,18.8638,22.4870,10.1460,5.5905,4.5555,-0.0269,1466.5197,NA,NA,NA
BioshockHD.exe,18704,0xB251BA8,DXGI,0,0,1,Hardware Composed: Independent Flip,1493.5336,NA,23.15050000000000,22.71210000000000,5.84510000000000,28.30270000000000,28.4203,1489.2469,10.1318,4.2867,5.8451,9.9058,22.6836,5.6060,17.0776,0.0151,1489.2469,NA,NA,NA
BioshockHD.exe,18704,0xB251BA8,DXGI,0,0,1,Hardware Composed: Independent Flip,1503.6249,NA,10.09130000000000,10.06840000000000,18.46270000000000,28.30830000000000,28.3974,1499.3787,22.7089,4.2462,18.4627,22.4576,10.0969,5.5134,4.5835,0.0634,1499.3787,NA,NA,NA
BioshockHD.exe,18704,0xB251BA8,DXGI,0,0,1,Hardware Composed: Independent Flip,1526.7236,NA,23.09870000000000,22.69500000000000,5.43010000000000,27.92750000000000,27.9937,1522.0876,10.0661,4.6360,5.4301,9.8456,22.7179,5.5829,17.1350,0.0139,1522.0876,NA,NA,NA
BioshockHD.exe,18704,0xB251BA8,DXGI,0,0,1,Hardware Composed: Independent Flip,1536.4386,NA,9.71500000000000,10.71500000000000,18.39120000000000,28.89850000000000,28.9937,1532.1537,22.6761,4.2849,18.3912,22.4974,10.6860,5.9113,4.7747,-0.6489,1532.1537,NA,NA,NA
BioshockHD.exe,18704,0xB251BA8,DXGI,0,0,1,Hardware Composed: Independent Flip,1559.1086,NA,22.67000000000000,22.59990000000000,6.42430000000000,28.83830000000000,28.9236,1554.8298,10.7031,4.2788,6.4243,10.5073,22.6098,5.5602,17.0496,0.0762,1554.8298,NA,NA,NA
BioshockHD.exe,18704,0xB251BA8,DXGI,0,0,1,Hardware Composed: Independent Flip,1569.7255,NA,10.61690000000000,10.06570000000000,18.40850000000000,28.29550000000000,28.3724,1565.5329,22.6011,4.1926,18.4085,22.4140,10.0741,5.5423,4.5318,0.6374,1565.5329,NA,NA,NA
BioshockHD.exe,18704,0xB251BA8,DXGI,0,0,1,Hardware Composed: Independent Flip,1592.2298,NA,22.50430000000000,22.71950000000000,6.00660000000000,28.52140000000000,28.5876,1588.1340,10.1024,4.0958,6.0066,9.8870,22.7302,5.5994,17.1308,-0.1184,1588.1340,NA,NA,NA
BioshockHD.exe,18704,0xB251BA8,DXGI,0,0,1,Hardware Composed: Independent Flip,1602.4733,NA,10.24350000000000,10.24970000000000,18.46330000000000,28.49880000000000,28.5938,1598.2364,22.7002,4.2369,18.4633,22.5148,10.2209,5.5847,4.6362,-0.1473,1598.2364,NA,NA,NA
BioshockHD.exe,18704,0xB251BA8,DXGI,0,0,1,Hardware Composed: Independent Flip,1625.0801,NA,22.60680000000000,22.71500000000000,6.08780000000000,28.63530000000000,28.7020,1620.9366,10.2313,4.1435,6.0878,10.0355,22.7433,5.7181,17.0252,-0.0148,1620.9366,NA,NA,NA
BioshockHD.exe,18704,0xB251BA8,DXGI,0,0,1,Hardware Composed: Independent Flip,1635.3118,NA,10.23170000000000,10.15460000000000,18.57700000000000,28.55080000000000,28.6249,1631.1679,22.7209,4.1439,18.5770,22.5475,10.1472,5.5779,4.5693,0.0767,1631.1679,NA,NA,NA
BioshockHD.exe,18704,0xB251BA8,DXGI,0,0,1,Hardware Composed: Independent Flip,1657.9184,NA,22.60660000000000,22.66260000000000,6.12340000000000,28.58560000000000,28.6809,1653.8888,10.1530,4.0296,6.1234,9.9738,22.6414,5.5401,17.1013,0.0583,1653.8888,NA,NA,NA
BioshockHD.exe,18704,0xB251BA8,DXGI,0,0,1,Hardware Composed: Independent Flip,1668.0622,NA,10.14380000000000,10.09130000000000,18.68900000000000,28.54250000000000,28.6284,1664.0418,22.7094,4.0204,18.6890,22.4622,10.1007,5.5552,4.5455,0.0617,1664.0418,NA,NA,NA
BioshockHD.exe,18704,0xB251BA8,DXGI,0,0,1,Hardware Composed: Independent Flip,1690.9217,NA,22.85950000000000,22.57270000000000,5.90100000000000,28.26400000000000,28.3416,1686.7512,10.0715,4.1705,5.9010,9.8535,22.5810,5.5652,17.0158,0.1367,1686.7512,NA,NA,NA
BioshockHD.exe,18704,0xB251BA8,DXGI,0,0,1,Hardware Composed: Independent Flip,1701.0153,NA,10.09360000000000,10.18080000000000,18.39000000000000,28.34130000000000,28.4288,1696.8227,22.5826,4.1926,18.3900,22.3630,10.1709,5.5892,4.5817,-0.1093,1696.8227,NA,NA,NA
BioshockHD.exe,18704,0xB251BA8,DXGI,0,0,1,Hardware Composed: Independent Flip,1723.4650,NA,22.44970000000000,23.02270000000000,6.08080000000000,28.90790000000000,29.0018,1719.4053,10.1405,4.0597,6.0808,9.9513,23.0163,5.6542,17.3621,-0.4401,1719.4053,NA,NA,NA
BioshockHD.exe,18704,0xB251BA8,DXGI,0,0,1,Hardware Composed: Independent Flip,1733.4591,NA,9.99410000000000,10.21060000000000,19.15330000000000,29.13170000000000,29.2183,1729.5458,23.0666,3.9133,19.1533,22.8271,10.2179,5.6638,4.5541,-0.0701,1729.5458,NA,NA,NA
BioshockHD.exe,18704,0xB251BA8,DXGI,0,0,1,Hardware Composed: Independent Flip,1757.1380,NA,23.67890000000000,22.78140000000000,5.63880000000000,28.23600000000000,28.3208,1752.6124,10.1644,4.5256,5.6388,9.9784,22.7832,5.5967,17.1865,0.2852,1752.6124,NA,NA,NA
BioshockHD.exe,18704,0xB251BA8,DXGI,0,0,1,Hardware Composed: Independent Flip,1766.8058,NA,9.66780000000000,10.18580000000000,18.82370000000000,28.73900000000000,28.8388,1762.7768,22.8527,4.0290,18.8237,22.5972,10.1708,5.5799,4.5909,-0.0214,1762.7768,NA,NA,NA
BioshockHD.exe,18704,0xB251BA8,DXGI,0,0,1,Hardware Composed: Independent Flip,1789.9504,NA,23.14460000000000,22.59740000000000,5.83470000000000,28.20940000000000,28.2916,1785.6295,10.1556,4.3209,5.8347,9.9153,22.6150,5.5608,17.0542,0.2553,1785.6295,NA,NA,NA
BioshockHD.exe,18704,0xB251BA8,DXGI,0,0,1,Hardware Composed: Independent Flip,1799.9973,NA,10.04690000000000,10.15380000000000,18.39580000000000,28.31040000000000,28.3985,1795.7851,22.6080,4.2122,18.3958,22.3747,10.1479,5.5783,4.5696,0.0018,1795.7851,NA,NA,NA
BioshockHD.exe,18704,0xB251BA8,DXGI,0,0,1,Hardware Composed: Independent Flip,1822.5328,NA,22.53550000000000,22.80220000000000,5.96540000000000,28.58830000000000,28.6652,1818.3931,10.1051,4.1397,5.9654,9.9146,22.8134,5.6776,17.1358,-0.1942,1818.3931,NA,NA,NA
BioshockHD.exe,18704,0xB251BA8,DXGI,0,0,1,Hardware Composed: Independent Flip,1832.5874,NA,10.05460000000000,10.35280000000000,18.76570000000000,28.85190000000000,28.9634,1828.4982,22.8549,4.0892,18.7657,22.6229,10.3182,5.7373,4.5809,-0.2477,1828.4982,NA,NA,NA
BioshockHD.exe,18704,0xB251BA8,DXGI,0,0,1,Hardware Composed: Independent Flip,1855.6420,NA,23.05460000000000,22.97540000000000,6.04940000000000,28.79550000000000,28.8842,1851.3531,10.3383,4.2889,6.0494,10.0862,22.9982,5.8638,17.1344,-0.1205,1851.3531,NA,NA,NA
BioshockHD.exe,18704,0xB251BA8,DXGI,0,0,1,Hardware Composed: Independent Flip,1866.3575,NA,10.71550000000000,10.18400000000000,18.28560000000000,28.27210000000000,28.3527,1861.6914,22.9517,4.6661,18.2856,22.7461,10.1921,5.5883,4.6038,0.1543,1861.6914,NA,NA,NA
BioshockHD.exe,18704,0xB251BA8,DXGI,0,0,1,Hardware Composed: Independent Flip,1888.9675,NA,22.61000000000000,22.57660000000000,5.84620000000000,28.24790000000000,28.3193,1884.6431,10.1706,4.3244,5.8462,9.9865,22.5858,5.5939,16.9919,0.3751,1884.6431,NA,NA,NA
BioshockHD.exe,18704,0xB251BA8,DXGI,0,0,1,Hardware Composed: Independent Flip,1898.9615,NA,9.99400000000000,10.21660000000000,18.43800000000000,28.46760000000000,28.5419,1894.8137,22.5858,4.1478,18.4380,22.4017,10.2137,5.6299,4.5838,-0.0460,1894.8137,NA,NA,NA
BioshockHD.exe,18704,0xB251BA8,DXGI,0,0,1,Hardware Composed: Independent Flip,1921.8840,NA,22.92250000000000,22.77130000000000,5.71860000000000,28.30850000000000,28.3907,1917.3995,10.2031,4.4845,5.7186,10.0296,22.7634,5.6095,17.1539,-0.1855,1917.3995,NA,NA,NA
BioshockHD.exe,18704,0xB251BA8,DXGI,0,0,1,Hardware Composed: Independent Flip,1931.7622,NA,9.87820000000000,13.02850000000000,18.63060000000000,28.52910000000000,31.5410,1927.6026,22.7902,4.1596,18.6306,22.5899,10.0988,5.5856,4.5132,-2.8254,1927.6026,NA,NA,NA
BioshockHD.exe,18704,0xB251BA8,DXGI,0,0,1,Hardware Composed: Independent Flip,1955.0528,NA,23.29060000000000,20.05800000000000,8.36290000000000,28.22400000000000,28.3084,1950.3928,13.0229,4.6600,8.3629,9.8985,22.9855,5.6119,17.3736,2.7322,1950.3928,NA,NA,NA
BioshockHD.exe,18704,0xB251BA8,DXGI,0,0,1,Hardware Composed: Independent Flip,1967.4777,NA,12.42490000000000,13.20810000000000,16.02790000000000,26.08680000000000,29.0916,1963.4157,20.0899,4.0620,16.0279,19.8611,10.2877,5.7139,4.5738,-0.1852,1963.4157,NA,NA,NA
BioshockHD.exe,18704,0xB251BA8,DXGI,0,0,1,Hardware Composed: Independent Flip,1988.2418,NA,20.76410000000000,19.81500000000000,8.43380000000000,28.05860000000000,28.1425,1983.5056,13.1700,4.7362,8.4338,10.0589,22.7359,5.5401,17.1958,0.2749,1983.5056,NA,NA,NA
BioshockHD.exe,18704,0xB251BA8,DXGI,0,0,1,Hardware Composed: Independent Flip,2001.1133,NA,12.87150000000000,13.11210000000000,15.42220000000000,25.35700000000000,28.3831,1996.6756,19.8599,4.4377,15.4222,19.6248,10.1699,5.5838,4.5861,0.0579,1996.6756,NA,NA,NA
BioshockHD.exe,18704,0xB251BA8,DXGI,0,0,1,Hardware Composed: Independent Flip,2020.7686,NA,19.65530000000000,19.89210000000000,8.82980000000000,28.53340000000000,28.6199,2016.5355,13.0629,4.2331,8.8298,9.9348,22.8317,5.6210,17.2107,-0.0322,2016.5355,NA,NA,NA
BioshockHD.exe,18704,0xB251BA8,DXGI,0,0,1,Hardware Composed: Independent Flip,2033.8590,NA,13.09040000000000,13.20260000000000,15.67600000000000,25.70060000000000,28.7321,2029.5984,19.9366,4.2606,15.6760,19.7036,10.2576,5.7093,4.5483,-0.1397,2029.5984,NA,NA,NA
BioshockHD.exe,18704,0xB251BA8,DXGI,0,0,1,Hardware Composed: Independent Flip,2053.7300,NA,19.87100000000000,20.51230000000000,8.97250000000000,29.28250000000000,29.3734,2049.5350,13.1675,4.1950,8.9725,10.0246,23.4529,5.5421,17.9108,-0.5757,2049.5350,NA,NA,NA
BioshockHD.exe,18704,0xB251BA8,DXGI,0,0,1,Hardware Composed: Independent Flip,2066.9544,NA,13.22440000000000,13.29770000000000,16.25620000000000,26.42330000000000,29.4467,2062.7025,20.5081,4.2519,16.2562,20.3100,10.3652,5.7647,4.6005,-0.1302,2062.7025,NA,NA,NA
BioshockHD.exe,18704,0xB251BA8,DXGI,0,0,1,Hardware Composed: Independent Flip,2087.4188,NA,20.46440000000000,19.72700000000000,9.08480000000000,28.62690000000000,28.7093,2083.2106,13.2930,4.2082,9.0848,10.1671,22.6680,5.5691,17.0989,0.7811,2083.2106,NA,NA,NA
BioshockHD.exe,18704,0xB251BA8,DXGI,0,0,1,Hardware Composed: Independent Flip,2100.5132,NA,13.09440000000000,13.11980000000000,15.75160000000000,25.72250000000000,28.7347,2096.5036,19.7612,4.0096,15.7516,19.5421,10.1900,5.6109,4.5791,0.1732,2096.5036,NA,NA,NA
BioshockHD.exe,18704,0xB251BA8,DXGI,0,0,1,Hardware Composed: Independent Flip,2120.5156,NA,20.00240000000000,19.78730000000000,8.86270000000000,28.45250000000000,28.5196,2116.2648,13.1135,4.2508,8.8627,9.9709,22.7324,5.5878,17.1446,-0.0261,2116.2648,NA,NA,NA
BioshockHD.exe,18704,0xB251BA8,DXGI,0,0,1,Hardware Composed: Independent Flip,2133.6976,NA,13.18200000000000,13.05570000000000,15.48900000000000,25.37570000000000,28.3933,2129.3783,19.8083,4.3193,15.4890,19.5898,10.1052,5.5533,4.5519,0.0578,2129.3783,NA,NA,NA
BioshockHD.exe,18704,0xB251BA8,DXGI,0,0,1,Hardware Composed: Independent Flip,2153.4514,NA,19.75380000000000,19.82220000000000,8.77240000000000,28.37660000000000,28.4617,2149.1866,13.0372,4.2648,8.7724,9.8867,22.7547,5.5365,17.2182,-0.0139,2149.1866,NA,NA,NA
BioshockHD.exe,18704,0xB251BA8,DXGI,0,0,1,Hardware Composed: Independent Flip,2166.3738,NA,12.92240000000000,13.16670000000000,15.64810000000000,25.68240000000000,28.7060,2162.2238,19.7981,4.1500,15.6481,19.6042,10.2282,5.6190,4.6092,-0.1295,2162.2238,NA,NA,NA
BioshockHD.exe,18704,0xB251BA8,DXGI,0,0,1,Hardware Composed: Independent Flip,2186.2824,NA,19.90860000000000,19.76670000000000,8.94170000000000,28.48900000000000,28.5641,2182.0219,13.2022,4.2605,8.9417,10.0343,22.7152,5.5546,17.1606,0.0314,2182.0219,NA,NA,NA
BioshockHD.exe,18704,0xB251BA8,DXGI,0,0,1,Hardware Composed: Independent Flip,2199.5927,NA,13.31030000000000,12.99970000000000,15.39600000000000,25.25060000000000,28.2535,2195.2241,19.7646,4.3686,15.3960,19.5473,10.0719,5.5268,4.5451,0.2025,2195.2241,NA,NA,NA
BioshockHD.exe,18704,0xB251BA8,DXGI,0,0,1,Hardware Composed: Independent Flip,2219.4229,NA,19.83020000000000,19.85650000000000,8.56240000000000,28.16450000000000,28.2798,2214.9887,12.9966,4.4342,8.5624,9.8546,22.7441,5.5611,17.1830,-0.0919,2214.9887,NA,NA,NA
BioshockHD.exe,18704,0xB251BA8,DXGI,0,0,1,Hardware Composed: Independent Flip,2232.2768,NA,12.85390000000000,10.05680000000000,15.57850000000000,25.40990000000000,25.4827,2227.9853,19.8700,4.2915,15.5785,19.6021,10.0993,5.5202,4.5791,2.9398,2227.9853,NA,NA,NA
BioshockHD.exe,18704,0xB251BA8,DXGI,0,0,1,Hardware Composed: Independent Flip,2252.1054,NA,19.82860000000000,22.57040000000000,5.77750000000000,28.15010000000000,28.2245,2247.8553,10.0276,4.2501,5.7775,9.8314,22.5688,5.5331,17.0357,-2.7004,2247.8553,NA,NA,NA
BioshockHD.exe,18704,0xB251BA8,DXGI,0,0,1,Hardware Composed: Independent Flip,2262.2558,NA,10.15040000000000,10.27110000000000,18.22840000000000,28.24360000000000,28.3452,2257.8829,22.6013,4.3729,18.2284,22.3726,10.2439,5.5980,4.6459,-0.2435,2257.8829,NA,NA,NA
BioshockHD.exe,18704,0xB251BA8,DXGI,0,0,1,Hardware Composed: Independent Flip,2284.6480,NA,22.39220000000000,22.61690000000000,6.09890000000000,28.47150000000000,28.5699,2280.4842,10.2627,4.1638,6.0989,10.0152,22.6201,5.5750,17.0451,-0.0156,2280.4842,NA,NA,NA
BioshockHD.exe,18704,0xB251BA8,DXGI,0,0,1,Hardware Composed: Independent Flip,2295.1131,NA,10.46510000000000,10.09610000000000,18.20780000000000,28.10250000000000,28.2009,2290.7469,22.5740,4.3662,18.2078,22.3726,10.0961,5.5369,4.5592,0.1666,2290.7469,NA,NA,NA
BioshockHD.exe,18704,0xB251BA8,DXGI,0,0,1,Hardware Composed: Independent Flip,2317.3240,NA,22.21090000000000,22.59910000000000,6.11890000000000,28.51430000000000,28.5891,2313.3209,10.1220,4.0031,6.1189,9.8947,22.6227,5.5644,17.0583,-0.0251,2313.3209,NA,NA,NA
BioshockHD.exe,18704,0xB251BA8,DXGI,0,0,1,Hardware Composed: Independent Flip,2327.5145,NA,10.19050000000000,10.15530000000000,18.51450000000000,28.48060000000000,28.5539,2323.4429,22.5861,4.0716,18.5145,22.3954,10.1568,5.5841,4.5727,-0.0333,2323.4429,NA,NA,NA
BioshockHD.exe,18704,0xB251BA8,DXGI,0,0,1,Hardware Composed: Independent Flip,2350.1993,NA,22.68480000000000,22.57160000000000,6.00420000000000,28.37320000000000,28.4407,2346.0290,10.1745,4.1703,6.0042,9.9661,22.5774,5.5933,16.9841,0.0145,2346.0290,NA,NA,NA
BioshockHD.exe,18704,0xB251BA8,DXGI,0,0,1,Hardware Composed: Independent Flip,2360.3311,NA,10.13180000000000,10.24330000000000,18.47860000000000,28.46930000000000,28.5522,2356.2035,22.6062,4.1276,18.4786,22.3690,10.2279,5.6317,4.5962,-0.0688,2356.2035,NA,NA,NA
BioshockHD.exe,18704,0xB251BA8,DXGI,0,0,1,Hardware Composed: Independent Flip,2383.1899,NA,22.85880000000000,23.13400000000000,5.81900000000000,28.75790000000000,28.8274,2378.8097,10.1992,4.3802,5.8190,9.9907,23.1474,5.6804,17.4670,-0.5278,2378.8097,NA,NA,NA
BioshockHD.exe,18704,0xB251BA8,DXGI,0,0,1,Hardware Composed: Independent Flip,2393.1363,NA,9.94640000000000,10.12630000000000,18.97820000000000,28.91930000000000,29.0073,2389.0089,23.1056,4.1274,18.9782,22.9389,10.1078,5.5749,4.5329,0.0729,2389.0089,NA,NA,NA
BioshockHD.exe,18704,0xB251BA8,DXGI,0,0,1,Hardware Composed: Independent Flip,2417.1447,NA,24.00840000000000,22.87260000000000,5.11260000000000,27.78680000000000,27.8715,2412.1145,10.1428,5.0302,5.1126,9.9411,22.8759,5.6278,17.2481,0.2330,2412.1145,NA,28.8747,NA
BioshockHD.exe,18704,0xB251BA8,DXGI,0,0,1,Hardware Composed: Independent Flip,2429.3189,NA,12.17420000000000,11.57300000000000,15.84310000000000,27.18210000000000,27.2703,2422.2573,22.9047,7.0616,15.8431,22.6742,11.5695,6.9797,4.5898,-1.4302,2422.2573,NA,30.4488,NA
BioshockHD.exe,18704,0xB251BA8,DXGI,0,0,1,Hardware Composed: Independent Flip,2450.5862,NA,21.26730000000000,23.40080000000000,6.09500000000000,29.31590000000000,29.4038,2445.1620,11.5192,5.4242,6.0950,11.3390,23.4011,6.8151,16.5860,-0.4961,2445.1620,NA,30.8480,NA
BioshockHD.exe,18704,0xB251BA8,DXGI,0,0,1,Hardware Composed: Independent Flip,2462.2066,NA,11.62040000000000,10.89170000000000,17.88330000000000,28.58660000000000,28.6751,2456.6812,23.4087,5.5254,17.8833,23.2209,10.8911,6.0838,4.8073,0.6275,2456.6812,NA,30.7400,NA
BioshockHD.exe,18704,0xB251BA8,DXGI,0,0,1,Hardware Composed: Independent Flip,2484.9949,NA,22.78830000000000,23.44840000000000,6.02150000000000,29.25720000000000,29.3352,2480.0899,10.9265,4.9050,6.0215,10.7033,23.4589,6.0698,17.3891,-0.0397,2480.0899,NA,42.1897,NA
BioshockHD.exe,18704,0xB251BA8,DXGI,0,0,1,Hardware Composed: Independent Flip,2495.4840,NA,10.48910000000000,10.58880000000000,19.00020000000000,29.34010000000000,29.4349,2491.0164,23.4678,4.4676,19.0002,23.2357,10.5720,6.0328,4.5392,0.3377,2491.0164,NA,NA,NA
BioshockHD.exe,18704,0xB251BA8,DXGI,0,0,1,Hardware Composed: Independent Flip,2519.0549,NA,23.57090000000000,22.95000000000000,6.01400000000000,28.75460000000000,28.8140,2514.4842,10.5847,4.5707,6.0140,10.3399,22.9854,5.6015,17.3839,0.5178,2514.4842,NA,NA,NA
BioshockHD.exe,18704,0xB251BA8,DXGI,0,0,1,Hardware Composed: Independent Flip,2529.4117,NA,10.35680000000000,10.38790000000000,18.66670000000000,28.75430000000000,28.8451,2525.0689,23.0095,4.3428,18.6667,22.7406,10.3565,5.5916,4.7649,0.1968,2525.0689,NA,NA,NA
BioshockHD.exe,18704,0xB251BA8,DXGI,0,0,1,Hardware Composed: Independent Flip,2552.3614,NA,22.94970000000000,23.35500000000000,6.02810000000000,29.18670000000000,29.2504,2548.0784,10.3111,4.2830,6.0281,10.0876,23.3821,5.5994,17.7827,-0.3455,2548.0784,NA,NA,NA
BioshockHD.exe,18704,0xB251BA8,DXGI,0,0,1,Hardware Composed: Independent Flip,2562.7787,NA,10.41730000000000,10.47430000000000,18.94010000000000,29.22570000000000,29.3074,2558.3895,23.3293,4.3892,18.9401,23.1586,10.4563,5.6383,4.8180,-0.1632,2558.3895,NA,NA,NA
BioshockHD.exe,18704,0xB251BA8,DXGI,0,0,1,Hardware Composed: Independent Flip,2587.1224,NA,24.34370000000000,22.75380000000000,5.09370000000000,27.62850000000000,27.7175,2581.7188,10.4973,5.4036,5.0937,10.2856,22.7465,5.6083,17.1382,0.5755,2581.7188,NA,NA,NA
BioshockHD.exe,18704,0xB251BA8,DXGI,0,0,1,Hardware Composed: Independent Flip,2596.3954,NA,9.27300000000000,10.06480000000000,18.62430000000000,28.46240000000000,28.5093,2592.2161,22.8036,4.1793,18.6243,22.5348,10.1069,5.5585,4.5484,0.4325,2592.2161,NA,NA,NA
BioshockHD.exe,18704,0xB251BA8,DXGI,0,0,1,Hardware Composed: Independent Flip,2619.4761,NA,23.08070000000000,22.68190000000000,5.57000000000000,28.02850000000000,28.1105,2615.0197,10.0264,4.4564,5.5700,9.8381,22.6468,5.5021,17.1447,0.1217,2615.0197,NA,NA,NA
BioshockHD.exe,18704,0xB251BA8,DXGI,0,0,1,Hardware Composed: Independent Flip,2629.7050,NA,10.22890000000000,10.10090000000000,18.02810000000000,27.90500000000000,27.9825,2625.0461,22.6870,4.6589,18.0281,22.4585,10.1054,5.5820,4.5234,-0.0745,2625.0461,NA,NA,NA
BioshockHD.exe,18704,0xB251BA8,DXGI,0,0,1,Hardware Composed: Independent Flip,2651.9947,NA,22.28970000000000,22.75170000000000,5.79420000000000,28.36870000000000,28.4445,2647.7331,10.0558,4.2616,5.7942,9.8769,22.7534,5.5582,17.1952,-0.0647,2647.7331,NA,NA,NA
BioshockHD.exe,18704,0xB251BA8,DXGI,0,0,1,Hardware Composed: Independent Flip,2662.1753,NA,10.18060000000000,10.21520000000000,18.36430000000000,28.39630000000000,28.4791,2657.7889,22.7507,4.3864,18.3643,22.5745,10.2082,5.5822,4.6260,-0.1594,2657.7889,NA,NA,NA
BioshockHD.exe,18704,0xB251BA8,DXGI,0,0,1,Hardware Composed: Independent Flip,2684.9178,NA,22.74250000000000,22.68350000000000,5.83390000000000,28.33060000000000,28.4201,2680.5396,10.2121,4.3782,5.8339,10.0320,22.6768,5.5896,17.0872,0.0672,2680.5396,NA,NA,NA
BioshockHD.exe,18704,0xB251BA8,DXGI,0,0,1,Hardware Composed: Independent Flip,2695.3586,NA,10.44080000000000,10.13870000000000,18.13380000000000,28.02060000000000,28.1180,2690.7517,22.7407,4.6069,18.1338,22.4967,10.1308,5.5819,4.5489,0.0734,2690.7517,NA,NA,NA
BioshockHD.exe,18704,0xB251BA8,DXGI,0,0,1,Hardware Composed: Independent Flip,2718.0275,NA,22.66890000000000,22.56540000000000,5.54850000000000,27.97090000000000,28.0145,2713.4924,10.0836,4.5351,5.5485,9.8868,22.6192,5.5737,17.0455,0.1753,2713.4924,NA,NA,NA
BioshockHD.exe,18704,0xB251BA8,DXGI,0,0,1,Hardware Composed: Independent Flip,2727.8337,NA,9.80620000000000,10.21420000000000,18.38140000000000,28.34410000000000,28.4225,2723.5760,22.6391,4.2577,18.3814,22.4224,10.1794,5.5074,4.6720,-0.1306,2723.5760,NA,NA,NA
BioshockHD.exe,18704,0xB251BA8,DXGI,0,0,1,Hardware Composed: Independent Flip,2751.0641,NA,23.23040000000000,22.59870000000000,5.34680000000000,27.71640000000000,27.7908,2746.2151,10.1958,4.8490,5.3468,9.9627,22.6027,5.5500,17.0527,0.0404,2746.2151,NA,NA,NA
BioshockHD.exe,18704,0xB251BA8,DXGI,0,0,1,Hardware Composed: Independent Flip,2760.7286,NA,9.66450000000000,10.29050000000000,18.23320000000000,28.30440000000000,28.4168,2756.4109,22.5509,4.3177,18.2332,22.3696,10.2525,5.6257,4.6268,-0.0947,2756.4109,NA,NA,NA
BioshockHD.exe,18704,0xB251BA8,DXGI,0,0,1,Hardware Composed: Independent Flip,2783.5242,NA,22.79560000000000,22.76250000000000,5.71530000000000,28.33260000000000,28.3837,2778.9618,10.2777,4.5624,5.7153,10.0712,22.8238,5.6405,17.1833,-0.2116,2778.9618,NA,NA,NA
BioshockHD.exe,18704,0xB251BA8,DXGI,0,0,1,Hardware Composed: Independent Flip,2793.5216,NA,9.99740000000000,10.08840000000000,18.53550000000000,28.41800000000000,28.4747,2789.2395,22.8176,4.2821,18.5355,22.6173,10.0828,5.5009,4.5819,0.1893,2789.2395,NA,NA,NA
BioshockHD.exe,18704,0xB251BA8,DXGI,0,0,1,Hardware Composed: Independent Flip,2817.0967,NA,23.57510000000000,22.72660000000000,4.99720000000000,27.52490000000000,27.6262,2812.0571,10.0368,5.0396,4.9972,9.8825,22.6820,5.5457,17.1363,0.0910,2812.0571,NA,NA,NA
BioshockHD.exe,18704,0xB251BA8,DXGI,0,0,1,Hardware Composed: Independent Flip,2826.3866,NA,9.28990000000000,10.15250000000000,18.73970000000000,28.40210000000000,28.4888,2822.0939,23.0324,4.2927,18.7397,22.5277,10.1671,5.5729,4.5942,-0.1157,2822.0939,NA,NA,NA
BioshockHD.exe,18704,0xB251BA8,DXGI,0,0,1,Hardware Composed: Independent Flip,2849.4836,NA,23.09700000000000,22.65250000000000,5.49070000000000,27.95240000000000,28.0443,2845.1263,9.8480,4.3573,5.4907,9.6624,22.6473,5.5957,17.0516,0.3799,2845.1263,NA,NA,NA
BioshockHD.exe,18704,0xB251BA8,DXGI,0,0,1,Hardware Composed: Independent Flip,2859.5432,NA,10.05960000000000,10.10510000000000,18.11560000000000,28.01260000000000,28.0898,2854.9743,22.6845,4.5689,18.1156,22.4617,10.1198,5.5689,4.5509,-0.2571,2854.9743,NA,NA,NA
BioshockHD.exe,18704,0xB251BA8,DXGI,0,0,1,Hardware Composed: Independent Flip,2882.3513,NA,22.80810000000000,22.71730000000000,5.40770000000000,27.91210000000000,27.9990,2877.6588,10.1002,4.6925,5.4077,9.8970,22.7076,5.5844,17.1232,-0.0328,2877.6588,NA,NA,NA
BioshockHD.exe,18704,0xB251BA8,DXGI,0,0,1,Hardware Composed: Independent Flip,2892.2252,NA,9.87390000000000,10.09660000000000,18.27610000000000,28.13810000000000,28.2217,2887.7590,22.7423,4.4662,18.2761,22.5044,10.0999,5.5521,4.5478,0.0036,2887.7590,NA,NA,NA
BioshockHD.exe,18704,0xB251BA8,DXGI,0,0,1,Hardware Composed: Independent Flip,2914.7995,NA,22.57430000000000,22.68570000000000,5.77210000000000,28.24780000000000,28.3331,2910.5013,10.0703,4.2982,5.7721,9.8620,22.6840,5.5655,17.1185,0.0566,2910.5013,NA,NA,NA
BioshockHD.exe,18704,0xB251BA8,DXGI,0,0,1,Hardware Composed: Independent Flip,2925.1537,NA,10.35420000000000,10.47180000000000,18.16510000000000,28.43710000000000,28.4507,2920.5716,22.7472,4.5821,18.1651,22.4757,10.5435,5.7055,4.8380,-0.4015,2920.5716,NA,NA,NA
BioshockHD.exe,18704,0xB251BA8,DXGI,0,0,1,Hardware Composed: Independent Flip,2947.8154,NA,22.66170000000000,22.64590000000000,6.04340000000000,28.33500000000000,28.4349,2943.3188,10.5400,4.4966,6.0434,10.2720,22.5596,5.5406,17.0190,0.1013,2943.3188,NA,NA,NA
BioshockHD.exe,18704,0xB251BA8,DXGI,0,0,1,Hardware Composed: Independent Flip,2958.5117,NA,10.69630000000000,10.16310000000000,17.84530000000000,27.81620000000000,27.9017,2953.8588,22.4982,4.6529,17.8453,22.2916,10.1775,5.5998,4.5777,0.3769,2953.8588,NA,NA,NA
BioshockHD.exe,18704,0xB251BA8,DXGI,0,0,1,Hardware Composed: Independent Flip,2980.8896,NA,22.37790000000000,22.62240000000000,5.62120000000000,28.10130000000000,28.1462,2976.3570,10.1538,4.5326,5.6212,9.9709,22.6630,5.5838,17.0792,-0.1242,2976.3570,NA,NA,NA
BioshockHD.exe,18704,0xB251BA8,DXGI,0,0,1,Hardware Composed: Independent Flip,2991.0283,NA,10.13870000000000,10.14580000000000,18.16320000000000,28.04420000000000,28.1533,2986.5108,22.6807,4.5175,18.1632,22.4801,10.0816,5.5898,4.4918,0.0080,2986.5108,NA,NA,NA
BioshockHD.exe,18704,0xB251BA8,DXGI,0,0,1,Hardware Composed: Independent Flip,3014.0035,NA,22.97520000000000,22.72980000000000,5.31870000000000,27.86350000000000,27.9079,3009.1915,10.1307,4.8120,5.3187,9.8810,22.7945,5.5663,17.2282,-0.0491,3009.1915,NA,NA,NA
BioshockHD.exe,18704,0xB251BA8,DXGI,0,0,1,Hardware Composed: Independent Flip,3023.6559,NA,9.65240000000000,10.24400000000000,18.37560000000000,28.43160000000000,28.4995,3019.3222,22.7093,4.3337,18.3756,22.5448,10.2205,5.6145,4.6060,-0.1133,3019.3222,NA,NA,NA
BioshockHD.exe,18704,0xB251BA8,DXGI,0,0,1,Hardware Composed: Independent Flip,3046.6686,NA,23.01270000000000,22.75490000000000,5.58560000000000,28.12830000000000,28.2417,3042.0315,10.2227,4.6371,5.5856,10.0560,22.7094,5.5837,17.1257,-0.0456,3042.0315,NA,NA,NA
BioshockHD.exe,18704,0xB251BA8,DXGI,0,0,1,Hardware Composed: Independent Flip,3056.6384,NA,9.96980000000000,10.88870000000000,18.44070000000000,29.06280000000000,29.1606,3052.2542,22.8249,4.3842,18.4407,22.5427,10.9043,5.4859,5.4184,-0.6660,3052.2542,NA,NA,NA
BioshockHD.exe,18704,0xB251BA8,DXGI,0,0,1,Hardware Composed: Independent Flip,3079.8241,NA,23.18570000000000,22.60160000000000,6.11170000000000,28.49350000000000,28.5765,3075.0791,10.8567,4.7450,6.1117,10.6221,22.6164,5.5494,17.0670,0.2233,3075.0791,NA,NA,NA
BioshockHD.exe,18704,0xB251BA8,DXGI,0,0,1,Hardware Composed: Independent Flip,3090.2022,NA,10.37810000000000,10.14820000000000,18.35380000000000,28.27310000000000,28.3466,3085.9358,22.6202,4.2664,18.3538,22.3818,10.1577,5.5874,4.5703,0.7085,3085.9358,NA,NA,NA
BioshockHD.exe,18704,0xB251BA8,DXGI,0,0,1,Hardware Composed: Independent Flip,3113.0135,NA,22.81130000000000,22.75680000000000,5.66780000000000,28.24070000000000,28.2921,3108.5560,10.1253,4.4575,5.6678,9.9193,22.7789,5.6424,17.1365,-0.1366,3108.5560,NA,NA,NA
BioshockHD.exe,18704,0xB251BA8,DXGI,0,0,1,Hardware Composed: Independent Flip,3123.0661,NA,10.05260000000000,10.24740000000000,18.35290000000000,28.38880000000000,28.4869,3118.6813,22.7377,4.3848,18.3529,22.5729,10.2007,5.6007,4.6000,-0.1221,3118.6813,NA,NA,NA
BioshockHD.exe,18704,0xB251BA8,DXGI,0,0,1,Hardware Composed: Independent Flip,3145.8506,NA,22.78450000000000,22.72130000000000,5.84540000000000,28.33840000000000,28.4237,3141.4190,10.2770,4.4316,5.8454,10.0359,22.7341,5.5775,17.1566,0.0164,3141.4190,NA,NA,NA
BioshockHD.exe,18704,0xB251BA8,DXGI,0,0,1,Hardware Composed: Independent Flip,3155.9618,NA,10.11120000000000,10.14620000000000,18.46620000000000,28.36550000000000,28.4587,3151.6960,22.7320,4.2658,18.4662,22.4930,10.1383,5.5723,4.5660,0.1308,3151.6960,NA,NA,NA
BioshockHD.exe,18704,0xB251BA8,DXGI,0,0,1,Hardware Composed: Independent Flip,3178.6736,NA,22.71180000000000,22.72160000000000,5.91540000000000,28.38790000000000,28.4685,3174.4280,10.1610,4.2456,5.9154,9.8993,22.7342,5.5670,17.1672,0.0104,3174.4280,NA,NA,NA
BioshockHD.exe,18704,0xB251BA8,DXGI,0,0,1,Hardware Composed: Independent Flip,3188.8371,NA,10.16350000000000,10.12700000000000,18.43590000000000,28.35470000000000,28.4320,3184.5890,22.6840,4.2481,18.4359,22.4725,10.1303,5.5382,4.5921,0.0340,3184.5890,NA,NA,NA
BioshockHD.exe,18704,0xB251BA8,DXGI,0,0,1,Hardware Composed: Independent Flip,3211.7593,NA,22.92220000000000,22.69940000000000,5.60960000000000,28.15670000000000,28.2092,3207.2730,10.0959,4.4863,5.6096,9.9188,22.7242,5.6010,17.1232,-0.0154,3207.2730,NA,NA,NA
BioshockHD.exe,18704,0xB251BA8,DXGI,0,0,1,Hardware Composed: Independent Flip,3221.6518,NA,9.89250000000000,10.32710000000000,18.46000000000000,28.52780000000000,28.6438,3217.3689,22.7429,4.2829,18.4600,22.5471,10.2636,5.6035,4.6601,-0.2312,3217.3689,NA,NA,NA
BioshockHD.exe,18704,0xB251BA8,DXGI,0,0,1,Hardware Composed: Independent Flip,3244.8676,NA,23.21580000000000,22.71660000000000,5.53070000000000,28.08690000000000,28.1446,3240.1118,10.2865,4.7558,5.5307,10.0678,22.7749,5.6213,17.1536,0.0263,3240.1118,NA,NA,NA
BioshockHD.exe,18704,0xB251BA8,DXGI,0,0,1,Hardware Composed: Independent Flip,3255.0723,NA,10.20470000000000,10.12120000000000,18.07370000000000,27.97690000000000,28.0611,3250.3983,22.7477,4.6740,18.0737,22.5562,10.0947,5.5537,4.5410,0.1653,3250.3983,NA,NA,NA
BioshockHD.exe,18704,0xB251BA8,DXGI,0,0,1,Hardware Composed: Independent Flip,3277.8200,NA,22.74770000000000,22.96440000000000,5.46820000000000,28.21410000000000,28.2778,3273.1460,10.1422,4.6740,5.4682,9.9032,22.9849,5.6061,17.3788,-0.2167,3273.1460,NA,NA,NA
BioshockHD.exe,18704,0xB251BA8,DXGI,0,0,1,Hardware Composed: Independent Flip,3287.7923,NA,9.97230000000000,10.11500000000000,18.58670000000000,28.36780000000000,28.4205,3283.2882,23.0908,4.5041,18.5867,22.7459,10.1260,5.5604,4.5656,0.0272,3283.2882,NA,NA,NA
BioshockHD.exe,18704,0xB251BA8,DXGI,0,0,1,Hardware Composed: Independent Flip,3310.9949,NA,23.20260000000000,22.52410000000000,5.31890000000000,27.64140000000000,27.7420,3306.3790,9.9348,4.6159,5.3189,9.7811,22.4762,5.5033,16.9729,0.5667,3306.3790,NA,NA,NA
BioshockHD.exe,18704,0xB251BA8,DXGI,0,0,1,Hardware Composed: Independent Flip,3320.7858,NA,9.79090000000000,10.18090000000000,18.05430000000000,28.05820000000000,28.1320,3316.3138,22.5263,4.4720,18.0543,22.3225,10.2077,5.6305,4.5772,-0.2461,3316.3138,NA,NA,NA
BioshockHD.exe,18704,0xB251BA8,DXGI,0,0,1,Hardware Composed: Independent Flip,3343.1569,NA,22.37110000000000,22.67450000000000,5.90660000000000,28.36780000000000,28.4354,3338.8401,10.2234,4.3168,5.9066,10.0039,22.6807,5.5911,17.0896,-0.1482,3338.8401,NA,NA,NA
BioshockHD.exe,18704,0xB251BA8,DXGI,0,0,1,Hardware Composed: Independent Flip,3353.6126,NA,10.45570000000000,10.14750000000000,18.08360000000000,28.04860000000000,28.1272,3349.0635,22.6327,4.5491,18.0836,22.4612,10.1365,5.5765,4.5600,0.0759,3349.0635,NA,NA,NA
BioshockHD.exe,18704,0xB251BA8,DXGI,0,0,1,Hardware Composed: Independent Flip,3376.0333,NA,22.42070000000000,24.25450000000000,5.84580000000000,28.27990000000000,29.9610,3371.6962,10.1829,4.3371,5.8458,9.9650,22.6520,5.5580,17.0940,-1.6218,3371.6962,NA,NA,NA
BioshockHD.exe,18704,0xB251BA8,DXGI,0,0,1,Hardware Composed: Independent Flip,3386.4816,NA,10.44830000000000,8.55800000000000,19.65970000000000,27.99350000000000,28.0707,3381.8791,24.2622,4.6025,19.6597,22.4341,10.1619,5.6045,4.5574,1.6249,3381.8791,NA,NA,NA
BioshockHD.exe,18704,0xB251BA8,DXGI,0,0,1,Hardware Composed: Independent Flip,3410.5012,NA,24.01960000000000,22.56110000000000,4.19760000000000,26.51550000000000,26.6122,3406.1413,8.5575,4.3599,4.1976,8.3338,22.5416,5.5466,16.9950,1.7011,3406.1413,NA,NA,NA
BioshockHD.exe,18704,0xB251BA8,DXGI,0,0,1,Hardware Composed: Independent Flip,3419.1535,NA,8.65230000000000,10.36140000000000,18.05930000000000,28.23720000000000,28.3213,3414.6988,22.5140,4.4547,18.0593,22.3179,10.3740,5.5698,4.8042,-1.8039,3414.6988,NA,NA,NA
BioshockHD.exe,18704,0xB251BA8,DXGI,0,0,1,Hardware Composed: Independent Flip,3441.7392,NA,22.58570000000000,22.68860000000000,5.86790000000000,28.34040000000000,28.4242,3437.2128,10.3943,4.5264,5.8679,10.1779,22.6889,5.5781,17.1108,-0.1746,3437.2128,NA,NA,NA
BioshockHD.exe,18704,0xB251BA8,DXGI,0,0,1,Hardware Composed: Independent Flip,3451.9580,NA,10.21880000000000,10.14460000000000,18.31420000000000,28.25850000000000,28.3500,3447.6071,22.6651,4.3509,18.3142,22.4725,10.1369,5.5662,4.5707,0.2497,3447.6071,NA,NA,NA
BioshockHD.exe,18704,0xB251BA8,DXGI,0,0,1,Hardware Composed: Independent Flip,3474.8622,NA,22.90420000000000,22.68320000000000,5.59670000000000,28.05350000000000,28.1290,3470.2722,10.1867,4.5900,5.5967,9.9443,22.6992,5.5446,17.1546,-0.0181,3470.2722,NA,NA,NA
BioshockHD.exe,18704,0xB251BA8,DXGI,0,0,1,Hardware Composed: Independent Flip,3485.0185,NA,10.15630000000000,10.19690000000000,18.07760000000000,28.07950000000000,28.1696,3480.4589,22.6372,4.5596,18.0776,22.4568,10.1823,5.6236,4.5587,-0.0102,3480.4589,NA,NA,NA
BioshockHD.exe,18704,0xB251BA8,DXGI,0,0,1,Hardware Composed: Independent Flip,3507.5944,NA,22.57590000000000,22.72900000000000,5.69170000000000,28.24040000000000,28.3227,3503.0961,10.1900,4.4983,5.6917,10.0019,22.7368,5.6200,17.1168,-0.0918,3503.0961,NA,30.7462,NA
BioshockHD.exe,18704,0xB251BA8,DXGI,0,0,1,Hardware Composed: Independent Flip,3517.5007,NA,9.90630000000000,10.06110000000000,18.51860000000000,28.39870000000000,28.4775,3513.2861,22.7332,4.2146,18.5186,22.5487,10.0646,5.5014,4.5632,0.1289,3513.2861,NA,NA,NA
BioshockHD.exe,18704,0xB251BA8,DXGI,0,0,1,Hardware Composed: Independent Flip,3540.3507,NA,22.85000000000000,23.10700000000000,5.77400000000000,28.67340000000000,28.7345,3536.0193,10.1054,4.3314,5.7740,9.8801,23.1247,6.0538,17.0709,-0.3738,3536.0193,NA,NA,NA
BioshockHD.exe,18704,0xB251BA8,DXGI,0,0,1,Hardware Composed: Independent Flip,3550.6261,NA,10.27540000000000,10.07050000000000,18.60810000000000,28.46830000000000,28.5296,3546.1247,23.1095,4.5014,18.6081,22.8994,10.0703,5.5273,4.5430,0.0349,3546.1247,NA,NA,NA
BioshockHD.exe,18704,0xB251BA8,DXGI,0,0,1,Hardware Composed: Independent Flip,3573.7995,NA,23.17340000000000,23.45480000000000,5.45220000000000,28.75990000000000,28.8110,3569.2342,10.0175,4.5653,5.4522,9.8602,23.4650,5.6153,17.8497,-0.3453,3569.2342,NA,30.4667,NA
BioshockHD.exe,18704,0xB251BA8,DXGI,0,0,1,Hardware Composed: Independent Flip,3584.1857,NA,10.38620000000000,10.68700000000000,18.52160000000000,29.02580000000000,29.1118,3579.2517,23.4556,4.9340,18.5216,23.3077,10.6521,6.0697,4.5824,-0.6695,3579.2517,NA,33.1528,NA
BioshockHD.exe,18704,0xB251BA8,DXGI,0,0,1,Hardware Composed: Independent Flip,3607.2411,NA,23.05540000000000,23.63910000000000,6.15440000000000,29.61240000000000,29.6955,3602.7073,10.6882,4.5338,6.1544,10.5042,23.6420,6.0328,17.6092,-0.1835,3602.7073,NA,31.7568,NA
BioshockHD.exe,18704,0xB251BA8,DXGI,0,0,1,Hardware Composed: Independent Flip,3617.9092,NA,10.66810000000000,10.63080000000000,19.15980000000000,29.58060000000000,29.6582,3613.3955,23.6735,4.5137,19.1598,23.4580,10.6363,6.0212,4.6151,0.0574,3613.3955,NA,36.4277,NA
BioshockHD.exe,18704,0xB251BA8,DXGI,0,0,1,Hardware Composed: Independent Flip,3641.5054,NA,23.59620000000000,23.69390000000000,6.18520000000000,29.66530000000000,29.7559,3637.0690,10.6216,4.4364,6.1852,10.4208,23.6809,6.0513,17.6296,-0.0204,3637.0690,NA,36.1187,NA
BioshockHD.exe,18704,0xB251BA8,DXGI,0,0,1,Hardware Composed: Independent Flip,3651.8170,NA,10.31160000000000,10.54320000000000,19.59230000000000,29.89020000000000,29.9875,3647.6906,23.7187,4.1264,19.5923,23.4801,10.5365,5.9986,4.5379,0.0784,3647.6906,NA,30.6629,NA
BioshockHD.exe,18704,0xB251BA8,DXGI,0,0,1,Hardware Composed: Independent Flip,3676.2152,NA,24.39820000000000,25.32890000000000,5.68800000000000,29.48310000000000,30.9182,3671.4093,10.4939,4.8059,5.6880,10.2979,23.9911,6.8621,17.1290,-1.6102,3671.4093,NA,33.9859,NA
BioshockHD.exe,18704,0xB251BA8,DXGI,0,0,1,Hardware Composed: Independent Flip,3686.3348,NA,10.11960000000000,9.16880000000000,20.91380000000000,29.87010000000000,29.9674,3681.9032,25.3454,4.4316,20.9138,23.7951,10.5066,6.3054,4.2012,1.3251,3681.9032,NA,32.1588,NA
BioshockHD.exe,18704,0xB251BA8,DXGI,0,0,1,Hardware Composed: Independent Flip,3712.5491,NA,26.21430000000000,25.60000000000000,3.91100000000000,28.42220000000000,29.3531,3707.2486,9.2115,5.3005,3.9110,8.9563,24.7664,6.4915,18.2749,-0.2546,3707.2486,NA,35.7616,NA
BioshockHD.exe,18704,0xB251BA8,DXGI,0,0,1,Hardware Composed: Independent Flip,3720.5240,NA,7.97490000000000,9.79340000000000,21.50900000000000,31.10130000000000,31.1716,3716.4601,25.5729,4.0639,21.5090,24.5112,10.6540,6.0639,4.5901,-0.5819,3716.4601,NA,38.5525,NA
BioshockHD.exe,18704,0xB251BA8,DXGI,0,0,1,Hardware Composed: Independent Flip,3746.1587,NA,25.63470000000000,23.92430000000000,5.63020000000000,29.22110000000000,29.4612,3742.0330,9.7559,4.1257,5.6302,9.5923,23.7545,5.9874,17.7671,1.6486,3742.0330,NA,32.4737,NA
BioshockHD.exe,18704,0xB251BA8,DXGI,0,0,1,Hardware Composed: Independent Flip,3756.0636,NA,9.90490000000000,10.42360000000000,19.65880000000000,29.88480000000000,29.9799,3751.7889,23.9335,4.2747,19.6588,23.5909,10.5686,5.9897,4.5789,-0.6677,3751.7889,NA,30.8997,NA
BioshockHD.exe,18704,0xB251BA8,DXGI,0,0,1,Hardware Composed: Independent Flip,3779.6074,NA,23.54380000000000,23.31170000000000,6.53290000000000,29.68780000000000,29.7478,3775.7224,10.4179,3.8850,6.5329,10.2260,23.3468,5.9849,17.3619,0.6218,3775.7224,NA,32.2131,NA
BioshockHD.exe,18704,0xB251BA8,DXGI,0,0,1,Hardware Composed: Independent Flip,3790.3069,NA,10.69950000000000,10.56320000000000,19.15210000000000,29.53790000000000,29.6115,3786.1403,23.3187,4.1666,19.1521,23.1549,10.5496,6.0005,4.5491,-0.1453,3786.1403,NA,29.7733,NA
BioshockHD.exe,18704,0xB251BA8,DXGI,0,0,1,Hardware Composed: Independent Flip,3813.9533,NA,23.64640000000000,23.53790000000000,6.05680000000000,29.43040000000000,29.5030,3809.4590,10.5511,4.4943,6.0568,10.3858,23.5389,6.0138,17.5251,-0.2192,3809.4590,NA,32.3105,NA
BioshockHD.exe,18704,0xB251BA8,DXGI,0,0,1,Hardware Composed: Independent Flip,3824.2442,NA,10.29090000000000,10.75730000000000,19.34500000000000,29.82710000000000,29.9694,3820.0101,23.5791,4.2341,19.3450,23.3736,10.6876,6.0532,4.6344,-0.2062,3820.0101,NA,37.0737,NA
BioshockHD.exe,18704,0xB251BA8,DXGI,0,0,1,Hardware Composed: Independent Flip,3847.7930,NA,23.54880000000000,23.54810000000000,6.55260000000000,29.88200000000000,29.9687,3843.5892,10.7564,4.2038,6.5526,10.4821,23.6037,6.6716,16.9321,0.0310,3843.5892,NA,37.6167,NA
BioshockHD.exe,18704,0xB251BA8,DXGI,0,0,1,Hardware Composed: Independent Flip,3858.5008,NA,10.70780000000000,10.62320000000000,19.40640000000000,29.79500000000000,29.8841,3854.3456,23.5616,4.1552,19.4064,23.3294,10.6208,6.0086,4.6122,0.1332,3854.3456,NA,NA,NA
BioshockHD.exe,18704,0xB251BA8,DXGI,0,0,1,Hardware Composed: Independent Flip,3882.1754,NA,23.67460000000000,22.90250000000000,6.30430000000000,29.04480000000000,29.1120,3877.9072,10.5725,4.2682,6.3043,10.3886,22.9244,5.5590,17.3654,0.6591,3877.9072,NA,33.1412,NA
BioshockHD.exe,18704,0xB251BA8,DXGI,0,0,1,Hardware Composed: Independent Flip,3892.7931,NA,10.61770000000000,10.54740000000000,18.63460000000000,28.94490000000000,29.0417,3888.4797,22.9480,4.3134,18.6346,22.7405,10.5178,5.9500,4.5678,0.0251,3888.4797,NA,30.6901,NA
BioshockHD.exe,18704,0xB251BA8,DXGI,0,0,1,Hardware Composed: Independent Flip,3915.3867,NA,22.59360000000000,23.58290000000000,6.54380000000000,29.96650000000000,30.0310,3911.4277,10.5028,3.9590,6.5438,10.3103,23.6152,6.0127,17.6025,-0.6349,3911.4277,NA,33.2681,NA
BioshockHD.exe,18704,0xB251BA8,DXGI,0,0,1,Hardware Composed: Independent Flip,3925.6333,NA,10.24660000000000,11.22510000000000,19.92050000000000,31.00030000000000,31.0095,3921.9305,23.6233,3.7028,19.9205,23.4227,11.2804,6.1735,5.1069,-0.7223,3921.9305,NA,32.5047,NA
BioshockHD.exe,18704,0xB251BA8,DXGI,0,0,1,Hardware Composed: Independent Flip,3949.3199,NA,23.68660000000000,23.21920000000000,7.42680000000000,30.53260000000000,30.5421,3945.5538,11.1929,3.7661,7.4268,11.0798,23.2189,5.9738,17.2451,0.4041,3945.5538,NA,37.7256,NA
BioshockHD.exe,18704,0xB251BA8,DXGI,0,0,1,Hardware Composed: Independent Flip,3960.4944,NA,11.17450000000000,10.58040000000000,19.47810000000000,29.87550000000000,29.9480,3956.7467,23.2258,3.7477,19.4781,23.1058,10.5174,5.9543,4.5631,0.6125,3956.7467,NA,35.2996,NA
BioshockHD.exe,18704,0xB251BA8,DXGI,0,0,1,Hardware Composed: Independent Flip,3984.4675,NA,23.97310000000000,23.48630000000000,6.08680000000000,29.42290000000000,29.4612,3979.9725,10.5818,4.4950,6.0868,10.3974,23.5205,6.1980,17.3225,-0.2605,3979.9725,NA,29.7846,NA
BioshockHD.exe,18704,0xB251BA8,DXGI,0,0,1,Hardware Composed: Independent Flip,3994.9438,NA,10.47630000000000,10.56160000000000,19.11390000000000,29.46200000000000,29.5465,3990.5543,23.5034,4.3895,19.1139,23.3361,10.5154,5.9196,4.5958,0.0202,3990.5543,NA,35.3496,NA
BioshockHD.exe,18704,0xB251BA8,DXGI,0,0,1,Hardware Composed: Independent Flip,4018.0721,NA,23.12830000000000,23.44700000000000,6.51280000000000,29.79430000000000,29.8652,4014.0577,10.5272,4.0144,6.5128,10.3481,23.4606,6.0060,17.4546,0.0564,4014.0577,NA,38.7656,NA
BioshockHD.exe,18704,0xB251BA8,DXGI,0,0,1,Hardware Composed: Independent Flip,4029.0806,NA,11.00850000000000,10.76240000000000,18.95780000000000,29.53590000000000,29.6191,4024.5849,23.4535,4.4957,18.9578,23.2815,10.7501,5.9783,4.7718,-0.2352,4024.5849,NA,34.5560,NA
BioshockHD.exe,18704,0xB251BA8,DXGI,0,0,1,Hardware Composed: Independent Flip,4051.7985,NA,22.71790000000000,23.49580000000000,6.99520000000000,30.32010000000000,30.3970,4048.0384,10.7553,3.7601,6.9952,10.5781,23.5021,6.0130,17.4891,-0.0423,4048.0384,NA,34.0552,NA
BioshockHD.exe,18704,0xB251BA8,DXGI,0,0,1,Hardware Composed: Independent Flip,4062.9990,NA,11.20050000000000,10.70010000000000,19.30410000000000,29.80000000000000,29.8966,4058.7937,23.5094,4.2053,19.3041,23.3249,10.6804,6.0582,4.6222,0.0552,4058.7937,NA,34.7622,NA
BioshockHD.exe,18704,0xB251BA8,DXGI,0,0,1,Hardware Composed: Independent Flip,4086.2544,NA,23.25540000000000,24.05490000000000,6.75700000000000,30.61950000000000,30.6961,4082.3031,10.7083,3.9513,6.7570,10.4959,24.0749,6.3969,17.6780,-0.5455,4082.3031,NA,31.8012,NA
BioshockHD.exe,18704,0xB251BA8,DXGI,0,0,1,Hardware Composed: Independent Flip,4096.8181,NA,10.56370000000000,10.31430000000000,20.23490000000000,30.37950000000000,30.4467,4093.0114,24.0416,3.8067,20.2349,23.8625,10.3237,5.7139,4.6098,0.3940,4093.0114,NA,NA,NA
BioshockHD.exe,18704,0xB251BA8,DXGI,0,0,1,Hardware Composed: Independent Flip,4121.1796,NA,24.36150000000000,23.10970000000000,6.18800000000000,29.08040000000000,29.1949,4117.0530,10.3146,4.1266,6.1880,10.1446,23.0624,5.6965,17.3659,0.9319,4117.0530,NA,41.1710,NA
BioshockHD.exe,18704,0xB251BA8,DXGI,0,0,1,Hardware Composed: Independent Flip,4131.6400,NA,10.46040000000000,10.18610000000000,18.84600000000000,28.83050000000000,28.9206,4127.3676,23.1184,4.2724,18.8460,22.8924,10.2105,5.6299,4.5806,0.1285,4127.3676,NA,29.4124,NA
BioshockHD.exe,18704,0xB251BA8,DXGI,0,0,1,Hardware Composed: Independent Flip,4155.0920,NA,23.45200000000000,23.23370000000000,5.56040000000000,28.67750000000000,28.7023,4150.4860,10.1664,4.6060,5.5604,9.9845,23.2990,5.7873,17.5117,-0.1153,4150.4860,NA,34.6559,NA
BioshockHD.exe,18704,0xB251BA8,DXGI,0,0,1,Hardware Composed: Independent Flip,4164.5066,NA,9.41460000000000,10.43120000000000,19.39630000000000,29.63270000000000,29.7189,4160.6524,23.2505,3.8542,19.3963,23.1171,10.3698,5.7133,4.6565,-0.2648,4160.6524,NA,35.0517,NA
BioshockHD.exe,18704,0xB251BA8,DXGI,0,0,1,Hardware Composed: Independent Flip,4187.8844,NA,23.37780000000000,23.26560000000000,6.44190000000000,29.52620000000000,29.6067,4183.9029,10.4234,3.9815,6.4419,10.2364,23.2713,5.6927,17.5786,-0.0151,4183.9029,NA,31.3530,NA
BioshockHD.exe,18704,0xB251BA8,DXGI,0,0,1,Hardware Composed: Independent Flip,4198.1402,NA,10.25580000000000,10.30690000000000,19.49400000000000,29.57000000000000,29.6578,4194.3263,23.3079,3.8139,19.4940,23.0843,10.2996,5.7102,4.5894,0.1165,4194.3263,NA,35.6615,NA
BioshockHD.exe,18704,0xB251BA8,DXGI,0,0,1,Hardware Composed: Independent Flip,4221.7169,NA,23.57670000000000,23.24450000000000,6.17200000000000,29.31680000000000,29.3256,4217.6342,10.2547,4.0827,6.1720,10.0760,23.3235,5.7939,17.5296,0.0634,4217.6342,NA,29.8977,NA
BioshockHD.exe,18704,0xB251BA8,DXGI,0,0,1,Hardware Composed: Independent Flip,4231.8519,NA,10.13500000000000,10.24340000000000,19.48070000000000,29.33480000000000,29.4340,4227.8889,23.4437,3.9630,19.4807,23.1448,10.1530,5.5831,4.5699,0.0113,4227.8889,NA,32.1165,NA
BioshockHD.exe,18704,0xB251BA8,DXGI,0,0,1,Hardware Composed: Independent Flip,4255.4379,NA,23.58600000000000,23.20520000000000,5.94380000000000,28.93070000000000,29.0532,4251.3326,10.0491,4.1053,5.9438,9.8541,23.1819,5.6980,17.4839,0.2385,4251.3326,NA,31.3480,NA
BioshockHD.exe,18704,0xB251BA8,DXGI,0,0,1,Hardware Composed: Independent Flip,4265.2225,NA,9.78460000000000,10.24470000000000,19.37540000000000,29.41940000000000,29.5133,4261.3817,23.2162,3.8408,19.3754,22.9869,10.2733,5.7020,4.5713,-0.1956,4261.3817,NA,30.5971,NA
BioshockHD.exe,18704,0xB251BA8,DXGI,0,0,1,Hardware Composed: Independent Flip,4289.1274,NA,23.90490000000000,22.96630000000000,5.73670000000000,28.49210000000000,28.5747,4284.5979,10.2662,4.5295,5.7367,10.0440,22.9776,5.6693,17.3083,0.2499,4284.5979,NA,30.5536,NA
BioshockHD.exe,18704,0xB251BA8,DXGI,0,0,1,Hardware Composed: Independent Flip,4298.9278,NA,9.80040000000000,10.35090000000000,18.88640000000000,29.02580000000000,29.1252,4294.8641,22.9501,4.0637,18.8864,22.7554,10.3341,5.7407,4.5934,-0.0847,4294.8641,NA,33.9195,NA
BioshockHD.exe,18704,0xB251BA8,DXGI,0,0,1,Hardware Composed: Independent Flip,4321.7998,NA,22.87200000000000,23.14420000000000,6.34230000000000,29.31710000000000,29.3974,4317.8142,10.3279,3.9856,6.3423,10.1394,23.1633,5.7150,17.4483,-0.1941,4317.8142,NA,31.0504,NA
BioshockHD.exe,18704,0xB251BA8,DXGI,0,0,1,Hardware Composed: Independent Flip,4331.9158,NA,10.11600000000000,10.22570000000000,19.39460000000000,29.40410000000000,29.5071,4328.1421,23.1683,3.7737,19.3946,22.9748,10.2030,5.6572,4.5458,0.1022,4328.1421,NA,31.2777,NA
BioshockHD.exe,18704,0xB251BA8,DXGI,0,0,1,Hardware Composed: Independent Flip,4355.5256,NA,23.60980000000000,23.24780000000000,6.01930000000000,29.08010000000000,29.1451,4351.3104,10.2345,4.2152,6.0193,10.0095,23.2858,5.6727,17.6131,-0.0795,4351.3104,NA,29.5269,NA
BioshockHD.exe,18704,0xB251BA8,DXGI,0,0,1,Hardware Composed: Independent Flip,4365.4301,NA,9.90450000000000,10.33040000000000,19.36430000000000,29.48840000000000,29.5710,4361.5449,23.2495,3.8852,19.3643,23.0608,10.3128,5.7219,4.5909,-0.0959,4361.5449,NA,NA,NA
BioshockHD.exe,18704,0xB251BA8,DXGI,0,0,1,Hardware Composed: Independent Flip,4388.9005,NA,23.47040000000000,23.13180000000000,6.19990000000000,29.18220000000000,29.2324,4384.7944,10.3060,4.1061,6.1999,10.1241,23.1642,5.7229,17.4413,0.1177,4384.7944,NA,33.9942,NA
BioshockHD.exe,18704,0xB251BA8,DXGI,0,0,1,Hardware Composed: Independent Flip,4399.4657,NA,10.56520000000000,10.41370000000000,18.79740000000000,28.97300000000000,29.0809,4395.1004,23.1627,4.3653,18.7974,22.9823,10.3560,5.7439,4.6121,-0.1077,4395.1004,NA,29.4016,NA
BioshockHD.exe,18704,0xB251BA8,DXGI,0,0,1,Hardware Composed: Independent Flip,4422.3883,NA,22.92260000000000,23.21050000000000,6.29950000000000,29.30330000000000,29.3688,4418.2631,10.4247,4.1252,6.2995,10.1756,23.2529,5.7305,17.5224,-0.0478,4418.2631,NA,31.5973,NA
BioshockHD.exe,18704,0xB251BA8,DXGI,0,0,1,Hardware Composed: Independent Flip,4432.4909,NA,10.10260000000000,10.32760000000000,19.37720000000000,29.49420000000000,29.5938,4428.6878,23.1803,3.8031,19.3772,23.0038,10.2935,5.6931,4.6004,0.0971,4428.6878,NA,29.9461,NA
BioshockHD.exe,18704,0xB251BA8,DXGI,0,0,1,Hardware Composed: Independent Flip,4455.8404,NA,23.34950000000000,23.13070000000000,6.34100000000000,29.26450000000000,29.3750,4451.8681,10.3133,3.9723,6.3410,10.1170,23.1198,5.7186,17.4012,0.0496,4451.8681,NA,34.0779,NA
BioshockHD.exe,18704,0xB251BA8,DXGI,0,0,1,Hardware Composed: Independent Flip,4465.8468,NA,10.00640000000000,10.28220000000000,19.48860000000000,29.55470000000000,29.6508,4462.1814,23.1540,3.6654,19.4886,22.9235,10.2966,5.6985,4.5981,0.0311,4462.1814,NA,NA,NA
BioshockHD.exe,18704,0xB251BA8,DXGI,0,0,1,Hardware Composed: Independent Flip,4489.2007,NA,23.35390000000000,22.62970000000000,6.39960000000000,28.84640000000000,28.9266,4485.3354,10.2649,3.8653,6.3996,10.0661,22.6456,5.2316,17.4140,0.5243,4485.3354,NA,31.9454,NA
BioshockHD.exe,18704,0xB251BA8,DXGI,0,0,1,Hardware Composed: Independent Flip,4499.4881,NA,10.28740000000000,10.32770000000000,18.76760000000000,28.87910000000000,28.9669,4495.6003,22.6554,3.8878,18.7676,22.4468,10.3201,5.7458,4.5743,-0.0628,4495.6003,NA,31.2793,NA
BioshockHD.exe,18704,0xB251BA8,DXGI,0,0,1,Hardware Composed: Independent Flip,4522.6939,NA,23.20580000000000,23.16090000000000,5.89150000000000,28.82140000000000,28.9220,4518.2557,10.3297,4.4382,5.8915,10.1115,23.1481,5.7104,17.4377,-0.5055,4518.2557,NA,35.4825,NA
BioshockHD.exe,18704,0xB251BA8,DXGI,0,0,1,Hardware Composed: Independent Flip,4532.7659,NA,10.07200000000000,10.43220000000000,18.97600000000000,29.19700000000000,29.2822,4528.5854,23.1565,4.1805,18.9760,22.9299,10.4476,5.6568,4.7908,-0.1025,4528.5854,NA,33.8959,NA
BioshockHD.exe,18704,0xB251BA8,DXGI,0,0,1,Hardware Composed: Independent Flip,4555.7141,NA,22.94820000000000,23.19960000000000,6.46080000000000,29.48890000000000,29.5336,4551.7419,10.4330,3.9722,6.4608,10.2210,23.2401,5.7443,17.4958,-0.0431,4551.7419,NA,36.1152,NA
BioshockHD.exe,18704,0xB251BA8,DXGI,0,0,1,Hardware Composed: Independent Flip,4566.1474,NA,10.43330000000000,10.51710000000000,19.23460000000000,29.54200000000000,29.6174,4562.1749,23.2071,3.9725,19.2346,23.0281,10.4864,5.7077,4.7787,-0.0841,4562.1749,NA,39.5877,NA
BioshockHD.exe,18704,0xB251BA8,DXGI,0,0,1,Hardware Composed: Independent Flip,4589.4979,NA,23.35050000000000,23.90490000000000,6.36400000000000,30.09380000000000,30.1718,4585.3820,10.4799,4.1159,6.3640,10.3074,23.9023,5.7235,18.1788,-0.6978,4585.3820,NA,32.5243,NA
BioshockHD.exe,18704,0xB251BA8,DXGI,0,0,1,Hardware Composed: Independent Flip,4600.1221,NA,10.62420000000000,10.31330000000000,19.64660000000000,29.78270000000000,29.8609,4595.8619,23.9068,4.2602,19.6466,23.7298,10.3131,5.7217,4.5914,0.1666,4595.8619,NA,31.8343,NA
BioshockHD.exe,18704,0xB251BA8,DXGI,0,0,1,Hardware Composed: Independent Flip,4623.7747,NA,23.65260000000000,23.12630000000000,6.29950000000000,29.28470000000000,29.3346,4619.7687,10.3055,4.0060,6.2995,10.1361,23.1546,5.7448,17.4098,0.7805,4619.7687,NA,29.9714,NA
BioshockHD.exe,18704,0xB251BA8,DXGI,0,0,1,Hardware Composed: Independent Flip,4634.0475,NA,10.27280000000000,10.22320000000000,19.27870000000000,29.21470000000000,29.2850,4630.0742,23.2520,3.9733,19.2787,22.9852,10.2028,5.6326,4.5702,0.0823,4630.0742,NA,30.1915,NA
BioshockHD.exe,18704,0xB251BA8,DXGI,0,0,1,Hardware Composed: Independent Flip,4657.1053,NA,23.05780000000000,23.22560000000000,6.31940000000000,29.33650000000000,29.4528,4653.3262,10.0985,3.7791,6.3194,9.9360,23.1796,5.7419,17.4377,0.0264,4653.3262,NA,32.4201,NA
BioshockHD.exe,18704,0xB251BA8,DXGI,0,0,1,Hardware Composed: Independent Flip,4667.6996,NA,10.59430000000000,10.21730000000000,18.97010000000000,28.97570000000000,29.0758,4663.4247,23.2450,4.2749,18.9701,23.0171,10.2335,5.6853,4.5482,-0.1188,4663.4247,NA,33.6400,NA
BioshockHD.exe,18704,0xB251BA8,DXGI,0,0,1,Hardware Composed: Independent Flip,4691.1229,NA,23.42330000000000,23.13470000000000,5.78390000000000,28.67140000000000,28.7872,4686.6697,10.2371,4.4532,5.7839,10.0056,23.1190,5.7517,17.3673,0.1103,4686.6697,NA,34.7409,NA
BioshockHD.exe,18704,0xB251BA8,DXGI,0,0,1,Hardware Composed: Independent Flip,4701.3340,NA,10.21110000000000,10.58000000000000,18.68710000000000,29.05280000000000,29.1561,4696.9068,23.1143,4.4272,18.6871,22.8875,10.5925,5.7519,4.8406,-0.3429,4696.9068,NA,34.3518,NA
BioshockHD.exe,18704,0xB251BA8,DXGI,0,0,1,Hardware Composed: Independent Flip,4724.1680,NA,22.83400000000000,23.15930000000000,6.44360000000000,29.41050000000000,29.4814,4720.0211,10.5905,4.1469,6.4436,10.3657,23.1917,5.7080,17.4837,-0.0450,4720.0211,NA,30.4701,NA
BioshockHD.exe,18704,0xB251BA8,DXGI,0,0,1,Hardware Composed: Independent Flip,4734.3734,NA,10.20540000000000,10.26370000000000,19.37900000000000,29.45500000000000,29.5397,4730.6116,23.1408,3.7618,19.3790,22.9669,10.2499,5.6952,4.5547,0.3268,4730.6116,NA,30.7640,NA
BioshockHD.exe,18704,0xB251BA8,DXGI,0,0,1,Hardware Composed: Independent Flip,4757.5440,NA,23.17060000000000,23.26620000000000,6.47110000000000,29.56550000000000,29.6353,4753.7524,10.2627,3.7916,6.4711,10.0760,23.2811,5.7250,17.5561,-0.1254,4753.7524,NA,37.0459,NA
BioshockHD.exe,18704,0xB251BA8,DXGI,0,0,1,Hardware Composed: Independent Flip,4767.9443,NA,10.40030000000000,10.28880000000000,19.36190000000000,29.44350000000000,29.5238,4764.0151,23.2911,3.9292,19.3619,23.0944,10.2783,5.7009,4.5774,-0.0261,4764.0151,NA,39.2915,NA
BioshockHD.exe,18704,0xB251BA8,DXGI,0,0,1,Hardware Composed: Independent Flip,4791.3257,NA,23.38140000000000,23.31900000000000,6.28510000000000,29.35150000000000,29.4614,4787.3062,10.3046,4.0195,6.2851,10.0816,23.2894,5.7445,17.5449,-0.0279,4787.3062,NA,37.6315,NA
BioshockHD.exe,18704,0xB251BA8,DXGI,0,0,1,Hardware Composed: Independent Flip,4801.8087,NA,10.48300000000000,10.39150000000000,19.13780000000000,29.29320000000000,29.3699,4797.6108,23.3357,4.1979,19.1378,23.0664,10.4247,5.8170,4.6077,-0.0869,4797.6108,NA,NA,NA
BioshockHD.exe,18704,0xB251BA8,DXGI,0,0,1,Hardware Composed: Independent Flip,4825.1507,NA,23.34200000000000,22.72620000000000,6.15910000000000,28.71910000000000,28.7541,4820.9465,10.3633,4.2042,6.1591,10.1554,22.7679,5.2214,17.5465,0.6095,4820.9465,NA,NA,NA
BioshockHD.exe,18704,0xB251BA8,DXGI,0,0,1,Hardware Composed: Independent Flip,4835.2728,NA,10.12210000000000,9.85730000000000,18.75170000000000,28.43540000000000,28.4893,4831.3098,22.7147,3.9630,18.7517,22.5600,9.8384,5.2518,4.5866,0.5060,4831.3098,NA,NA,NA
BioshockHD.exe,18704,0xB251BA8,DXGI,0,0,1,Hardware Composed: Independent Flip,4858.0372,NA,22.76440000000000,22.33670000000000,5.82000000000000,28.01910000000000,28.0616,4854.0245,9.8327,4.0127,5.8200,9.6837,22.3481,5.2717,17.0764,0.3780,4854.0245,NA,NA,NA
BioshockHD.exe,18704,0xB251BA8,DXGI,0,0,1,Hardware Composed: Independent Flip,4867.8490,NA,9.81180000000000,9.80900000000000,18.36090000000000,28.00550000000000,28.0588,4863.8572,22.3527,3.9918,18.3609,22.1991,9.7982,5.2702,4.5280,0.0237,4863.8572,NA,NA,NA
BioshockHD.exe,18704,0xB251BA8,DXGI,0,0,1,Hardware Composed: Independent Flip,4890.3453,NA,22.49630000000000,22.49640000000000,5.75290000000000,27.97140000000000,28.0589,4886.2099,9.8883,4.1354,5.7529,9.6446,22.4622,5.2173,17.2449,-0.1437,4886.2099,NA,37.1977,NA
BioshockHD.exe,18704,0xB251BA8,DXGI,0,0,1,Hardware Composed: Independent Flip,4899.9450,NA,9.59970000000000,10.60670000000000,18.56400000000000,28.96400000000000,29.0659,4896.0982,22.4108,3.8468,18.5640,22.2185,10.5923,6.3757,4.2166,-0.7184,4896.0982,NA,31.8665,NA
BioshockHD.exe,18704,0xB251BA8,DXGI,0,0,1,Hardware Composed: Independent Flip,4922.4851,NA,22.54010000000000,23.22490000000000,6.62160000000000,29.67010000000000,29.7507,4918.5090,10.5977,3.9761,6.6216,10.4000,23.2462,5.7488,17.4974,-0.8141,4918.5090,NA,40.0697,NA
BioshockHD.exe,18704,0xB251BA8,DXGI,0,0,1,Hardware Composed: Independent Flip,4932.9915,NA,10.50640000000000,10.24360000000000,19.39770000000000,29.41430000000000,29.4879,4929.1067,23.2825,3.8848,19.3977,23.0485,10.2506,5.6826,4.5680,0.3541,4929.1067,NA,30.3311,NA
BioshockHD.exe,18704,0xB251BA8,DXGI,0,0,1,Hardware Composed: Independent Flip,4957.2196,NA,24.22810000000000,22.65850000000000,5.35370000000000,27.84370000000000,27.9183,4952.3892,10.1841,4.8304,5.3537,10.0166,22.6575,5.2133,17.4442,0.6240,4952.3892,NA,28.9997,NA
BioshockHD.exe,18704,0xB251BA8,DXGI,0,0,1,Hardware Composed: Independent Flip,4966.4654,NA,9.24580000000000,10.51370000000000,18.79490000000000,29.12290000000000,29.1862,4962.5733,22.6870,3.8921,18.7949,22.4900,10.5250,5.7162,4.8088,-0.3296,4962.5733,NA,33.5148,NA
BioshockHD.exe,18704,0xB251BA8,DXGI,0,0,1,Hardware Composed: Independent Flip,4989.4696,NA,23.00420000000000,22.94900000000000,6.30580000000000,29.04490000000000,29.1310,4985.2603,10.5151,4.2093,6.3058,10.3280,22.9262,5.6876,17.2386,-0.2620,4985.2603,NA,32.4590,NA
BioshockHD.exe,18704,0xB251BA8,DXGI,0,0,1,Hardware Composed: Independent Flip,4999.9860,NA,10.51640000000000,10.33270000000000,18.71640000000000,28.86510000000000,28.9473,4995.7754,22.9270,4.2106,18.7164,22.7391,10.3366,5.7301,4.6065,0.1824,4995.7754,NA,36.7573,NA
BioshockHD.exe,18704,0xB251BA8,DXGI,0,0,1,Hardware Composed: Independent Flip,5022.9603,NA,22.97430000000000,23.16990000000000,6.07190000000000,29.04340000000000,29.1429,5018.7024,10.3298,4.2579,6.0719,10.1487,23.1526,5.6973,17.4553,-0.2429,5018.7024,NA,41.9591,NA
BioshockHD.exe,18704,0xB251BA8,DXGI,0,0,1,Hardware Composed: Independent Flip,5033.2334,NA,10.27310000000000,10.18350000000000,18.97060000000000,28.97360000000000,29.0533,5029.0322,23.1718,4.2012,18.9706,22.9715,10.2033,5.6732,4.5301,0.1463,5029.0322,NA,29.1443,NA
BioshockHD.exe,18704,0xB251BA8,DXGI,0,0,1,Hardware Composed: Independent Flip,5056.2821,NA,23.04870000000000,23.25310000000000,6.10290000000000,29.17720000000000,29.2577,5052.2040,10.1810,4.0781,6.1029,10.0030,23.2523,5.6750,17.5773,-0.0813,5052.2040,NA,29.3984,NA
BioshockHD.exe,18704,0xB251BA8,DXGI,0,0,1,Hardware Composed: Independent Flip,5066.1848,NA,9.90270000000000,10.30500000000000,19.45710000000000,29.56180000000000,29.6600,5062.3850,23.2569,3.7998,19.4571,23.0743,10.2873,5.6677,4.6196,-0.1240,5062.3850,NA,32.7014,NA
BioshockHD.exe,18704,0xB251BA8,DXGI,0,0,1,Hardware Composed: Independent Flip,5089.8467,NA,23.66190000000000,23.48850000000000,6.09020000000000,29.40700000000000,29.4866,5085.6419,10.2950,4.2048,6.0902,10.1047,23.5071,5.7171,17.7900,-0.2316,5085.6419,NA,30.1909,NA
BioshockHD.exe,18704,0xB251BA8,DXGI,0,0,1,Hardware Composed: Independent Flip,5099.9331,NA,10.08640000000000,10.39240000000000,19.50020000000000,29.70680000000000,29.7926,5095.9369,23.4964,3.9962,19.5002,23.3168,10.3862,5.7427,4.6435,-0.0974,5095.9369,NA,30.5875,NA
BioshockHD.exe,18704,0xB251BA8,DXGI,0,0,1,Hardware Composed: Independent Flip,5123.8512,NA,23.91810000000000,23.40050000000000,5.96810000000000,29.19270000000000,29.2750,5119.4333,10.3860,4.4179,5.9681,10.2066,23.4040,6.0185,17.3855,0.0959,5119.4333,NA,30.9839,NA
BioshockHD.exe,18704,0xB251BA8,DXGI,0,0,1,Hardware Composed: Independent Flip,5133.8644,NA,10.01320000000000,10.45240000000000,19.42490000000000,29.64000000000000,29.7142,5129.8193,23.4700,4.0451,19.4249,23.2246,10.4605,5.9374,4.5231,-0.0664,5129.8193,NA,34.4440,NA
BioshockHD.exe,18704,0xB251BA8,DXGI,0,0,1,Hardware Composed: Independent Flip,5157.5222,NA,23.65780000000000,23.42740000000000,6.16340000000000,29.40460000000000,29.4838,5153.2893,10.3963,4.2329,6.1634,10.2151,23.4224,5.9686,17.4538,0.0426,5153.2893,NA,49.8632,NA
BioshockHD.exe,18704,0xB251BA8,DXGI,0,0,1,Hardware Composed: Independent Flip,5168.3777,NA,10.85550000000000,10.57560000000000,18.72800000000000,29.11480000000000,29.2039,5163.6856,23.4201,4.6921,18.7280,23.2412,10.5657,6.0014,4.5643,-0.1793,5163.6856,NA,NA,NA
BioshockHD.exe,18704,0xB251BA8,DXGI,0,0,1,Hardware Composed: Independent Flip,5191.2504,NA,22.87270000000000,22.09470000000000,6.43980000000000,28.34520000000000,28.4259,5187.1057,10.5845,4.1447,6.4398,10.3868,22.1031,5.5237,16.5794,1.3254,5187.1057,NA,30.5323,NA
BioshockHD.exe,18704,0xB251BA8,DXGI,0,0,1,Hardware Composed: Independent Flip,5202.0208,NA,10.77040000000000,10.68980000000000,17.75290000000000,28.26530000000000,28.3453,5197.6902,22.0835,4.3306,17.7529,21.9054,10.6905,6.0700,4.6205,-0.1053,5197.6902,NA,29.2253,NA
BioshockHD.exe,18704,0xB251BA8,DXGI,0,0,1,Hardware Composed: Independent Flip,5223.8831,NA,21.86230000000000,23.39430000000000,6.57870000000000,29.78680000000000,29.8773,5219.7737,10.6881,4.1094,6.5787,10.5124,23.3838,6.0021,17.3817,-1.3108,5219.7737,NA,31.6196,NA
BioshockHD.exe,18704,0xB251BA8,DXGI,0,0,1,Hardware Composed: Independent Flip,5234.3753,NA,10.49220000000000,10.54250000000000,19.48890000000000,29.85930000000000,29.9276,5230.4618,23.4024,3.9135,19.4889,23.2081,10.5647,6.0125,4.5522,0.1456,5230.4618,NA,30.1607,NA
BioshockHD.exe,18704,0xB251BA8,DXGI,0,0,1,Hardware Composed: Independent Flip,5258.7659,NA,24.39060000000000,23.70630000000000,5.63090000000000,29.18310000000000,29.2433,5253.8642,10.5326,4.9017,5.6309,10.3704,23.7144,6.2948,17.4196,-0.3039,5253.8642,NA,29.8693,NA
BioshockHD.exe,18704,0xB251BA8,DXGI,0,0,1,Hardware Composed: Independent Flip,5268.9966,NA,10.23070000000000,10.59340000000000,19.14800000000000,29.50230000000000,29.6060,5264.3968,23.7478,4.5998,19.1480,23.5522,10.5499,6.0044,4.5455,-0.0608,5264.3968,NA,31.4645,NA
BioshockHD.exe,18704,0xB251BA8,DXGI,0,0,1,Hardware Composed: Independent Flip,5292.0373,NA,23.04070000000000,23.38080000000000,6.66420000000000,29.86550000000000,29.9461,5288.1446,10.5569,3.8927,6.6642,10.3543,23.4039,6.0219,17.3820,0.3670,5288.1446,NA,31.8409,NA
BioshockHD.exe,18704,0xB251BA8,DXGI,0,0,1,Hardware Composed: Independent Flip,5302.4169,NA,10.37960000000000,10.63710000000000,19.66950000000000,30.10240000000000,30.2036,5298.7015,23.3849,3.7154,19.6695,23.2013,10.6165,6.0191,4.5974,-0.0802,5298.7015,NA,31.4795,NA
BioshockHD.exe,18704,0xB251BA8,DXGI,0,0,1,Hardware Composed: Independent Flip,5325.7980,NA,23.38110000000000,23.32120000000000,6.92050000000000,30.06240000000000,30.1437,5322.0864,10.6321,3.7116,6.9205,10.4329,23.3411,5.9449,17.3962,0.0637,5322.0864,NA,30.7988,NA
BioshockHD.exe,18704,0xB251BA8,DXGI,0,0,1,Hardware Composed: Independent Flip,5336.6483,NA,10.85030000000000,10.52940000000000,19.39940000000000,29.74020000000000,29.8228,5332.7185,23.3292,3.9298,19.3994,23.1419,10.5281,5.9476,4.5805,0.1027,5332.7185,NA,30.3304,NA
BioshockHD.exe,18704,0xB251BA8,DXGI,0,0,1,Hardware Composed: Independent Flip,5360.0939,NA,23.44560000000000,23.21980000000000,6.53780000000000,29.51020000000000,29.5970,5356.0477,10.5840,4.0462,6.5378,10.3408,23.2156,5.9305,17.2851,0.1094,5356.0477,NA,30.5265,NA
BioshockHD.exe,18704,0xB251BA8,DXGI,0,0,1,Hardware Composed: Independent Flip,5370.6966,NA,10.60270000000000,10.45400000000000,19.22240000000000,29.36260000000000,29.4483,5366.6317,23.2873,4.0649,19.2224,22.9724,10.4551,5.9186,4.5365,0.1300,5366.6317,NA,35.0082,NA
BioshockHD.exe,18704,0xB251BA8,DXGI,0,0,1,Hardware Composed: Independent Flip,5393.9372,NA,23.24060000000000,23.33160000000000,6.30900000000000,29.46550000000000,29.5393,5389.9190,10.3272,4.0182,6.3090,10.1402,23.3435,5.9737,17.3698,-0.0443,5389.9190,NA,32.3288,NA
BioshockHD.exe,18704,0xB251BA8,DXGI,0,0,1,Hardware Composed: Independent Flip,5404.1460,NA,10.20880000000000,10.60930000000000,19.44640000000000,29.84060000000000,29.9398,5400.2462,23.3462,3.8998,19.4464,23.1565,10.5839,5.9903,4.5936,-0.2821,5400.2462,NA,31.9454,NA
BioshockHD.exe,18704,0xB251BA8,DXGI,0,0,1,Hardware Composed: Independent Flip,5427.6223,NA,23.47630000000000,23.31720000000000,6.56420000000000,29.69480000000000,29.7807,5423.5924,10.5941,4.0299,6.5642,10.3942,23.3305,5.9385,17.3920,0.0290,5423.5924,NA,30.2613,NA
BioshockHD.exe,18704,0xB251BA8,DXGI,0,0,1,Hardware Composed: Independent Flip,5438.0658,NA,10.44350000000000,10.51790000000000,19.43710000000000,29.77690000000000,29.8551,5434.1865,23.3164,3.8793,19.4371,23.1306,10.5256,5.9434,4.5822,0.0762,5434.1865,NA,30.7788,NA
BioshockHD.exe,18704,0xB251BA8,DXGI,0,0,1,Hardware Composed: Independent Flip,5461.4268,NA,23.36100000000000,23.23020000000000,6.58610000000000,29.64720000000000,29.7243,5457.5029,10.5100,3.9239,6.5861,10.3398,23.2313,5.9602,17.2711,0.0862,5457.5029,NA,32.0120,NA
BioshockHD.exe,18704,0xB251BA8,DXGI,0,0,1,Hardware Composed: Independent Flip,5472.2695,NA,10.84270000000000,10.54460000000000,18.99580000000000,29.33560000000000,29.4262,5468.0129,23.2524,4.2566,18.9958,23.0611,10.5311,6.5160,4.0151,-0.0346,5468.0129,NA,30.5527,NA
BioshockHD.exe,18704,0xB251BA8,DXGI,0,0,1,Hardware Composed: Independent Flip,5494.9969,NA,22.72740000000000,23.18570000000000,6.80070000000000,29.80550000000000,29.8845,5491.2653,10.5323,3.7316,6.8007,10.3398,23.1973,5.8905,17.3068,0.0667,5491.2653,NA,32.7405,NA
BioshockHD.exe,18704,0xB251BA8,DXGI,0,0,1,Hardware Composed: Independent Flip,5505.8601,NA,10.86320000000000,10.60960000000000,19.12100000000000,29.54230000000000,29.6309,5501.7976,23.1835,4.0625,19.1210,23.0048,10.6000,6.5495,4.0505,-0.0773,5501.7976,NA,30.3487,NA
BioshockHD.exe,18704,0xB251BA8,DXGI,0,0,1,Hardware Composed: Independent Flip,5528.5838,NA,22.72370000000000,23.21010000000000,7.06600000000000,30.03710000000000,30.1173,5524.9811,10.6687,3.6027,7.0660,10.4213,23.2185,5.9109,17.3076,-0.0266,5524.9811,NA,38.5319,NA
BioshockHD.exe,18704,0xB251BA8,DXGI,0,0,1,Hardware Composed: Independent Flip,5539.5359,NA,10.95210000000000,10.46230000000000,19.27060000000000,29.54750000000000,29.6275,5535.6498,23.1567,3.8861,19.2706,22.9711,10.4625,5.9484,4.5141,0.2064,5535.6498,NA,40.0165,NA
BioshockHD.exe,18704,0xB251BA8,DXGI,0,0,1,Hardware Composed: Independent Flip,5562.5503,NA,23.01440000000000,23.37720000000000,6.70870000000000,29.92630000000000,29.9903,5558.8065,10.4525,3.7438,6.7087,10.2769,23.3932,6.5766,16.8166,-0.2205,5558.8065,NA,30.3894,NA
BioshockHD.exe,18704,0xB251BA8,DXGI,0,0,1,Hardware Composed: Independent Flip,5573.0779,NA,10.52760000000000,10.33410000000000,19.58600000000000,29.71880000000000,29.7968,5569.2590,23.4049,3.8189,19.5860,23.2176,10.3201,5.8297,4.4904,0.1184,5569.2590,NA,30.7371,NA
BioshockHD.exe,18704,0xB251BA8,DXGI,0,0,1,Hardware Composed: Independent Flip,5596.7403,NA,23.66240000000000,24.27750000000000,6.23360000000000,30.33110000000000,30.4119,5592.6639,10.3100,4.0764,6.2336,10.1328,24.2747,5.9067,18.3680,-0.8726,5592.6639,NA,31.0117,NA
BioshockHD.exe,18704,0xB251BA8,DXGI,0,0,1,Hardware Composed: Independent Flip,5607.0467,NA,10.30640000000000,10.61320000000000,20.20410000000000,30.62750000000000,30.7187,5602.9739,24.2769,4.0728,20.2041,24.0975,10.6028,6.5728,4.0300,-0.3032,5602.9739,NA,35.6258,NA
BioshockHD.exe,18704,0xB251BA8,DXGI,0,0,1,Hardware Composed: Independent Flip,5631.3933,NA,24.34660000000000,23.11740000000000,6.46200000000000,29.40820000000000,29.4895,5627.2508,10.6045,4.1425,6.4620,10.4234,23.1273,5.8641,17.2632,1.1595,5627.2508,NA,29.7367,NA
BioshockHD.exe,18704,0xB251BA8,DXGI,0,0,1,Hardware Composed: Independent Flip,5641.7183,NA,10.32500000000000,10.46010000000000,19.26690000000000,29.55310000000000,29.6246,5637.8553,23.1299,3.8630,19.2669,22.9462,10.4699,5.9172,4.5527,0.1444,5637.8553,NA,33.2058,NA
BioshockHD.exe,18704,0xB251BA8,DXGI,0,0,1,Hardware Composed: Independent Flip,5664.6813,NA,22.96300000000000,23.25860000000000,6.75520000000000,29.84550000000000,29.9202,5660.9852,10.4513,3.6961,6.7552,10.2862,23.2554,5.8672,17.3882,-0.1287,5660.9852,NA,30.4600,NA
BioshockHD.exe,18704,0xB251BA8,DXGI,0,0,1,Hardware Composed: Independent Flip,5675.3857,NA,10.70440000000000,10.40110000000000,19.32100000000000,29.53290000000000,29.6169,5671.4365,23.2702,3.9492,19.3210,23.0903,10.3918,5.8904,4.5014,0.0502,5671.4365,NA,30.8559,NA
BioshockHD.exe,18704,0xB251BA8,DXGI,0,0,1,Hardware Composed: Independent Flip,5698.6794,NA,23.29370000000000,23.44640000000000,6.42550000000000,29.68990000000000,29.7696,5694.7067,10.3982,3.9727,6.4255,10.2119,23.4507,6.5196,16.9311,-0.1762,5694.7067,NA,31.3144,NA
BioshockHD.exe,18704,0xB251BA8,DXGI,0,0,1,Hardware Composed: Independent Flip,5709.1287,NA,10.44930000000000,10.52430000000000,19.42330000000000,29.74450000000000,29.8446,5705.1049,23.4471,4.0238,19.4233,23.2644,10.5039,6.4782,4.0257,-0.1261,5705.1049,NA,30.8317,NA
BioshockHD.exe,18704,0xB251BA8,DXGI,0,0,1,Hardware Composed: Independent Flip,5732.4593,NA,23.33060000000000,23.36590000000000,6.60680000000000,29.80020000000000,29.8799,5728.5520,10.5141,3.9073,6.6068,10.3212,23.3863,6.4719,16.9144,0.0812,5728.5520,NA,31.1667,NA
BioshockHD.exe,18704,0xB251BA8,DXGI,0,0,1,Hardware Composed: Independent Flip,5742.8510,NA,10.39170000000000,10.72750000000000,19.61710000000000,30.17280000000000,30.2157,5739.0661,23.4020,3.7849,19.6171,23.1934,10.7643,6.5679,4.1964,-0.2134,5739.0661,NA,31.9264,NA
BioshockHD.exe,18704,0xB251BA8,DXGI,0,0,1,Hardware Composed: Independent Flip,5766.7865,NA,23.93550000000000,23.48380000000000,6.37420000000000,29.68330000000000,29.7640,5762.4681,10.6926,4.3184,6.3742,10.5557,23.4460,5.9302,17.5158,-0.0818,5762.4681,NA,30.4045,NA
BioshockHD.exe,18704,0xB251BA8,DXGI,0,0,1,Hardware Composed: Independent Flip,5777.2074,NA,10.42090000000000,10.54410000000000,19.46230000000000,29.79690000000000,29.8872,5773.1607,23.5090,4.0467,19.4623,23.3091,10.5345,6.5260,4.0085,0.1485,5773.1607,NA,35.9586,NA
BioshockHD.exe,18704,0xB251BA8,DXGI,0,0,1,Hardware Composed: Independent Flip,5800.6826,NA,23.47520000000000,23.41060000000000,6.51310000000000,29.74400000000000,29.8226,5796.6697,10.5260,4.0129,6.5131,10.3346,23.4223,6.5014,16.9209,0.0984,5796.6697,NA,32.3578,NA
BioshockHD.exe,18704,0xB251BA8,DXGI,0,0,1,Hardware Composed: Independent Flip,5811.0383,NA,10.35570000000000,10.37680000000000,19.56520000000000,29.76940000000000,29.8437,5807.1957,23.4078,3.8426,19.5652,23.2309,10.3811,6.4335,3.9476,0.1492,5807.1957,NA,31.7094,NA
BioshockHD.exe,18704,0xB251BA8,DXGI,0,0,1,Hardware Composed: Independent Flip,5834.6560,NA,23.61770000000000,23.26870000000000,6.31980000000000,29.40240000000000,29.4947,5830.6035,10.3723,4.0525,6.3198,10.2042,23.2507,6.4342,16.8165,0.1391,5830.6035,NA,31.0070,NA
BioshockHD.exe,18704,0xB251BA8,DXGI,0,0,1,Hardware Composed: Independent Flip,5844.7988,NA,10.14280000000000,10.17780000000000,19.60660000000000,29.48950000000000,29.5297,5840.9758,23.4296,3.8230,19.6066,23.0826,10.2299,5.9563,4.2736,0.1945,5840.9758,NA,34.1775,NA
BioshockHD.exe,18704,0xB251BA8,DXGI,0,0,1,Hardware Composed: Independent Flip,5868.0469,NA,23.24810000000000,23.27130000000000,6.38630000000000,29.48020000000000,29.5529,5864.4054,10.0278,3.6415,6.3863,9.8829,23.2388,5.7478,17.4910,0.1583,5864.4054,NA,50.4208,NA
BioshockHD.exe,18704,0xB251BA8,DXGI,0,0,1,Hardware Composed: Independent Flip,5878.4018,NA,10.35490000000000,9.86360000000000,19.43500000000000,28.98430000000000,29.0616,5874.4332,23.4036,3.9686,19.4350,23.0939,9.8590,5.7502,4.1088,0.1642,5874.4332,NA,39.2835,NA
BioshockHD.exe,18704,0xB251BA8,DXGI,0,0,1,Hardware Composed: Independent Flip,5901.7801,NA,23.37830000000000,22.79180000000000,5.81050000000000,28.38530000000000,28.4751,5897.8368,9.7538,3.9433,5.8105,9.5493,22.7793,5.7685,17.0108,0.6118,5897.8368,NA,29.1104,NA
BioshockHD.exe,18704,0xB251BA8,DXGI,0,0,1,Hardware Composed: Independent Flip,5911.6725,NA,9.89240000000000,9.88890000000000,18.68470000000000,28.37490000000000,28.4716,5907.5906,22.7666,4.0819,18.6847,22.5748,9.8820,5.7304,4.1516,-0.1351,5907.5906,NA,29.0048,NA
BioshockHD.exe,18704,0xB251BA8,DXGI,0,0,1,Hardware Composed: Independent Flip,5934.4421,NA,22.76960000000000,23.50250000000000,5.79550000000000,29.12980000000000,29.2045,5930.3572,9.8804,4.0849,5.7955,9.6902,23.5245,5.7703,17.7542,-0.7359,5930.3572,NA,29.5101,NA
BioshockHD.exe,18704,0xB251BA8,DXGI,0,0,1,Hardware Composed: Independent Flip,5943.9346,NA,9.49250000000000,9.89210000000000,19.83240000000000,29.55280000000000,29.6041,5940.2376,23.5294,3.6970,19.8324,23.3343,9.9155,5.7591,4.1564,-0.0117,5940.2376,NA,30.3958,NA
BioshockHD.exe,18704,0xB251BA8,DXGI,0,0,1,Hardware Composed: Independent Flip,5968.0126,NA,24.07800000000000,23.43750000000000,5.62250000000000,28.88560000000000,28.9636,5963.7670,9.8681,4.2456,5.6225,9.7204,23.4108,5.6989,17.7119,0.0919,5963.7670,NA,31.8288,NA
BioshockHD.exe,18704,0xB251BA8,DXGI,0,0,1,Hardware Composed: Independent Flip,5977.5464,NA,9.53380000000000,9.83350000000000,19.58220000000000,29.18280000000000,29.2633,5973.6351,23.4935,3.9113,19.5822,23.2631,9.8310,5.7810,4.0500,0.0346,5973.6351,NA,33.6763,NA
BioshockHD.exe,18704,0xB251BA8,DXGI,0,0,1,Hardware Composed: Independent Flip,6001.1991,NA,23.65270000000000,23.44890000000000,5.70200000000000,28.97660000000000,29.0595,5997.1286,9.7725,4.0705,5.7020,9.6006,23.4465,5.7325,17.7140,0.0446,5997.1286,NA,30.1103,NA
BioshockHD.exe,18704,0xB251BA8,DXGI,0,0,1,Hardware Composed: Independent Flip,6010.7009,NA,9.50180000000000,9.82990000000000,19.66400000000000,29.28530000000000,29.3876,6006.9011,23.4638,3.7998,19.6640,23.2746,9.8105,5.7017,4.1088,-0.0574,6006.9011,NA,31.9495,NA
BioshockHD.exe,18704,0xB251BA8,DXGI,0,0,1,Hardware Composed: Independent Flip,6034.4066,NA,23.70570000000000,23.54970000000000,5.77870000000000,29.15200000000000,29.2316,6030.3649,9.8204,4.0417,5.7787,9.6213,23.5724,5.7965,17.7759,-0.0859,6030.3649,NA,40.5044,NA
BioshockHD.exe,18704,0xB251BA8,DXGI,0,0,1,Hardware Composed: Independent Flip,6044.0640,NA,9.65740000000000,10.24760000000000,19.72660000000000,29.81110000000000,29.8218,6040.1853,23.6053,3.8787,19.7266,23.3733,10.3165,5.9296,4.3869,-0.4272,6040.1853,NA,32.7333,NA
BioshockHD.exe,18704,0xB251BA8,DXGI,0,0,1,Hardware Composed: Independent Flip,6067.6058,NA,23.54180000000000,22.70490000000000,6.60670000000000,28.89180000000000,28.9849,6063.7906,10.4219,3.8152,6.6067,10.0845,22.6225,5.1326,17.4899,0.9004,6063.7906,NA,NA,NA
BioshockHD.exe,18704,0xB251BA8,DXGI,0,0,1,Hardware Composed: Independent Flip,6078.0505,NA,10.44470000000000,9.71610000000000,18.68160000000000,28.17040000000000,28.2563,6074.2125,22.5196,3.8380,18.6816,22.2851,9.7233,5.6367,4.0866,0.7058,6074.2125,NA,NA,NA
BioshockHD.exe,18704,0xB251BA8,DXGI,0,0,1,Hardware Composed: Independent Flip,6100.7288,NA,22.67830000000000,23.75570000000000,5.69570000000000,29.25470000000000,29.3337,6096.7321,9.6924,3.9967,5.6957,9.4888,23.7626,5.6056,18.1570,-1.2361,6096.7321,NA,32.9204,NA
BioshockHD.exe,18704,0xB251BA8,DXGI,0,0,1,Hardware Composed: Independent Flip,6110.6825,NA,9.95370000000000,9.74980000000000,19.48250000000000,29.04810000000000,29.1298,6106.4245,23.7405,4.2580,19.4825,23.5590,9.7471,5.6878,4.0593,-0.0574,6106.4245,NA,29.6720,NA
BioshockHD.exe,18704,0xB251BA8,DXGI,0,0,1,Hardware Composed: Independent Flip,6134.1299,NA,23.44740000000000,23.46050000000000,5.78370000000000,29.04770000000000,29.1429,6130.1650,9.7486,3.9649,5.7837,9.5656,23.4470,5.7145,17.7325,0.2800,6130.1650,NA,32.1296,NA
BioshockHD.exe,18704,0xB251BA8,DXGI,0,0,1,Hardware Composed: Independent Flip,6143.5523,NA,9.42240000000000,9.85680000000000,19.82130000000000,29.50950000000000,29.5773,6139.9136,23.4600,3.6387,19.8213,23.2640,9.8842,5.7103,4.1739,-0.1082,6139.9136,NA,30.9892,NA
BioshockHD.exe,18704,0xB251BA8,DXGI,0,0,1,Hardware Composed: Independent Flip,6167.5698,NA,24.01750000000000,23.13390000000000,5.65770000000000,28.62920000000000,28.6937,6163.3736,9.8539,4.1962,5.6577,9.6882,23.1372,5.7935,17.3437,0.3261,6163.3736,NA,32.1254,NA
BioshockHD.exe,18704,0xB251BA8,DXGI,0,0,1,Hardware Composed: Independent Flip,6176.9665,NA,9.39670000000000,9.77140000000000,19.42940000000000,28.99750000000000,29.0684,6173.2275,23.1684,3.7390,19.4294,22.9715,9.7650,5.6420,4.1230,0.0825,6173.2275,NA,31.8950,NA
BioshockHD.exe,18704,0xB251BA8,DXGI,0,0,1,Hardware Composed: Independent Flip,6200.9821,NA,24.01560000000000,23.46000000000000,5.13880000000000,28.43690000000000,28.5128,6196.3959,9.7250,4.5862,5.1388,9.5681,23.4550,5.6799,17.7751,-0.2916,6196.3959,NA,35.3514,NA
BioshockHD.exe,18704,0xB251BA8,DXGI,0,0,1,Hardware Composed: Independent Flip,6210.0593,NA,9.07720000000000,9.91780000000000,19.56030000000000,29.28500000000000,29.3534,6206.1209,23.4987,3.9384,19.5603,23.2981,9.9253,5.8465,4.0788,-0.1928,6206.1209,NA,32.2388,NA
BioshockHD.exe,18704,0xB251BA8,DXGI,0,0,1,Hardware Composed: Independent Flip,6233.7382,NA,23.67890000000000,23.39970000000000,5.77230000000000,29.00330000000000,29.0742,6229.6196,9.8909,4.1186,5.7723,9.7247,23.3972,5.6712,17.7260,0.0990,6229.6196,NA,30.6726,NA
BioshockHD.exe,18704,0xB251BA8,DXGI,0,0,1,Hardware Composed: Independent Flip,6243.3634,NA,9.62520000000000,9.80010000000000,19.54870000000000,29.17730000000000,29.2491,6239.5105,23.4016,3.8529,19.5487,23.2310,9.7992,5.7248,4.0744,0.0908,6239.5105,NA,30.4751,NA
BioshockHD.exe,18704,0xB251BA8,DXGI,0,0,1,Hardware Composed: Independent Flip,6266.9599,NA,23.59650000000000,23.13050000000000,5.74430000000000,28.70200000000000,28.7831,6262.9121,9.7921,4.0478,5.7443,9.6286,23.1212,5.7084,17.4128,0.2711,6262.9121,NA,29.6001,NA
BioshockHD.exe,18704,0xB251BA8,DXGI,0,0,1,Hardware Composed: Independent Flip,6276.6936,NA,9.73370000000000,10.19310000000000,19.15230000000000,29.18560000000000,29.2425,6272.7042,23.1417,3.9894,19.1523,22.9577,10.2173,5.6479,4.5694,-0.4010,6272.7042,NA,29.7989,NA
BioshockHD.exe,18704,0xB251BA8,DXGI,0,0,1,Hardware Composed: Independent Flip,6299.7775,NA,23.08390000000000,23.33870000000000,6.27040000000000,29.39800000000000,29.4973,6295.8459,10.2020,3.9316,6.2704,10.0333,23.2963,6.0216,17.2747,-0.1970,6295.8459,NA,31.1358,NA
BioshockHD.exe,18704,0xB251BA8,DXGI,0,0,1,Hardware Composed: Independent Flip,6310.1236,NA,10.34610000000000,9.70830000000000,19.29730000000000,28.76180000000000,28.8595,6306.0479,23.3730,4.0757,19.2973,23.1276,9.7099,5.6035,4.1064,0.4937,6306.0479,NA,29.8373,NA
BioshockHD.exe,18704,0xB251BA8,DXGI,0,0,1,Hardware Composed: Independent Flip,6333.5569,NA,23.43330000000000,23.72390000000000,5.52280000000000,29.06890000000000,29.1501,6329.4209,9.6588,4.1360,5.5228,9.4645,23.7404,6.0789,17.6615,-0.3509,6329.4209,NA,31.5607,NA
BioshockHD.exe,18704,0xB251BA8,DXGI,0,0,1,Hardware Composed: Independent Flip,6342.8210,NA,9.26410000000000,9.72690000000000,19.98980000000000,29.55770000000000,29.6129,6339.0797,23.7311,3.7413,19.9898,23.5461,9.7529,5.6532,4.0997,-0.0681,6339.0797,NA,30.2930,NA
BioshockHD.exe,18704,0xB251BA8,DXGI,0,0,1,Hardware Composed: Independent Flip,6366.7265,NA,23.90550000000000,24.56720000000000,5.80260000000000,30.21960000000000,30.2746,6362.8108,9.7183,3.9157,5.8026,9.5679,24.5674,6.8102,17.7572,-0.8361,6362.8108,NA,32.8633,NA
BioshockHD.exe,18704,0xB251BA8,DXGI,0,0,1,Hardware Composed: Independent Flip,6376.1534,NA,9.42690000000000,12.62160000000000,20.98760000000000,33.37940000000000,33.4693,6372.5291,24.6119,3.6243,20.9876,24.4170,12.5867,8.4045,4.1822,-2.9033,6372.5291,NA,34.4834,NA
BioshockHD.exe,18704,0xB251BA8,DXGI,0,0,1,Hardware Composed: Independent Flip,6400.8123,NA,24.65890000000000,23.07760000000000,8.91240000000000,31.81120000000000,31.8880,6397.1410,12.5837,3.6713,8.9124,12.3918,23.0907,5.7384,17.3523,1.5343,6397.1410,NA,35.5268,NA
BioshockHD.exe,18704,0xB251BA8,DXGI,0,0,1,Hardware Composed: Independent Flip,6413.7428,NA,12.93050000000000,9.88740000000000,19.07070000000000,28.76730000000000,28.8449,6409.7247,23.0888,4.0181,19.0707,22.8988,9.8866,5.7326,4.1540,2.6963,6409.7247,NA,31.4090,NA
BioshockHD.exe,18704,0xB251BA8,DXGI,0,0,1,Hardware Composed: Independent Flip,6436.8046,NA,23.06180000000000,23.49970000000000,5.88510000000000,29.25680000000000,29.2828,6432.8135,9.8762,3.9911,5.8851,9.6966,23.5513,6.0005,17.5508,-0.4109,6432.8135,NA,31.9371,NA
BioshockHD.exe,18704,0xB251BA8,DXGI,0,0,1,Hardware Composed: Independent Flip,6446.4642,NA,9.65960000000000,10.18950000000000,19.72830000000000,29.77190000000000,29.8127,6442.6897,23.5028,3.7745,19.7283,23.3717,10.1747,5.8823,4.2924,-0.3133,6442.6897,NA,30.1401,NA
BioshockHD.exe,18704,0xB251BA8,DXGI,0,0,1,Hardware Composed: Independent Flip,6469.9095,NA,23.44530000000000,23.42790000000000,6.49320000000000,29.73860000000000,29.7953,6466.1925,10.2102,3.7170,6.4932,10.0436,23.4120,5.8117,17.6003,0.0749,6466.1925,NA,30.5649,NA
BioshockHD.exe,18704,0xB251BA8,DXGI,0,0,1,Hardware Composed: Independent Flip,6480.5127,NA,10.60320000000000,10.04050000000000,19.33880000000000,29.19110000000000,29.2326,6476.4027,23.4488,4.1100,19.3388,23.2454,10.0557,5.8324,4.2233,0.1697,6476.4027,NA,29.6038,NA
BioshockHD.exe,18704,0xB251BA8,DXGI,0,0,1,Hardware Composed: Independent Flip,6503.4944,NA,22.98170000000000,23.10530000000000,6.34770000000000,29.27820000000000,29.3562,6499.8515,9.9906,3.6429,6.3477,9.8523,23.0688,5.7310,17.3378,0.3435,6499.8515,NA,33.7138,NA
BioshockHD.exe,18704,0xB251BA8,DXGI,0,0,1,Hardware Composed: Independent Flip,6513.3871,NA,9.89270000000000,9.83310000000000,19.56450000000000,29.21750000000000,29.2966,6509.8421,23.1095,3.5450,19.5645,22.9305,9.8320,5.7571,4.0749,0.1575,6509.8421,NA,31.5136,NA
BioshockHD.exe,18704,0xB251BA8,DXGI,0,0,1,Hardware Composed: Independent Flip,6536.9875,NA,23.60040000000000,23.55240000000000,5.79280000000000,29.15910000000000,29.2486,6532.9516,9.8287,4.0359,5.7928,9.6530,23.5420,5.8086,17.7334,-0.4429,6532.9516,NA,31.0931,NA
BioshockHD.exe,18704,0xB251BA8,DXGI,0,0,1,Hardware Composed: Independent Flip,6546.2275,NA,9.24000000000000,10.27130000000000,20.13840000000000,30.18450000000000,30.2799,6542.7803,23.5856,3.4472,20.1384,23.3663,10.2654,5.8025,4.4629,-0.4426,6542.7803,NA,30.3718,NA
BioshockHD.exe,18704,0xB251BA8,DXGI,0,0,1,Hardware Composed: Independent Flip,6569.8808,NA,23.65330000000000,23.17460000000000,6.72490000000000,29.72100000000000,29.8012,6566.3659,10.2398,3.5149,6.7249,10.0461,23.1898,5.7272,17.4626,0.4110,6566.3659,NA,30.5453,NA
BioshockHD.exe,18704,0xB251BA8,DXGI,0,0,1,Hardware Composed: Independent Flip,6580.0657,NA,10.18490000000000,10.05850000000000,19.79370000000000,29.57720000000000,29.6748,6576.6057,23.2537,3.4600,19.7937,22.9961,10.0411,5.7916,4.2495,0.1813,6576.6057,NA,30.6069,NA
BioshockHD.exe,18704,0xB251BA8,DXGI,0,0,1,Hardware Composed: Independent Flip,6603.4303,NA,23.36460000000000,23.54120000000000,6.43670000000000,29.79020000000000,29.8514,6599.8594,10.0076,3.5709,6.4367,9.7835,23.5776,6.1652,17.4124,-0.2875,6599.8594,NA,32.1347,NA
BioshockHD.exe,18704,0xB251BA8,DXGI,0,0,1,Hardware Composed: Independent Flip,6613.9950,NA,10.56470000000000,10.47860000000000,19.43270000000000,29.68480000000000,29.7653,6609.8670,23.5607,4.1280,19.4327,23.3535,10.4593,5.7049,4.7544,-0.4710,6609.8670,NA,30.5502,NA
BioshockHD.exe,18704,0xB251BA8,DXGI,0,0,1,Hardware Composed: Independent Flip,6637.2266,NA,23.23160000000000,23.11880000000000,6.62750000000000,29.58300000000000,29.6525,6633.4277,10.4264,3.7989,6.6275,10.2521,23.1298,5.7418,17.3880,0.4419,6633.4277,NA,30.7404,NA
BioshockHD.exe,18704,0xB251BA8,DXGI,0,0,1,Hardware Composed: Independent Flip,6647.5465,NA,10.31990000000000,9.95710000000000,19.59730000000000,29.20580000000000,29.2897,6643.8541,23.2897,3.6924,19.5973,22.9555,9.9427,5.7375,4.2052,0.4693,6643.8541,NA,29.7002,NA
BioshockHD.exe,18704,0xB251BA8,DXGI,0,0,1,Hardware Composed: Independent Flip,6670.6209,NA,23.07440000000000,23.02070000000000,6.31490000000000,29.15530000000000,29.2360,6667.1438,9.7920,3.4771,6.3149,9.6085,23.0239,5.6788,17.3451,0.2690,6667.1438,NA,30.7152,NA
BioshockHD.exe,18704,0xB251BA8,DXGI,0,0,1,Hardware Composed: Independent Flip,6680.4422,NA,9.82130000000000,10.06240000000000,19.55710000000000,29.38940000000000,29.4771,6676.9358,23.0635,3.5064,19.5571,22.8404,10.0554,5.8037,4.2517,-0.2704,6676.9358,NA,29.7751,NA
BioshockHD.exe,18704,0xB251BA8,DXGI,0,0,1,Hardware Composed: Independent Flip,6703.6765,NA,23.23430000000000,23.15110000000000,6.34930000000000,29.31420000000000,29.3939,6699.9993,10.0265,3.6772,6.3493,9.8323,23.1591,5.6902,17.4689,-0.0876,6699.9993,NA,44.9296,NA
BioshockHD.exe,18704,0xB251BA8,DXGI,0,0,1,Hardware Composed: Independent Flip,6713.5989,NA,9.92240000000000,9.84720000000000,19.57390000000000,29.22150000000000,29.3187,6710.0258,23.1470,3.5731,19.5739,22.9649,9.8297,5.6587,4.1710,0.1793,6710.0258,NA,32.7766,NA
BioshockHD.exe,18704,0xB251BA8,DXGI,0,0,1,Hardware Composed: Independent Flip,6736.8943,NA,23.29540000000000,23.16300000000000,6.11600000000000,29.11620000000000,29.1863,6733.1728,9.8375,3.7215,6.1160,9.6476,23.1901,5.6921,17.4980,-0.0160,6733.1728,NA,29.9367,NA
BioshockHD.exe,18704,0xB251BA8,DXGI,0,0,1,Hardware Composed: Independent Flip,6746.5346,NA,9.64030000000000,9.85960000000000,19.68090000000000,29.32830000000000,29.4056,6743.0103,23.2052,3.5243,19.6809,23.0002,9.8524,5.7013,4.1511,-0.0221,6743.0103,NA,29.8053,NA
BioshockHD.exe,18704,0xB251BA8,DXGI,0,0,1,Hardware Composed: Independent Flip,6770.4069,NA,23.87230000000000,23.51920000000000,5.62900000000000,28.97450000000000,29.0525,6766.2155,9.8204,4.1914,5.6290,9.6474,23.5185,5.6956,17.8229,-0.3140,6766.2155,NA,29.3210,NA
BioshockHD.exe,18704,0xB251BA8,DXGI,0,0,1,Hardware Composed: Independent Flip,6779.6600,NA,9.25310000000000,9.97520000000000,19.89790000000000,29.67850000000000,29.7746,6776.0359,23.5220,3.6241,19.8979,23.3455,9.9571,5.7436,4.2135,-0.1548,6776.0359,NA,31.2993,NA
BioshockHD.exe,18704,0xB251BA8,DXGI,0,0,1,Hardware Composed: Independent Flip,6803.1774,NA,23.51740000000000,23.16140000000000,6.40150000000000,29.33420000000000,29.4186,6799.5579,10.0210,3.6195,6.4015,9.7806,23.1731,5.6548,17.5183,0.3606,6799.5579,NA,38.4481,NA
BioshockHD.exe,18704,0xB251BA8,DXGI,0,0,1,Hardware Composed: Independent Flip,6813.2467,NA,10.06930000000000,9.86340000000000,19.46030000000000,29.13720000000000,29.2127,6809.5789,23.1281,3.6678,19.4603,22.9327,9.8723,5.6742,4.1981,0.1576,6809.5789,NA,NA,NA
BioshockHD.exe,18704,0xB251BA8,DXGI,0,0,1,Hardware Composed: Independent Flip,6836.4294,NA,23.18270000000000,22.75030000000000,6.14160000000000,28.69840000000000,28.7803,6832.7070,9.8640,3.7224,6.1416,9.6769,22.7439,5.2714,17.4725,0.3778,6832.7070,NA,29.0699,NA
BioshockHD.exe,18704,0xB251BA8,DXGI,0,0,1,Hardware Composed: Independent Flip,6846.0483,NA,9.61890000000000,10.18360000000000,19.29070000000000,29.27510000000000,29.3450,6842.5710,22.7680,3.4773,19.2907,22.5568,10.1956,5.7452,4.4504,-0.3196,6842.5710,NA,30.2528,NA
BioshockHD.exe,18704,0xB251BA8,DXGI,0,0,1,Hardware Composed: Independent Flip,6868.7902,NA,22.74190000000000,22.98290000000000,6.70330000000000,29.50160000000000,29.5860,6865.3390,10.1545,3.4512,6.7033,9.9844,22.9684,5.6289,17.3395,-0.2149,6865.3390,NA,30.2335,NA
BioshockHD.exe,18704,0xB251BA8,DXGI,0,0,1,Hardware Composed: Independent Flip,6879.0473,NA,10.25710000000000,9.88810000000000,19.46460000000000,29.13920000000000,29.2170,6875.4935,23.0184,3.5538,19.4646,22.7983,9.8947,5.6705,4.2242,0.2664,6875.4935,NA,31.1262,NA
BioshockHD.exe,18704,0xB251BA8,DXGI,0,0,1,Hardware Composed: Independent Flip,6902.1766,NA,23.12930000000000,23.09310000000000,6.23950000000000,29.07140000000000,29.1808,6898.5119,9.9042,3.6647,6.2395,9.6746,23.0615,5.6897,17.3718,-0.0747,6898.5119,NA,43.2257,NA
BioshockHD.exe,18704,0xB251BA8,DXGI,0,0,1,Hardware Composed: Independent Flip,6911.9901,NA,9.81350000000000,9.58000000000000,19.53170000000000,28.86460000000000,28.9473,6908.4161,23.1057,3.5740,19.5317,22.8319,9.6067,5.5820,4.0247,0.3242,6908.4161,NA,30.7951,NA
BioshockHD.exe,18704,0xB251BA8,DXGI,0,0,1,Hardware Composed: Independent Flip,6935.1770,NA,23.18690000000000,23.13020000000000,5.93410000000000,28.80240000000000,28.8906,6931.5218,9.5893,3.6552,5.9341,9.3329,23.1247,5.2097,17.9150,-0.0245,6931.5218,NA,NA,NA
BioshockHD.exe,18704,0xB251BA8,DXGI,0,0,1,Hardware Composed: Independent Flip,6944.5450,NA,9.36800000000000,9.94820000000000,19.66890000000000,29.37490000000000,29.4708,6941.1111,23.1028,3.4339,19.6689,22.8683,9.9405,5.7149,4.2256,-0.3589,6941.1111,NA,NA,NA
BioshockHD.exe,18704,0xB251BA8,DXGI,0,0,1,Hardware Composed: Independent Flip,6967.9263,NA,23.38130000000000,22.97300000000000,6.18800000000000,29.00250000000000,29.0625,6964.2139,9.9004,3.7124,6.1880,9.7060,23.0089,5.2813,17.7276,0.1298,6964.2139,NA,NA,NA
BioshockHD.exe,18704,0xB251BA8,DXGI,0,0,1,Hardware Composed: Independent Flip,6977.7545,NA,9.82820000000000,9.25280000000000,19.36910000000000,28.41340000000000,28.4871,6974.1143,23.0093,3.6402,19.3691,22.8145,9.2391,5.1705,4.0686,0.6476,6974.1143,NA,NA,NA
BioshockHD.exe,18704,0xB251BA8,DXGI,0,0,1,Hardware Composed: Independent Flip,7000.8399,NA,23.08540000000000,22.42190000000000,5.49410000000000,27.75080000000000,27.8236,6997.1236,9.2104,3.7163,5.4941,9.0443,22.4228,5.1366,17.2862,0.5874,6997.1236,NA,30.4867,NA
BioshockHD.exe,18704,0xB251BA8,DXGI,0,0,1,Hardware Composed: Independent Flip,7009.7891,NA,8.94920000000000,9.58800000000000,18.97280000000000,28.36390000000000,28.4624,7006.3340,22.4279,3.4551,18.9728,22.2567,9.5623,5.1792,4.3831,-0.3776,7006.3340,NA,37.0781,NA
BioshockHD.exe,18704,0xB251BA8,DXGI,0,0,1,Hardware Composed: Independent Flip,7032.2836,NA,22.49450000000000,22.63600000000000,6.06190000000000,28.56260000000000,28.6039,7028.7619,9.5836,3.5217,6.0619,9.3911,22.6932,5.6588,17.0344,-0.2081,7028.7619,NA,30.7472,NA
BioshockHD.exe,18704,0xB251BA8,DXGI,0,0,1,Hardware Composed: Independent Flip,7041.6652,NA,9.38160000000000,10.15280000000000,19.34890000000000,29.28060000000000,29.3751,7038.3455,22.6686,3.3197,19.3489,22.5007,10.0996,5.7270,4.3726,-0.5692,7038.3455,NA,37.9029,NA
BioshockHD.exe,18704,0xB251BA8,DXGI,0,0,1,Hardware Composed: Independent Flip,7064.4066,NA,22.74140000000000,23.01790000000000,6.76520000000000,29.57540000000000,29.6516,7061.0141,10.1577,3.3925,6.7652,9.9317,23.0362,5.6267,17.4095,-0.3493,7061.0141,NA,29.8869,NA
BioshockHD.exe,18704,0xB251BA8,DXGI,0,0,1,Hardware Composed: Independent Flip,7076.0250,NA,11.61840000000000,10.13500000000000,18.13090000000000,28.10070000000000,28.1682,7071.1718,22.9841,4.8532,18.1309,22.8102,10.1437,5.7073,4.4364,0.0227,7071.1718,NA,31.0197,NA
BioshockHD.exe,18704,0xB251BA8,DXGI,0,0,1,Hardware Composed: Independent Flip,7097.7197,NA,21.69470000000000,23.01280000000000,6.58420000000000,29.37940000000000,29.4863,7094.1559,10.1480,3.5638,6.5842,9.9698,22.9734,5.5963,17.3771,-0.0287,7094.1559,NA,35.0114,NA
BioshockHD.exe,18704,0xB251BA8,DXGI,0,0,1,Hardware Composed: Independent Flip,7107.9692,NA,10.24950000000000,9.73460000000000,19.41890000000000,28.89580000000000,28.9714,7104.3039,23.0842,3.6653,19.4189,22.7952,9.7659,5.6275,4.1384,0.4134,7104.3039,NA,36.8006,NA
BioshockHD.exe,18704,0xB251BA8,DXGI,0,0,1,Hardware Composed: Independent Flip,7131.3054,NA,23.33620000000000,23.87660000000000,5.74910000000000,29.41610000000000,29.5118,7127.3881,9.6664,3.9173,5.7491,9.4769,23.8565,5.6249,18.2316,-0.7924,7127.3881,NA,29.6755,NA
BioshockHD.exe,18704,0xB251BA8,DXGI,0,0,1,Hardware Composed: Independent Flip,7140.5033,NA,9.19790000000000,10.08720000000000,20.41350000000000,30.31270000000000,30.4011,7137.0545,23.8623,3.4488,20.4135,23.6670,10.0945,5.6900,4.4045,-0.4208,7137.0545,NA,32.7661,NA
BioshockHD.exe,18704,0xB251BA8,DXGI,0,0,1,Hardware Composed: Independent Flip,7164.3702,NA,23.86690000000000,22.99000000000000,6.63050000000000,29.44330000000000,29.5242,7160.9168,10.0839,3.4534,6.6305,9.8992,22.9975,5.6288,17.3687,0.8723,7160.9168,NA,33.7657,NA
BioshockHD.exe,18704,0xB251BA8,DXGI,0,0,1,Hardware Composed: Independent Flip,7174.5537,NA,10.18350000000000,9.80120000000000,19.44370000000000,29.04390000000000,29.1419,7171.0007,22.9967,3.5530,19.4437,22.8128,9.7841,5.7215,4.0626,0.2827,7171.0007,NA,33.5595,NA
BioshockHD.exe,18704,0xB251BA8,DXGI,0,0,1,Hardware Composed: Independent Flip,7197.9573,NA,23.40360000000000,23.22360000000000,5.83980000000000,28.88440000000000,28.9619,7193.9974,9.7997,3.9599,5.8398,9.6002,23.2441,5.6578,17.5863,-0.2269,7193.9974,NA,29.7789,NA
BioshockHD.exe,18704,0xB251BA8,DXGI,0,0,1,Hardware Composed: Independent Flip,7207.4226,NA,9.46530000000000,9.76830000000000,19.73450000000000,29.18370000000000,29.2649,7203.7971,23.3600,3.6255,19.7345,23.0446,9.7646,5.6639,4.1007,0.0314,7203.7971,NA,29.5445,NA
BioshockHD.exe,18704,0xB251BA8,DXGI,0,0,1,Hardware Composed: Independent Flip,7231.0564,NA,23.63380000000000,23.31420000000000,5.72330000000000,28.85820000000000,28.9453,7227.1571,9.6226,3.8993,5.7233,9.4492,23.3083,5.7133,17.5950,0.0458,7227.1571,NA,32.8677,NA
BioshockHD.exe,18704,0xB251BA8,DXGI,0,0,1,Hardware Composed: Independent Flip,7240.0867,NA,9.03030000000000,10.21640000000000,20.01760000000000,30.03170000000000,30.1314,7236.7797,23.3246,3.3070,20.0176,23.1349,10.2038,5.7453,4.4585,-0.5938,7236.7797,NA,32.0809,NA
BioshockHD.exe,18704,0xB251BA8,DXGI,0,0,1,Hardware Composed: Independent Flip,7263.5041,NA,23.41740000000000,23.00600000000000,6.81850000000000,29.63620000000000,29.7200,7260.1043,10.2183,3.3998,6.8185,10.0141,23.0219,5.6553,17.3666,0.3186,7260.1043,NA,33.0918,NA
BioshockHD.exe,18704,0xB251BA8,DXGI,0,0,1,Hardware Composed: Independent Flip,7273.9817,NA,10.47760000000000,9.68620000000000,19.37290000000000,28.86080000000000,28.9286,7270.3226,23.0320,3.6591,19.3729,22.8177,9.7022,5.6468,4.0554,0.5321,7270.3226,NA,29.7629,NA
BioshockHD.exe,18704,0xB251BA8,DXGI,0,0,1,Hardware Composed: Independent Flip,7297.0559,NA,23.07420000000000,23.28160000000000,5.95330000000000,29.05050000000000,29.1360,7293.3546,9.6546,3.7013,5.9533,9.4879,23.2639,5.6869,17.5770,-0.2496,7293.3546,NA,32.0400,NA
BioshockHD.exe,18704,0xB251BA8,DXGI,0,0,1,Hardware Composed: Independent Flip,7306.8857,NA,9.82980000000000,10.15540000000000,19.40850000000000,29.38350000000000,29.4616,7303.0092,23.2850,3.8765,19.4085,23.0972,10.1628,5.7804,4.3824,-0.5008,7303.0092,NA,30.2092,NA
BioshockHD.exe,18704,0xB251BA8,DXGI,0,0,1,Hardware Composed: Independent Flip,7329.8219,NA,22.93620000000000,23.04860000000000,6.62610000000000,29.50620000000000,29.5740,7326.2942,10.1538,3.5277,6.6261,9.9750,23.0589,5.6563,17.4026,0.2364,7326.2942,NA,30.2579,NA
BioshockHD.exe,18704,0xB251BA8,DXGI,0,0,1,Hardware Composed: Independent Flip,7340.0526,NA,10.23070000000000,9.96040000000000,19.44440000000000,29.22250000000000,29.3037,7336.4480,23.0490,3.6046,19.4444,22.8801,9.9470,5.7273,4.2197,0.1934,7336.4480,NA,30.2193,NA
BioshockHD.exe,18704,0xB251BA8,DXGI,0,0,1,Hardware Composed: Independent Flip,7363.1919,NA,23.13930000000000,23.15260000000000,6.26100000000000,29.25150000000000,29.3170,7359.4970,9.9559,3.6949,6.2610,9.7781,23.1683,5.6922,17.4761,-0.1036,7359.4970,NA,30.3719,NA
BioshockHD.exe,18704,0xB251BA8,DXGI,0,0,1,Hardware Composed: Independent Flip,7373.3411,NA,10.14920000000000,9.87710000000000,19.27070000000000,28.97740000000000,29.0449,7369.4529,23.1589,3.8882,19.2707,22.9905,9.8751,5.7698,4.1053,0.0788,7369.4529,NA,32.2471,NA
BioshockHD.exe,18704,0xB251BA8,DXGI,0,0,1,Hardware Composed: Independent Flip,7397.4723,NA,24.13120000000000,23.43450000000000,5.00910000000000,28.25920000000000,28.3482,7392.6118,9.8696,4.8605,5.0091,9.7067,23.4130,5.8270,17.5860,-0.2756,7392.6118,NA,28.6797,NA
BioshockHD.exe,18704,0xB251BA8,DXGI,0,0,1,Hardware Composed: Independent Flip,7406.3468,NA,8.87450000000000,9.94590000000000,19.57260000000000,29.32750000000000,29.4196,7402.4814,23.4380,3.8654,19.5726,23.2501,9.9428,5.8581,4.0847,-0.0763,7402.4814,NA,32.6281,NA
BioshockHD.exe,18704,0xB251BA8,DXGI,0,0,1,Hardware Composed: Independent Flip,7429.7735,NA,23.42670000000000,23.38990000000000,6.08970000000000,29.30120000000000,29.3828,7425.9194,9.9438,3.8541,6.0897,9.7549,23.4004,5.8023,17.5981,0.0481,7425.9194,NA,31.0156,NA
BioshockHD.exe,18704,0xB251BA8,DXGI,0,0,1,Hardware Composed: Independent Flip,7439.7094,NA,9.93590000000000,10.11170000000000,19.56950000000000,29.47590000000000,29.5586,7435.8632,23.4157,3.8462,19.5695,23.2115,10.1106,5.8968,4.2138,-0.1679,7435.8632,NA,32.1264,NA
BioshockHD.exe,18704,0xB251BA8,DXGI,0,0,1,Hardware Composed: Independent Flip,7463.0052,NA,23.29580000000000,23.36840000000000,6.35490000000000,29.54410000000000,29.6312,7459.2789,10.0812,3.7263,6.3549,9.9064,23.3640,5.7924,17.5716,0.0473,7459.2789,NA,32.4990,NA
BioshockHD.exe,18704,0xB251BA8,DXGI,0,0,1,Hardware Composed: Independent Flip,7473.0438,NA,10.03860000000000,10.06420000000000,19.69110000000000,29.56940000000000,29.6568,7469.3601,23.3748,3.6837,19.6911,23.1892,10.0639,5.8259,4.2380,0.0170,7469.3601,NA,30.5600,NA
BioshockHD.exe,18704,0xB251BA8,DXGI,0,0,1,Hardware Composed: Independent Flip,7496.3896,NA,23.34580000000000,23.52170000000000,6.40810000000000,29.76920000000000,29.8327,7492.7349,10.0628,3.6547,6.4081,9.8783,23.5456,5.8743,17.6713,-0.1469,7492.7349,NA,32.0885,NA
BioshockHD.exe,18704,0xB251BA8,DXGI,0,0,1,Hardware Composed: Independent Flip,7506.6955,NA,10.30590000000000,9.94880000000000,19.62670000000000,29.39310000000000,29.4756,7502.7977,23.5245,3.8978,19.6267,23.3611,9.9298,5.8049,4.1249,0.1140,7502.7977,NA,32.0319,NA
BioshockHD.exe,18704,0xB251BA8,DXGI,0,0,1,Hardware Composed: Independent Flip,7530.3023,NA,23.60680000000000,23.52330000000000,5.96930000000000,29.31130000000000,29.3921,7526.3222,9.9494,3.9801,5.9693,9.7664,23.5250,5.8060,17.7190,0.0012,7526.3222,NA,30.5537,NA
BioshockHD.exe,18704,0xB251BA8,DXGI,0,0,1,Hardware Composed: Independent Flip,7540.0189,NA,9.71660000000000,10.03850000000000,19.77780000000000,29.61430000000000,29.7140,7536.2716,23.5251,3.7473,19.7778,23.3420,10.0196,5.9228,4.0968,-0.0891,7536.2716,NA,31.5953,NA
BioshockHD.exe,18704,0xB251BA8,DXGI,0,0,1,Hardware Composed: Independent Flip,7563.6893,NA,23.67040000000000,23.54530000000000,6.13920000000000,29.51790000000000,29.5889,7559.7967,10.0318,3.8926,6.1392,9.8365,23.5740,5.7893,17.7847,-0.0202,7559.7967,NA,31.1375,NA
BioshockHD.exe,18704,0xB251BA8,DXGI,0,0,1,Hardware Composed: Independent Flip,7573.5060,NA,9.81670000000000,9.86030000000000,19.89980000000000,29.55350000000000,29.6325,7569.8285,23.5773,3.6775,19.8998,23.3787,9.8523,5.8222,4.0301,0.1715,7569.8285,NA,37.0005,NA
BioshockHD.exe,18704,0xB251BA8,DXGI,0,0,1,Hardware Composed: Independent Flip,7597.3208,NA,23.81480000000000,23.29100000000000,5.91270000000000,29.02210000000000,29.1087,7593.4058,9.8277,3.9150,5.9127,9.6537,23.2834,5.8442,17.4392,0.2863,7593.4058,NA,32.2513,NA
BioshockHD.exe,18704,0xB251BA8,DXGI,0,0,1,Hardware Composed: Independent Flip,7606.9555,NA,9.63470000000000,9.97240000000000,19.57740000000000,29.39160000000000,29.4464,7603.2335,23.2994,3.7220,19.5774,23.1094,10.0042,5.8660,4.1382,-0.1447,7603.2335,NA,32.2591,NA
BioshockHD.exe,18704,0xB251BA8,DXGI,0,0,1,Hardware Composed: Independent Flip,7630.9374,NA,23.98190000000000,24.30890000000000,5.56450000000000,29.69150000000000,29.7734,7626.5329,9.9690,4.4045,5.5645,9.8142,24.2818,5.8264,18.4554,-1.0095,7626.5329,NA,30.5635,NA
BioshockHD.exe,18704,0xB251BA8,DXGI,0,0,1,Hardware Composed: Independent Flip,7640.2212,NA,9.28380000000000,10.36920000000000,20.58680000000000,30.78100000000000,30.8588,7636.5019,24.3061,3.7193,20.5868,24.1270,10.3733,5.9026,4.4707,-0.4002,7636.5019,NA,31.9361,NA
BioshockHD.exe,18704,0xB251BA8,DXGI,0,0,1,Hardware Composed: Independent Flip,7664.3296,NA,24.10840000000000,23.22500000000000,6.85000000000000,29.89570000000000,29.9754,7660.8080,10.3716,3.5216,6.8500,10.1942,23.2231,5.8397,17.3834,1.0811,7660.8080,NA,30.1658,NA
BioshockHD.exe,18704,0xB251BA8,DXGI,0,0,1,Hardware Composed: Independent Flip,7675.0915,NA,10.76190000000000,10.09080000000000,19.33220000000000,29.25300000000000,29.3043,7671.1796,23.2441,3.9119,19.3322,23.0457,10.1192,5.9027,4.2165,0.2808,7671.1796,NA,34.2611,NA
BioshockHD.exe,18704,0xB251BA8,DXGI,0,0,1,Hardware Composed: Independent Flip,7698.1588,NA,23.06730000000000,23.40240000000000,6.35500000000000,29.55530000000000,29.6394,7694.4237,10.0901,3.7351,6.3550,9.9208,23.3696,5.8515,17.5181,-0.1583,7694.4237,NA,33.6656,NA
BioshockHD.exe,18704,0xB251BA8,DXGI,0,0,1,Hardware Composed: Independent Flip,7708.5741,NA,10.41530000000000,9.92110000000000,19.32210000000000,29.06950000000000,29.1452,7704.5138,23.3824,4.0603,19.3221,23.2003,9.9295,5.8428,4.0867,0.1690,7704.5138,NA,33.5788,NA
BioshockHD.exe,18704,0xB251BA8,DXGI,0,0,1,Hardware Composed: Independent Flip,7731.8108,NA,23.23670000000000,23.52400000000000,5.99890000000000,29.35700000000000,29.4325,7727.8962,9.9135,3.9146,5.9989,9.7474,23.5242,5.8794,17.6448,-0.1416,7727.8962,NA,32.1053,NA
BioshockHD.exe,18704,0xB251BA8,DXGI,0,0,1,Hardware Composed: Independent Flip,7741.4434,NA,9.63260000000000,10.23970000000000,19.94920000000000,29.96580000000000,30.0396,7737.8097,23.5829,3.6337,19.9492,23.3581,10.2414,5.9596,4.2818,-0.3262,7737.8097,NA,30.3458,NA
BioshockHD.exe,18704,0xB251BA8,DXGI,0,0,1,Hardware Composed: Independent Flip,7764.9706,NA,23.52720000000000,23.60950000000000,6.61010000000000,30.05390000000000,30.1219,7761.3926,10.1881,3.5780,6.6101,10.0166,23.6153,5.8428,17.7725,-0.0266,7761.3926,NA,32.9557,NA
BioshockHD.exe,18704,0xB251BA8,DXGI,0,0,1,Hardware Composed: Independent Flip,7775.1871,NA,10.21650000000000,10.15360000000000,20.00220000000000,29.97770000000000,30.0590,7771.5807,23.6086,3.6064,20.0022,23.4438,10.1403,5.8970,4.2433,0.0345,7771.5807,NA,33.1123,NA
BioshockHD.exe,18704,0xB251BA8,DXGI,0,0,1,Hardware Composed: Independent Flip,7799.0478,NA,23.86070000000000,23.33740000000000,6.29530000000000,29.44370000000000,29.5357,7795.1893,10.1538,3.8585,6.2953,9.9755,23.3267,5.8520,17.4747,0.2712,7795.1893,NA,30.4418,NA
BioshockHD.exe,18704,0xB251BA8,DXGI,0,0,1,Hardware Composed: Independent Flip,7808.9100,NA,9.86220000000000,9.95890000000000,19.76930000000000,29.53110000000000,29.6324,7805.3431,23.3362,3.5669,19.7693,23.1484,9.9496,5.8611,4.0885,0.1949,7805.3431,NA,31.4046,NA
BioshockHD.exe,18704,0xB251BA8,DXGI,0,0,1,Hardware Composed: Independent Flip,7832.6198,NA,23.70980000000000,23.62460000000000,6.02150000000000,29.46940000000000,29.5472,7828.6793,9.9620,3.9405,6.0215,9.7618,23.6481,5.9223,17.7258,-0.2884,7828.6793,NA,31.0281,NA
BioshockHD.exe,18704,0xB251BA8,DXGI,0,0,1,Hardware Composed: Independent Flip,7842.4447,NA,9.82490000000000,10.16180000000000,19.81980000000000,29.81070000000000,29.8841,7838.6413,23.6232,3.8034,19.8198,23.4479,10.1662,6.0625,4.1037,-0.1998,7838.6413,NA,30.1854,NA
BioshockHD.exe,18704,0xB251BA8,DXGI,0,0,1,Hardware Composed: Independent Flip,7866.2009,NA,23.75620000000000,23.42820000000000,6.22090000000000,29.47400000000000,29.5561,7862.2645,10.1573,3.9364,6.2209,9.9909,23.4195,5.9385,17.4810,0.1950,7862.2645,NA,31.6198,NA
BioshockHD.exe,18704,0xB251BA8,DXGI,0,0,1,Hardware Composed: Independent Flip,7876.3793,NA,10.17840000000000,10.48270000000000,19.47830000000000,29.78020000000000,29.8604,7872.4218,23.4358,3.9575,19.4783,23.2531,10.4846,5.9373,4.5473,-0.3254,7872.4218,NA,32.1042,NA
BioshockHD.exe,18704,0xB251BA8,DXGI,0,0,1,Hardware Composed: Independent Flip,7899.9263,NA,23.54700000000000,23.16850000000000,6.42150000000000,29.41710000000000,29.4819,7895.8576,10.4902,4.0687,6.4215,10.3019,23.1839,5.8800,17.3039,0.2673,7895.8576,NA,34.2734,NA
BioshockHD.exe,18704,0xB251BA8,DXGI,0,0,1,Hardware Composed: Independent Flip,7910.1136,NA,10.18730000000000,10.38170000000000,19.39740000000000,29.59340000000000,29.6763,7906.3478,23.1632,3.7658,19.3974,22.9956,10.3636,5.9486,4.4150,0.1085,7906.3478,NA,30.6498,NA
BioshockHD.exe,18704,0xB251BA8,DXGI,0,0,1,Hardware Composed: Independent Flip,7933.0956,NA,22.98200000000000,23.48120000000000,6.79550000000000,30.06990000000000,30.1755,7929.5110,10.3801,3.5846,6.7955,10.1960,23.4585,5.9467,17.5118,-0.3180,7929.5110,NA,33.1367,NA
BioshockHD.exe,18704,0xB251BA8,DXGI,0,0,1,Hardware Composed: Independent Flip,7943.7912,NA,10.69560000000000,10.02480000000000,19.58520000000000,29.42430000000000,29.5047,7939.8911,23.4853,3.9001,19.5852,23.2744,10.0500,5.9465,4.1035,0.3553,7939.8911,NA,31.1591,NA
BioshockHD.exe,18704,0xB251BA8,DXGI,0,0,1,Hardware Composed: Independent Flip,7967.6782,NA,23.88700000000000,23.69630000000000,5.71330000000000,29.24120000000000,29.3140,7963.3764,10.0151,4.3018,5.7133,9.8391,23.7039,5.9265,17.7774,-0.2110,7963.3764,NA,31.8462,NA
BioshockHD.exe,18704,0xB251BA8,DXGI,0,0,1,Hardware Composed: Independent Flip,7977.2357,NA,9.55750000000000,9.96940000000000,19.90200000000000,29.64200000000000,29.7259,7973.3915,23.7462,3.8442,19.9020,23.5279,9.9583,5.9212,4.0371,0.0457,7973.3915,NA,33.8308,NA
BioshockHD.exe,18704,0xB251BA8,DXGI,0,0,1,Hardware Composed: Independent Flip,8000.9168,NA,23.68110000000000,23.72600000000000,6.14240000000000,29.69650000000000,29.7708,7997.1377,9.9215,3.7791,6.1424,9.7400,23.7356,5.9409,17.7947,0.0202,7997.1377,NA,30.5465,NA
BioshockHD.exe,18704,0xB251BA8,DXGI,0,0,1,Hardware Composed: Independent Flip,8010.8380,NA,9.92120000000000,10.13090000000000,19.94670000000000,29.90710000000000,29.9805,8007.0592,23.7255,3.7788,19.9467,23.5541,10.1318,6.0351,4.0967,-0.2094,8007.0592,NA,31.6754,NA
BioshockHD.exe,18704,0xB251BA8,DXGI,0,0,1,Hardware Composed: Independent Flip,8034.6316,NA,23.79360000000000,23.73010000000000,6.32060000000000,29.84100000000000,29.9170,8030.7847,10.1675,3.8469,6.3206,9.9604,23.7275,5.9689,17.7586,-0.0046,8030.7847,NA,32.4080,NA
BioshockHD.exe,18704,0xB251BA8,DXGI,0,0,1,Hardware Composed: Independent Flip,8044.8511,NA,10.21950000000000,10.09140000000000,19.79440000000000,29.70630000000000,29.7889,8040.9522,23.6933,3.8989,19.7944,23.5204,10.0848,5.9609,4.1239,0.0761,8040.9522,NA,30.4980,NA
BioshockHD.exe,18704,0xB251BA8,DXGI,0,0,1,Hardware Composed: Independent Flip,8068.7761,NA,23.92500000000000,23.61330000000000,5.96580000000000,29.40050000000000,29.4772,8064.6455,10.0964,4.1306,5.9658,9.9119,23.6192,5.9840,17.6352,0.0800,8064.6455,NA,33.1068,NA
BioshockHD.exe,18704,0xB251BA8,DXGI,0,0,1,Hardware Composed: Independent Flip,8078.5898,NA,9.81370000000000,10.09570000000000,19.79590000000000,29.68550000000000,29.7592,8074.7419,23.6438,3.8479,19.7959,23.4347,10.0987,5.9704,4.1283,0.0007,8074.7419,NA,34.2103,NA
BioshockHD.exe,18704,0xB251BA8,DXGI,0,0,1,Hardware Composed: Independent Flip,8102.6680,NA,24.07820000000000,23.72380000000000,5.81240000000000,29.33290000000000,29.4048,8098.3857,10.0947,4.2823,5.8124,9.8896,23.7256,5.9558,17.7698,-0.0800,8098.3857,NA,31.8996,NA
BioshockHD.exe,18704,0xB251BA8,DXGI,0,0,1,Hardware Composed: Independent Flip,8112.4675,NA,9.79950000000000,10.03850000000000,19.70810000000000,29.56840000000000,29.6438,8108.4804,23.6952,3.9871,19.7081,23.5205,10.0350,5.9903,4.0447,0.0562,8108.4804,NA,30.9632,NA
BioshockHD.exe,18704,0xB251BA8,DXGI,0,0,1,Hardware Composed: Independent Flip,8136.3562,NA,23.88870000000000,24.73980000000000,5.87180000000000,30.39810000000000,30.4949,8132.1756,10.0524,4.1806,5.8718,9.8603,24.7184,6.0283,18.6901,-1.0446,8132.1756,NA,30.7110,NA
BioshockHD.exe,18704,0xB251BA8,DXGI,0,0,1,Hardware Composed: Independent Flip,8146.2069,NA,9.85070000000000,10.17360000000000,20.75340000000000,30.73080000000000,30.8178,8142.2280,24.7323,3.9789,20.7534,24.5263,10.1834,5.9989,4.1845,-0.1212,8142.2280,NA,31.8929,NA
BioshockHD.exe,18704,0xB251BA8,DXGI,0,0,1,Hardware Composed: Independent Flip,8170.9811,NA,24.77420000000000,23.70680000000000,6.13470000000000,29.67830000000000,29.7504,8166.9603,10.1555,4.0208,6.1347,9.9774,23.7217,6.0385,17.6832,1.0255,8166.9603,NA,30.5959,NA
BioshockHD.exe,18704,0xB251BA8,DXGI,0,0,1,Hardware Composed: Independent Flip,8181.0648,NA,10.08370000000000,10.63150000000000,19.77890000000000,30.21080000000000,30.2982,8177.1158,23.7279,3.9490,19.7789,23.5436,10.6162,6.1420,4.4742,-0.4760,8177.1158,NA,31.2290,NA
BioshockHD.exe,18704,0xB251BA8,DXGI,0,0,1,Hardware Composed: Independent Flip,8204.4825,NA,23.41770000000000,23.47360000000000,6.98670000000000,30.27410000000000,30.3541,8200.8437,10.6255,3.6388,6.9867,10.4319,23.4810,6.0214,17.4596,0.2543,8200.8437,NA,30.7025,NA
BioshockHD.exe,18704,0xB251BA8,DXGI,0,0,1,Hardware Composed: Independent Flip,8215.4203,NA,10.93780000000000,10.34450000000000,19.54150000000000,29.65670000000000,29.7608,8211.4692,23.4926,3.9511,19.5415,23.2874,10.3204,6.0989,4.2215,0.2810,8211.4692,NA,32.0385,NA
BioshockHD.exe,18704,0xB251BA8,DXGI,0,0,1,Hardware Composed: Independent Flip,8238.7549,NA,23.33460000000000,23.65890000000000,6.52920000000000,30.00990000000000,30.0851,8234.9618,10.3223,3.7931,6.5292,10.1152,23.6878,6.0889,17.5989,-0.1663,8234.9618,NA,31.7013,NA
BioshockHD.exe,18704,0xB251BA8,DXGI,0,0,1,Hardware Composed: Independent Flip,8249.2689,NA,10.51400000000000,10.57810000000000,19.67390000000000,30.07240000000000,30.1492,8245.2841,23.6587,3.9848,19.6739,23.4807,10.5765,6.0859,4.4906,-0.2558,8245.2841,NA,31.2778,NA
BioshockHD.exe,18704,0xB251BA8,DXGI,0,0,1,Hardware Composed: Independent Flip,8273.2287,NA,23.95980000000000,23.46810000000000,6.28240000000000,29.59370000000000,29.6575,8268.9428,10.5683,4.2859,6.2824,10.3985,23.4811,6.1185,17.3626,0.1906,8268.9428,NA,31.7469,NA
BioshockHD.exe,18704,0xB251BA8,DXGI,0,0,1,Hardware Composed: Independent Flip,8283.5082,NA,10.27950000000000,10.29560000000000,19.47580000000000,29.58440000000000,29.6736,8279.5111,23.4729,3.9971,19.4758,23.3113,10.2702,6.1340,4.1362,0.2727,8279.5111,NA,30.0423,NA
BioshockHD.exe,18704,0xB251BA8,DXGI,0,0,1,Hardware Composed: Independent Flip,8307.3006,NA,23.79240000000000,23.76160000000000,6.00330000000000,29.56680000000000,29.6428,8302.9840,10.3199,4.3166,6.0033,10.1086,23.7748,6.0793,17.6955,-0.2887,8302.9840,NA,30.8004,NA
BioshockHD.exe,18704,0xB251BA8,DXGI,0,0,1,Hardware Composed: Independent Flip,8317.0632,NA,9.76260000000000,10.40210000000000,19.98050000000000,30.21290000000000,30.2823,8313.3039,23.7398,3.7593,19.9805,23.5635,10.4087,6.1520,4.2567,-0.0822,8313.3039,NA,32.2016,NA
BioshockHD.exe,18704,0xB251BA8,DXGI,0,0,1,Hardware Composed: Independent Flip,8340.7272,NA,23.66400000000000,23.59830000000000,6.74840000000000,30.17480000000000,30.2166,8337.0437,10.4319,3.6835,6.7484,10.2324,23.6259,6.1097,17.5162,0.1415,8337.0437,NA,31.8077,NA
BioshockHD.exe,18704,0xB251BA8,DXGI,0,0,1,Hardware Composed: Independent Flip,8351.6604,NA,10.93320000000000,10.23000000000000,19.38970000000000,29.42390000000000,29.5134,8347.4756,23.5745,4.1848,19.3897,23.4264,10.1823,6.0985,4.0838,0.2019,8347.4756,NA,34.0433,NA
BioshockHD.exe,18704,0xB251BA8,DXGI,0,0,1,Hardware Composed: Independent Flip,8374.9513,NA,23.29090000000000,23.97910000000000,6.36070000000000,30.13710000000000,30.2016,8371.0501,10.2619,3.9012,6.3607,10.0342,24.0041,6.1864,17.8177,-0.4046,8371.0501,NA,34.0165,NA
BioshockHD.exe,18704,0xB251BA8,DXGI,0,0,1,Hardware Composed: Independent Flip,8385.3101,NA,10.35880000000000,10.46070000000000,19.94530000000000,30.22310000000000,30.3035,8381.3120,23.9434,3.9981,19.9453,23.7764,10.4448,6.2109,4.2339,-0.1988,8381.3120,NA,34.4277,NA
BioshockHD.exe,18704,0xB251BA8,DXGI,0,0,1,Hardware Composed: Independent Flip,8408.9905,NA,23.68040000000000,23.86740000000000,6.72930000000000,30.41480000000000,30.4905,8405.2554,10.4644,3.7351,6.7293,10.2778,23.8721,6.1713,17.7008,0.0760,8405.2554,NA,32.3352,NA
BioshockHD.exe,18704,0xB251BA8,DXGI,0,0,1,Hardware Composed: Independent Flip,8419.4077,NA,10.41720000000000,10.51590000000000,20.18810000000000,30.50850000000000,30.5892,8415.7198,23.8760,3.6879,20.1881,23.6855,10.5109,6.2108,4.3001,-0.0515,8415.7198,NA,31.8645,NA
BioshockHD.exe,18704,0xB251BA8,DXGI,0,0,1,Hardware Composed: Independent Flip,8443.4721,NA,24.06440000000000,23.71820000000000,6.63110000000000,30.17070000000000,30.2430,8439.5958,10.5074,3.8763,6.6311,10.3204,23.7266,6.1306,17.5960,0.1578,8439.5958,NA,30.5763,NA
BioshockHD.exe,18704,0xB251BA8,DXGI,0,0,1,Hardware Composed: Independent Flip,8454.1433,NA,10.67120000000000,10.44340000000000,19.67190000000000,29.92130000000000,30.0152,8450.1032,23.7120,4.0401,19.6719,23.5396,10.4218,6.1729,4.2489,0.0640,8450.1032,NA,31.0220,NA
BioshockHD.exe,18704,0xB251BA8,DXGI,0,0,1,Hardware Composed: Independent Flip,8477.5448,NA,23.40150000000000,23.75740000000000,6.74580000000000,30.29940000000000,30.3711,8473.8152,10.4754,3.7296,6.7458,10.2494,23.7796,6.1629,17.6167,-0.0454,8473.8152,NA,32.7754,NA
BioshockHD.exe,18704,0xB251BA8,DXGI,0,0,1,Hardware Composed: Independent Flip,8488.1102,NA,10.56540000000000,10.54860000000000,19.91310000000000,30.26860000000000,30.3543,8484.2906,23.7327,3.8196,19.9131,23.5536,10.5346,6.2127,4.3219,-0.0732,8484.2906,NA,31.3262,NA
BioshockHD.exe,18704,0xB251BA8,DXGI,0,0,1,Hardware Composed: Independent Flip,8511.7079,NA,23.59770000000000,23.76730000000000,6.91590000000000,30.45160000000000,30.5239,8508.0233,10.6005,3.6846,6.9159,10.3555,23.7807,6.1868,17.5939,-0.0346,8508.0233,NA,31.0912,NA
BioshockHD.exe,18704,0xB251BA8,DXGI,0,0,1,Hardware Composed: Independent Flip,8522.5024,NA,10.79450000000000,10.55630000000000,19.85850000000000,30.14510000000000,30.2857,8518.6238,23.7371,3.8786,19.8585,23.5357,10.4880,6.2837,4.2043,0.0442,8518.6238,NA,32.6539,NA
BioshockHD.exe,18704,0xB251BA8,DXGI,0,0,1,Hardware Composed: Independent Flip,8546.2161,NA,23.71370000000000,23.60190000000000,6.67690000000000,30.10150000000000,30.1739,8542.3609,10.5321,3.8552,6.6769,10.2866,23.6701,6.1656,17.5045,0.1352,8542.3609,NA,31.2547,NA
BioshockHD.exe,18704,0xB251BA8,DXGI,0,0,1,Hardware Composed: Independent Flip,8556.7728,NA,10.55670000000000,10.34610000000000,19.71310000000000,29.88500000000000,29.9633,8552.8930,23.5929,3.8798,19.7131,23.4246,10.3402,6.2220,4.1182,0.1860,8552.8930,NA,33.5595,NA
BioshockHD.exe,18704,0xB251BA8,DXGI,0,0,1,Hardware Composed: Independent Flip,8580.2378,NA,23.46500000000000,24.04520000000000,6.66080000000000,30.46420000000000,30.5435,8576.4859,10.4127,3.7519,6.6608,10.1719,24.0442,6.1402,17.9040,-0.4523,8576.4859,NA,31.6143,NA
BioshockHD.exe,18704,0xB251BA8,DXGI,0,0,1,Hardware Composed: Independent Flip,8590.8280,NA,10.59020000000000,10.25080000000000,20.11150000000000,30.11860000000000,30.2041,8586.8986,24.0409,3.9294,20.1115,23.8034,10.2446,6.1382,4.1064,0.1619,8586.8986,NA,32.8607,NA
BioshockHD.exe,18704,0xB251BA8,DXGI,0,0,1,Hardware Composed: Independent Flip,8615.0650,NA,24.23700000000000,23.93710000000000,6.06290000000000,29.82620000000000,29.9042,8610.9395,10.1884,4.1255,6.0629,10.0071,23.9446,6.1924,17.7522,0.1038,8610.9395,NA,31.7920,NA
BioshockHD.exe,18704,0xB251BA8,DXGI,0,0,1,Hardware Composed: Independent Flip,8624.8637,NA,9.79870000000000,10.51900000000000,20.20570000000000,30.54220000000000,30.6245,8621.1279,23.9415,3.7358,20.2057,23.7633,10.5147,6.2224,4.2923,-0.3306,8621.1279,NA,31.3555,NA
BioshockHD.exe,18704,0xB251BA8,DXGI,0,0,1,Hardware Composed: Independent Flip,8648.9038,NA,24.04010000000000,24.46820000000000,6.68870000000000,30.98430000000000,31.0526,8645.0694,10.5231,3.8344,6.6887,10.3365,24.4822,6.1544,18.3278,-0.5267,8645.0694,NA,33.8150,NA
BioshockHD.exe,18704,0xB251BA8,DXGI,0,0,1,Hardware Composed: Independent Flip,8660.0564,NA,11.15260000000000,10.72930000000000,19.99880000000000,30.52780000000000,30.6293,8655.5925,24.4627,4.4639,19.9988,24.2956,10.6961,6.2221,4.4740,-0.2062,8655.5925,NA,32.5462,NA
BioshockHD.exe,18704,0xB251BA8,DXGI,0,0,1,Hardware Composed: Independent Flip,8683.6270,NA,23.57060000000000,23.75670000000000,7.15080000000000,30.73490000000000,30.8154,8680.0552,10.7226,3.5718,7.1508,10.5290,23.7777,6.3979,17.3798,0.7060,8680.0552,NA,32.3021,NA
BioshockHD.exe,18704,0xB251BA8,DXGI,0,0,1,Hardware Composed: Independent Flip,8694.6994,NA,11.07240000000000,10.97380000000000,19.84640000000000,30.61890000000000,30.7168,8690.7778,23.7680,3.9216,19.8464,23.5841,10.9564,6.2243,4.7321,-0.2512,8690.7778,NA,31.2797,NA
BioshockHD.exe,18704,0xB251BA8,DXGI,0,0,1,Hardware Composed: Independent Flip,8718.4044,NA,23.70500000000000,23.45630000000000,7.10450000000000,30.39250000000000,30.4681,8714.5458,10.9631,3.8586,7.1045,10.7725,23.4786,6.1851,17.2935,0.3117,8714.5458,NA,31.7316,NA
BioshockHD.exe,18704,0xB251BA8,DXGI,0,0,1,Hardware Composed: Independent Flip,8729.2800,NA,10.87560000000000,10.70030000000000,19.69380000000000,30.20770000000000,30.2928,8725.5089,23.4649,3.7711,19.6938,23.2880,10.6908,6.1801,4.5107,0.2628,8725.5089,NA,30.4350,NA
BioshockHD.exe,18704,0xB251BA8,DXGI,0,0,1,Hardware Composed: Independent Flip,8753.0447,NA,23.76470000000000,23.67050000000000,6.62460000000000,30.11520000000000,30.1986,8748.9738,10.6955,4.0709,6.6246,10.5139,23.6722,6.2268,17.4454,-0.2056,8748.9738,NA,31.1045,NA
BioshockHD.exe,18704,0xB251BA8,DXGI,0,0,1,Hardware Composed: Independent Flip,8763.5763,NA,10.53160000000000,10.81350000000000,19.78280000000000,30.40440000000000,30.4805,8759.6693,23.6898,3.9070,19.7828,23.4906,10.8208,6.2389,4.5819,-0.1180,8759.6693,NA,31.9218,NA
BioshockHD.exe,18704,0xB251BA8,DXGI,0,0,1,Hardware Composed: Independent Flip,8787.5802,NA,24.00390000000000,23.72780000000000,6.57050000000000,30.12320000000000,30.2044,8783.3591,10.7916,4.2211,6.5705,10.6216,23.7227,6.2513,17.4714,-0.0380,8783.3591,NA,30.6491,NA
BioshockHD.exe,18704,0xB251BA8,DXGI,0,0,1,Hardware Composed: Independent Flip,8798.2460,NA,10.66580000000000,10.95730000000000,19.63880000000000,30.41050000000000,30.4959,8794.1507,23.7341,4.0953,19.6388,23.5527,10.9531,6.9213,4.0318,-0.1657,8794.1507,NA,30.6070,NA
BioshockHD.exe,18704,0xB251BA8,DXGI,0,0,1,Hardware Composed: Independent Flip,8821.6318,NA,23.38580000000000,23.55660000000000,7.20450000000000,30.59200000000000,30.6667,8817.8848,10.9515,3.7470,7.2045,10.7717,23.5673,6.2561,17.3112,0.1775,8817.8848,NA,32.1622,NA
BioshockHD.exe,18704,0xB251BA8,DXGI,0,0,1,Hardware Composed: Independent Flip,8832.9044,NA,11.27260000000000,10.42210000000000,19.49820000000000,29.72780000000000,29.8162,8828.8363,23.5663,4.0681,19.4982,23.3875,10.4084,5.8819,4.5265,0.5294,8828.8363,NA,30.5803,NA
BioshockHD.exe,18704,0xB251BA8,DXGI,0,0,1,Hardware Composed: Independent Flip,8856.5754,NA,23.67100000000000,23.27000000000000,6.24500000000000,29.35670000000000,29.4152,8852.4026,10.4178,4.1728,6.2450,10.2296,23.2999,5.9638,17.3361,0.2963,8852.4026,NA,31.8516,NA
BioshockHD.exe,18704,0xB251BA8,DXGI,0,0,1,Hardware Composed: Independent Flip,8866.6597,NA,10.08430000000000,10.61910000000000,19.48900000000000,29.81290000000000,29.9500,8862.8204,23.3283,3.8393,19.4890,23.1117,10.5405,5.9780,4.5625,-0.2013,8862.8204,NA,32.4713,NA
BioshockHD.exe,18704,0xB251BA8,DXGI,0,0,1,Hardware Composed: Independent Flip,8890.5236,NA,23.86390000000000,23.21970000000000,6.18370000000000,29.23680000000000,29.3058,8886.1487,10.5586,4.3749,6.1837,10.3239,23.2878,5.9679,17.3199,0.1086,8886.1487,NA,41.6928,NA
BioshockHD.exe,18704,0xB251BA8,DXGI,0,0,1,Hardware Composed: Independent Flip,8900.7562,NA,10.23260000000000,10.62260000000000,19.29040000000000,29.59760000000000,29.6958,8896.7073,23.3393,4.0489,19.2904,23.0531,10.5934,5.9969,4.5965,-0.0640,8896.7073,NA,NA,NA
BioshockHD.exe,18704,0xB251BA8,DXGI,0,0,1,Hardware Composed: Independent Flip,8923.9336,NA,23.17740000000000,23.11690000000000,6.61410000000000,29.42380000000000,29.6353,8920.0466,10.5011,3.8870,6.6141,10.3072,23.0036,5.6735,17.3301,0.2224,8920.0466,NA,35.4296,NA
BioshockHD.exe,18704,0xB251BA8,DXGI,0,0,1,Hardware Composed: Independent Flip,8934.5147,NA,10.58110000000000,10.18040000000000,19.43410000000000,29.13470000000000,29.2346,8930.5477,23.4011,3.9670,19.4341,22.8097,10.2920,5.7451,4.5469,0.3207,8930.5477,NA,32.5915,NA
BioshockHD.exe,18704,0xB251BA8,DXGI,0,0,1,Hardware Composed: Independent Flip,8957.8776,NA,23.36290000000000,23.26550000000000,5.97040000000000,29.06040000000000,29.1372,8953.9488,9.8992,3.9288,5.9704,9.7006,23.2886,5.9220,17.3666,0.1356,8953.9488,NA,40.8824,NA
BioshockHD.exe,18704,0xB251BA8,DXGI,0,0,1,Hardware Composed: Independent Flip,8967.6760,NA,9.79840000000000,10.52230000000000,19.48410000000000,29.76560000000000,29.8611,8963.8480,23.3121,3.8280,19.4841,23.0900,10.5036,5.9566,4.5470,-0.6231,8963.8480,NA,37.3991,NA
BioshockHD.exe,18704,0xB251BA8,DXGI,0,0,1,Hardware Composed: Independent Flip,8991.5373,NA,23.86130000000000,23.70260000000000,6.09830000000000,29.62740000000000,29.7024,8987.1601,10.4755,4.3772,6.0983,10.2815,23.7231,5.9454,17.7777,-0.3905,8987.1601,NA,40.1040,NA
BioshockHD.exe,18704,0xB251BA8,DXGI,0,0,1,Hardware Composed: Independent Flip,9001.4775,NA,9.94020000000000,10.63190000000000,19.87930000000000,30.30860000000000,30.3941,8997.6356,23.7212,3.8419,19.8793,23.5291,10.6214,5.9895,4.6319,-0.1564,8997.6356,NA,33.7289,NA
BioshockHD.exe,18704,0xB251BA8,DXGI,0,0,1,Hardware Composed: Independent Flip,9025.0091,NA,23.53160000000000,23.51020000000000,6.95370000000000,30.29950000000000,30.3727,9021.3568,10.6060,3.6523,6.9537,10.4293,23.5225,5.9386,17.5839,0.2110,9021.3568,NA,33.2445,NA
BioshockHD.exe,18704,0xB251BA8,DXGI,0,0,1,Hardware Composed: Independent Flip,9036.0834,NA,11.07430000000000,10.55340000000000,19.40030000000000,29.77990000000000,29.8518,9031.9628,23.5209,4.1206,19.4003,23.3458,10.5547,5.9601,4.5946,0.0526,9031.9628,NA,32.7986,NA
BioshockHD.exe,18704,0xB251BA8,DXGI,0,0,1,Hardware Composed: Independent Flip,9059.5522,NA,23.46880000000000,23.31430000000000,6.48350000000000,29.62730000000000,29.6973,9055.4837,10.5520,4.0685,6.4835,10.3796,23.3162,5.9418,17.3744,0.2066,9055.4837,NA,30.1141,NA
BioshockHD.exe,18704,0xB251BA8,DXGI,0,0,1,Hardware Composed: Independent Flip,9069.7899,NA,10.23770000000000,10.52840000000000,19.56000000000000,29.90410000000000,29.9880,9066.0357,23.3142,3.7542,19.5600,23.1438,10.5145,5.9432,4.5713,0.0236,9066.0357,NA,31.6388,NA
BioshockHD.exe,18704,0xB251BA8,DXGI,0,0,1,Hardware Composed: Independent Flip,9093.4499,NA,23.66000000000000,23.39880000000000,6.42370000000000,29.65960000000000,29.7268,9089.3499,10.5237,4.1000,6.4237,10.3441,23.4155,5.9412,17.4743,-0.0846,9089.3499,NA,31.0396,NA
BioshockHD.exe,18704,0xB251BA8,DXGI,0,0,1,Hardware Composed: Independent Flip,9103.9495,NA,10.49960000000000,10.62390000000000,19.32710000000000,29.78880000000000,29.8511,9099.8736,23.4030,4.0759,19.3271,23.2359,10.6288,6.0058,4.6230,-0.1002,9099.8736,NA,33.6670,NA
BioshockHD.exe,18704,0xB251BA8,DXGI,0,0,1,Hardware Composed: Independent Flip,9127.2097,NA,23.26020000000000,23.41520000000000,6.68890000000000,29.92700000000000,30.0061,9123.2766,10.6220,3.9331,6.6889,10.4617,23.3984,5.9156,17.4828,-0.0122,9123.2766,NA,32.0684,NA
BioshockHD.exe,18704,0xB251BA8,DXGI,0,0,1,Hardware Composed: Independent Flip,9138.0719,NA,10.86220000000000,10.57710000000000,19.26470000000000,29.62460000000000,29.7210,9133.8986,23.4380,4.1733,19.2647,23.2381,10.5598,5.9565,4.6033,0.0449,9133.8986,NA,31.6559,NA
BioshockHD.exe,18704,0xB251BA8,DXGI,0,0,1,Hardware Composed: Independent Flip,9161.2234,NA,23.15150000000000,23.97420000000000,6.67240000000000,30.46840000000000,30.5437,9157.3366,10.5592,3.8868,6.6724,10.3599,23.9953,6.3358,17.6595,-0.5362,9157.3366,NA,31.6293,NA
BioshockHD.exe,18704,0xB251BA8,DXGI,0,0,1,Hardware Composed: Independent Flip,9171.9221,NA,10.69870000000000,10.69020000000000,19.94630000000000,30.44950000000000,30.5352,9167.8958,23.9726,4.0263,19.9463,23.7960,10.6798,5.9097,4.7701,-0.1310,9167.8958,NA,32.3240,NA
BioshockHD.exe,18704,0xB251BA8,DXGI,0,0,1,Hardware Composed: Independent Flip,9196.3000,NA,24.37790000000000,23.25970000000000,6.25300000000000,29.33850000000000,29.4170,9191.8684,10.6846,4.4316,6.2530,10.5032,23.2669,5.9062,17.3607,0.7129,9191.8684,NA,31.5795,NA
BioshockHD.exe,18704,0xB251BA8,DXGI,0,0,1,Hardware Composed: Independent Flip,9206.7044,NA,10.40440000000000,10.48880000000000,19.11540000000000,29.41690000000000,29.5014,9202.5530,23.2668,4.1514,19.1154,23.0855,10.4828,5.9327,4.5501,0.1958,9202.5530,NA,32.0655,NA
BioshockHD.exe,18704,0xB251BA8,DXGI,0,0,1,Hardware Composed: Independent Flip,9229.9265,NA,23.22210000000000,23.46430000000000,6.37530000000000,29.67240000000000,29.7436,9225.8198,10.4820,4.1067,6.3753,10.3015,23.4776,5.9399,17.5377,-0.1975,9225.8198,NA,31.5284,NA
BioshockHD.exe,18704,0xB251BA8,DXGI,0,0,1,Hardware Composed: Independent Flip,9240.2367,NA,10.31020000000000,10.61170000000000,19.53840000000000,29.97890000000000,30.0451,9236.3018,23.4733,3.9349,19.5384,23.2971,10.6167,6.0062,4.6105,-0.1297,9236.3018,NA,31.1411,NA
BioshockHD.exe,18704,0xB251BA8,DXGI,0,0,1,Hardware Composed: Independent Flip,9263.9625,NA,23.72580000000000,23.32370000000000,6.41550000000000,29.56180000000000,29.6430,9259.7751,10.6029,4.1874,6.4155,10.4405,23.3087,5.9361,17.3726,0.1496,9259.7751,NA,31.4607,NA
BioshockHD.exe,18704,0xB251BA8,DXGI,0,0,1,Hardware Composed: Independent Flip,9274.4995,NA,10.53700000000000,10.55280000000000,19.23670000000000,29.56130000000000,29.6588,9270.3780,23.3582,4.1215,19.2367,23.1463,10.5365,5.9263,4.6102,0.0501,9270.3780,NA,34.0246,NA
BioshockHD.exe,18704,0xB251BA8,DXGI,0,0,1,Hardware Composed: Independent Flip,9297.6925,NA,23.19300000000000,23.26930000000000,6.58170000000000,29.68120000000000,29.7351,9293.7362,10.5380,3.9563,6.5817,10.3246,23.3129,5.9419,17.3710,0.0889,9293.7362,NA,35.2958,NA
BioshockHD.exe,18704,0xB251BA8,DXGI,0,0,1,Hardware Composed: Independent Flip,9308.0873,NA,10.39480000000000,10.46260000000000,19.44630000000000,29.71500000000000,29.8029,9304.2742,23.2594,3.8131,19.4463,23.0995,10.4286,5.9028,4.5258,0.0754,9304.2742,NA,30.7479,NA
BioshockHD.exe,18704,0xB251BA8,DXGI,0,0,1,Hardware Composed: Independent Flip,9331.6319,NA,23.54460000000000,23.47330000000000,6.36930000000000,29.67380000000000,29.7316,9327.5336,10.4676,4.0983,6.3693,10.2687,23.5034,5.9902,17.5132,-0.2139,9327.5336,NA,31.2217,NA
BioshockHD.exe,18704,0xB251BA8,DXGI,0,0,1,Hardware Composed: Independent Flip,9341.9060,NA,10.27410000000000,10.60180000000000,19.56320000000000,30.01590000000000,30.0593,9338.0012,23.4680,3.9048,19.5632,23.3045,10.6162,6.0741,4.5421,-0.1342,9338.0012,NA,30.8256,NA
BioshockHD.exe,18704,0xB251BA8,DXGI,0,0,1,Hardware Composed: Independent Flip,9365.6645,NA,23.75850000000000,23.13600000000000,6.42550000000000,29.34530000000000,29.4368,9361.4692,10.6208,4.1953,6.4255,10.4527,23.0879,5.9151,17.1728,0.3320,9361.4692,NA,30.9651,NA
BioshockHD.exe,18704,0xB251BA8,DXGI,0,0,1,Hardware Composed: Independent Flip,9376.1364,NA,10.47190000000000,10.60040000000000,19.11490000000000,29.46300000000000,29.5653,9372.0900,23.1613,4.0464,19.1149,22.9198,10.5896,5.9826,4.6070,0.0204,9372.0900,NA,32.5636,NA
BioshockHD.exe,18704,0xB251BA8,DXGI,0,0,1,Hardware Composed: Independent Flip,9399.2656,NA,23.12920000000000,23.26540000000000,6.53190000000000,29.63900000000000,29.7015,9395.2513,10.5462,4.0143,6.5319,10.3481,23.3052,5.9299,17.3753,-0.1041,9395.2513,NA,31.8274,NA
BioshockHD.exe,18704,0xB251BA8,DXGI,0,0,1,Hardware Composed: Independent Flip,9409.8353,NA,10.56970000000000,10.85940000000000,19.23590000000000,29.91000000000000,29.9912,9405.7975,23.2737,4.0378,19.2359,23.1071,10.8407,6.2303,4.6104,-0.3132,9405.7975,NA,36.6902,NA
BioshockHD.exe,18704,0xB251BA8,DXGI,0,0,1,Hardware Composed: Independent Flip,9433.0629,NA,23.22760000000000,23.66420000000000,6.88260000000000,30.35000000000000,30.4278,9429.0712,10.8743,3.9917,6.8826,10.6741,23.6676,6.2264,17.4412,-0.3905,9429.0712,NA,36.3585,NA
BioshockHD.exe,18704,0xB251BA8,DXGI,0,0,1,Hardware Composed: Independent Flip,9444.2568,NA,11.19390000000000,10.93870000000000,19.35430000000000,30.10870000000000,30.1726,9439.9455,23.6656,4.3113,19.3543,23.4674,10.9526,6.3095,4.6431,-0.0644,9439.9455,NA,35.2952,NA
BioshockHD.exe,18704,0xB251BA8,DXGI,0,0,1,Hardware Composed: Independent Flip,9467.6312,NA,23.37440000000000,23.63350000000000,6.91700000000000,30.36210000000000,30.4317,9463.6111,10.9371,4.0201,6.9170,10.7544,23.6278,6.2164,17.4114,0.0321,9463.6111,NA,31.9214,NA
BioshockHD.exe,18704,0xB251BA8,DXGI,0,0,1,Hardware Composed: Independent Flip,9478.8985,NA,11.26730000000000,10.98360000000000,19.26120000000000,30.06430000000000,30.1480,9474.5482,23.6115,4.3503,19.2612,23.4451,10.9695,6.3358,4.6337,-0.0465,9474.5482,NA,32.9043,NA
BioshockHD.exe,18704,0xB251BA8,DXGI,0,0,1,Hardware Composed: Independent Flip,9502.0849,NA,23.18640000000000,23.61850000000000,7.06320000000000,30.50230000000000,30.5801,9498.1597,10.9884,3.9252,7.0632,10.8031,23.6244,6.3247,17.2997,-0.0070,9498.1597,NA,31.5297,NA
BioshockHD.exe,18704,0xB251BA8,DXGI,0,0,1,Hardware Composed: Independent Flip,9513.2539,NA,11.16900000000000,10.78610000000000,19.55660000000000,30.11500000000000,30.1972,9509.1481,23.6624,4.1058,19.5566,23.4391,10.7817,6.2084,4.5733,0.2023,9509.1481,NA,32.3117,NA
BioshockHD.exe,18704,0xB251BA8,DXGI,0,0,1,Hardware Composed: Independent Flip,9537.2305,NA,23.97660000000000,23.64200000000000,6.31300000000000,29.79970000000000,29.8626,9532.8105,10.7330,4.4200,6.3130,10.5584,23.6613,6.2286,17.4327,0.0204,9532.8105,NA,29.9575,NA
BioshockHD.exe,18704,0xB251BA8,DXGI,0,0,1,Hardware Composed: Independent Flip,9547.6208,NA,10.39030000000000,10.79560000000000,19.57370000000000,30.18710000000000,30.2679,9543.5435,23.6510,4.0773,19.5737,23.4867,10.7777,6.2304,4.5473,-0.0626,9543.5435,NA,30.7546,NA
BioshockHD.exe,18704,0xB251BA8,DXGI,0,0,1,Hardware Composed: Independent Flip,9571.4586,NA,23.83780000000000,23.66380000000000,6.52600000000000,30.04680000000000,30.0939,9567.1945,10.7901,4.2641,6.5260,10.6134,23.6975,6.2861,17.4114,-0.0128,9567.1945,NA,32.4143,NA
BioshockHD.exe,18704,0xB251BA8,DXGI,0,0,1,Hardware Composed: Independent Flip,9582.6325,NA,11.17390000000000,11.20240000000000,19.06030000000000,30.02210000000000,30.1224,9577.9846,23.7082,4.6479,19.0603,23.5208,11.1492,6.9462,4.2030,-0.4123,9577.9846,NA,31.6161,NA
BioshockHD.exe,18704,0xB251BA8,DXGI,0,0,1,Hardware Composed: Independent Flip,9605.7175,NA,23.08500000000000,23.61480000000000,7.17530000000000,30.57450000000000,30.6522,9601.6928,11.2000,4.0247,7.1753,10.9618,23.6374,6.2963,17.3411,0.0934,9601.6928,NA,31.2222,NA
BioshockHD.exe,18704,0xB251BA8,DXGI,0,0,1,Hardware Composed: Independent Flip,9617.4512,NA,11.73370000000000,10.85130000000000,19.02530000000000,29.67030000000000,29.7698,9612.8928,23.5837,4.5584,19.0253,23.3992,10.8295,6.2625,4.5670,0.3487,9612.8928,NA,32.0564,NA
BioshockHD.exe,18704,0xB251BA8,DXGI,0,0,1,Hardware Composed: Independent Flip,9640.6902,NA,23.23900000000000,23.58120000000000,6.66220000000000,30.02650000000000,30.1120,9636.4765,10.8759,4.2137,6.6622,10.6450,23.5952,6.2828,17.3124,0.0025,9636.4765,NA,30.6641,NA
BioshockHD.exe,18704,0xB251BA8,DXGI,0,0,1,Hardware Composed: Independent Flip,9651.4460,NA,10.75580000000000,11.37550000000000,19.47150000000000,30.64760000000000,30.7317,9647.3524,23.5651,4.0936,19.4715,23.3643,11.3769,6.1938,5.1831,-0.4996,9647.3524,NA,31.0178,NA
BioshockHD.exe,18704,0xB251BA8,DXGI,0,0,1,Hardware Composed: Independent Flip,9675.5211,NA,24.07510000000000,23.12340000000000,6.76020000000000,29.71540000000000,29.7800,9670.9175,11.3638,4.6036,6.7602,11.1761,23.1429,6.2191,16.9238,0.4417,9670.9175,NA,31.1599,NA
BioshockHD.exe,18704,0xB251BA8,DXGI,0,0,1,Hardware Composed: Independent Flip,9686.4322,NA,10.91110000000000,10.85530000000000,18.97520000000000,29.64700000000000,29.7242,9682.2813,23.1261,4.1509,18.9752,22.9552,10.8427,6.2443,4.5984,0.5085,9682.2813,NA,33.0205,NA
BioshockHD.exe,18704,0xB251BA8,DXGI,0,0,1,Hardware Composed: Independent Flip,9709.3811,NA,22.94890000000000,23.58700000000000,6.87080000000000,30.28310000000000,30.3623,9705.4074,10.8445,3.9737,6.8708,10.6718,23.5850,6.2249,17.3601,-0.4609,9705.4074,NA,32.6023,NA
BioshockHD.exe,18704,0xB251BA8,DXGI,0,0,1,Hardware Composed: Independent Flip,9720.4118,NA,11.03070000000000,10.88090000000000,19.42580000000000,30.11710000000000,30.2125,9716.2519,23.5857,4.1599,19.4258,23.4123,10.8647,6.2722,4.5925,-0.0364,9716.2519,NA,32.4842,NA
BioshockHD.exe,18704,0xB251BA8,DXGI,0,0,1,Hardware Composed: Independent Flip,9744.2017,NA,23.78990000000000,23.55880000000000,6.51580000000000,29.91680000000000,29.9814,9739.8376,10.8799,4.3641,6.5158,10.6913,23.5896,6.2308,17.3588,0.0269,9739.8376,NA,30.0480,NA
BioshockHD.exe,18704,0xB251BA8,DXGI,0,0,1,Hardware Composed: Independent Flip,9755.0774,NA,10.87570000000000,10.82620000000000,19.20340000000000,29.85110000000000,29.9319,9750.7175,23.5633,4.3599,19.2034,23.4010,10.8100,6.2479,4.5621,0.0537,9750.7175,NA,30.8659,NA
BioshockHD.exe,18704,0xB251BA8,DXGI,0,0,1,Hardware Composed: Independent Flip,9778.6180,NA,23.54060000000000,23.63160000000000,6.48830000000000,29.94250000000000,30.0229,9774.2808,10.8255,4.3372,6.4883,10.6477,23.6320,6.2114,17.4206,-0.0683,9774.2808,NA,31.5048,NA
BioshockHD.exe,18704,0xB251BA8,DXGI,0,0,1,Hardware Composed: Independent Flip,9789.1658,NA,10.54780000000000,10.90110000000000,19.58060000000000,30.27640000000000,30.3762,9785.1063,23.6401,4.0595,19.5806,23.4542,10.8817,6.1864,4.6953,-0.0756,9785.1063,NA,32.4063,NA
BioshockHD.exe,18704,0xB251BA8,DXGI,0,0,1,Hardware Composed: Independent Flip,9813.0966,NA,23.93080000000000,23.66730000000000,6.53690000000000,30.04710000000000,30.1127,9808.7464,10.8871,4.3502,6.5369,10.6958,23.7015,6.2163,17.4852,-0.0272,9808.7464,NA,32.0603,NA
BioshockHD.exe,18704,0xB251BA8,DXGI,0,0,1,Hardware Composed: Independent Flip,9823.7956,NA,10.69900000000000,11.15310000000000,19.51180000000000,30.47980000000000,30.5668,9819.6335,23.6739,4.1621,19.5118,23.5102,11.1317,6.2698,4.8619,-0.2660,9819.6335,NA,32.2262,NA
BioshockHD.exe,18704,0xB251BA8,DXGI,0,0,1,Hardware Composed: Independent Flip,9847.6633,NA,23.86770000000000,23.59690000000000,6.79660000000000,30.22690000000000,30.2960,9843.3074,11.1525,4.3559,6.7966,10.9680,23.6148,6.2434,17.3714,0.0770,9843.3074,NA,31.8188,NA
BioshockHD.exe,18704,0xB251BA8,DXGI,0,0,1,Hardware Composed: Independent Flip,9859.4113,NA,11.74800000000000,11.12160000000000,18.64430000000000,29.57800000000000,29.6696,9854.4599,23.5957,4.9514,18.6443,23.4303,11.0991,6.2851,4.8140,0.0309,9854.4599,NA,30.9125,NA
BioshockHD.exe,18704,0xB251BA8,DXGI,0,0,1,Hardware Composed: Independent Flip,9882.5819,NA,23.17060000000000,23.49020000000000,6.59780000000000,29.92780000000000,29.9892,9878.0556,11.1241,4.5263,6.5978,10.9337,23.5204,6.2034,17.3170,0.1055,9878.0556,NA,30.4357,NA
BioshockHD.exe,18704,0xB251BA8,DXGI,0,0,1,Hardware Composed: Independent Flip,9893.3313,NA,10.74940000000000,10.83280000000000,19.34210000000000,29.99540000000000,30.0726,9889.1797,23.4937,4.1516,19.3421,23.3300,10.8170,6.2367,4.5803,0.2913,9889.1797,NA,30.2688,NA
BioshockHD.exe,18704,0xB251BA8,DXGI,0,0,1,Hardware Composed: Independent Flip,9916.7590,NA,23.42770000000000,23.64450000000000,6.74300000000000,30.21380000000000,30.2894,9912.6734,10.8286,4.0856,6.7430,10.6533,23.6461,6.2036,17.4425,-0.1508,9912.6734,NA,30.9117,NA
BioshockHD.exe,18704,0xB251BA8,DXGI,0,0,1,Hardware Composed: Independent Flip,9927.5738,NA,10.81480000000000,10.79150000000000,19.57670000000000,30.17040000000000,30.2661,9923.5020,23.6485,4.0718,19.5767,23.4708,10.7714,6.2606,4.5108,0.0371,9923.5020,NA,30.7015,NA
BioshockHD.exe,18704,0xB251BA8,DXGI,0,0,1,Hardware Composed: Independent Flip,9953.4479,NA,25.87410000000000,24.05730000000000,4.48930000000000,28.37970000000000,28.4493,9947.1505,10.7867,6.2974,4.4893,10.5937,24.0834,7.1598,16.9236,-0.4088,9947.1505,NA,37.7667,NA
BioshockHD.exe,18704,0xB251BA8,DXGI,0,0,1,Hardware Composed: Independent Flip,9962.6599,NA,9.21200000000000,11.11480000000000,19.35480000000000,30.27760000000000,30.3521,9957.9372,24.0775,4.7227,19.3548,23.8904,11.1099,6.5299,4.5800,-0.3281,9957.9372,NA,32.8765,NA
BioshockHD.exe,18704,0xB251BA8,DXGI,0,0,1,Hardware Composed: Independent Flip,9986.8169,NA,24.15700000000000,23.26280000000000,6.30380000000000,29.44920000000000,29.4579,9982.0147,11.1060,4.8022,6.3038,10.9228,23.3286,5.9927,17.3359,0.8147,9982.0147,NA,32.1271,NA
BioshockHD.exe,18704,0xB251BA8,DXGI,0,0,1,Hardware Composed: Independent Flip,9996.9327,NA,10.11580000000000,10.68590000000000,19.44310000000000,29.95840000000000,30.0280,9993.1207,23.2551,3.8120,19.4431,23.1454,10.6250,6.0267,4.5983,0.4201,9993.1207,NA,31.8160,NA
BioshockHD.exe,18704,0xB251BA8,DXGI,0,0,1,Hardware Composed: Independent Flip,10019.8340,NA,22.90130000000000,23.12060000000000,7.24800000000000,30.23890000000000,30.2473,10016.3758,10.7062,3.4582,7.2480,10.5153,23.1818,6.0889,17.0929,0.1345,10016.3758,NA,33.9510,NA
BioshockHD.exe,18704,0xB251BA8,DXGI,0,0,1,Hardware Composed: Independent Flip,10030.3259,NA,10.49190000000000,10.70830000000000,19.89320000000000,30.42550000000000,30.4637,10027.0820,23.1371,3.2439,19.8932,22.9909,10.6785,6.5525,4.1260,-0.0021,10027.0820,NA,33.6575,NA
BioshockHD.exe,18704,0xB251BA8,DXGI,0,0,1,Hardware Composed: Independent Flip,10054.2206,NA,23.89470000000000,23.67790000000000,6.69670000000000,30.20950000000000,30.2469,10050.2191,10.6982,4.0015,6.6967,10.5323,23.6787,6.6651,17.0136,-0.5408,10050.2191,NA,31.3251,NA
BioshockHD.exe,18704,0xB251BA8,DXGI,0,0,1,Hardware Composed: Independent Flip,10064.1473,NA,9.92670000000000,10.58950000000000,20.42480000000000,30.85860000000000,30.9097,10060.9173,23.6548,3.2300,20.4248,23.5128,10.5758,6.0145,4.5613,0.1087,10060.9173,NA,31.9176,NA
BioshockHD.exe,18704,0xB251BA8,DXGI,0,0,1,Hardware Composed: Independent Flip,10087.9663,NA,23.81900000000000,23.45030000000000,7.18400000000000,30.53180000000000,30.5410,10084.5721,10.5782,3.3942,7.1840,10.4338,23.4922,6.0845,17.4077,0.2045,10084.5721,NA,31.3621,NA
BioshockHD.exe,18704,0xB251BA8,DXGI,0,0,1,Hardware Composed: Independent Flip,10098.4599,NA,10.49360000000000,10.67430000000000,20.14550000000000,30.68290000000000,30.7217,10095.1503,23.4551,3.3096,20.1455,23.3478,10.6447,6.0080,4.6367,-0.0961,10095.1503,NA,31.0454,NA
BioshockHD.exe,18704,0xB251BA8,DXGI,0,0,1,Hardware Composed: Independent Flip,10122.0778,NA,23.61790000000000,23.34520000000000,7.19620000000000,30.41050000000000,30.4490,10118.6054,10.6686,3.4724,7.1962,10.5374,23.3455,5.9949,17.3506,0.1099,10118.6054,NA,33.3853,NA
BioshockHD.exe,18704,0xB251BA8,DXGI,0,0,1,Hardware Composed: Independent Flip,10132.6566,NA,10.57880000000000,10.56250000000000,19.97160000000000,30.42240000000000,30.4327,10129.2740,23.3542,3.3826,19.9716,23.2143,10.5907,6.0076,4.5831,0.1061,10129.2740,NA,33.8894,NA
BioshockHD.exe,18704,0xB251BA8,DXGI,0,0,1,Hardware Composed: Independent Flip,10155.7943,NA,23.13770000000000,24.46900000000000,7.39990000000000,31.72540000000000,31.7640,10152.6282,10.5660,3.1661,7.3999,10.4508,24.4407,6.6617,17.7790,-1.1148,10152.6282,NA,49.4267,NA
BioshockHD.exe,18704,0xB251BA8,DXGI,0,0,1,Hardware Composed: Independent Flip,10166.4332,NA,10.63890000000000,10.60320000000000,21.22610000000000,31.66430000000000,31.7283,10163.1942,24.4651,3.2390,21.2261,24.3255,10.5778,6.0470,4.5308,-0.0372,10163.1942,NA,33.0146,NA
BioshockHD.exe,18704,0xB251BA8,DXGI,0,0,1,Hardware Composed: Independent Flip,10191.0198,NA,24.58660000000000,23.65890000000000,7.29170000000000,30.79230000000000,30.8006,10187.6593,10.6522,3.3605,7.2917,10.4382,23.7146,6.0202,17.6944,0.8062,10187.6593,NA,32.6769,NA
BioshockHD.exe,18704,0xB251BA8,DXGI,0,0,1,Hardware Composed: Independent Flip,10201.6415,NA,10.62170000000000,10.77030000000000,20.28030000000000,30.93530000000000,30.9492,10198.3115,23.6103,3.3300,20.2803,23.5006,10.7647,6.1102,4.6545,-0.1181,10198.3115,NA,34.4372,NA
BioshockHD.exe,18704,0xB251BA8,DXGI,0,0,1,Hardware Composed: Independent Flip,10225.1265,NA,23.48500000000000,23.21560000000000,7.56070000000000,30.67050000000000,30.6798,10221.9218,10.7654,3.2047,7.5607,10.6550,23.2202,5.9848,17.2354,0.3947,10221.9218,NA,37.6775,NA
BioshockHD.exe,18704,0xB251BA8,DXGI,0,0,1,Hardware Composed: Independent Flip,10235.9078,NA,10.78130000000000,10.67680000000000,20.00070000000000,30.53320000000000,30.5753,10232.6872,23.2213,3.2206,20.0007,23.1098,10.6440,6.0269,4.6171,0.0886,10232.6872,NA,32.3416,NA
BioshockHD.exe,18704,0xB251BA8,DXGI,0,0,1,Hardware Composed: Independent Flip,10259.3381,NA,23.43030000000000,23.42820000000000,7.23660000000000,30.53580000000000,30.5732,10255.9085,10.6662,3.4296,7.2366,10.5325,23.4329,5.9967,17.4362,-0.2069,10255.9085,NA,31.7704,NA
BioshockHD.exe,18704,0xB251BA8,DXGI,0,0,1,Hardware Composed: Independent Flip,10269.9088,NA,10.57070000000000,10.49790000000000,20.10490000000000,30.46070000000000,30.5004,10266.5747,23.4390,3.3341,20.1049,23.2992,10.4956,5.9806,4.5150,0.1683,10266.5747,NA,35.2772,NA
BioshockHD.exe,18704,0xB251BA8,DXGI,0,0,1,Hardware Composed: Independent Flip,10293.2569,NA,23.34810000000000,23.50500000000000,7.25400000000000,30.61150000000000,30.6573,10290.0137,10.4972,3.2432,7.2540,10.3558,23.4989,5.9974,17.5015,-0.0660,10290.0137,NA,31.7807,NA
BioshockHD.exe,18704,0xB251BA8,DXGI,0,0,1,Hardware Composed: Independent Flip,10303.7641,NA,10.50720000000000,10.63510000000000,20.25730000000000,30.72640000000000,30.7852,10300.5109,23.5105,3.2532,20.2573,23.3575,10.6221,6.0165,4.6056,-0.1379,10300.5109,NA,32.3808,NA
BioshockHD.exe,18704,0xB251BA8,DXGI,0,0,1,Hardware Composed: Independent Flip,10327.0236,NA,23.25950000000000,23.38560000000000,7.61500000000000,30.87320000000000,30.9113,10324.0214,10.6172,3.0022,7.6150,10.4691,23.4063,6.0338,17.3725,0.1249,10324.0214,NA,33.7972,NA
BioshockHD.exe,18704,0xB251BA8,DXGI,0,0,1,Hardware Composed: Independent Flip,10337.9618,NA,10.93820000000000,10.69130000000000,20.11260000000000,30.61520000000000,30.6644,10334.6386,23.4358,3.3232,20.1126,23.2582,10.6802,6.0487,4.6315,-0.0741,10334.6386,NA,35.4936,NA
BioshockHD.exe,18704,0xB251BA8,DXGI,0,0,1,Hardware Composed: Independent Flip,10361.3758,NA,23.41400000000000,23.40500000000000,7.43000000000000,30.64640000000000,30.6554,10358.0744,10.7314,3.3014,7.4300,10.5026,23.4452,6.0676,17.3776,0.0308,10358.0744,NA,43.8976,NA
BioshockHD.exe,18704,0xB251BA8,DXGI,0,0,1,Hardware Composed: Independent Flip,10372.1578,NA,10.78200000000000,10.46800000000000,19.97800000000000,30.29220000000000,30.3414,10368.8058,23.3300,3.3520,19.9780,23.2164,10.4278,5.9000,4.5278,0.2634,10368.8058,NA,NA,NA
BioshockHD.exe,18704,0xB251BA8,DXGI,0,0,1,Hardware Composed: Independent Flip,10395.4320,NA,23.27420000000000,23.04750000000000,7.16290000000000,30.10560000000000,30.1147,10392.1358,10.4591,3.2962,7.1629,10.3142,23.0876,5.5770,17.5106,0.2825,10392.1358,NA,30.4049,NA
BioshockHD.exe,18704,0xB251BA8,DXGI,0,0,1,Hardware Composed: Independent Flip,10405.9219,NA,10.48990000000000,10.79060000000000,19.90890000000000,30.35510000000000,30.4154,10402.5949,23.2359,3.3270,19.9089,22.9427,10.7394,5.9726,4.7668,-0.3315,10402.5949,NA,35.2019,NA
BioshockHD.exe,18704,0xB251BA8,DXGI,0,0,1,Hardware Composed: Independent Flip,10429.1599,NA,23.23800000000000,23.42140000000000,7.29570000000000,30.56130000000000,30.5988,10425.8308,10.6248,3.3291,7.2957,10.4462,23.4442,6.0958,17.3484,-0.1855,10425.8308,NA,34.5998,NA
BioshockHD.exe,18704,0xB251BA8,DXGI,0,0,1,Hardware Composed: Independent Flip,10439.6138,NA,10.45390000000000,10.78900000000000,20.24800000000000,30.88280000000000,30.9339,10436.4556,23.4062,3.1582,20.2480,23.2656,10.7754,6.1515,4.6239,-0.1642,10436.4556,NA,31.3719,NA
BioshockHD.exe,18704,0xB251BA8,DXGI,0,0,1,Hardware Composed: Independent Flip,10463.0096,NA,23.39580000000000,23.53660000000000,7.62480000000000,31.06650000000000,31.0747,10459.8618,10.7726,3.1478,7.6248,10.6348,23.5795,6.0770,17.5025,-0.1304,10459.8618,NA,38.9196,NA
BioshockHD.exe,18704,0xB251BA8,DXGI,0,0,1,Hardware Composed: Independent Flip,10473.8223,NA,10.81270000000000,10.64230000000000,20.36860000000000,30.85290000000000,30.9043,10470.6344,23.5565,3.1879,20.3686,23.4417,10.5991,6.0510,4.5481,0.1303,10470.6344,NA,NA,NA
BioshockHD.exe,18704,0xB251BA8,DXGI,0,0,1,Hardware Composed: Independent Flip,10497.4509,NA,23.62860000000000,23.06790000000000,7.37770000000000,30.33210000000000,30.3436,10494.1909,10.6377,3.2600,7.3777,10.4843,23.1078,5.6529,17.4549,0.4886,10494.1909,NA,36.6593,NA
BioshockHD.exe,18704,0xB251BA8,DXGI,0,0,1,Hardware Composed: Independent Flip,10508.3027,NA,10.85180000000000,10.59220000000000,19.63080000000000,30.06900000000000,30.0840,10504.8286,23.1049,3.4741,19.6308,22.9544,10.5887,6.0738,4.5149,0.0455,10504.8286,NA,38.2544,NA
BioshockHD.exe,18704,0xB251BA8,DXGI,0,0,1,Hardware Composed: Independent Flip,10531.1829,NA,22.88020000000000,23.66620000000000,7.29510000000000,30.86130000000000,30.8700,10527.9335,10.5445,3.2494,7.2951,10.4382,23.6725,6.1272,17.5453,-0.5613,10527.9335,NA,31.9068,NA
BioshockHD.exe,18704,0xB251BA8,DXGI,0,0,1,Hardware Composed: Independent Flip,10541.5242,NA,10.34130000000000,10.78990000000000,20.66170000000000,31.27970000000000,31.3186,10538.4780,23.7079,3.0462,20.6617,23.5662,10.7597,6.0985,4.6612,-0.2454,10538.4780,NA,33.7018,NA
BioshockHD.exe,18704,0xB251BA8,DXGI,0,0,1,Hardware Composed: Independent Flip,10566.0736,NA,24.54940000000000,23.54870000000000,6.85590000000000,30.30830000000000,30.3179,10562.1859,10.7436,3.8877,6.8559,10.6180,23.5780,6.1062,17.4718,0.1592,10562.1859,NA,35.2253,NA
BioshockHD.exe,18704,0xB251BA8,DXGI,0,0,1,Hardware Composed: Independent Flip,10575.9973,NA,9.92370000000000,10.73860000000000,20.55110000000000,31.06620000000000,31.1328,10572.9295,23.6189,3.0678,20.5511,23.4524,10.6816,6.0681,4.6135,0.0050,10572.9295,NA,33.9753,NA
BioshockHD.exe,18704,0xB251BA8,DXGI,0,0,1,Hardware Composed: Independent Flip,10599.5829,NA,23.58560000000000,22.74850000000000,7.64530000000000,30.21090000000000,30.2957,10596.5484,10.6798,3.0345,7.6453,10.5151,22.7303,5.3109,17.4194,0.8704,10596.5484,NA,35.7416,NA
BioshockHD.exe,18704,0xB251BA8,DXGI,0,0,1,Hardware Composed: Independent Flip,10610.3680,NA,10.78510000000000,9.45400000000000,19.61770000000000,28.91460000000000,28.9646,10607.2282,22.7575,3.1398,19.6177,22.5656,9.4888,5.1684,4.3204,1.2258,10607.2282,NA,29.1904,NA
BioshockHD.exe,18704,0xB251BA8,DXGI,0,0,1,Hardware Composed: Independent Flip,10633.3842,NA,23.01620000000000,22.74260000000000,6.07240000000000,28.64150000000000,28.6910,10629.9857,9.4709,3.3985,6.0724,9.2969,22.7431,5.2285,17.5146,0.0149,10629.9857,NA,33.9079,NA
BioshockHD.exe,18704,0xB251BA8,DXGI,0,0,1,Hardware Composed: Independent Flip,10642.7074,NA,9.32320000000000,9.79330000000000,19.50770000000000,29.10680000000000,29.1611,10639.4566,22.7585,3.2508,19.5077,22.5691,9.7885,5.2770,4.5115,-0.3224,10639.4566,NA,NA,NA
BioshockHD.exe,18704,0xB251BA8,DXGI,0,0,1,Hardware Composed: Independent Flip,10665.2199,NA,22.51250000000000,22.43850000000000,6.74730000000000,29.07560000000000,29.0871,10662.2151,9.7521,3.0048,6.7473,9.5991,22.4813,5.0821,17.3992,0.3200,10662.2151,NA,40.1319,NA
BioshockHD.exe,18704,0xB251BA8,DXGI,0,0,1,Hardware Composed: Independent Flip,10675.3335,NA,10.11360000000000,9.81620000000000,19.21200000000000,28.73470000000000,28.7897,10671.9672,22.5783,3.3663,19.2120,22.3283,9.7727,5.2260,4.5467,-0.0641,10671.9672,NA,29.9756,NA
BioshockHD.exe,18704,0xB251BA8,DXGI,0,0,1,Hardware Composed: Independent Flip,10697.9179,NA,22.58440000000000,22.22220000000000,6.30420000000000,28.38600000000000,28.4275,10694.5455,9.6766,3.3724,6.3042,9.5227,22.2357,4.7877,17.4480,0.3561,10694.5455,NA,32.1785,NA
BioshockHD.exe,18704,0xB251BA8,DXGI,0,0,1,Hardware Composed: Independent Flip,10707.0825,NA,9.16460000000000,9.73760000000000,19.37420000000000,28.96000000000000,29.0005,10704.2221,22.2346,2.8604,19.3742,22.0818,9.7386,5.2478,4.4908,-0.0610,10704.2221,NA,34.9491,NA
BioshockHD.exe,18704,0xB251BA8,DXGI,0,0,1,Hardware Composed: Independent Flip,10729.3263,NA,22.24380000000000,22.87010000000000,6.85060000000000,29.56010000000000,29.6268,10726.4567,9.7202,2.8696,6.8506,9.5858,22.8439,5.2272,17.6167,-0.6355,10726.4567,NA,39.8131,NA
BioshockHD.exe,18704,0xB251BA8,DXGI,0,0,1,Hardware Composed: Independent Flip,10738.9282,NA,9.60190000000000,9.65070000000000,20.11700000000000,29.63410000000000,29.6756,10736.1769,22.8683,2.7513,20.1170,22.7095,9.6759,5.0149,4.6610,0.0695,10736.1769,NA,32.4679,NA
BioshockHD.exe,18704,0xB251BA8,DXGI,0,0,1,Hardware Composed: Independent Flip,10762.1889,NA,23.26070000000000,22.69010000000000,6.51460000000000,29.04410000000000,29.1050,10759.0452,9.6583,3.1437,6.5146,9.5171,22.6707,5.1283,17.5424,0.1782,10759.0452,NA,35.1246,NA
BioshockHD.exe,18704,0xB251BA8,DXGI,0,0,1,Hardware Composed: Independent Flip,10771.8275,NA,9.63860000000000,9.56030000000000,19.55960000000000,28.97150000000000,29.0267,10768.7035,22.6836,3.1240,19.5596,22.5295,9.5660,4.9689,4.5971,0.0980,10768.7035,NA,33.7197,NA
BioshockHD.exe,18704,0xB251BA8,DXGI,0,0,1,Hardware Composed: Independent Flip,10794.3550,NA,22.52750000000000,22.60220000000000,6.59110000000000,29.05110000000000,29.1014,10791.3871,9.5590,2.9679,6.5911,9.4119,22.6071,5.0940,17.5131,0.0814,10791.3871,NA,35.3269,NA
BioshockHD.exe,18704,0xB251BA8,DXGI,0,0,1,Hardware Composed: Independent Flip,10803.8002,NA,9.44520000000000,9.37590000000000,19.75240000000000,28.97480000000000,29.0321,10800.9461,22.6065,2.8541,19.7524,22.4600,9.3689,5.0457,4.3232,0.1831,10800.9461,NA,30.6937,NA
BioshockHD.exe,18704,0xB251BA8,DXGI,0,0,1,Hardware Composed: Independent Flip,10827.0455,NA,23.24530000000000,22.60730000000000,5.87890000000000,28.33520000000000,28.3941,10823.5526,9.3718,3.4929,5.8789,9.2224,22.6057,5.0208,17.5849,-0.0008,10823.5526,NA,30.3021,NA
BioshockHD.exe,18704,0xB251BA8,DXGI,0,0,1,Hardware Composed: Independent Flip,10835.8275,NA,8.78200000000000,9.53530000000000,19.71040000000000,29.10300000000000,29.1474,10832.9244,22.6135,2.9031,19.7104,22.4563,9.5498,5.2980,4.2518,-0.1635,10832.9244,NA,29.8327,NA
BioshockHD.exe,18704,0xB251BA8,DXGI,0,0,1,Hardware Composed: Independent Flip,10858.9751,NA,23.14760000000000,22.65970000000000,6.09080000000000,28.59940000000000,28.6595,10855.5379,9.5280,3.4372,6.0908,9.3926,22.6440,4.9741,17.6699,-0.0462,10855.5379,NA,33.4995,NA
BioshockHD.exe,18704,0xB251BA8,DXGI,0,0,1,Hardware Composed: Independent Flip,10867.9302,NA,8.95510000000000,9.97530000000000,19.79470000000000,29.62350000000000,29.6797,10865.0659,22.6590,2.8643,19.7947,22.5086,9.9792,5.4915,4.4877,-0.4473,10865.0659,NA,34.4642,NA
BioshockHD.exe,18704,0xB251BA8,DXGI,0,0,1,Hardware Composed: Independent Flip,10890.9608,NA,23.03060000000000,22.74520000000000,6.73840000000000,29.34260000000000,29.3943,10887.7249,9.9743,3.2359,6.7384,9.8288,22.7497,5.2435,17.5062,-0.0862,10887.7249,NA,30.2187,NA
BioshockHD.exe,18704,0xB251BA8,DXGI,0,0,1,Hardware Composed: Independent Flip,10900.7591,NA,9.79830000000000,9.76870000000000,19.68890000000000,29.31900000000000,29.3647,10897.6992,22.7488,3.0599,19.6889,22.6042,9.7747,5.1876,4.5871,0.2056,10897.6992,NA,30.9604,NA
BioshockHD.exe,18704,0xB251BA8,DXGI,0,0,1,Hardware Composed: Independent Flip,10923.2399,NA,22.48080000000000,22.45660000000000,7.06430000000000,29.33140000000000,29.3405,10920.4480,9.8562,2.7919,7.0643,9.6301,22.4932,4.9431,17.5501,0.2922,10920.4480,NA,36.4444,NA
BioshockHD.exe,18704,0xB251BA8,DXGI,0,0,1,Hardware Composed: Independent Flip,10933.1258,NA,9.88590000000000,9.48280000000000,19.56370000000000,28.88590000000000,28.9374,10930.3042,22.3853,2.8216,19.5637,22.2671,9.4404,4.8637,4.5767,0.3734,10930.3042,NA,30.8954,NA
BioshockHD.exe,18704,0xB251BA8,DXGI,0,0,1,Hardware Composed: Independent Flip,10955.5537,NA,22.42790000000000,25.14270000000000,6.60160000000000,28.64330000000000,31.6522,10952.6895,9.4658,2.8642,6.6016,9.3222,22.1853,4.5574,17.6279,-2.7574,10952.6895,NA,42.0728,NA
BioshockHD.exe,18704,0xB251BA8,DXGI,0,0,1,Hardware Composed: Independent Flip,10965.0738,NA,9.52010000000000,6.28290000000000,22.24320000000000,28.36810000000000,28.4150,10962.1553,25.1617,2.9185,22.2432,22.0417,9.2449,5.1118,4.1331,3.1829,10962.1553,NA,29.3125,NA
BioshockHD.exe,18704,0xB251BA8,DXGI,0,0,1,Hardware Composed: Independent Flip,10990.2903,NA,25.21650000000000,22.40160000000000,3.28320000000000,25.55560000000000,25.6001,10987.3170,6.2565,2.9733,3.2832,6.1249,22.4040,4.5089,17.8951,2.7601,10987.3170,NA,41.7238,NA
BioshockHD.exe,18704,0xB251BA8,DXGI,0,0,1,Hardware Composed: Independent Flip,10996.7901,NA,6.49980000000000,9.58870000000000,19.20550000000000,28.64950000000000,28.6890,10993.5735,22.4221,3.2166,19.2055,22.2724,9.5937,4.9929,4.6008,-3.3322,10993.5735,NA,32.2504,NA
BioshockHD.exe,18704,0xB251BA8,DXGI,0,0,1,Hardware Composed: Independent Flip,11019.1653,NA,22.37520000000000,22.60060000000000,6.41240000000000,28.87460000000000,28.9144,11015.9956,9.5821,3.1697,6.4124,9.4440,22.6003,4.9601,17.6402,-0.1785,11015.9956,NA,32.9461,NA
BioshockHD.exe,18704,0xB251BA8,DXGI,0,0,1,Hardware Composed: Independent Flip,11028.6425,NA,9.47720000000000,9.59320000000000,19.53860000000000,28.96850000000000,29.0304,11025.5777,22.6034,3.0648,19.5386,22.4622,9.5711,4.9866,4.5845,-0.0111,11025.5777,NA,29.5332,NA
BioshockHD.exe,18704,0xB251BA8,DXGI,0,0,1,Hardware Composed: Independent Flip,11051.0227,NA,22.38020000000000,22.48520000000000,6.74420000000000,29.09370000000000,29.1354,11048.1811,9.5858,2.8416,6.7442,9.4299,22.5054,4.9820,17.5234,0.1182,11048.1811,NA,37.0251,NA
BioshockHD.exe,18704,0xB251BA8,DXGI,0,0,1,Hardware Composed: Independent Flip,11060.5482,NA,9.52550000000000,9.59080000000000,19.70990000000000,29.15670000000000,29.2007,11057.7669,22.4912,2.7813,19.7099,22.3495,9.5885,4.9880,4.6005,-0.0050,11057.7669,NA,31.6129,NA
BioshockHD.exe,18704,0xB251BA8,DXGI,0,0,1,Hardware Composed: Independent Flip,11083.1390,NA,22.59080000000000,22.42200000000000,6.70150000000000,28.98510000000000,29.0319,11080.2581,9.5824,2.8809,6.7015,9.4468,22.4192,4.9424,17.4768,0.0692,11080.2581,NA,34.0399,NA
BioshockHD.exe,18704,0xB251BA8,DXGI,0,0,1,Hardware Composed: Independent Flip,11092.9666,NA,9.82760000000000,9.41440000000000,19.35220000000000,28.57340000000000,28.6187,11089.8405,22.4783,3.1261,19.3522,22.2836,9.4159,5.0047,4.4112,0.1680,11089.8405,NA,32.4433,NA
BioshockHD.exe,18704,0xB251BA8,DXGI,0,0,1,Hardware Composed: Independent Flip,11115.2290,NA,22.26240000000000,22.66070000000000,6.49700000000000,28.96620000000000,29.0170,11112.3188,9.4072,2.9102,6.4970,9.2212,22.6552,5.0270,17.6282,-0.1824,11112.3188,NA,31.0674,NA
BioshockHD.exe,18704,0xB251BA8,DXGI,0,0,1,Hardware Composed: Independent Flip,11124.6825,NA,9.45350000000000,12.55180000000000,19.66660000000000,29.07800000000000,32.1153,11121.7260,22.6231,2.9565,19.6666,22.4692,9.5653,5.0287,4.5366,-3.1446,11121.7260,NA,32.6559,NA
BioshockHD.exe,18704,0xB251BA8,DXGI,0,0,1,Hardware Composed: Independent Flip,11147.3461,NA,22.66360000000000,19.51600000000000,9.55450000000000,28.92320000000000,28.9677,11144.3491,12.5515,2.9970,9.5545,9.4114,22.5088,5.0378,17.4710,3.1071,11144.3491,NA,NA,NA
BioshockHD.exe,18704,0xB251BA8,DXGI,0,0,1,Hardware Composed: Independent Flip,11160.0062,NA,12.66010000000000,12.49720000000000,16.46340000000000,25.77700000000000,28.8048,11156.9006,19.5690,3.1056,16.4634,19.3687,9.5139,4.9760,4.5379,0.0543,11156.9006,NA,38.6758,NA
BioshockHD.exe,18704,0xB251BA8,DXGI,0,0,1,Hardware Composed: Independent Flip,11179.6559,NA,19.64970000000000,20.71890000000000,9.25270000000000,29.81420000000000,29.8740,11176.4696,12.4390,3.1863,9.2527,9.3136,23.6869,5.0487,18.6382,-1.1499,11176.4696,NA,33.3987,NA
BioshockHD.exe,18704,0xB251BA8,DXGI,0,0,1,Hardware Composed: Independent Flip,11191.7308,NA,12.07490000000000,12.12730000000000,17.97860000000000,26.89880000000000,29.9264,11188.9086,20.8008,2.8222,17.9786,20.5615,9.1595,4.8970,4.2625,0.3117,11188.9086,NA,37.5285,NA
BioshockHD.exe,18704,0xB251BA8,DXGI,0,0,1,Hardware Composed: Independent Flip,11212.9963,NA,21.26550000000000,19.66710000000000,8.75750000000000,28.26900000000000,28.3280,11209.7094,12.0444,3.2869,8.7575,8.9202,22.6357,5.0240,17.6117,1.1337,11209.7094,NA,32.1344,NA
BioshockHD.exe,18704,0xB251BA8,DXGI,0,0,1,Hardware Composed: Independent Flip,11224.4999,NA,11.50360000000000,9.66290000000000,16.92140000000000,26.42140000000000,26.4873,11221.7538,19.6675,2.7461,16.9214,19.5115,9.6560,5.0511,4.6049,2.3815,11221.7538,NA,33.8544,NA
BioshockHD.exe,18704,0xB251BA8,DXGI,0,0,1,Hardware Composed: Independent Flip,11244.2104,NA,19.71050000000000,22.53940000000000,6.86980000000000,29.26890000000000,29.3162,11241.4213,9.6589,2.7891,6.8698,9.5000,22.5580,4.9374,17.6206,-2.8719,11241.4213,NA,37.3909,NA
BioshockHD.exe,18704,0xB251BA8,DXGI,0,0,1,Hardware Composed: Independent Flip,11253.8016,NA,9.59120000000000,9.48290000000000,19.83400000000000,29.16090000000000,29.2079,11251.0802,22.5554,2.7214,19.8340,22.3991,9.4832,4.9829,4.5003,0.1760,11251.0802,NA,33.8714,NA
BioshockHD.exe,18704,0xB251BA8,DXGI,0,0,1,Hardware Composed: Independent Flip,11276.6137,NA,22.81210000000000,22.60580000000000,6.48490000000000,28.95190000000000,29.0016,11273.6356,9.4630,2.9781,6.4849,9.3269,22.6031,4.9905,17.6126,-0.0504,11273.6356,NA,31.4788,NA
BioshockHD.exe,18704,0xB251BA8,DXGI,0,0,1,Hardware Composed: Independent Flip,11285.9541,NA,9.34040000000000,9.58850000000000,19.76130000000000,29.19020000000000,29.2497,11283.0986,22.6168,2.8555,19.7613,22.4670,9.5787,4.9371,4.6416,-0.1255,11283.0986,NA,30.0718,NA
BioshockHD.exe,18704,0xB251BA8,DXGI,0,0,1,Hardware Composed: Independent Flip,11308.6399,NA,22.68580000000000,22.33380000000000,6.65390000000000,28.85000000000000,28.8977,11305.7154,9.5784,2.9245,6.6539,9.4289,22.3456,4.9543,17.3913,0.2830,11305.7154,NA,34.4001,NA
BioshockHD.exe,18704,0xB251BA8,DXGI,0,0,1,Hardware Composed: Independent Flip,11318.2146,NA,9.57470000000000,9.50190000000000,19.41660000000000,28.77570000000000,28.8249,11315.2938,22.3374,2.9208,19.4166,22.1961,9.5004,4.9611,4.5393,0.0765,11315.2938,NA,29.9018,NA
BioshockHD.exe,18704,0xB251BA8,DXGI,0,0,1,Hardware Composed: Independent Flip,11340.4039,NA,22.18930000000000,22.38360000000000,6.72870000000000,28.98410000000000,29.0192,11337.6312,9.5014,2.7727,6.7287,9.3591,22.3977,4.9538,17.4439,-0.0462,11337.6312,NA,35.2946,NA
BioshockHD.exe,18704,0xB251BA8,DXGI,0,0,1,Hardware Composed: Independent Flip,11350.3018,NA,9.89790000000000,9.42790000000000,19.21390000000000,28.50800000000000,28.5492,11347.1326,22.3831,3.1692,19.2139,22.2554,9.4218,5.0057,4.4161,0.0735,11347.1326,NA,NA,NA
BioshockHD.exe,18704,0xB251BA8,DXGI,0,0,1,Hardware Composed: Independent Flip,11372.5789,NA,22.27710000000000,21.92060000000000,6.37300000000000,28.15070000000000,28.1927,11369.5157,9.4362,3.0632,6.3730,9.2941,21.9198,4.5210,17.3988,0.4625,11369.5157,NA,29.5977,NA
BioshockHD.exe,18704,0xB251BA8,DXGI,0,0,1,Hardware Composed: Independent Flip,11381.7395,NA,9.16060000000000,9.58390000000000,19.13670000000000,28.57580000000000,28.6160,11378.9519,21.9243,2.7876,19.1367,21.7777,9.5857,5.0702,4.5155,-0.1477,11378.9519,NA,30.2234,NA
BioshockHD.exe,18704,0xB251BA8,DXGI,0,0,1,Hardware Composed: Independent Flip,11403.9460,NA,22.20650000000000,22.52980000000000,6.51010000000000,28.92350000000000,28.9393,11400.8762,9.5799,3.0698,6.5101,9.4391,22.5542,4.9930,17.5612,-0.6055,11400.8762,NA,32.7584,NA
BioshockHD.exe,18704,0xB251BA8,DXGI,0,0,1,Hardware Composed: Independent Flip,11413.6595,NA,9.71350000000000,9.51500000000000,19.32590000000000,28.70240000000000,28.7408,11410.4561,22.5293,3.2034,19.3259,22.4134,9.4924,4.9785,4.5139,0.0649,11410.4561,NA,32.2614,NA
BioshockHD.exe,18704,0xB251BA8,DXGI,0,0,1,Hardware Composed: Independent Flip,11435.9515,NA,22.29200000000000,22.66890000000000,6.54280000000000,29.07610000000000,29.1177,11432.9854,9.5089,2.9661,6.5428,9.3765,22.6657,4.9832,17.6825,-0.1396,11432.9854,NA,32.9340,NA
BioshockHD.exe,18704,0xB251BA8,DXGI,0,0,1,Hardware Composed: Independent Flip,11445.6670,NA,9.71550000000000,9.58830000000000,19.50580000000000,28.93060000000000,28.9905,11442.4943,22.6785,3.1727,19.5058,22.5333,9.5700,4.9694,4.6006,-0.0794,11442.4943,NA,32.4999,NA
BioshockHD.exe,18704,0xB251BA8,DXGI,0,0,1,Hardware Composed: Independent Flip,11468.1117,NA,22.44470000000000,22.39730000000000,6.63720000000000,28.89320000000000,28.9431,11465.1728,9.5761,2.9389,6.6372,9.4248,22.4073,4.9927,17.4146,0.2812,11465.1728,NA,29.9171,NA
BioshockHD.exe,18704,0xB251BA8,DXGI,0,0,1,Hardware Composed: Independent Flip,11477.5154,NA,9.40370000000000,9.71390000000000,19.66030000000000,29.21210000000000,29.2533,11474.7489,22.4268,2.7665,19.6603,22.2560,9.7226,5.0453,4.6773,-0.1378,11474.7489,NA,30.6280,NA
BioshockHD.exe,18704,0xB251BA8,DXGI,0,0,1,Hardware Composed: Independent Flip,11499.9958,NA,22.48040000000000,24.19890000000000,6.86800000000000,29.23440000000000,30.9718,11497.1757,9.6881,2.8201,6.8680,9.5518,22.5027,4.9821,17.5206,-1.7721,11497.1757,NA,33.8339,NA
BioshockHD.exe,18704,0xB251BA8,DXGI,0,0,1,Hardware Composed: Independent Flip,11509.6531,NA,9.65730000000000,7.41680000000000,21.41690000000000,28.67950000000000,28.7313,11506.8638,24.2062,2.7893,21.4169,22.3664,9.1024,4.9336,4.1688,2.2713,11506.8638,NA,33.2447,NA
BioshockHD.exe,18704,0xB251BA8,DXGI,0,0,1,Hardware Composed: Independent Flip,11533.9600,NA,24.30690000000000,22.77700000000000,4.51210000000000,27.14850000000000,27.2014,11531.0700,7.4021,2.8900,4.5121,7.2626,22.7759,4.9707,17.8052,1.4292,11531.0700,NA,28.0211,NA
BioshockHD.exe,18704,0xB251BA8,DXGI,0,0,1,Hardware Composed: Independent Flip,11541.2526,NA,7.29260000000000,9.55810000000000,20.01260000000000,29.40940000000000,29.4669,11538.4721,22.7931,2.7805,20.0126,22.6364,9.5535,5.0594,4.4941,-2.1560,11538.4721,NA,36.5842,NA
BioshockHD.exe,18704,0xB251BA8,DXGI,0,0,1,Hardware Composed: Independent Flip,11564.2937,NA,23.04110000000000,22.42950000000000,6.51630000000000,28.81540000000000,28.8553,11561.2652,9.5448,3.0285,6.5163,9.3968,22.4471,4.9609,17.4862,0.3636,11561.2652,NA,31.9660,NA
BioshockHD.exe,18704,0xB251BA8,DXGI,0,0,1,Hardware Composed: Independent Flip,11573.6194,NA,9.32570000000000,9.41360000000000,19.66680000000000,28.88660000000000,28.9432,11570.8100,22.4762,2.8094,19.6668,22.2991,9.3969,4.9269,4.4700,0.1312,11570.8100,NA,NA,NA
BioshockHD.exe,18704,0xB251BA8,DXGI,0,0,1,Hardware Composed: Independent Flip,11596.3200,NA,22.70060000000000,22.12590000000000,6.38810000000000,28.32800000000000,28.3685,11593.2862,9.4219,3.0338,6.3881,9.2198,22.1420,4.5372,17.6048,0.3503,11593.2862,NA,49.5537,NA
BioshockHD.exe,18704,0xB251BA8,DXGI,0,0,1,Hardware Composed: Independent Flip,11605.7080,NA,9.38800000000000,9.53860000000000,19.08030000000000,28.45990000000000,28.5191,11602.7081,22.0802,2.9999,19.0803,21.9399,9.5199,4.9706,4.5493,-0.1167,11602.7081,NA,NA,NA
BioshockHD.exe,18704,0xB251BA8,DXGI,0,0,1,Hardware Composed: Independent Flip,11627.5653,NA,21.85730000000000,22.21310000000000,6.75910000000000,28.82620000000000,28.8749,11624.7883,9.5361,2.7770,6.7591,9.3796,22.2236,5.1244,17.0992,-0.1329,11624.7883,NA,29.3002,NA
BioshockHD.exe,18704,0xB251BA8,DXGI,0,0,1,Hardware Composed: Independent Flip,11637.0020,NA,9.43670000000000,9.49870000000000,19.54410000000000,28.89810000000000,28.9369,11634.3244,22.2217,2.6776,19.5441,22.0671,9.5086,4.9367,4.5719,0.0374,11634.3244,NA,29.7956,NA
BioshockHD.exe,18704,0xB251BA8,DXGI,0,0,1,Hardware Composed: Independent Flip,11659.2652,NA,22.26320000000000,22.55280000000000,6.76650000000000,29.17290000000000,29.2265,11656.5461,9.4856,2.7191,6.7665,9.3540,22.5380,4.9863,17.5517,-0.3311,11656.5461,NA,31.3556,NA
BioshockHD.exe,18704,0xB251BA8,DXGI,0,0,1,Hardware Composed: Independent Flip,11668.7335,NA,9.46830000000000,9.40410000000000,19.85650000000000,29.15330000000000,29.1623,11666.0317,22.5583,2.7018,19.8565,22.4064,9.4487,4.9659,4.4828,0.0815,11666.0317,NA,29.7599,NA
BioshockHD.exe,18704,0xB251BA8,DXGI,0,0,1,Hardware Composed: Independent Flip,11691.6292,NA,22.89570000000000,23.20170000000000,6.47410000000000,29.41810000000000,29.4683,11688.5900,9.5133,3.0392,6.4741,9.2968,23.1605,4.9241,18.2364,-0.6434,11688.5900,NA,32.9265,NA
BioshockHD.exe,18704,0xB251BA8,DXGI,0,0,1,Hardware Composed: Independent Flip,11700.9646,NA,9.33540000000000,12.69940000000000,20.23370000000000,29.81610000000000,32.8323,11698.1033,23.0950,2.8613,20.2337,22.9440,9.7334,5.0434,4.6900,-3.1861,11698.1033,NA,37.6687,NA
BioshockHD.exe,18704,0xB251BA8,DXGI,0,0,1,Hardware Composed: Independent Flip,11724.1260,NA,23.16140000000000,19.39960000000000,9.76560000000000,29.02350000000000,29.0705,11721.1983,12.6933,2.9277,9.7656,9.5824,22.3688,4.9286,17.4402,3.6954,11721.1983,NA,32.0671,NA
BioshockHD.exe,18704,0xB251BA8,DXGI,0,0,1,Hardware Composed: Independent Flip,11736.6589,NA,12.53290000000000,12.40910000000000,16.63480000000000,25.92480000000000,28.9467,11733.8916,19.4021,2.7673,16.6348,19.2579,9.4342,4.9298,4.5044,0.2842,11733.8916,NA,31.4233,NA
BioshockHD.exe,18704,0xB251BA8,DXGI,0,0,1,Hardware Composed: Independent Flip,11755.8623,NA,19.20340000000000,19.71820000000000,9.83910000000000,29.40390000000000,29.4615,11753.2937,12.4077,2.5686,9.8391,9.2900,22.6825,4.9935,17.6890,-0.3161,11753.2937,NA,40.1954,NA
BioshockHD.exe,18704,0xB251BA8,DXGI,0,0,1,Hardware Composed: Independent Flip,11768.3888,NA,12.52650000000000,12.51400000000000,17.03400000000000,26.44950000000000,29.4490,11765.7014,19.7214,2.6874,17.0340,19.5648,9.5721,4.9485,4.6236,-0.1063,11765.7014,NA,31.7017,NA
BioshockHD.exe,18704,0xB251BA8,DXGI,0,0,1,Hardware Composed: Independent Flip,11788.0021,NA,19.61330000000000,19.47140000000000,9.93990000000000,29.25330000000000,29.3071,11785.4228,12.5192,2.5793,9.9399,9.4155,22.4171,4.9378,17.4793,0.2500,11785.4228,NA,33.1773,NA
BioshockHD.exe,18704,0xB251BA8,DXGI,0,0,1,Hardware Composed: Independent Flip,11800.6190,NA,12.61690000000000,9.54340000000000,16.82090000000000,26.17750000000000,26.2336,11797.9420,19.4979,2.6770,16.8209,19.3134,9.5411,4.9348,4.6063,2.9758,11797.9420,NA,26.6755,NA
BioshockHD.exe,18704,0xB251BA8,DXGI,0,0,1,Hardware Composed: Independent Flip,11820.0951,NA,19.47610000000000,22.46900000000000,6.85190000000000,29.21810000000000,29.2265,11817.4399,9.5071,2.6552,6.8519,9.3566,22.5167,4.9452,17.5715,-2.9711,11817.4399,NA,32.1541,NA
BioshockHD.exe,18704,0xB251BA8,DXGI,0,0,1,Hardware Composed: Independent Flip,11829.6020,NA,9.50690000000000,9.46000000000000,19.88610000000000,29.14140000000000,29.1796,11826.9470,22.5411,2.6550,19.8861,22.3662,9.4302,4.9217,4.5085,0.0471,11826.9470,NA,NA,NA
BioshockHD.exe,18704,0xB251BA8,DXGI,0,0,1,Hardware Composed: Independent Flip,11852.3666,NA,22.76460000000000,22.00870000000000,6.55400000000000,28.37500000000000,28.4237,11849.4881,9.4325,2.8785,6.5540,9.2553,21.9982,4.4932,17.5050,0.5324,11849.4881,NA,42.6524,NA
BioshockHD.exe,18704,0xB251BA8,DXGI,0,0,1,Hardware Composed: Independent Flip,11861.8419,NA,9.47530000000000,9.68100000000000,19.05590000000000,28.55060000000000,28.6294,11858.9206,21.9772,2.9213,19.0559,21.8210,9.6509,5.0556,4.5953,-0.2485,11858.9206,NA,34.2713,NA
BioshockHD.exe,18704,0xB251BA8,DXGI,0,0,1,Hardware Composed: Independent Flip,11883.6610,NA,21.81910000000000,22.56700000000000,6.92480000000000,29.32120000000000,29.3773,11880.8978,9.6880,2.7632,6.9248,9.4947,22.5897,4.8916,17.6981,-0.5898,11880.8978,NA,38.9042,NA
BioshockHD.exe,18704,0xB251BA8,DXGI,0,0,1,Hardware Composed: Independent Flip,11893.3587,NA,9.69770000000000,9.47720000000000,19.81470000000000,29.10590000000000,29.1568,11890.5858,22.5876,2.7729,19.8147,22.3964,9.4824,4.8900,4.5924,0.2108,11890.5858,NA,NA,NA
BioshockHD.exe,18704,0xB251BA8,DXGI,0,0,1,Hardware Composed: Independent Flip,11915.9152,NA,22.55650000000000,22.20260000000000,6.69380000000000,28.73660000000000,28.8029,11913.1734,9.4356,2.7418,6.6938,9.2912,22.1872,4.5058,17.6814,0.3850,11913.1734,NA,38.5857,NA
BioshockHD.exe,18704,0xB251BA8,DXGI,0,0,1,Hardware Composed: Independent Flip,11925.3316,NA,9.41640000000000,9.28380000000000,19.54120000000000,28.61920000000000,28.6703,11922.6090,22.2638,2.7226,19.5412,22.0428,9.2990,4.9890,4.3100,0.1518,11922.6090,NA,29.8162,NA
BioshockHD.exe,18704,0xB251BA8,DXGI,0,0,1,Hardware Composed: Independent Flip,11947.8923,NA,22.56070000000000,22.57480000000000,6.20760000000000,28.67020000000000,28.6844,11944.8728,9.2271,3.0195,6.2076,9.0780,22.6117,4.9774,17.6343,-0.3110,11944.8728,NA,30.4040,NA
BioshockHD.exe,18704,0xB251BA8,DXGI,0,0,1,Hardware Composed: Independent Flip,11956.8357,NA,8.94340000000000,9.49090000000000,19.85120000000000,29.17690000000000,29.2319,11954.0999,22.5870,2.7358,19.8512,22.4626,9.4501,4.9454,4.5047,-0.2638,11954.0999,NA,30.9354,NA
BioshockHD.exe,18704,0xB251BA8,DXGI,0,0,1,Hardware Composed: Independent Flip,11979.5728,NA,22.73710000000000,22.51820000000000,6.62710000000000,28.96230000000000,29.0130,11976.6869,9.5130,2.8859,6.6271,9.3257,22.5225,4.9482,17.5743,0.0688,11976.6869,NA,31.4175,NA
BioshockHD.exe,18704,0xB251BA8,DXGI,0,0,1,Hardware Composed: Independent Flip,11989.1704,NA,9.59760000000000,9.44340000000000,19.57720000000000,28.80460000000000,28.8588,11986.1999,22.5477,2.9705,19.5772,22.3352,9.4399,5.0082,4.4317,0.0696,11986.1999,NA,29.8920,NA
BioshockHD.exe,18704,0xB251BA8,DXGI,0,0,1,Hardware Composed: Independent Flip,12011.8142,NA,22.64380000000000,22.48640000000000,6.30310000000000,28.65310000000000,28.7014,12008.7476,9.3697,3.0666,6.3031,9.2274,22.4923,4.9720,17.5203,0.0613,12008.7476,NA,31.3343,NA
BioshockHD.exe,18704,0xB251BA8,DXGI,0,0,1,Hardware Composed: Independent Flip,12020.7702,NA,8.95600000000000,9.55690000000000,19.84970000000000,29.26530000000000,29.3023,12018.1173,22.5026,2.6529,19.8497,22.3500,9.5682,5.0523,4.5159,-0.1872,12018.1173,NA,29.9384,NA
BioshockHD.exe,18704,0xB251BA8,DXGI,0,0,1,Hardware Composed: Independent Flip,12043.4100,NA,22.63980000000000,22.42510000000000,6.76020000000000,29.03700000000000,29.0876,12040.6199,9.5503,2.7901,6.7602,9.4156,22.4115,4.9055,17.5060,0.0775,12040.6199,NA,29.3511,NA
BioshockHD.exe,18704,0xB251BA8,DXGI,0,0,1,Hardware Composed: Independent Flip,12052.8809,NA,9.47090000000000,9.42230000000000,19.71130000000000,28.98940000000000,29.0390,12050.1702,22.4220,2.7107,19.7113,22.2768,9.4233,4.8932,4.5301,0.1280,12050.1702,NA,NA,NA
BioshockHD.exe,18704,0xB251BA8,DXGI,0,0,1,Hardware Composed: Independent Flip,12075.3088,NA,22.42790000000000,24.85150000000000,6.69980000000000,29.22290000000000,31.4626,12072.5922,9.4164,2.7166,6.6998,9.2781,22.6614,4.9986,17.6628,-2.4295,12072.5922,NA,32.6347,NA
BioshockHD.exe,18704,0xB251BA8,DXGI,0,0,1,Hardware Composed: Independent Flip,12084.8267,NA,9.51790000000000,6.96720000000000,22.04960000000000,28.85250000000000,28.9119,12082.0086,24.8677,2.8181,22.0496,22.5231,9.1475,4.9411,4.2064,2.4492,12082.0086,NA,29.5995,NA
BioshockHD.exe,18704,0xB251BA8,DXGI,0,0,1,Hardware Composed: Independent Flip,12109.6260,NA,24.79930000000000,22.78870000000000,4.20700000000000,26.84370000000000,26.9013,12106.8763,6.9567,2.7497,4.2070,6.8029,22.7905,4.9463,17.8442,2.0790,12106.8763,NA,28.3924,NA
BioshockHD.exe,18704,0xB251BA8,DXGI,0,0,1,Hardware Composed: Independent Flip,12116.4216,NA,6.79560000000000,9.49630000000000,20.23850000000000,29.56220000000000,29.6020,12113.8330,22.8271,2.5886,20.2385,22.6367,9.5141,4.9692,4.5449,-2.5396,12113.8330,NA,NA,NA
BioshockHD.exe,18704,0xB251BA8,DXGI,0,0,1,Hardware Composed: Independent Flip,12139.5135,NA,23.09190000000000,22.56980000000000,6.63590000000000,29.00250000000000,29.0799,12136.6601,9.4893,2.8534,6.6359,9.3237,22.5322,4.9714,17.5608,0.2573,12136.6601,NA,29.4575,NA
BioshockHD.exe,18704,0xB251BA8,DXGI,0,0,1,Hardware Composed: Independent Flip,12149.3294,NA,9.81590000000000,8.88460000000000,19.36200000000000,28.09560000000000,28.1486,12146.1494,22.5420,3.1800,19.3620,22.3666,8.9090,4.4025,4.5065,0.6047,12146.1494,NA,NA,NA
BioshockHD.exe,18704,0xB251BA8,DXGI,0,0,1,Hardware Composed: Independent Flip,12171.3945,NA,22.06510000000000,22.03070000000000,6.17390000000000,28.06170000000000,28.1142,12168.6914,8.8770,2.7031,6.1739,8.7336,22.0312,4.9671,17.0641,0.5113,12168.6914,NA,28.3418,NA
BioshockHD.exe,18704,0xB251BA8,DXGI,0,0,1,Hardware Composed: Independent Flip,12180.2404,NA,8.84590000000000,9.60130000000000,19.36020000000000,28.85960000000000,28.8696,12177.5684,22.0322,2.6720,19.3602,21.8878,9.6438,5.0098,4.6340,-0.7243,12177.5684,NA,28.9711,NA
BioshockHD.exe,18704,0xB251BA8,DXGI,0,0,1,Hardware Composed: Independent Flip,12202.2751,NA,22.03470000000000,23.09950000000000,6.95360000000000,29.87030000000000,29.9344,12199.6006,9.6281,2.6745,6.9536,9.4994,23.0454,4.9122,18.1332,-1.0673,12199.6006,NA,33.0801,NA
BioshockHD.exe,18704,0xB251BA8,DXGI,0,0,1,Hardware Composed: Independent Flip,12212.2290,NA,9.95390000000000,9.36770000000000,20.08670000000000,29.33240000000000,29.3482,12209.2287,23.0870,3.0003,20.0867,22.9167,9.4160,4.9512,4.4648,0.2604,12209.2287,NA,33.4450,NA
BioshockHD.exe,18704,0xB251BA8,DXGI,0,0,1,Hardware Composed: Independent Flip,12235.1890,NA,22.96000000000000,22.64320000000000,6.50490000000000,28.98110000000000,29.0314,12232.3157,9.3782,2.8733,6.5049,9.2457,22.6087,4.9284,17.6803,0.4438,12232.3157,NA,51.0856,NA
BioshockHD.exe,18704,0xB251BA8,DXGI,0,0,1,Hardware Composed: Independent Flip,12244.3914,NA,9.20240000000000,9.52910000000000,19.92970000000000,29.31860000000000,29.3581,12241.6939,22.6272,2.6975,19.9297,22.4762,9.5399,4.9681,4.5718,-0.1509,12241.6939,NA,NA,NA
BioshockHD.exe,18704,0xB251BA8,DXGI,0,0,1,Hardware Composed: Independent Flip,12267.1110,NA,22.71960000000000,21.91200000000000,6.86280000000000,28.53330000000000,28.5505,12264.3211,9.6527,2.7899,6.8628,9.3889,21.9343,4.5699,17.3644,0.7152,12264.3211,NA,NA,NA
BioshockHD.exe,18704,0xB251BA8,DXGI,0,0,1,Hardware Composed: Independent Flip,12276.9374,NA,9.82640000000000,12.01080000000000,18.82600000000000,27.73720000000000,30.7349,12273.9738,21.7896,2.9636,18.8260,21.6705,9.0303,4.4539,4.5764,-2.3581,12273.9738,NA,37.5100,NA
BioshockHD.exe,18704,0xB251BA8,DXGI,0,0,1,Hardware Composed: Independent Flip,12298.5887,NA,21.65130000000000,19.04190000000000,9.21490000000000,28.09000000000000,28.1255,12295.7634,12.0402,2.8253,9.2149,8.9112,22.0041,4.9405,17.0636,2.7477,12295.7634,NA,29.5763,NA
BioshockHD.exe,18704,0xB251BA8,DXGI,0,0,1,Hardware Composed: Independent Flip,12310.4707,NA,11.88200000000000,9.51510000000000,16.34030000000000,25.74640000000000,25.7586,12307.8036,19.0074,2.6671,16.3403,18.8751,9.5384,4.9336,4.6048,2.5251,12307.8036,NA,26.0937,NA
BioshockHD.exe,18704,0xB251BA8,DXGI,0,0,1,Hardware Composed: Independent Flip,12329.5538,NA,19.08310000000000,22.38380000000000,6.81370000000000,29.05010000000000,29.0593,12326.8110,9.5565,2.7428,6.8137,9.4061,22.3868,4.9695,17.4173,-3.3764,12326.8110,NA,34.4521,NA
BioshockHD.exe,18704,0xB251BA8,DXGI,0,0,1,Hardware Composed: Independent Flip,12339.0563,NA,9.50250000000000,9.53610000000000,19.66450000000000,29.04590000000000,29.0929,12336.3675,22.3533,2.6888,19.6645,22.2364,9.4983,4.9014,4.5969,0.0204,12336.3675,NA,31.8974,NA
BioshockHD.exe,18704,0xB251BA8,DXGI,0,0,1,Hardware Composed: Independent Flip,12361.5092,NA,22.45290000000000,22.45220000000000,6.73160000000000,29.04760000000000,29.0922,12358.7208,9.5200,2.7884,6.7316,9.3814,22.4546,4.9420,17.5126,-0.0989,12358.7208,NA,29.4632,NA
BioshockHD.exe,18704,0xB251BA8,DXGI,0,0,1,Hardware Composed: Independent Flip,12370.8461,NA,9.33690000000000,9.38510000000000,19.85690000000000,29.08080000000000,29.1404,12368.2408,22.4622,2.6053,19.8569,22.3160,9.3701,4.9658,4.4043,0.1349,12368.2408,NA,29.8507,NA
BioshockHD.exe,18704,0xB251BA8,DXGI,0,0,1,Hardware Composed: Independent Flip,12393.9382,NA,23.09210000000000,22.48800000000000,6.13530000000000,28.48530000000000,28.5363,12390.7030,9.3705,3.2352,6.1353,9.2239,22.4966,4.9780,17.5186,-0.0258,12390.7030,NA,31.3389,NA
BioshockHD.exe,18704,0xB251BA8,DXGI,0,0,1,Hardware Composed: Independent Flip,12402.8209,NA,8.88270000000000,9.61520000000000,19.78780000000000,29.21100000000000,29.2688,12400.0735,22.5352,2.7474,19.7878,22.3500,9.6084,5.0538,4.5546,-0.2447,12400.0735,NA,33.9579,NA
BioshockHD.exe,18704,0xB251BA8,DXGI,0,0,1,Hardware Composed: Independent Flip,12425.5372,NA,22.71630000000000,22.36490000000000,6.65150000000000,28.85800000000000,28.9174,12422.6087,9.5800,2.9285,6.6515,9.4232,22.3633,4.9072,17.4561,0.1703,12422.6087,NA,40.3200,NA
BioshockHD.exe,18704,0xB251BA8,DXGI,0,0,1,Hardware Composed: Independent Flip,12435.0436,NA,9.50640000000000,9.41930000000000,19.57300000000000,28.77830000000000,28.8303,12432.1887,22.4279,2.8549,19.5730,22.2065,9.4267,4.9174,4.5093,0.1607,12432.1887,NA,NA,NA
BioshockHD.exe,18704,0xB251BA8,DXGI,0,0,1,Hardware Composed: Independent Flip,12457.3555,NA,22.31190000000000,21.94600000000000,6.60830000000000,28.42810000000000,28.4644,12454.6166,9.3472,2.7389,6.6083,9.2053,21.9617,4.4674,17.4943,0.4819,12454.6166,NA,30.6624,NA
BioshockHD.exe,18704,0xB251BA8,DXGI,0,0,1,Hardware Composed: Independent Flip,12466.6427,NA,9.28720000000000,9.41220000000000,19.31070000000000,28.55090000000000,28.5894,12463.9638,21.9896,2.6789,19.3107,21.8198,9.4100,4.8673,4.5427,-0.0650,12463.9638,NA,29.0989,NA
BioshockHD.exe,18704,0xB251BA8,DXGI,0,0,1,Hardware Composed: Independent Flip,12488.8481,NA,22.20540000000000,22.21540000000000,6.48050000000000,28.53930000000000,28.5994,12485.9534,9.3752,2.8947,6.4805,9.2402,22.1938,4.9206,17.2732,-0.2258,12485.9534,NA,30.2714,NA
BioshockHD.exe,18704,0xB251BA8,DXGI,0,0,1,Hardware Composed: Independent Flip,12498.1098,NA,9.26170000000000,9.45180000000000,19.46930000000000,28.78090000000000,28.7895,12495.3286,22.2505,2.7812,19.4693,22.0588,9.5033,5.0428,4.4605,-0.0766,12495.3286,NA,32.7698,NA
BioshockHD.exe,18704,0xB251BA8,DXGI,0,0,1,Hardware Composed: Independent Flip,12520.5213,NA,22.41150000000000,22.45080000000000,6.48090000000000,28.81960000000000,28.8288,12517.5791,9.4231,2.9422,6.4809,9.3116,22.4502,4.9270,17.5232,-0.2003,12517.5791,NA,35.1523,NA
BioshockHD.exe,18704,0xB251BA8,DXGI,0,0,1,Hardware Composed: Independent Flip,12529.5591,NA,9.03780000000000,9.44210000000000,19.89670000000000,29.22070000000000,29.2331,12527.0022,22.4536,2.5569,19.8967,22.3387,9.4389,4.8999,4.5390,-0.0190,12527.0022,NA,NA,NA
BioshockHD.exe,18704,0xB251BA8,DXGI,0,0,1,Hardware Composed: Independent Flip,12552.2260,NA,22.66690000000000,21.83350000000000,6.66910000000000,28.34890000000000,28.3997,12549.4558,9.4393,2.7702,6.6691,9.3240,21.7951,4.4230,17.3721,0.6201,12549.4558,NA,29.4832,NA
BioshockHD.exe,18704,0xB251BA8,DXGI,0,0,1,Hardware Composed: Independent Flip,12561.5318,NA,9.30580000000000,9.54020000000000,19.18910000000000,28.59650000000000,28.6341,12558.8951,21.8258,2.6367,19.1891,21.6798,9.5534,4.9598,4.5936,-0.1009,12558.8951,NA,31.0325,NA
BioshockHD.exe,18704,0xB251BA8,DXGI,0,0,1,Hardware Composed: Independent Flip,12583.3073,NA,21.77550000000000,25.31990000000000,6.95520000000000,29.17380000000000,32.1785,12580.7209,9.5416,2.5864,6.9552,9.4074,22.3528,4.9001,17.4527,-3.4941,12580.7209,NA,33.3147,NA
BioshockHD.exe,18704,0xB251BA8,DXGI,0,0,1,Hardware Composed: Independent Flip,12593.0839,NA,9.77660000000000,6.14640000000000,22.54160000000000,28.48590000000000,28.5483,12590.2625,25.3630,2.8214,22.5416,22.2186,9.0887,4.9560,4.1327,3.3952,12590.2625,NA,29.4936,NA
BioshockHD.exe,18704,0xB251BA8,DXGI,0,0,1,Hardware Composed: Independent Flip,12618.1201,NA,25.03620000000000,22.83540000000000,3.64680000000000,26.30770000000000,26.3475,12615.6255,6.1414,2.4946,3.6468,5.9443,22.8580,4.9282,17.9298,2.5276,12615.6255,NA,27.3342,NA
BioshockHD.exe,18704,0xB251BA8,DXGI,0,0,1,Hardware Composed: Independent Flip,12624.0784,NA,5.95830000000000,9.50790000000000,20.51620000000000,29.84050000000000,29.8971,12621.7669,22.8277,2.3115,20.5162,22.6609,9.4911,4.9228,4.5683,-3.3665,12621.7669,NA,31.8463,NA
BioshockHD.exe,18704,0xB251BA8,DXGI,0,0,1,Hardware Composed: Independent Flip,12647.2334,NA,23.15500000000000,22.39620000000000,6.83970000000000,29.06620000000000,29.1383,12644.5946,9.4785,2.6388,6.8397,9.3243,22.3807,4.9020,17.4787,0.4315,12644.5946,NA,31.2370,NA
BioshockHD.exe,18704,0xB251BA8,DXGI,0,0,1,Hardware Composed: Independent Flip,12656.8048,NA,9.57140000000000,9.46820000000000,19.68400000000000,28.99800000000000,29.0351,12654.0731,22.4157,2.7317,19.6840,22.2265,9.5032,4.9364,4.5668,0.0103,12654.0731,NA,30.7053,NA
BioshockHD.exe,18704,0xB251BA8,DXGI,0,0,1,Hardware Composed: Independent Flip,12679.1659,NA,22.36110000000000,22.39950000000000,6.78500000000000,29.02310000000000,29.0735,12676.4888,9.4621,2.6771,6.7850,9.3140,22.3862,4.8797,17.5065,0.0162,12676.4888,NA,31.1007,NA
BioshockHD.exe,18704,0xB251BA8,DXGI,0,0,1,Hardware Composed: Independent Flip,12688.5681,NA,9.40220000000000,9.49540000000000,19.76210000000000,29.09520000000000,29.1667,12685.9509,22.3793,2.6172,19.7621,22.2381,9.4743,4.9197,4.5546,-0.0333,12685.9509,NA,36.6039,NA
BioshockHD.exe,18704,0xB251BA8,DXGI,0,0,1,Hardware Composed: Independent Flip,12711.0836,NA,22.51550000000000,22.84600000000000,6.75820000000000,29.45580000000000,29.4972,12708.3302,9.5116,2.7534,6.7582,9.3331,22.8761,4.8489,18.0272,-0.4667,12708.3302,NA,30.4290,NA
BioshockHD.exe,18704,0xB251BA8,DXGI,0,0,1,Hardware Composed: Independent Flip,12720.4939,NA,9.41030000000000,9.46710000000000,20.19940000000000,29.50790000000000,29.5540,12717.8418,22.8515,2.6521,20.1994,22.6976,9.4624,4.9157,4.5467,0.0445,12717.8418,NA,30.9084,NA
BioshockHD.exe,18704,0xB251BA8,DXGI,0,0,1,Hardware Composed: Independent Flip,12743.2705,NA,22.77660000000000,22.39590000000000,6.87660000000000,29.12790000000000,29.1733,12740.6933,9.4538,2.5772,6.8766,9.3085,22.3966,4.8823,17.5143,0.4556,12740.6933,NA,31.3083,NA
BioshockHD.exe,18704,0xB251BA8,DXGI,0,0,1,Hardware Composed: Independent Flip,12752.7269,NA,9.45640000000000,12.40620000000000,19.85100000000000,29.09270000000000,32.1231,12750.1471,22.4308,2.5798,19.8510,22.2513,9.4212,4.9098,4.5114,-2.9524,12750.1471,NA,34.7156,NA
BioshockHD.exe,18704,0xB251BA8,DXGI,0,0,1,Hardware Composed: Independent Flip,12775.2601,NA,22.53320000000000,19.48860000000000,9.71820000000000,29.01990000000000,29.0785,12772.5779,12.4004,2.6822,9.7182,9.2417,22.4604,4.9196,17.5408,2.9422,12772.5779,NA,33.2124,NA
BioshockHD.exe,18704,0xB251BA8,DXGI,0,0,1,Hardware Composed: Independent Flip,12787.5622,NA,12.30210000000000,12.47600000000000,16.87160000000000,26.25430000000000,29.2524,12784.9783,19.4555,2.5839,16.8716,19.3017,9.5365,4.9227,4.6138,-0.0756,12784.9783,NA,30.6769,NA
BioshockHD.exe,18704,0xB251BA8,DXGI,0,0,1,Hardware Composed: Independent Flip,12807.1324,NA,19.57020000000000,19.50800000000000,9.77820000000000,29.14200000000000,29.1902,12804.4338,12.4768,2.6986,9.7782,9.3827,22.4579,4.9017,17.5562,-0.0525,12804.4338,NA,31.1284,NA
BioshockHD.exe,18704,0xB251BA8,DXGI,0,0,1,Hardware Composed: Independent Flip,12819.4377,NA,12.30530000000000,9.49640000000000,16.98290000000000,26.32290000000000,26.3813,12816.9106,19.5100,2.5271,16.9829,19.3638,9.4862,4.8892,4.5970,2.9804,12816.9106,NA,26.6848,NA
BioshockHD.exe,18704,0xB251BA8,DXGI,0,0,1,Hardware Composed: Independent Flip,12839.1150,NA,19.67730000000000,22.31870000000000,6.83120000000000,28.97610000000000,29.0227,12836.4206,9.5256,2.6944,6.8312,9.3400,22.3305,4.8595,17.4710,-2.8087,12836.4206,NA,33.0059,NA
BioshockHD.exe,18704,0xB251BA8,DXGI,0,0,1,Hardware Composed: Independent Flip,12848.5085,NA,9.39350000000000,9.53420000000000,19.76460000000000,29.04940000000000,29.1634,12845.9462,22.3269,2.5623,19.7646,22.1449,9.4668,4.8524,4.6144,-0.0086,12845.9462,NA,31.5392,NA
BioshockHD.exe,18704,0xB251BA8,DXGI,0,0,1,Hardware Composed: Independent Flip,12870.9103,NA,22.40180000000000,22.25490000000000,6.88200000000000,28.95350000000000,29.0165,12868.2731,9.5192,2.6372,6.8820,9.2848,22.3059,4.9652,17.3407,0.0720,12868.2731,NA,32.7965,NA
BioshockHD.exe,18704,0xB251BA8,DXGI,0,0,1,Hardware Composed: Independent Flip,12880.3274,NA,9.41710000000000,9.71130000000000,19.72710000000000,29.26360000000000,29.3107,12877.7923,22.2622,2.5351,19.7271,22.0715,9.7272,5.0562,4.6710,-0.1921,12877.7923,NA,36.4681,NA
BioshockHD.exe,18704,0xB251BA8,DXGI,0,0,1,Hardware Composed: Independent Flip,12902.5625,NA,22.23510000000000,22.43050000000000,7.20510000000000,29.49400000000000,29.5061,12900.0545,9.7131,2.5080,7.2051,9.5365,22.4655,4.9280,17.5375,-0.1683,12900.0545,NA,32.9406,NA
BioshockHD.exe,18704,0xB251BA8,DXGI,0,0,1,Hardware Composed: Independent Flip,12912.4065,NA,9.84400000000000,9.35500000000000,19.76640000000000,28.95400000000000,29.0171,12909.7676,22.4053,2.6389,19.7664,22.2889,9.3040,4.7957,4.5083,0.3581,12909.7676,NA,30.2904,NA
BioshockHD.exe,18704,0xB251BA8,DXGI,0,0,1,Hardware Composed: Independent Flip,12934.9669,NA,22.56040000000000,22.54010000000000,6.55060000000000,28.94880000000000,28.9968,12932.1729,9.3446,2.7940,6.5506,9.1876,22.5552,4.9504,17.6048,-0.1348,12932.1729,NA,30.7994,NA
BioshockHD.exe,18704,0xB251BA8,DXGI,0,0,1,Hardware Composed: Independent Flip,12944.1282,NA,9.16130000000000,9.55620000000000,19.94900000000000,29.33140000000000,29.3917,12941.5175,22.5597,2.6107,19.9490,22.3982,9.5439,4.8992,4.6447,-0.2116,12941.5175,NA,30.3834,NA
BioshockHD.exe,18704,0xB251BA8,DXGI,0,0,1,Hardware Composed: Independent Flip,12966.9354,NA,22.80720000000000,22.29970000000000,6.67620000000000,28.84420000000000,28.8842,12964.0772,9.5344,2.8582,6.6762,9.3824,22.3200,4.9078,17.4122,0.2600,12964.0772,NA,29.6846,NA
BioshockHD.exe,18704,0xB251BA8,DXGI,0,0,1,Hardware Composed: Independent Flip,12976.1935,NA,9.25810000000000,9.45010000000000,19.76510000000000,29.01910000000000,29.0762,12973.6116,22.3470,2.5819,19.7651,22.1680,9.4330,4.9233,4.5097,0.0843,12973.6116,NA,32.1425,NA
BioshockHD.exe,18704,0xB251BA8,DXGI,0,0,1,Hardware Composed: Independent Flip,12998.7792,NA,22.58570000000000,22.41920000000000,6.65360000000000,28.86160000000000,28.9097,12995.9586,9.4742,2.8206,6.6536,9.2540,22.4282,4.8805,17.5477,-0.0722,12995.9586,NA,30.4901,NA
BioshockHD.exe,18704,0xB251BA8,DXGI,0,0,1,Hardware Composed: Independent Flip,13008.1287,NA,9.34950000000000,9.32860000000000,19.69080000000000,28.84830000000000,28.8888,13005.4328,22.3867,2.6959,19.6908,22.2080,9.3362,4.8485,4.4877,0.1456,13005.4328,NA,NA,NA
BioshockHD.exe,18704,0xB251BA8,DXGI,0,0,1,Hardware Composed: Independent Flip,13030.4353,NA,22.30660000000000,22.27580000000000,6.71280000000000,28.84870000000000,28.8580,13027.8195,9.3286,2.6158,6.7128,9.1575,22.3070,4.9427,17.3643,0.1109,13027.8195,NA,33.1300,NA
BioshockHD.exe,18704,0xB251BA8,DXGI,0,0,1,Hardware Composed: Independent Flip,13039.7930,NA,9.35770000000000,9.45760000000000,19.63660000000000,28.94680000000000,28.9579,13037.1481,22.2815,2.6449,19.6366,22.1359,9.4558,4.8970,4.5588,-0.1290,13037.1481,NA,31.6190,NA
BioshockHD.exe,18704,0xB251BA8,DXGI,0,0,1,Hardware Composed: Independent Flip,13062.0087,NA,22.21570000000000,22.35250000000000,6.86810000000000,29.03550000000000,29.0947,13059.4296,9.4472,2.5791,6.8681,9.3102,22.3044,4.8177,17.4867,-0.0710,13059.4296,NA,29.9665,NA
BioshockHD.exe,18704,0xB251BA8,DXGI,0,0,1,Hardware Composed: Independent Flip,13071.4716,NA,9.46290000000000,9.39390000000000,19.78920000000000,28.97680000000000,29.0257,13068.8768,22.3840,2.5948,19.7892,22.1674,9.4042,4.8357,4.5685,0.0533,13068.8768,NA,30.3556,NA
BioshockHD.exe,18704,0xB251BA8,DXGI,0,0,1,Hardware Composed: Independent Flip,13093.8612,NA,22.38960000000000,25.08600000000000,6.72390000000000,29.04480000000000,31.7221,13091.2608,9.3243,2.6004,6.7239,9.1876,22.4576,4.9066,17.5510,-2.7020,13091.2608,NA,34.4404,NA
BioshockHD.exe,18704,0xB251BA8,DXGI,0,0,1,Hardware Composed: Independent Flip,13103.5603,NA,9.69910000000000,6.43290000000000,22.18620000000000,28.40660000000000,28.4559,13100.5851,25.1614,2.9752,22.1862,22.3209,9.0609,4.8930,4.1679,2.8914,13100.5851,NA,29.8667,NA
BioshockHD.exe,18704,0xB251BA8,DXGI,0,0,1,Hardware Composed: Independent Flip,13128.4849,NA,24.92460000000000,22.62090000000000,3.62580000000000,26.07690000000000,26.1522,13125.7465,6.3642,2.7384,3.6258,6.2204,22.5949,4.8121,17.7828,2.5405,13125.7465,NA,NA,NA
BioshockHD.exe,18704,0xB251BA8,DXGI,0,0,1,Hardware Composed: Independent Flip,13134.6820,NA,6.19710000000000,9.33520000000000,20.09160000000000,29.25170000000000,29.2903,13132.1107,22.6629,2.5713,20.0916,22.4511,9.3719,4.8925,4.4794,-2.9710,13132.1107,NA,NA,NA
BioshockHD.exe,18704,0xB251BA8,DXGI,0,0,1,Hardware Composed: Independent Flip,13157.2902,NA,22.60820000000000,22.01160000000000,6.81630000000000,28.60090000000000,28.6937,13154.7736,9.3329,2.5166,6.8163,9.1601,21.9574,4.3746,17.5828,0.6513,13154.7736,NA,30.8471,NA
BioshockHD.exe,18704,0xB251BA8,DXGI,0,0,1,Hardware Composed: Independent Flip,13166.6570,NA,9.36680000000000,9.32600000000000,19.42450000000000,28.61210000000000,28.6529,13164.1065,21.9750,2.5505,19.4245,21.7846,9.3780,4.8108,4.5672,0.0069,13164.1065,NA,30.1719,NA
BioshockHD.exe,18704,0xB251BA8,DXGI,0,0,1,Hardware Composed: Independent Flip,13188.6548,NA,21.99780000000000,21.58850000000000,6.74590000000000,28.18570000000000,28.2436,13186.0815,9.3192,2.5733,6.7459,9.1876,21.5714,4.3729,17.1985,0.3865,13186.0815,NA,28.7591,NA
BioshockHD.exe,18704,0xB251BA8,DXGI,0,0,1,Hardware Composed: Independent Flip,13197.9641,NA,9.30930000000000,9.41750000000000,19.03390000000000,28.30130000000000,28.3518,13195.4007,21.5973,2.5634,19.0339,21.4398,9.4249,4.8627,4.5622,-0.0983,13195.4007,NA,35.1526,NA
BioshockHD.exe,18704,0xB251BA8,DXGI,0,0,1,Hardware Composed: Independent Flip,13219.5271,NA,21.56300000000000,23.07740000000000,6.88600000000000,29.79600000000000,29.8662,13216.9980,9.4151,2.5291,6.8860,9.2674,23.0577,4.8350,18.2227,-1.4801,13216.9980,NA,38.2626,NA
BioshockHD.exe,18704,0xB251BA8,DXGI,0,0,1,Hardware Composed: Independent Flip,13228.9125,NA,9.38540000000000,12.28840000000000,20.57530000000000,29.73520000000000,32.7692,13226.4131,23.0747,2.4994,20.5753,22.9100,9.3246,4.7843,4.5403,-2.8733,13226.4131,NA,NA,NA
BioshockHD.exe,18704,0xB251BA8,DXGI,0,0,1,Hardware Composed: Independent Flip,13252.0615,NA,23.14900000000000,19.04330000000000,9.72330000000000,28.61150000000000,28.6635,13249.4878,12.2970,2.5737,9.7233,9.1599,22.0253,4.4176,17.6077,4.0314,13249.4878,NA,39.5834,NA
BioshockHD.exe,18704,0xB251BA8,DXGI,0,0,1,Hardware Composed: Independent Flip,13264.4637,NA,12.40220000000000,12.49610000000000,16.35800000000000,25.73280000000000,28.7574,13261.7848,19.0369,2.6789,16.3580,18.8882,9.5235,4.9548,4.5687,-0.1991,13261.7848,NA,29.0877,NA
BioshockHD.exe,18704,0xB251BA8,DXGI,0,0,1,Hardware Composed: Independent Flip,13283.4880,NA,19.02430000000000,19.52490000000000,9.82340000000000,29.19840000000000,29.2580,13280.8217,12.4897,2.6663,9.8234,9.3748,22.4899,4.8321,17.6578,-0.4880,13280.8217,NA,29.6138,NA
BioshockHD.exe,18704,0xB251BA8,DXGI,0,0,1,Hardware Composed: Independent Flip,13295.9288,NA,12.44080000000000,9.33000000000000,16.94440000000000,26.10580000000000,26.1472,13293.3114,19.5618,2.6174,16.9444,19.3750,9.3482,4.8646,4.4836,3.1597,13293.3114,NA,29.9456,NA
BioshockHD.exe,18704,0xB251BA8,DXGI,0,0,1,Hardware Composed: Independent Flip,13315.8594,NA,19.93060000000000,22.39060000000000,6.30670000000000,28.56090000000000,28.6072,13312.8732,9.2929,2.9862,6.3067,9.1614,22.3857,4.8752,17.5105,-2.8288,13312.8732,NA,30.3284,NA
BioshockHD.exe,18704,0xB251BA8,DXGI,0,0,1,Hardware Composed: Independent Flip,13324.5379,NA,8.67850000000000,9.45050000000000,20.09730000000000,29.33380000000000,29.3792,13322.1661,22.4691,2.3718,20.0973,22.2542,9.4514,4.8319,4.6195,-0.1576,13322.1661,NA,32.7805,NA
BioshockHD.exe,18704,0xB251BA8,DXGI,0,0,1,Hardware Composed: Independent Flip,13347.4419,NA,22.90400000000000,22.25730000000000,6.59490000000000,28.71970000000000,28.7325,13344.6352,9.4016,2.8067,6.5949,9.2365,22.2899,4.9148,17.3751,0.2118,13344.6352,NA,38.0455,NA
BioshockHD.exe,18704,0xB251BA8,DXGI,0,0,1,Hardware Composed: Independent Flip,13356.6047,NA,9.16280000000000,9.31770000000000,19.73550000000000,28.84340000000000,28.8874,13354.0368,22.3034,2.5679,19.7355,22.1248,9.2865,4.8401,4.4464,0.0839,13354.0368,NA,32.3631,NA
BioshockHD.exe,18704,0xB251BA8,DXGI,0,0,1,Hardware Composed: Independent Flip,13379.3941,NA,22.78940000000000,22.36520000000000,6.22610000000000,28.42320000000000,28.4632,13376.3402,9.2800,3.0539,6.2261,9.1079,22.3692,4.8227,17.5465,-0.0618,13376.3402,NA,32.7307,NA
BioshockHD.exe,18704,0xB251BA8,DXGI,0,0,1,Hardware Composed: Independent Flip,13388.2406,NA,8.84650000000000,9.35490000000000,19.75240000000000,28.91320000000000,28.9716,13385.6202,22.3728,2.6204,19.7524,22.1971,9.3365,4.8203,4.5162,-0.0749,13385.6202,NA,NA,NA
BioshockHD.exe,18704,0xB251BA8,DXGI,0,0,1,Hardware Composed: Independent Flip,13410.6140,NA,22.37340000000000,21.92700000000000,6.75900000000000,28.37380000000000,28.5252,13407.9930,9.3800,2.6210,6.7590,9.1608,21.8340,4.3912,17.4428,0.4458,13407.9930,NA,NA,NA
BioshockHD.exe,18704,0xB251BA8,DXGI,0,0,1,Hardware Composed: Independent Flip,13419.9234,NA,9.30940000000000,8.91290000000000,19.40280000000000,28.03920000000000,28.1287,13417.3730,21.9532,2.5504,19.4028,21.6148,8.9748,4.4750,4.4998,0.4671,13417.3730,NA,NA,NA
BioshockHD.exe,18704,0xB251BA8,DXGI,0,0,1,Hardware Composed: Independent Flip,13442.1286,NA,22.20520000000000,21.52280000000000,6.81990000000000,27.40460000000000,27.4463,13439.3262,9.6223,2.8024,6.8199,8.6364,21.5706,4.3590,17.2116,0.4304,13439.3262,NA,NA,NA
BioshockHD.exe,18704,0xB251BA8,DXGI,0,0,1,Hardware Composed: Independent Flip,13451.6984,NA,9.56980000000000,8.90460000000000,17.99250000000000,26.69650000000000,26.7811,13448.9485,20.7424,2.7499,17.9925,20.5847,8.8617,4.3274,4.5343,0.7177,13448.9485,NA,NA,NA
BioshockHD.exe,18704,0xB251BA8,DXGI,0,0,1,Hardware Composed: Independent Flip,13472.3913,NA,20.69290000000000,21.63360000000000,6.26460000000000,27.62180000000000,27.7218,13469.6909,8.9650,2.7004,6.2646,8.7040,21.6182,4.4575,17.1607,-0.8912,13469.6909,NA,37.9489,NA
BioshockHD.exe,18704,0xB251BA8,DXGI,0,0,1,Hardware Composed: Independent Flip,13481.2329,NA,8.84160000000000,9.37720000000000,19.01600000000000,28.16540000000000,28.2574,13478.6559,21.5930,2.5770,19.0160,21.3572,9.3852,4.9215,4.4637,-0.4122,13478.6559,NA,NA,NA
BioshockHD.exe,18704,0xB251BA8,DXGI,0,0,1,Hardware Composed: Independent Flip,13503.2835,NA,22.05060000000000,24.92970000000000,6.32320000000000,28.11560000000000,31.1365,13500.2489,9.3578,3.0346,6.3232,9.1494,22.0008,4.4492,17.5516,-3.3367,13500.2489,NA,NA,NA
BioshockHD.exe,18704,0xB251BA8,DXGI,0,0,1,Hardware Composed: Independent Flip,13512.1435,NA,8.86000000000000,5.42380000000000,22.45530000000000,27.63910000000000,27.7003,13509.6067,24.9921,2.5368,22.4553,21.7924,8.3835,4.3021,4.0814,3.9340,13509.6067,NA,NA,NA
BioshockHD.exe,18704,0xB251BA8,DXGI,0,0,1,Hardware Composed: Independent Flip,13537.0912,NA,24.94770000000000,22.02330000000000,2.89650000000000,24.68010000000000,24.7759,13534.5988,5.3889,2.4924,2.8965,5.1838,21.9887,4.4344,17.5543,2.9688,13534.5988,NA,NA,NA
BioshockHD.exe,18704,0xB251BA8,DXGI,0,0,1,Hardware Composed: Independent Flip,13542.5523,NA,5.46110000000000,8.89910000000000,19.45380000000000,28.15150000000000,28.2139,13539.9877,22.0184,2.5646,19.4538,21.7836,8.9325,4.4100,4.5225,-3.5102,13539.9877,NA,NA,NA
BioshockHD.exe,18704,0xB251BA8,DXGI,0,0,1,Hardware Composed: Independent Flip,13564.7518,NA,22.19950000000000,21.53270000000000,6.17950000000000,27.50210000000000,27.5471,13562.0061,8.9252,2.7457,6.1795,8.6977,21.5501,4.3332,17.2169,0.4857,13562.0061,NA,NA,NA
BioshockHD.exe,18704,0xB251BA8,DXGI,0,0,1,Hardware Composed: Independent Flip,13573.5054,NA,8.75360000000000,11.84930000000000,18.93850000000000,27.63540000000000,30.6428,13570.9313,21.5126,2.5741,18.9385,21.3226,8.8869,4.4294,4.4575,-2.9241,13570.9313,NA,NA,NA
BioshockHD.exe,18704,0xB251BA8,DXGI,0,0,1,Hardware Composed: Independent Flip,13595.3845,NA,21.87910000000000,18.80700000000000,8.89760000000000,27.53030000000000,27.5707,13592.4439,11.8382,2.9406,8.8976,8.6969,21.7740,4.3701,17.4039,2.7056,13592.4439,NA,NA,NA
BioshockHD.exe,18704,0xB251BA8,DXGI,0,0,1,Hardware Composed: Independent Flip,13607.0622,NA,11.67770000000000,11.93690000000000,15.99210000000000,24.82170000000000,27.8299,13604.2821,18.7722,2.7801,15.9921,18.6327,8.9691,4.3730,4.5961,-0.0987,13604.2821,NA,29.7563,NA
BioshockHD.exe,18704,0xB251BA8,DXGI,0,0,1,Hardware Composed: Independent Flip,13625.5747,NA,18.51250000000000,18.92440000000000,9.41610000000000,28.20190000000000,28.2418,13623.0543,11.9365,2.5204,9.4161,8.8296,21.8927,4.7966,17.0961,-0.1522,13623.0543,NA,28.6808,NA
BioshockHD.exe,18704,0xB251BA8,DXGI,0,0,1,Hardware Composed: Independent Flip,13637.4986,NA,11.92390000000000,9.36500000000000,16.41830000000000,25.63980000000000,25.6829,13634.9908,18.9261,2.5078,16.4183,18.7858,9.3618,4.8356,4.5262,2.5715,13634.9908,NA,26.0479,NA
BioshockHD.exe,18704,0xB251BA8,DXGI,0,0,1,Hardware Composed: Independent Flip,13656.4977,NA,18.99910000000000,22.40370000000000,6.80300000000000,29.04360000000000,29.0875,13653.9169,9.3838,2.5808,6.8030,9.2215,22.4029,4.8733,17.5296,-3.4776,13653.9169,NA,40.4512,NA
BioshockHD.exe,18704,0xB251BA8,DXGI,0,0,1,Hardware Composed: Independent Flip,13665.9104,NA,9.41270000000000,9.35820000000000,19.77930000000000,28.98340000000000,29.0330,13663.3007,22.3890,2.6097,19.7793,22.2406,9.3525,4.7707,4.5818,0.0256,13663.3007,NA,NA,NA
BioshockHD.exe,18704,0xB251BA8,DXGI,0,0,1,Hardware Composed: Independent Flip,13688.3847,NA,22.47430000000000,21.72520000000000,6.65180000000000,28.19530000000000,28.2839,13685.6897,9.3468,2.6950,6.6518,9.2041,21.6862,4.3676,17.3186,0.6638,13685.6897,NA,NA,NA
BioshockHD.exe,18704,0xB251BA8,DXGI,0,0,1,Hardware Composed: Independent Flip,13697.5818,NA,9.19710000000000,8.87260000000000,19.25200000000000,27.91330000000000,27.9594,13695.0365,21.7973,2.5453,19.2520,21.5435,8.9151,4.3487,4.5664,0.4742,13695.0365,NA,NA,NA
BioshockHD.exe,18704,0xB251BA8,DXGI,0,0,1,Hardware Composed: Independent Flip,13719.4531,NA,21.87130000000000,22.36140000000000,6.21560000000000,28.38770000000000,28.4495,13716.8338,8.8349,2.6193,6.2156,8.6613,22.3457,4.3415,18.0042,-0.5641,13716.8338,NA,NA,NA
BioshockHD.exe,18704,0xB251BA8,DXGI,0,0,1,Hardware Composed: Independent Flip,13728.3058,NA,8.85270000000000,8.82240000000000,19.74520000000000,28.36910000000000,28.4192,13725.6687,22.3823,2.6371,19.7452,22.1721,8.8341,4.3745,4.4596,0.0125,13725.6687,NA,NA,NA
BioshockHD.exe,18704,0xB251BA8,DXGI,0,0,1,Hardware Composed: Independent Flip,13750.8775,NA,22.57170000000000,21.53930000000000,5.93670000000000,27.33450000000000,27.3868,13748.0510,8.7632,2.8265,5.9367,8.6239,21.5371,4.3928,17.1443,0.8430,13748.0510,NA,30.1309,NA
BioshockHD.exe,18704,0xB251BA8,DXGI,0,0,1,Hardware Composed: Independent Flip,13759.6535,NA,8.77600000000000,9.41400000000000,18.79240000000000,27.96200000000000,28.0248,13756.8142,21.6317,2.8393,18.7924,21.3978,9.4035,4.9479,4.4556,-0.6508,13756.8142,NA,31.5401,NA
BioshockHD.exe,18704,0xB251BA8,DXGI,0,0,1,Hardware Composed: Independent Flip,13781.2950,NA,21.64150000000000,22.44820000000000,6.47960000000000,28.75410000000000,28.8315,13778.4459,9.3287,2.8491,6.4796,9.1696,22.4336,4.8225,17.6111,-0.8165,13778.4459,NA,31.9822,NA
BioshockHD.exe,18704,0xB251BA8,DXGI,0,0,1,Hardware Composed: Independent Flip,13790.2249,NA,8.92990000000000,9.50440000000000,20.05150000000000,29.35780000000000,29.4060,13787.7746,22.5018,2.4503,20.0515,22.2745,9.5336,4.8864,4.6472,-0.1757,13787.7746,NA,NA,NA
BioshockHD.exe,18704,0xB251BA8,DXGI,0,0,1,Hardware Composed: Independent Flip,13812.8697,NA,22.64480000000000,22.15980000000000,6.86490000000000,28.87420000000000,28.9210,13810.2764,9.4582,2.5933,6.8649,9.3063,22.1612,4.3987,17.7625,0.3420,13810.2764,NA,30.6272,NA
BioshockHD.exe,18704,0xB251BA8,DXGI,0,0,1,Hardware Composed: Independent Flip,13822.3123,NA,9.44260000000000,9.51510000000000,19.57520000000000,28.93240000000000,28.9935,13819.7346,22.1529,2.5777,19.5752,22.0093,9.5008,4.9844,4.5164,-0.0569,13819.7346,NA,NA,NA
BioshockHD.exe,18704,0xB251BA8,DXGI,0,0,1,Hardware Composed: Independent Flip,13844.8681,NA,22.55580000000000,25.05740000000000,6.60860000000000,28.75090000000000,31.4951,13841.8875,9.5892,2.9806,6.6086,9.3572,22.3743,4.8012,17.5731,-2.9045,13841.8875,NA,36.1950,NA
BioshockHD.exe,18704,0xB251BA8,DXGI,0,0,1,Hardware Composed: Independent Flip,13854.5172,NA,9.64910000000000,6.22430000000000,21.97670000000000,28.02410000000000,28.0703,13851.4767,25.0172,3.0405,21.9767,22.1423,8.9223,4.8074,4.1149,3.3649,13851.4767,NA,31.2926,NA
BioshockHD.exe,18704,0xB251BA8,DXGI,0,0,1,Hardware Composed: Independent Flip,13879.4283,NA,24.91110000000000,22.68440000000000,3.24080000000000,25.78570000000000,25.8436,13876.4939,6.1752,2.9344,3.2408,6.0474,22.6727,4.8454,17.8273,2.3328,13876.4939,NA,29.1065,NA
BioshockHD.exe,18704,0xB251BA8,DXGI,0,0,1,Hardware Composed: Independent Flip,13885.1562,NA,5.72790000000000,9.39140000000000,20.21670000000000,29.45680000000000,29.5071,13882.6691,22.7038,2.4871,20.2167,22.5449,9.3990,4.8384,4.5606,-3.2162,13882.6691,NA,NA,NA
BioshockHD.exe,18704,0xB251BA8,DXGI,0,0,1,Hardware Composed: Independent Flip,13907.8241,NA,22.66790000000000,21.76980000000000,6.96510000000000,28.54640000000000,28.6090,13905.3729,9.4163,2.4512,6.9651,9.2401,21.7575,4.3654,17.3921,0.9340,13905.3729,NA,42.3019,NA
BioshockHD.exe,18704,0xB251BA8,DXGI,0,0,1,Hardware Composed: Independent Flip,13917.4368,NA,9.61270000000000,9.35580000000000,19.09740000000000,28.28890000000000,28.3521,13914.7892,21.7450,2.6476,19.0974,21.5813,9.3552,4.8116,4.5436,0.0605,13914.7892,NA,34.6513,NA
BioshockHD.exe,18704,0xB251BA8,DXGI,0,0,1,Hardware Composed: Independent Flip,13939.1664,NA,21.72960000000000,22.45630000000000,6.71840000000000,29.03690000000000,29.0788,13936.5342,9.3506,2.6322,6.7184,9.1915,22.4776,4.8210,17.6566,-0.7113,13936.5342,NA,30.1138,NA
BioshockHD.exe,18704,0xB251BA8,DXGI,0,0,1,Hardware Composed: Independent Flip,13949.1436,NA,9.97720000000000,9.35250000000000,19.19380000000000,28.40470000000000,28.4541,13945.8848,22.4526,3.2588,19.1938,22.3185,9.3450,4.7818,4.5632,-0.0019,13945.8848,NA,30.4547,NA
BioshockHD.exe,18704,0xB251BA8,DXGI,0,0,1,Hardware Composed: Independent Flip,13970.7653,NA,21.62170000000000,22.48720000000000,6.96740000000000,29.25970000000000,29.3196,13968.3374,9.3953,2.4279,6.9674,9.2109,22.4767,4.8726,17.6041,-0.0346,13968.3374,NA,34.9533,NA
BioshockHD.exe,18704,0xB251BA8,DXGI,0,0,1,Hardware Composed: Independent Flip,13980.5489,NA,9.78360000000000,12.43100000000000,19.63450000000000,28.93650000000000,31.9670,13977.7327,22.4507,2.8162,19.6345,22.2923,9.4604,4.9760,4.4844,-3.0357,13977.7327,NA,39.3858,NA
BioshockHD.exe,18704,0xB251BA8,DXGI,0,0,1,Hardware Composed: Independent Flip,14003.2189,NA,22.67000000000000,19.34380000000000,9.39720000000000,28.59950000000000,28.6408,14000.1834,12.4327,3.0355,9.3972,9.3020,22.3330,4.8198,17.5132,3.1069,14000.1834,NA,31.6858,NA
BioshockHD.exe,18704,0xB251BA8,DXGI,0,0,1,Hardware Composed: Independent Flip,14015.0961,NA,11.87720000000000,12.28500000000000,16.86350000000000,26.04000000000000,29.0486,14012.6161,19.3435,2.4800,16.8635,19.2023,9.3177,4.8511,4.4666,0.1477,14012.6161,NA,37.0083,NA
BioshockHD.exe,18704,0xB251BA8,DXGI,0,0,1,Hardware Composed: Independent Flip,14034.6154,NA,19.51930000000000,19.72830000000000,9.62270000000000,29.20770000000000,29.2576,14031.9596,12.2785,2.6558,9.6227,9.1765,22.6870,4.8832,17.8038,-0.3848,14031.9596,NA,32.7143,NA
BioshockHD.exe,18704,0xB251BA8,DXGI,0,0,1,Hardware Composed: Independent Flip,14046.6931,NA,12.07770000000000,9.45380000000000,17.27920000000000,26.58870000000000,26.6337,14044.2381,19.7342,2.4550,17.2792,19.5850,9.4587,4.8388,4.6199,2.8247,14044.2381,NA,31.1650,NA
BioshockHD.exe,18704,0xB251BA8,DXGI,0,0,1,Hardware Composed: Independent Flip,14066.5804,NA,19.88730000000000,22.22600000000000,6.83840000000000,28.92620000000000,28.9724,14063.9723,9.4465,2.6081,6.8384,9.3095,22.2248,4.8293,17.3955,-2.4918,14063.9723,NA,29.4162,NA
BioshockHD.exe,18704,0xB251BA8,DXGI,0,0,1,Hardware Composed: Independent Flip,14075.8715,NA,9.29110000000000,9.42810000000000,19.78470000000000,29.06660000000000,29.1094,14073.4188,22.2374,2.4527,19.7847,22.0878,9.4315,4.8424,4.5891,0.0184,14073.4188,NA,29.8431,NA
BioshockHD.exe,18704,0xB251BA8,DXGI,0,0,1,Hardware Composed: Independent Flip,14098.0635,NA,22.19200000000000,22.36030000000000,7.02310000000000,29.23920000000000,29.2777,14095.6562,9.4304,2.4073,7.0231,9.2819,22.3646,4.8477,17.5169,-0.1229,14095.6562,NA,30.1731,NA
BioshockHD.exe,18704,0xB251BA8,DXGI,0,0,1,Hardware Composed: Independent Flip,14107.7622,NA,9.69870000000000,9.35850000000000,19.71860000000000,28.87270000000000,28.9375,14105.0866,22.3942,2.6756,19.7186,22.2161,9.3322,4.8093,4.5229,0.0719,14105.0866,NA,31.5615,NA
BioshockHD.exe,18704,0xB251BA8,DXGI,0,0,1,Hardware Composed: Independent Flip,14130.1060,NA,22.34380000000000,22.24960000000000,6.68360000000000,28.77840000000000,28.8433,14127.4808,9.3088,2.6252,6.6836,9.1541,22.2495,4.8563,17.3932,0.1446,14127.4808,NA,37.8186,NA
BioshockHD.exe,18704,0xB251BA8,DXGI,0,0,1,Hardware Composed: Independent Flip,14139.1160,NA,9.01000000000000,9.43790000000000,19.92830000000000,29.21990000000000,29.2712,14136.7896,22.2547,2.3264,19.9283,22.0948,9.4515,4.9097,4.5418,-0.1291,14136.7896,NA,33.2552,NA
BioshockHD.exe,18704,0xB251BA8,DXGI,0,0,1,Hardware Composed: Independent Flip,14161.3561,NA,22.24010000000000,22.24750000000000,7.12250000000000,29.23470000000000,29.2786,14159.0443,9.4343,2.3118,7.1225,9.2916,22.2549,4.8368,17.4181,0.0072,14159.0443,NA,36.4450,NA
BioshockHD.exe,18704,0xB251BA8,DXGI,0,0,1,Hardware Composed: Independent Flip,14171.2741,NA,9.91800000000000,9.39060000000000,19.49290000000000,28.67820000000000,28.7512,14168.4786,22.2884,2.7955,19.4929,22.1122,9.3615,4.7968,4.5647,0.0437,14168.4786,NA,32.8941,NA
BioshockHD.exe,18704,0xB251BA8,DXGI,0,0,1,Hardware Composed: Independent Flip,14193.3329,NA,22.05880000000000,22.41210000000000,6.83570000000000,29.05660000000000,29.1045,14190.7670,9.4016,2.5659,6.8357,9.1853,22.4372,4.9285,17.5087,-0.1237,14190.7670,NA,36.3033,NA
BioshockHD.exe,18704,0xB251BA8,DXGI,0,0,1,Hardware Composed: Independent Flip,14202.6519,NA,9.31900000000000,9.47670000000000,19.87870000000000,29.22030000000000,29.2622,14200.1686,22.3620,2.4833,19.8787,22.2209,9.4827,4.8713,4.6114,-0.0751,14200.1686,NA,31.7374,NA
BioshockHD.exe,18704,0xB251BA8,DXGI,0,0,1,Hardware Composed: Independent Flip,14225.1497,NA,22.49780000000000,23.01790000000000,6.85770000000000,29.74010000000000,29.7823,14222.5306,9.4768,2.6191,6.8577,9.3416,23.0176,4.8189,18.1987,-0.6559,14222.5306,NA,30.7987,NA
BioshockHD.exe,18704,0xB251BA8,DXGI,0,0,1,Hardware Composed: Independent Flip,14234.6143,NA,9.46460000000000,9.37820000000000,20.41680000000000,29.64450000000000,29.6959,14232.0074,23.0237,2.6069,20.4168,22.8824,9.3690,4.8067,4.5623,0.0986,14232.0074,NA,35.1758,NA
BioshockHD.exe,18704,0xB251BA8,DXGI,0,0,1,Hardware Composed: Independent Flip,14257.7416,NA,23.12730000000000,22.63730000000000,6.66000000000000,29.15860000000000,29.2059,14255.0311,9.3705,2.7105,6.6600,9.2277,22.6414,4.8846,17.7568,0.3864,14255.0311,NA,31.8170,NA
BioshockHD.exe,18704,0xB251BA8,DXGI,0,0,1,Hardware Composed: Independent Flip,14266.9159,NA,9.17430000000000,9.35780000000000,20.16420000000000,29.37840000000000,29.3894,14264.4016,22.6785,2.5143,20.1642,22.4986,9.3941,4.8615,4.5326,0.0127,14264.4016,NA,30.1727,NA
BioshockHD.exe,18704,0xB251BA8,DXGI,0,0,1,Hardware Composed: Independent Flip,14289.7991,NA,22.88320000000000,22.26540000000000,6.63300000000000,28.72510000000000,28.7716,14287.0801,9.3520,2.7190,6.6330,9.2142,22.2299,4.8052,17.4247,0.4131,14287.0801,NA,31.4277,NA
BioshockHD.exe,18704,0xB251BA8,DXGI,0,0,1,Hardware Composed: Independent Flip,14298.9696,NA,9.17050000000000,9.45470000000000,19.69440000000000,29.00410000000000,29.0558,14296.4321,22.2319,2.5375,19.6944,22.0921,9.4495,4.8869,4.5626,-0.1027,14296.4321,NA,32.8920,NA
BioshockHD.exe,18704,0xB251BA8,DXGI,0,0,1,Hardware Composed: Independent Flip,14321.1909,NA,22.22130000000000,24.97640000000000,6.92180000000000,29.26580000000000,31.8109,14318.6640,9.4487,2.5269,6.9218,9.3097,22.4830,4.8547,17.6283,-2.7445,14318.6640,NA,37.7952,NA
BioshockHD.exe,18704,0xB251BA8,DXGI,0,0,1,Hardware Composed: Independent Flip,14330.5969,NA,9.40600000000000,6.40770000000000,22.54250000000000,28.76870000000000,28.8126,14328.1127,25.0267,2.4842,22.5425,22.3440,8.9089,4.8059,4.1030,3.0410,14328.1127,NA,37.2423,NA
BioshockHD.exe,18704,0xB251BA8,DXGI,0,0,1,Hardware Composed: Independent Flip,14356.1828,NA,25.58590000000000,22.69780000000000,3.33670000000000,25.83120000000000,25.9245,14353.1394,6.3801,3.0434,3.3367,6.2262,22.6484,4.9042,17.7442,2.3289,14353.1394,NA,29.9662,NA
BioshockHD.exe,18704,0xB251BA8,DXGI,0,0,1,Hardware Composed: Independent Flip,14362.2299,NA,6.04710000000000,9.40850000000000,20.02610000000000,29.20020000000000,29.2859,14359.5195,22.7365,2.7104,20.0261,22.4945,9.4161,4.9340,4.4821,-3.0284,14359.5195,NA,NA,NA
BioshockHD.exe,18704,0xB251BA8,DXGI,0,0,1,Hardware Composed: Independent Flip,14384.9891,NA,22.75920000000000,21.85620000000000,6.61900000000000,28.33510000000000,28.3829,14382.2560,9.3521,2.7331,6.6190,9.1741,21.8941,4.3489,17.5452,0.8803,14382.2560,NA,30.2012,NA
BioshockHD.exe,18704,0xB251BA8,DXGI,0,0,1,Hardware Composed: Independent Flip,14394.3120,NA,9.32290000000000,8.84600000000000,19.18860000000000,27.85520000000000,27.9060,14391.6081,21.8925,2.7039,19.1886,21.7161,8.8430,4.3729,4.4701,0.5061,14391.6081,NA,NA,NA
BioshockHD.exe,18704,0xB251BA8,DXGI,0,0,1,Hardware Composed: Independent Flip,14416.2478,NA,21.93580000000000,22.03610000000000,6.06320000000000,27.95260000000000,28.0063,14413.5006,8.8104,2.7472,6.0632,8.6666,22.0332,4.8547,17.1785,-0.1436,14413.5006,NA,41.1094,NA
BioshockHD.exe,18704,0xB251BA8,DXGI,0,0,1,Hardware Composed: Independent Flip,14424.9455,NA,8.69770000000000,9.44330000000000,19.40320000000000,28.70650000000000,28.7519,14422.3110,22.0377,2.6345,19.4032,21.8894,9.4516,4.8169,4.6347,-0.6329,14422.3110,NA,29.5324,NA
BioshockHD.exe,18704,0xB251BA8,DXGI,0,0,1,Hardware Composed: Independent Flip,14446.9875,NA,22.04200000000000,21.79960000000000,6.80730000000000,28.45480000000000,28.5095,14444.3487,9.4461,2.6388,6.8073,9.3033,21.7903,4.3880,17.4023,0.2381,14444.3487,NA,30.3562,NA
BioshockHD.exe,18704,0xB251BA8,DXGI,0,0,1,Hardware Composed: Independent Flip,14456.6766,NA,9.68910000000000,12.38530000000000,18.91300000000000,28.19200000000000,31.2057,14453.7948,21.7948,2.8818,18.9130,21.6475,9.4263,4.8670,4.5593,-2.9392,14453.7948,NA,32.7461,NA
BioshockHD.exe,18704,0xB251BA8,DXGI,0,0,1,Hardware Composed: Independent Flip,14478.0752,NA,21.39860000000000,18.95010000000000,9.90360000000000,28.70270000000000,28.7572,14475.5896,12.3892,2.4856,9.9036,9.2790,21.9093,4.8603,17.0490,2.8447,14475.5896,NA,29.6954,NA
BioshockHD.exe,18704,0xB251BA8,DXGI,0,0,1,Hardware Composed: Independent Flip,14490.5501,NA,12.47490000000000,9.38990000000000,16.37520000000000,25.61690000000000,25.6722,14487.9788,18.9465,2.5713,16.3752,18.7991,9.3891,4.8240,4.5651,2.9993,14487.9788,NA,29.0889,NA
BioshockHD.exe,18704,0xB251BA8,DXGI,0,0,1,Hardware Composed: Independent Flip,14509.2974,NA,18.74730000000000,22.28240000000000,7.01570000000000,29.15790000000000,29.2073,14506.9253,9.3878,2.3721,7.0157,9.2417,22.2883,4.8779,17.4104,-3.3359,14506.9253,NA,30.3681,NA
BioshockHD.exe,18704,0xB251BA8,DXGI,0,0,1,Hardware Composed: Independent Flip,14518.6911,NA,9.39370000000000,9.48860000000000,19.91680000000000,29.25720000000000,29.3022,14516.3131,22.2948,2.3780,19.9168,22.1422,9.4930,4.9690,4.5240,-0.1008,14516.3131,NA,33.8624,NA
BioshockHD.exe,18704,0xB251BA8,DXGI,0,0,1,Hardware Composed: Independent Flip,14541.3481,NA,22.65700000000000,22.35290000000000,6.73750000000000,28.93520000000000,28.9981,14538.6079,9.4777,2.7402,6.7375,9.3404,22.3350,4.8122,17.5228,-0.0581,14538.6079,NA,30.2118,NA
BioshockHD.exe,18704,0xB251BA8,DXGI,0,0,1,Hardware Composed: Independent Flip,14550.8253,NA,9.47720000000000,9.36080000000000,19.62160000000000,28.83510000000000,28.8817,14548.0856,22.3613,2.7397,19.6216,22.1977,9.3771,4.8247,4.5524,0.1169,14548.0856,NA,32.5752,NA
BioshockHD.exe,18704,0xB251BA8,DXGI,0,0,1,Hardware Composed: Independent Flip,14573.1499,NA,22.32460000000000,22.42420000000000,6.67070000000000,28.93690000000000,28.9813,14570.4469,9.3737,2.7030,6.6707,9.2135,22.4264,4.9236,17.5028,-0.0629,14570.4469,NA,36.0040,NA
BioshockHD.exe,18704,0xB251BA8,DXGI,0,0,1,Hardware Composed: Independent Flip,14582.3777,NA,9.22780000000000,9.56090000000000,19.84700000000000,29.24950000000000,29.3144,14579.8206,22.4041,2.5571,19.8470,22.2662,9.5404,4.9028,4.6376,-0.1872,14579.8206,NA,35.5613,NA
BioshockHD.exe,18704,0xB251BA8,DXGI,0,0,1,Hardware Composed: Independent Flip,14604.6200,NA,22.24230000000000,22.27620000000000,7.17150000000000,29.28640000000000,29.3483,14602.2247,9.5668,2.3953,7.1715,9.4025,22.2792,4.8436,17.4356,0.1279,14602.2247,NA,29.7998,NA
BioshockHD.exe,18704,0xB251BA8,DXGI,0,0,1,Hardware Composed: Independent Flip,14614.4288,NA,9.80880000000000,9.35680000000000,19.63530000000000,28.84640000000000,28.8963,14611.7915,22.2726,2.6373,19.6353,22.1149,9.3688,4.8337,4.5351,0.2100,14611.7915,NA,30.1906,NA
BioshockHD.exe,18704,0xB251BA8,DXGI,0,0,1,Hardware Composed: Independent Flip,14636.8122,NA,22.38340000000000,22.33040000000000,6.60620000000000,28.79890000000000,28.8433,14634.0641,9.3543,2.7481,6.6062,9.2111,22.3359,4.8838,17.4521,-0.0578,14634.0641,NA,32.5265,NA
BioshockHD.exe,18704,0xB251BA8,DXGI,0,0,1,Hardware Composed: Independent Flip,14645.8616,NA,9.04940000000000,9.41350000000000,19.88770000000000,29.15930000000000,29.2074,14643.4184,22.3309,2.4432,19.8877,22.1927,9.4098,4.8798,4.5300,-0.0592,14643.4184,NA,30.9294,NA
BioshockHD.exe,18704,0xB251BA8,DXGI,0,0,1,Hardware Composed: Independent Flip,14668.0985,NA,22.23690000000000,22.24220000000000,7.07210000000000,29.16440000000000,29.2127,14665.7493,9.4213,2.3492,7.0721,9.2716,22.2420,4.8764,17.3656,0.0887,14665.7493,NA,34.1847,NA
BioshockHD.exe,18704,0xB251BA8,DXGI,0,0,1,Hardware Composed: Independent Flip,14677.4595,NA,9.36100000000000,9.44960000000000,19.94870000000000,29.26120000000000,29.3013,14675.1706,22.2376,2.2889,19.9487,22.0923,9.4578,4.8655,4.5923,-0.0283,14675.1706,NA,31.6200,NA
BioshockHD.exe,18704,0xB251BA8,DXGI,0,0,1,Hardware Composed: Independent Flip,14699.9526,NA,22.49310000000000,22.39130000000000,6.90310000000000,29.15160000000000,29.1995,14697.4082,9.4475,2.5444,6.9031,9.3125,22.3835,4.8786,17.5049,-0.1537,14697.4082,NA,31.0198,NA
BioshockHD.exe,18704,0xB251BA8,DXGI,0,0,1,Hardware Composed: Independent Flip,14709.4963,NA,9.54370000000000,9.39360000000000,19.77840000000000,29.03660000000000,29.0494,14706.8557,22.4190,2.6406,19.7784,22.2485,9.4287,4.9493,4.4794,0.0539,14706.8557,NA,30.4134,NA
BioshockHD.exe,18704,0xB251BA8,DXGI,0,0,1,Hardware Composed: Independent Flip,14732.3289,NA,22.83260000000000,24.04640000000000,6.32730000000000,29.29770000000000,30.2632,14729.2747,9.3815,3.0542,6.3273,9.2582,23.0937,4.8659,18.2278,-1.6274,14729.2747,NA,37.4610,NA
BioshockHD.exe,18704,0xB251BA8,DXGI,0,0,1,Hardware Composed: Independent Flip,14741.3720,NA,9.04310000000000,8.56670000000000,21.32180000000000,29.72560000000000,29.7868,14738.6562,24.0376,2.7158,21.3218,22.9704,9.4710,4.9744,4.4966,0.8148,14738.6562,NA,33.0295,NA
BioshockHD.exe,18704,0xB251BA8,DXGI,0,0,1,Hardware Composed: Independent Flip,14765.0986,NA,23.72660000000000,25.34310000000000,6.18390000000000,28.39920000000000,31.4033,14762.6938,8.5887,2.4048,6.1839,8.4038,22.4002,4.9112,17.4890,-1.3055,14762.6938,NA,40.3662,NA
BioshockHD.exe,18704,0xB251BA8,DXGI,0,0,1,Hardware Composed: Independent Flip,14773.9979,NA,8.89930000000000,6.09150000000000,22.65330000000000,28.58330000000000,28.5955,14771.2825,25.3687,2.7154,22.6533,22.2153,9.0834,4.9861,4.0973,2.4972,14771.2825,NA,31.4405,NA
BioshockHD.exe,18704,0xB251BA8,DXGI,0,0,1,Hardware Composed: Independent Flip,14799.4828,NA,25.48490000000000,22.83050000000000,3.25320000000000,25.86500000000000,25.9411,14796.6512,6.0848,2.8316,3.2532,5.9300,22.7666,4.8648,17.9018,2.5382,14796.6512,NA,26.2866,NA
BioshockHD.exe,18704,0xB251BA8,DXGI,0,0,1,Hardware Composed: Independent Flip,14805.2765,NA,5.79370000000000,9.59010000000000,20.29680000000000,29.68740000000000,29.7375,14802.7360,22.8373,2.5405,20.2968,22.6118,9.6161,4.8785,4.7376,-3.5053,14802.7360,NA,32.8831,NA
BioshockHD.exe,18704,0xB251BA8,DXGI,0,0,1,Hardware Composed: Independent Flip,14828.0346,NA,22.75810000000000,22.30400000000000,7.07010000000000,29.23580000000000,29.2834,14825.5733,9.5314,2.4613,7.0701,9.3906,22.3065,4.9022,17.4043,0.5333,14825.5733,NA,30.1899,NA
BioshockHD.exe,18704,0xB251BA8,DXGI,0,0,1,Hardware Composed: Independent Flip,14837.4804,NA,9.44580000000000,9.62470000000000,19.93560000000000,29.41710000000000,29.4623,14835.1047,22.3113,2.3757,19.9356,22.1657,9.6271,5.0519,4.5752,-0.0933,14835.1047,NA,30.8071,NA
BioshockHD.exe,18704,0xB251BA8,DXGI,0,0,1,Hardware Composed: Independent Flip,14860.0448,NA,22.56440000000000,22.42280000000000,7.02460000000000,29.27390000000000,29.3207,14857.4160,9.6534,2.6288,7.0246,9.4815,22.4212,4.8913,17.5299,-0.1115,14857.4160,NA,30.1915,NA
BioshockHD.exe,18704,0xB251BA8,DXGI,0,0,1,Hardware Composed: Independent Flip,14869.8722,NA,9.82740000000000,9.35520000000000,19.62630000000000,28.78950000000000,28.8485,14867.0694,22.4291,2.8028,19.6263,22.2493,9.3430,4.9161,4.4269,0.2982,14867.0694,NA,NA,NA
BioshockHD.exe,18704,0xB251BA8,DXGI,0,0,1,Hardware Composed: Independent Flip,14892.3719,NA,22.49970000000000,22.68920000000000,6.45230000000000,28.97580000000000,29.0380,14889.4985,9.3257,2.8734,6.4523,9.1632,22.6860,5.0625,17.6235,-0.2601,14889.4985,NA,30.2768,NA
BioshockHD.exe,18704,0xB251BA8,DXGI,0,0,1,Hardware Composed: Independent Flip,14901.4876,NA,9.11570000000000,9.61380000000000,20.01920000000000,29.48750000000000,29.5361,14898.8242,22.6826,2.6634,20.0192,22.5235,9.6274,5.0331,4.5943,-0.2881,14898.8242,NA,34.8931,NA
BioshockHD.exe,18704,0xB251BA8,DXGI,0,0,1,Hardware Composed: Independent Flip,14923.8218,NA,22.33420000000000,22.52220000000000,7.29190000000000,29.70760000000000,29.7241,14921.5068,9.6069,2.3150,7.2919,9.4683,22.5543,4.9972,17.5571,0.1604,14921.5068,NA,36.4152,NA
BioshockHD.exe,18704,0xB251BA8,DXGI,0,0,1,Hardware Composed: Independent Flip,14933.7232,NA,9.90140000000000,12.48590000000000,19.92330000000000,29.25550000000000,32.3086,14931.1137,22.5328,2.6095,19.9233,22.4157,9.4493,4.8176,4.6317,-2.8790,14931.1137,NA,33.8925,NA
BioshockHD.exe,18704,0xB251BA8,DXGI,0,0,1,Hardware Composed: Independent Flip,14956.2145,NA,22.49130000000000,19.49060000000000,9.98150000000000,29.25370000000000,29.3079,14953.6465,12.5495,2.5680,9.9815,9.3322,22.4895,4.8842,17.6053,3.0422,14953.6465,NA,47.3926,NA
BioshockHD.exe,18704,0xB251BA8,DXGI,0,0,1,Hardware Composed: Independent Flip,14968.8659,NA,12.65140000000000,12.41170000000000,16.76280000000000,26.04870000000000,29.0682,14966.1960,19.4327,2.6699,16.7628,19.2722,9.4464,4.8805,4.5659,0.1378,14966.1960,NA,NA,NA
BioshockHD.exe,18704,0xB251BA8,DXGI,0,0,1,Hardware Composed: Independent Flip,14988.2453,NA,19.37940000000000,19.13420000000000,9.83190000000000,28.76830000000000,28.8230,14985.6287,12.4485,2.6166,9.8319,9.2859,22.0990,4.5975,17.5015,0.2985,14985.6287,NA,NA,NA
BioshockHD.exe,18704,0xB251BA8,DXGI,0,0,1,Hardware Composed: Independent Flip,15000.5195,NA,12.27420000000000,9.18370000000000,16.68960000000000,25.68180000000000,25.7325,14998.0772,19.1319,2.4423,16.6896,18.9364,9.1877,4.5084,4.6793,3.2648,14998.0772,NA,35.1056,NA
BioshockHD.exe,18704,0xB251BA8,DXGI,0,0,1,Hardware Composed: Independent Flip,15019.8087,NA,19.28920000000000,22.23510000000000,6.53530000000000,28.66890000000000,28.6784,15017.2091,9.1349,2.5996,6.5353,8.9922,22.2763,4.9837,17.2926,-3.1032,15017.2091,NA,47.3484,NA
BioshockHD.exe,18704,0xB251BA8,DXGI,0,0,1,Hardware Composed: Independent Flip,15028.9347,NA,9.12600000000000,9.38950000000000,19.65570000000000,28.89690000000000,28.9419,15026.3440,22.2464,2.5907,19.6557,22.1336,9.3540,4.8358,4.5182,-0.2546,15026.3440,NA,30.7413,NA
BioshockHD.exe,18704,0xB251BA8,DXGI,0,0,1,Hardware Composed: Independent Flip,15051.2566,NA,22.32190000000000,22.80330000000000,6.74370000000000,29.38430000000000,29.4233,15048.5904,9.4099,2.6662,6.7437,9.2412,22.8093,5.1431,17.6662,-0.5569,15048.5904,NA,32.5476,NA
BioshockHD.exe,18704,0xB251BA8,DXGI,0,0,1,Hardware Composed: Independent Flip,15060.4625,NA,9.20590000000000,9.76890000000000,20.35470000000000,29.92640000000000,29.9863,15058.0003,22.8169,2.4622,20.3547,22.6406,9.7480,5.0012,4.7468,-0.3590,15058.0003,NA,32.3191,NA
BioshockHD.exe,18704,0xB251BA8,DXGI,0,0,1,Hardware Composed: Independent Flip,15083.6114,NA,23.14890000000000,22.37440000000000,6.92250000000000,29.15700000000000,29.2118,15080.8172,9.7167,2.7942,6.9225,9.5717,22.3795,5.0047,17.3748,0.4425,15080.8172,NA,32.6984,NA
BioshockHD.exe,18704,0xB251BA8,DXGI,0,0,1,Hardware Composed: Independent Flip,15093.2832,NA,9.67180000000000,9.80080000000000,19.64390000000000,29.29210000000000,29.3408,15090.5339,22.3932,2.7493,19.6439,22.2345,9.8069,5.2774,4.5295,-0.0841,15090.5339,NA,32.4962,NA
BioshockHD.exe,18704,0xB251BA8,DXGI,0,0,1,Hardware Composed: Independent Flip,15115.7766,NA,22.49340000000000,22.85550000000000,6.97740000000000,29.65100000000000,29.7029,15112.9271,9.8269,2.8495,6.9774,9.6482,22.8523,4.8871,17.9652,-0.4623,15112.9271,NA,40.3480,NA
BioshockHD.exe,18704,0xB251BA8,DXGI,0,0,1,Hardware Composed: Independent Flip,15126.2291,NA,10.45250000000000,9.48090000000000,19.38020000000000,28.67380000000000,28.7313,15122.7540,22.8553,3.4751,19.3802,22.6736,9.4753,4.8904,4.5849,0.3460,15122.7540,NA,37.8090,NA
BioshockHD.exe,18704,0xB251BA8,DXGI,0,0,1,Hardware Composed: Independent Flip,15148.2204,NA,21.99130000000000,22.42430000000000,6.83100000000000,29.10760000000000,29.1643,15145.6093,9.4421,2.6111,6.8310,9.2936,22.4251,4.9365,17.4886,0.4310,15145.6093,NA,31.2366,NA
BioshockHD.exe,18704,0xB251BA8,DXGI,0,0,1,Hardware Composed: Independent Flip,15157.5711,NA,9.35070000000000,9.53260000000000,19.90930000000000,29.30310000000000,29.3462,15155.0514,22.4290,2.5197,19.9093,22.2766,9.5462,4.9778,4.5684,-0.0905,15155.0514,NA,36.7344,NA
BioshockHD.exe,18704,0xB251BA8,DXGI,0,0,1,Hardware Composed: Independent Flip,15180.1061,NA,22.53500000000000,22.56340000000000,6.94090000000000,29.32310000000000,29.3746,15177.4804,9.5666,2.6257,6.9409,9.3938,22.5550,4.9424,17.6126,-0.1344,15177.4804,NA,40.3502,NA
BioshockHD.exe,18704,0xB251BA8,DXGI,0,0,1,Hardware Composed: Independent Flip,15189.7320,NA,9.62590000000000,9.44760000000000,19.85310000000000,29.15710000000000,29.1963,15187.0470,22.5381,2.6850,19.8531,22.3822,9.4599,4.8819,4.5780,0.1190,15187.0470,NA,NA,NA
BioshockHD.exe,18704,0xB251BA8,DXGI,0,0,1,Hardware Composed: Independent Flip,15212.2615,NA,22.52950000000000,21.97750000000000,6.75920000000000,28.58870000000000,28.6443,15209.5851,9.4356,2.6764,6.7592,9.3040,21.9611,4.5012,17.4599,0.5606,15209.5851,NA,49.7739,NA
BioshockHD.exe,18704,0xB251BA8,DXGI,0,0,1,Hardware Composed: Independent Flip,15221.5294,NA,9.26790000000000,9.56740000000000,19.47430000000000,28.89810000000000,28.9438,15219.0207,21.9830,2.5087,19.4743,21.8295,9.5773,4.9687,4.6086,-0.1318,15219.0207,NA,33.3423,NA
BioshockHD.exe,18704,0xB251BA8,DXGI,0,0,1,Hardware Composed: Independent Flip,15243.5817,NA,22.05230000000000,23.25170000000000,6.98550000000000,30.09210000000000,30.1432,15241.0037,9.5635,2.5780,6.9855,9.4238,23.2463,4.8949,18.3514,-1.2687,15241.0037,NA,31.5868,NA
BioshockHD.exe,18704,0xB251BA8,DXGI,0,0,1,Hardware Composed: Independent Flip,15253.0958,NA,9.51410000000000,9.47190000000000,20.73720000000000,30.02190000000000,30.1010,15250.5672,23.2658,2.5286,20.7372,23.1066,9.4439,4.8865,4.5574,0.0916,15250.5672,NA,31.0580,NA
BioshockHD.exe,18704,0xB251BA8,DXGI,0,0,1,Hardware Composed: Independent Flip,15276.4447,NA,23.34890000000000,22.45090000000000,6.84400000000000,29.16120000000000,29.2030,15273.8330,9.4557,2.6117,6.8440,9.2847,22.4882,4.9227,17.5655,0.8149,15273.8330,NA,33.5143,NA
BioshockHD.exe,18704,0xB251BA8,DXGI,0,0,1,Hardware Composed: Independent Flip,15286.0257,NA,9.58100000000000,9.47980000000000,19.71600000000000,29.04810000000000,29.1018,15283.2887,22.4530,2.7370,19.7160,22.3172,9.4679,4.9229,4.5450,-0.0241,15283.2887,NA,29.9598,NA
BioshockHD.exe,18704,0xB251BA8,DXGI,0,0,1,Hardware Composed: Independent Flip,15308.4614,NA,22.43570000000000,24.14440000000000,6.76860000000000,29.12960000000000,30.8105,15305.7417,9.4883,2.7197,6.7686,9.3321,22.5172,4.9845,17.5327,-1.6914,15305.7417,NA,31.1401,NA
BioshockHD.exe,18704,0xB251BA8,DXGI,0,0,1,Hardware Composed: Independent Flip,15318.0224,NA,9.56100000000000,7.48200000000000,21.35040000000000,28.68040000000000,28.7315,15315.2300,24.1428,2.7924,21.3504,22.3610,9.1118,4.9492,4.1626,2.0063,15315.2300,NA,31.6134,NA
BioshockHD.exe,18704,0xB251BA8,DXGI,0,0,1,Hardware Composed: Independent Flip,15342.0832,NA,24.06080000000000,22.91690000000000,4.76590000000000,27.52870000000000,27.5876,15339.3728,7.4763,2.7104,4.7659,7.3300,22.9091,4.9236,17.9855,1.2259,15339.3728,NA,29.5397,NA
BioshockHD.exe,18704,0xB251BA8,DXGI,0,0,1,Hardware Composed: Independent Flip,15349.7243,NA,7.64110000000000,9.41850000000000,20.04370000000000,29.31430000000000,29.3650,15346.8491,22.9189,2.8752,20.0437,22.7628,9.4267,4.9574,4.4693,-1.9422,15346.8491,NA,29.9521,NA
BioshockHD.exe,18704,0xB251BA8,DXGI,0,0,1,Hardware Composed: Independent Flip,15373.0149,NA,23.29060000000000,22.65440000000000,6.19710000000000,28.67760000000000,28.7288,15369.7680,9.4440,3.2469,6.1971,9.2706,22.6539,4.9788,17.6751,0.2645,15369.7680,NA,29.5999,NA
BioshockHD.exe,18704,0xB251BA8,DXGI,0,0,1,Hardware Composed: Independent Flip,15381.7894,NA,8.77450000000000,9.54090000000000,20.05210000000000,29.48540000000000,29.4952,15379.2120,22.6295,2.5774,20.0521,22.4805,9.5823,4.9900,4.5923,-0.0969,15379.2120,NA,31.1495,NA
BioshockHD.exe,18704,0xB251BA8,DXGI,0,0,1,Hardware Composed: Independent Flip,15404.3317,NA,22.54230000000000,22.32800000000000,7.05560000000000,29.22480000000000,29.2809,15401.8415,9.5458,2.4902,7.0556,9.4333,22.2817,4.8592,17.4225,0.3015,15401.8415,NA,31.4857,NA
BioshockHD.exe,18704,0xB251BA8,DXGI,0,0,1,Hardware Composed: Independent Flip,15414.0930,NA,9.76130000000000,9.44560000000000,19.65180000000000,28.91420000000000,28.9652,15411.3873,22.3575,2.7057,19.6518,22.1692,9.4507,4.9215,4.5292,0.1002,15411.3873,NA,31.9339,NA
BioshockHD.exe,18704,0xB251BA8,DXGI,0,0,1,Hardware Composed: Independent Flip,15436.5261,NA,22.43310000000000,22.51490000000000,6.67080000000000,29.00940000000000,29.0470,15433.7448,9.4521,2.7813,6.6708,9.2624,22.5283,4.9526,17.5757,-0.1574,15433.7448,NA,46.4470,NA
BioshockHD.exe,18704,0xB251BA8,DXGI,0,0,1,Hardware Composed: Independent Flip,15446.1038,NA,9.57770000000000,9.43750000000000,19.63290000000000,28.84960000000000,28.9068,15443.1969,22.5398,2.9069,19.6329,22.3386,9.4179,4.9397,4.4782,0.0146,15443.1969,NA,NA,NA
BioshockHD.exe,18704,0xB251BA8,DXGI,0,0,1,Hardware Composed: Independent Flip,15468.9083,NA,22.80450000000000,21.92530000000000,6.19660000000000,28.01940000000000,28.0276,15465.7367,9.3682,3.1716,6.1966,9.2167,21.9743,4.5251,17.4492,0.6145,15465.7367,NA,NA,NA
BioshockHD.exe,18704,0xB251BA8,DXGI,0,0,1,Hardware Composed: Independent Flip,15478.3870,NA,9.47870000000000,11.99340000000000,18.67710000000000,27.52840000000000,30.5423,15475.1049,21.9592,3.2821,18.6771,21.8228,8.9877,4.5612,4.4265,-2.6252,15475.1049,NA,33.7785,NA
BioshockHD.exe,18704,0xB251BA8,DXGI,0,0,1,Hardware Composed: Independent Flip,15500.0377,NA,21.65070000000000,19.04280000000000,9.07030000000000,27.92600000000000,27.9344,15497.0641,12.0439,2.9736,9.0703,8.8513,22.0483,4.9504,17.0979,2.9164,15497.0641,NA,NA,NA
BioshockHD.exe,18704,0xB251BA8,DXGI,0,0,1,Hardware Composed: Independent Flip,15511.8285,NA,11.79080000000000,11.90000000000000,16.31540000000000,25.03700000000000,28.0436,15509.1080,19.0359,2.7205,16.3154,18.8557,8.9018,4.4652,4.4366,0.1439,15509.1080,NA,NA,NA
BioshockHD.exe,18704,0xB251BA8,DXGI,0,0,1,Hardware Composed: Independent Flip,15531.1945,NA,19.36600000000000,18.45110000000000,8.84900000000000,27.07520000000000,27.1287,15528.1439,11.8996,3.0506,8.8490,8.7216,21.4042,4.5187,16.8855,0.5848,15528.1439,NA,NA,NA
BioshockHD.exe,18704,0xB251BA8,DXGI,0,0,1,Hardware Composed: Independent Flip,15542.9234,NA,11.72890000000000,8.98690000000000,15.81620000000000,24.34680000000000,24.3867,15540.0435,18.6961,2.8799,15.8162,18.2262,9.0005,4.6148,4.3857,2.9127,15540.0435,NA,NA,NA
BioshockHD.exe,18704,0xB251BA8,DXGI,0,0,1,Hardware Composed: Independent Flip,15562.0985,NA,19.17510000000000,21.79840000000000,5.33440000000000,26.97320000000000,27.0100,15558.7396,8.6933,3.3589,5.3344,8.5306,21.8015,4.4605,17.3410,-3.1023,15558.7396,NA,30.9764,NA
BioshockHD.exe,18704,0xB251BA8,DXGI,0,0,1,Hardware Composed: Independent Flip,15570.2101,NA,8.11160000000000,9.41150000000000,19.07300000000000,28.27060000000000,28.3099,15567.4329,21.8502,2.7772,19.0730,21.6388,9.4090,4.9405,4.4685,-0.7182,15567.4329,NA,NA,NA
BioshockHD.exe,18704,0xB251BA8,DXGI,0,0,1,Hardware Composed: Independent Flip,15592.2430,NA,22.03290000000000,22.24780000000000,6.41510000000000,28.48220000000000,28.5248,15589.2831,9.3750,2.9599,6.4151,9.1976,22.2445,4.5028,17.7417,-0.3976,15589.2831,NA,NA,NA
BioshockHD.exe,18704,0xB251BA8,DXGI,0,0,1,Hardware Composed: Independent Flip,15601.5917,NA,9.34870000000000,9.11840000000000,19.30900000000000,28.25630000000000,28.2945,15598.6581,22.2426,2.9336,19.3090,22.0671,9.1228,4.5852,4.5376,0.2566,15598.6581,NA,NA,NA
BioshockHD.exe,18704,0xB251BA8,DXGI,0,0,1,Hardware Composed: Independent Flip,15623.9190,NA,22.32730000000000,21.65440000000000,6.08740000000000,27.54680000000000,27.6216,15620.9007,9.1057,3.0183,6.0874,8.9473,21.6178,4.4744,17.1434,0.5882,15620.9007,NA,NA,NA
BioshockHD.exe,18704,0xB251BA8,DXGI,0,0,1,Hardware Composed: Independent Flip,15632.8058,NA,8.88680000000000,8.90150000000000,18.88120000000000,27.58230000000000,27.6363,15630.0064,21.6806,2.7994,18.8812,21.4594,8.9223,4.4860,4.4363,0.2042,15630.0064,NA,NA,NA
BioshockHD.exe,18704,0xB251BA8,DXGI,0,0,1,Hardware Composed: Independent Flip,15654.6078,NA,21.80200000000000,21.81040000000000,6.00030000000000,27.59540000000000,27.6447,15651.6870,8.9211,2.9208,6.0003,8.7011,21.8151,4.5176,17.2975,-0.1298,15651.6870,NA,NA,NA
BioshockHD.exe,18704,0xB251BA8,DXGI,0,0,1,Hardware Composed: Independent Flip,15663.2833,NA,8.67550000000000,9.07890000000000,19.07110000000000,27.99260000000000,28.0481,15660.6081,21.7463,2.6752,19.0711,21.5951,9.0727,4.5075,4.5652,-0.1578,15660.6081,NA,NA,NA
BioshockHD.exe,18704,0xB251BA8,DXGI,0,0,1,Hardware Composed: Independent Flip,15685.1324,NA,21.84910000000000,21.57210000000000,6.34150000000000,27.72090000000000,27.7711,15682.3544,9.1195,2.7780,6.3415,8.9215,21.5774,4.4588,17.1186,0.1742,15682.3544,NA,NA,NA
BioshockHD.exe,18704,0xB251BA8,DXGI,0,0,1,Hardware Composed: Independent Flip,15694.1837,NA,9.05130000000000,9.18010000000000,18.85780000000000,27.84300000000000,27.8999,15691.4739,21.5676,2.7098,18.8578,21.3794,9.1734,4.4939,4.6795,-0.0606,15691.4739,NA,NA,NA
BioshockHD.exe,18704,0xB251BA8,DXGI,0,0,1,Hardware Composed: Independent Flip,15715.8725,NA,21.68880000000000,24.66730000000000,6.33680000000000,27.86440000000000,30.8784,15713.0415,9.1678,2.8310,6.3368,8.9852,21.7102,4.4921,17.2181,-3.0997,15713.0415,NA,NA,NA
BioshockHD.exe,18704,0xB251BA8,DXGI,0,0,1,Hardware Composed: Independent Flip,15725.2514,NA,9.37890000000000,5.60510000000000,21.60340000000000,27.06710000000000,27.1046,15722.2093,24.6455,3.0421,21.6034,21.5276,8.5816,4.4525,4.1291,3.5627,15722.2093,NA,31.1946,NA
BioshockHD.exe,18704,0xB251BA8,DXGI,0,0,1,Hardware Composed: Independent Flip,15749.6042,NA,24.35280000000000,23.09720000000000,2.83870000000000,25.79220000000000,25.8490,15746.8548,5.5881,2.7494,2.8387,5.4637,23.0779,4.9327,18.1452,1.5483,15746.8548,NA,NA,NA
BioshockHD.exe,18704,0xB251BA8,DXGI,0,0,1,Hardware Composed: Independent Flip,15755.2801,NA,5.67590000000000,9.12770000000000,20.34950000000000,29.24920000000000,29.3008,15752.4429,23.1867,2.8372,20.3495,22.9535,9.1329,4.5026,4.6303,-3.5396,15752.4429,NA,NA,NA
BioshockHD.exe,18704,0xB251BA8,DXGI,0,0,1,Hardware Composed: Independent Flip,15778.5610,NA,23.28090000000000,21.53080000000000,6.14930000000000,27.51530000000000,27.5507,15775.6296,9.0807,2.9314,6.1493,8.8997,21.5470,4.4671,17.0799,1.6559,15775.6296,NA,NA,NA
BioshockHD.exe,18704,0xB251BA8,DXGI,0,0,1,Hardware Composed: Independent Flip,15787.4673,NA,8.90630000000000,8.96480000000000,18.81140000000000,27.55000000000000,27.6092,15784.7103,21.5684,2.7570,18.8114,21.3660,8.9410,4.5172,4.4238,0.1159,15784.7103,NA,NA,NA
BioshockHD.exe,18704,0xB251BA8,DXGI,0,0,1,Hardware Composed: Independent Flip,15809.2089,NA,21.74160000000000,21.68640000000000,5.99440000000000,27.50600000000000,27.5540,15806.2787,8.9246,2.9302,5.9944,8.7386,21.6976,4.5255,17.1721,-0.1180,15806.2787,NA,36.5941,NA
BioshockHD.exe,18704,0xB251BA8,DXGI,0,0,1,Hardware Composed: Independent Flip,15817.8045,NA,8.59560000000000,12.64450000000000,19.05770000000000,28.59500000000000,31.6029,15815.2033,21.6589,2.6012,19.0577,21.5116,9.6846,4.9823,4.7023,-3.7199,15815.2033,NA,38.2440,NA
BioshockHD.exe,18704,0xB251BA8,DXGI,0,0,1,Hardware Composed: Independent Flip,15839.5673,NA,21.76280000000000,19.61050000000000,9.93860000000000,29.40220000000000,29.4506,15836.8622,12.6437,2.7051,9.9386,9.5373,22.5700,4.9178,17.6522,2.0484,15836.8622,NA,31.8776,NA
BioshockHD.exe,18704,0xB251BA8,DXGI,0,0,1,Hardware Composed: Independent Flip,15852.0831,NA,12.51580000000000,12.43480000000000,17.03030000000000,26.34550000000000,29.3696,15849.5059,19.6075,2.5772,17.0303,19.4636,9.4591,4.8820,4.5771,0.2089,15849.5059,NA,40.3216,NA
BioshockHD.exe,18704,0xB251BA8,DXGI,0,0,1,Hardware Composed: Independent Flip,15871.6956,NA,19.61250000000000,19.63960000000000,9.86140000000000,29.38710000000000,29.3967,15869.1134,12.4436,2.5822,9.8614,9.3152,22.6541,5.0661,17.5880,-0.0321,15869.1134,NA,30.9595,NA
BioshockHD.exe,18704,0xB251BA8,DXGI,0,0,1,Hardware Composed: Independent Flip,15884.2554,NA,12.55980000000000,12.51840000000000,16.97190000000000,26.35140000000000,29.3553,15881.5570,19.6703,2.6984,16.9719,19.5257,9.5241,4.9083,4.6158,-0.0748,15881.5570,NA,34.4816,NA
BioshockHD.exe,18704,0xB251BA8,DXGI,0,0,1,Hardware Composed: Independent Flip,15903.9586,NA,19.70320000000000,19.58500000000000,9.75540000000000,29.18850000000000,29.2371,15901.2273,12.4867,2.7313,9.7554,9.3795,22.5403,4.8952,17.6451,0.0853,15901.2273,NA,40.0658,NA
BioshockHD.exe,18704,0xB251BA8,DXGI,0,0,1,Hardware Composed: Independent Flip,15916.6059,NA,12.64730000000000,9.45180000000000,16.68780000000000,26.00240000000000,26.0416,15913.7140,19.5797,2.8919,16.6878,19.4331,9.4612,4.9267,4.5345,3.0349,15913.7140,NA,32.5203,NA
BioshockHD.exe,18704,0xB251BA8,DXGI,0,0,1,Hardware Composed: Independent Flip,15935.9144,NA,19.30850000000000,22.56200000000000,6.81800000000000,29.28610000000000,29.2951,15933.2937,9.4387,2.6207,6.8180,9.3146,22.5922,5.0767,17.5155,-2.9823,15933.2937,NA,30.0741,NA
BioshockHD.exe,18704,0xB251BA8,DXGI,0,0,1,Hardware Composed: Independent Flip,15945.5527,NA,9.63830000000000,9.42420000000000,19.75610000000000,29.03050000000000,29.0810,15942.7324,22.5764,2.8203,19.7561,22.4681,9.3827,4.8546,4.5281,0.0145,15942.7324,NA,29.5009,NA
BioshockHD.exe,18704,0xB251BA8,DXGI,0,0,1,Hardware Composed: Independent Flip,15967.9670,NA,22.41430000000000,22.48870000000000,6.75080000000000,29.14350000000000,29.1554,15965.3088,9.4090,2.6582,6.7508,9.2744,22.5273,5.0255,17.5018,0.0877,15965.3088,NA,29.9846,NA
BioshockHD.exe,18704,0xB251BA8,DXGI,0,0,1,Hardware Composed: Independent Flip,15977.8598,NA,9.89280000000000,9.52460000000000,19.36600000000000,28.74880000000000,28.7872,15974.7178,22.5080,3.1420,19.3660,22.3927,9.4981,4.9216,4.5765,-0.1156,15974.7178,NA,30.5011,NA
BioshockHD.exe,18704,0xB251BA8,DXGI,0,0,1,Hardware Composed: Independent Flip,15999.9581,NA,22.09830000000000,22.50980000000000,6.78180000000000,29.14560000000000,29.1987,15997.2258,9.5141,2.7323,6.7818,9.3828,22.4951,4.9402,17.5549,-0.0018,15997.2258,NA,30.9959,NA
BioshockHD.exe,18704,0xB251BA8,DXGI,0,0,1,Hardware Composed: Independent Flip,16009.6602,NA,9.70210000000000,9.41790000000000,19.59220000000000,28.86460000000000,28.9145,16006.7399,22.5125,2.9203,19.5922,22.3638,9.4211,4.9544,4.4667,0.0962,16006.7399,NA,29.4317,NA
BioshockHD.exe,18704,0xB251BA8,DXGI,0,0,1,Hardware Composed: Independent Flip,16032.2401,NA,22.57990000000000,22.60670000000000,6.42240000000000,28.92890000000000,28.9413,16029.2524,9.4101,2.9877,6.4224,9.2724,22.6442,5.0373,17.6069,-0.0942,16029.2524,NA,30.0479,NA
BioshockHD.exe,18704,0xB251BA8,DXGI,0,0,1,Hardware Composed: Independent Flip,16041.3629,NA,9.12280000000000,9.61220000000000,19.92240000000000,29.37020000000000,29.4307,16038.6625,22.6228,2.7004,19.9224,22.5065,9.5641,4.9792,4.5849,-0.2021,16038.6625,NA,29.6586,NA
BioshockHD.exe,18704,0xB251BA8,DXGI,0,0,1,Hardware Composed: Independent Flip,16064.1194,NA,22.75650000000000,22.39240000000000,6.76850000000000,29.01010000000000,29.0666,16061.2853,9.6026,2.8341,6.7685,9.4478,22.3964,4.9506,17.4458,0.2304,16061.2853,NA,31.0540,NA
BioshockHD.exe,18704,0xB251BA8,DXGI,0,0,1,Hardware Composed: Independent Flip,16073.4849,NA,9.36550000000000,9.44330000000000,19.79640000000000,29.09310000000000,29.1444,16070.8879,22.3934,2.5970,19.7964,22.2416,9.4485,4.8964,4.5521,0.1593,16070.8879,NA,30.4975,NA
BioshockHD.exe,18704,0xB251BA8,DXGI,0,0,1,Hardware Composed: Independent Flip,16095.8983,NA,22.41340000000000,22.42920000000000,6.83190000000000,29.10920000000000,29.1602,16093.2813,9.4489,2.6170,6.8319,9.2967,22.4295,4.9388,17.4907,-0.0358,16093.2813,NA,33.9330,NA
BioshockHD.exe,18704,0xB251BA8,DXGI,0,0,1,Hardware Composed: Independent Flip,16105.3138,NA,9.41550000000000,9.70520000000000,19.84500000000000,29.41170000000000,29.4499,16102.7302,22.4286,2.5836,19.8450,22.2773,9.7180,4.9683,4.7497,-0.2563,16102.7302,NA,34.6301,NA
BioshockHD.exe,18704,0xB251BA8,DXGI,0,0,1,Hardware Composed: Independent Flip,16128.0999,NA,22.78610000000000,22.42520000000000,6.78970000000000,29.03810000000000,29.0890,16125.1588,9.7308,2.9411,6.7897,9.5667,22.4125,4.9466,17.4659,0.0034,16125.1588,NA,33.0609,NA
BioshockHD.exe,18704,0xB251BA8,DXGI,0,0,1,Hardware Composed: Independent Flip,16137.5418,NA,9.44190000000000,9.50290000000000,19.77340000000000,29.11220000000000,29.1500,16134.8896,22.4256,2.6522,19.7734,22.2484,9.5160,4.9556,4.5604,0.2279,16134.8896,NA,37.5557,NA
BioshockHD.exe,18704,0xB251BA8,DXGI,0,0,1,Hardware Composed: Independent Flip,16160.0545,NA,22.51270000000000,22.51110000000000,6.76850000000000,29.09020000000000,29.1484,16157.3152,9.5078,2.7393,6.7685,9.3388,22.4907,4.9298,17.5609,-0.0855,16157.3152,NA,36.0740,NA
BioshockHD.exe,18704,0xB251BA8,DXGI,0,0,1,Hardware Composed: Independent Flip,16169.6352,NA,9.58070000000000,9.19090000000000,19.66380000000000,28.69790000000000,28.7586,16166.8230,22.4760,2.8122,19.6638,22.3217,9.1884,4.9822,4.2062,0.3169,16166.8230,NA,36.2311,NA
BioshockHD.exe,18704,0xB251BA8,DXGI,0,0,1,Hardware Composed: Independent Flip,16192.6595,NA,23.02430000000000,24.19810000000000,5.82790000000000,28.29810000000000,29.9324,16189.2990,9.1884,3.3605,5.8279,9.0341,22.6245,4.9644,17.6601,-1.7221,16189.2990,NA,31.4254,NA
BioshockHD.exe,18704,0xB251BA8,DXGI,0,0,1,Hardware Composed: Independent Flip,16201.2595,NA,8.60000000000000,7.62040000000000,21.43580000000000,28.89370000000000,28.9528,16198.4874,24.2079,2.7721,21.4358,22.4702,9.1956,4.9949,4.2007,1.5680,16198.4874,NA,29.0806,NA
BioshockHD.exe,18704,0xB251BA8,DXGI,0,0,1,Hardware Composed: Independent Flip,16225.5446,NA,24.28510000000000,25.77590000000000,4.74960000000000,27.45290000000000,30.4436,16222.6953,7.5989,2.8493,4.7496,7.4579,22.8443,4.9503,17.8940,-1.5680,16222.6953,NA,33.8452,NA
BioshockHD.exe,18704,0xB251BA8,DXGI,0,0,1,Hardware Composed: Independent Flip,16232.9809,NA,7.43630000000000,6.11340000000000,23.13450000000000,29.08330000000000,29.1207,16230.2942,25.8212,2.6867,23.1345,22.7033,9.0667,4.8927,4.1740,1.4855,16230.2942,NA,33.9655,NA
BioshockHD.exe,18704,0xB251BA8,DXGI,0,0,1,Hardware Composed: Independent Flip,16258.9123,NA,25.93140000000000,23.49840000000000,3.27790000000000,26.63680000000000,26.6877,16256.1154,6.0748,2.7969,3.2779,5.9488,23.4849,4.9476,18.5373,2.3228,16256.1154,NA,43.4697,NA
BioshockHD.exe,18704,0xB251BA8,DXGI,0,0,1,Hardware Composed: Independent Flip,16264.8509,NA,5.93860000000000,9.43410000000000,20.85660000000000,30.12380000000000,30.1832,16262.1902,23.5173,2.6607,20.8566,23.3589,9.4256,4.9324,4.4932,-3.3593,16262.1902,NA,NA,NA
BioshockHD.exe,18704,0xB251BA8,DXGI,0,0,1,Hardware Composed: Independent Flip,16288.6523,NA,23.80140000000000,22.18500000000000,6.47270000000000,28.51870000000000,28.5668,16285.7075,9.4175,2.9448,6.4727,9.2672,22.1963,4.4775,17.7188,1.3323,16285.7075,NA,44.0881,NA
BioshockHD.exe,18704,0xB251BA8,DXGI,0,0,1,Hardware Composed: Independent Flip,16297.9174,NA,9.26510000000000,9.47700000000000,19.39910000000000,28.73940000000000,28.7787,16295.1250,22.1915,2.7924,19.3991,22.0460,9.4858,5.0425,4.4433,-0.0595,16295.1250,NA,34.5323,NA
BioshockHD.exe,18704,0xB251BA8,DXGI,0,0,1,Hardware Composed: Independent Flip,16320.4870,NA,22.56960000000000,22.51080000000000,6.30730000000000,28.67080000000000,28.7199,16317.3165,9.4778,3.1705,6.3073,9.3403,22.5010,4.9136,17.5874,-0.3193,16317.3165,NA,33.0791,NA
BioshockHD.exe,18704,0xB251BA8,DXGI,0,0,1,Hardware Composed: Independent Flip,16329.7336,NA,9.24660000000000,9.44500000000000,19.56450000000000,28.88000000000000,28.9183,16326.7943,22.5038,2.9393,19.5645,22.3635,9.4558,4.8750,4.5808,0.0328,16326.7943,NA,29.5144,NA
BioshockHD.exe,18704,0xB251BA8,DXGI,0,0,1,Hardware Composed: Independent Flip,16352.1197,NA,22.38610000000000,22.51200000000000,6.62580000000000,28.98300000000000,29.0442,16349.2981,9.4474,2.8216,6.6258,9.3155,22.4891,4.9839,17.5052,-0.0082,16349.2981,NA,40.0340,NA
BioshockHD.exe,18704,0xB251BA8,DXGI,0,0,1,Hardware Composed: Independent Flip,16361.4866,NA,9.36690000000000,9.60250000000000,19.80760000000000,29.22360000000000,29.2798,16358.7455,22.5487,2.7411,19.8076,22.3572,9.6075,4.9844,4.6231,-0.1551,16358.7455,NA,36.6377,NA
BioshockHD.exe,18704,0xB251BA8,DXGI,0,0,1,Hardware Composed: Independent Flip,16384.1623,NA,22.67570000000000,22.49230000000000,6.72140000000000,29.04610000000000,29.0964,16381.2942,9.5895,2.8681,6.7214,9.4160,22.4982,4.9166,17.5816,0.0564,16381.2942,NA,39.0520,NA
BioshockHD.exe,18704,0xB251BA8,DXGI,0,0,1,Hardware Composed: Independent Flip,16394.2114,NA,10.04910000000000,12.51470000000000,19.24210000000000,28.40280000000000,31.5620,16390.8837,22.5698,3.3277,19.2421,22.3247,9.4058,4.9575,4.4483,-2.9252,16390.8837,NA,NA,NA
BioshockHD.exe,18704,0xB251BA8,DXGI,0,0,1,Hardware Composed: Independent Flip,16416.5183,NA,22.30690000000000,19.00010000000000,9.35090000000000,28.22140000000000,28.2552,16413.4535,12.4157,3.0648,9.3509,9.1607,22.1255,4.5208,17.6047,3.5697,16413.4535,NA,31.6430,NA
BioshockHD.exe,18704,0xB251BA8,DXGI,0,0,1,Hardware Composed: Independent Flip,16428.6722,NA,12.15390000000000,15.56870000000000,16.20240000000000,25.56330000000000,31.6700,16425.8692,19.0054,2.8030,16.2024,18.8705,9.4958,4.9640,4.5318,-3.1530,16425.8692,NA,36.2125,NA
BioshockHD.exe,18704,0xB251BA8,DXGI,0,0,1,Hardware Composed: Independent Flip,16447.6196,NA,18.94740000000000,16.46400000000000,12.81960000000000,29.17720000000000,29.1866,16444.8746,15.5646,2.7450,12.8196,9.3609,22.5613,4.9744,17.5869,2.5414,16444.8746,NA,30.6731,NA
BioshockHD.exe,18704,0xB251BA8,DXGI,0,0,1,Hardware Composed: Independent Flip,16463.5051,NA,15.88550000000000,12.72150000000000,13.40230000000000,22.99010000000000,26.0226,16460.4392,16.4682,3.0659,13.4023,16.3576,9.6984,4.9600,4.7384,2.8431,16460.4392,NA,30.4014,NA
BioshockHD.exe,18704,0xB251BA8,DXGI,0,0,1,Hardware Composed: Independent Flip,16479.8502,NA,16.34510000000000,19.46200000000000,9.78350000000000,29.10270000000000,29.1395,16476.9074,12.7263,2.9428,9.7835,9.5878,22.4577,4.9186,17.5391,-2.9938,16476.9074,NA,31.8569,NA
BioshockHD.exe,18704,0xB251BA8,DXGI,0,0,1,Hardware Composed: Independent Flip,16492.2754,NA,12.42520000000000,9.48690000000000,16.85320000000000,26.13520000000000,26.2012,16489.6337,19.4949,2.6417,16.8532,19.3192,9.4577,4.8838,4.5739,3.2394,16489.6337,NA,32.3472,NA
BioshockHD.exe,18704,0xB251BA8,DXGI,0,0,1,Hardware Composed: Independent Flip,16511.8765,NA,19.60110000000000,22.43680000000000,6.73900000000000,28.99920000000000,29.0369,16509.1286,9.4869,2.7479,6.7390,9.2820,22.4651,5.0254,17.4397,-2.9419,16509.1286,NA,33.7505,NA
BioshockHD.exe,18704,0xB251BA8,DXGI,0,0,1,Hardware Composed: Independent Flip,16521.3853,NA,9.50880000000000,9.55840000000000,19.66950000000000,29.03300000000000,29.0865,16518.6155,22.4393,2.7698,19.6695,22.2602,9.5426,5.0157,4.5269,-0.0715,16518.6155,NA,NA,NA
BioshockHD.exe,18704,0xB251BA8,DXGI,0,0,1,Hardware Composed: Independent Flip,16544.0044,NA,22.61910000000000,22.03550000000000,6.60560000000000,28.45280000000000,28.5029,16541.0548,9.5552,2.9496,6.6056,9.3635,22.0389,4.4738,17.5651,0.4038,16541.0548,NA,NA,NA
BioshockHD.exe,18704,0xB251BA8,DXGI,0,0,1,Hardware Composed: Independent Flip,16553.4677,NA,9.46330000000000,8.93920000000000,19.17980000000000,27.93790000000000,27.9788,16550.6100,22.0375,2.8577,19.1798,21.8472,8.9484,4.5331,4.4153,0.6160,16550.6100,NA,NA,NA
BioshockHD.exe,18704,0xB251BA8,DXGI,0,0,1,Hardware Composed: Independent Flip,16575.5314,NA,22.06370000000000,21.91380000000000,6.04590000000000,27.79570000000000,27.8289,16572.6475,8.9298,2.8839,6.0459,8.7581,21.9215,4.5291,17.3924,0.1237,16572.6475,NA,NA,NA
BioshockHD.exe,18704,0xB251BA8,DXGI,0,0,1,Hardware Composed: Independent Flip,16584.6476,NA,9.11620000000000,9.23300000000000,18.81280000000000,27.89260000000000,27.9457,16581.5773,21.8831,3.0703,18.8128,21.7498,9.2131,4.4706,4.7425,-0.3032,16581.5773,NA,NA,NA
BioshockHD.exe,18704,0xB251BA8,DXGI,0,0,1,Hardware Composed: Independent Flip,16606.2874,NA,21.63980000000000,21.63540000000000,6.40020000000000,27.92850000000000,27.9413,16603.4604,9.2272,2.8270,6.4002,9.0798,21.6757,4.5165,17.1592,0.2477,16603.4604,NA,44.0975,NA
BioshockHD.exe,18704,0xB251BA8,DXGI,0,0,1,Hardware Composed: Independent Flip,16615.6328,NA,9.34540000000000,9.49180000000000,18.70340000000000,28.02920000000000,28.0877,16612.6876,21.6486,2.9452,18.7034,21.5283,9.4461,4.9317,4.5144,-0.2646,16612.6876,NA,34.5866,NA
BioshockHD.exe,18704,0xB251BA8,DXGI,0,0,1,Hardware Composed: Independent Flip,16637.1151,NA,21.48230000000000,22.63690000000000,6.70380000000000,29.20420000000000,29.2423,16634.3362,9.4827,2.7789,6.7038,9.3258,22.6573,4.9546,17.7027,-0.9883,16634.3362,NA,43.2219,NA
BioshockHD.exe,18704,0xB251BA8,DXGI,0,0,1,Hardware Composed: Independent Flip,16646.6066,NA,9.49150000000000,9.49590000000000,19.85100000000000,29.19070000000000,29.2467,16643.8189,22.6387,2.7877,19.8510,22.5004,9.4780,4.8882,4.5898,-0.0132,16643.8189,NA,38.7194,NA
BioshockHD.exe,18704,0xB251BA8,DXGI,0,0,1,Hardware Composed: Independent Flip,16669.2181,NA,22.61150000000000,22.45420000000000,6.73450000000000,29.03370000000000,29.0894,16666.4576,9.4950,2.7605,6.7345,9.3397,22.4545,4.9489,17.5056,0.1845,16666.4576,NA,35.1772,NA
BioshockHD.exe,18704,0xB251BA8,DXGI,0,0,1,Hardware Composed: Independent Flip,16678.6797,NA,9.46160000000000,9.55210000000000,19.72120000000000,29.14190000000000,29.1799,16675.9526,22.4483,2.7271,19.7212,22.2992,9.5698,5.0235,4.5463,-0.0571,16675.9526,NA,38.7268,NA
BioshockHD.exe,18704,0xB251BA8,DXGI,0,0,1,Hardware Composed: Independent Flip,16701.2047,NA,22.52500000000000,22.47060000000000,6.84400000000000,29.07250000000000,29.1255,16698.4009,9.6478,2.8038,6.8440,9.4207,22.4556,4.9163,17.5393,-0.0223,16698.4009,NA,34.2015,NA
BioshockHD.exe,18704,0xB251BA8,DXGI,0,0,1,Hardware Composed: Independent Flip,16710.9994,NA,9.79470000000000,9.47910000000000,19.43350000000000,28.75030000000000,28.8099,16708.0487,22.3842,2.9507,19.4335,22.2285,9.4725,4.9834,4.4891,0.1687,16708.0487,NA,NA,NA
BioshockHD.exe,18704,0xB251BA8,DXGI,0,0,1,Hardware Composed: Independent Flip,16733.7157,NA,22.71630000000000,25.10450000000000,6.18070000000000,28.18650000000000,31.1981,16730.4329,9.4635,3.2828,6.1807,9.3168,22.1525,4.5220,17.6305,-2.7203,16730.4329,NA,38.7811,NA
BioshockHD.exe,18704,0xB251BA8,DXGI,0,0,1,Hardware Composed: Independent Flip,16742.7562,NA,9.04050000000000,6.19960000000000,22.25870000000000,28.30290000000000,28.3572,16739.8964,25.1185,2.8598,22.2587,22.0058,9.1569,4.9792,4.1777,3.2639,16739.8964,NA,34.9828,NA
BioshockHD.exe,18704,0xB251BA8,DXGI,0,0,1,Hardware Composed: Independent Flip,16767.8263,NA,25.07010000000000,23.55120000000000,3.36680000000000,26.78920000000000,26.8383,16765.0149,6.1782,2.8114,3.3668,6.0442,23.5564,4.9220,18.6344,1.5673,16765.0149,NA,32.5328,NA
BioshockHD.exe,18704,0xB251BA8,DXGI,0,0,1,Hardware Composed: Independent Flip,16773.9324,NA,6.10610000000000,9.50190000000000,20.82930000000000,30.17620000000000,30.2341,16771.1931,23.5686,2.7393,20.8293,23.4224,9.4931,4.9213,4.5718,-3.3237,16771.1931,NA,33.0238,NA
BioshockHD.exe,18704,0xB251BA8,DXGI,0,0,1,Hardware Composed: Independent Flip,16797.4220,NA,23.48960000000000,22.54630000000000,6.83440000000000,29.27810000000000,29.2908,16794.7617,9.4947,2.6603,6.8344,9.3469,22.5915,4.9981,17.5934,1.0223,16794.7617,NA,32.5881,NA
BioshockHD.exe,18704,0xB251BA8,DXGI,0,0,1,Hardware Composed: Independent Flip,16807.4377,NA,10.01570000000000,9.64300000000000,19.37640000000000,28.86330000000000,28.9181,16804.2564,22.5577,3.1813,19.3764,22.4437,9.6009,4.9441,4.6568,-0.1483,16804.2564,NA,29.2183,NA
BioshockHD.exe,18704,0xB251BA8,DXGI,0,0,1,Hardware Composed: Independent Flip,16829.5893,NA,22.15160000000000,22.84630000000000,6.85850000000000,29.57130000000000,29.6128,16826.8141,9.6337,2.7752,6.8585,9.4869,22.8596,5.0184,17.8412,-0.2886,16826.8141,NA,31.0647,NA
BioshockHD.exe,18704,0xB251BA8,DXGI,0,0,1,Hardware Composed: Independent Flip,16839.2692,NA,9.67990000000000,9.90760000000000,20.03520000000000,29.73440000000000,29.8405,16836.4478,22.8566,2.8214,20.0352,22.7128,9.8430,5.0900,4.7530,-0.2739,16836.4478,NA,30.9382,NA
BioshockHD.exe,18704,0xB251BA8,DXGI,0,0,1,Hardware Composed: Independent Flip,16862.2604,NA,22.99120000000000,22.52210000000000,6.94420000000000,29.31470000000000,29.3714,16859.3044,9.9002,2.9560,6.9442,9.6992,22.5715,4.9355,17.6360,0.3345,16859.3044,NA,34.5029,NA
BioshockHD.exe,18704,0xB251BA8,DXGI,0,0,1,Hardware Composed: Independent Flip,16872.4612,NA,10.20080000000000,9.64310000000000,19.30030000000000,28.77520000000000,28.8137,16869.2046,22.5569,3.2566,19.3003,22.3705,9.6613,4.9856,4.6757,0.2571,16869.2046,NA,29.1418,NA
BioshockHD.exe,18704,0xB251BA8,DXGI,0,0,1,Hardware Composed: Independent Flip,16894.6133,NA,22.15210000000000,22.66530000000000,6.76400000000000,29.27630000000000,29.3269,16891.7615,9.6158,2.8518,6.7640,9.4749,22.6532,5.0014,17.6518,-0.1084,16891.7615,NA,31.7889,NA
BioshockHD.exe,18704,0xB251BA8,DXGI,0,0,1,Hardware Composed: Independent Flip,16904.3492,NA,9.73590000000000,9.59020000000000,19.68410000000000,29.17220000000000,29.1812,16901.3773,22.6560,2.9719,19.6841,22.5123,9.6318,5.0079,4.6239,0.0256,16901.3773,NA,33.3974,NA
BioshockHD.exe,18704,0xB251BA8,DXGI,0,0,1,Hardware Composed: Independent Flip,16926.8921,NA,22.54290000000000,22.39540000000000,6.73750000000000,28.97450000000000,29.0337,16924.0333,9.5963,2.8588,6.7375,9.4881,22.3452,4.8776,17.4676,0.2606,16924.0333,NA,33.7957,NA
BioshockHD.exe,18704,0xB251BA8,DXGI,0,0,1,Hardware Composed: Independent Flip,16936.4417,NA,9.54960000000000,9.49490000000000,19.61100000000000,28.94260000000000,28.9790,16933.6296,22.4231,2.8121,19.6110,22.2370,9.5177,5.0719,4.4458,0.1014,16933.6296,NA,NA,NA
BioshockHD.exe,18704,0xB251BA8,DXGI,0,0,1,Hardware Composed: Independent Flip,16959.0089,NA,22.56720000000000,22.10290000000000,6.51140000000000,28.45730000000000,28.5147,16956.0527,9.4676,2.9562,6.5114,9.3316,22.0819,4.4674,17.6145,0.3202,16956.0527,NA,42.3910,NA
BioshockHD.exe,18704,0xB251BA8,DXGI,0,0,1,Hardware Composed: Independent Flip,16968.4216,NA,9.41270000000000,12.29340000000000,19.26060000000000,28.29780000000000,31.3954,16965.5203,22.1619,2.9013,19.2606,21.9459,9.2532,4.9893,4.2639,-2.8258,16965.5203,NA,NA,NA
BioshockHD.exe,18704,0xB251BA8,DXGI,0,0,1,Hardware Composed: Independent Flip,16990.9467,NA,22.52510000000000,19.06630000000000,8.99680000000000,27.89320000000000,27.9366,16987.6822,12.2613,3.2645,8.9968,9.0372,22.1205,4.5374,17.5831,3.0956,16987.6822,NA,29.7197,NA
BioshockHD.exe,18704,0xB251BA8,DXGI,0,0,1,Hardware Composed: Independent Flip,17002.9440,NA,11.99730000000000,9.63250000000000,16.03420000000000,25.51060000000000,25.5718,16999.9435,19.0347,3.0005,16.0342,18.8964,9.6147,5.0678,4.5469,2.6288,16999.9435,NA,NA,NA
BioshockHD.exe,18704,0xB251BA8,DXGI,0,0,1,Hardware Composed: Independent Flip,17021.9937,NA,19.04970000000000,22.67710000000000,6.61680000000000,29.19030000000000,29.1992,17018.9782,9.6323,3.0155,6.6168,9.4764,22.7294,5.0012,17.7282,-3.6424,17018.9782,NA,39.9929,NA
BioshockHD.exe,18704,0xB251BA8,DXGI,0,0,1,Hardware Composed: Independent Flip,17031.5794,NA,9.58570000000000,9.43160000000000,19.71540000000000,29.00420000000000,29.0451,17028.6105,22.6843,2.9689,19.7154,22.5735,9.3996,4.9106,4.4890,0.2007,17028.6105,NA,NA,NA
BioshockHD.exe,18704,0xB251BA8,DXGI,0,0,1,Hardware Composed: Independent Flip,17054.3525,NA,22.77310000000000,22.36110000000000,6.35490000000000,28.58590000000000,28.6331,17051.2948,9.4126,3.0577,6.3549,9.2888,22.3548,4.5241,17.8307,0.3232,17051.2948,NA,28.8495,NA
BioshockHD.exe,18704,0xB251BA8,DXGI,0,0,1,Hardware Composed: Independent Flip,17063.5948,NA,9.24230000000000,9.53270000000000,19.53130000000000,28.86170000000000,28.9235,17060.7074,22.4187,2.8874,19.5313,22.2310,9.5181,5.0727,4.4454,-0.1201,17060.7074,NA,30.3844,NA
BioshockHD.exe,18704,0xB251BA8,DXGI,0,0,1,Hardware Composed: Independent Flip,17086.0862,NA,22.49140000000000,22.45770000000000,6.52700000000000,28.83710000000000,28.8898,17083.1261,9.4871,2.9601,6.5270,9.3304,22.4668,4.9542,17.5126,-0.0390,17083.1261,NA,31.8230,NA
BioshockHD.exe,18704,0xB251BA8,DXGI,0,0,1,Hardware Composed: Independent Flip,17095.3735,NA,9.28730000000000,9.53110000000000,19.73170000000000,29.07640000000000,29.1336,17092.6132,22.4920,2.7603,19.7317,22.3101,9.5266,5.0190,4.5076,-0.0440,17092.6132,NA,NA,NA
BioshockHD.exe,18704,0xB251BA8,DXGI,0,0,1,Hardware Composed: Independent Flip,17118.1732,NA,22.79970000000000,22.03830000000000,6.42890000000000,28.32730000000000,28.3722,17115.1052,9.4969,3.0680,6.4289,9.3447,22.0506,4.5129,17.5377,0.4537,17115.1052,NA,34.3625,NA
BioshockHD.exe,18704,0xB251BA8,DXGI,0,0,1,Hardware Composed: Independent Flip,17127.4698,NA,9.29660000000000,9.67580000000000,19.17020000000000,28.69190000000000,28.7514,17124.6021,22.0379,2.8677,19.1702,21.8984,9.6612,4.9876,4.6736,-0.1789,17124.6021,NA,29.0859,NA
BioshockHD.exe,18704,0xB251BA8,DXGI,0,0,1,Hardware Composed: Independent Flip,17149.4802,NA,22.01040000000000,22.69670000000000,6.83560000000000,29.39710000000000,29.4377,17146.6400,9.6758,2.8402,6.8356,9.5217,22.7156,4.9670,17.7486,-0.6588,17146.6400,NA,31.7897,NA
BioshockHD.exe,18704,0xB251BA8,DXGI,0,0,1,Hardware Composed: Independent Flip,17159.1524,NA,9.67220000000000,9.59180000000000,19.87080000000000,29.29970000000000,29.3573,17156.3158,22.7074,2.8366,19.8708,22.5615,9.5748,5.0515,4.5233,0.0840,17156.3158,NA,34.3803,NA
BioshockHD.exe,18704,0xB251BA8,DXGI,0,0,1,Hardware Composed: Independent Flip,17182.1103,NA,22.95790000000000,22.33490000000000,6.53880000000000,28.72420000000000,28.7343,17179.0232,9.6259,3.0871,6.5388,9.4289,22.3824,4.9696,17.4128,0.3725,17179.0232,NA,32.7169,NA
BioshockHD.exe,18704,0xB251BA8,DXGI,0,0,1,Hardware Composed: Independent Flip,17191.5424,NA,9.43210000000000,9.44150000000000,19.48170000000000,28.68310000000000,28.7437,17188.6491,22.3750,2.8933,19.4817,22.1854,9.3910,4.9757,4.4153,0.1844,17188.6491,NA,NA,NA
BioshockHD.exe,18704,0xB251BA8,DXGI,0,0,1,Hardware Composed: Independent Flip,17213.9627,NA,22.42030000000000,22.42410000000000,6.41480000000000,28.70530000000000,28.7475,17211.0241,9.3534,2.9386,6.4148,9.2014,22.4425,4.5324,17.9101,-0.0491,17211.0241,NA,30.5790,NA
BioshockHD.exe,18704,0xB251BA8,DXGI,0,0,1,Hardware Composed: Independent Flip,17223.2479,NA,9.28520000000000,9.29290000000000,19.55820000000000,28.71170000000000,28.7552,17220.3775,22.4286,2.8704,19.5582,22.2905,9.2916,4.5601,4.7315,0.0605,17220.3775,NA,NA,NA
BioshockHD.exe,18704,0xB251BA8,DXGI,0,0,1,Hardware Composed: Independent Flip,17245.6112,NA,22.36330000000000,22.12730000000000,6.48440000000000,28.47840000000000,28.5192,17242.8061,9.2895,2.8051,6.4844,9.1535,22.1300,4.9458,17.1842,0.3013,17242.8061,NA,31.0002,NA
BioshockHD.exe,18704,0xB251BA8,DXGI,0,0,1,Hardware Composed: Independent Flip,17254.9391,NA,9.32790000000000,9.80040000000000,19.28510000000000,28.93520000000000,28.9917,17252.0956,22.1286,2.8435,19.2851,21.9940,9.7847,5.0391,4.7456,-0.5109,17252.0956,NA,33.8065,NA
BioshockHD.exe,18704,0xB251BA8,DXGI,0,0,1,Hardware Composed: Independent Flip,17277.1760,NA,22.23690000000000,24.71060000000000,6.85870000000000,29.85280000000000,31.4654,17274.2242,9.8105,2.9518,6.8587,9.6501,23.1545,4.9545,18.2000,-2.5820,17274.2242,NA,35.5102,NA
BioshockHD.exe,18704,0xB251BA8,DXGI,0,0,1,Hardware Composed: Independent Flip,17287.0463,NA,9.87030000000000,7.53520000000000,21.69240000000000,29.06820000000000,29.1303,17284.0347,24.7040,3.0116,21.6924,22.9941,9.0857,4.9436,4.1421,2.2753,17284.0347,NA,30.0467,NA
BioshockHD.exe,18704,0xB251BA8,DXGI,0,0,1,Hardware Composed: Independent Flip,17311.8607,NA,24.81440000000000,25.99160000000000,4.40550000000000,27.30350000000000,30.3075,17308.7387,7.5275,3.1220,4.4055,7.3758,23.0497,4.9990,18.0507,-1.2876,17308.7387,NA,36.0418,NA
BioshockHD.exe,18704,0xB251BA8,DXGI,0,0,1,Hardware Composed: Independent Flip,17319.0799,NA,7.21920000000000,6.24100000000000,23.24480000000000,29.26290000000000,29.3293,17316.2662,26.0585,2.8137,23.2448,22.8980,9.1786,5.0687,4.1099,1.2865,17316.2662,NA,31.2729,NA
BioshockHD.exe,18704,0xB251BA8,DXGI,0,0,1,Hardware Composed: Independent Flip,17345.4888,NA,26.40890000000000,22.77830000000000,3.00170000000000,25.65790000000000,25.6987,17342.3247,6.1658,3.1641,3.0017,6.0181,22.8039,4.9632,17.8407,3.2802,17342.3247,NA,27.0557,NA
BioshockHD.exe,18704,0xB251BA8,DXGI,0,0,1,Hardware Composed: Independent Flip,17351.4584,NA,5.96960000000000,9.56310000000000,19.86740000000000,29.25040000000000,29.2922,17348.4905,22.8353,2.9679,19.8674,22.6562,9.5621,4.9793,4.5828,-3.3973,17348.4905,NA,31.6201,NA
BioshockHD.exe,18704,0xB251BA8,DXGI,0,0,1,Hardware Composed: Independent Flip,17374.3830,NA,22.92460000000000,22.60030000000000,6.46660000000000,28.91660000000000,28.9679,17371.3258,9.5238,3.0572,6.4666,9.3830,22.5908,5.0353,17.5555,0.2350,17371.3258,NA,30.2124,NA
BioshockHD.exe,18704,0xB251BA8,DXGI,0,0,1,Hardware Composed: Independent Flip,17384.1280,NA,9.74500000000000,9.64720000000000,19.31780000000000,28.81690000000000,28.8701,17380.8496,22.5962,3.2784,19.3178,22.4500,9.6453,5.0211,4.6242,-0.1234,17380.8496,NA,33.8720,NA
BioshockHD.exe,18704,0xB251BA8,DXGI,0,0,1,Hardware Composed: Independent Flip,17406.1945,NA,22.06650000000000,22.79380000000000,6.90310000000000,29.52090000000000,29.5974,17403.4458,9.6518,2.7487,6.9031,9.4991,22.7705,5.6965,17.0740,-0.1976,17403.4458,NA,41.6605,NA
BioshockHD.exe,18704,0xB251BA8,DXGI,0,0,1,Hardware Composed: Independent Flip,17416.0666,NA,9.87210000000000,9.19470000000000,19.85100000000000,28.85310000000000,28.9200,17413.0976,22.8200,2.9690,19.8510,22.6178,9.2043,5.0231,4.1812,0.4571,17413.0976,NA,NA,NA
BioshockHD.exe,18704,0xB251BA8,DXGI,0,0,1,Hardware Composed: Independent Flip,17439.6466,NA,23.58000000000000,22.51630000000000,5.43240000000000,27.81200000000000,27.8563,17435.9176,9.1614,3.7290,5.4324,9.0021,22.5389,4.5545,17.9844,0.3037,17435.9176,NA,32.3088,NA
BioshockHD.exe,18704,0xB251BA8,DXGI,0,0,1,Hardware Composed: Independent Flip,17447.9730,NA,8.32640000000000,9.70790000000000,19.72850000000000,29.17450000000000,29.2378,17445.0790,22.6225,2.8940,19.7285,22.3796,9.6889,5.0483,4.6406,-0.5465,17445.0790,NA,30.0807,NA
BioshockHD.exe,18704,0xB251BA8,DXGI,0,0,1,Hardware Composed: Independent Flip,17470.5397,NA,22.56670000000000,22.68540000000000,6.76590000000000,29.31080000000000,29.3565,17467.7015,9.6041,2.8382,6.7659,9.4460,22.7030,5.0018,17.7012,-0.0629,17467.7015,NA,NA,NA
BioshockHD.exe,18704,0xB251BA8,DXGI,0,0,1,Hardware Composed: Independent Flip,17480.2879,NA,9.74820000000000,9.82950000000000,19.75620000000000,29.38990000000000,29.4378,17477.3056,22.7385,2.9823,19.7562,22.5449,9.8273,5.7124,4.1149,-0.2254,17477.3056,NA,31.5884,NA
BioshockHD.exe,18704,0xB251BA8,DXGI,0,0,1,Hardware Composed: Independent Flip,17503.4111,NA,23.12320000000000,22.13340000000000,6.46990000000000,28.38460000000000,28.4480,17500.0441,9.8369,3.3670,6.4699,9.6337,22.1179,4.5590,17.5589,0.6051,17500.0441,NA,NA,NA
BioshockHD.exe,18704,0xB251BA8,DXGI,0,0,1,Hardware Composed: Independent Flip,17513.0970,NA,9.68590000000000,12.46050000000000,18.86650000000000,28.18040000000000,31.2226,17509.8810,22.0825,3.2160,18.8665,21.9147,9.4817,4.9744,4.5073,-2.6236,17509.8810,NA,32.1814,NA
BioshockHD.exe,18704,0xB251BA8,DXGI,0,0,1,Hardware Composed: Independent Flip,17534.9373,NA,21.84030000000000,19.19550000000000,9.54610000000000,28.53990000000000,28.5778,17531.9635,12.5199,2.9738,9.5461,9.3139,22.1998,4.6091,17.5907,2.8870,17531.9635,NA,NA,NA
BioshockHD.exe,18704,0xB251BA8,DXGI,0,0,1,Hardware Composed: Independent Flip,17547.5404,NA,12.60310000000000,12.41240000000000,16.10700000000000,25.37630000000000,28.3871,17544.4834,19.1640,3.0570,16.1070,18.9938,9.4395,4.9842,4.4553,0.1075,17544.4834,NA,NA,NA
BioshockHD.exe,18704,0xB251BA8,DXGI,0,0,1,Hardware Composed: Independent Flip,17566.7838,NA,19.24340000000000,19.09950000000000,9.38810000000000,28.19280000000000,28.2432,17563.6474,12.5245,3.1364,9.3881,9.2693,22.0599,4.5221,17.5378,0.0645,17563.6474,NA,43.8891,NA
BioshockHD.exe,18704,0xB251BA8,DXGI,0,0,1,Hardware Composed: Independent Flip,17579.1294,NA,12.34560000000000,9.54260000000000,15.99180000000000,25.39800000000000,25.4402,17576.1719,18.9493,2.9575,15.9918,18.8047,9.5508,5.0932,4.4576,2.9819,17576.1719,NA,32.4401,NA
BioshockHD.exe,18704,0xB251BA8,DXGI,0,0,1,Hardware Composed: Independent Flip,17598.1443,NA,19.01490000000000,22.74750000000000,6.51650000000000,29.16410000000000,29.1728,17595.1212,9.5396,3.0231,6.5165,9.4062,22.7810,5.0030,17.7780,-3.7982,17595.1212,NA,41.1874,NA
BioshockHD.exe,18704,0xB251BA8,DXGI,0,0,1,Hardware Composed: Independent Flip,17607.8206,NA,9.67630000000000,9.53620000000000,19.60000000000000,28.98060000000000,29.0327,17604.6608,22.7598,3.1598,19.6000,22.6476,9.4928,4.9835,4.5093,0.0034,17604.6608,NA,29.7166,NA
BioshockHD.exe,18704,0xB251BA8,DXGI,0,0,1,Hardware Composed: Independent Flip,17630.7055,NA,22.88490000000000,22.57590000000000,6.24970000000000,28.66420000000000,28.7237,17627.4206,9.5346,3.2849,6.2497,9.3806,22.5685,5.0240,17.5445,0.1839,17627.4206,NA,31.2979,NA
BioshockHD.exe,18704,0xB251BA8,DXGI,0,0,1,Hardware Composed: Independent Flip,17639.8065,NA,9.10100000000000,9.82890000000000,19.71930000000000,29.39810000000000,29.4516,17636.9552,22.5706,2.8513,19.7193,22.4145,9.8349,5.7347,4.1002,-0.2943,17636.9552,NA,30.1214,NA
BioshockHD.exe,18704,0xB251BA8,DXGI,0,0,1,Hardware Composed: Independent Flip,17662.4725,NA,22.66600000000000,22.41720000000000,6.87200000000000,29.14670000000000,29.2028,17659.5258,9.8187,2.9467,6.8720,9.6788,22.4146,5.0056,17.4090,0.1534,17659.5258,NA,29.5444,NA
BioshockHD.exe,18704,0xB251BA8,DXGI,0,0,1,Hardware Composed: Independent Flip,17672.2028,NA,9.73030000000000,9.65200000000000,19.60290000000000,29.06700000000000,29.1245,17669.3445,22.4612,2.8583,19.6029,22.2747,9.6506,5.0495,4.6011,0.1667,17669.3445,NA,NA,NA
BioshockHD.exe,18704,0xB251BA8,DXGI,0,0,1,Hardware Composed: Independent Flip,17694.8977,NA,22.69490000000000,22.55040000000000,6.56710000000000,28.93740000000000,28.9800,17691.8057,9.6591,3.0920,6.5671,9.4641,22.5653,5.0236,17.5417,-0.0892,17691.8057,NA,31.7503,NA
BioshockHD.exe,18704,0xB251BA8,DXGI,0,0,1,Hardware Composed: Independent Flip,17704.6192,NA,9.72150000000000,9.55990000000000,19.38680000000000,28.77810000000000,28.8184,17701.4648,22.5412,3.1544,19.3868,22.3703,9.5622,5.0166,4.5456,0.0992,17701.4648,NA,32.3078,NA
BioshockHD.exe,18704,0xB251BA8,DXGI,0,0,1,Hardware Composed: Independent Flip,17726.8144,NA,22.19520000000000,22.63100000000000,6.72460000000000,29.20120000000000,29.2542,17724.0060,9.5330,2.8084,6.7246,9.3913,22.6183,5.0086,17.6097,-0.0898,17724.0060,NA,30.9374,NA
BioshockHD.exe,18704,0xB251BA8,DXGI,0,0,1,Hardware Composed: Independent Flip,17736.5022,NA,9.68780000000000,9.97450000000000,19.67130000000000,29.50030000000000,29.5409,17733.5390,22.6345,2.9632,19.6713,22.4766,9.9869,5.1029,4.8840,-0.4415,17733.5390,NA,30.9168,NA
BioshockHD.exe,18704,0xB251BA8,DXGI,0,0,1,Hardware Composed: Independent Flip,17759.0747,NA,22.57250000000000,22.63130000000000,7.06530000000000,29.55640000000000,29.5997,17756.1735,9.9665,2.9012,7.0653,9.8290,22.6286,5.0518,17.5768,0.0032,17756.1735,NA,30.5406,NA
BioshockHD.exe,18704,0xB251BA8,DXGI,0,0,1,Hardware Composed: Independent Flip,17769.0133,NA,9.93860000000000,10.24630000000000,19.78590000000000,29.83950000000000,29.9074,17766.1400,22.6592,2.8733,19.7859,22.4911,10.2217,4.9944,5.2273,-0.2798,17766.1400,NA,34.7928,NA
BioshockHD.exe,18704,0xB251BA8,DXGI,0,0,1,Hardware Composed: Independent Flip,17791.8463,NA,22.83300000000000,22.56390000000000,7.20560000000000,29.51180000000000,29.6383,17788.7992,10.2527,3.0471,7.2056,10.0536,22.5053,5.0429,17.4624,0.0953,17788.7992,NA,38.3564,NA
BioshockHD.exe,18704,0xB251BA8,DXGI,0,0,1,Hardware Composed: Independent Flip,17802.8115,NA,10.96520000000000,10.61110000000000,18.92960000000000,29.20000000000000,29.2842,17799.0519,22.6892,3.7596,18.9296,22.3062,10.6534,6.1006,4.5528,-0.3584,17799.0519,NA,NA,NA
BioshockHD.exe,18704,0xB251BA8,DXGI,0,0,1,Hardware Composed: Independent Flip,17825.9473,NA,23.13580000000000,23.11410000000000,6.29040000000000,29.24640000000000,29.2625,17821.7411,10.4966,4.2062,6.2904,10.2704,23.1822,5.7866,17.3956,-0.4249,17821.7411,NA,31.0483,NA
BioshockHD.exe,18704,0xB251BA8,DXGI,0,0,1,Hardware Composed: Independent Flip,17835.6562,NA,9.70890000000000,10.49080000000000,19.67880000000000,30.00310000000000,30.0444,17832.2377,23.0973,3.4185,19.6788,22.9560,10.4656,5.9028,4.5628,0.0058,17832.2377,NA,33.5760,NA
BioshockHD.exe,18704,0xB251BA8,DXGI,0,0,1,Hardware Composed: Independent Flip,17858.7002,NA,23.04400000000000,22.87570000000000,7.09340000000000,29.82760000000000,29.8761,17855.3350,10.4586,3.3652,7.0934,10.3243,22.8685,5.8753,16.9932,0.2216,17855.3350,NA,31.4430,NA
BioshockHD.exe,18704,0xB251BA8,DXGI,0,0,1,Hardware Composed: Independent Flip,17869.0999,NA,10.39970000000000,10.45280000000000,19.57360000000000,29.91680000000000,29.9292,17865.7936,22.8799,3.3063,19.5736,22.7342,10.4889,5.8696,4.6193,0.0058,17865.7936,NA,31.8562,NA
BioshockHD.exe,18704,0xB251BA8,DXGI,0,0,1,Hardware Composed: Independent Flip,17892.0832,NA,22.98330000000000,23.19940000000000,7.11390000000000,30.13140000000000,30.1453,17888.6735,10.5236,3.4097,7.1139,10.3432,23.1979,5.7866,17.4113,-0.3195,17888.6735,NA,42.1015,NA
BioshockHD.exe,18704,0xB251BA8,DXGI,0,0,1,Hardware Composed: Independent Flip,17902.6465,NA,10.56330000000000,10.38280000000000,19.73470000000000,29.92570000000000,29.9648,17899.1971,23.1841,3.4494,19.7347,23.0175,10.3576,5.7307,4.6269,0.1408,17899.1971,NA,NA,NA
BioshockHD.exe,18704,0xB251BA8,DXGI,0,0,1,Hardware Composed: Independent Flip,17925.7281,NA,23.08160000000000,22.83490000000000,6.99260000000000,29.66690000000000,29.7181,17922.3812,10.3395,3.3469,6.9926,10.1910,22.8228,5.3298,17.4930,0.3492,17922.3812,NA,35.2763,NA
BioshockHD.exe,18704,0xB251BA8,DXGI,0,0,1,Hardware Composed: Independent Flip,17935.8222,NA,10.09410000000000,10.76120000000000,19.75610000000000,30.36940000000000,30.3852,17932.7207,22.8576,3.1015,19.7561,22.6743,10.7966,5.9456,4.8510,-0.4217,17932.7207,NA,NA,NA
BioshockHD.exe,18704,0xB251BA8,DXGI,0,0,1,Hardware Composed: Independent Flip,17958.9134,NA,23.09120000000000,22.93900000000000,7.40640000000000,30.18150000000000,30.2330,17955.5783,10.7415,3.3351,7.4064,10.6133,22.9033,5.2645,17.6388,-0.0814,17955.5783,NA,31.0051,NA
BioshockHD.exe,18704,0xB251BA8,DXGI,0,0,1,Hardware Composed: Independent Flip,17969.5706,NA,10.65720000000000,10.42250000000000,19.67890000000000,29.95200000000000,29.9983,17966.3198,22.9297,3.2508,19.6789,22.7751,10.4277,5.8470,4.5807,0.3190,17966.3198,NA,33.4330,NA
BioshockHD.exe,18704,0xB251BA8,DXGI,0,0,1,Hardware Composed: Independent Flip,17992.9497,NA,23.37910000000000,23.31270000000000,6.70780000000000,29.88290000000000,29.9319,17989.2495,10.4080,3.7002,6.7078,10.2731,23.3100,5.7249,17.5851,-0.3830,17989.2495,NA,35.7514,NA
BioshockHD.exe,18704,0xB251BA8,DXGI,0,0,1,Hardware Composed: Independent Flip,18003.2825,NA,10.33280000000000,10.42170000000000,19.69750000000000,29.97040000000000,30.0208,17999.6575,23.3225,3.6250,19.6975,23.1751,10.4203,5.7707,4.6496,-0.0137,17999.6575,NA,35.1297,NA
BioshockHD.exe,18704,0xB251BA8,DXGI,0,0,1,Hardware Composed: Independent Flip,18026.1107,NA,22.82820000000000,23.28690000000000,7.28790000000000,30.42690000000000,30.4795,18022.9800,10.4186,3.1307,7.2879,10.2729,23.2847,5.8026,17.4821,0.0356,18022.9800,NA,33.4332,NA
BioshockHD.exe,18704,0xB251BA8,DXGI,0,0,1,Hardware Composed: Independent Flip,18036.4181,NA,10.30740000000000,10.48250000000000,20.26720000000000,30.61620000000000,30.6546,18033.3986,23.2867,3.0195,20.2672,23.1390,10.4967,5.8562,4.6405,-0.0639,18033.3986,NA,32.9128,NA
BioshockHD.exe,18704,0xB251BA8,DXGI,0,0,1,Hardware Composed: Independent Flip,18059.7301,NA,23.31200000000000,23.27640000000000,7.44780000000000,30.56980000000000,30.6190,18056.6853,10.4926,3.0448,7.4478,10.3490,23.2656,5.7814,17.4842,0.0103,18056.6853,NA,33.2216,NA
BioshockHD.exe,18704,0xB251BA8,DXGI,0,0,1,Hardware Composed: Independent Flip,18070.5303,NA,10.80020000000000,10.33540000000000,19.95810000000000,30.11620000000000,30.1542,18067.1779,23.3105,3.3524,19.9581,23.1220,10.3466,5.7566,4.5900,0.1572,18067.1779,NA,31.5496,NA
BioshockHD.exe,18704,0xB251BA8,DXGI,0,0,1,Hardware Composed: Independent Flip,18093.8250,NA,23.29470000000000,23.11250000000000,6.96450000000000,29.95940000000000,29.9720,18090.4884,10.3011,3.3366,6.9645,10.1581,23.1379,5.8340,17.3039,0.1980,18090.4884,NA,44.6681,NA
BioshockHD.exe,18704,0xB251BA8,DXGI,0,0,1,Hardware Composed: Independent Flip,18103.8839,NA,10.05890000000000,10.32640000000000,20.05030000000000,30.18560000000000,30.2395,18100.7895,23.1447,3.0944,20.0503,22.9949,10.2851,5.7251,4.5600,-0.0253,18100.7895,NA,30.9878,NA
BioshockHD.exe,18704,0xB251BA8,DXGI,0,0,1,Hardware Composed: Independent Flip,18127.8365,NA,23.95260000000000,22.89230000000000,6.37690000000000,29.13070000000000,29.1792,18123.9342,10.2792,3.9023,6.3769,10.1353,22.8977,5.3432,17.5545,0.2524,18123.9342,NA,34.8535,NA
BioshockHD.exe,18704,0xB251BA8,DXGI,0,0,1,Hardware Composed: Independent Flip,18137.6343,NA,9.79780000000000,10.45660000000000,19.48080000000000,29.79970000000000,29.8380,18134.2134,22.9017,3.4209,19.4808,22.7538,10.4668,5.8322,4.6346,-0.1774,18134.2134,NA,34.3117,NA
BioshockHD.exe,18704,0xB251BA8,DXGI,0,0,1,Hardware Composed: Independent Flip,18160.2965,NA,22.66220000000000,23.34650000000000,7.27410000000000,30.46970000000000,30.5223,18157.1151,10.4555,3.1814,7.2741,10.3189,23.3322,5.7888,17.5434,-0.4448,18157.1151,NA,32.6856,NA
BioshockHD.exe,18704,0xB251BA8,DXGI,0,0,1,Hardware Composed: Independent Flip,18170.8253,NA,10.52880000000000,10.36240000000000,20.09750000000000,30.30660000000000,30.3559,18167.5706,23.3522,3.2547,20.0975,23.1956,10.3657,5.7601,4.6056,0.0931,18167.5706,NA,35.0529,NA
BioshockHD.exe,18704,0xB251BA8,DXGI,0,0,1,Hardware Composed: Independent Flip,18194.0236,NA,23.19830000000000,23.30490000000000,7.25760000000000,30.42470000000000,30.4625,18190.9228,10.3584,3.1008,7.2576,10.2091,23.3164,5.7969,17.5195,0.0473,18190.9228,NA,32.3514,NA
BioshockHD.exe,18704,0xB251BA8,DXGI,0,0,1,Hardware Composed: Independent Flip,18204.5817,NA,10.55810000000000,10.58220000000000,20.05510000000000,30.43670000000000,30.4866,18201.2812,23.3556,3.3005,20.0551,23.1671,10.5701,5.7611,4.8090,-0.2238,18201.2812,NA,NA,NA
BioshockHD.exe,18704,0xB251BA8,DXGI,0,0,1,Hardware Composed: Independent Flip,18228.1825,NA,23.60080000000000,23.38460000000000,6.97980000000000,30.22030000000000,30.2704,18224.6368,10.5255,3.5457,6.9798,10.3816,23.3844,5.7998,17.5846,-0.0290,18224.6368,NA,53.3201,NA
BioshockHD.exe,18704,0xB251BA8,DXGI,0,0,1,Hardware Composed: Independent Flip,18238.4813,NA,10.29880000000000,10.53170000000000,20.10870000000000,30.40170000000000,30.5033,18235.1623,23.4277,3.3190,20.1087,23.2405,10.4802,5.8322,4.6480,-0.0062,18235.1623,NA,38.8190,NA
BioshockHD.exe,18704,0xB251BA8,DXGI,0,0,1,Hardware Composed: Independent Flip,18262.2010,NA,23.71970000000000,23.29410000000000,6.88050000000000,30.02060000000000,30.0777,18258.5900,10.4915,3.6110,6.8805,10.2930,23.3386,5.7738,17.5648,0.1336,18258.5900,NA,NA,NA
BioshockHD.exe,18704,0xB251BA8,DXGI,0,0,1,Hardware Composed: Independent Flip,18272.2423,NA,10.04130000000000,9.95160000000000,20.13860000000000,29.94780000000000,29.9880,18269.0815,23.2994,3.1608,20.1386,23.1401,9.9685,5.3266,4.6419,0.5399,18269.0815,NA,33.0791,NA
BioshockHD.exe,18704,0xB251BA8,DXGI,0,0,1,Hardware Composed: Independent Flip,18295.6817,NA,23.43940000000000,23.35340000000000,6.64670000000000,29.86330000000000,29.9020,18292.3809,9.9475,3.3008,6.6467,9.8092,23.3549,6.1610,17.1939,-0.0540,18292.3809,NA,NA,NA
BioshockHD.exe,18704,0xB251BA8,DXGI,0,0,1,Hardware Composed: Independent Flip,18305.4574,NA,9.77570000000000,9.88110000000000,20.48120000000000,29.95730000000000,30.0074,18302.3284,23.6102,3.1290,20.4812,23.2166,9.8697,5.2944,4.5753,0.0664,18302.3284,NA,37.3150,NA
BioshockHD.exe,18704,0xB251BA8,DXGI,0,0,1,Hardware Composed: Independent Flip,18329.9703,NA,24.51290000000000,22.83490000000000,5.58910000000000,28.27780000000000,28.3294,18325.9386,9.6208,4.0317,5.5891,9.4761,22.8334,5.7955,17.0379,0.7753,18325.9386,NA,30.1625,NA
BioshockHD.exe,18704,0xB251BA8,DXGI,0,0,1,Hardware Composed: Independent Flip,18338.6421,NA,8.67180000000000,10.51750000000000,19.81180000000000,30.13960000000000,30.1751,18335.5594,22.8945,3.0827,19.8118,22.6887,10.5336,5.8347,4.6989,-0.8967,18335.5594,NA,35.6893,NA
BioshockHD.exe,18704,0xB251BA8,DXGI,0,0,1,Hardware Composed: Independent Flip,18361.9908,NA,23.34870000000000,23.38930000000000,6.96370000000000,30.16560000000000,30.2157,18358.4539,10.5006,3.5369,6.9637,10.3278,23.3747,5.8104,17.5643,-0.4948,18358.4539,NA,47.0725,NA
BioshockHD.exe,18704,0xB251BA8,DXGI,0,0,1,Hardware Composed: Independent Flip,18372.3693,NA,10.37850000000000,10.30190000000000,19.96770000000000,30.08090000000000,30.1391,18368.9545,23.3825,3.4148,19.9677,23.2019,10.2938,5.6927,4.6011,0.1987,18368.9545,NA,30.3710,NA
BioshockHD.exe,18704,0xB251BA8,DXGI,0,0,1,Hardware Composed: Independent Flip,18395.8401,NA,23.47080000000000,22.84240000000000,6.79940000000000,29.46240000000000,29.5107,18392.3370,10.3025,3.5031,6.7994,10.1132,22.8523,5.3097,17.5426,0.5401,18392.3370,NA,NA,NA
BioshockHD.exe,18704,0xB251BA8,DXGI,0,0,1,Hardware Composed: Independent Flip,18406.1101,NA,10.27000000000000,10.28020000000000,19.33150000000000,29.47240000000000,29.5209,18402.6395,22.8021,3.4706,19.3315,22.6630,10.2800,5.7198,4.5602,0.0223,18402.6395,NA,33.5046,NA
BioshockHD.exe,18704,0xB251BA8,DXGI,0,0,1,Hardware Composed: Independent Flip,18428.9687,NA,22.85860000000000,23.33110000000000,6.75190000000000,29.93390000000000,29.9934,18425.4416,10.2790,3.5271,6.7519,10.1409,23.3201,5.7906,17.5295,-0.5290,18425.4416,NA,30.8249,NA
BioshockHD.exe,18704,0xB251BA8,DXGI,0,0,1,Hardware Composed: Independent Flip,18439.1188,NA,10.15010000000000,10.48180000000000,19.94190000000000,30.27210000000000,30.3251,18435.7206,23.3401,3.3982,19.9419,23.1820,10.4883,5.8250,4.6633,-0.2028,18435.7206,NA,35.3136,NA
BioshockHD.exe,18704,0xB251BA8,DXGI,0,0,1,Hardware Composed: Independent Flip,18462.5313,NA,23.41250000000000,23.24920000000000,7.00410000000000,30.10340000000000,30.1618,18459.0607,10.4747,3.4706,7.0041,10.3302,23.2438,5.7871,17.4567,0.0909,18459.0607,NA,38.5678,NA
BioshockHD.exe,18704,0xB251BA8,DXGI,0,0,1,Hardware Composed: Independent Flip,18472.6804,NA,10.14910000000000,10.48900000000000,20.15770000000000,30.46440000000000,30.5017,18469.5354,23.3027,3.1450,20.1577,23.0993,10.5101,5.8499,4.6602,-0.0143,18469.5354,NA,31.0440,NA
BioshockHD.exe,18704,0xB251BA8,DXGI,0,0,1,Hardware Composed: Independent Flip,18496.1339,NA,23.45350000000000,22.77730000000000,7.15160000000000,29.76280000000000,29.8255,18492.8381,10.4474,3.2958,7.1516,10.3067,22.7519,5.2643,17.4876,0.5254,18492.8381,NA,40.8311,NA
BioshockHD.exe,18704,0xB251BA8,DXGI,0,0,1,Hardware Composed: Independent Flip,18506.5866,NA,10.45270000000000,10.24640000000000,19.46640000000000,29.58110000000000,29.6192,18503.2855,22.7675,3.3011,19.4664,22.6112,10.2710,5.7414,4.5296,0.2010,18503.2855,NA,39.0789,NA
BioshockHD.exe,18704,0xB251BA8,DXGI,0,0,1,Hardware Composed: Independent Flip,18529.5238,NA,22.93720000000000,23.36740000000000,6.77580000000000,30.01200000000000,30.0494,18526.0530,10.2466,3.4708,6.7758,10.1147,23.3681,5.8059,17.5622,-0.5999,18526.0530,NA,32.4422,NA
BioshockHD.exe,18704,0xB251BA8,DXGI,0,0,1,Hardware Composed: Independent Flip,18539.5686,NA,10.04480000000000,10.48970000000000,20.15500000000000,30.44490000000000,30.4943,18536.2996,23.4240,3.2690,20.1550,23.2362,10.4777,5.8089,4.6688,-0.2431,18536.2996,NA,34.9389,NA
BioshockHD.exe,18704,0xB251BA8,DXGI,0,0,1,Hardware Composed: Independent Flip,18563.1421,NA,23.57350000000000,23.48090000000000,7.04460000000000,30.36060000000000,30.4017,18559.7236,10.4631,3.4185,7.0446,10.2899,23.4892,5.7847,17.7045,-0.0569,18559.7236,NA,31.4057,NA
BioshockHD.exe,18704,0xB251BA8,DXGI,0,0,1,Hardware Composed: Independent Flip,18573.6891,NA,10.54700000000000,10.42110000000000,19.97730000000000,30.22650000000000,30.2758,18570.1867,23.4797,3.5024,19.9773,23.3160,10.4129,5.7987,4.6142,0.0420,18570.1867,NA,34.8391,NA
BioshockHD.exe,18704,0xB251BA8,DXGI,0,0,1,Hardware Composed: Independent Flip,18596.9174,NA,23.22830000000000,23.23670000000000,7.13510000000000,30.26740000000000,30.2842,18593.6664,10.3861,3.2510,7.1351,10.2492,23.2692,5.8571,17.4121,0.2430,18593.6664,NA,38.0761,NA
BioshockHD.exe,18704,0xB251BA8,DXGI,0,0,1,Hardware Composed: Independent Flip,18607.5946,NA,10.67720000000000,10.33470000000000,19.70540000000000,29.92930000000000,29.9417,18604.0525,23.2475,3.5421,19.7054,23.1323,10.3391,5.7451,4.5940,0.0514,18604.0525,NA,32.4015,NA
BioshockHD.exe,18704,0xB251BA8,DXGI,0,0,1,Hardware Composed: Independent Flip,18630.6725,NA,23.07790000000000,23.38510000000000,6.96550000000000,30.19090000000000,30.2489,18627.3000,10.3380,3.3725,6.9655,10.2239,23.3395,5.7604,17.5791,-0.1376,18627.3000,NA,32.7855,NA
BioshockHD.exe,18704,0xB251BA8,DXGI,0,0,1,Hardware Composed: Independent Flip,18640.9866,NA,10.31410000000000,10.63030000000000,20.05230000000000,30.50550000000000,30.5651,18637.6380,23.4009,3.3486,20.0523,23.2254,10.6287,5.7825,4.8462,-0.2923,18637.6380,NA,32.4096,NA
BioshockHD.exe,18704,0xB251BA8,DXGI,0,0,1,Hardware Composed: Independent Flip,18664.3431,NA,23.35650000000000,23.00630000000000,7.30740000000000,30.17680000000000,30.2149,18661.0389,10.6116,3.3042,7.3074,10.4532,23.0278,6.4421,16.5857,0.3946,18661.0389,NA,30.4281,NA
BioshockHD.exe,18704,0xB251BA8,DXGI,0,0,1,Hardware Composed: Independent Flip,18674.8468,NA,10.50370000000000,10.41210000000000,19.82250000000000,30.08700000000000,30.1233,18671.6505,23.0188,3.1963,19.8225,22.8694,10.4139,5.8315,4.5824,0.1995,18671.6505,NA,31.8385,NA
BioshockHD.exe,18704,0xB251BA8,DXGI,0,0,1,Hardware Composed: Independent Flip,18698.3483,NA,23.50150000000000,23.15670000000000,6.71620000000000,29.69850000000000,29.7785,18694.6693,10.3952,3.6790,6.7162,10.2645,23.1130,5.7785,17.3345,-0.1379,18694.6693,NA,31.9939,NA
BioshockHD.exe,18704,0xB251BA8,DXGI,0,0,1,Hardware Composed: Independent Flip,18709.9929,NA,11.64460000000000,10.75070000000000,18.33650000000000,28.79350000000000,28.8846,18705.0645,23.2649,4.9284,18.3365,22.9823,10.7396,6.2095,4.5301,-0.3555,18705.0645,NA,32.7436,NA
BioshockHD.exe,18704,0xB251BA8,DXGI,0,0,1,Hardware Composed: Independent Flip,18733.3634,NA,23.37050000000000,23.60620000000000,5.60570000000000,29.05230000000000,29.1203,18728.3294,10.6397,5.0340,5.6057,10.4570,23.6293,6.3178,17.3115,-0.3413,18728.3294,NA,33.3525,NA
BioshockHD.exe,18704,0xB251BA8,DXGI,0,0,1,Hardware Composed: Independent Flip,18743.2901,NA,9.92670000000000,10.83490000000000,19.30420000000000,29.93160000000000,30.0285,18738.9691,23.6252,4.3210,19.3042,23.4466,10.8060,6.7041,4.1019,-0.1952,18738.9691,NA,33.1863,NA
BioshockHD.exe,18704,0xB251BA8,DXGI,0,0,1,Hardware Composed: Independent Flip,18767.1696,NA,23.87950000000000,23.48180000000000,6.24820000000000,29.55540000000000,29.6308,18762.5943,10.8235,4.5753,6.2482,10.6274,23.5033,6.0397,17.4636,0.1434,18762.5943,NA,35.6660,NA
BioshockHD.exe,18704,0xB251BA8,DXGI,0,0,1,Hardware Composed: Independent Flip,18777.8151,NA,10.64550000000000,10.75870000000000,19.12050000000000,29.68590000000000,29.7440,18773.4178,23.5178,4.3973,19.1205,23.3072,10.7760,6.1412,4.6348,0.0648,18773.4178,NA,35.4294,NA
BioshockHD.exe,18704,0xB251BA8,DXGI,0,0,1,Hardware Composed: Independent Flip,18801.1719,NA,23.35680000000000,24.27510000000000,6.51760000000000,30.58260000000000,30.6623,18796.9356,10.7539,4.2363,6.5176,10.5654,24.2535,6.3809,17.8726,-0.7573,18796.9356,NA,36.7028,NA
BioshockHD.exe,18704,0xB251BA8,DXGI,0,0,1,Hardware Composed: Independent Flip,18811.9127,NA,10.74080000000000,10.58110000000000,20.02800000000000,30.41090000000000,30.5026,18807.6895,24.2512,4.2232,20.0280,24.0650,10.5691,5.9887,4.5804,0.1728,18807.6895,NA,37.2662,NA
BioshockHD.exe,18704,0xB251BA8,DXGI,0,0,1,Hardware Composed: Independent Flip,18836.0659,NA,24.15320000000000,23.64490000000000,6.45110000000000,29.91250000000000,29.9943,18831.9407,10.5763,4.1252,6.4511,10.3829,23.6548,5.9918,17.6630,0.6063,18831.9407,NA,33.9252,NA
BioshockHD.exe,18704,0xB251BA8,DXGI,0,0,1,Hardware Composed: Independent Flip,18846.7634,NA,10.69750000000000,10.64100000000000,19.40840000000000,29.86480000000000,29.9378,18842.5170,23.6548,4.2464,19.4084,23.4614,10.6498,6.0440,4.6058,-0.0647,18842.5170,NA,35.5664,NA
BioshockHD.exe,18704,0xB251BA8,DXGI,0,0,1,Hardware Composed: Independent Flip,18870.3388,NA,23.57540000000000,23.71420000000000,6.46030000000000,30.00740000000000,30.0766,18866.1718,10.6273,4.1670,6.4603,10.4564,23.7180,5.9920,17.7260,-0.0594,18866.1718,NA,32.2749,NA
BioshockHD.exe,18704,0xB251BA8,DXGI,0,0,1,Hardware Composed: Independent Flip,18881.1323,NA,10.79350000000000,10.70260000000000,19.42550000000000,29.86410000000000,29.9857,18876.7991,23.7587,4.3332,19.4255,23.5471,10.6502,6.0730,4.5772,-0.0753,18876.7991,NA,34.9504,NA
BioshockHD.exe,18704,0xB251BA8,DXGI,0,0,1,Hardware Composed: Independent Flip,18905.0218,NA,23.88950000000000,23.50220000000000,6.22330000000000,29.52310000000000,29.5984,18900.5578,10.6873,4.4640,6.2233,10.4386,23.5485,6.0540,17.4945,0.2565,18900.5578,NA,32.4860,NA
BioshockHD.exe,18704,0xB251BA8,DXGI,0,0,1,Hardware Composed: Independent Flip,18915.5668,NA,10.54500000000000,10.66940000000000,19.16110000000000,29.63440000000000,29.7228,18911.2451,23.4828,4.3217,19.1611,23.2998,10.6563,6.0280,4.6283,0.0179,18911.2451,NA,NA,NA
BioshockHD.exe,18704,0xB251BA8,DXGI,0,0,1,Hardware Composed: Independent Flip,18938.6337,NA,23.06690000000000,22.79570000000000,6.79200000000000,29.37000000000000,29.4516,18934.7279,10.6978,3.9058,6.7920,10.4733,22.8025,6.0492,16.7533,0.6871,18934.7279,NA,32.9604,NA
BioshockHD.exe,18704,0xB251BA8,DXGI,0,0,1,Hardware Composed: Independent Flip,18949.4290,NA,10.79530000000000,10.57800000000000,18.85080000000000,29.15930000000000,29.2343,18945.4257,22.8541,4.0033,18.8508,22.5780,10.5846,5.9886,4.5960,0.1198,18945.4257,NA,29.5247,NA
BioshockHD.exe,18704,0xB251BA8,DXGI,0,0,1,Hardware Composed: Independent Flip,18972.6224,NA,23.19340000000000,23.52390000000000,6.14980000000000,29.49090000000000,29.5648,18968.2798,10.4924,4.3426,6.1498,10.3085,23.5250,6.0263,17.4987,-0.6698,18968.2798,NA,39.0525,NA
BioshockHD.exe,18704,0xB251BA8,DXGI,0,0,1,Hardware Composed: Independent Flip,18983.1273,NA,10.50490000000000,10.60450000000000,19.16270000000000,29.58370000000000,29.6644,18978.7722,23.5178,4.3551,19.1627,23.3411,10.5977,6.0126,4.5851,-0.1121,18978.7722,NA,38.6584,NA
BioshockHD.exe,18704,0xB251BA8,DXGI,0,0,1,Hardware Composed: Independent Flip,19007.0889,NA,23.96160000000000,23.76270000000000,5.79940000000000,29.39490000000000,29.4655,19002.2900,10.5983,4.7989,5.7994,10.4210,23.7728,6.6783,17.0945,-0.2449,19002.2900,NA,30.4174,NA
BioshockHD.exe,18704,0xB251BA8,DXGI,0,0,1,Hardware Composed: Independent Flip,19016.8272,NA,9.73830000000000,10.72420000000000,19.82940000000000,30.37540000000000,30.4514,19012.8883,23.7683,3.9389,19.8294,23.5955,10.7188,6.0852,4.6336,-0.1259,19012.8883,NA,32.1458,NA
BioshockHD.exe,18704,0xB251BA8,DXGI,0,0,1,Hardware Composed: Independent Flip,19040.7237,NA,23.89650000000000,23.47560000000000,6.64590000000000,29.96190000000000,30.0305,19036.6566,10.7130,4.0671,6.6459,10.5460,23.4830,6.0393,17.4437,0.2927,19036.6566,NA,32.6220,NA
BioshockHD.exe,18704,0xB251BA8,DXGI,0,0,1,Hardware Composed: Independent Flip,19051.5408,NA,10.81710000000000,10.61130000000000,19.32560000000000,29.73670000000000,29.8247,19047.3696,23.4968,4.1712,19.3256,23.3160,10.5919,6.0084,4.5835,0.1017,19047.3696,NA,31.2383,NA
BioshockHD.exe,18704,0xB251BA8,DXGI,0,0,1,Hardware Composed: Independent Flip,19075.2977,NA,23.75690000000000,23.42290000000000,6.16160000000000,29.41250000000000,29.4907,19070.8664,10.5929,4.4313,6.1616,10.4111,23.4327,6.0954,17.3373,0.0739,19070.8664,NA,29.6531,NA
BioshockHD.exe,18704,0xB251BA8,DXGI,0,0,1,Hardware Composed: Independent Flip,19085.6736,NA,10.37590000000000,10.78300000000000,19.21780000000000,29.81780000000000,29.8978,19081.4593,23.4321,4.2143,19.2178,23.2509,10.7812,6.2077,4.5735,-0.1901,19081.4593,NA,33.4388,NA
BioshockHD.exe,18704,0xB251BA8,DXGI,0,0,1,Hardware Composed: Independent Flip,19109.3150,NA,23.64140000000000,23.37200000000000,6.35040000000000,29.54650000000000,29.6284,19104.8914,10.7740,4.4236,6.3504,10.6000,23.3701,5.9962,17.3739,0.0601,19104.8914,NA,30.8078,NA
BioshockHD.exe,18704,0xB251BA8,DXGI,0,0,1,Hardware Composed: Independent Flip,19119.6840,NA,10.36900000000000,10.90540000000000,19.35960000000000,30.08110000000000,30.1648,19115.6654,23.3782,4.0186,19.3596,23.1961,10.9036,6.6977,4.2059,-0.1314,19115.6654,NA,30.7108,NA
BioshockHD.exe,18704,0xB251BA8,DXGI,0,0,1,Hardware Composed: Independent Flip,19143.0904,NA,23.40640000000000,23.33810000000000,6.85040000000000,30.02100000000000,30.0965,19139.0436,10.8972,4.0468,6.8504,10.7215,23.3463,6.0056,17.3407,0.0401,19139.0436,NA,34.0306,NA
BioshockHD.exe,18704,0xB251BA8,DXGI,0,0,1,Hardware Composed: Independent Flip,19154.4152,NA,11.32480000000000,10.81830000000000,18.88170000000000,29.49790000000000,29.5900,19149.9408,23.3561,4.4744,18.8817,23.1706,10.8017,6.6438,4.1579,0.0789,19149.9408,NA,30.8343,NA
BioshockHD.exe,18704,0xB251BA8,DXGI,0,0,1,Hardware Composed: Independent Flip,19177.5062,NA,23.09100000000000,23.42070000000000,6.62200000000000,29.85480000000000,29.9197,19173.2969,10.8313,4.2093,6.6220,10.6162,23.4479,6.0060,17.4419,-0.0646,19173.2969,NA,32.2960,NA
BioshockHD.exe,18704,0xB251BA8,DXGI,0,0,1,Hardware Composed: Independent Flip,19188.1491,NA,10.64290000000000,10.53350000000000,19.42070000000000,29.73410000000000,29.8103,19184.1282,23.4416,4.0209,19.4207,23.2328,10.5222,5.9711,4.5511,0.2978,19184.1282,NA,34.8077,NA
BioshockHD.exe,18704,0xB251BA8,DXGI,0,0,1,Hardware Composed: Independent Flip,19211.8495,NA,23.70040000000000,23.50830000000000,6.20310000000000,29.55750000000000,29.6182,19207.5698,10.4828,4.2797,6.2031,10.3134,23.5238,6.1108,17.4130,-0.0667,19207.5698,NA,53.3059,NA
BioshockHD.exe,18704,0xB251BA8,DXGI,0,0,1,Hardware Composed: Independent Flip,19222.5592,NA,10.70970000000000,10.60670000000000,19.09890000000000,29.43310000000000,29.5152,19218.0526,23.6055,4.5066,19.0989,23.3544,10.5853,5.9805,4.6048,-0.1239,19218.0526,NA,34.9459,NA
BioshockHD.exe,18704,0xB251BA8,DXGI,0,0,1,Hardware Composed: Independent Flip,19245.5204,NA,22.96120000000000,23.55600000000000,6.65380000000000,30.03190000000000,30.1100,19241.6581,10.5161,3.8623,6.6538,10.3342,23.5600,6.0233,17.5367,0.0495,19241.6581,NA,41.4631,NA
BioshockHD.exe,18704,0xB251BA8,DXGI,0,0,1,Hardware Composed: Independent Flip,19256.3817,NA,10.86130000000000,10.73290000000000,19.43060000000000,29.89610000000000,29.9816,19252.1742,23.6381,4.2075,19.4306,23.3781,10.7255,6.0546,4.6709,-0.2168,19252.1742,NA,NA,NA
BioshockHD.exe,18704,0xB251BA8,DXGI,0,0,1,Hardware Composed: Independent Flip,19280.1617,NA,23.78000000000000,22.93320000000000,6.32570000000000,29.06000000000000,29.1348,19275.8123,10.6751,4.3494,6.3257,10.4655,22.9439,5.5712,17.3727,0.7049,19275.8123,NA,NA,NA
BioshockHD.exe,18704,0xB251BA8,DXGI,0,0,1,Hardware Composed: Independent Flip,19290.5757,NA,10.41400000000000,10.90350000000000,18.90580000000000,29.53840000000000,29.6243,19286.4874,22.9941,4.0883,18.9058,22.7343,10.8924,5.9943,4.8981,-0.2284,19286.4874,NA,NA,NA
BioshockHD.exe,18704,0xB251BA8,DXGI,0,0,1,Hardware Composed: Independent Flip,19313.9164,NA,23.34070000000000,22.61000000000000,6.37710000000000,28.81860000000000,28.8936,19309.4815,10.8120,4.4349,6.3771,10.6326,22.6209,5.5365,17.0844,0.3841,19309.4815,NA,29.6797,NA
BioshockHD.exe,18704,0xB251BA8,DXGI,0,0,1,Hardware Composed: Independent Flip,19324.3260,NA,10.40960000000000,10.61240000000000,18.59390000000000,29.02260000000000,29.0964,19320.2935,22.6264,4.0325,18.5939,22.4415,10.6136,6.0946,4.5190,0.1996,19320.2935,NA,30.2831,NA
BioshockHD.exe,18704,0xB251BA8,DXGI,0,0,1,Hardware Composed: Independent Flip,19347.4630,NA,23.13700000000000,23.55280000000000,6.05360000000000,29.46510000000000,29.5122,19342.9199,10.5967,4.5431,6.0536,10.4287,23.5795,6.0832,17.4963,-0.9264,19342.9199,NA,30.8438,NA
BioshockHD.exe,18704,0xB251BA8,DXGI,0,0,1,Hardware Composed: Independent Flip,19357.4697,NA,10.00670000000000,10.87170000000000,19.62630000000000,30.28570000000000,30.3772,19353.5166,23.5794,3.9531,19.6263,23.4115,10.8273,6.1653,4.6620,-0.2750,19353.5166,NA,30.7147,NA
BioshockHD.exe,18704,0xB251BA8,DXGI,0,0,1,Hardware Composed: Independent Flip,19381.2971,NA,23.82740000000000,23.21320000000000,6.64220000000000,29.69290000000000,29.7630,19377.0960,10.8433,4.2011,6.6422,10.6594,23.2346,6.0328,17.2018,0.3662,19377.0960,NA,31.9292,NA
BioshockHD.exe,18704,0xB251BA8,DXGI,0,0,1,Hardware Composed: Independent Flip,19392.4251,NA,11.12800000000000,10.60980000000000,18.74060000000000,29.16940000000000,29.2448,19387.9393,23.2264,4.4858,18.7406,23.0507,10.6045,5.9867,4.6178,0.2335,19387.9393,NA,30.5374,NA
BioshockHD.exe,18704,0xB251BA8,DXGI,0,0,1,Hardware Composed: Independent Flip,19414.9703,NA,22.54520000000000,23.34950000000000,6.81210000000000,29.97300000000000,30.0491,19411.1657,10.6167,3.8046,6.8121,10.4288,23.3488,5.9725,17.3763,-0.1231,19411.1657,NA,31.8916,NA
BioshockHD.exe,18704,0xB251BA8,DXGI,0,0,1,Hardware Composed: Independent Flip,19425.9479,NA,10.97760000000000,10.79160000000000,19.17510000000000,29.76130000000000,29.8631,19421.7824,23.3406,4.1655,19.1751,23.1609,10.7659,6.2144,4.5515,-0.1749,19421.7824,NA,30.6807,NA
BioshockHD.exe,18704,0xB251BA8,DXGI,0,0,1,Hardware Composed: Independent Flip,19449.4648,NA,23.51690000000000,23.39510000000000,6.48420000000000,29.66520000000000,29.7413,19445.1230,10.8260,4.3418,6.4842,10.5862,23.4208,6.0075,17.4133,-0.0545,19445.1230,NA,31.0725,NA
BioshockHD.exe,18704,0xB251BA8,DXGI,0,0,1,Hardware Composed: Independent Flip,19460.1951,NA,10.73030000000000,10.67610000000000,19.14600000000000,29.63470000000000,29.6871,19455.9490,23.3921,4.2461,19.1460,23.1810,10.6998,6.0795,4.6203,0.1499,19455.9490,NA,31.7564,NA
BioshockHD.exe,18704,0xB251BA8,DXGI,0,0,1,Hardware Composed: Independent Flip,19483.5656,NA,23.37050000000000,23.40440000000000,6.40880000000000,29.65360000000000,29.7210,19479.3411,10.6333,4.2245,6.4088,10.4887,23.3894,5.9850,17.4044,-0.0123,19479.3411,NA,37.1245,NA
BioshockHD.exe,18704,0xB251BA8,DXGI,0,0,1,Hardware Composed: Independent Flip,19494.1124,NA,10.54680000000000,10.64940000000000,19.27230000000000,29.73490000000000,29.8236,19489.9744,23.4103,4.1380,19.2723,23.2448,10.6281,6.0094,4.6187,-0.0161,19489.9744,NA,37.8089,NA
BioshockHD.exe,18704,0xB251BA8,DXGI,0,0,1,Hardware Composed: Independent Flip,19517.4926,NA,23.38020000000000,23.34490000000000,6.53940000000000,29.71610000000000,29.7883,19513.3847,10.6473,4.1079,6.5394,10.4626,23.3614,5.9954,17.3660,0.0654,19513.3847,NA,32.1475,NA
BioshockHD.exe,18704,0xB251BA8,DXGI,0,0,1,Hardware Composed: Independent Flip,19528.3006,NA,10.80800000000000,10.52040000000000,19.13040000000000,29.41120000000000,29.5007,19524.0320,23.3990,4.2686,19.1304,23.1767,10.5031,5.9496,4.5535,0.1269,19524.0320,NA,30.6699,NA
BioshockHD.exe,18704,0xB251BA8,DXGI,0,0,1,Hardware Composed: Independent Flip,19551.5869,NA,23.28630000000000,23.41490000000000,6.30530000000000,29.55400000000000,29.6293,19547.4310,10.4612,4.1559,6.3053,10.2808,23.4291,6.0026,17.4265,-0.0159,19547.4310,NA,30.0874,NA
BioshockHD.exe,18704,0xB251BA8,DXGI,0,0,1,Hardware Composed: Independent Flip,19562.0421,NA,10.45520000000000,10.60830000000000,19.28220000000000,29.70170000000000,29.7824,19557.8922,23.4321,4.1499,19.2822,23.2487,10.6029,5.9934,4.6095,-0.1471,19557.8922,NA,30.6916,NA
BioshockHD.exe,18704,0xB251BA8,DXGI,0,0,1,Hardware Composed: Independent Flip,19585.5842,NA,23.54210000000000,23.53990000000000,6.33370000000000,29.71880000000000,29.7802,19581.3243,10.5936,4.2599,6.3337,10.4195,23.5592,6.0535,17.5057,-0.1078,19581.3243,NA,30.2356,NA
BioshockHD.exe,18704,0xB251BA8,DXGI,0,0,1,Hardware Composed: Independent Flip,19595.8922,NA,10.30800000000000,10.75050000000000,19.56710000000000,30.13320000000000,30.2227,19591.9179,23.5414,3.9743,19.5671,23.3851,10.7224,6.0928,4.6296,-0.1569,19591.9179,NA,30.9813,NA
BioshockHD.exe,18704,0xB251BA8,DXGI,0,0,1,Hardware Composed: Independent Flip,19619.6316,NA,23.73940000000000,23.37870000000000,6.58100000000000,29.78230000000000,29.8620,19615.4593,10.7533,4.1723,6.5810,10.5661,23.3885,6.0069,17.3816,0.1627,19615.4593,NA,31.3650,NA
BioshockHD.exe,18704,0xB251BA8,DXGI,0,0,1,Hardware Composed: Independent Flip,19630.3158,NA,10.68420000000000,10.59280000000000,19.27660000000000,29.66610000000000,29.7706,19626.2126,23.3798,4.1032,19.2766,23.2013,10.5680,5.9903,4.5777,0.1605,19626.2126,NA,30.9563,NA
BioshockHD.exe,18704,0xB251BA8,DXGI,0,0,1,Hardware Composed: Independent Flip,19653.6240,NA,23.30820000000000,23.31640000000000,6.57530000000000,29.69660000000000,29.7788,19649.5924,10.6069,4.0316,6.5753,10.3895,23.3387,5.9907,17.3480,0.0634,19649.5924,NA,36.2815,NA
BioshockHD.exe,18704,0xB251BA8,DXGI,0,0,1,Hardware Composed: Independent Flip,19664.0687,NA,10.44470000000000,10.59630000000000,19.44420000000000,29.83840000000000,29.9304,19660.1993,23.3136,3.8694,19.4442,23.1213,10.5865,5.9862,4.6003,0.0106,19660.1993,NA,33.8690,NA
BioshockHD.exe,18704,0xB251BA8,DXGI,0,0,1,Hardware Composed: Independent Flip,19687.3600,NA,23.29130000000000,23.39900000000000,6.74100000000000,29.95160000000000,30.0381,19683.5129,10.5881,3.8471,6.7410,10.3942,23.4045,6.0333,17.3712,-0.0854,19683.5129,NA,37.2305,NA
BioshockHD.exe,18704,0xB251BA8,DXGI,0,0,1,Hardware Composed: Independent Flip,19697.8531,NA,10.49310000000000,10.69830000000000,19.72460000000000,30.16040000000000,30.2433,19694.1010,23.4767,3.7521,19.7246,23.2106,10.7019,6.0901,4.6118,-0.1102,19694.1010,NA,38.9674,NA
BioshockHD.exe,18704,0xB251BA8,DXGI,0,0,1,Hardware Composed: Independent Flip,19721.6574,NA,23.80430000000000,23.51840000000000,6.53030000000000,29.87650000000000,29.9574,19717.5777,10.6100,4.0797,6.5303,10.4358,23.5204,6.0046,17.5158,-0.0417,19717.5777,NA,31.4784,NA
BioshockHD.exe,18704,0xB251BA8,DXGI,0,0,1,Hardware Composed: Independent Flip,19732.3616,NA,10.70420000000000,10.60500000000000,19.36020000000000,29.76780000000000,29.8582,19728.1877,23.5341,4.1739,19.3602,23.3462,10.5955,6.0010,4.5945,0.0050,19728.1877,NA,30.0920,NA
BioshockHD.exe,18704,0xB251BA8,DXGI,0,0,1,Hardware Composed: Independent Flip,19755.5690,NA,23.20740000000000,23.41070000000000,6.84270000000000,29.98390000000000,30.0615,19751.7218,10.6899,3.8472,6.8427,10.4076,23.4235,6.0119,17.4116,0.1234,19751.7218,NA,31.4954,NA
BioshockHD.exe,18704,0xB251BA8,DXGI,0,0,1,Hardware Composed: Independent Flip,19766.5895,NA,11.02050000000000,10.24840000000000,19.15000000000000,29.22510000000000,29.2894,19762.4117,23.3278,4.1778,19.1500,23.1412,10.2617,5.7028,4.5589,0.4415,19762.4117,NA,30.7468,NA
BioshockHD.exe,18704,0xB251BA8,DXGI,0,0,1,Hardware Composed: Independent Flip,19789.5782,NA,22.98870000000000,23.24230000000000,6.39860000000000,29.40510000000000,29.5430,19785.7395,10.2373,3.8387,6.3986,10.0751,23.1687,5.6886,17.4801,0.0855,19785.7395,NA,38.9976,NA
BioshockHD.exe,18704,0xB251BA8,DXGI,0,0,1,Hardware Composed: Independent Flip,19799.8545,NA,10.27630000000000,11.10850000000000,19.45900000000000,30.29170000000000,30.3752,19795.9768,23.3367,3.8777,19.4590,23.0065,11.1629,5.7441,5.4188,-0.8712,19795.9768,NA,39.1003,NA
BioshockHD.exe,18704,0xB251BA8,DXGI,0,0,1,Hardware Composed: Independent Flip,19823.2877,NA,23.43320000000000,23.33450000000000,7.10460000000000,30.20920000000000,30.2765,19819.3135,11.0788,3.9742,7.1046,10.8327,23.3507,5.7177,17.6330,0.0022,19819.3135,NA,NA,NA
BioshockHD.exe,18704,0xB251BA8,DXGI,0,0,1,Hardware Composed: Independent Flip,19834.3363,NA,11.04860000000000,9.91120000000000,19.33080000000000,29.03470000000000,29.1391,19830.3923,23.2748,3.9440,19.3308,23.1046,9.8741,5.3048,4.5693,1.1676,19830.3923,NA,NA,NA
BioshockHD.exe,18704,0xB251BA8,DXGI,0,0,1,Hardware Composed: Independent Flip,19857.8199,NA,23.48360000000000,22.21480000000000,5.74800000000000,27.78820000000000,27.8703,19853.6671,9.9008,4.1528,5.7480,9.7039,22.2371,5.2741,16.9630,1.0600,19853.6671,NA,NA,NA
BioshockHD.exe,18704,0xB251BA8,DXGI,0,0,1,Hardware Composed: Independent Flip,19867.4769,NA,9.65700000000000,10.00900000000000,18.35290000000000,28.12070000000000,28.2223,19863.5679,22.2619,3.9090,18.3529,22.0402,9.9895,5.2436,4.7459,-0.1082,19863.5679,NA,NA,NA
BioshockHD.exe,18704,0xB251BA8,DXGI,0,0,1,Hardware Composed: Independent Flip,19890.1680,NA,22.69110000000000,22.41870000000000,5.62840000000000,27.86170000000000,27.9499,19885.8298,9.9666,4.3382,5.6284,9.7678,22.4321,5.2466,17.1855,-0.1568,19885.8298,NA,43.9842,NA
BioshockHD.exe,18704,0xB251BA8,DXGI,0,0,1,Hardware Composed: Independent Flip,19899.9444,NA,9.77640000000000,10.36830000000000,18.27940000000000,28.45290000000000,28.5418,19895.7964,22.4274,4.1480,18.2794,22.2333,10.3676,5.7433,4.6243,-0.4017,19895.7964,NA,NA,NA
BioshockHD.exe,18704,0xB251BA8,DXGI,0,0,1,Hardware Composed: Independent Flip,19922.0601,NA,22.11570000000000,22.68410000000000,6.52480000000000,29.02610000000000,29.1102,19918.2238,10.3611,3.8363,6.5248,10.1735,22.6889,5.2759,17.4130,-0.2567,19918.2238,NA,36.0421,NA
BioshockHD.exe,18704,0xB251BA8,DXGI,0,0,1,Hardware Composed: Independent Flip,19932.3660,NA,10.30590000000000,10.60600000000000,18.90470000000000,29.27170000000000,29.4103,19928.5849,22.6858,3.7811,18.9047,22.5013,10.5515,5.7206,4.8309,-0.2449,19928.5849,NA,NA,NA
BioshockHD.exe,18704,0xB251BA8,DXGI,0,0,1,Hardware Composed: Independent Flip,19955.3475,NA,22.98150000000000,22.56750000000000,6.55150000000000,28.92400000000000,28.9963,19951.2707,10.6283,4.0768,6.5515,10.3670,22.6338,5.2652,17.3686,0.1183,19951.2707,NA,34.2155,NA
BioshockHD.exe,18704,0xB251BA8,DXGI,0,0,1,Hardware Composed: Independent Flip,19965.7606,NA,10.41310000000000,10.21660000000000,18.69500000000000,28.72830000000000,28.7998,19961.8990,22.5566,3.8616,18.6950,22.3725,10.2174,5.6545,4.5629,0.4117,19961.8990,NA,30.4230,NA
BioshockHD.exe,18704,0xB251BA8,DXGI,0,0,1,Hardware Composed: Independent Flip,19988.5827,NA,22.82210000000000,22.74620000000000,6.07030000000000,28.63710000000000,28.7239,19984.4556,10.1974,4.1271,6.0703,10.0333,22.7309,5.7056,17.0253,-0.1896,19984.4556,NA,31.1758,NA
BioshockHD.exe,18704,0xB251BA8,DXGI,0,0,1,Hardware Composed: Independent Flip,19998.5253,NA,9.94260000000000,10.39040000000000,18.88270000000000,29.08180000000000,29.1717,19994.6530,22.7550,3.8723,18.8827,22.5668,10.3873,5.7570,4.6303,-0.1930,19994.6530,NA,30.5708,NA
BioshockHD.exe,18704,0xB251BA8,DXGI,0,0,1,Hardware Composed: Independent Flip,20021.7340,NA,23.20870000000000,23.19920000000000,6.05570000000000,29.07270000000000,29.1622,20017.4080,10.3817,4.3260,6.0557,10.1991,23.1996,5.7323,17.4673,-0.4442,20017.4080,NA,30.7681,NA
BioshockHD.exe,18704,0xB251BA8,DXGI,0,0,1,Hardware Composed: Independent Flip,20031.6899,NA,9.95590000000000,10.27200000000000,19.31260000000000,29.39200000000000,29.4783,20027.7897,23.2128,3.9002,19.3126,23.0170,10.2752,5.6785,4.5967,0.1097,20027.7897,NA,30.0405,NA
BioshockHD.exe,18704,0xB251BA8,DXGI,0,0,1,Hardware Composed: Independent Flip,20055.1098,NA,23.41990000000000,23.01840000000000,6.15100000000000,28.97710000000000,29.0768,20051.0025,10.2583,4.1073,6.1510,10.0794,23.0050,5.7248,17.2802,0.1944,20051.0025,NA,30.0556,NA
BioshockHD.exe,18704,0xB251BA8,DXGI,0,0,1,Hardware Composed: Independent Flip,20065.3784,NA,10.26860000000000,10.24290000000000,18.90740000000000,28.97610000000000,29.0511,20061.2608,23.0250,4.1176,18.9074,22.8261,10.2676,5.6915,4.5761,0.0154,20061.2608,NA,31.3077,NA
BioshockHD.exe,18704,0xB251BA8,DXGI,0,0,1,Hardware Composed: Independent Flip,20088.1826,NA,22.80420000000000,23.26150000000000,6.33770000000000,29.42390000000000,29.5084,20084.2858,10.2345,3.8968,6.3377,10.0687,23.2520,5.7843,17.4677,-0.2365,20084.2858,NA,31.5628,NA
BioshockHD.exe,18704,0xB251BA8,DXGI,0,0,1,Hardware Composed: Independent Flip,20098.6451,NA,10.46250000000000,10.45680000000000,19.15700000000000,29.38280000000000,29.5027,20094.5203,23.2818,4.1248,19.1570,23.0862,10.4214,5.7736,4.6478,-0.2223,20094.5203,NA,33.0222,NA
BioshockHD.exe,18704,0xB251BA8,DXGI,0,0,1,Hardware Composed: Independent Flip,20121.8585,NA,23.21340000000000,23.08990000000000,6.38780000000000,29.28390000000000,29.3792,20117.8021,10.4442,4.0564,6.3878,10.2258,23.1145,5.7394,17.3751,0.1919,20117.8021,NA,36.0993,NA
BioshockHD.exe,18704,0xB251BA8,DXGI,0,0,1,Hardware Composed: Independent Flip,20132.6429,NA,10.78440000000000,10.36030000000000,18.70290000000000,28.87030000000000,28.9551,20128.2463,23.0995,4.3966,18.7029,22.8961,10.3708,5.7670,4.6038,0.0839,20128.2463,NA,35.4609,NA
BioshockHD.exe,18704,0xB251BA8,DXGI,0,0,1,Hardware Composed: Independent Flip,20155.3742,NA,22.73130000000000,23.07610000000000,6.39510000000000,29.21710000000000,29.2999,20151.3458,10.4235,4.0284,6.3951,10.1674,23.0781,5.7260,17.3521,0.0234,20151.3458,NA,NA,NA
BioshockHD.exe,18704,0xB251BA8,DXGI,0,0,1,Hardware Composed: Independent Flip,20165.8494,NA,10.47520000000000,10.09630000000000,18.95910000000000,28.84440000000000,28.9210,20161.7693,23.0392,4.0801,18.9591,22.8220,10.1025,5.3301,4.7724,0.3272,20161.7693,NA,32.6371,NA
BioshockHD.exe,18704,0xB251BA8,DXGI,0,0,1,Hardware Composed: Independent Flip,20189.4031,NA,23.55370000000000,23.16560000000000,5.50060000000000,28.44360000000000,28.5329,20184.8085,10.0952,4.5946,5.5006,9.8853,23.1529,6.0926,17.0603,-0.1264,20184.8085,NA,NA,NA
BioshockHD.exe,18704,0xB251BA8,DXGI,0,0,1,Hardware Composed: Independent Flip,20198.8730,NA,9.46990000000000,10.38970000000000,19.20260000000000,29.35260000000000,29.4527,20194.9037,23.1719,3.9693,19.2026,22.9430,10.3789,5.7102,4.6687,-0.2945,20194.9037,NA,NA,NA
BioshockHD.exe,18704,0xB251BA8,DXGI,0,0,1,Hardware Composed: Independent Flip,20222.1794,NA,23.30640000000000,22.72450000000000,6.23910000000000,28.79990000000000,28.8708,20218.0756,10.3429,4.1038,6.2391,10.1500,22.7537,5.6475,17.1062,0.4474,20218.0756,NA,50.9165,NA
BioshockHD.exe,18704,0xB251BA8,DXGI,0,0,1,Hardware Composed: Independent Flip,20232.3800,NA,10.20060000000000,10.65690000000000,18.92100000000000,29.24540000000000,29.3271,20228.4185,22.8825,3.9615,18.9210,22.5608,10.6461,6.0722,4.5739,-0.3140,20228.4185,NA,NA,NA
BioshockHD.exe,18704,0xB251BA8,DXGI,0,0,1,Hardware Composed: Independent Flip,20255.4991,NA,23.11910000000000,23.27980000000000,6.29710000000000,29.41050000000000,29.4878,20251.3010,10.4952,4.1981,6.2971,10.3244,23.2842,5.7341,17.5501,-0.3973,20251.3010,NA,30.8368,NA
BioshockHD.exe,18704,0xB251BA8,DXGI,0,0,1,Hardware Composed: Independent Flip,20265.7224,NA,10.22330000000000,10.59680000000000,19.43570000000000,29.77610000000000,29.8613,20261.7962,23.3619,3.9262,19.4357,23.1134,10.5889,6.0554,4.5335,-0.1016,20261.7962,NA,35.4581,NA
BioshockHD.exe,18704,0xB251BA8,DXGI,0,0,1,Hardware Composed: Independent Flip,20289.4264,NA,23.70400000000000,23.57940000000000,6.25500000000000,29.65140000000000,29.7367,20285.1581,10.5233,4.2683,6.2550,10.3404,23.5793,6.0728,17.5065,-0.2175,20285.1581,NA,31.0031,NA
BioshockHD.exe,18704,0xB251BA8,DXGI,0,0,1,Hardware Composed: Independent Flip,20299.9038,NA,10.47740000000000,10.80840000000000,19.35910000000000,29.98990000000000,30.0677,20295.6814,23.5815,4.2224,19.3591,23.3964,10.8159,6.1723,4.6436,-0.2851,20295.6814,NA,36.8444,NA
BioshockHD.exe,18704,0xB251BA8,DXGI,0,0,1,Hardware Composed: Independent Flip,20323.3565,NA,23.45270000000000,24.26840000000000,6.71920000000000,30.81040000000000,30.8834,20319.2629,10.8128,4.0936,6.7192,10.6308,24.2732,6.5501,17.7231,-0.6869,20319.2629,NA,34.0929,NA
BioshockHD.exe,18704,0xB251BA8,DXGI,0,0,1,Hardware Composed: Independent Flip,20333.9504,NA,10.59390000000000,10.81550000000000,20.39460000000000,31.03070000000000,31.1050,20330.0757,24.2693,3.8747,20.3946,24.0912,10.8142,6.7336,4.0806,-0.0027,20330.0757,NA,34.9070,NA
BioshockHD.exe,18704,0xB251BA8,DXGI,0,0,1,Hardware Composed: Independent Flip,20358.2707,NA,24.32030000000000,23.50900000000000,6.88020000000000,30.18320000000000,30.2937,20354.3450,10.8059,3.9257,6.8802,10.6361,23.4728,6.1423,17.3305,0.7603,20354.3450,NA,35.4401,NA
BioshockHD.exe,18704,0xB251BA8,DXGI,0,0,1,Hardware Composed: Independent Flip,20369.0752,NA,10.80450000000000,10.57210000000000,19.70250000000000,29.97160000000000,30.0613,20365.1509,23.6268,3.9243,19.7025,23.3030,10.5929,6.0447,4.5482,0.2338,20365.1509,NA,NA,NA
BioshockHD.exe,18704,0xB251BA8,DXGI,0,0,1,Hardware Composed: Independent Flip,20393.3533,NA,24.27810000000000,23.16150000000000,5.91690000000000,28.83690000000000,28.9447,20388.7777,10.4925,4.5756,5.9169,10.2691,23.1434,5.6435,17.4999,0.4653,20388.7777,NA,34.1409,NA
BioshockHD.exe,18704,0xB251BA8,DXGI,0,0,1,Hardware Composed: Independent Flip,20403.2790,NA,9.92570000000000,10.64170000000000,19.12820000000000,29.57240000000000,29.6607,20399.2702,23.1370,4.0088,19.1282,22.9200,10.6612,6.1324,4.5288,-0.1492,20399.2702,NA,NA,NA
BioshockHD.exe,18704,0xB251BA8,DXGI,0,0,1,Hardware Composed: Independent Flip,20426.3189,NA,23.03990000000000,23.16970000000000,6.75330000000000,29.71400000000000,29.7905,20422.4072,10.6650,3.9117,6.7533,10.4442,23.1815,5.6156,17.5659,-0.0327,20422.4072,NA,48.9794,NA
BioshockHD.exe,18704,0xB251BA8,DXGI,0,0,1,Hardware Composed: Independent Flip,20438.3945,NA,12.07560000000000,10.75460000000000,17.87900000000000,28.39310000000000,28.4695,20433.0722,23.2013,5.3223,17.8790,22.9607,10.7547,6.1348,4.6199,-0.0896,20433.0722,NA,NA,NA
BioshockHD.exe,18704,0xB251BA8,DXGI,0,0,1,Hardware Composed: Independent Flip,20460.4662,NA,22.07170000000000,23.19370000000000,6.49220000000000,29.49310000000000,29.5915,20456.2735,10.6849,4.1927,6.4922,10.5141,23.1717,5.6763,17.4954,0.0076,20456.2735,NA,NA,NA
BioshockHD.exe,18704,0xB251BA8,DXGI,0,0,1,Hardware Composed: Independent Flip,20471.0240,NA,10.55780000000000,10.20730000000000,19.21540000000000,29.17130000000000,29.2410,20466.9584,23.2810,4.0656,19.2154,23.0009,10.2360,5.6355,4.6005,0.4776,20466.9584,NA,30.1336,NA
BioshockHD.exe,18704,0xB251BA8,DXGI,0,0,1,Hardware Composed: Independent Flip,20494.3595,NA,23.33550000000000,22.99830000000000,6.04280000000000,28.83080000000000,28.9038,20490.2394,10.1629,4.1201,6.0428,9.9559,22.9950,5.6667,17.3283,0.2827,20490.2394,NA,NA,NA
BioshockHD.exe,18704,0xB251BA8,DXGI,0,0,1,Hardware Composed: Independent Flip,20504.3084,NA,9.94890000000000,10.61830000000000,19.11030000000000,29.47700000000000,29.5732,20500.4023,23.0164,3.9061,19.1103,22.7880,10.5951,6.0805,4.5146,-0.4554,20500.4023,NA,NA,NA
BioshockHD.exe,18704,0xB251BA8,DXGI,0,0,1,Hardware Composed: Independent Flip,20527.6076,NA,23.29920000000000,23.18650000000000,6.37430000000000,29.37820000000000,29.4605,20523.4187,10.5632,4.1889,6.3743,10.3667,23.2004,5.6422,17.5582,-0.1701,20523.4187,NA,31.9345,NA
BioshockHD.exe,18704,0xB251BA8,DXGI,0,0,1,Hardware Composed: Independent Flip,20537.8232,NA,10.21560000000000,10.72650000000000,19.34930000000000,29.89630000000000,29.9714,20533.9819,23.1906,3.8413,19.3493,23.0039,10.7337,6.1338,4.5999,-0.1633,20533.9819,NA,NA,NA
BioshockHD.exe,18704,0xB251BA8,DXGI,0,0,1,Hardware Composed: Independent Flip,20561.1654,NA,23.34220000000000,23.53810000000000,6.72010000000000,30.09330000000000,30.1673,20557.1725,10.7130,3.9929,6.7201,10.5470,23.5392,6.0980,17.4412,-0.3475,20557.1725,NA,33.1874,NA
BioshockHD.exe,18704,0xB251BA8,DXGI,0,0,1,Hardware Composed: Independent Flip,20571.9848,NA,10.81940000000000,10.68720000000000,19.46740000000000,29.98320000000000,30.0351,20567.8855,23.5667,4.0993,19.4674,23.3732,10.7093,6.1285,4.5808,0.0258,20567.8855,NA,32.8880,NA
BioshockHD.exe,18704,0xB251BA8,DXGI,0,0,1,Hardware Composed: Independent Flip,20595.2840,NA,23.29920000000000,23.46240000000000,6.83590000000000,30.12580000000000,30.1983,20591.4522,10.6677,3.8318,6.8359,10.5158,23.4418,6.0462,17.3956,0.1043,20591.4522,NA,32.3445,NA
BioshockHD.exe,18704,0xB251BA8,DXGI,0,0,1,Hardware Composed: Independent Flip,20606.5457,NA,11.26170000000000,10.63910000000000,19.03240000000000,29.49390000000000,29.5757,20602.1199,23.4582,4.4258,19.0324,23.2899,10.6298,6.0524,4.5774,0.0286,20602.1199,NA,30.9835,NA
BioshockHD.exe,18704,0xB251BA8,DXGI,0,0,1,Hardware Composed: Independent Flip,20629.5772,NA,23.03150000000000,23.51490000000000,6.63600000000000,29.98460000000000,30.0591,20625.5781,10.6351,3.9991,6.6360,10.4615,23.5222,6.1356,17.3866,-0.0567,20625.5781,NA,30.5057,NA
BioshockHD.exe,18704,0xB251BA8,DXGI,0,0,1,Hardware Composed: Independent Flip,20640.2998,NA,10.72260000000000,10.93160000000000,19.44010000000000,30.18380000000000,30.2681,20636.2132,23.5267,4.0866,19.4401,23.3486,10.9218,6.1055,4.8163,-0.2965,20636.2132,NA,30.4087,NA
BioshockHD.exe,18704,0xB251BA8,DXGI,0,0,1,Hardware Composed: Independent Flip,20663.8878,NA,23.58800000000000,23.48900000000000,6.77770000000000,30.08980000000000,30.1691,20659.7399,10.9256,4.1479,6.7777,10.7437,23.4940,6.0854,17.4086,0.0377,20659.7399,NA,30.9328,NA
BioshockHD.exe,18704,0xB251BA8,DXGI,0,0,1,Hardware Composed: Independent Flip,20674.7157,NA,10.82790000000000,10.76250000000000,19.44890000000000,29.99840000000000,30.1037,20670.6655,23.4991,4.0502,19.4489,23.3121,10.7365,6.1526,4.5839,0.1631,20670.6655,NA,31.6872,NA
BioshockHD.exe,18704,0xB251BA8,DXGI,0,0,1,Hardware Composed: Independent Flip,20698.6443,NA,23.92860000000000,23.47560000000000,6.26440000000000,29.57220000000000,29.6507,20694.1646,10.7441,4.4797,6.2644,10.5495,23.5024,6.1413,17.3611,0.0235,20694.1646,NA,30.1549,NA
BioshockHD.exe,18704,0xB251BA8,DXGI,0,0,1,Hardware Composed: Independent Flip,20708.7790,NA,10.13470000000000,10.61050000000000,19.64800000000000,30.04340000000000,30.1265,20704.9087,23.5183,3.8703,19.6480,23.3078,10.6059,6.0543,4.5516,0.1336,20704.9087,NA,33.7784,NA
BioshockHD.exe,18704,0xB251BA8,DXGI,0,0,1,Hardware Composed: Independent Flip,20732.5251,NA,23.74610000000000,23.54990000000000,6.50520000000000,29.85570000000000,29.9303,20728.4270,10.6033,4.0981,6.5052,10.3954,23.5584,6.0790,17.4794,-0.0316,20728.4270,NA,31.2889,NA
BioshockHD.exe,18704,0xB251BA8,DXGI,0,0,1,Hardware Composed: Independent Flip,20743.1392,NA,10.61410000000000,10.66670000000000,19.48610000000000,29.90900000000000,29.9829,20739.0303,23.5950,4.1089,19.4861,23.3505,10.6674,6.0969,4.5705,-0.0634,20739.0303,NA,35.9950,NA
BioshockHD.exe,18704,0xB251BA8,DXGI,0,0,1,Hardware Composed: Independent Flip,20766.6763,NA,23.53710000000000,23.52890000000000,6.58050000000000,29.88910000000000,29.9747,20762.6253,10.6315,4.0510,6.5805,10.4229,23.5172,6.0950,17.4222,0.0661,20762.6253,NA,NA,NA
BioshockHD.exe,18704,0xB251BA8,DXGI,0,0,1,Hardware Composed: Independent Flip,20777.3305,NA,10.65420000000000,10.34240000000000,19.49410000000000,29.58080000000000,29.6629,20773.2568,23.5678,4.0737,19.4941,23.3086,10.3459,5.7131,4.6328,0.2891,20773.2568,NA,NA,NA
BioshockHD.exe,18704,0xB251BA8,DXGI,0,0,1,Hardware Composed: Independent Flip,20800.9116,NA,23.58110000000000,22.32760000000000,6.19080000000000,28.32600000000000,28.4094,20796.8246,10.2778,4.0870,6.1908,10.0867,22.3263,5.6491,16.6772,1.2402,20796.8246,NA,29.1493,NA
BioshockHD.exe,18704,0xB251BA8,DXGI,0,0,1,Hardware Composed: Independent Flip,20811.1238,NA,10.21220000000000,10.61020000000000,18.30730000000000,28.71680000000000,28.8074,20807.1024,22.3287,4.0214,18.3073,22.1352,10.6030,5.6609,4.9421,-0.3324,20807.1024,NA,NA,NA
BioshockHD.exe,18704,0xB251BA8,DXGI,0,0,1,Hardware Composed: Independent Flip,20833.4139,NA,22.29010000000000,23.56740000000000,6.66150000000000,29.94740000000000,30.0847,20829.4311,10.6443,3.9828,6.6615,10.4095,23.5207,6.0953,17.4254,-1.2387,20829.4311,NA,NA,NA
BioshockHD.exe,18704,0xB251BA8,DXGI,0,0,1,Hardware Composed: Independent Flip,20844.1428,NA,10.72890000000000,10.24130000000000,19.56550000000000,29.52120000000000,29.5971,20840.0754,23.6329,4.0674,19.5655,23.2859,10.3027,5.6215,4.6812,0.4030,20840.0754,NA,31.6055,NA
BioshockHD.exe,18704,0xB251BA8,DXGI,0,0,1,Hardware Composed: Independent Flip,20868.5080,NA,24.36520000000000,22.56820000000000,5.31990000000000,27.71940000000000,27.8001,20863.7083,10.1196,4.7997,5.3199,9.9557,22.5634,5.6527,16.9107,1.0647,20863.7083,NA,NA,NA
BioshockHD.exe,18704,0xB251BA8,DXGI,0,0,1,Hardware Composed: Independent Flip,20877.7568,NA,9.24880000000000,10.77640000000000,18.74300000000000,29.24560000000000,29.3277,20873.8279,22.6719,3.9289,18.7430,22.3995,10.7750,6.1594,4.6156,-0.6568,20873.8279,NA,29.9489,NA
BioshockHD.exe,18704,0xB251BA8,DXGI,0,0,1,Hardware Composed: Independent Flip,20900.8825,NA,23.12570000000000,23.56290000000000,6.29660000000000,29.69480000000000,29.7649,20896.4998,10.6793,4.3827,6.2966,10.5026,23.5749,6.1052,17.4697,-0.8910,20896.4998,NA,30.5194,NA
BioshockHD.exe,18704,0xB251BA8,DXGI,0,0,1,Hardware Composed: Independent Flip,20911.3460,NA,10.46350000000000,10.69910000000000,19.41010000000000,29.92700000000000,30.0005,20907.1791,23.5770,4.1669,19.4101,23.3982,10.6957,6.0985,4.5972,-0.0198,20907.1791,NA,32.2187,NA
BioshockHD.exe,18704,0xB251BA8,DXGI,0,0,1,Hardware Composed: Independent Flip,20934.8529,NA,23.50690000000000,23.30890000000000,6.59030000000000,29.71750000000000,29.8025,20930.7561,10.6871,4.0968,6.5903,10.5169,23.2974,6.0513,17.2461,0.2681,20930.7561,NA,30.5286,NA
BioshockHD.exe,18704,0xB251BA8,DXGI,0,0,1,Hardware Composed: Independent Flip,20945.4152,NA,10.56230000000000,10.63970000000000,19.34040000000000,29.79470000000000,29.8799,20941.4432,23.3124,3.9720,19.3404,23.1272,10.6395,6.0773,4.5622,0.0474,20941.4432,NA,34.1664,NA
BioshockHD.exe,18704,0xB251BA8,DXGI,0,0,1,Hardware Composed: Independent Flip,20968.4930,NA,23.07780000000000,23.52650000000000,6.93330000000000,30.25370000000000,30.3286,20964.7556,10.6707,3.7374,6.9333,10.4543,23.5368,6.0810,17.4558,-0.2141,20964.7556,NA,30.6884,NA
BioshockHD.exe,18704,0xB251BA8,DXGI,0,0,1,Hardware Composed: Independent Flip,20979.8504,NA,11.35740000000000,10.73240000000000,19.08100000000000,29.62260000000000,29.7036,20975.4263,23.5051,4.4241,19.0810,23.3204,10.7263,6.1051,4.6212,-0.0617,20975.4263,NA,33.4299,NA
BioshockHD.exe,18704,0xB251BA8,DXGI,0,0,1,Hardware Composed: Independent Flip,21002.7709,NA,22.92050000000000,23.39430000000000,6.88290000000000,30.10070000000000,30.1774,20998.9314,10.7224,3.8395,6.8829,10.5416,23.3986,6.0853,17.3133,0.1108,20998.9314,NA,31.8160,NA
BioshockHD.exe,18704,0xB251BA8,DXGI,0,0,1,Hardware Composed: Independent Flip,21013.7075,NA,10.93660000000000,10.70450000000000,19.38000000000000,29.85610000000000,29.9453,21009.6538,23.4337,4.0537,19.3800,23.2178,10.6920,6.0996,4.5924,0.0179,21009.6538,NA,31.5243,NA
BioshockHD.exe,18704,0xB251BA8,DXGI,0,0,1,Hardware Composed: Independent Flip,21037.2190,NA,23.51150000000000,23.37100000000000,6.58630000000000,29.72740000000000,29.8048,21033.0875,10.7178,4.1315,6.5863,10.4761,23.3828,6.0787,17.3041,0.0627,21033.0875,NA,33.8910,NA
BioshockHD.exe,18704,0xB251BA8,DXGI,0,0,1,Hardware Composed: Independent Flip,21047.8077,NA,10.58870000000000,10.58810000000000,19.31580000000000,29.70470000000000,29.8042,21043.8053,23.3182,4.0024,19.3158,23.1411,10.5660,6.0098,4.5562,0.1297,21043.8053,NA,34.4820,NA
BioshockHD.exe,18704,0xB251BA8,DXGI,0,0,1,Hardware Composed: Independent Flip,21071.1554,NA,23.34770000000000,23.41400000000000,6.54460000000000,29.79050000000000,29.8705,21067.1235,10.5765,4.0319,6.5446,10.3889,23.4335,6.0412,17.3923,-0.0958,21067.1235,NA,32.9006,NA
BioshockHD.exe,18704,0xB251BA8,DXGI,0,0,1,Hardware Composed: Independent Flip,21081.5555,NA,10.40010000000000,10.58150000000000,19.57510000000000,29.96520000000000,30.0519,21077.7000,23.4306,3.8555,19.5751,23.2459,10.5748,6.0675,4.5073,-0.0050,21077.7000,NA,32.4760,NA
BioshockHD.exe,18704,0xB251BA8,DXGI,0,0,1,Hardware Composed: Independent Flip,21104.9810,NA,23.42550000000000,23.56350000000000,6.72110000000000,30.11310000000000,30.1899,21101.1306,10.5715,3.8504,6.7211,10.3901,23.5734,6.0918,17.4816,-0.1329,21101.1306,NA,36.0152,NA
BioshockHD.exe,18704,0xB251BA8,DXGI,0,0,1,Hardware Composed: Independent Flip,21115.5309,NA,10.54990000000000,10.75590000000000,19.77710000000000,30.30950000000000,30.3959,21111.7021,23.6059,3.8288,19.7771,23.3920,10.7463,6.1153,4.6310,-0.1844,21111.7021,NA,38.7957,NA
BioshockHD.exe,18704,0xB251BA8,DXGI,0,0,1,Hardware Composed: Independent Flip,21139.3333,NA,23.80240000000000,23.53300000000000,6.74020000000000,30.08820000000000,30.1265,21135.3080,10.7655,4.0253,6.7402,10.5324,23.5811,6.1271,17.4540,0.0729,21135.3080,NA,NA,NA
BioshockHD.exe,18704,0xB251BA8,DXGI,0,0,1,Hardware Composed: Independent Flip,21149.9982,NA,10.66490000000000,10.14210000000000,19.64380000000000,29.51740000000000,29.6037,21146.0735,23.5685,3.9247,19.6438,23.3480,10.0941,5.5772,4.5169,0.6234,21146.0735,NA,NA,NA
BioshockHD.exe,18704,0xB251BA8,DXGI,0,0,1,Hardware Composed: Independent Flip,21173.8461,NA,23.84790000000000,22.50250000000000,5.89110000000000,28.14610000000000,28.2583,21169.6420,10.0952,4.2041,5.8911,9.8736,22.4766,5.6405,16.8361,1.0660,21169.6420,NA,NA,NA
BioshockHD.exe,18704,0xB251BA8,DXGI,0,0,1,Hardware Composed: Independent Flip,21183.5696,NA,9.72350000000000,10.04630000000000,18.72200000000000,28.49770000000000,28.5811,21179.7372,22.5544,3.8324,18.7220,22.2550,10.0751,5.5465,4.5286,0.0489,21179.7372,NA,NA,NA
BioshockHD.exe,18704,0xB251BA8,DXGI,0,0,1,Hardware Composed: Independent Flip,21206.6542,NA,23.08460000000000,22.66300000000000,5.63430000000000,28.07960000000000,28.1595,21202.2916,9.9969,4.3626,5.6343,9.7757,22.6665,5.5962,17.0703,-0.1086,21202.2916,NA,29.6684,NA
BioshockHD.exe,18704,0xB251BA8,DXGI,0,0,1,Hardware Composed: Independent Flip,21216.0977,NA,9.44350000000000,10.21220000000000,18.90880000000000,28.84340000000000,28.9282,21212.2885,22.7180,3.8092,18.9088,22.4453,10.2073,5.6391,4.5682,-0.2153,21212.2885,NA,NA,NA
BioshockHD.exe,18704,0xB251BA8,DXGI,0,0,1,Hardware Composed: Independent Flip,21239.0172,NA,22.91950000000000,23.10470000000000,6.10640000000000,29.03630000000000,29.1134,21235.0065,10.1171,4.0107,6.1064,9.9346,23.1124,6.0617,17.0507,-0.3867,21235.0065,NA,39.9178,NA
BioshockHD.exe,18704,0xB251BA8,DXGI,0,0,1,Hardware Composed: Independent Flip,21248.9492,NA,9.93200000000000,10.56740000000000,19.31860000000000,29.65900000000000,29.7488,21245.1236,23.1442,3.8256,19.3186,22.9299,10.5547,5.9879,4.5668,-0.4503,21245.1236,NA,NA,NA
BioshockHD.exe,18704,0xB251BA8,DXGI,0,0,1,Hardware Composed: Independent Flip,21272.1542,NA,23.20500000000000,22.98940000000000,6.66280000000000,29.45940000000000,29.5332,21268.2678,10.5492,3.8864,6.6628,10.3404,23.0054,5.6113,17.3941,0.1548,21268.2678,NA,31.5469,NA
BioshockHD.exe,18704,0xB251BA8,DXGI,0,0,1,Hardware Composed: Independent Flip,21282.7836,NA,10.62940000000000,10.63120000000000,19.05950000000000,29.46000000000000,29.5350,21278.8170,23.0261,3.9666,19.0595,22.7966,10.6300,6.0652,4.5648,-0.0820,21278.8170,NA,NA,NA
BioshockHD.exe,18704,0xB251BA8,DXGI,0,0,1,Hardware Composed: Independent Flip,21305.9583,NA,23.17470000000000,23.57170000000000,6.45480000000000,29.85030000000000,29.9320,21301.8431,10.5700,4.1152,6.4548,10.4005,23.5650,6.0746,17.4904,-0.5456,21301.8431,NA,35.7650,NA
BioshockHD.exe,18704,0xB251BA8,DXGI,0,0,1,Hardware Composed: Independent Flip,21316.5183,NA,10.56000000000000,11.10700000000000,19.47980000000000,30.39590000000000,30.4790,21312.4131,23.5850,4.1052,19.4798,23.3955,11.1056,6.1928,4.9128,-0.5370,21312.4131,NA,30.8571,NA
BioshockHD.exe,18704,0xB251BA8,DXGI,0,0,1,Hardware Composed: Independent Flip,21340.1580,NA,23.63970000000000,24.49320000000000,6.94070000000000,31.23660000000000,31.3325,21335.9981,11.1006,4.1599,6.9407,10.9161,24.4804,6.1783,18.3021,-0.9082,21335.9981,NA,32.3592,NA
BioshockHD.exe,18704,0xB251BA8,DXGI,0,0,1,Hardware Composed: Independent Flip,21351.1107,NA,10.95270000000000,10.62370000000000,20.54800000000000,30.90050000000000,31.0035,21347.0987,24.5600,4.0120,20.5480,24.2959,10.6166,5.9943,4.6223,0.4769,21347.0987,NA,36.9837,NA
BioshockHD.exe,18704,0xB251BA8,DXGI,0,0,1,Hardware Composed: Independent Flip,21375.8503,NA,24.73960000000000,23.26710000000000,6.39410000000000,29.46030000000000,29.5310,21371.6587,10.5857,4.1916,6.3941,10.3525,23.2994,6.0967,17.2027,1.2929,21371.6587,NA,NA,NA
BioshockHD.exe,18704,0xB251BA8,DXGI,0,0,1,Hardware Composed: Independent Flip,21386.2576,NA,10.40730000000000,10.13720000000000,19.27260000000000,29.18390000000000,29.2609,21382.2444,23.2858,4.0132,19.2726,23.0662,10.1309,5.5850,4.5459,0.4485,21382.2444,NA,31.3793,NA
BioshockHD.exe,18704,0xB251BA8,DXGI,0,0,1,Hardware Composed: Independent Flip,21409.6807,NA,23.42310000000000,22.12990000000000,5.93280000000000,27.89230000000000,27.9677,21405.5302,10.0833,4.1505,5.9328,9.9113,22.1315,5.6160,16.5155,1.1559,21405.5302,NA,28.5189,NA
BioshockHD.exe,18704,0xB251BA8,DXGI,0,0,1,Hardware Composed: Independent Flip,21419.5826,NA,9.90190000000000,10.65280000000000,18.16440000000000,28.63630000000000,28.7186,21415.6135,22.1335,3.9691,18.1644,21.9595,10.6459,6.0662,4.5797,-0.5695,21415.6135,NA,30.1758,NA
BioshockHD.exe,18704,0xB251BA8,DXGI,0,0,1,Hardware Composed: Independent Flip,21441.8608,NA,22.27820000000000,22.63050000000000,6.53500000000000,28.98730000000000,29.0709,21437.7470,10.6488,4.1138,6.5350,10.4719,22.6292,6.0505,16.5787,-0.4970,21437.7470,NA,30.7607,NA
BioshockHD.exe,18704,0xB251BA8,DXGI,0,0,1,Hardware Composed: Independent Flip,21452.2794,NA,10.41860000000000,10.65470000000000,18.75560000000000,29.21710000000000,29.3070,21448.3958,22.6392,3.8836,18.7556,22.4523,10.6484,6.0711,4.5773,-0.0059,21448.3958,NA,38.4611,NA
BioshockHD.exe,18704,0xB251BA8,DXGI,0,0,1,Hardware Composed: Independent Flip,21474.8870,NA,22.60760000000000,23.70690000000000,6.82910000000000,30.33410000000000,30.4063,21471.0350,10.6811,3.8520,6.8291,10.4615,23.7246,6.0694,17.6552,-1.0677,21471.0350,NA,41.1683,NA
BioshockHD.exe,18704,0xB251BA8,DXGI,0,0,1,Hardware Composed: Independent Flip,21485.5042,NA,10.61720000000000,10.50740000000000,19.90720000000000,30.19340000000000,30.2965,21481.7161,23.6953,3.7881,19.9072,23.5050,10.4765,5.9888,4.4877,0.1737,21481.7161,NA,NA,NA
BioshockHD.exe,18704,0xB251BA8,DXGI,0,0,1,Hardware Composed: Independent Flip,21509.5195,NA,24.01530000000000,23.05980000000000,6.42520000000000,29.22710000000000,29.3410,21505.4114,10.5333,4.1081,6.4252,10.2862,23.0490,5.6012,17.4478,0.6355,21505.4114,NA,31.7011,NA
BioshockHD.exe,18704,0xB251BA8,DXGI,0,0,1,Hardware Composed: Independent Flip,21519.8607,NA,10.34120000000000,10.30600000000000,19.11730000000000,29.20880000000000,29.3058,21515.9447,23.0333,3.9160,19.1173,22.8019,10.3229,6.0768,4.2461,0.2273,21515.9447,NA,33.0367,NA
BioshockHD.exe,18704,0xB251BA8,DXGI,0,0,1,Hardware Composed: Independent Flip,21542.7860,NA,22.92530000000000,23.51590000000000,6.48270000000000,29.81220000000000,29.8964,21538.9780,10.2907,3.8080,6.4827,10.0915,23.5287,5.9780,17.5507,-0.4826,21538.9780,NA,33.5230,NA
BioshockHD.exe,18704,0xB251BA8,DXGI,0,0,1,Hardware Composed: Independent Flip,21553.2310,NA,10.44500000000000,10.12820000000000,19.57660000000000,29.48930000000000,29.5796,21549.2687,23.5389,3.9623,19.5766,23.3295,10.1221,5.9700,4.1521,0.1625,21549.2687,NA,31.6819,NA
BioshockHD.exe,18704,0xB251BA8,DXGI,0,0,1,Hardware Composed: Independent Flip,21576.8622,NA,23.63120000000000,23.51440000000000,6.04300000000000,29.38760000000000,29.4628,21572.8076,10.0976,4.0546,6.0430,9.9127,23.5295,5.9890,17.5405,0.0245,21572.8076,NA,31.1893,NA
BioshockHD.exe,18704,0xB251BA8,DXGI,0,0,1,Hardware Composed: Independent Flip,21586.6634,NA,9.80120000000000,10.30960000000000,19.78040000000000,29.88510000000000,29.9712,21582.9052,23.5386,3.7582,19.7804,23.3446,10.2987,6.0413,4.2574,-0.2120,21582.9052,NA,30.5074,NA
BioshockHD.exe,18704,0xB251BA8,DXGI,0,0,1,Hardware Composed: Independent Flip,21610.2914,NA,23.62800000000000,23.89560000000000,6.44090000000000,30.15940000000000,30.2388,21606.4438,10.2885,3.8476,6.4409,10.1047,23.9023,5.9882,17.9141,-0.3570,21606.4438,NA,32.3995,NA
BioshockHD.exe,18704,0xB251BA8,DXGI,0,0,1,Hardware Composed: Independent Flip,21620.8073,NA,10.51590000000000,10.28860000000000,19.84890000000000,29.93580000000000,30.0115,21616.7323,23.9239,4.0750,19.8489,23.7185,10.2923,6.0707,4.2216,-0.0001,21616.7323,NA,30.6885,NA
BioshockHD.exe,18704,0xB251BA8,DXGI,0,0,1,Hardware Composed: Independent Flip,21644.4121,NA,23.60480000000000,23.48290000000000,6.49730000000000,29.81770000000000,29.8896,21640.6562,10.2532,3.7559,6.4973,10.0869,23.4867,5.9806,17.5061,0.4410,21640.6562,NA,30.1715,NA
BioshockHD.exe,18704,0xB251BA8,DXGI,0,0,1,Hardware Composed: Independent Flip,21654.6585,NA,10.24640000000000,10.13450000000000,19.85090000000000,29.69250000000000,29.7777,21650.9094,23.6000,3.7491,19.8509,23.3204,10.1212,5.9590,4.1622,0.1187,21650.9094,NA,32.3058,NA
BioshockHD.exe,18704,0xB251BA8,DXGI,0,0,1,Hardware Composed: Independent Flip,21678.6493,NA,23.99080000000000,23.72680000000000,5.88640000000000,29.43740000000000,29.5137,21674.5094,10.0263,4.1399,5.8864,9.8416,23.7357,5.9696,17.7661,-0.1268,21674.5094,NA,30.0313,NA
BioshockHD.exe,18704,0xB251BA8,DXGI,0,0,1,Hardware Composed: Independent Flip,21688.3458,NA,9.69650000000000,10.19140000000000,19.92400000000000,29.93730000000000,30.0086,21684.5357,23.7341,3.8101,19.9240,23.5510,10.1964,5.9669,4.2295,-0.1651,21684.5357,NA,33.2236,NA
BioshockHD.exe,18704,0xB251BA8,DXGI,0,0,1,Hardware Composed: Independent Flip,21712.0360,NA,23.69020000000000,23.72780000000000,6.44150000000000,29.96320000000000,30.0462,21708.2698,10.2077,3.7662,6.4415,10.0133,23.7161,6.0107,17.7054,0.0063,21708.2698,NA,35.9581,NA
BioshockHD.exe,18704,0xB251BA8,DXGI,0,0,1,Hardware Composed: Independent Flip,21722.5164,NA,10.48040000000000,10.12840000000000,19.67510000000000,29.61060000000000,29.6942,21718.4775,23.7140,4.0389,19.6751,23.5217,10.1278,5.9768,4.1510,0.0793,21718.4775,NA,34.0828,NA
BioshockHD.exe,18704,0xB251BA8,DXGI,0,0,1,Hardware Composed: Independent Flip,21746.2565,NA,23.74010000000000,23.61260000000000,6.04480000000000,29.49460000000000,29.5667,21742.1915,10.1098,4.0650,6.0448,9.9355,23.6241,5.9600,17.6641,0.1014,21742.1915,NA,30.6886,NA
BioshockHD.exe,18704,0xB251BA8,DXGI,0,0,1,Hardware Composed: Independent Flip,21756.5097,NA,10.25320000000000,10.64620000000000,19.42560000000000,29.88570000000000,29.9597,21752.3013,23.6340,4.2084,19.4256,23.4498,10.6443,6.0004,4.6439,-0.5364,21752.3013,NA,30.3410,NA
BioshockHD.exe,18704,0xB251BA8,DXGI,0,0,1,Hardware Composed: Independent Flip,21779.9202,NA,23.41050000000000,23.72800000000000,6.64500000000000,30.20210000000000,30.2772,21775.9353,10.6299,3.9849,6.6450,10.4601,23.7269,5.9312,17.7957,-0.0940,21775.9353,NA,31.0701,NA
BioshockHD.exe,18704,0xB251BA8,DXGI,0,0,1,Hardware Composed: Independent Flip,21790.4723,NA,10.55210000000000,10.31020000000000,19.86590000000000,29.95340000000000,30.0353,21786.5652,23.7730,3.9071,19.8659,23.5571,10.3034,5.9512,4.3522,0.3197,21786.5652,NA,30.3789,NA
BioshockHD.exe,18704,0xB251BA8,DXGI,0,0,1,Hardware Composed: Independent Flip,21814.1504,NA,23.67810000000000,23.51250000000000,6.49870000000000,29.79450000000000,29.8697,21810.3382,10.3109,3.8122,6.4987,10.0875,23.5192,5.9505,17.5687,0.2605,21810.3382,NA,42.8974,NA
BioshockHD.exe,18704,0xB251BA8,DXGI,0,0,1,Hardware Composed: Independent Flip,21824.6056,NA,10.45520000000000,10.61220000000000,19.55730000000000,29.94510000000000,30.0267,21820.6491,23.5138,3.9565,19.5573,23.2958,10.6058,6.3468,4.2590,-0.3013,21820.6491,NA,39.4752,NA
BioshockHD.exe,18704,0xB251BA8,DXGI,0,0,1,Hardware Composed: Independent Flip,21847.9339,NA,23.32830000000000,23.90450000000000,6.80810000000000,30.53130000000000,30.6029,21844.1629,10.5791,3.7710,6.8081,10.3878,23.9145,5.9331,17.9814,-0.3907,21844.1629,NA,NA,NA
BioshockHD.exe,18704,0xB251BA8,DXGI,0,0,1,Hardware Composed: Independent Flip,21858.8307,NA,10.89680000000000,9.89830000000000,19.81120000000000,29.52590000000000,29.6044,21854.7420,23.8999,4.0887,19.8112,23.7232,9.8914,5.5667,4.3247,0.6808,21854.7420,NA,32.3065,NA
BioshockHD.exe,18704,0xB251BA8,DXGI,0,0,1,Hardware Composed: Independent Flip,21882.5480,NA,23.71730000000000,22.39630000000000,5.98010000000000,28.18130000000000,28.2834,21878.6419,9.8862,3.9061,5.9801,9.7147,22.3727,5.4351,16.9376,1.5036,21878.6419,NA,29.6990,NA
BioshockHD.exe,18704,0xB251BA8,DXGI,0,0,1,Hardware Composed: Independent Flip,21892.1186,NA,9.57060000000000,9.94990000000000,18.81940000000000,28.58400000000000,28.6627,21888.5281,22.4099,3.5905,18.8194,22.2012,9.9733,5.8741,4.0992,-0.0637,21888.5281,NA,29.6540,NA
BioshockHD.exe,18704,0xB251BA8,DXGI,0,0,1,Hardware Composed: Independent Flip,21915.1440,NA,23.02540000000000,23.07710000000000,5.73410000000000,28.61930000000000,28.7144,21910.9380,9.9401,4.2060,5.7341,9.7646,23.0607,5.9139,17.1468,-0.6672,21910.9380,NA,30.7298,NA
BioshockHD.exe,18704,0xB251BA8,DXGI,0,0,1,Hardware Composed: Independent Flip,21924.6100,NA,9.46600000000000,10.09240000000000,19.34880000000000,29.25380000000000,29.3408,21920.8781,23.0807,3.7319,19.3488,22.8852,10.1005,5.9471,4.1534,-0.1523,21920.8781,NA,31.8193,NA
BioshockHD.exe,18704,0xB251BA8,DXGI,0,0,1,Hardware Composed: Independent Flip,21947.8936,NA,23.28360000000000,23.63800000000000,6.21630000000000,29.62110000000000,29.6952,21943.9588,10.1511,3.9348,6.2163,9.9050,23.6509,5.9329,17.7180,-0.5573,21943.9588,NA,36.4629,NA
BioshockHD.exe,18704,0xB251BA8,DXGI,0,0,1,Hardware Composed: Independent Flip,21958.0250,NA,10.13140000000000,10.06430000000000,19.71860000000000,29.53140000000000,29.6281,21954.1099,23.6337,3.9151,19.7186,23.4048,10.0417,5.9020,4.1397,0.0868,21954.1099,NA,NA,NA
BioshockHD.exe,18704,0xB251BA8,DXGI,0,0,1,Hardware Composed: Independent Flip,21981.8077,NA,23.78270000000000,23.16290000000000,5.99400000000000,28.92690000000000,29.0083,21977.7436,10.0581,4.0641,5.9940,9.8128,23.1782,5.4288,17.7494,0.4708,21977.7436,NA,43.6863,NA
BioshockHD.exe,18704,0xB251BA8,DXGI,0,0,1,Hardware Composed: Independent Flip,21992.2274,NA,10.41970000000000,10.09730000000000,18.68560000000000,28.58780000000000,28.6859,21987.8017,23.1113,4.4257,18.6856,22.9329,10.0806,5.8708,4.2098,-0.0392,21987.8017,NA,NA,NA
BioshockHD.exe,18704,0xB251BA8,DXGI,0,0,1,Hardware Composed: Independent Flip,22014.7070,NA,22.47960000000000,23.05020000000000,6.30470000000000,29.16460000000000,29.2565,22010.9130,10.0987,3.7940,6.3047,9.9022,23.0564,5.4516,17.6048,0.0611,22010.9130,NA,35.8401,NA
BioshockHD.exe,18704,0xB251BA8,DXGI,0,0,1,Hardware Composed: Independent Flip,22024.9218,NA,10.21480000000000,9.94130000000000,19.17390000000000,28.90290000000000,28.9830,22021.0117,23.0840,3.9101,19.1739,22.8599,9.9531,5.8746,4.0785,0.1574,22021.0117,NA,30.7734,NA
BioshockHD.exe,18704,0xB251BA8,DXGI,0,0,1,Hardware Composed: Independent Flip,22048.2620,NA,23.34020000000000,23.61020000000000,5.74020000000000,29.18170000000000,29.2530,22044.0957,9.9065,4.1663,5.7402,9.7290,23.6190,5.8868,17.7322,-0.5262,22044.0957,NA,29.3839,NA
BioshockHD.exe,18704,0xB251BA8,DXGI,0,0,1,Hardware Composed: Independent Flip,22057.6791,NA,9.41710000000000,10.36420000000000,20.02210000000000,30.11800000000000,30.2001,22054.0022,23.6990,3.6769,20.0221,23.4415,10.3534,5.9496,4.4038,-0.4577,22054.0022,NA,30.7513,NA
BioshockHD.exe,18704,0xB251BA8,DXGI,0,0,1,Hardware Composed: Independent Flip,22081.5462,NA,23.86710000000000,23.19110000000000,6.42690000000000,29.44430000000000,29.5241,22077.7012,10.2719,3.8450,6.4269,10.0959,23.1934,5.8384,17.3550,0.5079,22077.7012,NA,31.9419,NA
BioshockHD.exe,18704,0xB251BA8,DXGI,0,0,1,Hardware Composed: Independent Flip,22091.7092,NA,10.16300000000000,9.92160000000000,19.46380000000000,29.20180000000000,29.2827,22087.9731,23.1999,3.7361,19.4638,23.0174,9.9205,5.8157,4.1048,0.3503,22087.9731,NA,31.8605,NA
BioshockHD.exe,18704,0xB251BA8,DXGI,0,0,1,Hardware Composed: Independent Flip,22116.0298,NA,24.32060000000000,23.61920000000000,5.05130000000000,28.52820000000000,28.5813,22111.1730,9.9081,4.8568,5.0513,9.7380,23.6470,5.8712,17.7758,-0.4193,22111.1730,NA,30.4454,NA
BioshockHD.exe,18704,0xB251BA8,DXGI,0,0,1,Hardware Composed: Independent Flip,22124.9872,NA,8.95740000000000,9.96100000000000,19.73280000000000,29.49840000000000,29.5849,22121.0811,23.6389,3.9061,19.7328,23.4769,9.9276,5.8163,4.1113,-0.0529,22121.0811,NA,31.4380,NA
BioshockHD.exe,18704,0xB251BA8,DXGI,0,0,1,Hardware Composed: Independent Flip,22148.9541,NA,23.96690000000000,23.66190000000000,5.76960000000000,29.19710000000000,29.2799,22144.7200,10.0037,4.2341,5.7696,9.7656,23.6656,5.8582,17.8074,-0.0230,22144.7200,NA,31.1009,NA
BioshockHD.exe,18704,0xB251BA8,DXGI,0,0,1,Hardware Composed: Independent Flip,22158.7936,NA,9.83950000000000,10.02560000000000,19.63790000000000,29.33950000000000,29.4660,22154.7237,23.7078,4.0699,19.6379,23.4275,9.9819,5.9584,4.0235,-0.0219,22154.7237,NA,36.1022,NA
BioshockHD.exe,18704,0xB251BA8,DXGI,0,0,1,Hardware Composed: Independent Flip,22182.4256,NA,23.63200000000000,23.54300000000000,5.94330000000000,29.32520000000000,29.3770,22178.4315,9.9374,3.9941,5.9433,9.7016,23.6177,5.8478,17.7699,0.1648,22178.4315,NA,31.6688,NA
BioshockHD.exe,18704,0xB251BA8,DXGI,0,0,1,Hardware Composed: Independent Flip,22192.1287,NA,9.70310000000000,9.85830000000000,19.85300000000000,29.45830000000000,29.5322,22188.3689,23.6128,3.7598,19.8530,23.3819,9.8362,5.7336,4.1026,0.0791,22188.3689,NA,NA,NA
BioshockHD.exe,18704,0xB251BA8,DXGI,0,0,1,Hardware Composed: Independent Flip,22215.9400,NA,23.81130000000000,23.77920000000000,5.86150000000000,29.39090000000000,29.5001,22211.9817,9.8198,3.9583,5.8615,9.6053,23.7439,5.8302,17.9137,-0.1664,22211.9817,NA,38.2554,NA
BioshockHD.exe,18704,0xB251BA8,DXGI,0,0,1,Hardware Composed: Independent Flip,22225.7667,NA,9.82670000000000,9.96160000000000,19.83080000000000,29.54460000000000,29.6350,22221.8015,23.7960,3.9652,19.8308,23.5294,9.9804,5.7938,4.1866,-0.1418,22221.8015,NA,31.2566,NA
BioshockHD.exe,18704,0xB251BA8,DXGI,0,0,1,Hardware Composed: Independent Flip,22249.5126,NA,23.74590000000000,23.69240000000000,6.01340000000000,29.50340000000000,29.5815,22245.5975,9.9285,3.9151,6.0134,9.7138,23.7047,5.8472,17.8575,0.1036,22245.5975,NA,29.9655,NA
BioshockHD.exe,18704,0xB251BA8,DXGI,0,0,1,Hardware Composed: Independent Flip,22259.2397,NA,9.72710000000000,10.05110000000000,19.96360000000000,29.82900000000000,29.9055,22255.5260,23.6773,3.7137,19.9636,23.4900,10.0527,5.8513,4.2014,-0.1226,22255.5260,NA,34.0249,NA
BioshockHD.exe,18704,0xB251BA8,DXGI,0,0,1,Hardware Composed: Independent Flip,22283.2387,NA,23.99900000000000,23.37630000000000,6.04820000000000,29.21770000000000,29.2828,22279.2033,10.0836,4.0354,6.0482,9.8654,23.3877,5.7351,17.6526,0.3010,22279.2033,NA,30.3231,NA
BioshockHD.exe,18704,0xB251BA8,DXGI,0,0,1,Hardware Composed: Independent Flip,22293.3259,NA,10.08720000000000,9.95000000000000,19.44200000000000,29.06770000000000,29.1456,22289.2869,23.4810,4.0390,19.4420,23.1695,9.9372,5.8682,4.0690,0.1336,22289.2869,NA,32.2696,NA
BioshockHD.exe,18704,0xB251BA8,DXGI,0,0,1,Hardware Composed: Independent Flip,22316.5367,NA,23.21080000000000,23.08030000000000,6.02920000000000,28.93860000000000,29.0151,22312.7679,9.7980,3.7688,6.0292,9.6257,23.0817,5.8024,17.2793,0.4007,22312.7679,NA,29.4236,NA
BioshockHD.exe,18704,0xB251BA8,DXGI,0,0,1,Hardware Composed: Independent Flip,22326.1713,NA,9.63460000000000,10.06420000000000,19.48400000000000,29.36160000000000,29.4447,22322.5659,23.0894,3.6054,19.4840,22.9094,10.0576,5.7932,4.2644,-0.2662,22322.5659,NA,30.4871,NA
BioshockHD.exe,18704,0xB251BA8,DXGI,0,0,1,Hardware Composed: Independent Flip,22349.4115,NA,23.24020000000000,23.92190000000000,6.29960000000000,30.05960000000000,30.1264,22345.6553,10.0558,3.7562,6.2996,9.8776,23.9382,5.8191,18.1191,-0.8325,22345.6553,NA,31.4118,NA
BioshockHD.exe,18704,0xB251BA8,DXGI,0,0,1,Hardware Composed: Independent Flip,22359.5122,NA,10.10070000000000,10.13940000000000,20.21530000000000,30.06720000000000,30.1651,22355.7111,24.0164,3.8011,20.2153,23.7600,10.1083,5.8268,4.2815,-0.0836,22355.7111,NA,32.5510,NA
BioshockHD.exe,18704,0xB251BA8,DXGI,0,0,1,Hardware Composed: Independent Flip,22383.4662,NA,23.95400000000000,23.30300000000000,6.34030000000000,29.39810000000000,29.5141,22379.7275,10.0790,3.7387,6.3403,9.8519,23.2849,5.7960,17.4889,0.7134,22379.7275,NA,31.8523,NA
BioshockHD.exe,18704,0xB251BA8,DXGI,0,0,1,Hardware Composed: Independent Flip,22393.5756,NA,10.10940000000000,9.80850000000000,19.54190000000000,29.11310000000000,29.2132,22389.8065,23.3110,3.7691,19.5419,23.0578,9.8244,5.7290,4.0954,0.2705,22389.8065,NA,29.6581,NA
BioshockHD.exe,18704,0xB251BA8,DXGI,0,0,1,Hardware Composed: Independent Flip,22416.9398,NA,23.36420000000000,23.55790000000000,5.97180000000000,29.27380000000000,29.4069,22413.1175,9.7941,3.8223,5.9718,9.5712,23.5249,5.7704,17.7545,-0.2469,22413.1175,NA,30.2234,NA
BioshockHD.exe,18704,0xB251BA8,DXGI,0,0,1,Hardware Composed: Independent Flip,22426.6441,NA,9.70430000000000,9.90730000000000,19.81750000000000,29.52850000000000,29.6099,22422.9116,23.5500,3.7325,19.8175,23.3020,9.9590,5.7987,4.1603,-0.1132,22422.9116,NA,30.1256,NA
BioshockHD.exe,18704,0xB251BA8,DXGI,0,0,1,Hardware Composed: Independent Flip,22450.0682,NA,23.42410000000000,23.43680000000000,6.27830000000000,29.50470000000000,29.6226,22446.4616,9.8849,3.6066,6.2783,9.7110,23.4003,5.7955,17.6048,0.1132,22446.4616,NA,30.5652,NA
BioshockHD.exe,18704,0xB251BA8,DXGI,0,0,1,Hardware Composed: Independent Flip,22460.0717,NA,10.00350000000000,9.86030000000000,19.74570000000000,29.40850000000000,29.4794,22456.3465,23.4709,3.7252,19.7457,23.2264,9.9073,5.7296,4.1777,0.0246,22456.3465,NA,31.4283,NA
BioshockHD.exe,18704,0xB251BA8,DXGI,0,0,1,Hardware Composed: Independent Flip,22483.7598,NA,23.68810000000000,23.42550000000000,5.87970000000000,29.20270000000000,29.2168,22479.8174,9.8221,3.9424,5.8797,9.6628,23.4823,5.7986,17.6837,0.0454,22479.8174,NA,29.8439,NA
BioshockHD.exe,18704,0xB251BA8,DXGI,0,0,1,Hardware Composed: Independent Flip,22493.3148,NA,9.55500000000000,9.87340000000000,19.82050000000000,29.47050000000000,29.5352,22489.6395,23.4958,3.6753,19.8205,23.3230,9.8228,5.6998,4.1230,-0.0513,22489.6395,NA,NA,NA
BioshockHD.exe,18704,0xB251BA8,DXGI,0,0,1,Hardware Composed: Independent Flip,22516.9393,NA,23.62450000000000,23.60810000000000,6.05050000000000,29.38750000000000,29.5188,22513.1353,9.8545,3.8040,6.0505,9.6500,23.5415,5.7126,17.8289,-0.1123,22513.1353,NA,NA,NA
BioshockHD.exe,18704,0xB251BA8,DXGI,0,0,1,Hardware Composed: Independent Flip,22526.9666,NA,10.02730000000000,9.27310000000000,19.61700000000000,28.70700000000000,28.7646,22522.9898,23.5938,3.9768,19.6170,23.3370,9.3468,5.2791,4.0677,0.5814,22522.9898,NA,30.5927,NA
BioshockHD.exe,18704,0xB251BA8,DXGI,0,0,1,Hardware Composed: Independent Flip,22550.3912,NA,23.42460000000000,22.66530000000000,5.48700000000000,27.99540000000000,28.0053,22546.5836,9.2946,3.8076,5.4870,9.0900,22.7130,5.3576,17.3554,0.9285,22546.5836,NA,NA,NA
BioshockHD.exe,18704,0xB251BA8,DXGI,0,0,1,Hardware Composed: Independent Flip,22559.6353,NA,9.24410000000000,9.91730000000000,18.88210000000000,28.58410000000000,28.6785,22555.8782,22.6392,3.7571,18.8821,22.5084,9.8328,5.7328,4.1000,-0.6227,22555.8782,NA,36.1839,NA
BioshockHD.exe,18704,0xB251BA8,DXGI,0,0,1,Hardware Composed: Independent Flip,22582.4401,NA,22.80480000000000,23.45610000000000,6.01240000000000,29.25750000000000,29.3298,22578.5174,9.9351,3.9227,6.0124,9.7020,23.4782,5.7191,17.7591,-0.8169,22578.5174,NA,31.6085,NA
BioshockHD.exe,18704,0xB251BA8,DXGI,0,0,1,Hardware Composed: Independent Flip,22592.0982,NA,9.65810000000000,10.14100000000000,19.77450000000000,29.70800000000000,29.8127,22588.4525,23.4202,3.6457,19.7745,23.2451,10.1086,5.7394,4.3692,-0.2059,22588.4525,NA,31.7850,NA
BioshockHD.exe,18704,0xB251BA8,DXGI,0,0,1,Hardware Composed: Independent Flip,22615.6153,NA,23.51710000000000,23.50470000000000,6.39160000000000,29.72650000000000,29.8003,22611.8727,10.1342,3.7426,6.3916,9.9335,23.5356,5.7268,17.8088,-0.0845,22611.8727,NA,30.2886,NA
BioshockHD.exe,18704,0xB251BA8,DXGI,0,0,1,Hardware Composed: Independent Flip,22625.6646,NA,10.04930000000000,10.00560000000000,19.85460000000000,29.68590000000000,29.7566,22622.0069,23.5123,3.6577,19.8546,23.3349,10.0087,5.7420,4.2667,0.1286,22622.0069,NA,31.2922,NA
BioshockHD.exe,18704,0xB251BA8,DXGI,0,0,1,Hardware Composed: Independent Flip,22649.2942,NA,23.62960000000000,23.22440000000000,6.22740000000000,29.27370000000000,29.3514,22645.5192,10.0024,3.7750,6.2274,9.8313,23.2174,5.7223,17.4951,0.2879,22645.5192,NA,30.5152,NA
BioshockHD.exe,18704,0xB251BA8,DXGI,0,0,1,Hardware Composed: Independent Flip,22659.3462,NA,10.05200000000000,9.86020000000000,19.43080000000000,29.08130000000000,29.1596,22655.5216,23.2554,3.8246,19.4308,23.0463,9.8596,5.7114,4.1482,0.1422,22655.5216,NA,33.3628,NA
BioshockHD.exe,18704,0xB251BA8,DXGI,0,0,1,Hardware Composed: Independent Flip,22682.7296,NA,23.38340000000000,23.33450000000000,5.87010000000000,29.06950000000000,29.1107,22678.7770,9.8227,3.9526,5.8701,9.6505,23.3716,5.7035,17.6681,-0.0791,22678.7770,NA,30.7035,NA
BioshockHD.exe,18704,0xB251BA8,DXGI,0,0,1,Hardware Composed: Independent Flip,22692.1850,NA,9.45540000000000,9.92440000000000,19.78450000000000,29.48330000000000,29.5797,22688.5997,23.3698,3.5853,19.7845,23.1994,9.8692,5.7122,4.1570,-0.1017,22688.5997,NA,32.6421,NA
BioshockHD.exe,18704,0xB251BA8,DXGI,0,0,1,Hardware Composed: Independent Flip,22715.7046,NA,23.51960000000000,23.21950000000000,6.15680000000000,29.19800000000000,29.2796,22711.9695,9.8919,3.7351,6.1568,9.6988,23.2343,5.7099,17.5244,0.1503,22711.9695,NA,29.8228,NA
BioshockHD.exe,18704,0xB251BA8,DXGI,0,0,1,Hardware Composed: Independent Flip,22725.4302,NA,9.72560000000000,9.79860000000000,19.65470000000000,29.26770000000000,29.3526,22721.8614,23.2235,3.5688,19.6547,23.0412,9.7953,5.6784,4.1169,0.0933,22721.8614,NA,29.6580,NA
BioshockHD.exe,18704,0xB251BA8,DXGI,0,0,1,Hardware Composed: Independent Flip,22749.0783,NA,23.64810000000000,23.42860000000000,5.79590000000000,29.04920000000000,29.1331,22745.0849,9.7893,3.9934,5.7959,9.6130,23.4296,5.7150,17.7146,-0.2051,22745.0849,NA,30.0867,NA
BioshockHD.exe,18704,0xB251BA8,DXGI,0,0,1,Hardware Composed: Independent Flip,22759.1428,NA,10.06450000000000,10.07670000000000,19.18020000000000,29.06180000000000,29.1453,22754.8742,23.4488,4.2686,19.1802,23.2533,10.0771,5.7933,4.2838,-0.2874,22754.8742,NA,30.1636,NA
BioshockHD.exe,18704,0xB251BA8,DXGI,0,0,1,Hardware Composed: Independent Flip,22782.1349,NA,22.99210000000000,23.16110000000000,6.30520000000000,29.24010000000000,29.3143,22778.3230,10.1171,3.8119,6.3052,9.8816,23.1704,5.6281,17.5423,0.2877,22778.3230,NA,31.3160,NA
BioshockHD.exe,18704,0xB251BA8,DXGI,0,0,1,Hardware Composed: Independent Flip,22792.3977,NA,10.26280000000000,9.74240000000000,19.20120000000000,28.69560000000000,28.7939,22788.4401,23.1588,3.9576,19.2012,22.9349,9.7183,5.6408,4.0775,0.3747,22788.4401,NA,30.0665,NA
BioshockHD.exe,18704,0xB251BA8,DXGI,0,0,1,Hardware Composed: Independent Flip,22815.6698,NA,23.27210000000000,23.38970000000000,5.69560000000000,28.82710000000000,28.9115,22811.5989,9.7665,4.0709,5.6956,9.4944,23.4036,5.6967,17.7069,-0.2309,22811.5989,NA,34.4629,NA
BioshockHD.exe,18704,0xB251BA8,DXGI,0,0,1,Hardware Composed: Independent Flip,22825.1855,NA,9.51570000000000,9.83140000000000,19.49920000000000,29.15410000000000,29.2272,22821.3654,23.3193,3.8201,19.4992,23.1315,9.8427,5.7994,4.0433,-0.0649,22821.3654,NA,33.2522,NA
BioshockHD.exe,18704,0xB251BA8,DXGI,0,0,1,Hardware Composed: Independent Flip,22848.5346,NA,23.34910000000000,24.11520000000000,6.03690000000000,29.90820000000000,29.9933,22844.6847,9.8868,3.8499,6.0369,9.6549,24.1032,5.6738,18.4294,-0.7959,22844.6847,NA,30.3953,NA
BioshockHD.exe,18704,0xB251BA8,DXGI,0,0,1,Hardware Composed: Independent Flip,22858.3181,NA,9.78350000000000,10.42450000000000,20.31350000000000,30.54970000000000,30.6343,22854.5715,24.0601,3.7466,20.3135,23.8713,10.4250,5.7471,4.6779,-0.5377,22854.5715,NA,34.8061,NA
BioshockHD.exe,18704,0xB251BA8,DXGI,0,0,1,Hardware Composed: Independent Flip,22882.4815,NA,24.16340000000000,22.98670000000000,6.59620000000000,29.37870000000000,29.4576,22878.6316,10.4461,3.8499,6.5962,10.2362,22.9924,5.6345,17.3579,1.0734,22878.6316,NA,29.8058,NA
BioshockHD.exe,18704,0xB251BA8,DXGI,0,0,1,Hardware Composed: Independent Flip,22892.6812,NA,10.19970000000000,9.73690000000000,19.41510000000000,28.91010000000000,28.9948,22889.0777,23.0186,3.6035,19.4151,22.7825,9.7311,5.6428,4.0883,0.7092,22889.0777,NA,33.5486,NA
BioshockHD.exe,18704,0xB251BA8,DXGI,0,0,1,Hardware Composed: Independent Flip,22915.8954,NA,23.21420000000000,23.48590000000000,5.87030000000000,29.17830000000000,29.2665,22912.0963,9.6694,3.7991,5.8703,9.4950,23.4824,5.6942,17.7882,-0.4673,22912.0963,NA,30.0307,NA
BioshockHD.exe,18704,0xB251BA8,DXGI,0,0,1,Hardware Composed: Independent Flip,22925.4764,NA,9.58100000000000,9.74640000000000,19.83360000000000,29.34670000000000,29.4319,22921.7657,23.5443,3.7107,19.8336,23.3080,9.7494,5.6313,4.1181,-0.0770,22921.7657,NA,29.7777,NA
BioshockHD.exe,18704,0xB251BA8,DXGI,0,0,1,Hardware Composed: Independent Flip,22949.2421,NA,23.76570000000000,23.44800000000000,5.76280000000000,29.05390000000000,29.1142,22945.3100,9.6949,3.9321,5.7628,9.5131,23.4729,5.7554,17.7175,0.0963,22945.3100,NA,32.1978,NA
BioshockHD.exe,18704,0xB251BA8,DXGI,0,0,1,Hardware Composed: Independent Flip,22959.0563,NA,9.81420000000000,9.82240000000000,19.46700000000000,29.03550000000000,29.1224,22955.0049,23.5184,4.0514,19.4670,23.2911,9.7958,5.6812,4.1146,-0.1275,22955.0049,NA,31.0475,NA
BioshockHD.exe,18704,0xB251BA8,DXGI,0,0,1,Hardware Composed: Independent Flip,22982.5339,NA,23.47760000000000,23.32590000000000,5.80550000000000,28.89510000000000,28.9707,22978.5233,9.8161,4.0106,5.8055,9.5685,23.3372,5.6705,17.6667,0.1925,22978.5233,NA,39.3793,NA
BioshockHD.exe,18704,0xB251BA8,DXGI,0,0,1,Hardware Composed: Independent Flip,22992.3412,NA,9.80730000000000,9.90010000000000,19.26300000000000,28.97260000000000,29.0635,22988.3394,23.2648,4.0018,19.2630,23.0896,9.8848,5.6827,4.2021,-0.0840,22988.3394,NA,33.2402,NA
BioshockHD.exe,18704,0xB251BA8,DXGI,0,0,1,Hardware Composed: Independent Flip,23015.3740,NA,23.03280000000000,23.18300000000000,6.12810000000000,29.13430000000000,29.2137,23011.6042,9.8979,3.7698,6.1281,9.7096,23.1945,5.6446,17.5499,0.0818,23011.6042,NA,29.4415,NA
BioshockHD.exe,18704,0xB251BA8,DXGI,0,0,1,Hardware Composed: Independent Flip,23025.1406,NA,9.76660000000000,9.89440000000000,19.54760000000000,29.26680000000000,29.3415,23021.5021,23.1861,3.6385,19.5476,23.0062,9.8991,5.6715,4.2276,0.0035,23021.5021,NA,30.3474,NA
BioshockHD.exe,18704,0xB251BA8,DXGI,0,0,1,Hardware Composed: Independent Flip,23048.3819,NA,23.24130000000000,23.22220000000000,6.20850000000000,29.25020000000000,29.3224,23044.6882,9.9022,3.6937,6.2085,9.7192,23.2247,5.6622,17.5625,-0.0361,23044.6882,NA,31.5728,NA
BioshockHD.exe,18704,0xB251BA8,DXGI,0,0,1,Hardware Composed: Independent Flip,23058.4511,NA,10.06920000000000,9.94860000000000,19.35190000000000,29.12360000000000,29.2018,23054.5904,23.2126,3.8607,19.3519,23.0417,9.9426,5.8001,4.1425,-0.0464,23054.5904,NA,31.5252,NA
BioshockHD.exe,18704,0xB251BA8,DXGI,0,0,1,Hardware Composed: Independent Flip,23081.7452,NA,23.29410000000000,23.34160000000000,6.03530000000000,29.18910000000000,29.2493,23077.8030,9.9775,3.9422,6.0353,9.7717,23.3596,5.6870,17.6726,-0.1290,23077.8030,NA,35.8637,NA
BioshockHD.exe,18704,0xB251BA8,DXGI,0,0,1,Hardware Composed: Independent Flip,23091.6291,NA,9.88390000000000,9.67850000000000,19.49870000000000,28.94560000000000,29.0439,23087.7805,23.3473,3.8486,19.4987,23.1538,9.6404,5.6096,4.0308,0.2990,23087.7805,NA,32.5470,NA
BioshockHD.exe,18704,0xB251BA8,DXGI,0,0,1,Hardware Composed: Independent Flip,23115.1138,NA,23.48470000000000,23.37280000000000,5.69470000000000,28.83180000000000,28.9320,23111.1278,9.6807,3.9860,5.6947,9.4469,23.3709,5.6480,17.7229,-0.0255,23111.1278,NA,29.9115,NA
BioshockHD.exe,18704,0xB251BA8,DXGI,0,0,1,Hardware Composed: Independent Flip,23124.4251,NA,9.31130000000000,9.67450000000000,19.77070000000000,29.21450000000000,29.2952,23120.8085,23.3873,3.6166,19.7707,23.1371,9.6940,5.6137,4.0803,0.0062,23120.8085,NA,29.5809,NA
BioshockHD.exe,18704,0xB251BA8,DXGI,0,0,1,Hardware Composed: Independent Flip,23148.0617,NA,23.63660000000000,23.46330000000000,5.75320000000000,29.03580000000000,29.1219,23144.1958,9.6191,3.8659,5.7532,9.4438,23.4579,5.6880,17.7699,-0.0760,23144.1958,NA,30.0527,NA
BioshockHD.exe,18704,0xB251BA8,DXGI,0,0,1,Hardware Composed: Independent Flip,23157.8321,NA,9.77040000000000,10.03940000000000,19.45270000000000,29.31470000000000,29.3909,23153.8149,23.4699,4.0172,19.4527,23.2826,10.0493,5.7758,4.2735,-0.4203,23153.8149,NA,31.0920,NA
BioshockHD.exe,18704,0xB251BA8,DXGI,0,0,1,Hardware Composed: Independent Flip,23181.0967,NA,23.26460000000000,23.19340000000000,6.21930000000000,29.21750000000000,29.3197,23177.2848,10.0312,3.8119,6.2193,9.8620,23.1674,5.7056,17.4618,0.2765,23177.2848,NA,31.2932,NA
BioshockHD.exe,18704,0xB251BA8,DXGI,0,0,1,Hardware Composed: Independent Flip,23191.2503,NA,10.15360000000000,9.98220000000000,19.34300000000000,29.08250000000000,29.1483,23187.3160,23.2773,3.9343,19.3430,22.9982,10.0186,5.7100,4.3086,0.0490,23187.3160,NA,31.2693,NA
BioshockHD.exe,18704,0xB251BA8,DXGI,0,0,1,Hardware Composed: Independent Flip,23214.2942,NA,23.04390000000000,23.12000000000000,6.22660000000000,29.13640000000000,29.2244,23210.5933,9.9275,3.7009,6.2266,9.7395,23.0978,5.6222,17.4756,0.1573,23210.5933,NA,32.3950,NA
BioshockHD.exe,18704,0xB251BA8,DXGI,0,0,1,Hardware Composed: Independent Flip,23224.4648,NA,10.17060000000000,9.57790000000000,19.20740000000000,28.57420000000000,28.6317,23220.5208,23.1514,3.9440,19.2074,22.9098,9.6084,5.5827,4.0257,0.3496,23220.5208,NA,NA,NA
BioshockHD.exe,18704,0xB251BA8,DXGI,0,0,1,Hardware Composed: Independent Flip,23247.7170,NA,23.25220000000000,22.86410000000000,5.47530000000000,28.20060000000000,28.2436,23243.6722,9.5201,4.0448,5.4753,9.3668,22.8786,5.2078,17.6708,0.2873,23243.6722,NA,40.8000,NA
BioshockHD.exe,18704,0xB251BA8,DXGI,0,0,1,Hardware Composed: Independent Flip,23257.1783,NA,9.46130000000000,9.76830000000000,18.92280000000000,28.48260000000000,28.5506,23253.1923,22.9088,3.9860,18.9228,22.7253,9.7433,5.6635,4.0798,-0.2482,23253.1923,NA,35.5963,NA
BioshockHD.exe,18704,0xB251BA8,DXGI,0,0,1,Hardware Composed: Independent Flip,23280.2422,NA,23.06390000000000,23.35110000000000,5.61430000000000,28.74700000000000,28.8378,23276.1011,9.7554,4.1411,5.6143,9.5598,23.3283,5.6429,17.6854,-0.4423,23276.1011,NA,33.8932,NA
BioshockHD.exe,18704,0xB251BA8,DXGI,0,0,1,Hardware Composed: Independent Flip,23289.7442,NA,9.50200000000000,9.71790000000000,19.46830000000000,28.96020000000000,29.0537,23285.8565,23.3560,3.8877,19.4683,23.1327,9.7152,5.5893,4.1259,0.0375,23285.8565,NA,32.6455,NA
BioshockHD.exe,18704,0xB251BA8,DXGI,0,0,1,Hardware Composed: Independent Flip,23313.3713,NA,23.62710000000000,23.32130000000000,5.51850000000000,28.66580000000000,28.7479,23309.2125,9.6773,4.1588,5.5185,9.4919,23.3327,5.6143,17.7184,0.0347,23309.2125,NA,31.9271,NA
BioshockHD.exe,18704,0xB251BA8,DXGI,0,0,1,Hardware Composed: Independent Flip,23322.5846,NA,9.21330000000000,9.82980000000000,19.73450000000000,29.28500000000000,29.3644,23318.8898,23.4293,3.6948,19.7345,23.1473,9.8325,5.6708,4.1617,-0.1525,23318.8898,NA,31.8235,NA
BioshockHD.exe,18704,0xB251BA8,DXGI,0,0,1,Hardware Composed: Independent Flip,23346.1143,NA,23.52970000000000,23.26110000000000,5.93290000000000,29.02100000000000,29.0958,23342.3191,9.7281,3.7952,5.9329,9.5505,23.2657,5.6305,17.6352,0.1682,23342.3191,NA,32.0805,NA
BioshockHD.exe,18704,0xB251BA8,DXGI,0,0,1,Hardware Composed: Independent Flip,23355.6570,NA,9.54270000000000,10.44210000000000,19.65690000000000,29.90530000000000,29.9952,23352.0472,23.2667,3.6098,19.6569,23.0881,10.4270,5.7000,4.7270,-0.7140,23352.0472,NA,30.5212,NA
BioshockHD.exe,18704,0xB251BA8,DXGI,0,0,1,Hardware Composed: Independent Flip,23379.0377,NA,23.38070000000000,23.38230000000000,6.71990000000000,29.90160000000000,29.9968,23375.3139,10.4437,3.7238,6.7199,10.2484,23.3770,5.6613,17.7157,-0.1156,23375.3139,NA,30.9089,NA
BioshockHD.exe,18704,0xB251BA8,DXGI,0,0,1,Hardware Composed: Independent Flip,23389.8626,NA,10.82490000000000,9.88120000000000,19.28250000000000,28.98240000000000,29.0531,23385.7576,23.3875,4.1050,19.2825,23.1817,9.9057,5.5475,4.3582,0.5625,23385.7576,NA,29.7898,NA
BioshockHD.exe,18704,0xB251BA8,DXGI,0,0,1,Hardware Composed: Independent Flip,23412.5229,NA,22.66030000000000,22.63530000000000,6.49940000000000,28.93650000000000,29.0281,23409.1451,9.8772,3.3778,6.4994,9.6999,22.6144,5.5356,17.0788,0.7522,23409.1451,NA,29.4241,NA
BioshockHD.exe,18704,0xB251BA8,DXGI,0,0,1,Hardware Composed: Independent Flip,23423.0926,NA,10.56970000000000,9.79600000000000,18.58970000000000,28.17310000000000,28.2544,23419.0223,22.6600,4.0703,18.5897,22.4371,9.8063,5.5503,4.2560,0.0812,23419.0223,NA,30.2110,NA
BioshockHD.exe,18704,0xB251BA8,DXGI,0,0,1,Hardware Composed: Independent Flip,23445.2497,NA,22.15710000000000,22.98470000000000,6.20030000000000,29.00410000000000,29.0820,23441.6823,9.7677,3.5674,6.2003,9.5834,22.9881,5.5122,17.4759,-0.3247,23441.6823,NA,30.2066,NA
BioshockHD.exe,18704,0xB251BA8,DXGI,0,0,1,Hardware Composed: Independent Flip,23454.9689,NA,9.71920000000000,9.97280000000000,19.47030000000000,29.24880000000000,29.3356,23451.4500,22.9892,3.5189,19.4703,22.8038,9.9639,5.5598,4.4041,-0.2051,23451.4500,NA,30.1796,NA
BioshockHD.exe,18704,0xB251BA8,DXGI,0,0,1,Hardware Composed: Independent Flip,23478.0336,NA,23.06470000000000,28.59100000000000,6.37050000000000,34.77670000000000,34.8619,23474.4392,9.9649,3.5944,6.3705,9.7785,28.5926,10.4642,18.1284,-5.6018,23474.4392,NA,40.7643,NA
BioshockHD.exe,18704,0xB251BA8,DXGI,0,0,1,Hardware Composed: Independent Flip,23488.6277,NA,10.59410000000000,11.04800000000000,24.37540000000000,35.27280000000000,35.3158,23484.4041,28.5990,4.2236,24.3754,28.4062,11.0902,5.7827,5.3075,-1.0831,23484.4041,NA,NA,NA
BioshockHD.exe,18704,0xB251BA8,DXGI,0,0,1,Hardware Composed: Independent Flip,23516.7545,NA,28.12680000000000,22.38900000000000,7.31030000000000,29.52620000000000,29.5780,23513.0031,11.0617,3.7514,7.3103,10.8974,22.3802,5.0479,17.3323,6.2100,23513.0031,NA,44.1765,NA
BioshockHD.exe,18704,0xB251BA8,DXGI,0,0,1,Hardware Composed: Independent Flip,23528.3978,NA,11.64330000000000,9.77860000000000,18.03680000000000,27.58910000000000,27.7133,23524.0648,22.3698,4.3330,18.0368,22.2159,9.7062,5.5724,4.1338,1.2831,23524.0648,NA,31.9781,NA
BioshockHD.exe,18704,0xB251BA8,DXGI,0,0,1,Hardware Composed: Independent Flip,23550.1127,NA,21.71490000000000,22.94410000000000,6.09740000000000,28.85980000000000,28.9425,23546.4346,9.7755,3.6781,6.0974,9.5523,22.9856,5.5606,17.4250,-0.5743,23546.4346,NA,33.9277,NA
BioshockHD.exe,18704,0xB251BA8,DXGI,0,0,1,Hardware Composed: Independent Flip,23559.7371,NA,9.62440000000000,10.01240000000000,19.42270000000000,29.25520000000000,29.3305,23556.2101,22.9497,3.5270,19.4227,22.7624,10.0198,5.5520,4.4678,-0.2369,23556.2101,NA,NA,NA
BioshockHD.exe,18704,0xB251BA8,DXGI,0,0,1,Hardware Composed: Independent Flip,23582.7208,NA,22.98370000000000,22.42760000000000,6.45460000000000,28.69280000000000,28.7744,23579.1598,10.0156,3.5610,6.4546,9.8325,22.4213,5.0488,17.3725,0.5221,23579.1598,NA,NA,NA
BioshockHD.exe,18704,0xB251BA8,DXGI,0,0,1,Hardware Composed: Independent Flip,23592.7147,NA,9.99390000000000,9.82750000000000,18.88750000000000,28.52960000000000,28.6080,23589.1754,22.4268,3.5393,18.8875,22.2382,9.8307,5.0731,4.7576,0.1881,23589.1754,NA,NA,NA
BioshockHD.exe,18704,0xB251BA8,DXGI,0,0,1,Hardware Composed: Independent Flip,23615.8184,NA,23.10370000000000,22.53260000000000,5.60650000000000,27.94860000000000,28.0369,23611.6022,9.8227,4.2162,5.6065,9.6421,22.5227,5.0534,17.4693,-0.1058,23611.6022,NA,44.7274,NA
BioshockHD.exe,18704,0xB251BA8,DXGI,0,0,1,Hardware Composed: Independent Flip,23625.1631,NA,9.34470000000000,9.70840000000000,18.80380000000000,28.31250000000000,28.4006,23621.4249,22.5420,3.7382,18.8038,22.3421,9.7086,5.5363,4.1723,0.1143,23621.4249,NA,29.4309,NA
BioshockHD.exe,18704,0xB251BA8,DXGI,0,0,1,Hardware Composed: Independent Flip,23647.5948,NA,22.43170000000000,23.11310000000000,6.07020000000000,29.00680000000000,29.0820,23643.9669,9.6981,3.6279,6.0702,9.5087,23.1260,5.0978,18.0282,-0.5711,23643.9669,NA,29.5447,NA
BioshockHD.exe,18704,0xB251BA8,DXGI,0,0,1,Hardware Composed: Independent Flip,23657.3230,NA,9.72820000000000,10.00810000000000,19.46310000000000,29.30490000000000,29.3619,23653.6650,23.1211,3.6580,19.4631,22.9366,10.0263,5.6807,4.3456,-0.3100,23653.6650,NA,34.5591,NA
BioshockHD.exe,18704,0xB251BA8,DXGI,0,0,1,Hardware Composed: Independent Flip,23680.4993,NA,23.17630000000000,23.01330000000000,6.28900000000000,29.11180000000000,29.1989,23676.7861,10.0022,3.7132,6.2890,9.8418,22.9832,5.4666,17.5166,0.1078,23676.7861,NA,31.5713,NA
BioshockHD.exe,18704,0xB251BA8,DXGI,0,0,1,Hardware Composed: Independent Flip,23690.5773,NA,10.07800000000000,9.74200000000000,19.22760000000000,28.79000000000000,28.8629,23686.7883,23.0166,3.7890,19.2276,22.8228,9.7562,5.5331,4.2231,0.2602,23686.7883,NA,31.2730,NA
BioshockHD.exe,18704,0xB251BA8,DXGI,0,0,1,Hardware Composed: Independent Flip,23713.5008,NA,22.92350000000000,22.95830000000000,6.03730000000000,28.81990000000000,28.8977,23709.8049,9.7332,3.6959,6.0373,9.5624,22.9534,5.5048,17.4486,0.0583,23709.8049,NA,30.2620,NA
BioshockHD.exe,18704,0xB251BA8,DXGI,0,0,1,Hardware Composed: Independent Flip,23722.9838,NA,9.48300000000000,9.97420000000000,19.52250000000000,29.30920000000000,29.3889,23719.5381,22.9682,3.4457,19.5225,22.7826,9.9723,5.5244,4.4479,-0.2410,23719.5381,NA,34.2513,NA
BioshockHD.exe,18704,0xB251BA8,DXGI,0,0,1,Hardware Composed: Independent Flip,23745.9102,NA,22.92640000000000,23.01720000000000,6.56200000000000,29.41780000000000,29.4797,23742.5063,9.9659,3.4039,6.5620,9.7867,23.0350,5.7765,17.2585,-0.0490,23742.5063,NA,39.2420,NA
BioshockHD.exe,18704,0xB251BA8,DXGI,0,0,1,Hardware Composed: Independent Flip,23755.9761,NA,10.06590000000000,9.65130000000000,19.51590000000000,28.98480000000000,29.0651,23752.4722,23.0198,3.5039,19.5159,22.8558,9.6329,5.5167,4.1162,0.3146,23752.4722,NA,NA,NA
BioshockHD.exe,18704,0xB251BA8,DXGI,0,0,1,Hardware Composed: Independent Flip,23779.4396,NA,23.46350000000000,23.05210000000000,5.69750000000000,28.53680000000000,28.6537,23775.4920,9.6451,3.9476,5.6975,9.4689,23.0155,5.1797,17.8358,-0.0323,23775.4920,NA,28.9711,NA
BioshockHD.exe,18704,0xB251BA8,DXGI,0,0,1,Hardware Composed: Independent Flip,23789.1461,NA,9.70650000000000,9.88120000000000,19.05150000000000,28.76960000000000,28.8284,23785.1371,23.0605,4.0090,19.0515,22.8393,9.9393,5.5541,4.3852,-0.2361,23785.1371,NA,32.8489,NA
BioshockHD.exe,18704,0xB251BA8,DXGI,0,0,1,Hardware Composed: Independent Flip,23811.6698,NA,22.52370000000000,22.54270000000000,6.40420000000000,28.77090000000000,28.8474,23808.1976,9.8764,3.4722,6.4042,9.7181,22.5250,5.5391,16.9859,0.5178,23808.1976,NA,30.3915,NA
BioshockHD.exe,18704,0xB251BA8,DXGI,0,0,1,Hardware Composed: Independent Flip,23821.4788,NA,9.80900000000000,9.82390000000000,19.14150000000000,28.77640000000000,28.8623,23818.0740,22.5463,3.4048,19.1415,22.3667,9.8145,5.5629,4.2516,0.0525,23818.0740,NA,36.2156,NA
BioshockHD.exe,18704,0xB251BA8,DXGI,0,0,1,Hardware Composed: Independent Flip,23844.3311,NA,22.85230000000000,22.82910000000000,6.16440000000000,28.74960000000000,28.8391,23840.6203,9.8752,3.7108,6.1644,9.6349,22.8255,5.4865,17.3390,-0.2828,23840.6203,NA,NA,NA
BioshockHD.exe,18704,0xB251BA8,DXGI,0,0,1,Hardware Composed: Independent Flip,23854.1841,NA,9.85300000000000,9.90330000000000,19.12740000000000,28.80610000000000,28.8894,23850.4955,22.8160,3.6886,19.1274,22.5852,9.9095,5.5125,4.3970,-0.0281,23850.4955,NA,NA,NA
BioshockHD.exe,18704,0xB251BA8,DXGI,0,0,1,Hardware Composed: Independent Flip,23876.8765,NA,22.69240000000000,22.29980000000000,6.33670000000000,28.41740000000000,28.4968,23873.3115,9.9017,3.5650,6.3367,9.6787,22.3037,5.0487,17.2550,0.5162,23873.3115,NA,NA,NA
BioshockHD.exe,18704,0xB251BA8,DXGI,0,0,1,Hardware Composed: Independent Flip,23886.7172,NA,9.84070000000000,9.65570000000000,18.79360000000000,28.23180000000000,28.3118,23883.2132,22.2976,3.5040,18.7936,22.0807,9.6551,5.3018,4.3533,0.2460,23883.2132,NA,NA,NA
BioshockHD.exe,18704,0xB251BA8,DXGI,0,0,1,Hardware Composed: Independent Flip,23908.9991,NA,22.28190000000000,22.13950000000000,6.16470000000000,28.06110000000000,28.1694,23905.5108,9.6530,3.4883,6.1647,9.4382,22.1112,5.0753,17.0359,0.1581,23905.5108,NA,NA,NA
BioshockHD.exe,18704,0xB251BA8,DXGI,0,0,1,Hardware Composed: Independent Flip,23918.6994,NA,9.70030000000000,9.11790000000000,18.63250000000000,27.51620000000000,27.5870,23915.1638,22.1681,3.5356,18.6325,21.8964,9.1554,5.0320,4.1234,0.5351,23915.1638,NA,NA,NA
BioshockHD.exe,18704,0xB251BA8,DXGI,0,0,1,Hardware Composed: Independent Flip,23941.0724,NA,22.37300000000000,24.75720000000000,5.31180000000000,27.43870000000000,29.9712,23937.3319,9.0523,3.7405,5.3118,8.8837,22.2955,5.0110,17.2845,-2.5891,23937.3319,NA,NA,NA
BioshockHD.exe,18704,0xB251BA8,DXGI,0,0,1,Hardware Composed: Independent Flip,23949.9208,NA,8.84840000000000,6.63820000000000,21.28100000000000,27.67840000000000,27.7610,23946.3842,24.8176,3.5366,21.2810,22.1269,9.0881,5.0010,4.0871,2.4141,23946.3842,NA,NA,NA
BioshockHD.exe,18704,0xB251BA8,DXGI,0,0,1,Hardware Composed: Independent Flip,23974.7860,NA,24.86520000000000,22.78810000000000,3.03930000000000,25.58940000000000,25.6839,23971.2018,6.6235,3.5842,3.0393,6.3974,22.7762,5.0537,17.7225,2.0295,23971.2018,NA,NA,NA
BioshockHD.exe,18704,0xB251BA8,DXGI,0,0,1,Hardware Composed: Independent Flip,23981.6350,NA,6.84900000000000,9.14740000000000,19.02530000000000,27.97260000000000,27.9823,23977.8253,22.8350,3.8097,19.0253,22.5501,9.2322,5.0928,4.1394,-2.5239,23977.8253,NA,NA,NA
BioshockHD.exe,18704,0xB251BA8,DXGI,0,0,1,Hardware Composed: Independent Flip,24004.9641,NA,23.32910000000000,22.36000000000000,4.75550000000000,26.93140000000000,27.0132,24000.6603,9.0593,4.3038,4.7555,8.9473,22.2879,4.9569,17.3310,0.4750,24000.6603,NA,NA,NA
BioshockHD.exe,18704,0xB251BA8,DXGI,0,0,1,Hardware Composed: Independent Flip,24013.1631,NA,8.19900000000000,9.12190000000000,19.00270000000000,27.85440000000000,27.9361,24009.7196,22.4462,3.4435,19.0027,22.1759,9.1220,5.0598,4.0622,-0.0626,24009.7196,NA,NA,NA
BioshockHD.exe,18704,0xB251BA8,DXGI,0,0,1,Hardware Composed: Independent Flip,24036.1332,NA,22.97010000000000,22.41960000000000,5.15830000000000,27.29590000000000,27.3856,24032.1658,9.1257,3.9674,5.1583,8.8517,22.4116,5.0377,17.3739,0.0266,24032.1658,NA,NA,NA
BioshockHD.exe,18704,0xB251BA8,DXGI,0,0,1,Hardware Composed: Independent Flip,24045.0697,NA,8.93650000000000,9.11580000000000,18.61730000000000,27.48460000000000,27.5649,24041.2915,22.3955,3.7782,18.6173,22.1376,9.1252,5.0211,4.1041,0.0099,24041.2915,NA,NA,NA
BioshockHD.exe,18704,0xB251BA8,DXGI,0,0,1,Hardware Composed: Independent Flip,24067.5687,NA,22.49900000000000,22.42530000000000,5.22490000000000,27.45050000000000,27.4912,24063.6870,9.1066,3.8817,5.2249,8.8673,22.4649,5.0883,17.3766,-0.0298,24063.6870,NA,39.9063,NA
BioshockHD.exe,18704,0xB251BA8,DXGI,0,0,1,Hardware Composed: Independent Flip,24076.4158,NA,8.84710000000000,10.06560000000000,18.75060000000000,28.60010000000000,28.7097,24072.7936,22.3728,3.6222,18.7506,22.2256,9.9967,5.5127,4.4840,-0.9590,24072.7936,NA,31.9724,NA
BioshockHD.exe,18704,0xB251BA8,DXGI,0,0,1,Hardware Composed: Independent Flip,24098.7092,NA,22.29340000000000,22.84150000000000,6.52150000000000,29.17860000000000,29.2578,24095.1664,10.0643,3.5428,6.5215,9.8495,22.8719,5.4920,17.3799,-0.4687,24095.1664,NA,37.7824,NA
BioshockHD.exe,18704,0xB251BA8,DXGI,0,0,1,Hardware Composed: Independent Flip,24108.6803,NA,9.97110000000000,12.88500000000000,19.38460000000000,29.14430000000000,32.1717,24105.2307,22.8342,3.4496,19.3846,22.6571,9.9368,5.5202,4.4166,-2.8207,24105.2307,NA,NA,NA
BioshockHD.exe,18704,0xB251BA8,DXGI,0,0,1,Hardware Composed: Independent Flip,24131.4454,NA,22.76510000000000,19.63690000000000,9.53030000000000,28.94310000000000,29.0435,24128.0649,12.9108,3.3805,9.5303,9.7597,22.5639,5.0636,17.5003,3.1973,24128.0649,NA,30.3524,NA
BioshockHD.exe,18704,0xB251BA8,DXGI,0,0,1,Hardware Composed: Independent Flip,24144.4689,NA,13.02350000000000,12.98060000000000,16.12070000000000,25.90680000000000,29.0006,24140.9757,19.6139,3.4932,16.1207,19.4128,9.9872,5.5807,4.4065,-0.0698,24140.9757,NA,30.3391,NA
BioshockHD.exe,18704,0xB251BA8,DXGI,0,0,1,Hardware Composed: Independent Flip,24164.0410,NA,19.57210000000000,19.53660000000000,9.56420000000000,28.88610000000000,28.9651,24160.5896,13.0156,3.4514,9.5642,9.7861,22.5514,5.4822,17.0692,0.0773,24160.5896,NA,31.8496,NA
BioshockHD.exe,18704,0xB251BA8,DXGI,0,0,1,Hardware Composed: Independent Flip,24177.1310,NA,13.09000000000000,12.93860000000000,15.97350000000000,25.80460000000000,28.8137,24173.6052,19.4993,3.5258,15.9735,19.3219,10.0085,5.5479,4.4606,0.0770,24173.6052,NA,34.8071,NA
BioshockHD.exe,18704,0xB251BA8,DXGI,0,0,1,Hardware Composed: Independent Flip,24196.4182,NA,19.28720000000000,19.78600000000000,9.63050000000000,29.23550000000000,29.3125,24193.1045,12.9442,3.3137,9.6305,9.8311,22.7181,5.4513,17.2668,-0.2867,24193.1045,NA,29.6010,NA
BioshockHD.exe,18704,0xB251BA8,DXGI,0,0,1,Hardware Composed: Independent Flip,24209.6711,NA,13.25290000000000,12.84880000000000,16.15680000000000,25.88420000000000,28.9084,24206.0487,19.7792,3.6224,16.1568,19.6050,9.9016,5.5147,4.3869,0.0954,24206.0487,NA,30.4569,NA
BioshockHD.exe,18704,0xB251BA8,DXGI,0,0,1,Hardware Composed: Independent Flip,24229.2652,NA,19.59410000000000,19.99760000000000,9.40750000000000,29.21630000000000,29.3119,24225.8279,12.8448,3.4373,9.4075,9.7274,22.9262,5.5224,17.4038,-0.2184,24225.8279,NA,30.4040,NA
BioshockHD.exe,18704,0xB251BA8,DXGI,0,0,1,Hardware Composed: Independent Flip,24242.3117,NA,13.04650000000000,12.95960000000000,16.36720000000000,26.22330000000000,29.2250,24238.6727,20.0062,3.6390,16.3672,19.8088,10.0535,5.6038,4.4497,-0.1148,24238.6727,NA,30.3807,NA
BioshockHD.exe,18704,0xB251BA8,DXGI,0,0,1,Hardware Composed: Independent Flip,24262.1976,NA,19.88590000000000,19.79750000000000,9.44800000000000,29.03910000000000,29.1366,24258.6789,12.9667,3.5187,9.4480,9.8561,22.7017,5.4445,17.2572,0.2087,24258.6789,NA,35.1800,NA
BioshockHD.exe,18704,0xB251BA8,DXGI,0,0,1,Hardware Composed: Independent Flip,24275.0050,NA,12.80740000000000,9.83280000000000,16.46430000000000,26.07170000000000,26.1620,24271.6456,19.8237,3.3594,16.4643,19.5911,9.8400,5.5483,4.2917,3.1339,24271.6456,NA,27.0329,NA
BioshockHD.exe,18704,0xB251BA8,DXGI,0,0,1,Hardware Composed: Independent Flip,24295.1975,NA,20.19250000000000,22.97710000000000,6.10220000000000,28.87310000000000,28.9466,24291.4693,9.8304,3.7282,6.1022,9.6074,22.9939,5.4900,17.5039,-3.1534,24291.4693,NA,34.0184,NA
BioshockHD.exe,18704,0xB251BA8,DXGI,0,0,1,Hardware Composed: Independent Flip,24304.8257,NA,9.62820000000000,9.92720000000000,19.42190000000000,29.16280000000000,29.2456,24301.2997,22.9479,3.5260,19.4219,22.7709,9.9179,5.5323,4.3856,-0.0968,24301.2997,NA,35.9461,NA
BioshockHD.exe,18704,0xB251BA8,DXGI,0,0,1,Hardware Composed: Independent Flip,24327.7267,NA,22.90100000000000,22.89630000000000,6.43670000000000,29.15900000000000,29.2409,24324.2476,9.9158,3.4791,6.4367,9.7409,22.8972,5.5222,17.3750,0.0516,24324.2476,NA,29.8375,NA
BioshockHD.exe,18704,0xB251BA8,DXGI,0,0,1,Hardware Composed: Independent Flip,24337.6910,NA,9.96430000000000,10.01010000000000,19.37420000000000,29.20690000000000,29.2867,24334.1634,22.9018,3.5276,19.3742,22.7223,10.0122,5.5843,4.4279,-0.0943,24334.1634,NA,29.8544,NA
BioshockHD.exe,18704,0xB251BA8,DXGI,0,0,1,Hardware Composed: Independent Flip,24360.4562,NA,22.76520000000000,22.90270000000000,6.61460000000000,29.33880000000000,29.4242,24357.0652,10.0056,3.3910,6.6146,9.8327,22.8971,5.4979,17.3992,-0.0009,24357.0652,NA,30.7477,NA
BioshockHD.exe,18704,0xB251BA8,DXGI,0,0,1,Hardware Composed: Independent Flip,24370.5104,NA,10.05420000000000,10.71260000000000,19.48830000000000,29.99850000000000,30.0826,24367.0708,22.9279,3.4396,19.4883,22.7242,10.7139,5.4850,5.2289,-0.7070,24367.0708,NA,32.4694,NA
BioshockHD.exe,18704,0xB251BA8,DXGI,0,0,1,Hardware Composed: Independent Flip,24393.7893,NA,23.27890000000000,23.01500000000000,6.93080000000000,29.74410000000000,29.8187,24389.9987,10.7214,3.7906,6.9308,10.5102,23.0245,5.5428,17.4817,-0.0871,24389.9987,NA,36.4827,NA
BioshockHD.exe,18704,0xB251BA8,DXGI,0,0,1,Hardware Composed: Independent Flip,24404.8289,NA,11.03960000000000,9.59500000000000,18.94820000000000,28.31260000000000,28.3741,24400.7201,23.0570,4.1088,18.9482,22.8133,9.6081,5.5494,4.0587,1.1264,24400.7201,NA,38.0734,NA
BioshockHD.exe,18704,0xB251BA8,DXGI,0,0,1,Hardware Composed: Independent Flip,24427.8543,NA,23.02540000000000,23.15870000000000,5.51400000000000,28.42180000000000,28.5074,24423.7771,9.5912,4.0772,5.5140,9.3644,23.1346,5.5419,17.5927,-0.1017,24423.7771,NA,34.2328,NA
BioshockHD.exe,18704,0xB251BA8,DXGI,0,0,1,Hardware Composed: Independent Flip,24437.1914,NA,9.33710000000000,9.62600000000000,19.26670000000000,28.72540000000000,28.7963,24433.3683,23.0898,3.8231,19.2667,22.9078,9.6407,5.5279,4.1128,-0.0348,24433.3683,NA,35.8572,NA
BioshockHD.exe,18704,0xB251BA8,DXGI,0,0,1,Hardware Composed: Independent Flip,24460.3222,NA,23.13080000000000,23.15560000000000,5.78820000000000,28.73260000000000,28.8211,24456.4581,9.6523,3.8641,5.7882,9.4587,23.1380,5.4748,17.6632,-0.0658,24456.4581,NA,32.0197,NA
BioshockHD.exe,18704,0xB251BA8,DXGI,0,0,1,Hardware Composed: Independent Flip,24469.5307,NA,9.20850000000000,9.77870000000000,19.74330000000000,29.31120000000000,29.3913,24466.1104,23.1636,3.4203,19.7433,22.9444,9.7871,5.5443,4.2428,-0.1264,24466.1104,NA,30.7960,NA
BioshockHD.exe,18704,0xB251BA8,DXGI,0,0,1,Hardware Composed: Independent Flip,24492.9901,NA,23.45940000000000,23.04520000000000,6.03470000000000,28.90810000000000,28.9771,24489.2740,9.7508,3.7161,6.0347,9.5679,23.0563,5.5400,17.5163,0.1184,24489.2740,NA,31.8411,NA
BioshockHD.exe,18704,0xB251BA8,DXGI,0,0,1,Hardware Composed: Independent Flip,24502.5594,NA,9.56930000000000,9.61530000000000,19.51320000000000,28.93590000000000,29.0231,24499.0248,23.0478,3.5346,19.5132,22.8734,9.5971,5.5123,4.0848,0.1355,24499.0248,NA,32.4581,NA
BioshockHD.exe,18704,0xB251BA8,DXGI,0,0,1,Hardware Composed: Independent Flip,24526.1397,NA,23.58030000000000,23.22650000000000,5.53930000000000,28.59060000000000,28.6693,24522.0726,9.6064,4.0671,5.5393,9.4227,23.2350,5.5549,17.6801,-0.1787,24522.0726,NA,29.6747,NA
BioshockHD.exe,18704,0xB251BA8,DXGI,0,0,1,Hardware Composed: Independent Flip,24535.0681,NA,8.92840000000000,9.86090000000000,19.84350000000000,29.52230000000000,29.6018,24531.6790,23.2326,3.3891,19.8435,23.0513,9.8601,5.6068,4.2533,-0.2545,24531.6790,NA,31.5450,NA
BioshockHD.exe,18704,0xB251BA8,DXGI,0,0,1,Hardware Composed: Independent Flip,24558.5513,NA,23.48320000000000,23.16610000000000,6.20940000000000,29.18690000000000,29.2847,24554.9116,9.8491,3.6397,6.2094,9.6788,23.1478,5.6100,17.5378,0.0665,24554.9116,NA,29.7060,NA
BioshockHD.exe,18704,0xB251BA8,DXGI,0,0,1,Hardware Composed: Independent Flip,24568.2724,NA,9.72110000000000,9.64980000000000,19.69420000000000,29.14010000000000,29.2134,24564.7607,23.2059,3.5117,19.6942,22.9775,9.6743,5.5933,4.0810,0.1993,24564.7607,NA,29.3573,NA
BioshockHD.exe,18704,0xB251BA8,DXGI,0,0,1,Hardware Composed: Independent Flip,24591.9296,NA,23.65720000000000,23.40020000000000,5.65120000000000,28.86940000000000,28.9564,24587.9666,9.6142,3.9630,5.6512,9.4459,23.3865,5.6501,17.7364,-0.1943,24587.9666,NA,30.7576,NA
BioshockHD.exe,18704,0xB251BA8,DXGI,0,0,1,Hardware Composed: Independent Flip,24601.2112,NA,9.28160000000000,9.92180000000000,19.79840000000000,29.51910000000000,29.5966,24597.5808,23.4288,3.6304,19.7984,23.2182,9.9313,5.7103,4.2210,-0.3076,24597.5808,NA,30.6806,NA
BioshockHD.exe,18704,0xB251BA8,DXGI,0,0,1,Hardware Composed: Independent Flip,24624.8189,NA,23.60770000000000,23.12920000000000,6.11540000000000,29.03320000000000,29.1181,24621.0096,9.9247,3.8093,6.1154,9.7207,23.1218,5.6503,17.4715,0.2996,24621.0096,NA,30.8056,NA
BioshockHD.exe,18704,0xB251BA8,DXGI,0,0,1,Hardware Composed: Independent Flip,24634.8344,NA,10.01550000000000,9.83570000000000,19.20530000000000,28.86010000000000,28.9383,24630.9343,23.1054,3.9001,19.2053,22.9178,9.8424,5.7364,4.1060,0.0890,24630.9343,NA,30.6390,NA
BioshockHD.exe,18704,0xB251BA8,DXGI,0,0,1,Hardware Composed: Independent Flip,24657.9259,NA,23.09150000000000,23.30460000000000,5.95040000000000,29.05640000000000,29.1514,24654.0397,9.8366,3.8862,5.9504,9.6548,23.2878,5.6082,17.6796,-0.1992,24654.0397,NA,36.9489,NA
BioshockHD.exe,18704,0xB251BA8,DXGI,0,0,1,Hardware Composed: Independent Flip,24667.6179,NA,9.69200000000000,9.80330000000000,19.56310000000000,29.21190000000000,29.2627,24663.8763,23.3047,3.7416,19.5631,23.1060,9.8475,5.7173,4.1302,0.0333,24663.8763,NA,37.7550,NA
BioshockHD.exe,18704,0xB251BA8,DXGI,0,0,1,Hardware Composed: Independent Flip,24690.7728,NA,23.15490000000000,23.31550000000000,6.21850000000000,29.32210000000000,29.4233,24687.1810,9.8103,3.5918,6.2185,9.6488,23.2651,5.6636,17.6015,-0.0108,24687.1810,NA,30.0670,NA
BioshockHD.exe,18704,0xB251BA8,DXGI,0,0,1,Hardware Composed: Independent Flip,24700.5872,NA,9.81440000000000,9.97640000000000,19.70880000000000,29.48620000000000,29.5853,24696.9913,23.3047,3.5959,19.7088,23.1036,9.9785,5.7253,4.2532,-0.1661,24696.9913,NA,31.0442,NA
BioshockHD.exe,18704,0xB251BA8,DXGI,0,0,1,Hardware Composed: Independent Flip,24723.8546,NA,23.26740000000000,23.12870000000000,6.41300000000000,29.36510000000000,29.4466,24720.2960,9.9716,3.5586,6.4130,9.7774,23.1463,5.6238,17.5225,0.1760,24720.2960,NA,32.1683,NA
BioshockHD.exe,18704,0xB251BA8,DXGI,0,0,1,Hardware Composed: Independent Flip,24733.7952,NA,9.94060000000000,10.15120000000000,19.65900000000000,29.56810000000000,29.6572,24730.2676,23.1866,3.5276,19.6590,22.9521,10.1436,5.6761,4.4675,-0.1796,24730.2676,NA,30.3268,NA
BioshockHD.exe,18704,0xB251BA8,DXGI,0,0,1,Hardware Composed: Independent Flip,24756.9792,NA,23.18400000000000,22.99240000000000,6.57610000000000,29.38170000000000,29.4656,24753.4542,10.1011,3.5250,6.5761,9.9091,22.9976,5.6311,17.3665,0.1942,24753.4542,NA,35.3252,NA
BioshockHD.exe,18704,0xB251BA8,DXGI,0,0,1,Hardware Composed: Independent Flip,24767.0714,NA,10.09220000000000,9.67940000000000,19.53490000000000,28.97370000000000,29.0528,24763.5553,23.0510,3.5161,19.5349,22.8056,9.6842,5.6296,4.0546,0.4217,24763.5553,NA,29.9971,NA
BioshockHD.exe,18704,0xB251BA8,DXGI,0,0,1,Hardware Composed: Independent Flip,24790.5896,NA,23.51820000000000,23.52360000000000,5.62920000000000,28.98100000000000,29.0582,24786.6063,9.6125,3.9833,5.6292,9.4388,23.5255,5.7525,17.7730,-0.4726,24786.6063,NA,29.5240,NA
BioshockHD.exe,18704,0xB251BA8,DXGI,0,0,1,Hardware Composed: Independent Flip,24800.1326,NA,9.54300000000000,9.85470000000000,19.66700000000000,29.29300000000000,29.3699,24796.2188,23.5808,3.9138,19.6670,23.3518,9.8550,5.7742,4.0808,-0.2422,24796.2188,NA,31.3734,NA
BioshockHD.exe,18704,0xB251BA8,DXGI,0,0,1,Hardware Composed: Independent Flip,24823.6704,NA,23.53780000000000,23.08240000000000,5.92420000000000,28.81580000000000,28.9145,24819.7996,9.7950,3.8708,5.9242,9.6260,23.0606,5.6419,17.4187,0.4984,24819.7996,NA,31.4572,NA
BioshockHD.exe,18704,0xB251BA8,DXGI,0,0,1,Hardware Composed: Independent Flip,24833.5509,NA,9.88050000000000,9.76380000000000,19.16340000000000,28.72330000000000,28.7978,24829.5946,23.1197,3.9563,19.1634,22.8916,9.7880,5.6843,4.1037,0.0312,24829.5946,NA,31.2197,NA
BioshockHD.exe,18704,0xB251BA8,DXGI,0,0,1,Hardware Composed: Independent Flip,24856.5846,NA,23.03370000000000,23.37720000000000,5.85920000000000,29.06500000000000,29.1413,24852.7143,9.7295,3.8703,5.8592,9.5599,23.3754,5.6542,17.7212,-0.2575,24852.7143,NA,34.6053,NA
BioshockHD.exe,18704,0xB251BA8,DXGI,0,0,1,Hardware Composed: Independent Flip,24866.2350,NA,9.65040000000000,9.85510000000000,19.63210000000000,29.28740000000000,29.3460,24862.4438,23.4233,3.7912,19.6321,23.2058,9.8728,5.6700,4.2028,-0.1256,24862.4438,NA,31.4560,NA
BioshockHD.exe,18704,0xB251BA8,DXGI,0,0,1,Hardware Composed: Independent Flip,24889.6017,NA,23.36670000000000,23.96240000000000,6.11440000000000,29.85450000000000,29.9417,24885.8671,9.8490,3.7346,6.1144,9.6553,23.9338,5.6622,18.2716,-0.5391,24885.8671,NA,38.4193,NA
BioshockHD.exe,18704,0xB251BA8,DXGI,0,0,1,Hardware Composed: Independent Flip,24899.5783,NA,9.97660000000000,9.76290000000000,20.13270000000000,29.64230000000000,29.7280,24895.7161,23.9949,3.8622,20.1327,23.7401,9.7644,5.6434,4.1210,0.0861,24895.7161,NA,32.1500,NA
BioshockHD.exe,18704,0xB251BA8,DXGI,0,0,1,Hardware Composed: Independent Flip,24923.5868,NA,24.00850000000000,22.98180000000000,5.82010000000000,28.61290000000000,28.7013,24919.7110,9.6959,3.8758,5.8201,9.5096,22.9791,5.2185,17.7606,1.0131,24919.7110,NA,NA,NA
BioshockHD.exe,18704,0xB251BA8,DXGI,0,0,1,Hardware Composed: Independent Flip,24933.0322,NA,9.44540000000000,9.68570000000000,19.36300000000000,28.85690000000000,28.9416,24929.4069,22.9883,3.6253,19.3630,22.7928,9.6894,5.6249,4.0645,0.0102,24929.4069,NA,35.8442,NA
BioshockHD.exe,18704,0xB251BA8,DXGI,0,0,1,Hardware Composed: Independent Flip,24956.5197,NA,23.48750000000000,23.40240000000000,5.55740000000000,28.77560000000000,28.8565,24952.3952,9.6819,4.1245,5.5574,9.4939,23.4062,5.6460,17.7602,-0.4141,24952.3952,NA,41.2496,NA
