Application,ProcessID,SwapChainAddress,PresentRuntime,SyncInterval,PresentFlags,AllowsTearing,PresentMode,TimeInMs,MsBetweenSimulationStart,MsBetweenPresents,MsBetweenDisplayChange,MsInPresentAPI,MsRenderPresentLatency,MsUntilDisplayed,CPUStartTimeInMs,MsBetweenAppStart,MsCPUBusy,MsCPUWait,MsGPULatency,MsGPUTime,MsGPUBusy,MsGPUWait,MsAnimationError,AnimationTime,MsFlipDelay,MsAllInputToPhotonLatency,MsClickToPhotonLatency
SandFall-Win64-Shipping.exe,32396,0x27E295FDE80,DXGI,0,0,1,Hardware Composed: Independent Flip,25.2221,NA,10.72750000000000,17.16370000000000,0.28800000000000,9.60220000000000,12.2341,14.7629,10.7472,10.4592,0.2880,5.4595,14.6019,14.5972,0.0047,NA,14.7629,NA,NA,NA
SandFall-Win64-Shipping.exe,32396,0x27E295FDE80,DXGI,0,0,1,Hardware Composed: Independent Flip,35.2564,NA,10.03430000000000,11.72170000000000,0.26040000000000,13.84640000000000,13.9215,25.5101,10.0067,9.7463,0.2604,9.3142,14.2785,14.2764,0.0021,-0.9745,25.5101,NA,NA,NA
SandFall-Win64-Shipping.exe,32396,0x27E295FDE80,DXGI,0,0,1,Hardware Composed: Independent Flip,51.0493,NA,15.79290000000000,14.51500000000000,0.26300000000000,12.53950000000000,12.6436,35.5168,15.7955,15.5325,0.2630,13.5860,14.4860,14.4784,0.0076,-4.5083,35.5168,NA,NA,NA
SandFall-Win64-Shipping.exe,32396,0x27E295FDE80,DXGI,0,0,1,Hardware Composed: Independent Flip,66.0994,NA,15.05010000000000,14.16690000000000,0.25850000000000,11.62400000000000,11.7604,51.3123,15.0456,14.7871,0.2585,12.2765,14.1346,14.1322,0.0024,1.6286,51.3123,NA,NA,NA
SandFall-Win64-Shipping.exe,32396,0x27E295FDE80,DXGI,0,0,1,Hardware Composed: Independent Flip,81.4936,NA,15.39420000000000,14.09190000000000,0.42320000000000,10.39080000000000,10.4581,66.3579,15.5589,15.1357,0.4232,11.3655,14.1610,14.1593,0.0017,0.9537,66.3579,NA,NA,NA
SandFall-Win64-Shipping.exe,32396,0x27E295FDE80,DXGI,0,0,1,Hardware Composed: Independent Flip,95.0326,NA,13.53900000000000,14.27680000000000,0.28600000000000,10.96650000000000,11.1959,81.9168,13.4018,13.1158,0.2860,9.9676,14.1147,14.1108,0.0039,1.2821,81.9168,NA,NA,NA
SandFall-Win64-Shipping.exe,32396,0x27E295FDE80,DXGI,0,0,1,Hardware Composed: Independent Flip,112.5388,NA,17.50620000000000,14.18560000000000,0.30430000000000,7.81330000000000,7.8753,95.3186,17.5245,17.2202,0.3043,10.6805,14.3530,14.3473,0.0057,-0.7838,95.3186,NA,NA,NA
SandFall-Win64-Shipping.exe,32396,0x27E295FDE80,DXGI,0,0,1,Hardware Composed: Independent Flip,130.3800,NA,17.84120000000000,15.13940000000000,0.33580000000000,5.05130000000000,5.1735,112.8431,17.8727,17.5369,0.3358,7.5090,15.0792,14.3271,0.7521,2.3851,112.8431,NA,NA,NA
SandFall-Win64-Shipping.exe,32396,0x27E295FDE80,DXGI,0,0,1,Hardware Composed: Independent Flip,147.5622,NA,17.18220000000000,16.67240000000000,0.47730000000000,4.27700000000000,4.6637,130.7158,17.3237,16.8464,0.4773,4.7155,16.4079,14.3944,2.0135,1.2003,130.7158,NA,NA,NA
SandFall-Win64-Shipping.exe,32396,0x27E295FDE80,DXGI,0,0,1,Hardware Composed: Independent Flip,162.7472,NA,15.18500000000000,15.70740000000000,0.26770000000000,5.15610000000000,5.1861,148.0395,14.9754,14.7077,0.2677,3.7997,16.0641,14.3426,1.7215,1.6163,148.0395,NA,NA,NA
SandFall-Win64-Shipping.exe,32396,0x27E295FDE80,DXGI,0,0,1,Hardware Composed: Independent Flip,184.0371,NA,21.28990000000000,19.15180000000000,0.34710000000000,3.00790000000000,3.0480,163.0149,21.3693,21.0222,0.3471,4.8884,19.1417,15.3186,3.8231,-4.1764,163.0149,NA,NA,NA
SandFall-Win64-Shipping.exe,32396,0x27E295FDE80,DXGI,0,0,1,Hardware Composed: Independent Flip,200.1578,NA,16.12070000000000,16.62400000000000,0.26970000000000,3.42810000000000,3.5513,184.3842,16.0433,15.7736,0.2697,2.6608,16.5409,14.9129,1.6280,4.7453,184.3842,NA,NA,NA
SandFall-Win64-Shipping.exe,32396,0x27E295FDE80,DXGI,0,0,1,Hardware Composed: Independent Flip,215.2397,NA,15.08190000000000,15.24740000000000,0.29350000000000,3.65610000000000,3.7168,200.4275,15.1057,14.8122,0.2935,3.1584,15.3099,14.5257,0.7842,0.7959,200.4275,NA,NA,NA
SandFall-Win64-Shipping.exe,32396,0x27E295FDE80,DXGI,0,0,1,Hardware Composed: Independent Flip,229.2989,NA,14.05920000000000,16.35220000000000,0.48100000000000,4.62730000000000,6.0098,215.5332,14.2467,13.7657,0.4810,3.3626,15.0304,14.7075,0.3229,-1.2465,215.5332,NA,NA,NA
SandFall-Win64-Shipping.exe,32396,0x27E295FDE80,DXGI,0,0,1,Hardware Composed: Independent Flip,246.4900,NA,17.19110000000000,14.53550000000000,0.28730000000000,3.29430000000000,3.3542,229.7799,16.9974,16.7101,0.2873,4.1463,15.8581,14.7789,1.0792,-0.2888,229.7799,NA,NA,NA
SandFall-Win64-Shipping.exe,32396,0x27E295FDE80,DXGI,0,0,1,Hardware Composed: Independent Flip,260.9985,NA,14.50850000000000,15.77960000000000,0.30830000000000,3.78890000000000,4.6253,246.7773,14.5295,14.2212,0.3083,3.0070,15.0031,14.2018,0.8013,1.2178,246.7773,NA,NA,NA
SandFall-Win64-Shipping.exe,32396,0x27E295FDE80,DXGI,0,0,1,Hardware Composed: Independent Flip,275.4194,NA,14.42090000000000,14.86650000000000,0.45680000000000,5.02900000000000,5.0709,261.3068,14.5694,14.1126,0.4568,3.4806,15.6610,15.0086,0.6524,-0.3370,261.3068,NA,NA,NA
SandFall-Win64-Shipping.exe,32396,0x27E295FDE80,DXGI,0,0,1,Hardware Composed: Independent Flip,293.1278,NA,17.70840000000000,16.43700000000000,0.29580000000000,3.59690000000000,3.7995,275.8762,17.5474,17.2516,0.2958,4.5722,16.2763,15.1660,1.1103,-1.8676,275.8762,NA,NA,NA
SandFall-Win64-Shipping.exe,32396,0x27E295FDE80,DXGI,0,0,1,Hardware Composed: Independent Flip,307.7949,NA,14.66710000000000,15.17350000000000,0.28100000000000,3.68890000000000,4.3059,293.4236,14.6523,14.3713,0.2810,3.3011,14.7591,14.1308,0.6283,2.3739,293.4236,NA,NA,NA
SandFall-Win64-Shipping.exe,32396,0x27E295FDE80,DXGI,0,0,1,Hardware Composed: Independent Flip,321.9204,NA,14.12550000000000,14.16540000000000,0.38060000000000,4.31980000000000,4.3458,308.0759,14.2251,13.8445,0.3806,3.4079,14.7564,14.5461,0.2103,0.4869,308.0759,NA,NA,NA
SandFall-Win64-Shipping.exe,32396,0x27E295FDE80,DXGI,0,0,1,Hardware Composed: Independent Flip,338.5346,NA,16.61420000000000,15.92250000000000,0.33680000000000,3.54480000000000,3.6541,322.3010,16.5704,16.2336,0.3368,3.9392,15.8392,14.4876,1.3516,-1.6974,322.3010,NA,NA,NA
SandFall-Win64-Shipping.exe,32396,0x27E295FDE80,DXGI,0,0,1,Hardware Composed: Independent Flip,352.2798,NA,13.74520000000000,14.55980000000000,0.45090000000000,4.40370000000000,4.4687,338.8714,13.8593,13.4084,0.4509,3.2080,14.6041,14.2371,0.3670,2.0106,338.8714,NA,NA,NA
SandFall-Win64-Shipping.exe,32396,0x27E295FDE80,DXGI,0,0,1,Hardware Composed: Independent Flip,369.4858,NA,17.20600000000000,16.50510000000000,0.26550000000000,3.72760000000000,3.7678,352.7307,17.0206,16.7551,0.2655,3.9528,16.5299,15.1993,1.3306,-2.6458,352.7307,NA,NA,NA
SandFall-Win64-Shipping.exe,32396,0x27E295FDE80,DXGI,0,0,1,Hardware Composed: Independent Flip,384.1080,NA,14.62220000000000,15.19160000000000,0.56340000000000,3.72440000000000,4.3372,369.7513,14.9201,14.3567,0.5634,3.4621,14.6190,14.4603,0.1587,1.8290,369.7513,NA,NA,NA
SandFall-Win64-Shipping.exe,32396,0x27E295FDE80,DXGI,0,0,1,Hardware Composed: Independent Flip,403.0521,NA,18.94410000000000,17.52590000000000,0.31010000000000,2.88550000000000,2.9190,384.6714,18.6908,18.3807,0.3101,3.1610,18.1052,15.2528,2.8524,-2.6058,384.6714,NA,NA,NA
SandFall-Win64-Shipping.exe,32396,0x27E295FDE80,DXGI,0,0,1,Hardware Composed: Independent Flip,422.8767,NA,19.82460000000000,21.02340000000000,0.40990000000000,2.84440000000000,4.1178,403.3622,19.9244,19.5145,0.4099,2.5754,19.7835,15.5765,4.2070,-2.3326,403.3622,NA,NA,NA
SandFall-Win64-Shipping.exe,32396,0x27E295FDE80,DXGI,0,0,1,Hardware Composed: Independent Flip,442.8739,NA,19.99720000000000,19.89930000000000,0.37480000000000,3.54010000000000,4.0199,423.2866,19.9621,19.5873,0.3748,2.4345,20.6929,15.7694,4.9235,0.0251,423.2866,NA,NA,NA
SandFall-Win64-Shipping.exe,32396,0x27E295FDE80,DXGI,0,0,1,Hardware Composed: Independent Flip,459.4111,NA,16.53720000000000,16.34500000000000,0.33920000000000,3.75850000000000,3.8277,443.2487,16.5016,16.1624,0.3392,3.1653,16.7556,15.1524,1.6032,3.6171,443.2487,NA,NA,NA
SandFall-Win64-Shipping.exe,32396,0x27E295FDE80,DXGI,0,0,1,Hardware Composed: Independent Flip,475.3786,NA,15.96750000000000,16.07480000000000,0.29640000000000,3.91510000000000,3.9350,459.7503,15.9247,15.6283,0.2964,3.4193,16.1241,15.1216,1.0025,0.4268,459.7503,NA,NA,NA
SandFall-Win64-Shipping.exe,32396,0x27E295FDE80,DXGI,0,0,1,Hardware Composed: Independent Flip,490.3718,NA,14.99320000000000,16.49700000000000,0.28370000000000,4.13350000000000,5.4388,475.6750,14.9805,14.6968,0.2837,3.6187,15.2116,15.0068,0.2048,-0.5723,475.6750,NA,NA,NA
SandFall-Win64-Shipping.exe,32396,0x27E295FDE80,DXGI,0,0,1,Hardware Composed: Independent Flip,505.1811,NA,14.80930000000000,13.35590000000000,0.28120000000000,3.93020000000000,3.9854,490.6555,14.8068,14.5256,0.2812,3.8498,14.6060,14.6005,0.0055,1.6246,490.6555,NA,NA,NA
SandFall-Win64-Shipping.exe,32396,0x27E295FDE80,DXGI,0,0,1,Hardware Composed: Independent Flip,521.4047,NA,16.22360000000000,17.70040000000000,0.27120000000000,4.33410000000000,5.4622,505.4623,16.2136,15.9424,0.2712,3.6490,16.6275,14.9142,1.7133,-2.8936,505.4623,NA,NA,NA
SandFall-Win64-Shipping.exe,32396,0x27E295FDE80,DXGI,0,0,1,Hardware Composed: Independent Flip,536.8557,NA,15.45100000000000,15.94710000000000,0.26420000000000,4.93160000000000,5.9583,521.6759,15.4440,15.1798,0.2642,4.0629,16.0485,15.3436,0.7049,0.2665,521.6759,NA,NA,NA
SandFall-Win64-Shipping.exe,32396,0x27E295FDE80,DXGI,0,0,1,Hardware Composed: Independent Flip,551.2143,NA,14.35860000000000,13.63590000000000,0.26890000000000,5.16210000000000,5.2356,537.1199,14.3633,14.0944,0.2689,4.6674,14.5891,14.5818,0.0073,1.8081,537.1199,NA,NA,NA
SandFall-Win64-Shipping.exe,32396,0x27E295FDE80,DXGI,0,0,1,Hardware Composed: Independent Flip,565.8933,NA,14.67900000000000,14.07580000000000,0.25370000000000,4.53690000000000,4.6324,551.4832,14.6638,14.4101,0.2537,4.8932,14.0538,14.0495,0.0043,0.2875,551.4832,NA,NA,NA
SandFall-Win64-Shipping.exe,32396,0x27E295FDE80,DXGI,0,0,1,Hardware Composed: Independent Flip,578.7176,NA,12.82430000000000,14.27450000000000,0.28060000000000,5.93140000000000,6.0826,566.1470,12.8512,12.5706,0.2806,4.2832,14.2188,14.2133,0.0055,0.3893,566.1470,NA,NA,NA
SandFall-Win64-Shipping.exe,32396,0x27E295FDE80,DXGI,0,0,1,Hardware Composed: Independent Flip,590.6867,NA,11.96910000000000,14.17210000000000,0.37640000000000,8.21160000000000,8.2856,578.9982,12.0649,11.6885,0.3764,5.6508,14.2493,14.2461,0.0032,-1.3209,578.9982,NA,NA,NA
SandFall-Win64-Shipping.exe,32396,0x27E295FDE80,DXGI,0,0,1,Hardware Composed: Independent Flip,604.5041,NA,13.81740000000000,14.79900000000000,0.33450000000000,9.18560000000000,9.2672,591.0631,13.7755,13.4410,0.3345,7.8352,14.7914,14.7890,0.0024,-2.7341,591.0631,NA,NA,NA
SandFall-Win64-Shipping.exe,32396,0x27E295FDE80,DXGI,0,0,1,Hardware Composed: Independent Flip,618.1161,NA,13.61200000000000,14.51090000000000,0.28870000000000,9.90050000000000,10.1661,604.8386,13.5662,13.2775,0.2887,8.8511,14.3269,14.3227,0.0042,-0.7354,604.8386,NA,NA,NA
SandFall-Win64-Shipping.exe,32396,0x27E295FDE80,DXGI,0,0,1,Hardware Composed: Independent Flip,632.9454,NA,14.82930000000000,14.01000000000000,0.28700000000000,9.27490000000000,9.3468,618.4048,14.8276,14.5406,0.2870,9.6118,14.2037,14.1986,0.0051,-0.4438,618.4048,NA,NA,NA
SandFall-Win64-Shipping.exe,32396,0x27E295FDE80,DXGI,0,0,1,Hardware Composed: Independent Flip,648.8021,NA,15.85670000000000,14.50870000000000,0.26230000000000,7.96780000000000,7.9988,633.2324,15.8320,15.5697,0.2623,8.9879,14.5496,14.5417,0.0079,0.3189,633.2324,NA,NA,NA
SandFall-Win64-Shipping.exe,32396,0x27E295FDE80,DXGI,0,0,1,Hardware Composed: Independent Flip,663.1513,NA,14.34920000000000,14.64970000000000,0.29240000000000,8.19110000000000,8.2993,649.0644,14.3793,14.0869,0.2924,7.7055,14.5725,14.5652,0.0073,1.1823,649.0644,NA,NA,NA
SandFall-Win64-Shipping.exe,32396,0x27E295FDE80,DXGI,0,0,1,Hardware Composed: Independent Flip,679.8605,NA,16.70920000000000,14.08490000000000,0.34370000000000,5.61040000000000,5.6750,663.4437,16.7605,16.4168,0.3437,7.8987,14.1285,14.1226,0.0059,0.2944,663.4437,NA,NA,NA
SandFall-Win64-Shipping.exe,32396,0x27E295FDE80,DXGI,0,0,1,Hardware Composed: Independent Flip,695.1653,NA,15.30480000000000,14.64560000000000,0.26640000000000,4.97270000000000,5.0158,680.2042,15.2275,14.9611,0.2664,5.2667,14.6671,14.6620,0.0051,2.1149,680.2042,NA,NA,NA
SandFall-Win64-Shipping.exe,32396,0x27E295FDE80,DXGI,0,0,1,Hardware Composed: Independent Flip,713.9537,NA,18.78840000000000,17.47050000000000,0.27430000000000,3.46000000000000,3.6979,695.4317,18.7963,18.5220,0.2743,4.7063,17.2757,15.0053,2.2704,-2.2430,695.4317,NA,NA,NA
SandFall-Win64-Shipping.exe,32396,0x27E295FDE80,DXGI,0,0,1,Hardware Composed: Independent Flip,730.9313,NA,16.97760000000000,18.08830000000000,0.28220000000000,4.71900000000000,4.8086,714.2280,16.9855,16.7033,0.2822,3.1857,18.2366,15.3288,2.9078,0.7080,714.2280,NA,NA,NA
SandFall-Win64-Shipping.exe,32396,0x27E295FDE80,DXGI,0,0,1,Hardware Composed: Independent Flip,747.9864,NA,17.05510000000000,17.69460000000000,0.28440000000000,4.92380000000000,5.4481,731.2135,17.0573,16.7729,0.2844,4.4368,17.2599,15.1851,2.0748,-0.7091,731.2135,NA,NA,NA
SandFall-Win64-Shipping.exe,32396,0x27E295FDE80,DXGI,0,0,1,Hardware Composed: Independent Flip,765.3586,NA,17.37220000000000,16.16310000000000,0.30860000000000,4.18030000000000,4.2390,748.2708,17.3964,17.0878,0.3086,4.6394,16.6287,15.1445,1.4842,0.8942,748.2708,NA,NA,NA
SandFall-Win64-Shipping.exe,32396,0x27E295FDE80,DXGI,0,0,1,Hardware Composed: Independent Flip,783.5935,NA,18.23490000000000,17.50730000000000,0.31750000000000,3.44540000000000,3.5114,765.6672,18.2438,17.9263,0.3175,3.8717,17.5000,15.1519,2.3481,-0.1109,765.6672,NA,NA,NA
SandFall-Win64-Shipping.exe,32396,0x27E295FDE80,DXGI,0,0,1,Hardware Composed: Independent Flip,799.6029,NA,16.00940000000000,17.01450000000000,0.26300000000000,4.20120000000000,4.5165,783.9110,15.9549,15.6919,0.2630,3.1279,16.7652,15.2117,1.5535,1.2293,783.9110,NA,NA,NA
SandFall-Win64-Shipping.exe,32396,0x27E295FDE80,DXGI,0,0,1,Hardware Composed: Independent Flip,814.5050,NA,14.90210000000000,14.97710000000000,0.30280000000000,4.48850000000000,4.5915,799.8659,14.9419,14.6391,0.3028,3.9382,15.1894,15.1556,0.0338,0.9778,799.8659,NA,NA,NA
SandFall-Win64-Shipping.exe,32396,0x27E295FDE80,DXGI,0,0,1,Hardware Composed: Independent Flip,830.1634,NA,15.65840000000000,15.41700000000000,0.28810000000000,3.79230000000000,4.3501,814.8078,15.6437,15.3556,0.2881,4.1857,14.9622,14.9561,0.0061,-0.4751,814.8078,NA,NA,NA
SandFall-Win64-Shipping.exe,32396,0x27E295FDE80,DXGI,0,0,1,Hardware Composed: Independent Flip,845.0603,NA,14.89690000000000,14.92790000000000,0.27480000000000,4.32010000000000,4.3811,830.4515,14.8836,14.6088,0.2748,3.5042,15.4247,15.2555,0.1692,0.7158,830.4515,NA,NA,NA
SandFall-Win64-Shipping.exe,32396,0x27E295FDE80,DXGI,0,0,1,Hardware Composed: Independent Flip,859.0579,NA,13.99760000000000,14.26370000000000,0.29130000000000,4.37310000000000,4.6472,845.3351,14.0141,13.7228,0.2913,4.0453,14.0506,14.0454,0.0052,0.6199,845.3351,NA,NA,NA
SandFall-Win64-Shipping.exe,32396,0x27E295FDE80,DXGI,0,0,1,Hardware Composed: Independent Flip,874.0223,NA,14.96440000000000,15.06010000000000,0.35510000000000,4.69400000000000,4.7429,859.3492,15.0282,14.6731,0.3551,4.0818,15.2853,14.7966,0.4887,-1.0460,859.3492,NA,NA,NA
SandFall-Win64-Shipping.exe,32396,0x27E295FDE80,DXGI,0,0,1,Hardware Composed: Independent Flip,887.4433,NA,13.42100000000000,14.69660000000000,0.32270000000000,5.48280000000000,6.0185,874.3774,13.3886,13.0659,0.3227,4.3389,14.2098,14.2042,0.0056,0.3316,874.3774,NA,NA,NA
SandFall-Win64-Shipping.exe,32396,0x27E295FDE80,DXGI,0,0,1,Hardware Composed: Independent Flip,903.2095,NA,15.76620000000000,14.15150000000000,0.35020000000000,4.33930000000000,4.4038,887.7660,15.7937,15.4435,0.3502,5.1601,14.6227,14.6169,0.0058,-0.7629,887.7660,NA,NA,NA
SandFall-Win64-Shipping.exe,32396,0x27E295FDE80,DXGI,0,0,1,Hardware Composed: Independent Flip,918.0576,NA,14.84810000000000,15.44700000000000,0.27820000000000,4.35980000000000,5.0027,903.5597,14.7761,14.4979,0.2782,3.9891,14.8686,14.6791,0.1895,0.3467,903.5597,NA,NA,NA
SandFall-Win64-Shipping.exe,32396,0x27E295FDE80,DXGI,0,0,1,Hardware Composed: Independent Flip,934.5177,NA,16.46010000000000,15.60710000000000,0.28390000000000,4.08370000000000,4.1497,918.3358,16.4658,16.1819,0.2839,4.0816,16.1840,14.8419,1.3421,-0.8310,918.3358,NA,NA,NA
SandFall-Win64-Shipping.exe,32396,0x27E295FDE80,DXGI,0,0,1,Hardware Composed: Independent Flip,949.6819,NA,15.16420000000000,15.53500000000000,0.29360000000000,4.45270000000000,4.5205,934.8016,15.1739,14.8803,0.2936,3.7998,15.5332,15.1110,0.4222,0.9308,934.8016,NA,NA,NA
SandFall-Win64-Shipping.exe,32396,0x27E295FDE80,DXGI,0,0,1,Hardware Composed: Independent Flip,964.4010,NA,14.71910000000000,14.88240000000000,0.28350000000000,4.65020000000000,4.6838,949.9755,14.7090,14.4255,0.2835,4.1591,14.9166,14.8880,0.0286,0.2915,949.9755,NA,NA,NA
SandFall-Win64-Shipping.exe,32396,0x27E295FDE80,DXGI,0,0,1,Hardware Composed: Independent Flip,979.8552,NA,15.45420000000000,15.40870000000000,0.30690000000000,4.59150000000000,4.6383,964.6845,15.4776,15.1707,0.3069,4.3667,15.3955,15.3432,0.0523,-0.6997,964.6845,NA,NA,NA
SandFall-Win64-Shipping.exe,32396,0x27E295FDE80,DXGI,0,0,1,Hardware Composed: Independent Flip,994.8664,NA,15.01120000000000,15.20940000000000,0.29360000000000,4.55850000000000,4.8365,980.1621,14.9979,14.7043,0.2936,4.2846,14.9782,14.9583,0.0199,0.2682,980.1621,NA,NA,NA
SandFall-Win64-Shipping.exe,32396,0x27E295FDE80,DXGI,0,0,1,Hardware Composed: Independent Flip,1010.2011,NA,15.33470000000000,14.93380000000000,0.28930000000000,4.37390000000000,4.4356,995.1600,15.3304,15.0411,0.2893,4.2649,15.1501,14.8974,0.2527,0.0641,995.1600,NA,NA,NA
SandFall-Win64-Shipping.exe,32396,0x27E295FDE80,DXGI,0,0,1,Hardware Composed: Independent Flip,1025.7777,NA,15.57660000000000,15.53030000000000,0.29850000000000,4.24050000000000,4.3893,1010.4904,15.5858,15.2873,0.2985,4.0846,15.4432,14.9324,0.5108,-0.1999,1010.4904,NA,NA,NA
SandFall-Win64-Shipping.exe,32396,0x27E295FDE80,DXGI,0,0,1,Hardware Composed: Independent Flip,1040.6973,NA,14.91960000000000,15.32220000000000,0.28360000000000,4.75040000000000,4.7919,1026.0762,14.9047,14.6211,0.2836,3.9420,15.4295,15.1602,0.2693,0.2636,1026.0762,NA,NA,NA
SandFall-Win64-Shipping.exe,32396,0x27E295FDE80,DXGI,0,0,1,Hardware Composed: Independent Flip,1055.4149,NA,14.71760000000000,14.61880000000000,0.29360000000000,4.64560000000000,4.6931,1040.9809,14.7276,14.4340,0.2936,4.4668,14.6128,14.5982,0.0146,0.2859,1040.9809,NA,NA,NA
SandFall-Win64-Shipping.exe,32396,0x27E295FDE80,DXGI,0,0,1,Hardware Composed: Independent Flip,1070.5095,NA,15.09460000000000,14.82860000000000,0.28780000000000,4.36860000000000,4.4271,1055.7085,15.0888,14.8010,0.2878,4.3520,14.8176,14.8055,0.0121,-0.1010,1055.7085,NA,NA,NA
SandFall-Win64-Shipping.exe,32396,0x27E295FDE80,DXGI,0,0,1,Hardware Composed: Independent Flip,1085.9648,NA,15.45530000000000,15.71450000000000,0.28670000000000,4.53580000000000,4.6863,1070.7973,15.4542,15.1675,0.2867,4.0808,15.6225,14.6944,0.9281,-0.6257,1070.7973,NA,NA,NA
SandFall-Win64-Shipping.exe,32396,0x27E295FDE80,DXGI,0,0,1,Hardware Composed: Independent Flip,1100.2996,NA,14.33480000000000,14.65090000000000,0.26400000000000,4.94850000000000,5.0024,1086.2515,14.3121,14.0481,0.2640,4.2491,14.7475,14.5766,0.1709,0.8033,1086.2515,NA,NA,NA
SandFall-Win64-Shipping.exe,32396,0x27E295FDE80,DXGI,0,0,1,Hardware Composed: Independent Flip,1115.1603,NA,14.86070000000000,14.76400000000000,0.25800000000000,4.87940000000000,4.9057,1100.5636,14.8547,14.5967,0.2580,4.6845,14.7916,14.7849,0.0067,-0.4519,1100.5636,NA,NA,NA
SandFall-Win64-Shipping.exe,32396,0x27E295FDE80,DXGI,0,0,1,Hardware Composed: Independent Flip,1129.9710,NA,14.81070000000000,15.01680000000000,0.25820000000000,4.62340000000000,5.1118,1115.4183,14.8109,14.5527,0.2582,4.6214,14.5547,14.5485,0.0062,-0.1621,1115.4183,NA,NA,NA
SandFall-Win64-Shipping.exe,32396,0x27E295FDE80,DXGI,0,0,1,Hardware Composed: Independent Flip,1144.4477,NA,14.47670000000000,14.25370000000000,0.25940000000000,4.86170000000000,4.8888,1130.2292,14.4779,14.2185,0.2594,4.3652,14.7150,14.7089,0.0061,0.5572,1130.2292,NA,NA,NA
SandFall-Win64-Shipping.exe,32396,0x27E295FDE80,DXGI,0,0,1,Hardware Composed: Independent Flip,1158.5893,NA,14.14160000000000,14.81390000000000,0.46550000000000,5.25230000000000,5.5611,1144.7071,14.3477,13.8822,0.4655,4.6023,14.5322,14.5270,0.0052,-0.3360,1144.7071,NA,NA,NA
SandFall-Win64-Shipping.exe,32396,0x27E295FDE80,DXGI,0,0,1,Hardware Composed: Independent Flip,1173.1634,NA,14.57410000000000,14.13820000000000,0.28590000000000,5.08240000000000,5.1252,1159.0548,14.3945,14.1086,0.2859,4.7868,14.4042,14.3996,0.0046,0.2095,1159.0548,NA,NA,NA
SandFall-Win64-Shipping.exe,32396,0x27E295FDE80,DXGI,0,0,1,Hardware Composed: Independent Flip,1187.7294,NA,14.56600000000000,14.32660000000000,0.28230000000000,4.82200000000000,4.8858,1173.4493,14.5624,14.2801,0.2823,4.7965,14.3056,14.3002,0.0054,0.0679,1173.4493,NA,NA,NA
SandFall-Win64-Shipping.exe,32396,0x27E295FDE80,DXGI,0,0,1,Hardware Composed: Independent Flip,1203.1908,NA,15.46140000000000,14.74070000000000,0.28260000000000,4.12140000000000,4.1651,1188.0117,15.4617,15.1791,0.2826,4.5397,14.7608,14.7558,0.0050,-0.1783,1188.0117,NA,NA,NA
SandFall-Win64-Shipping.exe,32396,0x27E295FDE80,DXGI,0,0,1,Hardware Composed: Independent Flip,1217.7214,NA,14.53060000000000,15.07890000000000,0.26380000000000,4.69110000000000,4.7134,1203.4734,14.5118,14.2480,0.2638,3.8388,15.1003,15.0443,0.0560,0.3828,1203.4734,NA,NA,NA
SandFall-Win64-Shipping.exe,32396,0x27E295FDE80,DXGI,0,0,1,Hardware Composed: Independent Flip,1232.6427,NA,14.92130000000000,14.40140000000000,0.25740000000000,4.00710000000000,4.1935,1217.9852,14.9149,14.6575,0.2574,4.4273,14.2373,14.2300,0.0073,0.1104,1217.9852,NA,NA,NA
SandFall-Win64-Shipping.exe,32396,0x27E295FDE80,DXGI,0,0,1,Hardware Composed: Independent Flip,1249.2128,NA,16.57010000000000,17.15050000000000,0.26130000000000,4.75570000000000,4.7739,1232.9001,16.5740,16.3127,0.2613,3.7497,17.3187,15.3780,1.9407,-2.2356,1232.9001,NA,NA,NA
SandFall-Win64-Shipping.exe,32396,0x27E295FDE80,DXGI,0,0,1,Hardware Composed: Independent Flip,1264.6706,NA,15.45780000000000,16.24290000000000,0.25890000000000,3.99190000000000,5.5590,1249.4741,15.4554,15.1965,0.2589,4.4944,14.6940,14.6895,0.0045,0.3311,1249.4741,NA,NA,NA
SandFall-Win64-Shipping.exe,32396,0x27E295FDE80,DXGI,0,0,1,Hardware Composed: Independent Flip,1279.2409,NA,14.57030000000000,12.67660000000000,0.26480000000000,3.59990000000000,3.6653,1264.9295,14.5762,14.3114,0.2648,3.7330,14.1783,14.1726,0.0057,2.7788,1264.9295,NA,NA,NA
SandFall-Win64-Shipping.exe,32396,0x27E295FDE80,DXGI,0,0,1,Hardware Composed: Independent Flip,1293.6876,NA,14.44670000000000,15.65060000000000,0.39600000000000,4.84180000000000,4.8692,1279.5057,14.5779,14.1819,0.3960,3.3351,15.6886,15.0017,0.6869,-1.0744,1279.5057,NA,NA,NA
SandFall-Win64-Shipping.exe,32396,0x27E295FDE80,DXGI,0,0,1,Hardware Composed: Independent Flip,1311.9395,NA,18.25190000000000,18.33170000000000,0.25200000000000,4.69650000000000,4.9490,1294.0836,18.1079,17.8559,0.2520,4.4458,18.1066,15.3186,2.7880,-3.7538,1294.0836,NA,NA,NA
SandFall-Win64-Shipping.exe,32396,0x27E295FDE80,DXGI,0,0,1,Hardware Composed: Independent Flip,1327.0308,NA,15.09130000000000,15.61860000000000,0.25170000000000,4.37280000000000,5.4763,1312.1915,15.0910,14.8393,0.2517,4.4445,14.7676,14.7619,0.0057,2.4893,1312.1915,NA,NA,NA
SandFall-Win64-Shipping.exe,32396,0x27E295FDE80,DXGI,0,0,1,Hardware Composed: Independent Flip,1341.7360,NA,14.70520000000000,13.57580000000000,0.25710000000000,4.28630000000000,4.3469,1327.2825,14.7106,14.4535,0.2571,4.1211,14.6187,14.6128,0.0059,1.5152,1327.2825,NA,NA,NA
SandFall-Win64-Shipping.exe,32396,0x27E295FDE80,DXGI,0,0,1,Hardware Composed: Independent Flip,1356.4426,NA,14.70660000000000,14.67320000000000,0.31290000000000,4.22600000000000,4.3135,1341.9931,14.7624,14.4495,0.3129,4.0292,14.6463,14.5183,0.1280,0.0374,1341.9931,NA,NA,NA
SandFall-Win64-Shipping.exe,32396,0x27E295FDE80,DXGI,0,0,1,Hardware Composed: Independent Flip,1371.7493,NA,15.30670000000000,14.92510000000000,0.28290000000000,3.87630000000000,3.9319,1356.7555,15.2767,14.9938,0.2829,3.9131,14.9570,14.1225,0.8345,-0.1627,1356.7555,NA,NA,NA
SandFall-Win64-Shipping.exe,32396,0x27E295FDE80,DXGI,0,0,1,Hardware Composed: Independent Flip,1385.2310,NA,13.48170000000000,15.19590000000000,0.51290000000000,5.27260000000000,5.6461,1372.0322,13.7117,13.1988,0.5129,3.5934,14.8780,14.4370,0.4410,0.0808,1372.0322,NA,NA,NA
SandFall-Win64-Shipping.exe,32396,0x27E295FDE80,DXGI,0,0,1,Hardware Composed: Independent Flip,1404.7550,NA,19.52400000000000,18.37500000000000,0.45150000000000,4.43580000000000,4.4971,1385.7439,19.4626,19.0111,0.4515,4.7597,18.6872,15.1972,3.4900,-4.6633,1385.7439,NA,NA,NA
SandFall-Win64-Shipping.exe,32396,0x27E295FDE80,DXGI,0,0,1,Hardware Composed: Independent Flip,1419.9816,NA,15.22660000000000,16.32010000000000,0.48240000000000,3.65050000000000,5.5906,1405.2065,15.2575,14.7751,0.4824,3.9843,14.4413,14.4350,0.0063,3.1425,1405.2065,NA,NA,NA
SandFall-Win64-Shipping.exe,32396,0x27E295FDE80,DXGI,0,0,1,Hardware Composed: Independent Flip,1435.7531,NA,15.77150000000000,13.51650000000000,0.42040000000000,3.27450000000000,3.3356,1420.4640,15.7095,15.2891,0.4204,3.1681,15.3955,14.6227,0.7728,1.7410,1420.4640,NA,NA,NA
SandFall-Win64-Shipping.exe,32396,0x27E295FDE80,DXGI,0,0,1,Hardware Composed: Independent Flip,1452.2632,NA,16.51010000000000,16.74190000000000,0.26100000000000,3.05900000000000,3.5674,1436.1735,16.3507,16.0897,0.2610,2.8541,16.2946,14.6617,1.6329,-1.0324,1436.1735,NA,NA,NA
SandFall-Win64-Shipping.exe,32396,0x27E295FDE80,DXGI,0,0,1,Hardware Composed: Independent Flip,1468.0117,NA,15.74850000000000,15.90420000000000,0.29300000000000,3.70230000000000,3.7231,1452.5242,15.7805,15.4875,0.2930,2.7980,16.3918,15.0191,1.3727,0.4465,1452.5242,NA,NA,NA
SandFall-Win64-Shipping.exe,32396,0x27E295FDE80,DXGI,0,0,1,Hardware Composed: Independent Flip,1483.3755,NA,15.36380000000000,15.65960000000000,0.31530000000000,3.95190000000000,4.0189,1468.3047,15.3861,15.0708,0.3153,3.4093,15.6134,14.8699,0.7435,0.1209,1468.3047,NA,NA,NA
SandFall-Win64-Shipping.exe,32396,0x27E295FDE80,DXGI,0,0,1,Hardware Composed: Independent Flip,1499.4923,NA,16.11680000000000,15.77830000000000,0.27590000000000,3.61780000000000,3.6804,1483.6908,16.0774,15.8015,0.2759,3.6366,15.7827,14.6586,1.1241,-0.3922,1483.6908,NA,NA,NA
SandFall-Win64-Shipping.exe,32396,0x27E295FDE80,DXGI,0,0,1,Hardware Composed: Independent Flip,1515.3926,NA,15.90030000000000,15.35190000000000,0.35570000000000,3.04070000000000,3.1320,1499.7682,15.9801,15.6244,0.3557,3.3419,15.3232,14.7187,0.6045,0.7255,1499.7682,NA,NA,NA
SandFall-Win64-Shipping.exe,32396,0x27E295FDE80,DXGI,0,0,1,Hardware Composed: Independent Flip,1531.7187,NA,16.32610000000000,17.92430000000000,0.27110000000000,4.66770000000000,4.7302,1515.7483,16.2415,15.9704,0.2711,2.6850,17.9531,15.0982,2.8549,-1.9442,1515.7483,NA,NA,NA
SandFall-Win64-Shipping.exe,32396,0x27E295FDE80,DXGI,0,0,1,Hardware Composed: Independent Flip,1547.8428,NA,16.12410000000000,17.02210000000000,0.28360000000000,4.23730000000000,5.6282,1531.9898,16.1366,15.8530,0.2836,4.3966,15.6937,15.0152,0.6785,-0.7806,1531.9898,NA,NA,NA
SandFall-Win64-Shipping.exe,32396,0x27E295FDE80,DXGI,0,0,1,Hardware Composed: Independent Flip,1565.1309,NA,17.28810000000000,15.59260000000000,0.34700000000000,3.86880000000000,3.9327,1548.1264,17.3515,17.0045,0.3470,3.9537,16.9196,15.1051,1.8145,0.5440,1548.1264,NA,NA,NA
SandFall-Win64-Shipping.exe,32396,0x27E295FDE80,DXGI,0,0,1,Hardware Composed: Independent Flip,1582.0316,NA,16.90070000000000,17.65400000000000,0.34020000000000,4.05480000000000,4.6860,1565.4779,16.8939,16.5537,0.3402,3.5218,17.0867,15.0621,2.0246,-0.3025,1565.4779,NA,NA,NA
SandFall-Win64-Shipping.exe,32396,0x27E295FDE80,DXGI,0,0,1,Hardware Composed: Independent Flip,1597.5820,NA,15.55040000000000,15.87160000000000,0.28830000000000,4.97830000000000,5.0072,1582.3718,15.4985,15.2102,0.2883,3.7146,16.4739,15.2304,1.2435,1.0223,1582.3718,NA,NA,NA
SandFall-Win64-Shipping.exe,32396,0x27E295FDE80,DXGI,0,0,1,Hardware Composed: Independent Flip,1613.8518,NA,16.26980000000000,15.86560000000000,0.31870000000000,4.53860000000000,4.6030,1597.8703,16.3002,15.9815,0.3187,4.6900,15.8301,15.2601,0.5700,-0.3671,1597.8703,NA,NA,NA
SandFall-Win64-Shipping.exe,32396,0x27E295FDE80,DXGI,0,0,1,Hardware Composed: Independent Flip,1630.3374,NA,16.48560000000000,16.39940000000000,0.32900000000000,4.23830000000000,4.5168,1614.1705,16.4959,16.1669,0.3290,4.2199,16.1853,15.1008,1.0845,-0.0992,1614.1705,NA,NA,NA
SandFall-Win64-Shipping.exe,32396,0x27E295FDE80,DXGI,0,0,1,Hardware Composed: Independent Flip,1645.5843,NA,15.24690000000000,15.34640000000000,0.29940000000000,4.55890000000000,4.6163,1630.6664,15.2173,14.9179,0.2994,3.9093,15.5675,14.9417,0.6258,1.1495,1630.6664,NA,NA,NA
SandFall-Win64-Shipping.exe,32396,0x27E295FDE80,DXGI,0,0,1,Hardware Composed: Independent Flip,1662.1032,NA,16.51890000000000,16.28080000000000,0.35450000000000,4.30970000000000,4.3782,1645.8837,16.5740,16.2195,0.3545,4.2595,16.2697,15.2163,1.0534,-1.0635,1645.8837,NA,NA,NA
SandFall-Win64-Shipping.exe,32396,0x27E295FDE80,DXGI,0,0,1,Hardware Composed: Independent Flip,1677.0289,NA,14.92570000000000,15.28790000000000,0.35410000000000,4.23130000000000,4.7404,1662.4577,14.9253,14.5712,0.3541,3.9552,14.8473,14.6184,0.2289,1.2861,1662.4577,NA,NA,NA
SandFall-Win64-Shipping.exe,32396,0x27E295FDE80,DXGI,0,0,1,Hardware Composed: Independent Flip,1692.8753,NA,15.84640000000000,15.46160000000000,0.31200000000000,4.30550000000000,4.3556,1677.3830,15.8043,15.4923,0.3120,3.8772,15.9206,15.2322,0.6884,-0.5363,1677.3830,NA,NA,NA
SandFall-Win64-Shipping.exe,32396,0x27E295FDE80,DXGI,0,0,1,Hardware Composed: Independent Flip,1709.4835,NA,16.60820000000000,16.88930000000000,0.27860000000000,4.10530000000000,4.6367,1693.1873,16.5748,16.2962,0.2786,3.9935,16.4080,15.1414,1.2666,-1.0850,1693.1873,NA,NA,NA
SandFall-Win64-Shipping.exe,32396,0x27E295FDE80,DXGI,0,0,1,Hardware Composed: Independent Flip,1729.4496,NA,19.96610000000000,18.28320000000000,0.42150000000000,2.92250000000000,2.9538,1709.7621,20.1090,19.6875,0.4215,3.8267,18.7833,15.6272,3.1561,-1.7084,1709.7621,NA,NA,NA
SandFall-Win64-Shipping.exe,32396,0x27E295FDE80,DXGI,0,0,1,Hardware Composed: Independent Flip,1747.2977,NA,17.84810000000000,20.65520000000000,0.28090000000000,4.56120000000000,5.7609,1729.8711,17.7075,17.4266,0.2809,2.5010,19.4868,15.2986,4.1882,-0.5462,1729.8711,NA,NA,NA
SandFall-Win64-Shipping.exe,32396,0x27E295FDE80,DXGI,0,0,1,Hardware Composed: Independent Flip,1763.4164,NA,16.11870000000000,15.21170000000000,0.26820000000000,4.73250000000000,4.8539,1747.5786,16.1060,15.8378,0.2682,4.2803,16.2900,15.1501,1.1399,2.4958,1747.5786,NA,NA,NA
SandFall-Win64-Shipping.exe,32396,0x27E295FDE80,DXGI,0,0,1,Hardware Composed: Independent Flip,1773.1259,NA,9.70950000000000,13.93660000000000,0.32400000000000,9.01690000000000,9.0810,1763.6846,9.7653,9.4413,0.3240,4.4643,13.9939,13.9922,0.0017,2.1694,1763.6846,NA,NA,NA
SandFall-Win64-Shipping.exe,32396,0x27E295FDE80,DXGI,0,0,1,Hardware Composed: Independent Flip,1782.9459,NA,9.82000000000000,16.74230000000000,0.28320000000000,14.41930000000000,16.0033,1773.4499,9.7792,9.4960,0.2832,8.6929,15.2224,15.2011,0.0213,-6.9770,1773.4499,NA,NA,NA
SandFall-Win64-Shipping.exe,32396,0x27E295FDE80,DXGI,0,0,1,Hardware Composed: Independent Flip,1797.5644,NA,14.61850000000000,12.64920000000000,0.38560000000000,13.94900000000000,14.0340,1783.2291,14.7209,14.3353,0.3856,14.1361,14.1482,14.1464,0.0018,-2.8700,1783.2291,NA,NA,NA
SandFall-Win64-Shipping.exe,32396,0x27E295FDE80,DXGI,0,0,1,Hardware Composed: Independent Flip,1814.0088,NA,16.44440000000000,14.52560000000000,0.35510000000000,11.88980000000000,12.1152,1797.9500,16.4139,16.0588,0.3551,13.5634,14.3852,14.3832,0.0020,0.1953,1797.9500,NA,NA,NA
SandFall-Win64-Shipping.exe,32396,0x27E295FDE80,DXGI,0,0,1,Hardware Composed: Independent Flip,1829.1454,NA,15.13660000000000,14.83410000000000,0.37700000000000,11.03530000000000,11.8127,1814.3639,15.1585,14.7815,0.3770,11.5347,14.2821,14.2779,0.0042,1.5798,1814.3639,NA,NA,NA
SandFall-Win64-Shipping.exe,32396,0x27E295FDE80,DXGI,0,0,1,Hardware Composed: Independent Flip,1844.4367,NA,15.29130000000000,13.67630000000000,0.42430000000000,10.16720000000000,10.1977,1829.5224,15.3386,14.9143,0.4243,10.6583,14.4232,14.4165,0.0067,1.4822,1829.5224,NA,NA,NA
SandFall-Win64-Shipping.exe,32396,0x27E295FDE80,DXGI,0,0,1,Hardware Composed: Independent Flip,1860.6517,NA,16.21500000000000,14.56470000000000,0.37920000000000,8.36160000000000,8.5474,1844.8610,16.1699,15.7907,0.3792,9.7429,14.4094,14.4046,0.0048,0.7739,1844.8610,NA,NA,NA
SandFall-Win64-Shipping.exe,32396,0x27E295FDE80,DXGI,0,0,1,Hardware Composed: Independent Flip,1875.4352,NA,14.78350000000000,14.06990000000000,0.29130000000000,7.79950000000000,7.8338,1861.0309,14.6956,14.4043,0.2913,7.9824,14.2214,14.2155,0.0059,2.1000,1861.0309,NA,NA,NA
SandFall-Win64-Shipping.exe,32396,0x27E295FDE80,DXGI,0,0,1,Hardware Composed: Independent Flip,1891.8457,NA,16.41050000000000,14.32600000000000,0.36450000000000,5.68860000000000,5.7493,1875.7265,16.4837,16.1192,0.3645,7.5082,14.2996,14.2948,0.0048,0.3696,1875.7265,NA,NA,NA
SandFall-Win64-Shipping.exe,32396,0x27E295FDE80,DXGI,0,0,1,Hardware Composed: Independent Flip,1907.9165,NA,16.07080000000000,15.41200000000000,0.27380000000000,4.97880000000000,5.0905,1892.2102,15.9801,15.7063,0.2738,5.3241,15.3610,14.9820,0.3790,1.0717,1892.2102,NA,NA,NA
SandFall-Win64-Shipping.exe,32396,0x27E295FDE80,DXGI,0,0,1,Hardware Composed: Independent Flip,1923.2991,NA,15.38260000000000,16.03170000000000,0.30530000000000,5.32370000000000,5.7396,1908.1903,15.4141,15.1088,0.3053,4.7050,15.7275,14.7689,0.9586,-0.0516,1908.1903,NA,NA,NA
SandFall-Win64-Shipping.exe,32396,0x27E295FDE80,DXGI,0,0,1,Hardware Composed: Independent Flip,1938.8882,NA,15.58910000000000,14.78860000000000,0.26270000000000,4.90850000000000,4.9391,1923.6044,15.5465,15.2838,0.2627,5.0184,15.1739,14.9389,0.2350,0.6255,1923.6044,NA,NA,NA
SandFall-Win64-Shipping.exe,32396,0x27E295FDE80,DXGI,0,0,1,Hardware Composed: Independent Flip,1954.3364,NA,15.44820000000000,15.73370000000000,0.25940000000000,5.16460000000000,5.2246,1939.1509,15.4449,15.1855,0.2594,4.6458,15.7043,14.5691,1.1352,-0.1872,1939.1509,NA,NA,NA
SandFall-Win64-Shipping.exe,32396,0x27E295FDE80,DXGI,0,0,1,Hardware Composed: Independent Flip,1968.9551,NA,14.61870000000000,14.66520000000000,0.26400000000000,5.09610000000000,5.2711,1954.5958,14.6233,14.3593,0.2640,4.9052,14.5502,14.5469,0.0033,0.7797,1954.5958,NA,NA,NA
SandFall-Win64-Shipping.exe,32396,0x27E295FDE80,DXGI,0,0,1,Hardware Composed: Independent Flip,1984.5567,NA,15.60160000000000,15.14370000000000,0.26460000000000,4.76560000000000,4.8132,1969.2191,15.6022,15.3376,0.2646,4.8321,15.2711,14.8586,0.4125,-0.5204,1969.2191,NA,NA,NA
SandFall-Win64-Shipping.exe,32396,0x27E295FDE80,DXGI,0,0,1,Hardware Composed: Independent Flip,1999.0050,NA,14.44830000000000,15.17450000000000,0.25430000000000,4.77850000000000,5.5394,1984.8213,14.4380,14.1837,0.2543,4.5010,14.4612,14.4594,0.0018,0.4277,1984.8213,NA,NA,NA
SandFall-Win64-Shipping.exe,32396,0x27E295FDE80,DXGI,0,0,1,Hardware Composed: Independent Flip,2015.3758,NA,16.37080000000000,15.56980000000000,0.25480000000000,4.65800000000000,4.7384,1999.2593,16.3713,16.1165,0.2548,4.5242,16.2503,15.0829,1.1674,-1.1318,1999.2593,NA,NA,NA
SandFall-Win64-Shipping.exe,32396,0x27E295FDE80,DXGI,0,0,1,Hardware Composed: Independent Flip,2029.8503,NA,14.47450000000000,15.15430000000000,0.25410000000000,4.71700000000000,5.4182,2015.6306,14.4738,14.2197,0.2541,4.4032,14.5335,14.5292,0.0043,1.2170,2015.6306,NA,NA,NA
SandFall-Win64-Shipping.exe,32396,0x27E295FDE80,DXGI,0,0,1,Hardware Composed: Independent Flip,2044.8420,NA,14.99170000000000,13.58830000000000,0.26960000000000,3.95290000000000,4.0148,2030.1044,15.0072,14.7376,0.2696,4.4629,14.2276,14.2216,0.0060,0.8855,2030.1044,NA,NA,NA
SandFall-Win64-Shipping.exe,32396,0x27E295FDE80,DXGI,0,0,1,Hardware Composed: Independent Flip,2059.6454,NA,14.80340000000000,15.63580000000000,0.28030000000000,3.97640000000000,4.8472,2045.1116,14.8141,14.5338,0.2803,3.6833,14.8269,14.8249,0.0020,-0.6286,2045.1116,NA,NA,NA
SandFall-Win64-Shipping.exe,32396,0x27E295FDE80,DXGI,0,0,1,Hardware Composed: Independent Flip,2073.1521,NA,13.50670000000000,13.76820000000000,0.47500000000000,4.92970000000000,5.1087,2059.9257,13.7014,13.2264,0.4750,3.6961,14.4600,14.4551,0.0049,1.0459,2059.9257,NA,NA,NA
SandFall-Win64-Shipping.exe,32396,0x27E295FDE80,DXGI,0,0,1,Hardware Composed: Independent Flip,2089.0525,NA,15.90040000000000,15.60410000000000,0.48210000000000,4.77780000000000,4.8124,2073.6271,15.9075,15.4254,0.4821,4.4547,15.7485,14.9225,0.8260,-1.9027,2073.6271,NA,NA,NA
SandFall-Win64-Shipping.exe,32396,0x27E295FDE80,DXGI,0,0,1,Hardware Composed: Independent Flip,2105.6847,NA,16.63220000000000,16.23500000000000,0.45260000000000,3.36230000000000,4.4152,2089.5346,16.6027,16.1501,0.4526,4.2957,15.2167,14.1579,1.0588,-0.3275,2089.5346,NA,NA,NA
SandFall-Win64-Shipping.exe,32396,0x27E295FDE80,DXGI,0,0,1,Hardware Composed: Independent Flip,2121.7888,NA,16.10410000000000,15.57880000000000,0.27650000000000,3.85100000000000,3.8899,2106.1373,15.9280,15.6515,0.2765,2.9097,16.5928,14.4741,2.1187,1.0239,2106.1373,NA,NA,NA
SandFall-Win64-Shipping.exe,32396,0x27E295FDE80,DXGI,0,0,1,Hardware Composed: Independent Flip,2135.1699,NA,13.38110000000000,14.96220000000000,0.30090000000000,4.76770000000000,5.4710,2122.0653,13.4055,13.1046,0.3009,3.5745,14.2978,14.2597,0.0381,0.9658,2122.0653,NA,NA,NA
SandFall-Win64-Shipping.exe,32396,0x27E295FDE80,DXGI,0,0,1,Hardware Composed: Independent Flip,2152.3841,NA,17.21420000000000,16.30240000000000,0.29450000000000,4.51810000000000,4.5592,2135.4708,17.2078,16.9133,0.2945,4.4668,16.9646,14.8218,2.1428,-2.8969,2135.4708,NA,NA,NA
SandFall-Win64-Shipping.exe,32396,0x27E295FDE80,DXGI,0,0,1,Hardware Composed: Independent Flip,2165.9020,NA,13.51790000000000,15.65250000000000,0.34240000000000,5.31960000000000,6.6938,2152.6786,13.5658,13.2234,0.3424,4.2236,14.3194,14.3140,0.0054,1.5553,2152.6786,NA,NA,NA
SandFall-Win64-Shipping.exe,32396,0x27E295FDE80,DXGI,0,0,1,Hardware Composed: Independent Flip,2181.9389,NA,16.03690000000000,15.11760000000000,0.31850000000000,5.73360000000000,5.7745,2166.2444,16.0130,15.6945,0.3185,4.9772,16.4509,14.4856,1.9653,-1.5518,2166.2444,NA,NA,NA
SandFall-Win64-Shipping.exe,32396,0x27E295FDE80,DXGI,0,0,1,Hardware Composed: Independent Flip,2201.8035,NA,19.86460000000000,18.64620000000000,0.26650000000000,3.45780000000000,4.5561,2182.2574,19.8126,19.5461,0.2665,5.4151,17.5888,14.9080,2.6808,-2.6332,2182.2574,NA,NA,NA
SandFall-Win64-Shipping.exe,32396,0x27E295FDE80,DXGI,0,0,1,Hardware Composed: Independent Flip,2216.1609,NA,14.35740000000000,14.44220000000000,0.28930000000000,4.58150000000000,4.6409,2202.0700,14.3802,14.0909,0.2893,3.1913,15.4811,14.6527,0.8284,5.3704,2202.0700,NA,NA,NA
SandFall-Win64-Shipping.exe,32396,0x27E295FDE80,DXGI,0,0,1,Hardware Composed: Independent Flip,2232.3541,NA,16.19320000000000,15.79990000000000,0.32130000000000,4.20580000000000,4.2476,2216.4502,16.2252,15.9039,0.3213,4.2922,15.8175,14.7574,1.0601,-1.4197,2216.4502,NA,NA,NA
SandFall-Win64-Shipping.exe,32396,0x27E295FDE80,DXGI,0,0,1,Hardware Composed: Independent Flip,2247.2135,NA,14.85940000000000,15.68380000000000,0.32700000000000,4.04120000000000,5.0720,2232.6754,14.8651,14.5381,0.3270,3.8845,14.6948,14.2085,0.4863,0.5414,2232.6754,NA,NA,NA
SandFall-Win64-Shipping.exe,32396,0x27E295FDE80,DXGI,0,0,1,Hardware Composed: Independent Flip,2262.3187,NA,15.10520000000000,14.52550000000000,0.44570000000000,4.46660000000000,4.4923,2247.5405,15.2239,14.7782,0.4457,3.7142,15.5306,14.5053,1.0253,0.3396,2247.5405,NA,NA,NA
SandFall-Win64-Shipping.exe,32396,0x27E295FDE80,DXGI,0,0,1,Hardware Composed: Independent Flip,2278.5179,NA,16.19920000000000,16.95850000000000,0.37350000000000,4.15850000000000,5.2516,2262.7644,16.1270,15.7535,0.3735,4.0209,15.8911,14.4338,1.4573,-1.7346,2262.7644,NA,NA,NA
SandFall-Win64-Shipping.exe,32396,0x27E295FDE80,DXGI,0,0,1,Hardware Composed: Independent Flip,2294.2906,NA,15.77270000000000,14.78940000000000,0.32820000000000,4.10720000000000,4.2683,2278.8914,15.7274,15.3992,0.3282,3.7850,15.7214,14.4471,1.2743,1.3376,2278.8914,NA,NA,NA
SandFall-Win64-Shipping.exe,32396,0x27E295FDE80,DXGI,0,0,1,Hardware Composed: Independent Flip,2313.4869,NA,19.19630000000000,19.32150000000000,0.29980000000000,4.33240000000000,4.3935,2294.6188,19.1679,18.8681,0.2998,3.7790,19.4215,15.2521,4.1694,-3.5941,2294.6188,NA,NA,NA
SandFall-Win64-Shipping.exe,32396,0x27E295FDE80,DXGI,0,0,1,Hardware Composed: Independent Flip,2328.7205,NA,15.23360000000000,17.22730000000000,0.28680000000000,3.97610000000000,6.3872,2313.7867,15.2206,14.9338,0.2868,4.0326,14.8773,14.8713,0.0060,1.9406,2313.7867,NA,NA,NA
SandFall-Win64-Shipping.exe,32396,0x27E295FDE80,DXGI,0,0,1,Hardware Composed: Independent Flip,2345.0558,NA,16.33530000000000,13.99660000000000,0.26390000000000,4.02720000000000,4.0485,2329.0073,16.3124,16.0485,0.2639,3.6893,16.3864,14.9403,1.4461,1.2240,2329.0073,NA,NA,NA
SandFall-Win64-Shipping.exe,32396,0x27E295FDE80,DXGI,0,0,1,Hardware Composed: Independent Flip,2360.5588,NA,15.50300000000000,15.61140000000000,0.28300000000000,3.38920000000000,4.1569,2345.3197,15.5221,15.2391,0.2830,3.7633,14.8650,14.8582,0.0068,0.7010,2345.3197,NA,NA,NA
SandFall-Win64-Shipping.exe,32396,0x27E295FDE80,DXGI,0,0,1,Hardware Composed: Independent Flip,2378.4569,NA,17.89810000000000,18.79860000000000,0.29970000000000,4.95240000000000,5.0574,2360.8418,17.9148,17.6151,0.2997,3.1062,19.4613,15.2898,4.1715,-3.2765,2360.8418,NA,NA,NA
SandFall-Win64-Shipping.exe,32396,0x27E295FDE80,DXGI,0,0,1,Hardware Composed: Independent Flip,2394.9612,NA,16.50430000000000,18.21100000000000,0.26360000000000,4.38870000000000,6.7641,2378.7566,16.4682,16.2046,0.2636,4.6527,15.9406,14.9769,0.9637,-0.2962,2378.7566,NA,NA,NA
SandFall-Win64-Shipping.exe,32396,0x27E295FDE80,DXGI,0,0,1,Hardware Composed: Independent Flip,2410.3318,NA,15.37060000000000,13.28610000000000,0.27780000000000,4.65720000000000,4.6796,2395.2248,15.3848,15.1070,0.2778,4.1251,15.6391,14.8010,0.8381,3.1821,2395.2248,NA,NA,NA
SandFall-Win64-Shipping.exe,32396,0x27E295FDE80,DXGI,0,0,1,Hardware Composed: Independent Flip,2427.6947,NA,17.36290000000000,17.29360000000000,0.28270000000000,4.54540000000000,4.6103,2410.6096,17.3678,17.0851,0.2827,4.3794,17.2511,14.9738,2.2773,-1.9088,2410.6096,NA,NA,NA
SandFall-Win64-Shipping.exe,32396,0x27E295FDE80,DXGI,0,0,1,Hardware Composed: Independent Flip,2444.6223,NA,16.92760000000000,17.07090000000000,0.27380000000000,4.61650000000000,4.7536,2427.9774,16.9187,16.6449,0.2738,4.2627,16.9987,15.2720,1.7267,0.2969,2427.9774,NA,NA,NA
SandFall-Win64-Shipping.exe,32396,0x27E295FDE80,DXGI,0,0,1,Hardware Composed: Independent Flip,2463.2457,NA,18.62340000000000,18.25280000000000,0.32040000000000,4.31860000000000,4.3830,2444.8961,18.6700,18.3496,0.3204,4.3427,18.3255,15.1607,3.1648,-1.3341,2444.8961,NA,NA,NA
SandFall-Win64-Shipping.exe,32396,0x27E295FDE80,DXGI,0,0,1,Hardware Composed: Independent Flip,2478.7731,NA,15.52740000000000,15.52550000000000,0.25700000000000,4.12480000000000,4.3811,2463.5661,15.4640,15.2070,0.2570,3.9982,15.3336,15.1228,0.2108,3.1445,2463.5661,NA,NA,NA
SandFall-Win64-Shipping.exe,32396,0x27E295FDE80,DXGI,0,0,1,Hardware Composed: Independent Flip,2494.2585,NA,15.48540000000000,14.64440000000000,0.27650000000000,3.47420000000000,3.5401,2479.0301,15.5049,15.2284,0.2765,3.8678,14.8348,14.8286,0.0062,0.8196,2479.0301,NA,NA,NA
SandFall-Win64-Shipping.exe,32396,0x27E295FDE80,DXGI,0,0,1,Hardware Composed: Independent Flip,2510.2515,NA,15.99300000000000,18.13150000000000,0.28380000000000,4.06410000000000,5.6786,2494.5350,16.0003,15.7165,0.2838,3.1977,16.5829,14.9889,1.5940,-2.6266,2494.5350,NA,NA,NA
SandFall-Win64-Shipping.exe,32396,0x27E295FDE80,DXGI,0,0,1,Hardware Composed: Independent Flip,2526.4013,NA,16.14980000000000,14.62780000000000,0.25420000000000,4.00060000000000,4.1566,2510.5353,16.1202,15.8660,0.2542,3.7803,16.0863,15.1301,0.9562,1.3725,2510.5353,NA,NA,NA
SandFall-Win64-Shipping.exe,32396,0x27E295FDE80,DXGI,0,0,1,Hardware Composed: Independent Flip,2541.1410,NA,14.73970000000000,15.16030000000000,0.26170000000000,4.54690000000000,4.5772,2526.6555,14.7472,14.4855,0.2617,3.7464,15.2860,15.0371,0.2489,0.9599,2526.6555,NA,NA,NA
SandFall-Win64-Shipping.exe,32396,0x27E295FDE80,DXGI,0,0,1,Hardware Composed: Independent Flip,2556.9065,NA,15.76550000000000,15.69640000000000,0.26340000000000,4.07460000000000,4.5081,2541.4027,15.7672,15.5038,0.2634,4.2852,15.2932,14.8736,0.4196,-0.9492,2541.4027,NA,NA,NA
SandFall-Win64-Shipping.exe,32396,0x27E295FDE80,DXGI,0,0,1,Hardware Composed: Independent Flip,2571.8271,NA,14.92060000000000,14.75560000000000,0.25740000000000,4.27690000000000,4.3431,2557.1699,14.9146,14.6572,0.2574,3.8112,15.1229,14.8533,0.2696,1.0116,2557.1699,NA,NA,NA
SandFall-Win64-Shipping.exe,32396,0x27E295FDE80,DXGI,0,0,1,Hardware Composed: Independent Flip,2585.8991,NA,14.07200000000000,14.73390000000000,0.25190000000000,4.89010000000000,5.0050,2572.0845,14.0665,13.8146,0.2519,4.0195,14.6852,14.6802,0.0050,0.1807,2572.0845,NA,NA,NA
SandFall-Win64-Shipping.exe,32396,0x27E295FDE80,DXGI,0,0,1,Hardware Composed: Independent Flip,2599.7007,NA,13.80160000000000,14.16770000000000,0.28120000000000,5.26980000000000,5.3711,2586.1510,13.8309,13.5497,0.2812,4.6382,14.1813,14.1766,0.0047,-0.1012,2586.1510,NA,NA,NA
SandFall-Win64-Shipping.exe,32396,0x27E295FDE80,DXGI,0,0,1,Hardware Composed: Independent Flip,2614.7528,NA,15.05210000000000,14.67790000000000,0.31930000000000,4.94090000000000,4.9969,2599.9819,15.0902,14.7709,0.3193,4.9886,14.7232,14.7191,0.0041,-0.8470,2599.9819,NA,NA,NA
SandFall-Win64-Shipping.exe,32396,0x27E295FDE80,DXGI,0,0,1,Hardware Composed: Independent Flip,2630.4828,NA,15.73000000000000,14.95630000000000,0.33800000000000,3.98330000000000,4.2232,2615.0721,15.7487,15.4107,0.3380,4.6216,14.7724,14.7579,0.0145,0.1339,2615.0721,NA,NA,NA
SandFall-Win64-Shipping.exe,32396,0x27E295FDE80,DXGI,0,0,1,Hardware Composed: Independent Flip,2646.4542,NA,15.97140000000000,15.39950000000000,0.27030000000000,3.57780000000000,3.6513,2630.8208,15.9037,15.6334,0.2703,3.6453,15.5659,14.9092,0.6567,0.3492,2630.8208,NA,NA,NA
SandFall-Win64-Shipping.exe,32396,0x27E295FDE80,DXGI,0,0,1,Hardware Composed: Independent Flip,2661.0218,NA,14.56760000000000,15.71990000000000,0.29730000000000,4.70240000000000,4.8036,2646.7245,14.5946,14.2973,0.2973,3.3075,15.6922,14.8849,0.8073,0.1838,2646.7245,NA,NA,NA
SandFall-Win64-Shipping.exe,32396,0x27E295FDE80,DXGI,0,0,1,Hardware Composed: Independent Flip,2677.9577,NA,16.93590000000000,16.30780000000000,0.26490000000000,4.05330000000000,4.1755,2661.3191,16.9035,16.6386,0.2649,4.4051,16.2868,15.0376,1.2492,-1.7132,2661.3191,NA,NA,NA
SandFall-Win64-Shipping.exe,32396,0x27E295FDE80,DXGI,0,0,1,Hardware Composed: Independent Flip,2694.2645,NA,16.30680000000000,15.45930000000000,0.32450000000000,3.30840000000000,3.3280,2678.2226,16.3664,16.0419,0.3245,3.7884,15.5619,15.1355,0.4264,1.4442,2678.2226,NA,NA,NA
SandFall-Win64-Shipping.exe,32396,0x27E295FDE80,DXGI,0,0,1,Hardware Composed: Independent Flip,2710.5266,NA,16.26210000000000,17.79630000000000,0.25180000000000,4.77440000000000,4.8622,2694.5890,16.1894,15.9376,0.2518,2.9839,17.7281,15.2644,2.4637,-1.4299,2694.5890,NA,NA,NA
SandFall-Win64-Shipping.exe,32396,0x27E295FDE80,DXGI,0,0,1,Hardware Composed: Independent Flip,2724.6808,NA,14.15420000000000,14.50560000000000,0.26550000000000,4.80940000000000,5.2136,2710.7784,14.1679,13.9024,0.2655,4.5226,14.1892,14.1844,0.0048,1.6838,2710.7784,NA,NA,NA
SandFall-Win64-Shipping.exe,32396,0x27E295FDE80,DXGI,0,0,1,Hardware Composed: Independent Flip,2739.2552,NA,14.57440000000000,14.14590000000000,0.30530000000000,4.73570000000000,4.7851,2724.9463,14.6142,14.3089,0.3053,4.5439,14.5007,14.4960,0.0047,0.0220,2724.9463,NA,NA,NA
SandFall-Win64-Shipping.exe,32396,0x27E295FDE80,DXGI,0,0,1,Hardware Composed: Independent Flip,2752.5410,NA,13.28580000000000,16.15640000000000,0.37190000000000,5.73560000000000,7.6557,2739.5605,13.3524,12.9805,0.3719,4.4304,14.2857,14.2797,0.0060,-1.5422,2739.5605,NA,NA,NA
SandFall-Win64-Shipping.exe,32396,0x27E295FDE80,DXGI,0,0,1,Hardware Composed: Independent Flip,2766.4895,NA,13.94850000000000,12.52860000000000,0.26890000000000,6.16350000000000,6.2358,2752.9129,13.8455,13.5766,0.2689,5.3637,14.3764,14.3711,0.0053,0.8238,2752.9129,NA,NA,NA
SandFall-Win64-Shipping.exe,32396,0x27E295FDE80,DXGI,0,0,1,Hardware Composed: Independent Flip,2780.1666,NA,13.67710000000000,15.16140000000000,0.26510000000000,6.80620000000000,7.7201,2766.7584,13.6733,13.4082,0.2651,5.8946,14.3198,14.3143,0.0055,-1.3159,2766.7584,NA,NA,NA
SandFall-Win64-Shipping.exe,32396,0x27E295FDE80,DXGI,0,0,1,Hardware Composed: Independent Flip,2795.2476,NA,15.08100000000000,13.68660000000000,0.27950000000000,5.88650000000000,6.3257,2780.4317,15.0954,14.8159,0.2795,6.5411,14.1613,14.1565,0.0048,-0.0133,2780.4317,NA,NA,NA
SandFall-Win64-Shipping.exe,32396,0x27E295FDE80,DXGI,0,0,1,Hardware Composed: Independent Flip,2810.0401,NA,14.79250000000000,14.15810000000000,0.26480000000000,5.61820000000000,5.6913,2795.5271,14.7778,14.5130,0.2648,5.6070,14.5242,14.5169,0.0073,0.9373,2795.5271,NA,NA,NA
SandFall-Win64-Shipping.exe,32396,0x27E295FDE80,DXGI,0,0,1,Hardware Composed: Independent Flip,2825.2583,NA,15.21820000000000,15.40200000000000,0.25860000000000,5.15000000000000,5.8751,2810.3049,15.2120,14.9534,0.2586,5.3534,14.7500,14.7450,0.0050,-0.6242,2810.3049,NA,NA,NA
SandFall-Win64-Shipping.exe,32396,0x27E295FDE80,DXGI,0,0,1,Hardware Composed: Independent Flip,2839.5710,NA,14.31270000000000,13.73790000000000,0.26790000000000,5.23770000000000,5.3003,2825.5169,14.3220,14.0541,0.2679,4.8914,14.4004,14.3953,0.0051,1.4741,2825.5169,NA,NA,NA
SandFall-Win64-Shipping.exe,32396,0x27E295FDE80,DXGI,0,0,1,Hardware Composed: Independent Flip,2853.8030,NA,14.23200000000000,14.09050000000000,0.26340000000000,5.12270000000000,5.1588,2839.8389,14.2275,13.9641,0.2634,4.9698,14.1170,14.1153,0.0017,0.2315,2839.8389,NA,NA,NA
SandFall-Win64-Shipping.exe,32396,0x27E295FDE80,DXGI,0,0,1,Hardware Composed: Independent Flip,2868.8782,NA,15.07520000000000,14.27580000000000,0.28430000000000,4.20280000000000,4.3594,2854.0664,15.0961,14.8118,0.2843,4.8593,14.1553,14.1504,0.0049,-0.0483,2854.0664,NA,NA,NA
SandFall-Win64-Shipping.exe,32396,0x27E295FDE80,DXGI,0,0,1,Hardware Composed: Independent Flip,2883.6142,NA,14.73600000000000,14.08080000000000,0.33540000000000,3.66350000000000,3.7042,2869.1625,14.7871,14.4517,0.3354,3.9185,14.1967,14.1616,0.0351,1.0153,2869.1625,NA,NA,NA
SandFall-Win64-Shipping.exe,32396,0x27E295FDE80,DXGI,0,0,1,Hardware Composed: Independent Flip,2898.1544,NA,14.54020000000000,14.84260000000000,0.34830000000000,3.94640000000000,4.0066,2883.9496,14.5531,14.2048,0.3483,3.3281,14.8231,14.3366,0.4865,-0.0555,2883.9496,NA,NA,NA
SandFall-Win64-Shipping.exe,32396,0x27E295FDE80,DXGI,0,0,1,Hardware Composed: Independent Flip,2911.2440,NA,13.08960000000000,14.69810000000000,0.35400000000000,5.26160000000000,5.6151,2898.5027,13.0953,12.7413,0.3540,3.5981,14.4048,14.2215,0.1833,-0.1450,2898.5027,NA,NA,NA
SandFall-Win64-Shipping.exe,32396,0x27E295FDE80,DXGI,0,0,1,Hardware Composed: Independent Flip,2927.7701,NA,16.52610000000000,15.83340000000000,0.35220000000000,4.89690000000000,4.9224,2911.5980,16.5243,16.1721,0.3522,4.9076,16.1614,14.4905,1.6709,-2.7381,2911.5980,NA,NA,NA
SandFall-Win64-Shipping.exe,32396,0x27E295FDE80,DXGI,0,0,1,Hardware Composed: Independent Flip,2945.5324,NA,17.76230000000000,17.43220000000000,0.28710000000000,3.68070000000000,4.5923,2928.1223,17.6972,17.4101,0.2871,4.5447,16.5461,14.3092,2.2369,-0.9079,2928.1223,NA,NA,NA
SandFall-Win64-Shipping.exe,32396,0x27E295FDE80,DXGI,0,0,1,Hardware Composed: Independent Flip,2958.7217,NA,13.18930000000000,13.79470000000000,0.30270000000000,5.17040000000000,5.1977,2945.8195,13.2049,12.9022,0.3027,3.3936,14.6790,14.2762,0.4028,3.9025,2945.8195,NA,NA,NA
SandFall-Win64-Shipping.exe,32396,0x27E295FDE80,DXGI,0,0,1,Hardware Composed: Independent Flip,2976.1421,NA,17.42040000000000,16.37300000000000,0.40330000000000,4.08850000000000,4.1503,2959.0244,17.5210,17.1177,0.4033,4.8677,16.3385,14.4920,1.8465,-3.1681,2959.0244,NA,NA,NA
SandFall-Win64-Shipping.exe,32396,0x27E295FDE80,DXGI,0,0,1,Hardware Composed: Independent Flip,2990.5672,NA,14.42510000000000,15.71020000000000,0.31560000000000,4.49040000000000,5.4354,2976.5454,14.3374,14.0218,0.3156,3.6852,14.8270,14.0697,0.7573,1.8108,2976.5454,NA,11.6238,NA
SandFall-Win64-Shipping.exe,32396,0x27E295FDE80,DXGI,0,0,1,Hardware Composed: Independent Flip,3010.5607,NA,19.99350000000000,17.96200000000000,0.26490000000000,3.33270000000000,3.4039,2990.8828,19.9428,19.6779,0.2649,4.1748,18.8358,15.2018,3.6340,-3.6246,2990.8828,NA,12.5905,NA
SandFall-Win64-Shipping.exe,32396,0x27E295FDE80,DXGI,0,0,1,Hardware Composed: Independent Flip,3025.3353,NA,14.77460000000000,16.89530000000000,0.38480000000000,4.25620000000000,5.5246,3010.8256,14.8945,14.5097,0.3848,3.0678,15.6981,15.0325,0.6656,3.0475,3010.8256,NA,14.4842,NA
SandFall-Win64-Shipping.exe,32396,0x27E295FDE80,DXGI,0,0,1,Hardware Composed: Independent Flip,3041.3421,NA,16.00680000000000,14.92190000000000,0.34530000000000,4.37610000000000,4.4397,3025.7201,15.9673,15.6220,0.3453,3.8714,16.1267,15.6966,0.4301,-0.0274,3025.7201,NA,13.4036,NA
SandFall-Win64-Shipping.exe,32396,0x27E295FDE80,DXGI,0,0,1,Hardware Composed: Independent Flip,3057.2946,NA,15.95250000000000,17.69280000000000,0.27950000000000,4.40400000000000,6.1800,3041.6874,15.8867,15.6072,0.2795,4.0308,15.9804,15.9752,0.0052,-1.7255,3041.6874,NA,16.0963,NA
SandFall-Win64-Shipping.exe,32396,0x27E295FDE80,DXGI,0,0,1,Hardware Composed: Independent Flip,3072.7924,NA,15.49780000000000,14.20080000000000,0.27320000000000,4.84150000000000,4.8830,3057.5741,15.4915,15.2183,0.2732,4.1245,15.9353,15.9311,0.0042,1.6859,3057.5741,NA,23.2768,NA
SandFall-Win64-Shipping.exe,32396,0x27E295FDE80,DXGI,0,0,1,Hardware Composed: Independent Flip,3087.8247,NA,15.03230000000000,15.63760000000000,0.25500000000000,5.13620000000000,5.4883,3073.0656,15.0141,14.7591,0.2550,4.5683,15.3270,15.3223,0.0047,-0.1461,3073.0656,NA,NA,NA
SandFall-Win64-Shipping.exe,32396,0x27E295FDE80,DXGI,0,0,1,Hardware Composed: Independent Flip,3102.5423,NA,14.71760000000000,15.22300000000000,0.29740000000000,5.57750000000000,5.9937,3088.0797,14.7600,14.4626,0.2974,4.8812,15.1589,15.1542,0.0047,-0.2089,3088.0797,NA,NA,NA
SandFall-Win64-Shipping.exe,32396,0x27E295FDE80,DXGI,0,0,1,Hardware Composed: Independent Flip,3119.7502,NA,17.20790000000000,14.94640000000000,0.28310000000000,3.66550000000000,3.7322,3102.8397,17.1936,16.9105,0.2831,5.2801,15.2959,15.2909,0.0050,-0.1864,3102.8397,NA,NA,NA
SandFall-Win64-Shipping.exe,32396,0x27E295FDE80,DXGI,0,0,1,Hardware Composed: Independent Flip,3138.9920,NA,19.24180000000000,19.64470000000000,0.41260000000000,3.87090000000000,4.1351,3120.0333,19.3713,18.9587,0.4126,3.3824,19.4472,15.5585,3.8887,-2.4511,3120.0333,NA,NA,NA
SandFall-Win64-Shipping.exe,32396,0x27E295FDE80,DXGI,0,0,1,Hardware Composed: Independent Flip,3157.0327,NA,18.04070000000000,17.68070000000000,0.26340000000000,3.71300000000000,3.7751,3139.4046,17.8915,17.6281,0.2634,3.4583,17.8828,15.5354,2.3474,1.6906,3139.4046,NA,18.3959,NA
SandFall-Win64-Shipping.exe,32396,0x27E295FDE80,DXGI,0,0,1,Hardware Composed: Independent Flip,3175.8879,NA,18.85520000000000,19.71990000000000,0.26880000000000,4.56320000000000,4.6398,3157.2961,18.8606,18.5918,0.2688,3.4496,19.7054,15.3579,4.3475,-1.8284,3157.2961,NA,20.1502,NA
SandFall-Win64-Shipping.exe,32396,0x27E295FDE80,DXGI,0,0,1,Hardware Composed: Independent Flip,3192.1548,NA,16.26690000000000,16.29570000000000,0.27510000000000,3.90700000000000,4.6686,3176.1567,16.2732,15.9981,0.2751,4.2944,15.6107,15.3303,0.2804,2.5649,3176.1567,NA,28.4356,NA
SandFall-Win64-Shipping.exe,32396,0x27E295FDE80,DXGI,0,0,1,Hardware Composed: Independent Flip,3207.1218,NA,14.96700000000000,15.70810000000000,0.24900000000000,5.34810000000000,5.4097,3192.4299,14.9409,14.6919,0.2490,3.6319,16.4081,15.9087,0.4994,0.5651,3192.4299,NA,25.1548,NA
SandFall-Win64-Shipping.exe,32396,0x27E295FDE80,DXGI,0,0,1,Hardware Composed: Independent Flip,3223.5088,NA,16.38700000000000,17.97360000000000,0.27810000000000,4.54560000000000,6.9963,3207.3708,16.4161,16.1380,0.2781,5.0991,15.5845,15.2247,0.3598,-3.0327,3207.3708,NA,21.1212,NA
SandFall-Win64-Shipping.exe,32396,0x27E295FDE80,DXGI,0,0,1,Hardware Composed: Independent Flip,3240.8016,NA,17.29280000000000,15.22730000000000,0.26210000000000,4.87800000000000,4.9308,3223.7869,17.2768,17.0147,0.2621,4.2675,17.6252,15.7797,1.8455,1.1888,3223.7869,NA,20.3537,NA
SandFall-Win64-Shipping.exe,32396,0x27E295FDE80,DXGI,0,0,1,Hardware Composed: Independent Flip,3258.0985,NA,17.29690000000000,18.17390000000000,0.27750000000000,4.56470000000000,5.8078,3241.0637,17.3123,17.0348,0.2775,4.6159,16.9836,16.0521,0.9315,-0.8971,3241.0637,NA,6.5297,NA
SandFall-Win64-Shipping.exe,32396,0x27E295FDE80,DXGI,0,0,1,Hardware Composed: Independent Flip,3276.0795,NA,17.98100000000000,16.49930000000000,0.29650000000000,4.05270000000000,4.3261,3258.3760,18.0000,17.7035,0.2965,4.2872,17.4690,16.0291,1.4399,0.8130,3258.3760,NA,7.0271,NA
SandFall-Win64-Shipping.exe,32396,0x27E295FDE80,DXGI,0,0,1,Hardware Composed: Independent Flip,3294.2057,NA,18.12620000000000,18.72240000000000,0.34690000000000,4.86810000000000,4.9223,3276.3760,18.1766,17.8297,0.3469,3.7562,18.9416,16.4917,2.4499,-0.7224,3276.3760,NA,9.7498,NA
SandFall-Win64-Shipping.exe,32396,0x27E295FDE80,DXGI,0,0,1,Hardware Composed: Independent Flip,3311.1622,NA,16.95650000000000,18.41300000000000,0.58440000000000,4.95760000000000,6.3788,3294.5526,17.1940,16.6096,0.5844,4.5212,17.0460,16.5371,0.5089,-0.2364,3294.5526,NA,11.1624,NA
SandFall-Win64-Shipping.exe,32396,0x27E295FDE80,DXGI,0,0,1,Hardware Composed: Independent Flip,3328.5842,NA,17.42200000000000,16.04180000000000,0.29830000000000,4.88720000000000,4.9986,3311.7466,17.1359,16.8376,0.2983,4.3732,17.3516,17.2635,0.0881,1.1522,3311.7466,NA,12.2006,NA
SandFall-Win64-Shipping.exe,32396,0x27E295FDE80,DXGI,0,0,1,Hardware Composed: Independent Flip,3345.2873,NA,16.70310000000000,16.32670000000000,0.31670000000000,4.37820000000000,4.6222,3328.8825,16.7215,16.4048,0.3167,4.5889,16.1941,15.4588,0.7353,0.8092,3328.8825,NA,12.4429,NA
SandFall-Win64-Shipping.exe,32396,0x27E295FDE80,DXGI,0,0,1,Hardware Composed: Independent Flip,3362.2998,NA,17.01250000000000,17.67900000000000,0.25240000000000,5.21340000000000,5.2887,3345.6040,16.9482,16.6958,0.2524,4.0615,17.8477,16.7917,1.0560,-0.9575,3345.6040,NA,15.2034,NA
SandFall-Win64-Shipping.exe,32396,0x27E295FDE80,DXGI,0,0,1,Hardware Composed: Independent Flip,3379.6409,NA,17.34110000000000,16.70160000000000,0.32620000000000,3.71500000000000,4.6492,3362.5522,17.4149,17.0887,0.3262,4.9610,15.8427,15.7188,0.1239,0.2466,3362.5522,NA,13.9094,NA
SandFall-Win64-Shipping.exe,32396,0x27E295FDE80,DXGI,0,0,1,Hardware Composed: Independent Flip,3394.9004,NA,15.25950000000000,15.51610000000000,0.26950000000000,4.83220000000000,4.9058,3379.9671,15.2028,14.9333,0.2695,3.3888,16.3767,16.3656,0.0111,1.8988,3379.9671,NA,12.4245,NA
SandFall-Win64-Shipping.exe,32396,0x27E295FDE80,DXGI,0,0,1,Hardware Composed: Independent Flip,3409.5443,NA,14.64390000000000,15.00230000000000,0.26980000000000,4.93230000000000,5.2642,3395.1699,14.6442,14.3744,0.2698,4.5627,14.7440,14.7376,0.0064,0.2005,3395.1699,NA,10.4210,NA
SandFall-Win64-Shipping.exe,32396,0x27E295FDE80,DXGI,0,0,1,Hardware Composed: Independent Flip,3425.4141,NA,15.86980000000000,14.43190000000000,0.34140000000000,3.80750000000000,3.8263,3409.8141,15.9414,15.6000,0.3414,4.6625,14.7450,14.7393,0.0057,0.2123,3409.8141,NA,8.8559,NA
SandFall-Win64-Shipping.exe,32396,0x27E295FDE80,DXGI,0,0,1,Hardware Composed: Independent Flip,3440.9318,NA,15.51770000000000,16.28580000000000,0.28260000000000,4.50480000000000,4.5944,3425.7555,15.4589,15.1763,0.2826,3.4661,16.2150,16.2086,0.0064,-0.3444,3425.7555,NA,9.1366,NA
SandFall-Win64-Shipping.exe,32396,0x27E295FDE80,DXGI,0,0,1,Hardware Composed: Independent Flip,3456.1286,NA,15.19680000000000,15.32700000000000,0.31330000000000,4.64860000000000,4.7246,3441.2144,15.2275,14.9142,0.3133,4.2222,15.3406,15.3319,0.0087,0.1319,3441.2144,NA,9.4648,NA
SandFall-Win64-Shipping.exe,32396,0x27E295FDE80,DXGI,0,0,1,Hardware Composed: Independent Flip,3472.4547,NA,16.32610000000000,16.53460000000000,0.28550000000000,4.85810000000000,4.9331,3456.4419,16.2983,16.0128,0.2855,4.3353,16.5356,14.9843,1.5513,-1.3071,3456.4419,NA,7.0097,NA
SandFall-Win64-Shipping.exe,32396,0x27E295FDE80,DXGI,0,0,1,Hardware Composed: Independent Flip,3488.6097,NA,16.15500000000000,17.02350000000000,0.27210000000000,5.36230000000000,5.8016,3472.7402,16.1416,15.8695,0.2721,4.5726,16.6592,15.3861,1.2731,-0.7252,3472.7402,NA,8.0328,NA
SandFall-Win64-Shipping.exe,32396,0x27E295FDE80,DXGI,0,0,1,Hardware Composed: Independent Flip,3505.3244,NA,16.71470000000000,15.55230000000000,0.30030000000000,4.56740000000000,4.6392,3488.8818,16.7429,16.4426,0.3003,5.0902,15.9198,15.3099,0.6099,0.5893,3488.8818,NA,6.5784,NA
SandFall-Win64-Shipping.exe,32396,0x27E295FDE80,DXGI,0,0,1,Hardware Composed: Independent Flip,3521.7928,NA,16.46840000000000,16.69590000000000,0.27760000000000,4.67630000000000,4.8667,3505.6247,16.4457,16.1681,0.2776,4.2671,16.5773,15.2130,1.3643,0.0470,3505.6247,NA,16.2792,NA
SandFall-Win64-Shipping.exe,32396,0x27E295FDE80,DXGI,0,0,1,Hardware Composed: Independent Flip,3538.5201,NA,16.72730000000000,16.94810000000000,0.36000000000000,4.69700000000000,5.0875,3522.0704,16.8097,16.4497,0.3600,4.3987,16.7480,15.6262,1.1218,-0.5024,3522.0704,NA,12.2142,NA
SandFall-Win64-Shipping.exe,32396,0x27E295FDE80,DXGI,0,0,1,Hardware Composed: Independent Flip,3556.1857,NA,17.66560000000000,16.95290000000000,0.33320000000000,4.32020000000000,4.3748,3538.8801,17.6388,17.3056,0.3332,4.3370,17.2888,15.4581,1.8307,-0.1432,3538.8801,NA,NA,NA
SandFall-Win64-Shipping.exe,32396,0x27E295FDE80,DXGI,0,0,1,Hardware Composed: Independent Flip,3573.6658,NA,17.48010000000000,17.44080000000000,0.31410000000000,3.95660000000000,4.3355,3556.5189,17.4610,17.1469,0.3141,3.9870,17.1165,14.7404,2.3761,0.1980,3556.5189,NA,10.6089,NA
SandFall-Win64-Shipping.exe,32396,0x27E295FDE80,DXGI,0,0,1,Hardware Composed: Independent Flip,3589.7724,NA,16.10660000000000,15.79060000000000,0.36670000000000,3.93210000000000,4.0195,3573.9799,16.1592,15.7925,0.3667,3.6425,16.0821,15.0025,1.0796,1.6704,3573.9799,NA,10.3983,NA
SandFall-Win64-Shipping.exe,32396,0x27E295FDE80,DXGI,0,0,1,Hardware Composed: Independent Flip,3607.5341,NA,17.76170000000000,18.33830000000000,0.25600000000000,4.55250000000000,4.5961,3590.1391,17.6510,17.3950,0.2560,3.5654,18.3821,15.2284,3.1537,-2.1791,3590.1391,NA,13.7439,NA
SandFall-Win64-Shipping.exe,32396,0x27E295FDE80,DXGI,0,0,1,Hardware Composed: Independent Flip,3624.5781,NA,17.04400000000000,16.51220000000000,0.26550000000000,3.57080000000000,4.0643,3607.7901,17.0535,16.7880,0.2655,4.2965,16.0623,14.6946,1.3677,1.1388,3607.7901,NA,15.2411,NA
SandFall-Win64-Shipping.exe,32396,0x27E295FDE80,DXGI,0,0,1,Hardware Composed: Independent Flip,3640.9214,NA,16.34330000000000,17.74180000000000,0.25810000000000,5.40940000000000,5.4628,3624.8436,16.3359,16.0778,0.2581,3.3053,18.1819,15.5384,2.6435,-0.6883,3624.8436,NA,26.9818,NA
SandFall-Win64-Shipping.exe,32396,0x27E295FDE80,DXGI,0,0,1,Hardware Composed: Independent Flip,3654.5881,NA,13.66670000000000,15.61780000000000,0.27510000000000,6.01610000000000,7.4139,3641.1795,13.6837,13.4086,0.2751,5.1513,14.2734,14.2618,0.0116,0.7181,3641.1795,NA,NA,NA
SandFall-Win64-Shipping.exe,32396,0x27E295FDE80,DXGI,0,0,1,Hardware Composed: Independent Flip,3668.5636,NA,13.97550000000000,13.03870000000000,0.27160000000000,6.41720000000000,6.4771,3654.8632,13.9720,13.7004,0.2716,5.7410,14.3766,14.3655,0.0111,0.6450,3654.8632,NA,NA,NA
SandFall-Win64-Shipping.exe,32396,0x27E295FDE80,DXGI,0,0,1,Hardware Composed: Independent Flip,3681.8511,NA,13.28750000000000,16.90140000000000,0.27290000000000,7.67080000000000,10.0910,3668.8352,13.2888,13.0159,0.2729,6.1456,14.5411,14.5361,0.0050,-2.9294,3668.8352,NA,NA,NA
SandFall-Win64-Shipping.exe,32396,0x27E295FDE80,DXGI,0,0,1,Hardware Composed: Independent Flip,3694.2200,NA,12.36890000000000,11.76120000000000,0.46080000000000,9.43220000000000,9.4833,3682.1240,12.5568,12.0960,0.4608,7.3979,14.1303,14.1259,0.0044,1.5276,3682.1240,NA,NA,NA
SandFall-Win64-Shipping.exe,32396,0x27E295FDE80,DXGI,0,0,1,Hardware Composed: Independent Flip,3709.0647,NA,14.84470000000000,14.68030000000000,0.32080000000000,8.81920000000000,9.3189,3694.6808,14.7047,14.3839,0.3208,8.9714,14.2317,14.2227,0.0090,-2.1235,3694.6808,NA,NA,NA
SandFall-Win64-Shipping.exe,32396,0x27E295FDE80,DXGI,0,0,1,Hardware Composed: Independent Flip,3723.1747,NA,14.11000000000000,14.92790000000000,0.32220000000000,9.20040000000000,10.1368,3709.3855,14.1114,13.7892,0.3222,8.4984,14.4912,14.4858,0.0054,-0.2232,3709.3855,NA,25.9374,NA
SandFall-Win64-Shipping.exe,32396,0x27E295FDE80,DXGI,0,0,1,Hardware Composed: Independent Flip,3738.8504,NA,15.67570000000000,13.19860000000000,0.25240000000000,7.62990000000000,7.6597,3723.4969,15.6059,15.3535,0.2524,8.8782,14.1052,14.0988,0.0064,0.9128,3723.4969,NA,27.1247,NA
SandFall-Win64-Shipping.exe,32396,0x27E295FDE80,DXGI,0,0,1,Hardware Composed: Independent Flip,3754.3925,NA,15.54210000000000,15.21840000000000,0.25980000000000,7.23770000000000,7.3360,3739.1028,15.5495,15.2897,0.2598,7.3775,15.1499,15.1435,0.0064,0.3875,3739.1028,NA,26.3445,NA
SandFall-Win64-Shipping.exe,32396,0x27E295FDE80,DXGI,0,0,1,Hardware Composed: Independent Flip,3769.1603,NA,14.76780000000000,14.21960000000000,0.27550000000000,6.71660000000000,6.7878,3754.6523,14.7835,14.5080,0.2755,6.9779,14.2467,14.2407,0.0060,1.3299,3754.6523,NA,34.1273,NA
SandFall-Win64-Shipping.exe,32396,0x27E295FDE80,DXGI,0,0,1,Hardware Composed: Independent Flip,3786.4945,NA,17.33420000000000,15.60070000000000,0.25330000000000,5.04020000000000,5.0543,3769.4358,17.3120,17.0587,0.2533,6.4411,15.6578,15.6525,0.0053,-0.8172,3769.4358,NA,18.9759,NA
SandFall-Win64-Shipping.exe,32396,0x27E295FDE80,DXGI,0,0,1,Hardware Composed: Independent Flip,3801.7883,NA,15.29380000000000,15.54280000000000,0.25530000000000,4.81080000000000,5.3033,3786.7478,15.2958,15.0405,0.2553,4.7869,15.0644,14.9042,0.1602,1.7692,3786.7478,NA,NA,NA
SandFall-Win64-Shipping.exe,32396,0x27E295FDE80,DXGI,0,0,1,Hardware Composed: Independent Flip,3816.2997,NA,14.51140000000000,13.56930000000000,0.28840000000000,4.31600000000000,4.3612,3802.0436,14.5445,14.2561,0.2884,4.5555,14.0166,14.0094,0.0072,1.7265,3802.0436,NA,17.3255,NA
SandFall-Win64-Shipping.exe,32396,0x27E295FDE80,DXGI,0,0,1,Hardware Composed: Independent Flip,3831.8806,NA,15.58090000000000,15.68010000000000,0.30300000000000,3.95590000000000,4.4604,3816.5881,15.5955,15.2925,0.3030,4.0276,15.2208,14.8938,0.3270,-1.1356,3816.5881,NA,NA,NA
SandFall-Win64-Shipping.exe,32396,0x27E295FDE80,DXGI,0,0,1,Hardware Composed: Independent Flip,3846.6665,NA,14.78590000000000,15.47230000000000,0.54390000000000,4.59220000000000,5.1468,3832.1836,15.0268,14.4829,0.5439,3.6529,15.4222,14.4473,0.9749,0.1232,3832.1836,NA,17.7180,NA
SandFall-Win64-Shipping.exe,32396,0x27E295FDE80,DXGI,0,0,1,Hardware Composed: Independent Flip,3867.7855,NA,21.11900000000000,19.63110000000000,0.24820000000000,3.61850000000000,3.6589,3847.2104,20.8233,20.5751,0.2482,4.0483,20.1453,14.8487,5.2966,-4.6043,3847.2104,NA,NA,NA
SandFall-Win64-Shipping.exe,32396,0x27E295FDE80,DXGI,0,0,1,Hardware Composed: Independent Flip,3882.5297,NA,14.74420000000000,17.28050000000000,0.29330000000000,3.56180000000000,6.1952,3868.0337,14.7893,14.4960,0.2933,3.3703,14.6875,14.6358,0.0517,3.5428,3868.0337,NA,23.8421,NA
SandFall-Win64-Shipping.exe,32396,0x27E295FDE80,DXGI,0,0,1,Hardware Composed: Independent Flip,3900.3015,NA,17.77180000000000,15.31760000000000,0.27280000000000,3.71560000000000,3.7410,3882.8230,17.7513,17.4785,0.2728,3.2685,17.9256,14.9358,2.9898,-0.5283,3882.8230,NA,NA,NA
SandFall-Win64-Shipping.exe,32396,0x27E295FDE80,DXGI,0,0,1,Hardware Composed: Independent Flip,3916.2927,NA,15.99120000000000,17.18040000000000,0.28150000000000,3.29790000000000,4.9302,3900.5743,15.9999,15.7184,0.2815,3.4428,15.5735,14.6944,0.8791,0.5709,3900.5743,NA,25.5968,NA
SandFall-Win64-Shipping.exe,32396,0x27E295FDE80,DXGI,0,0,1,Hardware Composed: Independent Flip,3931.6102,NA,15.31750000000000,13.60320000000000,0.26930000000000,3.15590000000000,3.2159,3916.5742,15.3053,15.0360,0.2693,3.0164,15.1755,14.6345,0.5410,2.3967,3916.5742,NA,NA,NA
SandFall-Win64-Shipping.exe,32396,0x27E295FDE80,DXGI,0,0,1,Hardware Composed: Independent Flip,3946.8665,NA,15.25630000000000,15.49410000000000,0.33400000000000,3.44090000000000,3.4537,3931.8795,15.3210,14.9870,0.3340,2.8866,15.5413,14.8051,0.7362,-0.1888,3931.8795,NA,NA,NA
SandFall-Win64-Shipping.exe,32396,0x27E295FDE80,DXGI,0,0,1,Hardware Composed: Independent Flip,3961.6236,NA,14.75710000000000,14.98140000000000,0.37350000000000,3.47780000000000,3.6780,3947.2005,14.7966,14.4231,0.3735,3.1069,14.7940,14.4660,0.3280,0.3396,3947.2005,NA,23.5949,NA
SandFall-Win64-Shipping.exe,32396,0x27E295FDE80,DXGI,0,0,1,Hardware Composed: Independent Flip,3978.1669,NA,16.54330000000000,16.11820000000000,0.25660000000000,3.23960000000000,3.2529,3961.9971,16.4264,16.1698,0.2566,3.1043,16.3051,14.7360,1.5691,-1.3216,3961.9971,NA,NA,NA
SandFall-Win64-Shipping.exe,32396,0x27E295FDE80,DXGI,0,0,1,Hardware Composed: Independent Flip,3994.6043,NA,16.43740000000000,17.52510000000000,0.26550000000000,3.87830000000000,4.3406,3978.4235,16.4463,16.1808,0.2655,2.9830,17.0761,14.2625,2.8136,-1.0987,3978.4235,NA,26.4752,NA
SandFall-Win64-Shipping.exe,32396,0x27E295FDE80,DXGI,0,0,1,Hardware Composed: Independent Flip,4009.7906,NA,15.18630000000000,15.82090000000000,0.25820000000000,4.69010000000000,4.9752,3994.8698,15.1790,14.9208,0.2582,3.6128,15.9981,15.1425,0.8556,0.6254,3994.8698,NA,NA,NA
SandFall-Win64-Shipping.exe,32396,0x27E295FDE80,DXGI,0,0,1,Hardware Composed: Independent Flip,4026.8648,NA,17.07420000000000,16.88530000000000,0.28180000000000,4.76380000000000,4.7863,4010.0488,17.0978,16.8160,0.2818,4.4319,17.1479,14.7592,2.3887,-1.7063,4010.0488,NA,28.4257,NA
SandFall-Win64-Shipping.exe,32396,0x27E295FDE80,DXGI,0,0,1,Hardware Composed: Independent Flip,4043.4514,NA,16.58660000000000,17.46340000000000,0.27830000000000,4.87290000000000,5.6631,4027.1466,16.5831,16.3048,0.2783,4.4820,16.6957,14.8661,1.8296,-0.3656,4027.1466,NA,NA,NA
SandFall-Win64-Shipping.exe,32396,0x27E295FDE80,DXGI,0,0,1,Hardware Composed: Independent Flip,4058.0707,NA,14.61930000000000,14.10470000000000,0.25350000000000,5.10330000000000,5.1485,4043.7297,14.5945,14.3410,0.2535,4.5946,14.8497,14.8448,0.0049,2.4784,4043.7297,NA,29.2068,NA
SandFall-Win64-Shipping.exe,32396,0x27E295FDE80,DXGI,0,0,1,Hardware Composed: Independent Flip,4074.3062,NA,16.23550000000000,15.66060000000000,0.26000000000000,4.55910000000000,4.5736,4058.3242,16.2420,15.9820,0.2600,4.8498,15.6913,14.7823,0.9090,-1.0661,4058.3242,NA,NA,NA
SandFall-Win64-Shipping.exe,32396,0x27E295FDE80,DXGI,0,0,1,Hardware Composed: Independent Flip,4090.1284,NA,15.82220000000000,16.01560000000000,0.26360000000000,3.80870000000000,4.7670,4074.5662,15.8258,15.5622,0.2636,4.2991,15.0718,14.4633,0.6085,0.2264,4074.5662,NA,30.1669,NA
SandFall-Win64-Shipping.exe,32396,0x27E295FDE80,DXGI,0,0,1,Hardware Composed: Independent Flip,4104.9461,NA,14.81770000000000,14.75050000000000,0.25260000000000,4.63370000000000,4.6998,4090.3920,14.8067,14.5541,0.2526,3.5451,15.6427,15.3776,0.2651,1.0753,4090.3920,NA,NA,NA
SandFall-Win64-Shipping.exe,32396,0x27E295FDE80,DXGI,0,0,1,Hardware Composed: Independent Flip,4120.4401,NA,15.49400000000000,15.51660000000000,0.25480000000000,3.97240000000000,4.7224,4105.1987,15.4962,15.2414,0.2548,4.3811,14.8327,14.7682,0.0645,-0.7099,4105.1987,NA,29.6642,NA
SandFall-Win64-Shipping.exe,32396,0x27E295FDE80,DXGI,0,0,1,Hardware Composed: Independent Flip,4136.5964,NA,16.15630000000000,16.25270000000000,0.25610000000000,4.79000000000000,4.8188,4120.6949,16.1576,15.9015,0.2561,3.7176,16.9739,15.0276,1.9463,-0.7565,4120.6949,NA,NA,NA
SandFall-Win64-Shipping.exe,32396,0x27E295FDE80,DXGI,0,0,1,Hardware Composed: Independent Flip,4151.1536,NA,14.55720000000000,14.96250000000000,0.27120000000000,4.82880000000000,5.2241,4136.8525,14.5723,14.3011,0.2712,4.5339,14.5960,14.5915,0.0045,1.1951,4136.8525,NA,30.1297,NA
SandFall-Win64-Shipping.exe,32396,0x27E295FDE80,DXGI,0,0,1,Hardware Composed: Independent Flip,4167.0381,NA,15.88450000000000,15.48610000000000,0.24590000000000,4.81170000000000,4.8257,4151.4248,15.8592,15.6133,0.2459,4.5576,15.8674,14.9442,0.9232,-0.9138,4151.4248,NA,NA,NA
SandFall-Win64-Shipping.exe,32396,0x27E295FDE80,DXGI,0,0,1,Hardware Composed: Independent Flip,4181.3843,NA,14.34620000000000,15.46550000000000,0.25210000000000,4.94220000000000,5.9450,4167.2840,14.3524,14.1003,0.2521,4.5658,14.4767,14.4723,0.0044,0.3937,4167.2840,NA,19.9503,NA
SandFall-Win64-Shipping.exe,32396,0x27E295FDE80,DXGI,0,0,1,Hardware Composed: Independent Flip,4196.8837,NA,15.49940000000000,14.36030000000000,0.25640000000000,4.76560000000000,4.8059,4181.6364,15.5037,15.2473,0.2564,4.6901,15.3228,14.8721,0.4507,-0.0079,4181.6364,NA,23.3113,NA
SandFall-Win64-Shipping.exe,32396,0x27E295FDE80,DXGI,0,0,1,Hardware Composed: Independent Flip,4214.3429,NA,17.45920000000000,17.96030000000000,0.27010000000000,4.32380000000000,5.3070,4197.1401,17.4729,17.2028,0.2701,4.5092,17.0174,15.2530,1.7644,-2.4566,4197.1401,NA,31.2677,NA
SandFall-Win64-Shipping.exe,32396,0x27E295FDE80,DXGI,0,0,1,Hardware Composed: Independent Flip,4229.8419,NA,15.49900000000000,15.71230000000000,0.25490000000000,4.69770000000000,5.5203,4214.6130,15.4838,15.2289,0.2549,4.0537,15.8729,14.8237,1.0492,1.7606,4214.6130,NA,32.2681,NA
SandFall-Win64-Shipping.exe,32396,0x27E295FDE80,DXGI,0,0,1,Hardware Composed: Independent Flip,4245.3346,NA,15.49270000000000,14.70020000000000,0.29770000000000,4.67860000000000,4.7278,4230.0968,15.5355,15.2378,0.2977,4.4428,15.4736,15.0889,0.3847,0.7836,4230.0968,NA,19.6863,NA
SandFall-Win64-Shipping.exe,32396,0x27E295FDE80,DXGI,0,0,1,Hardware Composed: Independent Flip,4260.2720,NA,14.93740000000000,15.62420000000000,0.24710000000000,5.02310000000000,5.4146,4245.6323,14.8868,14.6397,0.2471,4.3809,15.2819,15.0055,0.2764,-0.0887,4245.6323,NA,20.3057,NA
SandFall-Win64-Shipping.exe,32396,0x27E295FDE80,DXGI,0,0,1,Hardware Composed: Independent Flip,4276.6088,NA,16.33680000000000,15.68340000000000,0.25910000000000,4.71490000000000,4.7612,4260.5191,16.3488,16.0897,0.2591,4.7760,16.0286,14.8684,1.1602,-0.7966,4260.5191,NA,NA,NA
SandFall-Win64-Shipping.exe,32396,0x27E295FDE80,DXGI,0,0,1,Hardware Composed: Independent Flip,4293.7170,NA,17.10820000000000,16.89210000000000,0.28130000000000,4.04170000000000,4.5451,4276.8679,17.1304,16.8491,0.2813,4.4558,16.4350,14.8553,1.5797,-0.5433,4276.8679,NA,33.6329,NA
SandFall-Win64-Shipping.exe,32396,0x27E295FDE80,DXGI,0,0,1,Hardware Composed: Independent Flip,4310.4898,NA,16.77280000000000,16.14830000000000,0.46240000000000,3.87390000000000,3.9206,4293.9983,16.9539,16.4915,0.4624,3.7604,16.6050,14.9469,1.6581,0.9821,4293.9983,NA,4.0323,NA
SandFall-Win64-Shipping.exe,32396,0x27E295FDE80,DXGI,0,0,1,Hardware Composed: Independent Flip,4326.4929,NA,16.00310000000000,16.84370000000000,0.60810000000000,4.63510000000000,4.7612,4310.9522,16.1488,15.5407,0.6081,3.4115,16.7643,14.9914,1.7729,0.1102,4310.9522,NA,9.8642,NA
SandFall-Win64-Shipping.exe,32396,0x27E295FDE80,DXGI,0,0,1,Hardware Composed: Independent Flip,4342.8468,NA,16.35390000000000,16.39290000000000,0.27760000000000,4.75310000000000,4.8002,4327.1010,16.0234,15.7458,0.2776,4.0270,16.4719,15.0974,1.3745,-0.2441,4327.1010,NA,6.2647,NA
SandFall-Win64-Shipping.exe,32396,0x27E295FDE80,DXGI,0,0,1,Hardware Composed: Independent Flip,4357.6567,NA,14.80990000000000,15.00210000000000,0.33050000000000,4.94150000000000,4.9924,4343.1244,14.8628,14.5323,0.3305,4.4755,14.9983,14.9902,0.0081,1.0213,4343.1244,NA,5.7440,NA
SandFall-Win64-Shipping.exe,32396,0x27E295FDE80,DXGI,0,0,1,Hardware Composed: Independent Flip,4372.6641,NA,15.00740000000000,14.99580000000000,0.25830000000000,4.82700000000000,4.9808,4357.9872,14.9352,14.6769,0.2583,4.6110,14.8929,14.8868,0.0061,-0.1330,4357.9872,NA,NA,NA
SandFall-Win64-Shipping.exe,32396,0x27E295FDE80,DXGI,0,0,1,Hardware Composed: Independent Flip,4387.2229,NA,14.55880000000000,14.50050000000000,0.25560000000000,4.87130000000000,4.9225,4372.9224,14.5561,14.3005,0.2556,4.5687,14.6031,14.5971,0.0060,0.4347,4372.9224,NA,24.7581,NA
SandFall-Win64-Shipping.exe,32396,0x27E295FDE80,DXGI,0,0,1,Hardware Composed: Independent Flip,4403.6507,NA,16.42780000000000,16.08800000000000,0.26860000000000,4.44010000000000,4.5827,4387.4785,16.4408,16.1722,0.2686,4.6157,15.9966,14.8415,1.1551,-1.5319,4387.4785,NA,19.8502,NA
SandFall-Win64-Shipping.exe,32396,0x27E295FDE80,DXGI,0,0,1,Hardware Composed: Independent Flip,4419.3082,NA,15.65750000000000,16.14760000000000,0.33850000000000,4.41740000000000,5.0728,4403.9193,15.7274,15.3889,0.3385,4.1715,15.6348,14.8580,0.7768,0.2932,4403.9193,NA,21.3989,NA
SandFall-Win64-Shipping.exe,32396,0x27E295FDE80,DXGI,0,0,1,Hardware Composed: Independent Flip,4435.5855,NA,16.27730000000000,15.57070000000000,0.29820000000000,4.32550000000000,4.3662,4419.6467,16.2370,15.9388,0.2982,4.0789,16.1854,14.9644,1.2210,0.1567,4419.6467,NA,4.5714,NA
SandFall-Win64-Shipping.exe,32396,0x27E295FDE80,DXGI,0,0,1,Hardware Composed: Independent Flip,4451.1322,NA,15.54670000000000,16.14890000000000,0.28970000000000,4.59260000000000,4.9684,4435.8837,15.5382,15.2485,0.2897,4.0273,15.8138,14.9328,0.8810,0.0881,4435.8837,NA,NA,NA
SandFall-Win64-Shipping.exe,32396,0x27E295FDE80,DXGI,0,0,1,Hardware Composed: Independent Flip,4467.3687,NA,16.23650000000000,15.26220000000000,0.28560000000000,3.94580000000000,3.9941,4451.4219,16.2324,15.9468,0.2856,4.3029,15.5897,15.0933,0.4964,0.2760,4451.4219,NA,6.8676,NA
SandFall-Win64-Shipping.exe,32396,0x27E295FDE80,DXGI,0,0,1,Hardware Composed: Independent Flip,4483.5619,NA,16.19320000000000,16.96360000000000,0.29220000000000,4.69160000000000,4.7645,4467.6543,16.1998,15.9076,0.2922,3.6602,16.9390,15.1594,1.7796,-0.7312,4467.6543,NA,6.9458,NA
SandFall-Win64-Shipping.exe,32396,0x27E295FDE80,DXGI,0,0,1,Hardware Composed: Independent Flip,4498.5472,NA,14.98530000000000,14.97090000000000,0.25360000000000,4.65880000000000,4.7501,4483.8541,14.9467,14.6931,0.2536,4.3994,14.9525,14.8874,0.0651,1.2289,4483.8541,NA,8.0491,NA
SandFall-Win64-Shipping.exe,32396,0x27E295FDE80,DXGI,0,0,1,Hardware Composed: Independent Flip,4514.5861,NA,16.03890000000000,15.73420000000000,0.25710000000000,4.41570000000000,4.4454,4498.8008,16.0424,15.7853,0.2571,4.4052,15.7958,14.9972,0.7986,-0.7875,4498.8008,NA,5.6492,NA
SandFall-Win64-Shipping.exe,32396,0x27E295FDE80,DXGI,0,0,1,Hardware Composed: Independent Flip,4530.5650,NA,15.97890000000000,17.10550000000000,0.33050000000000,4.49260000000000,5.5720,4514.8432,16.0523,15.7218,0.3305,4.1586,16.0558,14.8858,1.1700,-1.0631,4514.8432,NA,10.1283,NA
SandFall-Win64-Shipping.exe,32396,0x27E295FDE80,DXGI,0,0,1,Hardware Composed: Independent Flip,4546.3566,NA,15.79160000000000,14.23190000000000,0.29660000000000,3.96910000000000,4.0123,4530.8955,15.7577,15.4611,0.2966,4.1621,15.2681,15.0474,0.2207,1.8204,4530.8955,NA,NA,NA
SandFall-Win64-Shipping.exe,32396,0x27E295FDE80,DXGI,0,0,1,Hardware Composed: Independent Flip,4560.7755,NA,14.41890000000000,15.16930000000000,0.34740000000000,4.35360000000000,4.7627,4546.6532,14.4697,14.1223,0.3474,3.6725,14.8034,14.4870,0.3164,0.5884,4546.6532,NA,6.1567,NA
SandFall-Win64-Shipping.exe,32396,0x27E295FDE80,DXGI,0,0,1,Hardware Composed: Independent Flip,4576.2982,NA,15.52270000000000,15.23130000000000,0.37400000000000,4.39430000000000,4.4713,4561.1229,15.5493,15.1753,0.3740,4.0062,15.5634,14.5588,1.0046,-0.7616,4561.1229,NA,9.3778,NA
SandFall-Win64-Shipping.exe,32396,0x27E295FDE80,DXGI,0,0,1,Hardware Composed: Independent Flip,4591.7362,NA,15.43800000000000,15.18530000000000,0.26390000000000,4.14620000000000,4.2186,4576.6722,15.3279,15.0640,0.2639,4.0203,15.1899,14.9371,0.2528,0.3640,4576.6722,NA,19.5735,NA
SandFall-Win64-Shipping.exe,32396,0x27E295FDE80,DXGI,0,0,1,Hardware Composed: Independent Flip,4607.8107,NA,16.07450000000000,16.25000000000000,0.26990000000000,4.33530000000000,4.3941,4592.0001,16.0805,15.8106,0.2699,3.8823,16.2636,14.8369,1.4267,-0.9221,4592.0001,NA,4.8275,NA
SandFall-Win64-Shipping.exe,32396,0x27E295FDE80,DXGI,0,0,1,Hardware Composed: Independent Flip,4622.1985,NA,14.38780000000000,14.80680000000000,0.25110000000000,4.77040000000000,4.8131,4608.0806,14.3690,14.1179,0.2511,4.0654,14.8229,14.8185,0.0044,1.2737,4608.0806,NA,NA,NA
SandFall-Win64-Shipping.exe,32396,0x27E295FDE80,DXGI,0,0,1,Hardware Composed: Independent Flip,4637.3946,NA,15.19610000000000,14.76080000000000,0.24380000000000,4.35000000000000,4.3778,4622.4496,15.1888,14.9450,0.2438,4.5193,14.7757,14.7414,0.0343,-0.3918,4622.4496,NA,22.3826,NA
SandFall-Win64-Shipping.exe,32396,0x27E295FDE80,DXGI,0,0,1,Hardware Composed: Independent Flip,4653.5988,NA,16.20420000000000,16.36080000000000,0.35030000000000,3.85920000000000,4.5344,4637.6384,16.3107,15.9604,0.3503,4.1062,15.7134,15.2683,0.4451,-1.1720,4637.6384,NA,21.7508,NA
SandFall-Win64-Shipping.exe,32396,0x27E295FDE80,DXGI,0,0,1,Hardware Composed: Independent Flip,4669.2687,NA,15.66990000000000,15.72670000000000,0.26010000000000,4.44570000000000,4.5912,4653.9491,15.5797,15.3196,0.2601,3.5089,16.2564,15.0291,1.2273,0.5840,4653.9491,NA,24.4677,NA
SandFall-Win64-Shipping.exe,32396,0x27E295FDE80,DXGI,0,0,1,Hardware Composed: Independent Flip,4685.6506,NA,16.38190000000000,16.41480000000000,0.26080000000000,4.54940000000000,4.6241,4669.5288,16.3826,16.1218,0.2608,4.1856,16.4856,15.0869,1.3987,-0.8351,4669.5288,NA,25.9047,NA
SandFall-Win64-Shipping.exe,32396,0x27E295FDE80,DXGI,0,0,1,Hardware Composed: Independent Flip,4701.2825,NA,15.63190000000000,16.15370000000000,0.25260000000000,4.64750000000000,5.1459,4685.9114,15.6237,15.3711,0.2526,4.2886,15.7300,15.0982,0.6318,0.2289,4685.9114,NA,11.2887,NA
SandFall-Win64-Shipping.exe,32396,0x27E295FDE80,DXGI,0,0,1,Hardware Composed: Independent Flip,4716.6237,NA,15.34120000000000,14.64320000000000,0.26890000000000,4.39770000000000,4.4479,4701.5351,15.3575,15.0886,0.2689,4.3949,15.0914,15.0791,0.0123,0.9805,4701.5351,NA,NA,NA
SandFall-Win64-Shipping.exe,32396,0x27E295FDE80,DXGI,0,0,1,Hardware Composed: Independent Flip,4731.6051,NA,14.98140000000000,15.24250000000000,0.25330000000000,4.63910000000000,4.7090,4716.8926,14.9658,14.7125,0.2533,4.1288,15.2228,15.0947,0.1281,0.1150,4716.8926,NA,NA,NA
SandFall-Win64-Shipping.exe,32396,0x27E295FDE80,DXGI,0,0,1,Hardware Composed: Independent Flip,4747.9466,NA,16.34150000000000,16.06560000000000,0.25410000000000,4.15510000000000,4.4331,4731.8584,16.3423,16.0882,0.2541,4.3858,15.8575,14.9320,0.9255,-1.0998,4731.8584,NA,26.4866,NA
SandFall-Win64-Shipping.exe,32396,0x27E295FDE80,DXGI,0,0,1,Hardware Composed: Independent Flip,4764.8935,NA,16.94690000000000,16.95900000000000,0.26470000000000,4.29830000000000,4.4452,4748.2007,16.9575,16.6928,0.2647,3.9010,17.0901,14.9725,2.1176,-0.6167,4748.2007,NA,12.6746,NA
SandFall-Win64-Shipping.exe,32396,0x27E295FDE80,DXGI,0,0,1,Hardware Composed: Independent Flip,4779.9123,NA,15.01880000000000,15.22950000000000,0.27460000000000,4.59180000000000,4.6559,4765.1582,15.0287,14.7541,0.2746,4.0336,15.3123,14.8681,0.4442,1.7280,4765.1582,NA,NA,NA
SandFall-Win64-Shipping.exe,32396,0x27E295FDE80,DXGI,0,0,1,Hardware Composed: Independent Flip,4794.7791,NA,14.86680000000000,14.81800000000000,0.26610000000000,4.52530000000000,4.6071,4780.1869,14.8583,14.5922,0.2661,4.3172,14.8003,14.7959,0.0044,0.2107,4780.1869,NA,NA,NA
SandFall-Win64-Shipping.exe,32396,0x27E295FDE80,DXGI,0,0,1,Hardware Composed: Independent Flip,4809.3765,NA,14.59740000000000,15.44300000000000,0.25830000000000,4.72810000000000,5.4527,4795.0452,14.5896,14.3313,0.2583,4.2592,14.8002,14.7962,0.0040,-0.5847,4795.0452,NA,27.4312,NA
SandFall-Win64-Shipping.exe,32396,0x27E295FDE80,DXGI,0,0,1,Hardware Composed: Independent Flip,4825.6903,NA,16.31380000000000,15.56470000000000,0.25890000000000,4.64910000000000,4.7036,4809.6348,16.3144,16.0555,0.2589,4.4698,16.2348,14.8383,1.3965,-0.9751,4809.6348,NA,NA,NA
SandFall-Win64-Shipping.exe,32396,0x27E295FDE80,DXGI,0,0,1,Hardware Composed: Independent Flip,4842.6933,NA,17.00300000000000,16.70530000000000,0.25510000000000,3.98080000000000,4.4059,4825.9492,16.9992,16.7441,0.2551,4.3902,16.3347,15.3612,0.9735,-0.3909,4825.9492,NA,NA,NA
SandFall-Win64-Shipping.exe,32396,0x27E295FDE80,DXGI,0,0,1,Hardware Composed: Independent Flip,4857.8888,NA,15.19550000000000,15.91780000000000,0.25860000000000,4.93530000000000,5.1282,4842.9484,15.1990,14.9404,0.2586,3.7257,16.1500,14.9133,1.2367,1.0814,4842.9484,NA,29.5078,NA
SandFall-Win64-Shipping.exe,32396,0x27E295FDE80,DXGI,0,0,1,Hardware Composed: Independent Flip,4872.7205,NA,14.83170000000000,14.61070000000000,0.25700000000000,4.84390000000000,4.9072,4858.1474,14.8301,14.5731,0.2570,4.6767,14.7403,14.7350,0.0053,0.5883,4858.1474,NA,NA,NA
SandFall-Win64-Shipping.exe,32396,0x27E295FDE80,DXGI,0,0,1,Hardware Composed: Independent Flip,4887.1668,NA,14.44630000000000,14.51520000000000,0.25750000000000,4.94850000000000,4.9761,4872.9775,14.4468,14.1893,0.2575,4.5869,14.5509,14.5458,0.0051,0.3149,4872.9775,NA,27.8443,NA
SandFall-Win64-Shipping.exe,32396,0x27E295FDE80,DXGI,0,0,1,Hardware Composed: Independent Flip,4903.8718,NA,16.70500000000000,16.68200000000000,0.26420000000000,4.44880000000000,4.9531,4887.4243,16.7117,16.4475,0.2642,4.6910,16.2053,15.0694,1.1359,-2.2352,4887.4243,NA,28.3996,NA
SandFall-Win64-Shipping.exe,32396,0x27E295FDE80,DXGI,0,0,1,Hardware Composed: Independent Flip,4919.8635,NA,15.99170000000000,15.41470000000000,0.24770000000000,3.77120000000000,4.3761,4904.1360,15.9752,15.7275,0.2477,4.1846,15.3141,15.1009,0.2132,1.2970,4904.1360,NA,18.8589,NA
SandFall-Win64-Shipping.exe,32396,0x27E295FDE80,DXGI,0,0,1,Hardware Composed: Independent Flip,4934.9713,NA,15.10780000000000,15.19090000000000,0.24700000000000,4.39110000000000,4.4592,4920.1112,15.1071,14.8601,0.2470,3.5235,15.7277,15.4596,0.2681,0.7843,4920.1112,NA,19.0546,NA
SandFall-Win64-Shipping.exe,32396,0x27E295FDE80,DXGI,0,0,1,Hardware Composed: Independent Flip,4951.1549,NA,16.18360000000000,16.85960000000000,0.24380000000000,4.64570000000000,5.1352,4935.2183,16.1804,15.9366,0.2438,4.1441,16.4382,15.6781,0.7601,-1.7525,4935.2183,NA,17.9060,NA
SandFall-Win64-Shipping.exe,32396,0x27E295FDE80,DXGI,0,0,1,Hardware Composed: Independent Flip,4966.3253,NA,15.17040000000000,14.47460000000000,0.26590000000000,4.39740000000000,4.4394,4951.3987,15.1925,14.9266,0.2659,4.4019,14.9221,14.9179,0.0042,1.7058,4951.3987,NA,20.3877,NA
SandFall-Win64-Shipping.exe,32396,0x27E295FDE80,DXGI,0,0,1,Hardware Composed: Independent Flip,4981.0099,NA,14.68460000000000,15.13490000000000,0.25670000000000,4.83750000000000,4.8897,4966.5912,14.6754,14.4187,0.2567,4.1315,15.1247,15.1199,0.0048,0.0576,4966.5912,NA,29.3634,NA
SandFall-Win64-Shipping.exe,32396,0x27E295FDE80,DXGI,0,0,1,Hardware Composed: Independent Flip,4996.2590,NA,15.24910000000000,15.28110000000000,0.26590000000000,4.17260000000000,4.9217,4981.2666,15.2583,14.9924,0.2659,4.5808,14.5842,14.5796,0.0046,-0.6057,4981.2666,NA,NA,NA
SandFall-Win64-Shipping.exe,32396,0x27E295FDE80,DXGI,0,0,1,Hardware Composed: Independent Flip,5011.2077,NA,14.94870000000000,14.09540000000000,0.33860000000000,3.99830000000000,4.0684,4996.5249,15.0214,14.6828,0.3386,3.9067,14.7744,14.7684,0.0060,1.1629,4996.5249,NA,27.9847,NA
SandFall-Win64-Shipping.exe,32396,0x27E295FDE80,DXGI,0,0,1,Hardware Composed: Independent Flip,5024.8148,NA,13.60710000000000,15.21630000000000,0.33470000000000,5.00700000000000,5.6776,5011.5463,13.6032,13.2685,0.3347,3.6597,14.6158,14.6095,0.0063,-0.1949,5011.5463,NA,12.4367,NA
SandFall-Win64-Shipping.exe,32396,0x27E295FDE80,DXGI,0,0,1,Hardware Composed: Independent Flip,5042.2294,NA,17.41460000000000,15.84090000000000,0.42290000000000,4.05230000000000,4.1039,5025.1495,17.5028,17.0799,0.4229,4.6723,16.4599,15.1090,1.3509,-2.2377,5025.1495,NA,NA,NA
SandFall-Win64-Shipping.exe,32396,0x27E295FDE80,DXGI,0,0,1,Hardware Composed: Independent Flip,5057.4483,NA,15.21890000000000,16.04140000000000,0.49430000000000,4.80510000000000,4.9264,5042.6523,15.2903,14.7960,0.4943,3.6294,15.9717,14.6472,1.3245,1.4614,5042.6523,NA,NA,NA
SandFall-Win64-Shipping.exe,32396,0x27E295FDE80,DXGI,0,0,1,Hardware Composed: Independent Flip,5078.8386,NA,21.39030000000000,20.52990000000000,0.25860000000000,4.01720000000000,4.0660,5057.9426,21.1546,20.8960,0.2586,4.3108,20.6024,15.7384,4.8640,-5.2396,5057.9426,NA,18.7518,NA
SandFall-Win64-Shipping.exe,32396,0x27E295FDE80,DXGI,0,0,1,Hardware Composed: Independent Flip,5092.7687,NA,13.93010000000000,14.70200000000000,0.29210000000000,4.78110000000000,4.8379,5079.0972,13.9636,13.6715,0.2921,3.7586,14.6940,14.6893,0.0047,6.4526,5079.0972,NA,NA,NA
SandFall-Win64-Shipping.exe,32396,0x27E295FDE80,DXGI,0,0,1,Hardware Composed: Independent Flip,5111.6896,NA,18.92090000000000,17.28210000000000,0.27690000000000,3.18330000000000,3.1991,5093.0608,18.9057,18.6288,0.2769,4.4890,17.3231,15.8113,1.5118,-3.3185,5093.0608,NA,19.9500,NA
SandFall-Win64-Shipping.exe,32396,0x27E295FDE80,DXGI,0,0,1,Hardware Composed: Independent Flip,5127.0031,NA,15.31350000000000,19.02500000000000,0.37120000000000,3.94540000000000,6.9106,5111.9665,15.4078,15.0366,0.3712,2.9064,16.0756,15.1390,0.9366,-0.1193,5111.9665,NA,NA,NA
SandFall-Win64-Shipping.exe,32396,0x27E295FDE80,DXGI,0,0,1,Hardware Composed: Independent Flip,5144.6447,NA,17.64160000000000,14.74180000000000,0.26350000000000,3.95860000000000,4.0108,5127.3743,17.5339,17.2704,0.2635,3.5742,17.6548,15.6077,2.0471,0.6660,5127.3743,NA,18.2358,NA
SandFall-Win64-Shipping.exe,32396,0x27E295FDE80,DXGI,0,0,1,Hardware Composed: Independent Flip,5158.8660,NA,14.22130000000000,17.02760000000000,0.29770000000000,4.73230000000000,6.8171,5144.9082,14.2555,13.9578,0.2977,3.6951,14.9950,14.9908,0.0042,0.5063,5144.9082,NA,NA,NA
SandFall-Win64-Shipping.exe,32396,0x27E295FDE80,DXGI,0,0,1,Hardware Composed: Independent Flip,5171.9147,NA,13.04870000000000,13.03180000000000,0.46070000000000,6.74810000000000,6.8002,5159.1637,13.2117,12.7510,0.4607,4.4346,15.0645,15.0601,0.0044,1.2237,5159.1637,NA,NA,NA
SandFall-Win64-Shipping.exe,32396,0x27E295FDE80,DXGI,0,0,1,Hardware Composed: Independent Flip,5189.4392,NA,17.52450000000000,16.54300000000000,1.10340000000000,4.88280000000000,5.8187,5172.3754,18.1672,17.0638,1.1034,6.2874,15.6592,14.9783,0.6809,-3.3313,5172.3754,NA,NA,NA
SandFall-Win64-Shipping.exe,32396,0x27E295FDE80,DXGI,0,0,1,Hardware Composed: Independent Flip,5204.6839,NA,15.24470000000000,15.98630000000000,0.34300000000000,5.72110000000000,6.5603,5190.5426,14.4843,14.1413,0.3430,3.7794,16.0830,15.1005,0.9825,2.1809,5190.5426,NA,NA,NA
SandFall-Win64-Shipping.exe,32396,0x27E295FDE80,DXGI,0,0,1,Hardware Composed: Independent Flip,5220.8091,NA,16.12520000000000,15.07000000000000,0.30160000000000,5.44300000000000,5.5051,5205.0269,16.0838,15.7822,0.3016,5.3781,15.8471,14.8770,0.9701,-0.5857,5205.0269,NA,NA,NA
SandFall-Win64-Shipping.exe,32396,0x27E295FDE80,DXGI,0,0,1,Hardware Composed: Independent Flip,5237.6792,NA,16.87010000000000,16.64900000000000,0.32640000000000,4.90570000000000,5.2840,5221.1107,16.8949,16.5685,0.3264,5.1414,16.3328,15.1573,1.1755,-0.5652,5221.1107,NA,NA,NA
SandFall-Win64-Shipping.exe,32396,0x27E295FDE80,DXGI,0,0,1,Hardware Composed: Independent Flip,5254.3332,NA,16.65400000000000,17.07560000000000,0.33410000000000,5.64820000000000,5.7056,5238.0056,16.6617,16.3276,0.3341,4.5793,17.3965,15.2866,2.1099,-0.1807,5238.0056,NA,10.6600,NA
SandFall-Win64-Shipping.exe,32396,0x27E295FDE80,DXGI,0,0,1,Hardware Composed: Independent Flip,5272.7524,NA,18.41920000000000,18.25260000000000,0.71240000000000,4.95790000000000,5.5390,5254.6673,18.7975,18.0851,0.7124,5.3141,17.7289,15.5462,2.1827,-1.5909,5254.6673,NA,11.9121,NA
SandFall-Win64-Shipping.exe,32396,0x27E295FDE80,DXGI,0,0,1,Hardware Composed: Independent Flip,5289.0882,NA,16.33580000000000,16.31540000000000,0.50720000000000,5.45880000000000,5.5186,5273.4648,16.1306,15.6234,0.5072,4.2455,16.8367,16.0901,0.7466,2.4821,5273.4648,NA,13.2257,NA
SandFall-Win64-Shipping.exe,32396,0x27E295FDE80,DXGI,0,0,1,Hardware Composed: Independent Flip,5304.6877,NA,15.59950000000000,16.11030000000000,0.89650000000000,6.00290000000000,6.0294,5289.5954,15.9888,15.0923,0.8965,4.9516,16.1436,15.4218,0.7218,0.0203,5289.5954,NA,11.3205,NA
SandFall-Win64-Shipping.exe,32396,0x27E295FDE80,DXGI,0,0,1,Hardware Composed: Independent Flip,5332.5271,NA,27.83940000000000,33.07200000000000,0.26200000000000,4.89420000000000,11.2620,5305.5842,27.2049,26.9429,0.2620,5.1064,26.7307,16.3810,10.3497,-17.0832,5305.5842,NA,27.3733,NA
SandFall-Win64-Shipping.exe,32396,0x27E295FDE80,DXGI,0,0,1,Hardware Composed: Independent Flip,5347.8321,NA,15.30500000000000,9.72350000000000,0.25010000000000,5.61260000000000,5.6805,5332.7891,15.2931,15.0430,0.2501,4.6322,16.0234,16.0154,0.0080,17.4814,5332.7891,NA,21.1351,NA
SandFall-Win64-Shipping.exe,32396,0x27E295FDE80,DXGI,0,0,1,Hardware Composed: Independent Flip,5364.6064,NA,16.77430000000000,19.07130000000000,0.26940000000000,4.92540000000000,7.9775,5348.0822,16.7936,16.5242,0.2694,5.3625,16.0871,15.7703,0.3168,-3.7782,5348.0822,NA,23.2066,NA
SandFall-Win64-Shipping.exe,32396,0x27E295FDE80,DXGI,0,0,1,Hardware Composed: Independent Flip,5381.3419,NA,16.73550000000000,13.37640000000000,0.28380000000000,4.53360000000000,4.6184,5364.8758,16.7499,16.4661,0.2838,4.6560,16.3437,15.6087,0.7350,3.4172,5364.8758,NA,19.5741,NA
SandFall-Win64-Shipping.exe,32396,0x27E295FDE80,DXGI,0,0,1,Hardware Composed: Independent Flip,5397.5023,NA,16.16040000000000,18.13360000000000,0.25230000000000,4.81020000000000,6.5916,5381.6257,16.1289,15.8766,0.2523,4.2498,16.4370,15.7296,0.7074,-1.3837,5381.6257,NA,20.7075,NA
SandFall-Win64-Shipping.exe,32396,0x27E295FDE80,DXGI,0,0,1,Hardware Composed: Independent Flip,5415.0297,NA,17.52740000000000,15.38040000000000,0.25610000000000,4.35990000000000,4.4446,5397.7546,17.5312,17.2751,0.2561,4.5579,17.0771,16.0349,1.0422,0.7485,5397.7546,NA,20.0938,NA
SandFall-Win64-Shipping.exe,32396,0x27E295FDE80,DXGI,0,0,1,Hardware Composed: Independent Flip,5431.6253,NA,16.59560000000000,17.39890000000000,0.31360000000000,4.85310000000000,5.2479,5415.2858,16.6531,16.3395,0.3136,4.1038,17.0888,16.3974,0.6914,0.1323,5415.2858,NA,21.4868,NA
SandFall-Win64-Shipping.exe,32396,0x27E295FDE80,DXGI,0,0,1,Hardware Composed: Independent Flip,5448.1974,NA,16.57210000000000,16.47820000000000,0.24950000000000,5.10610000000000,5.1540,5431.9389,16.5080,16.2585,0.2495,4.5395,16.8251,16.0947,0.7304,0.1749,5431.9389,NA,22.9702,NA
SandFall-Win64-Shipping.exe,32396,0x27E295FDE80,DXGI,0,0,1,Hardware Composed: Independent Flip,5463.6551,NA,15.45770000000000,15.69370000000000,0.33840000000000,5.33490000000000,5.3900,5448.4469,15.5466,15.2082,0.3384,4.8566,15.6865,15.6793,0.0072,0.8143,5448.4469,NA,22.6590,NA
SandFall-Win64-Shipping.exe,32396,0x27E295FDE80,DXGI,0,0,1,Hardware Composed: Independent Flip,5480.7600,NA,17.10490000000000,16.25920000000000,0.26610000000000,4.44290000000000,4.5443,5463.9935,17.0326,16.7665,0.2661,4.9965,16.2129,15.5570,0.6559,-0.7126,5463.9935,NA,21.9160,NA
SandFall-Win64-Shipping.exe,32396,0x27E295FDE80,DXGI,0,0,1,Hardware Composed: Independent Flip,5496.7313,NA,15.97130000000000,16.33360000000000,0.25900000000000,4.70210000000000,4.9066,5481.0261,15.9642,15.7052,0.2590,4.1768,16.2305,15.7113,0.5192,0.6990,5481.0261,NA,19.2467,NA
SandFall-Win64-Shipping.exe,32396,0x27E295FDE80,DXGI,0,0,1,Hardware Composed: Independent Flip,5512.1678,NA,15.43650000000000,15.22440000000000,0.28120000000000,4.62190000000000,4.6945,5496.9903,15.4587,15.1775,0.2812,4.4431,15.3563,15.3505,0.0058,0.7398,5496.9903,NA,20.4781,NA
SandFall-Win64-Shipping.exe,32396,0x27E295FDE80,DXGI,0,0,1,Hardware Composed: Independent Flip,5528.9398,NA,16.77200000000000,16.78760000000000,0.24710000000000,4.66540000000000,4.7101,5512.4490,16.7379,16.4908,0.2471,4.3407,16.8155,15.3392,1.4763,-1.3289,5512.4490,NA,18.2662,NA
SandFall-Win64-Shipping.exe,32396,0x27E295FDE80,DXGI,0,0,1,Hardware Composed: Independent Flip,5546.8364,NA,17.89660000000000,18.68890000000000,0.25450000000000,5.14140000000000,5.5024,5529.1869,17.9040,17.6495,0.2545,4.4183,18.3726,15.9103,2.4623,-1.9510,5529.1869,NA,20.9496,NA
SandFall-Win64-Shipping.exe,32396,0x27E295FDE80,DXGI,0,0,1,Hardware Composed: Independent Flip,5564.1070,NA,17.27060000000000,17.13310000000000,0.26410000000000,4.76260000000000,5.3649,5547.0909,17.2802,17.0161,0.2641,4.8869,16.8918,15.4265,1.4653,0.7709,5547.0909,NA,21.0898,NA
SandFall-Win64-Shipping.exe,32396,0x27E295FDE80,DXGI,0,0,1,Hardware Composed: Independent Flip,5579.8598,NA,15.75280000000000,15.13370000000000,0.26940000000000,4.69750000000000,4.7458,5564.3711,15.7581,15.4887,0.2694,4.4985,15.6877,15.6781,0.0096,2.1465,5564.3711,NA,22.2141,NA
SandFall-Win64-Shipping.exe,32396,0x27E295FDE80,DXGI,0,0,1,Hardware Composed: Independent Flip,5596.0638,NA,16.20400000000000,14.98110000000000,0.25820000000000,3.44720000000000,3.5229,5580.1292,16.1928,15.9346,0.2582,4.4281,14.9537,14.8252,0.1285,0.7770,5580.1292,NA,26.1931,NA
SandFall-Win64-Shipping.exe,32396,0x27E295FDE80,DXGI,0,0,1,Hardware Composed: Independent Flip,5612.6905,NA,16.62670000000000,18.16590000000000,0.26500000000000,4.62980000000000,5.0621,5596.3220,16.6335,16.3685,0.2650,3.1890,17.8093,15.2617,2.5476,-1.9731,5596.3220,NA,22.3655,NA
SandFall-Win64-Shipping.exe,32396,0x27E295FDE80,DXGI,0,0,1,Hardware Composed: Independent Flip,5631.0869,NA,18.39640000000000,19.16620000000000,0.27610000000000,4.63520000000000,5.8319,5612.9555,18.4075,18.1314,0.2761,4.3648,18.4018,15.6301,2.7717,-2.5327,5612.9555,NA,25.5388,NA
SandFall-Win64-Shipping.exe,32396,0x27E295FDE80,DXGI,0,0,1,Hardware Composed: Independent Flip,5646.8841,NA,15.79720000000000,14.73230000000000,0.24920000000000,4.74090000000000,4.7670,5631.3630,15.7703,15.5211,0.2492,4.3591,15.9029,15.2769,0.6260,3.6752,5631.3630,NA,20.2677,NA
SandFall-Win64-Shipping.exe,32396,0x27E295FDE80,DXGI,0,0,1,Hardware Composed: Independent Flip,5662.3814,NA,15.49730000000000,15.75740000000000,0.25170000000000,5.00980000000000,5.0271,5647.1333,15.4998,15.2481,0.2517,4.4917,15.7662,15.3502,0.4160,0.0129,5647.1333,NA,20.0314,NA
SandFall-Win64-Shipping.exe,32396,0x27E295FDE80,DXGI,0,0,1,Hardware Composed: Independent Flip,5680.5963,NA,18.21490000000000,18.81150000000000,0.27810000000000,4.57200000000000,5.6237,5662.6331,18.2413,17.9632,0.2781,4.7581,17.7771,15.4114,2.3657,-3.3117,5662.6331,NA,9.8348,NA
SandFall-Win64-Shipping.exe,32396,0x27E295FDE80,DXGI,0,0,1,Hardware Composed: Independent Flip,5699.1042,NA,18.50790000000000,17.37800000000000,0.30780000000000,4.02110000000000,4.4938,5680.8744,18.5376,18.2298,0.3078,4.2939,17.9570,15.4483,2.5087,0.8633,5680.8744,NA,8.2060,NA
SandFall-Win64-Shipping.exe,32396,0x27E295FDE80,DXGI,0,0,1,Hardware Composed: Independent Flip,5716.9366,NA,17.83240000000000,17.39590000000000,0.33250000000000,4.00510000000000,4.0573,5699.4120,17.8571,17.5246,0.3325,3.7133,17.8164,15.6502,2.1662,1.1417,5699.4120,NA,10.6090,NA
SandFall-Win64-Shipping.exe,32396,0x27E295FDE80,DXGI,0,0,1,Hardware Composed: Independent Flip,5733.5963,NA,16.65970000000000,16.97070000000000,0.29110000000000,3.78940000000000,4.3683,5717.2691,16.6183,16.3272,0.2911,3.6726,16.4440,15.0454,1.3986,0.8864,5717.2691,NA,10.5747,NA
SandFall-Win64-Shipping.exe,32396,0x27E295FDE80,DXGI,0,0,1,Hardware Composed: Independent Flip,5748.0193,NA,14.42300000000000,14.46660000000000,0.32910000000000,4.34240000000000,4.4119,5733.8874,14.4610,14.1319,0.3291,3.4983,14.9760,14.9692,0.0068,2.1517,5733.8874,NA,10.0472,NA
SandFall-Win64-Shipping.exe,32396,0x27E295FDE80,DXGI,0,0,1,Hardware Composed: Independent Flip,5762.1345,NA,14.11520000000000,14.53750000000000,0.29800000000000,4.75490000000000,4.8342,5748.3484,14.0841,13.7861,0.2980,4.0133,14.5277,14.5198,0.0079,-0.0765,5748.3484,NA,10.5912,NA
SandFall-Win64-Shipping.exe,32396,0x27E295FDE80,DXGI,0,0,1,Hardware Composed: Independent Flip,5777.8570,NA,15.72250000000000,15.15680000000000,0.27310000000000,3.53810000000000,4.2685,5762.4325,15.6976,15.4245,0.2731,4.4569,14.5057,14.4987,0.0070,-1.0727,5762.4325,NA,7.7418,NA
SandFall-Win64-Shipping.exe,32396,0x27E295FDE80,DXGI,0,0,1,Hardware Composed: Independent Flip,5793.6540,NA,15.79700000000000,16.08610000000000,0.31360000000000,4.51380000000000,4.5576,5778.1301,15.8375,15.5239,0.3136,3.2650,16.7727,15.0272,1.7455,-0.3885,5778.1301,NA,8.8290,NA
SandFall-Win64-Shipping.exe,32396,0x27E295FDE80,DXGI,0,0,1,Hardware Composed: Independent Flip,5810.2555,NA,16.60150000000000,15.93580000000000,0.29570000000000,3.57870000000000,3.8919,5793.9676,16.5836,16.2879,0.2957,4.2002,15.6664,14.9001,0.7663,-0.0983,5793.9676,NA,11.9190,NA
SandFall-Win64-Shipping.exe,32396,0x27E295FDE80,DXGI,0,0,1,Hardware Composed: Independent Flip,5828.8065,NA,18.55100000000000,18.67090000000000,0.25900000000000,3.93460000000000,4.0118,5810.5512,18.5143,18.2553,0.2590,3.2830,18.9069,15.0337,3.8732,-2.0873,5810.5512,NA,17.4316,NA
SandFall-Win64-Shipping.exe,32396,0x27E295FDE80,DXGI,0,0,1,Hardware Composed: Independent Flip,5847.0712,NA,18.26470000000000,19.83020000000000,0.31830000000000,5.18170000000000,5.5773,5829.0655,18.3240,18.0057,0.3183,3.6756,19.5118,15.7773,3.7345,-1.3159,5829.0655,NA,19.6650,NA
SandFall-Win64-Shipping.exe,32396,0x27E295FDE80,DXGI,0,0,1,Hardware Composed: Independent Flip,5863.1535,NA,16.08230000000000,15.47050000000000,0.30600000000000,4.77080000000000,4.9655,5847.3895,16.0700,15.7640,0.3060,4.8634,15.6714,15.1055,0.5659,2.8535,5847.3895,NA,NA,NA
SandFall-Win64-Shipping.exe,32396,0x27E295FDE80,DXGI,0,0,1,Hardware Composed: Independent Flip,5877.9251,NA,14.77160000000000,14.79470000000000,0.26530000000000,4.96830000000000,4.9886,5863.4595,14.7309,14.4656,0.2653,4.4648,14.9691,14.9629,0.0062,1.2753,5863.4595,NA,19.1876,NA
SandFall-Win64-Shipping.exe,32396,0x27E295FDE80,DXGI,0,0,1,Hardware Composed: Independent Flip,5892.3688,NA,14.44370000000000,14.20330000000000,0.27110000000000,4.67760000000000,4.7482,5878.1904,14.4495,14.1784,0.2711,4.7030,14.1530,14.1479,0.0051,0.5276,5878.1904,NA,NA,NA
SandFall-Win64-Shipping.exe,32396,0x27E295FDE80,DXGI,0,0,1,Hardware Composed: Independent Flip,5908.5397,NA,16.17090000000000,15.53710000000000,0.29610000000000,3.94240000000000,4.1144,5892.6399,16.1959,15.8998,0.2961,4.4065,15.4357,14.7447,0.6910,-1.0876,5892.6399,NA,18.1714,NA
SandFall-Win64-Shipping.exe,32396,0x27E295FDE80,DXGI,0,0,1,Hardware Composed: Independent Flip,5924.6257,NA,16.08600000000000,17.11630000000000,0.30060000000000,4.57950000000000,5.1447,5908.8358,16.0905,15.7899,0.3006,3.6463,16.7231,14.8970,1.8261,-0.9204,5908.8358,NA,NA,NA
SandFall-Win64-Shipping.exe,32396,0x27E295FDE80,DXGI,0,0,1,Hardware Composed: Independent Flip,5940.2707,NA,15.64500000000000,14.23440000000000,0.24830000000000,3.71530000000000,3.7341,5924.9263,15.5927,15.3444,0.2483,4.2789,14.7808,14.6829,0.0979,1.8561,5924.9263,NA,NA,NA
SandFall-Win64-Shipping.exe,32396,0x27E295FDE80,DXGI,0,0,1,Hardware Composed: Independent Flip,5956.1879,NA,15.91720000000000,16.17670000000000,0.27830000000000,3.92090000000000,3.9936,5940.5190,15.9472,15.6689,0.2783,3.4670,16.1228,15.5222,0.6006,-0.5840,5940.5190,NA,18.7919,NA
SandFall-Win64-Shipping.exe,32396,0x27E295FDE80,DXGI,0,0,1,Hardware Composed: Independent Flip,5971.4866,NA,15.29870000000000,16.04940000000000,0.59560000000000,3.86190000000000,4.7443,5956.4662,15.6160,15.0204,0.5956,3.6426,15.2397,14.8402,0.3995,-0.1022,5956.4662,NA,15.8502,NA
SandFall-Win64-Shipping.exe,32396,0x27E295FDE80,DXGI,0,0,1,Hardware Composed: Independent Flip,5985.8219,NA,14.33530000000000,13.64590000000000,0.26050000000000,4.03670000000000,4.0549,5972.0822,14.0002,13.7397,0.2605,3.2663,14.5101,14.5057,0.0044,1.9701,5972.0822,NA,14.4955,NA
SandFall-Win64-Shipping.exe,32396,0x27E295FDE80,DXGI,0,0,1,Hardware Composed: Independent Flip,5999.3701,NA,13.54820000000000,15.12030000000000,0.28100000000000,4.72530000000000,5.6270,5986.0824,13.5687,13.2877,0.2810,3.7762,14.2368,14.2302,0.0066,-1.1201,5986.0824,NA,10.6043,NA
SandFall-Win64-Shipping.exe,32396,0x27E295FDE80,DXGI,0,0,1,Hardware Composed: Independent Flip,6013.8857,NA,14.51560000000000,12.91630000000000,0.40720000000000,3.99610000000000,4.0277,5999.6511,14.6418,14.2346,0.4072,4.4443,13.7864,13.7813,0.0051,0.6524,5999.6511,NA,15.8166,NA
SandFall-Win64-Shipping.exe,32396,0x27E295FDE80,DXGI,0,0,1,Hardware Composed: Independent Flip,6027.7652,NA,13.87950000000000,14.96130000000000,0.27000000000000,4.88170000000000,5.1095,6014.2929,13.7423,13.4723,0.2700,3.5889,14.7651,14.7054,0.0597,-0.3195,6014.2929,NA,NA,NA
SandFall-Win64-Shipping.exe,32396,0x27E295FDE80,DXGI,0,0,1,Hardware Composed: Independent Flip,6044.5000,NA,16.73480000000000,16.92300000000000,0.29990000000000,4.41730000000000,5.2977,6028.0352,16.7647,16.4648,0.2999,4.6117,16.2704,14.7630,1.5074,-3.1807,6028.0352,NA,16.9558,NA
SandFall-Win64-Shipping.exe,32396,0x27E295FDE80,DXGI,0,0,1,Hardware Composed: Independent Flip,6059.1614,NA,14.66140000000000,14.03090000000000,0.30820000000000,4.64250000000000,4.6672,6044.7999,14.6697,14.3615,0.3082,4.1174,14.8866,14.5903,0.2963,2.7338,6044.7999,NA,8.4381,NA
SandFall-Win64-Shipping.exe,32396,0x27E295FDE80,DXGI,0,0,1,Hardware Composed: Independent Flip,6075.5598,NA,16.39840000000000,16.09150000000000,0.26640000000000,4.29020000000000,4.3603,6059.4696,16.3566,16.0902,0.2664,4.3343,16.0461,14.8445,1.2016,-1.4218,6059.4696,NA,8.5421,NA
SandFall-Win64-Shipping.exe,32396,0x27E295FDE80,DXGI,0,0,1,Hardware Composed: Independent Flip,6090.1666,NA,14.60680000000000,15.68750000000000,0.27790000000000,4.83630000000000,5.4410,6075.8262,14.6183,14.3404,0.2779,4.0238,15.1529,14.8438,0.3091,0.6691,6075.8262,NA,7.2258,NA
SandFall-Win64-Shipping.exe,32396,0x27E295FDE80,DXGI,0,0,1,Hardware Composed: Independent Flip,6105.3372,NA,15.17060000000000,14.35200000000000,0.27270000000000,4.58800000000000,4.6224,6090.4445,15.1654,14.8927,0.2727,4.5584,14.9223,14.8881,0.0342,0.2663,6090.4445,NA,6.5794,NA
SandFall-Win64-Shipping.exe,32396,0x27E295FDE80,DXGI,0,0,1,Hardware Composed: Independent Flip,6120.9717,NA,15.63450000000000,16.61080000000000,0.29030000000000,4.78330000000000,5.5987,6105.6099,15.6521,15.3618,0.2903,4.3153,15.8298,14.8013,1.0285,-1.4454,6105.6099,NA,8.1795,NA
SandFall-Win64-Shipping.exe,32396,0x27E295FDE80,DXGI,0,0,1,Hardware Composed: Independent Flip,6137.9001,NA,16.92840000000000,16.12810000000000,0.34460000000000,4.25320000000000,4.7984,6121.2620,16.9827,16.6381,0.3446,4.4930,16.3983,14.6350,1.7633,-0.4760,6121.2620,NA,11.2985,NA
SandFall-Win64-Shipping.exe,32396,0x27E295FDE80,DXGI,0,0,1,Hardware Composed: Independent Flip,6155.1572,NA,17.25710000000000,16.79090000000000,0.30670000000000,4.28280000000000,4.3322,6138.2447,17.2192,16.9125,0.3067,3.9086,17.2867,14.6818,2.6049,0.1918,6138.2447,NA,9.1047,NA
SandFall-Win64-Shipping.exe,32396,0x27E295FDE80,DXGI,0,0,1,Hardware Composed: Independent Flip,6170.2057,NA,15.04850000000000,15.98170000000000,0.34110000000000,4.38740000000000,5.2654,6155.4639,15.0829,14.7418,0.3411,3.9761,15.1531,14.6097,0.5434,1.2375,6155.4639,NA,10.0765,NA
SandFall-Win64-Shipping.exe,32396,0x27E295FDE80,DXGI,0,0,1,Hardware Composed: Independent Flip,6187.3697,NA,17.16400000000000,16.30040000000000,0.29960000000000,4.34900000000000,4.4018,6170.5468,17.1225,16.8229,0.2996,4.0463,17.1256,14.9661,2.1595,-1.2175,6170.5468,NA,11.3861,NA
SandFall-Win64-Shipping.exe,32396,0x27E295FDE80,DXGI,0,0,1,Hardware Composed: Independent Flip,6204.0371,NA,16.66740000000000,17.68670000000000,0.25890000000000,4.37850000000000,5.4211,6187.6693,16.6267,16.3678,0.2589,4.0494,16.6969,14.9157,1.7812,-0.5642,6187.6693,NA,13.0745,NA
SandFall-Win64-Shipping.exe,32396,0x27E295FDE80,DXGI,0,0,1,Hardware Composed: Independent Flip,6220.9350,NA,16.89790000000000,16.62850000000000,0.25090000000000,5.07910000000000,5.1517,6204.2960,16.8899,16.6390,0.2509,4.1196,17.5985,14.8134,2.7851,-0.0018,6204.2960,NA,14.7073,NA
SandFall-Win64-Shipping.exe,32396,0x27E295FDE80,DXGI,0,0,1,Hardware Composed: Independent Flip,6237.4602,NA,16.52520000000000,16.85660000000000,0.25910000000000,5.03270000000000,5.4831,6221.1859,16.5334,16.2743,0.2591,4.8282,16.4788,14.5351,1.9437,0.0333,6221.1859,NA,16.5265,NA
SandFall-Win64-Shipping.exe,32396,0x27E295FDE80,DXGI,0,0,1,Hardware Composed: Independent Flip,6253.0699,NA,15.60970000000000,15.29650000000000,0.26230000000000,5.14030000000000,5.1699,6237.7193,15.6129,15.3506,0.2623,4.7736,15.7173,15.2447,0.4726,1.2369,6237.7193,NA,16.8547,NA
SandFall-Win64-Shipping.exe,32396,0x27E295FDE80,DXGI,0,0,1,Hardware Composed: Independent Flip,6265.1441,NA,12.07420000000000,13.93860000000000,0.28700000000000,6.98680000000000,7.0343,6253.3322,12.0989,11.8119,0.2870,4.8780,13.9207,13.9166,0.0041,1.6743,6253.3322,NA,17.7776,NA
SandFall-Win64-Shipping.exe,32396,0x27E295FDE80,DXGI,0,0,1,Hardware Composed: Independent Flip,6275.4750,NA,10.33090000000000,14.48900000000000,0.40060000000000,10.81910000000000,11.1924,6265.4311,10.4445,10.0439,0.4006,6.6998,14.1632,14.1584,0.0048,-2.3901,6265.4311,NA,18.2822,NA
SandFall-Win64-Shipping.exe,32396,0x27E295FDE80,DXGI,0,0,1,Hardware Composed: Independent Flip,6289.5428,NA,14.06780000000000,13.58990000000000,0.56150000000000,10.65100000000000,10.7145,6275.8756,14.2287,13.6672,0.5615,10.4185,13.8997,13.8918,0.0079,-3.1454,6275.8756,NA,14.8714,NA
SandFall-Win64-Shipping.exe,32396,0x27E295FDE80,DXGI,0,0,1,Hardware Composed: Independent Flip,6308.4171,NA,18.87430000000000,14.01860000000000,0.30930000000000,5.75420000000000,5.8588,6290.1043,18.6221,18.3128,0.3093,10.0895,13.9775,13.9701,0.0074,0.2101,6290.1043,NA,13.8912,NA
SandFall-Win64-Shipping.exe,32396,0x27E295FDE80,DXGI,0,0,1,Hardware Composed: Independent Flip,6322.5265,NA,14.10940000000000,13.49030000000000,0.32970000000000,5.12630000000000,5.2397,6308.7264,14.1298,13.8001,0.3297,5.4449,13.4815,13.4765,0.0050,5.1318,6308.7264,NA,9.3817,NA
SandFall-Win64-Shipping.exe,32396,0x27E295FDE80,DXGI,0,0,1,Hardware Composed: Independent Flip,6336.9278,NA,14.40130000000000,14.12390000000000,0.27230000000000,4.87040000000000,4.9623,6322.8562,14.3439,14.0716,0.2723,4.7966,14.1454,14.1387,0.0067,0.0059,6322.8562,NA,7.5019,NA
SandFall-Win64-Shipping.exe,32396,0x27E295FDE80,DXGI,0,0,1,Hardware Composed: Independent Flip,6356.1240,NA,19.19620000000000,18.94940000000000,0.38300000000000,4.28390000000000,4.7155,6337.2001,19.3069,18.9239,0.3830,4.5981,18.6097,15.1937,3.4160,-4.6055,6337.2001,NA,9.4574,NA
SandFall-Win64-Shipping.exe,32396,0x27E295FDE80,DXGI,0,0,1,Hardware Composed: Independent Flip,6373.6419,NA,17.51790000000000,16.64450000000000,0.31320000000000,3.79410000000000,3.8421,6356.5070,17.4481,17.1349,0.3132,3.9009,17.0281,15.2010,1.8271,2.6624,6356.5070,NA,10.0929,NA
SandFall-Win64-Shipping.exe,32396,0x27E295FDE80,DXGI,0,0,1,Hardware Composed: Independent Flip,6389.3542,NA,15.71230000000000,16.55440000000000,0.28940000000000,4.66210000000000,4.6842,6373.9551,15.6885,15.3991,0.2894,3.4809,16.5803,14.8006,1.7797,0.8937,6373.9551,NA,14.6433,NA
SandFall-Win64-Shipping.exe,32396,0x27E295FDE80,DXGI,0,0,1,Hardware Composed: Independent Flip,6406.0876,NA,16.73340000000000,17.54440000000000,0.24870000000000,4.72050000000000,5.4952,6389.6436,16.6927,16.4440,0.2487,4.3727,16.7918,14.3962,2.3956,-1.8559,6389.6436,NA,13.1883,NA
SandFall-Win64-Shipping.exe,32396,0x27E295FDE80,DXGI,0,0,1,Hardware Composed: Independent Flip,6422.2456,NA,16.15800000000000,15.06370000000000,0.26400000000000,4.35420000000000,4.4009,6406.3363,16.1733,15.9093,0.2640,4.4718,15.7917,14.3163,1.4754,1.6290,6406.3363,NA,14.2610,NA
SandFall-Win64-Shipping.exe,32396,0x27E295FDE80,DXGI,0,0,1,Hardware Composed: Independent Flip,6438.8861,NA,16.64050000000000,16.99640000000000,0.26640000000000,4.47420000000000,4.7568,6422.5096,16.6429,16.3765,0.2664,4.0902,16.7605,14.3853,2.3752,-0.8231,6422.5096,NA,18.2578,NA
SandFall-Win64-Shipping.exe,32396,0x27E295FDE80,DXGI,0,0,1,Hardware Composed: Independent Flip,6454.8840,NA,15.99790000000000,16.82380000000000,0.25930000000000,4.86110000000000,5.5827,6439.1525,15.9908,15.7315,0.2593,4.2078,16.3848,14.7408,1.6440,-0.1809,6439.1525,NA,18.0845,NA
SandFall-Win64-Shipping.exe,32396,0x27E295FDE80,DXGI,0,0,1,Hardware Composed: Independent Flip,6472.5120,NA,17.62800000000000,16.24220000000000,0.29190000000000,4.17270000000000,4.1969,6455.1433,17.6606,17.3687,0.2919,4.6018,16.9396,14.7411,2.1985,-0.2514,6455.1433,NA,16.2575,NA
SandFall-Win64-Shipping.exe,32396,0x27E295FDE80,DXGI,0,0,1,Hardware Composed: Independent Flip,6487.3126,NA,14.80060000000000,15.85910000000000,0.25020000000000,4.82730000000000,5.2554,6472.8039,14.7589,14.5087,0.2502,3.8808,15.4552,14.4045,1.0507,1.8015,6472.8039,NA,NA,NA
SandFall-Win64-Shipping.exe,32396,0x27E295FDE80,DXGI,0,0,1,Hardware Composed: Independent Flip,6498.8666,NA,11.55400000000000,13.50560000000000,0.33290000000000,7.16430000000000,7.2070,6487.5628,11.6367,11.3038,0.3329,4.5771,13.8910,13.8871,0.0039,1.2533,6487.5628,NA,NA,NA
SandFall-Win64-Shipping.exe,32396,0x27E295FDE80,DXGI,0,0,1,Hardware Composed: Independent Flip,6508.8522,NA,9.98560000000000,14.02580000000000,0.29400000000000,11.20360000000000,11.2472,6499.1995,9.9467,9.6527,0.2940,6.8314,14.0249,14.0195,0.0054,-2.3891,6499.1995,NA,NA,NA
SandFall-Win64-Shipping.exe,32396,0x27E295FDE80,DXGI,0,0,1,Hardware Composed: Independent Flip,6522.5395,NA,13.68730000000000,15.28830000000000,0.26780000000000,12.05730000000000,12.8482,6509.1462,13.6611,13.3933,0.2678,10.9096,14.5410,14.5370,0.0040,-5.3416,6509.1462,NA,16.0007,NA
SandFall-Win64-Shipping.exe,32396,0x27E295FDE80,DXGI,0,0,1,Hardware Composed: Independent Flip,6537.6376,NA,15.09810000000000,13.40550000000000,0.27310000000000,11.09290000000000,11.1556,6522.8073,15.1034,14.8303,0.2731,11.7895,14.1337,14.1301,0.0036,0.2556,6522.8073,NA,16.4086,NA
SandFall-Win64-Shipping.exe,32396,0x27E295FDE80,DXGI,0,0,1,Hardware Composed: Independent Flip,6555.5455,NA,17.90790000000000,13.96660000000000,0.49910000000000,7.04370000000000,7.2143,6537.9107,18.1339,17.6348,0.4991,10.8198,13.8587,13.8517,0.0070,1.1368,6537.9107,NA,15.3769,NA
SandFall-Win64-Shipping.exe,32396,0x27E295FDE80,DXGI,0,0,1,Hardware Composed: Independent Flip,6569.8900,NA,14.34450000000000,13.38180000000000,0.34100000000000,6.08350000000000,6.2516,6556.0446,14.1864,13.8454,0.3410,6.5446,13.3843,13.3803,0.0040,4.7521,6556.0446,NA,15.7487,NA
SandFall-Win64-Shipping.exe,32396,0x27E295FDE80,DXGI,0,0,1,Hardware Composed: Independent Flip,6585.9372,NA,16.04720000000000,14.59210000000000,0.26710000000000,4.72620000000000,4.7965,6570.2310,15.9733,15.7062,0.2671,5.7425,14.6899,14.5173,0.1726,-0.4057,6570.2310,NA,16.3444,NA
SandFall-Win64-Shipping.exe,32396,0x27E295FDE80,DXGI,0,0,1,Hardware Composed: Independent Flip,6600.9476,NA,15.01040000000000,15.71430000000000,0.28520000000000,4.74300000000000,5.5004,6586.2043,15.0285,14.7433,0.2852,4.4591,15.0272,14.3750,0.6522,0.2590,6586.2043,NA,NA,NA
SandFall-Win64-Shipping.exe,32396,0x27E295FDE80,DXGI,0,0,1,Hardware Composed: Independent Flip,6615.7972,NA,14.84960000000000,14.20640000000000,0.25640000000000,4.79040000000000,4.8572,6601.2328,14.8208,14.5644,0.2564,4.4578,14.8970,14.6470,0.2500,0.8221,6601.2328,NA,NA,NA
SandFall-Win64-Shipping.exe,32396,0x27E295FDE80,DXGI,0,0,1,Hardware Composed: Independent Flip,6631.9474,NA,16.15020000000000,16.49350000000000,0.25780000000000,5.18900000000000,5.2005,6616.0536,16.1516,15.8938,0.2578,4.5340,16.5488,14.8000,1.7488,-1.6727,6616.0536,NA,28.7576,NA
SandFall-Win64-Shipping.exe,32396,0x27E295FDE80,DXGI,0,0,1,Hardware Composed: Independent Flip,6646.9960,NA,15.04860000000000,14.99250000000000,0.24810000000000,5.10020000000000,5.1444,6632.2052,15.0389,14.7908,0.2481,4.9312,14.9598,14.6001,0.3597,1.1591,6632.2052,NA,NA,NA
SandFall-Win64-Shipping.exe,32396,0x27E295FDE80,DXGI,0,0,1,Hardware Composed: Independent Flip,6662.5326,NA,15.53660000000000,15.57630000000000,0.25120000000000,5.14170000000000,5.1841,6647.2441,15.5397,15.2885,0.2512,4.8521,15.5781,14.7602,0.8179,-0.5374,6647.2441,NA,26.3202,NA
SandFall-Win64-Shipping.exe,32396,0x27E295FDE80,DXGI,0,0,1,Hardware Composed: Independent Flip,6679.6060,NA,17.07340000000000,16.90070000000000,0.25370000000000,4.20070000000000,5.0114,6662.7838,17.0759,16.8222,0.2537,4.8905,16.1324,14.5606,1.5718,-1.3610,6662.7838,NA,NA,NA
SandFall-Win64-Shipping.exe,32396,0x27E295FDE80,DXGI,0,0,1,Hardware Composed: Independent Flip,6695.8444,NA,16.23840000000000,16.10140000000000,0.26670000000000,4.81950000000000,4.8744,6679.8597,16.2514,15.9847,0.2667,3.9470,16.8572,14.8364,2.0208,0.9745,6679.8597,NA,8.3297,NA
SandFall-Win64-Shipping.exe,32396,0x27E295FDE80,DXGI,0,0,1,Hardware Composed: Independent Flip,6711.6606,NA,15.81620000000000,15.88580000000000,0.26790000000000,4.77960000000000,4.9440,6696.1111,15.8174,15.5495,0.2679,4.5528,15.7763,14.7544,1.0219,0.3656,6696.1111,NA,8.2261,NA
SandFall-Win64-Shipping.exe,32396,0x27E295FDE80,DXGI,0,0,1,Hardware Composed: Independent Flip,6728.4972,NA,16.83660000000000,16.67040000000000,0.28400000000000,4.73570000000000,4.7778,6711.9285,16.8527,16.5687,0.2840,4.5117,16.7927,15.0098,1.7829,-0.8530,6711.9285,NA,14.8681,NA
SandFall-Win64-Shipping.exe,32396,0x27E295FDE80,DXGI,0,0,1,Hardware Composed: Independent Flip,6743.3881,NA,14.89090000000000,15.33610000000000,0.33650000000000,4.94450000000000,5.2230,6728.7812,14.9434,14.6069,0.3365,4.4517,15.0997,14.6137,0.4860,1.5166,6728.7812,NA,21.2263,NA
SandFall-Win64-Shipping.exe,32396,0x27E295FDE80,DXGI,0,0,1,Hardware Composed: Independent Flip,6759.1238,NA,15.73570000000000,15.13270000000000,0.35180000000000,4.57370000000000,4.6200,6743.7246,15.7510,15.3992,0.3518,4.6080,15.3649,14.7978,0.5671,-0.1893,6743.7246,NA,9.3638,NA
SandFall-Win64-Shipping.exe,32396,0x27E295FDE80,DXGI,0,0,1,Hardware Composed: Independent Flip,6774.0110,NA,14.88720000000000,15.93370000000000,0.25290000000000,4.71860000000000,5.6665,6759.4756,14.7883,14.5354,0.2529,4.2219,15.0321,14.4826,0.5495,-0.1827,6759.4756,NA,7.2900,NA
SandFall-Win64-Shipping.exe,32396,0x27E295FDE80,DXGI,0,0,1,Hardware Composed: Independent Flip,6789.9853,NA,15.97430000000000,15.42780000000000,0.27780000000000,5.09880000000000,5.1200,6774.2639,15.9992,15.7214,0.2778,4.4657,16.3545,14.5869,1.7676,-0.6395,6774.2639,NA,6.7177,NA
SandFall-Win64-Shipping.exe,32396,0x27E295FDE80,DXGI,0,0,1,Hardware Composed: Independent Flip,6805.6752,NA,15.68990000000000,15.96310000000000,0.27000000000000,4.85040000000000,5.3932,6790.2631,15.6821,15.4121,0.2700,4.8210,15.4415,14.6247,0.8168,0.0361,6790.2631,NA,6.6817,NA
SandFall-Win64-Shipping.exe,32396,0x27E295FDE80,DXGI,0,0,1,Hardware Composed: Independent Flip,6820.9161,NA,15.24090000000000,14.96360000000000,0.25820000000000,5.08310000000000,5.1159,6805.9452,15.2291,14.9709,0.2582,4.5804,15.4736,14.6331,0.8405,0.7185,6805.9452,NA,6.6539,NA
SandFall-Win64-Shipping.exe,32396,0x27E295FDE80,DXGI,0,0,1,Hardware Composed: Independent Flip,6836.9537,NA,16.03760000000000,15.84970000000000,0.28300000000000,4.66520000000000,4.9280,6821.1743,16.0624,15.7794,0.2830,4.8249,15.6197,15.0923,0.5274,-0.6206,6821.1743,NA,6.4998,NA
SandFall-Win64-Shipping.exe,32396,0x27E295FDE80,DXGI,0,0,1,Hardware Composed: Independent Flip,6852.1037,NA,15.15000000000000,15.58600000000000,0.28630000000000,5.11160000000000,5.3640,6837.2367,15.1533,14.8670,0.2863,4.3822,15.5964,14.6563,0.9401,0.4764,6837.2367,NA,8.0836,NA
SandFall-Win64-Shipping.exe,32396,0x27E295FDE80,DXGI,0,0,1,Hardware Composed: Independent Flip,6869.6970,NA,17.59330000000000,17.40850000000000,0.25990000000000,5.13010000000000,5.1792,6852.3900,17.5669,17.3070,0.2599,4.8253,17.6118,15.1126,2.4992,-2.2552,6852.3900,NA,8.4903,NA
SandFall-Win64-Shipping.exe,32396,0x27E295FDE80,DXGI,0,0,1,Hardware Composed: Independent Flip,6885.1550,NA,15.45800000000000,16.30330000000000,0.29130000000000,4.84720000000000,6.0245,6869.9569,15.4894,15.1981,0.2913,4.8702,15.1751,15.0164,0.1587,1.2636,6869.9569,NA,9.8010,NA
SandFall-Win64-Shipping.exe,32396,0x27E295FDE80,DXGI,0,0,1,Hardware Composed: Independent Flip,6902.6142,NA,17.45920000000000,15.44900000000000,0.27130000000000,3.97020000000000,4.0143,6885.4463,17.4392,17.1679,0.2713,4.5559,16.5822,14.7867,1.7955,0.0404,6885.4463,NA,10.2412,NA
SandFall-Win64-Shipping.exe,32396,0x27E295FDE80,DXGI,0,0,1,Hardware Composed: Independent Flip,6918.5002,NA,15.88600000000000,17.04790000000000,0.25610000000000,4.40980000000000,5.1762,6902.8855,15.8708,15.6147,0.2561,3.6989,16.3256,14.7239,1.6017,0.3913,6902.8855,NA,12.2820,NA
SandFall-Win64-Shipping.exe,32396,0x27E295FDE80,DXGI,0,0,1,Hardware Composed: Independent Flip,6933.8678,NA,15.36760000000000,14.93230000000000,0.29100000000000,4.69530000000000,4.7409,6918.7563,15.4025,15.1115,0.2910,4.1537,15.6531,14.8172,0.8359,0.9385,6918.7563,NA,19.2085,NA
SandFall-Win64-Shipping.exe,32396,0x27E295FDE80,DXGI,0,0,1,Hardware Composed: Independent Flip,6948.3458,NA,14.47800000000000,14.89020000000000,0.29870000000000,5.10730000000000,5.1531,6934.1588,14.4857,14.1870,0.2987,4.4043,14.8900,14.8341,0.0559,0.5123,6934.1588,NA,NA,NA
SandFall-Win64-Shipping.exe,32396,0x27E295FDE80,DXGI,0,0,1,Hardware Composed: Independent Flip,6961.6621,NA,13.31630000000000,14.42730000000000,0.29440000000000,5.90810000000000,6.2641,6948.6445,13.3120,13.0176,0.2944,4.8086,14.1171,14.1098,0.0073,0.0584,6948.6445,NA,NA,NA
SandFall-Win64-Shipping.exe,32396,0x27E295FDE80,DXGI,0,0,1,Hardware Composed: Independent Flip,6978.3353,NA,16.67320000000000,14.61140000000000,0.26750000000000,4.13050000000000,4.2023,6961.9565,16.6463,16.3788,0.2675,5.6137,14.8956,14.3451,0.5505,-1.2994,6961.9565,NA,NA,NA
SandFall-Win64-Shipping.exe,32396,0x27E295FDE80,DXGI,0,0,1,Hardware Composed: Independent Flip,6992.7655,NA,14.43020000000000,15.56900000000000,0.27120000000000,4.77510000000000,5.3411,6978.6028,14.4339,14.1627,0.2712,3.8630,15.0748,14.4547,0.6201,1.0773,6978.6028,NA,NA,NA
SandFall-Win64-Shipping.exe,32396,0x27E295FDE80,DXGI,0,0,1,Hardware Composed: Independent Flip,7008.1348,NA,15.36930000000000,14.73000000000000,0.27790000000000,4.68200000000000,4.7018,6993.0367,15.3760,15.0981,0.2779,4.5039,15.2762,14.4387,0.8375,-0.2961,6993.0367,NA,11.4348,NA
SandFall-Win64-Shipping.exe,32396,0x27E295FDE80,DXGI,0,0,1,Hardware Composed: Independent Flip,7024.9894,NA,16.85460000000000,16.70890000000000,0.29000000000000,4.46510000000000,4.5561,7008.4127,16.8667,16.5767,0.2900,4.4041,16.6377,14.5087,2.1290,-1.3329,7008.4127,NA,NA,NA
SandFall-Win64-Shipping.exe,32396,0x27E295FDE80,DXGI,0,0,1,Hardware Composed: Independent Flip,7039.7836,NA,14.79420000000000,15.84800000000000,0.25940000000000,4.69720000000000,5.6099,7025.2794,14.7636,14.5042,0.2594,4.1751,15.0263,14.2880,0.7383,1.0187,7025.2794,NA,NA,NA
SandFall-Win64-Shipping.exe,32396,0x27E295FDE80,DXGI,0,0,1,Hardware Composed: Independent Flip,7056.8726,NA,17.08900000000000,15.47650000000000,0.29900000000000,3.95150000000000,3.9974,7040.0430,17.1286,16.8296,0.2990,4.4378,16.3433,14.1973,2.1460,-0.7129,7040.0430,NA,NA,NA
SandFall-Win64-Shipping.exe,32396,0x27E295FDE80,DXGI,0,0,1,Hardware Composed: Independent Flip,7072.1763,NA,15.30370000000000,16.63130000000000,0.31430000000000,4.58660000000000,5.3250,7057.1716,15.3190,15.0047,0.3143,3.6525,15.9388,14.2383,1.7005,0.4973,7057.1716,NA,NA,NA
SandFall-Win64-Shipping.exe,32396,0x27E295FDE80,DXGI,0,0,1,Hardware Composed: Independent Flip,7087.9967,NA,15.82040000000000,14.91290000000000,0.31450000000000,4.36470000000000,4.4175,7072.4906,15.8206,15.5061,0.3145,4.2723,15.5985,14.2246,1.3739,0.4061,7072.4906,NA,NA,NA
SandFall-Win64-Shipping.exe,32396,0x27E295FDE80,DXGI,0,0,1,Hardware Composed: Independent Flip,7102.6051,NA,14.60840000000000,14.59010000000000,0.28410000000000,4.35410000000000,4.3992,7088.3112,14.5780,14.2939,0.2841,4.0502,14.5978,13.8311,0.7667,1.2305,7088.3112,NA,NA,NA
SandFall-Win64-Shipping.exe,32396,0x27E295FDE80,DXGI,0,0,1,Hardware Composed: Independent Flip,7119.5259,NA,16.92080000000000,16.42670000000000,0.31320000000000,3.76740000000000,3.9051,7102.8892,16.9499,16.6367,0.3132,4.0700,16.3341,14.2881,2.0460,-1.8487,7102.8892,NA,NA,NA
SandFall-Win64-Shipping.exe,32396,0x27E295FDE80,DXGI,0,0,1,Hardware Composed: Independent Flip,7134.8469,NA,15.32100000000000,16.62910000000000,0.31200000000000,4.40240000000000,5.2132,7119.8391,15.3198,15.0078,0.3120,3.4542,15.9560,14.6002,1.3558,0.3208,7119.8391,NA,NA,NA
SandFall-Win64-Shipping.exe,32396,0x27E295FDE80,DXGI,0,0,1,Hardware Composed: Independent Flip,7149.2259,NA,14.37900000000000,14.02220000000000,0.27600000000000,4.79260000000000,4.8564,7135.1589,14.3430,14.0670,0.2760,4.0904,14.7692,14.4488,0.3204,1.2976,7135.1589,NA,NA,NA
SandFall-Win64-Shipping.exe,32396,0x27E295FDE80,DXGI,0,0,1,Hardware Composed: Independent Flip,7163.4425,NA,14.21660000000000,13.85000000000000,0.36000000000000,4.46870000000000,4.4898,7149.5019,14.3006,13.9406,0.3600,4.5166,13.8927,13.8617,0.0310,0.4930,7149.5019,NA,NA,NA
SandFall-Win64-Shipping.exe,32396,0x27E295FDE80,DXGI,0,0,1,Hardware Composed: Independent Flip,7177.9459,NA,14.50340000000000,15.25220000000000,0.30020000000000,4.69260000000000,5.2386,7163.8025,14.4436,14.1434,0.3002,4.1087,14.7273,14.0978,0.6295,-0.9516,7163.8025,NA,NA,NA
SandFall-Win64-Shipping.exe,32396,0x27E295FDE80,DXGI,0,0,1,Hardware Composed: Independent Flip,7193.8104,NA,15.86450000000000,15.00730000000000,0.31230000000000,4.21760000000000,4.3814,7178.2461,15.8766,15.5643,0.3123,4.3924,15.3895,13.9927,1.3968,-0.5637,7178.2461,NA,NA,NA
SandFall-Win64-Shipping.exe,32396,0x27E295FDE80,DXGI,0,0,1,Hardware Composed: Independent Flip,7208.5383,NA,14.72790000000000,14.80280000000000,0.28360000000000,4.39730000000000,4.4563,7194.1227,14.6992,14.4156,0.2836,3.9053,14.9076,14.2183,0.6893,1.0738,7194.1227,NA,NA,NA
SandFall-Win64-Shipping.exe,32396,0x27E295FDE80,DXGI,0,0,1,Hardware Composed: Independent Flip,7223.4148,NA,14.87650000000000,15.06850000000000,0.36030000000000,4.59820000000000,4.6483,7208.8219,14.9532,14.5929,0.3603,4.1137,15.0774,14.2393,0.8381,-0.3693,7208.8219,NA,15.6808,NA
SandFall-Win64-Shipping.exe,32396,0x27E295FDE80,DXGI,0,0,1,Hardware Composed: Independent Flip,7238.7508,NA,15.33600000000000,15.15250000000000,0.31490000000000,4.44680000000000,4.4648,7223.7751,15.2906,14.9757,0.3149,4.2379,15.1846,14.0992,1.0854,-0.1993,7223.7751,NA,8.8256,NA
SandFall-Win64-Shipping.exe,32396,0x27E295FDE80,DXGI,0,0,1,Hardware Composed: Independent Flip,7253.6938,NA,14.94300000000000,14.80180000000000,0.35900000000000,4.25010000000000,4.3236,7239.0657,14.9871,14.6281,0.3590,4.1319,14.7463,13.8652,0.8811,0.4888,7239.0657,NA,8.6330,NA
SandFall-Win64-Shipping.exe,32396,0x27E295FDE80,DXGI,0,0,1,Hardware Composed: Independent Flip,7268.3094,NA,14.61560000000000,14.87890000000000,0.27100000000000,4.52300000000000,4.5869,7254.0528,14.5276,14.2566,0.2710,3.8911,14.8885,14.1099,0.7786,0.1082,7254.0528,NA,13.4968,NA
SandFall-Win64-Shipping.exe,32396,0x27E295FDE80,DXGI,0,0,1,Hardware Composed: Independent Flip,7283.4962,NA,15.18680000000000,16.36420000000000,0.34960000000000,5.66920000000000,5.7643,7268.5804,15.2654,14.9158,0.3496,4.2520,16.3330,15.3532,0.9798,-1.8366,7268.5804,NA,14.8520,NA
SandFall-Win64-Shipping.exe,32396,0x27E295FDE80,DXGI,0,0,1,Hardware Composed: Independent Flip,7299.2562,NA,15.76000000000000,14.05520000000000,0.31390000000000,4.01170000000000,4.0595,7283.8458,15.7243,15.4104,0.3139,5.3196,14.1025,13.8220,0.2805,1.2102,7283.8458,NA,11.9287,NA
SandFall-Win64-Shipping.exe,32396,0x27E295FDE80,DXGI,0,0,1,Hardware Composed: Independent Flip,7314.3387,NA,15.08250000000000,15.28500000000000,0.28970000000000,4.18220000000000,4.2620,7299.5701,15.0583,14.7686,0.2897,3.6978,15.2530,14.5464,0.7066,0.4393,7299.5701,NA,13.2167,NA
SandFall-Win64-Shipping.exe,32396,0x27E295FDE80,DXGI,0,0,1,Hardware Composed: Independent Flip,7329.3245,NA,14.98580000000000,16.07050000000000,0.26400000000000,4.32610000000000,5.3467,7314.6284,14.9601,14.6961,0.2640,3.8925,15.1297,13.9730,1.1567,-1.0122,7314.6284,NA,10.2748,NA
SandFall-Win64-Shipping.exe,32396,0x27E295FDE80,DXGI,0,0,1,Hardware Composed: Independent Flip,7345.3802,NA,16.05570000000000,14.61750000000000,0.26930000000000,3.85110000000000,3.9085,7329.5885,16.0610,15.7917,0.2693,4.0621,15.5807,14.0890,1.4917,0.3426,7329.5885,NA,8.8986,NA
SandFall-Win64-Shipping.exe,32396,0x27E295FDE80,DXGI,0,0,1,Hardware Composed: Independent Flip,7361.6127,NA,16.23250000000000,17.67090000000000,0.25810000000000,4.65510000000000,5.3469,7345.6495,16.2213,15.9632,0.2581,3.5818,17.0365,14.3101,2.7264,-1.6099,7345.6495,NA,12.5718,NA
SandFall-Win64-Shipping.exe,32396,0x27E295FDE80,DXGI,0,0,1,Hardware Composed: Independent Flip,7377.4997,NA,15.88700000000000,16.30260000000000,0.26740000000000,4.81150000000000,5.7625,7361.8708,15.8963,15.6289,0.2674,4.3970,16.0434,14.2995,1.7439,-0.0813,7361.8708,NA,12.8725,NA
SandFall-Win64-Shipping.exe,32396,0x27E295FDE80,DXGI,0,0,1,Hardware Composed: Independent Flip,7392.7435,NA,15.24380000000000,14.13830000000000,0.25670000000000,4.59390000000000,4.6570,7377.7671,15.2331,14.9764,0.2567,4.5441,15.0262,14.4509,0.5753,1.7580,7377.7671,NA,12.0267,NA
SandFall-Win64-Shipping.exe,32396,0x27E295FDE80,DXGI,0,0,1,Hardware Composed: Independent Flip,7409.9620,NA,17.21850000000000,16.77130000000000,0.25700000000000,4.18980000000000,4.2098,7393.0002,17.2188,16.9618,0.2570,4.3372,16.8144,14.2207,2.5937,-1.5382,7393.0002,NA,15.7820,NA
SandFall-Win64-Shipping.exe,32396,0x27E295FDE80,DXGI,0,0,1,Hardware Composed: Independent Flip,7425.9805,NA,16.01850000000000,16.78810000000000,0.25610000000000,4.82640000000000,4.9794,7410.2190,16.0176,15.7615,0.2561,3.9328,16.6551,14.3010,2.3541,0.4307,7410.2190,NA,16.5760,NA
SandFall-Win64-Shipping.exe,32396,0x27E295FDE80,DXGI,0,0,1,Hardware Composed: Independent Flip,7439.9292,NA,13.94870000000000,14.06760000000000,0.29100000000000,5.06340000000000,5.0983,7426.2366,13.9836,13.6926,0.2910,4.5703,14.1857,14.1803,0.0054,1.9500,7426.2366,NA,14.6359,NA
SandFall-Win64-Shipping.exe,32396,0x27E295FDE80,DXGI,0,0,1,Hardware Composed: Independent Flip,7451.1625,NA,11.23330000000000,13.94130000000000,0.31150000000000,7.67190000000000,7.8063,7440.2202,11.2538,10.9423,0.3115,4.7724,13.8418,13.8380,0.0038,0.0423,7440.2202,NA,17.5829,NA
SandFall-Win64-Shipping.exe,32396,0x27E295FDE80,DXGI,0,0,1,Hardware Composed: Independent Flip,7460.7985,NA,9.63600000000000,14.53640000000000,0.26370000000000,12.63730000000000,12.7067,7451.4740,9.5882,9.3245,0.2637,7.3604,14.6014,14.5977,0.0037,-3.2826,7451.4740,NA,13.1242,NA
SandFall-Win64-Shipping.exe,32396,0x27E295FDE80,DXGI,0,0,1,Hardware Composed: Independent Flip,7478.6010,NA,17.80250000000000,13.97950000000000,0.43070000000000,8.66900000000000,8.8837,7461.0622,17.9695,17.5388,0.4307,12.3736,13.8342,13.8298,0.0044,-4.3913,7461.0622,NA,13.0962,NA
SandFall-Win64-Shipping.exe,32396,0x27E295FDE80,DXGI,0,0,1,Hardware Composed: Independent Flip,7493.9530,NA,15.35200000000000,13.77690000000000,0.33560000000000,7.24690000000000,7.3086,7479.0317,15.2569,14.9213,0.3356,8.2383,13.9299,13.9255,0.0044,4.1926,7479.0317,NA,12.8805,NA
SandFall-Win64-Shipping.exe,32396,0x27E295FDE80,DXGI,0,0,1,Hardware Composed: Independent Flip,7508.1181,NA,14.16510000000000,14.20550000000000,0.35920000000000,6.89470000000000,7.3490,7494.2886,14.1887,13.8295,0.3592,6.9113,13.8129,13.8074,0.0055,1.0514,7494.2886,NA,10.0815,NA
SandFall-Win64-Shipping.exe,32396,0x27E295FDE80,DXGI,0,0,1,Hardware Composed: Independent Flip,7523.2353,NA,15.11720000000000,13.34690000000000,0.28430000000000,5.51360000000000,5.5787,7508.4773,15.0423,14.7580,0.2843,6.5355,13.7361,13.7300,0.0061,0.8418,7508.4773,NA,10.4254,NA
SandFall-Win64-Shipping.exe,32396,0x27E295FDE80,DXGI,0,0,1,Hardware Composed: Independent Flip,7541.3361,NA,18.10080000000000,16.95160000000000,0.28260000000000,4.17420000000000,4.4295,7523.5196,18.0991,17.8165,0.2826,5.2293,16.7614,14.4829,2.2785,-1.9093,7523.5196,NA,16.3208,NA
SandFall-Win64-Shipping.exe,32396,0x27E295FDE80,DXGI,0,0,1,Hardware Composed: Independent Flip,7556.0887,NA,14.75260000000000,16.89930000000000,0.27750000000000,5.00160000000000,6.5762,7541.6187,14.7475,14.4700,0.2775,3.8916,15.5800,14.6383,0.9417,1.1998,7541.6187,NA,NA,NA
SandFall-Win64-Shipping.exe,32396,0x27E295FDE80,DXGI,0,0,1,Hardware Composed: Independent Flip,7572.0473,NA,15.95860000000000,14.23120000000000,0.37040000000000,4.82760000000000,4.8488,7556.3662,16.0515,15.6811,0.3704,4.7241,15.7846,14.4125,1.3721,0.5163,7556.3662,NA,NA,NA
SandFall-Win64-Shipping.exe,32396,0x27E295FDE80,DXGI,0,0,1,Hardware Composed: Independent Flip,7588.3144,NA,16.26710000000000,16.56720000000000,0.32950000000000,4.92150000000000,5.1489,7572.4177,16.2262,15.8967,0.3295,4.4572,16.3610,14.4717,1.8893,-0.5157,7572.4177,NA,NA,NA
SandFall-Win64-Shipping.exe,32396,0x27E295FDE80,DXGI,0,0,1,Hardware Composed: Independent Flip,7603.5866,NA,15.27220000000000,14.57780000000000,0.27770000000000,4.42690000000000,4.4545,7588.6439,15.2204,14.9427,0.2777,4.5920,14.7776,14.0758,0.7018,1.6484,7588.6439,NA,NA,NA
SandFall-Win64-Shipping.exe,32396,0x27E295FDE80,DXGI,0,0,1,Hardware Composed: Independent Flip,7619.8709,NA,16.28430000000000,16.43930000000000,0.30690000000000,4.58320000000000,4.6095,7603.8643,16.3135,16.0066,0.3069,4.1492,16.4406,14.1195,2.3211,-1.2189,7603.8643,NA,12.0871,NA
SandFall-Win64-Shipping.exe,32396,0x27E295FDE80,DXGI,0,0,1,Hardware Composed: Independent Flip,7638.0984,NA,18.22750000000000,18.17030000000000,0.35220000000000,3.77110000000000,4.5523,7620.1778,18.2728,17.9206,0.3522,4.2763,17.4154,14.0717,3.3437,-1.8568,7620.1778,NA,12.2675,NA
SandFall-Win64-Shipping.exe,32396,0x27E295FDE80,DXGI,0,0,1,Hardware Composed: Independent Flip,7652.6868,NA,14.58840000000000,14.64120000000000,0.30650000000000,4.48300000000000,4.6051,7638.4506,14.5427,14.2362,0.3065,3.4189,15.3003,14.0289,1.2714,3.6316,7638.4506,NA,NA,NA
SandFall-Win64-Shipping.exe,32396,0x27E295FDE80,DXGI,0,0,1,Hardware Composed: Independent Flip,7668.6479,NA,15.96110000000000,15.38080000000000,0.32580000000000,3.98580000000000,4.0248,7652.9933,15.9804,15.6546,0.3258,4.1765,15.4639,13.9649,1.4990,-0.8381,7652.9933,NA,NA,NA
SandFall-Win64-Shipping.exe,32396,0x27E295FDE80,DXGI,0,0,1,Hardware Composed: Independent Flip,7687.2897,NA,18.64180000000000,18.64080000000000,0.25830000000000,3.57720000000000,4.0238,7668.9737,18.5743,18.3160,0.2583,3.6600,18.2332,14.1572,4.0760,-2.6604,7668.9737,NA,NA,NA
SandFall-Win64-Shipping.exe,32396,0x27E295FDE80,DXGI,0,0,1,Hardware Composed: Independent Flip,7703.2459,NA,15.95620000000000,16.52030000000000,0.35300000000000,4.51940000000000,4.5879,7687.5480,16.0509,15.6979,0.3530,3.3189,16.8984,13.8036,3.0948,2.0540,7687.5480,NA,NA,NA
SandFall-Win64-Shipping.exe,32396,0x27E295FDE80,DXGI,0,0,1,Hardware Composed: Independent Flip,7718.5778,NA,15.33190000000000,15.65390000000000,0.26250000000000,4.84190000000000,4.9099,7703.5989,15.2414,14.9789,0.2625,4.1664,15.6544,14.0799,1.5745,0.3970,7703.5989,NA,28.0810,NA
SandFall-Win64-Shipping.exe,32396,0x27E295FDE80,DXGI,0,0,1,Hardware Composed: Independent Flip,7733.0438,NA,14.46600000000000,14.85580000000000,0.24470000000000,4.69540000000000,5.2997,7718.8403,14.4482,14.2035,0.2447,4.5794,14.3195,13.9324,0.3871,0.3856,7718.8403,NA,27.9534,NA
SandFall-Win64-Shipping.exe,32396,0x27E295FDE80,DXGI,0,0,1,Hardware Composed: Independent Flip,7746.5284,NA,13.48460000000000,12.66710000000000,0.26050000000000,4.41230000000000,4.4822,7733.2885,13.5004,13.2399,0.2605,4.4507,13.2015,13.1961,0.0054,1.7811,7733.2885,NA,13.2228,NA
SandFall-Win64-Shipping.exe,32396,0x27E295FDE80,DXGI,0,0,1,Hardware Composed: Independent Flip,7760.3248,NA,13.79640000000000,14.64660000000000,0.27290000000000,4.39660000000000,5.3324,7746.7889,13.8088,13.5359,0.2729,4.1518,13.7807,13.7749,0.0058,-1.1462,7746.7889,NA,NA,NA
SandFall-Win64-Shipping.exe,32396,0x27E295FDE80,DXGI,0,0,1,Hardware Composed: Independent Flip,7773.0187,NA,12.69390000000000,12.29650000000000,0.31080000000000,4.81190000000000,4.9350,7760.5977,12.7318,12.4210,0.3108,4.1237,13.1092,13.1047,0.0045,1.5123,7760.5977,NA,15.5635,NA
SandFall-Win64-Shipping.exe,32396,0x27E295FDE80,DXGI,0,0,1,Hardware Composed: Independent Flip,7786.3865,NA,13.36780000000000,13.19420000000000,0.29140000000000,4.68600000000000,4.7614,7773.3295,13.3484,13.0570,0.2914,4.5011,13.2419,13.2375,0.0044,-0.4624,7773.3295,NA,7.7600,NA
SandFall-Win64-Shipping.exe,32396,0x27E295FDE80,DXGI,0,0,1,Hardware Composed: Independent Flip,7802.8263,NA,16.43980000000000,15.58170000000000,0.28000000000000,3.33930000000000,3.9033,7786.6779,16.4284,16.1484,0.2800,4.3946,15.0931,13.7620,1.3311,-2.2333,7786.6779,NA,13.3430,NA
SandFall-Win64-Shipping.exe,32396,0x27E295FDE80,DXGI,0,0,1,Hardware Composed: Independent Flip,7816.0320,NA,13.20570000000000,13.82800000000000,0.26750000000000,4.47590000000000,4.5256,7803.1063,13.1932,12.9257,0.2675,3.0593,14.3423,13.9296,0.4127,2.6004,7803.1063,NA,9.1714,NA
SandFall-Win64-Shipping.exe,32396,0x27E295FDE80,DXGI,0,0,1,Hardware Composed: Independent Flip,7833.9895,NA,17.95750000000000,17.37010000000000,0.39000000000000,3.92020000000000,3.9382,7816.2995,18.0800,17.6900,0.3900,4.2084,17.4018,14.1949,3.2069,-4.1769,7816.2995,NA,11.5406,NA
SandFall-Win64-Shipping.exe,32396,0x27E295FDE80,DXGI,0,0,1,Hardware Composed: Independent Flip,7849.0552,NA,15.06570000000000,15.66310000000000,0.25600000000000,4.13190000000000,4.5356,7834.3795,14.9317,14.6757,0.2560,3.5302,15.2774,13.9295,1.3479,2.4169,7834.3795,NA,12.2030,NA
SandFall-Win64-Shipping.exe,32396,0x27E295FDE80,DXGI,0,0,1,Hardware Composed: Independent Flip,7864.6586,NA,15.60340000000000,15.23690000000000,0.26570000000000,4.15100000000000,4.1691,7849.3112,15.6131,15.3474,0.2657,3.8759,15.6225,14.1475,1.4750,-0.3052,7849.3112,NA,10.4311,NA
SandFall-Win64-Shipping.exe,32396,0x27E295FDE80,DXGI,0,0,1,Hardware Composed: Independent Flip,7880.3392,NA,15.68060000000000,16.54470000000000,0.43190000000000,3.79200000000000,5.0332,7864.9243,15.8468,15.4149,0.4319,3.8853,15.3216,14.1756,1.1460,-0.9316,7864.9243,NA,14.9698,NA
SandFall-Win64-Shipping.exe,32396,0x27E295FDE80,DXGI,0,0,1,Hardware Composed: Independent Flip,7894.9726,NA,14.63340000000000,13.49070000000000,0.27920000000000,3.82700000000000,3.8905,7880.7711,14.4807,14.2015,0.2792,3.3601,14.6684,14.0814,0.5870,2.3561,7880.7711,NA,12.4744,NA
SandFall-Win64-Shipping.exe,32396,0x27E295FDE80,DXGI,0,0,1,Hardware Composed: Independent Flip,7911.1164,NA,16.14380000000000,17.71060000000000,0.26210000000000,4.92670000000000,5.4573,7895.2518,16.1267,15.8646,0.2621,3.5478,17.2435,14.3937,2.8498,-3.2299,7895.2518,NA,14.1895,NA
SandFall-Win64-Shipping.exe,32396,0x27E295FDE80,DXGI,0,0,1,Hardware Composed: Independent Flip,7925.1092,NA,13.99280000000000,14.64630000000000,0.29820000000000,4.59330000000000,6.1108,7911.3785,14.0289,13.7307,0.2982,4.6646,13.6594,13.6545,0.0049,1.4804,7911.3785,NA,15.8034,NA
SandFall-Win64-Shipping.exe,32396,0x27E295FDE80,DXGI,0,0,1,Hardware Composed: Independent Flip,7938.9612,NA,13.85200000000000,12.53710000000000,0.25850000000000,4.76460000000000,4.7959,7925.4074,13.8123,13.5538,0.2585,4.2951,14.0233,13.9321,0.0912,1.4918,7925.4074,NA,15.3659,NA
SandFall-Win64-Shipping.exe,32396,0x27E295FDE80,DXGI,0,0,1,Hardware Composed: Independent Flip,7953.4364,NA,14.47520000000000,14.72840000000000,0.32140000000000,4.47950000000000,5.0491,7939.2197,14.5381,14.2167,0.3214,4.5061,14.1901,13.8493,0.3408,-0.9161,7939.2197,NA,12.0990,NA
SandFall-Win64-Shipping.exe,32396,0x27E295FDE80,DXGI,0,0,1,Hardware Composed: Independent Flip,7970.5508,NA,17.11440000000000,15.94290000000000,0.25980000000000,3.82330000000000,3.8776,7953.7578,17.0528,16.7930,0.2598,4.1581,16.4582,13.9699,2.4883,-1.4048,7953.7578,NA,13.0360,NA
SandFall-Win64-Shipping.exe,32396,0x27E295FDE80,DXGI,0,0,1,Hardware Composed: Independent Flip,7985.0964,NA,14.54560000000000,16.30810000000000,0.25250000000000,4.51740000000000,5.6401,7970.8106,14.5383,14.2858,0.2525,3.5635,15.2397,14.1838,1.0559,0.7447,7970.8106,NA,16.3400,NA
SandFall-Win64-Shipping.exe,32396,0x27E295FDE80,DXGI,0,0,1,Hardware Composed: Independent Flip,7998.8626,NA,13.76620000000000,12.93760000000000,0.27650000000000,4.67250000000000,4.8115,7985.3489,13.7902,13.5137,0.2765,4.2649,13.9213,13.8787,0.0426,1.6007,7985.3489,NA,14.0220,NA
SandFall-Win64-Shipping.exe,32396,0x27E295FDE80,DXGI,0,0,1,Hardware Composed: Independent Flip,8014.1529,NA,15.29030000000000,14.61030000000000,0.26860000000000,4.06690000000000,4.1315,7999.1391,15.2824,15.0138,0.2686,4.3960,14.6847,13.7289,0.9558,-0.8201,7999.1391,NA,11.8903,NA
SandFall-Win64-Shipping.exe,32396,0x27E295FDE80,DXGI,0,0,1,Hardware Composed: Independent Flip,8028.4846,NA,14.33170000000000,15.14930000000000,0.32880000000000,4.35470000000000,4.9491,8014.4215,14.3919,14.0631,0.3288,3.7983,14.6195,14.0609,0.5586,0.1331,8014.4215,NA,20.0466,NA
SandFall-Win64-Shipping.exe,32396,0x27E295FDE80,DXGI,0,0,1,Hardware Composed: Independent Flip,8042.7188,NA,14.23420000000000,13.95150000000000,0.28010000000000,4.61270000000000,4.6664,8028.8134,14.1855,13.9054,0.2801,4.0259,14.4922,14.0671,0.4251,0.4404,8028.8134,NA,22.9872,NA
SandFall-Win64-Shipping.exe,32396,0x27E295FDE80,DXGI,0,0,1,Hardware Composed: Independent Flip,8059.0183,NA,16.29950000000000,16.49720000000000,0.27770000000000,3.96120000000000,4.8641,8042.9989,16.2971,16.0194,0.2777,4.3326,15.6480,13.7442,1.9038,-2.3117,8042.9989,NA,NA,NA
SandFall-Win64-Shipping.exe,32396,0x27E295FDE80,DXGI,0,0,1,Hardware Composed: Independent Flip,8074.2908,NA,15.27250000000000,15.80340000000000,0.27140000000000,4.72890000000000,5.3950,8059.2960,15.2662,14.9948,0.2714,3.6835,16.0402,14.3122,1.7280,0.4937,8059.2960,NA,NA,NA
SandFall-Win64-Shipping.exe,32396,0x27E295FDE80,DXGI,0,0,1,Hardware Composed: Independent Flip,8088.1954,NA,13.90460000000000,12.89300000000000,0.26270000000000,4.27320000000000,4.3834,8074.5622,13.8959,13.6332,0.2627,4.4575,13.4489,13.4425,0.0064,2.3732,8074.5622,NA,23.1908,NA
SandFall-Win64-Shipping.exe,32396,0x27E295FDE80,DXGI,0,0,1,Hardware Composed: Independent Flip,8103.0963,NA,14.90090000000000,14.95790000000000,0.26280000000000,4.37860000000000,4.4404,8088.4581,14.9010,14.6382,0.2628,4.0105,15.0063,13.5281,1.4782,-1.0620,8088.4581,NA,12.1404,NA
SandFall-Win64-Shipping.exe,32396,0x27E295FDE80,DXGI,0,0,1,Hardware Composed: Independent Flip,8118.5420,NA,15.44570000000000,16.34910000000000,0.25330000000000,4.24900000000000,5.3438,8103.3591,15.4362,15.1829,0.2533,4.1158,15.3161,13.7226,1.5935,-1.4481,8103.3591,NA,11.4981,NA
SandFall-Win64-Shipping.exe,32396,0x27E295FDE80,DXGI,0,0,1,Hardware Composed: Independent Flip,8135.1830,NA,16.64100000000000,15.56040000000000,0.26090000000000,4.21420000000000,4.2632,8118.7953,16.6486,16.3877,0.2609,3.9957,16.6062,13.9103,2.6959,-0.1242,8118.7953,NA,15.0324,NA
SandFall-Win64-Shipping.exe,32396,0x27E295FDE80,DXGI,0,0,1,Hardware Composed: Independent Flip,8150.6385,NA,15.45550000000000,16.47470000000000,0.26760000000000,4.86840000000000,5.2824,8135.4439,15.4622,15.1946,0.2676,3.9533,16.1097,14.2174,1.8923,0.1739,8135.4439,NA,14.5308,NA
SandFall-Win64-Shipping.exe,32396,0x27E295FDE80,DXGI,0,0,1,Hardware Composed: Independent Flip,8165.6209,NA,14.98240000000000,14.32580000000000,0.25350000000000,4.49690000000000,4.6258,8150.9061,14.9683,14.7148,0.2535,4.6008,14.6109,13.6368,0.9741,1.1364,8150.9061,NA,17.8609,NA
SandFall-Win64-Shipping.exe,32396,0x27E295FDE80,DXGI,0,0,1,Hardware Composed: Independent Flip,8183.0831,NA,17.46220000000000,17.57130000000000,0.24940000000000,4.66740000000000,4.7349,8165.8744,17.4581,17.2087,0.2494,4.2434,17.6327,14.3978,3.2349,-2.6030,8165.8744,NA,NA,NA
SandFall-Win64-Shipping.exe,32396,0x27E295FDE80,DXGI,0,0,1,Hardware Composed: Independent Flip,8196.4108,NA,13.32770000000000,15.30690000000000,0.26710000000000,5.02730000000000,6.7141,8183.3325,13.3454,13.0783,0.2671,4.4180,13.6876,13.6795,0.0081,2.1512,8183.3325,NA,NA,NA
SandFall-Win64-Shipping.exe,32396,0x27E295FDE80,DXGI,0,0,1,Hardware Composed: Independent Flip,8207.2124,NA,10.80160000000000,11.57330000000000,0.27000000000000,7.43940000000000,7.4858,8196.6779,10.8045,10.5345,0.2700,4.7602,13.2137,13.2099,0.0038,1.7721,8196.6779,NA,NA,NA
SandFall-Win64-Shipping.exe,32396,0x27E295FDE80,DXGI,0,0,1,Hardware Composed: Independent Flip,8218.5101,NA,11.29770000000000,13.23390000000000,0.31660000000000,9.35440000000000,9.4220,8207.4824,11.3443,11.0277,0.3166,7.1694,13.2127,13.2088,0.0039,-2.4294,8207.4824,NA,13.5416,NA
SandFall-Win64-Shipping.exe,32396,0x27E295FDE80,DXGI,0,0,1,Hardware Composed: Independent Flip,8233.2970,NA,14.78690000000000,13.41910000000000,0.40760000000000,7.81930000000000,8.0542,8218.8267,14.8779,14.4703,0.4076,9.0378,13.2518,13.2474,0.0044,-2.0748,8218.8267,NA,10.9733,NA
SandFall-Win64-Shipping.exe,32396,0x27E295FDE80,DXGI,0,0,1,Hardware Composed: Independent Flip,8249.4920,NA,16.19500000000000,13.12180000000000,0.41950000000000,4.89980000000000,4.9810,8233.7046,16.2069,15.7874,0.4195,7.4117,13.2755,13.2705,0.0050,1.7561,8233.7046,NA,15.0107,NA
SandFall-Win64-Shipping.exe,32396,0x27E295FDE80,DXGI,0,0,1,Hardware Composed: Independent Flip,8264.2385,NA,14.74650000000000,14.28540000000000,0.31690000000000,4.41550000000000,4.5199,8249.9115,14.6439,14.3270,0.3169,4.4803,14.2622,13.6927,0.5695,1.9215,8249.9115,NA,7.3702,NA
SandFall-Win64-Shipping.exe,32396,0x27E295FDE80,DXGI,0,0,1,Hardware Composed: Independent Flip,8283.3867,NA,19.14820000000000,19.27340000000000,0.32330000000000,4.07410000000000,4.6451,8264.5554,19.1546,18.8313,0.3233,4.0986,18.8068,14.0062,4.8006,-4.6295,8264.5554,NA,14.6390,NA
SandFall-Win64-Shipping.exe,32396,0x27E295FDE80,DXGI,0,0,1,Hardware Composed: Independent Flip,8300.9758,NA,17.58910000000000,17.33070000000000,0.26110000000000,4.36680000000000,4.3867,8283.7100,17.5269,17.2658,0.2611,3.7508,17.8818,13.9979,3.8839,1.8239,8283.7100,NA,19.9618,NA
SandFall-Win64-Shipping.exe,32396,0x27E295FDE80,DXGI,0,0,1,Hardware Composed: Independent Flip,8317.0048,NA,16.02900000000000,16.12180000000000,0.27170000000000,4.41130000000000,4.4795,8301.2369,16.0396,15.7679,0.2717,4.1057,16.0735,14.1153,1.9582,1.4051,8301.2369,NA,15.0817,NA
SandFall-Win64-Shipping.exe,32396,0x27E295FDE80,DXGI,0,0,1,Hardware Composed: Independent Flip,8335.2381,NA,18.23330000000000,18.77570000000000,0.28950000000000,4.58410000000000,5.0219,8317.2765,18.2511,17.9616,0.2895,4.1396,18.4061,14.0746,4.3315,-2.7361,8317.2765,NA,16.8613,NA
SandFall-Win64-Shipping.exe,32396,0x27E295FDE80,DXGI,0,0,1,Hardware Composed: Independent Flip,8355.4323,NA,20.19420000000000,19.32180000000000,0.37430000000000,3.17700000000000,4.1495,8335.5276,20.2790,19.9047,0.3743,4.2946,18.7871,13.8590,4.9281,-1.0707,8335.5276,NA,22.1820,NA
SandFall-Win64-Shipping.exe,32396,0x27E295FDE80,DXGI,0,0,1,Hardware Composed: Independent Flip,8369.5407,NA,14.10840000000000,15.36240000000000,0.26640000000000,5.30450000000000,5.4035,8355.8066,14.0005,13.7341,0.2664,2.8027,16.2359,14.6529,1.5830,4.9166,8355.8066,NA,21.5617,NA
SandFall-Win64-Shipping.exe,32396,0x27E295FDE80,DXGI,0,0,1,Hardware Composed: Independent Flip,8383.3204,NA,13.77970000000000,13.70490000000000,0.38200000000000,5.24030000000000,5.3287,8369.8071,13.8953,13.5133,0.3820,5.0381,13.7155,13.7079,0.0076,0.2956,8369.8071,NA,30.2415,NA
SandFall-Win64-Shipping.exe,32396,0x27E295FDE80,DXGI,0,0,1,Hardware Composed: Independent Flip,8395.3993,NA,12.07890000000000,14.44120000000000,0.40660000000000,6.58620000000000,7.6910,8383.7024,12.1035,11.6969,0.4066,4.8583,13.4248,13.4192,0.0056,-0.5459,8383.7024,NA,23.6814,NA
SandFall-Win64-Shipping.exe,32396,0x27E295FDE80,DXGI,0,0,1,Hardware Composed: Independent Flip,8406.6262,NA,11.22690000000000,12.58300000000000,0.40490000000000,9.00650000000000,9.0471,8395.8059,11.2252,10.8203,0.4049,6.1796,13.6472,13.6384,0.0088,-0.4795,8395.8059,NA,NA,NA
SandFall-Win64-Shipping.exe,32396,0x27E295FDE80,DXGI,0,0,1,Hardware Composed: Independent Flip,8425.9196,NA,19.29340000000000,15.03740000000000,0.27930000000000,4.09710000000000,4.7911,8407.0311,19.1678,18.8885,0.2793,8.6016,14.3840,13.6971,0.6869,-3.8122,8407.0311,NA,NA,NA
SandFall-Win64-Shipping.exe,32396,0x27E295FDE80,DXGI,0,0,1,Hardware Composed: Independent Flip,8441.7348,NA,15.81520000000000,16.70660000000000,0.25920000000000,5.11050000000000,5.6825,8426.1989,15.7951,15.5359,0.2592,3.8178,16.8286,14.2422,2.5864,2.4612,8426.1989,NA,NA,NA
SandFall-Win64-Shipping.exe,32396,0x27E295FDE80,DXGI,0,0,1,Hardware Composed: Independent Flip,8458.8749,NA,17.14010000000000,15.34320000000000,0.30110000000000,3.86130000000000,3.8856,8441.9940,17.1820,16.8809,0.3011,4.8513,15.8909,14.0453,1.8456,0.4519,8441.9940,NA,21.3704,NA
SandFall-Win64-Shipping.exe,32396,0x27E295FDE80,DXGI,0,0,1,Hardware Composed: Independent Flip,8475.9603,NA,17.08540000000000,17.82400000000000,0.27350000000000,4.54590000000000,4.6242,8459.1760,17.0578,16.7843,0.2735,3.5602,17.7700,13.9889,3.7811,-0.6420,8459.1760,NA,NA,NA
SandFall-Win64-Shipping.exe,32396,0x27E295FDE80,DXGI,0,0,1,Hardware Composed: Independent Flip,8486.8868,NA,10.92650000000000,13.32040000000000,0.27630000000000,6.88460000000000,7.0181,8476.2338,10.9293,10.6530,0.2763,4.2724,13.2652,13.2575,0.0077,3.7374,8476.2338,NA,NA,NA
SandFall-Win64-Shipping.exe,32396,0x27E295FDE80,DXGI,0,0,1,Hardware Composed: Independent Flip,8497.7402,NA,10.85340000000000,13.01420000000000,0.30280000000000,9.07730000000000,9.1789,8487.1631,10.8799,10.5771,0.3028,6.6083,13.0461,13.0392,0.0069,-2.0849,8487.1631,NA,NA,NA
SandFall-Win64-Shipping.exe,32396,0x27E295FDE80,DXGI,0,0,1,Hardware Composed: Independent Flip,8513.7431,NA,16.00290000000000,15.42800000000000,0.45520000000000,6.22590000000000,8.6040,8498.0430,16.1553,15.7001,0.4552,8.7745,13.1515,13.1429,0.0086,-4.5481,8498.0430,NA,14.9635,NA
SandFall-Win64-Shipping.exe,32396,0x27E295FDE80,DXGI,0,0,1,Hardware Composed: Independent Flip,8529.8914,NA,16.14830000000000,11.43310000000000,0.33780000000000,3.81960000000000,3.8888,8514.1983,16.0309,15.6931,0.3378,5.7707,13.7420,13.7282,0.0138,4.7222,8514.1983,NA,21.3896,NA
SandFall-Win64-Shipping.exe,32396,0x27E295FDE80,DXGI,0,0,1,Hardware Composed: Independent Flip,8546.4527,NA,16.56130000000000,18.00270000000000,0.27000000000000,4.20030000000000,5.3302,8530.2292,16.4935,16.2235,0.2700,3.4818,16.9420,13.8630,3.0790,-1.9718,8530.2292,NA,NA,NA
SandFall-Win64-Shipping.exe,32396,0x27E295FDE80,DXGI,0,0,1,Hardware Composed: Independent Flip,8563.0370,NA,16.58430000000000,17.48680000000000,0.25840000000000,4.05370000000000,6.2327,8546.7227,16.5727,16.3143,0.2584,3.9303,16.4377,13.8631,2.5746,-0.9933,8546.7227,NA,NA,NA
SandFall-Win64-Shipping.exe,32396,0x27E295FDE80,DXGI,0,0,1,Hardware Composed: Independent Flip,8580.1671,NA,17.13010000000000,14.84110000000000,0.28630000000000,3.84210000000000,3.9437,8563.2954,17.1580,16.8717,0.2863,3.7953,16.9185,13.9288,2.9897,1.7316,8563.2954,NA,NA,NA
SandFall-Win64-Shipping.exe,32396,0x27E295FDE80,DXGI,0,0,1,Hardware Composed: Independent Flip,8593.8417,NA,13.67460000000000,15.19500000000000,0.27640000000000,4.64860000000000,5.4641,8580.4534,13.6647,13.3883,0.2764,3.5558,14.4811,13.8378,0.6433,1.9630,8580.4534,NA,NA,NA
SandFall-Win64-Shipping.exe,32396,0x27E295FDE80,DXGI,0,0,1,Hardware Composed: Independent Flip,8608.4354,NA,14.59370000000000,13.29230000000000,0.29500000000000,4.08150000000000,4.1627,8594.1181,14.6123,14.3173,0.2950,4.3722,14.0266,14.0220,0.0046,0.3724,8594.1181,NA,NA,NA
SandFall-Win64-Shipping.exe,32396,0x27E295FDE80,DXGI,0,0,1,Hardware Composed: Independent Flip,8622.6622,NA,14.22680000000000,14.79870000000000,0.24820000000000,4.62210000000000,4.7346,8608.7304,14.1800,13.9318,0.2482,3.7865,14.7674,13.8728,0.8946,-0.1864,8608.7304,NA,12.0068,NA
SandFall-Win64-Shipping.exe,32396,0x27E295FDE80,DXGI,0,0,1,Hardware Composed: Independent Flip,8634.6316,NA,11.96940000000000,13.25860000000000,0.27260000000000,5.81130000000000,6.0238,8622.9104,11.9938,11.7212,0.2726,4.3739,13.1586,13.1508,0.0078,0.9214,8622.9104,NA,11.2733,NA
SandFall-Win64-Shipping.exe,32396,0x27E295FDE80,DXGI,0,0,1,Hardware Composed: Independent Flip,8648.0569,NA,13.42530000000000,13.17270000000000,0.28020000000000,5.74310000000000,5.7712,8634.9042,13.4329,13.1527,0.2802,5.5387,13.3571,13.3461,0.0110,-1.1789,8634.9042,NA,8.4348,NA
SandFall-Win64-Shipping.exe,32396,0x27E295FDE80,DXGI,0,0,1,Hardware Composed: Independent Flip,8661.6345,NA,13.57760000000000,14.34380000000000,0.25390000000000,5.58300000000000,6.5374,8648.3371,13.5513,13.2974,0.2539,5.4629,13.4175,13.4087,0.0088,-0.9109,8648.3371,NA,8.7874,NA
SandFall-Win64-Shipping.exe,32396,0x27E295FDE80,DXGI,0,0,1,Hardware Composed: Independent Flip,8675.5496,NA,13.91510000000000,12.53970000000000,0.26110000000000,5.11960000000000,5.1620,8661.8884,13.9223,13.6612,0.2611,5.3291,13.4517,13.4463,0.0054,1.0116,8661.8884,NA,NA,NA
SandFall-Win64-Shipping.exe,32396,0x27E295FDE80,DXGI,0,0,1,Hardware Composed: Independent Flip,8689.5443,NA,13.99470000000000,14.48590000000000,0.26170000000000,5.26860000000000,5.6532,8675.8107,13.9953,13.7336,0.2617,4.8585,14.1437,14.1348,0.0089,-0.5636,8675.8107,NA,19.8122,NA
SandFall-Win64-Shipping.exe,32396,0x27E295FDE80,DXGI,0,0,1,Hardware Composed: Independent Flip,8704.3057,NA,14.76140000000000,14.82640000000000,0.41130000000000,5.10640000000000,5.7182,8689.8060,14.9110,14.4997,0.4113,5.0069,14.5992,14.2391,0.3601,-0.8311,8689.8060,NA,21.6336,NA
SandFall-Win64-Shipping.exe,32396,0x27E295FDE80,DXGI,0,0,1,Hardware Composed: Independent Flip,8719.7576,NA,15.45190000000000,15.01390000000000,0.24750000000000,5.24990000000000,5.2802,8704.7170,15.2881,15.0406,0.2475,4.6951,15.5954,14.4564,1.1390,-0.1029,8704.7170,NA,18.6531,NA
SandFall-Win64-Shipping.exe,32396,0x27E295FDE80,DXGI,0,0,1,Hardware Composed: Independent Flip,8735.0712,NA,15.31360000000000,15.45350000000000,0.24910000000000,4.73010000000000,5.4201,8720.0051,15.3152,15.0661,0.2491,5.0024,14.7938,14.2759,0.5179,-0.1654,8720.0051,NA,19.1073,NA
SandFall-Win64-Shipping.exe,32396,0x27E295FDE80,DXGI,0,0,1,Hardware Composed: Independent Flip,8749.3082,NA,14.23700000000000,14.23510000000000,0.28560000000000,5.34520000000000,5.4182,8735.3203,14.2735,13.9879,0.2856,4.4810,14.8521,14.3707,0.4814,1.0801,8735.3203,NA,17.3424,NA
SandFall-Win64-Shipping.exe,32396,0x27E295FDE80,DXGI,0,0,1,Hardware Composed: Independent Flip,8765.7672,NA,16.45900000000000,15.62570000000000,0.25560000000000,4.51010000000000,4.5849,8749.5938,16.4290,16.1734,0.2556,5.0596,15.6239,14.4284,1.1955,-1.3522,8749.5938,NA,16.9704,NA
SandFall-Win64-Shipping.exe,32396,0x27E295FDE80,DXGI,0,0,1,Hardware Composed: Independent Flip,8779.9467,NA,14.17950000000000,14.98730000000000,0.24620000000000,5.35740000000000,5.3927,8766.0228,14.1701,13.9239,0.2462,4.2545,15.0268,14.5282,0.4986,1.4417,8766.0228,NA,16.9586,NA
SandFall-Win64-Shipping.exe,32396,0x27E295FDE80,DXGI,0,0,1,Hardware Composed: Independent Flip,8794.8728,NA,14.92610000000000,14.40600000000000,0.26080000000000,4.83310000000000,4.8726,8780.1929,14.9407,14.6799,0.2608,5.1112,14.4018,14.3665,0.0353,-0.2359,8780.1929,NA,15.3603,NA
SandFall-Win64-Shipping.exe,32396,0x27E295FDE80,DXGI,0,0,1,Hardware Composed: Independent Flip,8808.8192,NA,13.94640000000000,14.21230000000000,0.25640000000000,4.82680000000000,5.1385,8795.1336,13.9420,13.6856,0.2564,4.5723,13.9401,13.9356,0.0045,0.7284,8795.1336,NA,14.5771,NA
SandFall-Win64-Shipping.exe,32396,0x27E295FDE80,DXGI,0,0,1,Hardware Composed: Independent Flip,8824.8366,NA,16.01740000000000,14.63760000000000,0.27970000000000,3.71460000000000,3.7587,8809.0756,16.0407,15.7610,0.2797,4.5704,14.9052,14.4109,0.4943,-0.6956,8809.0756,NA,14.2108,NA
SandFall-Win64-Shipping.exe,32396,0x27E295FDE80,DXGI,0,0,1,Hardware Composed: Independent Flip,8839.3321,NA,14.49550000000000,15.05450000000000,0.26460000000000,3.83550000000000,4.3177,8825.1163,14.4804,14.2158,0.2646,3.4349,14.6164,14.3525,0.2639,0.9862,8825.1163,NA,13.2719,NA
SandFall-Win64-Shipping.exe,32396,0x27E295FDE80,DXGI,0,0,1,Hardware Composed: Independent Flip,8852.2488,NA,12.91670000000000,13.76620000000000,0.54540000000000,5.12370000000000,5.1672,8839.5967,13.1975,12.6521,0.5454,3.5709,14.2049,14.1988,0.0061,0.7142,8839.5967,NA,10.0325,NA
SandFall-Win64-Shipping.exe,32396,0x27E295FDE80,DXGI,0,0,1,Hardware Composed: Independent Flip,8868.7032,NA,16.45440000000000,16.17770000000000,0.87440000000000,4.59820000000000,4.8905,8852.7942,16.7834,15.9090,0.8744,4.5783,15.9289,14.9509,0.9780,-2.9802,8852.7942,NA,12.2159,NA
SandFall-Win64-Shipping.exe,32396,0x27E295FDE80,DXGI,0,0,1,Hardware Composed: Independent Flip,8883.6250,NA,14.92180000000000,16.49660000000000,0.52960000000000,5.54320000000000,6.4653,8869.5776,14.5770,14.0474,0.5296,3.7238,15.8668,14.8671,0.9997,0.2868,8869.5776,NA,11.7075,NA
SandFall-Win64-Shipping.exe,32396,0x27E295FDE80,DXGI,0,0,1,Hardware Composed: Independent Flip,8898.6889,NA,15.06390000000000,13.84930000000000,0.28890000000000,5.22870000000000,5.2507,8884.1546,14.8232,14.5343,0.2889,5.0136,14.7494,14.6590,0.0904,0.7277,8884.1546,NA,9.5560,NA
SandFall-Win64-Shipping.exe,32396,0x27E295FDE80,DXGI,0,0,1,Hardware Composed: Independent Flip,8917.0081,NA,18.31920000000000,17.59940000000000,0.58630000000000,4.51800000000000,4.5309,8898.9778,18.6166,18.0303,0.5863,4.9398,17.6085,15.1092,2.4993,-2.7762,8898.9778,NA,11.1614,NA
SandFall-Win64-Shipping.exe,32396,0x27E295FDE80,DXGI,0,0,1,Hardware Composed: Independent Flip,8931.3872,NA,14.37910000000000,15.41780000000000,0.50100000000000,5.08100000000000,5.5696,8917.5944,14.2938,13.7928,0.5010,3.9317,14.9421,14.4817,0.4604,3.1988,8917.5944,NA,10.5769,NA
SandFall-Win64-Shipping.exe,32396,0x27E295FDE80,DXGI,0,0,1,Hardware Composed: Independent Flip,8946.9836,NA,15.59640000000000,15.48130000000000,0.26560000000000,5.44360000000000,5.4545,8931.8882,15.3610,15.0954,0.2656,4.5800,15.9590,14.5829,1.3761,-1.1875,8931.8882,NA,10.0592,NA
SandFall-Win64-Shipping.exe,32396,0x27E295FDE80,DXGI,0,0,1,Hardware Composed: Independent Flip,8962.6529,NA,15.66930000000000,17.26500000000000,0.30180000000000,5.47770000000000,7.0502,8947.2492,15.7055,15.4037,0.3018,5.1780,15.7034,14.5387,1.1647,-1.9040,8947.2492,NA,11.3246,NA
SandFall-Win64-Shipping.exe,32396,0x27E295FDE80,DXGI,0,0,1,Hardware Composed: Independent Flip,8979.5630,NA,16.91010000000000,15.23790000000000,0.54560000000000,5.30400000000000,5.3780,8962.9547,17.1539,16.6083,0.5456,5.1759,16.7364,14.7427,1.9937,0.4676,8962.9547,NA,10.5571,NA
SandFall-Win64-Shipping.exe,32396,0x27E295FDE80,DXGI,0,0,1,Hardware Composed: Independent Flip,8997.0234,NA,17.46040000000000,17.62320000000000,0.32660000000000,4.83950000000000,5.5408,8980.1086,17.2414,16.9148,0.3266,4.7584,16.9959,15.2413,1.7546,-0.4693,8980.1086,NA,12.1822,NA
SandFall-Win64-Shipping.exe,32396,0x27E295FDE80,DXGI,0,0,1,Hardware Composed: Independent Flip,9012.0634,NA,15.04000000000000,14.97140000000000,0.46780000000000,4.97200000000000,5.4722,8997.3500,15.1812,14.7134,0.4678,4.5129,15.1725,14.8282,0.3443,2.2700,8997.3500,NA,16.1478,NA
SandFall-Win64-Shipping.exe,32396,0x27E295FDE80,DXGI,0,0,1,Hardware Composed: Independent Flip,9026.6312,NA,14.56780000000000,13.92830000000000,0.39410000000000,4.78160000000000,4.8327,9012.5312,14.4941,14.1000,0.3941,4.5042,14.3774,13.8971,0.4803,1.2529,9012.5312,NA,14.0799,NA
SandFall-Win64-Shipping.exe,32396,0x27E295FDE80,DXGI,0,0,1,Hardware Composed: Independent Flip,9041.6087,NA,14.97750000000000,15.32210000000000,0.29990000000000,5.12470000000000,5.1773,9027.0253,14.8833,14.5834,0.2999,4.3875,15.3206,13.8966,1.4240,-0.8280,9027.0253,NA,NA,NA
SandFall-Win64-Shipping.exe,32396,0x27E295FDE80,DXGI,0,0,1,Hardware Composed: Independent Flip,9057.9759,NA,16.36720000000000,16.43780000000000,0.35440000000000,5.19970000000000,5.2479,9041.9086,16.4217,16.0673,0.3544,4.8248,16.4422,14.6422,1.8000,-1.5545,9041.9086,NA,14.8357,NA
SandFall-Win64-Shipping.exe,32396,0x27E295FDE80,DXGI,0,0,1,Hardware Composed: Independent Flip,9074.8084,NA,16.83250000000000,17.00330000000000,0.38800000000000,4.87170000000000,5.4187,9058.3303,16.8661,16.4781,0.3880,4.8453,16.5045,14.4866,2.0179,-0.5816,9058.3303,NA,11.8500,NA
SandFall-Win64-Shipping.exe,32396,0x27E295FDE80,DXGI,0,0,1,Hardware Composed: Independent Flip,9089.9565,NA,15.14810000000000,14.66210000000000,0.32240000000000,4.87320000000000,4.9327,9075.1964,15.0825,14.7601,0.3224,4.4837,15.1496,13.8805,1.2691,2.2040,9075.1964,NA,12.4993,NA
SandFall-Win64-Shipping.exe,32396,0x27E295FDE80,DXGI,0,0,1,Hardware Composed: Independent Flip,9105.4395,NA,15.48300000000000,15.17160000000000,0.30490000000000,4.60360000000000,4.6213,9090.2789,15.4655,15.1606,0.3049,4.5508,15.2134,13.8945,1.3189,-0.0891,9090.2789,NA,21.6703,NA
SandFall-Win64-Shipping.exe,32396,0x27E295FDE80,DXGI,0,0,1,Hardware Composed: Independent Flip,9121.5657,NA,16.12620000000000,17.09110000000000,0.43570000000000,4.93960000000000,5.5862,9105.7444,16.2570,15.8213,0.4357,4.2987,16.4622,14.1942,2.2680,-1.6256,9105.7444,NA,NA,NA
SandFall-Win64-Shipping.exe,32396,0x27E295FDE80,DXGI,0,0,1,Hardware Composed: Independent Flip,9136.6884,NA,15.12270000000000,14.73980000000000,0.37790000000000,4.85580000000000,5.2033,9122.0014,15.0649,14.6870,0.3779,4.5039,15.0389,13.7166,1.3223,1.5172,9122.0014,NA,NA,NA
SandFall-Win64-Shipping.exe,32396,0x27E295FDE80,DXGI,0,0,1,Hardware Composed: Independent Flip,9151.7827,NA,15.09430000000000,14.95960000000000,0.30270000000000,4.99390000000000,5.0686,9137.0663,15.0191,14.7164,0.3027,4.4779,15.2324,13.9792,1.2532,0.1053,9137.0663,NA,NA,NA
SandFall-Win64-Shipping.exe,32396,0x27E295FDE80,DXGI,0,0,1,Hardware Composed: Independent Flip,9167.5417,NA,15.75900000000000,16.03940000000000,0.37930000000000,4.90530000000000,5.3490,9152.0854,15.8356,15.4563,0.3793,4.6912,15.6704,14.0561,1.6143,-1.0203,9152.0854,NA,NA,NA
SandFall-Win64-Shipping.exe,32396,0x27E295FDE80,DXGI,0,0,1,Hardware Composed: Independent Flip,9183.8425,NA,16.30080000000000,15.25560000000000,0.52730000000000,4.23110000000000,4.3038,9167.9210,16.4488,15.9215,0.5273,4.5260,15.6266,14.1099,1.5167,0.5800,9167.9210,NA,NA,NA
SandFall-Win64-Shipping.exe,32396,0x27E295FDE80,DXGI,0,0,1,Hardware Composed: Independent Flip,9198.1672,NA,14.32470000000000,14.75560000000000,0.55480000000000,4.68570000000000,4.7347,9184.3698,14.3522,13.7974,0.5548,3.7038,14.7793,13.7877,0.9916,1.6932,9184.3698,NA,NA,NA
SandFall-Win64-Shipping.exe,32396,0x27E295FDE80,DXGI,0,0,1,Hardware Composed: Independent Flip,9212.7979,NA,14.63070000000000,14.73340000000000,0.55190000000000,4.76360000000000,4.8374,9198.7220,14.6278,14.0759,0.5519,4.1309,14.7086,13.7289,0.9797,-0.3812,9198.7220,NA,NA,NA
SandFall-Win64-Shipping.exe,32396,0x27E295FDE80,DXGI,0,0,1,Hardware Composed: Independent Flip,9227.8771,NA,15.07920000000000,15.07500000000000,0.32370000000000,4.79850000000000,4.8332,9213.3498,14.8510,14.5273,0.3237,4.2117,15.1141,13.8697,1.2444,-0.4472,9213.3498,NA,10.3296,NA
SandFall-Win64-Shipping.exe,32396,0x27E295FDE80,DXGI,0,0,1,Hardware Composed: Independent Flip,9243.4772,NA,15.60010000000000,15.18730000000000,0.52220000000000,4.37550000000000,4.4204,9228.2008,15.7986,15.2764,0.5222,4.4748,15.1771,13.6602,1.5169,-0.3363,9228.2008,NA,12.5085,NA
SandFall-Win64-Shipping.exe,32396,0x27E295FDE80,DXGI,0,0,1,Hardware Composed: Independent Flip,9260.0767,NA,16.59950000000000,16.01790000000000,0.29230000000000,3.66860000000000,3.8388,9243.9994,16.3696,16.0773,0.2923,3.8533,15.8926,14.1076,1.7850,-0.2193,9243.9994,NA,11.5329,NA
SandFall-Win64-Shipping.exe,32396,0x27E295FDE80,DXGI,0,0,1,Hardware Composed: Independent Flip,9274.7099,NA,14.63320000000000,14.74560000000000,0.30110000000000,3.90580000000000,3.9512,9260.3690,14.6420,14.3409,0.3011,3.3763,14.8704,13.9841,0.8863,1.6240,9260.3690,NA,11.2826,NA
SandFall-Win64-Shipping.exe,32396,0x27E295FDE80,DXGI,0,0,1,Hardware Composed: Independent Flip,9289.4262,NA,14.71630000000000,15.03250000000000,0.36970000000000,4.20130000000000,4.2674,9275.0110,14.7849,14.4152,0.3697,3.6047,15.0118,14.1322,0.8796,-0.3905,9275.0110,NA,11.3146,NA
SandFall-Win64-Shipping.exe,32396,0x27E295FDE80,DXGI,0,0,1,Hardware Composed: Independent Flip,9303.7701,NA,14.34390000000000,14.55320000000000,0.37060000000000,3.98410000000000,4.4767,9289.7959,14.3448,13.9742,0.3706,3.8316,14.1267,13.9068,0.2199,0.2317,9289.7959,NA,11.8642,NA
SandFall-Win64-Shipping.exe,32396,0x27E295FDE80,DXGI,0,0,1,Hardware Composed: Independent Flip,9320.0379,NA,16.26780000000000,15.37490000000000,0.27070000000000,3.49380000000000,3.5838,9304.1407,16.1679,15.8972,0.2707,3.6135,15.7775,14.5345,1.2430,-1.0301,9304.1407,NA,12.2403,NA
SandFall-Win64-Shipping.exe,32396,0x27E295FDE80,DXGI,0,0,1,Hardware Composed: Independent Flip,9334.8334,NA,14.79550000000000,15.32440000000000,0.26730000000000,3.41850000000000,4.1127,9320.3086,14.7921,14.5248,0.2673,3.2231,14.7202,14.7137,0.0065,0.8435,9320.3086,NA,12.5601,NA
SandFall-Win64-Shipping.exe,32396,0x27E295FDE80,DXGI,0,0,1,Hardware Composed: Independent Flip,9350.7999,NA,15.96650000000000,16.71490000000000,0.25890000000000,4.75050000000000,4.8611,9335.1007,15.9581,15.6992,0.2589,3.1512,17.2985,14.5441,2.7544,-1.9228,9335.1007,NA,15.2803,NA
SandFall-Win64-Shipping.exe,32396,0x27E295FDE80,DXGI,0,0,1,Hardware Composed: Independent Flip,9365.3889,NA,14.58900000000000,14.46660000000000,0.34880000000000,4.04060000000000,4.7387,9351.0588,14.6789,14.3301,0.3488,4.4916,13.8791,13.8745,0.0046,1.4915,9351.0588,NA,14.7413,NA
SandFall-Win64-Shipping.exe,32396,0x27E295FDE80,DXGI,0,0,1,Hardware Composed: Independent Flip,9381.0814,NA,15.69250000000000,15.60130000000000,0.25190000000000,4.57340000000000,4.6475,9365.7377,15.5956,15.3437,0.2519,3.6918,16.2253,15.0544,1.1709,-0.9224,9365.7377,NA,15.3463,NA
SandFall-Win64-Shipping.exe,32396,0x27E295FDE80,DXGI,0,0,1,Hardware Composed: Independent Flip,9395.4354,NA,14.35400000000000,15.45160000000000,0.27480000000000,3.96550000000000,5.7451,9381.3333,14.3769,14.1021,0.2748,4.3215,13.7461,13.7410,0.0051,0.1440,9381.3333,NA,15.7981,NA
SandFall-Win64-Shipping.exe,32396,0x27E295FDE80,DXGI,0,0,1,Hardware Composed: Independent Flip,9409.9500,NA,14.51460000000000,13.50390000000000,0.26650000000000,4.66320000000000,4.7344,9395.7102,14.5063,14.2398,0.2665,3.6907,15.2123,15.2085,0.0038,0.8730,9395.7102,NA,14.2976,NA
SandFall-Win64-Shipping.exe,32396,0x27E295FDE80,DXGI,0,0,1,Hardware Composed: Independent Flip,9424.5759,NA,14.62590000000000,15.92500000000000,0.27230000000000,4.19570000000000,6.0335,9410.2165,14.6317,14.3594,0.2723,4.3967,14.1584,14.1532,0.0052,-1.4187,9410.2165,NA,15.2274,NA
SandFall-Win64-Shipping.exe,32396,0x27E295FDE80,DXGI,0,0,1,Hardware Composed: Independent Flip,9440.0806,NA,15.50470000000000,13.67170000000000,0.40260000000000,4.11840000000000,4.2005,9424.8482,15.6350,15.2324,0.4026,3.9234,15.4274,15.1424,0.2850,0.9600,9424.8482,NA,12.8914,NA
SandFall-Win64-Shipping.exe,32396,0x27E295FDE80,DXGI,0,0,1,Hardware Composed: Independent Flip,9459.3633,NA,19.28270000000000,19.32700000000000,0.36570000000000,3.58730000000000,4.2448,9440.4832,19.2458,18.8801,0.3657,3.7158,18.7516,16.3250,2.4266,-3.6920,9440.4832,NA,17.2146,NA
SandFall-Win64-Shipping.exe,32396,0x27E295FDE80,DXGI,0,0,1,Hardware Composed: Independent Flip,9476.6451,NA,17.28180000000000,19.42940000000000,0.27580000000000,4.18330000000000,6.3924,9459.7290,17.1919,16.9161,0.2758,3.2216,17.8778,16.4543,1.4235,-0.1836,9459.7290,NA,20.6482,NA
SandFall-Win64-Shipping.exe,32396,0x27E295FDE80,DXGI,0,0,1,Hardware Composed: Independent Flip,9493.4725,NA,16.82740000000000,14.94140000000000,0.27860000000000,4.41480000000000,4.5064,9476.9209,16.8302,16.5516,0.2786,3.9075,17.0589,16.1678,0.8911,2.2505,9476.9209,NA,20.5933,NA
SandFall-Win64-Shipping.exe,32396,0x27E295FDE80,DXGI,0,0,1,Hardware Composed: Independent Flip,9511.4710,NA,17.99850000000000,17.61610000000000,0.29510000000000,4.05160000000000,4.1240,9493.7511,18.0150,17.7199,0.2951,4.1362,17.6353,16.0650,1.5703,-0.7859,9493.7511,NA,9.1992,NA
SandFall-Win64-Shipping.exe,32396,0x27E295FDE80,DXGI,0,0,1,Hardware Composed: Independent Flip,9526.4169,NA,14.94590000000000,15.68860000000000,0.28830000000000,4.78470000000000,4.8667,9511.7661,14.9391,14.6508,0.2883,3.7565,15.6790,15.4830,0.1960,2.3264,9511.7661,NA,6.8947,NA
SandFall-Win64-Shipping.exe,32396,0x27E295FDE80,DXGI,0,0,1,Hardware Composed: Independent Flip,9541.3426,NA,14.92570000000000,14.90170000000000,0.27010000000000,4.75150000000000,4.8427,9526.7052,14.9075,14.6374,0.2701,4.4964,14.8925,14.8846,0.0079,0.0374,9526.7052,NA,NA,NA
SandFall-Win64-Shipping.exe,32396,0x27E295FDE80,DXGI,0,0,1,Hardware Composed: Independent Flip,9556.6375,NA,15.29490000000000,16.12600000000000,0.27030000000000,4.63410000000000,5.6738,9541.6127,15.2951,15.0248,0.2703,4.4814,15.1775,15.1666,0.0109,-1.2185,9541.6127,NA,23.9229,NA
SandFall-Win64-Shipping.exe,32396,0x27E295FDE80,DXGI,0,0,1,Hardware Composed: Independent Flip,9573.0676,NA,16.43010000000000,15.18660000000000,0.33970000000000,4.34820000000000,4.4303,9556.9078,16.4995,16.1598,0.3397,4.3638,16.1442,15.4638,0.6804,0.1085,9556.9078,NA,24.1156,NA
SandFall-Win64-Shipping.exe,32396,0x27E295FDE80,DXGI,0,0,1,Hardware Composed: Independent Flip,9588.5468,NA,15.47920000000000,16.04260000000000,0.25650000000000,4.56880000000000,4.9937,9573.4073,15.3960,15.1395,0.2565,4.0085,15.6998,15.6930,0.0068,0.4569,9573.4073,NA,29.1470,NA
SandFall-Win64-Shipping.exe,32396,0x27E295FDE80,DXGI,0,0,1,Hardware Composed: Independent Flip,9602.6282,NA,14.08140000000000,13.95960000000000,0.28290000000000,4.79000000000000,4.8719,9588.8033,14.1078,13.8249,0.2829,4.3123,14.3026,14.2976,0.0050,1.4364,9588.8033,NA,29.1015,NA
SandFall-Win64-Shipping.exe,32396,0x27E295FDE80,DXGI,0,0,1,Hardware Composed: Independent Flip,9616.4027,NA,13.77450000000000,14.29020000000000,0.30090000000000,5.31770000000000,5.3876,9602.9111,13.7925,13.4916,0.3009,4.5071,14.3022,14.2982,0.0040,-0.1824,9602.9111,NA,14.3969,NA
SandFall-Win64-Shipping.exe,32396,0x27E295FDE80,DXGI,0,0,1,Hardware Composed: Independent Flip,9630.2330,NA,13.83030000000000,14.76180000000000,0.82350000000000,6.12350000000000,6.3191,9616.7036,14.3529,13.5294,0.8235,5.0168,14.6361,14.6311,0.0050,-0.9693,9616.7036,NA,NA,NA
SandFall-Win64-Shipping.exe,32396,0x27E295FDE80,DXGI,0,0,1,Hardware Composed: Independent Flip,9645.2302,NA,14.99720000000000,14.34360000000000,0.34250000000000,5.60200000000000,5.6655,9631.0565,14.5162,14.1737,0.3425,5.3000,14.4757,14.4706,0.0051,0.0093,9631.0565,NA,NA,NA
SandFall-Win64-Shipping.exe,32396,0x27E295FDE80,DXGI,0,0,1,Hardware Composed: Independent Flip,9662.9011,NA,17.67090000000000,15.87930000000000,0.56760000000000,3.82070000000000,3.8739,9645.5727,17.8960,17.3284,0.5676,5.2595,15.8896,14.5558,1.3338,-1.3631,9645.5727,NA,NA,NA
SandFall-Win64-Shipping.exe,32396,0x27E295FDE80,DXGI,0,0,1,Hardware Composed: Independent Flip,9680.9946,NA,18.09350000000000,18.03010000000000,0.30640000000000,3.75710000000000,3.8105,9663.4687,17.8323,17.5259,0.3064,3.2531,18.0299,15.6866,2.3433,-0.1341,9663.4687,NA,NA,NA
SandFall-Win64-Shipping.exe,32396,0x27E295FDE80,DXGI,0,0,1,Hardware Composed: Independent Flip,9694.2466,NA,13.25200000000000,15.08510000000000,0.38790000000000,4.60200000000000,5.6436,9681.3010,13.3335,12.9456,0.3879,3.4507,14.0969,14.0048,0.0921,2.7472,9681.3010,NA,NA,NA
SandFall-Win64-Shipping.exe,32396,0x27E295FDE80,DXGI,0,0,1,Hardware Composed: Independent Flip,9711.1586,NA,16.91200000000000,15.43840000000000,0.39660000000000,4.07480000000000,4.1700,9694.6345,16.9207,16.5241,0.3966,4.2141,16.3848,14.4333,1.9515,-2.1049,9694.6345,NA,NA,NA
SandFall-Win64-Shipping.exe,32396,0x27E295FDE80,DXGI,0,0,1,Hardware Composed: Independent Flip,9732.0369,NA,20.87830000000000,21.21080000000000,0.41200000000000,3.28780000000000,4.5025,9711.5552,20.8937,20.4817,0.4120,3.6782,20.0913,15.4546,4.6367,-4.2901,9711.5552,NA,NA,NA
SandFall-Win64-Shipping.exe,32396,0x27E295FDE80,DXGI,0,0,1,Hardware Composed: Independent Flip,9750.8233,NA,18.78640000000000,19.82910000000000,0.25810000000000,5.47290000000000,5.5452,9732.4489,18.6325,18.3744,0.2581,2.8758,20.9715,16.8884,4.0831,1.0646,9732.4489,NA,NA,NA
SandFall-Win64-Shipping.exe,32396,0x27E295FDE80,DXGI,0,0,1,Hardware Composed: Independent Flip,9768.0100,NA,17.18670000000000,16.01640000000000,0.28530000000000,3.93070000000000,4.3749,9751.0814,17.2139,16.9286,0.2853,5.2148,15.6445,14.6456,0.9989,2.6161,9751.0814,NA,NA,NA
SandFall-Win64-Shipping.exe,32396,0x27E295FDE80,DXGI,0,0,1,Hardware Composed: Independent Flip,9782.7682,NA,14.75820000000000,15.08150000000000,0.26240000000000,4.63170000000000,4.6982,9768.2953,14.7353,14.4729,0.2624,3.6454,15.4592,14.5899,0.8693,2.1324,9768.2953,NA,NA,NA
SandFall-Win64-Shipping.exe,32396,0x27E295FDE80,DXGI,0,0,1,Hardware Composed: Independent Flip,9796.6422,NA,13.87400000000000,14.07380000000000,0.27150000000000,4.83150000000000,4.8980,9783.0306,13.8831,13.6116,0.2715,4.3693,14.0738,14.0686,0.0052,0.6615,9783.0306,NA,NA,NA
SandFall-Win64-Shipping.exe,32396,0x27E295FDE80,DXGI,0,0,1,Hardware Composed: Independent Flip,9810.2261,NA,13.58390000000000,13.75980000000000,0.27120000000000,4.97830000000000,5.0739,9796.9137,13.5836,13.3124,0.2712,4.5600,13.7307,13.7249,0.0058,0.1233,9796.9137,NA,NA,NA
SandFall-Win64-Shipping.exe,32396,0x27E295FDE80,DXGI,0,0,1,Hardware Composed: Independent Flip,9825.5789,NA,15.35280000000000,14.63870000000000,0.27520000000000,4.28900000000000,4.3598,9810.4973,15.3568,15.0816,0.2752,4.7071,14.6635,14.5418,0.1217,-1.0551,9810.4973,NA,NA,NA
SandFall-Win64-Shipping.exe,32396,0x27E295FDE80,DXGI,0,0,1,Hardware Composed: Independent Flip,9842.8608,NA,17.28190000000000,17.22380000000000,0.26370000000000,4.03560000000000,4.3017,9825.8541,17.2704,17.0067,0.2637,4.0138,17.0285,14.7097,2.3188,-1.8670,9825.8541,NA,NA,NA
SandFall-Win64-Shipping.exe,32396,0x27E295FDE80,DXGI,0,0,1,Hardware Composed: Independent Flip,9860.9659,NA,18.10510000000000,18.52720000000000,0.26430000000000,3.69570000000000,4.7238,9843.1245,18.1057,17.8414,0.2643,3.7719,17.7652,14.7485,3.0167,-1.2568,9843.1245,NA,22.2937,NA
SandFall-Win64-Shipping.exe,32396,0x27E295FDE80,DXGI,0,0,1,Hardware Composed: Independent Flip,9879.9036,NA,18.93770000000000,18.44980000000000,0.35290000000000,4.15950000000000,4.2359,9861.2302,19.0263,18.6734,0.3529,3.4314,19.4015,14.9491,4.4524,-0.3441,9861.2302,NA,7.7548,NA
SandFall-Win64-Shipping.exe,32396,0x27E295FDE80,DXGI,0,0,1,Hardware Composed: Independent Flip,9899.2222,NA,19.31860000000000,20.17770000000000,0.32830000000000,4.08860000000000,5.0950,9880.2565,19.2940,18.9657,0.3283,3.8066,19.2477,15.0197,4.2280,-1.1514,9880.2565,NA,14.9252,NA
SandFall-Win64-Shipping.exe,32396,0x27E295FDE80,DXGI,0,0,1,Hardware Composed: Independent Flip,9916.7113,NA,17.48910000000000,16.89550000000000,0.27880000000000,4.46730000000000,4.5014,9899.5505,17.4396,17.1608,0.2788,3.7603,17.8678,15.7122,2.1556,2.3985,9899.5505,NA,14.8217,NA
SandFall-Win64-Shipping.exe,32396,0x27E295FDE80,DXGI,0,0,1,Hardware Composed: Independent Flip,9934.8421,NA,18.13080000000000,18.14610000000000,0.26620000000000,4.43480000000000,4.5167,9916.9901,18.1182,17.8520,0.2662,4.1885,18.0983,15.2202,2.8781,-0.7065,9916.9901,NA,17.9669,NA
SandFall-Win64-Shipping.exe,32396,0x27E295FDE80,DXGI,0,0,1,Hardware Composed: Independent Flip,9955.2861,NA,20.44400000000000,20.47160000000000,0.28060000000000,3.84700000000000,4.5443,9935.1083,20.4584,20.1778,0.2806,4.1686,19.8562,16.1182,3.7380,-2.3534,9935.1083,NA,21.4382,NA
SandFall-Win64-Shipping.exe,32396,0x27E295FDE80,DXGI,0,0,1,Hardware Composed: Independent Flip,9967.3630,NA,12.07690000000000,15.67610000000000,0.27280000000000,7.66940000000000,8.1435,9955.5667,12.0691,11.7963,0.2728,3.5664,15.8993,15.8926,0.0067,4.7823,9955.5667,NA,23.1141,NA
SandFall-Win64-Shipping.exe,32396,0x27E295FDE80,DXGI,0,0,1,Hardware Composed: Independent Flip,9978.5434,NA,11.18040000000000,14.19470000000000,0.33240000000000,11.08200000000000,11.1578,9967.6358,11.2400,10.9076,0.3324,7.3966,14.5930,14.5879,0.0051,-2.1256,9967.6358,NA,26.3041,NA
SandFall-Win64-Shipping.exe,32396,0x27E295FDE80,DXGI,0,0,1,Hardware Composed: Independent Flip,9992.5980,NA,14.05460000000000,15.39780000000000,0.28760000000000,12.42550000000000,12.5010,9978.8758,14.0098,13.7222,0.2876,10.7496,15.3981,15.3935,0.0046,-4.1578,9978.8758,NA,NA,NA
SandFall-Win64-Shipping.exe,32396,0x27E295FDE80,DXGI,0,0,1,Hardware Composed: Independent Flip,10008.3887,NA,15.79070000000000,15.09230000000000,0.42960000000000,11.49760000000000,11.8026,9992.8856,15.9327,15.5031,0.4296,12.1379,14.8628,14.8581,0.0047,-1.0825,9992.8856,NA,29.8009,NA
SandFall-Win64-Shipping.exe,32396,0x27E295FDE80,DXGI,0,0,1,Hardware Composed: Independent Flip,10022.7354,NA,14.34670000000000,14.78500000000000,0.30790000000000,12.16550000000000,12.2409,10008.8183,14.2250,13.9171,0.3079,11.0680,15.0146,15.0087,0.0059,1.1477,10008.8183,NA,19.5668,NA
SandFall-Win64-Shipping.exe,32396,0x27E295FDE80,DXGI,0,0,1,Hardware Composed: Independent Flip,10042.0203,NA,19.28490000000000,15.56670000000000,0.28300000000000,8.05150000000000,8.5227,10023.0433,19.2600,18.9770,0.2830,11.8576,15.1709,15.1648,0.0061,-1.3417,10023.0433,NA,15.1542,NA
SandFall-Win64-Shipping.exe,32396,0x27E295FDE80,DXGI,0,0,1,Hardware Composed: Independent Flip,10056.7816,NA,14.76130000000000,14.60580000000000,0.30450000000000,8.28470000000000,8.3672,10042.3033,14.7828,14.4783,0.3045,7.7685,14.9945,14.9898,0.0047,4.6542,10042.3033,NA,12.7619,NA
SandFall-Win64-Shipping.exe,32396,0x27E295FDE80,DXGI,0,0,1,Hardware Composed: Independent Flip,10076.4425,NA,19.66090000000000,16.06200000000000,0.39440000000000,4.69250000000000,4.7683,10057.0861,19.7508,19.3564,0.3944,7.9802,16.0687,16.0642,0.0045,-1.2792,10057.0861,NA,13.8220,NA
SandFall-Win64-Shipping.exe,32396,0x27E295FDE80,DXGI,0,0,1,Hardware Composed: Independent Flip,10092.1122,NA,15.66970000000000,16.57760000000000,0.50870000000000,5.00430000000000,5.6762,10076.8369,15.7840,15.2753,0.5087,4.2981,15.9815,15.9757,0.0058,3.1732,10076.8369,NA,10.3932,NA
SandFall-Win64-Shipping.exe,32396,0x27E295FDE80,DXGI,0,0,1,Hardware Composed: Independent Flip,10109.1429,NA,17.03070000000000,16.27130000000000,0.32670000000000,4.84270000000000,4.9168,10092.6209,16.8487,16.5220,0.3267,4.4956,16.8691,16.2250,0.6441,-0.4873,10092.6209,NA,7.6762,NA
SandFall-Win64-Shipping.exe,32396,0x27E295FDE80,DXGI,0,0,1,Hardware Composed: Independent Flip,10127.4654,NA,18.32250000000000,18.10840000000000,0.35140000000000,4.15960000000000,4.7027,10109.4696,18.3472,17.9958,0.3514,4.5160,17.6394,15.8942,1.7452,-1.2597,10109.4696,NA,7.7710,NA
SandFall-Win64-Shipping.exe,32396,0x27E295FDE80,DXGI,0,0,1,Hardware Composed: Independent Flip,10146.3186,NA,18.85320000000000,18.63040000000000,0.41160000000000,4.40420000000000,4.4799,10127.8168,18.9134,18.5018,0.4116,3.8082,19.0978,16.6543,2.4435,-0.2832,10127.8168,NA,9.4047,NA
SandFall-Win64-Shipping.exe,32396,0x27E295FDE80,DXGI,0,0,1,Hardware Composed: Independent Flip,10166.3933,NA,20.07470000000000,20.51250000000000,0.30830000000000,4.11680000000000,4.9177,10146.7302,19.9714,19.6631,0.3083,3.9926,19.7873,16.3643,3.4230,-1.5991,10146.7302,NA,12.9236,NA
SandFall-Win64-Shipping.exe,32396,0x27E295FDE80,DXGI,0,0,1,Hardware Composed: Independent Flip,10182.2797,NA,15.88640000000000,16.18220000000000,0.34400000000000,5.14220000000000,5.2135,10166.7016,15.9221,15.5781,0.3440,3.8085,16.9118,16.0170,0.8948,3.7892,10166.7016,NA,11.0996,NA
SandFall-Win64-Shipping.exe,32396,0x27E295FDE80,DXGI,0,0,1,Hardware Composed: Independent Flip,10198.8879,NA,16.60820000000000,16.44150000000000,0.33510000000000,4.97440000000000,5.0468,10182.6237,16.5993,16.2642,0.3351,4.7982,16.4404,16.4215,0.0189,-0.5194,10182.6237,NA,11.5471,NA
SandFall-Win64-Shipping.exe,32396,0x27E295FDE80,DXGI,0,0,1,Hardware Composed: Independent Flip,10212.8010,NA,13.91310000000000,16.93910000000000,0.29090000000000,6.68340000000000,8.0728,10199.2230,13.8689,13.5780,0.2909,4.6393,15.6221,15.6078,0.0143,-0.3398,10199.2230,NA,10.4848,NA
SandFall-Win64-Shipping.exe,32396,0x27E295FDE80,DXGI,0,0,1,Hardware Composed: Independent Flip,10227.5146,NA,14.71360000000000,14.73940000000000,0.31500000000000,7.95620000000000,8.0986,10213.0919,14.7377,14.4227,0.3150,6.3925,15.9864,15.9789,0.0075,-0.8705,10213.0919,NA,8.2319,NA
SandFall-Win64-Shipping.exe,32396,0x27E295FDE80,DXGI,0,0,1,Hardware Composed: Independent Flip,10243.1538,NA,15.63920000000000,16.97880000000000,0.27400000000000,8.33570000000000,9.4382,10227.8296,15.5982,15.3242,0.2740,7.6412,16.0187,16.0113,0.0074,-2.2411,10227.8296,NA,NA,NA
SandFall-Win64-Shipping.exe,32396,0x27E295FDE80,DXGI,0,0,1,Hardware Composed: Independent Flip,10259.3754,NA,16.22160000000000,15.15390000000000,0.29650000000000,8.27450000000000,8.3705,10243.4278,16.2441,15.9476,0.2965,8.0617,16.1604,16.1552,0.0052,0.4443,10243.4278,NA,23.3498,NA
SandFall-Win64-Shipping.exe,32396,0x27E295FDE80,DXGI,0,0,1,Hardware Composed: Independent Flip,10275.8747,NA,16.49930000000000,16.59970000000000,0.27430000000000,8.39710000000000,8.4709,10259.6719,16.4771,16.2028,0.2743,7.9780,16.6219,16.6161,0.0058,-0.3556,10259.6719,NA,22.9539,NA
SandFall-Win64-Shipping.exe,32396,0x27E295FDE80,DXGI,0,0,1,Hardware Composed: Independent Flip,10295.1438,NA,19.26910000000000,18.11190000000000,0.26090000000000,6.37700000000000,7.3137,10276.1490,19.2557,18.9948,0.2609,8.1228,17.2490,17.2441,0.0049,-1.6348,10276.1490,NA,25.0647,NA
SandFall-Win64-Shipping.exe,32396,0x27E295FDE80,DXGI,0,0,1,Hardware Composed: Independent Flip,10313.2405,NA,18.09670000000000,16.32290000000000,0.25420000000000,5.46300000000000,5.5399,10295.4047,18.0900,17.8358,0.2542,6.1161,17.1827,17.1721,0.0106,2.9328,10295.4047,NA,22.3853,NA
SandFall-Win64-Shipping.exe,32396,0x27E295FDE80,DXGI,0,0,1,Hardware Composed: Independent Flip,10330.5942,NA,17.35370000000000,17.70560000000000,0.32560000000000,5.80340000000000,5.8918,10313.4947,17.4251,17.0995,0.3256,5.2088,17.6941,17.6886,0.0055,0.3844,10313.4947,NA,22.0344,NA
SandFall-Win64-Shipping.exe,32396,0x27E295FDE80,DXGI,0,0,1,Hardware Composed: Independent Flip,10347.6744,NA,17.08020000000000,16.79320000000000,0.24670000000000,5.53150000000000,5.6048,10330.9198,17.0013,16.7546,0.2467,5.4778,16.8083,16.8061,0.0022,0.6319,10330.9198,NA,22.8966,NA
SandFall-Win64-Shipping.exe,32396,0x27E295FDE80,DXGI,0,0,1,Hardware Composed: Independent Flip,10364.3199,NA,16.64550000000000,15.94620000000000,0.33380000000000,4.83030000000000,4.9055,10347.9211,16.7326,16.3988,0.3338,5.2848,15.9443,15.9424,0.0019,1.0551,10347.9211,NA,19.8380,NA
SandFall-Win64-Shipping.exe,32396,0x27E295FDE80,DXGI,0,0,1,Hardware Composed: Independent Flip,10380.4996,NA,16.17970000000000,16.73570000000000,0.27710000000000,5.01560000000000,5.4615,10364.6537,16.1230,15.8459,0.2771,4.4965,16.3650,16.3581,0.0069,-0.0031,10364.6537,NA,16.5784,NA
SandFall-Win64-Shipping.exe,32396,0x27E295FDE80,DXGI,0,0,1,Hardware Composed: Independent Flip,10393.9448,NA,13.44520000000000,15.90350000000000,0.31610000000000,7.87140000000000,7.9198,10380.7767,13.4842,13.1681,0.3161,4.7385,16.3010,16.2963,0.0047,0.2195,10380.7767,NA,12.4826,NA
SandFall-Win64-Shipping.exe,32396,0x27E295FDE80,DXGI,0,0,1,Hardware Composed: Independent Flip,10411.0967,NA,17.15190000000000,16.41190000000000,0.27990000000000,7.13820000000000,7.1798,10394.2609,17.1157,16.8358,0.2799,7.5553,16.4187,16.0771,0.3416,-2.9277,10394.2609,NA,9.8916,NA
SandFall-Win64-Shipping.exe,32396,0x27E295FDE80,DXGI,0,0,1,Hardware Composed: Independent Flip,10432.7634,NA,21.66670000000000,20.51960000000000,0.31480000000000,5.80250000000000,6.0327,10411.3766,21.7016,21.3868,0.3148,6.8583,20.3310,16.7141,3.6169,-3.4039,10411.3766,NA,12.4147,NA
SandFall-Win64-Shipping.exe,32396,0x27E295FDE80,DXGI,0,0,1,Hardware Composed: Independent Flip,10449.9400,NA,17.17660000000000,17.86420000000000,0.30430000000000,6.63210000000000,6.7203,10433.0782,17.1661,16.8618,0.3043,5.4877,18.0062,16.5972,1.4090,3.8374,10433.0782,NA,15.2773,NA
SandFall-Win64-Shipping.exe,32396,0x27E295FDE80,DXGI,0,0,1,Hardware Composed: Independent Flip,10468.2444,NA,18.30440000000000,17.92320000000000,0.31040000000000,6.25860000000000,6.3391,10450.2443,18.3105,18.0001,0.3104,6.3278,17.9309,16.3897,1.5412,-0.7571,10450.2443,NA,12.1993,NA
SandFall-Win64-Shipping.exe,32396,0x27E295FDE80,DXGI,0,0,1,Hardware Composed: Independent Flip,10487.8629,NA,19.61850000000000,20.31040000000000,0.38870000000000,5.92010000000000,7.0310,10468.5548,19.6968,19.3081,0.3887,5.9482,19.2800,17.3649,1.9151,-1.9999,10468.5548,NA,14.5105,NA
SandFall-Win64-Shipping.exe,32396,0x27E295FDE80,DXGI,0,0,1,Hardware Composed: Independent Flip,10506.1390,NA,18.27610000000000,16.58850000000000,0.28520000000000,5.22980000000000,5.3434,10488.2516,18.1726,17.8874,0.2852,5.5314,17.5858,16.1469,1.4389,3.1083,10488.2516,NA,12.1005,NA
SandFall-Win64-Shipping.exe,32396,0x27E295FDE80,DXGI,0,0,1,Hardware Composed: Independent Flip,10528.1740,NA,22.03500000000000,20.03030000000000,0.30780000000000,3.26110000000000,3.3387,10506.4242,22.0576,21.7498,0.3078,4.9446,20.0663,16.8709,3.1954,-1.8577,10506.4242,NA,25.1285,NA
SandFall-Win64-Shipping.exe,32396,0x27E295FDE80,DXGI,0,0,1,Hardware Composed: Independent Flip,10544.9984,NA,16.82440000000000,19.18450000000000,0.56620000000000,3.85720000000000,5.6988,10528.4818,17.0828,16.5166,0.5662,2.9533,17.4205,16.5827,0.8378,2.8731,10528.4818,NA,29.3015,NA
SandFall-Win64-Shipping.exe,32396,0x27E295FDE80,DXGI,0,0,1,Hardware Composed: Independent Flip,10562.3032,NA,17.30480000000000,15.37100000000000,0.45490000000000,3.74950000000000,3.7650,10545.5646,17.1935,16.7386,0.4549,3.2910,17.1971,15.2513,1.9458,1.7118,10545.5646,NA,NA,NA
SandFall-Win64-Shipping.exe,32396,0x27E295FDE80,DXGI,0,0,1,Hardware Composed: Independent Flip,10582.0174,NA,19.71420000000000,19.92410000000000,0.28060000000000,3.89520000000000,3.9749,10562.7581,19.5399,19.2593,0.2806,3.2946,19.8599,16.7694,3.0905,-2.7306,10562.7581,NA,NA,NA
SandFall-Win64-Shipping.exe,32396,0x27E295FDE80,DXGI,0,0,1,Hardware Composed: Independent Flip,10596.0629,NA,14.04550000000000,15.47710000000000,0.41790000000000,5.31400000000000,5.4065,10582.2980,14.1828,13.7649,0.4179,3.6146,15.4643,15.2642,0.2001,4.0628,10582.2980,NA,NA,NA
SandFall-Win64-Shipping.exe,32396,0x27E295FDE80,DXGI,0,0,1,Hardware Composed: Independent Flip,10612.9667,NA,16.90380000000000,17.04020000000000,0.36410000000000,5.52500000000000,5.5429,10596.4808,16.8500,16.4859,0.3641,4.8961,17.1148,15.3565,1.7583,-2.8574,10596.4808,NA,21.0202,NA
SandFall-Win64-Shipping.exe,32396,0x27E295FDE80,DXGI,0,0,1,Hardware Composed: Independent Flip,10630.2646,NA,17.29790000000000,18.99860000000000,0.38900000000000,4.90320000000000,7.2436,10613.3308,17.3228,16.9338,0.3890,5.1609,16.6761,15.2414,1.4347,-2.1486,10613.3308,NA,18.1189,NA
SandFall-Win64-Shipping.exe,32396,0x27E295FDE80,DXGI,0,0,1,Hardware Composed: Independent Flip,10647.7200,NA,17.45540000000000,16.27270000000000,0.37480000000000,6.03310000000000,6.0609,10630.6536,17.4412,17.0664,0.3748,4.5142,18.5853,15.9324,2.6529,1.0501,10630.6536,NA,NA,NA
SandFall-Win64-Shipping.exe,32396,0x27E295FDE80,DXGI,0,0,1,Hardware Composed: Independent Flip,10665.1316,NA,17.41160000000000,18.54490000000000,0.44220000000000,5.87010000000000,7.1942,10648.0948,17.4790,17.0368,0.4422,5.6583,17.2486,15.4941,1.7545,-1.1037,10648.0948,NA,24.9359,NA
SandFall-Win64-Shipping.exe,32396,0x27E295FDE80,DXGI,0,0,1,Hardware Composed: Independent Flip,10681.9137,NA,16.78210000000000,14.97020000000000,0.28780000000000,5.37000000000000,5.3823,10665.5738,16.6277,16.3399,0.2878,5.4279,16.2820,15.1682,1.1138,2.5088,10665.5738,NA,NA,NA
SandFall-Win64-Shipping.exe,32396,0x27E295FDE80,DXGI,0,0,1,Hardware Composed: Independent Flip,10701.2502,NA,19.33650000000000,17.88100000000000,0.34860000000000,3.74770000000000,3.9268,10682.2015,19.3973,19.0487,0.3486,5.0822,17.7142,15.5355,2.1787,-1.2533,10682.2015,NA,12.7874,NA
SandFall-Win64-Shipping.exe,32396,0x27E295FDE80,DXGI,0,0,1,Hardware Composed: Independent Flip,10716.4949,NA,15.24470000000000,17.97830000000000,0.39240000000000,5.33680000000000,6.6604,10701.5988,15.2885,14.8961,0.3924,3.3991,16.8338,15.2885,1.5453,1.4190,10701.5988,NA,14.7754,NA
SandFall-Win64-Shipping.exe,32396,0x27E295FDE80,DXGI,0,0,1,Hardware Composed: Independent Flip,10735.0381,NA,18.54320000000000,16.80180000000000,0.48320000000000,4.86440000000000,4.9190,10716.8873,18.6340,18.1508,0.4832,4.9444,18.0708,15.8322,2.2386,-1.5133,10716.8873,NA,25.5600,NA
SandFall-Win64-Shipping.exe,32396,0x27E295FDE80,DXGI,0,0,1,Hardware Composed: Independent Flip,10750.0258,NA,14.98770000000000,16.61510000000000,0.41550000000000,5.81580000000000,6.5464,10735.5213,14.9200,14.5045,0.4155,4.3812,15.9391,15.9310,0.0081,2.0189,10735.5213,NA,17.1789,NA
SandFall-Win64-Shipping.exe,32396,0x27E295FDE80,DXGI,0,0,1,Hardware Composed: Independent Flip,10766.4858,NA,16.46000000000000,15.54570000000000,0.56010000000000,5.61470000000000,5.6321,10750.4413,16.6046,16.0445,0.5601,5.4003,16.2589,14.9306,1.3283,-0.6257,10750.4413,NA,11.7320,NA
SandFall-Win64-Shipping.exe,32396,0x27E295FDE80,DXGI,0,0,1,Hardware Composed: Independent Flip,10782.4145,NA,15.92870000000000,16.39430000000000,0.40840000000000,5.87190000000000,6.0977,10767.0459,15.7770,15.3686,0.4084,5.0546,16.1859,15.2861,0.8998,0.2103,10767.0459,NA,NA,NA
SandFall-Win64-Shipping.exe,32396,0x27E295FDE80,DXGI,0,0,1,Hardware Composed: Independent Flip,10803.9081,NA,21.49360000000000,19.30770000000000,0.27210000000000,3.86660000000000,3.9118,10782.8229,21.3573,21.0852,0.2721,5.4635,19.4883,16.3801,3.1082,-3.5307,10782.8229,NA,24.4018,NA
SandFall-Win64-Shipping.exe,32396,0x27E295FDE80,DXGI,0,0,1,Hardware Composed: Independent Flip,10821.2314,NA,17.32330000000000,19.71340000000000,0.25650000000000,4.62400000000000,6.3019,10804.1802,17.3077,17.0512,0.2565,3.5945,18.0807,15.8060,2.2747,1.6439,10804.1802,NA,NA,NA
SandFall-Win64-Shipping.exe,32396,0x27E295FDE80,DXGI,0,0,1,Hardware Composed: Independent Flip,10837.7193,NA,16.48790000000000,13.52820000000000,0.26860000000000,3.29170000000000,3.3422,10821.4879,16.5000,16.2314,0.2686,4.3675,15.1556,15.1495,0.0061,3.7795,10821.4879,NA,13.6782,NA
SandFall-Win64-Shipping.exe,32396,0x27E295FDE80,DXGI,0,0,1,Hardware Composed: Independent Flip,10852.9597,NA,15.24040000000000,16.52390000000000,0.30120000000000,4.55210000000000,4.6257,10837.9879,15.2730,14.9718,0.3012,3.0231,16.5008,15.7328,0.7680,-0.0239,10837.9879,NA,NA,NA
SandFall-Win64-Shipping.exe,32396,0x27E295FDE80,DXGI,0,0,1,Hardware Composed: Independent Flip,10866.7519,NA,13.79220000000000,16.59430000000000,0.53730000000000,5.99090000000000,7.4278,10853.2609,14.0283,13.4910,0.5373,4.2509,15.2310,15.2255,0.0055,-1.3213,10853.2609,NA,NA,NA
SandFall-Win64-Shipping.exe,32396,0x27E295FDE80,DXGI,0,0,1,Hardware Composed: Independent Flip,10883.1079,NA,16.35600000000000,14.92550000000000,0.37070000000000,5.94790000000000,5.9973,10867.2892,16.1894,15.8187,0.3707,5.4536,16.3130,15.3587,0.9543,-0.8972,10867.2892,NA,NA,NA
SandFall-Win64-Shipping.exe,32396,0x27E295FDE80,DXGI,0,0,1,Hardware Composed: Independent Flip,10901.4454,NA,18.33750000000000,18.62440000000000,0.52110000000000,4.87520000000000,6.2842,10883.4786,18.4879,17.9668,0.5211,5.5772,17.2648,15.5249,1.7399,-2.4350,10883.4786,NA,NA,NA
SandFall-Win64-Shipping.exe,32396,0x27E295FDE80,DXGI,0,0,1,Hardware Composed: Independent Flip,10919.0602,NA,17.61480000000000,15.90300000000000,0.32540000000000,4.06280000000000,4.5724,10901.9665,17.4191,17.0937,0.3254,4.3541,16.8024,15.4659,1.3365,2.5849,10901.9665,NA,NA,NA
SandFall-Win64-Shipping.exe,32396,0x27E295FDE80,DXGI,0,0,1,Hardware Composed: Independent Flip,10935.7202,NA,16.66000000000000,17.10050000000000,0.56120000000000,4.95500000000000,5.0129,10919.3856,16.8958,16.3346,0.5612,3.7374,17.5522,15.8453,1.7069,0.3186,10919.3856,NA,14.3422,NA
SandFall-Win64-Shipping.exe,32396,0x27E295FDE80,DXGI,0,0,1,Hardware Composed: Independent Flip,10952.4687,NA,16.74850000000000,17.60230000000000,0.30550000000000,4.75220000000000,5.8667,10936.2814,16.4928,16.1873,0.3055,4.3938,16.5457,15.4752,1.0705,-0.7065,10936.2814,NA,NA,NA
SandFall-Win64-Shipping.exe,32396,0x27E295FDE80,DXGI,0,0,1,Hardware Composed: Independent Flip,10972.4980,NA,20.02930000000000,18.23660000000000,0.27480000000000,4.03450000000000,4.0740,10952.7742,19.9986,19.7238,0.2748,4.4467,19.3116,16.0093,3.3023,-1.7438,10952.7742,NA,23.1793,NA
SandFall-Win64-Shipping.exe,32396,0x27E295FDE80,DXGI,0,0,1,Hardware Composed: Independent Flip,10988.2306,NA,15.73260000000000,16.99710000000000,0.38140000000000,3.91240000000000,5.3385,10972.7728,15.8392,15.4578,0.3814,3.7597,15.6105,15.3340,0.2765,3.0015,10972.7728,NA,NA,NA
SandFall-Win64-Shipping.exe,32396,0x27E295FDE80,DXGI,0,0,1,Hardware Composed: Independent Flip,11003.1853,NA,14.95470000000000,14.89760000000000,0.47480000000000,5.23740000000000,5.2814,10988.6120,15.0481,14.5733,0.4748,3.5310,16.2797,15.5411,0.7386,0.9416,10988.6120,NA,21.0708,NA
SandFall-Win64-Shipping.exe,32396,0x27E295FDE80,DXGI,0,0,1,Hardware Composed: Independent Flip,11023.1495,NA,19.96420000000000,18.09370000000000,0.25950000000000,3.02750000000000,3.4109,11003.6601,19.7489,19.4894,0.2595,4.7626,17.7543,15.9028,1.8515,-3.0456,11003.6601,NA,16.1699,NA
SandFall-Win64-Shipping.exe,32396,0x27E295FDE80,DXGI,0,0,1,Hardware Composed: Independent Flip,11042.4424,NA,19.29290000000000,20.75970000000000,0.31000000000000,4.83510000000000,4.8777,11023.4090,19.3434,19.0334,0.3100,2.7680,21.1005,16.4563,4.6442,-1.0108,11023.4090,NA,20.9317,NA
SandFall-Win64-Shipping.exe,32396,0x27E295FDE80,DXGI,0,0,1,Hardware Composed: Independent Flip,11059.7549,NA,17.31250000000000,18.98590000000000,0.25470000000000,4.82380000000000,6.5511,11042.7524,17.2572,17.0025,0.2547,4.5251,17.3012,15.9469,1.3543,0.3575,11042.7524,NA,19.8839,NA
SandFall-Win64-Shipping.exe,32396,0x27E295FDE80,DXGI,0,0,1,Hardware Composed: Independent Flip,11076.5542,NA,16.79930000000000,14.34100000000000,0.27040000000000,4.01910000000000,4.0928,11060.0096,16.8150,16.5446,0.2704,4.5691,15.9946,15.9900,0.0046,2.9162,11060.0096,NA,19.2591,NA
SandFall-Win64-Shipping.exe,32396,0x27E295FDE80,DXGI,0,0,1,Hardware Composed: Independent Flip,11092.1081,NA,15.55390000000000,15.94400000000000,0.24910000000000,4.46890000000000,4.4829,11076.8246,15.5326,15.2835,0.2491,3.7487,16.0037,15.6326,0.3711,0.8710,11076.8246,NA,16.2025,NA
SandFall-Win64-Shipping.exe,32396,0x27E295FDE80,DXGI,0,0,1,Hardware Composed: Independent Flip,11108.5276,NA,16.41950000000000,16.53600000000000,0.28850000000000,3.98910000000000,4.5994,11092.3572,16.4589,16.1704,0.2885,4.2198,15.9397,15.9339,0.0058,-1.0034,11092.3572,NA,16.7432,NA
SandFall-Win64-Shipping.exe,32396,0x27E295FDE80,DXGI,0,0,1,Hardware Composed: Independent Flip,11124.9786,NA,16.45100000000000,15.23890000000000,0.28610000000000,3.31270000000000,3.3873,11108.8161,16.4486,16.1625,0.2861,3.7006,15.7746,15.6607,0.1139,1.2200,11108.8161,NA,14.9830,NA
SandFall-Win64-Shipping.exe,32396,0x27E295FDE80,DXGI,0,0,1,Hardware Composed: Independent Flip,11142.5522,NA,17.57360000000000,18.40840000000000,0.26310000000000,3.89210000000000,4.2221,11125.2647,17.5506,17.2875,0.2631,3.0266,18.1530,16.5746,1.5784,-1.9598,11125.2647,NA,17.3878,NA
SandFall-Win64-Shipping.exe,32396,0x27E295FDE80,DXGI,0,0,1,Hardware Composed: Independent Flip,11160.8839,NA,18.33170000000000,20.60340000000000,0.25050000000000,5.17910000000000,6.4938,11142.8153,18.3191,18.0686,0.2505,3.6290,19.6187,16.5541,3.0646,-3.0528,11142.8153,NA,20.9918,NA
SandFall-Win64-Shipping.exe,32396,0x27E295FDE80,DXGI,0,0,1,Hardware Composed: Independent Flip,11176.9873,NA,16.10340000000000,15.16330000000000,0.25770000000000,5.50010000000000,5.5537,11161.1344,16.1106,15.8529,0.2577,4.9286,16.4244,16.4191,0.0053,3.1558,11161.1344,NA,19.1505,NA
SandFall-Win64-Shipping.exe,32396,0x27E295FDE80,DXGI,0,0,1,Hardware Composed: Independent Flip,11195.6546,NA,18.66730000000000,17.81060000000000,0.25320000000000,4.62670000000000,4.6970,11177.2450,18.6628,18.4096,0.2532,5.2424,17.7939,16.7831,1.0108,-1.7000,11177.2450,NA,19.9655,NA
SandFall-Win64-Shipping.exe,32396,0x27E295FDE80,DXGI,0,0,1,Hardware Composed: Independent Flip,11211.8200,NA,16.16540000000000,18.11980000000000,0.25130000000000,5.23160000000000,6.6514,11195.9078,16.1635,15.9122,0.2513,4.3735,16.7703,16.7112,0.0591,0.5430,11195.9078,NA,23.0888,NA
SandFall-Win64-Shipping.exe,32396,0x27E295FDE80,DXGI,0,0,1,Hardware Composed: Independent Flip,11229.0940,NA,17.27400000000000,16.77920000000000,0.26090000000000,6.08380000000000,6.1566,11212.0713,17.2836,17.0227,0.2609,4.9803,18.1262,18.1184,0.0078,-0.6157,11212.0713,NA,22.8606,NA
SandFall-Win64-Shipping.exe,32396,0x27E295FDE80,DXGI,0,0,1,Hardware Composed: Independent Flip,11246.1312,NA,17.03720000000000,17.84920000000000,0.27690000000000,5.72750000000000,6.9686,11229.3549,17.0532,16.7763,0.2769,5.8229,16.6809,16.6754,0.0055,-0.5656,11229.3549,NA,21.7122,NA
SandFall-Win64-Shipping.exe,32396,0x27E295FDE80,DXGI,0,0,1,Hardware Composed: Independent Flip,11262.8425,NA,16.71130000000000,14.78000000000000,0.26100000000000,4.96620000000000,5.0373,11246.4081,16.6954,16.4344,0.2610,5.4506,15.9500,15.9455,0.0045,2.2732,11246.4081,NA,20.4938,NA
SandFall-Win64-Shipping.exe,32396,0x27E295FDE80,DXGI,0,0,1,Hardware Composed: Independent Flip,11280.1011,NA,17.25860000000000,17.92690000000000,0.25750000000000,4.97160000000000,5.7056,11263.1035,17.2551,16.9976,0.2575,4.7052,17.2640,17.1127,0.1513,-1.2315,11263.1035,NA,20.4196,NA
SandFall-Win64-Shipping.exe,32396,0x27E295FDE80,DXGI,0,0,1,Hardware Composed: Independent Flip,11296.4962,NA,16.39510000000000,17.12240000000000,0.26130000000000,5.56490000000000,6.4329,11280.3586,16.3989,16.1376,0.2613,4.7141,16.9884,16.9864,0.0020,0.1327,11280.3586,NA,19.5445,NA
SandFall-Win64-Shipping.exe,32396,0x27E295FDE80,DXGI,0,0,1,Hardware Composed: Independent Flip,11313.9478,NA,17.45160000000000,15.65040000000000,0.28850000000000,4.58360000000000,4.6317,11296.7575,17.4788,17.1903,0.2885,5.3036,16.4703,16.4651,0.0052,0.7485,11296.7575,NA,17.1993,NA
SandFall-Win64-Shipping.exe,32396,0x27E295FDE80,DXGI,0,0,1,Hardware Composed: Independent Flip,11331.8845,NA,17.93670000000000,16.91230000000000,0.27630000000000,3.47320000000000,3.6073,11314.2363,17.9245,17.6482,0.2763,4.2951,16.8263,16.8197,0.0066,0.5665,11314.2363,NA,16.1075,NA
SandFall-Win64-Shipping.exe,32396,0x27E295FDE80,DXGI,0,0,1,Hardware Composed: Independent Flip,11349.2319,NA,17.34740000000000,17.99380000000000,0.27250000000000,4.20440000000000,4.2537,11332.1608,17.3436,17.0711,0.2725,3.1969,18.0786,17.4796,0.5990,-0.0693,11332.1608,NA,15.0962,NA
SandFall-Win64-Shipping.exe,32396,0x27E295FDE80,DXGI,0,0,1,Hardware Composed: Independent Flip,11365.0207,NA,15.78880000000000,17.78080000000000,0.33030000000000,5.52690000000000,6.2457,11349.5044,15.8466,15.5163,0.3303,3.9319,17.1113,17.0771,0.0342,-0.4372,11349.5044,NA,27.8829,NA
SandFall-Win64-Shipping.exe,32396,0x27E295FDE80,DXGI,0,0,1,Hardware Composed: Independent Flip,11380.3871,NA,15.36640000000000,15.84790000000000,0.42280000000000,6.67970000000000,6.7272,11365.3510,15.4589,15.0361,0.4228,5.1966,16.5192,16.5146,0.0046,-0.0013,11365.3510,NA,NA,NA
SandFall-Win64-Shipping.exe,32396,0x27E295FDE80,DXGI,0,0,1,Hardware Composed: Independent Flip,11398.0185,NA,17.63140000000000,17.76220000000000,0.30020000000000,6.77650000000000,6.8580,11380.8099,17.5088,17.2086,0.3002,6.2569,17.7282,16.9346,0.7936,-2.3033,11380.8099,NA,17.4829,NA
SandFall-Win64-Shipping.exe,32396,0x27E295FDE80,DXGI,0,0,1,Hardware Composed: Independent Flip,11417.8171,NA,19.79860000000000,19.33660000000000,0.40190000000000,6.12530000000000,6.3960,11398.3187,19.9003,19.4984,0.4019,6.4763,19.1474,17.1094,2.0380,-1.8278,11398.3187,NA,NA,NA
SandFall-Win64-Shipping.exe,32396,0x27E295FDE80,DXGI,0,0,1,Hardware Composed: Independent Flip,11436.6570,NA,18.83990000000000,18.89670000000000,0.29780000000000,5.91590000000000,6.4528,11418.2190,18.7358,18.4380,0.2978,5.7234,18.6305,17.2859,1.3446,1.0036,11418.2190,NA,NA,NA
SandFall-Win64-Shipping.exe,32396,0x27E295FDE80,DXGI,0,0,1,Hardware Composed: Independent Flip,11456.5827,NA,19.92570000000000,19.15940000000000,0.62000000000000,5.60880000000000,5.6865,11436.9548,20.2479,19.6279,0.6200,5.6181,19.6186,17.0686,2.5500,-0.4236,11436.9548,NA,NA,NA
SandFall-Win64-Shipping.exe,32396,0x27E295FDE80,DXGI,0,0,1,Hardware Composed: Independent Flip,11478.7528,NA,22.17010000000000,20.61400000000000,0.26280000000000,3.46840000000000,4.1304,11457.2027,21.8129,21.5501,0.2628,4.9888,20.0297,16.7771,3.2526,-0.3661,11457.2027,NA,NA,NA
SandFall-Win64-Shipping.exe,32396,0x27E295FDE80,DXGI,0,0,1,Hardware Composed: Independent Flip,11497.8983,NA,19.14550000000000,18.78350000000000,0.28120000000000,3.75510000000000,3.7684,11479.0156,19.1639,18.8827,0.2812,3.2056,19.4322,16.6116,2.8206,3.0294,11479.0156,NA,NA,NA
SandFall-Win64-Shipping.exe,32396,0x27E295FDE80,DXGI,0,0,1,Hardware Composed: Independent Flip,11515.8117,NA,17.91340000000000,17.96920000000000,0.28330000000000,3.81120000000000,3.8242,11498.1795,17.9155,17.6322,0.2833,3.4739,17.9695,15.9887,1.9808,1.1947,11498.1795,NA,NA,NA
SandFall-Win64-Shipping.exe,32396,0x27E295FDE80,DXGI,0,0,1,Hardware Composed: Independent Flip,11531.5405,NA,15.72880000000000,16.63040000000000,0.52330000000000,4.44230000000000,4.7258,11516.0950,15.9688,15.4455,0.5233,3.5279,16.3599,15.5871,0.7728,1.2851,11516.0950,NA,26.8316,NA
SandFall-Win64-Shipping.exe,32396,0x27E295FDE80,DXGI,0,0,1,Hardware Composed: Independent Flip,11546.6305,NA,15.09000000000000,16.41080000000000,0.39720000000000,5.98650000000000,6.0466,11532.0638,14.9639,14.5667,0.3972,3.9190,16.6342,15.5656,1.0686,-0.4420,11532.0638,NA,11.2939,NA
SandFall-Win64-Shipping.exe,32396,0x27E295FDE80,DXGI,0,0,1,Hardware Composed: Independent Flip,11565.5309,NA,18.90040000000000,19.33260000000000,0.33920000000000,5.51100000000000,6.4788,11547.0277,18.8424,18.5032,0.3392,5.5893,18.4249,16.1505,2.2744,-4.3687,11547.0277,NA,14.6250,NA
SandFall-Win64-Shipping.exe,32396,0x27E295FDE80,DXGI,0,0,1,Hardware Composed: Independent Flip,11583.6293,NA,18.09840000000000,17.38990000000000,0.76420000000000,5.25470000000000,5.7703,11565.8701,18.5234,17.7592,0.7642,5.1718,17.8421,16.1585,1.6836,1.4525,11565.8701,NA,17.0061,NA
SandFall-Win64-Shipping.exe,32396,0x27E295FDE80,DXGI,0,0,1,Hardware Composed: Independent Flip,11601.0706,NA,17.44130000000000,16.71480000000000,0.51680000000000,4.97960000000000,5.0438,11584.3935,17.1939,16.6771,0.5168,4.4905,17.1662,15.9867,1.1795,1.8086,11584.3935,NA,18.7260,NA
SandFall-Win64-Shipping.exe,32396,0x27E295FDE80,DXGI,0,0,1,Hardware Composed: Independent Flip,11617.1702,NA,16.09960000000000,16.55910000000000,0.31610000000000,5.32040000000000,5.5033,11601.5874,15.8989,15.5828,0.3161,4.4628,16.4404,15.6929,0.7475,0.6348,11601.5874,NA,15.2824,NA
SandFall-Win64-Shipping.exe,32396,0x27E295FDE80,DXGI,0,0,1,Hardware Composed: Independent Flip,11637.0264,NA,19.85620000000000,18.40450000000000,0.52410000000000,3.97740000000000,4.0516,11617.4863,20.0642,19.5401,0.5241,5.0043,18.5132,16.1891,2.3241,-2.5056,11617.4863,NA,NA,NA
SandFall-Win64-Shipping.exe,32396,0x27E295FDE80,DXGI,0,0,1,Hardware Composed: Independent Flip,11652.2272,NA,15.20080000000000,18.32650000000000,0.41040000000000,6.09830000000000,7.1773,11637.5505,15.0871,14.6767,0.4104,3.4533,17.3217,15.9678,1.3539,1.7377,11637.5505,NA,30.0054,NA
SandFall-Win64-Shipping.exe,32396,0x27E295FDE80,DXGI,0,0,1,Hardware Composed: Independent Flip,11669.0346,NA,16.80740000000000,15.60870000000000,0.59740000000000,5.93810000000000,5.9786,11652.6376,16.9944,16.3970,0.5974,5.6879,16.6472,15.8751,0.7721,-0.5216,11652.6376,NA,NA,NA
SandFall-Win64-Shipping.exe,32396,0x27E295FDE80,DXGI,0,0,1,Hardware Composed: Independent Flip,11686.3341,NA,17.29950000000000,16.91340000000000,0.37100000000000,5.57390000000000,5.5925,11669.6320,17.0731,16.7021,0.3710,5.3407,16.9353,15.5513,1.3840,0.0810,11669.6320,NA,NA,NA
SandFall-Win64-Shipping.exe,32396,0x27E295FDE80,DXGI,0,0,1,Hardware Composed: Independent Flip,11702.8659,NA,16.53180000000000,17.50550000000000,0.34540000000000,6.24970000000000,6.5662,11686.7051,16.5062,16.1608,0.3454,5.2029,17.2076,15.7123,1.4953,-0.4324,11686.7051,NA,NA,NA
SandFall-Win64-Shipping.exe,32396,0x27E295FDE80,DXGI,0,0,1,Hardware Composed: Independent Flip,11720.2742,NA,17.40830000000000,17.07980000000000,0.38690000000000,6.19650000000000,6.2377,11703.2113,17.4498,17.0629,0.3869,5.9043,17.3551,16.0075,1.3476,-0.5736,11703.2113,NA,NA,NA
SandFall-Win64-Shipping.exe,32396,0x27E295FDE80,DXGI,0,0,1,Hardware Composed: Independent Flip,11740.5016,NA,20.22740000000000,19.08420000000000,0.29390000000000,5.04630000000000,5.0945,11720.6611,20.1344,19.8405,0.2939,5.8096,19.0772,16.7171,2.3601,-1.6344,11720.6611,NA,25.2094,NA
SandFall-Win64-Shipping.exe,32396,0x27E295FDE80,DXGI,0,0,1,Hardware Composed: Independent Flip,11755.2775,NA,14.77590000000000,16.82840000000000,0.41230000000000,6.14610000000000,7.1470,11740.7955,14.8943,14.4820,0.4123,4.7524,15.8757,15.8717,0.0040,3.3060,11740.7955,NA,NA,NA
SandFall-Win64-Shipping.exe,32396,0x27E295FDE80,DXGI,0,0,1,Hardware Composed: Independent Flip,11773.9744,NA,18.69690000000000,16.73840000000000,0.51200000000000,5.17150000000000,5.1885,11755.6898,18.7966,18.2846,0.5120,5.7338,17.7223,15.9418,1.7805,-1.8441,11755.6898,NA,28.7796,NA
SandFall-Win64-Shipping.exe,32396,0x27E295FDE80,DXGI,0,0,1,Hardware Composed: Independent Flip,11791.9679,NA,17.99350000000000,17.56660000000000,0.30530000000000,3.81480000000000,4.7616,11774.4864,17.7868,17.4815,0.3053,4.6595,16.6368,16.0882,0.5486,1.2300,11774.4864,NA,NA,NA
SandFall-Win64-Shipping.exe,32396,0x27E295FDE80,DXGI,0,0,1,Hardware Composed: Independent Flip,11806.9675,NA,14.99960000000000,15.88520000000000,0.32350000000000,5.59580000000000,5.6472,11792.2732,15.0178,14.6943,0.3235,3.5095,16.7806,15.7790,1.0016,1.9016,11792.2732,NA,NA,NA
SandFall-Win64-Shipping.exe,32396,0x27E295FDE80,DXGI,0,0,1,Hardware Composed: Independent Flip,11827.9754,NA,21.00790000000000,18.93620000000000,0.28950000000000,3.49310000000000,3.5755,11807.2910,20.9739,20.6844,0.2895,5.2723,18.9052,16.6535,2.2517,-3.9184,11807.2910,NA,NA,NA
SandFall-Win64-Shipping.exe,32396,0x27E295FDE80,DXGI,0,0,1,Hardware Composed: Independent Flip,11843.4246,NA,15.44920000000000,16.70620000000000,0.46540000000000,4.79270000000000,4.8325,11828.2649,15.6251,15.1597,0.4654,3.2036,16.7488,15.9036,0.8452,4.2677,11828.2649,NA,NA,NA
SandFall-Win64-Shipping.exe,32396,0x27E295FDE80,DXGI,0,0,1,Hardware Composed: Independent Flip,11859.4138,NA,15.98920000000000,17.45110000000000,0.43460000000000,6.27880000000000,6.2944,11843.8900,15.9584,15.5238,0.4346,4.3273,17.4753,16.2272,1.2481,-1.8260,11843.8900,NA,NA,NA
SandFall-Win64-Shipping.exe,32396,0x27E295FDE80,DXGI,0,0,1,Hardware Composed: Independent Flip,11879.5999,NA,20.18610000000000,19.09860000000000,0.52520000000000,4.19840000000000,5.2069,11859.8484,20.2767,19.7515,0.5252,5.8442,18.1057,16.3140,1.7917,-3.1402,11859.8484,NA,NA,NA
SandFall-Win64-Shipping.exe,32396,0x27E295FDE80,DXGI,0,0,1,Hardware Composed: Independent Flip,11898.0826,NA,18.48270000000000,17.78250000000000,0.28020000000000,4.43490000000000,4.5067,11880.1251,18.2377,17.9575,0.2802,3.6732,18.7192,15.9943,2.7249,2.4942,11880.1251,NA,NA,NA
SandFall-Win64-Shipping.exe,32396,0x27E295FDE80,DXGI,0,0,1,Hardware Composed: Independent Flip,11914.4709,NA,16.38830000000000,15.95860000000000,0.30210000000000,3.86990000000000,4.0770,11898.3628,16.4102,16.1081,0.3021,4.1547,15.8233,15.8182,0.0051,2.2791,11898.3628,NA,NA,NA
SandFall-Win64-Shipping.exe,32396,0x27E295FDE80,DXGI,0,0,1,Hardware Composed: Independent Flip,11929.9794,NA,15.50850000000000,15.45110000000000,0.29970000000000,3.96040000000000,4.0196,11914.7730,15.5061,15.2064,0.2997,3.5678,15.5990,15.5252,0.0738,0.9591,11914.7730,NA,NA,NA
SandFall-Win64-Shipping.exe,32396,0x27E295FDE80,DXGI,0,0,1,Hardware Composed: Independent Flip,11947.6941,NA,17.71470000000000,19.95340000000000,0.55190000000000,5.14400000000000,6.2583,11930.2791,17.9669,17.4150,0.5519,3.6607,18.8983,16.3418,2.5565,-4.4473,11930.2791,NA,NA,NA
SandFall-Win64-Shipping.exe,32396,0x27E295FDE80,DXGI,0,0,1,Hardware Composed: Independent Flip,11967.5386,NA,19.84450000000000,18.50820000000000,0.26720000000000,3.76240000000000,4.9220,11948.2460,19.5598,19.2926,0.2672,4.5921,18.4629,16.3251,2.1378,-0.5413,11948.2460,NA,19.0652,NA
SandFall-Win64-Shipping.exe,32396,0x27E295FDE80,DXGI,0,0,1,Hardware Composed: Independent Flip,11983.1582,NA,15.61960000000000,15.09860000000000,0.47170000000000,4.33700000000000,4.4010,11967.8058,15.8241,15.3524,0.4717,3.4952,16.1942,15.3526,0.8416,4.4612,11967.8058,NA,NA,NA
SandFall-Win64-Shipping.exe,32396,0x27E295FDE80,DXGI,0,0,1,Hardware Composed: Independent Flip,11999.5745,NA,16.41630000000000,16.73830000000000,1.08360000000000,4.70470000000000,4.7230,11983.6299,17.0282,15.9446,1.0836,3.8653,16.7840,15.5069,1.2771,-0.9142,11983.6299,NA,NA,NA
SandFall-Win64-Shipping.exe,32396,0x27E295FDE80,DXGI,0,0,1,Hardware Composed: Independent Flip,12016.8430,NA,17.26850000000000,17.58590000000000,0.53150000000000,4.48380000000000,5.0404,12000.6581,16.7164,16.1849,0.5315,3.6211,17.0476,15.6592,1.3884,-0.5577,12000.6581,NA,NA,NA
SandFall-Win64-Shipping.exe,32396,0x27E295FDE80,DXGI,0,0,1,Hardware Composed: Independent Flip,12037.2459,NA,20.40290000000000,19.11230000000000,0.26280000000000,3.73040000000000,3.7498,12017.3745,20.1342,19.8714,0.2628,3.9523,19.6495,16.5292,3.1203,-2.3959,12017.3745,NA,NA,NA
SandFall-Win64-Shipping.exe,32396,0x27E295FDE80,DXGI,0,0,1,Hardware Composed: Independent Flip,12055.4711,NA,18.22520000000000,19.09900000000000,0.28500000000000,4.43970000000000,4.6236,12037.5087,18.2474,17.9624,0.2850,3.4676,18.9345,15.8867,3.0478,1.0352,12037.5087,NA,NA,NA
SandFall-Win64-Shipping.exe,32396,0x27E295FDE80,DXGI,0,0,1,Hardware Composed: Independent Flip,12071.0588,NA,15.58770000000000,15.71230000000000,0.25340000000000,4.69720000000000,4.7482,12055.7561,15.5561,15.3027,0.2534,4.1547,15.8452,15.8385,0.0067,2.5351,12055.7561,NA,NA,NA
SandFall-Win64-Shipping.exe,32396,0x27E295FDE80,DXGI,0,0,1,Hardware Composed: Independent Flip,12086.4832,NA,15.42440000000000,15.29060000000000,0.25750000000000,4.43880000000000,4.6144,12071.3122,15.4285,15.1710,0.2575,4.4438,15.1660,15.1623,0.0037,0.2655,12071.3122,NA,NA,NA
SandFall-Win64-Shipping.exe,32396,0x27E295FDE80,DXGI,0,0,1,Hardware Composed: Independent Flip,12101.5122,NA,15.02900000000000,14.93690000000000,0.36930000000000,4.45080000000000,4.5223,12086.7407,15.1408,14.7715,0.3693,4.1813,15.0410,15.0362,0.0048,0.4916,12086.7407,NA,NA,NA
SandFall-Win64-Shipping.exe,32396,0x27E295FDE80,DXGI,0,0,1,Hardware Composed: Independent Flip,12117.2210,NA,15.70880000000000,16.46500000000000,0.52650000000000,4.90210000000000,5.2785,12101.8815,15.8660,15.3395,0.5265,4.0815,16.1601,15.8243,0.3358,-1.3242,12101.8815,NA,NA,NA
SandFall-Win64-Shipping.exe,32396,0x27E295FDE80,DXGI,0,0,1,Hardware Composed: Independent Flip,12133.1385,NA,15.91750000000000,16.94310000000000,0.46580000000000,5.93460000000000,6.3041,12117.7475,15.8568,15.3910,0.4658,4.3756,16.9500,15.6413,1.3087,-1.0771,12117.7475,NA,NA,NA
SandFall-Win64-Shipping.exe,32396,0x27E295FDE80,DXGI,0,0,1,Hardware Composed: Independent Flip,12152.6776,NA,19.53910000000000,16.88280000000000,0.28640000000000,3.60380000000000,3.6478,12133.6043,19.3597,19.0733,0.2864,5.4688,17.2083,15.8312,1.3771,-1.0260,12133.6043,NA,NA,NA
SandFall-Win64-Shipping.exe,32396,0x27E295FDE80,DXGI,0,0,1,Hardware Composed: Independent Flip,12167.9884,NA,15.31080000000000,16.36470000000000,0.40950000000000,4.36520000000000,4.7017,12152.9640,15.4339,15.0244,0.4095,3.3174,16.0722,15.2489,0.8233,2.9950,12152.9640,NA,NA,NA
SandFall-Win64-Shipping.exe,32396,0x27E295FDE80,DXGI,0,0,1,Hardware Composed: Independent Flip,12181.7419,NA,13.75350000000000,15.19290000000000,0.42510000000000,6.09900000000000,6.1411,12168.3979,13.7691,13.3440,0.4251,3.9557,15.4873,15.4807,0.0066,0.2410,12168.3979,NA,NA,NA
SandFall-Win64-Shipping.exe,32396,0x27E295FDE80,DXGI,0,0,1,Hardware Composed: Independent Flip,12201.0836,NA,19.34170000000000,18.02720000000000,0.49440000000000,4.78500000000000,4.8266,12182.1670,19.4110,18.9166,0.4944,5.6739,18.0277,16.1937,1.8340,-4.2581,12182.1670,NA,NA,NA
SandFall-Win64-Shipping.exe,32396,0x27E295FDE80,DXGI,0,0,1,Hardware Composed: Independent Flip,12216.5367,NA,15.45310000000000,15.68690000000000,0.39470000000000,4.79920000000000,5.0604,12201.5780,15.3534,14.9587,0.3947,4.2906,15.4673,15.1636,0.3037,3.7241,12201.5780,NA,NA,NA
SandFall-Win64-Shipping.exe,32396,0x27E295FDE80,DXGI,0,0,1,Hardware Composed: Independent Flip,12233.9394,NA,17.40270000000000,16.78720000000000,0.53240000000000,4.39850000000000,4.4449,12216.9314,17.5404,17.0080,0.5324,4.4045,17.0020,15.2826,1.7194,-1.4338,12216.9314,NA,NA,NA
SandFall-Win64-Shipping.exe,32396,0x27E295FDE80,DXGI,0,0,1,Hardware Composed: Independent Flip,12250.8423,NA,16.90290000000000,18.47860000000000,0.55560000000000,4.59360000000000,6.0206,12234.4718,16.9261,16.3705,0.5556,3.8661,17.0980,15.3521,1.7459,-0.9382,12234.4718,NA,NA,NA
SandFall-Win64-Shipping.exe,32396,0x27E295FDE80,DXGI,0,0,1,Hardware Composed: Independent Flip,12266.7699,NA,15.92760000000000,15.65190000000000,0.50700000000000,5.70320000000000,5.7449,12251.3979,15.8790,15.3720,0.5070,4.0380,17.0372,16.0705,0.9667,1.2742,12251.3979,NA,NA,NA
SandFall-Win64-Shipping.exe,32396,0x27E295FDE80,DXGI,0,0,1,Hardware Composed: Independent Flip,12282.7954,NA,16.02550000000000,16.28050000000000,0.38560000000000,5.42290000000000,5.9999,12267.2769,15.9041,15.5185,0.3856,5.1962,15.7452,15.1732,0.5720,-0.4015,12267.2769,NA,NA,NA
SandFall-Win64-Shipping.exe,32396,0x27E295FDE80,DXGI,0,0,1,Hardware Composed: Independent Flip,12301.0704,NA,18.27500000000000,16.87140000000000,0.49620000000000,4.54990000000000,4.5963,12283.1810,18.3856,17.8894,0.4962,5.0373,17.4020,15.7638,1.6382,-0.9673,12283.1810,NA,NA,NA
SandFall-Win64-Shipping.exe,32396,0x27E295FDE80,DXGI,0,0,1,Hardware Composed: Independent Flip,12320.9399,NA,19.86950000000000,19.46910000000000,0.26000000000000,3.94280000000000,4.1959,12301.5666,19.6333,19.3733,0.2600,4.0537,19.2624,16.1001,3.1623,-1.0835,12301.5666,NA,27.7416,NA
SandFall-Win64-Shipping.exe,32396,0x27E295FDE80,DXGI,0,0,1,Hardware Composed: Independent Flip,12336.3035,NA,15.36360000000000,16.52300000000000,0.28340000000000,4.29460000000000,5.3553,12321.1999,15.3870,15.1036,0.2834,3.6828,15.7154,15.3737,0.3417,3.1103,12321.1999,NA,15.2664,NA
SandFall-Win64-Shipping.exe,32396,0x27E295FDE80,DXGI,0,0,1,Hardware Composed: Independent Flip,12351.2645,NA,14.96100000000000,14.32360000000000,0.42050000000000,4.67030000000000,4.7179,12336.5869,15.0981,14.6776,0.4205,4.0112,15.3367,15.3299,0.0068,1.0634,12336.5869,NA,18.5905,NA
SandFall-Win64-Shipping.exe,32396,0x27E295FDE80,DXGI,0,0,1,Hardware Composed: Independent Flip,12365.9254,NA,14.66090000000000,15.87160000000000,0.34140000000000,5.89100000000000,5.9286,12351.6850,14.5818,14.2404,0.3414,4.2498,15.8816,15.3580,0.5236,-0.7735,12351.6850,NA,12.4689,NA
SandFall-Win64-Shipping.exe,32396,0x27E295FDE80,DXGI,0,0,1,Hardware Composed: Independent Flip,12382.7554,NA,16.83000000000000,16.87850000000000,0.39790000000000,5.92060000000000,5.9771,12366.2668,16.8865,16.4886,0.3979,5.5496,16.8596,15.5352,1.3244,-2.2967,12366.2668,NA,12.3476,NA
SandFall-Win64-Shipping.exe,32396,0x27E295FDE80,DXGI,0,0,1,Hardware Composed: Independent Flip,12401.1880,NA,18.43260000000000,18.02090000000000,0.50400000000000,4.96100000000000,5.5654,12383.1533,18.5387,18.0347,0.5040,5.5227,17.4730,15.7973,1.6757,-1.1344,12383.1533,NA,13.3715,NA
SandFall-Win64-Shipping.exe,32396,0x27E295FDE80,DXGI,0,0,1,Hardware Composed: Independent Flip,12417.5279,NA,16.33990000000000,15.54790000000000,0.49480000000000,4.72240000000000,4.7734,12401.6920,16.3307,15.8359,0.4948,4.4570,16.1013,15.5972,0.5041,2.9908,12401.6920,NA,15.9135,NA
SandFall-Win64-Shipping.exe,32396,0x27E295FDE80,DXGI,0,0,1,Hardware Composed: Independent Flip,12434.1499,NA,16.62200000000000,16.65580000000000,0.52860000000000,4.75570000000000,4.8072,12418.0227,16.6558,16.1272,0.5286,4.2276,16.6553,15.6289,1.0264,-0.3251,12418.0227,NA,17.5641,NA
SandFall-Win64-Shipping.exe,32396,0x27E295FDE80,DXGI,0,0,1,Hardware Composed: Independent Flip,12451.6938,NA,17.54390000000000,17.48940000000000,0.44010000000000,4.07960000000000,4.7527,12434.6785,17.4554,17.0153,0.4401,4.2271,16.8678,15.8232,1.0446,-0.8336,12434.6785,NA,25.0474,NA
SandFall-Win64-Shipping.exe,32396,0x27E295FDE80,DXGI,0,0,1,Hardware Composed: Independent Flip,12468.3697,NA,16.67590000000000,15.88440000000000,0.29360000000000,3.92070000000000,3.9612,12452.1339,16.5294,16.2358,0.2936,3.6395,16.5170,15.3903,1.1267,1.5710,12452.1339,NA,21.9079,NA
SandFall-Win64-Shipping.exe,32396,0x27E295FDE80,DXGI,0,0,1,Hardware Composed: Independent Flip,12481.6580,NA,13.28830000000000,15.17360000000000,0.34750000000000,5.60070000000000,5.8465,12468.6633,13.3422,12.9947,0.3475,3.6271,14.9683,14.9623,0.0060,1.3558,12468.6633,NA,NA,NA
SandFall-Win64-Shipping.exe,32396,0x27E295FDE80,DXGI,0,0,1,Hardware Composed: Independent Flip,12499.1599,NA,17.50190000000000,16.64830000000000,0.31260000000000,4.93990000000000,4.9929,12482.0055,17.4670,17.1544,0.3126,5.2532,16.8411,15.1792,1.6619,-3.3061,12482.0055,NA,NA,NA
SandFall-Win64-Shipping.exe,32396,0x27E295FDE80,DXGI,0,0,1,Hardware Composed: Independent Flip,12516.2096,NA,17.04970000000000,18.15670000000000,0.43050000000000,5.49460000000000,6.0999,12499.4725,17.1676,16.7371,0.4305,4.6273,17.6044,15.8036,1.8008,-0.6897,12499.4725,NA,11.9230,NA
SandFall-Win64-Shipping.exe,32396,0x27E295FDE80,DXGI,0,0,1,Hardware Composed: Independent Flip,12535.4528,NA,19.24320000000000,16.84250000000000,0.30700000000000,3.54220000000000,3.6992,12516.6401,19.1197,18.8127,0.3070,5.0641,17.2908,15.3236,1.9672,0.3251,12516.6401,NA,12.7668,NA
SandFall-Win64-Shipping.exe,32396,0x27E295FDE80,DXGI,0,0,1,Hardware Composed: Independent Flip,12549.1805,NA,13.72770000000000,15.84400000000000,0.38650000000000,5.77580000000000,5.8155,12535.7598,13.8072,13.4207,0.3865,3.2352,15.9613,15.5852,0.3761,3.2757,12535.7598,NA,12.6146,NA
SandFall-Win64-Shipping.exe,32396,0x27E295FDE80,DXGI,0,0,1,Hardware Composed: Independent Flip,12568.2494,NA,19.06890000000000,17.74490000000000,0.43280000000000,4.44910000000000,4.4915,12549.5670,19.1152,18.6824,0.4328,5.3893,17.7422,15.5055,2.2367,-3.9377,12549.5670,NA,12.3564,NA
SandFall-Win64-Shipping.exe,32396,0x27E295FDE80,DXGI,0,0,1,Hardware Composed: Independent Flip,12584.2626,NA,16.01320000000000,16.77740000000000,0.52670000000000,4.89930000000000,5.2557,12568.6822,16.1071,15.5804,0.5267,4.0163,16.4634,15.5472,0.9162,2.3378,12568.6822,NA,13.1327,NA
SandFall-Win64-Shipping.exe,32396,0x27E295FDE80,DXGI,0,0,1,Hardware Composed: Independent Flip,12600.5010,NA,16.23840000000000,15.78610000000000,0.58240000000000,4.75700000000000,4.8034,12584.7893,16.2941,15.7117,0.5824,4.3726,16.0961,15.5739,0.5222,0.3210,12584.7893,NA,13.9149,NA
SandFall-Win64-Shipping.exe,32396,0x27E295FDE80,DXGI,0,0,1,Hardware Composed: Independent Flip,12617.5379,NA,17.03690000000000,17.63080000000000,0.43360000000000,4.56640000000000,5.3973,12601.0834,16.8881,16.4545,0.4336,4.1746,16.8463,15.5936,1.2527,-1.3367,12601.0834,NA,13.5499,NA
SandFall-Win64-Shipping.exe,32396,0x27E295FDE80,DXGI,0,0,1,Hardware Composed: Independent Flip,12633.0374,NA,15.49950000000000,15.50230000000000,0.55700000000000,5.27620000000000,5.4001,12617.9715,15.6229,15.0659,0.5570,4.1328,16.2093,15.5277,0.6816,1.3858,12617.9715,NA,12.0508,NA
SandFall-Win64-Shipping.exe,32396,0x27E295FDE80,DXGI,0,0,1,Hardware Composed: Independent Flip,12651.8182,NA,18.78080000000000,17.79310000000000,0.32640000000000,4.36820000000000,4.4124,12633.5944,18.5502,18.2238,0.3264,4.7192,17.8728,15.8553,2.0175,-2.1702,12633.5944,NA,15.8481,NA
SandFall-Win64-Shipping.exe,32396,0x27E295FDE80,DXGI,0,0,1,Hardware Composed: Independent Flip,12666.0991,NA,14.28090000000000,17.03680000000000,0.52020000000000,5.89570000000000,7.1683,12652.1446,14.4747,13.9545,0.5202,4.0418,15.8084,15.8040,0.0044,1.5134,12652.1446,NA,17.8726,NA
SandFall-Win64-Shipping.exe,32396,0x27E295FDE80,DXGI,0,0,1,Hardware Composed: Independent Flip,12682.6602,NA,16.56110000000000,15.06870000000000,0.54060000000000,5.60240000000000,5.6759,12666.6193,16.5815,16.0409,0.5406,5.3755,16.2678,15.5347,0.7331,-0.5940,12666.6193,NA,11.9516,NA
SandFall-Win64-Shipping.exe,32396,0x27E295FDE80,DXGI,0,0,1,Hardware Composed: Independent Flip,12700.3267,NA,17.66650000000000,17.07040000000000,0.81980000000000,4.79670000000000,5.0798,12683.2008,17.9457,17.1259,0.8198,5.0618,16.8608,15.7047,1.1561,-0.4889,12683.2008,NA,13.0194,NA
SandFall-Win64-Shipping.exe,32396,0x27E295FDE80,DXGI,0,0,1,Hardware Composed: Independent Flip,12717.8400,NA,17.51330000000000,17.62390000000000,0.60180000000000,5.11290000000000,5.1904,12701.1465,17.2953,16.6935,0.6018,3.9769,17.8295,16.2856,1.5439,0.3218,12701.1465,NA,13.6452,NA
SandFall-Win64-Shipping.exe,32396,0x27E295FDE80,DXGI,0,0,1,Hardware Composed: Independent Flip,12737.4212,NA,19.58120000000000,18.95180000000000,0.28040000000000,4.01540000000000,4.5610,12718.4418,19.2598,18.9794,0.2804,4.5111,18.4837,16.0345,2.4492,-1.6565,12718.4418,NA,14.6015,NA
SandFall-Win64-Shipping.exe,32396,0x27E295FDE80,DXGI,0,0,1,Hardware Composed: Independent Flip,12753.4569,NA,16.03570000000000,15.13250000000000,0.37240000000000,3.60130000000000,3.6578,12737.7016,16.1277,15.7553,0.3724,3.7350,15.6216,15.5415,0.0801,4.1273,12737.7016,NA,12.7308,NA
SandFall-Win64-Shipping.exe,32396,0x27E295FDE80,DXGI,0,0,1,Hardware Composed: Independent Flip,12767.2880,NA,13.83110000000000,15.74880000000000,0.48880000000000,5.48870000000000,5.5755,12753.8293,13.9475,13.4587,0.4888,3.2289,15.7185,15.1624,0.5561,0.3789,12753.8293,NA,11.4821,NA
SandFall-Win64-Shipping.exe,32396,0x27E295FDE80,DXGI,0,0,1,Hardware Composed: Independent Flip,12785.0567,NA,17.76870000000000,18.89790000000000,0.46810000000000,5.31440000000000,6.7047,12767.7768,17.7480,17.2799,0.4681,4.9999,17.5944,15.7023,1.8921,-4.9504,12767.7768,NA,13.3782,NA
SandFall-Win64-Shipping.exe,32396,0x27E295FDE80,DXGI,0,0,1,Hardware Composed: Independent Flip,12805.8154,NA,20.75870000000000,19.23310000000000,0.25300000000000,4.95180000000000,5.1791,12785.5248,20.5436,20.2906,0.2530,4.8463,20.3961,16.8195,3.5766,-1.4851,12785.5248,NA,16.6135,NA
SandFall-Win64-Shipping.exe,32396,0x27E295FDE80,DXGI,0,0,1,Hardware Composed: Independent Flip,12821.5374,NA,15.72200000000000,15.64270000000000,0.32760000000000,5.05890000000000,5.0998,12806.0684,15.7966,15.4690,0.3276,4.6988,15.8291,15.8247,0.0044,4.9009,12806.0684,NA,15.2541,NA
SandFall-Win64-Shipping.exe,32396,0x27E295FDE80,DXGI,0,0,1,Hardware Composed: Independent Flip,12837.3172,NA,15.77980000000000,16.33120000000000,0.43400000000000,5.60620000000000,5.6512,12821.8650,15.8862,15.4522,0.4340,4.7313,16.3271,16.3222,0.0049,-0.5346,12821.8650,NA,14.5877,NA
SandFall-Win64-Shipping.exe,32396,0x27E295FDE80,DXGI,0,0,1,Hardware Composed: Independent Flip,12854.5996,NA,17.28240000000000,17.69310000000000,0.36620000000000,4.46440000000000,6.0619,12837.7512,17.2146,16.8484,0.3662,5.1722,16.1406,16.1361,0.0045,-1.8069,12837.7512,NA,16.2605,NA
SandFall-Win64-Shipping.exe,32396,0x27E295FDE80,DXGI,0,0,1,Hardware Composed: Independent Flip,12868.8247,NA,14.22510000000000,14.63350000000000,0.66900000000000,6.38090000000000,6.4703,12854.9658,14.5279,13.8589,0.6690,4.0982,16.1416,16.1368,0.0048,2.5811,12854.9658,NA,13.9112,NA
SandFall-Win64-Shipping.exe,32396,0x27E295FDE80,DXGI,0,0,1,Hardware Composed: Independent Flip,12887.7384,NA,18.91370000000000,17.50680000000000,0.34190000000000,4.15650000000000,5.0634,12869.4937,18.5866,18.2447,0.3419,5.7119,16.6893,16.5645,0.1248,-2.9789,12869.4937,NA,14.4154,NA
SandFall-Win64-Shipping.exe,32396,0x27E295FDE80,DXGI,0,0,1,Hardware Composed: Independent Flip,12902.1797,NA,14.44130000000000,15.53510000000000,0.71250000000000,5.59490000000000,6.1572,12888.0803,14.8119,14.0994,0.7125,3.8146,15.8797,15.8751,0.0046,3.0515,12888.0803,NA,12.9538,NA
SandFall-Win64-Shipping.exe,32396,0x27E295FDE80,DXGI,0,0,1,Hardware Composed: Independent Flip,12919.0625,NA,16.88280000000000,16.42090000000000,0.48690000000000,5.61560000000000,5.6953,12902.8922,16.6572,16.1703,0.4869,4.8824,16.9035,15.7904,1.1131,-1.6090,12902.8922,NA,12.3741,NA
SandFall-Win64-Shipping.exe,32396,0x27E295FDE80,DXGI,0,0,1,Hardware Composed: Independent Flip,12938.8837,NA,19.82120000000000,19.11180000000000,1.05420000000000,3.97420000000000,4.9859,12919.5494,20.3885,19.3343,1.0542,5.1287,18.1798,16.2347,1.9451,-2.4546,12919.5494,NA,13.4793,NA
SandFall-Win64-Shipping.exe,32396,0x27E295FDE80,DXGI,0,0,1,Hardware Composed: Independent Flip,12956.5310,NA,17.64730000000000,17.52320000000000,0.42430000000000,4.79150000000000,4.8618,12939.9379,17.0174,16.5931,0.4243,2.9200,18.4646,16.9004,1.5642,2.8653,12939.9379,NA,15.0134,NA
SandFall-Win64-Shipping.exe,32396,0x27E295FDE80,DXGI,0,0,1,Hardware Composed: Independent Flip,12973.3392,NA,16.80820000000000,17.03140000000000,0.35460000000000,4.88390000000000,5.0850,12956.9553,16.7385,16.3839,0.3546,4.3672,16.9006,16.2608,0.6398,-0.0140,12956.9553,NA,15.0409,NA
SandFall-Win64-Shipping.exe,32396,0x27E295FDE80,DXGI,0,0,1,Hardware Composed: Independent Flip,12988.0269,NA,14.68770000000000,15.13960000000000,0.27350000000000,5.45650000000000,5.5369,12973.6938,14.6066,14.3331,0.2735,4.5293,15.2603,15.2531,0.0072,1.5989,12973.6938,NA,11.1786,NA
SandFall-Win64-Shipping.exe,32396,0x27E295FDE80,DXGI,0,0,1,Hardware Composed: Independent Flip,13006.0988,NA,18.07190000000000,17.49820000000000,0.34450000000000,4.88740000000000,4.9632,12988.3004,18.1429,17.7984,0.3445,5.1830,17.5028,15.4377,2.0651,-2.8916,12988.3004,NA,12.6697,NA
SandFall-Win64-Shipping.exe,32396,0x27E295FDE80,DXGI,0,0,1,Hardware Composed: Independent Flip,13022.8243,NA,16.72550000000000,18.15430000000000,0.27400000000000,5.57990000000000,6.3920,13006.4433,16.6550,16.3810,0.2740,4.5429,17.4180,15.4794,1.9386,-0.0114,13006.4433,NA,12.8321,NA
SandFall-Win64-Shipping.exe,32396,0x27E295FDE80,DXGI,0,0,1,Hardware Composed: Independent Flip,13040.2119,NA,17.38760000000000,17.12600000000000,0.45050000000000,6.08310000000000,6.1304,13023.0983,17.5641,17.1136,0.4505,5.3059,17.8908,16.1111,1.7797,-0.4710,13023.0983,NA,12.9583,NA
SandFall-Win64-Shipping.exe,32396,0x27E295FDE80,DXGI,0,0,1,Hardware Composed: Independent Flip,13055.8975,NA,15.68560000000000,15.84180000000000,0.32040000000000,5.82230000000000,6.2866,13040.6624,15.5555,15.2351,0.3204,5.6326,15.4248,14.9097,0.5151,1.7223,13040.6624,NA,10.8003,NA
SandFall-Win64-Shipping.exe,32396,0x27E295FDE80,DXGI,0,0,1,Hardware Composed: Independent Flip,13073.0558,NA,17.15830000000000,16.73240000000000,0.36090000000000,5.77840000000000,5.8607,13056.2179,17.1988,16.8379,0.3609,5.5019,17.1144,15.0588,2.0556,-1.1769,13056.2179,NA,10.5356,NA
SandFall-Win64-Shipping.exe,32396,0x27E295FDE80,DXGI,0,0,1,Hardware Composed: Independent Flip,13091.7043,NA,18.64850000000000,18.77830000000000,0.53870000000000,4.85870000000000,5.9905,13073.4167,18.8263,18.2876,0.5387,5.4175,17.7288,15.3848,2.3440,-1.5795,13073.4167,NA,12.3128,NA
SandFall-Win64-Shipping.exe,32396,0x27E295FDE80,DXGI,0,0,1,Hardware Composed: Independent Flip,13110.3170,NA,18.61270000000000,16.21790000000000,0.34450000000000,3.51440000000000,3.5957,13092.2430,18.4185,18.0740,0.3445,4.3200,17.2684,15.0717,2.1967,2.6084,13092.2430,NA,11.5302,NA
SandFall-Win64-Shipping.exe,32396,0x27E295FDE80,DXGI,0,0,1,Hardware Composed: Independent Flip,13125.2192,NA,14.90220000000000,16.13770000000000,0.52450000000000,4.72930000000000,4.8312,13110.6615,15.0822,14.5577,0.5245,3.1699,16.1171,15.1848,0.9323,2.2808,13110.6615,NA,11.6703,NA
SandFall-Win64-Shipping.exe,32396,0x27E295FDE80,DXGI,0,0,1,Hardware Composed: Independent Flip,13140.8413,NA,15.62210000000000,15.90820000000000,0.39420000000000,5.03740000000000,5.1173,13125.7437,15.4918,15.0976,0.3942,4.2048,15.9302,14.6638,1.2664,-0.8260,13125.7437,NA,11.5736,NA
SandFall-Win64-Shipping.exe,32396,0x27E295FDE80,DXGI,0,0,1,Hardware Composed: Independent Flip,13159.1507,NA,18.30940000000000,17.31320000000000,0.28530000000000,3.99450000000000,4.1211,13141.2355,18.2005,17.9152,0.2853,4.6432,17.2665,15.4746,1.7919,-1.8214,13141.2355,NA,12.8897,NA
SandFall-Win64-Shipping.exe,32396,0x27E295FDE80,DXGI,0,0,1,Hardware Composed: Independent Flip,13175.2883,NA,16.13760000000000,15.81690000000000,0.34540000000000,3.19140000000000,3.8004,13159.4360,16.1977,15.8523,0.3454,3.7092,15.3345,15.3272,0.0073,2.3836,13159.4360,NA,11.7005,NA
SandFall-Win64-Shipping.exe,32396,0x27E295FDE80,DXGI,0,0,1,Hardware Composed: Independent Flip,13194.4744,NA,19.18610000000000,19.33830000000000,0.25830000000000,3.84990000000000,3.9526,13175.6337,19.0990,18.8407,0.2583,2.8460,19.8446,16.8074,3.0372,-3.1406,13175.6337,NA,19.0264,NA
SandFall-Win64-Shipping.exe,32396,0x27E295FDE80,DXGI,0,0,1,Hardware Composed: Independent Flip,13209.8941,NA,15.41970000000000,18.38870000000000,0.25900000000000,4.57340000000000,6.9216,13194.7327,15.4204,15.1614,0.2590,3.5916,16.1432,16.1356,0.0076,0.7103,13194.7327,NA,NA,NA
SandFall-Win64-Shipping.exe,32396,0x27E295FDE80,DXGI,0,0,1,Hardware Composed: Independent Flip,13225.0221,NA,15.12800000000000,12.76740000000000,0.27310000000000,4.48380000000000,4.5610,13210.1531,15.1421,14.8690,0.2731,4.3144,15.0384,15.0308,0.0076,2.6530,13210.1531,NA,NA,NA
SandFall-Win64-Shipping.exe,32396,0x27E295FDE80,DXGI,0,0,1,Hardware Composed: Independent Flip,13241.8438,NA,16.82170000000000,15.43350000000000,0.27040000000000,3.09840000000000,3.1728,13225.2952,16.8190,16.5486,0.2704,4.2107,15.4363,15.0991,0.3372,-0.2914,13225.2952,NA,16.6318,NA
SandFall-Win64-Shipping.exe,32396,0x27E295FDE80,DXGI,0,0,1,Hardware Composed: Independent Flip,13257.6038,NA,15.76000000000000,16.21710000000000,0.28320000000000,3.13410000000000,3.6299,13242.1142,15.7728,15.4896,0.2832,2.8280,15.7957,15.3886,0.4071,0.6019,13242.1142,NA,NA,NA
SandFall-Win64-Shipping.exe,32396,0x27E295FDE80,DXGI,0,0,1,Hardware Composed: Independent Flip,13273.1511,NA,15.54730000000000,16.01020000000000,0.25210000000000,4.01830000000000,4.0928,13257.8870,15.5162,15.2641,0.2521,2.8509,16.4315,15.6430,0.7885,-0.2374,13257.8870,NA,NA,NA
SandFall-Win64-Shipping.exe,32396,0x27E295FDE80,DXGI,0,0,1,Hardware Composed: Independent Flip,13288.6185,NA,15.46740000000000,15.50750000000000,0.26100000000000,4.01140000000000,4.1329,13273.4032,15.4763,15.2153,0.2610,3.7662,15.4605,14.9312,0.5293,0.0087,13273.4032,NA,NA,NA
SandFall-Win64-Shipping.exe,32396,0x27E295FDE80,DXGI,0,0,1,Hardware Composed: Independent Flip,13304.5920,NA,15.97350000000000,15.76760000000000,0.29930000000000,3.85810000000000,3.9270,13288.8795,16.0118,15.7125,0.2993,3.7504,15.8202,15.3358,0.4844,-0.2913,13288.8795,NA,NA,NA
SandFall-Win64-Shipping.exe,32396,0x27E295FDE80,DXGI,0,0,1,Hardware Composed: Independent Flip,13319.6467,NA,15.05470000000000,15.25500000000000,0.28810000000000,3.77050000000000,4.1273,13304.8913,15.0435,14.7554,0.2881,3.5588,14.9671,14.7983,0.1688,0.7568,13304.8913,NA,NA,NA
SandFall-Win64-Shipping.exe,32396,0x27E295FDE80,DXGI,0,0,1,Hardware Composed: Independent Flip,13337.1120,NA,17.46530000000000,16.71680000000000,0.25490000000000,3.33620000000000,3.3788,13319.9348,17.4321,17.1772,0.2549,3.4824,17.0310,15.3636,1.6674,-1.6733,13319.9348,NA,16.1015,NA
SandFall-Win64-Shipping.exe,32396,0x27E295FDE80,DXGI,0,0,1,Hardware Composed: Independent Flip,13352.8269,NA,15.71490000000000,16.38770000000000,0.25690000000000,3.38280000000000,4.0516,13337.3669,15.7169,15.4600,0.2569,3.0813,15.7615,15.0102,0.7513,1.0444,13337.3669,NA,13.4936,NA
SandFall-Win64-Shipping.exe,32396,0x27E295FDE80,DXGI,0,0,1,Hardware Composed: Independent Flip,13368.3161,NA,15.48920000000000,15.26990000000000,0.39610000000000,3.80250000000000,3.8323,13353.0838,15.6284,15.2323,0.3961,3.1259,15.9089,15.1178,0.7911,0.4470,13353.0838,NA,12.7637,NA
SandFall-Win64-Shipping.exe,32396,0x27E295FDE80,DXGI,0,0,1,Hardware Composed: Independent Flip,13384.6522,NA,16.33610000000000,16.79980000000000,0.24940000000000,3.48910000000000,4.2960,13368.7122,16.1894,15.9400,0.2494,3.4064,16.0227,14.7254,1.2973,-1.1714,13368.7122,NA,14.5578,NA
SandFall-Win64-Shipping.exe,32396,0x27E295FDE80,DXGI,0,0,1,Hardware Composed: Independent Flip,13400.9137,NA,16.26150000000000,15.11080000000000,0.28830000000000,3.01460000000000,3.1453,13384.9016,16.3004,16.0121,0.2883,3.2397,15.7870,14.6431,1.1439,1.0786,13384.9016,NA,13.6804,NA
SandFall-Win64-Shipping.exe,32396,0x27E295FDE80,DXGI,0,0,1,Hardware Composed: Independent Flip,13417.2710,NA,16.35730000000000,16.74950000000000,0.25800000000000,3.46430000000000,3.5375,13401.2020,16.3270,16.0690,0.2580,2.7263,16.8070,15.3131,1.4939,-0.4491,13401.2020,NA,17.4082,NA
SandFall-Win64-Shipping.exe,32396,0x27E295FDE80,DXGI,0,0,1,Hardware Composed: Independent Flip,13435.3319,NA,18.06090000000000,20.18640000000000,0.37440000000000,4.65870000000000,5.6630,13417.5290,18.1773,17.8029,0.3744,3.2063,19.2553,15.4646,3.7907,-3.8594,13417.5290,NA,19.6082,NA
SandFall-Win64-Shipping.exe,32396,0x27E295FDE80,DXGI,0,0,1,Hardware Composed: Independent Flip,13451.4172,NA,16.08530000000000,15.69240000000000,0.24750000000000,5.19330000000000,5.2701,13435.7063,15.9584,15.7109,0.2475,4.2843,16.6199,15.8988,0.7211,2.4849,13435.7063,NA,19.2979,NA
SandFall-Win64-Shipping.exe,32396,0x27E295FDE80,DXGI,0,0,1,Hardware Composed: Independent Flip,13468.6005,NA,17.18330000000000,16.09990000000000,0.27480000000000,4.10660000000000,4.1867,13451.6647,17.2106,16.9358,0.2748,4.9458,16.0966,15.4164,0.6802,-0.1415,13451.6647,NA,19.3913,NA
SandFall-Win64-Shipping.exe,32396,0x27E295FDE80,DXGI,0,0,1,Hardware Composed: Independent Flip,13483.7821,NA,15.18160000000000,17.55940000000000,0.34050000000000,5.28400000000000,6.5645,13468.8753,15.2473,14.9068,0.3405,3.8318,16.3590,16.2663,0.0927,-0.3488,13468.8753,NA,21.9684,NA
SandFall-Win64-Shipping.exe,32396,0x27E295FDE80,DXGI,0,0,1,Hardware Composed: Independent Flip,13500.1033,NA,16.32120000000000,14.72840000000000,0.25790000000000,4.92760000000000,4.9717,13484.1226,16.2386,15.9807,0.2579,4.9435,15.9648,15.5588,0.4060,0.5189,13484.1226,NA,5.6884,NA
SandFall-Win64-Shipping.exe,32396,0x27E295FDE80,DXGI,0,0,1,Hardware Composed: Independent Flip,13515.7508,NA,15.64750000000000,15.97320000000000,0.25920000000000,4.73870000000000,5.2974,13500.3612,15.6488,15.3896,0.2592,4.6697,15.4586,14.7043,0.7543,0.2654,13500.3612,NA,5.6575,NA
SandFall-Win64-Shipping.exe,32396,0x27E295FDE80,DXGI,0,0,1,Hardware Composed: Independent Flip,13532.3110,NA,16.56020000000000,16.45070000000000,0.32570000000000,5.10780000000000,5.1879,13516.0100,16.6267,16.3010,0.3257,4.4795,16.9293,15.2021,1.7272,-0.8019,13516.0100,NA,6.1171,NA
SandFall-Win64-Shipping.exe,32396,0x27E295FDE80,DXGI,0,0,1,Hardware Composed: Independent Flip,13548.6450,NA,16.33400000000000,16.18560000000000,0.28580000000000,4.95720000000000,5.0395,13532.6367,16.2941,16.0083,0.2858,4.7821,16.1834,15.2517,0.9317,0.4411,13532.6367,NA,7.2990,NA
SandFall-Win64-Shipping.exe,32396,0x27E295FDE80,DXGI,0,0,1,Hardware Composed: Independent Flip,13567.6883,NA,19.04330000000000,17.75880000000000,0.29080000000000,3.72700000000000,3.7550,13548.9308,19.0483,18.7575,0.2908,4.6714,17.8131,15.2657,2.5474,-1.4647,13548.9308,NA,10.0597,NA
SandFall-Win64-Shipping.exe,32396,0x27E295FDE80,DXGI,0,0,1,Hardware Composed: Independent Flip,13584.3129,NA,16.62460000000000,17.60240000000000,0.30050000000000,4.65260000000000,4.7328,13567.9791,16.6343,16.3338,0.3005,3.4362,17.5502,15.3335,2.2167,1.4459,13567.9791,NA,11.6533,NA
SandFall-Win64-Shipping.exe,32396,0x27E295FDE80,DXGI,0,0,1,Hardware Composed: Independent Flip,13601.6123,NA,17.29940000000000,17.44430000000000,0.26010000000000,4.81000000000000,4.8777,13584.6134,17.2590,16.9989,0.2601,4.3521,17.4568,16.2825,1.1743,-0.8100,13584.6134,NA,16.1008,NA
SandFall-Win64-Shipping.exe,32396,0x27E295FDE80,DXGI,0,0,1,Hardware Composed: Independent Flip,13617.9876,NA,16.37530000000000,15.57790000000000,0.27730000000000,3.94690000000000,4.0803,13601.8724,16.3925,16.1152,0.2773,4.5499,15.5122,14.9416,0.5706,1.6811,13601.8724,NA,14.6202,NA
SandFall-Win64-Shipping.exe,32396,0x27E295FDE80,DXGI,0,0,1,Hardware Composed: Independent Flip,13633.8430,NA,15.85540000000000,17.35900000000000,0.28150000000000,5.50690000000000,5.5839,13618.2649,15.8596,15.5781,0.2815,3.6696,17.4154,16.6749,0.7405,-0.9665,13618.2649,NA,17.0362,NA
SandFall-Win64-Shipping.exe,32396,0x27E295FDE80,DXGI,0,0,1,Hardware Composed: Independent Flip,13647.5609,NA,13.71790000000000,16.37280000000000,0.26550000000000,7.20350000000000,8.2388,13634.1245,13.7019,13.4364,0.2655,5.2254,15.4145,15.4089,0.0056,-0.5132,13634.1245,NA,17.3891,NA
SandFall-Win64-Shipping.exe,32396,0x27E295FDE80,DXGI,0,0,1,Hardware Composed: Independent Flip,13660.4006,NA,12.83970000000000,13.26800000000000,0.43440000000000,8.59400000000000,8.6671,13647.8264,13.0086,12.5742,0.4344,6.9380,14.2302,14.2259,0.0043,0.4339,13647.8264,NA,13.6743,NA
SandFall-Win64-Shipping.exe,32396,0x27E295FDE80,DXGI,0,0,1,Hardware Composed: Independent Flip,13672.9551,NA,12.55450000000000,15.73320000000000,0.40500000000000,10.32970000000000,11.8458,13660.8350,12.5251,12.1201,0.4050,8.1596,14.2902,14.2848,0.0054,-2.7246,13660.8350,NA,15.4152,NA
SandFall-Win64-Shipping.exe,32396,0x27E295FDE80,DXGI,0,0,1,Hardware Composed: Independent Flip,13688.2109,NA,15.25580000000000,12.59220000000000,0.29850000000000,9.12810000000000,9.1822,13673.3601,15.1493,14.8508,0.2985,9.9247,14.0542,14.0498,0.0044,-0.0671,13673.3601,NA,13.0085,NA
SandFall-Win64-Shipping.exe,32396,0x27E295FDE80,DXGI,0,0,1,Hardware Composed: Independent Flip,13702.4061,NA,14.19520000000000,14.11110000000000,0.29440000000000,8.80500000000000,9.0981,13688.5094,14.1911,13.8967,0.2944,8.8296,13.8721,13.8633,0.0088,1.0382,13688.5094,NA,NA,NA
SandFall-Win64-Shipping.exe,32396,0x27E295FDE80,DXGI,0,0,1,Hardware Composed: Independent Flip,13717.4076,NA,15.00150000000000,14.15500000000000,0.26640000000000,7.69030000000000,8.2516,13702.7005,14.9735,14.7071,0.2664,8.5106,13.8868,13.8795,0.0073,0.0361,13702.7005,NA,25.2683,NA
SandFall-Win64-Shipping.exe,32396,0x27E295FDE80,DXGI,0,0,1,Hardware Composed: Independent Flip,13732.6419,NA,15.23430000000000,13.53370000000000,0.27140000000000,6.49130000000000,6.5510,13717.6740,15.2393,14.9679,0.2714,7.4239,14.0353,14.0301,0.0052,1.4398,13717.6740,NA,NA,NA
SandFall-Win64-Shipping.exe,32396,0x27E295FDE80,DXGI,0,0,1,Hardware Composed: Independent Flip,13747.6283,NA,14.98640000000000,13.67490000000000,0.27140000000000,4.99320000000000,5.2395,13732.9133,14.9864,14.7150,0.2714,6.2199,13.4883,13.4824,0.0059,1.5644,13732.9133,NA,NA,NA
SandFall-Win64-Shipping.exe,32396,0x27E295FDE80,DXGI,0,0,1,Hardware Composed: Independent Flip,13763.4518,NA,15.82350000000000,15.41500000000000,0.28140000000000,4.75820000000000,4.8310,13747.8997,15.8335,15.5521,0.2814,4.7218,15.5885,14.8526,0.7359,-0.4286,13747.8997,NA,NA,NA
SandFall-Win64-Shipping.exe,32396,0x27E295FDE80,DXGI,0,0,1,Hardware Composed: Independent Flip,13777.8787,NA,14.42690000000000,15.23380000000000,0.25590000000000,4.53710000000000,5.6379,13763.7332,14.4014,14.1455,0.2559,4.4768,14.2058,14.2004,0.0054,0.5997,13763.7332,NA,24.1147,NA
SandFall-Win64-Shipping.exe,32396,0x27E295FDE80,DXGI,0,0,1,Hardware Composed: Independent Flip,13794.4501,NA,16.57140000000000,15.42770000000000,0.27790000000000,4.42430000000000,4.4942,13778.1346,16.5934,16.3155,0.2779,4.2812,16.4586,14.2668,2.1918,-1.0263,13778.1346,NA,NA,NA
SandFall-Win64-Shipping.exe,32396,0x27E295FDE80,DXGI,0,0,1,Hardware Composed: Independent Flip,13809.7880,NA,15.33790000000000,15.76630000000000,0.25290000000000,3.71800000000000,4.9226,13794.7280,15.3129,15.0600,0.2529,4.1464,14.6316,14.2493,0.3823,0.8271,13794.7280,NA,NA,NA
SandFall-Win64-Shipping.exe,32396,0x27E295FDE80,DXGI,0,0,1,Hardware Composed: Independent Flip,13824.8189,NA,15.03090000000000,14.23890000000000,0.25390000000000,4.08860000000000,4.1306,13810.0409,15.0319,14.7780,0.2539,3.4651,15.4015,14.1829,1.2186,1.0740,13810.0409,NA,29.5567,NA
SandFall-Win64-Shipping.exe,32396,0x27E295FDE80,DXGI,0,0,1,Hardware Composed: Independent Flip,13840.9986,NA,16.17970000000000,16.71600000000000,0.26360000000000,4.17760000000000,4.6669,13825.0728,16.1894,15.9258,0.2636,3.8347,16.2687,14.5423,1.7264,-1.6841,13825.0728,NA,NA,NA
SandFall-Win64-Shipping.exe,32396,0x27E295FDE80,DXGI,0,0,1,Hardware Composed: Independent Flip,13856.3578,NA,15.35920000000000,15.10920000000000,0.25870000000000,4.37530000000000,4.4169,13841.2622,15.3543,15.0956,0.2587,3.9140,15.5569,14.4113,1.1456,1.0802,13841.2622,NA,NA,NA
SandFall-Win64-Shipping.exe,32396,0x27E295FDE80,DXGI,0,0,1,Hardware Composed: Independent Flip,13870.7615,NA,14.40370000000000,14.50350000000000,0.28510000000000,4.44770000000000,4.5167,13856.6165,14.4301,14.1450,0.2851,4.1166,14.4761,14.1478,0.3283,0.8508,13856.6165,NA,NA,NA
SandFall-Win64-Shipping.exe,32396,0x27E295FDE80,DXGI,0,0,1,Hardware Composed: Independent Flip,13887.0149,NA,16.25340000000000,17.05940000000000,0.25730000000000,4.96590000000000,5.3227,13871.0466,16.2256,15.9683,0.2573,4.1626,16.7716,15.1868,1.5848,-2.6293,13871.0466,NA,NA,NA
SandFall-Win64-Shipping.exe,32396,0x27E295FDE80,DXGI,0,0,1,Hardware Composed: Independent Flip,13904.2696,NA,17.25470000000000,17.24880000000000,0.26300000000000,4.38080000000000,5.3168,13887.2722,17.2604,16.9974,0.2630,4.7086,16.6696,14.0946,2.5750,-1.0232,13887.2722,NA,NA,NA
SandFall-Win64-Shipping.exe,32396,0x27E295FDE80,DXGI,0,0,1,Hardware Composed: Independent Flip,13918.9505,NA,14.68090000000000,13.86510000000000,0.27860000000000,4.45730000000000,4.5010,13904.5326,14.6965,14.4179,0.2786,4.1178,14.7574,14.0005,0.7569,3.3953,13904.5326,NA,NA,NA
SandFall-Win64-Shipping.exe,32396,0x27E295FDE80,DXGI,0,0,1,Hardware Composed: Independent Flip,13933.1482,NA,14.19770000000000,14.17210000000000,0.28660000000000,4.44890000000000,4.4754,13919.2291,14.2057,13.9191,0.2866,4.1787,14.1893,14.0328,0.1565,0.5244,13919.2291,NA,NA,NA
SandFall-Win64-Shipping.exe,32396,0x27E295FDE80,DXGI,0,0,1,Hardware Composed: Independent Flip,13947.0899,NA,13.94170000000000,15.09210000000000,0.25210000000000,4.87320000000000,5.6258,13933.4348,13.9072,13.6551,0.2521,4.1623,14.3660,14.2179,0.1481,-0.8864,13933.4348,NA,NA,NA
SandFall-Win64-Shipping.exe,32396,0x27E295FDE80,DXGI,0,0,1,Hardware Composed: Independent Flip,13962.0141,NA,14.92420000000000,13.89900000000000,0.24690000000000,4.53580000000000,4.6006,13947.3420,14.9190,14.6721,0.2469,4.6211,14.5868,13.9178,0.6690,0.0082,13947.3420,NA,NA,NA
SandFall-Win64-Shipping.exe,32396,0x27E295FDE80,DXGI,0,0,1,Hardware Composed: Independent Flip,13976.3879,NA,14.37380000000000,15.30550000000000,0.23720000000000,5.21850000000000,5.5323,13962.2610,14.3641,14.1269,0.2372,4.2889,15.0565,14.9993,0.0572,-0.3865,13962.2610,NA,NA,NA
SandFall-Win64-Shipping.exe,32396,0x27E295FDE80,DXGI,0,0,1,Hardware Composed: Independent Flip,13991.0938,NA,14.70590000000000,13.69810000000000,0.28720000000000,3.98300000000000,4.5245,13976.6251,14.7559,14.4687,0.2872,4.9813,13.4704,13.4652,0.0052,0.6660,13976.6251,NA,NA,NA
SandFall-Win64-Shipping.exe,32396,0x27E295FDE80,DXGI,0,0,1,Hardware Composed: Independent Flip,14005.3286,NA,14.23480000000000,14.26200000000000,0.26550000000000,4.52610000000000,4.5517,13991.3810,14.2131,13.9476,0.2655,3.6958,14.7779,14.0684,0.7095,0.4939,13991.3810,NA,NA,NA
SandFall-Win64-Shipping.exe,32396,0x27E295FDE80,DXGI,0,0,1,Hardware Composed: Independent Flip,14021.1298,NA,15.80120000000000,16.35590000000000,0.28820000000000,4.30110000000000,5.1064,14005.5941,15.8239,15.5357,0.2882,4.2606,15.5762,14.0165,1.5597,-2.1428,14005.5941,NA,NA,NA
SandFall-Win64-Shipping.exe,32396,0x27E295FDE80,DXGI,0,0,1,Hardware Composed: Independent Flip,14035.6314,NA,14.50160000000000,14.10440000000000,0.26950000000000,4.68350000000000,4.7092,14021.4180,14.4829,14.2134,0.2695,4.0129,14.8840,14.3196,0.5644,1.7195,14021.4180,NA,NA,NA
SandFall-Win64-Shipping.exe,32396,0x27E295FDE80,DXGI,0,0,1,Hardware Composed: Independent Flip,14050.6624,NA,15.03100000000000,14.67110000000000,0.28520000000000,4.32350000000000,4.3493,14035.9009,15.0467,14.7615,0.2852,4.4140,14.6710,13.9726,0.6984,-0.1882,14035.9009,NA,NA,NA
SandFall-Win64-Shipping.exe,32396,0x27E295FDE80,DXGI,0,0,1,Hardware Composed: Independent Flip,14065.0268,NA,14.36440000000000,14.62460000000000,0.26810000000000,4.20330000000000,4.6095,14050.9476,14.3473,14.0792,0.2681,4.0383,14.2442,13.9005,0.3437,0.4221,14050.9476,NA,NA,NA
SandFall-Win64-Shipping.exe,32396,0x27E295FDE80,DXGI,0,0,1,Hardware Composed: Independent Flip,14079.5872,NA,14.56040000000000,14.23680000000000,0.27710000000000,4.22840000000000,4.2859,14065.2949,14.5694,14.2923,0.2771,3.9352,14.5855,13.6700,0.9155,0.1105,14065.2949,NA,NA,NA
SandFall-Win64-Shipping.exe,32396,0x27E295FDE80,DXGI,0,0,1,Hardware Composed: Independent Flip,14093.3426,NA,13.75540000000000,14.20770000000000,0.27570000000000,4.30820000000000,4.7382,14079.8643,13.7540,13.4783,0.2757,3.9513,13.8352,13.6446,0.1906,0.3617,14079.8643,NA,NA,NA
SandFall-Win64-Shipping.exe,32396,0x27E295FDE80,DXGI,0,0,1,Hardware Composed: Independent Flip,14107.3297,NA,13.98710000000000,13.66300000000000,0.26300000000000,4.35120000000000,4.4141,14093.6183,13.9744,13.7114,0.2630,4.0325,14.0301,13.8633,0.1668,0.0910,14093.6183,NA,NA,NA
SandFall-Win64-Shipping.exe,32396,0x27E295FDE80,DXGI,0,0,1,Hardware Composed: Independent Flip,14123.2496,NA,15.91990000000000,15.76780000000000,0.26580000000000,3.80280000000000,4.2620,14107.5927,15.9227,15.6569,0.2658,4.0882,15.3715,13.6916,1.6799,-1.7934,14107.5927,NA,NA,NA
SandFall-Win64-Shipping.exe,32396,0x27E295FDE80,DXGI,0,0,1,Hardware Composed: Independent Flip,14138.1656,NA,14.91600000000000,15.50270000000000,0.28790000000000,4.18810000000000,4.8487,14123.5154,14.9381,14.6502,0.2879,3.5370,15.3013,13.8439,1.4574,0.4200,14123.5154,NA,NA,NA
SandFall-Win64-Shipping.exe,32396,0x27E295FDE80,DXGI,0,0,1,Hardware Composed: Independent Flip,14154.5213,NA,16.35570000000000,15.26470000000000,0.26830000000000,3.73130000000000,3.7577,14138.4535,16.3361,16.0678,0.2683,3.9002,15.8989,14.0121,1.8868,-0.3266,14138.4535,NA,NA,NA
SandFall-Win64-Shipping.exe,32396,0x27E295FDE80,DXGI,0,0,1,Hardware Composed: Independent Flip,14170.3013,NA,15.78000000000000,16.52540000000000,0.26490000000000,4.03750000000000,4.5031,14154.7896,15.7766,15.5117,0.2649,3.4630,16.0862,13.7408,2.3454,-0.1893,14154.7896,NA,NA,NA
SandFall-Win64-Shipping.exe,32396,0x27E295FDE80,DXGI,0,0,1,Hardware Composed: Independent Flip,14184.1869,NA,13.88560000000000,13.20490000000000,0.30900000000000,3.76000000000000,3.8224,14170.5662,13.9297,13.6207,0.3090,3.7726,13.6081,13.6029,0.0052,2.5717,14170.5662,NA,NA,NA
SandFall-Win64-Shipping.exe,32396,0x27E295FDE80,DXGI,0,0,1,Hardware Composed: Independent Flip,14198.9980,NA,14.81110000000000,14.62010000000000,0.24380000000000,3.59280000000000,3.6314,14184.4959,14.7459,14.5021,0.2438,3.4510,14.6439,13.6697,0.9742,-0.6904,14184.4959,NA,NA,NA
SandFall-Win64-Shipping.exe,32396,0x27E295FDE80,DXGI,0,0,1,Hardware Composed: Independent Flip,14212.8761,NA,13.87810000000000,15.28690000000000,0.37100000000000,3.85360000000000,5.0402,14199.2418,14.0053,13.6343,0.3710,3.3490,14.1389,13.7680,0.3709,-0.5410,14199.2418,NA,NA,NA
SandFall-Win64-Shipping.exe,32396,0x27E295FDE80,DXGI,0,0,1,Hardware Composed: Independent Flip,14226.8129,NA,13.93680000000000,13.67290000000000,0.25520000000000,4.67270000000000,4.7763,14213.2471,13.8210,13.5658,0.2552,3.4826,14.7559,14.3933,0.3626,0.3324,14213.2471,NA,NA,NA
SandFall-Win64-Shipping.exe,32396,0x27E295FDE80,DXGI,0,0,1,Hardware Composed: Independent Flip,14241.0190,NA,14.20610000000000,14.48800000000000,0.26480000000000,4.24740000000000,5.0582,14227.0681,14.2157,13.9509,0.2648,4.4175,13.7808,13.7641,0.0167,-0.6670,14227.0681,NA,NA,NA
SandFall-Win64-Shipping.exe,32396,0x27E295FDE80,DXGI,0,0,1,Hardware Composed: Independent Flip,14254.1902,NA,13.17120000000000,12.63620000000000,0.28390000000000,4.46060000000000,4.5232,14241.2838,13.1903,12.9064,0.2839,3.9826,13.3844,13.3795,0.0049,1.5795,14241.2838,NA,NA,NA
SandFall-Win64-Shipping.exe,32396,0x27E295FDE80,DXGI,0,0,1,Hardware Composed: Independent Flip,14270.1348,NA,15.94460000000000,15.58000000000000,0.25480000000000,3.80270000000000,4.1586,14254.4741,15.9155,15.6607,0.2548,4.1767,15.2867,13.9219,1.3648,-2.3897,14254.4741,NA,NA,NA
SandFall-Win64-Shipping.exe,32396,0x27E295FDE80,DXGI,0,0,1,Hardware Composed: Independent Flip,14285.2176,NA,15.08280000000000,15.57270000000000,0.25130000000000,3.51400000000000,4.6485,14270.3896,15.0793,14.8280,0.2513,3.5479,14.7941,13.8616,0.9325,0.3428,14270.3896,NA,NA,NA
SandFall-Win64-Shipping.exe,32396,0x27E295FDE80,DXGI,0,0,1,Hardware Composed: Independent Flip,14299.6190,NA,14.40140000000000,14.38650000000000,0.26280000000000,4.58580000000000,4.6336,14285.4689,14.4129,14.1501,0.2628,3.2627,15.4732,14.1775,1.2957,0.6928,14285.4689,NA,NA,NA
SandFall-Win64-Shipping.exe,32396,0x27E295FDE80,DXGI,0,0,1,Hardware Composed: Independent Flip,14312.2145,NA,12.59550000000000,13.36150000000000,0.24830000000000,4.94670000000000,5.3996,14299.8818,12.5810,12.3327,0.2483,4.3230,12.9564,12.9492,0.0072,1.0514,14299.8818,NA,NA,NA
SandFall-Win64-Shipping.exe,32396,0x27E295FDE80,DXGI,0,0,1,Hardware Composed: Independent Flip,14325.0868,NA,12.87230000000000,12.73670000000000,0.28800000000000,5.21270000000000,5.2640,14312.4628,12.9120,12.6240,0.2880,4.6984,13.1383,13.1313,0.0070,-0.1557,14312.4628,NA,11.9613,NA
SandFall-Win64-Shipping.exe,32396,0x27E295FDE80,DXGI,0,0,1,Hardware Composed: Independent Flip,14338.5083,NA,13.42150000000000,12.95930000000000,0.45760000000000,4.69840000000000,4.8018,14325.3748,13.5911,13.1335,0.4576,4.9247,12.9072,12.9019,0.0053,-0.0473,14325.3748,NA,10.9196,NA
SandFall-Win64-Shipping.exe,32396,0x27E295FDE80,DXGI,0,0,1,Hardware Composed: Independent Flip,14351.4105,NA,12.90220000000000,13.01910000000000,0.70570000000000,4.87190000000000,4.9187,14338.9659,13.1503,12.4446,0.7057,4.2408,13.0757,13.0698,0.0059,0.5720,14338.9659,NA,9.9402,NA
SandFall-Win64-Shipping.exe,32396,0x27E295FDE80,DXGI,0,0,1,Hardware Composed: Independent Flip,14366.9288,NA,15.51830000000000,14.80240000000000,0.41590000000000,4.03410000000000,4.2028,14352.1162,15.2285,14.8126,0.4159,4.1662,14.6805,13.9086,0.7719,-1.6521,14352.1162,NA,10.7416,NA
SandFall-Win64-Shipping.exe,32396,0x27E295FDE80,DXGI,0,0,1,Hardware Composed: Independent Flip,14381.6417,NA,14.71290000000000,14.32160000000000,0.25480000000000,3.73870000000000,3.8115,14367.3447,14.5518,14.2970,0.2548,3.6182,14.4175,13.6234,0.7941,0.9069,14367.3447,NA,10.0602,NA
SandFall-Win64-Shipping.exe,32396,0x27E295FDE80,DXGI,0,0,1,Hardware Composed: Independent Flip,14395.4360,NA,13.79430000000000,14.40380000000000,0.33090000000000,4.38910000000000,4.4210,14381.8965,13.8704,13.5395,0.3309,3.4839,14.4447,14.2960,0.1487,0.1480,14381.8965,NA,8.4699,NA
SandFall-Win64-Shipping.exe,32396,0x27E295FDE80,DXGI,0,0,1,Hardware Composed: Independent Flip,14410.4593,NA,15.02330000000000,14.79600000000000,0.33110000000000,4.07940000000000,4.1937,14395.7669,15.0235,14.6924,0.3311,4.0582,14.7136,14.1707,0.5429,-0.9256,14395.7669,NA,9.2618,NA
SandFall-Win64-Shipping.exe,32396,0x27E295FDE80,DXGI,0,0,1,Hardware Composed: Independent Flip,14429.8893,NA,19.43000000000000,18.91240000000000,0.28320000000000,3.54300000000000,3.6761,14410.7904,19.3821,19.0989,0.2832,3.7483,18.8936,14.4733,4.4203,-3.8889,14410.7904,NA,14.1796,NA
SandFall-Win64-Shipping.exe,32396,0x27E295FDE80,DXGI,0,0,1,Hardware Composed: Independent Flip,14449.1841,NA,19.29480000000000,19.12320000000000,0.30280000000000,3.47950000000000,3.5045,14430.1725,19.3144,19.0116,0.3028,3.2598,19.2313,14.8675,4.3638,0.2589,14430.1725,NA,19.3011,NA
SandFall-Win64-Shipping.exe,32396,0x27E295FDE80,DXGI,0,0,1,Hardware Composed: Independent Flip,14465.3014,NA,16.11730000000000,17.91940000000000,0.26260000000000,5.09830000000000,5.3066,14449.4869,16.0771,15.8145,0.2626,3.1767,17.7361,15.1176,2.6185,1.3950,14449.4869,NA,20.2149,NA
SandFall-Win64-Shipping.exe,32396,0x27E295FDE80,DXGI,0,0,1,Hardware Composed: Independent Flip,14476.8982,NA,11.59680000000000,14.34910000000000,0.28260000000000,7.98670000000000,8.0589,14465.5640,11.6168,11.3342,0.2826,4.8357,14.4852,14.4787,0.0065,1.7280,14465.5640,NA,18.5691,NA
SandFall-Win64-Shipping.exe,32396,0x27E295FDE80,DXGI,0,0,1,Hardware Composed: Independent Flip,14488.1439,NA,11.24570000000000,15.35500000000000,0.33090000000000,12.09060000000000,12.1682,14477.1808,11.2940,10.9631,0.3309,7.7041,15.3496,15.3436,0.0060,-3.7382,14477.1808,NA,18.8988,NA
SandFall-Win64-Shipping.exe,32396,0x27E295FDE80,DXGI,0,0,1,Hardware Composed: Independent Flip,14501.0947,NA,12.95080000000000,15.94930000000000,0.38150000000000,13.58590000000000,15.1667,14488.4748,13.0014,12.6199,0.3815,11.7597,14.4461,14.4370,0.0091,-4.6553,14488.4748,NA,19.8726,NA
SandFall-Win64-Shipping.exe,32396,0x27E295FDE80,DXGI,0,0,1,Hardware Composed: Independent Flip,14518.7924,NA,17.69770000000000,12.93240000000000,0.36160000000000,10.29400000000000,10.4014,14501.4762,17.6778,17.3162,0.3616,13.2044,14.4058,14.3979,0.0079,0.0690,14501.4762,NA,18.7934,NA
SandFall-Win64-Shipping.exe,32396,0x27E295FDE80,DXGI,0,0,1,Hardware Composed: Independent Flip,14534.2501,NA,15.45770000000000,15.87850000000000,0.41860000000000,9.55900000000000,10.8222,14519.1540,15.5147,15.0961,0.4186,9.9324,14.7227,14.7157,0.0070,1.7993,14519.1540,NA,20.6779,NA
SandFall-Win64-Shipping.exe,32396,0x27E295FDE80,DXGI,0,0,1,Hardware Composed: Independent Flip,14549.4389,NA,15.18880000000000,13.85040000000000,0.32200000000000,9.14240000000000,9.4838,14534.6687,15.0922,14.7702,0.3220,9.1404,14.7722,14.7663,0.0059,1.6643,14534.6687,NA,16.5308,NA
SandFall-Win64-Shipping.exe,32396,0x27E295FDE80,DXGI,0,0,1,Hardware Composed: Independent Flip,14562.8547,NA,13.41580000000000,14.44260000000000,0.36450000000000,10.40540000000000,10.5106,14549.7609,13.4583,13.0938,0.3645,8.8204,14.6788,14.6702,0.0086,0.6496,14549.7609,NA,15.9661,NA
SandFall-Win64-Shipping.exe,32396,0x27E295FDE80,DXGI,0,0,1,Hardware Composed: Independent Flip,14581.9984,NA,19.14370000000000,14.58810000000000,0.35970000000000,5.33320000000000,5.9550,14563.2192,19.1389,18.7792,0.3597,10.0409,14.0715,14.0654,0.0061,-1.1298,14563.2192,NA,13.5291,NA
SandFall-Win64-Shipping.exe,32396,0x27E295FDE80,DXGI,0,0,1,Hardware Composed: Independent Flip,14598.1368,NA,16.13840000000000,14.70660000000000,0.30510000000000,4.45330000000000,4.5232,14582.3581,16.0838,15.7787,0.3051,4.9735,15.2585,15.0801,0.1784,4.4323,14582.3581,NA,11.2707,NA
SandFall-Win64-Shipping.exe,32396,0x27E295FDE80,DXGI,0,0,1,Hardware Composed: Independent Flip,14613.7922,NA,15.65540000000000,16.10380000000000,0.43800000000000,4.28920000000000,4.9716,14598.4419,15.7883,15.3503,0.4380,4.1482,15.4913,15.0123,0.4790,-0.0200,14598.4419,NA,10.3700,NA
SandFall-Win64-Shipping.exe,32396,0x27E295FDE80,DXGI,0,0,1,Hardware Composed: Independent Flip,14630.6963,NA,16.90410000000000,15.96440000000000,0.29620000000000,3.98470000000000,4.0319,14614.2302,16.7623,16.4661,0.2962,3.8512,16.5996,15.4821,1.1175,-0.1761,14614.2302,NA,10.3361,NA
SandFall-Win64-Shipping.exe,32396,0x27E295FDE80,DXGI,0,0,1,Hardware Composed: Independent Flip,14646.0291,NA,15.33280000000000,15.94170000000000,0.30950000000000,4.01570000000000,4.6408,14630.9925,15.3461,15.0366,0.3095,3.6885,15.3638,15.1029,0.2609,0.8206,14630.9925,NA,10.2780,NA
SandFall-Win64-Shipping.exe,32396,0x27E295FDE80,DXGI,0,0,1,Hardware Composed: Independent Flip,14660.9329,NA,14.90380000000000,14.59120000000000,0.35450000000000,4.27530000000000,4.3282,14646.3386,14.9488,14.5943,0.3545,3.7062,15.1634,15.1564,0.0070,0.7549,14646.3386,NA,8.8708,NA
SandFall-Win64-Shipping.exe,32396,0x27E295FDE80,DXGI,0,0,1,Hardware Composed: Independent Flip,14676.4959,NA,15.56300000000000,15.07350000000000,0.37160000000000,3.78730000000000,3.8387,14661.2874,15.5801,15.2085,0.3716,3.9208,15.0750,14.9726,0.1024,-0.1247,14661.2874,NA,7.9492,NA
SandFall-Win64-Shipping.exe,32396,0x27E295FDE80,DXGI,0,0,1,Hardware Composed: Independent Flip,14693.0231,NA,16.52720000000000,16.40710000000000,0.28970000000000,3.65970000000000,3.7186,14676.8675,16.4453,16.1556,0.2897,3.4157,16.3996,14.7254,1.6742,-0.8270,14676.8675,NA,8.3588,NA
SandFall-Win64-Shipping.exe,32396,0x27E295FDE80,DXGI,0,0,1,Hardware Composed: Independent Flip,14708.4550,NA,15.43190000000000,16.57980000000000,0.29220000000000,4.25650000000000,4.8665,14693.3128,15.4344,15.1422,0.2922,3.3700,16.0287,14.5916,1.4371,-0.1345,14693.3128,NA,9.9332,NA
SandFall-Win64-Shipping.exe,32396,0x27E295FDE80,DXGI,0,0,1,Hardware Composed: Independent Flip,14724.2416,NA,15.78660000000000,15.54890000000000,0.30510000000000,4.56820000000000,4.6288,14708.7472,15.7995,15.4944,0.3051,3.9643,16.0983,14.9359,1.1624,-0.1145,14708.7472,NA,10.4499,NA
SandFall-Win64-Shipping.exe,32396,0x27E295FDE80,DXGI,0,0,1,Hardware Composed: Independent Flip,14740.1908,NA,15.94920000000000,15.55250000000000,0.30620000000000,4.13800000000000,4.2321,14724.5467,15.9503,15.6441,0.3062,4.2631,15.5190,15.0403,0.4787,0.2470,14724.5467,NA,13.0274,NA
SandFall-Win64-Shipping.exe,32396,0x27E295FDE80,DXGI,0,0,1,Hardware Composed: Independent Flip,14756.3495,NA,16.15870000000000,16.26830000000000,0.30520000000000,4.27780000000000,4.3417,14740.4970,16.1577,15.8525,0.3052,3.8318,16.2985,15.1649,1.1336,-0.3180,14740.4970,NA,NA,NA
SandFall-Win64-Shipping.exe,32396,0x27E295FDE80,DXGI,0,0,1,Hardware Composed: Independent Flip,14771.0638,NA,14.71430000000000,15.37500000000000,0.32660000000000,4.47040000000000,5.0024,14756.6547,14.7357,14.4091,0.3266,3.9726,14.9069,14.8106,0.0963,0.7827,14756.6547,NA,NA,NA
SandFall-Win64-Shipping.exe,32396,0x27E295FDE80,DXGI,0,0,1,Hardware Composed: Independent Flip,14787.0473,NA,15.98350000000000,14.63930000000000,0.25210000000000,3.60820000000000,3.6582,14771.3904,15.9090,15.6569,0.2521,4.1438,15.1213,14.6327,0.4886,0.0964,14771.3904,NA,NA,NA
SandFall-Win64-Shipping.exe,32396,0x27E295FDE80,DXGI,0,0,1,Hardware Composed: Independent Flip,14801.3585,NA,14.31120000000000,14.86890000000000,0.34730000000000,4.04600000000000,4.2159,14787.2994,14.4064,14.0591,0.3473,3.3561,14.7490,14.7370,0.0120,1.0401,14787.2994,NA,NA,NA
SandFall-Win64-Shipping.exe,32396,0x27E295FDE80,DXGI,0,0,1,Hardware Composed: Independent Flip,14815.8784,NA,14.51990000000000,14.42320000000000,0.29700000000000,4.04720000000000,4.1192,14801.7058,14.4696,14.1726,0.2970,3.6987,14.5211,14.5145,0.0066,-0.0168,14801.7058,NA,21.5229,NA
SandFall-Win64-Shipping.exe,32396,0x27E295FDE80,DXGI,0,0,1,Hardware Composed: Independent Flip,14831.8983,NA,16.01990000000000,16.06750000000000,0.29640000000000,4.14300000000000,4.1668,14816.1754,16.0193,15.7229,0.2964,3.7502,16.1157,14.8735,1.2422,-1.5979,14816.1754,NA,NA,NA
SandFall-Win64-Shipping.exe,32396,0x27E295FDE80,DXGI,0,0,1,Hardware Composed: Independent Flip,14846.6782,NA,14.77990000000000,15.01980000000000,0.27750000000000,4.33400000000000,4.4067,14832.1947,14.7610,14.4835,0.2775,3.8466,14.9709,14.9504,0.0205,0.9995,14832.1947,NA,NA,NA
SandFall-Win64-Shipping.exe,32396,0x27E295FDE80,DXGI,0,0,1,Hardware Composed: Independent Flip,14860.7937,NA,14.11550000000000,14.41970000000000,0.30250000000000,4.64840000000000,4.7109,14846.9557,14.1405,13.8380,0.3025,4.0565,14.4299,14.4276,0.0023,0.3413,14846.9557,NA,NA,NA
SandFall-Win64-Shipping.exe,32396,0x27E295FDE80,DXGI,0,0,1,Hardware Composed: Independent Flip,14875.9516,NA,15.15790000000000,15.14440000000000,0.29550000000000,4.07930000000000,4.6974,14861.0962,15.1509,14.8554,0.2955,4.3459,14.5888,14.5814,0.0074,-1.0039,14861.0962,NA,NA,NA
SandFall-Win64-Shipping.exe,32396,0x27E295FDE80,DXGI,0,0,1,Hardware Composed: Independent Flip,14890.4366,NA,14.48500000000000,14.77080000000000,0.25620000000000,4.90000000000000,4.9832,14876.2471,14.4457,14.1895,0.2562,3.7838,15.3057,14.5385,0.7672,0.3801,14876.2471,NA,NA,NA
SandFall-Win64-Shipping.exe,32396,0x27E295FDE80,DXGI,0,0,1,Hardware Composed: Independent Flip,14905.0529,NA,14.61630000000000,14.51330000000000,0.33980000000000,4.68350000000000,4.8802,14890.6928,14.6999,14.3601,0.3398,4.6438,14.3998,14.3896,0.0102,-0.0676,14890.6928,NA,NA,NA
SandFall-Win64-Shipping.exe,32396,0x27E295FDE80,DXGI,0,0,1,Hardware Composed: Independent Flip,14920.1165,NA,15.06360000000000,14.87320000000000,0.54980000000000,4.66500000000000,4.6898,14905.3927,15.2736,14.7238,0.5498,4.3437,15.0451,14.3422,0.7029,-0.1733,14905.3927,NA,NA,NA
SandFall-Win64-Shipping.exe,32396,0x27E295FDE80,DXGI,0,0,1,Hardware Composed: Independent Flip,14937.4432,NA,17.32670000000000,17.06510000000000,0.27980000000000,4.11870000000000,4.4282,14920.6663,17.0567,16.7769,0.2798,4.1152,16.7804,14.5293,2.2511,-1.7915,14920.6663,NA,NA,NA
SandFall-Win64-Shipping.exe,32396,0x27E295FDE80,DXGI,0,0,1,Hardware Composed: Independent Flip,14952.6656,NA,15.22240000000000,16.16160000000000,0.28910000000000,4.53200000000000,5.3674,14937.7230,15.2317,14.9426,0.2891,3.8389,15.6357,14.4982,1.1375,0.8951,14937.7230,NA,NA,NA
SandFall-Win64-Shipping.exe,32396,0x27E295FDE80,DXGI,0,0,1,Hardware Composed: Independent Flip,14966.8300,NA,14.16440000000000,13.23310000000000,0.26430000000000,4.40830000000000,4.4361,14952.9547,14.1396,13.8753,0.2643,4.2429,14.0407,13.9533,0.0874,1.9986,14952.9547,NA,NA,NA
SandFall-Win64-Shipping.exe,32396,0x27E295FDE80,DXGI,0,0,1,Hardware Composed: Independent Flip,14982.1970,NA,15.36700000000000,15.63140000000000,0.42840000000000,4.63650000000000,4.7005,14967.0943,15.5311,15.1027,0.4284,4.1440,15.5952,14.7201,0.8751,-1.4918,14967.0943,NA,NA,NA
SandFall-Win64-Shipping.exe,32396,0x27E295FDE80,DXGI,0,0,1,Hardware Composed: Independent Flip,14997.6449,NA,15.44790000000000,15.95210000000000,0.27720000000000,4.52880000000000,5.2047,14982.6254,15.2967,15.0195,0.2772,4.2081,15.3402,14.5459,0.7943,-0.4210,14982.6254,NA,NA,NA
SandFall-Win64-Shipping.exe,32396,0x27E295FDE80,DXGI,0,0,1,Hardware Composed: Independent Flip,15011.7969,NA,14.15200000000000,13.71860000000000,0.27820000000000,4.74430000000000,4.7713,14997.9221,14.1530,13.8748,0.2782,4.2516,14.3675,14.3615,0.0060,1.5781,14997.9221,NA,12.1720,NA
SandFall-Win64-Shipping.exe,32396,0x27E295FDE80,DXGI,0,0,1,Hardware Composed: Independent Flip,15026.9898,NA,15.19290000000000,15.42520000000000,0.27480000000000,4.52070000000000,5.0036,15012.0751,15.1895,14.9147,0.2748,4.4661,14.9693,14.5940,0.3753,-1.2722,15012.0751,NA,15.6010,NA
SandFall-Win64-Shipping.exe,32396,0x27E295FDE80,DXGI,0,0,1,Hardware Composed: Independent Flip,15042.1737,NA,15.18390000000000,14.79880000000000,0.29650000000000,4.21160000000000,4.6185,15027.2646,15.2056,14.9091,0.2965,4.2459,14.8748,14.3046,0.5702,0.3907,15027.2646,NA,NA,NA
SandFall-Win64-Shipping.exe,32396,0x27E295FDE80,DXGI,0,0,1,Hardware Composed: Independent Flip,15056.3454,NA,14.17170000000000,14.09650000000000,0.31250000000000,4.48070000000000,4.5433,15042.4702,14.1877,13.8752,0.3125,3.9151,14.4408,14.1857,0.2551,1.1091,15042.4702,NA,8.4907,NA
SandFall-Win64-Shipping.exe,32396,0x27E295FDE80,DXGI,0,0,1,Hardware Composed: Independent Flip,15070.5806,NA,14.23520000000000,14.51110000000000,0.27460000000000,4.75080000000000,4.8192,15056.6579,14.1973,13.9227,0.2746,4.1682,14.5053,14.3504,0.1549,-0.3234,15056.6579,NA,9.0084,NA
SandFall-Win64-Shipping.exe,32396,0x27E295FDE80,DXGI,0,0,1,Hardware Composed: Independent Flip,15086.3655,NA,15.78490000000000,15.08000000000000,0.30090000000000,4.05430000000000,4.1143,15070.8552,15.8112,15.5103,0.3009,4.4762,15.0884,14.4438,0.6446,-0.8827,15070.8552,NA,8.0866,NA
SandFall-Win64-Shipping.exe,32396,0x27E295FDE80,DXGI,0,0,1,Hardware Composed: Independent Flip,15100.5342,NA,14.16870000000000,15.16490000000000,0.27420000000000,4.77560000000000,5.1105,15086.6664,14.1420,13.8678,0.2742,3.7534,14.8900,14.5782,0.3118,0.6463,15086.6664,NA,21.2418,NA
SandFall-Win64-Shipping.exe,32396,0x27E295FDE80,DXGI,0,0,1,Hardware Composed: Independent Flip,15116.4645,NA,15.93030000000000,15.17820000000000,0.30280000000000,4.31740000000000,4.3584,15100.8084,15.9589,15.6561,0.3028,4.5014,15.4721,14.8169,0.6552,-1.0362,15100.8084,NA,NA,NA
SandFall-Win64-Shipping.exe,32396,0x27E295FDE80,DXGI,0,0,1,Hardware Composed: Independent Flip,15131.2361,NA,14.77160000000000,15.19890000000000,0.32750000000000,4.46220000000000,4.7857,15116.7673,14.7963,14.4688,0.3275,4.0146,14.9164,14.2505,0.6659,0.7600,15116.7673,NA,NA,NA
SandFall-Win64-Shipping.exe,32396,0x27E295FDE80,DXGI,0,0,1,Hardware Composed: Independent Flip,15146.7990,NA,15.56290000000000,15.14760000000000,0.28400000000000,4.30500000000000,4.3704,15131.5636,15.5194,15.2354,0.2840,4.1347,15.4057,14.4322,0.9735,-0.3513,15131.5636,NA,NA,NA
SandFall-Win64-Shipping.exe,32396,0x27E295FDE80,DXGI,0,0,1,Hardware Composed: Independent Flip,15161.5823,NA,14.78330000000000,14.89650000000000,0.32220000000000,4.19940000000000,4.4836,15147.0830,14.8215,14.4993,0.3222,4.0210,14.6777,14.0525,0.6252,0.6229,15147.0830,NA,NA,NA
SandFall-Win64-Shipping.exe,32396,0x27E295FDE80,DXGI,0,0,1,Hardware Composed: Independent Flip,15177.8980,NA,16.31570000000000,16.00600000000000,0.29550000000000,4.13190000000000,4.1739,15161.9045,16.2890,15.9935,0.2955,3.8772,16.2482,14.3474,1.9008,-1.1845,15161.9045,NA,NA,NA
SandFall-Win64-Shipping.exe,32396,0x27E295FDE80,DXGI,0,0,1,Hardware Composed: Independent Flip,15195.1898,NA,17.29180000000000,18.51790000000000,0.25730000000000,4.41080000000000,5.4000,15178.1935,17.2536,16.9963,0.2573,3.8364,17.5707,14.8497,2.7210,-2.2289,15178.1935,NA,NA,NA
SandFall-Win64-Shipping.exe,32396,0x27E295FDE80,DXGI,0,0,1,Hardware Composed: Independent Flip,15210.2750,NA,15.08520000000000,14.21960000000000,0.25500000000000,4.46680000000000,4.5344,15195.4471,15.0829,14.8279,0.2550,4.1535,15.1412,14.1939,0.9473,3.0340,15195.4471,NA,NA,NA
SandFall-Win64-Shipping.exe,32396,0x27E295FDE80,DXGI,0,0,1,Hardware Composed: Independent Flip,15225.7378,NA,15.46280000000000,15.72650000000000,0.26170000000000,4.71790000000000,4.7981,15210.5300,15.4695,15.2078,0.2617,4.2118,15.7139,14.5743,1.1396,-0.6436,15210.5300,NA,NA,NA
SandFall-Win64-Shipping.exe,32396,0x27E295FDE80,DXGI,0,0,1,Hardware Composed: Independent Flip,15239.3339,NA,13.59610000000000,14.56410000000000,0.28060000000000,4.60930000000000,5.7661,15225.9995,13.6150,13.3344,0.2806,4.4562,13.4875,13.4816,0.0059,0.9054,15225.9995,NA,NA,NA
SandFall-Win64-Shipping.exe,32396,0x27E295FDE80,DXGI,0,0,1,Hardware Composed: Independent Flip,15253.5513,NA,14.21740000000000,12.94410000000000,0.29980000000000,4.40060000000000,4.4928,15239.6145,14.2366,13.9368,0.2998,4.3287,14.0087,14.0030,0.0057,0.6709,15239.6145,NA,NA,NA
SandFall-Win64-Shipping.exe,32396,0x27E295FDE80,DXGI,0,0,1,Hardware Composed: Independent Flip,15266.3737,NA,12.82240000000000,14.62960000000000,0.26800000000000,4.65650000000000,6.3000,15253.8511,12.7906,12.5226,0.2680,4.1008,13.0783,13.0708,0.0075,-0.3930,15253.8511,NA,NA,NA
SandFall-Win64-Shipping.exe,32396,0x27E295FDE80,DXGI,0,0,1,Hardware Composed: Independent Flip,15278.4478,NA,12.07410000000000,11.84070000000000,0.33120000000000,6.03930000000000,6.0666,15266.6417,12.1373,11.8061,0.3312,4.3885,13.4569,13.4502,0.0067,0.9499,15266.6417,NA,NA,NA
SandFall-Win64-Shipping.exe,32396,0x27E295FDE80,DXGI,0,0,1,Hardware Composed: Independent Flip,15291.8541,NA,13.40630000000000,14.22790000000000,0.30630000000000,6.11980000000000,6.8882,15278.7790,13.3814,13.0751,0.3063,5.7081,13.4868,13.4793,0.0075,-2.0906,15278.7790,NA,NA,NA
SandFall-Win64-Shipping.exe,32396,0x27E295FDE80,DXGI,0,0,1,Hardware Composed: Independent Flip,15307.0668,NA,15.21270000000000,13.17350000000000,0.33300000000000,4.36960000000000,4.8490,15292.1604,15.2394,14.9064,0.3330,5.8135,13.4625,13.4560,0.0065,0.2079,15292.1604,NA,10.5193,NA
SandFall-Win64-Shipping.exe,32396,0x27E295FDE80,DXGI,0,0,1,Hardware Composed: Independent Flip,15321.6360,NA,14.56920000000000,13.79270000000000,0.29620000000000,4.01390000000000,4.0725,15307.3998,14.5324,14.2362,0.2962,4.0366,14.2135,13.9869,0.2266,1.4467,15307.3998,NA,12.3157,NA
SandFall-Win64-Shipping.exe,32396,0x27E295FDE80,DXGI,0,0,1,Hardware Composed: Independent Flip,15338.0085,NA,16.37250000000000,16.69320000000000,0.35740000000000,3.63900000000000,4.3932,15321.9322,16.4337,16.0763,0.3574,3.7177,15.9976,13.9659,2.0317,-2.1608,15321.9322,NA,7.9319,NA
SandFall-Win64-Shipping.exe,32396,0x27E295FDE80,DXGI,0,0,1,Hardware Composed: Independent Flip,15353.2992,NA,15.29070000000000,15.13050000000000,0.29820000000000,4.15390000000000,4.2330,15338.3659,15.2315,14.9333,0.2982,3.2816,15.8056,15.4569,0.3487,1.3032,15338.3659,NA,13.1257,NA
SandFall-Win64-Shipping.exe,32396,0x27E295FDE80,DXGI,0,0,1,Hardware Composed: Independent Flip,15370.1081,NA,16.80890000000000,16.42710000000000,0.28270000000000,3.78080000000000,3.8512,15353.5974,16.7934,16.5107,0.2827,3.8557,16.4358,13.9718,2.4640,-1.1956,15353.5974,NA,16.5652,NA
SandFall-Win64-Shipping.exe,32396,0x27E295FDE80,DXGI,0,0,1,Hardware Composed: Independent Flip,15386.9270,NA,16.81890000000000,17.47130000000000,0.24970000000000,4.43270000000000,4.5036,15370.3908,16.7859,16.5362,0.2497,3.4981,17.4708,14.0403,3.4305,-0.6779,15370.3908,NA,15.0193,NA
SandFall-Win64-Shipping.exe,32396,0x27E295FDE80,DXGI,0,0,1,Hardware Composed: Independent Flip,15402.7291,NA,15.80210000000000,16.46540000000000,0.25830000000000,4.72830000000000,5.1669,15387.1767,15.8107,15.5524,0.2583,4.1830,16.0977,14.2013,1.8964,0.3205,15387.1767,NA,16.5113,NA
SandFall-Win64-Shipping.exe,32396,0x27E295FDE80,DXGI,0,0,1,Hardware Composed: Independent Flip,15416.5695,NA,13.84040000000000,12.69040000000000,0.25490000000000,3.96190000000000,4.0169,15402.9874,13.8370,13.5821,0.2549,4.4700,13.0740,13.0685,0.0055,3.1203,15402.9874,NA,13.1674,NA
SandFall-Win64-Shipping.exe,32396,0x27E295FDE80,DXGI,0,0,1,Hardware Composed: Independent Flip,15431.8452,NA,15.27570000000000,15.11320000000000,0.24940000000000,3.79860000000000,3.8544,15416.8244,15.2702,15.0208,0.2494,3.7070,15.1124,14.0793,1.0331,-1.2762,15416.8244,NA,15.3091,NA
SandFall-Win64-Shipping.exe,32396,0x27E295FDE80,DXGI,0,0,1,Hardware Composed: Independent Flip,15445.4266,NA,13.58140000000000,15.47610000000000,0.25530000000000,4.31620000000000,5.7491,15432.0946,13.5873,13.3320,0.2553,3.5492,14.0990,13.9599,0.1391,-0.2059,15432.0946,NA,13.7799,NA
SandFall-Win64-Shipping.exe,32396,0x27E295FDE80,DXGI,0,0,1,Hardware Composed: Independent Flip,15459.4975,NA,14.07090000000000,13.05340000000000,0.34570000000000,4.66200000000000,4.7316,15445.6819,14.1613,13.8156,0.3457,4.0609,14.4167,14.1062,0.3105,0.5339,15445.6819,NA,13.8087,NA
SandFall-Win64-Shipping.exe,32396,0x27E295FDE80,DXGI,0,0,1,Hardware Composed: Independent Flip,15472.4390,NA,12.94150000000000,14.45000000000000,0.38720000000000,5.00630000000000,6.2401,15459.8432,12.9830,12.5958,0.3872,4.3163,13.2858,13.2774,0.0084,-0.2887,15459.8432,NA,13.2924,NA
SandFall-Win64-Shipping.exe,32396,0x27E295FDE80,DXGI,0,0,1,Hardware Composed: Independent Flip,15487.6174,NA,15.17840000000000,13.65190000000000,0.28660000000000,4.63810000000000,4.7136,15472.8262,15.0778,14.7912,0.2866,4.6191,14.8102,13.9288,0.8814,-0.6689,15472.8262,NA,10.9258,NA
SandFall-Win64-Shipping.exe,32396,0x27E295FDE80,DXGI,0,0,1,Hardware Composed: Independent Flip,15502.5030,NA,14.88560000000000,14.62670000000000,0.25830000000000,3.94010000000000,4.4547,15487.9040,14.8573,14.5990,0.2583,4.3515,14.1876,14.0281,0.1595,0.4511,15487.9040,NA,11.5640,NA
SandFall-Win64-Shipping.exe,32396,0x27E295FDE80,DXGI,0,0,1,Hardware Composed: Independent Flip,15517.1880,NA,14.68500000000000,14.50160000000000,0.25370000000000,4.16200000000000,4.2713,15502.7613,14.6804,14.4267,0.2537,3.6818,14.9069,13.8742,1.0327,0.3557,15502.7613,NA,11.0684,NA
SandFall-Win64-Shipping.exe,32396,0x27E295FDE80,DXGI,0,0,1,Hardware Composed: Independent Flip,15532.0540,NA,14.86600000000000,14.65570000000000,0.24750000000000,3.98950000000000,4.0610,15517.4417,14.8598,14.6123,0.2475,3.9083,14.6935,13.5321,1.1614,0.0247,15517.4417,NA,11.7244,NA
SandFall-Win64-Shipping.exe,32396,0x27E295FDE80,DXGI,0,0,1,Hardware Composed: Independent Flip,15547.4829,NA,15.42890000000000,16.01600000000000,0.24940000000000,4.49840000000000,4.6481,15532.3015,15.4308,15.1814,0.2494,3.7420,15.9378,14.0879,1.8499,-1.1562,15532.3015,NA,13.7431,NA
SandFall-Win64-Shipping.exe,32396,0x27E295FDE80,DXGI,0,0,1,Hardware Composed: Independent Flip,15562.8136,NA,15.33070000000000,15.69710000000000,0.25680000000000,4.96220000000000,5.0145,15547.7323,15.3381,15.0813,0.2568,4.2490,15.7945,14.6902,1.1043,-0.2663,15547.7323,NA,14.4312,NA
SandFall-Win64-Shipping.exe,32396,0x27E295FDE80,DXGI,0,0,1,Hardware Composed: Independent Flip,15577.9406,NA,15.12700000000000,14.44410000000000,0.25440000000000,4.27320000000000,4.3316,15563.0704,15.1246,14.8702,0.2544,4.7054,14.4380,14.0742,0.3638,0.8940,15563.0704,NA,15.8842,NA
SandFall-Win64-Shipping.exe,32396,0x27E295FDE80,DXGI,0,0,1,Hardware Composed: Independent Flip,15589.0879,NA,11.14730000000000,13.34530000000000,0.25140000000000,6.44040000000000,6.5296,15578.1950,11.1443,10.8929,0.2514,4.0188,13.3145,13.3084,0.0061,1.7793,15578.1950,NA,14.2265,NA
SandFall-Win64-Shipping.exe,32396,0x27E295FDE80,DXGI,0,0,1,Hardware Composed: Independent Flip,15598.9927,NA,9.90480000000000,13.31460000000000,0.39410000000000,9.89000000000000,9.9394,15589.3393,10.0475,9.6534,0.3941,6.1890,13.3544,13.3500,0.0044,-2.1703,15589.3393,NA,13.5428,NA
SandFall-Win64-Shipping.exe,32396,0x27E295FDE80,DXGI,0,0,1,Hardware Composed: Independent Flip,15612.9711,NA,13.97840000000000,14.03860000000000,0.31950000000000,9.38630000000000,9.9996,15599.3868,13.9038,13.5843,0.3195,9.4959,13.4747,13.4682,0.0065,-3.9911,15599.3868,NA,12.5796,NA
SandFall-Win64-Shipping.exe,32396,0x27E295FDE80,DXGI,0,0,1,Hardware Composed: Independent Flip,15626.6316,NA,13.66050000000000,12.63000000000000,0.32100000000000,8.92320000000000,8.9691,15613.2906,13.6620,13.3410,0.3210,9.0668,13.1974,13.1914,0.0060,1.2738,15613.2906,NA,11.2106,NA
SandFall-Win64-Shipping.exe,32396,0x27E295FDE80,DXGI,0,0,1,Hardware Composed: Independent Flip,15645.6682,NA,19.03660000000000,14.10200000000000,0.25840000000000,3.75620000000000,4.0345,15626.9526,18.9740,18.7156,0.2584,8.6022,13.8696,13.8653,0.0043,-0.4400,15626.9526,NA,12.3018,NA
SandFall-Win64-Shipping.exe,32396,0x27E295FDE80,DXGI,0,0,1,Hardware Composed: Independent Flip,15658.3618,NA,12.69360000000000,13.99700000000000,0.32990000000000,4.92880000000000,5.3379,15645.9266,12.7651,12.4352,0.3299,3.4978,13.8662,13.8598,0.0064,4.9770,15645.9266,NA,NA,NA
SandFall-Win64-Shipping.exe,32396,0x27E295FDE80,DXGI,0,0,1,Hardware Composed: Independent Flip,15672.4419,NA,14.08010000000000,13.27050000000000,0.31630000000000,4.50040000000000,4.5283,15658.6917,14.0665,13.7502,0.3163,4.5989,13.6517,13.6457,0.0060,-0.5054,15658.6917,NA,NA,NA
SandFall-Win64-Shipping.exe,32396,0x27E295FDE80,DXGI,0,0,1,Hardware Composed: Independent Flip,15686.6395,NA,14.19760000000000,14.27910000000000,0.30390000000000,4.52910000000000,4.6098,15672.7582,14.1852,13.8813,0.3039,4.1841,14.2263,13.8864,0.3399,-0.2126,15672.7582,NA,NA,NA
SandFall-Win64-Shipping.exe,32396,0x27E295FDE80,DXGI,0,0,1,Hardware Composed: Independent Flip,15700.8185,NA,14.17900000000000,14.13540000000000,0.27450000000000,4.49500000000000,4.5662,15686.9434,14.1496,13.8751,0.2745,4.2252,14.1449,13.7581,0.3868,0.0498,15686.9434,NA,6.9881,NA
SandFall-Win64-Shipping.exe,32396,0x27E295FDE80,DXGI,0,0,1,Hardware Composed: Independent Flip,15716.2753,NA,15.45680000000000,15.48840000000000,0.26920000000000,4.53340000000000,4.5978,15701.0930,15.4515,15.1823,0.2692,4.2205,15.4952,14.4346,1.0606,-1.3388,15701.0930,NA,NA,NA
SandFall-Win64-Shipping.exe,32396,0x27E295FDE80,DXGI,0,0,1,Hardware Composed: Independent Flip,15731.0956,NA,14.82030000000000,14.76330000000000,0.28780000000000,4.51310000000000,4.5408,15716.5445,14.8389,14.5511,0.2878,4.2642,14.8000,13.7376,1.0624,0.6882,15716.5445,NA,NA,NA
SandFall-Win64-Shipping.exe,32396,0x27E295FDE80,DXGI,0,0,1,Hardware Composed: Independent Flip,15747.8949,NA,16.79930000000000,16.09400000000000,0.31420000000000,3.81080000000000,3.8355,15731.3834,16.8257,16.5115,0.3142,4.2253,16.0970,13.9001,2.1969,-1.2551,15731.3834,NA,NA,NA
SandFall-Win64-Shipping.exe,32396,0x27E295FDE80,DXGI,0,0,1,Hardware Composed: Independent Flip,15762.4228,NA,14.52790000000000,15.18620000000000,0.34540000000000,4.08650000000000,4.4938,15748.2091,14.5591,14.2137,0.3454,3.4966,14.8036,13.7415,1.0621,1.6395,15748.2091,NA,NA,NA
SandFall-Win64-Shipping.exe,32396,0x27E295FDE80,DXGI,0,0,1,Hardware Composed: Independent Flip,15776.9706,NA,14.54780000000000,14.70700000000000,0.28980000000000,4.61460000000000,4.6530,15762.7682,14.4922,14.2024,0.2898,3.7411,15.0759,13.9706,1.1053,-0.1479,15762.7682,NA,NA,NA
SandFall-Win64-Shipping.exe,32396,0x27E295FDE80,DXGI,0,0,1,Hardware Composed: Independent Flip,15792.5830,NA,15.61240000000000,16.14570000000000,0.29570000000000,4.32760000000000,5.1863,15777.2604,15.6183,15.3226,0.2957,4.3248,15.3254,13.7620,1.5634,-1.6535,15777.2604,NA,NA,NA
SandFall-Win64-Shipping.exe,32396,0x27E295FDE80,DXGI,0,0,1,Hardware Composed: Independent Flip,15808.6220,NA,16.03900000000000,14.84430000000000,0.26030000000000,3.94080000000000,3.9916,15792.8787,16.0036,15.7433,0.2603,4.0319,15.6522,13.6488,2.0034,0.7740,15792.8787,NA,NA,NA
SandFall-Win64-Shipping.exe,32396,0x27E295FDE80,DXGI,0,0,1,Hardware Composed: Independent Flip,15824.7790,NA,16.15700000000000,16.41100000000000,0.27200000000000,4.12900000000000,4.2456,15808.8823,16.1687,15.8967,0.2720,3.6805,16.3452,13.9446,2.4006,-0.4074,15808.8823,NA,NA,NA
SandFall-Win64-Shipping.exe,32396,0x27E295FDE80,DXGI,0,0,1,Hardware Composed: Independent Flip,15839.8713,NA,15.09230000000000,16.39830000000000,0.26110000000000,4.89630000000000,5.5516,15825.0510,15.0814,14.8203,0.2611,3.8570,15.8596,14.1050,1.7546,-0.2296,15825.0510,NA,NA,NA
SandFall-Win64-Shipping.exe,32396,0x27E295FDE80,DXGI,0,0,1,Hardware Composed: Independent Flip,15853.9900,NA,14.11870000000000,12.33290000000000,0.29850000000000,3.70290000000000,3.7658,15840.1324,14.1561,13.8576,0.2985,4.6352,12.9253,12.9204,0.0049,2.7485,15840.1324,NA,NA,NA
SandFall-Win64-Shipping.exe,32396,0x27E295FDE80,DXGI,0,0,1,Hardware Composed: Independent Flip,15868.2846,NA,14.29460000000000,15.47890000000000,0.25470000000000,4.89000000000000,4.9501,15854.2885,14.2508,13.9961,0.2547,3.4044,15.4817,14.4099,1.0718,-1.3228,15854.2885,NA,NA,NA
SandFall-Win64-Shipping.exe,32396,0x27E295FDE80,DXGI,0,0,1,Hardware Composed: Independent Flip,15880.8378,NA,12.55320000000000,14.29030000000000,0.27120000000000,5.31590000000000,6.6872,15868.5393,12.5697,12.2985,0.2712,4.6353,12.9791,12.9702,0.0089,-0.0395,15868.5393,NA,NA,NA
SandFall-Win64-Shipping.exe,32396,0x27E295FDE80,DXGI,0,0,1,Hardware Composed: Independent Flip,15893.3221,NA,12.48430000000000,11.82170000000000,0.26930000000000,5.98790000000000,6.0246,15881.1090,12.4824,12.2131,0.2693,5.0447,13.1563,13.1520,0.0043,0.7480,15881.1090,NA,NA,NA
SandFall-Win64-Shipping.exe,32396,0x27E295FDE80,DXGI,0,0,1,Hardware Composed: Independent Flip,15906.2846,NA,12.96250000000000,14.68610000000000,0.29320000000000,5.81070000000000,7.7482,15893.5914,12.9864,12.6932,0.2932,5.7186,12.7853,12.7765,0.0088,-2.2037,15893.5914,NA,NA,NA
SandFall-Win64-Shipping.exe,32396,0x27E295FDE80,DXGI,0,0,1,Hardware Composed: Independent Flip,15920.7283,NA,14.44370000000000,10.97080000000000,0.35430000000000,4.23380000000000,4.2753,15906.5778,14.5048,14.1505,0.3543,5.5175,12.8668,12.8612,0.0056,2.0156,15906.5778,NA,NA,NA
SandFall-Win64-Shipping.exe,32396,0x27E295FDE80,DXGI,0,0,1,Hardware Composed: Independent Flip,15935.5095,NA,14.78120000000000,14.75080000000000,0.30660000000000,3.72610000000000,4.2449,15921.0826,14.7335,14.4269,0.3066,3.8795,14.2735,13.3609,0.9126,-0.2460,15921.0826,NA,NA,NA
SandFall-Win64-Shipping.exe,32396,0x27E295FDE80,DXGI,0,0,1,Hardware Composed: Independent Flip,15950.8963,NA,15.38680000000000,16.27570000000000,0.29250000000000,3.70870000000000,5.1338,15935.8161,15.3727,15.0802,0.2925,3.4195,15.3694,13.6118,1.7576,-1.5422,15935.8161,NA,NA,NA
SandFall-Win64-Shipping.exe,32396,0x27E295FDE80,DXGI,0,0,1,Hardware Composed: Independent Flip,15964.6699,NA,13.77360000000000,12.91010000000000,0.36370000000000,4.24100000000000,4.2703,15951.1888,13.8448,13.4811,0.3637,3.4162,14.3059,13.8203,0.4856,2.4626,15951.1888,NA,NA,NA
SandFall-Win64-Shipping.exe,32396,0x27E295FDE80,DXGI,0,0,1,Hardware Composed: Independent Flip,15979.1211,NA,14.45120000000000,14.48710000000000,0.31190000000000,4.26220000000000,4.3062,15965.0336,14.3994,14.0875,0.3119,3.8773,14.4724,13.6804,0.7920,-0.6423,15965.0336,NA,NA,NA
SandFall-Win64-Shipping.exe,32396,0x27E295FDE80,DXGI,0,0,1,Hardware Composed: Independent Flip,15993.7841,NA,14.66300000000000,14.97180000000000,0.31420000000000,4.32150000000000,4.6150,15979.4330,14.6653,14.3511,0.3142,3.9503,14.7223,13.8637,0.8586,-0.5724,15979.4330,NA,NA,NA
SandFall-Win64-Shipping.exe,32396,0x27E295FDE80,DXGI,0,0,1,Hardware Composed: Independent Flip,16009.0494,NA,15.26530000000000,14.77040000000000,0.25550000000000,4.07460000000000,4.1201,15994.0983,15.2066,14.9511,0.2555,4.0073,15.0184,14.1567,0.8617,-0.1051,15994.0983,NA,NA,NA
SandFall-Win64-Shipping.exe,32396,0x27E295FDE80,DXGI,0,0,1,Hardware Composed: Independent Flip,16023.1653,NA,14.11590000000000,14.40150000000000,0.26290000000000,4.31620000000000,4.4057,16009.3049,14.1233,13.8604,0.2629,3.8191,14.3575,13.9089,0.4486,0.8051,16009.3049,NA,NA,NA
SandFall-Win64-Shipping.exe,32396,0x27E295FDE80,DXGI,0,0,1,Hardware Composed: Independent Flip,16037.6932,NA,14.52790000000000,14.40710000000000,0.25470000000000,4.26330000000000,4.2849,16023.4282,14.5197,14.2650,0.2547,4.0533,14.4750,13.6950,0.7800,-0.2838,16023.4282,NA,NA,NA
SandFall-Win64-Shipping.exe,32396,0x27E295FDE80,DXGI,0,0,1,Hardware Composed: Independent Flip,16052.5859,NA,14.89270000000000,15.24260000000000,0.25490000000000,4.32060000000000,4.6348,16037.9479,14.8929,14.6380,0.2549,4.0086,14.9500,13.6742,1.2758,-0.7229,16037.9479,NA,NA,NA
SandFall-Win64-Shipping.exe,32396,0x27E295FDE80,DXGI,0,0,1,Hardware Composed: Independent Flip,16068.3912,NA,15.80530000000000,15.63700000000000,0.27370000000000,4.29660000000000,4.4665,16052.8408,15.8241,15.5504,0.2737,4.0657,15.7813,13.9330,1.8483,-0.7441,16052.8408,NA,NA,NA
SandFall-Win64-Shipping.exe,32396,0x27E295FDE80,DXGI,0,0,1,Hardware Composed: Independent Flip,16086.1048,NA,17.71360000000000,16.11170000000000,0.45780000000000,2.82820000000000,2.8646,16068.6649,17.8977,17.4399,0.4578,4.0229,16.2452,14.0546,2.1906,-0.2876,16068.6649,NA,21.5541,NA
SandFall-Win64-Shipping.exe,32396,0x27E295FDE80,DXGI,0,0,1,Hardware Composed: Independent Flip,16104.8658,NA,18.76100000000000,20.33110000000000,0.30050000000000,4.00570000000000,4.4347,16086.5626,18.6037,18.3032,0.3005,2.3704,19.9385,14.4070,5.5315,-2.4334,16086.5626,NA,NA,NA
SandFall-Win64-Shipping.exe,32396,0x27E295FDE80,DXGI,0,0,1,Hardware Composed: Independent Flip,16117.3928,NA,12.52700000000000,13.31760000000000,0.31400000000000,5.18120000000000,5.2253,16105.1663,12.5405,12.2265,0.3140,3.7052,13.7025,13.4558,0.2467,5.2861,16105.1663,NA,NA,NA
SandFall-Win64-Shipping.exe,32396,0x27E295FDE80,DXGI,0,0,1,Hardware Composed: Independent Flip,16129.6205,NA,12.22770000000000,12.95830000000000,0.30260000000000,5.88300000000000,5.9559,16117.7068,12.2163,11.9137,0.3026,4.8672,12.9295,12.9231,0.0064,-0.4178,16117.7068,NA,NA,NA
SandFall-Win64-Shipping.exe,32396,0x27E295FDE80,DXGI,0,0,1,Hardware Composed: Independent Flip,16139.8432,NA,10.22270000000000,15.77950000000000,0.40500000000000,8.47060000000000,11.5127,16129.9231,10.3251,9.9201,0.4050,5.5804,12.8103,12.8023,0.0080,-3.5632,16129.9231,NA,NA,NA
SandFall-Win64-Shipping.exe,32396,0x27E295FDE80,DXGI,0,0,1,Hardware Composed: Independent Flip,16150.9576,NA,11.11440000000000,9.78010000000000,0.77070000000000,10.07350000000000,10.1784,16140.2482,11.4801,10.7094,0.7707,8.0656,12.7173,12.7119,0.0054,0.5450,16140.2482,NA,NA,NA
SandFall-Win64-Shipping.exe,32396,0x27E295FDE80,DXGI,0,0,1,Hardware Composed: Independent Flip,16163.8398,NA,12.88220000000000,15.20460000000000,0.29550000000000,10.73480000000000,12.5008,16151.7283,12.4070,12.1115,0.2955,9.3028,13.5435,13.5353,0.0082,-3.7245,16151.7283,NA,NA,NA
SandFall-Win64-Shipping.exe,32396,0x27E295FDE80,DXGI,0,0,1,Hardware Composed: Independent Flip,16177.3677,NA,13.52790000000000,12.38470000000000,0.31100000000000,10.43380000000000,11.3576,16164.1353,13.5434,13.2324,0.3110,10.4393,13.2269,13.2212,0.0057,0.0223,16164.1353,NA,NA,NA
SandFall-Win64-Shipping.exe,32396,0x27E295FDE80,DXGI,0,0,1,Hardware Composed: Independent Flip,16188.8117,NA,11.44400000000000,11.61300000000000,0.28160000000000,11.45410000000000,11.5266,16177.6787,11.4146,11.1330,0.2816,10.1228,12.4643,12.4598,0.0045,1.9304,16177.6787,NA,NA,NA
SandFall-Win64-Shipping.exe,32396,0x27E295FDE80,DXGI,0,0,1,Hardware Composed: Independent Flip,16203.5527,NA,14.74100000000000,13.20570000000000,0.37360000000000,9.42570000000000,9.9913,16189.0933,14.8330,14.4594,0.3736,11.1725,12.7126,12.7056,0.0070,-1.7911,16189.0933,NA,NA,NA
SandFall-Win64-Shipping.exe,32396,0x27E295FDE80,DXGI,0,0,1,Hardware Composed: Independent Flip,16215.9719,NA,12.41920000000000,12.08470000000000,0.52740000000000,9.59080000000000,9.6568,16203.9263,12.5730,12.0456,0.5274,9.0521,12.5843,12.5788,0.0055,2.7483,16203.9263,NA,18.2305,NA
SandFall-Win64-Shipping.exe,32396,0x27E295FDE80,DXGI,0,0,1,Hardware Composed: Independent Flip,16230.6486,NA,14.67670000000000,12.47110000000000,0.45440000000000,7.37950000000000,7.4512,16216.4993,14.6037,14.1493,0.4544,9.0634,12.4654,12.4609,0.0045,0.1019,16216.4993,NA,17.7089,NA
SandFall-Win64-Shipping.exe,32396,0x27E295FDE80,DXGI,0,0,1,Hardware Composed: Independent Flip,16245.7912,NA,15.14260000000000,12.77870000000000,0.45270000000000,5.03480000000000,5.0873,16231.1030,15.1409,14.6882,0.4527,6.9251,12.7979,12.7906,0.0073,1.8250,16231.1030,NA,14.4885,NA
SandFall-Win64-Shipping.exe,32396,0x27E295FDE80,DXGI,0,0,1,Hardware Composed: Independent Flip,16261.6566,NA,15.86540000000000,15.27730000000000,0.42580000000000,4.35020000000000,4.4992,16246.2439,15.8385,15.4127,0.4258,4.5821,15.1808,13.6366,1.5442,-0.1364,16246.2439,NA,14.7599,NA
SandFall-Win64-Shipping.exe,32396,0x27E295FDE80,DXGI,0,0,1,Hardware Composed: Independent Flip,16280.3422,NA,18.68560000000000,18.20080000000000,0.32230000000000,3.96320000000000,4.0144,16262.0824,18.5821,18.2598,0.3223,3.9244,18.2986,14.1227,4.1759,-2.3623,16262.0824,NA,15.9681,NA
SandFall-Win64-Shipping.exe,32396,0x27E295FDE80,DXGI,0,0,1,Hardware Composed: Independent Flip,16295.7919,NA,15.44970000000000,16.55060000000000,0.24650000000000,3.51740000000000,5.1153,16280.6645,15.3739,15.1274,0.2465,3.6409,15.0039,13.7727,1.2312,2.0315,16280.6645,NA,17.5216,NA
SandFall-Win64-Shipping.exe,32396,0x27E295FDE80,DXGI,0,0,1,Hardware Composed: Independent Flip,16310.4431,NA,14.65120000000000,12.74300000000000,0.26230000000000,3.16410000000000,3.2071,16296.0384,14.6670,14.4047,0.2623,3.2709,14.2979,14.0650,0.2329,2.6309,16296.0384,NA,15.2317,NA
SandFall-Win64-Shipping.exe,32396,0x27E295FDE80,DXGI,0,0,1,Hardware Composed: Independent Flip,16324.8939,NA,14.45080000000000,14.27760000000000,0.27280000000000,2.99210000000000,3.0339,16310.7054,14.4613,14.1885,0.2728,2.9018,14.2788,13.9461,0.3327,0.3894,16310.7054,NA,15.5407,NA
SandFall-Win64-Shipping.exe,32396,0x27E295FDE80,DXGI,0,0,1,Hardware Composed: Independent Flip,16339.3075,NA,14.41360000000000,14.90190000000000,0.29800000000000,3.19700000000000,3.5222,16325.1667,14.4388,14.1408,0.2980,2.7193,14.6185,13.9327,0.6858,-0.4406,16325.1667,NA,16.4322,NA
SandFall-Win64-Shipping.exe,32396,0x27E295FDE80,DXGI,0,0,1,Hardware Composed: Independent Flip,16353.6988,NA,14.39130000000000,14.17970000000000,0.30020000000000,3.27070000000000,3.3106,16339.6055,14.3935,14.0933,0.3002,2.8990,14.4650,13.9833,0.4817,0.2591,16339.6055,NA,15.6142,NA
SandFall-Win64-Shipping.exe,32396,0x27E295FDE80,DXGI,0,0,1,Hardware Composed: Independent Flip,16367.9964,NA,14.29760000000000,15.20750000000000,0.27460000000000,4.18090000000000,4.2205,16353.9990,14.2720,13.9974,0.2746,2.9705,15.2078,14.3254,0.8824,-0.8140,16353.9990,NA,15.8230,NA
SandFall-Win64-Shipping.exe,32396,0x27E295FDE80,DXGI,0,0,1,Hardware Composed: Independent Flip,16386.9106,NA,18.91420000000000,19.84430000000000,0.26660000000000,4.63380000000000,5.1506,16368.2710,18.9062,18.6396,0.2666,3.9063,19.3671,15.2481,4.1190,-5.5723,16368.2710,NA,6.6702,NA
SandFall-Win64-Shipping.exe,32396,0x27E295FDE80,DXGI,0,0,1,Hardware Composed: Independent Flip,16400.5043,NA,13.59370000000000,13.14470000000000,0.42090000000000,4.67460000000000,4.7016,16387.1772,13.7480,13.3271,0.4209,4.3672,13.6345,13.6220,0.0125,5.7615,16387.1772,NA,6.8133,NA
SandFall-Win64-Shipping.exe,32396,0x27E295FDE80,DXGI,0,0,1,Hardware Composed: Independent Flip,16414.1048,NA,13.60050000000000,13.73960000000000,0.29810000000000,4.80320000000000,4.8407,16400.9252,13.4777,13.1796,0.2981,4.2537,13.7291,13.7231,0.0060,0.0084,16400.9252,NA,NA,NA
SandFall-Win64-Shipping.exe,32396,0x27E295FDE80,DXGI,0,0,1,Hardware Composed: Independent Flip,16429.5434,NA,15.43860000000000,17.68270000000000,0.24960000000000,4.17870000000000,7.0848,16414.4029,15.3901,15.1405,0.2496,4.5051,14.8141,13.8968,0.9173,-4.2050,16414.4029,NA,22.2334,NA
SandFall-Win64-Shipping.exe,32396,0x27E295FDE80,DXGI,0,0,1,Hardware Composed: Independent Flip,16444.7395,NA,15.19610000000000,12.77430000000000,0.26690000000000,4.63680000000000,4.6630,16429.7930,15.2134,14.9465,0.2669,3.9291,15.6542,14.3591,1.2951,2.6158,16429.7930,NA,9.0081,NA
SandFall-Win64-Shipping.exe,32396,0x27E295FDE80,DXGI,0,0,1,Hardware Composed: Independent Flip,16460.3300,NA,15.59050000000000,16.51170000000000,0.28020000000000,4.69340000000000,5.5842,16445.0064,15.6038,15.3236,0.2802,4.3699,15.6471,14.3436,1.3035,-1.2983,16445.0064,NA,10.5190,NA
SandFall-Win64-Shipping.exe,32396,0x27E295FDE80,DXGI,0,0,1,Hardware Composed: Independent Flip,16477.3118,NA,16.98180000000000,16.89880000000000,0.29710000000000,4.47890000000000,5.5012,16460.6102,16.9987,16.7016,0.2971,4.4132,16.7673,14.1028,2.6645,-1.2950,16460.6102,NA,10.4270,NA
SandFall-Win64-Shipping.exe,32396,0x27E295FDE80,DXGI,0,0,1,Hardware Composed: Independent Flip,16492.3349,NA,15.02310000000000,13.95500000000000,0.43390000000000,4.37760000000000,4.4331,16477.6089,15.1599,14.7260,0.4339,4.1818,14.9218,13.8250,1.0968,3.0437,16477.6089,NA,10.3597,NA
SandFall-Win64-Shipping.exe,32396,0x27E295FDE80,DXGI,0,0,1,Hardware Composed: Independent Flip,16507.8614,NA,15.52650000000000,15.81990000000000,0.27790000000000,4.68470000000000,4.7265,16492.7688,15.3705,15.0926,0.2779,3.9437,15.8336,14.5463,1.2873,-0.6600,16492.7688,NA,10.1889,NA
SandFall-Win64-Shipping.exe,32396,0x27E295FDE80,DXGI,0,0,1,Hardware Composed: Independent Flip,16523.2453,NA,15.38390000000000,15.45090000000000,0.26830000000000,4.37020000000000,4.7935,16508.1393,15.3743,15.1060,0.2683,4.4068,15.0694,14.2604,0.8090,-0.0804,16508.1393,NA,16.6492,NA
SandFall-Win64-Shipping.exe,32396,0x27E295FDE80,DXGI,0,0,1,Hardware Composed: Independent Flip,16536.3930,NA,13.14770000000000,12.81420000000000,0.31550000000000,4.42450000000000,4.4600,16523.5136,13.1949,12.8794,0.3155,4.1019,13.2020,13.1974,0.0046,2.5601,16523.5136,NA,NA,NA
SandFall-Win64-Shipping.exe,32396,0x27E295FDE80,DXGI,0,0,1,Hardware Composed: Independent Flip,16550.7550,NA,14.36200000000000,15.08000000000000,0.28640000000000,4.57470000000000,5.1780,16536.7085,14.3329,14.0465,0.2864,4.1090,14.5122,13.9581,0.5541,-1.8851,16536.7085,NA,22.5312,NA
SandFall-Win64-Shipping.exe,32396,0x27E295FDE80,DXGI,0,0,1,Hardware Composed: Independent Flip,16565.5912,NA,14.83620000000000,14.68790000000000,0.35190000000000,4.44230000000000,5.0297,16551.0414,14.9017,14.5498,0.3519,4.2883,14.7038,13.6984,1.0054,-0.3550,16551.0414,NA,11.2153,NA
SandFall-Win64-Shipping.exe,32396,0x27E295FDE80,DXGI,0,0,1,Hardware Composed: Independent Flip,16579.5878,NA,13.99660000000000,13.53050000000000,0.30360000000000,4.49240000000000,4.5636,16565.9431,13.9483,13.6447,0.3036,4.0904,14.0467,13.7227,0.3240,1.3712,16565.9431,NA,NA,NA
SandFall-Win64-Shipping.exe,32396,0x27E295FDE80,DXGI,0,0,1,Hardware Composed: Independent Flip,16594.1967,NA,14.60890000000000,14.70560000000000,0.28870000000000,4.59950000000000,4.6603,16579.8914,14.5940,14.3053,0.2887,4.1888,14.7160,13.8355,0.8805,-0.7573,16579.8914,NA,NA,NA
SandFall-Win64-Shipping.exe,32396,0x27E295FDE80,DXGI,0,0,1,Hardware Composed: Independent Flip,16609.8985,NA,15.70180000000000,15.53480000000000,0.29150000000000,4.47260000000000,4.4933,16594.4854,15.7046,15.4131,0.2915,4.3108,15.5749,14.8736,0.7013,-0.9408,16594.4854,NA,NA,NA
SandFall-Win64-Shipping.exe,32396,0x27E295FDE80,DXGI,0,0,1,Hardware Composed: Independent Flip,16626.1058,NA,16.20730000000000,16.63590000000000,0.26020000000000,4.48330000000000,4.9219,16610.1900,16.1760,15.9158,0.2602,4.1811,16.2180,13.6574,2.5606,-0.9313,16610.1900,NA,NA,NA
SandFall-Win64-Shipping.exe,32396,0x27E295FDE80,DXGI,0,0,1,Hardware Composed: Independent Flip,16643.4553,NA,17.34950000000000,16.48100000000000,0.29290000000000,3.99240000000000,4.0534,16626.3660,17.3822,17.0893,0.2929,4.2231,16.8586,13.8419,3.0167,-0.3050,16626.3660,NA,17.0505,NA
SandFall-Win64-Shipping.exe,32396,0x27E295FDE80,DXGI,0,0,1,Hardware Composed: Independent Flip,16660.8626,NA,17.40730000000000,18.76880000000000,0.24800000000000,5.05820000000000,5.4149,16643.7482,17.3624,17.1144,0.2480,3.6995,18.4731,13.9882,4.4849,-1.3866,16643.7482,NA,29.8702,NA
SandFall-Win64-Shipping.exe,32396,0x27E295FDE80,DXGI,0,0,1,Hardware Composed: Independent Flip,16676.0799,NA,15.21730000000000,14.04670000000000,0.24490000000000,4.19410000000000,4.2443,16661.1106,15.2142,14.9693,0.2449,4.8102,14.3532,13.9491,0.4041,3.3157,16661.1106,NA,19.9287,NA
SandFall-Win64-Shipping.exe,32396,0x27E295FDE80,DXGI,0,0,1,Hardware Composed: Independent Flip,16686.8116,NA,10.73170000000000,12.88790000000000,0.24950000000000,6.32120000000000,6.4005,16676.3248,10.7363,10.4868,0.2495,3.9492,12.8588,12.8544,0.0044,2.3263,16676.3248,NA,27.7901,NA
SandFall-Win64-Shipping.exe,32396,0x27E295FDE80,DXGI,0,0,1,Hardware Composed: Independent Flip,16696.9893,NA,10.17770000000000,15.18130000000000,0.32800000000000,9.38480000000000,11.4041,16687.0611,10.2562,9.9282,0.3280,6.0717,13.2413,13.2372,0.0041,-4.4450,16687.0611,NA,18.9912,NA
SandFall-Win64-Shipping.exe,32396,0x27E295FDE80,DXGI,0,0,1,Hardware Composed: Independent Flip,16707.5001,NA,10.51080000000000,11.08750000000000,0.46110000000000,11.91740000000000,11.9808,16697.3173,10.6439,10.1828,0.4611,9.0568,13.0434,13.0396,0.0038,-0.8313,16697.3173,NA,12.0881,NA
SandFall-Win64-Shipping.exe,32396,0x27E295FDE80,DXGI,0,0,1,Hardware Composed: Independent Flip,16724.3808,NA,16.88070000000000,13.81830000000000,0.38540000000000,8.06380000000000,8.9184,16707.9612,16.8050,16.4196,0.3854,11.4563,13.0271,13.0232,0.0039,-3.1744,16707.9612,NA,15.9134,NA
SandFall-Win64-Shipping.exe,32396,0x27E295FDE80,DXGI,0,0,1,Hardware Composed: Independent Flip,16739.4809,NA,15.10010000000000,13.25090000000000,0.32190000000000,6.53410000000000,7.0692,16724.7662,15.0366,14.7147,0.3219,7.6784,13.5704,13.5629,0.0075,3.5541,16724.7662,NA,12.1449,NA
SandFall-Win64-Shipping.exe,32396,0x27E295FDE80,DXGI,0,0,1,Hardware Composed: Independent Flip,16754.1163,NA,14.63540000000000,12.52320000000000,0.32660000000000,4.93830000000000,4.9570,16739.8028,14.6401,14.3135,0.3266,6.2122,13.0396,13.0344,0.0052,2.5134,16739.8028,NA,7.6826,NA
SandFall-Win64-Shipping.exe,32396,0x27E295FDE80,DXGI,0,0,1,Hardware Composed: Independent Flip,16769.2149,NA,15.09860000000000,14.86810000000000,0.29030000000000,4.54010000000000,4.7265,16754.4429,15.0623,14.7720,0.2903,4.6117,14.7004,13.4044,1.2960,-0.2280,16754.4429,NA,7.5452,NA
SandFall-Win64-Shipping.exe,32396,0x27E295FDE80,DXGI,0,0,1,Hardware Composed: Independent Flip,16783.2930,NA,14.07810000000000,14.28240000000000,0.27630000000000,4.87050000000000,4.9308,16769.5052,14.0641,13.7878,0.2763,4.2498,14.4085,13.8562,0.5523,0.7799,16769.5052,NA,7.8257,NA
SandFall-Win64-Shipping.exe,32396,0x27E295FDE80,DXGI,0,0,1,Hardware Composed: Independent Flip,16797.9999,NA,14.70690000000000,14.97890000000000,0.24660000000000,5.15750000000000,5.2028,16783.5693,14.6772,14.4306,0.2466,4.5942,14.9939,14.2248,0.7691,-0.9148,16783.5693,NA,8.8073,NA
SandFall-Win64-Shipping.exe,32396,0x27E295FDE80,DXGI,0,0,1,Hardware Composed: Independent Flip,16812.7383,NA,14.73840000000000,14.49110000000000,0.26930000000000,4.80840000000000,4.9555,16798.2465,14.7611,14.4918,0.2693,4.9109,14.3893,13.9458,0.4435,0.1861,16798.2465,NA,6.2961,NA
SandFall-Win64-Shipping.exe,32396,0x27E295FDE80,DXGI,0,0,1,Hardware Composed: Independent Flip,16827.2809,NA,14.54260000000000,14.61510000000000,0.61790000000000,4.96700000000000,5.0280,16813.0076,14.8912,14.2733,0.6179,4.5391,14.7012,13.9148,0.7864,0.1460,16813.0076,NA,8.9201,NA
SandFall-Win64-Shipping.exe,32396,0x27E295FDE80,DXGI,0,0,1,Hardware Composed: Independent Flip,16843.7312,NA,16.45030000000000,16.58030000000000,0.30770000000000,4.79710000000000,5.1580,16827.8988,16.1401,15.8324,0.3077,4.3491,16.2804,14.3192,1.9612,-1.6891,16827.8988,NA,7.4931,NA
SandFall-Win64-Shipping.exe,32396,0x27E295FDE80,DXGI,0,0,1,Hardware Composed: Independent Flip,16859.6102,NA,15.87900000000000,15.78180000000000,0.26780000000000,4.41600000000000,5.0608,16844.0389,15.8391,15.5713,0.2678,4.4894,15.4979,13.6312,1.8667,0.3583,16844.0389,NA,8.2773,NA
SandFall-Win64-Shipping.exe,32396,0x27E295FDE80,DXGI,0,0,1,Hardware Composed: Independent Flip,16875.4854,NA,15.87520000000000,14.59820000000000,0.28860000000000,3.71700000000000,3.7838,16859.8780,15.8960,15.6074,0.2886,4.1482,15.1762,13.9191,1.2571,1.2409,16859.8780,NA,7.8827,NA
SandFall-Win64-Shipping.exe,32396,0x27E295FDE80,DXGI,0,0,1,Hardware Composed: Independent Flip,16889.0388,NA,13.55340000000000,14.55530000000000,0.27590000000000,4.71470000000000,4.7857,16875.7740,13.5407,13.2648,0.2759,3.4284,14.5511,13.8859,0.6652,1.3407,16875.7740,NA,8.4335,NA
SandFall-Win64-Shipping.exe,32396,0x27E295FDE80,DXGI,0,0,1,Hardware Composed: Independent Flip,16902.1293,NA,13.09050000000000,13.81740000000000,0.30590000000000,5.42410000000000,5.5126,16889.3147,13.1205,12.8146,0.3059,4.4388,13.7999,13.7932,0.0067,-0.2767,16889.3147,NA,9.2531,NA
SandFall-Win64-Shipping.exe,32396,0x27E295FDE80,DXGI,0,0,1,Hardware Composed: Independent Flip,16916.4541,NA,14.32480000000000,13.83710000000000,0.28910000000000,4.99390000000000,5.0249,16902.4352,14.3080,14.0189,0.2891,5.1182,13.8946,13.8796,0.0150,-0.7166,16902.4352,NA,6.0923,NA
SandFall-Win64-Shipping.exe,32396,0x27E295FDE80,DXGI,0,0,1,Hardware Composed: Independent Flip,16933.4988,NA,17.04470000000000,16.63230000000000,0.34450000000000,4.29680000000000,4.6125,16916.7432,17.1001,16.7556,0.3445,4.7048,16.3476,14.1552,2.1924,-2.3243,16916.7432,NA,9.7234,NA
SandFall-Win64-Shipping.exe,32396,0x27E295FDE80,DXGI,0,0,1,Hardware Composed: Independent Flip,16949.9627,NA,16.46390000000000,17.66740000000000,0.28720000000000,4.77970000000000,5.8160,16933.8433,16.4066,16.1194,0.2872,3.9523,16.9468,14.5384,2.4084,-0.5673,16933.8433,NA,13.3859,NA
SandFall-Win64-Shipping.exe,32396,0x27E295FDE80,DXGI,0,0,1,Hardware Composed: Independent Flip,16963.4373,NA,13.47460000000000,13.01460000000000,0.38080000000000,5.28420000000000,5.3560,16950.2499,13.5682,13.1874,0.3808,4.4925,13.9791,13.9716,0.0075,3.3920,16950.2499,NA,18.3987,NA
SandFall-Win64-Shipping.exe,32396,0x27E295FDE80,DXGI,0,0,1,Hardware Composed: Independent Flip,16978.1439,NA,14.70660000000000,14.53130000000000,0.28250000000000,5.10820000000000,5.1807,16963.8181,14.6083,14.3258,0.2825,4.9034,14.5306,13.9446,0.5860,-0.9631,16963.8181,NA,13.9198,NA
SandFall-Win64-Shipping.exe,32396,0x27E295FDE80,DXGI,0,0,1,Hardware Composed: Independent Flip,16991.5321,NA,13.38820000000000,14.92170000000000,0.31310000000000,5.39140000000000,6.7142,16978.4264,13.4188,13.1057,0.3131,4.8257,13.6714,13.6661,0.0053,-0.3134,16978.4264,NA,11.8482,NA
SandFall-Win64-Shipping.exe,32396,0x27E295FDE80,DXGI,0,0,1,Hardware Composed: Independent Flip,17008.0751,NA,16.54300000000000,14.39820000000000,0.31840000000000,4.50820000000000,4.5694,16991.8452,16.5483,16.2299,0.3184,5.0783,15.6598,13.9259,1.7339,-0.9794,16991.8452,NA,13.2554,NA
SandFall-Win64-Shipping.exe,32396,0x27E295FDE80,DXGI,0,0,1,Hardware Composed: Independent Flip,17026.8002,NA,18.72510000000000,19.12410000000000,0.30540000000000,3.90920000000000,4.9684,17008.3935,18.7121,18.4067,0.3054,4.1898,18.1261,14.1081,4.0180,-2.5758,17008.3935,NA,19.3706,NA
SandFall-Win64-Shipping.exe,32396,0x27E295FDE80,DXGI,0,0,1,Hardware Composed: Independent Flip,17046.4272,NA,19.62700000000000,20.08140000000000,0.26060000000000,4.08990000000000,5.4228,17027.1056,19.5822,19.3216,0.2606,3.6038,19.8077,13.9341,5.8736,-1.3693,17027.1056,NA,30.4500,NA
SandFall-Win64-Shipping.exe,32396,0x27E295FDE80,DXGI,0,0,1,Hardware Composed: Independent Flip,17061.8559,NA,15.42870000000000,15.09440000000000,0.24390000000000,4.99910000000000,5.0885,17046.6878,15.4120,15.1681,0.2439,3.8293,16.3379,13.9824,2.3555,4.4878,17046.6878,NA,NA,NA
SandFall-Win64-Shipping.exe,32396,0x27E295FDE80,DXGI,0,0,1,Hardware Composed: Independent Flip,17074.3331,NA,12.47720000000000,12.96210000000000,0.34270000000000,5.53560000000000,5.5734,17062.0998,12.5760,12.2333,0.3427,4.7552,13.0137,13.0070,0.0067,2.4499,17062.0998,NA,20.5045,NA
SandFall-Win64-Shipping.exe,32396,0x27E295FDE80,DXGI,0,0,1,Hardware Composed: Independent Flip,17086.9391,NA,12.60600000000000,14.10430000000000,0.27430000000000,5.85990000000000,7.0717,17074.6758,12.5376,12.2633,0.2743,5.1929,12.9303,12.9212,0.0091,-1.5283,17074.6758,NA,NA,NA
SandFall-Win64-Shipping.exe,32396,0x27E295FDE80,DXGI,0,0,1,Hardware Composed: Independent Flip,17099.7861,NA,12.84700000000000,11.80770000000000,0.29670000000000,5.94870000000000,6.0324,17087.2134,12.8694,12.5727,0.2967,5.5856,12.9358,12.9291,0.0067,0.7299,17087.2134,NA,NA,NA
SandFall-Win64-Shipping.exe,32396,0x27E295FDE80,DXGI,0,0,1,Hardware Composed: Independent Flip,17111.7558,NA,11.96970000000000,14.21540000000000,0.35720000000000,7.60900000000000,8.2781,17100.0828,12.0302,11.6730,0.3572,5.6520,13.6300,13.6260,0.0040,-1.3460,17100.0828,NA,NA,NA
SandFall-Win64-Shipping.exe,32396,0x27E295FDE80,DXGI,0,0,1,Hardware Composed: Independent Flip,17127.7263,NA,15.97050000000000,13.42070000000000,0.25430000000000,5.13630000000000,5.7283,17112.1130,15.8676,15.6133,0.2543,7.2518,13.4978,13.4936,0.0042,-1.3905,17112.1130,NA,NA,NA
SandFall-Win64-Shipping.exe,32396,0x27E295FDE80,DXGI,0,0,1,Hardware Composed: Independent Flip,17141.7936,NA,14.06730000000000,13.15900000000000,0.28940000000000,4.74860000000000,4.8200,17127.9806,14.1024,13.8130,0.2894,4.8820,13.6796,13.5746,0.1050,2.7086,17127.9806,NA,NA,NA
SandFall-Win64-Shipping.exe,32396,0x27E295FDE80,DXGI,0,0,1,Hardware Composed: Independent Flip,17158.0854,NA,16.29180000000000,16.57450000000000,0.32960000000000,4.60750000000000,5.1027,17142.0830,16.3320,16.0024,0.3296,4.4592,16.1507,13.8746,2.2761,-2.4721,17142.0830,NA,NA,NA
SandFall-Win64-Shipping.exe,32396,0x27E295FDE80,DXGI,0,0,1,Hardware Composed: Independent Flip,17173.7578,NA,15.67240000000000,14.83590000000000,0.36250000000000,4.20190000000000,4.2662,17158.4150,15.7053,15.3428,0.3625,4.2779,15.2668,13.7937,1.4731,1.4961,17158.4150,NA,NA,NA
SandFall-Win64-Shipping.exe,32396,0x27E295FDE80,DXGI,0,0,1,Hardware Composed: Independent Flip,17190.2477,NA,16.48990000000000,17.26240000000000,0.26530000000000,4.92950000000000,5.0387,17174.1203,16.3927,16.1274,0.2653,3.8394,17.2175,13.9203,3.2972,-1.5571,17174.1203,NA,NA,NA
SandFall-Win64-Shipping.exe,32396,0x27E295FDE80,DXGI,0,0,1,Hardware Composed: Independent Flip,17204.8264,NA,14.57870000000000,15.02230000000000,0.25060000000000,5.09730000000000,5.4823,17190.5130,14.5640,14.3134,0.2506,4.6642,14.7465,13.7637,0.9828,1.3704,17190.5130,NA,NA,NA
SandFall-Win64-Shipping.exe,32396,0x27E295FDE80,DXGI,0,0,1,Hardware Composed: Independent Flip,17220.8315,NA,16.00510000000000,14.73690000000000,0.26300000000000,4.14040000000000,4.2141,17205.0770,16.0175,15.7545,0.2630,4.8467,15.0482,13.4181,1.6301,-0.1729,17205.0770,NA,16.6494,NA
SandFall-Win64-Shipping.exe,32396,0x27E295FDE80,DXGI,0,0,1,Hardware Composed: Independent Flip,17235.7271,NA,14.89560000000000,17.09310000000000,0.24340000000000,4.96600000000000,6.4116,17221.0945,14.8760,14.6326,0.2434,3.8774,15.7212,13.9127,1.8085,-1.0756,17221.0945,NA,16.6824,NA
SandFall-Win64-Shipping.exe,32396,0x27E295FDE80,DXGI,0,0,1,Hardware Composed: Independent Flip,17249.0477,NA,13.32060000000000,13.36340000000000,0.25020000000000,6.41710000000000,6.4544,17235.9705,13.3274,13.0772,0.2502,4.7226,14.7717,14.7658,0.0059,1.5126,17235.9705,NA,15.0970,NA
SandFall-Win64-Shipping.exe,32396,0x27E295FDE80,DXGI,0,0,1,Hardware Composed: Independent Flip,17261.6601,NA,12.61240000000000,13.29880000000000,0.25480000000000,6.87880000000000,7.1408,17249.2979,12.6170,12.3622,0.2548,6.1669,13.0741,13.0700,0.0041,0.0286,17249.2979,NA,13.4069,NA
SandFall-Win64-Shipping.exe,32396,0x27E295FDE80,DXGI,0,0,1,Hardware Composed: Independent Flip,17274.8099,NA,13.14980000000000,13.09670000000000,0.27020000000000,7.04680000000000,7.0877,17261.9149,13.1652,12.8950,0.2702,6.6240,13.3178,13.3143,0.0035,-0.4797,17261.9149,NA,12.5075,NA
SandFall-Win64-Shipping.exe,32396,0x27E295FDE80,DXGI,0,0,1,Hardware Composed: Independent Flip,17287.3792,NA,12.56930000000000,13.34160000000000,0.28620000000000,7.61050000000000,7.8600,17275.0801,12.5853,12.2991,0.2862,6.7766,13.1330,13.1265,0.0065,-0.1764,17275.0801,NA,11.8466,NA
SandFall-Win64-Shipping.exe,32396,0x27E295FDE80,DXGI,0,0,1,Hardware Composed: Independent Flip,17304.0271,NA,16.64790000000000,13.26410000000000,0.32460000000000,4.43320000000000,4.4762,17287.6654,16.6863,16.3617,0.3246,7.3243,13.4706,13.4661,0.0045,-0.6788,17287.6654,NA,13.1166,NA
SandFall-Win64-Shipping.exe,32396,0x27E295FDE80,DXGI,0,0,1,Hardware Composed: Independent Flip,17318.2386,NA,14.21150000000000,14.70860000000000,0.27650000000000,4.84160000000000,4.9733,17304.3517,14.1634,13.8869,0.2765,4.1086,14.6199,13.8968,0.7231,1.9777,17304.3517,NA,8.8174,NA
SandFall-Win64-Shipping.exe,32396,0x27E295FDE80,DXGI,0,0,1,Hardware Composed: Independent Flip,17334.1927,NA,15.95410000000000,16.57240000000000,0.47400000000000,4.90820000000000,5.5916,17318.5151,16.1516,15.6776,0.4740,4.5651,16.0207,14.0507,1.9700,-2.4090,17318.5151,NA,10.3947,NA
SandFall-Win64-Shipping.exe,32396,0x27E295FDE80,DXGI,0,0,1,Hardware Composed: Independent Flip,17349.4432,NA,15.25050000000000,14.39910000000000,0.52220000000000,4.70780000000000,4.7402,17334.6667,15.2987,14.7765,0.5222,4.4342,15.0501,13.7573,1.2928,1.7525,17334.6667,NA,8.7912,NA
SandFall-Win64-Shipping.exe,32396,0x27E295FDE80,DXGI,0,0,1,Hardware Composed: Independent Flip,17365.4833,NA,16.04010000000000,15.83600000000000,0.59610000000000,4.46710000000000,4.5361,17349.9654,16.1140,15.5179,0.5961,4.1856,15.7994,14.2351,1.5643,-0.5373,17349.9654,NA,9.6330,NA
SandFall-Win64-Shipping.exe,32396,0x27E295FDE80,DXGI,0,0,1,Hardware Composed: Independent Flip,17382.3271,NA,16.84380000000000,17.34790000000000,0.24340000000000,4.53060000000000,5.0402,17366.0794,16.4911,16.2477,0.2434,3.8710,16.9073,13.7628,3.1445,-1.2339,17366.0794,NA,10.9672,NA
SandFall-Win64-Shipping.exe,32396,0x27E295FDE80,DXGI,0,0,1,Hardware Composed: Independent Flip,17397.6049,NA,15.27780000000000,15.23130000000000,0.27280000000000,4.67260000000000,4.9937,17382.5705,15.3072,15.0344,0.2728,4.2872,15.4198,14.0677,1.3521,1.2598,17382.5705,NA,13.2112,NA
SandFall-Win64-Shipping.exe,32396,0x27E295FDE80,DXGI,0,0,1,Hardware Composed: Independent Flip,17411.0692,NA,13.46430000000000,13.61540000000000,0.51700000000000,5.02790000000000,5.1448,17397.8777,13.7085,13.1915,0.5170,4.3998,13.8196,13.8146,0.0050,1.6918,17397.8777,NA,10.8141,NA
SandFall-Win64-Shipping.exe,32396,0x27E295FDE80,DXGI,0,0,1,Hardware Composed: Independent Flip,17425.5494,NA,14.48020000000000,13.97940000000000,0.29700000000000,4.62980000000000,4.6440,17411.5862,14.2602,13.9632,0.2970,4.5109,14.0821,13.9130,0.1691,-0.2709,17411.5862,NA,9.7964,NA
SandFall-Win64-Shipping.exe,32396,0x27E295FDE80,DXGI,0,0,1,Hardware Composed: Independent Flip,17442.4965,NA,16.94710000000000,17.07330000000000,0.24480000000000,4.23530000000000,4.7702,17425.8464,16.8949,16.6501,0.2448,4.3328,16.5526,14.1275,2.4251,-2.8131,17425.8464,NA,11.8751,NA
SandFall-Win64-Shipping.exe,32396,0x27E295FDE80,DXGI,0,0,1,Hardware Composed: Independent Flip,17456.2669,NA,13.77040000000000,14.74540000000000,0.30410000000000,4.78590000000000,5.7452,17442.7413,13.8297,13.5256,0.3041,3.9905,14.3210,14.1738,0.1472,2.1495,17442.7413,NA,12.6233,NA
SandFall-Win64-Shipping.exe,32396,0x27E295FDE80,DXGI,0,0,1,Hardware Composed: Independent Flip,17471.1839,NA,14.91700000000000,14.63140000000000,0.29650000000000,5.30760000000000,5.4596,17456.5710,14.9094,14.6129,0.2965,4.4818,15.4387,14.4942,0.9445,-0.8017,17456.5710,NA,11.2449,NA
SandFall-Win64-Shipping.exe,32396,0x27E295FDE80,DXGI,0,0,1,Hardware Composed: Independent Flip,17486.0914,NA,14.90750000000000,14.90030000000000,0.29100000000000,4.63970000000000,5.4524,17471.4804,14.9020,14.6110,0.2910,5.0111,14.2396,14.0859,0.1537,0.0091,17471.4804,NA,11.1535,NA
SandFall-Win64-Shipping.exe,32396,0x27E295FDE80,DXGI,0,0,1,Hardware Composed: Independent Flip,17500.6324,NA,14.54100000000000,14.11960000000000,0.27230000000000,4.96230000000000,5.0310,17486.3824,14.5223,14.2500,0.2723,4.3487,14.8636,14.1073,0.7563,0.7824,17486.3824,NA,10.2608,NA
SandFall-Win64-Shipping.exe,32396,0x27E295FDE80,DXGI,0,0,1,Hardware Composed: Independent Flip,17517.7859,NA,17.15350000000000,18.35840000000000,0.25040000000000,5.81120000000000,6.2359,17500.9047,17.1316,16.8812,0.2504,4.6900,18.0024,15.0779,2.9245,-3.8361,17500.9047,NA,13.6306,NA
SandFall-Win64-Shipping.exe,32396,0x27E295FDE80,DXGI,0,0,1,Hardware Composed: Independent Flip,17535.4910,NA,17.70510000000000,16.39130000000000,0.26370000000000,4.85090000000000,4.9221,17518.0363,17.7184,17.4547,0.2637,5.5608,16.7448,14.8531,1.8917,0.7403,17518.0363,NA,15.0229,NA
SandFall-Win64-Shipping.exe,32396,0x27E295FDE80,DXGI,0,0,1,Hardware Composed: Independent Flip,17549.9978,NA,14.50680000000000,15.00300000000000,0.24480000000000,5.37870000000000,5.4183,17535.7547,14.4879,14.2431,0.2448,4.5872,15.0346,14.4988,0.5358,2.7154,17535.7547,NA,15.0019,NA
SandFall-Win64-Shipping.exe,32396,0x27E295FDE80,DXGI,0,0,1,Hardware Composed: Independent Flip,17565.4056,NA,15.40780000000000,15.48350000000000,0.24010000000000,4.89020000000000,5.4940,17550.2426,15.4031,15.1630,0.2401,5.1339,14.9193,14.5696,0.3497,-0.9956,17550.2426,NA,15.5032,NA
SandFall-Win64-Shipping.exe,32396,0x27E295FDE80,DXGI,0,0,1,Hardware Composed: Independent Flip,17575.2349,NA,9.82930000000000,13.47580000000000,0.29650000000000,9.05930000000000,9.1405,17565.6457,9.8857,9.5892,0.2965,4.6501,13.9984,13.9941,0.0043,1.9273,17565.6457,NA,13.9828,NA
SandFall-Win64-Shipping.exe,32396,0x27E295FDE80,DXGI,0,0,1,Hardware Composed: Independent Flip,17588.3403,NA,13.10540000000000,14.37790000000000,0.32610000000000,10.06560000000000,10.4130,17575.5314,13.1350,12.8089,0.3261,8.7628,14.1117,14.1071,0.0046,-4.4922,17575.5314,NA,13.3616,NA
SandFall-Win64-Shipping.exe,32396,0x27E295FDE80,DXGI,0,0,1,Hardware Composed: Independent Flip,17602.2540,NA,13.91370000000000,13.58710000000000,0.31470000000000,9.92300000000000,10.0864,17588.6664,13.9023,13.5876,0.3147,9.7395,13.7711,13.7654,0.0057,-0.4521,17588.6664,NA,11.9527,NA
SandFall-Win64-Shipping.exe,32396,0x27E295FDE80,DXGI,0,0,1,Hardware Composed: Independent Flip,17618.6771,NA,16.42310000000000,13.96140000000000,0.26580000000000,7.61070000000000,7.6247,17602.5687,16.3742,16.1084,0.2658,9.6083,14.1108,14.1056,0.0052,-0.0591,17602.5687,NA,9.9076,NA
SandFall-Win64-Shipping.exe,32396,0x27E295FDE80,DXGI,0,0,1,Hardware Composed: Independent Flip,17633.8982,NA,15.22110000000000,14.36010000000000,0.31160000000000,6.43400000000000,6.7637,17618.9429,15.2669,14.9553,0.3116,7.3449,14.0444,14.0402,0.0042,2.0141,17618.9429,NA,7.2690,NA
SandFall-Win64-Shipping.exe,32396,0x27E295FDE80,DXGI,0,0,1,Hardware Composed: Independent Flip,17649.0260,NA,15.12780000000000,14.27220000000000,0.30270000000000,5.88840000000000,5.9081,17634.2098,15.1189,14.8162,0.3027,6.1224,14.5822,14.5771,0.0051,0.9947,17634.2098,NA,NA,NA
SandFall-Win64-Shipping.exe,32396,0x27E295FDE80,DXGI,0,0,1,Hardware Composed: Independent Flip,17666.3060,NA,17.28000000000000,16.53190000000000,0.27490000000000,4.85460000000000,5.1600,17649.3287,17.2522,16.9773,0.2749,5.5857,16.2462,14.7552,1.4910,-1.4130,17649.3287,NA,8.0690,NA
SandFall-Win64-Shipping.exe,32396,0x27E295FDE80,DXGI,0,0,1,Hardware Composed: Independent Flip,17682.2171,NA,15.91110000000000,15.82000000000000,0.26720000000000,5.05590000000000,5.0689,17666.5809,15.9034,15.6362,0.2672,4.5797,16.1124,14.8440,1.2684,1.4322,17666.5809,NA,NA,NA
SandFall-Win64-Shipping.exe,32396,0x27E295FDE80,DXGI,0,0,1,Hardware Composed: Independent Flip,17697.5435,NA,15.32640000000000,15.68310000000000,0.24860000000000,5.34560000000000,5.4256,17682.4843,15.3078,15.0592,0.2486,4.7887,15.6161,14.8583,0.7578,0.2203,17682.4843,NA,21.5651,NA
SandFall-Win64-Shipping.exe,32396,0x27E295FDE80,DXGI,0,0,1,Hardware Composed: Independent Flip,17713.0008,NA,15.45730000000000,15.21480000000000,0.25450000000000,5.09700000000000,5.1831,17697.7921,15.4632,15.2087,0.2545,5.0970,15.2087,14.5638,0.6449,0.0930,17697.7921,NA,23.7766,NA
SandFall-Win64-Shipping.exe,32396,0x27E295FDE80,DXGI,0,0,1,Hardware Composed: Independent Flip,17728.7165,NA,15.71570000000000,15.61040000000000,0.28070000000000,5.03750000000000,5.0778,17713.2553,15.7419,15.4612,0.2807,4.8425,15.6562,14.3493,1.3069,-0.1472,17713.2553,NA,29.3862,NA
SandFall-Win64-Shipping.exe,32396,0x27E295FDE80,DXGI,0,0,1,Hardware Composed: Independent Flip,17748.5469,NA,19.83040000000000,19.26170000000000,0.33460000000000,4.19980000000000,4.5091,17728.9972,19.8843,19.5497,0.3346,4.7568,18.9927,14.4258,4.5669,-3.5198,17728.9972,NA,5.6523,NA
SandFall-Win64-Shipping.exe,32396,0x27E295FDE80,DXGI,0,0,1,Hardware Composed: Independent Flip,17768.5496,NA,20.00270000000000,21.68660000000000,0.31380000000000,4.65300000000000,6.1930,17748.8815,19.9819,19.6681,0.3138,3.8652,20.4559,14.5609,5.8950,-1.8023,17748.8815,NA,14.3378,NA
SandFall-Win64-Shipping.exe,32396,0x27E295FDE80,DXGI,0,0,1,Hardware Composed: Independent Flip,17786.8326,NA,18.28300000000000,16.61910000000000,0.38200000000000,4.50150000000000,4.5291,17768.8634,18.3512,17.9692,0.3820,4.3392,18.1315,14.5555,3.5760,3.3628,17768.8634,NA,21.9654,NA
SandFall-Win64-Shipping.exe,32396,0x27E295FDE80,DXGI,0,0,1,Hardware Composed: Independent Flip,17806.3734,NA,19.54080000000000,19.96710000000000,0.26650000000000,4.91920000000000,4.9554,17787.2146,19.4253,19.1588,0.2665,4.1195,19.9585,15.0184,4.9401,-1.6159,17787.2146,NA,NA,NA
SandFall-Win64-Shipping.exe,32396,0x27E295FDE80,DXGI,0,0,1,Hardware Composed: Independent Flip,17823.8801,NA,17.50670000000000,17.69020000000000,0.36130000000000,4.10630000000000,5.1389,17806.6399,17.6015,17.2402,0.3613,4.6527,16.6938,14.0877,2.6061,1.7351,17806.6399,NA,NA,NA
SandFall-Win64-Shipping.exe,32396,0x27E295FDE80,DXGI,0,0,1,Hardware Composed: Independent Flip,17839.7576,NA,15.87750000000000,15.70340000000000,0.27670000000000,4.93300000000000,4.9648,17824.2414,15.7929,15.5162,0.2767,3.7450,16.7042,14.4191,2.2851,1.8981,17824.2414,NA,NA,NA
SandFall-Win64-Shipping.exe,32396,0x27E295FDE80,DXGI,0,0,1,Hardware Composed: Independent Flip,17854.2598,NA,14.50220000000000,16.64490000000000,0.26830000000000,4.97810000000000,7.1075,17840.0343,14.4938,14.2255,0.2683,4.6563,14.5473,14.3678,0.1795,-0.8520,17840.0343,NA,NA,NA
SandFall-Win64-Shipping.exe,32396,0x27E295FDE80,DXGI,0,0,1,Hardware Composed: Independent Flip,17867.1743,NA,12.91450000000000,11.48790000000000,0.26020000000000,5.59360000000000,5.6809,17854.5281,12.9064,12.6462,0.2602,4.7098,13.5300,13.5229,0.0071,3.0059,17854.5281,NA,NA,NA
SandFall-Win64-Shipping.exe,32396,0x27E295FDE80,DXGI,0,0,1,Hardware Composed: Independent Flip,17878.0449,NA,10.87060000000000,14.63500000000000,0.34900000000000,7.79860000000000,9.4453,17867.4345,10.9594,10.6104,0.3490,5.3334,13.0756,13.0724,0.0032,-1.7286,17867.4345,NA,NA,NA
SandFall-Win64-Shipping.exe,32396,0x27E295FDE80,DXGI,0,0,1,Hardware Composed: Independent Flip,17887.7609,NA,9.71600000000000,11.83690000000000,0.73360000000000,11.49640000000000,11.5662,17878.3939,10.1006,9.3670,0.7336,7.4496,13.4138,13.4099,0.0039,-0.8775,17878.3939,NA,NA,NA
SandFall-Win64-Shipping.exe,32396,0x27E295FDE80,DXGI,0,0,1,Hardware Composed: Independent Flip,17905.1779,NA,17.41700000000000,13.56450000000000,0.31230000000000,7.63850000000000,7.7137,17888.4945,16.9957,16.6834,0.3123,10.7628,13.5591,13.5414,0.0177,-3.4639,17888.4945,NA,NA,NA
SandFall-Win64-Shipping.exe,32396,0x27E295FDE80,DXGI,0,0,1,Hardware Composed: Independent Flip,17921.5942,NA,16.41630000000000,14.38600000000000,0.30050000000000,4.78250000000000,5.6834,17905.4902,16.4045,16.1040,0.3005,7.3262,13.5603,13.5533,0.0070,2.6097,17905.4902,NA,10.8731,NA
SandFall-Win64-Shipping.exe,32396,0x27E295FDE80,DXGI,0,0,1,Hardware Composed: Independent Flip,17936.9579,NA,15.36370000000000,13.62730000000000,0.28800000000000,3.88020000000000,3.9470,17921.8947,15.3512,15.0632,0.2880,4.4820,14.4614,13.9684,0.4930,2.7772,17921.8947,NA,NA,NA
SandFall-Win64-Shipping.exe,32396,0x27E295FDE80,DXGI,0,0,1,Hardware Composed: Independent Flip,17952.5716,NA,15.61370000000000,17.09090000000000,0.27740000000000,4.87960000000000,5.4242,17937.2459,15.6031,15.3257,0.2774,3.5922,16.6131,14.4333,2.1798,-1.7397,17937.2459,NA,NA,NA
SandFall-Win64-Shipping.exe,32396,0x27E295FDE80,DXGI,0,0,1,Hardware Composed: Independent Flip,17968.3782,NA,15.80660000000000,15.09470000000000,0.29500000000000,4.64670000000000,4.7123,17952.8490,15.8242,15.5292,0.2950,4.6022,15.5737,14.0435,1.5302,0.5084,17952.8490,NA,22.6963,NA
SandFall-Win64-Shipping.exe,32396,0x27E295FDE80,DXGI,0,0,1,Hardware Composed: Independent Flip,17985.0202,NA,16.64200000000000,15.80990000000000,0.30020000000000,3.81760000000000,3.8802,17968.6732,16.6472,16.3470,0.3002,4.3517,15.8129,14.0696,1.7433,0.0143,17968.6732,NA,NA,NA
SandFall-Win64-Shipping.exe,32396,0x27E295FDE80,DXGI,0,0,1,Hardware Composed: Independent Flip,17999.9027,NA,14.88250000000000,16.30140000000000,0.25900000000000,4.79080000000000,5.2991,17985.3204,14.8413,14.5823,0.2590,3.5174,15.8557,14.1067,1.7490,0.3458,17985.3204,NA,NA,NA
SandFall-Win64-Shipping.exe,32396,0x27E295FDE80,DXGI,0,0,1,Hardware Composed: Independent Flip,18016.4665,NA,16.56380000000000,15.91890000000000,0.30510000000000,4.60840000000000,4.6542,18000.1617,16.6099,16.3048,0.3051,4.5318,16.3814,14.4799,1.9015,-1.0776,18000.1617,NA,NA,NA
SandFall-Win64-Shipping.exe,32396,0x27E295FDE80,DXGI,0,0,1,Hardware Composed: Independent Flip,18031.8134,NA,15.34690000000000,15.79160000000000,0.27910000000000,4.82920000000000,5.0989,18016.7716,15.3209,15.0418,0.2791,4.3033,15.5677,14.2731,1.2946,0.8183,18016.7716,NA,NA,NA
SandFall-Win64-Shipping.exe,32396,0x27E295FDE80,DXGI,0,0,1,Hardware Composed: Independent Flip,18046.6724,NA,14.85900000000000,14.55650000000000,0.30010000000000,4.74390000000000,4.7964,18032.0925,14.8800,14.5799,0.3001,4.5501,14.7737,14.1196,0.6541,0.7644,18032.0925,NA,NA,NA
SandFall-Win64-Shipping.exe,32396,0x27E295FDE80,DXGI,0,0,1,Hardware Composed: Independent Flip,18061.7340,NA,15.06160000000000,15.13810000000000,0.35560000000000,4.55900000000000,4.8729,18046.9725,15.1171,14.7615,0.3556,4.4438,14.8767,13.7438,1.1329,-0.2581,18046.9725,NA,NA,NA
SandFall-Win64-Shipping.exe,32396,0x27E295FDE80,DXGI,0,0,1,Hardware Composed: Independent Flip,18077.9726,NA,16.23860000000000,15.67710000000000,0.27780000000000,4.24400000000000,4.3114,18062.0896,16.1608,15.8830,0.2778,4.2034,15.9236,13.9429,1.9807,-0.5600,18062.0896,NA,NA,NA
SandFall-Win64-Shipping.exe,32396,0x27E295FDE80,DXGI,0,0,1,Hardware Composed: Independent Flip,18092.4527,NA,14.48010000000000,14.69940000000000,0.31920000000000,4.47100000000000,4.5307,18078.2504,14.5215,14.2023,0.3192,3.9662,14.7071,13.9331,0.7740,1.4614,18078.2504,NA,NA,NA
SandFall-Win64-Shipping.exe,32396,0x27E295FDE80,DXGI,0,0,1,Hardware Composed: Independent Flip,18108.0095,NA,15.55680000000000,15.42300000000000,0.29580000000000,4.33200000000000,4.3969,18092.7719,15.5334,15.2376,0.2958,4.1518,15.4178,14.1262,1.2916,-0.9015,18092.7719,NA,NA,NA
SandFall-Win64-Shipping.exe,32396,0x27E295FDE80,DXGI,0,0,1,Hardware Composed: Independent Flip,18125.1172,NA,17.10770000000000,17.33950000000000,0.39410000000000,4.17050000000000,4.6287,18108.3053,17.2060,16.8119,0.3941,4.0362,16.9462,14.0242,2.9220,-1.8061,18108.3053,NA,NA,NA
SandFall-Win64-Shipping.exe,32396,0x27E295FDE80,DXGI,0,0,1,Hardware Composed: Independent Flip,18141.0212,NA,15.90400000000000,16.05480000000000,0.29940000000000,4.24950000000000,4.7795,18125.5113,15.8093,15.5099,0.2994,3.7764,15.9830,14.0448,1.9382,1.1512,18125.5113,NA,11.4022,NA
SandFall-Win64-Shipping.exe,32396,0x27E295FDE80,DXGI,0,0,1,Hardware Composed: Independent Flip,18157.7982,NA,16.77700000000000,17.04170000000000,0.26250000000000,4.95700000000000,5.0442,18141.3206,16.7401,16.4776,0.2625,3.9501,17.4845,14.1364,3.3481,-1.2324,18141.3206,NA,14.4519,NA
SandFall-Win64-Shipping.exe,32396,0x27E295FDE80,DXGI,0,0,1,Hardware Composed: Independent Flip,18172.0786,NA,14.28040000000000,14.71150000000000,0.25540000000000,4.48730000000000,5.4753,18158.0607,14.2733,14.0179,0.2554,4.6945,13.8107,13.7817,0.0290,2.0286,18158.0607,NA,13.1626,NA
SandFall-Win64-Shipping.exe,32396,0x27E295FDE80,DXGI,0,0,1,Hardware Composed: Independent Flip,18187.4968,NA,15.41820000000000,14.87120000000000,0.24860000000000,4.84780000000000,4.9283,18172.3340,15.4114,15.1628,0.2486,4.2319,15.7787,13.9855,1.7932,-0.5979,18172.3340,NA,15.0293,NA
SandFall-Win64-Shipping.exe,32396,0x27E295FDE80,DXGI,0,0,1,Hardware Composed: Independent Flip,18202.5766,NA,15.07980000000000,15.62510000000000,0.25740000000000,4.47510000000000,5.4736,18187.7454,15.0886,14.8312,0.2574,4.5992,14.7071,14.2199,0.4872,-0.2137,18187.7454,NA,13.6589,NA
SandFall-Win64-Shipping.exe,32396,0x27E295FDE80,DXGI,0,0,1,Hardware Composed: Independent Flip,18215.8975,NA,13.32090000000000,12.82340000000000,0.25970000000000,4.93930000000000,4.9761,18202.8340,13.3232,13.0635,0.2597,4.2177,13.7851,13.7815,0.0036,2.2652,18202.8340,NA,11.4810,NA
SandFall-Win64-Shipping.exe,32396,0x27E295FDE80,DXGI,0,0,1,Hardware Composed: Independent Flip,18232.4956,NA,16.59810000000000,16.83670000000000,0.26660000000000,5.18290000000000,5.2147,18216.1572,16.6050,16.3384,0.2666,4.6796,16.8417,14.6766,2.1651,-3.5135,18216.1572,NA,13.2658,NA
SandFall-Win64-Shipping.exe,32396,0x27E295FDE80,DXGI,0,0,1,Hardware Composed: Independent Flip,18246.3277,NA,13.83210000000000,14.60530000000000,0.29700000000000,5.57560000000000,5.9879,18232.7622,13.8625,13.5655,0.2970,4.9163,14.2248,14.2172,0.0076,1.9997,18232.7622,NA,13.9232,NA
SandFall-Win64-Shipping.exe,32396,0x27E295FDE80,DXGI,0,0,1,Hardware Composed: Independent Flip,18260.5609,NA,14.23320000000000,13.90490000000000,0.37730000000000,5.56680000000000,5.6596,18246.6247,14.3135,13.9362,0.3773,5.2786,14.2244,14.2171,0.0073,-0.0424,18246.6247,NA,11.8257,NA
SandFall-Win64-Shipping.exe,32396,0x27E295FDE80,DXGI,0,0,1,Hardware Composed: Independent Flip,18274.9715,NA,14.41060000000000,15.46090000000000,0.29380000000000,5.20470000000000,6.7099,18260.9382,14.3271,14.0333,0.2938,5.1895,14.0485,14.0421,0.0064,-1.1474,18260.9382,NA,15.2842,NA
SandFall-Win64-Shipping.exe,32396,0x27E295FDE80,DXGI,0,0,1,Hardware Composed: Independent Flip,18288.9072,NA,13.93570000000000,12.64820000000000,0.32200000000000,5.25770000000000,5.4224,18275.2653,13.9639,13.6419,0.3220,4.9109,13.9887,13.9831,0.0056,1.6789,18275.2653,NA,8.9286,NA
SandFall-Win64-Shipping.exe,32396,0x27E295FDE80,DXGI,0,0,1,Hardware Composed: Independent Flip,18306.1322,NA,17.22500000000000,16.15110000000000,0.29390000000000,3.66480000000000,4.3485,18289.2292,17.1969,16.9030,0.2939,4.9357,15.6321,14.2984,1.3337,-2.1872,18289.2292,NA,10.0886,NA
SandFall-Win64-Shipping.exe,32396,0x27E295FDE80,DXGI,0,0,1,Hardware Composed: Independent Flip,18323.6435,NA,17.51130000000000,18.36240000000000,0.34840000000000,3.98390000000000,5.1996,18306.4261,17.5658,17.2174,0.3484,3.3709,17.8304,14.5871,3.2433,-1.1655,18306.4261,NA,12.4529,NA
SandFall-Win64-Shipping.exe,32396,0x27E295FDE80,DXGI,0,0,1,Hardware Composed: Independent Flip,18337.7028,NA,14.05930000000000,13.55560000000000,0.28390000000000,4.65480000000000,4.6959,18323.9919,13.9948,13.7109,0.2839,3.6355,14.7302,14.3298,0.4004,4.0102,18323.9919,NA,9.9962,NA
SandFall-Win64-Shipping.exe,32396,0x27E295FDE80,DXGI,0,0,1,Hardware Composed: Independent Flip,18352.0776,NA,14.37480000000000,14.48550000000000,0.32070000000000,4.76610000000000,4.8066,18337.9867,14.4116,14.0909,0.3207,4.3709,14.4861,14.1931,0.2930,-0.4907,18337.9867,NA,11.4914,NA
SandFall-Win64-Shipping.exe,32396,0x27E295FDE80,DXGI,0,0,1,Hardware Composed: Independent Flip,18367.6273,NA,15.54970000000000,16.95480000000000,0.29890000000000,4.96810000000000,6.2117,18352.3983,15.5279,15.2290,0.2989,4.4454,15.7517,14.5554,1.1963,-2.5432,18352.3983,NA,11.4432,NA
SandFall-Win64-Shipping.exe,32396,0x27E295FDE80,DXGI,0,0,1,Hardware Composed: Independent Flip,18388.3088,NA,20.68150000000000,19.57360000000000,0.26980000000000,4.99690000000000,5.1038,18367.9262,20.6524,20.3826,0.2698,4.6692,20.7103,14.7051,6.0052,-4.0457,18367.9262,NA,13.0193,NA
SandFall-Win64-Shipping.exe,32396,0x27E295FDE80,DXGI,0,0,1,Hardware Composed: Independent Flip,18407.8982,NA,19.58940000000000,19.51780000000000,0.26930000000000,4.99020000000000,5.0322,18388.5786,19.5889,19.3196,0.2693,4.7271,19.5827,14.4567,5.1260,1.1346,18388.5786,NA,16.5479,NA
SandFall-Win64-Shipping.exe,32396,0x27E295FDE80,DXGI,0,0,1,Hardware Composed: Independent Flip,18423.1205,NA,15.22230000000000,15.49800000000000,0.26080000000000,4.98300000000000,5.3079,18408.1675,15.2138,14.9530,0.2608,4.7209,15.2151,14.1458,1.0693,4.0909,18408.1675,NA,14.9720,NA
SandFall-Win64-Shipping.exe,32396,0x27E295FDE80,DXGI,0,0,1,Hardware Composed: Independent Flip,18440.0444,NA,16.92390000000000,15.58370000000000,0.26150000000000,3.91420000000000,3.9677,18423.3813,16.9246,16.6631,0.2615,4.7222,15.8551,14.4900,1.3651,-0.3699,18423.3813,NA,17.6173,NA
SandFall-Win64-Shipping.exe,32396,0x27E295FDE80,DXGI,0,0,1,Hardware Composed: Independent Flip,18450.3170,NA,10.27260000000000,13.59710000000000,0.27100000000000,6.97020000000000,7.2922,18440.3059,10.2821,10.0111,0.2710,3.6527,13.3286,13.3246,0.0040,3.3275,18440.3059,NA,17.2176,NA
SandFall-Win64-Shipping.exe,32396,0x27E295FDE80,DXGI,0,0,1,Hardware Composed: Independent Flip,18459.9573,NA,9.64030000000000,13.25180000000000,0.27000000000000,10.86210000000000,10.9037,18450.5880,9.6393,9.3693,0.2700,6.6992,13.5322,13.5288,0.0034,-2.9697,18450.5880,NA,14.4659,NA
SandFall-Win64-Shipping.exe,32396,0x27E295FDE80,DXGI,0,0,1,Hardware Composed: Independent Flip,18476.7518,NA,16.79450000000000,13.88960000000000,0.29990000000000,7.89210000000000,7.9988,18460.2273,16.8244,16.5245,0.2999,10.5921,13.8245,13.8202,0.0043,-4.2503,18460.2273,NA,12.3557,NA
SandFall-Win64-Shipping.exe,32396,0x27E295FDE80,DXGI,0,0,1,Hardware Composed: Independent Flip,18492.8091,NA,16.05730000000000,13.28290000000000,0.28290000000000,5.12820000000000,5.2244,18477.0517,16.0403,15.7574,0.2829,7.5922,13.2934,13.2886,0.0048,3.5415,18477.0517,NA,13.6427,NA
SandFall-Win64-Shipping.exe,32396,0x27E295FDE80,DXGI,0,0,1,Hardware Composed: Independent Flip,18507.9090,NA,15.09990000000000,14.52890000000000,0.29380000000000,4.58030000000000,4.6534,18493.0920,15.1108,14.8170,0.2938,4.8453,14.5520,13.8538,0.6982,1.5114,18493.0920,NA,18.1441,NA
SandFall-Win64-Shipping.exe,32396,0x27E295FDE80,DXGI,0,0,1,Hardware Composed: Independent Flip,18523.6603,NA,15.75130000000000,16.22570000000000,0.33350000000000,4.88490000000000,5.1278,18508.2028,15.7910,15.4575,0.3335,4.2865,16.0559,14.1716,1.8843,-1.1149,18508.2028,NA,16.3895,NA
SandFall-Win64-Shipping.exe,32396,0x27E295FDE80,DXGI,0,0,1,Hardware Composed: Independent Flip,18542.3164,NA,18.65610000000000,18.27760000000000,0.29500000000000,4.10320000000000,4.7493,18523.9938,18.6176,18.3226,0.2950,4.5514,17.8744,14.3342,3.5402,-2.4866,18523.9938,NA,NA,NA
SandFall-Win64-Shipping.exe,32396,0x27E295FDE80,DXGI,0,0,1,Hardware Composed: Independent Flip,18558.2819,NA,15.96550000000000,15.41240000000000,0.31400000000000,4.14350000000000,4.1962,18542.6114,15.9845,15.6705,0.3140,3.8082,16.0058,13.7435,2.2623,3.2052,18542.6114,NA,NA,NA
SandFall-Win64-Shipping.exe,32396,0x27E295FDE80,DXGI,0,0,1,Hardware Composed: Independent Flip,18572.5345,NA,14.25260000000000,14.62110000000000,0.26860000000000,4.54360000000000,4.5647,18558.5959,14.2072,13.9386,0.2686,3.8295,14.6527,13.8585,0.7942,1.3634,18558.5959,NA,NA,NA
SandFall-Win64-Shipping.exe,32396,0x27E295FDE80,DXGI,0,0,1,Hardware Composed: Independent Flip,18586.4629,NA,13.92840000000000,14.75750000000000,0.27780000000000,4.60000000000000,5.3938,18572.8031,13.9376,13.6598,0.2778,4.2750,13.9848,13.5775,0.4073,-0.5503,18572.8031,NA,NA,NA
SandFall-Win64-Shipping.exe,32396,0x27E295FDE80,DXGI,0,0,1,Hardware Composed: Independent Flip,18601.6603,NA,15.19740000000000,14.46140000000000,0.33730000000000,4.59640000000000,4.6578,18586.7407,15.2569,14.9196,0.3373,4.3222,15.1938,13.6497,1.5441,-0.5238,18586.7407,NA,NA,NA
SandFall-Win64-Shipping.exe,32396,0x27E295FDE80,DXGI,0,0,1,Hardware Composed: Independent Flip,18616.2440,NA,14.58370000000000,15.29540000000000,0.29360000000000,4.67300000000000,5.3695,18601.9976,14.5400,14.2464,0.2936,4.2591,14.6603,13.8132,0.8471,-0.0385,18601.9976,NA,NA,NA
SandFall-Win64-Shipping.exe,32396,0x27E295FDE80,DXGI,0,0,1,Hardware Composed: Independent Flip,18630.4582,NA,14.21420000000000,13.62730000000000,0.27120000000000,4.74650000000000,4.7826,18616.5376,14.1918,13.9206,0.2712,4.3794,14.2877,13.4741,0.8136,0.9127,18616.5376,NA,NA,NA
SandFall-Win64-Shipping.exe,32396,0x27E295FDE80,DXGI,0,0,1,Hardware Composed: Independent Flip,18645.3005,NA,14.84230000000000,15.11010000000000,0.26890000000000,4.47700000000000,5.0504,18630.7294,14.8400,14.5711,0.2689,4.4753,14.5728,13.5657,1.0071,-0.9183,18630.7294,NA,NA,NA
SandFall-Win64-Shipping.exe,32396,0x27E295FDE80,DXGI,0,0,1,Hardware Composed: Independent Flip,18660.6197,NA,15.31920000000000,15.43540000000000,0.26680000000000,4.67640000000000,5.1666,18645.5694,15.3171,15.0503,0.2668,4.2081,15.5186,13.6884,1.8302,-0.5954,18645.5694,NA,NA,NA
SandFall-Win64-Shipping.exe,32396,0x27E295FDE80,DXGI,0,0,1,Hardware Composed: Independent Flip,18676.5401,NA,15.92040000000000,14.66060000000000,0.32300000000000,3.88660000000000,3.9068,18660.8865,15.9766,15.6536,0.3230,4.4096,15.1306,13.6303,1.5003,0.6565,18660.8865,NA,NA,NA
SandFall-Win64-Shipping.exe,32396,0x27E295FDE80,DXGI,0,0,1,Hardware Composed: Independent Flip,18692.0142,NA,15.47410000000000,15.82570000000000,0.30410000000000,4.17470000000000,4.2584,18676.8631,15.4552,15.1511,0.3041,3.5636,15.7622,13.6957,2.0665,0.1509,18676.8631,NA,NA,NA
SandFall-Win64-Shipping.exe,32396,0x27E295FDE80,DXGI,0,0,1,Hardware Composed: Independent Flip,18707.0238,NA,15.00960000000000,15.31620000000000,0.31350000000000,4.52840000000000,4.5650,18692.3183,15.0190,14.7055,0.3135,3.8706,15.3633,13.5823,1.7810,0.1390,18692.3183,NA,NA,NA
SandFall-Win64-Shipping.exe,32396,0x27E295FDE80,DXGI,0,0,1,Hardware Composed: Independent Flip,18722.1378,NA,15.11400000000000,14.70770000000000,0.34490000000000,4.10460000000000,4.1587,18707.3373,15.1454,14.8005,0.3449,4.2149,14.6902,13.4985,1.1917,0.3113,18707.3373,NA,13.8881,NA
SandFall-Win64-Shipping.exe,32396,0x27E295FDE80,DXGI,0,0,1,Hardware Composed: Independent Flip,18736.5470,NA,14.40920000000000,14.54130000000000,0.28240000000000,4.10180000000000,4.2908,18722.4827,14.3467,14.0643,0.2824,3.7597,14.4064,13.4514,0.9550,0.6041,18722.4827,NA,9.4416,NA
SandFall-Win64-Shipping.exe,32396,0x27E295FDE80,DXGI,0,0,1,Hardware Composed: Independent Flip,18751.0237,NA,14.47670000000000,14.61270000000000,0.27200000000000,4.40120000000000,4.4268,18736.8294,14.4663,14.1943,0.2720,3.8194,14.7761,13.5568,1.2193,-0.2660,18736.8294,NA,7.0604,NA
SandFall-Win64-Shipping.exe,32396,0x27E295FDE80,DXGI,0,0,1,Hardware Composed: Independent Flip,18765.5591,NA,14.53540000000000,14.50050000000000,0.28580000000000,4.12440000000000,4.3919,18751.2957,14.5492,14.2634,0.2858,4.1292,14.2586,13.6560,0.6026,-0.0342,18751.2957,NA,9.5549,NA
SandFall-Win64-Shipping.exe,32396,0x27E295FDE80,DXGI,0,0,1,Hardware Composed: Independent Flip,18780.0345,NA,14.47540000000000,14.68980000000000,0.28520000000000,4.56510000000000,4.6063,18765.8449,14.4748,14.1896,0.2852,3.8386,14.9161,13.8375,1.0786,-0.1406,18765.8449,NA,10.2341,NA
SandFall-Win64-Shipping.exe,32396,0x27E295FDE80,DXGI,0,0,1,Hardware Composed: Independent Flip,18797.5427,NA,17.50820000000000,17.94560000000000,0.29090000000000,4.73720000000000,5.0437,18780.3197,17.5139,17.2230,0.2909,4.2799,17.6803,14.6559,3.0244,-3.4708,18780.3197,NA,10.1954,NA
SandFall-Win64-Shipping.exe,32396,0x27E295FDE80,DXGI,0,0,1,Hardware Composed: Independent Flip,18811.7829,NA,14.24020000000000,15.08340000000000,0.28780000000000,4.48870000000000,5.8869,18797.8336,14.2371,13.9493,0.2878,4.4463,13.9917,13.8174,0.1743,2.4305,18797.8336,NA,14.2539,NA
SandFall-Win64-Shipping.exe,32396,0x27E295FDE80,DXGI,0,0,1,Hardware Composed: Independent Flip,18828.4717,NA,16.68880000000000,14.88400000000000,0.25710000000000,4.01740000000000,4.0821,18812.0707,16.6581,16.4010,0.2571,4.2009,16.2175,13.7718,2.4457,-0.6469,18812.0707,NA,11.1604,NA
SandFall-Win64-Shipping.exe,32396,0x27E295FDE80,DXGI,0,0,1,Hardware Composed: Independent Flip,18843.4799,NA,15.00820000000000,16.45590000000000,0.36240000000000,4.23450000000000,5.5298,18828.7288,15.1135,14.7511,0.3624,3.7603,15.2253,13.8883,1.3370,0.2022,18828.7288,NA,12.6076,NA
SandFall-Win64-Shipping.exe,32396,0x27E295FDE80,DXGI,0,0,1,Hardware Composed: Independent Flip,18858.0346,NA,14.55470000000000,13.69000000000000,0.28920000000000,4.56020000000000,4.6651,18843.8423,14.4815,14.1923,0.2892,3.8721,14.8804,13.9717,0.9087,1.4235,18843.8423,NA,11.3059,NA
SandFall-Win64-Shipping.exe,32396,0x27E295FDE80,DXGI,0,0,1,Hardware Composed: Independent Flip,18872.4337,NA,14.39910000000000,14.30520000000000,0.62900000000000,4.52120000000000,4.5712,18858.3238,14.7389,14.1099,0.6290,4.2710,14.3601,14.0030,0.3571,0.1763,18858.3238,NA,10.6139,NA
SandFall-Win64-Shipping.exe,32396,0x27E295FDE80,DXGI,0,0,1,Hardware Composed: Independent Flip,18888.2677,NA,15.83400000000000,15.39130000000000,0.25150000000000,4.01010000000000,4.1285,18873.0627,15.4565,15.2050,0.2515,3.8922,15.3229,14.0152,1.3077,-0.6524,18873.0627,NA,11.0004,NA
SandFall-Win64-Shipping.exe,32396,0x27E295FDE80,DXGI,0,0,1,Hardware Composed: Independent Flip,18901.9069,NA,13.63920000000000,14.81740000000000,0.27480000000000,4.89420000000000,5.3067,18888.5192,13.6625,13.3877,0.2748,3.7586,14.5233,14.1794,0.3439,0.6391,18888.5192,NA,10.8187,NA
SandFall-Win64-Shipping.exe,32396,0x27E295FDE80,DXGI,0,0,1,Hardware Composed: Independent Flip,18915.4975,NA,13.59060000000000,13.61840000000000,0.33120000000000,5.27240000000000,5.3345,18902.1817,13.6470,13.3158,0.3312,4.6194,13.9688,13.9615,0.0073,0.0441,18902.1817,NA,9.4359,NA
SandFall-Win64-Shipping.exe,32396,0x27E295FDE80,DXGI,0,0,1,Hardware Composed: Independent Flip,18930.3345,NA,14.83700000000000,14.20470000000000,0.28180000000000,4.64650000000000,4.7022,18915.8287,14.7876,14.5058,0.2818,4.9412,14.2111,13.5855,0.6256,-0.5577,18915.8287,NA,7.6408,NA
SandFall-Win64-Shipping.exe,32396,0x27E295FDE80,DXGI,0,0,1,Hardware Composed: Independent Flip,18945.3366,NA,15.00210000000000,15.05700000000000,0.42700000000000,4.54980000000000,4.7571,18930.6163,15.1473,14.7203,0.4270,4.3647,14.9054,14.3111,0.5943,-0.2694,18930.6163,NA,8.6983,NA
SandFall-Win64-Shipping.exe,32396,0x27E295FDE80,DXGI,0,0,1,Hardware Composed: Independent Flip,18960.8841,NA,15.54750000000000,15.50110000000000,0.29740000000000,4.48830000000000,4.7107,18945.7636,15.4179,15.1205,0.2974,4.1228,15.4860,14.7533,0.7327,-0.3538,18945.7636,NA,11.1860,NA
SandFall-Win64-Shipping.exe,32396,0x27E295FDE80,DXGI,0,0,1,Hardware Composed: Independent Flip,18977.0762,NA,16.19210000000000,15.78300000000000,0.30640000000000,4.24330000000000,4.3016,18961.1815,16.2011,15.8947,0.3064,4.1909,15.9471,13.8942,2.0529,-0.3651,18961.1815,NA,8.9881,NA
SandFall-Win64-Shipping.exe,32396,0x27E295FDE80,DXGI,0,0,1,Hardware Composed: Independent Flip,18992.6405,NA,15.56430000000000,15.81810000000000,0.28150000000000,4.22330000000000,4.5554,18977.3826,15.5394,15.2579,0.2815,3.9369,15.5443,13.5193,2.0250,0.3830,18977.3826,NA,8.8066,NA
SandFall-Win64-Shipping.exe,32396,0x27E295FDE80,DXGI,0,0,1,Hardware Composed: Independent Flip,19007.8098,NA,15.16930000000000,15.10650000000000,0.26750000000000,4.47420000000000,4.4926,18992.9220,15.1553,14.8878,0.2675,3.9418,15.4202,13.5358,1.8844,0.4329,18992.9220,NA,10.9045,NA
SandFall-Win64-Shipping.exe,32396,0x27E295FDE80,DXGI,0,0,1,Hardware Composed: Independent Flip,19022.4162,NA,14.60640000000000,14.88220000000000,0.33390000000000,4.71140000000000,4.7684,19008.0773,14.6728,14.3389,0.3339,4.2067,14.8436,13.7337,1.1099,0.2731,19008.0773,NA,13.7748,NA
SandFall-Win64-Shipping.exe,32396,0x27E295FDE80,DXGI,0,0,1,Hardware Composed: Independent Flip,19037.6962,NA,15.28000000000000,15.45580000000000,0.29880000000000,4.88020000000000,4.9442,19022.7501,15.2449,14.9461,0.2988,4.3775,15.4488,13.7559,1.6929,-0.7830,19022.7501,NA,15.2387,NA
SandFall-Win64-Shipping.exe,32396,0x27E295FDE80,DXGI,0,0,1,Hardware Composed: Independent Flip,19052.6941,NA,14.99790000000000,15.53650000000000,0.28040000000000,5.19250000000000,5.4828,19037.9950,14.9795,14.6991,0.2804,4.5814,15.3102,14.0121,1.2981,-0.2916,19037.9950,NA,21.7837,NA
SandFall-Win64-Shipping.exe,32396,0x27E295FDE80,DXGI,0,0,1,Hardware Composed: Independent Flip,19067.5572,NA,14.86310000000000,13.97200000000000,0.26190000000000,4.57190000000000,4.5917,19052.9745,14.8446,14.5827,0.2619,4.9121,14.2425,13.4515,0.7910,1.0075,19052.9745,NA,NA,NA
SandFall-Win64-Shipping.exe,32396,0x27E295FDE80,DXGI,0,0,1,Hardware Composed: Independent Flip,19082.0008,NA,14.44360000000000,14.45180000000000,0.31320000000000,4.53410000000000,4.5999,19067.8191,14.4949,14.1817,0.3132,4.3100,14.4058,13.2726,1.1332,0.3928,19067.8191,NA,12.1954,NA
SandFall-Win64-Shipping.exe,32396,0x27E295FDE80,DXGI,0,0,1,Hardware Composed: Independent Flip,19097.1340,NA,15.13320000000000,15.39890000000000,0.28740000000000,4.35160000000000,4.8656,19082.3140,15.1074,14.8200,0.2874,4.2209,14.9507,13.3158,1.6349,-0.9040,19082.3140,NA,NA,NA
SandFall-Win64-Shipping.exe,32396,0x27E295FDE80,DXGI,0,0,1,Hardware Composed: Independent Flip,19112.9021,NA,15.76810000000000,15.22090000000000,0.27860000000000,4.25390000000000,4.3184,19097.4214,15.7593,15.4807,0.2786,4.0642,15.6704,13.2454,2.4250,-0.1135,19097.4214,NA,13.7980,NA
SandFall-Win64-Shipping.exe,32396,0x27E295FDE80,DXGI,0,0,1,Hardware Composed: Independent Flip,19128.3019,NA,15.39980000000000,15.54240000000000,0.28670000000000,4.39520000000000,4.4610,19113.1807,15.4079,15.1212,0.2867,3.9753,15.5411,13.4860,2.0551,0.2169,19113.1807,NA,NA,NA
SandFall-Win64-Shipping.exe,32396,0x27E295FDE80,DXGI,0,0,1,Hardware Composed: Independent Flip,19143.0307,NA,14.72880000000000,15.00300000000000,0.29670000000000,4.58130000000000,4.7352,19128.5886,14.7388,14.4421,0.2967,4.1085,14.9149,13.3109,1.6040,0.4049,19128.5886,NA,NA,NA
SandFall-Win64-Shipping.exe,32396,0x27E295FDE80,DXGI,0,0,1,Hardware Composed: Independent Flip,19157.7791,NA,14.74840000000000,14.52400000000000,0.39250000000000,4.44910000000000,4.5108,19143.3274,14.8442,14.4517,0.3925,4.2846,14.6162,13.3471,1.2691,0.2148,19143.3274,NA,NA,NA
SandFall-Win64-Shipping.exe,32396,0x27E295FDE80,DXGI,0,0,1,Hardware Composed: Independent Flip,19172.1177,NA,14.33860000000000,14.42400000000000,0.26610000000000,4.52050000000000,4.5962,19158.1716,14.2122,13.9461,0.2661,4.0566,14.4100,13.2932,1.1168,0.4202,19158.1716,NA,NA,NA
SandFall-Win64-Shipping.exe,32396,0x27E295FDE80,DXGI,0,0,1,Hardware Composed: Independent Flip,19187.2539,NA,15.13620000000000,15.22460000000000,0.27410000000000,4.53340000000000,4.6846,19172.3838,15.1442,14.8701,0.2741,4.2544,15.1491,13.2731,1.8760,-1.0124,19172.3838,NA,NA,NA
SandFall-Win64-Shipping.exe,32396,0x27E295FDE80,DXGI,0,0,1,Hardware Composed: Independent Flip,19202.5980,NA,15.34410000000000,15.95140000000000,0.23840000000000,5.00660000000000,5.2919,19187.5280,15.3084,15.0700,0.2384,4.2593,15.8173,13.9316,1.8857,-0.8072,19187.5280,NA,NA,NA
SandFall-Win64-Shipping.exe,32396,0x27E295FDE80,DXGI,0,0,1,Hardware Composed: Independent Flip,19216.9128,NA,14.31480000000000,13.43440000000000,0.25920000000000,4.35980000000000,4.4115,19202.8364,14.3356,14.0764,0.2592,4.7682,13.6680,13.1165,0.5515,1.8740,19202.8364,NA,21.9168,NA
SandFall-Win64-Shipping.exe,32396,0x27E295FDE80,DXGI,0,0,1,Hardware Composed: Independent Flip,19231.7329,NA,14.82010000000000,14.56900000000000,0.27950000000000,4.06010000000000,4.1604,19217.1720,14.8404,14.5609,0.2795,4.1006,14.5204,12.7381,1.7823,-0.2334,19217.1720,NA,13.4995,NA
SandFall-Win64-Shipping.exe,32396,0x27E295FDE80,DXGI,0,0,1,Hardware Composed: Independent Flip,19245.9668,NA,14.23390000000000,14.96890000000000,0.32400000000000,3.88980000000000,4.8954,19232.0124,14.2784,13.9544,0.3240,3.7806,14.0636,12.7822,1.2814,-0.1285,19232.0124,NA,10.4682,NA
SandFall-Win64-Shipping.exe,32396,0x27E295FDE80,DXGI,0,0,1,Hardware Composed: Independent Flip,19260.8696,NA,14.90280000000000,14.06180000000000,0.27600000000000,3.94850000000000,4.0544,19246.2908,14.8548,14.5788,0.2760,3.5658,14.9615,13.0770,1.8845,0.2166,19246.2908,NA,10.5075,NA
SandFall-Win64-Shipping.exe,32396,0x27E295FDE80,DXGI,0,0,1,Hardware Composed: Independent Flip,19274.3112,NA,13.44160000000000,14.28120000000000,0.29580000000000,4.17540000000000,4.8940,19261.1456,13.4614,13.1656,0.2958,3.6725,13.6685,13.0861,0.5824,0.5736,19261.1456,NA,11.8072,NA
SandFall-Win64-Shipping.exe,32396,0x27E295FDE80,DXGI,0,0,1,Hardware Composed: Independent Flip,19288.1337,NA,13.82250000000000,13.80830000000000,0.28290000000000,4.82660000000000,4.8798,19274.6070,13.8096,13.5267,0.2829,3.8796,14.4737,13.6101,0.8636,-0.3469,19274.6070,NA,9.6211,NA
SandFall-Win64-Shipping.exe,32396,0x27E295FDE80,DXGI,0,0,1,Hardware Composed: Independent Flip,19302.8207,NA,14.68700000000000,14.75220000000000,0.38010000000000,4.32030000000000,4.9450,19288.4166,14.7842,14.4041,0.3801,4.5437,14.1807,13.1314,1.0493,-0.9426,19288.4166,NA,10.3707,NA
SandFall-Win64-Shipping.exe,32396,0x27E295FDE80,DXGI,0,0,1,Hardware Composed: Independent Flip,19317.2871,NA,14.46640000000000,13.81720000000000,0.33020000000000,4.22080000000000,4.2958,19303.2008,14.4165,14.0863,0.3302,3.9402,14.3669,13.0974,1.2695,0.9670,19303.2008,NA,10.1807,NA
SandFall-Win64-Shipping.exe,32396,0x27E295FDE80,DXGI,0,0,1,Hardware Composed: Independent Flip,19334.4188,NA,17.13170000000000,16.81890000000000,0.32270000000000,3.89370000000000,3.9830,19317.6173,17.1242,16.8015,0.3227,3.8906,16.8046,13.5257,3.2789,-2.4024,19317.6173,NA,11.9971,NA
SandFall-Win64-Shipping.exe,32396,0x27E295FDE80,DXGI,0,0,1,Hardware Composed: Independent Flip,19349.5458,NA,15.12700000000000,17.30900000000000,0.25060000000000,4.74630000000000,6.1650,19334.7415,15.0549,14.8043,0.2506,3.5710,15.9796,13.4418,2.5378,-0.1848,19334.7415,NA,15.3152,NA
SandFall-Win64-Shipping.exe,32396,0x27E295FDE80,DXGI,0,0,1,Hardware Composed: Independent Flip,19363.5976,NA,14.05180000000000,12.87190000000000,0.33070000000000,4.90850000000000,4.9851,19349.7964,14.1319,13.8012,0.3307,4.4957,14.2140,13.3680,0.8460,2.1830,19349.7964,NA,13.1556,NA
SandFall-Win64-Shipping.exe,32396,0x27E295FDE80,DXGI,0,0,1,Hardware Composed: Independent Flip,19377.5365,NA,13.93890000000000,13.80540000000000,0.25650000000000,4.74060000000000,4.8516,19363.9283,13.8647,13.6082,0.2565,4.5778,13.7710,13.0854,0.6856,0.3265,19363.9283,NA,12.9847,NA
SandFall-Win64-Shipping.exe,32396,0x27E295FDE80,DXGI,0,0,1,Hardware Composed: Independent Flip,19392.7129,NA,15.17640000000000,15.23220000000000,0.25450000000000,4.00640000000000,4.9074,19377.7930,15.1744,14.9199,0.2545,4.4841,14.4422,13.1593,1.2829,-1.3675,19377.7930,NA,13.2279,NA
SandFall-Win64-Shipping.exe,32396,0x27E295FDE80,DXGI,0,0,1,Hardware Composed: Independent Flip,19409.7915,NA,17.07860000000000,17.16090000000000,0.31010000000000,4.90580000000000,4.9897,19392.9674,17.1342,16.8241,0.3101,3.7519,17.9780,13.9930,3.9850,-1.9865,19392.9674,NA,15.3889,NA
SandFall-Win64-Shipping.exe,32396,0x27E295FDE80,DXGI,0,0,1,Hardware Composed: Independent Flip,19422.2014,NA,12.40990000000000,13.21370000000000,0.25940000000000,5.67650000000000,5.7935,19410.1016,12.3592,12.0998,0.2594,4.5957,13.1806,13.1652,0.0154,3.9205,19410.1016,NA,14.6045,NA
SandFall-Win64-Shipping.exe,32396,0x27E295FDE80,DXGI,0,0,1,Hardware Composed: Independent Flip,19434.3123,NA,12.11090000000000,12.66960000000000,0.35140000000000,6.28180000000000,6.3522,19422.4608,12.2029,11.8515,0.3514,5.4171,12.7162,12.7112,0.0050,-0.3104,19422.4608,NA,13.2511,NA
SandFall-Win64-Shipping.exe,32396,0x27E295FDE80,DXGI,0,0,1,Hardware Composed: Independent Flip,19444.2557,NA,9.94340000000000,14.95850000000000,0.39010000000000,9.27370000000000,11.3673,19434.6637,9.9821,9.5920,0.3901,5.9304,12.9353,12.9302,0.0051,-2.7556,19434.6637,NA,13.2361,NA
SandFall-Win64-Shipping.exe,32396,0x27E295FDE80,DXGI,0,0,1,Hardware Composed: Independent Flip,19457.2897,NA,13.03400000000000,10.65030000000000,0.30120000000000,8.96180000000000,8.9836,19444.6458,12.9451,12.6439,0.3012,8.8836,12.7221,12.7147,0.0074,-0.6682,19444.6458,NA,NA,NA
SandFall-Win64-Shipping.exe,32396,0x27E295FDE80,DXGI,0,0,1,Hardware Composed: Independent Flip,19472.1841,NA,14.89440000000000,14.22340000000000,0.26280000000000,7.39490000000000,8.3126,19457.5909,14.8560,14.5932,0.2628,8.6606,13.3275,13.3173,0.0102,-1.2783,19457.5909,NA,23.0829,NA
SandFall-Win64-Shipping.exe,32396,0x27E295FDE80,DXGI,0,0,1,Hardware Composed: Independent Flip,19486.6372,NA,14.45310000000000,13.05520000000000,0.36500000000000,6.00490000000000,6.9147,19472.4469,14.5553,14.1903,0.3650,7.1321,13.0631,13.0568,0.0063,1.8008,19472.4469,NA,23.1570,NA
SandFall-Win64-Shipping.exe,32396,0x27E295FDE80,DXGI,0,0,1,Hardware Composed: Independent Flip,19501.2837,NA,14.64650000000000,12.65770000000000,0.24840000000000,4.91060000000000,4.9259,19487.0022,14.5299,14.2815,0.2484,5.6399,13.5522,13.5445,0.0077,1.8976,19487.0022,NA,23.8039,NA
SandFall-Win64-Shipping.exe,32396,0x27E295FDE80,DXGI,0,0,1,Hardware Composed: Independent Flip,19515.9357,NA,14.65200000000000,15.32490000000000,0.24850000000000,4.86930000000000,5.5988,19501.5321,14.6521,14.4036,0.2485,4.6622,14.6107,13.6989,0.9118,-0.7950,19501.5321,NA,21.1418,NA
SandFall-Win64-Shipping.exe,32396,0x27E295FDE80,DXGI,0,0,1,Hardware Composed: Independent Flip,19531.6450,NA,15.70930000000000,14.51130000000000,0.25450000000000,4.33530000000000,4.4008,19516.1842,15.7153,15.4608,0.2545,4.6208,15.1753,13.1829,1.9924,0.1408,19516.1842,NA,17.6487,NA
SandFall-Win64-Shipping.exe,32396,0x27E295FDE80,DXGI,0,0,1,Hardware Composed: Independent Flip,19547.6602,NA,16.01520000000000,16.53610000000000,0.26240000000000,4.59980000000000,4.9217,19531.8995,16.0231,15.7607,0.2624,4.0808,16.2797,13.3168,2.9629,-0.8208,19531.8995,NA,20.1893,NA
SandFall-Win64-Shipping.exe,32396,0x27E295FDE80,DXGI,0,0,1,Hardware Composed: Independent Flip,19565.1095,NA,17.44930000000000,16.94150000000000,0.34890000000000,4.40040000000000,4.4139,19547.9226,17.5358,17.1869,0.3489,4.3374,17.2499,13.4981,3.7518,-0.9184,19547.9226,NA,6.1239,NA
SandFall-Win64-Shipping.exe,32396,0x27E295FDE80,DXGI,0,0,1,Hardware Composed: Independent Flip,19579.8760,NA,14.76650000000000,15.35510000000000,0.24980000000000,4.50700000000000,5.0025,19565.4584,14.6674,14.4176,0.2498,4.0515,14.8731,13.2850,1.5881,2.1807,19565.4584,NA,NA,NA
SandFall-Win64-Shipping.exe,32396,0x27E295FDE80,DXGI,0,0,1,Hardware Composed: Independent Flip,19595.2620,NA,15.38600000000000,14.33220000000000,0.31640000000000,3.90900000000000,3.9487,19580.1258,15.4526,15.1362,0.3164,4.2572,14.7880,13.1945,1.5935,0.3352,19580.1258,NA,8.8179,NA
SandFall-Win64-Shipping.exe,32396,0x27E295FDE80,DXGI,0,0,1,Hardware Composed: Independent Flip,19610.4615,NA,15.19950000000000,15.82200000000000,0.26580000000000,4.48970000000000,4.5712,19595.5784,15.1489,14.8831,0.2658,3.5926,15.7802,13.4114,2.3688,-0.3694,19595.5784,NA,NA,NA
SandFall-Win64-Shipping.exe,32396,0x27E295FDE80,DXGI,0,0,1,Hardware Composed: Independent Flip,19624.6585,NA,14.19700000000000,13.97290000000000,0.34350000000000,4.28430000000000,4.3471,19610.7273,14.2747,13.9312,0.3435,4.2239,13.9916,13.1859,0.8057,1.1760,19610.7273,NA,5.6072,NA
SandFall-Win64-Shipping.exe,32396,0x27E295FDE80,DXGI,0,0,1,Hardware Composed: Independent Flip,19639.3493,NA,14.69080000000000,14.59810000000000,0.52390000000000,4.24080000000000,4.2544,19625.0020,14.8712,14.3473,0.5239,3.9408,14.6473,12.8333,1.8140,-0.3234,19625.0020,NA,5.2118,NA
SandFall-Win64-Shipping.exe,32396,0x27E295FDE80,DXGI,0,0,1,Hardware Composed: Independent Flip,19657.1678,NA,17.81850000000000,17.63380000000000,0.29260000000000,3.15860000000000,4.0697,19639.8732,17.5872,17.2946,0.2926,3.7169,16.7363,12.8653,3.8710,-2.7626,19639.8732,NA,8.8450,NA
SandFall-Win64-Shipping.exe,32396,0x27E295FDE80,DXGI,0,0,1,Hardware Composed: Independent Flip,19671.6944,NA,14.52660000000000,15.04520000000000,0.31730000000000,3.98600000000000,4.5883,19657.4604,14.5513,14.2340,0.3173,2.8660,15.3540,12.9302,2.4238,2.5420,19657.4604,NA,10.8808,NA
SandFall-Win64-Shipping.exe,32396,0x27E295FDE80,DXGI,0,0,1,Hardware Composed: Independent Flip,19686.5879,NA,14.89350000000000,14.27790000000000,0.54830000000000,3.90020000000000,3.9727,19672.0117,15.1245,14.5762,0.5483,3.6687,14.8077,12.7680,2.0397,0.2734,19672.0117,NA,12.1568,NA
SandFall-Win64-Shipping.exe,32396,0x27E295FDE80,DXGI,0,0,1,Hardware Composed: Independent Flip,19702.1653,NA,15.57740000000000,15.30430000000000,0.38500000000000,3.50250000000000,3.6996,19687.1362,15.4141,15.0291,0.3850,3.3519,15.1797,13.0103,2.1694,-0.1798,19687.1362,NA,NA,NA
SandFall-Win64-Shipping.exe,32396,0x27E295FDE80,DXGI,0,0,1,Hardware Composed: Independent Flip,19716.4333,NA,14.26800000000000,14.14750000000000,0.29490000000000,3.51680000000000,3.5791,19702.5503,14.1779,13.8830,0.2949,3.1175,14.2823,12.8018,1.4805,1.2666,19702.5503,NA,8.6187,NA
SandFall-Win64-Shipping.exe,32396,0x27E295FDE80,DXGI,0,0,1,Hardware Composed: Independent Flip,19731.4750,NA,15.04170000000000,15.29070000000000,0.25870000000000,3.76210000000000,3.8281,19716.7282,15.0055,14.7468,0.2587,3.2219,15.2870,12.7818,2.5052,-1.1128,19716.7282,NA,11.9027,NA
SandFall-Win64-Shipping.exe,32396,0x27E295FDE80,DXGI,0,0,1,Hardware Composed: Independent Flip,19745.8713,NA,14.39630000000000,14.89590000000000,0.25110000000000,3.85130000000000,4.3277,19731.7337,14.3887,14.1376,0.2511,3.5034,14.4855,12.9189,1.5666,0.1096,19731.7337,NA,11.8060,NA
SandFall-Win64-Shipping.exe,32396,0x27E295FDE80,DXGI,0,0,1,Hardware Composed: Independent Flip,19759.9390,NA,14.06770000000000,13.46870000000000,0.24430000000000,3.63970000000000,3.7287,19746.1224,14.0609,13.8166,0.2443,3.6002,13.8561,12.6497,1.2064,0.9200,19746.1224,NA,11.2694,NA
SandFall-Win64-Shipping.exe,32396,0x27E295FDE80,DXGI,0,0,1,Hardware Composed: Independent Flip,19773.8467,NA,13.90770000000000,15.02440000000000,0.28940000000000,4.22310000000000,4.8454,19760.1833,13.9528,13.6634,0.2894,3.3954,14.4911,13.1045,1.3866,-0.9635,19760.1833,NA,12.2906,NA
SandFall-Win64-Shipping.exe,32396,0x27E295FDE80,DXGI,0,0,1,Hardware Composed: Independent Flip,19789.6961,NA,15.84940000000000,14.70430000000000,0.25640000000000,3.51060000000000,3.7003,19774.1361,15.8164,15.5600,0.2564,3.9337,15.1369,12.5872,2.5497,-0.7515,19774.1361,NA,15.9974,NA
SandFall-Win64-Shipping.exe,32396,0x27E295FDE80,DXGI,0,0,1,Hardware Composed: Independent Flip,19804.8815,NA,15.18540000000000,16.20140000000000,0.26190000000000,4.68140000000000,4.7163,19789.9525,15.1909,14.9290,0.2619,3.2542,16.3562,14.0139,2.3423,-0.3850,19789.9525,NA,NA,NA
SandFall-Win64-Shipping.exe,32396,0x27E295FDE80,DXGI,0,0,1,Hardware Composed: Independent Flip,19818.8287,NA,13.94720000000000,14.24700000000000,0.25700000000000,4.11170000000000,5.0161,19805.1434,13.9423,13.6853,0.2570,4.4195,13.3775,12.7216,0.6559,0.9439,19805.1434,NA,NA,NA
SandFall-Win64-Shipping.exe,32396,0x27E295FDE80,DXGI,0,0,1,Hardware Composed: Independent Flip,19833.0432,NA,14.21450000000000,13.39770000000000,0.25770000000000,4.14670000000000,4.1993,19819.0857,14.2152,13.9575,0.2577,3.8547,14.2495,13.1290,1.1205,0.5446,19819.0857,NA,15.8471,NA
SandFall-Win64-Shipping.exe,32396,0x27E295FDE80,DXGI,0,0,1,Hardware Composed: Independent Flip,19844.0575,NA,11.01430000000000,12.36150000000000,0.33660000000000,5.16070000000000,5.5465,19833.3009,11.0932,10.7566,0.3366,3.8890,12.0283,12.0225,0.0058,1.8537,19833.3009,NA,13.1844,NA
SandFall-Win64-Shipping.exe,32396,0x27E295FDE80,DXGI,0,0,1,Hardware Composed: Independent Flip,19856.6968,NA,12.63930000000000,11.93370000000000,0.30300000000000,4.78680000000000,4.8409,19844.3941,12.6057,12.3027,0.3030,4.8241,12.2654,12.2607,0.0047,-0.8405,19844.3941,NA,9.1419,NA
SandFall-Win64-Shipping.exe,32396,0x27E295FDE80,DXGI,0,0,1,Hardware Composed: Independent Flip,19869.0216,NA,12.32480000000000,12.50400000000000,0.25900000000000,4.86890000000000,5.0201,19856.9998,12.2808,12.0218,0.2590,4.4838,12.4069,12.4022,0.0047,0.1017,19856.9998,NA,8.6462,NA
SandFall-Win64-Shipping.exe,32396,0x27E295FDE80,DXGI,0,0,1,Hardware Composed: Independent Flip,19883.2231,NA,14.20150000000000,13.65870000000000,0.27480000000000,4.45300000000000,4.4773,19869.2806,14.2173,13.9425,0.2748,4.6099,13.7856,13.1702,0.6154,-1.3779,19869.2806,NA,8.3029,NA
SandFall-Win64-Shipping.exe,32396,0x27E295FDE80,DXGI,0,0,1,Hardware Composed: Independent Flip,19897.2533,NA,14.03020000000000,14.53260000000000,0.26520000000000,4.30250000000000,4.9797,19883.4979,14.0206,13.7554,0.2652,4.1782,13.8797,12.9086,0.9711,-0.3153,19883.4979,NA,8.8354,NA
SandFall-Win64-Shipping.exe,32396,0x27E295FDE80,DXGI,0,0,1,Hardware Composed: Independent Flip,19910.9929,NA,13.73960000000000,13.36650000000000,0.27790000000000,4.52900000000000,4.6066,19897.5185,13.7523,13.4744,0.2779,4.0373,13.9661,13.1819,0.7842,0.6541,19897.5185,NA,8.2057,NA
SandFall-Win64-Shipping.exe,32396,0x27E295FDE80,DXGI,0,0,1,Hardware Composed: Independent Flip,19927.3279,NA,16.33500000000000,15.89040000000000,0.27660000000000,4.07760000000000,4.1620,19911.2708,16.3337,16.0571,0.2766,4.2511,15.8836,13.2619,2.6217,-2.1381,19911.2708,NA,9.0886,NA
SandFall-Win64-Shipping.exe,32396,0x27E295FDE80,DXGI,0,0,1,Hardware Composed: Independent Flip,19944.6441,NA,17.31620000000000,16.95870000000000,0.26310000000000,3.73010000000000,3.8045,19927.6045,17.3027,17.0396,0.2631,3.8010,16.9687,13.5540,3.4147,-0.6250,19927.6045,NA,10.0546,NA
SandFall-Win64-Shipping.exe,32396,0x27E295FDE80,DXGI,0,0,1,Hardware Composed: Independent Flip,19959.2287,NA,14.58460000000000,15.61360000000000,0.25450000000000,4.27360000000000,4.8335,19944.9072,14.5760,14.3215,0.2545,3.4670,15.1281,13.3218,1.8063,1.6891,19944.9072,NA,11.6631,NA
SandFall-Win64-Shipping.exe,32396,0x27E295FDE80,DXGI,0,0,1,Hardware Composed: Independent Flip,19973.6993,NA,14.47060000000000,13.42600000000000,0.30950000000000,3.71110000000000,3.7889,19959.4832,14.5256,14.2161,0.3095,4.0191,13.9081,13.3673,0.5408,1.1500,19959.4832,NA,10.0884,NA
SandFall-Win64-Shipping.exe,32396,0x27E295FDE80,DXGI,0,0,1,Hardware Composed: Independent Flip,19988.5669,NA,14.86760000000000,15.22530000000000,0.27260000000000,4.04690000000000,4.1466,19974.0088,14.8307,14.5581,0.2726,3.4016,15.2034,13.3035,1.8999,-0.6997,19974.0088,NA,11.3149,NA
SandFall-Win64-Shipping.exe,32396,0x27E295FDE80,DXGI,0,0,1,Hardware Composed: Independent Flip,20002.2604,NA,13.69350000000000,14.03590000000000,0.25870000000000,3.89440000000000,4.4890,19988.8395,13.6796,13.4209,0.2587,3.7743,13.5410,12.8374,0.7036,0.7948,19988.8395,NA,12.3263,NA
SandFall-Win64-Shipping.exe,32396,0x27E295FDE80,DXGI,0,0,1,Hardware Composed: Independent Flip,20016.3428,NA,14.08240000000000,13.76300000000000,0.25760000000000,4.13440000000000,4.1696,20002.5191,14.0813,13.8237,0.2576,3.6357,14.3224,13.1582,1.1642,-0.0834,20002.5191,NA,11.1167,NA
SandFall-Win64-Shipping.exe,32396,0x27E295FDE80,DXGI,0,0,1,Hardware Composed: Independent Flip,20030.7027,NA,14.35990000000000,15.53050000000000,0.29680000000000,4.25190000000000,5.3402,20016.6004,14.3991,14.1023,0.2968,3.8768,14.4774,13.2910,1.1864,-1.4492,20016.6004,NA,11.6414,NA
SandFall-Win64-Shipping.exe,32396,0x27E295FDE80,DXGI,0,0,1,Hardware Composed: Independent Flip,20044.7706,NA,14.06790000000000,12.76270000000000,0.29010000000000,3.96350000000000,4.0350,20030.9995,14.0612,13.7711,0.2901,3.9551,13.7795,13.0007,0.7788,1.6364,20030.9995,NA,10.3769,NA
SandFall-Win64-Shipping.exe,32396,0x27E295FDE80,DXGI,0,0,1,Hardware Composed: Independent Flip,20059.8474,NA,15.07680000000000,15.12020000000000,0.24890000000000,3.81320000000000,4.0784,20045.0607,15.0356,14.7867,0.2489,3.6734,14.9265,13.6191,1.3074,-1.0590,20045.0607,NA,11.5309,NA
SandFall-Win64-Shipping.exe,32396,0x27E295FDE80,DXGI,0,0,1,Hardware Composed: Independent Flip,20074.4194,NA,14.57200000000000,15.33370000000000,0.36110000000000,3.83340000000000,4.8401,20060.0963,14.6842,14.3231,0.3611,3.5643,14.5922,12.8363,1.7559,-0.2981,20060.0963,NA,15.8634,NA
SandFall-Win64-Shipping.exe,32396,0x27E295FDE80,DXGI,0,0,1,Hardware Composed: Independent Flip,20088.5331,NA,14.11370000000000,13.57590000000000,0.26130000000000,4.25970000000000,4.3023,20074.7805,14.0139,13.7526,0.2613,3.4723,14.5400,13.4890,1.0510,1.1083,20074.7805,NA,12.4359,NA
SandFall-Win64-Shipping.exe,32396,0x27E295FDE80,DXGI,0,0,1,Hardware Composed: Independent Flip,20104.2004,NA,15.66730000000000,15.69490000000000,0.27070000000000,4.27870000000000,4.3299,20088.7944,15.6767,15.4060,0.2707,3.9984,15.6863,13.1601,2.5262,-1.6810,20088.7944,NA,16.1191,NA
SandFall-Win64-Shipping.exe,32396,0x27E295FDE80,DXGI,0,0,1,Hardware Composed: Independent Flip,20117.8020,NA,13.60160000000000,13.39890000000000,0.27210000000000,4.10370000000000,4.1272,20104.4711,13.6030,13.3309,0.2721,4.0080,13.4266,12.7636,0.6630,2.2778,20104.4711,NA,11.5351,NA
SandFall-Win64-Shipping.exe,32396,0x27E295FDE80,DXGI,0,0,1,Hardware Composed: Independent Flip,20132.8133,NA,15.01130000000000,14.81890000000000,0.33760000000000,3.90570000000000,3.9348,20118.0741,15.0768,14.7392,0.3376,3.8316,14.8133,12.8289,1.9844,-1.2159,20118.0741,NA,13.2845,NA
SandFall-Win64-Shipping.exe,32396,0x27E295FDE80,DXGI,0,0,1,Hardware Composed: Independent Flip,20149.2993,NA,16.48600000000000,17.15980000000000,0.27500000000000,3.49850000000000,4.6086,20133.1509,16.4234,16.1484,0.2750,3.5681,16.0788,12.6073,3.4715,-2.0830,20133.1509,NA,15.5074,NA
SandFall-Win64-Shipping.exe,32396,0x27E295FDE80,DXGI,0,0,1,Hardware Composed: Independent Flip,20163.1776,NA,13.87830000000000,13.63350000000000,0.37870000000000,4.25500000000000,4.3638,20149.5743,13.9820,13.6033,0.3787,3.2235,14.6348,12.9538,1.6810,2.7899,20149.5743,NA,18.1447,NA
SandFall-Win64-Shipping.exe,32396,0x27E295FDE80,DXGI,0,0,1,Hardware Composed: Independent Flip,20177.4305,NA,14.25290000000000,14.24190000000000,0.26450000000000,4.27420000000000,4.3528,20163.5563,14.1387,13.8742,0.2645,3.8763,14.2721,12.9331,1.3390,-0.2599,20163.5563,NA,NA,NA
SandFall-Win64-Shipping.exe,32396,0x27E295FDE80,DXGI,0,0,1,Hardware Composed: Independent Flip,20190.1856,NA,12.75510000000000,12.98050000000000,0.28230000000000,4.20420000000000,4.5782,20177.6950,12.7729,12.4906,0.2823,4.0097,12.6851,12.4854,0.1997,1.1582,20177.6950,NA,NA,NA
SandFall-Win64-Shipping.exe,32396,0x27E295FDE80,DXGI,0,0,1,Hardware Composed: Independent Flip,20204.4665,NA,14.28090000000000,13.50250000000000,0.28550000000000,3.73130000000000,3.7998,20190.4679,14.2841,13.9986,0.2855,3.9219,13.8080,12.4931,1.3149,-0.7296,20190.4679,NA,24.8746,NA
SandFall-Win64-Shipping.exe,32396,0x27E295FDE80,DXGI,0,0,1,Hardware Composed: Independent Flip,20218.0929,NA,13.62640000000000,14.25240000000000,0.28610000000000,3.78130000000000,4.4258,20204.7520,13.6270,13.3409,0.2861,3.4458,13.6764,12.4068,1.2696,0.0317,20204.7520,NA,12.1155,NA
SandFall-Win64-Shipping.exe,32396,0x27E295FDE80,DXGI,0,0,1,Hardware Composed: Independent Flip,20233.4772,NA,15.38430000000000,14.45910000000000,0.29400000000000,3.48220000000000,3.5006,20218.3790,15.3922,15.0982,0.2940,3.4952,15.0852,12.4569,2.6283,-0.8321,20218.3790,NA,16.5854,NA
SandFall-Win64-Shipping.exe,32396,0x27E295FDE80,DXGI,0,0,1,Hardware Composed: Independent Flip,20246.1647,NA,12.68750000000000,14.10100000000000,0.26540000000000,4.17230000000000,4.9141,20233.7712,12.6589,12.3935,0.2654,3.1882,13.3776,12.4002,0.9774,1.2912,20233.7712,NA,17.6871,NA
SandFall-Win64-Shipping.exe,32396,0x27E295FDE80,DXGI,0,0,1,Hardware Composed: Independent Flip,20259.8587,NA,13.69400000000000,12.74620000000000,0.26340000000000,3.85600000000000,3.9663,20246.4301,13.6920,13.4286,0.2634,3.9069,13.3777,12.5519,0.8258,-0.0873,20246.4301,NA,17.4252,NA
SandFall-Win64-Shipping.exe,32396,0x27E295FDE80,DXGI,0,0,1,Hardware Composed: Independent Flip,20272.4191,NA,12.56040000000000,12.37720000000000,0.35330000000000,3.71640000000000,3.7831,20260.1221,12.6503,12.2970,0.3533,3.5926,12.4208,12.2981,0.1227,1.3148,20260.1221,NA,20.8029,NA
SandFall-Win64-Shipping.exe,32396,0x27E295FDE80,DXGI,0,0,1,Hardware Composed: Independent Flip,20287.7936,NA,15.37450000000000,15.06810000000000,0.25480000000000,3.41580000000000,3.4767,20272.7724,15.2760,15.0212,0.2548,3.3631,15.0739,12.3584,2.7155,-2.4178,20272.7724,NA,NA,NA
SandFall-Win64-Shipping.exe,32396,0x27E295FDE80,DXGI,0,0,1,Hardware Composed: Independent Flip,20301.2021,NA,13.40850000000000,15.24550000000000,0.26610000000000,3.93430000000000,5.3137,20288.0484,13.4198,13.1537,0.2661,3.1610,13.9270,12.4745,1.4525,0.0305,20288.0484,NA,NA,NA
SandFall-Win64-Shipping.exe,32396,0x27E295FDE80,DXGI,0,0,1,Hardware Composed: Independent Flip,20314.3117,NA,13.10960000000000,11.80860000000000,0.31650000000000,3.95770000000000,4.0127,20301.4682,13.1600,12.8435,0.3165,3.6682,13.1330,12.4590,0.6740,1.6112,20301.4682,NA,NA,NA
SandFall-Win64-Shipping.exe,32396,0x27E295FDE80,DXGI,0,0,1,Hardware Composed: Independent Flip,20327.2519,NA,12.94020000000000,12.68610000000000,0.26370000000000,3.72470000000000,3.7586,20314.6282,12.8874,12.6237,0.2637,3.6412,12.7072,12.3212,0.3860,0.4739,20314.6282,NA,NA,NA
SandFall-Win64-Shipping.exe,32396,0x27E295FDE80,DXGI,0,0,1,Hardware Composed: Independent Flip,20339.7854,NA,12.53350000000000,13.18440000000000,0.28290000000000,4.00810000000000,4.4095,20327.5156,12.5527,12.2698,0.2829,3.4610,12.8169,12.4432,0.3737,-0.2970,20327.5156,NA,NA,NA
SandFall-Win64-Shipping.exe,32396,0x27E295FDE80,DXGI,0,0,1,Hardware Composed: Independent Flip,20351.9713,NA,12.18590000000000,11.28650000000000,0.31370000000000,3.43800000000000,3.5101,20340.0683,12.2167,11.9030,0.3137,3.7252,11.6158,11.6054,0.0104,1.2662,20340.0683,NA,NA,NA
SandFall-Win64-Shipping.exe,32396,0x27E295FDE80,DXGI,0,0,1,Hardware Composed: Independent Flip,20362.6330,NA,10.66170000000000,12.33470000000000,0.26530000000000,5.04460000000000,5.1831,20352.2850,10.6133,10.3480,0.2653,3.1243,12.2683,11.9381,0.3302,-0.1180,20352.2850,NA,NA,NA
SandFall-Win64-Shipping.exe,32396,0x27E295FDE80,DXGI,0,0,1,Hardware Composed: Independent Flip,20373.0856,NA,10.45260000000000,11.59150000000000,0.25880000000000,5.90200000000000,6.3220,20362.8983,10.4461,10.1873,0.2588,4.7793,11.3100,11.3086,0.0014,-0.9782,20362.8983,NA,NA,NA
SandFall-Win64-Shipping.exe,32396,0x27E295FDE80,DXGI,0,0,1,Hardware Composed: Independent Flip,20385.8389,NA,12.75330000000000,10.90890000000000,0.29960000000000,4.44000000000000,4.4776,20373.3444,12.7941,12.4945,0.2996,5.6432,11.2913,11.2872,0.0041,-0.4628,20373.3444,NA,NA,NA
SandFall-Win64-Shipping.exe,32396,0x27E295FDE80,DXGI,0,0,1,Hardware Composed: Independent Flip,20398.3308,NA,12.49190000000000,11.44010000000000,0.37790000000000,3.33460000000000,3.4258,20386.1385,12.5702,12.1923,0.3779,4.1404,11.3865,11.3812,0.0053,1.3540,20386.1385,NA,NA,NA
SandFall-Win64-Shipping.exe,32396,0x27E295FDE80,DXGI,0,0,1,Hardware Composed: Independent Flip,20412.9470,NA,14.61620000000000,14.26350000000000,0.26200000000000,3.04630000000000,3.0731,20398.7087,14.5003,14.2383,0.2620,2.9567,14.3279,12.5694,1.7585,-1.6933,20398.7087,NA,NA,NA
SandFall-Win64-Shipping.exe,32396,0x27E295FDE80,DXGI,0,0,1,Hardware Composed: Independent Flip,20427.2423,NA,14.29530000000000,15.42970000000000,0.28110000000000,2.72500000000000,4.2075,20413.2090,14.3144,14.0333,0.2811,2.7843,13.9740,12.3372,1.6368,-0.9294,20413.2090,NA,NA,NA
SandFall-Win64-Shipping.exe,32396,0x27E295FDE80,DXGI,0,0,1,Hardware Composed: Independent Flip,20441.5114,NA,14.26910000000000,13.31740000000000,0.25430000000000,3.20290000000000,3.2558,20427.5234,14.2423,13.9880,0.2543,2.4439,14.7470,12.4549,2.2921,0.9970,20427.5234,NA,NA,NA
SandFall-Win64-Shipping.exe,32396,0x27E295FDE80,DXGI,0,0,1,Hardware Composed: Independent Flip,20455.4059,NA,13.89450000000000,14.76260000000000,0.42450000000000,3.66800000000000,4.1239,20441.7657,14.0647,13.6402,0.4245,2.9486,14.3596,12.2631,2.0965,-0.5203,20441.7657,NA,NA,NA
SandFall-Win64-Shipping.exe,32396,0x27E295FDE80,DXGI,0,0,1,Hardware Composed: Independent Flip,20469.6931,NA,14.28720000000000,13.77180000000000,0.25940000000000,3.55370000000000,3.6085,20455.8304,14.1221,13.8627,0.2594,3.2435,14.1729,12.2619,1.9110,0.2929,20455.8304,NA,NA,NA
SandFall-Win64-Shipping.exe,32396,0x27E295FDE80,DXGI,0,0,1,Hardware Composed: Independent Flip,20483.6730,NA,13.97990000000000,14.30860000000000,0.28880000000000,3.87580000000000,3.9372,20469.9525,14.0093,13.7205,0.2888,3.2943,14.3020,12.2983,2.0037,-0.1865,20469.9525,NA,NA,NA
SandFall-Win64-Shipping.exe,32396,0x27E295FDE80,DXGI,0,0,1,Hardware Composed: Independent Flip,20499.3292,NA,15.65620000000000,15.73960000000000,0.24920000000000,3.94230000000000,4.0206,20483.9618,15.6166,15.3674,0.2492,3.5870,15.7227,12.2860,3.4367,-1.7303,20483.9618,NA,NA,NA
SandFall-Win64-Shipping.exe,32396,0x27E295FDE80,DXGI,0,0,1,Hardware Composed: Independent Flip,20514.0617,NA,14.73250000000000,15.25920000000000,0.30420000000000,3.89260000000000,4.5473,20499.5784,14.7875,14.4833,0.3042,3.6931,14.6828,12.4082,2.2746,0.3574,20499.5784,NA,NA,NA
SandFall-Win64-Shipping.exe,32396,0x27E295FDE80,DXGI,0,0,1,Hardware Composed: Independent Flip,20529.0058,NA,14.94410000000000,14.35030000000000,0.28220000000000,3.92860000000000,3.9535,20514.3659,14.9221,14.6399,0.2822,3.5884,14.9801,12.3834,2.5967,0.4372,20514.3659,NA,NA,NA
SandFall-Win64-Shipping.exe,32396,0x27E295FDE80,DXGI,0,0,1,Hardware Composed: Independent Flip,20542.3139,NA,13.30810000000000,13.31900000000000,0.28290000000000,3.78300000000000,3.9644,20529.2880,13.3088,13.0259,0.2829,3.6464,13.1625,12.2190,0.9435,1.6031,20529.2880,NA,NA,NA
SandFall-Win64-Shipping.exe,32396,0x27E295FDE80,DXGI,0,0,1,Hardware Composed: Independent Flip,20559.3509,NA,17.03700000000000,16.15750000000000,0.28600000000000,3.05410000000000,3.0849,20542.5968,17.0401,16.7541,0.2860,3.5001,16.3081,12.3970,3.9111,-2.8487,20542.5968,NA,NA,NA
SandFall-Win64-Shipping.exe,32396,0x27E295FDE80,DXGI,0,0,1,Hardware Composed: Independent Flip,20574.3252,NA,14.97430000000000,17.05150000000000,0.27980000000000,3.56910000000000,5.1621,20559.6369,14.9681,14.6883,0.2798,2.7681,15.4893,12.4747,3.0146,-0.0114,20559.6369,NA,13.0680,NA
SandFall-Win64-Shipping.exe,32396,0x27E295FDE80,DXGI,0,0,1,Hardware Composed: Independent Flip,20588.8224,NA,14.49720000000000,13.33010000000000,0.25180000000000,3.93390000000000,3.9950,20574.6050,14.4692,14.2174,0.2518,3.2893,14.8620,12.3794,2.4826,1.6380,20574.6050,NA,12.4180,NA
SandFall-Win64-Shipping.exe,32396,0x27E295FDE80,DXGI,0,0,1,Hardware Composed: Independent Flip,20602.8469,NA,14.02450000000000,14.03790000000000,0.24510000000000,3.96680000000000,4.0084,20589.0742,14.0178,13.7727,0.2451,3.6821,14.0574,12.5468,1.5106,0.4313,20589.0742,NA,12.4395,NA
SandFall-Win64-Shipping.exe,32396,0x27E295FDE80,DXGI,0,0,1,Hardware Composed: Independent Flip,20616.3009,NA,13.45400000000000,13.89030000000000,0.26120000000000,4.10560000000000,4.4447,20603.0920,13.4701,13.2089,0.2612,3.7217,13.5928,12.7366,0.8562,0.1275,20603.0920,NA,13.2964,NA
SandFall-Win64-Shipping.exe,32396,0x27E295FDE80,DXGI,0,0,1,Hardware Composed: Independent Flip,20629.5196,NA,13.21870000000000,12.55430000000000,0.25600000000000,3.70430000000000,3.7803,20616.5621,13.2135,12.9575,0.2560,3.8444,12.8174,12.2742,0.5432,0.9158,20616.5621,NA,11.9009,NA
SandFall-Win64-Shipping.exe,32396,0x27E295FDE80,DXGI,0,0,1,Hardware Composed: Independent Flip,20641.9170,NA,12.39740000000000,13.79210000000000,0.25040000000000,4.82960000000000,5.1750,20629.7756,12.3918,12.1414,0.2504,3.4483,13.5227,13.0757,0.4470,-0.5786,20629.7756,NA,13.6783,NA
SandFall-Win64-Shipping.exe,32396,0x27E295FDE80,DXGI,0,0,1,Hardware Composed: Independent Flip,20653.8049,NA,11.88790000000000,11.86400000000000,0.30030000000000,4.85830000000000,5.1511,20642.1674,11.9378,11.6375,0.3003,4.5792,11.9166,11.9103,0.0063,0.5278,20642.1674,NA,10.5670,NA
SandFall-Win64-Shipping.exe,32396,0x27E295FDE80,DXGI,0,0,1,Hardware Composed: Independent Flip,20666.1340,NA,12.32910000000000,12.11160000000000,0.27570000000000,4.88590000000000,4.9336,20654.1052,12.3045,12.0288,0.2757,4.5580,12.3567,12.3513,0.0054,-0.1738,20654.1052,NA,9.6734,NA
SandFall-Win64-Shipping.exe,32396,0x27E295FDE80,DXGI,0,0,1,Hardware Composed: Independent Flip,20680.8620,NA,14.72800000000000,13.93980000000000,0.25990000000000,3.65850000000000,4.1454,20666.4097,14.7122,14.4523,0.2599,4.6102,13.5006,12.6950,0.8056,-1.6353,20666.4097,NA,9.6122,NA
SandFall-Win64-Shipping.exe,32396,0x27E295FDE80,DXGI,0,0,1,Hardware Composed: Independent Flip,20694.7223,NA,13.86030000000000,13.79450000000000,0.27960000000000,4.03550000000000,4.0796,20681.1219,13.8800,13.6004,0.2796,3.3986,14.2373,12.9580,1.2793,0.9177,20681.1219,NA,9.4093,NA
SandFall-Win64-Shipping.exe,32396,0x27E295FDE80,DXGI,0,0,1,Hardware Composed: Independent Flip,20709.9815,NA,15.25920000000000,15.33200000000000,0.25210000000000,3.74850000000000,4.1524,20695.0019,15.2317,14.9796,0.2521,3.7559,14.9722,12.9355,2.0367,-1.4520,20695.0019,NA,10.7402,NA
SandFall-Win64-Shipping.exe,32396,0x27E295FDE80,DXGI,0,0,1,Hardware Composed: Independent Flip,20725.5418,NA,15.56030000000000,15.78350000000000,0.25660000000000,4.30390000000000,4.3756,20710.2336,15.5648,15.3082,0.2566,3.4964,16.1157,13.2593,2.8564,-0.5518,20710.2336,NA,12.5179,NA
SandFall-Win64-Shipping.exe,32396,0x27E295FDE80,DXGI,0,0,1,Hardware Composed: Independent Flip,20741.1044,NA,15.56260000000000,16.50010000000000,0.26700000000000,4.73080000000000,5.3131,20725.7984,15.5730,15.3060,0.2670,4.0473,15.9895,14.2115,1.7780,-0.9353,20725.7984,NA,15.0227,NA
SandFall-Win64-Shipping.exe,32396,0x27E295FDE80,DXGI,0,0,1,Hardware Composed: Independent Flip,20756.2201,NA,15.11570000000000,15.13780000000000,0.24970000000000,5.24110000000000,5.3352,20741.3714,15.0984,14.8487,0.2497,4.4638,15.6260,14.5296,1.0964,0.4352,20741.3714,NA,16.1654,NA
SandFall-Win64-Shipping.exe,32396,0x27E295FDE80,DXGI,0,0,1,Hardware Composed: Independent Flip,20771.8022,NA,15.58210000000000,16.17810000000000,0.24700000000000,5.88080000000000,5.9312,20756.4698,15.5794,15.3324,0.2470,4.9914,16.2218,14.8069,1.4149,-1.0797,20756.4698,NA,18.3430,NA
SandFall-Win64-Shipping.exe,32396,0x27E295FDE80,DXGI,0,0,1,Hardware Composed: Independent Flip,20784.3342,NA,12.53200000000000,13.88000000000000,0.31170000000000,7.13410000000000,7.2792,20772.0492,12.5967,12.2850,0.3117,5.6338,13.7853,13.7784,0.0069,1.6994,20772.0492,NA,17.2171,NA
SandFall-Win64-Shipping.exe,32396,0x27E295FDE80,DXGI,0,0,1,Hardware Composed: Independent Flip,20795.5553,NA,11.22110000000000,14.89340000000000,0.26830000000000,10.88140000000000,10.9515,20784.6459,11.1777,10.9094,0.2683,6.8224,14.9684,14.9601,0.0083,-2.2967,20784.6459,NA,17.1173,NA
SandFall-Win64-Shipping.exe,32396,0x27E295FDE80,DXGI,0,0,1,Hardware Composed: Independent Flip,20808.6108,NA,13.05550000000000,16.20160000000000,0.34760000000000,12.79220000000000,14.0976,20795.8236,13.1348,12.7872,0.3476,10.6131,14.9663,14.9593,0.0070,-5.0239,20795.8236,NA,18.3174,NA
SandFall-Win64-Shipping.exe,32396,0x27E295FDE80,DXGI,0,0,1,Hardware Composed: Independent Flip,20824.8283,NA,16.21750000000000,14.30910000000000,0.30670000000000,12.11400000000000,12.1892,20808.9584,16.1766,15.8699,0.3067,12.4446,15.5393,15.5350,0.0043,-1.1743,20808.9584,NA,18.6255,NA
SandFall-Win64-Shipping.exe,32396,0x27E295FDE80,DXGI,0,0,1,Hardware Composed: Independent Flip,20842.2411,NA,17.41280000000000,15.87580000000000,0.33450000000000,9.98320000000000,10.6522,20825.1350,17.4406,17.1061,0.3345,11.8073,15.2820,15.2758,0.0062,0.3008,20825.1350,NA,17.4933,NA
SandFall-Win64-Shipping.exe,32396,0x27E295FDE80,DXGI,0,0,1,Hardware Composed: Independent Flip,20859.0552,NA,16.81410000000000,14.86150000000000,0.35060000000000,8.56380000000000,8.6996,20842.5756,16.8302,16.4796,0.3506,9.6487,15.3947,15.3921,0.0026,2.5791,20842.5756,NA,14.3522,NA
SandFall-Win64-Shipping.exe,32396,0x27E295FDE80,DXGI,0,0,1,Hardware Composed: Independent Flip,20875.7013,NA,16.64610000000000,15.60580000000000,0.33000000000000,7.58230000000000,7.6593,20859.4058,16.6255,16.2955,0.3300,8.2132,15.6646,15.6562,0.0084,1.2244,20859.4058,NA,11.9681,NA
SandFall-Win64-Shipping.exe,32396,0x27E295FDE80,DXGI,0,0,1,Hardware Composed: Independent Flip,20891.8950,NA,16.19370000000000,16.36230000000000,0.29530000000000,7.38380000000000,7.8279,20876.0313,16.1590,15.8637,0.2953,7.2523,15.9952,15.9895,0.0057,0.2632,20876.0313,NA,10.3131,NA
SandFall-Win64-Shipping.exe,32396,0x27E295FDE80,DXGI,0,0,1,Hardware Composed: Independent Flip,20910.2394,NA,18.34440000000000,15.20810000000000,0.27190000000000,4.62230000000000,4.6916,20892.1903,18.3210,18.0491,0.2719,7.0885,15.5829,15.5779,0.0050,0.9509,20892.1903,NA,7.5325,NA
SandFall-Win64-Shipping.exe,32396,0x27E295FDE80,DXGI,0,0,1,Hardware Composed: Independent Flip,20927.4552,NA,17.21580000000000,17.61740000000000,0.28340000000000,5.00900000000000,5.0932,20910.5113,17.2273,16.9439,0.2834,4.3504,17.6025,16.0007,1.6018,0.7036,20910.5113,NA,7.1550,NA
SandFall-Win64-Shipping.exe,32396,0x27E295FDE80,DXGI,0,0,1,Hardware Composed: Independent Flip,20944.2246,NA,16.76940000000000,17.54220000000000,0.26960000000000,5.79390000000000,5.8660,20927.7386,16.7556,16.4860,0.2696,4.7256,17.5543,16.6714,0.8829,-0.3149,20927.7386,NA,NA,NA
SandFall-Win64-Shipping.exe,32396,0x27E295FDE80,DXGI,0,0,1,Hardware Composed: Independent Flip,20962.2752,NA,18.05060000000000,17.01860000000000,0.25190000000000,4.78450000000000,4.8340,20944.4942,18.0329,17.7810,0.2519,5.5243,17.0412,15.8581,1.1831,-0.2630,20944.4942,NA,25.7154,NA
SandFall-Win64-Shipping.exe,32396,0x27E295FDE80,DXGI,0,0,1,Hardware Composed: Independent Flip,20978.5075,NA,16.23230000000000,16.62980000000000,0.29710000000000,5.15380000000000,5.2315,20962.5271,16.2775,15.9804,0.2971,4.5326,16.6016,15.9537,0.6479,1.4031,20962.5271,NA,21.3443,NA
SandFall-Win64-Shipping.exe,32396,0x27E295FDE80,DXGI,0,0,1,Hardware Composed: Independent Flip,20994.2842,NA,15.77670000000000,16.16120000000000,0.38570000000000,5.56840000000000,5.6160,20978.8046,15.8653,15.4796,0.3857,4.8567,16.1913,16.1869,0.0044,0.1163,20978.8046,NA,20.5023,NA
SandFall-Win64-Shipping.exe,32396,0x27E295FDE80,DXGI,0,0,1,Hardware Composed: Independent Flip,21010.0432,NA,15.75900000000000,14.31190000000000,0.27150000000000,3.98920000000000,4.1689,20994.6699,15.6448,15.3733,0.2715,5.1827,14.1798,14.1758,0.0040,1.5534,20994.6699,NA,14.8162,NA
SandFall-Win64-Shipping.exe,32396,0x27E295FDE80,DXGI,0,0,1,Hardware Composed: Independent Flip,21023.6571,NA,13.61390000000000,15.05830000000000,0.42530000000000,5.52230000000000,5.6133,21010.3147,13.7677,13.3424,0.4253,3.7177,15.1470,15.0358,0.1112,0.5865,21010.3147,NA,11.8771,NA
SandFall-Win64-Shipping.exe,32396,0x27E295FDE80,DXGI,0,0,1,Hardware Composed: Independent Flip,21042.8137,NA,19.15660000000000,19.11290000000000,0.44800000000000,4.46810000000000,5.5696,21024.0824,19.1793,18.7313,0.4480,5.0970,18.1024,15.0763,3.0261,-5.3452,21024.0824,NA,14.9940,NA
SandFall-Win64-Shipping.exe,32396,0x27E295FDE80,DXGI,0,0,1,Hardware Composed: Independent Flip,21059.8653,NA,17.05160000000000,17.31270000000000,0.27920000000000,4.86030000000000,5.8307,21043.2617,16.8828,16.6036,0.2792,4.0201,17.4438,15.5048,1.9390,1.8666,21043.2617,NA,13.3079,NA
SandFall-Win64-Shipping.exe,32396,0x27E295FDE80,DXGI,0,0,1,Hardware Composed: Independent Flip,21079.2819,NA,19.41660000000000,18.19140000000000,0.45690000000000,4.55270000000000,4.6055,21060.1445,19.5943,19.1374,0.4569,4.5811,19.1090,15.6658,3.4432,-1.3086,21060.1445,NA,12.4894,NA
SandFall-Win64-Shipping.exe,32396,0x27E295FDE80,DXGI,0,0,1,Hardware Composed: Independent Flip,21095.6975,NA,16.41560000000000,17.79070000000000,0.27330000000000,4.57850000000000,5.9806,21079.7388,16.2320,15.9587,0.2733,4.0958,16.4414,14.6054,1.8360,1.8036,21079.7388,NA,13.2882,NA
SandFall-Win64-Shipping.exe,32396,0x27E295FDE80,DXGI,0,0,1,Hardware Composed: Independent Flip,21114.4245,NA,18.72700000000000,17.93710000000000,0.40420000000000,5.13860000000000,5.1907,21095.9708,18.8579,18.4537,0.4042,4.3052,19.2871,15.7612,3.5259,-1.7051,21095.9708,NA,13.2229,NA
SandFall-Win64-Shipping.exe,32396,0x27E295FDE80,DXGI,0,0,1,Hardware Composed: Independent Flip,21136.7277,NA,22.30320000000000,23.04540000000000,0.26250000000000,4.46250000000000,5.9329,21114.8287,22.1615,21.8990,0.2625,4.7344,21.6271,17.2963,4.3308,-4.1875,21114.8287,NA,19.2701,NA
SandFall-Win64-Shipping.exe,32396,0x27E295FDE80,DXGI,0,0,1,Hardware Composed: Independent Flip,21152.7351,NA,16.00740000000000,13.95590000000000,0.26270000000000,3.84120000000000,3.8814,21136.9902,16.0076,15.7449,0.2627,4.2000,15.3861,15.3057,0.0804,8.2056,21136.9902,NA,15.2265,NA
SandFall-Win64-Shipping.exe,32396,0x27E295FDE80,DXGI,0,0,1,Hardware Composed: Independent Flip,21168.8914,NA,16.15630000000000,15.36390000000000,0.30930000000000,3.04050000000000,3.0890,21152.9978,16.2029,15.8936,0.3093,3.5785,15.3556,15.0937,0.2619,0.6437,21152.9978,NA,18.5830,NA
SandFall-Win64-Shipping.exe,32396,0x27E295FDE80,DXGI,0,0,1,Hardware Composed: Independent Flip,21184.3507,NA,15.45930000000000,19.15180000000000,0.51190000000000,3.78210000000000,6.7815,21169.2007,15.6619,15.1500,0.5119,2.7312,16.2009,15.1013,1.0996,-2.9489,21169.2007,NA,22.7179,NA
SandFall-Win64-Shipping.exe,32396,0x27E295FDE80,DXGI,0,0,1,Hardware Composed: Independent Flip,21199.3216,NA,14.97090000000000,13.19850000000000,0.35600000000000,4.98950000000000,5.0091,21184.8626,14.8150,14.4590,0.3560,3.2702,16.1783,15.3174,0.8609,2.4634,21184.8626,NA,22.9311,NA
SandFall-Win64-Shipping.exe,32396,0x27E295FDE80,DXGI,0,0,1,Hardware Composed: Independent Flip,21219.6710,NA,20.34940000000000,19.52910000000000,0.26250000000000,2.99100000000000,4.1888,21199.6776,20.2559,19.9934,0.2625,4.6335,18.3509,15.2095,3.1414,-4.7141,21199.6776,NA,NA,NA
SandFall-Win64-Shipping.exe,32396,0x27E295FDE80,DXGI,0,0,1,Hardware Composed: Independent Flip,21235.7376,NA,16.06660000000000,16.98260000000000,0.28390000000000,3.11060000000000,5.1048,21219.9335,16.0880,15.8041,0.2839,2.7285,16.1862,15.1109,1.0753,3.2733,21219.9335,NA,NA,NA
SandFall-Win64-Shipping.exe,32396,0x27E295FDE80,DXGI,0,0,1,Hardware Composed: Independent Flip,21249.8865,NA,14.14890000000000,13.42620000000000,0.50910000000000,4.33520000000000,4.3821,21236.0215,14.3741,13.8650,0.5091,2.8267,15.3735,14.3028,1.0707,2.6618,21236.0215,NA,NA,NA
SandFall-Win64-Shipping.exe,32396,0x27E295FDE80,DXGI,0,0,1,Hardware Composed: Independent Flip,21269.3490,NA,19.46250000000000,19.30580000000000,0.26560000000000,3.98290000000000,4.2254,21250.3956,19.2190,18.9534,0.2656,3.8261,19.1102,15.7978,3.3124,-4.9317,21250.3956,NA,NA,NA
SandFall-Win64-Shipping.exe,32396,0x27E295FDE80,DXGI,0,0,1,Hardware Composed: Independent Flip,21284.8149,NA,15.46590000000000,14.75280000000000,0.27700000000000,3.49880000000000,3.5123,21269.6146,15.4773,15.2003,0.2770,3.7173,14.9818,14.5952,0.3866,4.4662,21269.6146,NA,NA,NA
SandFall-Win64-Shipping.exe,32396,0x27E295FDE80,DXGI,0,0,1,Hardware Composed: Independent Flip,21299.9220,NA,15.10710000000000,15.42820000000000,0.37360000000000,3.81670000000000,3.8334,21285.0919,15.2037,14.8301,0.3736,3.2218,15.4250,14.5249,0.9001,0.0491,21285.0919,NA,25.3221,NA
SandFall-Win64-Shipping.exe,32396,0x27E295FDE80,DXGI,0,0,1,Hardware Composed: Independent Flip,21317.2236,NA,17.30160000000000,18.38690000000000,0.34320000000000,2.86690000000000,4.9187,21300.2956,17.2712,16.9280,0.3432,3.4431,16.3518,14.4572,1.8946,-3.1832,21300.2956,NA,NA,NA
SandFall-Win64-Shipping.exe,32396,0x27E295FDE80,DXGI,0,0,1,Hardware Composed: Independent Flip,21333.7953,NA,16.57170000000000,14.75610000000000,0.35350000000000,3.07110000000000,3.1031,21317.5668,16.5820,16.2285,0.3535,2.5237,16.7759,14.8283,1.9476,2.5151,21317.5668,NA,NA,NA
SandFall-Win64-Shipping.exe,32396,0x27E295FDE80,DXGI,0,0,1,Hardware Composed: Independent Flip,21350.3113,NA,16.51600000000000,17.08600000000000,0.29220000000000,3.04470000000000,3.6731,21334.1488,16.4547,16.1625,0.2922,2.7176,16.4896,14.4548,2.0348,-0.5040,21334.1488,NA,NA,NA
SandFall-Win64-Shipping.exe,32396,0x27E295FDE80,DXGI,0,0,1,Hardware Composed: Independent Flip,21366.0039,NA,15.69260000000000,15.76050000000000,0.27590000000000,3.13890000000000,3.7410,21350.6035,15.6763,15.4004,0.2759,2.7525,15.7868,14.4150,1.3718,0.6942,21350.6035,NA,NA,NA
SandFall-Win64-Shipping.exe,32396,0x27E295FDE80,DXGI,0,0,1,Hardware Composed: Independent Flip,21382.6083,NA,16.60440000000000,16.03790000000000,0.26380000000000,3.12850000000000,3.1745,21366.2798,16.5923,16.3285,0.2638,2.8630,16.5940,14.7224,1.8716,-0.3616,21366.2798,NA,25.3448,NA
SandFall-Win64-Shipping.exe,32396,0x27E295FDE80,DXGI,0,0,1,Hardware Composed: Independent Flip,21397.9769,NA,15.36860000000000,16.14940000000000,0.27530000000000,3.24450000000000,3.9553,21382.8721,15.3801,15.1048,0.2753,2.8647,15.4846,14.4716,1.0130,0.4429,21382.8721,NA,NA,NA
SandFall-Win64-Shipping.exe,32396,0x27E295FDE80,DXGI,0,0,1,Hardware Composed: Independent Flip,21413.8205,NA,15.84360000000000,14.89720000000000,0.36050000000000,2.96900000000000,3.0089,21398.2522,15.9288,15.5683,0.3605,2.9692,15.5681,14.5126,1.0555,0.4829,21398.2522,NA,NA,NA
SandFall-Win64-Shipping.exe,32396,0x27E295FDE80,DXGI,0,0,1,Hardware Composed: Independent Flip,21429.2079,NA,15.38740000000000,15.97220000000000,0.46110000000000,3.49490000000000,3.5937,21414.1810,15.4880,15.0269,0.4611,2.6085,15.9133,14.7979,1.1154,-0.0434,21414.1810,NA,NA,NA
SandFall-Win64-Shipping.exe,32396,0x27E295FDE80,DXGI,0,0,1,Hardware Composed: Independent Flip,21445.7583,NA,16.55040000000000,15.90580000000000,0.28460000000000,2.90480000000000,2.9491,21429.6690,16.3739,16.0893,0.2846,3.0338,15.9603,14.2823,1.6780,-0.4178,21429.6690,NA,NA,NA
SandFall-Win64-Shipping.exe,32396,0x27E295FDE80,DXGI,0,0,1,Hardware Composed: Independent Flip,21460.9830,NA,15.22470000000000,15.21660000000000,0.28660000000000,2.87510000000000,2.9410,21446.0429,15.2267,14.9401,0.2866,2.6202,15.1950,14.5863,0.6087,1.1573,21446.0429,NA,NA,NA
SandFall-Win64-Shipping.exe,32396,0x27E295FDE80,DXGI,0,0,1,Hardware Composed: Independent Flip,21477.4452,NA,16.46220000000000,16.66020000000000,0.27410000000000,3.09820000000000,3.1390,21461.2696,16.4497,16.1756,0.2741,2.5885,16.6853,14.6418,2.0435,-1.4335,21461.2696,NA,NA,NA
SandFall-Win64-Shipping.exe,32396,0x27E295FDE80,DXGI,0,0,1,Hardware Composed: Independent Flip,21492.8213,NA,15.37610000000000,16.40680000000000,0.30870000000000,3.37310000000000,4.1697,21477.7193,15.4107,15.1020,0.3087,2.8241,15.6510,14.7533,0.8977,0.0429,21477.7193,NA,NA,NA
SandFall-Win64-Shipping.exe,32396,0x27E295FDE80,DXGI,0,0,1,Hardware Composed: Independent Flip,21506.7580,NA,13.93670000000000,13.93590000000000,0.59200000000000,4.12580000000000,4.1689,21493.1300,14.2200,13.6280,0.5920,3.0644,14.6894,14.4993,0.1901,1.4748,21493.1300,NA,NA,NA
SandFall-Win64-Shipping.exe,32396,0x27E295FDE80,DXGI,0,0,1,Hardware Composed: Independent Flip,21524.7767,NA,18.01870000000000,17.38970000000000,0.30320000000000,3.49810000000000,3.5399,21507.3500,17.7299,17.4267,0.3032,3.5338,17.3910,15.0564,2.3346,-3.1697,21507.3500,NA,NA,NA
SandFall-Win64-Shipping.exe,32396,0x27E295FDE80,DXGI,0,0,1,Hardware Composed: Independent Flip,21541.2892,NA,16.51250000000000,17.22690000000000,0.26030000000000,3.80200000000000,4.2543,21525.0799,16.4696,16.2093,0.2603,3.1949,16.8164,14.6362,2.1802,0.5030,21525.0799,NA,NA,NA
SandFall-Win64-Shipping.exe,32396,0x27E295FDE80,DXGI,0,0,1,Hardware Composed: Independent Flip,21556.6370,NA,15.34780000000000,14.32410000000000,0.38390000000000,3.21170000000000,3.2306,21541.5495,15.4714,15.0875,0.3839,3.5417,14.7575,14.7489,0.0086,2.1455,21541.5495,NA,NA,NA
SandFall-Win64-Shipping.exe,32396,0x27E295FDE80,DXGI,0,0,1,Hardware Composed: Independent Flip,21574.1345,NA,17.49750000000000,19.04640000000000,0.28320000000000,4.25160000000000,4.7795,21557.0209,17.3968,17.1136,0.2832,2.8278,18.5374,14.5387,3.9987,-3.5750,21557.0209,NA,NA,NA
SandFall-Win64-Shipping.exe,32396,0x27E295FDE80,DXGI,0,0,1,Hardware Composed: Independent Flip,21589.3148,NA,15.18030000000000,16.35300000000000,0.26900000000000,4.09970000000000,5.9522,21574.4177,15.1661,14.8971,0.2690,3.9684,15.0284,15.0231,0.0053,1.0438,21574.4177,NA,NA,NA
SandFall-Win64-Shipping.exe,32396,0x27E295FDE80,DXGI,0,0,1,Hardware Composed: Independent Flip,21604.6375,NA,15.32270000000000,13.17260000000000,0.26520000000000,3.73370000000000,3.8021,21589.5838,15.3189,15.0537,0.2652,3.8307,14.9567,14.5399,0.4168,1.9935,21589.5838,NA,NA,NA
SandFall-Win64-Shipping.exe,32396,0x27E295FDE80,DXGI,0,0,1,Hardware Composed: Independent Flip,21619.3187,NA,14.68120000000000,14.89640000000000,0.26560000000000,3.72260000000000,4.0173,21604.9027,14.6816,14.4160,0.2656,3.4685,14.6701,14.4240,0.2461,0.4225,21604.9027,NA,NA,NA
SandFall-Win64-Shipping.exe,32396,0x27E295FDE80,DXGI,0,0,1,Hardware Composed: Independent Flip,21635.5074,NA,16.18870000000000,15.10350000000000,0.35170000000000,2.88690000000000,2.9321,21619.5843,16.2748,15.9231,0.3517,3.4570,15.3530,14.8575,0.4955,-0.4219,21619.5843,NA,NA,NA
SandFall-Win64-Shipping.exe,32396,0x27E295FDE80,DXGI,0,0,1,Hardware Composed: Independent Flip,21651.4526,NA,15.94520000000000,16.38610000000000,0.28110000000000,2.97870000000000,3.3730,21635.8591,15.8746,15.5935,0.2811,2.5352,16.0370,14.7701,1.2669,-0.1113,21635.8591,NA,NA,NA
SandFall-Win64-Shipping.exe,32396,0x27E295FDE80,DXGI,0,0,1,Hardware Composed: Independent Flip,21666.5887,NA,15.13610000000000,14.87840000000000,0.29630000000000,3.06650000000000,3.1153,21651.7337,15.1513,14.8550,0.2963,2.6976,15.2239,14.6327,0.5912,0.9962,21651.7337,NA,NA,NA
SandFall-Win64-Shipping.exe,32396,0x27E295FDE80,DXGI,0,0,1,Hardware Composed: Independent Flip,21683.9533,NA,17.36460000000000,18.98220000000000,0.28670000000000,4.65840000000000,4.7329,21666.8850,17.3550,17.0683,0.2867,2.7702,18.9565,15.2790,3.6775,-3.8309,21666.8850,NA,NA,NA
SandFall-Win64-Shipping.exe,32396,0x27E295FDE80,DXGI,0,0,1,Hardware Composed: Independent Flip,21699.0285,NA,15.07520000000000,14.80810000000000,0.25700000000000,4.09480000000000,4.4658,21684.2400,15.0455,14.7885,0.2570,4.3717,14.5116,14.5074,0.0042,2.5469,21684.2400,NA,NA,NA
SandFall-Win64-Shipping.exe,32396,0x27E295FDE80,DXGI,0,0,1,Hardware Composed: Independent Flip,21714.6313,NA,15.60280000000000,14.38230000000000,0.24980000000000,3.21750000000000,3.2453,21699.2855,15.5956,15.3458,0.2498,3.8378,14.7255,14.7235,0.0020,0.6632,21699.2855,NA,NA,NA
SandFall-Win64-Shipping.exe,32396,0x27E295FDE80,DXGI,0,0,1,Hardware Composed: Independent Flip,21729.9915,NA,15.36020000000000,18.17660000000000,0.26030000000000,3.63410000000000,6.0617,21714.8811,15.3707,15.1104,0.2603,2.9677,15.7768,14.9621,0.8147,-2.5810,21714.8811,NA,NA,NA
SandFall-Win64-Shipping.exe,32396,0x27E295FDE80,DXGI,0,0,1,Hardware Composed: Independent Flip,21746.1439,NA,16.15240000000000,13.53080000000000,0.25830000000000,3.39710000000000,3.4401,21730.2518,16.1504,15.8921,0.2583,3.3738,15.9154,14.7629,1.1525,1.8399,21730.2518,NA,NA,NA
SandFall-Win64-Shipping.exe,32396,0x27E295FDE80,DXGI,0,0,1,Hardware Composed: Independent Flip,21762.2229,NA,16.07900000000000,16.57120000000000,0.27650000000000,3.39940000000000,3.9323,21746.4022,16.0972,15.8207,0.2765,3.1388,16.0813,14.7037,1.3776,-0.4208,21746.4022,NA,NA,NA
SandFall-Win64-Shipping.exe,32396,0x27E295FDE80,DXGI,0,0,1,Hardware Composed: Independent Flip,21778.2314,NA,16.00850000000000,16.43110000000000,0.28970000000000,3.35710000000000,4.3549,21762.4994,16.0217,15.7320,0.2897,3.1229,15.9662,14.6344,1.3318,-0.3339,21762.4994,NA,NA,NA
SandFall-Win64-Shipping.exe,32396,0x27E295FDE80,DXGI,0,0,1,Hardware Composed: Independent Flip,21795.3855,NA,17.15410000000000,16.80710000000000,0.25970000000000,3.96580000000000,4.0079,21778.5211,17.1241,16.8644,0.2597,3.0674,17.7628,15.1764,2.5864,-0.7854,21778.5211,NA,NA,NA
SandFall-Win64-Shipping.exe,32396,0x27E295FDE80,DXGI,0,0,1,Hardware Composed: Independent Flip,21811.3580,NA,15.97250000000000,17.48640000000000,0.27190000000000,4.34080000000000,5.5218,21795.6452,15.9847,15.7128,0.2719,3.7061,16.3475,14.7027,1.6448,-0.3623,21795.6452,NA,NA,NA
SandFall-Win64-Shipping.exe,32396,0x27E295FDE80,DXGI,0,0,1,Hardware Composed: Independent Flip,21827.5050,NA,16.14700000000000,15.24580000000000,0.24970000000000,4.57410000000000,4.6206,21811.6299,16.1248,15.8751,0.2497,4.0689,16.3803,14.9291,1.4512,0.7389,21811.6299,NA,NA,NA
SandFall-Win64-Shipping.exe,32396,0x27E295FDE80,DXGI,0,0,1,Hardware Composed: Independent Flip,21843.5037,NA,15.99870000000000,16.00440000000000,0.26680000000000,4.56680000000000,4.6263,21827.7547,16.0158,15.7490,0.2668,4.3244,15.9914,15.0755,0.9159,0.1204,21827.7547,NA,NA,NA
SandFall-Win64-Shipping.exe,32396,0x27E295FDE80,DXGI,0,0,1,Hardware Composed: Independent Flip,21859.6122,NA,16.10850000000000,16.15690000000000,0.25790000000000,4.62920000000000,4.6747,21843.7705,16.0996,15.8417,0.2579,4.3000,16.1709,15.0981,1.0728,-0.1411,21843.7705,NA,NA,NA
SandFall-Win64-Shipping.exe,32396,0x27E295FDE80,DXGI,0,0,1,Hardware Composed: Independent Flip,21877.8960,NA,18.28380000000000,17.63390000000000,0.28060000000000,3.90580000000000,4.0248,21859.8701,18.3065,18.0259,0.2806,4.3713,17.5604,14.8186,2.7418,-1.5343,21859.8701,NA,11.7665,NA
SandFall-Win64-Shipping.exe,32396,0x27E295FDE80,DXGI,0,0,1,Hardware Composed: Independent Flip,21894.8840,NA,16.98800000000000,17.48110000000000,0.34570000000000,4.49570000000000,4.5179,21878.1766,17.0531,16.7074,0.3457,3.6252,17.5779,14.7607,2.8172,0.8254,21878.1766,NA,NA,NA
SandFall-Win64-Shipping.exe,32396,0x27E295FDE80,DXGI,0,0,1,Hardware Composed: Independent Flip,21912.3205,NA,17.43650000000000,17.61220000000000,0.28000000000000,4.64940000000000,4.6936,21895.2297,17.3708,17.0908,0.2800,4.1500,17.5902,15.1954,2.3948,-0.5591,21895.2297,NA,16.0754,NA
SandFall-Win64-Shipping.exe,32396,0x27E295FDE80,DXGI,0,0,1,Hardware Composed: Independent Flip,21927.6550,NA,15.33450000000000,15.41540000000000,0.27860000000000,4.69060000000000,4.7745,21912.6005,15.3331,15.0545,0.2786,4.3694,15.3757,14.8825,0.4932,1.9554,21912.6005,NA,11.0280,NA
SandFall-Win64-Shipping.exe,32396,0x27E295FDE80,DXGI,0,0,1,Hardware Composed: Independent Flip,21942.4527,NA,14.79770000000000,15.12580000000000,0.26680000000000,5.07340000000000,5.1026,21927.9336,14.7859,14.5191,0.2668,4.4120,15.1805,15.1711,0.0094,0.2073,21927.9336,NA,8.1597,NA
SandFall-Win64-Shipping.exe,32396,0x27E295FDE80,DXGI,0,0,1,Hardware Composed: Independent Flip,21958.0668,NA,15.61410000000000,16.33950000000000,0.25100000000000,4.71720000000000,5.8280,21942.7195,15.5983,15.3473,0.2510,4.8066,15.2579,14.7269,0.5310,-1.5536,21942.7195,NA,8.4900,NA
SandFall-Win64-Shipping.exe,32396,0x27E295FDE80,DXGI,0,0,1,Hardware Composed: Independent Flip,21975.1286,NA,17.06180000000000,15.36640000000000,0.35660000000000,4.09980000000000,4.1326,21958.3178,17.1674,16.8108,0.3566,4.4662,16.4444,15.1645,1.2799,0.2319,21958.3178,NA,7.8556,NA
SandFall-Win64-Shipping.exe,32396,0x27E295FDE80,DXGI,0,0,1,Hardware Composed: Independent Flip,21990.3828,NA,15.25420000000000,16.18330000000000,0.28200000000000,4.59200000000000,5.0617,21975.4852,15.1796,14.8976,0.2820,3.7432,15.7464,14.7387,1.0077,0.9841,21975.4852,NA,9.0473,NA
SandFall-Win64-Shipping.exe,32396,0x27E295FDE80,DXGI,0,0,1,Hardware Composed: Independent Flip,22006.8349,NA,16.45210000000000,16.19710000000000,0.27630000000000,4.73450000000000,4.8067,21990.6648,16.4464,16.1701,0.2763,4.3100,16.5946,15.1290,1.4656,-1.0175,21990.6648,NA,11.2470,NA
SandFall-Win64-Shipping.exe,32396,0x27E295FDE80,DXGI,0,0,1,Hardware Composed: Independent Flip,22022.3520,NA,15.51710000000000,15.73300000000000,0.25750000000000,4.96310000000000,5.0226,22007.1112,15.4983,15.2408,0.2575,4.4582,15.7457,14.7434,1.0023,0.7134,22007.1112,NA,15.9636,NA
SandFall-Win64-Shipping.exe,32396,0x27E295FDE80,DXGI,0,0,1,Hardware Composed: Independent Flip,22039.0590,NA,16.70700000000000,16.55110000000000,0.33860000000000,4.76620000000000,4.8667,22022.6095,16.7881,16.4495,0.3386,4.7056,16.5101,15.2257,1.2844,-1.0528,22022.6095,NA,9.5265,NA
SandFall-Win64-Shipping.exe,32396,0x27E295FDE80,DXGI,0,0,1,Hardware Composed: Independent Flip,22056.0336,NA,16.97460000000000,16.58370000000000,0.28620000000000,4.19430000000000,4.4758,22039.3976,16.9222,16.6360,0.2862,4.4276,16.4027,14.8101,1.5926,0.2044,22039.3976,NA,8.1020,NA
SandFall-Win64-Shipping.exe,32396,0x27E295FDE80,DXGI,0,0,1,Hardware Composed: Independent Flip,22070.7972,NA,14.76360000000000,15.23870000000000,0.28270000000000,4.87660000000000,4.9509,22056.3198,14.7601,14.4774,0.2827,3.9081,15.4459,15.3786,0.0673,1.6835,22056.3198,NA,7.3546,NA
SandFall-Win64-Shipping.exe,32396,0x27E295FDE80,DXGI,0,0,1,Hardware Composed: Independent Flip,22086.1128,NA,15.31560000000000,15.39990000000000,0.29750000000000,4.83270000000000,5.0352,22071.0799,15.3304,15.0329,0.2975,4.5939,15.2717,14.9210,0.3507,-0.6398,22071.0799,NA,12.7474,NA
SandFall-Win64-Shipping.exe,32396,0x27E295FDE80,DXGI,0,0,1,Hardware Composed: Independent Flip,22101.5689,NA,15.45610000000000,15.48030000000000,0.31000000000000,5.04290000000000,5.0594,22086.4103,15.4686,15.1586,0.3100,4.5352,15.6663,15.3897,0.2766,-0.1499,22086.4103,NA,NA,NA
SandFall-Win64-Shipping.exe,32396,0x27E295FDE80,DXGI,0,0,1,Hardware Composed: Independent Flip,22118.7557,NA,17.18680000000000,16.57130000000000,0.26490000000000,4.33160000000000,4.4439,22101.8789,17.1417,16.8768,0.2649,4.7329,16.4755,15.4584,1.0171,-1.1027,22101.8789,NA,4.8034,NA
SandFall-Win64-Shipping.exe,32396,0x27E295FDE80,DXGI,0,0,1,Hardware Composed: Independent Flip,22134.7153,NA,15.95960000000000,16.73880000000000,0.26250000000000,4.76990000000000,5.2231,22119.0206,15.9572,15.6947,0.2625,4.0667,16.3979,15.1860,1.2119,0.4029,22119.0206,NA,7.5360,NA
SandFall-Win64-Shipping.exe,32396,0x27E295FDE80,DXGI,0,0,1,Hardware Composed: Independent Flip,22150.4222,NA,15.70690000000000,15.03510000000000,0.25050000000000,4.49770000000000,4.5513,22134.9778,15.6949,15.4444,0.2505,4.5074,15.4347,15.1033,0.3314,0.9221,22134.9778,NA,NA,NA
SandFall-Win64-Shipping.exe,32396,0x27E295FDE80,DXGI,0,0,1,Hardware Composed: Independent Flip,22166.8114,NA,16.38920000000000,16.61560000000000,0.26130000000000,4.73150000000000,4.7777,22150.6727,16.4000,16.1387,0.2613,4.2472,16.6230,15.1709,1.4521,-0.9207,22150.6727,NA,24.1874,NA
SandFall-Win64-Shipping.exe,32396,0x27E295FDE80,DXGI,0,0,1,Hardware Composed: Independent Flip,22182.1980,NA,15.38660000000000,15.80860000000000,0.25920000000000,4.76360000000000,5.1997,22167.0727,15.3845,15.1253,0.2592,4.4702,15.4187,14.8938,0.5249,0.5914,22167.0727,NA,25.0911,NA
SandFall-Win64-Shipping.exe,32396,0x27E295FDE80,DXGI,0,0,1,Hardware Composed: Independent Flip,22199.1501,NA,16.95210000000000,16.38180000000000,0.25820000000000,4.59940000000000,4.6294,22182.4572,16.9511,16.6929,0.2582,4.5044,16.7879,15.0639,1.7240,-0.9973,22182.4572,NA,NA,NA
SandFall-Win64-Shipping.exe,32396,0x27E295FDE80,DXGI,0,0,1,Hardware Composed: Independent Flip,22214.4544,NA,15.30430000000000,15.92630000000000,0.28620000000000,4.43580000000000,5.2514,22199.4083,15.3323,15.0461,0.2862,4.3412,15.1407,14.5502,0.5905,1.0248,22199.4083,NA,26.6339,NA
SandFall-Win64-Shipping.exe,32396,0x27E295FDE80,DXGI,0,0,1,Hardware Composed: Independent Flip,22233.2267,NA,18.77230000000000,17.65890000000000,0.28720000000000,4.06070000000000,4.1380,22214.7406,18.7733,18.4861,0.2872,4.1496,18.3972,15.1404,3.2568,-2.3266,22214.7406,NA,13.4555,NA
SandFall-Win64-Shipping.exe,32396,0x27E295FDE80,DXGI,0,0,1,Hardware Composed: Independent Flip,22249.6839,NA,16.45720000000000,17.80420000000000,0.30580000000000,4.49020000000000,5.4850,22233.5139,16.4758,16.1700,0.3058,3.7735,16.8867,15.2779,1.6088,0.9691,22233.5139,NA,NA,NA
SandFall-Win64-Shipping.exe,32396,0x27E295FDE80,DXGI,0,0,1,Hardware Composed: Independent Flip,22265.2140,NA,15.53010000000000,14.50570000000000,0.26320000000000,4.40510000000000,4.4606,22249.9897,15.4875,15.2243,0.2632,4.1844,15.4450,14.6615,0.7835,1.9701,22249.9897,NA,15.2714,NA
SandFall-Win64-Shipping.exe,32396,0x27E295FDE80,DXGI,0,0,1,Hardware Composed: Independent Flip,22280.7000,NA,15.48600000000000,16.42960000000000,0.26160000000000,4.48540000000000,5.4042,22265.4772,15.4844,15.2228,0.2616,4.1419,15.5663,14.6529,0.9134,-0.9421,22265.4772,NA,16.1948,NA
SandFall-Win64-Shipping.exe,32396,0x27E295FDE80,DXGI,0,0,1,Hardware Composed: Independent Flip,22296.1046,NA,15.40460000000000,14.51170000000000,0.26390000000000,4.43910000000000,4.5113,22280.9616,15.4069,15.1430,0.2639,4.2238,15.3583,14.9103,0.4480,0.9727,22280.9616,NA,NA,NA
SandFall-Win64-Shipping.exe,32396,0x27E295FDE80,DXGI,0,0,1,Hardware Composed: Independent Flip,22311.1935,NA,15.08890000000000,15.28580000000000,0.27630000000000,4.66610000000000,4.7082,22296.3685,15.1013,14.8250,0.2763,4.1752,15.3159,14.8735,0.4424,0.1211,22296.3685,NA,NA,NA
SandFall-Win64-Shipping.exe,32396,0x27E295FDE80,DXGI,0,0,1,Hardware Composed: Independent Flip,22327.2923,NA,16.09880000000000,16.51980000000000,0.31160000000000,4.67630000000000,5.1292,22311.4698,16.1341,15.8225,0.3116,4.3898,16.1090,14.7507,1.3583,-1.4185,22311.4698,NA,31.7090,NA
SandFall-Win64-Shipping.exe,32396,0x27E295FDE80,DXGI,0,0,1,Hardware Composed: Independent Flip,22342.6955,NA,15.40320000000000,15.08260000000000,0.29570000000000,4.73600000000000,4.8086,22327.6039,15.3873,15.0916,0.2957,4.3647,15.4629,14.8944,0.5685,1.0515,22327.6039,NA,20.1032,NA
SandFall-Win64-Shipping.exe,32396,0x27E295FDE80,DXGI,0,0,1,Hardware Composed: Independent Flip,22361.3859,NA,18.69040000000000,17.88410000000000,0.29590000000000,3.95450000000000,4.0023,22342.9912,18.6906,18.3947,0.2959,4.4403,17.9089,15.0734,2.8355,-2.4968,22342.9912,NA,28.9316,NA
SandFall-Win64-Shipping.exe,32396,0x27E295FDE80,DXGI,0,0,1,Hardware Composed: Independent Flip,22377.0600,NA,15.67410000000000,16.83870000000000,0.27720000000000,4.86030000000000,5.1669,22361.6818,15.6554,15.3782,0.2772,3.6586,16.5799,15.1417,1.4382,1.8519,22361.6818,NA,20.0467,NA
SandFall-Win64-Shipping.exe,32396,0x27E295FDE80,DXGI,0,0,1,Hardware Composed: Independent Flip,22392.5664,NA,15.50640000000000,15.08780000000000,0.26340000000000,4.70670000000000,4.7483,22377.3372,15.4926,15.2292,0.2634,4.5831,15.3528,14.9739,0.3789,0.5676,22377.3372,NA,NA,NA
SandFall-Win64-Shipping.exe,32396,0x27E295FDE80,DXGI,0,0,1,Hardware Composed: Independent Flip,22407.2926,NA,14.72620000000000,15.43060000000000,0.26420000000000,4.60360000000000,5.4527,22392.8298,14.7270,14.4628,0.2642,4.4433,14.6231,14.5563,0.0668,0.0620,22392.8298,NA,NA,NA
SandFall-Win64-Shipping.exe,32396,0x27E295FDE80,DXGI,0,0,1,Hardware Composed: Independent Flip,22421.9499,NA,14.65730000000000,13.91690000000000,0.25350000000000,4.67590000000000,4.7123,22407.5568,14.6466,14.3931,0.2535,4.3394,14.7296,14.7236,0.0060,0.8101,22407.5568,NA,24.2551,NA
SandFall-Win64-Shipping.exe,32396,0x27E295FDE80,DXGI,0,0,1,Hardware Composed: Independent Flip,22437.2794,NA,15.32950000000000,15.94410000000000,0.27100000000000,4.65860000000000,5.3269,22422.2034,15.3470,15.0760,0.2710,4.4224,15.3122,14.8217,0.4905,-1.2975,22422.2034,NA,18.9034,NA
SandFall-Win64-Shipping.exe,32396,0x27E295FDE80,DXGI,0,0,1,Hardware Composed: Independent Flip,22452.9828,NA,15.70340000000000,15.54040000000000,0.25580000000000,4.74820000000000,5.1639,22437.5504,15.6882,15.4324,0.2558,4.3876,15.7930,14.9054,0.8876,-0.1934,22437.5504,NA,NA,NA
SandFall-Win64-Shipping.exe,32396,0x27E295FDE80,DXGI,0,0,1,Hardware Composed: Independent Flip,22467.8729,NA,14.89010000000000,14.12020000000000,0.26400000000000,4.33880000000000,4.3940,22453.2386,14.8983,14.6343,0.2640,4.4924,14.4807,14.4765,0.0042,1.5680,22453.2386,NA,17.8029,NA
SandFall-Win64-Shipping.exe,32396,0x27E295FDE80,DXGI,0,0,1,Hardware Composed: Independent Flip,22483.2545,NA,15.38160000000000,15.42840000000000,0.24430000000000,4.39870000000000,4.4408,22468.1369,15.3619,15.1176,0.2443,4.0748,15.4415,14.7872,0.6543,-0.5301,22468.1369,NA,NA,NA
SandFall-Win64-Shipping.exe,32396,0x27E295FDE80,DXGI,0,0,1,Hardware Composed: Independent Flip,22498.3338,NA,15.07930000000000,14.45910000000000,0.27430000000000,3.51790000000000,3.8206,22483.4988,15.1093,14.8350,0.2743,4.1544,14.1985,14.1938,0.0047,0.9028,22483.4988,NA,NA,NA
SandFall-Win64-Shipping.exe,32396,0x27E295FDE80,DXGI,0,0,1,Hardware Composed: Independent Flip,22512.5239,NA,14.19010000000000,14.30380000000000,0.42030000000000,3.91490000000000,3.9343,22498.6081,14.3361,13.9158,0.4203,3.2436,14.5871,14.0811,0.5060,0.8055,22498.6081,NA,15.0590,NA
SandFall-Win64-Shipping.exe,32396,0x27E295FDE80,DXGI,0,0,1,Hardware Composed: Independent Flip,22527.8418,NA,15.31790000000000,16.31850000000000,0.56300000000000,4.11530000000000,4.9349,22512.9442,15.4606,14.8976,0.5630,3.4946,15.5183,13.9621,1.5562,-1.9824,22512.9442,NA,23.3766,NA
SandFall-Win64-Shipping.exe,32396,0x27E295FDE80,DXGI,0,0,1,Hardware Composed: Independent Flip,22545.3074,NA,17.46560000000000,16.09220000000000,0.28720000000000,3.30440000000000,3.5615,22528.4048,17.1898,16.9026,0.2872,3.5523,16.6547,14.2787,2.3760,-0.6316,22528.4048,NA,17.5619,NA
SandFall-Win64-Shipping.exe,32396,0x27E295FDE80,DXGI,0,0,1,Hardware Composed: Independent Flip,22561.0869,NA,15.77950000000000,15.19410000000000,0.33740000000000,2.94670000000000,2.9761,22545.5946,15.8297,15.4923,0.3374,3.0172,15.4218,14.3456,1.0762,1.9957,22545.5946,NA,NA,NA
SandFall-Win64-Shipping.exe,32396,0x27E295FDE80,DXGI,0,0,1,Hardware Composed: Independent Flip,22579.9960,NA,18.90910000000000,20.31270000000000,0.25110000000000,4.33910000000000,4.3797,22561.4243,18.8228,18.5717,0.2511,2.6093,20.3015,14.9110,5.3905,-4.4830,22561.4243,NA,22.2872,NA
SandFall-Win64-Shipping.exe,32396,0x27E295FDE80,DXGI,0,0,1,Hardware Composed: Independent Flip,22595.5701,NA,15.57410000000000,14.55050000000000,0.27260000000000,3.11540000000000,3.3561,22580.2471,15.5956,15.3230,0.2726,4.0880,14.3504,14.2576,0.0928,4.2723,22580.2471,NA,NA,NA
SandFall-Win64-Shipping.exe,32396,0x27E295FDE80,DXGI,0,0,1,Hardware Composed: Independent Flip,22610.9395,NA,15.36940000000000,15.47680000000000,0.24980000000000,3.38390000000000,3.4635,22595.8427,15.3466,15.0968,0.2498,2.8428,15.6379,14.5631,1.0748,0.1188,22595.8427,NA,21.5163,NA
SandFall-Win64-Shipping.exe,32396,0x27E295FDE80,DXGI,0,0,1,Hardware Composed: Independent Flip,22628.8614,NA,17.92190000000000,21.59730000000000,0.29240000000000,4.11760000000000,7.1389,22611.1893,17.9645,17.6721,0.2924,3.1341,18.6556,14.8575,3.7981,-6.2507,22611.1893,NA,NA,NA
SandFall-Win64-Shipping.exe,32396,0x27E295FDE80,DXGI,0,0,1,Hardware Composed: Independent Flip,22644.3197,NA,15.45830000000000,11.80190000000000,0.27010000000000,3.44410000000000,3.4825,22629.1538,15.4360,15.1659,0.2701,3.8252,14.7848,14.4448,0.3400,6.1626,22629.1538,NA,24.1980,NA
SandFall-Win64-Shipping.exe,32396,0x27E295FDE80,DXGI,0,0,1,Hardware Composed: Independent Flip,22658.8962,NA,14.57650000000000,15.67010000000000,0.26320000000000,4.47890000000000,4.5761,22644.5898,14.5696,14.3064,0.2632,3.1740,15.6113,14.8025,0.8088,-0.2341,22644.5898,NA,NA,NA
SandFall-Win64-Shipping.exe,32396,0x27E295FDE80,DXGI,0,0,1,Hardware Composed: Independent Flip,22675.2637,NA,16.36750000000000,17.66600000000000,0.25930000000000,4.02050000000000,5.8746,22659.1594,16.3636,16.1043,0.2593,4.2157,15.9091,14.5036,1.4055,-3.0964,22659.1594,NA,26.7524,NA
SandFall-Win64-Shipping.exe,32396,0x27E295FDE80,DXGI,0,0,1,Hardware Composed: Independent Flip,22690.5291,NA,15.26540000000000,12.74710000000000,0.27400000000000,3.30480000000000,3.3563,22675.5230,15.2801,15.0061,0.2740,3.7612,14.5497,14.3424,0.2073,3.6165,22675.5230,NA,13.4914,NA
SandFall-Win64-Shipping.exe,32396,0x27E295FDE80,DXGI,0,0,1,Hardware Composed: Independent Flip,22706.0539,NA,15.52480000000000,15.35160000000000,0.25520000000000,3.12910000000000,3.1831,22690.8031,15.5060,15.2508,0.2552,3.0308,15.3491,14.6314,0.7177,-0.0715,22690.8031,NA,12.8462,NA
SandFall-Win64-Shipping.exe,32396,0x27E295FDE80,DXGI,0,0,1,Hardware Composed: Independent Flip,22721.1981,NA,15.14420000000000,15.94630000000000,0.33840000000000,3.35690000000000,3.9852,22706.3091,15.2274,14.8890,0.3384,2.8739,15.3720,14.6962,0.6758,-0.4403,22706.3091,NA,12.7931,NA
SandFall-Win64-Shipping.exe,32396,0x27E295FDE80,DXGI,0,0,1,Hardware Composed: Independent Flip,22737.2236,NA,16.02550000000000,15.46000000000000,0.28240000000000,3.37540000000000,3.4197,22721.5365,15.9695,15.6871,0.2824,3.0185,16.0440,14.9421,1.1019,-0.2326,22721.5365,NA,13.2516,NA
SandFall-Win64-Shipping.exe,32396,0x27E295FDE80,DXGI,0,0,1,Hardware Composed: Independent Flip,22755.1540,NA,17.93040000000000,18.34240000000000,0.26010000000000,3.48410000000000,3.8317,22737.5060,17.9081,17.6480,0.2601,3.0930,18.0391,15.4308,2.6083,-2.3729,22737.5060,NA,15.5972,NA
SandFall-Win64-Shipping.exe,32396,0x27E295FDE80,DXGI,0,0,1,Hardware Composed: Independent Flip,22770.9920,NA,15.83800000000000,17.33170000000000,0.24910000000000,4.20510000000000,5.3254,22755.4141,15.8270,15.5779,0.2491,3.2240,16.5590,16.4176,0.1414,0.5764,22755.4141,NA,16.9246,NA
SandFall-Win64-Shipping.exe,32396,0x27E295FDE80,DXGI,0,0,1,Hardware Composed: Independent Flip,22786.2008,NA,15.20880000000000,14.59740000000000,0.26720000000000,4.63740000000000,4.7140,22771.2411,15.2269,14.9597,0.2672,3.9560,15.6411,15.6358,0.0053,1.2296,22771.2411,NA,15.5206,NA
SandFall-Win64-Shipping.exe,32396,0x27E295FDE80,DXGI,0,0,1,Hardware Composed: Independent Flip,22801.3686,NA,15.16780000000000,16.35360000000000,0.31120000000000,5.83120000000000,5.8998,22786.4680,15.2118,14.9006,0.3112,4.3702,16.3616,16.3601,0.0015,-1.1267,22786.4680,NA,16.8754,NA
SandFall-Win64-Shipping.exe,32396,0x27E295FDE80,DXGI,0,0,1,Hardware Composed: Independent Flip,22815.7224,NA,14.35380000000000,16.21210000000000,0.49630000000000,7.47280000000000,7.7581,22801.6798,14.5389,14.0426,0.4963,5.5200,15.9954,15.9938,0.0016,-1.0003,22801.6798,NA,15.0835,NA
SandFall-Win64-Shipping.exe,32396,0x27E295FDE80,DXGI,0,0,1,Hardware Composed: Independent Flip,22834.1964,NA,18.47400000000000,15.16830000000000,0.37680000000000,4.40320000000000,4.4524,22816.2187,18.3545,17.9777,0.3768,6.9765,15.4044,15.3970,0.0074,-0.6294,22816.2187,NA,16.2557,NA
SandFall-Win64-Shipping.exe,32396,0x27E295FDE80,DXGI,0,0,1,Hardware Composed: Independent Flip,22850.8060,NA,16.60960000000000,16.30450000000000,0.31870000000000,3.79040000000000,4.1473,22834.5732,16.5515,16.2328,0.3187,4.0264,15.9968,15.8035,0.1933,2.0500,22834.5732,NA,13.5588,NA
SandFall-Win64-Shipping.exe,32396,0x27E295FDE80,DXGI,0,0,1,Hardware Composed: Independent Flip,22865.9125,NA,15.10650000000000,16.34000000000000,0.54220000000000,5.14360000000000,5.3808,22851.1247,15.3300,14.7878,0.5422,3.4717,16.4597,16.4527,0.0070,0.2115,22851.1247,NA,NA,NA
SandFall-Win64-Shipping.exe,32396,0x27E295FDE80,DXGI,0,0,1,Hardware Composed: Independent Flip,22882.0127,NA,16.10020000000000,16.63990000000000,0.37820000000000,5.85000000000000,5.9205,22866.4547,15.9362,15.5580,0.3782,4.6014,16.8066,15.6215,1.1851,-1.3099,22866.4547,NA,16.5292,NA
SandFall-Win64-Shipping.exe,32396,0x27E295FDE80,DXGI,0,0,1,Hardware Composed: Independent Flip,22899.7336,NA,17.72090000000000,18.35420000000000,0.33930000000000,6.16900000000000,6.5538,22882.3909,17.6820,17.3427,0.3393,5.4718,18.0399,16.6821,1.3578,-2.4180,22882.3909,NA,NA,NA
SandFall-Win64-Shipping.exe,32396,0x27E295FDE80,DXGI,0,0,1,Hardware Composed: Independent Flip,22920.3628,NA,20.62920000000000,17.90840000000000,0.61510000000000,3.75890000000000,3.8330,22900.0729,20.9050,20.2899,0.6151,5.8297,18.2191,15.9060,2.3131,-0.2264,22900.0729,NA,NA,NA
SandFall-Win64-Shipping.exe,32396,0x27E295FDE80,DXGI,0,0,1,Hardware Composed: Independent Flip,22936.0847,NA,15.72190000000000,17.15010000000000,0.27950000000000,5.10270000000000,5.2612,22920.9779,15.3863,15.1068,0.2795,3.1438,17.0657,15.2927,1.7730,3.7549,22920.9779,NA,NA,NA
SandFall-Win64-Shipping.exe,32396,0x27E295FDE80,DXGI,0,0,1,Hardware Composed: Independent Flip,22953.4190,NA,17.33430000000000,17.83020000000000,0.34370000000000,5.74440000000000,5.7571,22936.3642,17.3985,17.0548,0.3437,4.8232,17.9760,15.0931,2.8829,-2.4439,22936.3642,NA,NA,NA
SandFall-Win64-Shipping.exe,32396,0x27E295FDE80,DXGI,0,0,1,Hardware Composed: Independent Flip,22972.7947,NA,19.37570000000000,19.37000000000000,0.31800000000000,5.24750000000000,5.7514,22953.7627,19.3500,19.0320,0.3180,5.4007,18.8788,15.4242,3.4546,-1.9715,22953.7627,NA,NA,NA
SandFall-Win64-Shipping.exe,32396,0x27E295FDE80,DXGI,0,0,1,Hardware Composed: Independent Flip,22992.9771,NA,20.18240000000000,18.70300000000000,0.48170000000000,4.23210000000000,4.2720,22973.1127,20.3461,19.8644,0.4817,4.9295,19.1670,15.6932,3.4738,0.6470,22973.1127,NA,14.8506,NA
SandFall-Win64-Shipping.exe,32396,0x27E295FDE80,DXGI,0,0,1,Hardware Composed: Independent Flip,23007.5526,NA,14.57550000000000,15.60150000000000,0.28730000000000,5.15270000000000,5.2980,22993.4588,14.3811,14.0938,0.2873,3.7504,15.4961,14.3397,1.1564,4.7446,22993.4588,NA,NA,NA
SandFall-Win64-Shipping.exe,32396,0x27E295FDE80,DXGI,0,0,1,Hardware Composed: Independent Flip,23024.6657,NA,17.11310000000000,16.87170000000000,0.44060000000000,5.03680000000000,5.0566,23007.8399,17.2664,16.8258,0.4406,4.8654,16.9972,14.7730,2.2242,-2.4906,23007.8399,NA,NA,NA
SandFall-Win64-Shipping.exe,32396,0x27E295FDE80,DXGI,0,0,1,Hardware Composed: Independent Flip,23047.1150,NA,22.44930000000000,22.21850000000000,0.25430000000000,4.06730000000000,4.8258,23025.1063,22.2630,22.0087,0.2543,4.5962,21.4798,15.4921,5.9877,-4.9521,23025.1063,NA,NA,NA
SandFall-Win64-Shipping.exe,32396,0x27E295FDE80,DXGI,0,0,1,Hardware Composed: Independent Flip,23061.7761,NA,14.66110000000000,14.09210000000000,0.32190000000000,4.19540000000000,4.2568,23047.3693,14.7287,14.4068,0.3219,3.8130,14.7892,14.7850,0.0042,8.1709,23047.3693,NA,NA,NA
SandFall-Win64-Shipping.exe,32396,0x27E295FDE80,DXGI,0,0,1,Hardware Composed: Independent Flip,23076.2811,NA,14.50500000000000,14.48820000000000,0.43540000000000,4.22690000000000,4.2400,23062.0980,14.6185,14.1831,0.4354,3.8735,14.5365,14.5309,0.0056,0.2405,23062.0980,NA,NA,NA
SandFall-Win64-Shipping.exe,32396,0x27E295FDE80,DXGI,0,0,1,Hardware Composed: Independent Flip,23092.9057,NA,16.62460000000000,20.15200000000000,0.49410000000000,4.73170000000000,7.7674,23076.7165,16.6833,16.1892,0.4941,3.7915,17.1294,15.1794,1.9500,-5.5335,23076.7165,NA,23.2268,NA
SandFall-Win64-Shipping.exe,32396,0x27E295FDE80,DXGI,0,0,1,Hardware Composed: Independent Flip,23109.6696,NA,16.76390000000000,12.88850000000000,0.39590000000000,3.83770000000000,3.8920,23093.3998,16.6657,16.2698,0.3959,4.2376,15.8699,15.1298,0.7401,3.7948,23093.3998,NA,NA,NA
SandFall-Win64-Shipping.exe,32396,0x27E295FDE80,DXGI,0,0,1,Hardware Composed: Independent Flip,23125.6417,NA,15.97210000000000,17.02780000000000,0.52260000000000,4.40630000000000,4.9477,23110.0655,16.0988,15.5762,0.5226,3.4418,16.5407,14.9586,1.5821,-0.3621,23110.0655,NA,19.1495,NA
SandFall-Win64-Shipping.exe,32396,0x27E295FDE80,DXGI,0,0,1,Hardware Composed: Independent Flip,23141.8162,NA,16.17450000000000,16.73520000000000,0.37740000000000,3.95560000000000,5.5084,23126.1643,16.0293,15.6519,0.3774,3.8837,15.7238,14.6223,1.1015,-0.6364,23126.1643,NA,NA,NA
SandFall-Win64-Shipping.exe,32396,0x27E295FDE80,DXGI,0,0,1,Hardware Composed: Independent Flip,23155.9507,NA,14.13450000000000,13.94220000000000,0.27350000000000,5.29890000000000,5.3161,23142.1936,14.0306,13.7571,0.2735,3.5782,15.4778,14.6386,0.8392,2.0871,23142.1936,NA,NA,NA
SandFall-Win64-Shipping.exe,32396,0x27E295FDE80,DXGI,0,0,1,Hardware Composed: Independent Flip,23173.9773,NA,18.02660000000000,17.15850000000000,0.63430000000000,4.30210000000000,4.4480,23156.2242,18.3874,17.7531,0.6343,5.0254,17.0298,14.8185,2.2113,-3.1279,23156.2242,NA,NA,NA
SandFall-Win64-Shipping.exe,32396,0x27E295FDE80,DXGI,0,0,1,Hardware Composed: Independent Flip,23190.5352,NA,16.55790000000000,16.70680000000000,0.55490000000000,4.58550000000000,4.5969,23174.6116,16.4785,15.9236,0.5549,3.6678,16.8413,15.2069,1.6344,1.6806,23174.6116,NA,NA,NA
SandFall-Win64-Shipping.exe,32396,0x27E295FDE80,DXGI,0,0,1,Hardware Composed: Independent Flip,23209.1057,NA,18.57050000000000,17.73700000000000,0.28320000000000,3.72170000000000,3.7634,23191.0901,18.2988,18.0156,0.2832,4.0306,17.7067,14.9148,2.7919,-1.2585,23191.0901,NA,NA,NA
SandFall-Win64-Shipping.exe,32396,0x27E295FDE80,DXGI,0,0,1,Hardware Composed: Independent Flip,23224.0688,NA,14.96310000000000,15.40660000000000,0.38900000000000,4.09210000000000,4.2069,23209.3889,15.0689,14.6799,0.3890,3.4385,15.3335,14.6792,0.6543,2.8922,23209.3889,NA,NA,NA
SandFall-Win64-Shipping.exe,32396,0x27E295FDE80,DXGI,0,0,1,Hardware Composed: Independent Flip,23238.3561,NA,14.28730000000000,15.15710000000000,0.57030000000000,5.06320000000000,5.0767,23224.4578,14.4686,13.8983,0.5703,3.7031,15.2584,14.6225,0.6359,-0.0882,23224.4578,NA,NA,NA
SandFall-Win64-Shipping.exe,32396,0x27E295FDE80,DXGI,0,0,1,Hardware Composed: Independent Flip,23254.5371,NA,16.18100000000000,17.60020000000000,0.38050000000000,5.22420000000000,6.4959,23238.9264,15.9912,15.6107,0.3805,4.4929,16.3420,14.7293,1.6127,-3.1316,23238.9264,NA,NA,NA
SandFall-Win64-Shipping.exe,32396,0x27E295FDE80,DXGI,0,0,1,Hardware Composed: Independent Flip,23271.8898,NA,17.35270000000000,15.46180000000000,0.48350000000000,4.55730000000000,4.6050,23254.9176,17.4557,16.9722,0.4835,4.8437,16.6858,14.8904,1.7954,0.5294,23254.9176,NA,NA,NA
SandFall-Win64-Shipping.exe,32396,0x27E295FDE80,DXGI,0,0,1,Hardware Composed: Independent Flip,23288.1694,NA,16.27960000000000,16.33790000000000,0.53540000000000,4.59970000000000,4.6633,23272.3733,16.3315,15.7961,0.5354,4.0738,16.3220,14.9855,1.3365,1.1178,23272.3733,NA,NA,NA
SandFall-Win64-Shipping.exe,32396,0x27E295FDE80,DXGI,0,0,1,Hardware Composed: Independent Flip,23303.7283,NA,15.55890000000000,16.59580000000000,0.45220000000000,5.30540000000000,5.7002,23288.7048,15.4757,15.0235,0.4522,4.0643,16.2646,14.8417,1.4229,-0.2643,23288.7048,NA,NA,NA
SandFall-Win64-Shipping.exe,32396,0x27E295FDE80,DXGI,0,0,1,Hardware Composed: Independent Flip,23323.2913,NA,19.56300000000000,17.70200000000000,0.28420000000000,3.79790000000000,3.8392,23304.1805,19.3950,19.1108,0.2842,4.8532,18.0555,15.2798,2.7757,-2.2263,23304.1805,NA,NA,NA
SandFall-Win64-Shipping.exe,32396,0x27E295FDE80,DXGI,0,0,1,Hardware Composed: Independent Flip,23338.5780,NA,15.28670000000000,16.57260000000000,0.36270000000000,4.18360000000000,5.1251,23323.5755,15.3652,15.0025,0.3627,3.5137,15.6724,15.6672,0.0052,2.8224,23323.5755,NA,NA,NA
SandFall-Win64-Shipping.exe,32396,0x27E295FDE80,DXGI,0,0,1,Hardware Composed: Independent Flip,23355.1890,NA,16.61100000000000,14.81270000000000,0.28500000000000,3.26820000000000,3.3268,23338.9407,16.5333,16.2483,0.2850,3.8209,15.6956,15.6183,0.0773,0.5525,23338.9407,NA,13.0625,NA
SandFall-Win64-Shipping.exe,32396,0x27E295FDE80,DXGI,0,0,1,Hardware Composed: Independent Flip,23368.4383,NA,13.24930000000000,15.77380000000000,0.41870000000000,5.77780000000000,5.8513,23355.4740,13.3830,12.9643,0.4187,2.9832,15.7589,15.0326,0.7263,0.7595,23355.4740,NA,NA,NA
SandFall-Win64-Shipping.exe,32396,0x27E295FDE80,DXGI,0,0,1,Hardware Composed: Independent Flip,23384.4740,NA,16.03570000000000,15.23730000000000,0.37210000000000,5.01310000000000,5.0529,23368.8570,15.9891,15.6170,0.3721,5.3591,15.2710,14.4461,0.8249,-1.8543,23368.8570,NA,NA,NA
SandFall-Win64-Shipping.exe,32396,0x27E295FDE80,DXGI,0,0,1,Hardware Composed: Independent Flip,23401.9201,NA,17.44610000000000,17.36830000000000,0.58130000000000,4.93080000000000,4.9751,23384.8461,17.6553,17.0740,0.5813,4.6410,17.3638,15.2791,2.0847,-1.3792,23384.8461,NA,13.4947,NA
SandFall-Win64-Shipping.exe,32396,0x27E295FDE80,DXGI,0,0,1,Hardware Composed: Independent Flip,23418.8340,NA,16.91390000000000,16.88520000000000,0.83950000000000,4.72620000000000,4.9464,23402.5014,17.1721,16.3326,0.8395,4.3495,16.7093,15.4776,1.2317,0.7701,23402.5014,NA,NA,NA
SandFall-Win64-Shipping.exe,32396,0x27E295FDE80,DXGI,0,0,1,Hardware Composed: Independent Flip,23434.7841,NA,15.95010000000000,16.02370000000000,0.53160000000000,4.99110000000000,5.0200,23419.6735,15.6422,15.1106,0.5316,3.8867,16.2150,14.9179,1.2971,1.1484,23419.6735,NA,NA,NA
SandFall-Win64-Shipping.exe,32396,0x27E295FDE80,DXGI,0,0,1,Hardware Composed: Independent Flip,23450.1274,NA,15.34330000000000,16.06670000000000,0.47490000000000,5.24250000000000,5.7434,23435.3157,15.2866,14.8117,0.4749,4.4595,15.5947,14.3590,1.2357,-0.4245,23435.3157,NA,NA,NA
SandFall-Win64-Shipping.exe,32396,0x27E295FDE80,DXGI,0,0,1,Hardware Composed: Independent Flip,23466.0811,NA,15.95370000000000,15.77290000000000,0.28210000000000,5.51490000000000,5.5626,23450.6023,15.7609,15.4788,0.2821,4.7676,16.2261,14.7807,1.4454,-0.4863,23450.6023,NA,21.2271,NA
SandFall-Win64-Shipping.exe,32396,0x27E295FDE80,DXGI,0,0,1,Hardware Composed: Independent Flip,23484.2675,NA,18.18640000000000,17.59210000000000,1.03390000000000,4.54210000000000,4.9683,23466.3632,18.9382,17.9043,1.0339,5.2328,17.2136,14.9951,2.2185,-1.8312,23466.3632,NA,12.8443,NA
SandFall-Win64-Shipping.exe,32396,0x27E295FDE80,DXGI,0,0,1,Hardware Composed: Independent Flip,23500.4939,NA,16.22640000000000,16.56320000000000,0.33150000000000,4.84010000000000,5.3051,23485.3014,15.5240,15.1925,0.3315,3.5082,16.5244,14.7450,1.7794,2.3750,23485.3014,NA,11.4055,NA
SandFall-Win64-Shipping.exe,32396,0x27E295FDE80,DXGI,0,0,1,Hardware Composed: Independent Flip,23518.4307,NA,17.93680000000000,16.63280000000000,0.45040000000000,3.92820000000000,4.0011,23500.8254,18.0557,17.6053,0.4504,4.5086,17.0249,15.0902,1.9347,-1.1088,23500.8254,NA,12.0385,NA
SandFall-Win64-Shipping.exe,32396,0x27E295FDE80,DXGI,0,0,1,Hardware Composed: Independent Flip,23535.0100,NA,16.57930000000000,19.56900000000000,0.47420000000000,6.49370000000000,6.9908,23518.8811,16.6031,16.1289,0.4742,3.4778,19.1448,17.6729,1.4719,-1.5133,23518.8811,NA,14.6050,NA
SandFall-Win64-Shipping.exe,32396,0x27E295FDE80,DXGI,0,0,1,Hardware Composed: Independent Flip,23550.3469,NA,15.33690000000000,15.03830000000000,0.42250000000000,6.64890000000000,6.6922,23535.4842,15.2852,14.8627,0.4225,6.0195,15.4921,15.4869,0.0052,1.5648,23535.4842,NA,15.6418,NA
SandFall-Win64-Shipping.exe,32396,0x27E295FDE80,DXGI,0,0,1,Hardware Composed: Independent Flip,23571.7752,NA,21.42830000000000,19.28490000000000,0.26960000000000,4.44100000000000,4.5488,23550.7694,21.2754,21.0058,0.2696,6.2264,19.2204,16.6799,2.5405,-3.9997,23550.7694,NA,15.9275,NA
SandFall-Win64-Shipping.exe,32396,0x27E295FDE80,DXGI,0,0,1,Hardware Composed: Independent Flip,23587.9298,NA,16.15460000000000,19.18900000000000,0.26140000000000,5.77680000000000,7.5832,23572.0448,16.1464,15.8850,0.2614,4.1714,17.4904,17.4863,0.0041,2.0864,23572.0448,NA,20.0767,NA
SandFall-Win64-Shipping.exe,32396,0x27E295FDE80,DXGI,0,0,1,Hardware Composed: Independent Flip,23603.0213,NA,15.09150000000000,13.71980000000000,0.27080000000000,6.15090000000000,6.2115,23588.1912,15.1009,14.8301,0.2708,5.5154,15.4656,15.4606,0.0050,2.4266,23588.1912,NA,15.8411,NA
SandFall-Win64-Shipping.exe,32396,0x27E295FDE80,DXGI,0,0,1,Hardware Composed: Independent Flip,23619.3571,NA,16.33580000000000,17.36110000000000,0.37860000000000,5.44060000000000,7.2368,23603.2921,16.4436,16.0650,0.3786,5.8801,15.6255,15.6177,0.0078,-2.2602,23603.2921,NA,17.1907,NA
SandFall-Win64-Shipping.exe,32396,0x27E295FDE80,DXGI,0,0,1,Hardware Composed: Independent Flip,23634.3105,NA,14.95340000000000,13.77700000000000,0.72540000000000,5.98680000000000,6.0604,23619.7357,15.3002,14.5748,0.7254,5.0620,15.4996,15.4919,0.0077,2.6666,23619.7357,NA,12.9753,NA
SandFall-Win64-Shipping.exe,32396,0x27E295FDE80,DXGI,0,0,1,Hardware Composed: Independent Flip,23651.6573,NA,17.34680000000000,19.35950000000000,0.56020000000000,8.02950000000000,8.0731,23635.0359,17.1816,16.6214,0.5602,5.2614,19.3895,19.3872,0.0023,-4.0593,23635.0359,NA,14.3355,NA
SandFall-Win64-Shipping.exe,32396,0x27E295FDE80,DXGI,0,0,1,Hardware Composed: Independent Flip,23673.3062,NA,21.64890000000000,20.71480000000000,0.28380000000000,4.30780000000000,7.1390,23652.2175,21.3725,21.0887,0.2838,7.4693,17.9272,17.1737,0.7535,-3.5332,23652.2175,NA,20.0498,NA
SandFall-Win64-Shipping.exe,32396,0x27E295FDE80,DXGI,0,0,1,Hardware Composed: Independent Flip,23689.3584,NA,16.05220000000000,13.17590000000000,0.28490000000000,4.24920000000000,4.2627,23673.5900,16.0533,15.7684,0.2849,4.0240,15.9936,15.9699,0.0237,8.1966,23673.5900,NA,22.2085,NA
SandFall-Win64-Shipping.exe,32396,0x27E295FDE80,DXGI,0,0,1,Hardware Composed: Independent Flip,23706.6424,NA,17.28400000000000,16.79540000000000,0.29460000000000,3.70040000000000,3.7741,23689.6433,17.2937,16.9991,0.2946,3.9643,16.7352,15.6267,1.1085,-0.7421,23689.6433,NA,19.0128,NA
SandFall-Win64-Shipping.exe,32396,0x27E295FDE80,DXGI,0,0,1,Hardware Composed: Independent Flip,23726.0204,NA,19.37800000000000,19.65420000000000,0.27020000000000,3.04140000000000,4.0503,23706.9370,19.3536,19.0834,0.2702,3.4058,18.7190,15.9367,2.7823,-2.3605,23706.9370,NA,22.6714,NA
SandFall-Win64-Shipping.exe,32396,0x27E295FDE80,DXGI,0,0,1,Hardware Composed: Independent Flip,23739.5445,NA,13.52410000000000,15.37390000000000,0.34150000000000,5.43510000000000,5.9001,23726.2906,13.5954,13.2539,0.3415,2.7712,15.9178,15.2874,0.6304,3.9797,23726.2906,NA,18.0175,NA
SandFall-Win64-Shipping.exe,32396,0x27E295FDE80,DXGI,0,0,1,Hardware Composed: Independent Flip,23758.4873,NA,18.94280000000000,18.11010000000000,0.29740000000000,5.01860000000000,5.0674,23739.8860,18.8987,18.6013,0.2974,5.0936,18.5263,15.4091,3.1172,-4.5147,23739.8860,NA,22.0479,NA
SandFall-Win64-Shipping.exe,32396,0x27E295FDE80,DXGI,0,0,1,Hardware Composed: Independent Flip,23775.8530,NA,17.36570000000000,19.16360000000000,0.44270000000000,5.04960000000000,6.8653,23758.7847,17.5110,17.0683,0.4427,4.7212,17.3967,15.0945,2.3022,-0.2649,23758.7847,NA,NA,NA
SandFall-Win64-Shipping.exe,32396,0x27E295FDE80,DXGI,0,0,1,Hardware Composed: Independent Flip,23791.5213,NA,15.66830000000000,14.55930000000000,0.30790000000000,5.70890000000000,5.7563,23776.2957,15.5335,15.2256,0.3079,4.6069,16.3276,14.8269,1.5007,2.9517,23776.2957,NA,NA,NA
SandFall-Win64-Shipping.exe,32396,0x27E295FDE80,DXGI,0,0,1,Hardware Composed: Independent Flip,23809.3389,NA,17.81760000000000,17.36380000000000,0.31130000000000,5.26090000000000,5.3025,23791.8292,17.8210,17.5097,0.3113,5.4010,17.3696,15.1262,2.2434,-1.8303,23791.8292,NA,22.2367,NA
SandFall-Win64-Shipping.exe,32396,0x27E295FDE80,DXGI,0,0,1,Hardware Composed: Independent Flip,23826.0213,NA,16.68240000000000,16.68320000000000,0.31830000000000,4.78780000000000,5.3033,23809.6502,16.6894,16.3711,0.3183,4.9496,16.2093,14.6871,1.5222,1.1378,23809.6502,NA,18.9155,NA
SandFall-Win64-Shipping.exe,32396,0x27E295FDE80,DXGI,0,0,1,Hardware Composed: Independent Flip,23842.6890,NA,16.66770000000000,16.50090000000000,0.51930000000000,5.12100000000000,5.1365,23826.3396,16.8687,16.3494,0.5193,4.4695,17.0009,15.2618,1.7391,0.1885,23826.3396,NA,25.4202,NA
SandFall-Win64-Shipping.exe,32396,0x27E295FDE80,DXGI,0,0,1,Hardware Composed: Independent Flip,23858.4510,NA,15.76200000000000,16.42910000000000,0.30530000000000,4.94960000000000,5.8036,23843.2083,15.5480,15.2427,0.3053,4.6017,15.5906,14.6460,0.9446,0.4396,23843.2083,NA,22.8151,NA
SandFall-Win64-Shipping.exe,32396,0x27E295FDE80,DXGI,0,0,1,Hardware Composed: Independent Flip,23875.4682,NA,17.01720000000000,15.69750000000000,0.43130000000000,4.39090000000000,4.4839,23858.7563,17.1432,16.7119,0.4313,4.6443,16.4585,14.7203,1.7382,-0.1495,23858.7563,NA,NA,NA
SandFall-Win64-Shipping.exe,32396,0x27E295FDE80,DXGI,0,0,1,Hardware Composed: Independent Flip,23892.7702,NA,17.30200000000000,18.09760000000000,0.30140000000000,4.38020000000000,5.2795,23875.8995,17.1721,16.8707,0.3014,3.9596,17.2913,15.3554,1.9359,-0.9544,23875.8995,NA,21.6276,NA
SandFall-Win64-Shipping.exe,32396,0x27E295FDE80,DXGI,0,0,1,Hardware Composed: Independent Flip,23907.2269,NA,14.45670000000000,14.38900000000000,0.32860000000000,4.84130000000000,5.2118,23893.0716,14.4839,14.1553,0.3286,4.0788,14.9178,14.3221,0.5957,2.7831,23893.0716,NA,12.0356,NA
SandFall-Win64-Shipping.exe,32396,0x27E295FDE80,DXGI,0,0,1,Hardware Composed: Independent Flip,23925.1536,NA,17.92670000000000,16.54060000000000,0.29910000000000,3.78390000000000,3.8257,23907.5555,17.8972,17.5981,0.2991,4.5127,16.8693,15.0210,1.8483,-2.0567,23907.5555,NA,14.5785,NA
SandFall-Win64-Shipping.exe,32396,0x27E295FDE80,DXGI,0,0,1,Hardware Composed: Independent Flip,23939.2407,NA,14.08710000000000,16.55120000000000,0.54650000000000,4.84780000000000,6.2898,23925.4527,14.3345,13.7880,0.5465,3.4848,15.1510,14.5695,0.5815,1.3460,23925.4527,NA,NA,NA
SandFall-Win64-Shipping.exe,32396,0x27E295FDE80,DXGI,0,0,1,Hardware Composed: Independent Flip,23954.8701,NA,15.62940000000000,14.37520000000000,0.32300000000000,4.99340000000000,5.0356,23939.7872,15.4059,15.0829,0.3230,4.3013,15.7750,14.3487,1.4263,-0.0407,23939.7872,NA,NA,NA
SandFall-Win64-Shipping.exe,32396,0x27E295FDE80,DXGI,0,0,1,Hardware Composed: Independent Flip,23971.8246,NA,16.95450000000000,16.84780000000000,0.47500000000000,4.52730000000000,4.9289,23955.1931,17.1065,16.6315,0.4750,4.6704,16.4884,14.9246,1.5638,-1.4419,23955.1931,NA,12.3577,NA
SandFall-Win64-Shipping.exe,32396,0x27E295FDE80,DXGI,0,0,1,Hardware Composed: Independent Flip,23988.4409,NA,16.61630000000000,15.27150000000000,0.42800000000000,3.53220000000000,3.5841,23972.2996,16.5693,16.1413,0.4280,4.0523,15.6212,14.5774,1.0438,1.8350,23972.2996,NA,11.6261,NA
SandFall-Win64-Shipping.exe,32396,0x27E295FDE80,DXGI,0,0,1,Hardware Composed: Independent Flip,24004.0255,NA,15.58460000000000,16.11850000000000,0.32330000000000,4.07810000000000,4.1180,23988.8689,15.4799,15.1566,0.3233,3.1042,16.1305,14.5904,1.5401,0.4508,23988.8689,NA,12.7514,NA
SandFall-Win64-Shipping.exe,32396,0x27E295FDE80,DXGI,0,0,1,Hardware Composed: Independent Flip,24017.9355,NA,13.91000000000000,15.21400000000000,0.51460000000000,4.97290000000000,5.4220,24004.3488,14.1013,13.5867,0.5146,3.7548,14.8048,14.6643,0.1405,0.2659,24004.3488,NA,11.9600,NA
SandFall-Win64-Shipping.exe,32396,0x27E295FDE80,DXGI,0,0,1,Hardware Composed: Independent Flip,24036.9409,NA,19.00540000000000,16.93870000000000,0.27450000000000,3.31250000000000,3.3553,24018.4501,18.7653,18.4908,0.2745,4.4583,17.3450,14.9799,2.3651,-2.8374,24018.4501,NA,12.9054,NA
SandFall-Win64-Shipping.exe,32396,0x27E295FDE80,DXGI,0,0,1,Hardware Composed: Independent Flip,24052.5104,NA,15.56950000000000,16.69460000000000,0.28400000000000,3.58430000000000,4.4804,24037.2154,15.5790,15.2950,0.2840,3.0380,15.8413,14.8433,0.9980,2.0707,24037.2154,NA,14.5799,NA
SandFall-Win64-Shipping.exe,32396,0x27E295FDE80,DXGI,0,0,1,Hardware Composed: Independent Flip,24067.9046,NA,15.39420000000000,14.65170000000000,0.28480000000000,3.69240000000000,3.7379,24052.7944,15.3950,15.1102,0.2848,3.3003,15.5023,14.5900,0.9123,0.9273,24052.7944,NA,14.2483,NA
SandFall-Win64-Shipping.exe,32396,0x27E295FDE80,DXGI,0,0,1,Hardware Composed: Independent Flip,24085.2812,NA,17.37660000000000,19.23400000000000,0.26220000000000,4.58690000000000,5.5953,24068.1894,17.3540,17.0918,0.2622,3.4076,18.2711,15.3437,2.9274,-3.8390,24068.1894,NA,16.4771,NA
SandFall-Win64-Shipping.exe,32396,0x27E295FDE80,DXGI,0,0,1,Hardware Composed: Independent Flip,24100.8216,NA,15.54040000000000,15.57840000000000,0.26120000000000,4.33480000000000,5.6333,24085.5434,15.5394,15.2782,0.2612,4.3247,15.2883,15.2813,0.0070,1.7756,24085.5434,NA,16.0624,NA
SandFall-Win64-Shipping.exe,32396,0x27E295FDE80,DXGI,0,0,1,Hardware Composed: Independent Flip,24118.1509,NA,17.32930000000000,16.67930000000000,0.26750000000000,4.93960000000000,4.9833,24101.0828,17.3356,17.0681,0.2675,4.0736,17.9341,15.9656,1.9685,-1.1399,24101.0828,NA,17.7427,NA
SandFall-Win64-Shipping.exe,32396,0x27E295FDE80,DXGI,0,0,1,Hardware Composed: Independent Flip,24134.1880,NA,16.03710000000000,17.48790000000000,0.30330000000000,4.56880000000000,6.4341,24118.4184,16.0729,15.7696,0.3033,4.6721,15.6663,15.2166,0.4497,-0.1523,24118.4184,NA,19.2285,NA
SandFall-Win64-Shipping.exe,32396,0x27E295FDE80,DXGI,0,0,1,Hardware Composed: Independent Flip,24149.6838,NA,15.49580000000000,14.06560000000000,0.25610000000000,4.95600000000000,5.0039,24134.4913,15.4486,15.1925,0.2561,4.2655,15.8830,15.5163,0.3667,2.0073,24134.4913,NA,17.2896,NA
SandFall-Win64-Shipping.exe,32396,0x27E295FDE80,DXGI,0,0,1,Hardware Composed: Independent Flip,24165.9436,NA,16.25980000000000,15.86480000000000,0.25530000000000,4.44180000000000,4.6089,24149.9399,16.2590,16.0037,0.2553,4.6999,15.7456,15.6170,0.1286,-0.4162,24149.9399,NA,18.1103,NA
SandFall-Win64-Shipping.exe,32396,0x27E295FDE80,DXGI,0,0,1,Hardware Composed: Independent Flip,24182.5455,NA,16.60190000000000,16.38610000000000,0.26350000000000,4.34540000000000,4.3931,24166.1989,16.6101,16.3466,0.2635,4.1865,16.5055,15.3538,1.1517,-0.1271,24166.1989,NA,19.5398,NA
SandFall-Win64-Shipping.exe,32396,0x27E295FDE80,DXGI,0,0,1,Hardware Composed: Independent Flip,24198.6395,NA,16.09400000000000,17.14360000000000,0.25620000000000,5.02370000000000,5.4427,24182.8090,16.0867,15.8305,0.2562,4.0819,16.7723,15.4303,1.3420,-0.5335,24182.8090,NA,21.6925,NA
SandFall-Win64-Shipping.exe,32396,0x27E295FDE80,DXGI,0,0,1,Hardware Composed: Independent Flip,24213.7902,NA,15.15070000000000,14.97110000000000,0.26900000000000,5.23110000000000,5.2631,24198.8957,15.1635,14.8945,0.2690,4.7675,15.3581,15.3331,0.0250,1.1156,24198.8957,NA,19.6586,NA
SandFall-Win64-Shipping.exe,32396,0x27E295FDE80,DXGI,0,0,1,Hardware Composed: Independent Flip,24229.2988,NA,15.50860000000000,15.59270000000000,0.25150000000000,5.30500000000000,5.3472,24214.0592,15.4911,15.2396,0.2515,4.9621,15.5825,15.4016,0.1809,-0.4292,24214.0592,NA,21.2481,NA
SandFall-Win64-Shipping.exe,32396,0x27E295FDE80,DXGI,0,0,1,Hardware Composed: Independent Flip,24245.1764,NA,15.87760000000000,15.65040000000000,0.26720000000000,4.41860000000000,5.1200,24229.5503,15.8933,15.6261,0.2672,5.0535,14.9912,14.9577,0.0335,-0.1593,24229.5503,NA,17.8998,NA
SandFall-Win64-Shipping.exe,32396,0x27E295FDE80,DXGI,0,0,1,Hardware Composed: Independent Flip,24261.8929,NA,16.71650000000000,16.54040000000000,0.26490000000000,4.91110000000000,4.9439,24245.4436,16.7142,16.4493,0.2649,4.1514,17.2090,15.0948,2.1142,-0.6471,24245.4436,NA,19.4340,NA
SandFall-Win64-Shipping.exe,32396,0x27E295FDE80,DXGI,0,0,1,Hardware Composed: Independent Flip,24277.9091,NA,16.01620000000000,16.48030000000000,0.25540000000000,4.75980000000000,5.4080,24262.1578,16.0067,15.7513,0.2554,4.6462,15.8649,14.8758,0.9891,0.2339,24262.1578,NA,22.9211,NA
SandFall-Win64-Shipping.exe,32396,0x27E295FDE80,DXGI,0,0,1,Hardware Composed: Independent Flip,24293.0353,NA,15.12620000000000,14.64850000000000,0.26690000000000,4.89080000000000,4.9303,24278.1645,15.1377,14.8708,0.2669,4.5044,15.2572,14.8647,0.3925,1.3582,24278.1645,NA,21.5633,NA
SandFall-Win64-Shipping.exe,32396,0x27E295FDE80,DXGI,0,0,1,Hardware Composed: Independent Flip,24312.4282,NA,19.39290000000000,19.47950000000000,0.30100000000000,4.35720000000000,5.0169,24293.3022,19.4270,19.1260,0.3010,4.6239,18.8593,16.4057,2.4536,-4.3418,24293.3022,NA,NA,NA
SandFall-Win64-Shipping.exe,32396,0x27E295FDE80,DXGI,0,0,1,Hardware Composed: Independent Flip,24328.3362,NA,15.90800000000000,17.25900000000000,0.29150000000000,4.58400000000000,6.3679,24312.7292,15.8985,15.6070,0.2915,4.0562,16.1348,14.9001,1.2347,2.1680,24312.7292,NA,12.2974,NA
SandFall-Win64-Shipping.exe,32396,0x27E295FDE80,DXGI,0,0,1,Hardware Composed: Independent Flip,24343.9682,NA,15.63200000000000,13.83900000000000,0.36190000000000,4.54080000000000,4.5749,24328.6277,15.7024,15.3405,0.3619,4.2925,15.5888,14.7717,0.8171,2.0595,24328.6277,NA,6.1424,NA
SandFall-Win64-Shipping.exe,32396,0x27E295FDE80,DXGI,0,0,1,Hardware Composed: Independent Flip,24361.7884,NA,17.82020000000000,17.22610000000000,0.39680000000000,3.79110000000000,3.9808,24344.3301,17.8551,17.4583,0.3968,4.1789,17.0705,14.5469,2.5236,-1.5237,24344.3301,NA,9.3731,NA
SandFall-Win64-Shipping.exe,32396,0x27E295FDE80,DXGI,0,0,1,Hardware Composed: Independent Flip,24377.0135,NA,15.22510000000000,15.29730000000000,0.33570000000000,4.00740000000000,4.0530,24362.1852,15.1640,14.8283,0.3357,3.3943,15.4414,14.5520,0.8894,2.5578,24362.1852,NA,9.6548,NA
SandFall-Win64-Shipping.exe,32396,0x27E295FDE80,DXGI,0,0,1,Hardware Composed: Independent Flip,24392.2821,NA,15.26860000000000,15.84220000000000,0.29670000000000,4.57620000000000,4.6266,24377.3492,15.2296,14.9329,0.2967,3.6717,15.8374,15.1121,0.7253,-0.6782,24377.3492,NA,22.5076,NA
SandFall-Win64-Shipping.exe,32396,0x27E295FDE80,DXGI,0,0,1,Hardware Composed: Independent Flip,24406.7073,NA,14.42520000000000,15.40830000000000,0.26440000000000,4.79170000000000,5.6097,24392.5788,14.3929,14.1285,0.2644,4.2795,14.6407,14.6348,0.0059,-0.1787,24392.5788,NA,NA,NA
SandFall-Win64-Shipping.exe,32396,0x27E295FDE80,DXGI,0,0,1,Hardware Composed: Independent Flip,24423.4042,NA,16.69690000000000,15.22280000000000,0.32300000000000,4.06360000000000,4.1356,24406.9717,16.7555,16.4325,0.3230,4.5273,15.9688,14.5994,1.3694,-0.8299,24406.9717,NA,11.1159,NA
SandFall-Win64-Shipping.exe,32396,0x27E295FDE80,DXGI,0,0,1,Hardware Composed: Independent Flip,24438.7556,NA,15.35140000000000,16.72540000000000,0.34170000000000,4.47340000000000,5.5096,24423.7272,15.3701,15.0284,0.3417,3.7406,15.7612,15.2397,0.5215,0.0301,24423.7272,NA,9.8657,NA
SandFall-Win64-Shipping.exe,32396,0x27E295FDE80,DXGI,0,0,1,Hardware Composed: Independent Flip,24453.7665,NA,15.01090000000000,13.57410000000000,0.40830000000000,4.02410000000000,4.0728,24439.0973,15.0775,14.6692,0.4083,4.1317,14.5616,14.4317,0.1299,1.7960,24439.0973,NA,7.4398,NA
SandFall-Win64-Shipping.exe,32396,0x27E295FDE80,DXGI,0,0,1,Hardware Composed: Independent Flip,24469.5091,NA,15.74260000000000,16.43370000000000,0.28540000000000,4.48300000000000,4.7639,24454.1748,15.6197,15.3343,0.2854,3.6158,16.2015,14.9633,1.2382,-1.3562,24454.1748,NA,9.8697,NA
SandFall-Win64-Shipping.exe,32396,0x27E295FDE80,DXGI,0,0,1,Hardware Composed: Independent Flip,24486.3296,NA,16.82050000000000,17.43130000000000,0.34130000000000,4.19020000000000,5.3747,24469.7945,16.8764,16.5351,0.3413,4.1976,16.5277,14.7466,1.7811,-1.8116,24469.7945,NA,11.3090,NA
SandFall-Win64-Shipping.exe,32396,0x27E295FDE80,DXGI,0,0,1,Hardware Composed: Independent Flip,24500.9230,NA,14.59340000000000,13.45530000000000,0.25870000000000,4.17920000000000,4.2366,24486.6709,14.5108,14.2521,0.2587,3.8489,14.5824,14.5759,0.0065,3.4211,24486.6709,NA,8.7571,NA
SandFall-Win64-Shipping.exe,32396,0x27E295FDE80,DXGI,0,0,1,Hardware Composed: Independent Flip,24518.3377,NA,17.41470000000000,17.45590000000000,0.40920000000000,4.25550000000000,4.2778,24501.1817,17.5652,17.1560,0.4092,3.9205,17.4910,15.4680,2.0230,-2.9451,24501.1817,NA,11.2148,NA
SandFall-Win64-Shipping.exe,32396,0x27E295FDE80,DXGI,0,0,1,Hardware Composed: Independent Flip,24533.6084,NA,15.27070000000000,16.35210000000000,0.27710000000000,4.53360000000000,5.3592,24518.7469,15.1386,14.8615,0.2771,3.8463,15.5488,14.7469,0.8019,1.2131,24518.7469,NA,13.5688,NA
SandFall-Win64-Shipping.exe,32396,0x27E295FDE80,DXGI,0,0,1,Hardware Composed: Independent Flip,24550.3610,NA,16.75260000000000,16.56160000000000,0.31830000000000,5.07230000000000,5.1682,24533.8855,16.7938,16.4755,0.3183,4.2565,17.2913,15.1371,2.1542,-1.4230,24533.8855,NA,14.1285,NA
SandFall-Win64-Shipping.exe,32396,0x27E295FDE80,DXGI,0,0,1,Hardware Composed: Independent Flip,24566.4619,NA,16.10090000000000,16.88190000000000,0.26550000000000,4.58780000000000,5.9492,24550.6793,16.0481,15.7826,0.2655,4.7540,15.6164,14.9327,0.6837,-0.0881,24550.6793,NA,18.0068,NA
SandFall-Win64-Shipping.exe,32396,0x27E295FDE80,DXGI,0,0,1,Hardware Composed: Independent Flip,24581.6240,NA,15.16210000000000,14.32870000000000,0.24680000000000,5.02560000000000,5.1158,24566.7274,15.1434,14.8966,0.2468,4.3223,15.5999,14.9317,0.6682,1.7194,24566.7274,NA,15.3020,NA
SandFall-Win64-Shipping.exe,32396,0x27E295FDE80,DXGI,0,0,1,Hardware Composed: Independent Flip,24595.3421,NA,13.71810000000000,15.19260000000000,0.30120000000000,5.42240000000000,6.5903,24581.8708,13.7725,13.4713,0.3012,4.7788,14.1149,14.1082,0.0067,-0.0492,24581.8708,NA,15.2145,NA
SandFall-Win64-Shipping.exe,32396,0x27E295FDE80,DXGI,0,0,1,Hardware Composed: Independent Flip,24609.2604,NA,13.91830000000000,13.31460000000000,0.27140000000000,5.95930000000000,5.9866,24595.6433,13.8885,13.6171,0.2714,5.1212,14.4552,14.4482,0.0070,0.4579,24595.6433,NA,12.8479,NA
SandFall-Win64-Shipping.exe,32396,0x27E295FDE80,DXGI,0,0,1,Hardware Composed: Independent Flip,24625.0038,NA,15.74340000000000,14.89340000000000,0.35320000000000,4.41550000000000,5.1366,24609.5318,15.8252,15.4720,0.3532,5.6879,14.1996,14.1915,0.0081,-1.0049,24609.5318,NA,13.7426,NA
SandFall-Win64-Shipping.exe,32396,0x27E295FDE80,DXGI,0,0,1,Hardware Composed: Independent Flip,24638.6248,NA,13.62100000000000,14.03900000000000,0.36210000000000,5.45180000000000,5.5546,24625.3570,13.6299,13.2678,0.3621,4.0623,14.6573,14.6513,0.0060,1.7862,24625.3570,NA,10.7822,NA
SandFall-Win64-Shipping.exe,32396,0x27E295FDE80,DXGI,0,0,1,Hardware Composed: Independent Flip,24654.1109,NA,15.48610000000000,14.33490000000000,0.30590000000000,4.37550000000000,4.4034,24638.9869,15.4299,15.1240,0.3059,5.0897,14.4098,14.4021,0.0077,-0.7050,24638.9869,NA,10.1156,NA
SandFall-Win64-Shipping.exe,32396,0x27E295FDE80,DXGI,0,0,1,Hardware Composed: Independent Flip,24669.5816,NA,15.47070000000000,16.37930000000000,0.26050000000000,5.06380000000000,5.3120,24654.4168,15.4253,15.1648,0.2605,4.0696,16.1590,15.3935,0.7655,-0.9494,24654.4168,NA,9.4943,NA
SandFall-Win64-Shipping.exe,32396,0x27E295FDE80,DXGI,0,0,1,Hardware Composed: Independent Flip,24684.4125,NA,14.83090000000000,14.39530000000000,0.42730000000000,4.78750000000000,4.8764,24669.8421,14.9977,14.5704,0.4273,4.8033,14.5546,14.5482,0.0064,1.0300,24669.8421,NA,8.8880,NA
SandFall-Win64-Shipping.exe,32396,0x27E295FDE80,DXGI,0,0,1,Hardware Composed: Independent Flip,24700.7281,NA,16.31560000000000,15.98050000000000,0.28740000000000,4.48790000000000,4.5413,24684.8398,16.1757,15.8883,0.2874,4.3602,16.0160,15.3000,0.7160,-0.9828,24684.8398,NA,8.8678,NA
SandFall-Win64-Shipping.exe,32396,0x27E295FDE80,DXGI,0,0,1,Hardware Composed: Independent Flip,24717.7438,NA,17.01570000000000,17.18660000000000,0.31480000000000,3.97080000000000,4.7122,24701.0155,17.0431,16.7283,0.3148,4.2005,16.4986,14.9364,1.5622,-1.0109,24701.0155,NA,11.0623,NA
SandFall-Win64-Shipping.exe,32396,0x27E295FDE80,DXGI,0,0,1,Hardware Composed: Independent Flip,24732.9512,NA,15.20740000000000,14.87200000000000,0.25550000000000,4.32780000000000,4.3768,24718.0586,15.1481,14.8926,0.2555,3.6560,15.5644,14.9996,0.5648,2.1711,24718.0586,NA,9.9225,NA
SandFall-Win64-Shipping.exe,32396,0x27E295FDE80,DXGI,0,0,1,Hardware Composed: Independent Flip,24748.8017,NA,15.85050000000000,15.95600000000000,0.27420000000000,4.33680000000000,4.4823,24733.2067,15.8692,15.5950,0.2742,4.0723,15.8595,15.1451,0.7144,-0.8079,24733.2067,NA,9.8834,NA
SandFall-Win64-Shipping.exe,32396,0x27E295FDE80,DXGI,0,0,1,Hardware Composed: Independent Flip,24764.4295,NA,15.62780000000000,15.96940000000000,0.32070000000000,4.41210000000000,4.8239,24749.0759,15.6743,15.3536,0.3207,4.0626,15.7031,15.4241,0.2790,-0.1002,24749.0759,NA,10.8544,NA
SandFall-Win64-Shipping.exe,32396,0x27E295FDE80,DXGI,0,0,1,Hardware Composed: Independent Flip,24780.3509,NA,15.92140000000000,15.56170000000000,0.32000000000000,4.40300000000000,4.4642,24764.7502,15.9207,15.6007,0.3200,4.0914,15.9123,14.8872,1.0251,0.1126,24764.7502,NA,11.4115,NA
SandFall-Win64-Shipping.exe,32396,0x27E295FDE80,DXGI,0,0,1,Hardware Composed: Independent Flip,24795.7359,NA,15.38500000000000,14.81780000000000,0.25590000000000,3.71180000000000,3.8970,24780.6709,15.3209,15.0650,0.2559,4.0830,14.6938,14.5709,0.1229,1.1029,24780.6709,NA,9.2302,NA
SandFall-Win64-Shipping.exe,32396,0x27E295FDE80,DXGI,0,0,1,Hardware Composed: Independent Flip,24810.6869,NA,14.95100000000000,15.97000000000000,0.27480000000000,4.84380000000000,4.9160,24795.9918,14.9699,14.6951,0.2748,3.4559,16.0830,15.1437,0.9393,-0.6491,24795.9918,NA,10.1801,NA
SandFall-Win64-Shipping.exe,32396,0x27E295FDE80,DXGI,0,0,1,Hardware Composed: Independent Flip,24827.5077,NA,16.82080000000000,17.25450000000000,0.32680000000000,4.50610000000000,5.3497,24810.9617,16.8728,16.5460,0.3268,4.5690,16.4831,14.7862,1.6969,-2.2846,24810.9617,NA,12.4569,NA
SandFall-Win64-Shipping.exe,32396,0x27E295FDE80,DXGI,0,0,1,Hardware Composed: Independent Flip,24843.3269,NA,15.81920000000000,14.64920000000000,0.26650000000000,4.10890000000000,4.1797,24827.8345,15.7589,15.4924,0.2665,4.1793,15.4220,14.7379,0.6841,2.2236,24827.8345,NA,10.1105,NA
SandFall-Win64-Shipping.exe,32396,0x27E295FDE80,DXGI,0,0,1,Hardware Composed: Independent Flip,24859.7302,NA,16.40330000000000,16.95080000000000,0.24990000000000,4.71100000000000,4.7272,24843.5934,16.3867,16.1368,0.2499,3.8424,17.0054,14.7738,2.2316,-1.1919,24843.5934,NA,12.0527,NA
SandFall-Win64-Shipping.exe,32396,0x27E295FDE80,DXGI,0,0,1,Hardware Composed: Independent Flip,24876.9628,NA,17.23260000000000,17.41830000000000,0.25840000000000,4.37670000000000,4.9129,24859.9801,17.2411,16.9827,0.2584,4.4611,16.8983,14.8650,2.0333,-1.0316,24859.9801,NA,13.4679,NA
SandFall-Win64-Shipping.exe,32396,0x27E295FDE80,DXGI,0,0,1,Hardware Composed: Independent Flip,24891.9519,NA,14.98910000000000,14.96600000000000,0.24380000000000,4.82130000000000,4.8898,24877.2212,14.9745,14.7307,0.2438,4.1183,15.4337,14.6681,0.7656,2.2751,24877.2212,NA,14.4314,NA
SandFall-Win64-Shipping.exe,32396,0x27E295FDE80,DXGI,0,0,1,Hardware Composed: Independent Flip,24908.5802,NA,16.62830000000000,15.98990000000000,0.25560000000000,3.94660000000000,4.2514,24892.1957,16.6401,16.3845,0.2556,4.5775,15.7536,14.2810,1.4726,-1.0154,24892.1957,NA,14.4325,NA
SandFall-Win64-Shipping.exe,32396,0x27E295FDE80,DXGI,0,0,1,Hardware Composed: Independent Flip,24925.4198,NA,16.83960000000000,16.73100000000000,0.26610000000000,3.80330000000000,4.1428,24908.8358,16.8501,16.5840,0.2661,3.6910,16.6963,14.1884,2.5079,-0.0909,24908.8358,NA,16.1602,NA
SandFall-Win64-Shipping.exe,32396,0x27E295FDE80,DXGI,0,0,1,Hardware Composed: Independent Flip,24940.9100,NA,15.49020000000000,15.85300000000000,0.25530000000000,4.44170000000000,4.5056,24925.6859,15.4794,15.2241,0.2553,3.5372,16.1286,14.3896,1.7390,0.9971,24925.6859,NA,16.0181,NA
SandFall-Win64-Shipping.exe,32396,0x27E295FDE80,DXGI,0,0,1,Hardware Composed: Independent Flip,24952.6040,NA,11.69400000000000,13.48210000000000,0.25150000000000,6.21890000000000,6.2937,24941.1653,11.6902,11.4387,0.2515,4.1864,13.4712,13.4657,0.0055,1.9973,24941.1653,NA,13.4969,NA
SandFall-Win64-Shipping.exe,32396,0x27E295FDE80,DXGI,0,0,1,Hardware Composed: Independent Flip,24963.6779,NA,11.07390000000000,13.52750000000000,0.60190000000000,8.55630000000000,8.7473,24952.8555,11.4243,10.8224,0.6019,5.9674,13.4113,13.4068,0.0045,-1.8373,24952.8555,NA,13.0310,NA
SandFall-Win64-Shipping.exe,32396,0x27E295FDE80,DXGI,0,0,1,Hardware Composed: Independent Flip,24979.1485,NA,15.47060000000000,13.37870000000000,0.29840000000000,6.63450000000000,6.6554,24964.2798,15.1671,14.8687,0.2984,7.9544,13.5488,13.5415,0.0073,-1.9544,24964.2798,NA,11.4051,NA
SandFall-Win64-Shipping.exe,32396,0x27E295FDE80,DXGI,0,0,1,Hardware Composed: Independent Flip,24992.5303,NA,13.38180000000000,13.49360000000000,0.41710000000000,6.60300000000000,6.7672,24979.4469,13.5005,13.0834,0.4171,6.3361,13.3503,13.3435,0.0068,1.6735,24979.4469,NA,9.8997,NA
SandFall-Win64-Shipping.exe,32396,0x27E295FDE80,DXGI,0,0,1,Hardware Composed: Independent Flip,25008.0249,NA,15.49460000000000,13.88220000000000,0.31250000000000,5.07720000000000,5.1548,24992.9474,15.3900,15.0775,0.3125,6.1859,13.9688,13.9619,0.0069,-0.3817,24992.9474,NA,11.7830,NA
SandFall-Win64-Shipping.exe,32396,0x27E295FDE80,DXGI,0,0,1,Hardware Composed: Independent Flip,25021.4412,NA,13.41630000000000,13.72190000000000,0.31150000000000,5.35960000000000,5.4604,25008.3374,13.4153,13.1038,0.3115,4.7647,13.6987,13.6915,0.0072,1.6681,25008.3374,NA,9.5013,NA
SandFall-Win64-Shipping.exe,32396,0x27E295FDE80,DXGI,0,0,1,Hardware Composed: Independent Flip,25036.6104,NA,15.16920000000000,14.29350000000000,0.26180000000000,4.51750000000000,4.5847,25021.7527,15.1195,14.8577,0.2618,5.0481,14.3271,14.1873,0.1398,-0.8782,25021.7527,NA,6.7988,NA
SandFall-Win64-Shipping.exe,32396,0x27E295FDE80,DXGI,0,0,1,Hardware Composed: Independent Flip,25051.6327,NA,15.02230000000000,15.16580000000000,0.31980000000000,4.56300000000000,4.7282,25036.8722,15.0803,14.7605,0.3198,4.2557,15.0678,13.9211,1.1467,-0.0463,25036.8722,NA,6.9659,NA
SandFall-Win64-Shipping.exe,32396,0x27E295FDE80,DXGI,0,0,1,Hardware Composed: Independent Flip,25066.8790,NA,15.24630000000000,15.99700000000000,0.29740000000000,5.05950000000000,5.4789,25051.9525,15.2239,14.9265,0.2974,4.2432,15.7428,14.6332,1.1096,-0.9167,25051.9525,NA,6.9646,NA
SandFall-Win64-Shipping.exe,32396,0x27E295FDE80,DXGI,0,0,1,Hardware Composed: Independent Flip,25081.4088,NA,14.52980000000000,13.54580000000000,0.24900000000000,4.45110000000000,4.4949,25067.1764,14.4814,14.2324,0.2490,4.7621,13.9214,13.9145,0.0069,1.6781,25067.1764,NA,5.5109,NA
SandFall-Win64-Shipping.exe,32396,0x27E295FDE80,DXGI,0,0,1,Hardware Composed: Independent Flip,25096.3686,NA,14.95980000000000,15.01580000000000,0.25380000000000,4.48840000000000,4.5509,25081.6578,14.9646,14.7108,0.2538,4.2021,14.9971,13.8971,1.1000,-0.5344,25081.6578,NA,5.5199,NA
SandFall-Win64-Shipping.exe,32396,0x27E295FDE80,DXGI,0,0,1,Hardware Composed: Independent Flip,25111.1718,NA,14.80320000000000,15.85870000000000,0.25190000000000,4.75910000000000,5.6064,25096.6224,14.8013,14.5494,0.2519,4.2346,15.0739,13.9921,1.0818,-0.8941,25096.6224,NA,6.3659,NA
SandFall-Win64-Shipping.exe,32396,0x27E295FDE80,DXGI,0,0,1,Hardware Composed: Independent Flip,25126.8533,NA,15.68150000000000,14.71730000000000,0.27830000000000,4.56800000000000,4.6422,25111.4237,15.7079,15.4296,0.2783,4.5072,15.4904,13.8948,1.5956,0.0840,25111.4237,NA,11.0892,NA
SandFall-Win64-Shipping.exe,32396,0x27E295FDE80,DXGI,0,0,1,Hardware Composed: Independent Flip,25141.3625,NA,14.50920000000000,15.14670000000000,0.25700000000000,4.88610000000000,5.2797,25127.1316,14.4879,14.2309,0.2570,4.2897,14.8273,14.1709,0.6564,0.5612,25127.1316,NA,8.2381,NA
SandFall-Win64-Shipping.exe,32396,0x27E295FDE80,DXGI,0,0,1,Hardware Composed: Independent Flip,25154.8604,NA,13.49790000000000,13.19560000000000,0.29650000000000,4.90810000000000,4.9774,25141.6195,13.5374,13.2409,0.2965,4.6291,13.5199,13.5140,0.0059,1.2923,25141.6195,NA,NA,NA
SandFall-Win64-Shipping.exe,32396,0x27E295FDE80,DXGI,0,0,1,Hardware Composed: Independent Flip,25169.3965,NA,14.53610000000000,14.76850000000000,0.25720000000000,5.01860000000000,5.2098,25155.1569,14.4968,14.2396,0.2572,4.6116,14.6466,14.0341,0.6125,-1.2311,25155.1569,NA,NA,NA
SandFall-Win64-Shipping.exe,32396,0x27E295FDE80,DXGI,0,0,1,Hardware Composed: Independent Flip,25183.4382,NA,14.04170000000000,13.73750000000000,0.27620000000000,4.28490000000000,4.9056,25169.6537,14.0607,13.7845,0.2762,4.7614,13.3080,13.3019,0.0061,0.7593,25169.6537,NA,NA,NA
SandFall-Win64-Shipping.exe,32396,0x27E295FDE80,DXGI,0,0,1,Hardware Composed: Independent Flip,25197.8923,NA,14.45410000000000,13.93660000000000,0.25650000000000,4.36400000000000,4.3881,25183.7144,14.4344,14.1779,0.2565,4.0087,14.5332,13.2786,1.2546,0.1241,25183.7144,NA,26.8043,NA
SandFall-Win64-Shipping.exe,32396,0x27E295FDE80,DXGI,0,0,1,Hardware Composed: Independent Flip,25212.2719,NA,14.37960000000000,14.73570000000000,0.25340000000000,4.06060000000000,4.7442,25198.1488,14.3765,14.1231,0.2534,4.1075,14.0762,12.7767,1.2995,-0.3013,25198.1488,NA,NA,NA
SandFall-Win64-Shipping.exe,32396,0x27E295FDE80,DXGI,0,0,1,Hardware Composed: Independent Flip,25229.3364,NA,17.06450000000000,16.44930000000000,0.28370000000000,4.06590000000000,4.1290,25212.5253,17.0948,16.8111,0.2837,3.8072,17.0698,13.2770,3.7928,-2.0728,25212.5253,NA,7.0672,NA
SandFall-Win64-Shipping.exe,32396,0x27E295FDE80,DXGI,0,0,1,Hardware Composed: Independent Flip,25243.7118,NA,14.37540000000000,15.86950000000000,0.29900000000000,4.09040000000000,5.6231,25229.6201,14.3907,14.0917,0.2990,3.7822,14.3999,13.0324,1.3675,1.2253,25229.6201,NA,NA,NA
SandFall-Win64-Shipping.exe,32396,0x27E295FDE80,DXGI,0,0,1,Hardware Composed: Independent Flip,25258.5670,NA,14.85520000000000,13.29120000000000,0.31950000000000,3.99480000000000,4.0591,25244.0108,14.8757,14.5562,0.3195,3.7914,14.7596,13.0807,1.6789,1.0995,25244.0108,NA,NA,NA
SandFall-Win64-Shipping.exe,32396,0x27E295FDE80,DXGI,0,0,1,Hardware Composed: Independent Flip,25272.6319,NA,14.06490000000000,14.04600000000000,0.27740000000000,3.79090000000000,4.0402,25258.8865,14.0228,13.7454,0.2774,3.6753,13.8610,12.7981,1.0629,0.8297,25258.8865,NA,NA,NA
SandFall-Win64-Shipping.exe,32396,0x27E295FDE80,DXGI,0,0,1,Hardware Composed: Independent Flip,25286.7940,NA,14.16210000000000,13.73850000000000,0.30670000000000,3.55020000000000,3.6166,25272.9093,14.1914,13.8847,0.3067,3.5135,13.9214,12.8621,1.0593,0.2843,25272.9093,NA,NA,NA
SandFall-Win64-Shipping.exe,32396,0x27E295FDE80,DXGI,0,0,1,Hardware Composed: Independent Flip,25300.4605,NA,13.66650000000000,13.74260000000000,0.27000000000000,3.61550000000000,3.6927,25287.1007,13.6298,13.3598,0.2700,3.2435,13.7318,12.8815,0.8503,0.4488,25287.1007,NA,NA,NA
SandFall-Win64-Shipping.exe,32396,0x27E295FDE80,DXGI,0,0,1,Hardware Composed: Independent Flip,25316.3774,NA,15.91690000000000,15.22590000000000,0.27320000000000,2.93510000000000,3.0017,25300.7305,15.9201,15.6469,0.2732,3.3455,15.2365,13.2925,1.9440,-1.5961,25300.7305,NA,NA,NA
SandFall-Win64-Shipping.exe,32396,0x27E295FDE80,DXGI,0,0,1,Hardware Composed: Independent Flip,25330.5808,NA,14.20340000000000,15.82980000000000,0.25180000000000,3.82500000000000,4.6281,25316.6506,14.1820,13.9302,0.2518,2.6619,15.0933,13.1958,1.8975,0.0903,25316.6506,NA,16.7983,NA
SandFall-Win64-Shipping.exe,32396,0x27E295FDE80,DXGI,0,0,1,Hardware Composed: Independent Flip,25345.3394,NA,14.75860000000000,14.20860000000000,0.30640000000000,4.01410000000000,4.0781,25330.8326,14.8132,14.5068,0.3064,3.5732,14.9477,13.1697,1.7780,-0.0266,25330.8326,NA,NA,NA
SandFall-Win64-Shipping.exe,32396,0x27E295FDE80,DXGI,0,0,1,Hardware Composed: Independent Flip,25359.4488,NA,14.10940000000000,14.19830000000000,0.30710000000000,4.14700000000000,4.1670,25345.6458,14.1101,13.8030,0.3071,3.7077,14.2423,13.0856,1.1567,0.6149,25345.6458,NA,23.2101,NA
SandFall-Win64-Shipping.exe,32396,0x27E295FDE80,DXGI,0,0,1,Hardware Composed: Independent Flip,25376.4201,NA,16.97130000000000,16.17790000000000,0.25250000000000,3.33790000000000,3.3736,25359.7559,16.9167,16.6642,0.2525,3.8399,16.1622,13.0560,3.1062,-2.0678,25359.7559,NA,20.3403,NA
SandFall-Win64-Shipping.exe,32396,0x27E295FDE80,DXGI,0,0,1,Hardware Composed: Independent Flip,25386.6176,NA,10.19750000000000,13.06660000000000,0.25440000000000,5.32720000000000,6.2427,25376.6726,10.1994,9.9450,0.2544,3.0854,12.1868,12.1797,0.0071,3.8501,25376.6726,NA,NA,NA
SandFall-Win64-Shipping.exe,32396,0x27E295FDE80,DXGI,0,0,1,Hardware Composed: Independent Flip,25397.3511,NA,10.73350000000000,11.76160000000000,0.33670000000000,7.20780000000000,7.2708,25386.8720,10.8158,10.4791,0.3367,5.0728,12.6141,12.6106,0.0035,-1.5622,25386.8720,NA,18.2188,NA
SandFall-Win64-Shipping.exe,32396,0x27E295FDE80,DXGI,0,0,1,Hardware Composed: Independent Flip,25406.6254,NA,9.27430000000000,12.22960000000000,0.49670000000000,10.01080000000000,10.2261,25397.6878,9.4343,8.9376,0.4967,6.8711,12.0773,12.0727,0.0046,-1.4138,25397.6878,NA,21.4370,NA
SandFall-Win64-Shipping.exe,32396,0x27E295FDE80,DXGI,0,0,1,Hardware Composed: Independent Flip,25423.6484,NA,17.02300000000000,12.10760000000000,0.40120000000000,5.25620000000000,5.3107,25407.1221,16.9275,16.5263,0.4012,9.5141,12.2684,12.2610,0.0074,-2.6733,25407.1221,NA,14.4753,NA
SandFall-Win64-Shipping.exe,32396,0x27E295FDE80,DXGI,0,0,1,Hardware Composed: Independent Flip,25435.9408,NA,12.29240000000000,12.14120000000000,0.30290000000000,5.08940000000000,5.1595,25424.0496,12.1941,11.8912,0.3029,4.8550,12.1256,12.1193,0.0063,4.7863,25424.0496,NA,9.6743,NA
SandFall-Win64-Shipping.exe,32396,0x27E295FDE80,DXGI,0,0,1,Hardware Composed: Independent Flip,25449.3715,NA,13.43070000000000,12.64500000000000,0.47750000000000,4.31670000000000,4.3738,25436.2437,13.6053,13.1278,0.4775,4.7865,12.6580,12.6497,0.0083,-0.4509,25436.2437,NA,NA,NA
SandFall-Win64-Shipping.exe,32396,0x27E295FDE80,DXGI,0,0,1,Hardware Composed: Independent Flip,25464.0756,NA,14.70410000000000,14.31940000000000,0.28940000000000,3.65530000000000,3.9891,25449.8490,14.5160,14.2266,0.2894,3.8392,14.0427,12.7872,1.2555,-0.7141,25449.8490,NA,18.6404,NA
SandFall-Win64-Shipping.exe,32396,0x27E295FDE80,DXGI,0,0,1,Hardware Composed: Independent Flip,25478.8779,NA,14.80230000000000,14.53670000000000,0.29420000000000,3.67550000000000,3.7235,25464.3650,14.8071,14.5129,0.2942,3.3659,14.8225,13.1290,1.6935,-0.0207,25464.3650,NA,16.1966,NA
SandFall-Win64-Shipping.exe,32396,0x27E295FDE80,DXGI,0,0,1,Hardware Composed: Independent Flip,25493.9986,NA,15.12070000000000,15.45530000000000,0.29030000000000,3.61430000000000,4.0581,25479.1721,15.1168,14.8265,0.2903,3.3813,15.0595,12.9813,2.0782,-0.6482,25479.1721,NA,16.6453,NA
SandFall-Win64-Shipping.exe,32396,0x27E295FDE80,DXGI,0,0,1,Hardware Composed: Independent Flip,25511.0895,NA,17.09090000000000,16.67540000000000,0.26580000000000,3.59970000000000,3.6426,25494.2889,17.0664,16.8006,0.2658,3.3240,17.0763,13.1029,3.9734,-1.5586,25494.2889,NA,16.3336,NA
SandFall-Win64-Shipping.exe,32396,0x27E295FDE80,DXGI,0,0,1,Hardware Composed: Independent Flip,25528.6905,NA,17.60100000000000,18.36440000000000,0.25490000000000,3.38110000000000,4.4060,25511.3553,17.5901,17.3352,0.2549,3.3339,17.3824,13.0832,4.2992,-1.2980,25511.3553,NA,18.6556,NA
SandFall-Win64-Shipping.exe,32396,0x27E295FDE80,DXGI,0,0,1,Hardware Composed: Independent Flip,25543.6742,NA,14.98370000000000,14.99930000000000,0.26670000000000,4.36340000000000,4.4216,25528.9454,14.9955,14.7288,0.2667,3.1262,15.9660,13.2980,2.6680,2.5908,25528.9454,NA,20.6923,NA
SandFall-Win64-Shipping.exe,32396,0x27E295FDE80,DXGI,0,0,1,Hardware Composed: Independent Flip,25554.1396,NA,10.46540000000000,12.13220000000000,0.37240000000000,6.02480000000000,6.0884,25543.9409,10.5711,10.1987,0.3724,4.0967,12.1268,12.1181,0.0087,2.8633,25543.9409,NA,16.8298,NA
SandFall-Win64-Shipping.exe,32396,0x27E295FDE80,DXGI,0,0,1,Hardware Composed: Independent Flip,25565.7906,NA,11.65100000000000,12.66000000000000,0.34480000000000,6.37000000000000,7.0974,25554.5120,11.6234,11.2786,0.3448,5.6524,11.9962,11.9900,0.0062,-2.0889,25554.5120,NA,16.4732,NA
SandFall-Win64-Shipping.exe,32396,0x27E295FDE80,DXGI,0,0,1,Hardware Composed: Independent Flip,25576.6937,NA,10.90310000000000,11.57030000000000,0.42790000000000,7.69760000000000,7.7646,25566.1354,10.9862,10.5583,0.4279,6.0252,12.2307,12.2240,0.0067,0.0531,25566.1354,NA,13.0511,NA
SandFall-Win64-Shipping.exe,32396,0x27E295FDE80,DXGI,0,0,1,Hardware Composed: Independent Flip,25590.7655,NA,14.07180000000000,12.55240000000000,0.35030000000000,5.83170000000000,6.2452,25577.1216,13.9942,13.6439,0.3503,7.2697,12.2059,12.2009,0.0050,-1.5662,25577.1216,NA,12.6085,NA
SandFall-Win64-Shipping.exe,32396,0x27E295FDE80,DXGI,0,0,1,Hardware Composed: Independent Flip,25604.6027,NA,13.83720000000000,12.51910000000000,0.30630000000000,4.81940000000000,4.9271,25591.1158,13.7932,13.4869,0.3063,5.4814,12.8249,12.8172,0.0077,1.4751,25591.1158,NA,10.1334,NA
SandFall-Win64-Shipping.exe,32396,0x27E295FDE80,DXGI,0,0,1,Hardware Composed: Independent Flip,25618.2495,NA,13.64680000000000,12.74590000000000,0.35220000000000,3.98930000000000,4.0262,25604.9090,13.6927,13.3405,0.3522,4.5131,12.8167,12.8111,0.0056,1.0473,25604.9090,NA,10.8710,NA
SandFall-Win64-Shipping.exe,32396,0x27E295FDE80,DXGI,0,0,1,Hardware Composed: Independent Flip,25635.1330,NA,16.88350000000000,16.56150000000000,0.25530000000000,3.47490000000000,3.7042,25618.6017,16.7866,16.5313,0.2553,3.6371,16.3691,12.9310,3.4381,-2.8688,25618.6017,NA,14.3998,NA
SandFall-Win64-Shipping.exe,32396,0x27E295FDE80,DXGI,0,0,1,Hardware Composed: Independent Flip,25651.0687,NA,15.93570000000000,16.72650000000000,0.28090000000000,4.42300000000000,4.4950,25635.3883,15.9613,15.6804,0.2809,3.2196,16.8838,13.6249,3.2589,0.0601,25635.3883,NA,16.1590,NA
SandFall-Win64-Shipping.exe,32396,0x27E295FDE80,DXGI,0,0,1,Hardware Composed: Independent Flip,25666.6089,NA,15.54020000000000,15.43500000000000,0.25460000000000,4.15540000000000,4.3898,25651.3496,15.5139,15.2593,0.2546,4.1421,15.2726,13.5035,1.7691,0.5263,25651.3496,NA,21.5953,NA
SandFall-Win64-Shipping.exe,32396,0x27E295FDE80,DXGI,0,0,1,Hardware Composed: Independent Flip,25681.2064,NA,14.59750000000000,14.62380000000000,0.24950000000000,4.36540000000000,4.4161,25666.8635,14.5924,14.3429,0.2495,3.9008,14.8075,13.0048,1.8027,0.8901,25666.8635,NA,18.2266,NA
SandFall-Win64-Shipping.exe,32396,0x27E295FDE80,DXGI,0,0,1,Hardware Composed: Independent Flip,25692.1009,NA,10.89450000000000,11.93230000000000,0.25510000000000,5.43170000000000,5.4539,25681.4559,10.9001,10.6450,0.2551,4.1159,11.9608,11.9528,0.0080,2.6601,25681.4559,NA,15.1489,NA
SandFall-Win64-Shipping.exe,32396,0x27E295FDE80,DXGI,0,0,1,Hardware Composed: Independent Flip,25703.2489,NA,11.14800000000000,12.43870000000000,0.25220000000000,6.55390000000000,6.7446,25692.3560,11.1451,10.8929,0.2522,5.1766,12.2702,12.2666,0.0036,-1.5386,25692.3560,NA,14.5771,NA
SandFall-Win64-Shipping.exe,32396,0x27E295FDE80,DXGI,0,0,1,Hardware Composed: Independent Flip,25712.8630,NA,9.61410000000000,12.08500000000000,0.27400000000000,9.06200000000000,9.2155,25703.5011,9.6359,9.3619,0.2740,6.3017,12.1222,12.1185,0.0037,-0.9399,25703.5011,NA,11.6797,NA
SandFall-Win64-Shipping.exe,32396,0x27E295FDE80,DXGI,0,0,1,Hardware Composed: Independent Flip,25732.2147,NA,19.35170000000000,13.79450000000000,0.26200000000000,3.59000000000000,3.6583,25713.1370,19.3397,19.0777,0.2620,8.7880,13.8797,12.4931,1.3866,-4.1586,25713.1370,NA,11.4700,NA
SandFall-Win64-Shipping.exe,32396,0x27E295FDE80,DXGI,0,0,1,Hardware Composed: Independent Flip,25744.6293,NA,12.41460000000000,13.94270000000000,0.36310000000000,4.13610000000000,5.1864,25732.4767,12.5157,12.1526,0.3631,3.3280,12.9607,12.7737,0.1870,5.3970,25732.4767,NA,13.4018,NA
SandFall-Win64-Shipping.exe,32396,0x27E295FDE80,DXGI,0,0,1,Hardware Composed: Independent Flip,25758.0313,NA,13.40200000000000,12.03660000000000,0.33750000000000,3.75470000000000,3.8210,25744.9924,13.3764,13.0389,0.3375,3.7730,13.0206,12.4099,0.6107,0.4791,25744.9924,NA,14.4537,NA
SandFall-Win64-Shipping.exe,32396,0x27E295FDE80,DXGI,0,0,1,Hardware Composed: Independent Flip,25771.3685,NA,13.33720000000000,13.28720000000000,0.26550000000000,3.68500000000000,3.7710,25758.3688,13.2652,12.9997,0.2655,3.4172,13.2675,12.4109,0.8566,0.0892,25758.3688,NA,9.7335,NA
SandFall-Win64-Shipping.exe,32396,0x27E295FDE80,DXGI,0,0,1,Hardware Composed: Independent Flip,25785.5356,NA,14.16710000000000,13.81630000000000,0.25620000000000,3.40090000000000,3.4202,25771.6340,14.1578,13.9016,0.2562,3.4195,13.8830,12.4240,1.4590,-0.5511,25771.6340,NA,12.5357,NA
SandFall-Win64-Shipping.exe,32396,0x27E295FDE80,DXGI,0,0,1,Hardware Composed: Independent Flip,25802.0843,NA,16.54870000000000,17.48210000000000,0.26620000000000,4.00490000000000,4.3536,25785.7918,16.5587,16.2925,0.2662,3.1447,17.1527,12.6086,4.5441,-3.3243,25785.7918,NA,NA,NA
SandFall-Win64-Shipping.exe,32396,0x27E295FDE80,DXGI,0,0,1,Hardware Composed: Independent Flip,25815.7026,NA,13.61830000000000,13.39500000000000,0.25040000000000,4.01970000000000,4.1303,25802.3505,13.6025,13.3521,0.2504,3.7387,13.6331,12.4969,1.1362,3.1637,25802.3505,NA,14.4307,NA
SandFall-Win64-Shipping.exe,32396,0x27E295FDE80,DXGI,0,0,1,Hardware Composed: Independent Flip,25829.6286,NA,13.92600000000000,14.03290000000000,0.24720000000000,4.18720000000000,4.2372,25815.9530,13.9228,13.6756,0.2472,3.7693,14.0935,12.5266,1.5669,-0.4304,25815.9530,NA,20.4648,NA
SandFall-Win64-Shipping.exe,32396,0x27E295FDE80,DXGI,0,0,1,Hardware Composed: Independent Flip,25840.4068,NA,10.77820000000000,13.46550000000000,0.36520000000000,5.19480000000000,6.9245,25829.8758,10.8962,10.5310,0.3652,3.9400,11.7858,11.7790,0.0068,0.4573,25829.8758,NA,14.9320,NA
SandFall-Win64-Shipping.exe,32396,0x27E295FDE80,DXGI,0,0,1,Hardware Composed: Independent Flip,25850.4548,NA,10.04800000000000,10.03540000000000,0.30360000000000,6.82200000000000,6.9119,25840.7720,9.9864,9.6828,0.3036,4.8296,11.6752,11.6673,0.0079,0.8608,25840.7720,NA,14.9565,NA
SandFall-Win64-Shipping.exe,32396,0x27E295FDE80,DXGI,0,0,1,Hardware Composed: Independent Flip,25864.3931,NA,13.93830000000000,13.41440000000000,0.39130000000000,4.40800000000000,6.3880,25850.7584,14.0260,13.6347,0.3913,6.5184,11.5243,11.5187,0.0056,-3.4280,25850.7584,NA,NA,NA
SandFall-Win64-Shipping.exe,32396,0x27E295FDE80,DXGI,0,0,1,Hardware Composed: Independent Flip,25877.2875,NA,12.89440000000000,10.59250000000000,0.28780000000000,4.02460000000000,4.0861,25864.7844,12.7909,12.5031,0.2878,4.0167,12.5110,12.2084,0.3026,3.4335,25864.7844,NA,NA,NA
SandFall-Win64-Shipping.exe,32396,0x27E295FDE80,DXGI,0,0,1,Hardware Composed: Independent Flip,25891.2135,NA,13.92600000000000,13.30490000000000,0.29230000000000,3.20960000000000,3.4650,25877.5753,13.9305,13.6382,0.2923,3.7368,13.1110,12.2414,0.8696,-0.5140,25877.5753,NA,NA,NA
SandFall-Win64-Shipping.exe,32396,0x27E295FDE80,DXGI,0,0,1,Hardware Composed: Independent Flip,25905.2976,NA,14.08410000000000,14.80510000000000,0.25800000000000,3.03680000000000,4.1860,25891.5058,14.0498,13.7918,0.2580,2.9173,13.9113,12.1342,1.7771,-0.8746,25891.5058,NA,23.0492,NA
SandFall-Win64-Shipping.exe,32396,0x27E295FDE80,DXGI,0,0,1,Hardware Composed: Independent Flip,25920.6434,NA,15.34580000000000,14.96070000000000,0.26400000000000,3.78080000000000,3.8009,25905.5556,15.3518,15.0878,0.2640,2.7788,16.0898,12.5740,3.5158,-0.9109,25905.5556,NA,NA,NA
SandFall-Win64-Shipping.exe,32396,0x27E295FDE80,DXGI,0,0,1,Hardware Composed: Independent Flip,25934.6898,NA,14.04640000000000,15.27780000000000,0.25630000000000,3.82440000000000,5.0323,25920.9074,14.0387,13.7824,0.2563,3.5168,14.0900,12.3190,1.7710,0.0740,25920.9074,NA,NA,NA
SandFall-Win64-Shipping.exe,32396,0x27E295FDE80,DXGI,0,0,1,Hardware Composed: Independent Flip,25948.4951,NA,13.80530000000000,13.02300000000000,0.25010000000000,4.20440000000000,4.2500,25934.9461,13.7991,13.5490,0.2501,3.5681,14.1853,12.4111,1.7742,1.0157,25934.9461,NA,NA,NA
SandFall-Win64-Shipping.exe,32396,0x27E295FDE80,DXGI,0,0,1,Hardware Composed: Independent Flip,25958.7360,NA,10.24090000000000,11.38420000000000,0.24610000000000,5.29810000000000,5.3933,25948.7452,10.2369,9.9908,0.2461,3.9543,11.3346,11.3273,0.0073,2.4149,25948.7452,NA,24.7090,NA
SandFall-Win64-Shipping.exe,32396,0x27E295FDE80,DXGI,0,0,1,Hardware Composed: Independent Flip,25968.9797,NA,10.24370000000000,11.63500000000000,0.33830000000000,6.73090000000000,6.7846,25958.9821,10.3359,9.9976,0.3383,5.0520,11.6765,11.6706,0.0059,-1.3981,25958.9821,NA,NA,NA
SandFall-Win64-Shipping.exe,32396,0x27E295FDE80,DXGI,0,0,1,Hardware Composed: Independent Flip,25981.8863,NA,12.90660000000000,11.45650000000000,0.30930000000000,5.14210000000000,5.3345,25969.3180,12.8776,12.5683,0.3093,6.3926,11.3178,11.3137,0.0041,-1.1206,25969.3180,NA,NA,NA
SandFall-Win64-Shipping.exe,32396,0x27E295FDE80,DXGI,0,0,1,Hardware Composed: Independent Flip,25995.7401,NA,13.85380000000000,12.39210000000000,0.31940000000000,3.80930000000000,3.8728,25982.1956,13.8639,13.5445,0.3194,4.8328,12.5210,12.0989,0.4221,0.4855,25982.1956,NA,NA,NA
SandFall-Win64-Shipping.exe,32396,0x27E295FDE80,DXGI,0,0,1,Hardware Composed: Independent Flip,26009.1748,NA,13.43470000000000,13.48750000000000,0.28890000000000,3.30600000000000,3.9256,25996.0595,13.4042,13.1153,0.2889,3.4899,12.9314,12.1351,0.7963,0.3764,25996.0595,NA,NA,NA
SandFall-Win64-Shipping.exe,32396,0x27E295FDE80,DXGI,0,0,1,Hardware Composed: Independent Flip,26023.4041,NA,14.22930000000000,13.55930000000000,0.37930000000000,3.18900000000000,3.2556,26009.4637,14.3197,13.9404,0.3793,3.0171,14.1123,12.4122,1.7001,-0.1551,26009.4637,NA,10.2483,NA
SandFall-Win64-Shipping.exe,32396,0x27E295FDE80,DXGI,0,0,1,Hardware Composed: Independent Flip,26037.1054,NA,13.70130000000000,14.43750000000000,0.33130000000000,3.36550000000000,3.9918,26023.7834,13.6533,13.3220,0.3313,2.8097,13.8778,12.1496,1.7282,-0.1178,26023.7834,NA,10.6974,NA
SandFall-Win64-Shipping.exe,32396,0x27E295FDE80,DXGI,0,0,1,Hardware Composed: Independent Flip,26050.8732,NA,13.76780000000000,13.22250000000000,0.25460000000000,3.37980000000000,3.4465,26037.4367,13.6911,13.4365,0.2546,3.0342,13.7821,12.2881,1.4940,0.4308,26037.4367,NA,12.8962,NA
SandFall-Win64-Shipping.exe,32396,0x27E295FDE80,DXGI,0,0,1,Hardware Composed: Independent Flip,26066.7231,NA,15.84990000000000,15.77100000000000,0.24580000000000,3.29170000000000,3.3676,26051.1278,15.8411,15.5953,0.2458,3.1252,15.7618,12.2049,3.5569,-2.0799,26051.1278,NA,20.6802,NA
SandFall-Win64-Shipping.exe,32396,0x27E295FDE80,DXGI,0,0,1,Hardware Composed: Independent Flip,26081.4661,NA,14.74300000000000,14.59490000000000,0.36750000000000,3.17100000000000,3.2195,26066.9689,14.8647,14.4972,0.3675,3.0459,14.6223,12.6470,1.9753,1.2462,26066.9689,NA,17.2892,NA
SandFall-Win64-Shipping.exe,32396,0x27E295FDE80,DXGI,0,0,1,Hardware Composed: Independent Flip,26095.0003,NA,13.53420000000000,14.05680000000000,0.33830000000000,3.68930000000000,3.7421,26081.8336,13.5050,13.1667,0.3383,2.8035,14.0525,12.2436,1.8089,0.8079,26081.8336,NA,22.3343,NA
SandFall-Win64-Shipping.exe,32396,0x27E295FDE80,DXGI,0,0,1,Hardware Composed: Independent Flip,26108.2499,NA,13.24960000000000,14.21050000000000,0.28910000000000,4.08830000000000,4.7030,26095.3386,13.2004,12.9113,0.2891,3.3510,13.6486,12.1467,1.5019,-0.7055,26095.3386,NA,19.5474,NA
SandFall-Win64-Shipping.exe,32396,0x27E295FDE80,DXGI,0,0,1,Hardware Composed: Independent Flip,26121.8033,NA,13.55340000000000,13.29070000000000,0.26150000000000,4.35910000000000,4.4403,26108.5390,13.5258,13.2643,0.2615,3.7992,13.8242,12.4755,1.3487,-0.0903,26108.5390,NA,25.8174,NA
SandFall-Win64-Shipping.exe,32396,0x27E295FDE80,DXGI,0,0,1,Hardware Composed: Independent Flip,26135.0419,NA,13.23860000000000,12.80390000000000,0.41410000000000,3.53280000000000,4.0056,26122.0648,13.3912,12.9771,0.4141,4.0976,12.4123,12.3154,0.0969,0.7219,26122.0648,NA,25.6236,NA
SandFall-Win64-Shipping.exe,32396,0x27E295FDE80,DXGI,0,0,1,Hardware Composed: Independent Flip,26145.2720,NA,10.23010000000000,11.45430000000000,0.30250000000000,5.16210000000000,5.2298,26135.4560,10.1185,9.8160,0.3025,3.1187,11.8594,11.8536,0.0058,1.9369,26135.4560,NA,18.0944,NA
SandFall-Win64-Shipping.exe,32396,0x27E295FDE80,DXGI,0,0,1,Hardware Composed: Independent Flip,26156.0057,NA,10.73370000000000,12.19100000000000,0.39950000000000,6.01760000000000,6.6871,26145.5745,10.8307,10.4312,0.3995,4.8596,11.5892,11.5832,0.0060,-2.0725,26145.5745,NA,18.2826,NA
SandFall-Win64-Shipping.exe,32396,0x27E295FDE80,DXGI,0,0,1,Hardware Composed: Independent Flip,26165.9297,NA,9.92400000000000,10.68180000000000,0.33730000000000,7.40840000000000,7.4449,26156.4052,9.8618,9.5245,0.3373,5.6181,11.3148,11.3110,0.0038,0.1489,26156.4052,NA,12.9668,NA
SandFall-Win64-Shipping.exe,32396,0x27E295FDE80,DXGI,0,0,1,Hardware Composed: Independent Flip,26179.1365,NA,13.20680000000000,11.86590000000000,0.39240000000000,5.80430000000000,6.1040,26166.2670,13.2619,12.8695,0.3924,7.0711,11.6027,11.5954,0.0073,-2.0041,26166.2670,NA,12.8432,NA
SandFall-Win64-Shipping.exe,32396,0x27E295FDE80,DXGI,0,0,1,Hardware Composed: Independent Flip,26193.3953,NA,14.25880000000000,11.74920000000000,0.39040000000000,3.25440000000000,3.5944,26179.5289,14.2568,13.8664,0.3904,5.4119,11.7089,11.7025,0.0064,1.5127,26179.5289,NA,9.5951,NA
SandFall-Win64-Shipping.exe,32396,0x27E295FDE80,DXGI,0,0,1,Hardware Composed: Independent Flip,26210.0120,NA,16.61670000000000,16.44370000000000,0.27530000000000,3.36960000000000,3.4214,26193.7857,16.5016,16.2263,0.2753,2.8640,16.7319,12.7497,3.9822,-2.1869,26193.7857,NA,14.0293,NA
SandFall-Win64-Shipping.exe,32396,0x27E295FDE80,DXGI,0,0,1,Hardware Composed: Independent Flip,26225.0708,NA,15.05880000000000,17.57150000000000,0.26190000000000,3.22620000000000,5.9341,26210.2873,15.0454,14.7835,0.2619,3.0943,14.9154,12.4653,2.4501,-1.0699,26210.2873,NA,16.5815,NA
SandFall-Win64-Shipping.exe,32396,0x27E295FDE80,DXGI,0,0,1,Hardware Composed: Independent Flip,26238.5217,NA,13.45090000000000,11.55370000000000,0.25970000000000,3.96270000000000,4.0369,26225.3327,13.4487,13.1890,0.2597,2.9643,14.1874,12.4755,1.7119,3.4917,26225.3327,NA,16.1552,NA
SandFall-Win64-Shipping.exe,32396,0x27E295FDE80,DXGI,0,0,1,Hardware Composed: Independent Flip,26249.2798,NA,10.75810000000000,11.72310000000000,0.25220000000000,4.93900000000000,5.0019,26238.7814,10.7506,10.4984,0.2522,3.7030,11.7344,11.7255,0.0089,1.7256,26238.7814,NA,13.8728,NA
SandFall-Win64-Shipping.exe,32396,0x27E295FDE80,DXGI,0,0,1,Hardware Composed: Independent Flip,26260.1474,NA,10.86760000000000,11.77340000000000,0.28520000000000,5.50370000000000,5.9077,26249.5320,10.9006,10.6154,0.2852,4.6868,11.4323,11.4270,0.0053,-1.0228,26249.5320,NA,12.6392,NA
SandFall-Win64-Shipping.exe,32396,0x27E295FDE80,DXGI,0,0,1,Hardware Composed: Independent Flip,26270.1282,NA,9.98080000000000,11.02870000000000,0.28790000000000,6.88010000000000,6.9556,26260.4326,9.9835,9.6956,0.2879,5.2185,11.3572,11.3500,0.0072,-0.1281,26260.4326,NA,11.6843,NA
SandFall-Win64-Shipping.exe,32396,0x27E295FDE80,DXGI,0,0,1,Hardware Composed: Independent Flip,26283.3807,NA,13.25250000000000,11.68690000000000,0.32030000000000,5.03560000000000,5.3900,26270.4161,13.2849,12.9646,0.3203,6.5922,11.4080,11.4012,0.0068,-1.7034,26270.4161,NA,11.3615,NA
SandFall-Win64-Shipping.exe,32396,0x27E295FDE80,DXGI,0,0,1,Hardware Composed: Independent Flip,26296.5089,NA,13.12820000000000,11.53530000000000,0.31440000000000,3.76400000000000,3.7971,26283.7010,13.1223,12.8079,0.3144,4.7153,11.8566,11.8492,0.0074,1.7496,26283.7010,NA,8.9005,NA
SandFall-Win64-Shipping.exe,32396,0x27E295FDE80,DXGI,0,0,1,Hardware Composed: Independent Flip,26315.9088,NA,19.39990000000000,18.62720000000000,0.27390000000000,2.95870000000000,3.0244,26296.8233,19.3594,19.0855,0.2739,3.4496,18.5946,12.6018,5.9928,-5.5049,26296.8233,NA,19.5261,NA
SandFall-Win64-Shipping.exe,32396,0x27E295FDE80,DXGI,0,0,1,Hardware Composed: Independent Flip,26332.1280,NA,16.21920000000000,20.12250000000000,0.25380000000000,3.90330000000000,6.9277,26316.1827,16.1991,15.9453,0.2538,2.6848,17.1638,12.8755,4.2883,-0.7631,26316.1827,NA,19.6534,NA
SandFall-Win64-Shipping.exe,32396,0x27E295FDE80,DXGI,0,0,1,Hardware Composed: Independent Flip,26347.6051,NA,15.47710000000000,12.70950000000000,0.25350000000000,4.04440000000000,4.1601,26332.3818,15.4768,15.2233,0.2535,3.6495,15.6182,12.6279,2.9903,3.4896,26332.3818,NA,20.3659,NA
SandFall-Win64-Shipping.exe,32396,0x27E295FDE80,DXGI,0,0,1,Hardware Composed: Independent Flip,26358.3763,NA,10.77120000000000,12.02200000000000,0.25220000000000,5.21850000000000,5.4109,26347.8586,10.7699,10.5177,0.2522,3.7909,11.9453,11.9392,0.0061,3.4548,26347.8586,NA,20.3803,NA
SandFall-Win64-Shipping.exe,32396,0x27E295FDE80,DXGI,0,0,1,Hardware Composed: Independent Flip,26373.3080,NA,14.93170000000000,13.37230000000000,0.25460000000000,3.56970000000000,3.8515,26358.6285,14.9341,14.6795,0.2546,4.9663,13.2829,11.6947,1.5882,-2.6024,26358.6285,NA,NA,NA
SandFall-Win64-Shipping.exe,32396,0x27E295FDE80,DXGI,0,0,1,Hardware Composed: Independent Flip,26384.2127,NA,10.90470000000000,12.12490000000000,0.29060000000000,4.52040000000000,5.0717,26373.5626,10.9407,10.6501,0.2906,3.3151,11.8554,11.8470,0.0084,2.8092,26373.5626,NA,25.8668,NA
SandFall-Win64-Shipping.exe,32396,0x27E295FDE80,DXGI,0,0,1,Hardware Composed: Independent Flip,26394.8282,NA,10.61550000000000,10.88150000000000,0.31340000000000,5.31240000000000,5.3377,26384.5033,10.6383,10.3249,0.3134,4.2298,11.4075,11.4014,0.0061,0.0592,26384.5033,NA,14.7630,NA
SandFall-Win64-Shipping.exe,32396,0x27E295FDE80,DXGI,0,0,1,Hardware Composed: Independent Flip,26405.8588,NA,11.03060000000000,11.41800000000000,0.52880000000000,5.65450000000000,5.7251,26395.1416,11.2460,10.7172,0.5288,4.9990,11.3727,11.3646,0.0081,-0.7797,26395.1416,NA,NA,NA
SandFall-Win64-Shipping.exe,32396,0x27E295FDE80,DXGI,0,0,1,Hardware Composed: Independent Flip,26418.6522,NA,12.79340000000000,11.61330000000000,0.29540000000000,4.44620000000000,4.5450,26406.3876,12.5600,12.2646,0.2954,5.1257,11.5851,11.5790,0.0061,-0.3673,26406.3876,NA,NA,NA
SandFall-Win64-Shipping.exe,32396,0x27E295FDE80,DXGI,0,0,1,Hardware Composed: Independent Flip,26434.7896,NA,16.13740000000000,15.04950000000000,0.27130000000000,3.40770000000000,3.4571,26418.9476,16.1133,15.8420,0.2713,4.1508,15.0989,12.2130,2.8859,-2.4895,26418.9476,NA,NA,NA
SandFall-Win64-Shipping.exe,32396,0x27E295FDE80,DXGI,0,0,1,Hardware Composed: Independent Flip,26447.7103,NA,12.92070000000000,13.21080000000000,0.25390000000000,3.72250000000000,3.7472,26435.0609,12.9033,12.6494,0.2539,3.1364,13.2355,12.1297,1.1058,2.9025,26435.0609,NA,NA,NA
SandFall-Win64-Shipping.exe,32396,0x27E295FDE80,DXGI,0,0,1,Hardware Composed: Independent Flip,26460.6299,NA,12.91960000000000,12.99410000000000,0.24420000000000,3.77580000000000,3.8217,26447.9642,12.9099,12.6657,0.2442,3.4686,12.9729,12.0808,0.8921,-0.0908,26447.9642,NA,13.0436,NA
SandFall-Win64-Shipping.exe,32396,0x27E295FDE80,DXGI,0,0,1,Hardware Composed: Independent Flip,26470.5199,NA,9.89000000000000,12.13790000000000,0.30000000000000,5.21470000000000,6.0696,26460.8741,9.9458,9.6458,0.3000,3.5316,11.3289,11.3212,0.0077,0.7720,26460.8741,NA,15.1902,NA
SandFall-Win64-Shipping.exe,32396,0x27E295FDE80,DXGI,0,0,1,Hardware Composed: Independent Flip,26482.4484,NA,11.92850000000000,10.11870000000000,0.31070000000000,4.24170000000000,4.2598,26470.8199,11.9392,11.6285,0.3107,4.9147,10.9555,10.9497,0.0058,-0.1729,26470.8199,NA,14.3019,NA
SandFall-Win64-Shipping.exe,32396,0x27E295FDE80,DXGI,0,0,1,Hardware Composed: Independent Flip,26495.3691,NA,12.92070000000000,13.96990000000000,0.26560000000000,4.01450000000000,5.3090,26482.7591,12.8756,12.6100,0.2656,3.9310,12.6935,12.2359,0.4576,-2.0307,26482.7591,NA,18.2708,NA
SandFall-Win64-Shipping.exe,32396,0x27E295FDE80,DXGI,0,0,1,Hardware Composed: Independent Flip,26510.2535,NA,14.88440000000000,13.25580000000000,0.24700000000000,3.00560000000000,3.6804,26495.6347,14.8658,14.6188,0.2470,3.7489,13.8755,11.9487,1.9268,-0.3802,26495.6347,NA,9.5356,NA
SandFall-Win64-Shipping.exe,32396,0x27E295FDE80,DXGI,0,0,1,Hardware Composed: Independent Flip,26524.7492,NA,14.49570000000000,14.24100000000000,0.25780000000000,3.36020000000000,3.4257,26510.5005,14.5065,14.2487,0.2578,2.7586,14.8503,12.1834,2.6669,0.6248,26510.5005,NA,16.7738,NA
SandFall-Win64-Shipping.exe,32396,0x27E295FDE80,DXGI,0,0,1,Hardware Composed: Independent Flip,26540.4252,NA,15.67600000000000,16.59940000000000,0.24780000000000,3.15670000000000,4.3491,26525.0070,15.6660,15.4182,0.2478,3.1024,15.4725,12.0510,3.4215,-2.0929,26525.0070,NA,NA,NA
SandFall-Win64-Shipping.exe,32396,0x27E295FDE80,DXGI,0,0,1,Hardware Composed: Independent Flip,26555.1115,NA,14.68630000000000,14.27350000000000,0.25890000000000,3.87030000000000,3.9363,26540.6730,14.6974,14.4385,0.2589,2.9089,15.3999,12.4043,2.9956,1.3925,26540.6730,NA,NA,NA
SandFall-Win64-Shipping.exe,32396,0x27E295FDE80,DXGI,0,0,1,Hardware Composed: Independent Flip,26565.9852,NA,10.87370000000000,11.61000000000000,0.27550000000000,4.63680000000000,4.6726,26555.3704,10.8903,10.6148,0.2755,3.6114,11.6402,11.6334,0.0068,3.0874,26555.3704,NA,NA,NA
SandFall-Win64-Shipping.exe,32396,0x27E295FDE80,DXGI,0,0,1,Hardware Composed: Independent Flip,26578.2720,NA,12.28680000000000,11.87960000000000,0.24640000000000,4.14980000000000,4.2654,26566.2607,12.2577,12.0113,0.2464,4.3613,11.7998,11.7952,0.0046,-0.9893,26566.2607,NA,NA,NA
SandFall-Win64-Shipping.exe,32396,0x27E295FDE80,DXGI,0,0,1,Hardware Composed: Independent Flip,26589.8644,NA,11.59240000000000,11.88160000000000,0.26050000000000,4.47520000000000,4.5546,26578.5184,11.6065,11.3460,0.2605,3.9034,11.9178,11.9127,0.0051,0.3761,26578.5184,NA,19.9974,NA
SandFall-Win64-Shipping.exe,32396,0x27E295FDE80,DXGI,0,0,1,Hardware Composed: Independent Flip,26600.3027,NA,10.43830000000000,11.00540000000000,0.29370000000000,5.05550000000000,5.1217,26590.1249,10.4715,10.1778,0.2937,4.2147,11.0186,11.0116,0.0070,0.6011,26590.1249,NA,12.0208,NA
SandFall-Win64-Shipping.exe,32396,0x27E295FDE80,DXGI,0,0,1,Hardware Composed: Independent Flip,26610.2279,NA,9.92520000000000,11.03030000000000,0.34960000000000,6.16250000000000,6.2268,26600.5964,9.9811,9.6315,0.3496,4.7618,11.0322,11.0223,0.0099,-0.5588,26600.5964,NA,11.9773,NA
SandFall-Win64-Shipping.exe,32396,0x27E295FDE80,DXGI,0,0,1,Hardware Composed: Independent Flip,26624.0204,NA,13.79250000000000,11.67280000000000,0.35590000000000,3.73840000000000,4.1071,26610.5775,13.7988,13.4429,0.3559,5.8129,11.3684,11.3622,0.0062,-1.6917,26610.5775,NA,17.7165,NA
SandFall-Win64-Shipping.exe,32396,0x27E295FDE80,DXGI,0,0,1,Hardware Composed: Independent Flip,26636.6575,NA,12.63710000000000,12.24740000000000,0.48850000000000,3.65220000000000,3.7174,26624.3763,12.7697,12.2812,0.4885,3.3825,12.5509,11.8827,0.6682,1.5514,26624.3763,NA,15.9625,NA
SandFall-Win64-Shipping.exe,32396,0x27E295FDE80,DXGI,0,0,1,Hardware Composed: Independent Flip,26650.0682,NA,13.41070000000000,13.18760000000000,0.29240000000000,3.42590000000000,3.4943,26637.1460,13.2146,12.9222,0.2924,3.1637,13.1844,12.0741,1.1103,-0.4179,26637.1460,NA,12.1382,NA
SandFall-Win64-Shipping.exe,32396,0x27E295FDE80,DXGI,0,0,1,Hardware Composed: Independent Flip,26664.1431,NA,14.07490000000000,14.55520000000000,0.28030000000000,3.54230000000000,3.9746,26650.3606,14.0628,13.7825,0.2803,3.1335,14.1913,12.3345,1.8568,-1.3406,26650.3606,NA,NA,NA
SandFall-Win64-Shipping.exe,32396,0x27E295FDE80,DXGI,0,0,1,Hardware Composed: Independent Flip,26678.7318,NA,14.58870000000000,14.20140000000000,0.26100000000000,3.56420000000000,3.5873,26664.4234,14.5694,14.3084,0.2610,3.2620,14.6106,12.3063,2.3043,-0.1386,26664.4234,NA,NA,NA
SandFall-Win64-Shipping.exe,32396,0x27E295FDE80,DXGI,0,0,1,Hardware Composed: Independent Flip,26693.2046,NA,14.47280000000000,14.77070000000000,0.26090000000000,3.63910000000000,3.8852,26678.9928,14.4727,14.2118,0.2609,3.3032,14.5477,11.7473,2.8004,-0.2013,26678.9928,NA,21.6819,NA
SandFall-Win64-Shipping.exe,32396,0x27E295FDE80,DXGI,0,0,1,Hardware Composed: Independent Flip,26707.0489,NA,13.84430000000000,13.76920000000000,0.25740000000000,3.73900000000000,3.8101,26693.4655,13.8408,13.5834,0.2574,3.3782,13.9442,11.8178,2.1264,0.7035,26693.4655,NA,17.4556,NA
SandFall-Win64-Shipping.exe,32396,0x27E295FDE80,DXGI,0,0,1,Hardware Composed: Independent Flip,26719.9952,NA,12.94630000000000,13.11130000000000,0.24630000000000,3.90910000000000,3.9751,26707.3063,12.9352,12.6889,0.2463,3.4816,13.1164,11.8320,1.2844,0.7295,26707.3063,NA,17.5710,NA
SandFall-Win64-Shipping.exe,32396,0x27E295FDE80,DXGI,0,0,1,Hardware Composed: Independent Flip,26731.8084,NA,11.81320000000000,11.91490000000000,0.28750000000000,3.77590000000000,4.0768,26720.2415,11.8544,11.5669,0.2875,3.6628,11.6800,11.6743,0.0057,1.0203,26720.2415,NA,17.4803,NA
SandFall-Win64-Shipping.exe,32396,0x27E295FDE80,DXGI,0,0,1,Hardware Composed: Independent Flip,26743.9476,NA,12.13920000000000,11.80010000000000,0.27700000000000,3.70170000000000,3.7377,26732.0959,12.1287,11.8517,0.2770,3.4884,12.0650,11.8592,0.2058,0.0543,26732.0959,NA,14.2746,NA
SandFall-Win64-Shipping.exe,32396,0x27E295FDE80,DXGI,0,0,1,Hardware Composed: Independent Flip,26755.0064,NA,11.05880000000000,12.54190000000000,0.25610000000000,4.37940000000000,5.2208,26744.2246,11.0379,10.7818,0.2561,3.4247,11.7365,11.7312,0.0053,-0.4132,26744.2246,NA,15.8207,NA
SandFall-Win64-Shipping.exe,32396,0x27E295FDE80,DXGI,0,0,1,Hardware Composed: Independent Flip,26764.9320,NA,9.92560000000000,10.13940000000000,0.39180000000000,5.40000000000000,5.4346,26755.2625,10.0613,9.6695,0.3918,4.1233,10.9462,10.9416,0.0046,0.8985,26755.2625,NA,13.9649,NA
SandFall-Win64-Shipping.exe,32396,0x27E295FDE80,DXGI,0,0,1,Hardware Composed: Independent Flip,26774.9002,NA,9.96820000000000,11.64350000000000,0.55880000000000,6.71950000000000,7.1099,26765.3238,10.1352,9.5764,0.5588,5.0082,11.2877,11.2825,0.0052,-1.5822,26765.3238,NA,14.6059,NA
SandFall-Win64-Shipping.exe,32396,0x27E295FDE80,DXGI,0,0,1,Hardware Composed: Independent Flip,26790.9314,NA,16.03120000000000,12.68090000000000,0.26690000000000,3.40570000000000,3.7596,26775.4590,15.7393,15.4724,0.2669,6.1607,12.7174,12.4031,0.3143,-2.5457,26775.4590,NA,12.2909,NA
SandFall-Win64-Shipping.exe,32396,0x27E295FDE80,DXGI,0,0,1,Hardware Composed: Independent Flip,26806.0596,NA,15.12820000000000,15.41130000000000,0.41650000000000,4.02360000000000,4.0427,26791.1983,15.2778,14.8613,0.4165,3.1388,15.7461,12.4353,3.3108,0.3280,26791.1983,NA,16.6921,NA
SandFall-Win64-Shipping.exe,32396,0x27E295FDE80,DXGI,0,0,1,Hardware Composed: Independent Flip,26820.5831,NA,14.52350000000000,16.04600000000000,0.24830000000000,3.78340000000000,5.5652,26806.4761,14.3553,14.1070,0.2483,3.6071,14.2833,11.9605,2.3228,-0.7682,26806.4761,NA,20.7454,NA
SandFall-Win64-Shipping.exe,32396,0x27E295FDE80,DXGI,0,0,1,Hardware Composed: Independent Flip,26835.1520,NA,14.56890000000000,12.91160000000000,0.25200000000000,3.83320000000000,3.9079,26820.8314,14.5726,14.3206,0.2520,3.5351,14.6187,12.3713,2.2474,1.4437,26820.8314,NA,18.6613,NA
SandFall-Win64-Shipping.exe,32396,0x27E295FDE80,DXGI,0,0,1,Hardware Composed: Independent Flip,26846.4039,NA,11.25190000000000,11.84500000000000,0.31060000000000,4.34120000000000,4.5010,26835.4040,11.3105,10.9999,0.3106,3.5812,11.7599,11.7542,0.0057,2.7276,26835.4040,NA,14.4975,NA
SandFall-Win64-Shipping.exe,32396,0x27E295FDE80,DXGI,0,0,1,Hardware Composed: Independent Flip,26857.0332,NA,10.62930000000000,11.21460000000000,0.25750000000000,4.98910000000000,5.0863,26846.7145,10.5762,10.3187,0.2575,4.0306,11.2772,11.2703,0.0069,0.0959,26846.7145,NA,13.7174,NA
SandFall-Win64-Shipping.exe,32396,0x27E295FDE80,DXGI,0,0,1,Hardware Composed: Independent Flip,26867.2328,NA,10.19960000000000,11.20860000000000,0.78640000000000,6.02370000000000,6.0953,26857.2907,10.7285,9.9421,0.7864,4.7316,11.2342,11.2290,0.0052,-0.6324,26857.2907,NA,11.8392,NA
SandFall-Win64-Shipping.exe,32396,0x27E295FDE80,DXGI,0,0,1,Hardware Composed: Independent Flip,26878.1871,NA,10.95430000000000,11.74820000000000,0.28810000000000,6.70110000000000,6.8892,26868.0192,10.4560,10.1679,0.2881,5.2373,11.6317,11.6249,0.0068,-1.0197,26868.0192,NA,10.6768,NA
SandFall-Win64-Shipping.exe,32396,0x27E295FDE80,DXGI,0,0,1,Hardware Composed: Independent Flip,26891.5424,NA,13.35530000000000,11.21220000000000,0.27700000000000,4.63920000000000,4.7461,26878.4752,13.3442,13.0672,0.2770,6.4130,11.2934,11.2883,0.0051,-0.7562,26878.4752,NA,10.8914,NA
SandFall-Win64-Shipping.exe,32396,0x27E295FDE80,DXGI,0,0,1,Hardware Composed: Independent Flip,26904.5323,NA,12.98990000000000,11.99470000000000,0.37730000000000,3.68350000000000,3.7509,26891.8194,13.0902,12.7129,0.3773,4.3622,12.0342,11.9340,0.1002,1.3495,26891.8194,NA,7.8729,NA
SandFall-Win64-Shipping.exe,32396,0x27E295FDE80,DXGI,0,0,1,Hardware Composed: Independent Flip,26919.0123,NA,14.48000000000000,14.43810000000000,0.29990000000000,3.20460000000000,3.7090,26904.9096,14.4026,14.1027,0.2999,3.3062,14.0011,12.1522,1.8489,-1.3479,26904.9096,NA,18.3173,NA
SandFall-Win64-Shipping.exe,32396,0x27E295FDE80,DXGI,0,0,1,Hardware Composed: Independent Flip,26932.7840,NA,13.77170000000000,13.64120000000000,0.25750000000000,3.51590000000000,3.5785,26919.3122,13.7293,13.4718,0.2575,2.9047,14.0830,12.1491,1.9339,0.7614,26919.3122,NA,19.9576,NA
SandFall-Win64-Shipping.exe,32396,0x27E295FDE80,DXGI,0,0,1,Hardware Composed: Independent Flip,26946.4034,NA,13.61940000000000,13.39690000000000,0.25870000000000,3.26850000000000,3.3560,26933.0415,13.6206,13.3619,0.2587,3.2584,13.3720,12.0759,1.2961,0.3324,26933.0415,NA,17.3547,NA
SandFall-Win64-Shipping.exe,32396,0x27E295FDE80,DXGI,0,0,1,Hardware Composed: Independent Flip,26960.4780,NA,14.07460000000000,14.09290000000000,0.25210000000000,3.30680000000000,3.3743,26946.6621,14.0680,13.8159,0.2521,3.0098,14.1129,12.0566,2.0563,-0.4723,26946.6621,NA,16.4492,NA
SandFall-Win64-Shipping.exe,32396,0x27E295FDE80,DXGI,0,0,1,Hardware Composed: Independent Flip,26973.8269,NA,13.34890000000000,14.00620000000000,0.28220000000000,3.60100000000000,4.0316,26960.7301,13.3790,13.0968,0.2822,3.0547,13.6431,11.8489,1.7942,0.0618,26960.7301,NA,12.4482,NA
SandFall-Win64-Shipping.exe,32396,0x27E295FDE80,DXGI,0,0,1,Hardware Composed: Independent Flip,26989.2546,NA,15.42770000000000,15.01460000000000,0.25250000000000,3.59960000000000,3.6185,26974.1091,15.3980,15.1455,0.2525,3.3188,15.4263,11.8718,3.5545,-1.6356,26974.1091,NA,15.4729,NA
SandFall-Win64-Shipping.exe,32396,0x27E295FDE80,DXGI,0,0,1,Hardware Composed: Independent Flip,27002.3720,NA,13.11740000000000,14.50720000000000,0.25800000000000,4.11350000000000,5.0083,26989.5071,13.1229,12.8649,0.2580,3.3471,13.6313,12.4096,1.2217,0.8908,26989.5071,NA,18.9841,NA
SandFall-Win64-Shipping.exe,32396,0x27E295FDE80,DXGI,0,0,1,Hardware Composed: Independent Flip,27013.4129,NA,11.04090000000000,11.07190000000000,0.24860000000000,4.98050000000000,5.0393,27002.6300,11.0315,10.7829,0.2486,3.8555,11.9079,11.9020,0.0059,2.0510,27002.6300,NA,17.0407,NA
SandFall-Win64-Shipping.exe,32396,0x27E295FDE80,DXGI,0,0,1,Hardware Composed: Independent Flip,27023.6665,NA,10.25360000000000,11.35060000000000,0.45510000000000,6.11150000000000,6.1363,27013.6615,10.4601,10.0050,0.4551,4.7319,11.3846,11.3795,0.0051,-0.3191,27013.6615,NA,17.3950,NA
SandFall-Win64-Shipping.exe,32396,0x27E295FDE80,DXGI,0,0,1,Hardware Composed: Independent Flip,27033.8303,NA,10.16380000000000,12.10850000000000,0.37370000000000,7.24590000000000,8.0810,27024.1216,10.0824,9.7087,0.3737,5.6564,11.2982,11.2940,0.0042,-1.6484,27024.1216,NA,12.5071,NA
SandFall-Win64-Shipping.exe,32396,0x27E295FDE80,DXGI,0,0,1,Hardware Composed: Independent Flip,27046.3259,NA,12.49560000000000,10.57060000000000,0.30680000000000,6.09990000000000,6.1560,27034.2040,12.4287,12.1219,0.3068,6.8722,11.3496,11.3438,0.0058,-0.4882,27034.2040,NA,11.0845,NA
SandFall-Win64-Shipping.exe,32396,0x27E295FDE80,DXGI,0,0,1,Hardware Composed: Independent Flip,27058.4090,NA,12.08310000000000,12.11620000000000,0.39120000000000,5.72180000000000,6.1891,27046.6327,12.1675,11.7763,0.3912,5.7931,11.7050,11.6992,0.0058,0.3125,27046.6327,NA,9.1887,NA
SandFall-Win64-Shipping.exe,32396,0x27E295FDE80,DXGI,0,0,1,Hardware Composed: Independent Flip,27071.5051,NA,13.09610000000000,11.28680000000000,0.33390000000000,3.97200000000000,4.3798,27058.8002,13.0388,12.7049,0.3339,5.3306,11.3463,11.3398,0.0065,0.8807,27058.8002,NA,8.4817,NA
SandFall-Win64-Shipping.exe,32396,0x27E295FDE80,DXGI,0,0,1,Hardware Composed: Independent Flip,27086.0734,NA,14.56830000000000,13.44430000000000,0.35150000000000,3.19420000000000,3.2558,27071.8390,14.5859,14.2344,0.3515,3.6381,13.7905,12.1217,1.6688,-0.4055,27071.8390,NA,9.9240,NA
SandFall-Win64-Shipping.exe,32396,0x27E295FDE80,DXGI,0,0,1,Hardware Composed: Independent Flip,27100.1203,NA,14.04690000000000,15.78450000000000,0.28610000000000,3.51330000000000,4.9934,27086.4249,13.9815,13.6954,0.2861,2.8427,14.3660,12.6326,1.7334,-1.1986,27086.4249,NA,14.6835,NA
SandFall-Win64-Shipping.exe,32396,0x27E295FDE80,DXGI,0,0,1,Hardware Composed: Independent Flip,27114.9939,NA,14.87360000000000,13.40270000000000,0.28730000000000,3.45830000000000,3.5225,27100.4064,14.8748,14.5875,0.2873,3.2272,14.8186,12.3578,2.4608,0.5788,27100.4064,NA,16.1142,NA
SandFall-Win64-Shipping.exe,32396,0x27E295FDE80,DXGI,0,0,1,Hardware Composed: Independent Flip,27129.3583,NA,14.36440000000000,14.79650000000000,0.24610000000000,3.66950000000000,3.9546,27115.2812,14.3232,14.0771,0.2461,3.1710,14.5756,12.1373,2.4383,0.0783,27115.2812,NA,NA,NA
SandFall-Win64-Shipping.exe,32396,0x27E295FDE80,DXGI,0,0,1,Hardware Composed: Independent Flip,27142.6319,NA,13.27360000000000,13.24350000000000,0.24750000000000,3.85990000000000,3.9245,27129.6044,13.2750,13.0275,0.2475,3.4234,13.4640,12.3460,1.1180,1.0797,27129.6044,NA,NA,NA
SandFall-Win64-Shipping.exe,32396,0x27E295FDE80,DXGI,0,0,1,Hardware Composed: Independent Flip,27157.6658,NA,15.03390000000000,14.90220000000000,0.24550000000000,3.77220000000000,3.7928,27142.8794,15.0319,14.7864,0.2455,3.6124,14.9462,12.1428,2.8034,-1.6272,27142.8794,NA,20.0517,NA
SandFall-Win64-Shipping.exe,32396,0x27E295FDE80,DXGI,0,0,1,Hardware Composed: Independent Flip,27172.7179,NA,15.05210000000000,15.22310000000000,0.24340000000000,3.45490000000000,3.9638,27157.9113,15.0500,14.8066,0.2434,3.5267,14.7348,12.2845,2.4503,-0.1912,27157.9113,NA,17.2730,NA
SandFall-Win64-Shipping.exe,32396,0x27E295FDE80,DXGI,0,0,1,Hardware Composed: Independent Flip,27183.3070,NA,10.58910000000000,11.21010000000000,0.25290000000000,4.55740000000000,4.5848,27172.9613,10.5986,10.3457,0.2529,3.2115,11.6916,11.6828,0.0088,3.8399,27172.9613,NA,14.4872,NA
SandFall-Win64-Shipping.exe,32396,0x27E295FDE80,DXGI,0,0,1,Hardware Composed: Independent Flip,27194.1905,NA,10.88350000000000,11.70220000000000,0.29250000000000,4.97430000000000,5.4035,27183.5599,10.9231,10.6306,0.2925,4.3045,11.3004,11.2926,0.0078,-1.1036,27183.5599,NA,NA,NA
SandFall-Win64-Shipping.exe,32396,0x27E295FDE80,DXGI,0,0,1,Hardware Composed: Independent Flip,27203.5553,NA,9.36480000000000,11.14990000000000,0.32820000000000,7.15580000000000,7.1886,27194.4830,9.4005,9.0723,0.3282,4.6818,11.5463,11.5421,0.0042,-0.2268,27194.4830,NA,NA,NA
SandFall-Win64-Shipping.exe,32396,0x27E295FDE80,DXGI,0,0,1,Hardware Composed: Independent Flip,27216.3222,NA,12.76690000000000,11.33940000000000,0.32990000000000,5.65400000000000,5.7611,27203.8835,12.7686,12.4387,0.3299,6.8276,11.2651,11.2566,0.0085,-1.9389,27203.8835,NA,20.6713,NA
SandFall-Win64-Shipping.exe,32396,0x27E295FDE80,DXGI,0,0,1,Hardware Composed: Independent Flip,27228.9529,NA,12.63070000000000,11.53680000000000,0.25970000000000,4.59000000000000,4.6672,27216.6521,12.5605,12.3008,0.2597,5.3241,11.5667,11.5616,0.0051,1.2318,27216.6521,NA,NA,NA
SandFall-Win64-Shipping.exe,32396,0x27E295FDE80,DXGI,0,0,1,Hardware Composed: Independent Flip,27244.4565,NA,15.50360000000000,13.88870000000000,0.28940000000000,3.01370000000000,3.0523,27229.2126,15.5333,15.2439,0.2894,4.3303,13.9273,11.9593,1.9680,-1.3282,27229.2126,NA,NA,NA
SandFall-Win64-Shipping.exe,32396,0x27E295FDE80,DXGI,0,0,1,Hardware Composed: Independent Flip,27258.2605,NA,13.80400000000000,15.39400000000000,0.24710000000000,3.37390000000000,4.6423,27244.7459,13.7617,13.5146,0.2471,2.7243,14.1642,11.8771,2.2871,0.1393,27244.7459,NA,NA,NA
SandFall-Win64-Shipping.exe,32396,0x27E295FDE80,DXGI,0,0,1,Hardware Composed: Independent Flip,27271.5562,NA,13.29570000000000,12.08100000000000,0.27740000000000,3.37630000000000,3.4276,27258.5076,13.3260,13.0486,0.2774,3.1268,13.2981,12.0794,1.2187,1.6807,27258.5076,NA,NA,NA
SandFall-Win64-Shipping.exe,32396,0x27E295FDE80,DXGI,0,0,1,Hardware Composed: Independent Flip,27286.6044,NA,15.04820000000000,15.15240000000000,0.24850000000000,3.50720000000000,3.5318,27271.8336,15.0193,14.7708,0.2485,3.0989,15.1791,11.8961,3.2830,-1.8264,27271.8336,NA,NA,NA
SandFall-Win64-Shipping.exe,32396,0x27E295FDE80,DXGI,0,0,1,Hardware Composed: Independent Flip,27302.3336,NA,15.72920000000000,15.72910000000000,0.27050000000000,3.08730000000000,3.5317,27286.8529,15.7512,15.4807,0.2705,3.2587,15.3093,11.9977,3.3116,-0.7098,27286.8529,NA,NA,NA
SandFall-Win64-Shipping.exe,32396,0x27E295FDE80,DXGI,0,0,1,Hardware Composed: Independent Flip,27316.3305,NA,13.99690000000000,14.05850000000000,0.25760000000000,3.51430000000000,3.5933,27302.6041,13.9840,13.7264,0.2576,2.8168,14.4239,12.2917,2.1322,1.6927,27302.6041,NA,NA,NA
SandFall-Win64-Shipping.exe,32396,0x27E295FDE80,DXGI,0,0,1,Hardware Composed: Independent Flip,27326.3201,NA,9.98960000000000,11.30510000000000,0.24830000000000,4.73300000000000,4.9088,27316.5881,9.9803,9.7320,0.2483,3.2567,11.2083,11.2009,0.0074,2.6789,27316.5881,NA,NA,NA
SandFall-Win64-Shipping.exe,32396,0x27E295FDE80,DXGI,0,0,1,Hardware Composed: Independent Flip,27336.6031,NA,10.28300000000000,10.83350000000000,0.25580000000000,5.37030000000000,5.4593,27326.5684,10.2905,10.0347,0.2558,4.4847,10.9203,10.9146,0.0057,-0.8532,27326.5684,NA,NA,NA
SandFall-Win64-Shipping.exe,32396,0x27E295FDE80,DXGI,0,0,1,Hardware Composed: Independent Flip,27347.7292,NA,11.12610000000000,12.49400000000000,0.32530000000000,5.37070000000000,6.8272,27336.8589,11.1956,10.8703,0.3253,5.1145,11.1265,11.1191,0.0074,-2.2035,27336.8589,NA,NA,NA
SandFall-Win64-Shipping.exe,32396,0x27E295FDE80,DXGI,0,0,1,Hardware Composed: Independent Flip,27359.7507,NA,12.02150000000000,9.81220000000000,0.33250000000000,4.51570000000000,4.6179,27348.0545,12.0287,11.6962,0.3325,5.0454,11.1665,11.1595,0.0070,1.3834,27348.0545,NA,NA,NA
SandFall-Win64-Shipping.exe,32396,0x27E295FDE80,DXGI,0,0,1,Hardware Composed: Independent Flip,27372.4057,NA,12.65500000000000,12.60980000000000,0.27990000000000,3.97340000000000,4.5727,27360.0832,12.6024,12.3225,0.2799,4.1832,12.1127,11.9681,0.1446,-0.5811,27360.0832,NA,NA,NA
SandFall-Win64-Shipping.exe,32396,0x27E295FDE80,DXGI,0,0,1,Hardware Composed: Independent Flip,27387.3787,NA,14.97300000000000,14.38360000000000,0.25200000000000,3.15100000000000,3.9833,27372.6856,14.9451,14.6931,0.2520,3.6935,14.1506,12.1243,2.0263,-1.7812,27372.6856,NA,NA,NA
SandFall-Win64-Shipping.exe,32396,0x27E295FDE80,DXGI,0,0,1,Hardware Composed: Independent Flip,27402.2182,NA,14.83950000000000,14.39600000000000,0.24970000000000,3.47210000000000,3.5398,27387.6307,14.8372,14.5875,0.2497,2.8990,15.1606,11.8744,3.2862,0.5491,27387.6307,NA,NA,NA
SandFall-Win64-Shipping.exe,32396,0x27E295FDE80,DXGI,0,0,1,Hardware Composed: Independent Flip,27415.9145,NA,13.69630000000000,14.26040000000000,0.25330000000000,3.26650000000000,4.1039,27402.4679,13.6999,13.4466,0.2533,3.2224,13.4907,11.7396,1.7511,0.5768,27402.4679,NA,NA,NA
SandFall-Win64-Shipping.exe,32396,0x27E295FDE80,DXGI,0,0,1,Hardware Composed: Independent Flip,27430.7438,NA,14.82930000000000,14.79170000000000,0.25940000000000,3.98360000000000,4.0663,27416.1678,14.8354,14.5760,0.2594,3.0132,15.5464,12.4796,3.0668,-1.0918,27416.1678,NA,24.3805,NA
SandFall-Win64-Shipping.exe,32396,0x27E295FDE80,DXGI,0,0,1,Hardware Composed: Independent Flip,27440.9311,NA,10.18730000000000,11.84560000000000,0.25460000000000,4.68800000000000,5.7246,27431.0032,10.1825,9.9279,0.2546,3.7242,10.8917,10.8822,0.0095,2.9898,27431.0032,NA,NA,NA
SandFall-Win64-Shipping.exe,32396,0x27E295FDE80,DXGI,0,0,1,Hardware Composed: Independent Flip,27450.6340,NA,9.70290000000000,10.06300000000000,0.24750000000000,6.02330000000000,6.0847,27441.1857,9.6958,9.4483,0.2475,4.4334,11.0382,11.0322,0.0060,0.1195,27441.1857,NA,NA,NA
SandFall-Win64-Shipping.exe,32396,0x27E295FDE80,DXGI,0,0,1,Hardware Composed: Independent Flip,27459.9412,NA,9.30720000000000,10.85690000000000,0.31950000000000,7.54590000000000,7.6344,27450.8815,9.3792,9.0597,0.3195,5.7758,10.8298,10.8251,0.0047,-1.1611,27450.8815,NA,NA,NA
SandFall-Win64-Shipping.exe,32396,0x27E295FDE80,DXGI,0,0,1,Hardware Composed: Independent Flip,27473.2223,NA,13.28110000000000,11.00790000000000,0.35260000000000,5.32520000000000,5.3612,27460.2607,13.3142,12.9616,0.3526,7.2264,11.0604,11.0534,0.0070,-1.6287,27460.2607,NA,NA,NA
SandFall-Win64-Shipping.exe,32396,0x27E295FDE80,DXGI,0,0,1,Hardware Composed: Independent Flip,27486.1542,NA,12.93190000000000,11.16320000000000,0.31780000000000,3.48800000000000,3.5925,27473.5749,12.8971,12.5793,0.3178,4.9726,11.0947,11.0882,0.0065,2.1510,27473.5749,NA,NA,NA
SandFall-Win64-Shipping.exe,32396,0x27E295FDE80,DXGI,0,0,1,Hardware Composed: Independent Flip,27502.2460,NA,16.09180000000000,15.58970000000000,0.24910000000000,3.02450000000000,3.0904,27486.4720,16.0231,15.7740,0.2491,3.1702,15.6283,11.7817,3.8466,-2.6926,27486.4720,NA,NA,NA
SandFall-Win64-Shipping.exe,32396,0x27E295FDE80,DXGI,0,0,1,Hardware Composed: Independent Flip,27517.1435,NA,14.89750000000000,17.05680000000000,0.24240000000000,2.95360000000000,5.2497,27502.4951,14.8908,14.6484,0.2424,2.7754,14.8266,11.9896,2.8370,-1.0337,27502.4951,NA,NA,NA
SandFall-Win64-Shipping.exe,32396,0x27E295FDE80,DXGI,0,0,1,Hardware Composed: Independent Flip,27533.1615,NA,16.01800000000000,14.22320000000000,0.24730000000000,3.38660000000000,3.4549,27517.3859,16.0229,15.7756,0.2473,2.7112,16.4510,11.8877,4.5633,0.6676,27517.3859,NA,NA,NA
SandFall-Win64-Shipping.exe,32396,0x27E295FDE80,DXGI,0,0,1,Hardware Composed: Independent Flip,27549.6379,NA,16.47640000000000,16.90230000000000,0.26540000000000,3.04600000000000,3.8808,27533.4088,16.4945,16.2291,0.2654,3.1393,16.1358,12.0620,4.0738,-0.8794,27533.4088,NA,20.1164,NA
SandFall-Win64-Shipping.exe,32396,0x27E295FDE80,DXGI,0,0,1,Hardware Composed: Independent Flip,27561.0151,NA,11.37720000000000,11.81330000000000,0.26680000000000,4.27750000000000,4.3169,27549.9033,11.3786,11.1118,0.2668,2.7806,12.6087,11.8780,0.7307,4.6812,27549.9033,NA,14.9304,NA
SandFall-Win64-Shipping.exe,32396,0x27E295FDE80,DXGI,0,0,1,Hardware Composed: Independent Flip,27570.8564,NA,9.84130000000000,11.49790000000000,0.27260000000000,5.88830000000000,5.9735,27561.2819,9.8471,9.5745,0.2726,4.0107,11.4521,11.4455,0.0066,-0.1193,27561.2819,NA,13.4260,NA
SandFall-Win64-Shipping.exe,32396,0x27E295FDE80,DXGI,0,0,1,Hardware Composed: Independent Flip,27580.7993,NA,9.94290000000000,12.65910000000000,0.45920000000000,6.95900000000000,8.6897,27571.1290,10.1295,9.6703,0.4592,5.6157,11.0136,11.0093,0.0043,-2.8120,27571.1290,NA,18.0797,NA
SandFall-Win64-Shipping.exe,32396,0x27E295FDE80,DXGI,0,0,1,Hardware Composed: Independent Flip,27591.6336,NA,10.83430000000000,9.67150000000000,0.48610000000000,7.42630000000000,7.5269,27581.2585,10.8612,10.3751,0.4861,6.4998,11.3016,11.2952,0.0064,0.4580,27581.2585,NA,NA,NA
SandFall-Win64-Shipping.exe,32396,0x27E295FDE80,DXGI,0,0,1,Hardware Composed: Independent Flip,27605.1250,NA,13.49140000000000,12.58190000000000,0.45050000000000,5.58560000000000,6.6174,27592.1197,13.4558,13.0053,0.4505,6.9402,11.6507,11.6448,0.0059,-1.7207,27592.1197,NA,NA,NA
SandFall-Win64-Shipping.exe,32396,0x27E295FDE80,DXGI,0,0,1,Hardware Composed: Independent Flip,27619.9932,NA,14.86820000000000,12.25760000000000,0.28750000000000,3.58730000000000,4.0068,27605.5755,14.7052,14.4177,0.2875,5.1351,12.8699,12.0574,0.8125,1.1982,27605.5755,NA,NA,NA
SandFall-Win64-Shipping.exe,32396,0x27E295FDE80,DXGI,0,0,1,Hardware Composed: Independent Flip,27634.0736,NA,14.08040000000000,13.44900000000000,0.28160000000000,3.30830000000000,3.3754,27620.2807,14.0745,13.7929,0.2816,3.2998,13.8014,11.8764,1.9250,1.2562,27620.2807,NA,20.0377,NA
SandFall-Win64-Shipping.exe,32396,0x27E295FDE80,DXGI,0,0,1,Hardware Composed: Independent Flip,27647.5104,NA,13.43680000000000,14.67620000000000,0.26000000000000,3.56970000000000,4.6148,27634.3552,13.4152,13.1552,0.2600,3.0267,13.6982,12.0040,1.6942,-0.6017,27634.3552,NA,NA,NA
SandFall-Win64-Shipping.exe,32396,0x27E295FDE80,DXGI,0,0,1,Hardware Composed: Independent Flip,27660.6016,NA,13.09120000000000,12.09530000000000,0.26200000000000,3.56530000000000,3.6189,27647.7704,13.0932,12.8312,0.2620,3.3097,13.0868,12.1949,0.8919,1.3199,27647.7704,NA,NA,NA
SandFall-Win64-Shipping.exe,32396,0x27E295FDE80,DXGI,0,0,1,Hardware Composed: Independent Flip,27674.8220,NA,14.22040000000000,14.42530000000000,0.25480000000000,3.75980000000000,3.8238,27660.8636,14.2132,13.9584,0.2548,3.3033,14.4149,12.3870,2.0279,-1.3321,27660.8636,NA,NA,NA
SandFall-Win64-Shipping.exe,32396,0x27E295FDE80,DXGI,0,0,1,Hardware Composed: Independent Flip,27688.3483,NA,13.52630000000000,13.57400000000000,0.25360000000000,3.60740000000000,3.8715,27675.0768,13.5251,13.2715,0.2536,3.5050,13.3739,11.7533,1.6206,0.6392,27675.0768,NA,NA,NA
SandFall-Win64-Shipping.exe,32396,0x27E295FDE80,DXGI,0,0,1,Hardware Composed: Independent Flip,27701.8948,NA,13.54650000000000,13.24500000000000,0.25180000000000,3.51000000000000,3.5700,27688.6019,13.5447,13.2929,0.2518,3.3538,13.4491,11.7538,1.6953,0.2801,27688.6019,NA,NA,NA
SandFall-Win64-Shipping.exe,32396,0x27E295FDE80,DXGI,0,0,1,Hardware Composed: Independent Flip,27715.8663,NA,13.97150000000000,13.93750000000000,0.27000000000000,2.82060000000000,3.5360,27702.1466,13.9897,13.7197,0.2700,3.2582,13.2821,11.8969,1.3852,-0.3928,27702.1466,NA,NA,NA
SandFall-Win64-Shipping.exe,32396,0x27E295FDE80,DXGI,0,0,1,Hardware Composed: Independent Flip,27725.7990,NA,9.93270000000000,10.60300000000000,0.28740000000000,4.14490000000000,4.2063,27716.1363,9.9501,9.6627,0.2874,2.5506,11.2570,11.2504,0.0066,3.3867,27716.1363,NA,11.5999,NA
SandFall-Win64-Shipping.exe,32396,0x27E295FDE80,DXGI,0,0,1,Hardware Composed: Independent Flip,27735.9564,NA,10.15740000000000,11.33620000000000,0.31580000000000,5.04770000000000,5.3851,27726.0864,10.1858,9.8700,0.3158,3.8575,11.0602,11.0542,0.0060,-1.3861,27726.0864,NA,9.9446,NA
SandFall-Win64-Shipping.exe,32396,0x27E295FDE80,DXGI,0,0,1,Hardware Composed: Independent Flip,27748.4074,NA,12.45100000000000,10.80480000000000,0.29780000000000,3.64610000000000,3.7389,27736.2722,12.4330,12.1352,0.2978,4.7319,11.0494,11.0434,0.0060,-0.6190,27736.2722,NA,8.7459,NA
SandFall-Win64-Shipping.exe,32396,0x27E295FDE80,DXGI,0,0,1,Hardware Composed: Independent Flip,27762.5124,NA,14.10500000000000,14.12670000000000,0.26440000000000,3.71980000000000,3.7606,27748.7052,14.0716,13.8072,0.2644,3.3483,14.1787,12.3409,1.8378,-1.6937,27748.7052,NA,9.8704,NA
SandFall-Win64-Shipping.exe,32396,0x27E295FDE80,DXGI,0,0,1,Hardware Composed: Independent Flip,27775.6506,NA,13.13820000000000,14.76920000000000,0.25630000000000,3.63040000000000,5.3916,27762.7768,13.1301,12.8738,0.2563,3.4554,13.0488,12.7256,0.3232,-0.6976,27762.7768,NA,11.6452,NA
SandFall-Win64-Shipping.exe,32396,0x27E295FDE80,DXGI,0,0,1,Hardware Composed: Independent Flip,27792.1937,NA,16.54310000000000,14.62320000000000,0.27410000000000,3.40720000000000,3.4717,27775.9069,16.5609,16.2868,0.2741,3.3741,16.3199,12.6148,3.7051,-1.4931,27775.9069,NA,13.2683,NA
SandFall-Win64-Shipping.exe,32396,0x27E295FDE80,DXGI,0,0,1,Hardware Composed: Independent Flip,27805.9607,NA,13.76700000000000,16.06970000000000,0.25180000000000,4.16110000000000,5.7744,27792.4678,13.7447,13.4929,0.2518,3.1331,14.5209,13.1430,1.3779,0.4912,27792.4678,NA,16.3348,NA
SandFall-Win64-Shipping.exe,32396,0x27E295FDE80,DXGI,0,0,1,Hardware Composed: Independent Flip,27817.2902,NA,11.32950000000000,11.48330000000000,0.32500000000000,5.78920000000000,5.9282,27806.2125,11.4027,11.0777,0.3250,3.9093,12.9576,12.9473,0.0103,2.2614,27806.2125,NA,14.8140,NA
SandFall-Win64-Shipping.exe,32396,0x27E295FDE80,DXGI,0,0,1,Hardware Composed: Independent Flip,27829.4708,NA,12.18060000000000,13.36580000000000,0.45070000000000,7.06900000000000,7.1134,27817.6152,12.3063,11.8556,0.4507,5.4642,13.4604,13.4568,0.0036,-1.9631,27817.6152,NA,13.1763,NA
SandFall-Win64-Shipping.exe,32396,0x27E295FDE80,DXGI,0,0,1,Hardware Composed: Independent Flip,27840.5776,NA,11.10680000000000,14.49370000000000,0.38720000000000,9.78840000000000,10.5003,27829.9215,11.0433,10.6561,0.3872,6.6183,13.8262,13.8218,0.0044,-2.1874,27829.9215,NA,18.6760,NA
SandFall-Win64-Shipping.exe,32396,0x27E295FDE80,DXGI,0,0,1,Hardware Composed: Independent Flip,27854.6305,NA,14.05290000000000,12.46460000000000,0.31240000000000,8.83270000000000,8.9120,27840.9648,13.9781,13.6657,0.3124,9.4012,13.0972,13.0910,0.0062,-1.4213,27840.9648,NA,25.1435,NA
SandFall-Win64-Shipping.exe,32396,0x27E295FDE80,DXGI,0,0,1,Hardware Composed: Independent Flip,27867.9248,NA,13.29430000000000,13.47820000000000,0.30670000000000,8.89880000000000,9.0959,27854.9429,13.2886,12.9819,0.3067,8.5203,13.3604,13.3562,0.0042,0.4999,27854.9429,NA,23.5808,NA
SandFall-Win64-Shipping.exe,32396,0x27E295FDE80,DXGI,0,0,1,Hardware Composed: Independent Flip,27879.9380,NA,12.01320000000000,13.42040000000000,0.43500000000000,10.03210000000000,10.5031,27868.2315,12.1415,11.7065,0.4350,8.5921,13.1465,13.1447,0.0018,-0.1318,27868.2315,NA,NA,NA
SandFall-Win64-Shipping.exe,32396,0x27E295FDE80,DXGI,0,0,1,Hardware Composed: Independent Flip,27895.5136,NA,15.57560000000000,13.08840000000000,0.29060000000000,7.94190000000000,8.0159,27880.3730,15.4312,15.1406,0.2906,9.5971,13.4854,13.4815,0.0039,-0.9469,27880.3730,NA,19.1165,NA
SandFall-Win64-Shipping.exe,32396,0x27E295FDE80,DXGI,0,0,1,Hardware Composed: Independent Flip,27909.6026,NA,14.08900000000000,13.52770000000000,0.28030000000000,7.15500000000000,7.4546,27895.8042,14.0787,13.7984,0.2803,7.6513,13.3021,13.2897,0.0124,1.9035,27895.8042,NA,NA,NA
SandFall-Win64-Shipping.exe,32396,0x27E295FDE80,DXGI,0,0,1,Hardware Composed: Independent Flip,27924.1368,NA,14.53420000000000,12.73150000000000,0.37450000000000,5.59940000000000,5.6519,27909.8829,14.6284,14.2539,0.3745,6.8747,12.9786,12.9733,0.0053,1.3472,27909.8829,NA,NA,NA
SandFall-Win64-Shipping.exe,32396,0x27E295FDE80,DXGI,0,0,1,Hardware Composed: Independent Flip,27939.1120,NA,14.97520000000000,14.13980000000000,0.25790000000000,4.77230000000000,4.8165,27924.5113,14.8586,14.6007,0.2579,5.2249,14.1481,14.1046,0.0435,0.4886,27924.5113,NA,NA,NA
SandFall-Win64-Shipping.exe,32396,0x27E295FDE80,DXGI,0,0,1,Hardware Composed: Independent Flip,27954.0918,NA,14.97980000000000,14.61500000000000,0.34290000000000,4.32650000000000,4.4517,27939.3699,15.0648,14.7219,0.3429,4.5144,14.5340,13.7162,0.8178,0.2436,27939.3699,NA,NA,NA
SandFall-Win64-Shipping.exe,32396,0x27E295FDE80,DXGI,0,0,1,Hardware Composed: Independent Flip,27968.6638,NA,14.57200000000000,14.59320000000000,0.25580000000000,4.27020000000000,4.4729,27954.4347,14.4849,14.2291,0.2558,3.9836,14.5157,13.6779,0.8378,0.4716,27954.4347,NA,NA,NA
SandFall-Win64-Shipping.exe,32396,0x27E295FDE80,DXGI,0,0,1,Hardware Composed: Independent Flip,27983.1059,NA,14.44210000000000,14.32290000000000,0.25950000000000,4.31900000000000,4.3537,27968.9196,14.4458,14.1863,0.2595,4.0144,14.4909,13.6506,0.8403,0.1620,27968.9196,NA,NA,NA
SandFall-Win64-Shipping.exe,32396,0x27E295FDE80,DXGI,0,0,1,Hardware Composed: Independent Flip,27999.0031,NA,15.89720000000000,15.88860000000000,0.25160000000000,4.26480000000000,4.3451,27983.3654,15.8893,15.6377,0.2516,4.0595,15.8430,13.5707,2.2723,-1.4428,27983.3654,NA,NA,NA
SandFall-Win64-Shipping.exe,32396,0x27E295FDE80,DXGI,0,0,1,Hardware Composed: Independent Flip,28013.5307,NA,14.52760000000000,14.42400000000000,0.25420000000000,4.18340000000000,4.2415,27999.2547,14.5302,14.2760,0.2542,4.0132,14.4462,13.5835,0.8627,1.4653,27999.2547,NA,NA,NA
SandFall-Win64-Shipping.exe,32396,0x27E295FDE80,DXGI,0,0,1,Hardware Composed: Independent Flip,28028.7534,NA,15.22270000000000,15.05520000000000,0.25760000000000,4.04320000000000,4.0740,28013.7849,15.2261,14.9685,0.2576,3.9292,15.0825,13.5932,1.4893,-0.5250,28013.7849,NA,28.4115,NA
SandFall-Win64-Shipping.exe,32396,0x27E295FDE80,DXGI,0,0,1,Hardware Composed: Independent Flip,28043.9347,NA,15.18130000000000,16.22800000000000,0.28750000000000,4.38970000000000,5.1207,28029.0110,15.2112,14.9237,0.2875,3.7856,15.5278,13.8322,1.6956,-1.0019,28029.0110,NA,20.6515,NA
SandFall-Win64-Shipping.exe,32396,0x27E295FDE80,DXGI,0,0,1,Hardware Composed: Independent Flip,28058.2889,NA,14.35420000000000,13.62720000000000,0.25230000000000,4.37950000000000,4.3937,28044.2222,14.3190,14.0667,0.2523,4.1022,14.3440,13.5484,0.7956,1.5840,28044.2222,NA,NA,NA
SandFall-Win64-Shipping.exe,32396,0x27E295FDE80,DXGI,0,0,1,Hardware Composed: Independent Flip,28072.6715,NA,14.38260000000000,14.58180000000000,0.24750000000000,4.45910000000000,4.5929,28058.5412,14.3778,14.1303,0.2475,4.1272,14.4622,13.8060,0.6562,-0.2628,28058.5412,NA,NA,NA
SandFall-Win64-Shipping.exe,32396,0x27E295FDE80,DXGI,0,0,1,Hardware Composed: Independent Flip,28086.9547,NA,14.28320000000000,14.20970000000000,0.25590000000000,4.13250000000000,4.5194,28072.9190,14.2916,14.0357,0.2559,4.2116,13.9566,13.3887,0.5679,0.1681,28072.9190,NA,18.0708,NA
SandFall-Win64-Shipping.exe,32396,0x27E295FDE80,DXGI,0,0,1,Hardware Composed: Independent Flip,28101.2122,NA,14.25750000000000,14.07870000000000,0.26410000000000,4.30590000000000,4.3406,28087.2106,14.2657,14.0016,0.2641,3.8766,14.4309,13.7176,0.7133,0.2129,28087.2106,NA,18.1506,NA
SandFall-Win64-Shipping.exe,32396,0x27E295FDE80,DXGI,0,0,1,Hardware Composed: Independent Flip,28115.9133,NA,14.70110000000000,14.80240000000000,0.25510000000000,4.14610000000000,4.4419,28101.4763,14.6921,14.4370,0.2551,4.0418,14.5413,13.7955,0.7458,-0.5367,28101.4763,NA,16.9560,NA
SandFall-Win64-Shipping.exe,32396,0x27E295FDE80,DXGI,0,0,1,Hardware Composed: Independent Flip,28132.6618,NA,16.74850000000000,17.03170000000000,0.25670000000000,4.69980000000000,4.7251,28116.1684,16.7501,16.4934,0.2567,3.8910,17.3022,14.4188,2.8834,-2.3396,28116.1684,NA,17.9795,NA
SandFall-Win64-Shipping.exe,32396,0x27E295FDE80,DXGI,0,0,1,Hardware Composed: Independent Flip,28147.3081,NA,14.64630000000000,15.29580000000000,0.25740000000000,4.00030000000000,5.3746,28132.9185,14.6470,14.3896,0.2574,4.4431,13.9468,13.3799,0.5669,1.4543,28132.9185,NA,19.2415,NA
SandFall-Win64-Shipping.exe,32396,0x27E295FDE80,DXGI,0,0,1,Hardware Composed: Independent Flip,28162.7013,NA,15.39320000000000,14.45580000000000,0.25830000000000,4.42410000000000,4.4372,28147.5655,15.3941,15.1358,0.2583,3.7429,15.8170,13.8892,1.9278,0.1912,28147.5655,NA,NA,NA
SandFall-Win64-Shipping.exe,32396,0x27E295FDE80,DXGI,0,0,1,Hardware Composed: Independent Flip,28177.2673,NA,14.56600000000000,15.35150000000000,0.25610000000000,4.27820000000000,5.2227,28162.9596,14.5638,14.3077,0.2561,4.1658,14.4201,13.9881,0.4320,0.0426,28162.9596,NA,30.0906,NA
SandFall-Win64-Shipping.exe,32396,0x27E295FDE80,DXGI,0,0,1,Hardware Composed: Independent Flip,28191.7016,NA,14.43430000000000,13.86680000000000,0.24650000000000,4.63410000000000,4.6552,28177.5234,14.4247,14.1782,0.2465,4.0221,14.7902,14.5903,0.1999,0.6970,28177.5234,NA,18.9583,NA
SandFall-Win64-Shipping.exe,32396,0x27E295FDE80,DXGI,0,0,1,Hardware Composed: Independent Flip,28206.9688,NA,15.26720000000000,14.77380000000000,0.26550000000000,3.97070000000000,4.1618,28191.9481,15.2862,15.0207,0.2655,4.3876,14.6038,14.2699,0.3339,-0.3491,28191.9481,NA,25.7214,NA
SandFall-Win64-Shipping.exe,32396,0x27E295FDE80,DXGI,0,0,1,Hardware Composed: Independent Flip,28221.6720,NA,14.70320000000000,15.06140000000000,0.40760000000000,4.47870000000000,4.5200,28207.2343,14.8453,14.4377,0.4076,3.7052,15.2112,14.2819,0.9293,0.2248,28207.2343,NA,NA,NA
SandFall-Win64-Shipping.exe,32396,0x27E295FDE80,DXGI,0,0,1,Hardware Composed: Independent Flip,28236.3494,NA,14.67740000000000,14.53030000000000,0.26280000000000,4.05760000000000,4.3729,28222.0796,14.5326,14.2698,0.2628,4.0711,14.2563,13.7210,0.5353,0.3150,28222.0796,NA,NA,NA
SandFall-Win64-Shipping.exe,32396,0x27E295FDE80,DXGI,0,0,1,Hardware Composed: Independent Flip,28250.5157,NA,14.16630000000000,14.36800000000000,0.26630000000000,4.50970000000000,4.5746,28236.6122,14.1698,13.9035,0.2663,3.7948,14.6184,13.9464,0.6720,0.1646,28236.6122,NA,NA,NA
SandFall-Win64-Shipping.exe,32396,0x27E295FDE80,DXGI,0,0,1,Hardware Composed: Independent Flip,28266.1375,NA,15.62180000000000,15.63170000000000,0.27090000000000,4.35800000000000,4.5845,28250.7820,15.6264,15.3555,0.2709,4.2434,15.4701,13.8035,1.6666,-1.4619,28250.7820,NA,NA,NA
SandFall-Win64-Shipping.exe,32396,0x27E295FDE80,DXGI,0,0,1,Hardware Composed: Independent Flip,28280.3136,NA,14.17610000000000,13.91080000000000,0.25330000000000,4.27790000000000,4.3192,28266.4084,14.1585,13.9052,0.2533,4.0871,14.0960,13.6923,0.4037,1.7156,28266.4084,NA,18.2328,NA
SandFall-Win64-Shipping.exe,32396,0x27E295FDE80,DXGI,0,0,1,Hardware Composed: Independent Flip,28294.8012,NA,14.48760000000000,14.41490000000000,0.26310000000000,4.22490000000000,4.2465,28280.5669,14.4974,14.2343,0.2631,4.0246,14.4346,13.9641,0.4705,-0.2564,28280.5669,NA,17.6348,NA
SandFall-Win64-Shipping.exe,32396,0x27E295FDE80,DXGI,0,0,1,Hardware Composed: Independent Flip,28312.6969,NA,17.89570000000000,17.90740000000000,0.38830000000000,3.58230000000000,4.2582,28295.0643,18.0209,17.6326,0.3883,3.9618,17.2531,13.8182,3.4349,-3.4100,28295.0643,NA,5.5617,NA
SandFall-Win64-Shipping.exe,32396,0x27E295FDE80,DXGI,0,0,1,Hardware Composed: Independent Flip,28328.0360,NA,15.33910000000000,16.45500000000000,0.46230000000000,4.25640000000000,5.3741,28313.0852,15.4131,14.9508,0.4623,3.1940,16.0132,13.8689,2.1443,1.5659,28313.0852,NA,9.0008,NA
SandFall-Win64-Shipping.exe,32396,0x27E295FDE80,DXGI,0,0,1,Hardware Composed: Independent Flip,28344.0750,NA,16.03900000000000,14.62140000000000,0.33310000000000,3.90550000000000,3.9565,28328.4983,15.9098,15.5767,0.3331,3.7941,15.6881,13.9791,1.7090,0.7917,28328.4983,NA,6.6282,NA
SandFall-Win64-Shipping.exe,32396,0x27E295FDE80,DXGI,0,0,1,Hardware Composed: Independent Flip,28360.7951,NA,16.72010000000000,16.26380000000000,0.34400000000000,3.30490000000000,3.5002,28344.4081,16.7310,16.3870,0.3440,3.5724,16.1195,14.2407,1.8788,-0.3540,28344.4081,NA,16.8887,NA
SandFall-Win64-Shipping.exe,32396,0x27E295FDE80,DXGI,0,0,1,Hardware Composed: Independent Flip,28377.3430,NA,16.54790000000000,16.61710000000000,0.25120000000000,3.50180000000000,3.5694,28361.1391,16.4551,16.2039,0.2512,2.9609,16.7448,14.0961,2.6487,0.1139,28361.1391,NA,14.4869,NA
SandFall-Win64-Shipping.exe,32396,0x27E295FDE80,DXGI,0,0,1,Hardware Composed: Independent Flip,28391.3525,NA,14.00950000000000,14.59750000000000,0.30800000000000,3.80680000000000,4.1574,28377.5942,14.0663,13.7583,0.3080,3.2506,14.3145,13.8596,0.4549,1.8576,28377.5942,NA,14.1065,NA
SandFall-Win64-Shipping.exe,32396,0x27E295FDE80,DXGI,0,0,1,Hardware Composed: Independent Flip,28405.5102,NA,14.15770000000000,14.12800000000000,0.29210000000000,4.03320000000000,4.1277,28391.6605,14.1418,13.8497,0.2921,3.4988,14.3841,14.1603,0.2238,-0.0617,28391.6605,NA,9.2265,NA
SandFall-Win64-Shipping.exe,32396,0x27E295FDE80,DXGI,0,0,1,Hardware Composed: Independent Flip,28418.9468,NA,13.43660000000000,14.13390000000000,0.27060000000000,4.73650000000000,4.8250,28405.8023,13.4151,13.1445,0.2706,3.7411,14.1399,14.1351,0.0048,0.0079,28405.8023,NA,8.3701,NA
SandFall-Win64-Shipping.exe,32396,0x27E295FDE80,DXGI,0,0,1,Hardware Composed: Independent Flip,28433.3056,NA,14.35880000000000,14.74500000000000,0.33400000000000,5.17400000000000,5.2112,28419.2174,14.4222,14.0882,0.3340,4.4659,14.7963,14.7876,0.0087,-1.3299,28419.2174,NA,9.1114,NA
SandFall-Win64-Shipping.exe,32396,0x27E295FDE80,DXGI,0,0,1,Hardware Composed: Independent Flip,28446.8703,NA,13.56470000000000,13.60180000000000,0.28760000000000,4.87780000000000,5.2483,28433.6396,13.5183,13.2307,0.2876,4.8400,13.2685,13.2633,0.0052,0.8204,28433.6396,NA,7.7094,NA
SandFall-Win64-Shipping.exe,32396,0x27E295FDE80,DXGI,0,0,1,Hardware Composed: Independent Flip,28462.0269,NA,15.15660000000000,14.42900000000000,0.26790000000000,4.47380000000000,4.5207,28447.1579,15.1369,14.8690,0.2679,4.5902,14.7526,14.3596,0.3930,-0.9107,28447.1579,NA,8.1501,NA
SandFall-Win64-Shipping.exe,32396,0x27E295FDE80,DXGI,0,0,1,Hardware Composed: Independent Flip,28477.0314,NA,15.00450000000000,16.06340000000000,0.28230000000000,4.85370000000000,5.5796,28462.2948,15.0189,14.7366,0.2823,4.2059,15.3844,14.6818,0.7026,-0.9265,28462.2948,NA,8.2135,NA
SandFall-Win64-Shipping.exe,32396,0x27E295FDE80,DXGI,0,0,1,Hardware Composed: Independent Flip,28491.7925,NA,14.76110000000000,13.88200000000000,0.26240000000000,4.65630000000000,4.7005,28477.3137,14.7412,14.4788,0.2624,4.5714,14.5637,14.3774,0.1863,1.1369,28477.3137,NA,7.0950,NA
SandFall-Win64-Shipping.exe,32396,0x27E295FDE80,DXGI,0,0,1,Hardware Composed: Independent Flip,28506.9447,NA,15.15220000000000,15.13510000000000,0.26090000000000,4.60830000000000,4.6834,28492.0549,15.1507,14.8898,0.2609,4.3939,15.1042,14.4260,0.6782,-0.3939,28492.0549,NA,5.2125,NA
SandFall-Win64-Shipping.exe,32396,0x27E295FDE80,DXGI,0,0,1,Hardware Composed: Independent Flip,28522.4885,NA,15.54380000000000,15.87000000000000,0.25840000000000,4.59850000000000,5.0096,28507.2056,15.5413,15.2829,0.2584,4.3474,15.5340,14.2376,1.2964,-0.7193,28507.2056,NA,6.1007,NA
SandFall-Win64-Shipping.exe,32396,0x27E295FDE80,DXGI,0,0,1,Hardware Composed: Independent Flip,28539.4873,NA,16.99880000000000,16.49820000000000,0.26560000000000,4.46350000000000,4.5090,28522.7469,17.0060,16.7404,0.2656,4.3401,16.8638,14.9337,1.9301,-0.9569,28522.7469,NA,7.5979,NA
SandFall-Win64-Shipping.exe,32396,0x27E295FDE80,DXGI,0,0,1,Hardware Composed: Independent Flip,28555.1398,NA,15.65250000000000,16.49730000000000,0.27680000000000,5.28470000000000,5.3538,28539.7529,15.6637,15.3869,0.2768,4.1979,16.4737,15.5199,0.9538,0.5087,28539.7529,NA,8.0953,NA
SandFall-Win64-Shipping.exe,32396,0x27E295FDE80,DXGI,0,0,1,Hardware Composed: Independent Flip,28570.8780,NA,15.73820000000000,15.13620000000000,0.27570000000000,4.70360000000000,4.7518,28555.4166,15.7371,15.4614,0.2757,5.0079,15.1571,14.5451,0.6120,0.5275,28555.4166,NA,7.2320,NA
SandFall-Win64-Shipping.exe,32396,0x27E295FDE80,DXGI,0,0,1,Hardware Composed: Independent Flip,28588.3637,NA,17.48570000000000,17.78250000000000,0.29500000000000,4.97260000000000,5.0486,28571.1537,17.5050,17.2100,0.2950,4.4279,17.7547,15.0431,2.7116,-2.0454,28571.1537,NA,10.0164,NA
SandFall-Win64-Shipping.exe,32396,0x27E295FDE80,DXGI,0,0,1,Hardware Composed: Independent Flip,28603.2025,NA,14.83880000000000,15.71690000000000,0.27010000000000,4.63420000000000,5.9267,28588.6587,14.8139,14.5438,0.2701,4.6776,14.5004,14.4957,0.0047,1.7881,28588.6587,NA,10.7184,NA
SandFall-Win64-Shipping.exe,32396,0x27E295FDE80,DXGI,0,0,1,Hardware Composed: Independent Flip,28618.4342,NA,15.23170000000000,14.14620000000000,0.34020000000000,4.77440000000000,4.8412,28603.4726,15.3018,14.9616,0.3402,4.3641,15.3719,14.8622,0.5097,0.6677,28603.4726,NA,7.8728,NA
SandFall-Win64-Shipping.exe,32396,0x27E295FDE80,DXGI,0,0,1,Hardware Composed: Independent Flip,28633.9325,NA,15.49830000000000,16.16030000000000,0.39780000000000,5.02210000000000,5.5032,28618.7744,15.5559,15.1581,0.3978,4.4342,15.7460,15.0621,0.6839,-0.8585,28618.7744,NA,9.0340,NA
SandFall-Win64-Shipping.exe,32396,0x27E295FDE80,DXGI,0,0,1,Hardware Composed: Independent Flip,28650.0827,NA,16.15020000000000,15.57680000000000,0.29020000000000,4.89550000000000,4.9298,28634.3303,16.0426,15.7524,0.2902,4.6243,16.0236,15.2225,0.8011,-0.0209,28634.3303,NA,8.6063,NA
SandFall-Win64-Shipping.exe,32396,0x27E295FDE80,DXGI,0,0,1,Hardware Composed: Independent Flip,28667.8294,NA,17.74670000000000,16.72020000000000,0.31820000000000,3.74360000000000,3.9033,28650.3729,17.7747,17.4565,0.3182,4.6053,16.5948,14.5718,2.0230,-0.6776,28650.3729,NA,12.3230,NA
SandFall-Win64-Shipping.exe,32396,0x27E295FDE80,DXGI,0,0,1,Hardware Composed: Independent Flip,28684.0356,NA,16.20620000000000,17.76320000000000,0.33350000000000,5.40180000000000,5.4603,28668.1476,16.2215,15.8880,0.3335,3.4254,17.8644,15.9397,1.9247,0.0115,28668.1476,NA,13.0907,NA
SandFall-Win64-Shipping.exe,32396,0x27E295FDE80,DXGI,0,0,1,Hardware Composed: Independent Flip,28699.0431,NA,15.00750000000000,14.87580000000000,0.31300000000000,4.63330000000000,5.3286,28684.3691,14.9870,14.6740,0.3130,5.0683,14.2390,14.2335,0.0055,1.3457,28684.3691,NA,NA,NA
SandFall-Win64-Shipping.exe,32396,0x27E295FDE80,DXGI,0,0,1,Hardware Composed: Independent Flip,28714.4170,NA,15.37390000000000,14.22290000000000,0.65570000000000,4.10950000000000,4.1776,28699.3561,15.7166,15.0609,0.6557,4.3203,14.8501,14.8443,0.0058,0.7641,28699.3561,NA,NA,NA
SandFall-Win64-Shipping.exe,32396,0x27E295FDE80,DXGI,0,0,1,Hardware Composed: Independent Flip,28729.8301,NA,15.41310000000000,15.95050000000000,0.26400000000000,4.37180000000000,4.7150,28715.0727,15.0214,14.7574,0.2640,3.4538,15.6754,14.5356,1.1398,-0.2339,28715.0727,NA,18.1432,NA
SandFall-Win64-Shipping.exe,32396,0x27E295FDE80,DXGI,0,0,1,Hardware Composed: Independent Flip,28746.2757,NA,16.44560000000000,15.81250000000000,0.33350000000000,4.01700000000000,4.0819,28730.0941,16.5151,16.1816,0.3335,4.1078,16.0908,15.0900,1.0008,-0.7911,28730.0941,NA,NA,NA
SandFall-Win64-Shipping.exe,32396,0x27E295FDE80,DXGI,0,0,1,Hardware Composed: Independent Flip,28762.6105,NA,16.33480000000000,16.46980000000000,0.31330000000000,3.95890000000000,4.2169,28746.6092,16.3146,16.0013,0.3133,3.6835,16.2767,14.4917,1.7850,0.0453,28746.6092,NA,NA,NA
SandFall-Win64-Shipping.exe,32396,0x27E295FDE80,DXGI,0,0,1,Hardware Composed: Independent Flip,28777.0783,NA,14.46780000000000,14.48610000000000,0.28800000000000,4.17410000000000,4.2352,28762.9238,14.4425,14.1545,0.2880,3.6456,14.6830,14.1804,0.5026,1.8285,28762.9238,NA,NA,NA
SandFall-Win64-Shipping.exe,32396,0x27E295FDE80,DXGI,0,0,1,Hardware Composed: Independent Flip,28793.3943,NA,16.31600000000000,16.22980000000000,0.30220000000000,4.10340000000000,4.1490,28777.3663,16.3302,16.0280,0.3022,3.8861,16.2453,14.1369,2.1084,-1.7873,28777.3663,NA,NA,NA
SandFall-Win64-Shipping.exe,32396,0x27E295FDE80,DXGI,0,0,1,Hardware Composed: Independent Flip,28807.6967,NA,14.30240000000000,15.15240000000000,0.31230000000000,4.22520000000000,4.9990,28793.6965,14.3125,14.0002,0.3123,3.8012,14.4242,14.3476,0.0766,1.1778,28793.6965,NA,NA,NA
SandFall-Win64-Shipping.exe,32396,0x27E295FDE80,DXGI,0,0,1,Hardware Composed: Independent Flip,28822.3632,NA,14.66650000000000,13.76760000000000,0.32650000000000,4.08040000000000,4.1001,28808.0090,14.6807,14.3542,0.3265,3.9129,14.5217,14.2501,0.2716,0.5449,28808.0090,NA,NA,NA
SandFall-Win64-Shipping.exe,32396,0x27E295FDE80,DXGI,0,0,1,Hardware Composed: Independent Flip,28837.5963,NA,15.23310000000000,16.91000000000000,0.28420000000000,4.45760000000000,5.7770,28822.6897,15.1908,14.9066,0.2842,3.7539,15.6103,14.1210,1.4893,-2.2293,28822.6897,NA,NA,NA
SandFall-Win64-Shipping.exe,32396,0x27E295FDE80,DXGI,0,0,1,Hardware Composed: Independent Flip,28853.2297,NA,15.63340000000000,14.52510000000000,0.31050000000000,4.39250000000000,4.6687,28837.8805,15.6597,15.3492,0.3105,4.1734,15.5683,14.4622,1.1061,0.6657,28837.8805,NA,NA,NA
SandFall-Win64-Shipping.exe,32396,0x27E295FDE80,DXGI,0,0,1,Hardware Composed: Independent Flip,28868.2567,NA,15.02700000000000,14.70870000000000,0.41670000000000,4.28770000000000,4.3504,28853.5402,15.1332,14.7165,0.4167,4.0820,14.9222,14.3631,0.5591,0.9510,28853.5402,NA,NA,NA
SandFall-Win64-Shipping.exe,32396,0x27E295FDE80,DXGI,0,0,1,Hardware Composed: Independent Flip,28883.3248,NA,15.06810000000000,15.61840000000000,0.28400000000000,4.54020000000000,4.9007,28868.6734,14.9354,14.6514,0.2840,3.8710,15.3206,14.3083,1.0123,-0.4852,28868.6734,NA,NA,NA
SandFall-Win64-Shipping.exe,32396,0x27E295FDE80,DXGI,0,0,1,Hardware Composed: Independent Flip,28897.6572,NA,14.33240000000000,13.93480000000000,0.31720000000000,4.44930000000000,4.5031,28883.6088,14.3656,14.0484,0.3172,4.2562,14.2415,14.0540,0.1875,1.0006,28883.6088,NA,NA,NA
SandFall-Win64-Shipping.exe,32396,0x27E295FDE80,DXGI,0,0,1,Hardware Composed: Independent Flip,28914.3866,NA,16.72940000000000,16.27510000000000,0.31800000000000,4.00200000000000,4.0488,28897.9744,16.7302,16.4122,0.3180,4.1321,16.2821,14.0582,2.2239,-1.9095,28897.9744,NA,NA,NA
SandFall-Win64-Shipping.exe,32396,0x27E295FDE80,DXGI,0,0,1,Hardware Composed: Independent Flip,28929.3903,NA,15.00370000000000,15.38900000000000,0.30260000000000,3.92160000000000,4.4341,28914.7046,14.9883,14.6857,0.3026,3.6840,14.9233,14.0920,0.8313,1.3412,28914.7046,NA,NA,NA
SandFall-Win64-Shipping.exe,32396,0x27E295FDE80,DXGI,0,0,1,Hardware Composed: Independent Flip,28945.5303,NA,16.14000000000000,15.57500000000000,0.29350000000000,3.83090000000000,3.8691,28929.6929,16.1309,15.8374,0.2935,3.6190,16.0493,14.1346,1.9147,-0.5867,28929.6929,NA,NA,NA
SandFall-Win64-Shipping.exe,32396,0x27E295FDE80,DXGI,0,0,1,Hardware Composed: Independent Flip,28960.1869,NA,14.65660000000000,16.49570000000000,0.27300000000000,4.73580000000000,5.7082,28945.8238,14.6361,14.3631,0.2730,3.5374,15.5615,14.6889,0.8726,-0.3648,28945.8238,NA,NA,NA
SandFall-Win64-Shipping.exe,32396,0x27E295FDE80,DXGI,0,0,1,Hardware Composed: Independent Flip,28974.4125,NA,14.22560000000000,13.11470000000000,0.35230000000000,4.53220000000000,4.5973,28960.4599,14.3049,13.9526,0.3523,4.4628,14.0220,14.0160,0.0060,1.5214,28960.4599,NA,NA,NA
SandFall-Win64-Shipping.exe,32396,0x27E295FDE80,DXGI,0,0,1,Hardware Composed: Independent Flip,28990.8110,NA,16.39850000000000,15.78320000000000,0.30240000000000,3.54830000000000,3.9820,28974.7648,16.3486,16.0462,0.3024,4.1799,15.4146,14.2333,1.1813,-1.4783,28974.7648,NA,NA,NA
SandFall-Win64-Shipping.exe,32396,0x27E295FDE80,DXGI,0,0,1,Hardware Composed: Independent Flip,29005.0867,NA,14.27570000000000,15.28710000000000,0.35410000000000,4.12980000000000,4.9934,28991.1134,14.3274,13.9733,0.3541,3.2459,14.8572,13.8720,0.9852,1.0615,28991.1134,NA,NA,NA
SandFall-Win64-Shipping.exe,32396,0x27E295FDE80,DXGI,0,0,1,Hardware Composed: Independent Flip,29021.7273,NA,16.64060000000000,15.45510000000000,0.36450000000000,3.78820000000000,3.8079,29005.4408,16.6510,16.2865,0.3645,3.7757,16.2990,14.1258,2.1732,-1.1277,29005.4408,NA,NA,NA
SandFall-Win64-Shipping.exe,32396,0x27E295FDE80,DXGI,0,0,1,Hardware Composed: Independent Flip,29037.0133,NA,15.28600000000000,15.85290000000000,0.33800000000000,3.42730000000000,4.3748,29022.0918,15.2595,14.9215,0.3380,3.4237,14.9251,13.9023,1.0228,0.7981,29022.0918,NA,NA,NA
SandFall-Win64-Shipping.exe,32396,0x27E295FDE80,DXGI,0,0,1,Hardware Composed: Independent Flip,29052.1460,NA,15.13270000000000,14.71390000000000,0.29590000000000,3.88700000000000,3.9560,29037.3513,15.0906,14.7947,0.2959,3.0893,15.5924,13.9074,1.6850,0.5456,29037.3513,NA,NA,NA
SandFall-Win64-Shipping.exe,32396,0x27E295FDE80,DXGI,0,0,1,Hardware Composed: Independent Flip,29066.9250,NA,14.77900000000000,15.05640000000000,0.30450000000000,3.88670000000000,4.2334,29052.4419,14.7876,14.4831,0.3045,3.5911,14.7787,13.7465,1.0322,0.0342,29052.4419,NA,NA,NA
SandFall-Win64-Shipping.exe,32396,0x27E295FDE80,DXGI,0,0,1,Hardware Composed: Independent Flip,29082.6022,NA,15.67720000000000,15.35140000000000,0.29750000000000,3.84380000000000,3.9076,29067.2295,15.6702,15.3727,0.2975,3.5822,15.6343,13.9788,1.6555,-0.5638,29067.2295,NA,NA,NA
SandFall-Win64-Shipping.exe,32396,0x27E295FDE80,DXGI,0,0,1,Hardware Composed: Independent Flip,29099.6443,NA,17.04210000000000,17.19110000000000,0.25770000000000,3.59530000000000,4.0566,29082.8997,17.0023,16.7446,0.2577,3.5463,16.7936,14.0129,2.7807,-1.5209,29082.8997,NA,NA,NA
SandFall-Win64-Shipping.exe,32396,0x27E295FDE80,DXGI,0,0,1,Hardware Composed: Independent Flip,29115.1701,NA,15.52580000000000,15.08610000000000,0.27070000000000,3.55420000000000,3.6169,29099.9020,15.5388,15.2681,0.2707,3.3376,15.4847,14.0652,1.4195,1.9162,29099.9020,NA,NA,NA
SandFall-Win64-Shipping.exe,32396,0x27E295FDE80,DXGI,0,0,1,Hardware Composed: Independent Flip,29129.9989,NA,14.82880000000000,14.93650000000000,0.26240000000000,3.68550000000000,3.7246,29115.4408,14.8205,14.5581,0.2624,3.2835,14.9601,13.9898,0.9703,0.6023,29115.4408,NA,NA,NA
SandFall-Win64-Shipping.exe,32396,0x27E295FDE80,DXGI,0,0,1,Hardware Composed: Independent Flip,29143.6537,NA,13.65480000000000,14.74650000000000,0.27360000000000,4.17740000000000,4.8163,29130.2613,13.6660,13.3924,0.2736,3.4231,14.1467,14.1188,0.0279,0.0740,29130.2613,NA,NA,NA
SandFall-Win64-Shipping.exe,32396,0x27E295FDE80,DXGI,0,0,1,Hardware Composed: Independent Flip,29157.2160,NA,13.56230000000000,12.87880000000000,0.26650000000000,4.09920000000000,4.1328,29143.9273,13.5552,13.2887,0.2665,3.9038,13.4841,13.4789,0.0052,0.7872,29143.9273,NA,NA,NA
SandFall-Win64-Shipping.exe,32396,0x27E295FDE80,DXGI,0,0,1,Hardware Composed: Independent Flip,29171.3262,NA,14.11020000000000,14.94000000000000,0.29480000000000,4.23590000000000,4.9626,29157.4825,14.1385,13.8437,0.2948,3.8327,14.2469,14.1870,0.0599,-1.3848,29157.4825,NA,NA,NA
SandFall-Win64-Shipping.exe,32396,0x27E295FDE80,DXGI,0,0,1,Hardware Composed: Independent Flip,29184.5359,NA,13.20970000000000,13.30770000000000,0.33940000000000,4.66950000000000,5.0606,29171.6210,13.2543,12.9149,0.3394,3.9411,13.6433,13.6389,0.0044,0.8308,29171.6210,NA,NA,NA
SandFall-Win64-Shipping.exe,32396,0x27E295FDE80,DXGI,0,0,1,Hardware Composed: Independent Flip,29199.6477,NA,15.11180000000000,14.73150000000000,0.26660000000000,4.61320000000000,4.6803,29184.8753,15.0390,14.7724,0.2666,4.3301,15.0555,14.4328,0.6227,-1.4772,29184.8753,NA,NA,NA
SandFall-Win64-Shipping.exe,32396,0x27E295FDE80,DXGI,0,0,1,Hardware Composed: Independent Flip,29214.1824,NA,14.53470000000000,15.35590000000000,0.35580000000000,4.38630000000000,5.5015,29199.9143,14.6239,14.2681,0.3558,4.3466,14.3078,14.1847,0.1231,-0.3169,29199.9143,NA,8.2758,NA
SandFall-Win64-Shipping.exe,32396,0x27E295FDE80,DXGI,0,0,1,Hardware Composed: Independent Flip,29230.6779,NA,16.49550000000000,14.71480000000000,0.32680000000000,3.65080000000000,3.7208,29214.5382,16.4665,16.1397,0.3268,4.0305,15.7600,13.9388,1.8212,-0.0909,29214.5382,NA,9.9587,NA
SandFall-Win64-Shipping.exe,32396,0x27E295FDE80,DXGI,0,0,1,Hardware Composed: Independent Flip,29246.4742,NA,15.79630000000000,16.53210000000000,0.25900000000000,3.67980000000000,4.4566,29231.0047,15.7285,15.4695,0.2590,3.3240,15.8253,14.2228,1.6025,-0.0656,29231.0047,NA,NA,NA
SandFall-Win64-Shipping.exe,32396,0x27E295FDE80,DXGI,0,0,1,Hardware Composed: Independent Flip,29262.3096,NA,15.83540000000000,14.79860000000000,0.25580000000000,3.40080000000000,3.4198,29246.7332,15.8322,15.5764,0.2558,3.4208,15.5564,14.2725,1.2839,0.9299,29246.7332,NA,NA,NA
SandFall-Win64-Shipping.exe,32396,0x27E295FDE80,DXGI,0,0,1,Hardware Composed: Independent Flip,29277.5622,NA,15.25260000000000,16.07970000000000,0.25160000000000,4.17650000000000,4.2469,29262.5654,15.2484,14.9968,0.2516,3.1450,16.0283,14.2610,1.7673,-0.2475,29262.5654,NA,NA,NA
SandFall-Win64-Shipping.exe,32396,0x27E295FDE80,DXGI,0,0,1,Hardware Composed: Independent Flip,29292.3642,NA,14.80200000000000,14.81780000000000,0.25770000000000,4.14570000000000,4.2627,29277.8138,14.8081,14.5504,0.2577,3.9249,14.7712,14.6633,0.1079,0.4306,29277.8138,NA,NA,NA
SandFall-Win64-Shipping.exe,32396,0x27E295FDE80,DXGI,0,0,1,Hardware Composed: Independent Flip,29307.4248,NA,15.06060000000000,15.18900000000000,0.25940000000000,4.33770000000000,4.3911,29292.6219,15.0623,14.8029,0.2594,3.8880,15.2526,14.5388,0.7138,-0.3809,29292.6219,NA,NA,NA
SandFall-Win64-Shipping.exe,32396,0x27E295FDE80,DXGI,0,0,1,Hardware Composed: Independent Flip,29320.5403,NA,13.11550000000000,13.90960000000000,0.31340000000000,4.42520000000000,5.1852,29307.6842,13.1695,12.8561,0.3134,4.0783,13.2030,13.1977,0.0053,1.1527,29307.6842,NA,NA,NA
SandFall-Win64-Shipping.exe,32396,0x27E295FDE80,DXGI,0,0,1,Hardware Composed: Independent Flip,29335.7463,NA,15.20600000000000,13.73280000000000,0.28060000000000,3.66600000000000,3.7120,29320.8537,15.1732,14.8926,0.2806,4.1118,14.4468,14.1299,0.3169,-0.5633,29320.8537,NA,NA,NA
SandFall-Win64-Shipping.exe,32396,0x27E295FDE80,DXGI,0,0,1,Hardware Composed: Independent Flip,29350.7082,NA,14.96190000000000,16.33540000000000,0.28310000000000,3.75270000000000,5.0855,29336.0269,14.9644,14.6813,0.2831,3.3854,15.0486,14.0438,1.0048,-1.1622,29336.0269,NA,NA,NA
SandFall-Win64-Shipping.exe,32396,0x27E295FDE80,DXGI,0,0,1,Hardware Composed: Independent Flip,29366.3576,NA,15.64940000000000,15.09100000000000,0.30290000000000,4.43260000000000,4.5271,29350.9913,15.6692,15.3663,0.3029,3.4696,16.3293,15.0860,1.2433,-0.1266,29350.9913,NA,NA,NA
SandFall-Win64-Shipping.exe,32396,0x27E295FDE80,DXGI,0,0,1,Hardware Composed: Independent Flip,29381.5679,NA,15.21030000000000,15.34850000000000,0.25150000000000,4.63130000000000,4.6653,29366.6605,15.1589,14.9074,0.2515,4.1297,15.4090,14.2689,1.1401,0.3207,29366.6605,NA,NA,NA
SandFall-Win64-Shipping.exe,32396,0x27E295FDE80,DXGI,0,0,1,Hardware Composed: Independent Flip,29400.4201,NA,18.85220000000000,18.78330000000000,0.25860000000000,4.39970000000000,4.5964,29381.8194,18.8593,18.6007,0.2586,4.3798,18.6206,14.3046,4.3160,-3.6244,29381.8194,NA,NA,NA
SandFall-Win64-Shipping.exe,32396,0x27E295FDE80,DXGI,0,0,1,Hardware Composed: Independent Flip,29416.9287,NA,16.50860000000000,16.59560000000000,0.27060000000000,4.65790000000000,4.6834,29400.6787,16.5206,16.2500,0.2706,4.1411,16.7668,14.4416,2.3252,2.2637,29400.6787,NA,NA,NA
SandFall-Win64-Shipping.exe,32396,0x27E295FDE80,DXGI,0,0,1,Hardware Composed: Independent Flip,29431.8658,NA,14.93710000000000,15.02390000000000,0.29710000000000,4.71580000000000,4.7702,29417.1993,14.9636,14.6665,0.2971,4.3873,14.9950,14.4064,0.5886,1.4967,29417.1993,NA,NA,NA
SandFall-Win64-Shipping.exe,32396,0x27E295FDE80,DXGI,0,0,1,Hardware Composed: Independent Flip,29445.6723,NA,13.80650000000000,14.27680000000000,0.25500000000000,4.30880000000000,5.2405,29432.1629,13.7644,13.5094,0.2550,4.4187,13.3995,13.3944,0.0051,0.6868,29432.1629,NA,NA,NA
SandFall-Win64-Shipping.exe,32396,0x27E295FDE80,DXGI,0,0,1,Hardware Composed: Independent Flip,29458.1610,NA,12.48870000000000,12.22930000000000,0.28270000000000,4.94480000000000,4.9811,29445.9273,12.5164,12.2337,0.2827,4.0538,13.1247,13.1220,0.0027,1.5351,29445.9273,NA,13.7371,NA
SandFall-Win64-Shipping.exe,32396,0x27E295FDE80,DXGI,0,0,1,Hardware Composed: Independent Flip,29470.4869,NA,12.32590000000000,14.47090000000000,0.26530000000000,5.87320000000000,7.1261,29458.4437,12.3085,12.0432,0.2653,4.6621,13.2543,13.2496,0.0047,-1.9545,29458.4437,NA,12.2065,NA
SandFall-Win64-Shipping.exe,32396,0x27E295FDE80,DXGI,0,0,1,Hardware Composed: Independent Flip,29485.9336,NA,15.44670000000000,12.70290000000000,0.31220000000000,4.31210000000000,4.3823,29470.7522,15.4936,15.1814,0.3122,5.6079,13.8856,13.8792,0.0064,-0.3944,29470.7522,NA,6.9189,NA
SandFall-Win64-Shipping.exe,32396,0x27E295FDE80,DXGI,0,0,1,Hardware Composed: Independent Flip,29499.5060,NA,13.57240000000000,14.19070000000000,0.25730000000000,4.85480000000000,5.0006,29486.2458,13.5175,13.2602,0.2573,3.9999,14.1151,14.1079,0.0072,1.3029,29486.2458,NA,7.0984,NA
SandFall-Win64-Shipping.exe,32396,0x27E295FDE80,DXGI,0,0,1,Hardware Composed: Independent Flip,29514.8925,NA,15.38650000000000,14.94520000000000,0.26820000000000,3.90910000000000,4.5593,29499.7633,15.3974,15.1292,0.2682,4.5975,14.4408,14.2384,0.2024,-1.4277,29499.7633,NA,7.0465,NA
SandFall-Win64-Shipping.exe,32396,0x27E295FDE80,DXGI,0,0,1,Hardware Composed: Independent Flip,29529.8969,NA,15.00440000000000,14.74810000000000,0.30440000000000,4.28430000000000,4.3030,29515.1607,15.0406,14.7362,0.3044,3.6409,15.3796,14.2312,1.1484,0.6493,29515.1607,NA,5.7919,NA
SandFall-Win64-Shipping.exe,32396,0x27E295FDE80,DXGI,0,0,1,Hardware Composed: Independent Flip,29547.2642,NA,17.36730000000000,18.19400000000000,0.28400000000000,4.55660000000000,5.1297,29530.2013,17.3469,17.0629,0.2840,3.9799,17.6396,14.7391,2.9005,-3.1534,29530.2013,NA,7.9710,NA
SandFall-Win64-Shipping.exe,32396,0x27E295FDE80,DXGI,0,0,1,Hardware Composed: Independent Flip,29562.7598,NA,15.49560000000000,15.02660000000000,0.26000000000000,4.59660000000000,4.6607,29547.5482,15.4716,15.2116,0.2600,4.2726,15.5356,14.5950,0.9406,2.3203,29547.5482,NA,8.0212,NA
SandFall-Win64-Shipping.exe,32396,0x27E295FDE80,DXGI,0,0,1,Hardware Composed: Independent Flip,29578.1235,NA,15.36370000000000,15.07690000000000,0.26960000000000,4.34300000000000,4.3739,29563.0198,15.3733,15.1037,0.2696,4.3366,15.1101,14.2995,0.8106,0.3947,29563.0198,NA,7.0900,NA
SandFall-Win64-Shipping.exe,32396,0x27E295FDE80,DXGI,0,0,1,Hardware Composed: Independent Flip,29592.5939,NA,14.47040000000000,15.72830000000000,0.27390000000000,4.60470000000000,5.6318,29578.3931,14.4747,14.2008,0.2739,4.0734,14.7321,14.2792,0.4529,-0.3550,29578.3931,NA,6.8198,NA
SandFall-Win64-Shipping.exe,32396,0x27E295FDE80,DXGI,0,0,1,Hardware Composed: Independent Flip,29609.7644,NA,17.17050000000000,15.07930000000000,0.30740000000000,3.47030000000000,3.5406,29592.8678,17.2040,16.8966,0.3074,4.3308,16.0361,14.3117,1.7244,-0.6046,29592.8678,NA,8.8935,NA
SandFall-Win64-Shipping.exe,32396,0x27E295FDE80,DXGI,0,0,1,Hardware Composed: Independent Flip,29626.5256,NA,16.76120000000000,17.17330000000000,0.29930000000000,3.27630000000000,3.9527,29610.0718,16.7531,16.4538,0.2993,3.1629,16.5672,14.6664,1.9008,0.0307,29610.0718,NA,10.0695,NA
SandFall-Win64-Shipping.exe,32396,0x27E295FDE80,DXGI,0,0,1,Hardware Composed: Independent Flip,29641.3050,NA,14.77940000000000,15.56640000000000,0.30480000000000,4.28830000000000,4.7397,29626.8249,14.7849,14.4801,0.3048,2.9770,15.7914,14.4550,1.3364,1.1867,29626.8249,NA,12.6470,NA
SandFall-Win64-Shipping.exe,32396,0x27E295FDE80,DXGI,0,0,1,Hardware Composed: Independent Flip,29656.8246,NA,15.51960000000000,14.89600000000000,0.28650000000000,4.05360000000000,4.1161,29641.6098,15.5013,15.2148,0.2865,3.9835,15.2849,14.3696,0.9153,-0.1111,29641.6098,NA,13.5289,NA
SandFall-Win64-Shipping.exe,32396,0x27E295FDE80,DXGI,0,0,1,Hardware Composed: Independent Flip,29671.4203,NA,14.59570000000000,15.04200000000000,0.28290000000000,4.45190000000000,4.5624,29657.1111,14.5921,14.3092,0.2829,3.7671,14.9940,14.6141,0.3799,0.4593,29657.1111,NA,11.5721,NA
SandFall-Win64-Shipping.exe,32396,0x27E295FDE80,DXGI,0,0,1,Hardware Composed: Independent Flip,29686.4358,NA,15.01550000000000,15.05210000000000,0.28680000000000,4.53330000000000,4.5990,29671.7032,15.0194,14.7326,0.2868,4.1690,15.0969,14.5118,0.5851,-0.4600,29671.7032,NA,9.6302,NA
SandFall-Win64-Shipping.exe,32396,0x27E295FDE80,DXGI,0,0,1,Hardware Composed: Independent Flip,29702.2015,NA,15.76570000000000,15.23700000000000,0.27000000000000,3.98290000000000,4.0703,29686.7226,15.7489,15.4789,0.2700,4.2465,15.2153,14.6023,0.6130,-0.2176,29686.7226,NA,8.8626,NA
SandFall-Win64-Shipping.exe,32396,0x27E295FDE80,DXGI,0,0,1,Hardware Composed: Independent Flip,29716.8476,NA,14.64610000000000,14.88040000000000,0.29580000000000,4.28100000000000,4.3046,29702.4715,14.6719,14.3761,0.2958,3.7129,14.9442,14.4454,0.4988,0.8685,29702.4715,NA,7.7559,NA
SandFall-Win64-Shipping.exe,32396,0x27E295FDE80,DXGI,0,0,1,Hardware Composed: Independent Flip,29732.0687,NA,15.22110000000000,15.39660000000000,0.29580000000000,4.43420000000000,4.4801,29717.1434,15.2211,14.9253,0.2958,3.9852,15.3743,14.8074,0.5669,-0.7247,29717.1434,NA,7.1477,NA
SandFall-Win64-Shipping.exe,32396,0x27E295FDE80,DXGI,0,0,1,Hardware Composed: Independent Flip,29747.2901,NA,15.22140000000000,15.00410000000000,0.32840000000000,4.15280000000000,4.2628,29732.3645,15.2540,14.9256,0.3284,4.1384,14.9400,14.5145,0.4255,0.2170,29732.3645,NA,7.1530,NA
SandFall-Win64-Shipping.exe,32396,0x27E295FDE80,DXGI,0,0,1,Hardware Composed: Independent Flip,29762.4400,NA,15.14990000000000,15.76550000000000,0.28580000000000,4.81450000000000,4.8784,29747.6185,15.1073,14.8215,0.2858,3.8244,15.8116,14.8634,0.9482,-0.5115,29747.6185,NA,7.9216,NA
SandFall-Win64-Shipping.exe,32396,0x27E295FDE80,DXGI,0,0,1,Hardware Composed: Independent Flip,29779.6735,NA,17.23350000000000,16.32950000000000,0.28730000000000,3.67590000000000,3.9744,29762.7258,17.2350,16.9477,0.2873,4.5287,16.0949,14.5566,1.5383,-1.2222,29762.7258,NA,9.2453,NA
SandFall-Win64-Shipping.exe,32396,0x27E295FDE80,DXGI,0,0,1,Hardware Composed: Independent Flip,29794.3856,NA,14.71210000000000,15.45990000000000,0.38090000000000,4.68460000000000,4.7222,29779.9608,14.8057,14.4248,0.3809,3.3886,15.7208,14.8680,0.8528,1.7751,29779.9608,NA,8.7067,NA
SandFall-Win64-Shipping.exe,32396,0x27E295FDE80,DXGI,0,0,1,Hardware Composed: Independent Flip,29809.5423,NA,15.15670000000000,15.47670000000000,0.28890000000000,5.01750000000000,5.0422,29794.7665,15.0647,14.7758,0.2889,4.3037,15.4896,15.2073,0.2823,-0.6710,29794.7665,NA,9.1839,NA
SandFall-Win64-Shipping.exe,32396,0x27E295FDE80,DXGI,0,0,1,Hardware Composed: Independent Flip,29826.0038,NA,16.46150000000000,15.64280000000000,0.28030000000000,4.14980000000000,4.2235,29809.8312,16.4529,16.1726,0.2803,4.7286,15.5938,15.0932,0.5006,-0.5781,29809.8312,NA,10.8235,NA
SandFall-Win64-Shipping.exe,32396,0x27E295FDE80,DXGI,0,0,1,Hardware Composed: Independent Flip,29841.6727,NA,15.66890000000000,16.04480000000000,0.31790000000000,4.55310000000000,4.5994,29826.2841,15.7065,15.3886,0.3179,3.8695,16.0722,15.1003,0.9719,0.4081,29826.2841,NA,10.8607,NA
SandFall-Win64-Shipping.exe,32396,0x27E295FDE80,DXGI,0,0,1,Hardware Composed: Independent Flip,29856.4338,NA,14.76110000000000,14.58570000000000,0.27130000000000,4.16730000000000,4.4240,29841.9906,14.7145,14.4432,0.2713,4.2352,14.3753,14.3707,0.0046,1.1208,29841.9906,NA,8.4484,NA
SandFall-Win64-Shipping.exe,32396,0x27E295FDE80,DXGI,0,0,1,Hardware Composed: Independent Flip,29871.6911,NA,15.25730000000000,15.88790000000000,0.27620000000000,4.98740000000000,5.0546,29856.7051,15.2622,14.9860,0.2762,3.8960,16.0774,15.0680,1.0094,-1.1734,29856.7051,NA,8.3437,NA
SandFall-Win64-Shipping.exe,32396,0x27E295FDE80,DXGI,0,0,1,Hardware Composed: Independent Flip,29886.9246,NA,15.23350000000000,15.23540000000000,0.26390000000000,4.17370000000000,5.0565,29871.9673,15.2212,14.9573,0.2639,4.7112,14.4198,14.4090,0.0108,0.0268,29871.9673,NA,7.5743,NA
SandFall-Win64-Shipping.exe,32396,0x27E295FDE80,DXGI,0,0,1,Hardware Composed: Independent Flip,29901.4233,NA,14.49870000000000,14.30650000000000,0.38260000000000,4.84440000000000,4.8643,29887.1885,14.6174,14.2348,0.3826,3.9098,15.1694,14.8431,0.3263,0.9147,29887.1885,NA,6.8856,NA
SandFall-Win64-Shipping.exe,32396,0x27E295FDE80,DXGI,0,0,1,Hardware Composed: Independent Flip,29917.8310,NA,16.40770000000000,15.78310000000000,0.27790000000000,3.80980000000000,4.2397,29901.8059,16.3030,16.0251,0.2779,4.4618,15.3731,14.5654,0.8077,-1.1657,29901.8059,NA,7.6680,NA
SandFall-Win64-Shipping.exe,32396,0x27E295FDE80,DXGI,0,0,1,Hardware Composed: Independent Flip,29933.2191,NA,15.38810000000000,16.55930000000000,0.29450000000000,5.36500000000000,5.4109,29918.1089,15.4047,15.1102,0.2945,3.5319,16.9433,15.3970,1.5463,-0.2563,29918.1089,NA,7.2289,NA
SandFall-Win64-Shipping.exe,32396,0x27E295FDE80,DXGI,0,0,1,Hardware Composed: Independent Flip,29949.8257,NA,16.60660000000000,15.81000000000000,0.29760000000000,3.79050000000000,4.6143,29933.5136,16.6097,16.3121,0.2976,5.0705,15.0321,14.6750,0.3571,-0.4053,29933.5136,NA,10.0297,NA
SandFall-Win64-Shipping.exe,32396,0x27E295FDE80,DXGI,0,0,1,Hardware Composed: Independent Flip,29964.3483,NA,14.52260000000000,14.65290000000000,0.28710000000000,4.67710000000000,4.7446,29950.1233,14.5121,14.2250,0.2871,3.4929,15.4092,14.6331,0.7761,1.9568,29950.1233,NA,7.6955,NA
SandFall-Win64-Shipping.exe,32396,0x27E295FDE80,DXGI,0,0,1,Hardware Composed: Independent Flip,29980.8016,NA,16.45330000000000,16.42520000000000,0.29950000000000,4.49850000000000,4.7165,29964.6354,16.4657,16.1662,0.2995,4.3900,16.2747,14.5843,1.6904,-1.9131,29964.6354,NA,8.1155,NA
