Application,ProcessID,SwapChainAddress,PresentRuntime,SyncInterval,PresentFlags,AllowsTearing,PresentMode,CPUStartTime,FrameTime,CPUBusy,CPUWait,GPULatency,GPUTime,GPUBusy,GPUWait,DisplayLatency,DisplayedTime,AnimationError,AnimationTime,MsFlipDelay,AllInputToPhotonLatency,ClickToPhotonLatency
SandFall-Win64-Shipping.exe,27068,0x1FE3BB43140,DXGI,0,512,1,Hardware: Independent Flip,87.2908,0.3155,0.1623,0.1532,36.2995,0.1643,0.1623,0.0020,54.4024,17.6713,NA,87.2908,17.9386,NA,NA
SandFall-Win64-Shipping.exe,27068,0x1FE3BB43140,DXGI,0,512,1,Hardware: Independent Flip,87.6063,34.5129,34.0732,0.4397,36.1483,34.2554,34.2489,0.0065,71.7582,16.4884,-17.3558,87.6063,1.3545,68.7738,NA
SandFall-Win64-Shipping.exe,27068,0x1FE3BB43140,DXGI,0,512,1,Hardware: Independent Flip,122.1192,0.3811,0.2098,0.1713,35.8908,0.1587,0.1559,0.0028,53.7337,17.9622,18.0245,122.1192,17.6842,NA,NA
SandFall-Win64-Shipping.exe,27068,0x1FE3BB43140,DXGI,0,512,1,Hardware: Independent Flip,122.5003,34.5092,34.2171,0.2921,35.6684,34.8733,34.8708,0.0025,71.3148,17.1123,-17.5811,122.5003,0.7731,NA,NA
SandFall-Win64-Shipping.exe,27068,0x1FE3BB43140,DXGI,0,512,1,Hardware: Independent Flip,157.0095,0.3232,0.1694,0.1538,36.0325,0.1783,0.1763,0.0020,53.9179,18.0100,17.3969,157.0095,17.7071,NA,NA
SandFall-Win64-Shipping.exe,27068,0x1FE3BB43140,DXGI,0,512,1,Hardware: Independent Flip,157.3327,34.0966,33.8095,0.2871,35.8876,35.3487,35.3457,0.0030,71.6047,20.6169,-17.6868,157.3327,0.3684,NA,NA
SandFall-Win64-Shipping.exe,27068,0x1FE3BB43140,DXGI,0,512,1,Hardware: Independent Flip,191.4293,0.3714,0.1903,0.1811,37.1397,0.1151,0.1130,0.0021,58.1250,14.8446,13.4797,191.4293,20.8702,NA,NA
SandFall-Win64-Shipping.exe,27068,0x1FE3BB43140,DXGI,0,512,1,Hardware: Independent Flip,191.8007,34.9967,34.7473,0.2494,36.8834,34.2143,34.2117,0.0026,72.5982,18.4615,-14.4732,191.8007,1.5005,NA,NA
SandFall-Win64-Shipping.exe,27068,0x1FE3BB43140,DXGI,0,512,1,Hardware: Independent Flip,226.7974,0.3164,0.1644,0.1520,36.1010,0.1598,0.1571,0.0027,56.0630,15.9050,16.5352,226.7974,19.8022,NA,NA
SandFall-Win64-Shipping.exe,27068,0x1FE3BB43140,DXGI,0,512,1,Hardware: Independent Flip,227.1138,34.1853,33.9301,0.2552,35.9444,34.2061,34.2001,0.0060,71.6516,17.2653,-15.5886,227.1138,1.5011,71.1859,NA
SandFall-Win64-Shipping.exe,27068,0x1FE3BB43140,DXGI,0,512,1,Hardware: Independent Flip,261.2991,0.3585,0.1720,0.1865,35.9652,0.1558,0.1526,0.0032,54.7316,17.1624,16.9200,261.2991,18.6106,NA,NA
SandFall-Win64-Shipping.exe,27068,0x1FE3BB43140,DXGI,0,512,1,Hardware: Independent Flip,261.6576,33.9232,33.6434,0.2798,35.7625,34.2727,34.2699,0.0028,71.5355,16.9605,-16.8039,261.6576,1.5003,68.6135,NA
SandFall-Win64-Shipping.exe,27068,0x1FE3BB43140,DXGI,0,512,1,Hardware: Independent Flip,295.5808,0.3375,0.1733,0.1642,36.1120,0.1549,0.1526,0.0023,54.5728,16.9589,16.9627,295.5808,18.3059,NA,NA
SandFall-Win64-Shipping.exe,27068,0x1FE3BB43140,DXGI,0,512,1,Hardware: Independent Flip,295.9183,34.0688,33.8212,0.2476,35.9294,33.7641,33.7570,0.0071,71.1942,16.8327,-16.6214,295.9183,1.5007,NA,NA
SandFall-Win64-Shipping.exe,27068,0x1FE3BB43140,DXGI,0,512,1,Hardware: Independent Flip,329.9871,0.3227,0.1638,0.1589,35.6247,0.1285,0.1285,0.0000,53.9581,17.2838,17.2361,329.9871,18.2049,NA,NA
SandFall-Win64-Shipping.exe,27068,0x1FE3BB43140,DXGI,0,512,1,Hardware: Independent Flip,330.3098,33.5117,33.2591,0.2526,35.4305,33.9880,33.9825,0.0055,70.9192,16.8556,-16.9611,330.3098,1.5007,63.6358,NA
SandFall-Win64-Shipping.exe,27068,0x1FE3BB43140,DXGI,0,512,1,Hardware: Independent Flip,363.8215,0.3110,0.1613,0.1497,35.9068,0.1685,0.1664,0.0021,54.2631,17.2251,16.6561,363.8215,18.1878,NA,NA
SandFall-Win64-Shipping.exe,27068,0x1FE3BB43140,DXGI,0,512,1,Hardware: Independent Flip,364.1325,33.8116,33.5647,0.2469,35.7643,33.9123,33.9075,0.0048,71.1772,16.6866,-16.9141,364.1325,1.5006,62.7317,NA
SandFall-Win64-Shipping.exe,27068,0x1FE3BB43140,DXGI,0,512,1,Hardware: Independent Flip,397.9441,0.3169,0.1638,0.1531,35.8650,0.1633,0.1611,0.0022,54.0522,17.4750,17.1250,397.9441,18.0239,NA,NA
SandFall-Win64-Shipping.exe,27068,0x1FE3BB43140,DXGI,0,512,1,Hardware: Independent Flip,398.2610,36.2717,36.0090,0.2627,35.7114,33.9981,33.9919,0.0062,71.2103,16.5418,-17.1581,398.2610,1.5008,59.8762,NA
SandFall-Win64-Shipping.exe,27068,0x1FE3BB43140,DXGI,0,512,1,Hardware: Independent Flip,434.5327,0.3129,0.1626,0.1503,33.4378,0.1352,0.1332,0.0020,51.4804,16.8509,19.7299,434.5327,17.9074,NA,NA
SandFall-Win64-Shipping.exe,27068,0x1FE3BB43140,DXGI,0,512,1,Hardware: Independent Flip,434.8456,35.0184,34.7699,0.2485,33.2601,33.2572,33.2540,0.0032,68.0184,16.4411,-16.5380,434.8456,1.5011,57.2819,NA
SandFall-Win64-Shipping.exe,27068,0x1FE3BB43140,DXGI,0,512,1,Hardware: Independent Flip,469.8640,0.3125,0.1619,0.1506,31.4989,0.1227,0.1227,0.0000,49.4411,16.1615,18.5773,469.8640,17.8195,NA,NA
SandFall-Win64-Shipping.exe,27068,0x1FE3BB43140,DXGI,0,512,1,Hardware: Independent Flip,470.1765,34.2805,34.0278,0.2527,31.3091,32.4800,32.4739,0.0061,65.2901,16.2665,-15.8490,470.1765,1.5010,77.8776,NA
SandFall-Win64-Shipping.exe,27068,0x1FE3BB43140,DXGI,0,512,1,Hardware: Independent Flip,504.4570,0.3215,0.1675,0.1540,29.5086,0.0991,0.0972,0.0019,47.2761,17.2973,18.0140,504.4570,17.6684,NA,NA
SandFall-Win64-Shipping.exe,27068,0x1FE3BB43140,DXGI,0,512,1,Hardware: Independent Flip,504.7785,35.1094,34.8612,0.2482,29.2862,33.4652,33.4556,0.0096,64.2519,16.1854,-16.9758,504.7785,1.5005,78.3824,NA
SandFall-Win64-Shipping.exe,27068,0x1FE3BB43140,DXGI,0,512,1,Hardware: Independent Flip,539.8879,0.3239,0.1679,0.1560,27.6420,0.1467,0.1441,0.0026,45.3279,17.2096,18.9240,539.8879,17.5392,NA,NA
SandFall-Win64-Shipping.exe,27068,0x1FE3BB43140,DXGI,0,512,1,Hardware: Independent Flip,540.2118,36.1812,35.9202,0.2610,27.4648,33.2477,33.2431,0.0046,62.2136,16.1136,-16.8857,540.2118,1.5011,51.8473,NA
SandFall-Win64-Shipping.exe,27068,0x1FE3BB43140,DXGI,0,512,1,Hardware: Independent Flip,576.3930,0.3294,0.1545,0.1749,24.5313,0.1700,0.1683,0.0017,42.1460,16.0089,20.0676,576.3930,17.4447,NA,NA
SandFall-Win64-Shipping.exe,27068,0x1FE3BB43140,DXGI,0,512,1,Hardware: Independent Flip,576.7224,29.3578,29.1115,0.2463,24.3719,31.9527,31.9371,0.0156,57.8255,15.9914,-15.6795,576.7224,1.5009,47.9630,NA
SandFall-Win64-Shipping.exe,27068,0x1FE3BB43140,DXGI,0,512,1,Hardware: Independent Flip,606.0802,0.3105,0.1532,0.1573,26.9668,0.1459,0.1441,0.0018,44.4591,15.9765,13.3664,606.0802,17.3464,NA,NA
SandFall-Win64-Shipping.exe,27068,0x1FE3BB43140,DXGI,0,512,1,Hardware: Independent Flip,606.3907,33.8247,33.5585,0.2662,26.8022,31.8219,31.8129,0.0090,60.1251,15.7389,-15.6660,606.3907,1.5010,45.9352,NA
SandFall-Win64-Shipping.exe,27068,0x1FE3BB43140,DXGI,0,512,1,Hardware: Independent Flip,640.2154,0.3282,0.1533,0.1749,24.7994,0.0849,0.0831,0.0018,42.0393,18.3262,18.0858,640.2154,17.1550,NA,NA
SandFall-Win64-Shipping.exe,27068,0x1FE3BB43140,DXGI,0,512,1,Hardware: Independent Flip,640.5436,34.5024,34.2433,0.2591,24.5561,33.9803,32.7121,1.2682,60.0373,15.7380,-17.9980,640.5436,1.5009,44.9992,NA
SandFall-Win64-Shipping.exe,27068,0x1FE3BB43140,DXGI,0,512,1,Hardware: Independent Flip,675.0460,0.4940,0.1779,0.3161,24.0340,0.0674,0.0623,0.0051,41.2729,16.5261,18.7644,675.0460,17.1715,NA,NA
SandFall-Win64-Shipping.exe,27068,0x1FE3BB43140,DXGI,0,512,1,Hardware: Independent Flip,675.5400,33.7161,33.4550,0.2611,23.6074,33.0772,31.7653,1.3119,57.3050,16.5793,-16.0321,675.5400,0.6204,41.2256,NA
SandFall-Win64-Shipping.exe,27068,0x1FE3BB43140,DXGI,0,512,1,Hardware: Independent Flip,709.2561,0.3101,0.1579,0.1522,22.9685,0.0883,0.0830,0.0053,40.1682,18.3335,17.1368,709.2561,17.1114,NA,NA
SandFall-Win64-Shipping.exe,27068,0x1FE3BB43140,DXGI,0,512,1,Hardware: Independent Flip,709.5662,34.5621,34.3165,0.2456,22.7467,34.7675,32.2417,2.5258,58.1916,16.2760,-18.0234,709.5662,0.6774,46.1692,NA
SandFall-Win64-Shipping.exe,27068,0x1FE3BB43140,DXGI,0,512,1,Hardware: Independent Flip,744.1283,0.3175,0.1594,0.1581,22.9521,0.0663,0.0610,0.0053,39.9055,17.0963,18.2861,744.1283,16.8871,NA,NA
SandFall-Win64-Shipping.exe,27068,0x1FE3BB43140,DXGI,0,512,1,Hardware: Independent Flip,744.4458,33.8950,33.6434,0.2516,22.7009,33.9829,31.8089,2.1740,56.6843,17.0115,-16.7788,744.4458,0.0005,43.5122,NA
SandFall-Win64-Shipping.exe,27068,0x1FE3BB43140,DXGI,0,512,1,Hardware: Independent Flip,778.3408,0.3033,0.1506,0.1527,22.7888,0.0757,0.0741,0.0016,39.8008,14.4080,16.8835,778.3408,16.9363,NA,NA
SandFall-Win64-Shipping.exe,27068,0x1FE3BB43140,DXGI,0,512,1,Hardware: Independent Flip,778.6441,31.2420,30.9790,0.2630,22.5612,31.3433,31.1363,0.2070,53.9055,16.9721,-14.1047,778.6441,0.0010,39.9668,NA
SandFall-Win64-Shipping.exe,27068,0x1FE3BB43140,DXGI,0,512,1,Hardware: Independent Flip,809.8861,0.3064,0.1525,0.1539,22.6625,0.1253,0.1166,0.0087,39.6356,18.2964,14.2699,809.8861,16.8478,NA,NA
SandFall-Win64-Shipping.exe,27068,0x1FE3BB43140,DXGI,0,512,1,Hardware: Independent Flip,810.1925,33.5671,33.2748,0.2923,22.4814,34.2154,31.8264,2.3890,57.6256,15.4141,-17.9900,810.1925,0.9288,43.2399,NA
SandFall-Win64-Shipping.exe,27068,0x1FE3BB43140,DXGI,0,512,1,Hardware: Independent Flip,843.7596,0.3228,0.1612,0.1616,23.1297,0.1259,0.1243,0.0016,39.4726,18.0591,18.1530,843.7596,16.2170,NA,NA
SandFall-Win64-Shipping.exe,27068,0x1FE3BB43140,DXGI,0,512,1,Hardware: Independent Flip,844.0824,32.6032,32.3416,0.2616,22.9328,34.2756,33.3239,0.9517,57.2089,16.7342,-17.7363,844.0824,0.0005,43.7121,NA
SandFall-Win64-Shipping.exe,27068,0x1FE3BB43140,DXGI,0,512,1,Hardware: Independent Flip,876.6856,0.3340,0.1746,0.1594,24.6052,0.1461,0.1444,0.0017,41.3399,14.7943,15.8690,876.6856,16.5886,NA,NA
SandFall-Win64-Shipping.exe,27068,0x1FE3BB43140,DXGI,0,512,1,Hardware: Independent Flip,877.0196,30.9579,30.6766,0.2813,24.4173,31.3817,31.3731,0.0086,55.8002,17.1710,-14.4603,877.0196,0.0012,43.2384,NA
SandFall-Win64-Shipping.exe,27068,0x1FE3BB43140,DXGI,0,512,1,Hardware: Independent Flip,907.9775,0.3098,0.1572,0.1526,24.8411,0.1115,0.1084,0.0031,42.0133,15.6313,13.7869,907.9775,17.0607,NA,NA
SandFall-Win64-Shipping.exe,27068,0x1FE3BB43140,DXGI,0,512,1,Hardware: Independent Flip,908.2873,32.6089,32.2461,0.3628,24.6428,32.6789,32.6705,0.0084,57.3348,15.7139,-15.3215,908.2873,0.0131,44.0377,NA
SandFall-Win64-Shipping.exe,27068,0x1FE3BB43140,DXGI,0,512,1,Hardware: Independent Flip,940.8962,0.3090,0.1563,0.1527,24.7128,0.1094,0.1068,0.0026,40.4398,17.4167,16.8950,940.8962,15.6176,NA,NA
SandFall-Win64-Shipping.exe,27068,0x1FE3BB43140,DXGI,0,512,1,Hardware: Independent Flip,941.2052,32.1430,31.8087,0.3343,24.5132,32.9362,32.9249,0.0113,57.5475,15.6585,-17.1077,941.2052,0.0981,46.1629,NA
SandFall-Win64-Shipping.exe,27068,0x1FE3BB43140,DXGI,0,512,1,Hardware: Independent Flip,973.3482,0.4194,0.1967,0.2227,25.3064,0.1197,0.1176,0.0021,41.0630,15.4875,16.4845,973.3482,15.6369,NA,NA
SandFall-Win64-Shipping.exe,27068,0x1FE3BB43140,DXGI,0,512,1,Hardware: Independent Flip,973.7676,36.6344,36.3887,0.2457,25.0067,31.1231,31.1150,0.0081,56.1311,16.6354,-15.0681,973.7676,0.0013,45.3185,NA
SandFall-Win64-Shipping.exe,27068,0x1FE3BB43140,DXGI,0,512,1,Hardware: Independent Flip,1010.4020,0.3147,0.1574,0.1573,19.4954,0.1489,0.1457,0.0032,36.1321,14.5756,19.9990,1010.4020,16.4878,NA,NA
SandFall-Win64-Shipping.exe,27068,0x1FE3BB43140,DXGI,0,512,1,Hardware: Independent Flip,1010.7167,24.9744,24.6838,0.2906,19.3296,31.0629,31.0052,0.0577,50.3930,15.8982,-14.2609,1010.7167,0.0005,45.5271,NA
SandFall-Win64-Shipping.exe,27068,0x1FE3BB43140,DXGI,0,512,1,Hardware: Independent Flip,1035.6911,0.3222,0.1615,0.1607,25.4181,0.1139,0.1117,0.0022,41.3168,16.0636,9.0762,1035.6911,15.7848,NA,NA
SandFall-Win64-Shipping.exe,27068,0x1FE3BB43140,DXGI,0,512,1,Hardware: Independent Flip,1036.0133,31.3622,31.0922,0.2700,25.2098,31.3294,31.3207,0.0087,57.0582,15.3636,-15.7414,1036.0133,0.5190,45.4926,NA
SandFall-Win64-Shipping.exe,27068,0x1FE3BB43140,DXGI,0,512,1,Hardware: Independent Flip,1067.3755,0.5363,0.1583,0.3780,25.1770,0.1716,0.1682,0.0034,41.0596,15.5404,15.9986,1067.3755,15.7110,NA,NA
SandFall-Win64-Shipping.exe,27068,0x1FE3BB43140,DXGI,0,512,1,Hardware: Independent Flip,1067.9118,31.6833,31.3961,0.2872,24.8123,31.0761,31.0681,0.0080,56.0637,15.8550,-15.0041,1067.9118,0.1753,44.3546,NA
SandFall-Win64-Shipping.exe,27068,0x1FE3BB43140,DXGI,0,512,1,Hardware: Independent Flip,1099.5951,0.3416,0.1693,0.1723,24.2051,0.1277,0.1248,0.0029,40.2354,15.9445,15.8283,1099.5951,15.9026,NA,NA
SandFall-Win64-Shipping.exe,27068,0x1FE3BB43140,DXGI,0,512,1,Hardware: Independent Flip,1099.9367,32.7428,32.4213,0.3215,23.9912,31.5029,31.2570,0.2459,55.8383,15.5650,-15.6029,1099.9367,0.3442,44.1858,NA
SandFall-Win64-Shipping.exe,27068,0x1FE3BB43140,DXGI,0,512,1,Hardware: Independent Flip,1132.6795,0.3339,0.1641,0.1698,22.7513,0.0915,0.0875,0.0040,38.6605,14.9495,17.1778,1132.6795,15.8177,NA,NA
SandFall-Win64-Shipping.exe,27068,0x1FE3BB43140,DXGI,0,512,1,Hardware: Independent Flip,1133.0134,28.8566,28.4377,0.4189,22.5089,30.6084,30.5942,0.0142,53.2761,15.6204,-14.6156,1133.0134,0.1588,42.7051,NA
SandFall-Win64-Shipping.exe,27068,0x1FE3BB43140,DXGI,0,512,1,Hardware: Independent Flip,1161.8700,0.4021,0.2166,0.1855,24.2607,0.1312,0.0873,0.0439,40.0399,16.7311,13.2362,1161.8700,15.6480,NA,NA
SandFall-Win64-Shipping.exe,27068,0x1FE3BB43140,DXGI,0,512,1,Hardware: Independent Flip,1162.2721,35.3963,35.1243,0.2720,23.9898,31.8712,31.6073,0.2639,56.3689,15.2629,-16.3290,1162.2721,0.5079,46.0488,NA
SandFall-Win64-Shipping.exe,27068,0x1FE3BB43140,DXGI,0,512,1,Hardware: Independent Flip,1197.6684,0.3661,0.1625,0.2036,20.4647,0.1322,0.1293,0.0029,36.2355,15.1276,20.1334,1197.6684,15.6386,NA,NA
SandFall-Win64-Shipping.exe,27068,0x1FE3BB43140,DXGI,0,512,1,Hardware: Independent Flip,1198.0345,27.3660,27.1099,0.2561,20.2308,30.7655,30.7534,0.0121,50.9970,15.9519,-14.7615,1198.0345,0.0007,50.4507,NA
SandFall-Win64-Shipping.exe,27068,0x1FE3BB43140,DXGI,0,512,1,Hardware: Independent Flip,1225.4005,0.3296,0.1759,0.1537,23.6303,0.1175,0.1160,0.0015,39.5829,15.7554,11.4141,1225.4005,15.8351,NA,NA
SandFall-Win64-Shipping.exe,27068,0x1FE3BB43140,DXGI,0,512,1,Hardware: Independent Flip,1225.7301,31.5803,31.3296,0.2507,23.4182,31.3992,31.3863,0.0129,55.0087,15.5577,-15.4258,1225.7301,0.1913,51.9721,NA
SandFall-Win64-Shipping.exe,27068,0x1FE3BB43140,DXGI,0,512,1,Hardware: Independent Flip,1257.3104,0.3063,0.1531,0.1532,23.2371,0.1489,0.1468,0.0021,38.9861,15.4666,16.0226,1257.3104,15.6001,NA,NA
SandFall-Win64-Shipping.exe,27068,0x1FE3BB43140,DXGI,0,512,1,Hardware: Independent Flip,1257.6167,30.8494,30.5895,0.2599,23.0797,30.9633,30.9448,0.0185,54.1464,15.4843,-15.1603,1257.6167,0.1034,45.1875,NA
SandFall-Win64-Shipping.exe,27068,0x1FE3BB43140,DXGI,0,512,1,Hardware: Independent Flip,1288.4661,0.2982,0.1504,0.1478,23.1936,0.1341,0.1315,0.0026,38.7813,15.1404,15.3651,1288.4661,15.4536,NA,NA
SandFall-Win64-Shipping.exe,27068,0x1FE3BB43140,DXGI,0,512,1,Hardware: Independent Flip,1288.7643,33.9152,33.6315,0.2837,23.0295,30.4525,30.0024,0.4501,53.6235,15.5467,-14.8422,1288.7643,0.1415,43.8046,NA
SandFall-Win64-Shipping.exe,27068,0x1FE3BB43140,DXGI,0,512,1,Hardware: Independent Flip,1322.6795,0.3089,0.1537,0.1552,19.5668,0.1485,0.1464,0.0021,35.2550,14.4745,18.3685,1322.6795,15.5397,NA,NA
SandFall-Win64-Shipping.exe,27068,0x1FE3BB43140,DXGI,0,512,1,Hardware: Independent Flip,1322.9884,25.7431,25.4841,0.2590,19.4064,29.6686,29.6553,0.0133,49.4206,15.2029,-14.1656,1322.9884,0.3456,62.8200,NA
SandFall-Win64-Shipping.exe,27068,0x1FE3BB43140,DXGI,0,512,1,Hardware: Independent Flip,1348.7315,0.3068,0.1530,0.1538,23.3319,0.0512,0.0512,0.0000,38.8804,15.4603,10.5402,1348.7315,15.4973,NA,NA
SandFall-Win64-Shipping.exe,27068,0x1FE3BB43140,DXGI,0,512,1,Hardware: Independent Flip,1349.0383,34.4253,34.1764,0.2489,23.0763,30.2472,29.3287,0.9185,54.0339,14.8932,-15.1535,1349.0383,0.7104,40.4944,NA
SandFall-Win64-Shipping.exe,27068,0x1FE3BB43140,DXGI,0,512,1,Hardware: Independent Flip,1383.4636,0.2982,0.1524,0.1458,18.8982,0.0684,0.0626,0.0058,34.5018,15.9458,19.5321,1383.4636,15.5352,NA,NA
SandFall-Win64-Shipping.exe,27068,0x1FE3BB43140,DXGI,0,512,1,Hardware: Independent Flip,1383.7618,28.1172,27.7597,0.3575,18.6684,31.0472,30.1170,0.9302,50.1494,15.1249,-15.6476,1383.7618,0.4338,41.3293,NA
SandFall-Win64-Shipping.exe,27068,0x1FE3BB43140,DXGI,0,512,1,Hardware: Independent Flip,1411.8790,0.3274,0.1683,0.1591,21.5984,0.1287,0.1234,0.0053,37.1571,16.6783,12.9923,1411.8790,15.4300,NA,NA
SandFall-Win64-Shipping.exe,27068,0x1FE3BB43140,DXGI,0,512,1,Hardware: Independent Flip,1412.2064,31.1687,30.9197,0.2490,21.3997,32.0597,30.2592,1.8005,53.5080,15.3761,-16.3509,1412.2064,0.0486,42.1364,NA
SandFall-Win64-Shipping.exe,27068,0x1FE3BB43140,DXGI,0,512,1,Hardware: Independent Flip,1443.3751,0.3676,0.1569,0.2107,22.2907,0.1467,0.1451,0.0016,37.7154,15.4125,15.7926,1443.3751,15.2780,NA,NA
SandFall-Win64-Shipping.exe,27068,0x1FE3BB43140,DXGI,0,512,1,Hardware: Independent Flip,1443.7427,29.2345,28.9306,0.3039,22.0698,30.6896,30.6749,0.0147,52.7603,15.8102,-15.0449,1443.7427,0.0009,40.9229,NA
SandFall-Win64-Shipping.exe,27068,0x1FE3BB43140,DXGI,0,512,1,Hardware: Independent Flip,1472.9772,0.3164,0.1638,0.1526,23.5249,0.1419,0.1389,0.0030,39.3360,15.9326,13.4243,1472.9772,15.6692,NA,NA
SandFall-Win64-Shipping.exe,27068,0x1FE3BB43140,DXGI,0,512,1,Hardware: Independent Flip,1473.2936,30.0012,29.7488,0.2524,23.3504,31.6012,31.5888,0.0124,54.9522,15.4513,-15.6162,1473.2936,0.0006,42.6671,NA
SandFall-Win64-Shipping.exe,27068,0x1FE3BB43140,DXGI,0,512,1,Hardware: Independent Flip,1503.2948,0.3173,0.1534,0.1639,24.9504,0.1972,0.1972,0.0000,40.4023,18.3477,14.5499,1503.2948,15.2547,NA,NA
SandFall-Win64-Shipping.exe,27068,0x1FE3BB43140,DXGI,0,512,1,Hardware: Independent Flip,1503.6121,31.3138,31.0664,0.2474,24.8303,33.6010,33.5867,0.0143,58.4327,15.6188,-18.0304,1503.6121,0.0014,46.4645,NA
SandFall-Win64-Shipping.exe,27068,0x1FE3BB43140,DXGI,0,512,1,Hardware: Independent Flip,1534.9259,0.3704,0.2061,0.1643,27.1175,0.0872,0.0850,0.0022,42.7377,21.7770,15.6950,1534.9259,15.5330,NA,NA
SandFall-Win64-Shipping.exe,27068,0x1FE3BB43140,DXGI,0,512,1,Hardware: Independent Flip,1535.2963,37.2218,36.9635,0.2583,26.8343,37.3094,37.3041,0.0053,64.1443,16.4139,-21.4066,1535.2963,0.0006,53.8608,NA
SandFall-Win64-Shipping.exe,27068,0x1FE3BB43140,DXGI,0,512,1,Hardware: Independent Flip,1572.5181,0.3288,0.1550,0.1738,26.9219,0.1434,0.1403,0.0031,43.3364,17.9559,20.8079,1572.5181,16.2711,NA,NA
SandFall-Win64-Shipping.exe,27068,0x1FE3BB43140,DXGI,0,512,1,Hardware: Independent Flip,1572.8469,24.8380,24.6003,0.2377,26.7365,34.2261,34.2183,0.0078,60.9635,16.4480,-17.6271,1572.8469,0.0009,59.2316,NA
SandFall-Win64-Shipping.exe,27068,0x1FE3BB43140,DXGI,0,512,1,Hardware: Independent Flip,1597.6849,0.4557,0.1959,0.2598,36.1246,0.1545,0.1519,0.0026,52.5735,17.2842,8.3900,1597.6849,16.2944,NA,NA
SandFall-Win64-Shipping.exe,27068,0x1FE3BB43140,DXGI,0,512,1,Hardware: Independent Flip,1598.1406,34.0000,33.7219,0.2781,35.8234,33.5782,33.5720,0.0062,69.4020,16.6731,-16.8285,1598.1406,0.0004,61.9632,NA
SandFall-Win64-Shipping.exe,27068,0x1FE3BB43140,DXGI,0,512,1,Hardware: Independent Flip,1632.1406,0.3359,0.1758,0.1601,35.4016,0.1613,0.1586,0.0027,52.0751,18.0805,17.3269,1632.1406,16.5122,NA,NA
SandFall-Win64-Shipping.exe,27068,0x1FE3BB43140,DXGI,0,512,1,Hardware: Independent Flip,1632.4765,33.3572,33.1077,0.2495,35.2270,34.5924,34.5899,0.0025,69.8197,16.6557,-17.7446,1632.4765,0.0003,69.7096,NA
SandFall-Win64-Shipping.exe,27068,0x1FE3BB43140,DXGI,0,512,1,Hardware: Independent Flip,1665.8337,0.3110,0.1630,0.1480,36.4622,0.2227,0.2197,0.0030,53.1182,17.5335,16.7015,1665.8337,16.4333,NA,NA
SandFall-Win64-Shipping.exe,27068,0x1FE3BB43140,DXGI,0,512,1,Hardware: Independent Flip,1666.1447,34.4144,34.1618,0.2526,36.3739,33.9659,33.9627,0.0032,70.3407,17.1023,-17.2225,1666.1447,0.0009,36.9030,NA
SandFall-Win64-Shipping.exe,27068,0x1FE3BB43140,DXGI,0,512,1,Hardware: Independent Flip,1700.5591,0.3253,0.1639,0.1614,35.9254,0.1408,0.1374,0.0034,53.0286,17.3418,17.3121,1700.5591,16.9624,NA,NA
SandFall-Win64-Shipping.exe,27068,0x1FE3BB43140,DXGI,0,512,1,Hardware: Independent Flip,1700.8844,33.9353,33.6513,0.2840,35.7409,34.3027,34.2996,0.0031,70.0451,17.9248,-17.0165,1700.8844,0.0015,38.3478,NA
SandFall-Win64-Shipping.exe,27068,0x1FE3BB43140,DXGI,0,512,1,Hardware: Independent Flip,1734.8197,0.3486,0.1809,0.1677,36.1083,0.1246,0.1222,0.0024,54.0346,16.8998,16.0105,1734.8197,17.8017,NA,NA
SandFall-Win64-Shipping.exe,27068,0x1FE3BB43140,DXGI,0,512,1,Hardware: Independent Flip,1735.1683,34.2825,33.9994,0.2831,35.8843,34.6999,34.6966,0.0033,70.5858,17.9892,-16.5512,1735.1683,0.0016,57.1660,NA
SandFall-Win64-Shipping.exe,27068,0x1FE3BB43140,DXGI,0,512,1,Hardware: Independent Flip,1769.4508,0.3571,0.1885,0.1686,36.3017,0.2074,0.2037,0.0037,54.2925,14.7611,16.2933,1769.4508,17.7834,NA,NA
SandFall-Win64-Shipping.exe,27068,0x1FE3BB43140,DXGI,0,512,1,Hardware: Independent Flip,1769.8079,34.2230,33.9351,0.2879,36.1520,32.5434,32.5405,0.0029,68.6965,18.2671,-14.4040,1769.8079,0.0011,NA,NA
SandFall-Win64-Shipping.exe,27068,0x1FE3BB43140,DXGI,0,512,1,Hardware: Independent Flip,1804.0309,0.3411,0.1751,0.1660,34.4724,0.1216,0.1193,0.0023,52.7406,15.3672,15.9559,1804.0309,18.1466,NA,NA
SandFall-Win64-Shipping.exe,27068,0x1FE3BB43140,DXGI,0,512,1,Hardware: Independent Flip,1804.3720,32.4839,32.1985,0.2854,34.2529,33.5129,33.5102,0.0027,67.7667,18.5172,-15.0261,1804.3720,0.0009,NA,NA
SandFall-Win64-Shipping.exe,27068,0x1FE3BB43140,DXGI,0,512,1,Hardware: Independent Flip,1836.8559,0.3430,0.1744,0.1686,35.2819,0.1284,0.1261,0.0023,53.8000,15.8718,13.9667,1836.8559,18.3897,NA,NA
SandFall-Win64-Shipping.exe,27068,0x1FE3BB43140,DXGI,0,512,1,Hardware: Independent Flip,1837.1989,33.1910,32.9286,0.2624,35.0673,34.2605,34.2576,0.0029,69.3288,18.6017,-15.5288,1837.1989,0.0010,60.9023,NA
SandFall-Win64-Shipping.exe,27068,0x1FE3BB43140,DXGI,0,512,1,Hardware: Independent Flip,1870.3899,0.3318,0.1705,0.1613,36.1368,0.1576,0.1576,0.0000,54.7395,14.8540,14.5893,1870.3899,18.4451,NA,NA
SandFall-Win64-Shipping.exe,27068,0x1FE3BB43140,DXGI,0,512,1,Hardware: Independent Flip,1870.7217,34.2615,33.9468,0.3147,35.9626,33.2982,33.2945,0.0037,69.2617,18.4118,-14.5222,1870.7217,0.0009,35.4004,NA
SandFall-Win64-Shipping.exe,27068,0x1FE3BB43140,DXGI,0,512,1,Hardware: Independent Flip,1904.9832,0.3427,0.1679,0.1748,34.9993,0.1514,0.1514,0.0000,53.4120,15.9178,15.8497,1904.9832,18.2613,NA,NA
SandFall-Win64-Shipping.exe,27068,0x1FE3BB43140,DXGI,0,512,1,Hardware: Independent Flip,1905.3259,32.9329,32.6801,0.2528,34.8080,33.5729,33.5666,0.0063,68.9871,16.8122,-15.5751,1905.3259,0.6062,NA,NA
SandFall-Win64-Shipping.exe,27068,0x1FE3BB43140,DXGI,0,512,1,Hardware: Independent Flip,1938.2588,0.3232,0.1649,0.1583,35.4480,0.0978,0.0914,0.0064,52.8664,16.9483,16.1207,1938.2588,17.3206,NA,NA
SandFall-Win64-Shipping.exe,27068,0x1FE3BB43140,DXGI,0,512,1,Hardware: Independent Flip,1938.5820,33.5774,33.2823,0.2951,35.2226,33.2068,33.1966,0.0102,69.4915,16.1507,-16.6251,1938.5820,1.0621,71.4914,NA
SandFall-Win64-Shipping.exe,27068,0x1FE3BB43140,DXGI,0,512,1,Hardware: Independent Flip,1972.1594,0.3522,0.1788,0.1734,34.8520,0.1520,0.1497,0.0023,52.0648,19.7121,17.4267,1972.1594,17.0608,NA,NA
SandFall-Win64-Shipping.exe,27068,0x1FE3BB43140,DXGI,0,512,1,Hardware: Independent Flip,1972.5116,32.8365,32.5835,0.2530,34.6518,36.1011,36.0954,0.0057,71.4247,16.5396,-19.3599,1972.5116,0.6718,70.3446,NA
SandFall-Win64-Shipping.exe,27068,0x1FE3BB43140,DXGI,0,512,1,Hardware: Independent Flip,2005.3481,0.3268,0.1649,0.1619,37.9164,0.1297,0.1264,0.0033,55.1278,16.0619,16.2969,2005.3481,17.0817,NA,NA
SandFall-Win64-Shipping.exe,27068,0x1FE3BB43140,DXGI,0,512,1,Hardware: Independent Flip,2005.6749,35.8200,35.5718,0.2482,37.7193,33.1425,33.1373,0.0052,70.8629,18.2200,-15.7351,2005.6749,0.0011,67.9548,NA
SandFall-Win64-Shipping.exe,27068,0x1FE3BB43140,DXGI,0,512,1,Hardware: Independent Flip,2041.4949,0.3790,0.1993,0.1797,35.0418,0.1211,0.1183,0.0028,53.2629,15.0740,17.6000,2041.4949,18.1000,NA,NA
SandFall-Win64-Shipping.exe,27068,0x1FE3BB43140,DXGI,0,512,1,Hardware: Independent Flip,2041.8739,32.9659,32.6833,0.2826,34.7839,32.9587,32.9531,0.0056,67.9579,17.1100,-14.6950,2041.8739,0.2153,68.2466,NA
SandFall-Win64-Shipping.exe,27068,0x1FE3BB43140,DXGI,0,512,1,Hardware: Independent Flip,2074.8398,0.3353,0.1745,0.1608,34.7767,0.1484,0.1446,0.0038,52.1020,16.7005,15.8559,2074.8398,17.1769,NA,NA
SandFall-Win64-Shipping.exe,27068,0x1FE3BB43140,DXGI,0,512,1,Hardware: Independent Flip,2075.1751,32.8262,32.5748,0.2514,34.5898,32.6378,32.6332,0.0046,68.4672,16.0253,-16.3652,2075.1751,1.2396,85.0514,NA
SandFall-Win64-Shipping.exe,27068,0x1FE3BB43140,DXGI,0,512,1,Hardware: Independent Flip,2108.0013,0.3282,0.1701,0.1581,34.4014,0.1024,0.0996,0.0028,51.6663,15.9736,16.8009,2108.0013,17.1625,NA,NA
SandFall-Win64-Shipping.exe,27068,0x1FE3BB43140,DXGI,0,512,1,Hardware: Independent Flip,2108.3295,32.4151,32.1528,0.2623,34.1756,32.2162,32.2108,0.0054,67.3117,16.2896,-15.6454,2108.3295,0.9199,NA,NA
SandFall-Win64-Shipping.exe,27068,0x1FE3BB43140,DXGI,0,512,1,Hardware: Independent Flip,2140.7446,0.3265,0.1712,0.1553,33.9767,0.1513,0.1474,0.0039,51.1862,15.5390,16.1255,2140.7446,17.0582,NA,NA
SandFall-Win64-Shipping.exe,27068,0x1FE3BB43140,DXGI,0,512,1,Hardware: Independent Flip,2141.0711,31.9580,31.7027,0.2553,33.8015,31.5134,31.5097,0.0037,66.3987,16.5838,-15.2125,2141.0711,1.0838,NA,NA
SandFall-Win64-Shipping.exe,27068,0x1FE3BB43140,DXGI,0,512,1,Hardware: Independent Flip,2173.0291,0.3309,0.1704,0.1605,33.3569,0.1283,0.1283,0.0000,51.0245,15.2908,15.3742,2173.0291,17.5393,NA,NA
SandFall-Win64-Shipping.exe,27068,0x1FE3BB43140,DXGI,0,512,1,Hardware: Independent Flip,2173.3600,31.8225,31.5752,0.2473,33.1543,31.3291,31.3265,0.0026,65.9844,15.9951,-14.9599,2173.3600,1.5010,NA,NA
SandFall-Win64-Shipping.exe,27068,0x1FE3BB43140,DXGI,0,512,1,Hardware: Independent Flip,2205.1825,0.3170,0.1643,0.1527,32.6609,0.1483,0.1452,0.0031,50.1570,15.2475,15.8274,2205.1825,17.3478,NA,NA
SandFall-Win64-Shipping.exe,27068,0x1FE3BB43140,DXGI,0,512,1,Hardware: Independent Flip,2205.4995,32.5873,32.1335,0.4538,32.4922,31.0947,31.0896,0.0051,65.0875,15.8307,-14.9305,2205.4995,1.5006,NA,NA
SandFall-Win64-Shipping.exe,27068,0x1FE3BB43140,DXGI,0,512,1,Hardware: Independent Flip,2238.0868,0.3246,0.1717,0.1529,30.9996,0.1638,0.1610,0.0028,48.3309,15.8995,16.7566,2238.0868,17.1675,NA,NA
SandFall-Win64-Shipping.exe,27068,0x1FE3BB43140,DXGI,0,512,1,Hardware: Independent Flip,2238.4114,34.1036,33.8416,0.2620,30.8388,31.5654,31.5561,0.0093,63.9058,15.6805,-15.5749,2238.4114,1.5016,NA,NA
SandFall-Win64-Shipping.exe,27068,0x1FE3BB43140,DXGI,0,512,1,Hardware: Independent Flip,2272.5150,0.3136,0.1597,0.1539,28.3006,0.1480,0.1457,0.0023,45.4827,16.5257,18.4231,2272.5150,17.0341,NA,NA
SandFall-Win64-Shipping.exe,27068,0x1FE3BB43140,DXGI,0,512,1,Hardware: Independent Flip,2272.8286,34.3191,33.9631,0.3560,28.1350,32.0596,32.0460,0.0136,61.6948,15.2710,-16.2121,2272.8286,1.5002,NA,NA
SandFall-Win64-Shipping.exe,27068,0x1FE3BB43140,DXGI,0,512,1,Hardware: Independent Flip,2307.1477,0.3494,0.1778,0.1716,25.8755,0.1307,0.1232,0.0075,42.6467,16.2647,19.0481,2307.1477,16.6405,NA,NA
SandFall-Win64-Shipping.exe,27068,0x1FE3BB43140,DXGI,0,512,1,Hardware: Independent Flip,2307.4971,31.6863,31.4247,0.2616,25.6568,31.4045,31.4012,0.0033,58.5620,15.0955,-15.9153,2307.4971,1.5007,NA,NA
SandFall-Win64-Shipping.exe,27068,0x1FE3BB43140,DXGI,0,512,1,Hardware: Independent Flip,2339.1834,0.3090,0.1539,0.1551,25.3750,0.1200,0.1200,0.0000,41.9712,15.9716,16.5908,2339.1834,16.4762,NA,NA
SandFall-Win64-Shipping.exe,27068,0x1FE3BB43140,DXGI,0,512,1,Hardware: Independent Flip,2339.4924,28.0230,27.7221,0.3009,25.1860,31.4376,31.4343,0.0033,57.6338,15.4138,-15.6626,2339.4924,1.0102,NA,NA
SandFall-Win64-Shipping.exe,27068,0x1FE3BB43140,DXGI,0,512,1,Hardware: Independent Flip,2367.5154,0.3677,0.1860,0.1817,28.6006,0.1189,0.1157,0.0032,45.0246,16.4638,12.6092,2367.5154,16.3051,NA,NA
SandFall-Win64-Shipping.exe,27068,0x1FE3BB43140,DXGI,0,512,1,Hardware: Independent Flip,2367.8831,32.7050,32.4501,0.2549,28.3518,32.0126,32.0044,0.0082,61.1207,15.5982,-16.0961,2367.8831,0.7563,47.0351,NA
SandFall-Win64-Shipping.exe,27068,0x1FE3BB43140,DXGI,0,512,1,Hardware: Independent Flip,2400.5881,0.3054,0.1509,0.1545,27.6594,0.1084,0.1061,0.0023,44.0139,15.7105,17.1068,2400.5881,16.2461,NA,NA
SandFall-Win64-Shipping.exe,27068,0x1FE3BB43140,DXGI,0,512,1,Hardware: Independent Flip,2400.8935,32.8162,32.5673,0.2489,27.4624,31.5910,31.5837,0.0073,59.4190,16.0484,-15.4051,2400.8935,0.3656,47.4580,NA
SandFall-Win64-Shipping.exe,27068,0x1FE3BB43140,DXGI,0,512,1,Hardware: Independent Flip,2433.7097,0.3049,0.1523,0.1526,26.2372,0.1513,0.1495,0.0018,42.6512,16.3466,16.7678,2433.7097,16.2627,NA,NA
SandFall-Win64-Shipping.exe,27068,0x1FE3BB43140,DXGI,0,512,1,Hardware: Independent Flip,2434.0146,32.5754,32.3248,0.2506,26.0836,32.0637,32.0555,0.0082,58.6929,15.7834,-16.0417,2434.0146,0.5456,NA,NA
SandFall-Win64-Shipping.exe,27068,0x1FE3BB43140,DXGI,0,512,1,Hardware: Independent Flip,2466.5900,0.3479,0.1748,0.1731,25.5719,0.1003,0.0981,0.0022,41.9009,16.1868,16.7920,2466.5900,16.2287,NA,NA
SandFall-Win64-Shipping.exe,27068,0x1FE3BB43140,DXGI,0,512,1,Hardware: Independent Flip,2466.9379,31.9888,31.7429,0.2459,25.3243,32.1453,32.1323,0.0130,57.7398,15.9937,-15.8389,2466.9379,0.2702,65.8541,NA
SandFall-Win64-Shipping.exe,27068,0x1FE3BB43140,DXGI,0,512,1,Hardware: Independent Flip,2498.9267,0.3246,0.1712,0.1534,25.4808,0.1449,0.1431,0.0018,41.7447,17.4437,15.9951,2498.9267,16.1190,NA,NA
SandFall-Win64-Shipping.exe,27068,0x1FE3BB43140,DXGI,0,512,1,Hardware: Independent Flip,2499.2513,33.8897,33.6268,0.2629,25.3011,33.3664,32.5763,0.7901,58.8638,16.0841,-17.1191,2499.2513,0.1963,68.5366,NA
SandFall-Win64-Shipping.exe,27068,0x1FE3BB43140,DXGI,0,512,1,Hardware: Independent Flip,2533.1410,0.3241,0.1573,0.1668,24.7778,0.1216,0.1200,0.0016,41.0582,17.4661,17.8056,2533.1410,16.1588,NA,NA
SandFall-Win64-Shipping.exe,27068,0x1FE3BB43140,DXGI,0,512,1,Hardware: Independent Flip,2533.4651,32.4408,32.1933,0.2475,24.5753,33.6249,33.6167,0.0082,58.2002,16.6573,-17.1420,2533.4651,NA,49.0826,NA
SandFall-Win64-Shipping.exe,27068,0x1FE3BB43140,DXGI,0,512,1,Hardware: Independent Flip,2565.9059,0.3072,0.1543,0.1529,25.7594,0.1066,0.1046,0.0020,42.4167,16.5947,15.7835,2565.9059,16.5507,NA,NA
SandFall-Win64-Shipping.exe,27068,0x1FE3BB43140,DXGI,0,512,1,Hardware: Independent Flip,2566.2131,31.4789,31.2263,0.2526,25.5588,33.1448,33.1378,0.0070,58.7042,16.9113,-16.2875,2566.2131,0.0006,45.3370,NA
SandFall-Win64-Shipping.exe,27068,0x1FE3BB43140,DXGI,0,512,1,Hardware: Independent Flip,2597.6920,0.3180,0.1653,0.1527,27.2247,0.1038,0.1021,0.0017,44.1366,16.6556,14.5676,2597.6920,16.8081,NA,NA
SandFall-Win64-Shipping.exe,27068,0x1FE3BB43140,DXGI,0,512,1,Hardware: Independent Flip,2598.0100,31.7083,31.4520,0.2563,27.0105,33.4630,33.4546,0.0084,60.4742,16.7765,-16.3376,2598.0100,0.0007,46.9014,NA
SandFall-Win64-Shipping.exe,27068,0x1FE3BB43140,DXGI,0,512,1,Hardware: Independent Flip,2629.7183,0.3203,0.1630,0.1573,28.7652,0.1413,0.1394,0.0019,45.5424,17.8072,14.9318,2629.7183,16.6359,NA,NA
SandFall-Win64-Shipping.exe,27068,0x1FE3BB43140,DXGI,0,512,1,Hardware: Independent Flip,2630.0386,34.2392,33.9839,0.2553,28.5862,34.4425,34.4363,0.0062,63.0293,16.7508,-17.4869,2630.0386,0.0006,49.4866,NA
SandFall-Win64-Shipping.exe,27068,0x1FE3BB43140,DXGI,0,512,1,Hardware: Independent Flip,2664.2778,0.3038,0.1521,0.1517,28.7895,0.2027,0.2027,0.0000,45.5409,18.8712,17.4884,2664.2778,16.5487,NA,NA
SandFall-Win64-Shipping.exe,27068,0x1FE3BB43140,DXGI,0,512,1,Hardware: Independent Flip,2664.5816,31.2445,30.9379,0.3066,28.6884,35.4189,35.4136,0.0053,64.1083,17.4951,-18.5674,2664.5816,0.0010,52.1060,NA
SandFall-Win64-Shipping.exe,27068,0x1FE3BB43140,DXGI,0,512,1,Hardware: Independent Flip,2695.8261,0.3206,0.1662,0.1544,32.8628,0.1422,0.1393,0.0029,50.3589,17.2564,13.7494,2695.8261,17.3539,NA,NA
SandFall-Win64-Shipping.exe,27068,0x1FE3BB43140,DXGI,0,512,1,Hardware: Independent Flip,2696.1467,33.0286,32.4348,0.5938,32.6844,34.6094,34.6069,0.0025,67.2947,17.9234,-16.9358,2696.1467,0.0009,53.8626,NA
SandFall-Win64-Shipping.exe,27068,0x1FE3BB43140,DXGI,0,512,1,Hardware: Independent Flip,2729.1753,0.3893,0.1879,0.2014,34.2652,0.1439,0.1439,0.0000,52.1895,19.4791,15.1052,2729.1753,17.7804,NA,NA
SandFall-Win64-Shipping.exe,27068,0x1FE3BB43140,DXGI,0,512,1,Hardware: Independent Flip,2729.5646,37.3695,36.8234,0.5461,34.0198,37.2590,37.2526,0.0064,71.2793,18.0333,-19.0898,2729.5646,0.0005,59.2607,NA
SandFall-Win64-Shipping.exe,27068,0x1FE3BB43140,DXGI,0,512,1,Hardware: Independent Flip,2766.9341,0.3829,0.2062,0.1767,33.9093,0.1419,0.1391,0.0028,51.9431,15.8657,19.3362,2766.9341,17.8919,NA,NA
SandFall-Win64-Shipping.exe,27068,0x1FE3BB43140,DXGI,0,512,1,Hardware: Independent Flip,2767.3170,31.6436,31.4093,0.2343,33.6683,33.7570,33.7496,0.0074,67.4259,18.3266,-15.4828,2767.3170,0.0006,78.1521,NA
SandFall-Win64-Shipping.exe,27068,0x1FE3BB43140,DXGI,0,512,1,Hardware: Independent Flip,2798.9606,0.3526,0.1989,0.1537,35.7817,0.2164,0.2164,0.0000,54.1089,14.6907,13.3170,2798.9606,18.1108,NA,NA
SandFall-Win64-Shipping.exe,27068,0x1FE3BB43140,DXGI,0,512,1,Hardware: Independent Flip,2799.3132,33.7558,33.5061,0.2497,35.6455,32.8010,32.7955,0.0055,68.4470,18.1687,-14.3381,2799.3132,0.0005,59.1769,NA
SandFall-Win64-Shipping.exe,27068,0x1FE3BB43140,DXGI,0,512,1,Hardware: Independent Flip,2833.0690,0.3589,0.1701,0.1888,34.6907,0.1390,0.1367,0.0023,52.8599,14.0286,15.5871,2833.0690,18.0302,NA,NA
SandFall-Win64-Shipping.exe,27068,0x1FE3BB43140,DXGI,0,512,1,Hardware: Independent Flip,2833.4279,33.7743,33.5277,0.2466,34.4708,31.3658,31.3558,0.0100,66.5296,16.5064,-13.6697,2833.4279,0.6930,55.3757,NA
SandFall-Win64-Shipping.exe,27068,0x1FE3BB43140,DXGI,0,512,1,Hardware: Independent Flip,2867.2022,0.3121,0.1606,0.1515,32.0623,0.1343,0.1343,0.0000,49.2617,15.9047,17.2679,2867.2022,17.0651,NA,NA
SandFall-Win64-Shipping.exe,27068,0x1FE3BB43140,DXGI,0,512,1,Hardware: Independent Flip,2867.5143,37.9574,37.3214,0.6360,31.8845,31.4693,31.4574,0.0119,64.8543,15.8004,-15.5926,2867.5143,1.5005,60.7720,NA
SandFall-Win64-Shipping.exe,27068,0x1FE3BB43140,DXGI,0,512,1,Hardware: Independent Flip,2905.4717,0.3798,0.1796,0.2002,25.3964,0.1521,0.1501,0.0020,42.6973,15.6617,22.1570,2905.4717,17.1488,NA,NA
SandFall-Win64-Shipping.exe,27068,0x1FE3BB43140,DXGI,0,512,1,Hardware: Independent Flip,2905.8515,31.0008,30.7452,0.2556,25.1687,31.3094,31.3043,0.0051,57.9792,16.3626,-15.2819,2905.8515,1.5011,NA,NA
SandFall-Win64-Shipping.exe,27068,0x1FE3BB43140,DXGI,0,512,1,Hardware: Independent Flip,2936.8523,0.3298,0.1677,0.1621,25.4773,0.1256,0.1234,0.0022,43.3410,33.8902,14.6382,2936.8523,17.7381,NA,NA
SandFall-Win64-Shipping.exe,27068,0x1FE3BB43140,DXGI,0,512,1,Hardware: Independent Flip,2937.1821,35.0100,34.6607,0.3493,25.2731,51.6275,51.6196,0.0079,76.9014,18.9423,-33.5604,2937.1821,0.0008,82.4590,NA
SandFall-Win64-Shipping.exe,27068,0x1FE3BB43140,DXGI,0,512,1,Hardware: Independent Flip,2972.1921,0.4041,0.1920,0.2121,41.8906,0.1397,0.1397,0.0000,60.8337,13.1787,16.0677,2972.1921,18.8034,NA,NA
SandFall-Win64-Shipping.exe,27068,0x1FE3BB43140,DXGI,0,512,1,Hardware: Independent Flip,2972.5962,39.9338,39.5421,0.3917,41.6262,30.4813,30.4745,0.0068,73.6083,15.5110,-12.7746,2972.5962,1.5008,NA,NA
SandFall-Win64-Shipping.exe,27068,0x1FE3BB43140,DXGI,0,512,1,Hardware: Independent Flip,3012.5300,0.4596,0.2585,0.2011,32.1737,0.1410,0.1390,0.0020,49.1855,14.9507,24.4228,3012.5300,16.8708,NA,NA
SandFall-Win64-Shipping.exe,27068,0x1FE3BB43140,DXGI,0,512,1,Hardware: Independent Flip,3012.9896,29.9713,29.7249,0.2464,31.8551,30.3206,30.3128,0.0078,63.6766,15.2446,-14.4911,3012.9896,1.5009,NA,NA
SandFall-Win64-Shipping.exe,27068,0x1FE3BB43140,DXGI,0,512,1,Hardware: Independent Flip,3042.9609,0.4991,0.1772,0.3219,32.2044,0.1308,0.1280,0.0028,48.9499,15.2515,14.7267,3042.9609,16.6147,NA,NA
SandFall-Win64-Shipping.exe,27068,0x1FE3BB43140,DXGI,0,512,1,Hardware: Independent Flip,3043.4600,29.9306,29.6733,0.2573,31.8361,30.3653,30.3583,0.0070,63.7023,15.2465,-14.7524,3043.4600,1.5009,NA,NA
SandFall-Win64-Shipping.exe,27068,0x1FE3BB43140,DXGI,0,512,1,Hardware: Independent Flip,3073.3906,0.3221,0.1700,0.1521,32.2708,0.1649,0.1622,0.0027,49.0182,14.8449,14.6841,3073.3906,16.5825,NA,NA
SandFall-Win64-Shipping.exe,27068,0x1FE3BB43140,DXGI,0,512,1,Hardware: Independent Flip,3073.7127,32.1988,31.6600,0.5388,32.1136,29.9265,29.9184,0.0081,63.5410,15.0659,-14.5228,3073.7127,1.5009,NA,NA
SandFall-Win64-Shipping.exe,27068,0x1FE3BB43140,DXGI,0,512,1,Hardware: Independent Flip,3105.9115,0.3533,0.1671,0.1862,29.8413,0.1289,0.1239,0.0050,46.4081,16.1541,17.1329,3105.9115,16.4379,NA,NA
SandFall-Win64-Shipping.exe,27068,0x1FE3BB43140,DXGI,0,512,1,Hardware: Independent Flip,3106.2648,39.5817,39.3028,0.2789,29.6169,31.0912,31.0819,0.0093,62.2089,18.1159,-15.8008,3106.2648,1.5008,60.8915,NA
SandFall-Win64-Shipping.exe,27068,0x1FE3BB43140,DXGI,0,512,1,Hardware: Independent Flip,3145.8465,0.3184,0.1626,0.1558,21.1264,0.1599,0.1568,0.0031,40.7431,16.0774,21.4658,3145.8465,19.4568,NA,NA
SandFall-Win64-Shipping.exe,27068,0x1FE3BB43140,DXGI,0,512,1,Hardware: Independent Flip,3146.1649,34.9639,34.6839,0.2800,20.9679,34.0329,31.7722,2.2607,56.5021,15.9267,-15.7590,3146.1649,1.5013,49.0822,NA
SandFall-Win64-Shipping.exe,27068,0x1FE3BB43140,DXGI,0,512,1,Hardware: Independent Flip,3181.1288,0.3083,0.1557,0.1526,20.0369,0.1013,0.0998,0.0015,37.4649,15.8391,19.0372,3181.1288,17.3267,NA,NA
SandFall-Win64-Shipping.exe,27068,0x1FE3BB43140,DXGI,0,512,1,Hardware: Independent Flip,3181.4371,28.1028,27.8464,0.2564,19.8299,31.6639,31.0035,0.6604,52.9957,15.3431,-15.5308,3181.4371,1.5019,42.8496,NA
SandFall-Win64-Shipping.exe,27068,0x1FE3BB43140,DXGI,0,512,1,Hardware: Independent Flip,3209.5399,0.3087,0.1540,0.1547,23.3910,0.1032,0.0943,0.0089,40.2360,19.7049,12.7597,3209.5399,16.7418,NA,NA
SandFall-Win64-Shipping.exe,27068,0x1FE3BB43140,DXGI,0,512,1,Hardware: Independent Flip,3209.8486,33.5746,33.1758,0.3988,23.1855,34.9458,32.6983,2.2475,59.6322,14.9007,-19.3962,3209.8486,1.5009,43.9006,NA
SandFall-Win64-Shipping.exe,27068,0x1FE3BB43140,DXGI,0,512,1,Hardware: Independent Flip,3243.4232,0.4373,0.1758,0.2615,24.5567,0.0924,0.0902,0.0022,40.9583,17.3499,18.6739,3243.4232,16.3092,NA,NA
SandFall-Win64-Shipping.exe,27068,0x1FE3BB43140,DXGI,0,512,1,Hardware: Independent Flip,3243.8605,33.0376,32.7363,0.3013,24.2118,32.1588,32.0717,0.0871,57.8709,14.7735,-16.9126,3243.8605,1.5003,44.1519,NA
SandFall-Win64-Shipping.exe,27068,0x1FE3BB43140,DXGI,0,512,1,Hardware: Independent Flip,3276.8981,0.3483,0.1622,0.1861,23.3330,0.1366,0.1340,0.0026,39.6068,18.6147,18.2641,3276.8981,16.1372,NA,NA
SandFall-Win64-Shipping.exe,27068,0x1FE3BB43140,DXGI,0,512,1,Hardware: Independent Flip,3277.2464,32.0903,31.8347,0.2556,23.1213,33.2515,32.7587,0.4928,57.8732,14.6859,-18.2664,3277.2464,1.5004,44.5374,NA
SandFall-Win64-Shipping.exe,27068,0x1FE3BB43140,DXGI,0,512,1,Hardware: Independent Flip,3309.3367,0.3434,0.1595,0.1839,24.2825,0.1260,0.1239,0.0021,40.4688,18.6744,17.4044,3309.3367,16.0603,NA,NA
SandFall-Win64-Shipping.exe,27068,0x1FE3BB43140,DXGI,0,512,1,Hardware: Independent Flip,3309.6801,30.7288,30.4777,0.2511,24.0651,33.2337,33.2242,0.0095,58.7998,14.5223,-18.3310,3309.6801,1.5010,45.8644,NA
SandFall-Win64-Shipping.exe,27068,0x1FE3BB43140,DXGI,0,512,1,Hardware: Independent Flip,3340.4089,0.3717,0.1547,0.2170,26.5700,0.0928,0.0877,0.0051,42.5933,46.5195,16.2065,3340.4089,15.9305,NA,NA
SandFall-Win64-Shipping.exe,27068,0x1FE3BB43140,DXGI,0,512,1,Hardware: Independent Flip,3340.7806,61.9859,61.6391,0.3468,26.2911,60.9493,34.1061,26.8432,88.7411,14.5634,-46.1478,3340.7806,1.5007,42.9339,NA
SandFall-Win64-Shipping.exe,27068,0x1FE3BB43140,DXGI,0,512,1,Hardware: Independent Flip,3402.7665,0.3705,0.1827,0.1878,25.2545,0.1611,0.1611,0.0000,41.3186,52.1433,47.4225,3402.7665,15.9030,NA,NA
SandFall-Win64-Shipping.exe,27068,0x1FE3BB43140,DXGI,0,512,1,Hardware: Independent Flip,3403.1370,23.1222,22.8941,0.2281,25.0451,68.0455,68.0398,0.0057,93.0914,16.7097,-51.7728,3403.1370,0.0008,78.6489,NA
SandFall-Win64-Shipping.exe,27068,0x1FE3BB43140,DXGI,0,512,1,Hardware: Independent Flip,3426.2592,0.3030,0.1531,0.1499,69.9684,0.1224,0.1197,0.0027,86.6789,40.6874,6.4125,3426.2592,16.5881,NA,NA
SandFall-Win64-Shipping.exe,27068,0x1FE3BB43140,DXGI,0,512,1,Hardware: Independent Flip,3426.5622,67.9478,67.6907,0.2571,69.7878,57.2748,57.2603,0.0145,127.0633,16.5321,-40.3844,3426.5622,0.0007,71.0374,NA
SandFall-Win64-Shipping.exe,27068,0x1FE3BB43140,DXGI,0,512,1,Hardware: Independent Flip,3494.5100,0.3109,0.1593,0.1516,59.1148,0.1166,0.1138,0.0028,75.6476,40.5067,51.4157,3494.5100,16.4162,NA,NA
SandFall-Win64-Shipping.exe,27068,0x1FE3BB43140,DXGI,0,512,1,Hardware: Independent Flip,3494.8209,57.0887,56.7900,0.2987,58.9205,56.6723,56.6670,0.0053,115.8434,15.8793,-40.1958,3494.8209,0.2506,95.0789,NA
SandFall-Win64-Shipping.exe,27068,0x1FE3BB43140,DXGI,0,512,1,Hardware: Independent Flip,3551.9096,0.3730,0.2009,0.1721,58.5041,0.1725,0.1702,0.0023,74.6340,38.7977,41.2094,3551.9096,15.9574,NA,NA
SandFall-Win64-Shipping.exe,27068,0x1FE3BB43140,DXGI,0,512,1,Hardware: Independent Flip,3552.2826,56.3668,56.1153,0.2515,58.3036,54.7546,54.7481,0.0065,113.0587,16.4048,-38.4247,3552.2826,0.0005,99.3920,NA
SandFall-Win64-Shipping.exe,27068,0x1FE3BB43140,DXGI,0,512,1,Hardware: Independent Flip,3608.6494,0.3144,0.1661,0.1483,56.6914,0.1592,0.1568,0.0024,73.0967,39.6586,39.9620,3608.6494,16.2461,NA,NA
SandFall-Win64-Shipping.exe,27068,0x1FE3BB43140,DXGI,0,512,1,Hardware: Independent Flip,3608.9638,54.6428,54.4018,0.2410,56.5362,55.9043,55.8954,0.0089,112.4409,17.0580,-39.3442,3608.9638,0.0004,121.7866,NA
SandFall-Win64-Shipping.exe,27068,0x1FE3BB43140,DXGI,0,512,1,Hardware: Independent Flip,3663.6066,0.3110,0.1623,0.1487,57.7977,0.1150,0.1120,0.0030,74.8561,40.2409,37.5848,3663.6066,16.9434,NA,NA
SandFall-Win64-Shipping.exe,27068,0x1FE3BB43140,DXGI,0,512,1,Hardware: Independent Flip,3663.9176,55.7558,55.4864,0.2694,57.6017,57.1837,57.1718,0.0119,114.7860,24.9279,-39.9299,3663.9176,0.0006,105.1481,NA
SandFall-Win64-Shipping.exe,27068,0x1FE3BB43140,DXGI,0,512,1,Hardware: Independent Flip,3719.6734,0.4802,0.2126,0.2676,59.0296,0.1247,0.1226,0.0021,83.9581,9.1412,30.8279,3719.6734,24.8038,NA,NA
SandFall-Win64-Shipping.exe,27068,0x1FE3BB43140,DXGI,0,512,1,Hardware: Independent Flip,3720.1536,56.8132,56.5617,0.2515,58.6741,33.9438,33.9410,0.0028,92.6191,28.1883,-8.6610,3720.1536,0.0012,98.1905,NA
SandFall-Win64-Shipping.exe,27068,0x1FE3BB43140,DXGI,0,512,1,Hardware: Independent Flip,3776.9668,0.3279,0.1693,0.1586,35.8047,0.1479,0.1451,0.0028,63.9942,6.0496,28.6249,3776.9668,28.0416,NA,NA
SandFall-Win64-Shipping.exe,27068,0x1FE3BB43140,DXGI,0,512,1,Hardware: Independent Flip,3777.2947,33.5907,33.3321,0.2586,35.6247,34.0906,34.0803,0.0103,69.7159,27.5056,-5.7217,3777.2947,0.0006,58.4166,NA
SandFall-Win64-Shipping.exe,27068,0x1FE3BB43140,DXGI,0,512,1,Hardware: Independent Flip,3810.8854,0.3209,0.1652,0.1557,36.1246,0.1234,0.1211,0.0023,63.6308,4.7713,6.0851,3810.8854,27.3828,NA,NA
SandFall-Win64-Shipping.exe,27068,0x1FE3BB43140,DXGI,0,512,1,Hardware: Independent Flip,3811.2063,34.0876,33.8208,0.2668,35.9271,32.1531,32.1466,0.0065,68.0812,29.5772,-4.4504,3811.2063,0.0010,36.7016,NA
SandFall-Win64-Shipping.exe,27068,0x1FE3BB43140,DXGI,0,512,1,Hardware: Independent Flip,3845.2939,0.3293,0.1734,0.1559,33.9926,0.1035,0.0981,0.0054,63.5708,3.4450,4.5104,3845.2939,29.4747,NA,NA
SandFall-Win64-Shipping.exe,27068,0x1FE3BB43140,DXGI,0,512,1,Hardware: Independent Flip,3845.6232,31.9658,31.7085,0.2573,33.7668,32.9185,32.9117,0.0068,66.6865,27.9090,-3.1157,3845.6232,0.0012,NA,NA
SandFall-Win64-Shipping.exe,27068,0x1FE3BB43140,DXGI,0,512,1,Hardware: Independent Flip,3877.5890,0.3240,0.1646,0.1594,34.7195,0.1557,0.1557,0.0000,62.6297,5.3356,4.0568,3877.5890,27.7545,NA,NA
SandFall-Win64-Shipping.exe,27068,0x1FE3BB43140,DXGI,0,512,1,Hardware: Independent Flip,3877.9130,32.6882,32.4365,0.2517,34.5512,33.0890,33.0809,0.0081,67.6413,28.0834,-5.0116,3877.9130,0.0011,55.9302,NA
SandFall-Win64-Shipping.exe,27068,0x1FE3BB43140,DXGI,0,512,1,Hardware: Independent Flip,3910.6012,0.3187,0.1673,0.1514,34.9520,0.1528,0.1528,0.0000,63.0365,5.2278,4.6048,3910.6012,27.9317,NA,NA
SandFall-Win64-Shipping.exe,27068,0x1FE3BB43140,DXGI,0,512,1,Hardware: Independent Flip,3910.9199,33.0955,32.6825,0.4130,34.7861,33.1584,33.1559,0.0025,67.9456,26.7972,-4.9091,3910.9199,0.0011,43.2826,NA
SandFall-Win64-Shipping.exe,27068,0x1FE3BB43140,DXGI,0,512,1,Hardware: Independent Flip,3944.0154,0.3204,0.1642,0.1562,34.8490,0.1063,0.1035,0.0028,61.6473,38.4684,6.2983,3944.0154,26.6920,NA,NA
SandFall-Win64-Shipping.exe,27068,0x1FE3BB43140,DXGI,0,512,1,Hardware: Independent Flip,3944.3358,34.7321,34.2504,0.4817,34.6349,63.9182,63.9139,0.0043,99.7953,23.9160,-38.1480,3944.3358,1.2422,NA,NA
SandFall-Win64-Shipping.exe,27068,0x1FE3BB43140,DXGI,0,512,1,Hardware: Independent Flip,3979.0679,0.3355,0.1804,0.1551,63.8210,0.1258,0.1231,0.0027,88.9792,27.7460,10.8161,3979.0679,25.0324,NA,NA
SandFall-Win64-Shipping.exe,27068,0x1FE3BB43140,DXGI,0,512,1,Hardware: Independent Flip,3979.4034,61.7304,61.4801,0.2503,63.6113,52.7775,52.7702,0.0073,116.3897,21.0707,-27.4105,3979.4034,0.0009,76.1718,NA
SandFall-Win64-Shipping.exe,27068,0x1FE3BB43140,DXGI,0,512,1,Hardware: Independent Flip,4041.1338,0.3156,0.1661,0.1495,54.6584,0.1404,0.1367,0.0037,75.7300,32.5865,40.6597,4041.1338,20.9312,NA,NA
SandFall-Win64-Shipping.exe,27068,0x1FE3BB43140,DXGI,0,512,1,Hardware: Independent Flip,4041.4494,52.7444,52.4661,0.2783,54.4832,53.5168,53.5082,0.0086,108.0009,18.2623,-32.2709,4041.4494,0.0009,76.1097,NA
SandFall-Win64-Shipping.exe,27068,0x1FE3BB43140,DXGI,0,512,1,Hardware: Independent Flip,4094.1938,0.3469,0.1836,0.1633,55.2556,0.1456,0.1429,0.0027,73.5188,34.6816,34.4821,4094.1938,18.1176,NA,NA
SandFall-Win64-Shipping.exe,27068,0x1FE3BB43140,DXGI,0,512,1,Hardware: Independent Flip,4094.5407,53.2350,52.9885,0.2465,55.0543,52.7984,52.7880,0.0104,107.8535,19.7248,-34.3347,4094.5407,0.0008,92.7843,NA
SandFall-Win64-Shipping.exe,27068,0x1FE3BB43140,DXGI,0,512,1,Hardware: Independent Flip,4147.7757,0.3170,0.1666,0.1504,54.6177,0.1410,0.1387,0.0023,74.3433,32.7479,33.5102,4147.7757,19.5846,NA,NA
SandFall-Win64-Shipping.exe,27068,0x1FE3BB43140,DXGI,0,512,1,Hardware: Independent Flip,4148.0927,52.5937,52.3375,0.2562,54.4417,52.3320,52.3290,0.0030,106.7742,18.2076,-32.4309,4148.0927,0.0005,NA,NA
SandFall-Win64-Shipping.exe,27068,0x1FE3BB43140,DXGI,0,512,1,Hardware: Independent Flip,4200.6864,0.3281,0.1697,0.1584,54.1800,0.1160,0.1138,0.0022,72.3881,33.0925,34.3861,4200.6864,18.0921,NA,NA
SandFall-Win64-Shipping.exe,27068,0x1FE3BB43140,DXGI,0,512,1,Hardware: Independent Flip,4201.0145,52.1977,51.9457,0.2520,53.9679,51.1836,51.1666,0.0170,105.1525,19.2783,-32.7644,4201.0145,0.0010,125.5142,NA
SandFall-Win64-Shipping.exe,27068,0x1FE3BB43140,DXGI,0,512,1,Hardware: Independent Flip,4253.2122,0.3210,0.1728,0.1482,52.9538,0.1577,0.1548,0.0029,72.2331,29.2592,32.9194,4253.2122,19.1216,NA,NA
SandFall-Win64-Shipping.exe,27068,0x1FE3BB43140,DXGI,0,512,1,Hardware: Independent Flip,4253.5332,51.5352,50.6197,0.9155,52.7905,48.3800,48.3695,0.0105,101.1713,22.5981,-28.9382,4253.5332,0.0008,91.1032,NA
SandFall-Win64-Shipping.exe,27068,0x1FE3BB43140,DXGI,0,512,1,Hardware: Independent Flip,4305.0684,0.3339,0.1774,0.1565,49.6353,0.1284,0.1262,0.0022,72.2342,25.9125,28.9371,4305.0684,22.4705,NA,NA
SandFall-Win64-Shipping.exe,27068,0x1FE3BB43140,DXGI,0,512,1,Hardware: Independent Flip,4305.4023,47.6497,47.3958,0.2539,49.4298,48.3825,48.3710,0.0115,97.8128,23.9402,-25.5786,4305.4023,0.0005,121.6215,NA
SandFall-Win64-Shipping.exe,27068,0x1FE3BB43140,DXGI,0,512,1,Hardware: Independent Flip,4353.0520,0.3168,0.1658,0.1510,50.1626,0.1121,0.1100,0.0021,74.1033,52.9670,23.7095,4353.0520,23.8286,NA,NA
SandFall-Win64-Shipping.exe,27068,0x1FE3BB43140,DXGI,0,512,1,Hardware: Independent Flip,4353.3688,48.1470,47.8864,0.2606,49.9579,75.2943,75.2810,0.0133,126.7535,24.6720,-52.6502,4353.3688,1.5013,NA,NA
SandFall-Win64-Shipping.exe,27068,0x1FE3BB43140,DXGI,0,512,1,Hardware: Independent Flip,4401.5158,0.3731,0.1956,0.1775,77.1052,0.1505,0.1479,0.0026,103.2785,34.0287,23.4750,4401.5158,26.0228,NA,NA
SandFall-Win64-Shipping.exe,27068,0x1FE3BB43140,DXGI,0,512,1,Hardware: Independent Flip,4401.8889,74.9714,74.7221,0.2493,76.8826,58.5503,58.5355,0.0148,136.9341,24.6573,-33.6556,4401.8889,1.5012,128.2189,NA
SandFall-Win64-Shipping.exe,27068,0x1FE3BB43140,DXGI,0,512,1,Hardware: Independent Flip,4476.8603,0.3173,0.1653,0.1520,60.4615,0.1574,0.1545,0.0029,86.6200,32.0168,50.3141,4476.8603,26.0011,NA,NA
SandFall-Win64-Shipping.exe,27068,0x1FE3BB43140,DXGI,0,512,1,Hardware: Independent Flip,4477.1776,58.5119,58.2575,0.2544,60.3016,58.0171,58.0043,0.0128,118.3195,25.3306,-31.6995,4477.1776,0.0008,126.8875,NA
SandFall-Win64-Shipping.exe,27068,0x1FE3BB43140,DXGI,0,512,1,Hardware: Independent Flip,4535.6895,0.3255,0.1720,0.1535,59.8068,0.1303,0.1281,0.0022,85.1382,32.7750,33.1813,4535.6895,25.2011,NA,NA
SandFall-Win64-Shipping.exe,27068,0x1FE3BB43140,DXGI,0,512,1,Hardware: Independent Flip,4536.0150,57.7288,57.4540,0.2748,59.6116,57.9750,57.9686,0.0064,117.5877,24.8048,-32.4495,4536.0150,0.0011,108.0169,NA
SandFall-Win64-Shipping.exe,27068,0x1FE3BB43140,DXGI,0,512,1,Hardware: Independent Flip,4593.7438,0.3154,0.1669,0.1485,59.8578,0.1309,0.1278,0.0031,84.6637,23.1310,32.9240,4593.7438,24.6750,NA,NA
SandFall-Win64-Shipping.exe,27068,0x1FE3BB43140,DXGI,0,512,1,Hardware: Independent Flip,4594.0592,57.7443,57.4823,0.2620,59.6733,47.8052,47.7961,0.0091,107.4793,33.2773,-22.8156,4594.0592,0.0008,96.9511,NA
SandFall-Win64-Shipping.exe,27068,0x1FE3BB43140,DXGI,0,512,1,Hardware: Independent Flip,4651.8035,0.3246,0.1666,0.1580,49.7342,0.1811,0.1811,0.0000,83.0123,0.0366,24.4670,4651.8035,33.0970,NA,NA
SandFall-Win64-Shipping.exe,27068,0x1FE3BB43140,DXGI,0,512,1,Hardware: Independent Flip,4652.1281,47.6793,47.4212,0.2581,49.5907,27.9321,27.9217,0.0104,82.7243,24.0932,0.2880,4652.1281,5.2015,73.2534,NA
SandFall-Win64-Shipping.exe,27068,0x1FE3BB43140,DXGI,0,512,1,Hardware: Independent Flip,4699.8074,0.5617,0.4069,0.1548,29.8435,0.1189,0.1168,0.0021,59.1382,0.0760,23.5861,4699.8074,29.1758,NA,NA
SandFall-Win64-Shipping.exe,27068,0x1FE3BB43140,DXGI,0,512,1,Hardware: Independent Flip,4700.3691,27.5060,27.2311,0.2749,29.4007,29.2511,29.2435,0.0076,58.6525,29.1545,0.4857,4700.3691,0.0007,38.4377,NA
SandFall-Win64-Shipping.exe,27068,0x1FE3BB43140,DXGI,0,512,1,Hardware: Independent Flip,4727.8751,0.3281,0.1669,0.1612,31.1458,0.1475,0.1454,0.0021,60.3010,0.2569,-1.6485,4727.8751,29.0077,NA,NA
SandFall-Win64-Shipping.exe,27068,0x1FE3BB43140,DXGI,0,512,1,Hardware: Independent Flip,4728.2032,28.9901,28.7441,0.2460,30.9652,29.2639,29.2567,0.0072,60.2298,29.2827,0.0712,4728.2032,0.0007,NA,NA
SandFall-Win64-Shipping.exe,27068,0x1FE3BB43140,DXGI,0,512,1,Hardware: Independent Flip,4757.1933,0.6897,0.3482,0.3415,31.2390,0.1808,0.1787,0.0021,60.5224,2.2161,-0.2926,4757.1933,29.1026,NA,NA
SandFall-Win64-Shipping.exe,27068,0x1FE3BB43140,DXGI,0,512,1,Hardware: Independent Flip,4757.8830,29.6518,29.3357,0.3161,30.7301,31.3173,31.3089,0.0084,62.0488,29.3236,-1.5264,4757.8830,0.0014,40.3489,NA
SandFall-Win64-Shipping.exe,27068,0x1FE3BB43140,DXGI,0,512,1,Hardware: Independent Flip,4787.5348,0.4004,0.2116,0.1888,32.3956,0.0414,0.0414,0.0000,61.7206,18.1917,0.3282,4787.5348,29.2836,NA,NA
SandFall-Win64-Shipping.exe,27068,0x1FE3BB43140,DXGI,0,512,1,Hardware: Independent Flip,4787.9352,30.1053,29.8558,0.2495,32.0366,47.4742,47.4666,0.0076,79.5119,30.2359,-17.7913,4787.9352,0.0011,NA,NA
SandFall-Win64-Shipping.exe,27068,0x1FE3BB43140,DXGI,0,512,1,Hardware: Independent Flip,4818.0405,0.3192,0.1634,0.1558,49.4055,0.1462,0.1425,0.0037,79.6425,17.3162,-0.1306,4818.0405,30.0908,NA,NA
SandFall-Win64-Shipping.exe,27068,0x1FE3BB43140,DXGI,0,512,1,Hardware: Independent Flip,4818.3597,47.3521,47.1021,0.2500,49.2325,47.4058,47.4029,0.0029,96.6395,28.4837,-16.9970,4818.3597,0.0012,79.4154,NA
SandFall-Win64-Shipping.exe,27068,0x1FE3BB43140,DXGI,0,512,1,Hardware: Independent Flip,4865.7118,0.3169,0.1650,0.1519,49.2862,0.1745,0.1718,0.0027,77.7711,20.6877,18.8684,4865.7118,28.3104,NA,NA
SandFall-Win64-Shipping.exe,27068,0x1FE3BB43140,DXGI,0,512,1,Hardware: Independent Flip,4866.0287,47.3195,47.0718,0.2477,49.1438,48.9973,48.9909,0.0064,98.1419,20.4700,-20.3708,4866.0287,0.0008,88.5874,NA
SandFall-Win64-Shipping.exe,27068,0x1FE3BB43140,DXGI,0,512,1,Hardware: Independent Flip,4913.3482,0.3729,0.1750,0.1979,50.8216,0.1128,0.1074,0.0054,71.2924,26.7330,26.8495,4913.3482,20.3580,72.0522,NA
SandFall-Win64-Shipping.exe,27068,0x1FE3BB43140,DXGI,0,512,1,Hardware: Independent Flip,4913.7211,48.8608,48.6109,0.2499,50.5615,47.0890,47.0774,0.0116,97.6525,20.1551,-26.3601,4913.7211,0.0020,62.7918,NA
SandFall-Win64-Shipping.exe,27068,0x1FE3BB43140,DXGI,0,512,1,Hardware: Independent Flip,4962.5819,0.3251,0.1673,0.1578,48.7897,0.1625,0.1594,0.0031,68.9468,14.7362,28.7057,4962.5819,19.9946,NA,NA
SandFall-Win64-Shipping.exe,27068,0x1FE3BB43140,DXGI,0,512,1,Hardware: Independent Flip,4962.9070,46.7905,46.5495,0.2410,48.6271,33.2300,33.2180,0.0120,83.3579,16.2576,-14.4111,4962.9070,1.5008,61.6496,NA
SandFall-Win64-Shipping.exe,27068,0x1FE3BB43140,DXGI,0,512,1,Hardware: Independent Flip,5009.6975,0.3211,0.1716,0.1495,35.0666,0.1361,0.1332,0.0029,52.8250,15.0583,30.5329,5009.6975,17.6223,NA,NA
SandFall-Win64-Shipping.exe,27068,0x1FE3BB43140,DXGI,0,512,1,Hardware: Independent Flip,5010.0186,33.3291,33.0775,0.2516,34.8816,31.1797,31.1618,0.0179,67.5622,16.2849,-14.7372,5010.0186,1.5009,56.9817,NA
SandFall-Win64-Shipping.exe,27068,0x1FE3BB43140,DXGI,0,512,1,Hardware: Independent Flip,5043.3477,0.3315,0.1710,0.1605,32.7322,0.1039,0.0985,0.0054,50.5180,14.2615,17.0442,5043.3477,17.6819,NA,NA
SandFall-Win64-Shipping.exe,27068,0x1FE3BB43140,DXGI,0,512,1,Hardware: Independent Flip,5043.6792,30.9000,30.5774,0.3226,32.5046,30.4425,30.4337,0.0088,64.4480,18.3879,-13.9300,5043.6792,1.5009,41.5110,NA
SandFall-Win64-Shipping.exe,27068,0x1FE3BB43140,DXGI,0,512,1,Hardware: Independent Flip,5074.5792,0.3254,0.1689,0.1565,32.0471,0.1666,0.1644,0.0022,51.9359,12.0758,12.5121,5074.5792,19.7222,NA,NA
SandFall-Win64-Shipping.exe,27068,0x1FE3BB43140,DXGI,0,512,1,Hardware: Independent Flip,5074.9046,30.0769,29.8231,0.2538,31.8883,30.2971,30.2849,0.0122,63.6863,19.7381,-11.7504,5074.9046,1.5009,NA,NA
SandFall-Win64-Shipping.exe,27068,0x1FE3BB43140,DXGI,0,512,1,Hardware: Independent Flip,5104.9815,0.3219,0.1660,0.1559,32.1085,0.1239,0.1212,0.0027,53.3475,10.8172,10.3388,5104.9815,21.1151,NA,NA
SandFall-Win64-Shipping.exe,27068,0x1FE3BB43140,DXGI,0,512,1,Hardware: Independent Flip,5105.3034,30.0237,29.7756,0.2481,31.9105,30.4314,30.4185,0.0129,63.8428,20.8854,-10.4953,5105.3034,1.5009,59.5662,NA
SandFall-Win64-Shipping.exe,27068,0x1FE3BB43140,DXGI,0,512,1,Hardware: Independent Flip,5135.3271,0.3127,0.1634,0.1493,32.3182,0.1468,0.1447,0.0021,54.7045,10.4079,9.1383,5135.3271,22.2395,NA,NA
SandFall-Win64-Shipping.exe,27068,0x1FE3BB43140,DXGI,0,512,1,Hardware: Independent Flip,5135.6398,40.6296,40.3766,0.2530,32.1523,31.1466,31.1405,0.0061,64.7997,19.3236,-10.0952,5135.6398,1.5008,55.8556,NA
SandFall-Win64-Shipping.exe,27068,0x1FE3BB43140,DXGI,0,512,1,Hardware: Independent Flip,5176.2694,0.3150,0.1605,0.1545,22.6693,0.0949,0.0874,0.0075,43.4937,15.6521,21.3060,5176.2694,20.7295,NA,NA
SandFall-Win64-Shipping.exe,27068,0x1FE3BB43140,DXGI,0,512,1,Hardware: Independent Flip,5176.5844,37.3882,37.1291,0.2591,22.4492,34.8807,31.8860,2.9947,58.8308,17.7044,-15.3371,5176.5844,1.5009,47.8339,NA
SandFall-Win64-Shipping.exe,27068,0x1FE3BB43140,DXGI,0,512,1,Hardware: Independent Flip,5213.9726,0.3073,0.1586,0.1487,19.9417,0.0970,0.0955,0.0015,39.1470,14.2341,19.6838,5213.9726,19.1083,NA,NA
SandFall-Win64-Shipping.exe,27068,0x1FE3BB43140,DXGI,0,512,1,Hardware: Independent Flip,5214.2799,29.5923,29.3419,0.2504,19.7314,31.8412,30.2748,1.5664,53.0738,15.6577,-13.9268,5214.2799,1.5012,45.7624,NA
SandFall-Win64-Shipping.exe,27068,0x1FE3BB43140,DXGI,0,512,1,Hardware: Independent Flip,5243.8722,0.3256,0.1610,0.1646,21.9803,0.1197,0.1139,0.0058,39.1392,17.0581,13.9346,5243.8722,17.0392,NA,NA
SandFall-Win64-Shipping.exe,27068,0x1FE3BB43140,DXGI,0,512,1,Hardware: Independent Flip,5244.1978,32.8702,32.6212,0.2490,21.7744,32.5962,30.6572,1.9390,55.8717,15.0359,-16.7325,5244.1978,1.5011,70.4369,NA
SandFall-Win64-Shipping.exe,27068,0x1FE3BB43140,DXGI,0,512,1,Hardware: Independent Flip,5277.0680,0.3083,0.1557,0.1526,21.5004,0.1147,0.1057,0.0090,38.0374,18.9643,17.8343,5277.0680,16.4223,NA,NA
SandFall-Win64-Shipping.exe,27068,0x1FE3BB43140,DXGI,0,512,1,Hardware: Independent Flip,5277.3763,33.6333,33.3516,0.2817,21.3068,33.8861,30.4054,3.4807,56.6934,14.8548,-18.6560,5277.3763,1.5005,46.4386,NA
SandFall-Win64-Shipping.exe,27068,0x1FE3BB43140,DXGI,0,512,1,Hardware: Independent Flip,5311.0096,0.3169,0.1580,0.1589,21.5596,0.0869,0.0816,0.0053,37.9149,19.4170,18.7785,5311.0096,16.2684,NA,NA
SandFall-Win64-Shipping.exe,27068,0x1FE3BB43140,DXGI,0,512,1,Hardware: Independent Flip,5311.3265,31.8228,31.5732,0.2496,21.3296,34.1850,31.9507,2.2343,57.0150,14.6876,-19.1001,5311.3265,1.5004,43.7541,NA
SandFall-Win64-Shipping.exe,27068,0x1FE3BB43140,DXGI,0,512,1,Hardware: Independent Flip,5343.1493,0.3021,0.1546,0.1475,23.6918,0.0786,0.0768,0.0018,39.8798,30.6617,17.1352,5343.1493,16.1094,NA,NA
SandFall-Win64-Shipping.exe,27068,0x1FE3BB43140,DXGI,0,512,1,Hardware: Independent Flip,5343.4514,32.1211,31.8723,0.2488,23.4683,46.7707,46.4344,0.3363,70.2394,17.3595,-30.3596,5343.4514,0.0004,58.0584,NA
SandFall-Win64-Shipping.exe,27068,0x1FE3BB43140,DXGI,0,512,1,Hardware: Independent Flip,5375.5725,0.3188,0.1599,0.1589,38.1179,0.1344,0.1311,0.0033,55.4778,29.7595,14.7616,5375.5725,17.2255,NA,NA
SandFall-Win64-Shipping.exe,27068,0x1FE3BB43140,DXGI,0,512,1,Hardware: Independent Flip,5375.8913,36.3018,35.9977,0.3041,37.9335,46.9842,46.9782,0.0060,84.9185,15.7321,-29.4407,5375.8913,0.0008,73.2267,NA
SandFall-Win64-Shipping.exe,27068,0x1FE3BB43140,DXGI,0,512,1,Hardware: Independent Flip,5412.1931,0.3314,0.1704,0.1610,48.6159,0.1478,0.1478,0.0000,64.3488,30.3976,20.5697,5412.1931,15.5851,NA,NA
SandFall-Win64-Shipping.exe,27068,0x1FE3BB43140,DXGI,0,512,1,Hardware: Independent Flip,5412.5245,46.6053,46.3520,0.2533,48.4323,45.9820,45.9789,0.0031,94.4150,16.9406,-30.0662,5412.5245,0.0007,58.3570,NA
SandFall-Win64-Shipping.exe,27068,0x1FE3BB43140,DXGI,0,512,1,Hardware: Independent Flip,5459.1298,0.3235,0.1733,0.1502,47.8090,0.1574,0.1574,0.0000,64.7503,30.4412,29.6647,5459.1298,16.7839,NA,NA
SandFall-Win64-Shipping.exe,27068,0x1FE3BB43140,DXGI,0,512,1,Hardware: Independent Flip,5459.4533,45.8999,45.6331,0.2668,47.6429,47.2244,47.2135,0.0109,94.8680,15.3025,-30.1177,5459.4533,0.0007,74.7261,NA
SandFall-Win64-Shipping.exe,27068,0x1FE3BB43140,DXGI,0,512,1,Hardware: Independent Flip,5505.3532,0.4223,0.1735,0.2488,48.9674,0.1382,0.1352,0.0030,64.2706,31.6478,30.5974,5505.3532,15.1650,NA,NA
SandFall-Win64-Shipping.exe,27068,0x1FE3BB43140,DXGI,0,512,1,Hardware: Independent Flip,5505.7755,46.9646,46.7036,0.2610,48.6833,46.8119,46.7992,0.0127,95.4961,16.8132,-31.2255,5505.7755,0.0009,NA,NA
SandFall-Win64-Shipping.exe,27068,0x1FE3BB43140,DXGI,0,512,1,Hardware: Independent Flip,5552.7401,0.3251,0.1654,0.1597,48.5306,0.1519,0.1497,0.0022,65.3447,15.8134,30.1514,5552.7401,16.6622,NA,NA
SandFall-Win64-Shipping.exe,27068,0x1FE3BB43140,DXGI,0,512,1,Hardware: Independent Flip,5553.0652,46.5413,46.2847,0.2566,48.3574,32.4749,32.4643,0.0106,80.8330,16.9703,-15.4883,5553.0652,0.0007,NA,NA
SandFall-Win64-Shipping.exe,27068,0x1FE3BB43140,DXGI,0,512,1,Hardware: Independent Flip,5599.6065,0.3192,0.1654,0.1538,34.2910,0.1609,0.1579,0.0030,51.2620,15.4204,29.5710,5599.6065,16.8101,NA,NA
SandFall-Win64-Shipping.exe,27068,0x1FE3BB43140,DXGI,0,512,1,Hardware: Independent Flip,5599.9257,32.4822,32.1435,0.3387,34.1327,32.2298,32.2224,0.0074,66.3632,19.3839,-15.1012,5599.9257,0.0007,NA,NA
SandFall-Win64-Shipping.exe,27068,0x1FE3BB43140,DXGI,0,512,1,Hardware: Independent Flip,5632.4079,0.3597,0.1936,0.1661,33.8803,0.1524,0.1502,0.0022,53.2649,13.1600,13.0983,5632.4079,19.2322,NA,NA
SandFall-Win64-Shipping.exe,27068,0x1FE3BB43140,DXGI,0,512,1,Hardware: Independent Flip,5632.7676,31.8943,31.6363,0.2580,33.6730,32.3916,32.3841,0.0075,66.0652,21.1246,-12.8003,5632.7676,0.0006,NA,NA
SandFall-Win64-Shipping.exe,27068,0x1FE3BB43140,DXGI,0,512,1,Hardware: Independent Flip,5664.6619,0.3173,0.1659,0.1514,34.1703,0.1149,0.1128,0.0021,55.2955,10.6778,10.7697,5664.6619,21.0103,NA,NA
SandFall-Win64-Shipping.exe,27068,0x1FE3BB43140,DXGI,0,512,1,Hardware: Independent Flip,5664.9792,32.1044,31.8519,0.2525,33.9679,30.1871,30.1730,0.0141,65.6560,19.5104,-10.3605,5664.9792,1.5010,NA,NA
SandFall-Win64-Shipping.exe,27068,0x1FE3BB43140,DXGI,0,512,1,Hardware: Independent Flip,5697.0836,0.3195,0.1637,0.1558,32.0506,0.1382,0.1362,0.0020,53.0620,10.7079,12.5940,5697.0836,20.8732,NA,NA
SandFall-Win64-Shipping.exe,27068,0x1FE3BB43140,DXGI,0,512,1,Hardware: Independent Flip,5697.4031,30.0963,29.8220,0.2743,31.8693,30.0804,30.0737,0.0067,63.4504,20.3905,-10.3884,5697.4031,1.5007,NA,NA
SandFall-Win64-Shipping.exe,27068,0x1FE3BB43140,DXGI,0,512,1,Hardware: Independent Flip,5727.4994,0.3151,0.1643,0.1508,31.8534,0.0964,0.0911,0.0053,53.7446,10.7453,9.7058,5727.4994,21.7948,NA,NA
SandFall-Win64-Shipping.exe,27068,0x1FE3BB43140,DXGI,0,512,1,Hardware: Independent Flip,5727.8145,29.8373,29.5742,0.2631,31.6347,31.0389,31.0305,0.0084,64.1748,20.9029,-10.4302,5727.8145,1.5012,NA,NA
SandFall-Win64-Shipping.exe,27068,0x1FE3BB43140,DXGI,0,512,1,Hardware: Independent Flip,5757.6518,0.3251,0.1676,0.1575,32.8363,0.1311,0.1289,0.0022,55.2404,10.4879,8.9344,5757.6518,22.2730,NA,NA
SandFall-Win64-Shipping.exe,27068,0x1FE3BB43140,DXGI,0,512,1,Hardware: Independent Flip,5757.9769,30.8005,30.5466,0.2539,32.6423,31.2601,31.2534,0.0067,65.4032,18.8835,-10.1628,5757.9769,1.5008,NA,NA
SandFall-Win64-Shipping.exe,27068,0x1FE3BB43140,DXGI,0,512,1,Hardware: Independent Flip,5788.7774,0.3133,0.1643,0.1490,33.1019,0.1620,0.1599,0.0021,53.4862,12.6623,11.9170,5788.7774,20.2223,NA,NA
SandFall-Win64-Shipping.exe,27068,0x1FE3BB43140,DXGI,0,512,1,Hardware: Independent Flip,5789.0907,31.1352,30.8850,0.2502,32.9506,31.3841,31.3719,0.0122,65.8352,16.5865,-12.3490,5789.0907,1.5005,NA,NA
SandFall-Win64-Shipping.exe,27068,0x1FE3BB43140,DXGI,0,512,1,Hardware: Independent Flip,5820.2259,0.3154,0.1636,0.1518,33.1995,0.1732,0.1681,0.0051,51.2865,15.1564,14.5487,5820.2259,17.9138,NA,NA
SandFall-Win64-Shipping.exe,27068,0x1FE3BB43140,DXGI,0,512,1,Hardware: Independent Flip,5820.5413,31.2092,30.9006,0.3086,33.0573,31.5695,31.5593,0.0102,66.1275,15.6067,-14.8410,5820.5413,1.5007,NA,NA
SandFall-Win64-Shipping.exe,27068,0x1FE3BB43140,DXGI,0,512,1,Hardware: Independent Flip,5851.7505,0.3480,0.1776,0.1704,33.4176,0.1301,0.1281,0.0020,50.5250,15.5328,15.6025,5851.7505,16.9773,NA,NA
SandFall-Win64-Shipping.exe,27068,0x1FE3BB43140,DXGI,0,512,1,Hardware: Independent Flip,5852.0985,31.6938,31.4069,0.2869,33.1997,31.0091,30.9988,0.0103,65.7098,15.0044,-15.1848,5852.0985,1.5010,57.2073,NA
SandFall-Win64-Shipping.exe,27068,0x1FE3BB43140,DXGI,0,512,1,Hardware: Independent Flip,5883.7923,0.3341,0.1752,0.1589,32.5150,0.1236,0.1214,0.0022,49.0204,16.8432,16.6894,5883.7923,16.3818,NA,NA
SandFall-Win64-Shipping.exe,27068,0x1FE3BB43140,DXGI,0,512,1,Hardware: Independent Flip,5884.1264,34.1053,33.8482,0.2571,32.3045,31.7247,31.7133,0.0114,65.5295,14.6057,-16.5091,5884.1264,1.5003,56.0734,NA
SandFall-Win64-Shipping.exe,27068,0x1FE3BB43140,DXGI,0,512,1,Hardware: Independent Flip,5918.2317,0.6670,0.1639,0.5031,29.9239,0.1206,0.1188,0.0018,46.0299,19.1990,19.4996,5918.2317,15.9854,NA,NA
SandFall-Win64-Shipping.exe,27068,0x1FE3BB43140,DXGI,0,512,1,Hardware: Independent Flip,5918.8987,30.6565,30.3315,0.3250,29.3775,33.6838,33.6719,0.0119,64.5619,14.5105,-18.5320,5918.8987,1.5006,57.8777,NA
SandFall-Win64-Shipping.exe,27068,0x1FE3BB43140,DXGI,0,512,1,Hardware: Independent Flip,5949.5552,0.3923,0.2350,0.1573,32.4048,0.1526,0.1493,0.0033,48.4159,18.9909,16.1460,5949.5552,15.8585,NA,NA
SandFall-Win64-Shipping.exe,27068,0x1FE3BB43140,DXGI,0,512,1,Hardware: Independent Flip,5949.9475,31.1137,30.8730,0.2407,32.1651,33.3489,33.3340,0.0149,67.0145,14.3476,-18.5986,5949.9475,1.5005,60.3810,NA
SandFall-Win64-Shipping.exe,27068,0x1FE3BB43140,DXGI,0,512,1,Hardware: Independent Flip,5981.0612,0.3457,0.1636,0.1821,34.4003,0.1210,0.1187,0.0023,50.2484,21.0944,16.7661,5981.0612,15.7271,NA,NA
SandFall-Win64-Shipping.exe,27068,0x1FE3BB43140,DXGI,0,512,1,Hardware: Independent Flip,5981.4069,32.4852,32.1376,0.3476,34.1756,35.3203,35.3087,0.0116,70.9971,14.2488,-20.7487,5981.4069,1.5012,63.8205,NA
SandFall-Win64-Shipping.exe,27068,0x1FE3BB43140,DXGI,0,512,1,Hardware: Independent Flip,6013.8921,0.3552,0.1911,0.1641,37.0107,0.1453,0.1416,0.0037,52.7607,22.1100,18.2364,6013.8921,15.6047,NA,NA
SandFall-Win64-Shipping.exe,27068,0x1FE3BB43140,DXGI,0,512,1,Hardware: Independent Flip,6014.2473,35.0326,34.7441,0.2885,36.8008,36.2133,36.2059,0.0074,74.5155,14.2216,-21.7548,6014.2473,1.5014,68.1795,NA
SandFall-Win64-Shipping.exe,27068,0x1FE3BB43140,DXGI,0,512,1,Hardware: Independent Flip,6049.2799,0.4305,0.1868,0.2437,37.9815,0.1309,0.1288,0.0021,53.7045,22.7772,20.8110,6049.2799,15.5921,NA,NA
SandFall-Win64-Shipping.exe,27068,0x1FE3BB43140,DXGI,0,512,1,Hardware: Independent Flip,6049.7104,36.0079,35.6535,0.3544,37.6819,36.8686,36.8605,0.0081,76.0512,14.2341,-22.3467,6049.7104,1.5007,45.1662,NA
SandFall-Win64-Shipping.exe,27068,0x1FE3BB43140,DXGI,0,512,1,Hardware: Independent Flip,6085.7183,0.3762,0.1986,0.1776,38.5426,0.0860,0.0860,0.0000,54.2774,22.6455,21.7738,6085.7183,15.6488,NA,NA
SandFall-Win64-Shipping.exe,27068,0x1FE3BB43140,DXGI,0,512,1,Hardware: Independent Flip,6086.0945,36.8227,36.4258,0.3969,38.2524,36.7934,36.7802,0.0132,76.5467,14.5356,-22.2693,6086.0945,1.5009,48.0484,NA
SandFall-Win64-Shipping.exe,27068,0x1FE3BB43140,DXGI,0,512,1,Hardware: Independent Flip,6122.9172,0.4687,0.2444,0.2243,38.2231,0.0965,0.0902,0.0063,54.2596,22.2133,22.2871,6122.9172,15.9400,NA,NA
SandFall-Win64-Shipping.exe,27068,0x1FE3BB43140,DXGI,0,512,1,Hardware: Independent Flip,6123.3859,36.3411,35.9794,0.3617,37.8509,36.7740,36.7659,0.0081,76.0042,14.7207,-21.7446,6123.3859,1.3793,49.8056,NA
SandFall-Win64-Shipping.exe,27068,0x1FE3BB43140,DXGI,0,512,1,Hardware: Independent Flip,6159.7270,0.3709,0.1973,0.1736,38.2838,0.1472,0.1452,0.0020,54.3838,18.7579,21.6204,6159.7270,15.9528,NA,NA
SandFall-Win64-Shipping.exe,27068,0x1FE3BB43140,DXGI,0,512,1,Hardware: Independent Flip,6160.0979,36.3005,36.0459,0.2546,38.0601,34.7104,34.6975,0.0129,72.7708,17.9307,-18.3870,6160.0979,0.0003,51.2818,NA
SandFall-Win64-Shipping.exe,27068,0x1FE3BB43140,DXGI,0,512,1,Hardware: Independent Flip,6196.3984,0.3698,0.1650,0.2048,36.4700,0.1090,0.1064,0.0026,54.4010,17.3707,18.3698,6196.3984,17.8220,NA,NA
SandFall-Win64-Shipping.exe,27068,0x1FE3BB43140,DXGI,0,512,1,Hardware: Independent Flip,6196.7682,34.3774,34.1285,0.2489,36.2092,35.1922,35.1868,0.0054,71.4019,17.9426,-17.0009,6196.7682,0.0005,53.5806,NA
SandFall-Win64-Shipping.exe,27068,0x1FE3BB43140,DXGI,0,512,1,Hardware: Independent Flip,6231.1456,0.3195,0.1614,0.1581,37.0240,0.1076,0.1055,0.0021,54.9671,20.6184,16.4348,6231.1456,17.8355,NA,NA
SandFall-Win64-Shipping.exe,27068,0x1FE3BB43140,DXGI,0,512,1,Hardware: Independent Flip,6231.4651,35.0346,34.7772,0.2574,36.8121,38.4527,38.4495,0.0032,75.2660,18.3560,-20.2989,6231.4651,0.0012,58.1450,NA
SandFall-Win64-Shipping.exe,27068,0x1FE3BB43140,DXGI,0,512,1,Hardware: Independent Flip,6266.4997,0.3198,0.1692,0.1506,40.2302,0.1330,0.1302,0.0028,58.5874,31.7290,16.6786,6266.4997,18.2242,NA,NA
SandFall-Win64-Shipping.exe,27068,0x1FE3BB43140,DXGI,0,512,1,Hardware: Independent Flip,6266.8195,38.2283,37.9573,0.2710,40.0434,49.9524,49.9452,0.0072,89.9966,17.3098,-31.4092,6266.8195,0.0008,72.2326,NA
SandFall-Win64-Shipping.exe,27068,0x1FE3BB43140,DXGI,0,512,1,Hardware: Independent Flip,6305.0478,0.3345,0.1710,0.1635,51.7675,0.1268,0.1241,0.0027,69.0781,23.4968,20.9185,6305.0478,17.1838,NA,NA
SandFall-Win64-Shipping.exe,27068,0x1FE3BB43140,DXGI,0,512,1,Hardware: Independent Flip,6305.3823,49.7321,49.4721,0.2600,51.5598,39.3821,39.3788,0.0033,92.2404,16.3473,-23.1623,6305.3823,1.2985,91.0413,NA
SandFall-Win64-Shipping.exe,27068,0x1FE3BB43140,DXGI,0,512,1,Hardware: Independent Flip,6355.1144,0.3189,0.1683,0.1506,41.2098,0.1120,0.1092,0.0028,58.8556,21.2100,33.3848,6355.1144,17.5338,NA,NA
SandFall-Win64-Shipping.exe,27068,0x1FE3BB43140,DXGI,0,512,1,Hardware: Independent Flip,6355.4333,39.3165,39.0227,0.2938,41.0029,37.2432,37.2361,0.0071,79.7467,16.3170,-20.8911,6355.4333,1.5006,70.8411,NA
SandFall-Win64-Shipping.exe,27068,0x1FE3BB43140,DXGI,0,512,1,Hardware: Independent Flip,6394.7498,0.6090,0.2115,0.3975,38.9296,0.1220,0.1196,0.0024,56.7472,19.7359,22.9995,6394.7498,17.6956,NA,NA
SandFall-Win64-Shipping.exe,27068,0x1FE3BB43140,DXGI,0,512,1,Hardware: Independent Flip,6395.3588,36.7427,36.3841,0.3586,38.4426,35.9310,35.9283,0.0027,75.8741,16.1915,-19.1269,6395.3588,1.5005,45.3918,NA
SandFall-Win64-Shipping.exe,27068,0x1FE3BB43140,DXGI,0,512,1,Hardware: Independent Flip,6432.1015,0.4174,0.2244,0.1930,37.6309,0.1657,0.1635,0.0022,55.3229,21.0348,20.5512,6432.1015,17.5263,NA,NA
SandFall-Win64-Shipping.exe,27068,0x1FE3BB43140,DXGI,0,512,1,Hardware: Independent Flip,6432.5189,35.4899,35.2428,0.2471,37.3792,37.0601,37.0567,0.0034,75.9403,16.1884,-20.6174,6432.5189,1.5010,NA,NA
SandFall-Win64-Shipping.exe,27068,0x1FE3BB43140,DXGI,0,512,1,Hardware: Independent Flip,6468.0088,0.3175,0.1612,0.1563,38.9494,0.1354,0.1326,0.0028,56.6388,20.7469,19.3015,6468.0088,17.5540,NA,NA
SandFall-Win64-Shipping.exe,27068,0x1FE3BB43140,DXGI,0,512,1,Hardware: Independent Flip,6468.3263,36.8962,36.6324,0.2638,38.7673,36.8096,36.8023,0.0073,77.0682,16.7761,-20.4294,6468.3263,1.4913,88.7846,NA
SandFall-Win64-Shipping.exe,27068,0x1FE3BB43140,DXGI,0,512,1,Hardware: Independent Flip,6505.2225,0.3315,0.1717,0.1598,38.6807,0.1037,0.0977,0.0060,56.9481,17.5780,20.1201,6505.2225,18.1637,NA,NA
SandFall-Win64-Shipping.exe,27068,0x1FE3BB43140,DXGI,0,512,1,Hardware: Independent Flip,6505.5540,36.6961,36.3926,0.3035,38.4529,35.7404,35.7368,0.0036,74.1946,21.3508,-17.2465,6505.5540,0.0013,92.3792,NA
SandFall-Win64-Shipping.exe,27068,0x1FE3BB43140,DXGI,0,512,1,Hardware: Independent Flip,6542.2501,0.3328,0.1728,0.1600,37.4972,0.1237,0.1208,0.0029,58.8493,13.9199,15.3453,6542.2501,21.2284,NA,NA
SandFall-Win64-Shipping.exe,27068,0x1FE3BB43140,DXGI,0,512,1,Hardware: Independent Flip,6542.5829,35.3668,35.1140,0.2528,37.2881,35.1476,35.1413,0.0063,72.4364,21.3066,-13.5871,6542.5829,0.0007,96.8712,NA
SandFall-Win64-Shipping.exe,27068,0x1FE3BB43140,DXGI,0,512,1,Hardware: Independent Flip,6577.9497,0.3097,0.1627,0.1470,37.0689,0.1503,0.1503,0.0000,58.3762,17.4677,14.0602,6577.9497,21.1570,NA,NA
SandFall-Win64-Shipping.exe,27068,0x1FE3BB43140,DXGI,0,512,1,Hardware: Independent Flip,6578.2594,35.0512,34.7976,0.2536,36.9095,37.1242,37.1214,0.0028,75.5342,18.2850,-17.1580,6578.2594,1.5005,65.2019,NA
SandFall-Win64-Shipping.exe,27068,0x1FE3BB43140,DXGI,0,512,1,Hardware: Independent Flip,6613.3106,0.3300,0.1694,0.1606,38.9825,0.1527,0.1500,0.0027,58.7680,18.7902,16.7662,6613.3106,19.6328,NA,NA
SandFall-Win64-Shipping.exe,27068,0x1FE3BB43140,DXGI,0,512,1,Hardware: Independent Flip,6613.6406,36.8783,36.6275,0.2508,38.8052,36.9226,36.9198,0.0028,77.2282,17.7847,-18.4602,6613.6406,1.5004,64.2327,NA
SandFall-Win64-Shipping.exe,27068,0x1FE3BB43140,DXGI,0,512,1,Hardware: Independent Flip,6650.5189,0.3195,0.1675,0.1520,38.8495,0.1220,0.1220,0.0000,58.1346,19.1453,19.0936,6650.5189,19.1631,NA,NA
SandFall-Win64-Shipping.exe,27068,0x1FE3BB43140,DXGI,0,512,1,Hardware: Independent Flip,6650.8384,37.0483,36.7207,0.3276,38.6520,36.8081,36.8022,0.0059,76.9604,17.5691,-18.8258,6650.8384,1.5003,64.1743,NA
SandFall-Win64-Shipping.exe,27068,0x1FE3BB43140,DXGI,0,512,1,Hardware: Independent Flip,6687.8867,0.3264,0.1693,0.1571,38.4118,0.0951,0.0890,0.0061,57.4812,18.7967,19.4792,6687.8867,18.9743,NA,NA
SandFall-Win64-Shipping.exe,27068,0x1FE3BB43140,DXGI,0,512,1,Hardware: Independent Flip,6688.2131,36.3952,36.1363,0.2589,38.1805,36.2702,36.2641,0.0061,75.9515,17.3742,-18.4703,6688.2131,1.5008,61.5694,NA
SandFall-Win64-Shipping.exe,27068,0x1FE3BB43140,DXGI,0,512,1,Hardware: Independent Flip,6724.6083,0.3248,0.1684,0.1564,38.0555,0.0944,0.0891,0.0053,56.9305,31.9202,19.0210,6724.6083,18.7806,NA,NA
SandFall-Win64-Shipping.exe,27068,0x1FE3BB43140,DXGI,0,512,1,Hardware: Independent Flip,6724.9331,35.9514,35.7052,0.2462,37.8251,50.6997,50.6962,0.0035,88.5259,18.6453,-31.5954,6724.9331,0.0011,75.8419,NA
SandFall-Win64-Shipping.exe,27068,0x1FE3BB43140,DXGI,0,512,1,Hardware: Independent Flip,6760.8845,0.3286,0.1667,0.1619,52.5734,0.1604,0.1581,0.0023,71.2198,31.4859,17.3061,6760.8845,18.4860,NA,NA
SandFall-Win64-Shipping.exe,27068,0x1FE3BB43140,DXGI,0,512,1,Hardware: Independent Flip,6761.2131,50.5925,50.3026,0.2899,52.4052,49.9710,49.9679,0.0031,102.3771,19.8804,-31.1573,6761.2131,0.0009,114.8271,NA
SandFall-Win64-Shipping.exe,27068,0x1FE3BB43140,DXGI,0,512,1,Hardware: Independent Flip,6811.8056,0.3295,0.1706,0.1589,51.7837,0.1544,0.1519,0.0025,71.6650,29.3836,30.7121,6811.8056,19.7269,NA,NA
SandFall-Win64-Shipping.exe,27068,0x1FE3BB43140,DXGI,0,512,1,Hardware: Independent Flip,6812.1351,49.7667,49.4898,0.2769,51.6086,49.1093,49.1061,0.0032,100.7191,18.5094,-29.0541,6812.1351,0.0012,77.2662,NA
SandFall-Win64-Shipping.exe,27068,0x1FE3BB43140,DXGI,0,512,1,Hardware: Independent Flip,6861.9018,0.3294,0.1684,0.1610,50.9512,0.1531,0.1504,0.0027,69.4618,30.4947,31.2573,6861.9018,18.3575,NA,NA
SandFall-Win64-Shipping.exe,27068,0x1FE3BB43140,DXGI,0,512,1,Hardware: Independent Flip,6862.2312,48.8558,48.6000,0.2558,50.7749,48.8512,48.8481,0.0031,99.6271,20.0615,-30.1653,6862.2312,0.0010,105.4743,NA
SandFall-Win64-Shipping.exe,27068,0x1FE3BB43140,DXGI,0,512,1,Hardware: Independent Flip,6911.0870,0.3203,0.1679,0.1524,50.7703,0.1687,0.1662,0.0025,70.8328,50.7847,28.7943,6911.0870,19.8938,NA,NA
SandFall-Win64-Shipping.exe,27068,0x1FE3BB43140,DXGI,0,512,1,Hardware: Independent Flip,6911.4073,48.7598,48.5017,0.2581,50.6187,70.6776,70.6689,0.0087,121.2972,18.5800,-50.4644,6911.4073,0.0009,104.1156,NA
SandFall-Win64-Shipping.exe,27068,0x1FE3BB43140,DXGI,0,512,1,Hardware: Independent Flip,6960.1671,0.3249,0.1687,0.1562,72.5365,0.1124,0.1102,0.0022,91.1174,49.7757,30.1798,6960.1671,18.4685,NA,NA
SandFall-Win64-Shipping.exe,27068,0x1FE3BB43140,DXGI,0,512,1,Hardware: Independent Flip,6960.4920,70.5061,70.2453,0.2608,72.3240,68.2431,68.2405,0.0026,140.5682,18.5272,-49.4508,6960.4920,0.0011,125.4325,NA
SandFall-Win64-Shipping.exe,27068,0x1FE3BB43140,DXGI,0,512,1,Hardware: Independent Flip,7030.9981,0.3704,0.1807,0.1897,70.0610,0.1230,0.1208,0.0022,88.5893,49.1705,51.9789,7030.9981,18.4053,NA,NA
SandFall-Win64-Shipping.exe,27068,0x1FE3BB43140,DXGI,0,512,1,Hardware: Independent Flip,7031.3685,67.9387,67.6755,0.2632,69.8136,67.5753,67.5697,0.0056,137.3894,23.1596,-48.8001,7031.3685,0.0005,158.1664,NA
SandFall-Win64-Shipping.exe,27068,0x1FE3BB43140,DXGI,0,512,1,Hardware: Independent Flip,7099.3072,0.3186,0.1647,0.1539,69.4502,0.1177,0.1156,0.0021,92.6103,47.2701,44.7791,7099.3072,23.0424,NA,NA
SandFall-Win64-Shipping.exe,27068,0x1FE3BB43140,DXGI,0,512,1,Hardware: Independent Flip,7099.6258,67.3805,67.1304,0.2501,69.2493,68.8118,68.8093,0.0025,139.5618,20.8493,-46.9515,7099.6258,1.5007,136.5940,NA
SandFall-Win64-Shipping.exe,27068,0x1FE3BB43140,DXGI,0,512,1,Hardware: Independent Flip,7167.0063,0.3155,0.1636,0.1519,70.6806,0.1196,0.1173,0.0023,93.0306,45.6580,46.5312,7167.0063,22.2304,NA,NA
SandFall-Win64-Shipping.exe,27068,0x1FE3BB43140,DXGI,0,512,1,Hardware: Independent Flip,7167.3218,68.6684,68.4047,0.2637,70.4847,67.8874,67.8834,0.0040,138.3731,34.3067,-45.3425,7167.3218,0.0010,NA,NA
SandFall-Win64-Shipping.exe,27068,0x1FE3BB43140,DXGI,0,512,1,Hardware: Independent Flip,7235.9902,0.3192,0.1630,0.1562,69.7037,0.1548,0.1518,0.0030,104.0114,33.4197,34.3617,7235.9902,34.1529,NA,NA
SandFall-Win64-Shipping.exe,27068,0x1FE3BB43140,DXGI,0,512,1,Hardware: Independent Flip,7236.3094,67.7172,67.4482,0.2690,69.5393,67.5713,67.5662,0.0051,137.1119,34.3394,-33.1005,7236.3094,0.0013,NA,NA
SandFall-Win64-Shipping.exe,27068,0x1FE3BB43140,DXGI,0,512,1,Hardware: Independent Flip,7304.0266,0.3279,0.1746,0.1533,69.3934,0.1649,0.1649,0.0000,103.7341,34.5470,33.3778,7304.0266,34.1758,NA,NA
SandFall-Win64-Shipping.exe,27068,0x1FE3BB43140,DXGI,0,512,1,Hardware: Independent Flip,7304.3545,67.4051,67.1236,0.2815,69.2304,68.3570,68.3542,0.0028,137.9532,33.8905,-34.2191,7304.3545,0.3658,190.6844,NA
SandFall-Win64-Shipping.exe,27068,0x1FE3BB43140,DXGI,0,512,1,Hardware: Independent Flip,7371.7596,0.3404,0.1781,0.1623,70.1823,0.1521,0.1489,0.0032,104.4386,33.0969,33.5146,7371.7596,34.1042,NA,NA
SandFall-Win64-Shipping.exe,27068,0x1FE3BB43140,DXGI,0,512,1,Hardware: Independent Flip,7372.1000,68.1207,67.8551,0.2656,69.9940,66.3816,66.3762,0.0054,137.1951,33.3653,-32.7565,7372.1000,0.8195,135.6990,NA
SandFall-Win64-Shipping.exe,27068,0x1FE3BB43140,DXGI,0,512,1,Hardware: Independent Flip,7440.2207,0.3169,0.1668,0.1501,68.2549,0.1619,0.1599,0.0020,102.4397,34.5228,34.7554,7440.2207,34.0229,NA,NA
SandFall-Win64-Shipping.exe,27068,0x1FE3BB43140,DXGI,0,512,1,Hardware: Independent Flip,7440.5376,66.2122,65.9510,0.2612,68.0999,67.5621,67.5568,0.0053,136.6456,32.6096,-34.2059,7440.5376,0.9836,188.5725,NA
SandFall-Win64-Shipping.exe,27068,0x1FE3BB43140,DXGI,0,512,1,Hardware: Independent Flip,7506.7498,0.3219,0.1688,0.1531,69.4498,0.1309,0.1309,0.0000,103.0430,36.3558,33.6026,7506.7498,33.4623,NA,NA
SandFall-Win64-Shipping.exe,27068,0x1FE3BB43140,DXGI,0,512,1,Hardware: Independent Flip,7507.0717,67.3596,67.1060,0.2536,69.2588,69.6274,69.6220,0.0054,139.0769,34.0969,-36.0339,7507.0717,0.1907,NA,NA
SandFall-Win64-Shipping.exe,27068,0x1FE3BB43140,DXGI,0,512,1,Hardware: Independent Flip,7574.4313,0.3149,0.1659,0.1490,71.5266,0.1136,0.1115,0.0021,105.8142,36.2573,33.2627,7574.4313,34.1740,NA,NA
SandFall-Win64-Shipping.exe,27068,0x1FE3BB43140,DXGI,0,512,1,Hardware: Independent Flip,7574.7462,69.4757,69.2100,0.2657,71.3253,70.4303,70.4274,0.0029,141.7566,33.9140,-35.9424,7574.7462,0.0010,NA,NA
SandFall-Win64-Shipping.exe,27068,0x1FE3BB43140,DXGI,0,512,1,Hardware: Independent Flip,7644.2219,0.3253,0.1670,0.1583,72.2799,0.1106,0.1083,0.0023,106.1949,36.6077,35.5617,7644.2219,33.8044,NA,NA
SandFall-Win64-Shipping.exe,27068,0x1FE3BB43140,DXGI,0,512,1,Hardware: Independent Flip,7644.5472,70.1699,69.9107,0.2592,72.0652,70.4115,70.4052,0.0063,142.4773,33.4784,-36.2824,7644.5472,0.0006,NA,NA
SandFall-Win64-Shipping.exe,27068,0x1FE3BB43140,DXGI,0,512,1,Hardware: Independent Flip,7714.7171,0.6021,0.4387,0.1634,72.3068,0.1249,0.1227,0.0022,105.7858,36.8770,36.6915,7714.7171,33.3541,NA,NA
SandFall-Win64-Shipping.exe,27068,0x1FE3BB43140,DXGI,0,512,1,Hardware: Independent Flip,7715.3192,69.9123,69.6435,0.2688,71.8296,70.2301,70.2249,0.0052,142.0607,33.9401,-36.2749,7715.3192,0.0010,NA,NA
SandFall-Win64-Shipping.exe,27068,0x1FE3BB43140,DXGI,0,512,1,Hardware: Independent Flip,7785.2315,0.3228,0.1669,0.1559,72.1474,0.1324,0.1302,0.0022,106.0885,35.8505,35.9722,7785.2315,33.8087,NA,NA
SandFall-Win64-Shipping.exe,27068,0x1FE3BB43140,DXGI,0,512,1,Hardware: Independent Flip,7785.5543,70.1188,69.8646,0.2542,71.9570,69.6581,69.6532,0.0049,141.6162,34.6945,-35.5277,7785.5543,0.0011,132.8657,NA
SandFall-Win64-Shipping.exe,27068,0x1FE3BB43140,DXGI,0,512,1,Hardware: Independent Flip,7855.6731,0.9808,0.4329,0.5479,71.4963,0.1233,0.1211,0.0022,106.1919,200.4582,35.4243,7855.6731,34.5723,NA,NA
SandFall-Win64-Shipping.exe,27068,0x1FE3BB43140,DXGI,0,512,1,Hardware: Independent Flip,7856.6539,68.7184,68.4453,0.2731,70.6388,234.2601,234.2574,0.0027,305.6693,34.7332,-199.4774,7856.6539,0.7704,296.7198,NA
SandFall-Win64-Shipping.exe,27068,0x1FE3BB43140,DXGI,0,512,1,Hardware: Independent Flip,7925.3723,0.3202,0.1652,0.1550,236.1805,0.2121,0.2085,0.0036,271.6841,4.7667,33.9852,7925.3723,35.2915,NA,NA
SandFall-Win64-Shipping.exe,27068,0x1FE3BB43140,DXGI,0,512,1,Hardware: Independent Flip,7925.6925,233.9947,233.7278,0.2669,236.0724,40.0572,40.0497,0.0075,276.1306,35.1416,-4.4465,7925.6925,0.0010,284.4966,NA
SandFall-Win64-Shipping.exe,27068,0x1FE3BB43140,DXGI,0,512,1,Hardware: Independent Flip,8159.6872,0.3379,0.1803,0.1576,42.1349,0.1649,0.1617,0.0032,77.2775,6.6410,198.8531,8159.6872,34.9777,NA,NA
SandFall-Win64-Shipping.exe,27068,0x1FE3BB43140,DXGI,0,512,1,Hardware: Independent Flip,8160.0251,40.0495,39.7902,0.2593,41.9619,41.6177,41.5952,0.0225,83.5806,36.4998,-6.3031,8160.0251,0.0010,61.9921,NA
SandFall-Win64-Shipping.exe,27068,0x1FE3BB43140,DXGI,0,512,1,Hardware: Independent Flip,8200.0746,0.3306,0.1665,0.1641,43.5301,0.1159,0.1136,0.0023,80.0309,2.1070,3.5497,8200.0746,36.3849,NA,NA
SandFall-Win64-Shipping.exe,27068,0x1FE3BB43140,DXGI,0,512,1,Hardware: Independent Flip,8200.4052,41.3906,41.1248,0.2658,43.3154,38.4909,38.4876,0.0033,81.8073,35.1554,-1.7764,8200.4052,0.0010,NA,NA
SandFall-Win64-Shipping.exe,27068,0x1FE3BB43140,DXGI,0,512,1,Hardware: Independent Flip,8241.7958,0.3241,0.1694,0.1547,40.4157,0.1581,0.1556,0.0025,75.5721,51.3297,6.2352,8241.7958,34.9983,NA,NA
SandFall-Win64-Shipping.exe,27068,0x1FE3BB43140,DXGI,0,512,1,Hardware: Independent Flip,8242.1199,52.7793,52.4836,0.2957,40.2497,86.3269,86.3207,0.0062,126.5777,49.9563,-51.0056,8242.1199,0.0011,120.1172,NA
SandFall-Win64-Shipping.exe,27068,0x1FE3BB43140,DXGI,0,512,1,Hardware: Independent Flip,8294.8992,0.3123,0.1590,0.1533,73.7973,0.1101,0.1080,0.0021,123.7547,0.0454,2.8230,8294.8992,49.8473,NA,NA
SandFall-Win64-Shipping.exe,27068,0x1FE3BB43140,DXGI,0,512,1,Hardware: Independent Flip,8295.2115,71.6257,71.3499,0.2758,73.5951,38.0196,38.0120,0.0076,123.4878,23.5379,0.2669,8295.2115,11.8731,99.1119,NA
SandFall-Win64-Shipping.exe,27068,0x1FE3BB43140,DXGI,0,512,1,Hardware: Independent Flip,8366.8372,0.3278,0.1738,0.1540,39.9890,0.1170,0.1147,0.0023,75.4000,14.4460,48.0878,8366.8372,35.2940,NA,NA
SandFall-Win64-Shipping.exe,27068,0x1FE3BB43140,DXGI,0,512,1,Hardware: Independent Flip,8367.1650,37.9152,37.6625,0.2527,39.7782,49.7389,49.7358,0.0031,89.5182,37.1964,-14.1182,8367.1650,0.0011,65.0617,NA
SandFall-Win64-Shipping.exe,27068,0x1FE3BB43140,DXGI,0,512,1,Hardware: Independent Flip,8405.0802,0.3167,0.1608,0.1559,51.6019,0.1351,0.1321,0.0030,88.7994,3.1396,0.7188,8405.0802,37.0624,NA,NA
SandFall-Win64-Shipping.exe,27068,0x1FE3BB43140,DXGI,0,512,1,Hardware: Independent Flip,8405.3969,49.5078,49.2534,0.2544,51.4203,40.2008,40.1952,0.0056,91.6223,37.1898,-2.8229,8405.3969,0.0012,NA,NA
SandFall-Win64-Shipping.exe,27068,0x1FE3BB43140,DXGI,0,512,1,Hardware: Independent Flip,8454.9047,0.3146,0.1692,0.1454,42.1133,0.1318,0.1295,0.0023,79.3043,5.4461,12.3180,8454.9047,37.0592,NA,NA
SandFall-Win64-Shipping.exe,27068,0x1FE3BB43140,DXGI,0,512,1,Hardware: Independent Flip,8455.2193,40.0153,39.7716,0.2437,41.9305,42.5040,42.4948,0.0092,84.4358,35.7129,-5.1315,8455.2193,0.0013,77.0657,NA
SandFall-Win64-Shipping.exe,27068,0x1FE3BB43140,DXGI,0,512,1,Hardware: Independent Flip,8495.2346,0.3146,0.1603,0.1543,44.4192,0.0645,0.0635,0.0010,80.1334,11.6330,4.3024,8495.2346,35.6497,NA,NA
SandFall-Win64-Shipping.exe,27068,0x1FE3BB43140,DXGI,0,512,1,Hardware: Independent Flip,8495.5492,64.1019,63.8361,0.2658,44.1691,47.2818,39.7523,7.5295,91.4518,35.6804,-11.3184,8495.5492,0.0009,54.4131,NA
SandFall-Win64-Shipping.exe,27068,0x1FE3BB43140,DXGI,0,512,1,Hardware: Independent Flip,8559.6511,0.3196,0.1652,0.1544,27.3490,0.0677,0.0625,0.0052,63.0303,16.3623,28.4215,8559.6511,35.6136,NA,NA
SandFall-Win64-Shipping.exe,27068,0x1FE3BB43140,DXGI,0,512,1,Hardware: Independent Flip,8559.9707,57.9816,57.7249,0.2567,27.0971,51.9749,32.8580,19.1169,79.0730,30.6818,-16.0427,8559.9707,0.0010,80.4525,NA
SandFall-Win64-Shipping.exe,27068,0x1FE3BB43140,DXGI,0,512,1,Hardware: Independent Flip,8617.9523,0.3280,0.1554,0.1726,21.0904,0.0762,0.0715,0.0047,51.7732,17.1508,27.2998,8617.9523,30.6066,NA,NA
SandFall-Win64-Shipping.exe,27068,0x1FE3BB43140,DXGI,0,512,1,Hardware: Independent Flip,8618.2803,46.4385,46.1916,0.2469,20.8386,47.7568,30.7409,17.0159,68.5960,27.1883,-16.8228,8618.2803,0.0006,NA,NA
SandFall-Win64-Shipping.exe,27068,0x1FE3BB43140,DXGI,0,512,1,Hardware: Independent Flip,8664.7188,0.5425,0.3798,0.1627,22.1569,0.0682,0.0635,0.0047,49.3458,23.6525,19.2502,8664.7188,27.1207,NA,NA
SandFall-Win64-Shipping.exe,27068,0x1FE3BB43140,DXGI,0,512,1,Hardware: Independent Flip,8665.2613,49.1665,48.9100,0.2565,21.6826,49.2724,31.0943,18.1781,72.4558,24.2681,-23.1100,8665.2613,1.5008,NA,NA
SandFall-Win64-Shipping.exe,27068,0x1FE3BB43140,DXGI,0,512,1,Hardware: Independent Flip,8714.4278,0.3073,0.1552,0.1521,21.7885,0.0984,0.0937,0.0047,47.5574,23.2454,24.8984,8714.4278,25.6705,NA,NA
SandFall-Win64-Shipping.exe,27068,0x1FE3BB43140,DXGI,0,512,1,Hardware: Independent Flip,8714.7351,46.1030,45.8368,0.2662,21.5796,47.5658,33.1546,14.4112,70.4955,22.5186,-22.9381,8714.7351,1.3501,NA,NA
SandFall-Win64-Shipping.exe,27068,0x1FE3BB43140,DXGI,0,512,1,Hardware: Independent Flip,8760.8381,0.4518,0.2961,0.1557,23.0424,0.1057,0.0978,0.0079,46.9111,13.3012,23.5844,8760.8381,23.7630,NA,NA
SandFall-Win64-Shipping.exe,27068,0x1FE3BB43140,DXGI,0,512,1,Hardware: Independent Flip,8761.2899,38.8158,38.5611,0.2547,22.6963,37.0635,29.9202,7.1433,59.7605,20.4496,-12.8494,8761.2899,0.0007,NA,NA
SandFall-Win64-Shipping.exe,27068,0x1FE3BB43140,DXGI,0,512,1,Hardware: Independent Flip,8800.1057,0.3112,0.1576,0.1536,20.9440,0.0686,0.0634,0.0052,41.3943,19.3844,18.3662,8800.1057,20.3817,NA,NA
SandFall-Win64-Shipping.exe,27068,0x1FE3BB43140,DXGI,0,512,1,Hardware: Independent Flip,8800.4169,37.5531,37.3050,0.2481,20.7014,38.2653,29.8338,8.4315,60.4675,17.2982,-19.0732,8800.4169,1.5008,42.2995,NA
SandFall-Win64-Shipping.exe,27068,0x1FE3BB43140,DXGI,0,512,1,Hardware: Independent Flip,8837.9700,0.3048,0.1527,0.1521,21.4136,0.0692,0.0641,0.0051,40.2126,18.0313,20.2549,8837.9700,18.7298,NA,NA
SandFall-Win64-Shipping.exe,27068,0x1FE3BB43140,DXGI,0,512,1,Hardware: Independent Flip,8838.2748,35.6309,35.3684,0.2625,21.1780,35.2600,29.5858,5.6742,57.9391,16.2885,-17.7265,8838.2748,1.5011,NA,NA
SandFall-Win64-Shipping.exe,27068,0x1FE3BB43140,DXGI,0,512,1,Hardware: Independent Flip,8873.9057,0.3113,0.1583,0.1530,20.8071,0.1254,0.1164,0.0090,38.5967,16.6287,19.3424,8873.9057,17.6642,NA,NA
SandFall-Win64-Shipping.exe,27068,0x1FE3BB43140,DXGI,0,512,1,Hardware: Independent Flip,8874.2170,32.8038,32.5591,0.2447,20.6212,32.7925,29.2342,3.5583,54.9141,15.6115,-16.3174,8874.2170,1.5004,43.5358,NA
SandFall-Win64-Shipping.exe,27068,0x1FE3BB43140,DXGI,0,512,1,Hardware: Independent Flip,8907.0208,0.3130,0.1560,0.1570,20.6099,0.1111,0.1026,0.0085,37.7218,19.3995,17.1923,8907.0208,17.0008,NA,NA
SandFall-Win64-Shipping.exe,27068,0x1FE3BB43140,DXGI,0,512,1,Hardware: Independent Flip,8907.3338,32.3052,32.0537,0.2515,20.4080,34.8993,31.2727,3.6266,56.8083,14.7772,-19.0865,8907.3338,1.5010,47.5548,NA
SandFall-Win64-Shipping.exe,27068,0x1FE3BB43140,DXGI,0,512,1,Hardware: Independent Flip,8939.6390,0.3008,0.1533,0.1475,23.0021,0.1153,0.1132,0.0021,39.2803,15.2305,17.5280,8939.6390,16.1629,NA,NA
SandFall-Win64-Shipping.exe,27068,0x1FE3BB43140,DXGI,0,512,1,Hardware: Independent Flip,8939.9398,31.2731,31.0305,0.2426,22.8166,29.8929,29.5088,0.3841,54.2100,14.1806,-14.9297,8939.9398,1.5005,43.5636,NA
SandFall-Win64-Shipping.exe,27068,0x1FE3BB43140,DXGI,0,512,1,Hardware: Independent Flip,8971.2129,0.3112,0.1584,0.1528,21.4364,0.0724,0.0706,0.0018,37.1175,15.3962,17.0925,8971.2129,15.6087,NA,NA
SandFall-Win64-Shipping.exe,27068,0x1FE3BB43140,DXGI,0,512,1,Hardware: Independent Flip,8971.5241,29.5772,29.3179,0.2593,21.1976,29.5039,29.1752,0.3287,52.2025,13.7407,-15.0850,8971.5241,1.5010,56.1308,NA
SandFall-Win64-Shipping.exe,27068,0x1FE3BB43140,DXGI,0,512,1,Hardware: Independent Flip,9001.1013,0.3059,0.1542,0.1517,21.1243,0.1253,0.1229,0.0024,36.3660,15.8096,15.8365,9001.1013,15.1164,NA,NA
SandFall-Win64-Shipping.exe,27068,0x1FE3BB43140,DXGI,0,512,1,Hardware: Independent Flip,9001.4072,29.6362,29.3606,0.2756,20.9437,29.4239,29.3023,0.1216,51.8697,13.4152,-15.5037,9001.4072,1.5021,NA,NA
SandFall-Win64-Shipping.exe,27068,0x1FE3BB43140,DXGI,0,512,1,Hardware: Independent Flip,9031.0434,0.3141,0.1576,0.1565,20.7314,0.1179,0.1157,0.0022,35.6487,18.7821,16.2210,9031.0434,14.7994,NA,NA
SandFall-Win64-Shipping.exe,27068,0x1FE3BB43140,DXGI,0,512,1,Hardware: Independent Flip,9031.3575,29.7509,29.4960,0.2549,20.5352,32.0808,31.5758,0.5050,54.1167,13.4839,-18.4680,9031.3575,1.5007,51.8865,NA
SandFall-Win64-Shipping.exe,27068,0x1FE3BB43140,DXGI,0,512,1,Hardware: Independent Flip,9061.1084,0.3030,0.1541,0.1489,22.8651,0.1621,0.1601,0.0020,37.8497,16.0666,16.2670,9061.1084,14.8225,NA,NA
SandFall-Win64-Shipping.exe,27068,0x1FE3BB43140,DXGI,0,512,1,Hardware: Independent Flip,9061.4114,29.0783,28.8318,0.2465,22.7242,29.3875,29.3721,0.0154,53.6133,13.2412,-15.7636,9061.4114,1.5016,42.4246,NA
SandFall-Win64-Shipping.exe,27068,0x1FE3BB43140,DXGI,0,512,1,Hardware: Independent Flip,9090.4897,0.3044,0.1529,0.1515,23.0334,0.1275,0.1259,0.0016,37.7762,16.2685,15.8371,9090.4897,14.6153,NA,NA
SandFall-Win64-Shipping.exe,27068,0x1FE3BB43140,DXGI,0,512,1,Hardware: Independent Flip,9090.7941,29.2509,29.0081,0.2428,22.8565,29.3828,29.3701,0.0127,53.7403,13.0599,-15.9641,9090.7941,1.5010,NA,NA
SandFall-Win64-Shipping.exe,27068,0x1FE3BB43140,DXGI,0,512,1,Hardware: Independent Flip,9120.0450,0.3072,0.1554,0.1518,22.9884,0.1200,0.1183,0.0017,37.5493,18.8344,16.1910,9120.0450,14.4409,NA,NA
SandFall-Win64-Shipping.exe,27068,0x1FE3BB43140,DXGI,0,512,1,Hardware: Independent Flip,9120.3522,28.4683,28.1852,0.2831,22.8012,31.7743,31.7719,0.0024,56.0765,12.9185,-18.5272,9120.3522,1.5010,NA,NA
SandFall-Win64-Shipping.exe,27068,0x1FE3BB43140,DXGI,0,512,1,Hardware: Independent Flip,9148.8205,0.3395,0.1746,0.1649,26.1072,0.1302,0.1284,0.0018,40.5267,17.1142,15.5498,9148.8205,14.2893,NA,NA
SandFall-Win64-Shipping.exe,27068,0x1FE3BB43140,DXGI,0,512,1,Hardware: Independent Flip,9149.1600,29.7835,29.5194,0.2641,25.8979,29.9026,29.8887,0.0139,57.3014,13.0969,-16.7747,9149.1600,1.5009,NA,NA
SandFall-Win64-Shipping.exe,27068,0x1FE3BB43140,DXGI,0,512,1,Hardware: Independent Flip,9178.9435,0.3496,0.1685,0.1811,26.0170,0.1445,0.1429,0.0016,40.6148,34.9785,16.6866,9178.9435,14.4533,NA,NA
SandFall-Win64-Shipping.exe,27068,0x1FE3BB43140,DXGI,0,512,1,Hardware: Independent Flip,9179.2931,55.2402,54.8665,0.3737,25.8119,49.4311,30.7325,18.6986,75.2437,15.9627,-34.6289,9179.2931,0.0007,66.9218,NA
SandFall-Win64-Shipping.exe,27068,0x1FE3BB43140,DXGI,0,512,1,Hardware: Independent Flip,9234.5333,0.3789,0.1834,0.1955,20.0028,0.1503,0.1484,0.0019,35.9662,14.4449,39.2775,9234.5333,15.8131,NA,NA
SandFall-Win64-Shipping.exe,27068,0x1FE3BB43140,DXGI,0,512,1,Hardware: Independent Flip,9234.9122,18.8253,18.5884,0.2369,19.7742,29.3515,29.3357,0.0158,50.0322,13.5335,-14.0660,9234.9122,0.9065,NA,NA
SandFall-Win64-Shipping.exe,27068,0x1FE3BB43140,DXGI,0,512,1,Hardware: Independent Flip,9253.7375,0.3408,0.1904,0.1504,30.3004,0.1627,0.1590,0.0037,44.7404,16.6326,5.2918,9253.7375,14.2773,NA,NA
SandFall-Win64-Shipping.exe,27068,0x1FE3BB43140,DXGI,0,512,1,Hardware: Independent Flip,9254.0783,29.0534,28.7140,0.3394,30.1223,30.4515,30.4361,0.0154,61.0322,13.9622,-16.2918,9254.0783,0.4584,NA,NA
SandFall-Win64-Shipping.exe,27068,0x1FE3BB43140,DXGI,0,512,1,Hardware: Independent Flip,9283.1317,0.3511,0.1867,0.1644,31.5204,0.1531,0.1503,0.0028,45.9410,15.4250,15.0912,9283.1317,14.2675,NA,NA
SandFall-Win64-Shipping.exe,27068,0x1FE3BB43140,DXGI,0,512,1,Hardware: Independent Flip,9283.4828,30.2991,30.0310,0.2681,31.3224,29.6917,29.6840,0.0077,61.0149,15.7713,-15.0739,9283.4828,0.0008,NA,NA
SandFall-Win64-Shipping.exe,27068,0x1FE3BB43140,DXGI,0,512,1,Hardware: Independent Flip,9313.7819,0.3046,0.1518,0.1528,30.7150,0.1562,0.1541,0.0021,46.4871,16.0164,14.5278,9313.7819,15.6159,NA,NA
SandFall-Win64-Shipping.exe,27068,0x1FE3BB43140,DXGI,0,512,1,Hardware: Independent Flip,9314.0865,29.3058,29.0445,0.2613,30.5666,31.6316,31.6235,0.0081,62.1989,15.6160,-15.7118,9314.0865,0.0007,NA,NA
SandFall-Win64-Shipping.exe,27068,0x1FE3BB43140,DXGI,0,512,1,Hardware: Independent Flip,9343.3923,0.3221,0.1683,0.1538,32.8924,0.1161,0.1139,0.0022,48.5091,18.2297,13.6898,9343.3923,15.5006,NA,NA
SandFall-Win64-Shipping.exe,27068,0x1FE3BB43140,DXGI,0,512,1,Hardware: Independent Flip,9343.7144,30.9442,30.6357,0.3085,32.6864,33.7295,33.7234,0.0061,66.4167,15.7034,-17.9076,9343.7144,0.0008,NA,NA
SandFall-Win64-Shipping.exe,27068,0x1FE3BB43140,DXGI,0,512,1,Hardware: Independent Flip,9374.6586,0.3185,0.1658,0.1527,35.4717,0.1575,0.1539,0.0036,51.1759,16.3630,15.2408,9374.6586,15.5467,NA,NA
SandFall-Win64-Shipping.exe,27068,0x1FE3BB43140,DXGI,0,512,1,Hardware: Independent Flip,9374.9771,33.5344,33.2700,0.2644,35.3107,31.9088,31.9031,0.0057,67.2204,16.4389,-16.0445,9374.9771,0.0009,NA,NA
SandFall-Win64-Shipping.exe,27068,0x1FE3BB43140,DXGI,0,512,1,Hardware: Independent Flip,9408.5115,0.3899,0.1657,0.2242,33.6851,0.1570,0.1542,0.0028,50.1249,15.6310,17.0955,9408.5115,16.2828,NA,NA
SandFall-Win64-Shipping.exe,27068,0x1FE3BB43140,DXGI,0,512,1,Hardware: Independent Flip,9408.9014,31.6101,31.3640,0.2461,33.4522,31.9132,31.9046,0.0086,65.3660,16.2136,-15.2411,9408.9014,0.0006,NA,NA
SandFall-Win64-Shipping.exe,27068,0x1FE3BB43140,DXGI,0,512,1,Hardware: Independent Flip,9440.5115,0.3116,0.1650,0.1466,33.7553,0.1238,0.1209,0.0029,49.9695,15.5238,15.3965,9440.5115,16.0904,NA,NA
SandFall-Win64-Shipping.exe,27068,0x1FE3BB43140,DXGI,0,512,1,Hardware: Independent Flip,9440.8231,31.8575,31.5492,0.3083,33.5675,31.6133,31.6022,0.0111,65.1817,16.5836,-15.2122,9440.8231,0.0009,NA,NA
SandFall-Win64-Shipping.exe,27068,0x1FE3BB43140,DXGI,0,512,1,Hardware: Independent Flip,9472.6806,0.3401,0.1822,0.1579,33.3233,0.1511,0.1483,0.0028,49.9078,40.9736,15.2739,9472.6806,16.4334,NA,NA
SandFall-Win64-Shipping.exe,27068,0x1FE3BB43140,DXGI,0,512,1,Hardware: Independent Flip,9473.0207,31.2610,31.0134,0.2476,33.1343,56.0964,56.0889,0.0075,90.5413,13.8019,-40.6335,9473.0207,1.3106,NA,NA
SandFall-Win64-Shipping.exe,27068,0x1FE3BB43140,DXGI,0,512,1,Hardware: Independent Flip,9504.2817,0.3114,0.1630,0.1484,57.9697,0.0973,0.0917,0.0056,73.0822,18.3050,17.4591,9504.2817,15.0152,NA,NA
SandFall-Win64-Shipping.exe,27068,0x1FE3BB43140,DXGI,0,512,1,Hardware: Independent Flip,9504.5931,55.9717,55.7191,0.2526,57.7556,31.8192,31.8058,0.0134,91.0758,13.8994,-17.9936,9504.5931,1.5010,NA,NA
SandFall-Win64-Shipping.exe,27068,0x1FE3BB43140,DXGI,0,512,1,Hardware: Independent Flip,9560.5648,0.3238,0.1640,0.1598,33.6031,0.1671,0.1642,0.0029,49.0035,18.2071,42.0723,9560.5648,15.2333,NA,NA
SandFall-Win64-Shipping.exe,27068,0x1FE3BB43140,DXGI,0,512,1,Hardware: Independent Flip,9560.8886,31.6221,31.3705,0.2516,33.4464,31.9396,31.9273,0.0123,66.8868,14.4520,-17.8833,9560.8886,1.5008,NA,NA
SandFall-Win64-Shipping.exe,27068,0x1FE3BB43140,DXGI,0,512,1,Hardware: Independent Flip,9592.5107,0.3201,0.1674,0.1527,33.7639,0.1421,0.1401,0.0020,49.7167,16.6406,17.1701,9592.5107,15.8107,NA,NA
SandFall-Win64-Shipping.exe,27068,0x1FE3BB43140,DXGI,0,512,1,Hardware: Independent Flip,9592.8308,31.8299,31.5670,0.2629,33.5859,31.2599,31.2517,0.0082,66.0372,14.8793,-16.3205,9592.8308,1.1914,NA,NA
SandFall-Win64-Shipping.exe,27068,0x1FE3BB43140,DXGI,0,512,1,Hardware: Independent Flip,9624.6607,0.3256,0.1687,0.1569,33.0159,0.1807,0.1780,0.0027,49.0866,14.9967,16.9506,9624.6607,15.8900,NA,NA
SandFall-Win64-Shipping.exe,27068,0x1FE3BB43140,DXGI,0,512,1,Hardware: Independent Flip,9624.9863,31.0130,30.7762,0.2368,32.8710,30.7785,30.7701,0.0084,63.7577,15.9482,-14.6711,9624.9863,0.1082,NA,NA
SandFall-Win64-Shipping.exe,27068,0x1FE3BB43140,DXGI,0,512,1,Hardware: Independent Flip,9655.9993,0.3118,0.1622,0.1496,32.6365,0.1402,0.1380,0.0022,48.6929,15.1339,15.0648,9655.9993,15.9162,NA,NA
SandFall-Win64-Shipping.exe,27068,0x1FE3BB43140,DXGI,0,512,1,Hardware: Independent Flip,9656.3111,30.7396,30.4359,0.3037,32.4649,30.9744,30.9673,0.0071,63.5150,15.9897,-14.8221,9656.3111,0.0757,NA,NA
SandFall-Win64-Shipping.exe,27068,0x1FE3BB43140,DXGI,0,512,1,Hardware: Independent Flip,9687.0507,0.3641,0.1844,0.1797,32.6997,0.1609,0.1580,0.0029,48.7651,17.3659,14.7499,9687.0507,15.9045,NA,NA
SandFall-Win64-Shipping.exe,27068,0x1FE3BB43140,DXGI,0,512,1,Hardware: Independent Flip,9687.4148,30.5986,30.3638,0.2348,32.4965,32.7660,32.7561,0.0099,65.7669,19.6076,-17.0018,9687.4148,0.5044,73.5830,NA
SandFall-Win64-Shipping.exe,27068,0x1FE3BB43140,DXGI,0,512,1,Hardware: Independent Flip,9718.0134,0.3151,0.1615,0.1536,34.6639,0.1468,0.1445,0.0023,54.7759,11.2253,10.9910,9718.0134,19.9652,NA,NA
SandFall-Win64-Shipping.exe,27068,0x1FE3BB43140,DXGI,0,512,1,Hardware: Independent Flip,9718.3285,32.7217,32.4654,0.2563,34.4956,31.1901,31.1800,0.0101,65.6861,18.8759,-10.9102,9718.3285,0.0004,83.0527,NA
SandFall-Win64-Shipping.exe,27068,0x1FE3BB43140,DXGI,0,512,1,Hardware: Independent Flip,9751.0502,0.3164,0.1639,0.1525,32.9640,0.1623,0.1623,0.0000,51.8403,14.1829,13.8458,9751.0502,18.7140,NA,NA
SandFall-Win64-Shipping.exe,27068,0x1FE3BB43140,DXGI,0,512,1,Hardware: Independent Flip,9751.3666,31.0328,30.7540,0.2788,32.8099,31.3964,31.3855,0.0109,65.7068,16.3803,-13.8665,9751.3666,1.5005,54.4750,NA
SandFall-Win64-Shipping.exe,27068,0x1FE3BB43140,DXGI,0,512,1,Hardware: Independent Flip,9782.3994,0.3207,0.1680,0.1527,33.1735,0.1436,0.1409,0.0027,51.0543,14.4959,14.6525,9782.3994,17.7372,NA,NA
SandFall-Win64-Shipping.exe,27068,0x1FE3BB43140,DXGI,0,512,1,Hardware: Independent Flip,9782.7201,31.1426,30.8859,0.2567,32.9964,30.7321,30.7176,0.0145,65.2295,15.6441,-14.1752,9782.7201,1.5010,52.3221,NA
SandFall-Win64-Shipping.exe,27068,0x1FE3BB43140,DXGI,0,512,1,Hardware: Independent Flip,9813.8627,0.3154,0.1618,0.1536,32.5859,0.1277,0.1248,0.0029,49.7310,15.7731,15.4985,9813.8627,17.0174,NA,NA
SandFall-Win64-Shipping.exe,27068,0x1FE3BB43140,DXGI,0,512,1,Hardware: Independent Flip,9814.1781,30.5372,30.2961,0.2411,32.3982,31.2896,31.2767,0.0129,65.1887,15.1316,-15.4577,9814.1781,1.5009,55.4002,NA
SandFall-Win64-Shipping.exe,27068,0x1FE3BB43140,DXGI,0,512,1,Hardware: Independent Flip,9844.7153,0.3191,0.1670,0.1521,33.1506,0.1529,0.1498,0.0031,49.7831,16.6661,15.4056,9844.7153,16.4796,NA,NA
SandFall-Win64-Shipping.exe,27068,0x1FE3BB43140,DXGI,0,512,1,Hardware: Independent Flip,9845.0344,31.1377,30.8795,0.2582,32.9844,31.6439,31.6315,0.0124,66.1301,14.7585,-16.3470,9845.0344,1.5018,52.5772,NA
SandFall-Win64-Shipping.exe,27068,0x1FE3BB43140,DXGI,0,512,1,Hardware: Independent Flip,9876.1721,0.3192,0.1648,0.1544,33.4906,0.1503,0.1475,0.0028,49.7509,17.1669,16.3792,9876.1721,16.1100,NA,NA
SandFall-Win64-Shipping.exe,27068,0x1FE3BB43140,DXGI,0,512,1,Hardware: Independent Flip,9876.4913,31.3998,31.1545,0.2453,33.3217,31.7764,31.7687,0.0077,66.5986,14.6583,-16.8477,9876.4913,1.5005,55.4788,NA
SandFall-Win64-Shipping.exe,27068,0x1FE3BB43140,DXGI,0,512,1,Hardware: Independent Flip,9907.8911,0.3100,0.1637,0.1463,33.6983,0.1442,0.1419,0.0023,49.8571,16.9192,16.7415,9907.8911,16.0146,NA,NA
SandFall-Win64-Shipping.exe,27068,0x1FE3BB43140,DXGI,0,512,1,Hardware: Independent Flip,9908.2011,31.7437,31.4830,0.2607,33.5325,31.4328,31.4204,0.0124,66.4663,14.4254,-16.6092,9908.2011,1.5010,52.0643,NA
SandFall-Win64-Shipping.exe,27068,0x1FE3BB43140,DXGI,0,512,1,Hardware: Independent Flip,9939.9448,0.3176,0.1668,0.1508,33.2216,0.1443,0.1421,0.0022,49.1480,16.3463,17.3183,9939.9448,15.7821,NA,NA
SandFall-Win64-Shipping.exe,27068,0x1FE3BB43140,DXGI,0,512,1,Hardware: Independent Flip,9940.2624,31.0949,30.8539,0.2410,33.0483,30.6275,30.6186,0.0089,65.1767,14.3772,-16.0287,9940.2624,1.5009,68.8252,NA
SandFall-Win64-Shipping.exe,27068,0x1FE3BB43140,DXGI,0,512,1,Hardware: Independent Flip,9971.3573,0.3087,0.1591,0.1496,32.5809,0.1477,0.1454,0.0023,48.4590,16.1128,16.7177,9971.3573,15.7304,NA,NA
SandFall-Win64-Shipping.exe,27068,0x1FE3BB43140,DXGI,0,512,1,Hardware: Independent Flip,9971.6660,30.6830,30.3922,0.2908,32.4199,30.3423,30.3341,0.0082,64.2631,14.1452,-15.8041,9971.6660,1.5009,63.3366,NA
SandFall-Win64-Shipping.exe,27068,0x1FE3BB43140,DXGI,0,512,1,Hardware: Independent Flip,10002.3490,0.3259,0.1680,0.1579,32.0792,0.1662,0.1642,0.0020,47.7253,16.4597,16.5378,10002.3490,15.4799,NA,NA
SandFall-Win64-Shipping.exe,27068,0x1FE3BB43140,DXGI,0,512,1,Hardware: Independent Flip,10002.6749,30.1406,29.8738,0.2668,31.9195,30.4387,30.4208,0.0179,63.8591,14.1192,-16.1338,10002.6749,1.5009,67.9369,NA
SandFall-Win64-Shipping.exe,27068,0x1FE3BB43140,DXGI,0,512,1,Hardware: Independent Flip,10032.8155,0.3580,0.1935,0.1645,32.2176,0.1261,0.1239,0.0022,47.8377,16.9733,16.0214,10032.8155,15.4940,NA,NA
SandFall-Win64-Shipping.exe,27068,0x1FE3BB43140,DXGI,0,512,1,Hardware: Independent Flip,10033.1735,30.1634,29.9036,0.2598,31.9857,31.1343,31.1149,0.0194,64.4530,14.4195,-16.6153,10033.1735,1.3330,73.7676,NA
SandFall-Win64-Shipping.exe,27068,0x1FE3BB43140,DXGI,0,512,1,Hardware: Independent Flip,10063.3369,0.3138,0.1637,0.1501,32.9566,0.1538,0.1510,0.0028,48.7091,15.4454,15.7439,10063.3369,15.5987,NA,NA
SandFall-Win64-Shipping.exe,27068,0x1FE3BB43140,DXGI,0,512,1,Hardware: Independent Flip,10063.6507,30.9714,30.7076,0.2638,32.7966,31.0433,31.0266,0.0167,63.8407,15.9889,-15.1316,10063.6507,0.0008,72.8713,NA
SandFall-Win64-Shipping.exe,27068,0x1FE3BB43140,DXGI,0,512,1,Hardware: Independent Flip,10094.6221,0.3253,0.1711,0.1542,32.8685,0.1567,0.1544,0.0023,48.8582,14.7827,14.9825,10094.6221,15.8330,NA,NA
SandFall-Win64-Shipping.exe,27068,0x1FE3BB43140,DXGI,0,512,1,Hardware: Independent Flip,10094.9474,30.8978,30.6245,0.2733,32.6999,30.6151,30.5973,0.0178,63.3156,16.3731,-14.4574,10094.9474,0.0006,72.7799,NA
SandFall-Win64-Shipping.exe,27068,0x1FE3BB43140,DXGI,0,512,1,Hardware: Independent Flip,10125.8452,0.3313,0.1676,0.1637,32.4172,0.1165,0.1144,0.0021,48.7909,14.7368,14.5247,10125.8452,16.2572,NA,NA
SandFall-Win64-Shipping.exe,27068,0x1FE3BB43140,DXGI,0,512,1,Hardware: Independent Flip,10126.1765,30.3579,30.1076,0.2503,32.2024,30.9460,30.9302,0.0158,63.1964,15.6880,-14.4055,10126.1765,0.0480,53.7678,NA
SandFall-Win64-Shipping.exe,27068,0x1FE3BB43140,DXGI,0,512,1,Hardware: Independent Flip,10156.5344,0.3192,0.1655,0.1537,32.7905,0.1630,0.1630,0.0000,48.5265,15.6566,14.6699,10156.5344,15.5730,NA,NA
SandFall-Win64-Shipping.exe,27068,0x1FE3BB43140,DXGI,0,512,1,Hardware: Independent Flip,10156.8536,30.8278,30.5484,0.2794,32.6343,30.3422,30.3241,0.0181,63.8639,14.7667,-15.3374,10156.8536,0.8874,58.4995,NA
SandFall-Win64-Shipping.exe,27068,0x1FE3BB43140,DXGI,0,512,1,Hardware: Independent Flip,10187.6814,0.3226,0.1663,0.1563,32.1487,0.1608,0.1574,0.0034,47.8028,15.8035,16.0611,10187.6814,15.4933,NA,NA
SandFall-Win64-Shipping.exe,27068,0x1FE3BB43140,DXGI,0,512,1,Hardware: Independent Flip,10188.0040,30.0962,29.8543,0.2419,31.9869,30.3879,30.3735,0.0144,63.2837,14.6090,-15.4809,10188.0040,0.9089,58.3289,NA
SandFall-Win64-Shipping.exe,27068,0x1FE3BB43140,DXGI,0,512,1,Hardware: Independent Flip,10218.1002,0.3067,0.1605,0.1462,32.2786,0.1313,0.1291,0.0022,47.7965,14.8295,15.4872,10218.1002,15.3866,NA,NA
SandFall-Win64-Shipping.exe,27068,0x1FE3BB43140,DXGI,0,512,1,Hardware: Independent Flip,10218.4069,30.3020,30.0360,0.2660,32.1032,29.8101,29.7983,0.0118,62.3193,15.0471,-14.5228,10218.4069,0.4060,53.1214,NA
SandFall-Win64-Shipping.exe,27068,0x1FE3BB43140,DXGI,0,512,1,Hardware: Independent Flip,10248.7089,0.3249,0.1698,0.1551,31.6113,0.1625,0.1605,0.0020,47.0644,15.5315,15.2549,10248.7089,15.2906,NA,NA
SandFall-Win64-Shipping.exe,27068,0x1FE3BB43140,DXGI,0,512,1,Hardware: Independent Flip,10249.0338,29.8820,29.6322,0.2498,31.4489,30.5112,30.4967,0.0145,62.2710,15.1840,-15.2066,10249.0338,0.3109,NA,NA
SandFall-Win64-Shipping.exe,27068,0x1FE3BB43140,DXGI,0,512,1,Hardware: Independent Flip,10278.9158,0.3193,0.1645,0.1548,32.0781,0.1512,0.1481,0.0031,47.5730,20.7102,14.6980,10278.9158,15.3437,NA,NA
SandFall-Win64-Shipping.exe,27068,0x1FE3BB43140,DXGI,0,512,1,Hardware: Independent Flip,10279.2351,30.5383,30.2701,0.2682,31.9100,35.9615,35.9536,0.0079,67.9639,15.4526,-20.3909,10279.2351,0.0924,NA,NA
SandFall-Win64-Shipping.exe,27068,0x1FE3BB43140,DXGI,0,512,1,Hardware: Independent Flip,10309.7734,0.3196,0.1648,0.1548,37.3332,0.1800,0.1767,0.0033,52.8782,15.2588,15.0857,10309.7734,15.3650,NA,NA
SandFall-Win64-Shipping.exe,27068,0x1FE3BB43140,DXGI,0,512,1,Hardware: Independent Flip,10310.0930,35.2876,35.0332,0.2544,37.1936,30.6230,30.6135,0.0095,67.8174,17.0413,-14.9392,10310.0930,0.0008,NA,NA
SandFall-Win64-Shipping.exe,27068,0x1FE3BB43140,DXGI,0,512,1,Hardware: Independent Flip,10345.3806,0.3114,0.1620,0.1494,32.5290,0.1223,0.1202,0.0021,49.5711,21.0502,18.2463,10345.3806,16.9198,NA,NA
SandFall-Win64-Shipping.exe,27068,0x1FE3BB43140,DXGI,0,512,1,Hardware: Independent Flip,10345.6920,30.4772,30.2205,0.2567,32.3399,37.9694,37.9664,0.0030,70.3099,17.0760,-20.7388,10345.6920,0.0006,NA,NA
SandFall-Win64-Shipping.exe,27068,0x1FE3BB43140,DXGI,0,512,1,Hardware: Independent Flip,10376.1692,0.3185,0.1656,0.1529,39.8321,0.1043,0.0980,0.0063,56.9087,13.1528,13.4012,10376.1692,16.9723,NA,NA
SandFall-Win64-Shipping.exe,27068,0x1FE3BB43140,DXGI,0,512,1,Hardware: Independent Flip,10376.4877,37.8147,37.5550,0.2597,39.6179,30.1241,30.1202,0.0039,69.7430,17.0717,-12.8343,10376.4877,0.0010,NA,NA
SandFall-Win64-Shipping.exe,27068,0x1FE3BB43140,DXGI,0,512,1,Hardware: Independent Flip,10414.3024,0.3180,0.1638,0.1542,31.9273,0.1197,0.1175,0.0022,49.0000,26.0707,20.7430,10414.3024,16.9530,NA,NA
SandFall-Win64-Shipping.exe,27068,0x1FE3BB43140,DXGI,0,512,1,Hardware: Independent Flip,10414.6204,29.7765,29.5227,0.2538,31.7290,43.0229,43.0156,0.0073,74.7527,15.5244,-25.7527,10414.6204,0.0008,NA,NA
SandFall-Win64-Shipping.exe,27068,0x1FE3BB43140,DXGI,0,512,1,Hardware: Independent Flip,10444.3969,0.3180,0.1634,0.1546,44.9754,0.1610,0.1589,0.0021,60.5006,24.5712,14.2521,10444.3969,15.3642,NA,NA
SandFall-Win64-Shipping.exe,27068,0x1FE3BB43140,DXGI,0,512,1,Hardware: Independent Flip,10444.7149,42.9835,42.7279,0.2556,44.8184,39.7398,39.7329,0.0069,84.7538,15.3829,-24.2532,10444.7149,0.1956,NA,NA
SandFall-Win64-Shipping.exe,27068,0x1FE3BB43140,DXGI,0,512,1,Hardware: Independent Flip,10487.6984,0.3274,0.1731,0.1543,41.5747,0.1633,0.1612,0.0021,57.1532,14.8063,27.6006,10487.6984,15.4152,NA,NA
SandFall-Win64-Shipping.exe,27068,0x1FE3BB43140,DXGI,0,512,1,Hardware: Independent Flip,10488.0258,29.3918,29.1065,0.2853,41.4106,28.7208,28.7127,0.0081,71.6321,14.0602,-14.4789,10488.0258,1.5007,NA,NA
SandFall-Win64-Shipping.exe,27068,0x1FE3BB43140,DXGI,0,512,1,Hardware: Independent Flip,10517.4176,0.3604,0.1964,0.1640,40.7396,0.1203,0.1181,0.0022,56.3005,24.4904,15.3316,10517.4176,15.4406,NA,NA
SandFall-Win64-Shipping.exe,27068,0x1FE3BB43140,DXGI,0,512,1,Hardware: Independent Flip,10517.7780,38.6043,38.3378,0.2665,40.4995,39.6515,39.6375,0.0140,80.4305,15.3723,-24.1300,10517.7780,0.2795,105.5825,NA
SandFall-Win64-Shipping.exe,27068,0x1FE3BB43140,DXGI,0,512,1,Hardware: Independent Flip,10556.3823,0.3400,0.1738,0.1662,41.5467,0.1485,0.1457,0.0028,57.1985,14.0475,23.2320,10556.3823,15.5033,NA,NA
SandFall-Win64-Shipping.exe,27068,0x1FE3BB43140,DXGI,0,512,1,Hardware: Independent Flip,10556.7223,39.6394,39.3720,0.2674,41.3552,29.5501,29.5470,0.0031,70.9060,18.4916,-13.7075,10556.7223,0.0007,NA,NA
SandFall-Win64-Shipping.exe,27068,0x1FE3BB43140,DXGI,0,512,1,Hardware: Independent Flip,10596.3617,0.3473,0.1818,0.1655,31.2659,0.1622,0.1622,0.0000,49.7582,13.9846,21.1478,10596.3617,18.3301,NA,NA
SandFall-Win64-Shipping.exe,27068,0x1FE3BB43140,DXGI,0,512,1,Hardware: Independent Flip,10596.7090,29.1826,28.9358,0.2468,31.0808,32.3135,32.3041,0.0094,63.3955,17.2567,-13.6373,10596.7090,0.0012,NA,NA
SandFall-Win64-Shipping.exe,27068,0x1FE3BB43140,DXGI,0,512,1,Hardware: Independent Flip,10625.8916,0.3177,0.1651,0.1526,34.2117,0.1633,0.1605,0.0028,51.4696,13.0226,11.9259,10625.8916,17.0946,NA,NA
SandFall-Win64-Shipping.exe,27068,0x1FE3BB43140,DXGI,0,512,1,Hardware: Independent Flip,10626.2093,32.1383,31.8689,0.2694,34.0573,29.2512,29.2372,0.0140,64.1745,17.4942,-12.7049,10626.2093,0.8660,NA,NA
SandFall-Win64-Shipping.exe,27068,0x1FE3BB43140,DXGI,0,512,1,Hardware: Independent Flip,10658.3476,0.3179,0.1614,0.1565,31.1702,0.1518,0.1478,0.0040,49.5304,18.7394,14.6441,10658.3476,18.2084,NA,NA
SandFall-Win64-Shipping.exe,27068,0x1FE3BB43140,DXGI,0,512,1,Hardware: Independent Flip,10658.6655,28.9926,28.7430,0.2496,31.0041,35.4467,35.4416,0.0051,67.9519,17.3945,-18.4215,10658.6655,1.5011,NA,NA
SandFall-Win64-Shipping.exe,27068,0x1FE3BB43140,DXGI,0,512,1,Hardware: Independent Flip,10687.6581,0.3148,0.1614,0.1534,37.4582,0.1206,0.1185,0.0021,56.3538,11.4047,11.5981,10687.6581,18.7750,NA,NA
SandFall-Win64-Shipping.exe,27068,0x1FE3BB43140,DXGI,0,512,1,Hardware: Independent Flip,10687.9729,29.0144,28.7404,0.2740,37.2640,28.6790,28.6732,0.0058,67.4437,16.1248,-11.0899,10687.9729,1.5007,NA,NA
SandFall-Win64-Shipping.exe,27068,0x1FE3BB43140,DXGI,0,512,1,Hardware: Independent Flip,10716.9873,0.3404,0.1849,0.1555,36.9286,0.1618,0.1597,0.0021,54.5541,12.8505,12.8896,10716.9873,17.4637,NA,NA
SandFall-Win64-Shipping.exe,27068,0x1FE3BB43140,DXGI,0,512,1,Hardware: Independent Flip,10717.3277,34.7996,34.5339,0.2657,36.7500,28.8134,28.8034,0.0100,67.0642,15.3056,-12.5101,10717.3277,1.5008,NA,NA
SandFall-Win64-Shipping.exe,27068,0x1FE3BB43140,DXGI,0,512,1,Hardware: Independent Flip,10752.1273,0.3325,0.1706,0.1619,30.7638,0.1248,0.1226,0.0022,47.5702,14.1568,19.4940,10752.1273,16.6816,NA,NA
SandFall-Win64-Shipping.exe,27068,0x1FE3BB43140,DXGI,0,512,1,Hardware: Independent Flip,10752.4598,28.7290,28.4794,0.2496,30.5561,29.3373,29.3267,0.0106,61.3945,14.7994,-13.8243,10752.4598,1.5011,NA,NA
SandFall-Win64-Shipping.exe,27068,0x1FE3BB43140,DXGI,0,512,1,Hardware: Independent Flip,10781.1888,0.3140,0.1626,0.1514,31.1644,0.1555,0.1509,0.0046,47.4649,16.8056,13.9296,10781.1888,16.1450,NA,NA
SandFall-Win64-Shipping.exe,27068,0x1FE3BB43140,DXGI,0,512,1,Hardware: Independent Flip,10781.5028,29.0853,28.8363,0.2490,31.0059,31.4500,31.4395,0.0105,63.9565,14.9852,-16.4916,10781.5028,1.5006,73.8498,NA
SandFall-Win64-Shipping.exe,27068,0x1FE3BB43140,DXGI,0,512,1,Hardware: Independent Flip,10810.5881,0.3180,0.1652,0.1528,33.3706,0.1463,0.1434,0.0029,49.8564,14.2941,14.1001,10810.5881,16.3395,NA,NA
SandFall-Win64-Shipping.exe,27068,0x1FE3BB43140,DXGI,0,512,1,Hardware: Independent Flip,10810.9061,31.4398,31.1508,0.2890,33.1989,29.1330,29.1213,0.0117,63.8325,14.4834,-13.9761,10810.9061,1.5006,NA,NA
SandFall-Win64-Shipping.exe,27068,0x1FE3BB43140,DXGI,0,512,1,Hardware: Independent Flip,10842.3459,0.3415,0.1723,0.1692,30.8921,0.1748,0.1718,0.0030,46.8761,16.4946,16.9564,10842.3459,15.8092,NA,NA
SandFall-Win64-Shipping.exe,27068,0x1FE3BB43140,DXGI,0,512,1,Hardware: Independent Flip,10842.6874,28.8695,28.6169,0.2526,30.7254,30.8033,30.7905,0.0128,63.0292,15.2560,-16.1531,10842.6874,1.5005,NA,NA
SandFall-Win64-Shipping.exe,27068,0x1FE3BB43140,DXGI,0,512,1,Hardware: Independent Flip,10871.5569,0.3308,0.1689,0.1619,32.6592,0.0791,0.0734,0.0057,49.4157,14.0061,13.6135,10871.5569,16.6774,NA,NA
SandFall-Win64-Shipping.exe,27068,0x1FE3BB43140,DXGI,0,512,1,Hardware: Independent Flip,10871.8877,29.2328,28.9601,0.2727,32.4075,29.1827,29.1705,0.0122,63.0910,14.6491,-13.6753,10871.8877,1.5008,41.3839,NA
SandFall-Win64-Shipping.exe,27068,0x1FE3BB43140,DXGI,0,512,1,Hardware: Independent Flip,10901.1205,0.3358,0.1713,0.1645,32.3574,0.1165,0.1141,0.0024,48.5073,14.6148,14.5837,10901.1205,16.0334,NA,NA
SandFall-Win64-Shipping.exe,27068,0x1FE3BB43140,DXGI,0,512,1,Hardware: Independent Flip,10901.4563,31.0071,30.7181,0.2890,32.1381,29.1462,29.1374,0.0088,62.7863,14.1953,-14.2790,10901.4563,1.5020,39.6522,NA
SandFall-Win64-Shipping.exe,27068,0x1FE3BB43140,DXGI,0,512,1,Hardware: Independent Flip,10932.4634,0.4269,0.1753,0.2516,30.2772,0.2134,0.2095,0.0039,45.9745,15.4356,16.8118,10932.4634,15.4839,NA,NA
SandFall-Win64-Shipping.exe,27068,0x1FE3BB43140,DXGI,0,512,1,Hardware: Independent Flip,10932.8903,28.1132,27.8367,0.2765,30.0637,29.4187,29.4107,0.0080,60.9832,14.0304,-15.0087,10932.8903,1.5008,38.2460,NA
SandFall-Win64-Shipping.exe,27068,0x1FE3BB43140,DXGI,0,512,1,Hardware: Independent Flip,10961.0035,0.3530,0.1757,0.1773,31.3692,0.1383,0.1361,0.0022,46.9004,18.5163,14.0828,10961.0035,15.3929,NA,NA
SandFall-Win64-Shipping.exe,27068,0x1FE3BB43140,DXGI,0,512,1,Hardware: Independent Flip,10961.3565,29.3259,29.0526,0.2733,31.1545,32.4079,32.4018,0.0061,65.0637,14.2559,-18.1633,10961.3565,1.5013,39.8332,NA
SandFall-Win64-Shipping.exe,27068,0x1FE3BB43140,DXGI,0,512,1,Hardware: Independent Flip,10990.6824,0.3496,0.1796,0.1700,34.2365,0.1308,0.1284,0.0024,49.9937,15.6250,15.0700,10990.6824,15.6264,NA,NA
SandFall-Win64-Shipping.exe,27068,0x1FE3BB43140,DXGI,0,512,1,Hardware: Independent Flip,10991.0320,32.2033,31.9213,0.2820,34.0177,29.7507,29.7466,0.0041,65.2691,14.0458,-15.2754,10991.0320,1.5007,37.7113,NA
SandFall-Win64-Shipping.exe,27068,0x1FE3BB43140,DXGI,0,512,1,Hardware: Independent Flip,11023.2353,0.5405,0.2619,0.2786,31.5651,0.1930,0.1900,0.0030,47.1116,14.8628,18.1575,11023.2353,15.3535,NA,NA
SandFall-Win64-Shipping.exe,27068,0x1FE3BB43140,DXGI,0,512,1,Hardware: Independent Flip,11023.7758,29.3925,29.1159,0.2766,31.2176,28.7157,28.7082,0.0075,61.4339,13.9029,-14.3223,11023.7758,1.5006,37.6226,NA
SandFall-Win64-Shipping.exe,27068,0x1FE3BB43140,DXGI,0,512,1,Hardware: Independent Flip,11053.1683,0.3373,0.1770,0.1603,30.5408,0.1531,0.1508,0.0023,45.9443,16.7887,15.4896,11053.1683,15.2504,NA,NA
SandFall-Win64-Shipping.exe,27068,0x1FE3BB43140,DXGI,0,512,1,Hardware: Independent Flip,11053.5056,28.6459,28.3177,0.3282,30.3566,30.7802,30.7764,0.0038,62.3957,14.0370,-16.4514,11053.5056,1.2589,38.3126,NA
SandFall-Win64-Shipping.exe,27068,0x1FE3BB43140,DXGI,0,512,1,Hardware: Independent Flip,11082.1515,0.3728,0.1983,0.1745,32.4909,0.0875,0.0821,0.0054,47.7868,13.5803,14.6089,11082.1515,15.2084,NA,NA
SandFall-Win64-Shipping.exe,27068,0x1FE3BB43140,DXGI,0,512,1,Hardware: Independent Flip,11082.5243,30.2639,30.0366,0.2273,32.2056,28.7884,28.7842,0.0042,60.9943,15.3374,-13.2075,11082.5243,0.0003,31.9341,NA
SandFall-Win64-Shipping.exe,27068,0x1FE3BB43140,DXGI,0,512,1,Hardware: Independent Flip,11112.7882,0.3194,0.1653,0.1541,30.7301,0.1686,0.1638,0.0048,46.0678,17.1901,14.9265,11112.7882,15.1691,NA,NA
SandFall-Win64-Shipping.exe,27068,0x1FE3BB43140,DXGI,0,512,1,Hardware: Independent Flip,11113.1076,45.1390,44.8468,0.2922,30.5793,31.5620,30.5784,0.9836,62.9385,14.9850,-16.8707,11113.1076,0.7972,38.4455,NA
SandFall-Win64-Shipping.exe,27068,0x1FE3BB43140,DXGI,0,512,1,Hardware: Independent Flip,11158.2466,0.3290,0.1689,0.1601,17.0023,0.1445,0.1424,0.0021,32.7845,13.9016,30.1540,11158.2466,15.6377,NA,NA
SandFall-Win64-Shipping.exe,27068,0x1FE3BB43140,DXGI,0,512,1,Hardware: Independent Flip,11158.5756,14.8331,14.5749,0.2582,16.8178,29.5383,29.5356,0.0027,46.3571,15.9983,-13.5726,11158.5756,0.0010,NA,NA
SandFall-Win64-Shipping.exe,27068,0x1FE3BB43140,DXGI,0,512,1,Hardware: Independent Flip,11173.4087,0.3162,0.1651,0.1511,31.5230,0.1578,0.1578,0.0000,47.5223,65.9874,-1.1652,11173.4087,15.8415,NA,NA
SandFall-Win64-Shipping.exe,27068,0x1FE3BB43140,DXGI,0,512,1,Hardware: Independent Flip,11173.7249,29.5866,29.3315,0.2551,31.3646,81.0863,81.0789,0.0074,113.1935,14.9486,-65.6712,11173.7249,0.7426,NA,NA
SandFall-Win64-Shipping.exe,27068,0x1FE3BB43140,DXGI,0,512,1,Hardware: Independent Flip,11203.3115,0.3345,0.1673,0.1672,82.8643,0.1421,0.1393,0.0028,98.5555,15.1730,14.6380,11203.3115,15.5491,NA,NA
SandFall-Win64-Shipping.exe,27068,0x1FE3BB43140,DXGI,0,512,1,Hardware: Independent Flip,11203.6460,80.7246,80.4785,0.2461,82.6719,30.7211,30.7129,0.0082,113.3940,15.6061,-14.8385,11203.6460,0.0010,99.4413,NA
SandFall-Win64-Shipping.exe,27068,0x1FE3BB43140,DXGI,0,512,1,Hardware: Independent Flip,11284.3706,0.3729,0.1617,0.2112,32.6684,0.1621,0.1591,0.0030,48.2755,15.6644,65.1185,11284.3706,15.4450,NA,NA
SandFall-Win64-Shipping.exe,27068,0x1FE3BB43140,DXGI,0,512,1,Hardware: Independent Flip,11284.7435,30.4818,30.2355,0.2463,32.4576,30.8864,30.8747,0.0117,63.5670,15.2187,-15.2915,11284.7435,0.2230,NA,NA
SandFall-Win64-Shipping.exe,27068,0x1FE3BB43140,DXGI,0,512,1,Hardware: Independent Flip,11315.2253,0.5454,0.1706,0.3748,32.8622,0.1166,0.1142,0.0024,48.3039,15.1392,15.2631,11315.2253,15.3251,NA,NA
SandFall-Win64-Shipping.exe,27068,0x1FE3BB43140,DXGI,0,512,1,Hardware: Independent Flip,11315.7707,30.5868,30.2351,0.3517,32.4334,30.4429,30.4310,0.0119,62.8977,15.3902,-14.5938,11315.7707,0.0214,NA,NA
SandFall-Win64-Shipping.exe,27068,0x1FE3BB43140,DXGI,0,512,1,Hardware: Independent Flip,11346.3575,0.3798,0.2042,0.1756,32.2895,0.1590,0.1561,0.0029,47.7011,15.1626,15.1966,11346.3575,15.2526,NA,NA
SandFall-Win64-Shipping.exe,27068,0x1FE3BB43140,DXGI,0,512,1,Hardware: Independent Flip,11346.7373,30.0371,29.7809,0.2562,32.0687,30.2343,30.1720,0.0623,62.4839,15.4578,-14.7828,11346.7373,0.1809,NA,NA
SandFall-Win64-Shipping.exe,27068,0x1FE3BB43140,DXGI,0,512,1,Hardware: Independent Flip,11376.7744,0.4734,0.1881,0.2853,32.2659,0.1472,0.1381,0.0091,47.9046,16.4202,14.5793,11376.7744,15.4915,NA,NA
SandFall-Win64-Shipping.exe,27068,0x1FE3BB43140,DXGI,0,512,1,Hardware: Independent Flip,11377.2478,48.6800,48.3029,0.3771,31.9397,31.5540,31.5441,0.0099,63.8514,15.2235,-15.9468,11377.2478,0.3577,NA,NA
SandFall-Win64-Shipping.exe,27068,0x1FE3BB43140,DXGI,0,512,1,Hardware: Independent Flip,11425.9278,0.4188,0.2285,0.1903,14.8137,0.1293,0.1293,0.0000,30.3949,14.2921,33.4565,11425.9278,15.4519,NA,NA
SandFall-Win64-Shipping.exe,27068,0x1FE3BB43140,DXGI,0,512,1,Hardware: Independent Flip,11426.3466,16.6532,16.4027,0.2505,14.5242,29.7418,29.7215,0.0203,44.2682,24.1051,-13.8733,11426.3466,0.0022,NA,NA
SandFall-Win64-Shipping.exe,27068,0x1FE3BB43140,DXGI,0,512,1,Hardware: Independent Flip,11442.9998,0.3229,0.1646,0.1583,27.6128,0.1512,0.1488,0.0024,51.7201,6.7392,-7.4519,11442.9998,23.9561,NA,NA
SandFall-Win64-Shipping.exe,27068,0x1FE3BB43140,DXGI,0,512,1,Hardware: Independent Flip,11443.3227,25.5496,25.2883,0.2613,27.4411,30.6939,30.6871,0.0068,58.1364,21.4612,-6.4163,11443.3227,0.0014,NA,NA
SandFall-Win64-Shipping.exe,27068,0x1FE3BB43140,DXGI,0,512,1,Hardware: Independent Flip,11468.8723,0.3627,0.1652,0.1975,32.5854,0.1949,0.1918,0.0031,54.0480,9.0612,4.0884,11468.8723,21.2677,NA,NA
SandFall-Win64-Shipping.exe,27068,0x1FE3BB43140,DXGI,0,512,1,Hardware: Independent Flip,11469.2350,30.7443,30.3078,0.4365,32.4176,30.3283,30.3204,0.0079,62.7465,19.5420,-8.6985,11469.2350,0.0006,NA,NA
SandFall-Win64-Shipping.exe,27068,0x1FE3BB43140,DXGI,0,512,1,Hardware: Independent Flip,11499.9793,0.7462,0.3167,0.4295,32.0016,0.1304,0.1273,0.0031,51.5442,11.5652,11.2023,11499.9793,19.4122,NA,NA
SandFall-Win64-Shipping.exe,27068,0x1FE3BB43140,DXGI,0,512,1,Hardware: Independent Flip,11500.7255,29.5594,29.2871,0.2723,31.3858,29.4775,29.4666,0.0109,62.3632,15.9754,-10.8190,11500.7255,1.4999,NA,NA
SandFall-Win64-Shipping.exe,27068,0x1FE3BB43140,DXGI,0,512,1,Hardware: Independent Flip,11530.2849,0.3431,0.1798,0.1633,31.3039,0.1537,0.1503,0.0034,48.7792,15.1149,13.5840,11530.2849,17.3216,NA,NA
SandFall-Win64-Shipping.exe,27068,0x1FE3BB43140,DXGI,0,512,1,Hardware: Independent Flip,11530.6280,29.1815,28.9291,0.2524,31.1145,30.9356,30.9299,0.0057,63.5510,15.9959,-14.7718,11530.6280,1.5009,NA,NA
SandFall-Win64-Shipping.exe,27068,0x1FE3BB43140,DXGI,0,512,1,Hardware: Independent Flip,11559.8095,0.3212,0.1653,0.1559,32.8686,0.1190,0.1168,0.0022,50.3654,14.1170,13.1856,11559.8095,17.3778,NA,NA
SandFall-Win64-Shipping.exe,27068,0x1FE3BB43140,DXGI,0,512,1,Hardware: Independent Flip,11560.1307,30.7674,30.5126,0.2548,32.6664,29.9939,29.9862,0.0077,64.1612,15.1027,-13.7958,11560.1307,1.5009,NA,NA
SandFall-Win64-Shipping.exe,27068,0x1FE3BB43140,DXGI,0,512,1,Hardware: Independent Flip,11590.8981,0.3132,0.1616,0.1516,31.8929,0.1572,0.1553,0.0019,48.4965,15.1877,15.6647,11590.8981,16.4464,NA,NA
SandFall-Win64-Shipping.exe,27068,0x1FE3BB43140,DXGI,0,512,1,Hardware: Independent Flip,11591.2113,29.7836,29.5445,0.2391,31.7369,30.1333,30.1278,0.0055,63.3710,14.9622,-14.8745,11591.2113,1.5008,NA,NA
SandFall-Win64-Shipping.exe,27068,0x1FE3BB43140,DXGI,0,512,1,Hardware: Independent Flip,11620.9949,0.3130,0.1618,0.1512,32.0866,0.1482,0.1482,0.0000,48.5496,53.9131,14.8214,11620.9949,16.3148,NA,NA
SandFall-Win64-Shipping.exe,27068,0x1FE3BB43140,DXGI,0,512,1,Hardware: Independent Flip,11621.3079,29.9406,29.6903,0.2503,31.9218,70.2273,70.2165,0.0108,102.1497,16.3218,-53.6001,11621.3079,0.0006,115.8413,NA
SandFall-Win64-Shipping.exe,27068,0x1FE3BB43140,DXGI,0,512,1,Hardware: Independent Flip,11651.2485,0.3367,0.1626,0.1741,72.2085,0.1158,0.1137,0.0021,88.5309,15.1480,13.6188,11651.2485,16.2066,NA,NA
SandFall-Win64-Shipping.exe,27068,0x1FE3BB43140,DXGI,0,512,1,Hardware: Independent Flip,11651.5852,70.1353,69.8672,0.2681,71.9876,29.8533,29.8456,0.0077,103.3422,14.5299,-14.8113,11651.5852,1.5013,NA,NA
SandFall-Win64-Shipping.exe,27068,0x1FE3BB43140,DXGI,0,512,1,Hardware: Independent Flip,11721.7205,0.3322,0.1703,0.1619,31.7056,0.1614,0.1586,0.0028,47.7368,24.1295,55.6054,11721.7205,15.8698,NA,NA
SandFall-Win64-Shipping.exe,27068,0x1FE3BB43140,DXGI,0,512,1,Hardware: Independent Flip,11722.0527,29.5904,29.3390,0.2514,31.5348,39.3352,39.3227,0.0125,71.5341,15.4722,-23.7973,11722.0527,0.6641,93.7473,NA
SandFall-Win64-Shipping.exe,27068,0x1FE3BB43140,DXGI,0,512,1,Hardware: Independent Flip,11751.6431,0.3386,0.1769,0.1617,41.2796,0.1444,0.1421,0.0023,57.4159,14.9557,14.1182,11751.6431,15.9919,NA,NA
SandFall-Win64-Shipping.exe,27068,0x1FE3BB43140,DXGI,0,512,1,Hardware: Independent Flip,11751.9817,39.2958,39.0216,0.2742,41.0854,29.4472,29.4407,0.0065,72.0330,14.6531,-14.6171,11751.9817,1.5004,64.3857,NA
SandFall-Win64-Shipping.exe,27068,0x1FE3BB43140,DXGI,0,512,1,Hardware: Independent Flip,11791.2775,0.3411,0.1770,0.1641,31.2368,0.0934,0.0884,0.0050,47.3903,17.2110,24.6427,11791.2775,16.0601,NA,NA
SandFall-Win64-Shipping.exe,27068,0x1FE3BB43140,DXGI,0,512,1,Hardware: Independent Flip,11791.6186,29.1175,28.8797,0.2378,30.9891,31.7703,31.7633,0.0070,64.2602,14.3843,-16.8699,11791.6186,1.5008,NA,NA
SandFall-Win64-Shipping.exe,27068,0x1FE3BB43140,DXGI,0,512,1,Hardware: Independent Flip,11820.7361,0.3081,0.1594,0.1487,33.6419,0.1639,0.1608,0.0031,49.5270,14.4231,14.7332,11820.7361,15.7212,NA,NA
SandFall-Win64-Shipping.exe,27068,0x1FE3BB43140,DXGI,0,512,1,Hardware: Independent Flip,11821.0442,31.6907,31.4208,0.2699,33.4977,28.6433,28.6289,0.0144,63.6420,14.4489,-14.1150,11821.0442,1.5010,NA,NA
SandFall-Win64-Shipping.exe,27068,0x1FE3BB43140,DXGI,0,512,1,Hardware: Independent Flip,11852.7349,0.3286,0.1673,0.1613,30.4503,0.1444,0.1424,0.0020,46.4002,16.7513,17.2418,11852.7349,15.8055,NA,NA
SandFall-Win64-Shipping.exe,27068,0x1FE3BB43140,DXGI,0,512,1,Hardware: Independent Flip,11853.0635,28.4555,28.2127,0.2428,30.2661,31.0560,31.0463,0.0097,62.8229,21.0388,-16.4227,11853.0635,1.5008,NA,NA
SandFall-Win64-Shipping.exe,27068,0x1FE3BB43140,DXGI,0,512,1,Hardware: Independent Flip,11881.5190,0.3226,0.1671,0.1555,32.8666,0.1674,0.1645,0.0029,55.4062,7.3550,7.4167,11881.5190,22.3722,NA,NA
SandFall-Win64-Shipping.exe,27068,0x1FE3BB43140,DXGI,0,512,1,Hardware: Independent Flip,11881.8416,30.9613,30.6958,0.2655,32.7114,29.7259,29.7187,0.0072,62.4386,20.3036,-7.0324,11881.8416,0.0013,NA,NA
SandFall-Win64-Shipping.exe,27068,0x1FE3BB43140,DXGI,0,512,1,Hardware: Independent Flip,11912.8029,0.3237,0.1674,0.1563,31.4760,0.1186,0.1165,0.0021,51.7809,10.1006,10.6577,11912.8029,20.1863,NA,NA
SandFall-Win64-Shipping.exe,27068,0x1FE3BB43140,DXGI,0,512,1,Hardware: Independent Flip,11913.1266,29.3751,29.1100,0.2651,31.2709,28.7862,28.7839,0.0023,61.5578,18.8847,-9.7769,11913.1266,1.5007,NA,NA
SandFall-Win64-Shipping.exe,27068,0x1FE3BB43140,DXGI,0,512,1,Hardware: Independent Flip,11942.5017,0.3160,0.1622,0.1538,30.6820,0.1370,0.1343,0.0027,51.0674,11.6241,10.4904,11942.5017,20.2484,NA,NA
SandFall-Win64-Shipping.exe,27068,0x1FE3BB43140,DXGI,0,512,1,Hardware: Independent Flip,11942.8177,32.2073,31.9235,0.2838,30.5030,30.3715,30.3660,0.0055,62.3755,16.7306,-11.3081,11942.8177,1.5010,NA,NA
SandFall-Win64-Shipping.exe,27068,0x1FE3BB43140,DXGI,0,512,1,Hardware: Independent Flip,11975.0250,0.3430,0.1787,0.1643,28.6672,0.1027,0.1008,0.0019,46.8988,15.0314,15.4767,11975.0250,18.1289,NA,NA
SandFall-Win64-Shipping.exe,27068,0x1FE3BB43140,DXGI,0,512,1,Hardware: Independent Flip,11975.3680,33.2539,33.0044,0.2495,28.4269,31.6600,31.6510,0.0090,61.5872,15.6606,-14.6884,11975.3680,1.5003,NA,NA
SandFall-Win64-Shipping.exe,27068,0x1FE3BB43140,DXGI,0,512,1,Hardware: Independent Flip,12008.6219,0.3434,0.1777,0.1657,26.8330,0.1421,0.1393,0.0028,43.9939,13.3782,17.5933,12008.6219,17.0188,NA,NA
SandFall-Win64-Shipping.exe,27068,0x1FE3BB43140,DXGI,0,512,1,Hardware: Independent Flip,12008.9653,31.8320,31.5809,0.2511,26.6317,28.8962,28.8836,0.0126,57.0287,15.0532,-13.0348,12008.9653,1.5008,NA,NA
SandFall-Win64-Shipping.exe,27068,0x1FE3BB43140,DXGI,0,512,1,Hardware: Independent Flip,12040.7973,0.3294,0.1621,0.1673,23.6959,0.1746,0.1746,0.0000,40.2499,13.5519,16.7788,12040.7973,16.3794,NA,NA
SandFall-Win64-Shipping.exe,27068,0x1FE3BB43140,DXGI,0,512,1,Hardware: Independent Flip,12041.1267,32.4574,32.1974,0.2600,23.5411,28.4305,28.4153,0.0152,53.4724,14.7101,-13.2225,12041.1267,1.5008,NA,NA
SandFall-Win64-Shipping.exe,27068,0x1FE3BB43140,DXGI,0,512,1,Hardware: Independent Flip,12073.5841,0.3161,0.1523,0.1638,19.5142,0.1063,0.1041,0.0022,35.7251,14.4214,17.7473,12073.5841,16.1046,NA,NA
SandFall-Win64-Shipping.exe,27068,0x1FE3BB43140,DXGI,0,512,1,Hardware: Independent Flip,12073.9002,27.4886,27.2222,0.2664,19.3044,29.0249,29.0119,0.0130,49.8304,14.7090,-14.1053,12073.9002,1.5011,43.1119,NA
SandFall-Win64-Shipping.exe,27068,0x1FE3BB43140,DXGI,0,512,1,Hardware: Independent Flip,12101.3888,0.3787,0.1689,0.2098,20.8407,0.1179,0.1089,0.0090,37.0508,17.2273,12.7796,12101.3888,16.0922,NA,NA
SandFall-Win64-Shipping.exe,27068,0x1FE3BB43140,DXGI,0,512,1,Hardware: Independent Flip,12101.7675,32.6258,32.3839,0.2419,20.5799,31.8178,28.0506,3.7672,53.8994,14.8462,-16.8486,12101.7675,1.5017,NA,NA
SandFall-Win64-Shipping.exe,27068,0x1FE3BB43140,DXGI,0,512,1,Hardware: Independent Flip,12134.3933,0.3098,0.1562,0.1536,19.7719,0.0838,0.0771,0.0067,36.1198,23.9073,17.7796,12134.3933,16.2641,NA,NA
SandFall-Win64-Shipping.exe,27068,0x1FE3BB43140,DXGI,0,512,1,Hardware: Independent Flip,12134.7031,42.7932,42.4506,0.3426,19.5459,39.3096,28.5615,10.7481,59.7173,15.1779,-23.5975,12134.7031,0.8618,NA,NA
SandFall-Win64-Shipping.exe,27068,0x1FE3BB43140,DXGI,0,512,1,Hardware: Independent Flip,12177.4963,0.4694,0.2422,0.2272,16.0623,0.1567,0.1550,0.0017,32.1020,18.8213,27.6153,12177.4963,15.8830,NA,NA
SandFall-Win64-Shipping.exe,27068,0x1FE3BB43140,DXGI,0,512,1,Hardware: Independent Flip,12177.9657,20.8137,20.5713,0.2424,15.7496,33.2038,33.1943,0.0095,50.4539,14.1149,-18.3519,12177.9657,1.5005,NA,NA
SandFall-Win64-Shipping.exe,27068,0x1FE3BB43140,DXGI,0,512,1,Hardware: Independent Flip,12198.7794,0.3054,0.1500,0.1554,28.1397,0.1586,0.1558,0.0028,43.7551,12.7325,6.6988,12198.7794,15.4568,NA,NA
SandFall-Win64-Shipping.exe,27068,0x1FE3BB43140,DXGI,0,512,1,Hardware: Independent Flip,12199.0848,28.4013,28.1357,0.2656,27.9929,26.6887,26.6695,0.0192,56.1822,13.8130,-12.4271,12199.0848,1.5006,NA,NA
SandFall-Win64-Shipping.exe,27068,0x1FE3BB43140,DXGI,0,512,1,Hardware: Independent Flip,12227.4861,0.3304,0.1714,0.1590,26.2803,0.1381,0.1366,0.0015,41.5939,14.2953,14.5883,12227.4861,15.1755,NA,NA
SandFall-Win64-Shipping.exe,27068,0x1FE3BB43140,DXGI,0,512,1,Hardware: Independent Flip,12227.8165,32.4603,32.1981,0.2622,26.0880,27.9698,27.9543,0.0155,55.5588,13.5052,-13.9649,12227.8165,1.5010,NA,NA
SandFall-Win64-Shipping.exe,27068,0x1FE3BB43140,DXGI,0,512,1,Hardware: Independent Flip,12260.2768,0.3033,0.1531,0.1502,21.5975,0.1312,0.1312,0.0000,36.6037,13.9527,18.9551,12260.2768,14.8750,NA,NA
SandFall-Win64-Shipping.exe,27068,0x1FE3BB43140,DXGI,0,512,1,Hardware: Independent Flip,12260.5801,28.1137,27.8473,0.2664,21.4254,27.3268,27.3067,0.0201,50.2531,13.0820,-13.6494,12260.5801,1.5009,NA,NA
SandFall-Win64-Shipping.exe,27068,0x1FE3BB43140,DXGI,0,512,1,Hardware: Independent Flip,12288.6938,0.3241,0.1614,0.1627,20.6385,0.1619,0.1597,0.0022,35.2214,14.6094,15.0317,12288.6938,14.4210,NA,NA
SandFall-Win64-Shipping.exe,27068,0x1FE3BB43140,DXGI,0,512,1,Hardware: Independent Flip,12289.0179,29.2355,28.9653,0.2702,20.4763,27.5294,27.0924,0.4370,49.5067,13.7399,-14.2853,12289.0179,1.5010,NA,NA
SandFall-Win64-Shipping.exe,27068,0x1FE3BB43140,DXGI,0,512,1,Hardware: Independent Flip,12318.2534,0.3483,0.1688,0.1795,18.7702,0.0613,0.0592,0.0021,34.0111,14.9439,15.4956,12318.2534,15.1796,NA,NA
SandFall-Win64-Shipping.exe,27068,0x1FE3BB43140,DXGI,0,512,1,Hardware: Independent Flip,12318.6017,28.3840,28.1397,0.2443,18.4832,28.6226,26.5660,2.0566,48.6067,13.2550,-14.5956,12318.6017,1.5009,NA,NA
SandFall-Win64-Shipping.exe,27068,0x1FE3BB43140,DXGI,0,512,1,Hardware: Independent Flip,12346.9857,0.2993,0.1528,0.1465,18.7218,0.0827,0.0812,0.0015,33.4777,16.2284,15.1290,12346.9857,14.6732,NA,NA
SandFall-Win64-Shipping.exe,27068,0x1FE3BB43140,DXGI,0,512,1,Hardware: Independent Flip,12347.2850,28.6625,28.3975,0.2650,18.5052,29.4011,27.1072,2.2939,49.4068,13.2801,-15.9291,12347.2850,1.5005,NA,NA
SandFall-Win64-Shipping.exe,27068,0x1FE3BB43140,DXGI,0,512,1,Hardware: Independent Flip,12375.9475,0.3236,0.1662,0.1574,19.2438,0.0716,0.0663,0.0053,34.0244,15.9827,15.3824,12375.9475,14.7090,NA,NA
SandFall-Win64-Shipping.exe,27068,0x1FE3BB43140,DXGI,0,512,1,Hardware: Independent Flip,12376.2711,29.1094,28.8533,0.2561,18.9918,29.1907,27.4678,1.7229,49.6835,13.0369,-15.6591,12376.2711,1.5010,NA,NA
SandFall-Win64-Shipping.exe,27068,0x1FE3BB43140,DXGI,0,512,1,Hardware: Independent Flip,12405.3805,0.3048,0.1545,0.1503,19.0731,0.0657,0.0605,0.0052,33.6110,15.4630,16.0725,12405.3805,14.4722,NA,NA
SandFall-Win64-Shipping.exe,27068,0x1FE3BB43140,DXGI,0,512,1,Hardware: Independent Flip,12405.6853,28.2695,28.0017,0.2678,18.8340,28.4337,26.9284,1.5053,48.7692,12.8778,-15.1582,12405.6853,1.5015,NA,NA
SandFall-Win64-Shipping.exe,27068,0x1FE3BB43140,DXGI,0,512,1,Hardware: Independent Flip,12433.9548,0.3079,0.1578,0.1501,18.9982,0.0936,0.0916,0.0020,33.3775,15.6697,15.3917,12433.9548,14.2857,NA,NA
SandFall-Win64-Shipping.exe,27068,0x1FE3BB43140,DXGI,0,512,1,Hardware: Independent Flip,12434.2627,28.0012,27.6833,0.3179,18.7839,28.4544,27.3654,1.0890,48.7393,12.5957,-15.3618,12434.2627,1.5010,NA,NA
SandFall-Win64-Shipping.exe,27068,0x1FE3BB43140,DXGI,0,512,1,Hardware: Independent Flip,12462.2639,0.3311,0.1688,0.1623,19.2371,0.1155,0.1140,0.0015,33.3338,14.9276,15.4055,12462.2639,13.9812,NA,NA
SandFall-Win64-Shipping.exe,27068,0x1FE3BB43140,DXGI,0,512,1,Hardware: Independent Flip,12462.5950,27.0413,26.7944,0.2469,19.0215,27.4081,27.2312,0.1769,47.9303,12.4027,-14.5965,12462.5950,1.5007,NA,NA
SandFall-Win64-Shipping.exe,27068,0x1FE3BB43140,DXGI,0,512,1,Hardware: Independent Flip,12489.6363,0.3090,0.1566,0.1524,19.3883,0.1031,0.1004,0.0027,33.2917,16.3699,14.6386,12489.6363,13.8003,NA,NA
SandFall-Win64-Shipping.exe,27068,0x1FE3BB43140,DXGI,0,512,1,Hardware: Independent Flip,12489.9453,28.1075,27.8345,0.2730,19.1824,28.6691,27.8995,0.7696,49.3526,12.3683,-16.0609,12489.9453,1.5011,NA,NA
SandFall-Win64-Shipping.exe,27068,0x1FE3BB43140,DXGI,0,512,1,Hardware: Independent Flip,12518.0528,0.3250,0.1594,0.1656,19.7440,0.0924,0.0884,0.0040,33.6134,14.4645,15.7392,12518.0528,13.7770,NA,NA
SandFall-Win64-Shipping.exe,27068,0x1FE3BB43140,DXGI,0,512,1,Hardware: Independent Flip,12518.3778,26.7224,26.4724,0.2500,19.5114,26.7410,26.7230,0.0180,47.7529,12.2546,-14.1395,12518.3778,1.5005,NA,NA
SandFall-Win64-Shipping.exe,27068,0x1FE3BB43140,DXGI,0,512,1,Hardware: Independent Flip,12545.1002,0.3181,0.1524,0.1657,19.5300,0.0999,0.0983,0.0016,33.2851,16.2075,14.4678,12545.1002,13.6552,NA,NA
SandFall-Win64-Shipping.exe,27068,0x1FE3BB43140,DXGI,0,512,1,Hardware: Independent Flip,12545.4183,31.5919,31.3269,0.2650,19.3118,29.1529,27.5055,1.6474,49.1745,13.0448,-15.8894,12545.4183,0.7098,NA,NA
SandFall-Win64-Shipping.exe,27068,0x1FE3BB43140,DXGI,0,512,1,Hardware: Independent Flip,12577.0102,0.3150,0.1585,0.1565,16.8728,0.1088,0.1088,0.0000,30.6274,20.3207,18.5471,12577.0102,13.6458,NA,NA
SandFall-Win64-Shipping.exe,27068,0x1FE3BB43140,DXGI,0,512,1,Hardware: Independent Flip,12577.3252,23.3602,23.1260,0.2342,16.6666,33.9659,33.9544,0.0115,50.6331,14.6315,-20.0057,12577.3252,0.0006,NA,NA
SandFall-Win64-Shipping.exe,27068,0x1FE3BB43140,DXGI,0,512,1,Hardware: Independent Flip,12600.6854,0.3003,0.1482,0.1521,27.2723,0.0993,0.0973,0.0020,41.9044,12.6678,8.7287,12600.6854,14.5328,NA,NA
SandFall-Win64-Shipping.exe,27068,0x1FE3BB43140,DXGI,0,512,1,Hardware: Independent Flip,12600.9857,28.0486,27.8107,0.2379,27.0713,27.2002,27.1892,0.0110,54.2719,15.3663,-12.3675,12600.9857,0.0004,63.6338,NA
SandFall-Win64-Shipping.exe,27068,0x1FE3BB43140,DXGI,0,512,1,Hardware: Independent Flip,12629.0343,0.3248,0.1677,0.1571,26.2229,0.1040,0.1016,0.0024,41.5896,23.2827,12.6823,12629.0343,15.2627,NA,NA
SandFall-Win64-Shipping.exe,27068,0x1FE3BB43140,DXGI,0,512,1,Hardware: Independent Flip,12629.3591,28.0013,27.7451,0.2562,26.0021,38.5450,38.5369,0.0081,64.5475,15.1520,-22.9579,12629.3591,0.0004,71.5294,NA
SandFall-Win64-Shipping.exe,27068,0x1FE3BB43140,DXGI,0,512,1,Hardware: Independent Flip,12657.3604,0.3218,0.1725,0.1493,36.5458,0.1153,0.1131,0.0022,51.6982,12.6835,12.8493,12657.3604,15.0371,NA,NA
SandFall-Win64-Shipping.exe,27068,0x1FE3BB43140,DXGI,0,512,1,Hardware: Independent Flip,12657.6822,34.4375,34.1844,0.2531,36.3393,27.7197,27.7070,0.0127,64.0599,15.2017,-12.3617,12657.6822,0.0009,68.6080,NA
SandFall-Win64-Shipping.exe,27068,0x1FE3BB43140,DXGI,0,512,1,Hardware: Independent Flip,12692.1197,0.4033,0.2410,0.1623,29.6215,0.2250,0.2222,0.0028,44.8241,23.2116,19.2358,12692.1197,14.9776,NA,NA
SandFall-Win64-Shipping.exe,27068,0x1FE3BB43140,DXGI,0,512,1,Hardware: Independent Flip,12692.5230,27.4461,27.1956,0.2505,29.4432,38.1883,38.1781,0.0102,67.6324,16.1529,-22.8083,12692.5230,0.0009,76.2409,NA
SandFall-Win64-Shipping.exe,27068,0x1FE3BB43140,DXGI,0,512,1,Hardware: Independent Flip,12719.9691,0.3179,0.1650,0.1529,40.1854,0.1392,0.1392,0.0000,56.3392,12.4375,11.2932,12719.9691,16.0146,NA,NA
SandFall-Win64-Shipping.exe,27068,0x1FE3BB43140,DXGI,0,512,1,Hardware: Independent Flip,12720.2870,38.6642,38.0419,0.6223,40.0067,28.4510,28.4387,0.0123,68.4588,16.1711,-12.1196,12720.2870,0.0011,43.3534,NA
SandFall-Win64-Shipping.exe,27068,0x1FE3BB43140,DXGI,0,512,1,Hardware: Independent Flip,12758.9512,0.6019,0.3393,0.2626,29.7935,0.2786,0.2764,0.0022,45.9657,16.6404,22.4931,12758.9512,15.8936,NA,NA
SandFall-Win64-Shipping.exe,27068,0x1FE3BB43140,DXGI,0,512,1,Hardware: Independent Flip,12759.5531,27.5776,27.2771,0.3005,29.4702,32.5331,32.5170,0.0161,62.0042,15.7998,-16.0385,12759.5531,0.0009,47.9225,NA
SandFall-Win64-Shipping.exe,27068,0x1FE3BB43140,DXGI,0,512,1,Hardware: Independent Flip,12787.1307,0.3616,0.1899,0.1717,34.4257,0.1339,0.1317,0.0022,50.2264,11.0477,11.7778,12787.1307,15.6668,NA,NA
SandFall-Win64-Shipping.exe,27068,0x1FE3BB43140,DXGI,0,512,1,Hardware: Independent Flip,12787.4923,32.3333,32.0844,0.2489,34.1980,26.7140,26.6983,0.0157,60.9125,15.9502,-10.6861,12787.4923,0.0005,NA,NA
SandFall-Win64-Shipping.exe,27068,0x1FE3BB43140,DXGI,0,512,1,Hardware: Independent Flip,12819.8256,0.3172,0.1640,0.1532,28.5787,0.1051,0.1022,0.0029,44.5294,10.6298,16.3831,12819.8256,15.8456,NA,NA
SandFall-Win64-Shipping.exe,27068,0x1FE3BB43140,DXGI,0,512,1,Hardware: Independent Flip,12820.1428,27.2098,26.9066,0.3032,28.3666,26.4748,26.4638,0.0110,54.8420,15.9459,-10.3126,12820.1428,0.0006,NA,NA
SandFall-Win64-Shipping.exe,27068,0x1FE3BB43140,DXGI,0,512,1,Hardware: Independent Flip,12847.3526,0.3360,0.1738,0.1622,27.6316,0.1763,0.1742,0.0021,43.5781,13.7967,11.2639,12847.3526,15.7702,NA,NA
SandFall-Win64-Shipping.exe,27068,0x1FE3BB43140,DXGI,0,512,1,Hardware: Independent Flip,12847.6886,25.6342,25.3798,0.2544,27.4719,29.5662,29.5584,0.0078,57.0388,15.9074,-13.4607,12847.6886,0.0007,NA,NA
SandFall-Win64-Shipping.exe,27068,0x1FE3BB43140,DXGI,0,512,1,Hardware: Independent Flip,12873.3228,0.3332,0.1693,0.1639,31.4039,0.1136,0.1114,0.0022,47.3120,11.5289,9.7268,12873.3228,15.7945,NA,NA
SandFall-Win64-Shipping.exe,27068,0x1FE3BB43140,DXGI,0,512,1,Hardware: Independent Flip,12873.6560,29.3345,29.0803,0.2542,31.1843,27.3224,27.3094,0.0130,58.5077,17.2363,-11.1957,12873.6560,0.0010,NA,NA
SandFall-Win64-Shipping.exe,27068,0x1FE3BB43140,DXGI,0,512,1,Hardware: Independent Flip,12902.9905,0.3177,0.1638,0.1539,29.1722,0.1549,0.1528,0.0021,46.4095,13.5347,12.0982,12902.9905,17.0824,NA,NA
SandFall-Win64-Shipping.exe,27068,0x1FE3BB43140,DXGI,0,512,1,Hardware: Independent Flip,12903.3082,27.2015,26.9544,0.2471,29.0094,29.1165,29.1097,0.0068,59.6265,14.5944,-13.2170,12903.3082,1.5006,NA,NA
SandFall-Win64-Shipping.exe,27068,0x1FE3BB43140,DXGI,0,512,1,Hardware: Independent Flip,12930.5097,0.3150,0.1650,0.1500,30.9244,0.1179,0.1159,0.0020,47.0194,12.3965,12.6071,12930.5097,15.9771,NA,NA
SandFall-Win64-Shipping.exe,27068,0x1FE3BB43140,DXGI,0,512,1,Hardware: Independent Flip,12930.8247,28.8136,28.5694,0.2442,30.7273,26.8727,26.8632,0.0095,59.1009,13.9907,-12.0815,12930.8247,1.5009,NA,NA
SandFall-Win64-Shipping.exe,27068,0x1FE3BB43140,DXGI,0,512,1,Hardware: Independent Flip,12959.6383,0.3256,0.1675,0.1581,28.7864,0.1153,0.1132,0.0021,44.2780,12.8332,14.8229,12959.6383,15.3763,NA,NA
SandFall-Win64-Shipping.exe,27068,0x1FE3BB43140,DXGI,0,512,1,Hardware: Independent Flip,12959.9639,27.9044,27.6537,0.2507,28.5761,26.7090,26.6979,0.0111,56.7856,13.4397,-12.5076,12959.9639,1.5005,NA,NA
SandFall-Win64-Shipping.exe,27068,0x1FE3BB43140,DXGI,0,512,1,Hardware: Independent Flip,12987.8683,0.3166,0.1655,0.1511,27.3807,0.1110,0.1059,0.0051,42.3209,13.8379,14.4647,12987.8683,14.8292,NA,NA
SandFall-Win64-Shipping.exe,27068,0x1FE3BB43140,DXGI,0,512,1,Hardware: Independent Flip,12988.1849,29.9257,29.6796,0.2461,27.1751,27.1664,27.1535,0.0129,55.8422,13.5555,-13.5213,12988.1849,1.5007,NA,NA
SandFall-Win64-Shipping.exe,27068,0x1FE3BB43140,DXGI,0,512,1,Hardware: Independent Flip,13018.1106,0.3223,0.1635,0.1588,24.4158,0.0825,0.0783,0.0042,39.4720,16.2517,16.3702,13018.1106,14.9737,NA,NA
SandFall-Win64-Shipping.exe,27068,0x1FE3BB43140,DXGI,0,512,1,Hardware: Independent Flip,13018.4329,28.7854,28.5320,0.2534,24.1760,29.7244,29.7130,0.0114,55.4014,13.3195,-15.9294,13018.4329,1.5010,NA,NA
SandFall-Win64-Shipping.exe,27068,0x1FE3BB43140,DXGI,0,512,1,Hardware: Independent Flip,13047.2183,0.3228,0.1633,0.1595,25.1150,0.1581,0.1561,0.0020,39.9355,14.1564,15.4659,13047.2183,14.6624,NA,NA
SandFall-Win64-Shipping.exe,27068,0x1FE3BB43140,DXGI,0,512,1,Hardware: Independent Flip,13047.5411,29.9545,29.7010,0.2535,24.9503,27.3177,27.3050,0.0127,53.7691,13.1662,-13.8336,13047.5411,1.5011,NA,NA
SandFall-Win64-Shipping.exe,27068,0x1FE3BB43140,DXGI,0,512,1,Hardware: Independent Flip,13077.4956,0.3079,0.1559,0.1520,22.3135,0.1507,0.1480,0.0027,36.9808,13.9631,16.7883,13077.4956,14.5166,NA,NA
SandFall-Win64-Shipping.exe,27068,0x1FE3BB43140,DXGI,0,512,1,Hardware: Independent Flip,13077.8035,24.4694,24.1983,0.2711,22.1563,27.0183,27.0054,0.0129,50.6360,12.9482,-13.6552,13077.8035,1.4614,NA,NA
SandFall-Win64-Shipping.exe,27068,0x1FE3BB43140,DXGI,0,512,1,Hardware: Independent Flip,13102.2729,0.3152,0.1583,0.1569,24.7052,0.0898,0.0856,0.0042,39.1148,14.8122,11.5212,13102.2729,14.3198,NA,NA
SandFall-Win64-Shipping.exe,27068,0x1FE3BB43140,DXGI,0,512,1,Hardware: Independent Flip,13102.5881,28.1289,27.8556,0.2733,24.4798,28.1706,28.1552,0.0154,53.6118,13.3157,-14.4970,13102.5881,0.9614,NA,NA
SandFall-Win64-Shipping.exe,27068,0x1FE3BB43140,DXGI,0,512,1,Hardware: Independent Flip,13130.7170,0.3287,0.1645,0.1642,24.5215,0.0817,0.0772,0.0045,38.7986,13.2422,14.8132,13130.7170,14.1954,NA,NA
SandFall-Win64-Shipping.exe,27068,0x1FE3BB43140,DXGI,0,512,1,Hardware: Independent Flip,13131.0457,29.1422,28.8875,0.2547,24.2745,27.2058,27.1891,0.0167,51.7121,14.3908,-12.9135,13131.0457,0.2318,NA,NA
SandFall-Win64-Shipping.exe,27068,0x1FE3BB43140,DXGI,0,512,1,Hardware: Independent Flip,13160.1879,0.3068,0.1511,0.1557,22.3381,0.1705,0.1688,0.0017,36.9607,13.6628,14.7514,13160.1879,14.4521,NA,NA
SandFall-Win64-Shipping.exe,27068,0x1FE3BB43140,DXGI,0,512,1,Hardware: Independent Flip,13160.4947,28.0413,27.7464,0.2949,22.2018,27.2985,27.2840,0.0145,50.3167,13.6378,-13.3560,13160.4947,0.8164,62.1520,NA
SandFall-Win64-Shipping.exe,27068,0x1FE3BB43140,DXGI,0,512,1,Hardware: Independent Flip,13188.5360,0.3388,0.1585,0.1803,21.4590,0.1222,0.1222,0.0000,35.9132,14.1816,14.4035,13188.5360,14.3320,NA,NA
SandFall-Win64-Shipping.exe,27068,0x1FE3BB43140,DXGI,0,512,1,Hardware: Independent Flip,13188.8748,28.7672,28.5212,0.2460,21.2424,27.6914,27.6708,0.0206,49.7560,13.4130,-13.8428,13188.8748,0.8222,NA,NA
SandFall-Win64-Shipping.exe,27068,0x1FE3BB43140,DXGI,0,512,1,Hardware: Independent Flip,13217.6420,0.3011,0.1508,0.1503,20.1666,0.1116,0.1099,0.0017,34.4018,16.0168,15.3542,13217.6420,14.1236,NA,NA
SandFall-Win64-Shipping.exe,27068,0x1FE3BB43140,DXGI,0,512,1,Hardware: Independent Flip,13217.9431,27.7019,27.4632,0.2387,19.9771,29.6626,29.6492,0.0134,50.1175,13.8888,-15.7157,13217.9431,0.4778,NA,NA
SandFall-Win64-Shipping.exe,27068,0x1FE3BB43140,DXGI,0,512,1,Hardware: Independent Flip,13245.6450,0.3020,0.1507,0.1513,21.9378,0.1465,0.1445,0.0020,36.3044,12.9838,13.8131,13245.6450,14.2201,NA,NA
SandFall-Win64-Shipping.exe,27068,0x1FE3BB43140,DXGI,0,512,1,Hardware: Independent Flip,13245.9470,28.3929,28.1324,0.2605,21.7823,27.2025,27.1882,0.0143,48.9862,14.7724,-12.6818,13245.9470,0.0014,NA,NA
SandFall-Win64-Shipping.exe,27068,0x1FE3BB43140,DXGI,0,512,1,Hardware: Independent Flip,13274.3399,0.3002,0.1513,0.1489,20.5919,0.1107,0.1091,0.0016,35.3657,12.7498,13.6205,13274.3399,14.6631,NA,NA
SandFall-Win64-Shipping.exe,27068,0x1FE3BB43140,DXGI,0,512,1,Hardware: Independent Flip,13274.6401,28.8485,28.5701,0.2784,20.4024,27.0853,27.0669,0.0184,47.8153,13.7644,-12.4496,13274.6401,0.3276,64.8563,NA
SandFall-Win64-Shipping.exe,27068,0x1FE3BB43140,DXGI,0,512,1,Hardware: Independent Flip,13303.4886,0.3230,0.1624,0.1606,18.6392,0.1054,0.1031,0.0023,32.7312,14.1572,15.0841,13303.4886,13.9866,NA,NA
SandFall-Win64-Shipping.exe,27068,0x1FE3BB43140,DXGI,0,512,1,Hardware: Independent Flip,13303.8116,26.7480,26.2261,0.5219,18.4216,27.2916,26.9323,0.3593,46.5654,13.1918,-13.8342,13303.8116,0.8522,NA,NA
SandFall-Win64-Shipping.exe,27068,0x1FE3BB43140,DXGI,0,512,1,Hardware: Independent Flip,13330.5596,0.3133,0.1660,0.1473,18.9652,0.1153,0.1136,0.0017,33.0092,15.6942,13.5562,13330.5596,13.9287,NA,NA
SandFall-Win64-Shipping.exe,27068,0x1FE3BB43140,DXGI,0,512,1,Hardware: Independent Flip,13330.8729,28.6660,28.4224,0.2436,18.7672,29.2384,27.3229,1.9155,48.3901,13.9035,-15.3809,13330.8729,0.3845,NA,NA
SandFall-Win64-Shipping.exe,27068,0x1FE3BB43140,DXGI,0,512,1,Hardware: Independent Flip,13359.5389,0.3008,0.1493,0.1515,19.3396,0.0804,0.0774,0.0030,33.6276,14.9789,14.7625,13359.5389,14.2076,NA,NA
SandFall-Win64-Shipping.exe,27068,0x1FE3BB43140,DXGI,0,512,1,Hardware: Independent Flip,13359.8397,28.6252,28.3796,0.2456,19.1192,29.1857,27.8463,1.3394,48.3057,14.5304,-14.6781,13359.8397,0.0008,62.5130,NA
SandFall-Win64-Shipping.exe,27068,0x1FE3BB43140,DXGI,0,512,1,Hardware: Independent Flip,13388.4649,0.3151,0.1522,0.1629,19.6797,0.1329,0.1329,0.0000,34.2109,12.7130,14.0948,13388.4649,14.3983,NA,NA
SandFall-Win64-Shipping.exe,27068,0x1FE3BB43140,DXGI,0,512,1,Hardware: Independent Flip,13388.7800,26.7765,26.5287,0.2478,19.4975,27.1095,27.0954,0.0141,46.6088,14.6047,-12.3979,13388.7800,0.0018,NA,NA
SandFall-Win64-Shipping.exe,27068,0x1FE3BB43140,DXGI,0,512,1,Hardware: Independent Flip,13415.5565,0.3057,0.1540,0.1517,19.8305,0.1337,0.1315,0.0022,34.4370,12.5447,12.1718,13415.5565,14.4728,NA,NA
SandFall-Win64-Shipping.exe,27068,0x1FE3BB43140,DXGI,0,512,1,Hardware: Independent Flip,13415.8622,26.6997,26.4348,0.2649,19.6585,26.8051,26.7871,0.0180,46.6760,13.4976,-12.2390,13415.8622,0.2124,NA,NA
SandFall-Win64-Shipping.exe,27068,0x1FE3BB43140,DXGI,0,512,1,Hardware: Independent Flip,13442.5619,0.3193,0.1638,0.1555,19.7639,0.1105,0.1085,0.0020,33.4739,14.6129,13.2021,13442.5619,13.5995,NA,NA
SandFall-Win64-Shipping.exe,27068,0x1FE3BB43140,DXGI,0,512,1,Hardware: Independent Flip,13442.8812,26.7091,26.4481,0.2610,19.5551,27.4912,27.4770,0.0142,47.7675,12.9093,-14.2936,13442.8812,0.7212,NA,NA
SandFall-Win64-Shipping.exe,27068,0x1FE3BB43140,DXGI,0,512,1,Hardware: Independent Flip,13469.5903,0.3099,0.1552,0.1547,20.3372,0.0956,0.0938,0.0018,33.9677,14.2597,13.7998,13469.5903,13.5349,NA,NA
SandFall-Win64-Shipping.exe,27068,0x1FE3BB43140,DXGI,0,512,1,Hardware: Independent Flip,13469.9002,27.3195,27.0730,0.2465,20.1229,27.7937,27.7811,0.0126,47.9175,13.7457,-13.9498,13469.9002,0.0009,NA,NA
SandFall-Win64-Shipping.exe,27068,0x1FE3BB43140,DXGI,0,512,1,Hardware: Independent Flip,13497.2197,0.3024,0.1533,0.1491,20.5971,0.0944,0.0923,0.0021,34.3437,13.2537,13.5738,13497.2197,13.6522,NA,NA
SandFall-Win64-Shipping.exe,27068,0x1FE3BB43140,DXGI,0,512,1,Hardware: Independent Flip,13497.5221,26.8788,26.6345,0.2443,20.3891,26.9049,26.8932,0.0117,47.2950,13.9544,-12.9513,13497.5221,0.0010,NA,NA
SandFall-Win64-Shipping.exe,27068,0x1FE3BB43140,DXGI,0,512,1,Hardware: Independent Flip,13524.4009,0.3004,0.1528,0.1476,20.4152,0.1486,0.1471,0.0015,34.3706,13.1780,12.9244,13524.4009,13.8068,NA,NA
SandFall-Win64-Shipping.exe,27068,0x1FE3BB43140,DXGI,0,512,1,Hardware: Independent Flip,13524.7013,26.3669,26.1104,0.2565,20.2634,26.9837,26.9699,0.0138,47.2482,13.5003,-12.8776,13524.7013,0.0011,NA,NA
SandFall-Win64-Shipping.exe,27068,0x1FE3BB43140,DXGI,0,512,1,Hardware: Independent Flip,13551.0682,0.3017,0.1511,0.1506,20.8802,0.1117,0.1097,0.0020,34.3816,13.2154,12.8666,13551.0682,13.3897,NA,NA
SandFall-Win64-Shipping.exe,27068,0x1FE3BB43140,DXGI,0,512,1,Hardware: Independent Flip,13551.3699,27.0114,26.7615,0.2499,20.6902,26.4360,26.4203,0.0157,47.2953,13.4433,-12.9137,13551.3699,0.1691,NA,NA
SandFall-Win64-Shipping.exe,27068,0x1FE3BB43140,DXGI,0,512,1,Hardware: Independent Flip,13578.3813,0.3035,0.1552,0.1483,20.1148,0.1428,0.1412,0.0016,33.7272,13.6629,13.5681,13578.3813,13.4696,NA,NA
SandFall-Win64-Shipping.exe,27068,0x1FE3BB43140,DXGI,0,512,1,Hardware: Independent Flip,13578.6848,27.0363,26.7891,0.2472,19.9541,26.8378,26.8247,0.0131,47.0866,13.4062,-13.3594,13578.6848,0.2947,NA,NA
SandFall-Win64-Shipping.exe,27068,0x1FE3BB43140,DXGI,0,512,1,Hardware: Independent Flip,13605.7211,0.3055,0.1522,0.1533,19.7556,0.0895,0.0877,0.0018,33.4565,16.4971,13.6301,13605.7211,13.6114,NA,NA
SandFall-Win64-Shipping.exe,27068,0x1FE3BB43140,DXGI,0,512,1,Hardware: Independent Flip,13606.0266,27.9840,27.7357,0.2483,19.5396,29.9180,29.3976,0.5204,49.6481,13.5711,-16.1916,13606.0266,0.1905,NA,NA
SandFall-Win64-Shipping.exe,27068,0x1FE3BB43140,DXGI,0,512,1,Hardware: Independent Flip,13634.0106,0.3018,0.1523,0.1495,21.4736,0.1316,0.1293,0.0023,35.2352,12.5473,14.4129,13634.0106,13.6300,NA,NA
SandFall-Win64-Shipping.exe,27068,0x1FE3BB43140,DXGI,0,512,1,Hardware: Independent Flip,13634.3124,26.5893,26.3416,0.2477,21.3034,26.1762,26.1603,0.0159,47.4807,14.9461,-12.2455,13634.3124,0.0011,NA,NA
SandFall-Win64-Shipping.exe,27068,0x1FE3BB43140,DXGI,0,512,1,Hardware: Independent Flip,13660.9017,0.3077,0.1570,0.1507,20.8903,0.1392,0.1356,0.0036,35.8375,12.3932,11.6432,13660.9017,14.8080,NA,NA
SandFall-Win64-Shipping.exe,27068,0x1FE3BB43140,DXGI,0,512,1,Hardware: Independent Flip,13661.2094,27.5598,27.3079,0.2519,20.7218,27.2007,27.1810,0.0197,47.9230,13.6531,-12.0855,13661.2094,0.0005,NA,NA
SandFall-Win64-Shipping.exe,27068,0x1FE3BB43140,DXGI,0,512,1,Hardware: Independent Flip,13688.7692,0.3053,0.1548,0.1505,20.3627,0.0963,0.0942,0.0021,34.0163,13.3255,13.9067,13688.7692,13.5573,NA,NA
SandFall-Win64-Shipping.exe,27068,0x1FE3BB43140,DXGI,0,512,1,Hardware: Independent Flip,13689.0745,27.2695,27.0140,0.2555,20.1537,26.2686,26.2512,0.0174,47.0365,13.0793,-13.0202,13689.0745,0.6142,NA,NA
SandFall-Win64-Shipping.exe,27068,0x1FE3BB43140,DXGI,0,512,1,Hardware: Independent Flip,13716.3440,0.3139,0.1520,0.1619,19.1528,0.1228,0.1213,0.0015,32.8463,13.7180,14.1902,13716.3440,13.5707,NA,NA
SandFall-Win64-Shipping.exe,27068,0x1FE3BB43140,DXGI,0,512,1,Hardware: Independent Flip,13716.6579,27.2132,26.9263,0.2869,18.9617,26.7892,26.2434,0.5458,46.2504,13.5239,-13.4041,13716.6579,0.4995,37.3088,NA
SandFall-Win64-Shipping.exe,27068,0x1FE3BB43140,DXGI,0,512,1,Hardware: Independent Flip,13743.8711,0.3262,0.1707,0.1555,18.5377,0.1589,0.1515,0.0074,32.5611,16.4504,13.6893,13743.8711,13.8645,NA,NA
SandFall-Win64-Shipping.exe,27068,0x1FE3BB43140,DXGI,0,512,1,Hardware: Independent Flip,13744.1973,27.9917,27.7391,0.2526,18.3704,29.8914,28.1953,1.6961,48.6853,13.2816,-16.1242,13744.1973,0.4235,40.2909,NA
SandFall-Win64-Shipping.exe,27068,0x1FE3BB43140,DXGI,0,512,1,Hardware: Independent Flip,13772.1890,0.3122,0.1591,0.1531,20.2701,0.1054,0.1037,0.0017,33.9752,13.8317,14.7101,13772.1890,13.5997,NA,NA
SandFall-Win64-Shipping.exe,27068,0x1FE3BB43140,DXGI,0,512,1,Hardware: Independent Flip,13772.5012,27.0489,26.8079,0.2410,20.0633,27.4310,27.4143,0.0167,47.4947,14.8973,-13.5195,13772.5012,0.0004,38.4047,NA
SandFall-Win64-Shipping.exe,27068,0x1FE3BB43140,DXGI,0,512,1,Hardware: Independent Flip,13799.5501,0.3028,0.1517,0.1511,20.4454,0.1073,0.1056,0.0017,35.3431,12.4284,12.1516,13799.5501,14.7904,NA,NA
SandFall-Win64-Shipping.exe,27068,0x1FE3BB43140,DXGI,0,512,1,Hardware: Independent Flip,13799.8529,26.9856,26.7338,0.2518,20.2499,27.2176,27.2084,0.0092,47.4687,14.2223,-12.1256,13799.8529,0.0012,38.7315,NA
SandFall-Win64-Shipping.exe,27068,0x1FE3BB43140,DXGI,0,512,1,Hardware: Independent Flip,13826.8385,0.3021,0.1498,0.1523,20.4819,0.1395,0.1374,0.0021,34.7054,13.5407,12.7633,13826.8385,14.0840,NA,NA
SandFall-Win64-Shipping.exe,27068,0x1FE3BB43140,DXGI,0,512,1,Hardware: Independent Flip,13827.1406,26.7511,26.4682,0.2829,20.3193,27.3329,27.3089,0.0240,47.9440,13.2164,-13.2386,13827.1406,0.2918,40.4962,NA
SandFall-Win64-Shipping.exe,27068,0x1FE3BB43140,DXGI,0,512,1,Hardware: Independent Flip,13853.8917,0.3174,0.1640,0.1534,20.9011,0.1377,0.1361,0.0016,34.4093,14.2936,13.5347,13853.8917,13.3705,NA,NA
SandFall-Win64-Shipping.exe,27068,0x1FE3BB43140,DXGI,0,512,1,Hardware: Independent Flip,13854.2091,27.6778,27.4165,0.2613,20.7214,27.5258,27.5076,0.0182,48.3855,13.5560,-13.9762,13854.2091,0.1383,40.0028,NA
SandFall-Win64-Shipping.exe,27068,0x1FE3BB43140,DXGI,0,512,1,Hardware: Independent Flip,13881.8869,0.3218,0.1545,0.1673,20.5694,0.1647,0.1624,0.0023,34.2637,13.8074,14.1218,13881.8869,13.5296,NA,NA
SandFall-Win64-Shipping.exe,27068,0x1FE3BB43140,DXGI,0,512,1,Hardware: Independent Flip,13882.2087,27.0338,26.7871,0.2467,20.4123,27.3360,27.3209,0.0151,47.7493,13.9386,-13.4856,13882.2087,0.0010,39.3727,NA
SandFall-Win64-Shipping.exe,27068,0x1FE3BB43140,DXGI,0,512,1,Hardware: Independent Flip,13909.2425,0.3019,0.1509,0.1510,20.7145,0.1329,0.1313,0.0016,34.6541,13.6481,13.0952,13909.2425,13.8067,NA,NA
SandFall-Win64-Shipping.exe,27068,0x1FE3BB43140,DXGI,0,512,1,Hardware: Independent Flip,13909.5444,26.9988,26.7466,0.2522,20.5455,27.4540,27.4412,0.0128,48.0003,13.9616,-13.3462,13909.5444,0.0008,41.9533,NA
SandFall-Win64-Shipping.exe,27068,0x1FE3BB43140,DXGI,0,512,1,Hardware: Independent Flip,13936.5432,0.3256,0.1525,0.1731,21.0007,0.0919,0.0894,0.0025,34.9631,16.8207,13.0372,13936.5432,13.8705,NA,NA
SandFall-Win64-Shipping.exe,27068,0x1FE3BB43140,DXGI,0,512,1,Hardware: Independent Flip,13936.8688,31.7349,31.4838,0.2511,20.7670,30.6905,27.6900,3.0005,51.4582,13.8529,-16.4951,13936.8688,0.0007,43.7353,NA
SandFall-Win64-Shipping.exe,27068,0x1FE3BB43140,DXGI,0,512,1,Hardware: Independent Flip,13968.6037,0.3136,0.1621,0.1515,19.7226,0.1450,0.1433,0.0017,33.5762,13.5854,17.8820,13968.6037,13.7086,NA,NA
SandFall-Win64-Shipping.exe,27068,0x1FE3BB43140,DXGI,0,512,1,Hardware: Independent Flip,13968.9173,23.3456,23.0665,0.2791,19.5540,27.2931,27.2847,0.0084,46.8480,15.3829,-13.2718,13968.9173,0.0009,63.1569,NA
SandFall-Win64-Shipping.exe,27068,0x1FE3BB43140,DXGI,0,512,1,Hardware: Independent Flip,13992.2629,0.3282,0.1739,0.1543,23.5015,0.1439,0.1410,0.0029,38.8853,12.4133,7.9627,13992.2629,15.2399,NA,NA
SandFall-Win64-Shipping.exe,27068,0x1FE3BB43140,DXGI,0,512,1,Hardware: Independent Flip,13992.5911,27.3917,27.1456,0.2461,23.3172,27.6523,27.6430,0.0093,50.9704,14.4272,-12.0851,13992.5911,0.0009,NA,NA
SandFall-Win64-Shipping.exe,27068,0x1FE3BB43140,DXGI,0,512,1,Hardware: Independent Flip,14019.9828,0.3149,0.1571,0.1578,23.5778,0.1060,0.1033,0.0027,38.0059,13.5671,12.9645,14019.9828,14.3221,NA,NA
SandFall-Win64-Shipping.exe,27068,0x1FE3BB43140,DXGI,0,512,1,Hardware: Independent Flip,14020.2977,27.0573,26.8100,0.2473,23.3689,27.4992,27.4898,0.0094,51.2581,13.4628,-13.2522,14020.2977,0.3900,NA,NA
SandFall-Win64-Shipping.exe,27068,0x1FE3BB43140,DXGI,0,512,1,Hardware: Independent Flip,14047.3550,0.2968,0.1501,0.1467,23.8108,0.1207,0.1183,0.0024,37.6636,13.3710,13.5945,14047.3550,13.7321,NA,NA
SandFall-Win64-Shipping.exe,27068,0x1FE3BB43140,DXGI,0,512,1,Hardware: Independent Flip,14047.6518,27.8522,27.6082,0.2440,23.6347,26.7456,26.7313,0.0143,50.7378,13.4913,-13.0742,14047.6518,0.3575,41.7967,NA
SandFall-Win64-Shipping.exe,27068,0x1FE3BB43140,DXGI,0,512,1,Hardware: Independent Flip,14075.5040,0.3070,0.1543,0.1527,22.5281,0.1569,0.1544,0.0025,36.3769,14.7693,14.3609,14075.5040,13.6919,NA,NA
SandFall-Win64-Shipping.exe,27068,0x1FE3BB43140,DXGI,0,512,1,Hardware: Independent Flip,14075.8110,27.4135,27.0894,0.3241,22.3780,28.0386,28.0238,0.0148,50.8392,13.2764,-14.4623,14075.8110,0.4226,42.0659,NA
SandFall-Win64-Shipping.exe,27068,0x1FE3BB43140,DXGI,0,512,1,Hardware: Independent Flip,14103.2245,0.3814,0.1914,0.1900,23.0031,0.1296,0.1273,0.0023,36.7021,15.2145,14.1371,14103.2245,13.5694,NA,NA
SandFall-Win64-Shipping.exe,27068,0x1FE3BB43140,DXGI,0,512,1,Hardware: Independent Flip,14103.6059,27.2179,26.8944,0.3235,22.7513,28.7827,28.7693,0.0134,51.5352,14.1818,-14.8331,14103.6059,0.0012,43.5527,NA
SandFall-Win64-Shipping.exe,27068,0x1FE3BB43140,DXGI,0,512,1,Hardware: Independent Flip,14130.8238,0.3400,0.1610,0.1790,24.3161,0.1240,0.1240,0.0000,38.4991,14.8636,13.0361,14130.8238,14.0590,NA,NA
SandFall-Win64-Shipping.exe,27068,0x1FE3BB43140,DXGI,0,512,1,Hardware: Independent Flip,14131.1638,29.2320,28.7108,0.5212,24.1001,28.9216,28.9178,0.0038,53.0227,14.6940,-14.5236,14131.1638,0.0010,44.5969,NA
SandFall-Win64-Shipping.exe,27068,0x1FE3BB43140,DXGI,0,512,1,Hardware: Independent Flip,14160.3958,0.4196,0.1658,0.2538,23.7897,0.1479,0.1452,0.0027,38.4847,14.9376,14.5380,14160.3958,14.5471,NA,NA
SandFall-Win64-Shipping.exe,27068,0x1FE3BB43140,DXGI,0,512,1,Hardware: Independent Flip,14160.8154,28.1234,27.8218,0.3016,23.5180,29.4838,29.4779,0.0059,53.0027,14.7188,-14.5180,14160.8154,0.0009,46.2243,NA
SandFall-Win64-Shipping.exe,27068,0x1FE3BB43140,DXGI,0,512,1,Hardware: Independent Flip,14188.9388,0.3843,0.1795,0.2048,24.8784,0.1525,0.1525,0.0000,39.5981,14.2878,13.4046,14188.9388,14.5672,NA,NA
SandFall-Win64-Shipping.exe,27068,0x1FE3BB43140,DXGI,0,512,1,Hardware: Independent Flip,14189.3231,27.1884,26.9411,0.2473,24.6466,28.8541,28.8409,0.0132,53.5016,14.9878,-13.9035,14189.3231,0.0009,47.2217,NA
SandFall-Win64-Shipping.exe,27068,0x1FE3BB43140,DXGI,0,512,1,Hardware: Independent Flip,14216.5115,0.3274,0.1575,0.1699,26.3123,0.1499,0.1471,0.0028,41.3010,14.3831,12.2006,14216.5115,14.8388,NA,NA
SandFall-Win64-Shipping.exe,27068,0x1FE3BB43140,DXGI,0,512,1,Hardware: Independent Flip,14216.8389,26.7253,26.4312,0.2941,26.1348,29.2211,29.2011,0.0200,55.3567,14.7526,-14.0557,14216.8389,0.0008,48.6049,NA
SandFall-Win64-Shipping.exe,27068,0x1FE3BB43140,DXGI,0,512,1,Hardware: Independent Flip,14243.5642,0.4345,0.2370,0.1975,28.6306,0.1153,0.1136,0.0017,43.3840,16.1169,11.9727,14243.5642,14.6381,NA,NA
SandFall-Win64-Shipping.exe,27068,0x1FE3BB43140,DXGI,0,512,1,Hardware: Independent Flip,14243.9987,34.8745,34.6034,0.2711,28.3114,30.7542,30.7394,0.0148,59.0664,14.9167,-15.6824,14243.9987,0.0008,50.4390,NA
SandFall-Win64-Shipping.exe,27068,0x1FE3BB43140,DXGI,0,512,1,Hardware: Independent Flip,14278.8732,0.3496,0.1938,0.1558,24.1911,0.1396,0.1374,0.0022,39.1086,17.2150,19.9578,14278.8732,14.7779,NA,NA
SandFall-Win64-Shipping.exe,27068,0x1FE3BB43140,DXGI,0,512,1,Hardware: Independent Flip,14279.2228,36.4322,36.1599,0.2723,23.9811,31.9925,31.9269,0.0656,55.9740,15.8557,-16.8654,14279.2228,0.0004,22.6009,NA
SandFall-Win64-Shipping.exe,27068,0x1FE3BB43140,DXGI,0,512,1,Hardware: Independent Flip,14315.6550,0.3455,0.1851,0.1604,19.5414,0.1537,0.1512,0.0025,35.3975,15.9820,20.5765,14315.6550,15.7024,NA,NA
SandFall-Win64-Shipping.exe,27068,0x1FE3BB43140,DXGI,0,512,1,Hardware: Independent Flip,14316.0005,18.8100,18.5546,0.2554,19.3496,31.6839,31.6684,0.0155,51.0340,16.3800,-15.6365,14316.0005,0.0005,NA,NA
SandFall-Win64-Shipping.exe,27068,0x1FE3BB43140,DXGI,0,512,1,Hardware: Independent Flip,14334.8105,0.5973,0.1922,0.4051,32.2235,0.1004,0.0983,0.0021,48.6040,15.7371,2.4300,14334.8105,16.2801,NA,NA
SandFall-Win64-Shipping.exe,27068,0x1FE3BB43140,DXGI,0,512,1,Hardware: Independent Flip,14335.4078,29.7909,29.5484,0.2425,31.7266,32.0165,32.0116,0.0049,63.7438,16.4339,-15.1398,14335.4078,0.0007,58.5626,NA
SandFall-Win64-Shipping.exe,27068,0x1FE3BB43140,DXGI,0,512,1,Hardware: Independent Flip,14365.1987,0.3203,0.1683,0.1520,33.9522,0.1567,0.1536,0.0031,50.3868,55.6856,13.3570,14365.1987,16.2779,NA,NA
SandFall-Win64-Shipping.exe,27068,0x1FE3BB43140,DXGI,0,512,1,Hardware: Independent Flip,14365.5190,33.3554,33.0361,0.3193,33.7886,71.9622,71.9547,0.0075,105.7521,16.2314,-55.3653,14365.5190,0.0013,99.6824,NA
SandFall-Win64-Shipping.exe,27068,0x1FE3BB43140,DXGI,0,512,1,Hardware: Independent Flip,14398.8744,0.6411,0.3135,0.3276,72.3954,0.1741,0.1719,0.0022,88.6281,21.1116,17.1240,14398.8744,16.0586,NA,NA
SandFall-Win64-Shipping.exe,27068,0x1FE3BB43140,DXGI,0,512,1,Hardware: Independent Flip,14399.5155,70.3788,69.9462,0.4326,71.9284,35.6693,35.6615,0.0078,109.0986,13.8694,-20.4705,14399.5155,1.5009,46.0203,NA
SandFall-Win64-Shipping.exe,27068,0x1FE3BB43140,DXGI,0,512,1,Hardware: Independent Flip,14469.8943,0.4600,0.2238,0.2362,37.2189,0.0947,0.0893,0.0054,52.5892,18.9283,56.5094,14469.8943,15.2756,NA,NA
SandFall-Win64-Shipping.exe,27068,0x1FE3BB43140,DXGI,0,512,1,Hardware: Independent Flip,14470.3543,35.3506,35.0871,0.2635,36.8536,34.2028,34.1950,0.0078,71.0575,17.1659,-18.4683,14470.3543,0.0011,43.8178,NA
SandFall-Win64-Shipping.exe,27068,0x1FE3BB43140,DXGI,0,512,1,Hardware: Independent Flip,14505.7049,0.3199,0.1664,0.1535,35.7058,0.1032,0.1012,0.0020,52.8728,17.1604,18.1847,14505.7049,17.0638,NA,NA
SandFall-Win64-Shipping.exe,27068,0x1FE3BB43140,DXGI,0,512,1,Hardware: Independent Flip,14506.0248,33.5913,33.3413,0.2500,35.4891,34.2234,34.2204,0.0030,69.7133,17.1908,-16.8405,14506.0248,0.0008,46.1442,NA
SandFall-Win64-Shipping.exe,27068,0x1FE3BB43140,DXGI,0,512,1,Hardware: Independent Flip,14539.6161,0.3120,0.1620,0.1500,36.1212,0.0959,0.0890,0.0069,53.3128,17.5234,16.4005,14539.6161,17.0957,NA,NA
SandFall-Win64-Shipping.exe,27068,0x1FE3BB43140,DXGI,0,512,1,Hardware: Independent Flip,14539.9281,34.0711,33.8266,0.2445,35.9051,34.6184,34.6099,0.0085,70.5242,17.2963,-17.2114,14539.9281,0.0007,NA,NA
SandFall-Win64-Shipping.exe,27068,0x1FE3BB43140,DXGI,0,512,1,Hardware: Independent Flip,14573.9992,0.3220,0.1673,0.1547,36.4524,0.1507,0.1478,0.0029,53.7494,18.5445,16.7748,14573.9992,17.1463,NA,NA
SandFall-Win64-Shipping.exe,27068,0x1FE3BB43140,DXGI,0,512,1,Hardware: Independent Flip,14574.3212,34.3857,34.1377,0.2480,36.2811,35.6901,35.6843,0.0058,71.9719,17.5745,-18.2225,14574.3212,0.0007,70.6970,NA
SandFall-Win64-Shipping.exe,27068,0x1FE3BB43140,DXGI,0,512,1,Hardware: Independent Flip,14608.7069,0.3151,0.1638,0.1513,37.5855,0.1235,0.1212,0.0023,55.1607,17.1917,16.8112,14608.7069,17.4517,NA,NA
SandFall-Win64-Shipping.exe,27068,0x1FE3BB43140,DXGI,0,512,1,Hardware: Independent Flip,14609.0220,35.3477,35.0669,0.2808,37.3939,34.6425,34.6394,0.0031,72.0373,22.8994,-16.8766,14609.0220,0.0009,62.4513,NA
SandFall-Win64-Shipping.exe,27068,0x1FE3BB43140,DXGI,0,512,1,Hardware: Independent Flip,14644.3697,0.3231,0.1645,0.1586,36.6887,0.1593,0.1573,0.0020,59.5890,12.3615,12.4483,14644.3697,22.7410,NA,NA
SandFall-Win64-Shipping.exe,27068,0x1FE3BB43140,DXGI,0,512,1,Hardware: Independent Flip,14644.6928,34.5294,34.2765,0.2529,36.5249,33.6014,33.5945,0.0069,71.6274,19.9182,-12.0384,14644.6928,1.5011,58.7136,NA
SandFall-Win64-Shipping.exe,27068,0x1FE3BB43140,DXGI,0,512,1,Hardware: Independent Flip,14679.2222,0.3129,0.1633,0.1496,35.5969,0.0771,0.0721,0.0050,57.0162,12.5064,14.6112,14679.2222,21.3422,NA,NA
SandFall-Win64-Shipping.exe,27068,0x1FE3BB43140,DXGI,0,512,1,Hardware: Independent Flip,14679.5351,33.5467,33.2961,0.2506,35.3611,33.8476,33.8311,0.0165,69.2097,21.6788,-12.1935,14679.5351,0.0010,53.1512,NA
SandFall-Win64-Shipping.exe,27068,0x1FE3BB43140,DXGI,0,512,1,Hardware: Independent Flip,14713.0818,0.3236,0.1659,0.1577,35.6620,0.1425,0.1402,0.0023,57.3418,14.3954,11.8679,14713.0818,21.5373,NA,NA
SandFall-Win64-Shipping.exe,27068,0x1FE3BB43140,DXGI,0,512,1,Hardware: Independent Flip,14713.4054,33.8659,33.6077,0.2582,35.4809,34.4318,34.4244,0.0074,71.4136,17.9136,-14.0718,14713.4054,1.5009,50.2257,NA
SandFall-Win64-Shipping.exe,27068,0x1FE3BB43140,DXGI,0,512,1,Hardware: Independent Flip,14747.2713,0.3174,0.1652,0.1522,36.0468,0.1120,0.1094,0.0026,55.4613,17.9915,15.9523,14747.2713,19.3025,NA,NA
SandFall-Win64-Shipping.exe,27068,0x1FE3BB43140,DXGI,0,512,1,Hardware: Independent Flip,14747.5887,34.3924,34.0136,0.3788,35.8414,35.7935,35.7745,0.0190,73.1354,17.4787,-17.6741,14747.5887,1.5005,48.1259,NA
SandFall-Win64-Shipping.exe,27068,0x1FE3BB43140,DXGI,0,512,1,Hardware: Independent Flip,14781.9811,0.5063,0.2455,0.2608,37.2425,0.1517,0.0949,0.0568,56.2217,17.7108,16.9137,14781.9811,18.8275,NA,NA
SandFall-Win64-Shipping.exe,27068,0x1FE3BB43140,DXGI,0,512,1,Hardware: Independent Flip,14782.4874,48.4858,48.1477,0.3381,36.8879,35.0374,35.0275,0.0099,73.4262,17.2534,-17.2045,14782.4874,1.5009,45.3129,NA
SandFall-Win64-Shipping.exe,27068,0x1FE3BB43140,DXGI,0,512,1,Hardware: Independent Flip,14830.9732,0.4191,0.1784,0.2407,23.4395,0.1234,0.1211,0.0023,42.1938,16.8830,31.2324,14830.9732,18.6309,NA,NA
SandFall-Win64-Shipping.exe,27068,0x1FE3BB43140,DXGI,0,512,1,Hardware: Independent Flip,14831.3923,21.7949,21.4745,0.3204,23.1438,34.0129,34.0012,0.0117,58.6577,17.0385,-16.4639,14831.3923,1.5010,45.4562,NA
SandFall-Win64-Shipping.exe,27068,0x1FE3BB43140,DXGI,0,512,1,Hardware: Independent Flip,14853.1872,0.4016,0.1946,0.2070,35.3618,0.1298,0.1276,0.0022,53.9013,18.0662,4.7564,14853.1872,18.4097,NA,NA
SandFall-Win64-Shipping.exe,27068,0x1FE3BB43140,DXGI,0,512,1,Hardware: Independent Flip,14853.5888,33.3461,33.0039,0.3422,35.0900,34.9747,34.9714,0.0033,71.5659,16.7380,-17.6646,14853.5888,1.5012,54.5645,NA
SandFall-Win64-Shipping.exe,27068,0x1FE3BB43140,DXGI,0,512,1,Hardware: Independent Flip,14886.9349,0.5908,0.2780,0.3128,36.7186,0.1691,0.1657,0.0034,54.9578,17.7496,16.6081,14886.9349,18.0701,NA,NA
SandFall-Win64-Shipping.exe,27068,0x1FE3BB43140,DXGI,0,512,1,Hardware: Independent Flip,14887.5257,34.4542,34.1328,0.3214,36.2969,34.3186,34.3080,0.0106,72.1166,16.5627,-17.1588,14887.5257,1.5011,NA,NA
SandFall-Win64-Shipping.exe,27068,0x1FE3BB43140,DXGI,0,512,1,Hardware: Independent Flip,14921.9799,0.4002,0.1866,0.2136,36.1613,0.0946,0.0887,0.0059,54.2251,18.6254,17.8915,14921.9799,17.9692,NA,NA
SandFall-Win64-Shipping.exe,27068,0x1FE3BB43140,DXGI,0,512,1,Hardware: Independent Flip,14922.3801,34.0271,33.7741,0.2530,35.8557,35.0937,35.0822,0.0115,72.4503,16.6776,-18.2252,14922.3801,1.5009,40.1653,NA
SandFall-Win64-Shipping.exe,27068,0x1FE3BB43140,DXGI,0,512,1,Hardware: Independent Flip,14956.4072,0.3215,0.1672,0.1543,36.9223,0.1756,0.1717,0.0039,55.1008,18.5592,17.3495,14956.4072,18.0029,NA,NA
SandFall-Win64-Shipping.exe,27068,0x1FE3BB43140,DXGI,0,512,1,Hardware: Independent Flip,14956.7287,34.8416,34.5902,0.2514,36.7764,35.5759,35.5675,0.0084,73.3385,17.2357,-18.2377,14956.7287,0.9862,NA,NA
SandFall-Win64-Shipping.exe,27068,0x1FE3BB43140,DXGI,0,512,1,Hardware: Independent Flip,14991.5703,0.3567,0.1747,0.1820,37.5107,0.1400,0.1377,0.0023,55.7326,17.1543,17.6059,14991.5703,18.0819,NA,NA
SandFall-Win64-Shipping.exe,27068,0x1FE3BB43140,DXGI,0,512,1,Hardware: Independent Flip,14991.9270,35.4167,35.1565,0.2602,37.2940,34.8976,34.8877,0.0099,72.5302,17.6800,-16.7976,14991.9270,0.3386,74.1604,NA
SandFall-Win64-Shipping.exe,27068,0x1FE3BB43140,DXGI,0,512,1,Hardware: Independent Flip,15027.3437,0.3255,0.1663,0.1592,36.7749,0.0968,0.0914,0.0054,54.7935,18.8252,17.7367,15027.3437,17.9218,NA,NA
SandFall-Win64-Shipping.exe,27068,0x1FE3BB43140,DXGI,0,512,1,Hardware: Independent Flip,15027.6692,34.7313,34.4599,0.2714,36.5462,36.1383,36.1298,0.0085,73.2932,17.5231,-18.4997,15027.6692,0.6087,79.3419,NA
SandFall-Win64-Shipping.exe,27068,0x1FE3BB43140,DXGI,0,512,1,Hardware: Independent Flip,15062.4005,0.5506,0.1748,0.3758,37.9532,0.0955,0.0897,0.0058,56.0850,17.9981,17.2082,15062.4005,18.0363,NA,NA
SandFall-Win64-Shipping.exe,27068,0x1FE3BB43140,DXGI,0,512,1,Hardware: Independent Flip,15062.9511,35.8863,35.6354,0.2509,37.4981,36.0338,36.0272,0.0066,73.5325,18.0315,-17.4475,15062.9511,0.0006,72.8531,NA
SandFall-Win64-Shipping.exe,27068,0x1FE3BB43140,DXGI,0,512,1,Hardware: Independent Flip,15098.8374,0.3267,0.1708,0.1559,37.6456,0.1208,0.1183,0.0025,55.6777,19.3108,17.8548,15098.8374,17.9113,NA,NA
SandFall-Win64-Shipping.exe,27068,0x1FE3BB43140,DXGI,0,512,1,Hardware: Independent Flip,15099.1641,35.5212,35.2702,0.2510,37.4397,37.2210,37.2147,0.0063,74.6618,18.0888,-18.9841,15099.1641,0.0011,75.9130,NA
SandFall-Win64-Shipping.exe,27068,0x1FE3BB43140,DXGI,0,512,1,Hardware: Independent Flip,15134.6853,0.3112,0.1630,0.1482,39.1395,0.1527,0.1505,0.0022,57.2294,17.6873,17.4324,15134.6853,17.9372,NA,NA
SandFall-Win64-Shipping.exe,27068,0x1FE3BB43140,DXGI,0,512,1,Hardware: Independent Flip,15134.9965,37.1579,36.8618,0.2961,38.9810,35.6239,35.6185,0.0054,74.6055,18.9393,-17.3761,15134.9965,0.0006,80.9284,NA
SandFall-Win64-Shipping.exe,27068,0x1FE3BB43140,DXGI,0,512,1,Hardware: Independent Flip,15172.1544,0.3439,0.1778,0.1661,37.4470,0.1471,0.1448,0.0023,56.3869,16.9986,18.2186,15172.1544,18.7928,NA,NA
SandFall-Win64-Shipping.exe,27068,0x1FE3BB43140,DXGI,0,512,1,Hardware: Independent Flip,15172.4983,35.3362,35.0913,0.2449,37.2502,35.7909,35.7809,0.0100,73.0416,18.2722,-16.6547,15172.4983,0.0005,86.1075,NA
SandFall-Win64-Shipping.exe,27068,0x1FE3BB43140,DXGI,0,512,1,Hardware: Independent Flip,15207.8345,0.3153,0.1659,0.1494,37.7049,0.1463,0.1436,0.0027,55.9776,19.4878,17.0640,15207.8345,18.1264,NA,NA
SandFall-Win64-Shipping.exe,27068,0x1FE3BB43140,DXGI,0,512,1,Hardware: Independent Flip,15208.1498,35.7433,35.4763,0.2670,37.5359,37.0189,37.0117,0.0072,75.1501,17.8470,-19.1725,15208.1498,0.5953,93.1082,NA
SandFall-Win64-Shipping.exe,27068,0x1FE3BB43140,DXGI,0,512,1,Hardware: Independent Flip,15243.8931,0.3253,0.1694,0.1559,38.8115,0.1448,0.1419,0.0029,57.2538,17.3263,17.8963,15243.8931,18.2975,NA,NA
SandFall-Win64-Shipping.exe,27068,0x1FE3BB43140,DXGI,0,512,1,Hardware: Independent Flip,15244.2184,36.6677,36.4079,0.2598,38.6310,35.6233,35.6178,0.0055,74.2548,18.7723,-17.0010,15244.2184,0.0005,97.5267,NA
SandFall-Win64-Shipping.exe,27068,0x1FE3BB43140,DXGI,0,512,1,Hardware: Independent Flip,15280.8861,0.3186,0.1675,0.1511,37.5866,0.1153,0.1131,0.0022,56.3594,17.4682,17.8954,15280.8861,18.6575,NA,NA
SandFall-Win64-Shipping.exe,27068,0x1FE3BB43140,DXGI,0,512,1,Hardware: Independent Flip,15281.2047,35.3886,35.1438,0.2448,37.3833,35.5581,35.5550,0.0031,73.5090,18.2466,-17.1496,15281.2047,0.5676,102.9607,NA
SandFall-Win64-Shipping.exe,27068,0x1FE3BB43140,DXGI,0,512,1,Hardware: Independent Flip,15316.5933,0.3145,0.1654,0.1491,37.5528,0.1122,0.1094,0.0028,56.3670,17.6697,17.1420,15316.5933,18.7020,NA,NA
SandFall-Win64-Shipping.exe,27068,0x1FE3BB43140,DXGI,0,512,1,Hardware: Independent Flip,15316.9078,36.2166,35.9628,0.2538,37.3505,35.3941,35.3881,0.0060,73.7222,17.8452,-17.3552,15316.9078,0.9776,92.8245,NA
SandFall-Win64-Shipping.exe,27068,0x1FE3BB43140,DXGI,0,512,1,Hardware: Independent Flip,15353.1244,0.3162,0.1650,0.1512,36.5280,0.1053,0.1003,0.0050,55.3508,18.5002,18.3714,15353.1244,18.7175,NA,NA
SandFall-Win64-Shipping.exe,27068,0x1FE3BB43140,DXGI,0,512,1,Hardware: Independent Flip,15353.4406,34.3885,34.1437,0.2448,36.3171,36.1441,36.1361,0.0080,73.5348,17.7345,-18.1840,15353.4406,1.0736,67.6701,NA
SandFall-Win64-Shipping.exe,27068,0x1FE3BB43140,DXGI,0,512,1,Hardware: Independent Flip,15387.8291,0.3193,0.1638,0.1555,38.0727,0.1286,0.1263,0.0023,56.8808,17.3677,16.6540,15387.8291,18.6795,NA,NA
SandFall-Win64-Shipping.exe,27068,0x1FE3BB43140,DXGI,0,512,1,Hardware: Independent Flip,15388.1484,36.8918,36.6454,0.2464,37.8820,35.3205,35.3173,0.0032,73.9292,18.2059,-17.0484,15388.1484,0.7267,72.0178,NA
SandFall-Win64-Shipping.exe,27068,0x1FE3BB43140,DXGI,0,512,1,Hardware: Independent Flip,15425.0402,0.3144,0.1636,0.1508,36.3107,0.1515,0.1484,0.0031,55.2433,18.5897,18.6859,15425.0402,18.7811,NA,NA
SandFall-Win64-Shipping.exe,27068,0x1FE3BB43140,DXGI,0,512,1,Hardware: Independent Flip,15425.3546,38.0388,37.7881,0.2507,36.1478,36.1829,36.1758,0.0071,73.5186,17.6744,-18.2753,15425.3546,1.1879,78.0609,NA
SandFall-Win64-Shipping.exe,27068,0x1FE3BB43140,DXGI,0,512,1,Hardware: Independent Flip,15463.3934,0.3133,0.1669,0.1464,34.2919,0.1514,0.1489,0.0025,53.1542,17.4674,20.3644,15463.3934,18.7109,NA,NA
SandFall-Win64-Shipping.exe,27068,0x1FE3BB43140,DXGI,0,512,1,Hardware: Independent Flip,15463.7067,36.5693,36.3108,0.2585,34.1300,35.4060,35.3950,0.0110,70.3083,18.0890,-17.1541,15463.7067,0.7723,82.4302,NA
SandFall-Win64-Shipping.exe,27068,0x1FE3BB43140,DXGI,0,512,1,Hardware: Independent Flip,15500.2760,0.3221,0.1674,0.1547,32.9667,0.1245,0.1220,0.0025,51.8280,19.0847,18.4803,15500.2760,18.7368,NA,NA
SandFall-Win64-Shipping.exe,27068,0x1FE3BB43140,DXGI,0,512,1,Hardware: Independent Flip,15500.5981,37.7462,37.5003,0.2459,32.7691,36.7290,36.7212,0.0078,70.5906,17.7568,-18.7626,15500.5981,1.0925,88.8211,NA
SandFall-Win64-Shipping.exe,27068,0x1FE3BB43140,DXGI,0,512,1,Hardware: Independent Flip,15538.3443,0.3146,0.1623,0.1523,31.7519,0.1091,0.1066,0.0025,50.6012,19.2901,19.9894,15538.3443,18.7402,NA,NA
SandFall-Win64-Shipping.exe,27068,0x1FE3BB43140,DXGI,0,512,1,Hardware: Independent Flip,15538.6589,40.4495,40.1832,0.2663,31.5464,37.5800,37.5662,0.0138,69.5767,18.3301,-18.9755,15538.6589,0.4503,95.6002,NA
SandFall-Win64-Shipping.exe,27068,0x1FE3BB43140,DXGI,0,512,1,Hardware: Independent Flip,15579.1084,0.3320,0.1755,0.1565,28.6769,0.1017,0.0998,0.0019,47.4573,17.3470,22.1194,15579.1084,18.6787,NA,NA
SandFall-Win64-Shipping.exe,27068,0x1FE3BB43140,DXGI,0,512,1,Hardware: Independent Flip,15579.4404,30.0866,29.7814,0.3052,28.4466,36.0247,36.0190,0.0057,64.4723,18.8629,-17.0150,15579.4404,0.0010,NA,NA
SandFall-Win64-Shipping.exe,27068,0x1FE3BB43140,DXGI,0,512,1,Hardware: Independent Flip,15609.5270,0.3294,0.1662,0.1632,34.3847,0.1054,0.1037,0.0017,53.2486,20.9743,11.2237,15609.5270,18.7585,NA,NA
SandFall-Win64-Shipping.exe,27068,0x1FE3BB43140,DXGI,0,512,1,Hardware: Independent Flip,15609.8564,37.7873,37.5300,0.2573,34.1607,38.9629,38.9609,0.0020,73.8935,18.0410,-20.6449,15609.8564,0.7699,NA,NA
SandFall-Win64-Shipping.exe,27068,0x1FE3BB43140,DXGI,0,512,1,Hardware: Independent Flip,15647.6437,0.3234,0.1663,0.1571,35.3363,0.1225,0.1208,0.0017,54.1472,20.5337,19.7463,15647.6437,18.6884,NA,NA
SandFall-Win64-Shipping.exe,27068,0x1FE3BB43140,DXGI,0,512,1,Hardware: Independent Flip,15647.9671,42.2918,42.0426,0.2492,35.1354,39.2211,39.2123,0.0088,74.3575,19.5720,-20.2103,15647.9671,0.0010,NA,NA
SandFall-Win64-Shipping.exe,27068,0x1FE3BB43140,DXGI,0,512,1,Hardware: Independent Flip,15690.2589,0.3140,0.1612,0.1528,32.0647,0.1088,0.1064,0.0024,51.6377,18.5063,22.7198,15690.2589,19.4642,NA,NA
SandFall-Win64-Shipping.exe,27068,0x1FE3BB43140,DXGI,0,512,1,Hardware: Independent Flip,15690.5729,39.5090,39.2397,0.2693,31.8595,37.9695,37.9637,0.0058,69.8300,20.2718,-18.1923,15690.5729,0.0010,NA,NA
SandFall-Win64-Shipping.exe,27068,0x1FE3BB43140,DXGI,0,512,1,Hardware: Independent Flip,15730.0819,0.3337,0.1663,0.1674,30.3200,0.1345,0.1327,0.0018,50.5928,17.2413,19.2372,15730.0819,20.1383,NA,NA
SandFall-Win64-Shipping.exe,27068,0x1FE3BB43140,DXGI,0,512,1,Hardware: Independent Flip,15730.4156,35.7212,35.4757,0.2455,30.1208,37.3787,37.3692,0.0095,67.5004,19.3252,-16.9076,15730.4156,0.0009,NA,NA
SandFall-Win64-Shipping.exe,27068,0x1FE3BB43140,DXGI,0,512,1,Hardware: Independent Flip,15766.1368,0.3080,0.1525,0.1555,31.7783,0.1499,0.1481,0.0018,51.1044,17.3635,16.3960,15766.1368,19.1762,NA,NA
SandFall-Win64-Shipping.exe,27068,0x1FE3BB43140,DXGI,0,512,1,Hardware: Independent Flip,15766.4448,34.3415,34.0902,0.2513,31.6202,35.7942,35.7844,0.0098,68.1599,18.7193,-17.0555,15766.4448,0.7455,NA,NA
SandFall-Win64-Shipping.exe,27068,0x1FE3BB43140,DXGI,0,512,1,Hardware: Independent Flip,15800.7863,0.2993,0.1533,0.1460,33.0729,0.1733,0.1710,0.0023,52.5377,19.1231,15.6222,15800.7863,19.2915,NA,NA
SandFall-Win64-Shipping.exe,27068,0x1FE3BB43140,DXGI,0,512,1,Hardware: Independent Flip,15801.0856,38.3942,38.1479,0.2463,32.9469,36.9861,36.9774,0.0087,71.3615,18.3387,-18.8238,15801.0856,1.4285,NA,NA
SandFall-Win64-Shipping.exe,27068,0x1FE3BB43140,DXGI,0,512,1,Hardware: Independent Flip,15839.4798,0.3023,0.1545,0.1478,31.5388,0.1509,0.1492,0.0017,51.3060,17.5259,20.0555,15839.4798,19.6163,NA,NA
SandFall-Win64-Shipping.exe,27068,0x1FE3BB43140,DXGI,0,512,1,Hardware: Independent Flip,15839.7821,40.0005,39.7298,0.2707,31.3874,36.0988,36.0919,0.0069,68.5296,18.7815,-17.2236,15839.7821,1.0434,NA,NA
SandFall-Win64-Shipping.exe,27068,0x1FE3BB43140,DXGI,0,512,1,Hardware: Independent Flip,15879.7826,0.3151,0.1544,0.1607,27.4857,0.1039,0.1024,0.0015,47.3106,20.9799,21.2190,15879.7826,19.7210,NA,NA
SandFall-Win64-Shipping.exe,27068,0x1FE3BB43140,DXGI,0,512,1,Hardware: Independent Flip,15880.0977,39.4590,39.2090,0.2500,27.2745,39.1999,36.6634,2.5365,67.9754,18.2073,-20.6648,15880.0977,1.5010,NA,NA
SandFall-Win64-Shipping.exe,27068,0x1FE3BB43140,DXGI,0,512,1,Hardware: Independent Flip,15919.5567,0.3112,0.1580,0.1532,27.0154,0.1207,0.1146,0.0061,46.7237,18.3976,21.2517,15919.5567,19.5876,NA,NA
SandFall-Win64-Shipping.exe,27068,0x1FE3BB43140,DXGI,0,512,1,Hardware: Independent Flip,15919.8679,37.1755,36.9108,0.2647,26.8249,37.6769,36.6303,1.0466,64.8101,19.1198,-18.0864,15919.8679,0.3083,NA,NA
SandFall-Win64-Shipping.exe,27068,0x1FE3BB43140,DXGI,0,512,1,Hardware: Independent Flip,15957.0434,0.3033,0.1511,0.1522,27.3263,0.0769,0.0722,0.0047,46.7544,23.9189,18.0557,15957.0434,19.3512,NA,NA
SandFall-Win64-Shipping.exe,27068,0x1FE3BB43140,DXGI,0,512,1,Hardware: Independent Flip,15957.3467,39.8830,39.6250,0.2580,27.0999,42.5790,39.6296,2.9494,70.3700,18.7728,-23.6156,15957.3467,0.6911,NA,NA
SandFall-Win64-Shipping.exe,27068,0x1FE3BB43140,DXGI,0,512,1,Hardware: Independent Flip,15997.2297,0.3112,0.1558,0.1554,29.7959,0.1262,0.1246,0.0016,49.2598,20.8521,21.1102,15997.2297,19.3377,NA,NA
SandFall-Win64-Shipping.exe,27068,0x1FE3BB43140,DXGI,0,512,1,Hardware: Independent Flip,15997.5409,38.2463,37.9678,0.2785,29.6109,40.1887,40.0999,0.0888,69.8007,20.7671,-20.5409,15997.5409,0.0011,NA,NA
SandFall-Win64-Shipping.exe,27068,0x1FE3BB43140,DXGI,0,512,1,Hardware: Independent Flip,16035.7872,0.4781,0.2043,0.2738,31.5533,0.1231,0.1212,0.0019,52.3215,15.7644,17.4792,16035.7872,20.6451,NA,NA
SandFall-Win64-Shipping.exe,27068,0x1FE3BB43140,DXGI,0,512,1,Hardware: Independent Flip,16036.2653,38.0032,37.7467,0.2565,31.1983,36.4086,36.4020,0.0066,67.6078,20.6134,-15.2863,16036.2653,0.0009,52.6339,NA
SandFall-Win64-Shipping.exe,27068,0x1FE3BB43140,DXGI,0,512,1,Hardware: Independent Flip,16074.2685,0.3100,0.1491,0.1609,29.6037,0.1303,0.1287,0.0016,50.2180,16.5497,17.3898,16074.2685,20.4840,NA,NA
SandFall-Win64-Shipping.exe,27068,0x1FE3BB43140,DXGI,0,512,1,Hardware: Independent Flip,16074.5785,37.3949,37.1014,0.2935,29.4240,36.5532,36.5434,0.0098,66.4577,18.3920,-16.2397,16074.5785,0.4805,58.9426,NA
SandFall-Win64-Shipping.exe,27068,0x1FE3BB43140,DXGI,0,512,1,Hardware: Independent Flip,16111.9734,0.3435,0.1746,0.1689,28.5823,0.1356,0.1333,0.0023,47.4548,22.5535,19.0029,16111.9734,18.7369,NA,NA
SandFall-Win64-Shipping.exe,27068,0x1FE3BB43140,DXGI,0,512,1,Hardware: Independent Flip,16112.3169,37.3733,37.1236,0.2497,28.3744,39.8810,39.8713,0.0097,69.6648,17.8921,-22.2100,16112.3169,1.4094,69.2213,NA
SandFall-Win64-Shipping.exe,27068,0x1FE3BB43140,DXGI,0,512,1,Hardware: Independent Flip,16149.6902,0.3058,0.1533,0.1525,30.8821,0.1080,0.1062,0.0018,50.1836,17.7747,19.4812,16149.6902,19.1935,NA,NA
SandFall-Win64-Shipping.exe,27068,0x1FE3BB43140,DXGI,0,512,1,Hardware: Independent Flip,16149.9960,39.4843,39.2201,0.2642,30.6843,36.9670,36.9524,0.0146,67.6525,20.5193,-17.4689,16149.9960,0.0012,58.7900,NA
SandFall-Win64-Shipping.exe,27068,0x1FE3BB43140,DXGI,0,512,1,Hardware: Independent Flip,16189.4803,0.8697,0.1672,0.7025,28.1670,0.1469,0.1413,0.0056,48.6875,16.5472,18.9650,16189.4803,20.3736,NA,NA
SandFall-Win64-Shipping.exe,27068,0x1FE3BB43140,DXGI,0,512,1,Hardware: Independent Flip,16190.3500,37.7400,37.4900,0.2500,27.4442,36.4791,35.3755,1.1036,64.3650,18.8618,-15.6775,16190.3500,0.4417,65.1085,NA
SandFall-Win64-Shipping.exe,27068,0x1FE3BB43140,DXGI,0,512,1,Hardware: Independent Flip,16228.0900,0.3083,0.1561,0.1522,26.1833,0.1047,0.0988,0.0059,45.4868,20.7851,18.8782,16228.0900,19.1988,NA,NA
SandFall-Win64-Shipping.exe,27068,0x1FE3BB43140,DXGI,0,512,1,Hardware: Independent Flip,16228.3983,37.8884,37.6220,0.2664,25.9797,38.4832,35.9398,2.5434,65.9636,17.5963,-20.4768,16228.3983,1.5007,73.9976,NA
SandFall-Win64-Shipping.exe,27068,0x1FE3BB43140,DXGI,0,512,1,Hardware: Independent Flip,16266.2867,0.6234,0.1568,0.4666,26.5745,0.0789,0.0722,0.0067,45.6715,18.3304,20.2921,16266.2867,19.0181,NA,NA
SandFall-Win64-Shipping.exe,27068,0x1FE3BB43140,DXGI,0,512,1,Hardware: Independent Flip,16266.9101,38.5211,38.2595,0.2616,26.0300,37.2942,35.2503,2.0439,63.3785,19.4113,-17.7070,16266.9101,0.0543,48.3942,NA
SandFall-Win64-Shipping.exe,27068,0x1FE3BB43140,DXGI,0,512,1,Hardware: Independent Flip,16305.4312,0.3198,0.1570,0.1628,24.8031,0.0938,0.0879,0.0059,44.2687,21.4480,19.1098,16305.4312,19.3718,NA,NA
SandFall-Win64-Shipping.exe,27068,0x1FE3BB43140,DXGI,0,512,1,Hardware: Independent Flip,16305.7510,39.7485,39.3657,0.3828,24.5771,40.2030,34.9554,5.2476,65.3969,18.6785,-21.1282,16305.7510,0.6168,58.5132,NA
SandFall-Win64-Shipping.exe,27068,0x1FE3BB43140,DXGI,0,512,1,Hardware: Independent Flip,16345.4995,0.3743,0.1866,0.1877,25.0316,0.0883,0.0819,0.0064,44.3269,21.9659,21.0700,16345.4995,19.2070,NA,NA
SandFall-Win64-Shipping.exe,27068,0x1FE3BB43140,DXGI,0,512,1,Hardware: Independent Flip,16345.8738,41.5303,41.2581,0.2722,24.7456,41.1720,37.5658,3.6062,65.9185,19.6048,-21.5916,16345.8738,0.0009,68.3856,NA
SandFall-Win64-Shipping.exe,27068,0x1FE3BB43140,DXGI,0,512,1,Hardware: Independent Flip,16387.4041,0.3345,0.1686,0.1659,24.3873,0.1332,0.1309,0.0023,43.9930,15.4492,21.9255,16387.4041,19.4725,NA,NA
SandFall-Win64-Shipping.exe,27068,0x1FE3BB43140,DXGI,0,512,1,Hardware: Independent Flip,16387.7386,32.3856,32.1321,0.2535,24.1860,34.9203,34.8628,0.0575,59.1077,20.0750,-15.1147,16387.7386,0.0014,57.3573,NA
SandFall-Win64-Shipping.exe,27068,0x1FE3BB43140,DXGI,0,512,1,Hardware: Independent Flip,16420.1242,0.4678,0.2129,0.2549,26.7207,0.0816,0.0801,0.0015,46.7971,16.3892,12.3106,16420.1242,19.9948,NA,NA
SandFall-Win64-Shipping.exe,27068,0x1FE3BB43140,DXGI,0,512,1,Hardware: Independent Flip,16420.5920,36.2353,35.9665,0.2688,26.3345,35.9712,35.5957,0.3755,62.7185,17.9018,-15.9214,16420.5920,0.4128,84.7011,NA
SandFall-Win64-Shipping.exe,27068,0x1FE3BB43140,DXGI,0,512,1,Hardware: Independent Flip,16456.8273,0.3069,0.1555,0.1514,26.0704,0.0878,0.0808,0.0070,44.3850,19.3032,18.3335,16456.8273,18.2268,NA,NA
SandFall-Win64-Shipping.exe,27068,0x1FE3BB43140,DXGI,0,512,1,Hardware: Independent Flip,16457.1342,36.0118,35.7419,0.2699,25.8513,36.3261,35.3996,0.9265,63.3813,16.8836,-18.9963,16457.1342,1.2039,NA,NA
SandFall-Win64-Shipping.exe,27068,0x1FE3BB43140,DXGI,0,512,1,Hardware: Independent Flip,16493.1460,0.3057,0.1502,0.1555,26.1656,0.1638,0.1605,0.0033,44.2531,17.9504,19.1282,16493.1460,17.9237,NA,NA
SandFall-Win64-Shipping.exe,27068,0x1FE3BB43140,DXGI,0,512,1,Hardware: Independent Flip,16493.4517,36.2021,35.9581,0.2440,26.0237,35.8445,34.9954,0.8491,61.8978,18.2983,-17.6447,16493.4517,0.0296,NA,NA
SandFall-Win64-Shipping.exe,27068,0x1FE3BB43140,DXGI,0,512,1,Hardware: Independent Flip,16529.6538,0.3276,0.1553,0.1723,25.6661,0.1043,0.0634,0.0409,43.9940,19.3054,17.9038,16529.6538,18.2236,NA,NA
SandFall-Win64-Shipping.exe,27068,0x1FE3BB43140,DXGI,0,512,1,Hardware: Independent Flip,16529.9814,36.2892,36.0296,0.2596,25.4428,37.2752,36.1107,1.1645,62.9718,17.7908,-18.9778,16529.9814,0.2538,NA,NA
SandFall-Win64-Shipping.exe,27068,0x1FE3BB43140,DXGI,0,512,1,Hardware: Independent Flip,16566.2706,0.3068,0.1527,0.1541,26.4288,0.1248,0.1232,0.0016,44.4734,16.6118,18.4984,16566.2706,17.9198,NA,NA
SandFall-Win64-Shipping.exe,27068,0x1FE3BB43140,DXGI,0,512,1,Hardware: Independent Flip,16566.5774,35.1172,34.8623,0.2549,26.2468,34.5307,34.5238,0.0069,60.7784,18.4833,-16.3050,16566.5774,0.0009,NA,NA
SandFall-Win64-Shipping.exe,27068,0x1FE3BB43140,DXGI,0,512,1,Hardware: Independent Flip,16601.6946,0.3326,0.1658,0.1668,25.6603,0.1479,0.1400,0.0079,44.1445,19.2330,16.6339,16601.6946,18.3363,NA,NA
SandFall-Win64-Shipping.exe,27068,0x1FE3BB43140,DXGI,0,512,1,Hardware: Independent Flip,16602.0272,36.7569,36.4931,0.2638,25.4756,37.0804,35.3751,1.7053,63.0449,17.4684,-18.9004,16602.0272,0.4889,NA,NA
SandFall-Win64-Shipping.exe,27068,0x1FE3BB43140,DXGI,0,512,1,Hardware: Independent Flip,16638.7841,0.3067,0.1559,0.1508,25.7991,0.0827,0.0784,0.0043,43.7564,19.2146,19.2885,16638.7841,17.8746,NA,NA
SandFall-Win64-Shipping.exe,27068,0x1FE3BB43140,DXGI,0,512,1,Hardware: Independent Flip,16639.0908,36.3893,36.1601,0.2292,25.5751,37.0886,36.6169,0.4717,62.6643,18.2050,-18.9079,16639.0908,0.0006,NA,NA
SandFall-Win64-Shipping.exe,27068,0x1FE3BB43140,DXGI,0,512,1,Hardware: Independent Flip,16675.4801,0.3060,0.1557,0.1503,26.2744,0.1138,0.1121,0.0017,44.4800,16.9213,18.1843,16675.4801,18.0918,NA,NA
SandFall-Win64-Shipping.exe,27068,0x1FE3BB43140,DXGI,0,512,1,Hardware: Independent Flip,16675.7861,32.4380,32.1849,0.2531,26.0822,35.0125,35.0021,0.0104,61.0953,18.7695,-16.6153,16675.7861,0.0006,NA,NA
SandFall-Win64-Shipping.exe,27068,0x1FE3BB43140,DXGI,0,512,1,Hardware: Independent Flip,16708.2241,0.3352,0.1830,0.1522,28.6567,0.1081,0.1066,0.0015,47.4268,16.2278,13.6685,16708.2241,18.6620,NA,NA
SandFall-Win64-Shipping.exe,27068,0x1FE3BB43140,DXGI,0,512,1,Hardware: Independent Flip,16708.5593,35.6689,35.3679,0.3010,28.4296,34.8354,34.8271,0.0083,63.3194,17.6913,-15.8926,16708.5593,0.0544,NA,NA
SandFall-Win64-Shipping.exe,27068,0x1FE3BB43140,DXGI,0,512,1,Hardware: Independent Flip,16744.2282,0.3637,0.1866,0.1771,27.5961,0.1511,0.1494,0.0017,45.3418,22.7895,17.9776,16744.2282,17.5946,NA,NA
SandFall-Win64-Shipping.exe,27068,0x1FE3BB43140,DXGI,0,512,1,Hardware: Independent Flip,16744.5919,35.9412,35.6797,0.2615,27.3835,39.5868,39.5821,0.0047,67.7676,16.9297,-22.4258,16744.5919,0.7973,NA,NA
SandFall-Win64-Shipping.exe,27068,0x1FE3BB43140,DXGI,0,512,1,Hardware: Independent Flip,16780.5331,0.3066,0.1543,0.1523,31.0291,0.1364,0.1337,0.0027,48.7561,16.1865,19.0115,16780.5331,17.5906,NA,NA
SandFall-Win64-Shipping.exe,27068,0x1FE3BB43140,DXGI,0,512,1,Hardware: Independent Flip,16780.8397,33.0395,32.7956,0.2439,30.8589,33.7761,33.7692,0.0069,64.6360,19.3035,-15.8799,16780.8397,0.0010,NA,NA
SandFall-Win64-Shipping.exe,27068,0x1FE3BB43140,DXGI,0,512,1,Hardware: Independent Flip,16813.8792,0.3048,0.1536,0.1512,31.5955,0.1052,0.1034,0.0018,50.9000,15.2809,13.7360,16813.8792,19.1993,NA,NA
SandFall-Win64-Shipping.exe,27068,0x1FE3BB43140,DXGI,0,512,1,Hardware: Independent Flip,16814.1840,35.6464,35.3902,0.2562,31.3959,34.4796,34.4716,0.0080,65.8761,18.2429,-14.9761,16814.1840,0.0006,NA,NA
SandFall-Win64-Shipping.exe,27068,0x1FE3BB43140,DXGI,0,512,1,Hardware: Independent Flip,16849.8304,0.3195,0.1678,0.1517,30.2291,0.0933,0.0914,0.0019,48.4726,18.3286,17.4035,16849.8304,18.1502,NA,NA
SandFall-Win64-Shipping.exe,27068,0x1FE3BB43140,DXGI,0,512,1,Hardware: Independent Flip,16850.1499,44.3338,44.0839,0.2499,30.0029,35.5092,35.5010,0.0082,66.4817,16.7365,-18.0091,16850.1499,0.9696,NA,NA
SandFall-Win64-Shipping.exe,27068,0x1FE3BB43140,DXGI,0,512,1,Hardware: Independent Flip,16894.4837,0.3037,0.1539,0.1498,21.1783,0.1022,0.1006,0.0016,38.8844,17.2162,27.5973,16894.4837,17.6039,NA,NA
SandFall-Win64-Shipping.exe,27068,0x1FE3BB43140,DXGI,0,512,1,Hardware: Independent Flip,16894.7874,28.0286,27.7032,0.3254,20.9768,34.6239,34.6039,0.0200,55.7969,18.3110,-16.9125,16894.7874,0.1962,NA,NA
SandFall-Win64-Shipping.exe,27068,0x1FE3BB43140,DXGI,0,512,1,Hardware: Independent Flip,16922.8160,0.3391,0.1831,0.1560,27.5721,0.1532,0.1480,0.0052,46.0793,27.4691,9.7176,16922.8160,18.3540,NA,NA
SandFall-Win64-Shipping.exe,27068,0x1FE3BB43140,DXGI,0,512,1,Hardware: Independent Flip,16923.1551,49.0338,48.7682,0.2656,27.3862,45.8227,34.0808,11.7419,73.2093,18.8134,-27.1300,16923.1551,0.0004,NA,NA
SandFall-Win64-Shipping.exe,27068,0x1FE3BB43140,DXGI,0,512,1,Hardware: Independent Flip,16972.1889,0.3440,0.1823,0.1617,24.1751,0.1426,0.1426,0.0000,42.9889,16.9720,30.2204,16972.1889,18.6712,NA,NA
SandFall-Win64-Shipping.exe,27068,0x1FE3BB43140,DXGI,0,512,1,Hardware: Independent Flip,16972.5329,28.5022,28.2518,0.2504,23.9737,34.1421,34.1379,0.0042,59.6169,16.4506,-16.6280,16972.5329,1.5011,NA,NA
SandFall-Win64-Shipping.exe,27068,0x1FE3BB43140,DXGI,0,512,1,Hardware: Independent Flip,17001.0351,0.3032,0.1525,0.1507,29.6136,0.1255,0.1235,0.0020,47.5653,16.9980,12.0516,17001.0351,17.8262,NA,NA
SandFall-Win64-Shipping.exe,27068,0x1FE3BB43140,DXGI,0,512,1,Hardware: Independent Flip,17001.3383,31.7861,31.5374,0.2487,29.4359,33.3236,33.3173,0.0063,64.2601,16.5354,-16.6948,17001.3383,1.5006,NA,NA
SandFall-Win64-Shipping.exe,27068,0x1FE3BB43140,DXGI,0,512,1,Hardware: Independent Flip,17033.1244,0.3009,0.1510,0.1499,30.9734,0.1212,0.1186,0.0026,49.0094,16.9846,15.2507,17033.1244,17.9148,NA,NA
SandFall-Win64-Shipping.exe,27068,0x1FE3BB43140,DXGI,0,512,1,Hardware: Independent Flip,17033.4253,37.0834,36.8219,0.2615,30.7937,33.3984,33.3853,0.0131,65.6931,16.3522,-16.6837,17033.4253,1.5010,69.4976,NA
SandFall-Win64-Shipping.exe,27068,0x1FE3BB43140,DXGI,0,512,1,Hardware: Independent Flip,17070.5087,0.3185,0.1557,0.1628,27.1087,0.1134,0.1117,0.0017,44.9619,16.8198,20.7312,17070.5087,17.7398,NA,NA
SandFall-Win64-Shipping.exe,27068,0x1FE3BB43140,DXGI,0,512,1,Hardware: Independent Flip,17070.8272,37.5276,37.2496,0.2780,26.9036,33.0586,33.0484,0.0102,61.4632,16.1565,-16.5013,17070.8272,1.5010,NA,NA
SandFall-Win64-Shipping.exe,27068,0x1FE3BB43140,DXGI,0,512,1,Hardware: Independent Flip,17108.3548,0.3069,0.1550,0.1519,22.4346,0.1056,0.1039,0.0017,40.0921,16.4044,21.3711,17108.3548,17.5519,NA,NA
SandFall-Win64-Shipping.exe,27068,0x1FE3BB43140,DXGI,0,512,1,Hardware: Independent Flip,17108.6617,28.1800,27.9325,0.2475,22.2333,32.4555,32.4462,0.0093,56.1896,15.9652,-16.0975,17108.6617,1.5008,NA,NA
SandFall-Win64-Shipping.exe,27068,0x1FE3BB43140,DXGI,0,512,1,Hardware: Independent Flip,17136.8417,0.3212,0.1600,0.1612,26.5088,0.1082,0.1065,0.0017,43.9748,18.9052,12.2148,17136.8417,17.3578,NA,NA
SandFall-Win64-Shipping.exe,27068,0x1FE3BB43140,DXGI,0,512,1,Hardware: Independent Flip,17137.1629,35.5887,35.3057,0.2830,26.2958,34.7619,34.7515,0.0104,62.5588,15.8992,-18.5840,17137.1629,1.5011,NA,NA
SandFall-Win64-Shipping.exe,27068,0x1FE3BB43140,DXGI,0,512,1,Hardware: Independent Flip,17172.7516,0.3133,0.1596,0.1537,25.4690,0.1087,0.1070,0.0017,42.8693,16.9670,19.6895,17172.7516,17.2916,NA,NA
SandFall-Win64-Shipping.exe,27068,0x1FE3BB43140,DXGI,0,512,1,Hardware: Independent Flip,17173.0649,36.1652,35.9108,0.2544,25.2644,32.7578,32.1911,0.5667,59.5230,15.8268,-16.6537,17173.0649,1.5008,NA,NA
SandFall-Win64-Shipping.exe,27068,0x1FE3BB43140,DXGI,0,512,1,Hardware: Independent Flip,17209.2301,0.3010,0.1514,0.1496,21.8570,0.0917,0.0858,0.0059,39.1846,19.2673,20.3384,17209.2301,17.2359,NA,NA
SandFall-Win64-Shipping.exe,27068,0x1FE3BB43140,DXGI,0,512,1,Hardware: Independent Flip,17209.5311,33.3590,33.1012,0.2578,21.6477,35.0026,32.8041,2.1985,58.1509,15.7152,-18.9663,17209.5311,1.5006,NA,NA
SandFall-Win64-Shipping.exe,27068,0x1FE3BB43140,DXGI,0,512,1,Hardware: Independent Flip,17242.8901,0.3106,0.1582,0.1524,23.2913,0.1074,0.1044,0.0030,40.5071,17.5231,17.6438,17242.8901,17.1084,NA,NA
SandFall-Win64-Shipping.exe,27068,0x1FE3BB43140,DXGI,0,512,1,Hardware: Independent Flip,17243.2007,33.2777,33.0235,0.2542,23.0881,33.5131,32.7178,0.7953,57.7196,15.8583,-17.2125,17243.2007,1.1184,NA,NA
SandFall-Win64-Shipping.exe,27068,0x1FE3BB43140,DXGI,0,512,1,Hardware: Independent Flip,17276.4784,0.3061,0.1521,0.1540,23.3235,0.0936,0.0861,0.0075,40.3002,17.9416,17.4194,17276.4784,16.8831,NA,NA
SandFall-Win64-Shipping.exe,27068,0x1FE3BB43140,DXGI,0,512,1,Hardware: Independent Flip,17276.7845,34.0613,33.8115,0.2498,23.1110,34.5768,33.4700,1.1068,57.9357,16.9330,-17.6355,17276.7845,0.2479,NA,NA
SandFall-Win64-Shipping.exe,27068,0x1FE3BB43140,DXGI,0,512,1,Hardware: Independent Flip,17310.8458,0.3078,0.1549,0.1529,23.6265,0.0967,0.0951,0.0016,40.8074,17.9585,17.1283,17310.8458,17.0842,NA,NA
SandFall-Win64-Shipping.exe,27068,0x1FE3BB43140,DXGI,0,512,1,Hardware: Independent Flip,17311.1536,34.8949,34.6300,0.2649,23.4154,35.0418,33.7383,1.3035,58.4581,17.6498,-17.6507,17311.1536,0.0009,NA,NA
SandFall-Win64-Shipping.exe,27068,0x1FE3BB43140,DXGI,0,512,1,Hardware: Independent Flip,17346.0485,0.3107,0.1572,0.1535,23.5623,0.1347,0.1328,0.0019,41.2130,15.1521,17.2451,17346.0485,17.5160,NA,NA
SandFall-Win64-Shipping.exe,27068,0x1FE3BB43140,DXGI,0,512,1,Hardware: Independent Flip,17346.3592,31.6258,31.3763,0.2495,23.3863,32.6673,32.6604,0.0069,56.0544,17.9774,-14.8414,17346.3592,0.0008,NA,NA
SandFall-Win64-Shipping.exe,27068,0x1FE3BB43140,DXGI,0,512,1,Hardware: Independent Flip,17377.9850,0.3121,0.1576,0.1545,24.4278,0.1008,0.0991,0.0017,42.4060,16.4946,13.6484,17377.9850,17.8774,NA,NA
SandFall-Win64-Shipping.exe,27068,0x1FE3BB43140,DXGI,0,512,1,Hardware: Independent Flip,17378.2971,31.7537,31.4715,0.2822,24.2165,34.3712,34.3587,0.0125,58.5885,16.5715,-16.1825,17378.2971,0.0008,NA,NA
SandFall-Win64-Shipping.exe,27068,0x1FE3BB43140,DXGI,0,512,1,Hardware: Independent Flip,17410.0508,0.3115,0.1558,0.1557,26.8340,0.0969,0.0951,0.0018,43.4063,17.7339,15.1822,17410.0508,16.4754,NA,NA
SandFall-Win64-Shipping.exe,27068,0x1FE3BB43140,DXGI,0,512,1,Hardware: Independent Flip,17410.3623,33.3904,33.1322,0.2582,26.6194,33.4826,33.4695,0.0131,60.8287,15.8487,-17.4224,17410.3623,0.7267,NA,NA
SandFall-Win64-Shipping.exe,27068,0x1FE3BB43140,DXGI,0,512,1,Hardware: Independent Flip,17443.7527,0.3385,0.1833,0.1552,26.7116,0.0992,0.0974,0.0018,43.2870,17.2405,17.5417,17443.7527,16.4762,NA,NA
SandFall-Win64-Shipping.exe,27068,0x1FE3BB43140,DXGI,0,512,1,Hardware: Independent Flip,17444.0912,35.3729,35.1156,0.2573,26.4723,33.5453,33.5362,0.0091,60.1890,16.5025,-16.9020,17444.0912,0.1714,NA,NA
SandFall-Win64-Shipping.exe,27068,0x1FE3BB43140,DXGI,0,512,1,Hardware: Independent Flip,17479.4641,0.3089,0.1559,0.1530,24.6447,0.1475,0.1458,0.0017,41.3186,17.5578,18.8704,17479.4641,16.5264,NA,NA
SandFall-Win64-Shipping.exe,27068,0x1FE3BB43140,DXGI,0,512,1,Hardware: Independent Flip,17479.7730,29.6679,29.4161,0.2518,24.4833,34.0836,34.0754,0.0082,58.5675,17.0509,-17.2489,17479.7730,0.0006,NA,NA
SandFall-Win64-Shipping.exe,27068,0x1FE3BB43140,DXGI,0,512,1,Hardware: Independent Flip,17509.4409,0.3230,0.1573,0.1657,28.8990,0.1403,0.1386,0.0017,45.9505,17.1269,12.6170,17509.4409,16.9112,NA,NA
SandFall-Win64-Shipping.exe,27068,0x1FE3BB43140,DXGI,0,512,1,Hardware: Independent Flip,17509.7639,35.4896,35.2141,0.2755,28.7163,34.0372,34.0331,0.0041,62.7544,17.7784,-16.8039,17509.7639,0.0009,NA,NA
SandFall-Win64-Shipping.exe,27068,0x1FE3BB43140,DXGI,0,512,1,Hardware: Independent Flip,17545.2535,0.3579,0.1598,0.1981,27.2639,0.1086,0.1062,0.0024,45.0432,30.1751,17.7112,17545.2535,17.6707,NA,NA
SandFall-Win64-Shipping.exe,27068,0x1FE3BB43140,DXGI,0,512,1,Hardware: Independent Flip,17545.6114,33.9896,33.6737,0.3159,27.0146,47.8453,47.8386,0.0067,74.8604,16.7734,-29.8172,17545.6114,0.0005,77.7542,NA
SandFall-Win64-Shipping.exe,27068,0x1FE3BB43140,DXGI,0,512,1,Hardware: Independent Flip,17579.6010,0.3264,0.1679,0.1585,40.8703,0.1221,0.1191,0.0030,57.6442,20.2820,17.2162,17579.6010,16.6518,NA,NA
SandFall-Win64-Shipping.exe,27068,0x1FE3BB43140,DXGI,0,512,1,Hardware: Independent Flip,17579.9274,38.6888,38.4392,0.2496,40.6660,35.4332,35.4283,0.0049,77.5998,15.3424,-19.9556,17579.9274,1.5006,84.0333,NA
SandFall-Win64-Shipping.exe,27068,0x1FE3BB43140,DXGI,0,512,1,Hardware: Independent Flip,17618.6162,0.3603,0.1740,0.1863,37.4104,0.1289,0.1289,0.0000,54.2534,22.3435,23.3464,17618.6162,16.7141,NA,NA
SandFall-Win64-Shipping.exe,27068,0x1FE3BB43140,DXGI,0,512,1,Hardware: Independent Flip,17618.9765,35.3269,35.0741,0.2528,37.1790,37.5565,37.5528,0.0037,76.2366,15.4626,-21.9832,17618.9765,1.5011,90.9970,NA
SandFall-Win64-Shipping.exe,27068,0x1FE3BB43140,DXGI,0,512,1,Hardware: Independent Flip,17654.3034,0.3216,0.1650,0.1566,39.4086,0.1235,0.1235,0.0000,56.3723,21.3875,19.8643,17654.3034,16.8402,NA,NA
SandFall-Win64-Shipping.exe,27068,0x1FE3BB43140,DXGI,0,512,1,Hardware: Independent Flip,17654.6250,37.4932,37.1381,0.3551,39.2105,36.7904,36.7878,0.0026,77.4382,15.5953,-21.0659,17654.6250,1.4373,66.2842,NA
SandFall-Win64-Shipping.exe,27068,0x1FE3BB43140,DXGI,0,512,1,Hardware: Independent Flip,17692.1182,0.4862,0.2487,0.2375,38.5077,0.1148,0.1096,0.0052,55.5403,18.6057,21.8979,17692.1182,16.9178,NA,NA
SandFall-Win64-Shipping.exe,27068,0x1FE3BB43140,DXGI,0,512,1,Hardware: Independent Flip,17692.6044,34.4829,34.2260,0.2569,38.1363,35.5229,35.5158,0.0071,73.6598,18.5863,-18.1195,17692.6044,0.0006,NA,NA
SandFall-Win64-Shipping.exe,27068,0x1FE3BB43140,DXGI,0,512,1,Hardware: Independent Flip,17727.0873,0.4510,0.1833,0.2677,39.1763,0.2199,0.2199,0.0000,57.7632,17.1463,15.8966,17727.0873,18.3670,NA,NA
SandFall-Win64-Shipping.exe,27068,0x1FE3BB43140,DXGI,0,512,1,Hardware: Independent Flip,17727.5383,37.0583,36.8018,0.2565,38.9452,35.5125,35.5085,0.0040,74.4585,20.9663,-16.6953,17727.5383,0.0008,105.4984,NA
SandFall-Win64-Shipping.exe,27068,0x1FE3BB43140,DXGI,0,512,1,Hardware: Independent Flip,17764.5966,0.3139,0.1639,0.1500,37.3994,0.2127,0.2127,0.0000,58.3665,17.6774,16.0920,17764.5966,20.7544,NA,NA
SandFall-Win64-Shipping.exe,27068,0x1FE3BB43140,DXGI,0,512,1,Hardware: Independent Flip,17764.9105,35.3089,35.0631,0.2458,37.2982,38.0195,38.0162,0.0033,75.7300,18.5781,-17.3635,17764.9105,0.4123,98.0372,NA
SandFall-Win64-Shipping.exe,27068,0x1FE3BB43140,DXGI,0,512,1,Hardware: Independent Flip,17800.2194,0.3115,0.1602,0.1513,40.0088,0.1453,0.1425,0.0028,58.9992,17.4239,16.7308,17800.2194,18.8451,NA,NA
SandFall-Win64-Shipping.exe,27068,0x1FE3BB43140,DXGI,0,512,1,Hardware: Independent Flip,17800.5309,37.8928,37.6400,0.2528,39.8426,35.3815,35.3758,0.0057,76.1116,18.2790,-17.1124,17800.5309,0.8875,72.5576,NA
SandFall-Win64-Shipping.exe,27068,0x1FE3BB43140,DXGI,0,512,1,Hardware: Independent Flip,17838.4237,0.3152,0.1642,0.1510,37.3313,0.1325,0.1304,0.0021,56.4978,17.6778,19.6138,17838.4237,19.0340,NA,NA
SandFall-Win64-Shipping.exe,27068,0x1FE3BB43140,DXGI,0,512,1,Hardware: Independent Flip,17838.7389,35.1843,34.9378,0.2465,37.1486,35.3923,35.3895,0.0028,73.8604,17.7856,-17.3626,17838.7389,1.3195,77.7439,NA
SandFall-Win64-Shipping.exe,27068,0x1FE3BB43140,DXGI,0,512,1,Hardware: Independent Flip,17873.9232,0.3148,0.1629,0.1519,37.3566,0.1045,0.1023,0.0022,56.4617,18.9900,17.3987,17873.9232,19.0006,NA,NA
SandFall-Win64-Shipping.exe,27068,0x1FE3BB43140,DXGI,0,512,1,Hardware: Independent Flip,17874.2380,35.2353,34.9799,0.2554,37.1463,36.5947,36.5883,0.0064,75.1369,17.4678,-18.6752,17874.2380,1.3959,83.7744,NA
SandFall-Win64-Shipping.exe,27068,0x1FE3BB43140,DXGI,0,512,1,Hardware: Independent Flip,17909.4733,0.3376,0.1688,0.1688,38.5057,0.1027,0.1005,0.0022,57.3694,17.9419,17.7675,17909.4733,18.7610,NA,NA
SandFall-Win64-Shipping.exe,27068,0x1FE3BB43140,DXGI,0,512,1,Hardware: Independent Flip,17909.8109,36.8819,36.6324,0.2495,38.2708,36.0582,36.0550,0.0032,74.9737,18.0844,-17.6043,17909.8109,0.6447,88.4031,NA
SandFall-Win64-Shipping.exe,27068,0x1FE3BB43140,DXGI,0,512,1,Hardware: Independent Flip,17946.6928,0.3575,0.1974,0.1601,37.4471,0.1081,0.1033,0.0048,56.1762,17.9360,18.7975,17946.6928,18.6210,NA,NA
SandFall-Win64-Shipping.exe,27068,0x1FE3BB43140,DXGI,0,512,1,Hardware: Independent Flip,17947.0503,38.9789,38.7107,0.2682,37.1977,35.8328,35.8238,0.0090,73.7547,18.2922,-17.5785,17947.0503,0.7242,93.6840,NA
SandFall-Win64-Shipping.exe,27068,0x1FE3BB43140,DXGI,0,512,1,Hardware: Independent Flip,17986.0292,0.3328,0.1656,0.1672,34.0516,0.1497,0.1472,0.0025,53.0680,21.7410,20.6867,17986.0292,18.8667,NA,NA
SandFall-Win64-Shipping.exe,27068,0x1FE3BB43140,DXGI,0,512,1,Hardware: Independent Flip,17986.3620,39.6476,39.4030,0.2446,33.8685,39.6868,39.6824,0.0044,74.4762,17.8611,-21.4082,17986.3620,0.9209,90.1940,NA
SandFall-Win64-Shipping.exe,27068,0x1FE3BB43140,DXGI,0,512,1,Hardware: Independent Flip,18026.0096,0.3109,0.1607,0.1502,33.9077,0.1154,0.1154,0.0000,52.6897,18.4875,21.7865,18026.0096,18.6666,NA,NA
SandFall-Win64-Shipping.exe,27068,0x1FE3BB43140,DXGI,0,512,1,Hardware: Independent Flip,18026.3205,36.7074,36.4555,0.2519,33.7122,37.1538,37.1469,0.0069,70.8663,19.7213,-18.1766,18026.3205,0.0003,NA,NA
SandFall-Win64-Shipping.exe,27068,0x1FE3BB43140,DXGI,0,512,1,Hardware: Independent Flip,18063.0279,0.3116,0.1584,0.1532,34.1586,0.2530,0.2505,0.0025,53.8802,16.9254,16.9861,18063.0279,19.4686,NA,NA
SandFall-Win64-Shipping.exe,27068,0x1FE3BB43140,DXGI,0,512,1,Hardware: Independent Flip,18063.3395,45.9844,45.7154,0.2690,34.1000,36.3934,36.3896,0.0038,70.4940,19.0732,-16.6138,18063.3395,0.0006,NA,NA
SandFall-Win64-Shipping.exe,27068,0x1FE3BB43140,DXGI,0,512,1,Hardware: Independent Flip,18109.3239,0.3453,0.1605,0.1848,24.5090,0.1404,0.1381,0.0023,43.5828,17.0244,26.9112,18109.3239,18.9334,NA,NA
SandFall-Win64-Shipping.exe,27068,0x1FE3BB43140,DXGI,0,512,1,Hardware: Independent Flip,18109.6692,23.2722,23.0289,0.2433,24.3041,35.2995,35.2947,0.0048,60.2619,17.9354,-16.6791,18109.6692,0.6583,NA,NA
SandFall-Win64-Shipping.exe,27068,0x1FE3BB43140,DXGI,0,512,1,Hardware: Independent Flip,18132.9414,0.3426,0.1913,0.1513,36.3314,0.0958,0.0901,0.0057,54.9251,19.0151,5.3368,18132.9414,18.4979,NA,NA
SandFall-Win64-Shipping.exe,27068,0x1FE3BB43140,DXGI,0,512,1,Hardware: Independent Flip,18133.2840,36.2132,35.8070,0.4062,36.0846,36.3872,36.3309,0.0563,73.5976,18.0762,-18.6725,18133.2840,1.1258,NA,NA
SandFall-Win64-Shipping.exe,27068,0x1FE3BB43140,DXGI,0,512,1,Hardware: Independent Flip,18169.4972,0.3266,0.1722,0.1544,36.2586,0.1930,0.1903,0.0027,55.4606,18.3081,18.1370,18169.4972,19.0090,NA,NA
SandFall-Win64-Shipping.exe,27068,0x1FE3BB43140,DXGI,0,512,1,Hardware: Independent Flip,18169.8238,49.5480,49.1784,0.3696,36.1250,36.6369,36.6265,0.0104,73.4421,18.4977,-17.9815,18169.8238,0.6802,NA,NA
SandFall-Win64-Shipping.exe,27068,0x1FE3BB43140,DXGI,0,512,1,Hardware: Independent Flip,18219.3718,0.4331,0.2297,0.2034,23.2139,0.1135,0.1117,0.0018,42.3918,17.8450,31.0503,18219.3718,19.0644,NA,NA
SandFall-Win64-Shipping.exe,27068,0x1FE3BB43140,DXGI,0,512,1,Hardware: Independent Flip,18219.8049,31.0029,30.7450,0.2579,22.8943,36.1146,36.1060,0.0086,59.8037,18.1958,-17.4119,18219.8049,0.7948,NA,NA
SandFall-Win64-Shipping.exe,27068,0x1FE3BB43140,DXGI,0,512,1,Hardware: Independent Flip,18250.8078,0.3213,0.1615,0.1598,28.0060,0.1443,0.1426,0.0017,46.9966,18.3247,12.8071,18250.8078,18.8463,NA,NA
SandFall-Win64-Shipping.exe,27068,0x1FE3BB43140,DXGI,0,512,1,Hardware: Independent Flip,18251.1291,36.5687,36.2935,0.2752,27.8290,36.1929,36.1828,0.0101,65.0000,17.7096,-18.0034,18251.1291,0.9781,NA,NA
SandFall-Win64-Shipping.exe,27068,0x1FE3BB43140,DXGI,0,512,1,Hardware: Independent Flip,18287.6978,0.3354,0.1792,0.1562,27.4532,0.0923,0.0903,0.0020,46.1409,18.4241,18.8591,18287.6978,18.5954,NA,NA
SandFall-Win64-Shipping.exe,27068,0x1FE3BB43140,DXGI,0,512,1,Hardware: Independent Flip,18288.0332,36.3714,36.1077,0.2637,27.2101,36.3149,36.3033,0.0116,64.2296,17.9567,-18.0887,18288.0332,0.7046,NA,NA
SandFall-Win64-Shipping.exe,27068,0x1FE3BB43140,DXGI,0,512,1,Hardware: Independent Flip,18324.4046,0.3313,0.1534,0.1779,27.1536,0.0928,0.0882,0.0046,45.8149,19.4242,18.4147,18324.4046,18.5685,NA,NA
SandFall-Win64-Shipping.exe,27068,0x1FE3BB43140,DXGI,0,512,1,Hardware: Independent Flip,18324.7359,38.7212,38.4610,0.2602,26.9151,37.5094,35.8103,1.6991,64.9078,18.2051,-19.0929,18324.7359,0.4833,NA,NA
SandFall-Win64-Shipping.exe,27068,0x1FE3BB43140,DXGI,0,512,1,Hardware: Independent Flip,18363.4571,0.3157,0.1567,0.1590,25.7033,0.1105,0.1081,0.0024,44.3917,19.3875,20.5161,18363.4571,18.5779,NA,NA
SandFall-Win64-Shipping.exe,27068,0x1FE3BB43140,DXGI,0,512,1,Hardware: Independent Flip,18363.7728,33.1005,32.8460,0.2545,25.4981,37.9651,37.9558,0.0093,63.4635,18.7548,-19.0718,18363.7728,0.0003,NA,NA
SandFall-Win64-Shipping.exe,27068,0x1FE3BB43140,DXGI,0,512,1,Hardware: Independent Flip,18396.8733,0.3254,0.1566,0.1688,30.3627,0.1375,0.1355,0.0020,49.1178,17.0431,14.3457,18396.8733,18.6176,NA,NA
SandFall-Win64-Shipping.exe,27068,0x1FE3BB43140,DXGI,0,512,1,Hardware: Independent Flip,18397.1987,37.0195,36.7590,0.2605,30.1748,35.6602,35.6142,0.0460,65.8355,19.0333,-16.7177,18397.1987,0.0005,NA,NA
SandFall-Win64-Shipping.exe,27068,0x1FE3BB43140,DXGI,0,512,1,Hardware: Independent Flip,18434.2182,0.4324,0.1548,0.2776,28.8155,0.1380,0.1357,0.0023,47.8493,18.1342,17.9862,18434.2182,18.8958,NA,NA
SandFall-Win64-Shipping.exe,27068,0x1FE3BB43140,DXGI,0,512,1,Hardware: Independent Flip,18434.6506,35.2547,35.0066,0.2481,28.5211,36.4919,36.4814,0.0105,65.5511,17.9330,-17.7018,18434.6506,0.5381,NA,NA
SandFall-Win64-Shipping.exe,27068,0x1FE3BB43140,DXGI,0,512,1,Hardware: Independent Flip,18469.9053,0.3347,0.1816,0.1531,29.7583,0.1526,0.1504,0.0022,48.2294,18.6028,17.3217,18469.9053,18.3185,NA,NA
SandFall-Win64-Shipping.exe,27068,0x1FE3BB43140,DXGI,0,512,1,Hardware: Independent Flip,18470.2400,38.1807,37.9152,0.2655,29.5762,36.4574,36.4525,0.0049,66.4975,17.8002,-18.2681,18470.2400,0.4639,NA,NA
SandFall-Win64-Shipping.exe,27068,0x1FE3BB43140,DXGI,0,512,1,Hardware: Independent Flip,18508.4207,0.3125,0.1575,0.1550,27.8529,0.0949,0.0931,0.0018,46.1170,17.6843,20.3805,18508.4207,18.1692,NA,NA
SandFall-Win64-Shipping.exe,27068,0x1FE3BB43140,DXGI,0,512,1,Hardware: Independent Flip,18508.7332,32.3708,32.1253,0.2455,27.6353,35.7555,35.7461,0.0094,63.4888,18.4052,-17.3718,18508.7332,0.0980,NA,NA
SandFall-Win64-Shipping.exe,27068,0x1FE3BB43140,DXGI,0,512,1,Hardware: Independent Flip,18541.1040,0.3058,0.1551,0.1507,31.0200,0.1385,0.1364,0.0021,49.5232,17.1222,13.9656,18541.1040,18.3647,NA,NA
SandFall-Win64-Shipping.exe,27068,0x1FE3BB43140,DXGI,0,512,1,Hardware: Independent Flip,18541.4098,38.8363,38.5792,0.2571,30.8527,34.9951,34.9873,0.0078,66.3396,17.8701,-16.8164,18541.4098,0.4918,NA,NA
SandFall-Win64-Shipping.exe,27068,0x1FE3BB43140,DXGI,0,512,1,Hardware: Independent Flip,18580.2461,0.3284,0.1549,0.1735,27.0115,0.0985,0.0964,0.0021,45.3734,18.2673,20.9662,18580.2461,18.2634,NA,NA
SandFall-Win64-Shipping.exe,27068,0x1FE3BB43140,DXGI,0,512,1,Hardware: Independent Flip,18580.5745,35.5762,35.3189,0.2573,26.7816,35.6431,35.6285,0.0146,63.3123,17.4803,-17.9389,18580.5745,0.8876,NA,NA
SandFall-Win64-Shipping.exe,27068,0x1FE3BB43140,DXGI,0,512,1,Hardware: Independent Flip,18616.1507,0.2951,0.1503,0.1448,26.8485,0.0732,0.0716,0.0016,45.2164,19.8021,18.0959,18616.1507,18.2947,NA,NA
SandFall-Win64-Shipping.exe,27068,0x1FE3BB43140,DXGI,0,512,1,Hardware: Independent Flip,18616.4458,36.2059,35.8868,0.3191,26.6266,37.5530,37.3612,0.1918,64.7234,17.8864,-19.5070,18616.4458,0.5438,83.5321,NA
SandFall-Win64-Shipping.exe,27068,0x1FE3BB43140,DXGI,0,512,1,Hardware: Independent Flip,18652.6517,0.3598,0.1956,0.1642,27.9737,0.0996,0.0980,0.0016,46.4039,18.2789,18.3195,18652.6517,18.3306,NA,NA
SandFall-Win64-Shipping.exe,27068,0x1FE3BB43140,DXGI,0,512,1,Hardware: Independent Flip,18653.0115,36.6264,36.3706,0.2558,27.7135,36.6087,36.5973,0.0114,64.3230,18.6260,-17.9191,18653.0115,0.0008,NA,NA
SandFall-Win64-Shipping.exe,27068,0x1FE3BB43140,DXGI,0,512,1,Hardware: Independent Flip,18689.6379,0.3047,0.1528,0.1519,27.6958,0.1581,0.1564,0.0017,46.3226,17.6830,18.0004,18689.6379,18.4687,NA,NA
SandFall-Win64-Shipping.exe,27068,0x1FE3BB43140,DXGI,0,512,1,Hardware: Independent Flip,18689.9426,36.3880,36.1279,0.2601,27.5492,36.1510,36.1431,0.0079,63.7009,18.3387,-17.3783,18689.9426,0.0007,NA,NA
SandFall-Win64-Shipping.exe,27068,0x1FE3BB43140,DXGI,0,512,1,Hardware: Independent Flip,18726.3306,0.3088,0.1554,0.1534,27.3122,0.1973,0.1973,0.0000,45.6516,17.0982,18.0493,18726.3306,18.1421,NA,NA
SandFall-Win64-Shipping.exe,27068,0x1FE3BB43140,DXGI,0,512,1,Hardware: Independent Flip,18726.6394,35.2088,34.9334,0.2754,27.2007,35.1450,35.1341,0.0109,62.4410,17.9538,-16.7894,18726.6394,0.0953,NA,NA
SandFall-Win64-Shipping.exe,27068,0x1FE3BB43140,DXGI,0,512,1,Hardware: Independent Flip,18761.8482,0.3422,0.1734,0.1688,27.1369,0.1036,0.1021,0.0015,45.1860,17.9261,17.2550,18761.8482,17.9455,NA,NA
SandFall-Win64-Shipping.exe,27068,0x1FE3BB43140,DXGI,0,512,1,Hardware: Independent Flip,18762.1904,36.2931,36.0380,0.2551,26.8983,35.3045,35.2904,0.0141,62.7699,17.6903,-17.5839,18762.1904,0.5671,NA,NA
SandFall-Win64-Shipping.exe,27068,0x1FE3BB43140,DXGI,0,512,1,Hardware: Independent Flip,18798.4835,0.3032,0.1524,0.1508,25.9097,0.0802,0.0777,0.0025,44.1671,18.8979,18.6028,18798.4835,18.1772,NA,NA
SandFall-Win64-Shipping.exe,27068,0x1FE3BB43140,DXGI,0,512,1,Hardware: Independent Flip,18798.7867,35.5044,35.2326,0.2718,25.6867,36.6027,35.9126,0.6901,62.7618,17.7598,-18.5947,18798.7867,0.4724,NA,NA
SandFall-Win64-Shipping.exe,27068,0x1FE3BB43140,DXGI,0,512,1,Hardware: Independent Flip,18834.2911,0.7720,0.1912,0.5808,26.7850,0.1029,0.0971,0.0058,45.0172,18.4885,17.7446,18834.2911,18.1293,NA,NA
SandFall-Win64-Shipping.exe,27068,0x1FE3BB43140,DXGI,0,512,1,Hardware: Independent Flip,18835.0631,37.0247,36.7058,0.3189,26.1159,36.6172,35.2706,1.3466,62.7337,18.2722,-17.7165,18835.0631,0.0006,NA,NA
SandFall-Win64-Shipping.exe,27068,0x1FE3BB43140,DXGI,0,512,1,Hardware: Independent Flip,18872.0878,0.3226,0.1594,0.1632,25.7084,0.1056,0.1034,0.0022,43.9812,17.2677,18.7525,18872.0878,18.1672,NA,NA
SandFall-Win64-Shipping.exe,27068,0x1FE3BB43140,DXGI,0,512,1,Hardware: Independent Flip,18872.4104,35.4964,35.2508,0.2456,25.4914,35.4337,35.3493,0.0844,60.9263,18.2289,-16.9451,18872.4104,0.0012,NA,NA
SandFall-Win64-Shipping.exe,27068,0x1FE3BB43140,DXGI,0,512,1,Hardware: Independent Flip,18907.9068,0.3076,0.1496,0.1580,25.4287,0.1173,0.1158,0.0015,43.6588,17.0894,17.2675,18907.9068,18.1128,NA,NA
SandFall-Win64-Shipping.exe,27068,0x1FE3BB43140,DXGI,0,512,1,Hardware: Independent Flip,18908.2144,35.2766,35.0212,0.2554,25.2384,34.9047,34.4898,0.4149,60.4406,17.6438,-16.7818,18908.2144,0.2975,NA,NA
SandFall-Win64-Shipping.exe,27068,0x1FE3BB43140,DXGI,0,512,1,Hardware: Independent Flip,18943.4910,0.3162,0.1625,0.1537,24.8665,0.0860,0.0794,0.0066,42.8078,18.5509,17.6328,18943.4910,17.8553,NA,NA
SandFall-Win64-Shipping.exe,27068,0x1FE3BB43140,DXGI,0,512,1,Hardware: Independent Flip,18943.8072,35.7120,35.4581,0.2539,24.6363,35.7953,35.1204,0.6749,61.0425,17.2938,-18.2347,18943.8072,0.6109,NA,NA
SandFall-Win64-Shipping.exe,27068,0x1FE3BB43140,DXGI,0,512,1,Hardware: Independent Flip,18979.5192,0.3260,0.1552,0.1708,24.7196,0.1029,0.0948,0.0081,42.6243,20.2617,18.4182,18979.5192,17.8018,NA,NA
SandFall-Win64-Shipping.exe,27068,0x1FE3BB43140,DXGI,0,512,1,Hardware: Independent Flip,18979.8452,36.8314,36.5758,0.2556,24.4965,38.0475,36.2378,1.8097,62.5600,17.7715,-19.9357,18979.8452,0.0160,NA,NA
SandFall-Win64-Shipping.exe,27068,0x1FE3BB43140,DXGI,0,512,1,Hardware: Independent Flip,19016.6766,0.3026,0.1517,0.1509,25.7126,0.1407,0.1389,0.0018,43.5001,17.1327,19.0599,19016.6766,17.6468,NA,NA
SandFall-Win64-Shipping.exe,27068,0x1FE3BB43140,DXGI,0,512,1,Hardware: Independent Flip,19016.9792,32.6452,32.3598,0.2854,25.5507,34.7785,34.7694,0.0091,60.3302,18.9039,-16.8301,19016.9792,0.0010,75.6873,NA
SandFall-Win64-Shipping.exe,27068,0x1FE3BB43140,DXGI,0,512,1,Hardware: Independent Flip,19049.6244,0.3475,0.1924,0.1551,27.6840,0.1266,0.1242,0.0024,46.5889,15.9313,13.7413,19049.6244,18.7783,NA,NA
SandFall-Win64-Shipping.exe,27068,0x1FE3BB43140,DXGI,0,512,1,Hardware: Independent Flip,19049.9719,36.0512,35.7935,0.2577,27.4631,34.7083,34.6991,0.0092,62.1727,17.8102,-15.5838,19049.9719,0.0013,NA,NA
SandFall-Win64-Shipping.exe,27068,0x1FE3BB43140,DXGI,0,512,1,Hardware: Independent Flip,19086.0231,0.3103,0.1511,0.1592,26.1202,0.1238,0.1212,0.0026,43.9317,17.7732,18.2410,19086.0231,17.6877,NA,NA
SandFall-Win64-Shipping.exe,27068,0x1FE3BB43140,DXGI,0,512,1,Hardware: Independent Flip,19086.3334,33.6503,33.3668,0.2835,25.9337,34.8462,34.8385,0.0077,61.3946,16.8174,-17.4629,19086.3334,0.6147,NA,NA
SandFall-Win64-Shipping.exe,27068,0x1FE3BB43140,DXGI,0,512,1,Hardware: Independent Flip,19119.9837,0.3069,0.1532,0.1537,27.1296,0.1606,0.1588,0.0018,44.5617,17.6992,16.8329,19119.9837,17.2715,NA,NA
SandFall-Win64-Shipping.exe,27068,0x1FE3BB43140,DXGI,0,512,1,Hardware: Independent Flip,19120.2906,34.8142,34.5552,0.2590,26.9833,34.8260,34.8187,0.0073,61.9540,17.4372,-17.3923,19120.2906,0.1447,NA,NA
SandFall-Win64-Shipping.exe,27068,0x1FE3BB43140,DXGI,0,512,1,Hardware: Independent Flip,19155.1048,0.3437,0.1839,0.1598,26.9951,0.1249,0.1233,0.0016,44.5770,20.9997,17.3770,19155.1048,17.4570,NA,NA
SandFall-Win64-Shipping.exe,27068,0x1FE3BB43140,DXGI,0,512,1,Hardware: Independent Flip,19155.4485,35.0631,34.8063,0.2568,26.7763,38.4378,38.4335,0.0043,65.2330,17.4247,-20.6560,19155.4485,0.0189,NA,NA
SandFall-Win64-Shipping.exe,27068,0x1FE3BB43140,DXGI,0,512,1,Hardware: Independent Flip,19190.5116,0.3059,0.1586,0.1473,30.1510,0.1381,0.1381,0.0000,47.5946,16.8708,17.6384,19190.5116,17.3055,NA,NA
SandFall-Win64-Shipping.exe,27068,0x1FE3BB43140,DXGI,0,512,1,Hardware: Independent Flip,19190.8175,34.8639,34.6102,0.2537,29.9832,34.1754,34.1694,0.0060,64.1595,18.8931,-16.5649,19190.8175,0.0009,NA,NA
SandFall-Win64-Shipping.exe,27068,0x1FE3BB43140,DXGI,0,512,1,Hardware: Independent Flip,19225.6814,0.3032,0.1508,0.1524,29.2947,0.1377,0.1377,0.0000,48.1887,15.7701,15.9708,19225.6814,18.7563,NA,NA
SandFall-Win64-Shipping.exe,27068,0x1FE3BB43140,DXGI,0,512,1,Hardware: Independent Flip,19225.9846,33.5821,33.3359,0.2462,29.1292,34.5256,34.5230,0.0026,63.6556,18.1348,-15.4669,19225.9846,0.0008,NA,NA
SandFall-Win64-Shipping.exe,27068,0x1FE3BB43140,DXGI,0,512,1,Hardware: Independent Flip,19259.5667,0.3065,0.1515,0.1550,30.0727,0.1361,0.1343,0.0018,48.2083,17.3529,15.4473,19259.5667,17.9995,NA,NA
SandFall-Win64-Shipping.exe,27068,0x1FE3BB43140,DXGI,0,512,1,Hardware: Independent Flip,19259.8732,33.8135,33.5473,0.2662,29.9023,34.9649,34.9617,0.0032,65.2547,16.9603,-17.0464,19259.8732,0.3875,NA,NA
SandFall-Win64-Shipping.exe,27068,0x1FE3BB43140,DXGI,0,512,1,Hardware: Independent Flip,19293.6867,0.3192,0.1602,0.1590,31.0537,0.1095,0.1043,0.0052,48.4015,17.4794,16.8532,19293.6867,17.2383,NA,NA
SandFall-Win64-Shipping.exe,27068,0x1FE3BB43140,DXGI,0,512,1,Hardware: Independent Flip,19294.0059,35.8762,35.6285,0.2477,30.8440,34.5133,34.5036,0.0097,65.5617,17.7168,-17.1602,19294.0059,0.2044,NA,NA
SandFall-Win64-Shipping.exe,27068,0x1FE3BB43140,DXGI,0,512,1,Hardware: Independent Flip,19329.8821,0.3120,0.1579,0.1541,29.4811,0.1275,0.1275,0.0000,47.4023,17.8879,18.1594,19329.8821,17.7937,NA,NA
SandFall-Win64-Shipping.exe,27068,0x1FE3BB43140,DXGI,0,512,1,Hardware: Independent Flip,19330.1941,36.0448,35.7826,0.2622,29.2966,35.3403,35.3349,0.0054,64.9782,17.2969,-17.5759,19330.1941,0.3413,NA,NA
SandFall-Win64-Shipping.exe,27068,0x1FE3BB43140,DXGI,0,512,1,Hardware: Independent Flip,19366.2389,0.3363,0.1515,0.1848,28.5921,0.0936,0.0917,0.0019,46.2303,17.7341,18.7479,19366.2389,17.5446,NA,NA
SandFall-Win64-Shipping.exe,27068,0x1FE3BB43140,DXGI,0,512,1,Hardware: Independent Flip,19366.5752,34.7510,34.5022,0.2488,28.3494,35.2076,35.2001,0.0075,63.6281,17.5280,-17.3978,19366.5752,0.0711,NA,NA
SandFall-Win64-Shipping.exe,27068,0x1FE3BB43140,DXGI,0,512,1,Hardware: Independent Flip,19401.3262,0.3112,0.1540,0.1572,28.8060,0.1299,0.1259,0.0040,46.4051,17.7243,17.2230,19401.3262,17.4692,NA,NA
SandFall-Win64-Shipping.exe,27068,0x1FE3BB43140,DXGI,0,512,1,Hardware: Independent Flip,19401.6374,34.3051,34.0506,0.2545,28.6247,35.1927,35.1826,0.0101,63.8182,17.6436,-17.4131,19401.6374,0.0008,NA,NA
SandFall-Win64-Shipping.exe,27068,0x1FE3BB43140,DXGI,0,512,1,Hardware: Independent Flip,19435.9425,0.3333,0.1795,0.1538,29.5123,0.1357,0.1331,0.0026,47.1567,17.1973,16.6615,19435.9425,17.5087,NA,NA
SandFall-Win64-Shipping.exe,27068,0x1FE3BB43140,DXGI,0,512,1,Hardware: Independent Flip,19436.2758,38.4421,38.2023,0.2398,29.3147,34.7052,34.6982,0.0070,64.0207,17.6252,-16.8640,19436.2758,0.0008,NA,NA
SandFall-Win64-Shipping.exe,27068,0x1FE3BB43140,DXGI,0,512,1,Hardware: Independent Flip,19474.7179,0.2955,0.1496,0.1459,25.5778,0.1250,0.1227,0.0023,43.2038,18.3037,20.8169,19474.7179,17.5010,NA,NA
SandFall-Win64-Shipping.exe,27068,0x1FE3BB43140,DXGI,0,512,1,Hardware: Independent Flip,19475.0134,33.3333,33.0772,0.2561,25.4073,35.6575,35.6129,0.0446,61.2120,17.5217,-18.0082,19475.0134,0.1472,NA,NA
SandFall-Win64-Shipping.exe,27068,0x1FE3BB43140,DXGI,0,512,1,Hardware: Independent Flip,19508.3467,0.3064,0.1537,0.1527,27.7315,0.1220,0.1196,0.0024,45.4004,17.2767,15.8116,19508.3467,17.5469,NA,NA
SandFall-Win64-Shipping.exe,27068,0x1FE3BB43140,DXGI,0,512,1,Hardware: Independent Flip,19508.6531,32.8775,32.6340,0.2435,27.5471,34.8229,34.8186,0.0043,62.3707,17.9198,-16.9703,19508.6531,0.0007,NA,NA
SandFall-Win64-Shipping.exe,27068,0x1FE3BB43140,DXGI,0,512,1,Hardware: Independent Flip,19541.5306,0.3687,0.1827,0.1860,29.4925,0.0942,0.0924,0.0018,47.4130,17.5641,14.9577,19541.5306,17.8263,NA,NA
SandFall-Win64-Shipping.exe,27068,0x1FE3BB43140,DXGI,0,512,1,Hardware: Independent Flip,19541.8993,35.2602,34.9991,0.2611,29.2180,35.3006,35.2905,0.0101,64.6084,17.5968,-17.1954,19541.8993,0.0898,NA,NA
SandFall-Win64-Shipping.exe,27068,0x1FE3BB43140,DXGI,0,512,1,Hardware: Independent Flip,19577.1595,0.3331,0.1770,0.1561,29.2584,0.2472,0.2452,0.0020,46.9450,18.4865,17.6634,19577.1595,17.4394,NA,NA
SandFall-Win64-Shipping.exe,27068,0x1FE3BB43140,DXGI,0,512,1,Hardware: Independent Flip,19577.4926,34.4647,34.2081,0.2566,29.1725,35.8115,35.8018,0.0097,65.0984,17.5213,-18.1534,19577.4926,0.1144,NA,NA
SandFall-Win64-Shipping.exe,27068,0x1FE3BB43140,DXGI,0,512,1,Hardware: Independent Flip,19611.9573,0.3514,0.1621,0.1893,30.5193,0.1083,0.1066,0.0017,48.1550,18.3357,16.9434,19611.9573,17.5274,NA,NA
SandFall-Win64-Shipping.exe,27068,0x1FE3BB43140,DXGI,0,512,1,Hardware: Independent Flip,19612.3087,35.0226,34.7647,0.2579,30.2762,35.8620,35.8557,0.0063,66.1393,18.0715,-17.9843,19612.3087,0.0011,NA,NA
SandFall-Win64-Shipping.exe,27068,0x1FE3BB43140,DXGI,0,512,1,Hardware: Independent Flip,19647.3313,0.3073,0.1524,0.1549,31.1156,0.1078,0.1059,0.0019,49.1882,16.8713,16.9511,19647.3313,17.9648,NA,NA
SandFall-Win64-Shipping.exe,27068,0x1FE3BB43140,DXGI,0,512,1,Hardware: Independent Flip,19647.6386,37.0689,36.8053,0.2636,30.9161,34.8349,34.8268,0.0081,65.7522,18.1034,-16.5640,19647.6386,0.0012,NA,NA
SandFall-Win64-Shipping.exe,27068,0x1FE3BB43140,DXGI,0,512,1,Hardware: Independent Flip,19684.7075,0.3435,0.1654,0.1781,28.6821,0.1402,0.1384,0.0018,46.7867,17.0843,18.9655,19684.7075,17.9644,NA,NA
SandFall-Win64-Shipping.exe,27068,0x1FE3BB43140,DXGI,0,512,1,Hardware: Independent Flip,19685.0510,34.5113,34.2556,0.2557,28.4788,34.9101,34.9014,0.0087,63.5275,17.6202,-16.7408,19685.0510,0.1386,NA,NA
SandFall-Win64-Shipping.exe,27068,0x1FE3BB43140,DXGI,0,512,1,Hardware: Independent Flip,19719.5623,0.3028,0.1524,0.1504,28.8776,0.1405,0.1388,0.0017,46.6364,17.0920,16.8911,19719.5623,17.6183,NA,NA
SandFall-Win64-Shipping.exe,27068,0x1FE3BB43140,DXGI,0,512,1,Hardware: Independent Flip,19719.8651,35.3139,35.0496,0.2643,28.7153,34.2900,34.2815,0.0085,63.4256,17.3264,-16.7892,19719.8651,0.4203,NA,NA
SandFall-Win64-Shipping.exe,27068,0x1FE3BB43140,DXGI,0,512,1,Hardware: Independent Flip,19755.1790,0.3275,0.1543,0.1732,27.6914,0.1226,0.1210,0.0016,45.4381,16.7758,17.9875,19755.1790,17.6241,NA,NA
SandFall-Win64-Shipping.exe,27068,0x1FE3BB43140,DXGI,0,512,1,Hardware: Independent Flip,19755.5065,34.5170,34.2529,0.2641,27.4865,33.8376,33.8289,0.0087,61.8864,17.3115,-16.4483,19755.5065,0.5623,NA,NA
SandFall-Win64-Shipping.exe,27068,0x1FE3BB43140,DXGI,0,512,1,Hardware: Independent Flip,19790.0235,0.3198,0.1628,0.1570,26.8071,0.1434,0.1418,0.0016,44.6809,17.6310,17.2055,19790.0235,17.7304,NA,NA
SandFall-Win64-Shipping.exe,27068,0x1FE3BB43140,DXGI,0,512,1,Hardware: Independent Flip,19790.3433,35.4474,35.1985,0.2489,26.6307,34.5199,34.5118,0.0081,61.9921,16.9462,-17.3112,19790.3433,0.8415,NA,NA
SandFall-Win64-Shipping.exe,27068,0x1FE3BB43140,DXGI,0,512,1,Hardware: Independent Flip,19825.7907,0.3134,0.1608,0.1526,25.7032,0.1522,0.1500,0.0022,43.4909,16.4324,18.5012,19825.7907,17.6355,NA,NA
SandFall-Win64-Shipping.exe,27068,0x1FE3BB43140,DXGI,0,512,1,Hardware: Independent Flip,19826.1041,34.9033,34.6471,0.2562,25.5420,33.5414,33.5310,0.0104,59.6099,17.1817,-16.1190,19826.1041,0.5265,NA,NA
SandFall-Win64-Shipping.exe,27068,0x1FE3BB43140,DXGI,0,512,1,Hardware: Independent Flip,19861.0074,0.3046,0.1552,0.1494,24.1801,0.0941,0.0871,0.0070,41.8883,19.4310,17.7216,19861.0074,17.6141,NA,NA
SandFall-Win64-Shipping.exe,27068,0x1FE3BB43140,DXGI,0,512,1,Hardware: Independent Flip,19861.3120,34.9680,34.7181,0.2499,23.9696,36.1220,34.4218,1.7002,61.0147,16.6330,-19.1264,19861.3120,0.9231,NA,NA
SandFall-Win64-Shipping.exe,27068,0x1FE3BB43140,DXGI,0,512,1,Hardware: Independent Flip,19896.2800,0.3161,0.1607,0.1554,25.1236,0.1048,0.1023,0.0025,42.6797,17.7434,18.3350,19896.2800,17.4513,NA,NA
SandFall-Win64-Shipping.exe,27068,0x1FE3BB43140,DXGI,0,512,1,Hardware: Independent Flip,19896.5961,37.0147,36.7419,0.2728,24.9123,35.1935,34.6562,0.5373,60.1070,17.8830,-17.4273,19896.5961,0.0012,NA,NA
SandFall-Win64-Shipping.exe,27068,0x1FE3BB43140,DXGI,0,512,1,Hardware: Independent Flip,19933.6108,0.3027,0.1520,0.1507,23.0911,0.1600,0.1578,0.0022,40.9753,16.6040,19.1317,19933.6108,17.7242,NA,NA
SandFall-Win64-Shipping.exe,27068,0x1FE3BB43140,DXGI,0,512,1,Hardware: Independent Flip,19933.9135,35.4029,35.1577,0.2452,22.9484,34.3273,33.7876,0.5397,57.2766,17.7683,-16.3013,19933.9135,0.0009,NA,NA
SandFall-Win64-Shipping.exe,27068,0x1FE3BB43140,DXGI,0,512,1,Hardware: Independent Flip,19969.3164,0.3084,0.1567,0.1517,21.8728,0.0749,0.0725,0.0024,39.6420,16.7561,17.6346,19969.3164,17.6943,NA,NA
SandFall-Win64-Shipping.exe,27068,0x1FE3BB43140,DXGI,0,512,1,Hardware: Independent Flip,19969.6248,31.0927,30.8402,0.2525,21.6393,34.2564,33.8267,0.4297,56.0897,16.9951,-16.4477,19969.6248,0.1940,NA,NA
SandFall-Win64-Shipping.exe,27068,0x1FE3BB43140,DXGI,0,512,1,Hardware: Independent Flip,20000.7175,0.2988,0.1498,0.1490,24.8030,0.1014,0.0988,0.0026,41.9921,17.5046,14.0976,20000.7175,17.0877,NA,NA
SandFall-Win64-Shipping.exe,27068,0x1FE3BB43140,DXGI,0,512,1,Hardware: Independent Flip,20001.0163,33.5255,33.2703,0.2552,24.6056,34.2503,34.2363,0.0140,59.1979,16.7938,-17.2058,20001.0163,0.3420,NA,NA
SandFall-Win64-Shipping.exe,27068,0x1FE3BB43140,DXGI,0,512,1,Hardware: Independent Flip,20034.5418,0.3150,0.1605,0.1545,25.3304,0.0957,0.0938,0.0019,42.4662,17.5534,16.7317,20034.5418,17.0401,NA,NA
SandFall-Win64-Shipping.exe,27068,0x1FE3BB43140,DXGI,0,512,1,Hardware: Independent Flip,20034.8568,35.7663,35.5052,0.2611,25.1111,34.5717,34.5653,0.0064,59.7046,17.0761,-17.2384,20034.8568,0.0218,NA,NA
SandFall-Win64-Shipping.exe,27068,0x1FE3BB43140,DXGI,0,512,1,Hardware: Independent Flip,20070.6231,0.3037,0.1522,0.1515,23.9165,0.1369,0.1352,0.0017,41.0144,16.2889,18.6902,20070.6231,16.9610,NA,NA
SandFall-Win64-Shipping.exe,27068,0x1FE3BB43140,DXGI,0,512,1,Hardware: Independent Flip,20070.9268,31.8449,31.5506,0.2943,23.7497,33.2491,33.2384,0.0107,56.9996,17.1722,-15.9852,20070.9268,0.0008,NA,NA
SandFall-Win64-Shipping.exe,27068,0x1FE3BB43140,DXGI,0,512,1,Hardware: Independent Flip,20102.7717,0.3250,0.1628,0.1622,25.1539,0.1195,0.1179,0.0016,42.3269,16.7481,14.6727,20102.7717,17.0535,NA,NA
SandFall-Win64-Shipping.exe,27068,0x1FE3BB43140,DXGI,0,512,1,Hardware: Independent Flip,20103.0967,33.6585,33.3990,0.2595,24.9484,33.5888,33.5806,0.0082,58.7500,16.6834,-16.4231,20103.0967,0.2128,NA,NA
SandFall-Win64-Shipping.exe,27068,0x1FE3BB43140,DXGI,0,512,1,Hardware: Independent Flip,20136.7552,0.3052,0.1540,0.1512,24.8787,0.1258,0.1242,0.0016,41.7749,16.4749,16.9751,20136.7552,16.7704,NA,NA
SandFall-Win64-Shipping.exe,27068,0x1FE3BB43140,DXGI,0,512,1,Hardware: Independent Flip,20137.0604,33.4129,33.1554,0.2575,24.6993,33.0566,33.0428,0.0138,57.9446,16.6660,-16.1697,20137.0604,0.1887,NA,NA
SandFall-Win64-Shipping.exe,27068,0x1FE3BB43140,DXGI,0,512,1,Hardware: Independent Flip,20170.4733,0.3082,0.1536,0.1546,24.3430,0.0941,0.0918,0.0023,41.1977,17.1943,16.7469,20170.4733,16.7606,NA,NA
SandFall-Win64-Shipping.exe,27068,0x1FE3BB43140,DXGI,0,512,1,Hardware: Independent Flip,20170.7815,33.6216,33.3689,0.2527,24.1289,33.6434,33.5221,0.1213,58.0838,16.6478,-16.8861,20170.7815,0.3115,NA,NA
SandFall-Win64-Shipping.exe,27068,0x1FE3BB43140,DXGI,0,512,1,Hardware: Independent Flip,20204.4031,0.3079,0.1564,0.1515,24.1507,0.1477,0.1427,0.0050,41.1100,18.2423,16.9738,20204.4031,16.8116,NA,NA
SandFall-Win64-Shipping.exe,27068,0x1FE3BB43140,DXGI,0,512,1,Hardware: Independent Flip,20204.7110,34.9908,34.7331,0.2577,23.9905,34.9916,33.3744,1.6172,59.0444,16.7283,-17.9344,20204.7110,0.0623,54.1308,NA
SandFall-Win64-Shipping.exe,27068,0x1FE3BB43140,DXGI,0,512,1,Hardware: Independent Flip,20239.7018,0.3021,0.1520,0.1501,23.9913,0.1466,0.1451,0.0015,40.7819,18.1419,18.2625,20239.7018,16.6440,NA,NA
SandFall-Win64-Shipping.exe,27068,0x1FE3BB43140,DXGI,0,512,1,Hardware: Independent Flip,20240.0039,32.2368,31.9567,0.2801,23.8358,34.7852,34.7800,0.0052,58.6217,17.4336,-17.8398,20240.0039,0.0007,NA,NA
SandFall-Win64-Shipping.exe,27068,0x1FE3BB43140,DXGI,0,512,1,Hardware: Independent Flip,20272.2407,0.3224,0.1644,0.1580,26.3842,0.1209,0.1187,0.0022,43.8185,15.9929,14.8032,20272.2407,17.3134,NA,NA
SandFall-Win64-Shipping.exe,27068,0x1FE3BB43140,DXGI,0,512,1,Hardware: Independent Flip,20272.5631,34.3818,34.1183,0.2635,26.1827,33.3048,33.3009,0.0039,59.4890,17.6421,-15.6705,20272.5631,0.0015,NA,NA
SandFall-Win64-Shipping.exe,27068,0x1FE3BB43140,DXGI,0,512,1,Hardware: Independent Flip,20306.9449,0.3053,0.1546,0.1507,25.1057,0.1107,0.1090,0.0017,42.7493,15.2367,16.7397,20306.9449,17.5329,NA,NA
SandFall-Win64-Shipping.exe,27068,0x1FE3BB43140,DXGI,0,512,1,Hardware: Independent Flip,20307.2502,30.5221,30.2685,0.2536,24.9111,32.7687,32.7617,0.0070,57.6807,16.7499,-14.9314,20307.2502,0.0009,NA,NA
SandFall-Win64-Shipping.exe,27068,0x1FE3BB43140,DXGI,0,512,1,Hardware: Independent Flip,20337.7723,0.3228,0.1699,0.1529,27.1577,0.1426,0.1426,0.0000,43.9085,17.8896,13.7722,20337.7723,16.6082,NA,NA
SandFall-Win64-Shipping.exe,27068,0x1FE3BB43140,DXGI,0,512,1,Hardware: Independent Flip,20338.0951,32.9653,32.7120,0.2533,26.9775,33.9543,33.9467,0.0076,61.4753,15.9702,-17.5668,20338.0951,0.5435,NA,NA
SandFall-Win64-Shipping.exe,27068,0x1FE3BB43140,DXGI,0,512,1,Hardware: Independent Flip,20371.0604,0.3489,0.1911,0.1578,27.9665,0.1351,0.1335,0.0016,44.4802,16.1265,16.9951,20371.0604,16.3786,NA,NA
SandFall-Win64-Shipping.exe,27068,0x1FE3BB43140,DXGI,0,512,1,Hardware: Independent Flip,20371.4093,35.6239,35.3664,0.2575,27.7527,32.5037,32.4955,0.0082,60.2578,17.0592,-15.7776,20371.4093,0.0014,NA,NA
SandFall-Win64-Shipping.exe,27068,0x1FE3BB43140,DXGI,0,512,1,Hardware: Independent Flip,20407.0332,0.3048,0.1518,0.1530,24.6325,0.1320,0.1290,0.0030,41.6931,14.9142,18.5647,20407.0332,16.9286,NA,NA
SandFall-Win64-Shipping.exe,27068,0x1FE3BB43140,DXGI,0,512,1,Hardware: Independent Flip,20407.3380,32.7803,32.5331,0.2472,24.4597,31.7692,31.7629,0.0063,56.3025,16.5801,-14.6094,20407.3380,0.0736,NA,NA
SandFall-Win64-Shipping.exe,27068,0x1FE3BB43140,DXGI,0,512,1,Hardware: Independent Flip,20440.1183,0.3082,0.1551,0.1531,23.4486,0.1503,0.1480,0.0023,40.1023,17.3590,16.2002,20440.1183,16.5034,NA,NA
SandFall-Win64-Shipping.exe,27068,0x1FE3BB43140,DXGI,0,512,1,Hardware: Independent Flip,20440.4265,33.8823,33.5956,0.2867,23.2907,32.9333,32.9232,0.0101,57.1531,15.6586,-17.0508,20440.4265,0.9291,NA,NA
SandFall-Win64-Shipping.exe,27068,0x1FE3BB43140,DXGI,0,512,1,Hardware: Independent Flip,20474.3088,0.3577,0.1888,0.1689,22.3417,0.1442,0.1426,0.0016,38.9294,15.8351,18.2237,20474.3088,16.4435,NA,NA
SandFall-Win64-Shipping.exe,27068,0x1FE3BB43140,DXGI,0,512,1,Hardware: Independent Flip,20474.6665,29.3081,29.0606,0.2475,22.1282,32.1939,32.1873,0.0066,54.4068,16.6673,-15.4774,20474.6665,0.0847,NA,NA
SandFall-Win64-Shipping.exe,27068,0x1FE3BB43140,DXGI,0,512,1,Hardware: Independent Flip,20503.9746,0.3309,0.1723,0.1586,25.0140,0.1600,0.1583,0.0017,41.7660,16.1682,12.6408,20503.9746,16.5920,NA,NA
SandFall-Win64-Shipping.exe,27068,0x1FE3BB43140,DXGI,0,512,1,Hardware: Independent Flip,20504.3055,32.5825,32.3169,0.2656,24.8431,32.2496,32.2400,0.0096,57.6033,16.0544,-15.8373,20504.3055,0.5106,NA,NA
SandFall-Win64-Shipping.exe,27068,0x1FE3BB43140,DXGI,0,512,1,Hardware: Independent Flip,20536.8880,0.3057,0.1504,0.1553,24.5102,0.1167,0.1152,0.0015,41.0752,16.7180,16.5281,20536.8880,16.4483,NA,NA
SandFall-Win64-Shipping.exe,27068,0x1FE3BB43140,DXGI,0,512,1,Hardware: Independent Flip,20537.1937,32.8167,32.5682,0.2485,24.3212,32.6889,32.6746,0.0143,57.4875,15.8798,-16.4123,20537.1937,0.4774,NA,NA
SandFall-Win64-Shipping.exe,27068,0x1FE3BB43140,DXGI,0,512,1,Hardware: Independent Flip,20570.0104,0.3061,0.1507,0.1554,24.1934,0.1117,0.1099,0.0018,40.5506,16.1119,16.9369,20570.0104,16.2455,NA,NA
SandFall-Win64-Shipping.exe,27068,0x1FE3BB43140,DXGI,0,512,1,Hardware: Independent Flip,20570.3165,33.0209,32.6131,0.4078,23.9990,32.2703,32.2425,0.0278,56.3564,16.3248,-15.8058,20570.3165,0.0871,46.0401,NA
SandFall-Win64-Shipping.exe,27068,0x1FE3BB43140,DXGI,0,512,1,Hardware: Independent Flip,20603.3374,0.3368,0.1743,0.1625,23.2484,0.1266,0.1221,0.0045,39.6603,16.8670,16.6961,20603.3374,16.2853,NA,NA
SandFall-Win64-Shipping.exe,27068,0x1FE3BB43140,DXGI,0,512,1,Hardware: Independent Flip,20603.6742,32.2629,31.9340,0.3289,23.0382,32.9507,32.9386,0.0121,56.1905,16.0448,-16.5302,20603.6742,0.2016,47.2649,NA
SandFall-Win64-Shipping.exe,27068,0x1FE3BB43140,DXGI,0,512,1,Hardware: Independent Flip,20635.9371,0.3434,0.1744,0.1690,23.7260,0.0957,0.0957,0.0000,39.9724,21.6933,16.2181,20635.9371,16.1507,NA,NA
SandFall-Win64-Shipping.exe,27068,0x1FE3BB43140,DXGI,0,512,1,Hardware: Independent Flip,20636.2805,32.9356,32.6857,0.2499,23.4783,37.8431,37.8356,0.0075,61.3223,16.4102,-21.3499,20636.2805,0.0009,52.0095,NA
SandFall-Win64-Shipping.exe,27068,0x1FE3BB43140,DXGI,0,512,1,Hardware: Independent Flip,20669.2161,0.3032,0.1518,0.1514,28.3858,0.1458,0.1417,0.0041,44.7969,27.6719,16.5254,20669.2161,16.2653,NA,NA
SandFall-Win64-Shipping.exe,27068,0x1FE3BB43140,DXGI,0,512,1,Hardware: Independent Flip,20669.5193,32.7064,32.4512,0.2552,28.2284,43.9362,43.9265,0.0097,72.1656,16.1605,-27.3687,20669.5193,0.0010,63.0907,NA
SandFall-Win64-Shipping.exe,27068,0x1FE3BB43140,DXGI,0,512,1,Hardware: Independent Flip,20702.2257,0.2988,0.1512,0.1476,39.4582,0.1208,0.1172,0.0036,55.6197,78.8126,16.5459,20702.2257,16.0407,NA,NA
SandFall-Win64-Shipping.exe,27068,0x1FE3BB43140,DXGI,0,512,1,Hardware: Independent Flip,20702.5245,46.3049,45.9667,0.3382,39.2802,94.8528,94.8448,0.0080,134.1335,17.6359,-78.5138,20702.5245,0.0005,146.0388,NA
SandFall-Win64-Shipping.exe,27068,0x1FE3BB43140,DXGI,0,512,1,Hardware: Independent Flip,20748.8294,0.4291,0.2303,0.1988,87.8281,0.1634,0.1634,0.0000,105.4645,21.7327,28.6690,20748.8294,17.4730,NA,NA
SandFall-Win64-Shipping.exe,27068,0x1FE3BB43140,DXGI,0,512,1,Hardware: Independent Flip,20749.2585,85.7030,85.4532,0.2498,87.5624,39.2052,39.2019,0.0033,126.7681,17.4444,-21.3036,20749.2585,0.0005,65.3958,NA
SandFall-Win64-Shipping.exe,27068,0x1FE3BB43140,DXGI,0,512,1,Hardware: Independent Flip,20834.9615,0.3178,0.1670,0.1508,41.0646,0.2395,0.2367,0.0028,58.5095,32.4704,68.2586,20834.9615,17.2054,NA,NA
SandFall-Win64-Shipping.exe,27068,0x1FE3BB43140,DXGI,0,512,1,Hardware: Independent Flip,20835.2793,67.5154,67.2116,0.3038,40.9863,49.6747,40.6166,9.0581,90.6621,16.8851,-32.1526,20835.2793,0.0011,43.3449,NA
SandFall-Win64-Shipping.exe,27068,0x1FE3BB43140,DXGI,0,512,1,Hardware: Independent Flip,20902.7947,0.4526,0.2695,0.1831,23.1456,0.1928,0.1906,0.0022,40.0318,21.0743,50.6303,20902.7947,16.6934,NA,NA
SandFall-Win64-Shipping.exe,27068,0x1FE3BB43140,DXGI,0,512,1,Hardware: Independent Flip,20903.2473,20.8947,20.6663,0.2284,22.8858,36.2668,36.2596,0.0072,60.6535,15.3577,-20.6217,20903.2473,1.5009,NA,NA
SandFall-Win64-Shipping.exe,27068,0x1FE3BB43140,DXGI,0,512,1,Hardware: Independent Flip,20924.1420,0.3552,0.1639,0.1913,38.2579,0.1349,0.1325,0.0024,55.1165,23.6888,5.5370,20924.1420,16.7237,NA,NA
SandFall-Win64-Shipping.exe,27068,0x1FE3BB43140,DXGI,0,512,1,Hardware: Independent Flip,20924.4972,36.1807,35.9231,0.2576,38.0376,39.3179,39.3114,0.0065,78.4501,36.9702,-23.3336,20924.4972,1.0946,64.3458,NA
SandFall-Win64-Shipping.exe,27068,0x1FE3BB43140,DXGI,0,512,1,Hardware: Independent Flip,20960.6779,0.3093,0.1555,0.1538,41.1748,0.1665,0.1641,0.0024,79.2396,1.0497,-0.7895,20960.6779,37.8983,NA,NA
SandFall-Win64-Shipping.exe,27068,0x1FE3BB43140,DXGI,0,512,1,Hardware: Independent Flip,20960.9872,39.3697,39.0747,0.2950,41.0320,37.4472,37.4351,0.0121,79.9800,27.6396,-0.7404,20960.9872,1.5008,62.3289,NA
SandFall-Win64-Shipping.exe,27068,0x1FE3BB43140,DXGI,0,512,1,Hardware: Independent Flip,21000.3569,0.3462,0.1849,0.1613,39.1095,0.1427,0.1398,0.0029,68.2499,10.8965,11.7301,21000.3569,28.9977,NA,NA
SandFall-Win64-Shipping.exe,27068,0x1FE3BB43140,DXGI,0,512,1,Hardware: Independent Flip,21000.7031,37.6266,37.2662,0.3604,38.9060,39.8938,39.8869,0.0069,78.8002,29.2969,-10.5503,21000.7031,0.0004,NA,NA
SandFall-Win64-Shipping.exe,27068,0x1FE3BB43140,DXGI,0,512,1,Hardware: Independent Flip,21038.3297,0.4539,0.2420,0.2119,41.1732,0.1337,0.1315,0.0022,70.4705,9.9506,8.3297,21038.3297,29.1636,NA,NA
SandFall-Win64-Shipping.exe,27068,0x1FE3BB43140,DXGI,0,512,1,Hardware: Independent Flip,21038.7836,38.9573,38.6991,0.2582,40.8530,37.6131,37.6050,0.0081,79.9672,23.4181,-9.4967,21038.7836,1.5011,NA,NA
SandFall-Win64-Shipping.exe,27068,0x1FE3BB43140,DXGI,0,512,1,Hardware: Independent Flip,21077.7409,0.3174,0.1649,0.1525,39.5088,0.1400,0.1373,0.0027,64.4280,11.5509,15.5392,21077.7409,24.7792,NA,NA
SandFall-Win64-Shipping.exe,27068,0x1FE3BB43140,DXGI,0,512,1,Hardware: Independent Flip,21078.0583,37.3872,37.1290,0.2582,39.3314,36.3294,36.3266,0.0028,75.6615,21.7194,-11.2335,21078.0583,0.0007,NA,NA
SandFall-Win64-Shipping.exe,27068,0x1FE3BB43140,DXGI,0,512,1,Hardware: Independent Flip,21115.4455,0.3180,0.1640,0.1540,38.2736,0.1517,0.1495,0.0022,59.9937,14.5070,15.6678,21115.4455,21.5684,NA,NA
SandFall-Win64-Shipping.exe,27068,0x1FE3BB43140,DXGI,0,512,1,Hardware: Independent Flip,21115.7635,36.1551,35.9065,0.2486,38.1073,36.0747,36.0721,0.0026,74.1827,20.8421,-14.1890,21115.7635,0.0007,NA,NA
SandFall-Win64-Shipping.exe,27068,0x1FE3BB43140,DXGI,0,512,1,Hardware: Independent Flip,21151.9186,0.3197,0.1646,0.1551,38.0269,0.1102,0.1083,0.0019,58.8697,16.0650,15.3130,21151.9186,20.7326,NA,NA
SandFall-Win64-Shipping.exe,27068,0x1FE3BB43140,DXGI,0,512,1,Hardware: Independent Flip,21152.2383,40.4970,40.2099,0.2871,37.8174,35.2964,35.2893,0.0071,74.6150,18.7184,-15.7453,21152.2383,1.5012,NA,NA
SandFall-Win64-Shipping.exe,27068,0x1FE3BB43140,DXGI,0,512,1,Hardware: Independent Flip,21192.7353,0.3344,0.1762,0.1582,32.6168,0.2180,0.2160,0.0020,52.8364,17.9638,21.7786,21192.7353,20.0016,NA,NA
SandFall-Win64-Shipping.exe,27068,0x1FE3BB43140,DXGI,0,512,1,Hardware: Independent Flip,21193.0697,38.9662,38.6938,0.2724,32.5004,36.4653,36.4584,0.0069,70.4658,18.4449,-17.6294,21193.0697,1.5001,NA,NA
SandFall-Win64-Shipping.exe,27068,0x1FE3BB43140,DXGI,0,512,1,Hardware: Independent Flip,21232.0359,0.3435,0.1716,0.1719,29.9995,0.1278,0.1262,0.0016,49.9445,18.1422,20.5213,21232.0359,19.8172,NA,NA
SandFall-Win64-Shipping.exe,27068,0x1FE3BB43140,DXGI,0,512,1,Hardware: Independent Flip,21232.3794,39.1323,38.8654,0.2669,29.7838,36.4587,36.4457,0.0130,67.7432,17.7091,-17.7987,21232.3794,1.5007,NA,NA
SandFall-Win64-Shipping.exe,27068,0x1FE3BB43140,DXGI,0,512,1,Hardware: Independent Flip,21271.5117,0.3091,0.1573,0.1518,27.1102,0.1113,0.1097,0.0016,46.3200,17.6384,21.4232,21271.5117,19.0985,NA,NA
SandFall-Win64-Shipping.exe,27068,0x1FE3BB43140,DXGI,0,512,1,Hardware: Independent Flip,21271.8208,32.8856,32.6308,0.2548,26.9124,35.2358,35.2281,0.0077,63.6493,17.3877,-17.3293,21271.8208,1.5011,71.7349,NA
SandFall-Win64-Shipping.exe,27068,0x1FE3BB43140,DXGI,0,512,1,Hardware: Independent Flip,21304.7064,0.3236,0.1687,0.1549,29.2626,0.1245,0.1229,0.0016,48.1514,17.7235,15.4979,21304.7064,18.7643,NA,NA
SandFall-Win64-Shipping.exe,27068,0x1FE3BB43140,DXGI,0,512,1,Hardware: Independent Flip,21305.0300,36.2021,35.8952,0.3069,29.0635,34.9862,34.9742,0.0120,65.5513,16.9755,-17.3999,21305.0300,1.5016,76.1051,NA
SandFall-Win64-Shipping.exe,27068,0x1FE3BB43140,DXGI,0,512,1,Hardware: Independent Flip,21341.2321,0.3245,0.1643,0.1602,27.8476,0.0944,0.0944,0.0000,46.3247,18.5926,19.2266,21341.2321,18.3827,NA,NA
SandFall-Win64-Shipping.exe,27068,0x1FE3BB43140,DXGI,0,512,1,Hardware: Independent Flip,21341.5566,37.6108,37.3629,0.2479,27.6175,35.4735,35.1843,0.2892,64.5928,16.9077,-18.2681,21341.5566,1.5018,80.9231,NA
SandFall-Win64-Shipping.exe,27068,0x1FE3BB43140,DXGI,0,512,1,Hardware: Independent Flip,21379.1674,0.3021,0.1536,0.1485,25.4802,0.0780,0.0724,0.0056,43.8897,19.4936,20.7031,21379.1674,18.3315,NA,NA
SandFall-Win64-Shipping.exe,27068,0x1FE3BB43140,DXGI,0,512,1,Hardware: Independent Flip,21379.4695,35.6092,35.3501,0.2591,25.2561,36.3241,35.3246,0.9995,63.0812,16.8821,-19.1915,21379.4695,1.5010,53.8999,NA
SandFall-Win64-Shipping.exe,27068,0x1FE3BB43140,DXGI,0,512,1,Hardware: Independent Flip,21415.0787,0.3126,0.1547,0.1579,25.9710,0.0722,0.0665,0.0057,44.3541,21.1682,18.7271,21415.0787,18.3109,NA,NA
SandFall-Win64-Shipping.exe,27068,0x1FE3BB43140,DXGI,0,512,1,Hardware: Independent Flip,21415.3913,36.4430,36.1797,0.2633,25.7306,37.9774,36.4534,1.5240,65.2097,16.6771,-20.8556,21415.3913,1.5017,78.4743,NA
SandFall-Win64-Shipping.exe,27068,0x1FE3BB43140,DXGI,0,512,1,Hardware: Independent Flip,21451.8343,0.3767,0.1994,0.1773,27.2650,0.1358,0.1324,0.0034,45.4438,18.5502,19.7659,21451.8343,18.0430,NA,NA
SandFall-Win64-Shipping.exe,27068,0x1FE3BB43140,DXGI,0,512,1,Hardware: Independent Flip,21452.2110,34.9162,34.6387,0.2775,27.0241,35.0921,35.0143,0.0778,63.6173,16.4754,-18.1735,21452.2110,1.5011,52.2377,NA
SandFall-Win64-Shipping.exe,27068,0x1FE3BB43140,DXGI,0,512,1,Hardware: Independent Flip,21487.1272,0.3179,0.1604,0.1575,27.2000,0.1348,0.1322,0.0026,45.1765,19.4364,18.4408,21487.1272,17.8417,NA,NA
SandFall-Win64-Shipping.exe,27068,0x1FE3BB43140,DXGI,0,512,1,Hardware: Independent Flip,21487.4451,36.4740,36.2135,0.2605,27.0169,35.7774,35.7669,0.0105,64.2950,16.2721,-19.1185,21487.4451,1.5007,52.1445,NA
SandFall-Win64-Shipping.exe,27068,0x1FE3BB43140,DXGI,0,512,1,Hardware: Independent Flip,21523.9191,0.3113,0.1553,0.1560,26.3203,0.1106,0.1073,0.0033,44.0931,45.7191,20.2019,21523.9191,17.6622,NA,NA
SandFall-Win64-Shipping.exe,27068,0x1FE3BB43140,DXGI,0,512,1,Hardware: Independent Flip,21524.2304,35.0960,34.8343,0.2617,26.1196,61.8807,61.8779,0.0028,89.5009,16.1053,-45.4078,21524.2304,1.5006,77.1340,NA
SandFall-Win64-Shipping.exe,27068,0x1FE3BB43140,DXGI,0,512,1,Hardware: Independent Flip,21559.3264,0.3308,0.1631,0.1677,52.9043,0.1013,0.0949,0.0064,70.5102,19.1123,18.9907,21559.3264,17.5046,NA,NA
SandFall-Win64-Shipping.exe,27068,0x1FE3BB43140,DXGI,0,512,1,Hardware: Independent Flip,21559.6572,51.5534,50.9646,0.5888,52.6748,35.1165,35.1094,0.0071,89.2917,16.0687,-18.7815,21559.6572,1.5004,43.3507,NA
SandFall-Win64-Shipping.exe,27068,0x1FE3BB43140,DXGI,0,512,1,Hardware: Independent Flip,21611.2106,0.4304,0.2268,0.2036,36.2379,0.1242,0.1213,0.0029,53.8070,18.0227,35.4847,21611.2106,17.4449,NA,NA
SandFall-Win64-Shipping.exe,27068,0x1FE3BB43140,DXGI,0,512,1,Hardware: Independent Flip,21611.6410,34.1851,33.9054,0.2797,35.9317,35.2462,35.2392,0.0070,71.3993,17.1640,-17.5923,21611.6410,0.2214,40.4219,NA
SandFall-Win64-Shipping.exe,27068,0x1FE3BB43140,DXGI,0,512,1,Hardware: Independent Flip,21645.8261,0.3661,0.1918,0.1743,36.9928,0.1745,0.1716,0.0029,54.3782,18.9189,17.0211,21645.8261,17.2109,NA,NA
SandFall-Win64-Shipping.exe,27068,0x1FE3BB43140,DXGI,0,512,1,Hardware: Independent Flip,21646.1922,35.0924,34.7576,0.3348,36.8012,36.1292,36.1264,0.0028,72.9310,17.5847,-18.5528,21646.1922,0.0006,59.5072,NA
SandFall-Win64-Shipping.exe,27068,0x1FE3BB43140,DXGI,0,512,1,Hardware: Independent Flip,21681.2846,0.3688,0.1998,0.1690,37.8380,0.1156,0.1129,0.0027,55.4233,18.8508,17.5077,21681.2846,17.4697,NA,NA
SandFall-Win64-Shipping.exe,27068,0x1FE3BB43140,DXGI,0,512,1,Hardware: Independent Flip,21681.6534,35.6575,35.4080,0.2495,37.5848,36.3198,36.3150,0.0048,73.9053,18.2883,-18.4820,21681.6534,0.0007,NA,NA
SandFall-Win64-Shipping.exe,27068,0x1FE3BB43140,DXGI,0,512,1,Hardware: Independent Flip,21717.3109,0.3214,0.1684,0.1530,38.2471,0.1228,0.1198,0.0030,56.5361,18.2091,17.3692,21717.3109,18.1662,NA,NA
SandFall-Win64-Shipping.exe,27068,0x1FE3BB43140,DXGI,0,512,1,Hardware: Independent Flip,21717.6323,36.1310,35.8989,0.2321,38.0485,36.3748,36.3719,0.0029,74.4238,22.9620,-17.8877,21717.6323,0.0005,91.4533,NA
SandFall-Win64-Shipping.exe,27068,0x1FE3BB43140,DXGI,0,512,1,Hardware: Independent Flip,21753.7633,0.3095,0.1628,0.1467,38.2923,0.1432,0.1432,0.0000,61.2548,14.2948,13.1690,21753.7633,22.8193,NA,NA
SandFall-Win64-Shipping.exe,27068,0x1FE3BB43140,DXGI,0,512,1,Hardware: Independent Flip,21754.0728,36.2391,35.9914,0.2477,38.1260,35.8525,35.8497,0.0028,75.2401,19.0257,-13.9853,21754.0728,1.2616,NA,NA
SandFall-Win64-Shipping.exe,27068,0x1FE3BB43140,DXGI,0,512,1,Hardware: Independent Flip,21790.3119,0.3193,0.1654,0.1539,37.7394,0.1247,0.1225,0.0022,58.0267,16.9647,17.2134,21790.3119,20.1626,NA,NA
SandFall-Win64-Shipping.exe,27068,0x1FE3BB43140,DXGI,0,512,1,Hardware: Independent Flip,21790.6312,35.5915,35.3394,0.2521,37.5448,35.6259,35.6233,0.0026,74.6721,18.1160,-16.6454,21790.6312,1.5014,NA,NA
SandFall-Win64-Shipping.exe,27068,0x1FE3BB43140,DXGI,0,512,1,Hardware: Independent Flip,21826.2227,0.3169,0.1668,0.1501,37.5792,0.1266,0.1237,0.0029,57.1966,17.5950,17.4755,21826.2227,19.4908,NA,NA
SandFall-Win64-Shipping.exe,27068,0x1FE3BB43140,DXGI,0,512,1,Hardware: Independent Flip,21826.5396,38.7506,38.4990,0.2516,37.3889,35.5847,35.5786,0.0061,74.4747,17.6355,-17.2781,21826.5396,1.5011,NA,NA
SandFall-Win64-Shipping.exe,27068,0x1FE3BB43140,DXGI,0,512,1,Hardware: Independent Flip,21865.2902,0.3309,0.1716,0.1593,34.2230,0.1502,0.1476,0.0026,53.3596,18.3987,21.1151,21865.2902,18.9864,NA,NA
SandFall-Win64-Shipping.exe,27068,0x1FE3BB43140,DXGI,0,512,1,Hardware: Independent Flip,21865.6211,35.9440,35.6840,0.2600,34.0423,35.8844,35.8759,0.0085,71.4274,17.2533,-18.0678,21865.6211,1.5007,NA,NA
SandFall-Win64-Shipping.exe,27068,0x1FE3BB43140,DXGI,0,512,1,Hardware: Independent Flip,21901.5651,0.3170,0.1660,0.1510,33.9827,0.1396,0.1373,0.0023,52.7367,18.2866,18.6907,21901.5651,18.6144,NA,NA
SandFall-Win64-Shipping.exe,27068,0x1FE3BB43140,DXGI,0,512,1,Hardware: Independent Flip,21901.8821,36.8114,36.5665,0.2449,33.8053,35.4008,35.3977,0.0031,70.7063,16.9160,-17.9696,21901.8821,1.5002,NA,NA
SandFall-Win64-Shipping.exe,27068,0x1FE3BB43140,DXGI,0,512,1,Hardware: Independent Flip,21938.6935,0.3139,0.1625,0.1514,32.3947,0.1305,0.1289,0.0016,50.8109,18.7395,19.8954,21938.6935,18.2857,NA,NA
SandFall-Win64-Shipping.exe,27068,0x1FE3BB43140,DXGI,0,512,1,Hardware: Independent Flip,21939.0074,36.3128,36.0572,0.2556,32.2113,35.5245,35.5188,0.0057,69.2365,16.7352,-18.4256,21939.0074,1.5007,NA,NA
SandFall-Win64-Shipping.exe,27068,0x1FE3BB43140,DXGI,0,512,1,Hardware: Independent Flip,21975.3202,0.3299,0.1695,0.1604,31.4230,0.1066,0.1048,0.0018,49.6589,18.7586,19.5776,21975.3202,18.1293,NA,NA
SandFall-Win64-Shipping.exe,27068,0x1FE3BB43140,DXGI,0,512,1,Hardware: Independent Flip,21975.6501,34.7024,34.4530,0.2494,31.1997,35.3870,35.3823,0.0047,68.0876,16.6336,-18.4287,21975.6501,1.5009,NA,NA
SandFall-Win64-Shipping.exe,27068,0x1FE3BB43140,DXGI,0,512,1,Hardware: Independent Flip,22010.3525,0.3226,0.1674,0.1552,31.8843,0.1582,0.1562,0.0020,50.0188,19.2763,18.0688,22010.3525,17.9763,NA,NA
SandFall-Win64-Shipping.exe,27068,0x1FE3BB43140,DXGI,0,512,1,Hardware: Independent Flip,22010.6751,41.3835,41.0765,0.3070,31.7199,36.1904,36.1834,0.0070,68.9725,17.0054,-18.9537,22010.6751,1.0622,NA,NA
SandFall-Win64-Shipping.exe,27068,0x1FE3BB43140,DXGI,0,512,1,Hardware: Independent Flip,22052.0586,0.3493,0.1682,0.1811,26.5268,0.1713,0.1713,0.0000,44.5944,18.0346,24.3781,22052.0586,17.8963,NA,NA
SandFall-Win64-Shipping.exe,27068,0x1FE3BB43140,DXGI,0,512,1,Hardware: Independent Flip,22052.4079,28.1021,27.8477,0.2544,26.3488,35.9299,35.9241,0.0058,62.2797,17.9751,-17.6853,22052.4079,0.0010,57.0888,NA
SandFall-Win64-Shipping.exe,27068,0x1FE3BB43140,DXGI,0,512,1,Hardware: Independent Flip,22080.5100,0.3641,0.1620,0.2021,34.1766,0.1151,0.1124,0.0027,52.1527,18.3680,10.1270,22080.5100,17.8610,NA,NA
SandFall-Win64-Shipping.exe,27068,0x1FE3BB43140,DXGI,0,512,1,Hardware: Independent Flip,22080.8741,35.6593,35.4033,0.2560,33.9276,36.2286,36.2236,0.0050,70.1566,17.9703,-18.0039,22080.8741,0.0004,56.4334,NA
SandFall-Win64-Shipping.exe,27068,0x1FE3BB43140,DXGI,0,512,1,Hardware: Independent Flip,22116.5334,0.3201,0.1699,0.1502,34.4969,0.1481,0.1458,0.0023,52.4676,19.9795,17.6890,22116.5334,17.8226,NA,NA
SandFall-Win64-Shipping.exe,27068,0x1FE3BB43140,DXGI,0,512,1,Hardware: Independent Flip,22116.8535,39.6266,39.3873,0.2393,34.3249,37.8013,37.7963,0.0050,72.1270,18.0806,-19.6594,22116.8535,0.0008,58.3818,NA
SandFall-Win64-Shipping.exe,27068,0x1FE3BB43140,DXGI,0,512,1,Hardware: Independent Flip,22156.4801,0.3137,0.1624,0.1513,32.4996,0.1146,0.1119,0.0027,50.5810,21.2634,21.5460,22156.4801,17.9668,NA,NA
SandFall-Win64-Shipping.exe,27068,0x1FE3BB43140,DXGI,0,512,1,Hardware: Independent Flip,22156.7938,35.6738,35.4011,0.2727,32.3005,39.2295,39.2261,0.0034,71.5307,19.0887,-20.9497,22156.7938,0.0007,63.7291,NA
SandFall-Win64-Shipping.exe,27068,0x1FE3BB43140,DXGI,0,512,1,Hardware: Independent Flip,22192.4676,0.4109,0.1800,0.2309,35.8562,0.1392,0.1374,0.0018,54.9456,22.4996,16.5851,22192.4676,18.9502,NA,NA
SandFall-Win64-Shipping.exe,27068,0x1FE3BB43140,DXGI,0,512,1,Hardware: Independent Flip,22192.8785,37.6906,37.4135,0.2771,35.5845,41.4488,41.4444,0.0044,77.0343,19.4270,-22.0887,22192.8785,0.0010,68.3135,NA
SandFall-Win64-Shipping.exe,27068,0x1FE3BB43140,DXGI,0,512,1,Hardware: Independent Flip,22230.5691,0.3518,0.1749,0.1769,39.3427,0.1535,0.1514,0.0021,58.7707,20.6545,18.2636,22230.5691,19.2745,NA,NA
SandFall-Win64-Shipping.exe,27068,0x1FE3BB43140,DXGI,0,512,1,Hardware: Independent Flip,22230.9209,38.4110,38.1333,0.2777,39.1444,39.9284,39.9253,0.0031,79.0734,19.4864,-20.3027,22230.9209,0.0006,72.3582,NA
SandFall-Win64-Shipping.exe,27068,0x1FE3BB43140,DXGI,0,512,1,Hardware: Independent Flip,22269.3319,0.3300,0.1653,0.1647,40.6618,0.1489,0.1466,0.0023,60.1488,19.5597,18.9246,22269.3319,19.3381,NA,NA
SandFall-Win64-Shipping.exe,27068,0x1FE3BB43140,DXGI,0,512,1,Hardware: Independent Flip,22269.6619,38.6383,38.3809,0.2574,40.4807,38.8968,38.8892,0.0076,79.3785,19.7426,-19.2297,22269.6619,0.0010,74.4421,NA
SandFall-Win64-Shipping.exe,27068,0x1FE3BB43140,DXGI,0,512,1,Hardware: Independent Flip,22308.3002,0.3480,0.1725,0.1755,40.7392,0.1449,0.1420,0.0029,60.4828,18.7949,18.8957,22308.3002,19.5987,NA,NA
SandFall-Win64-Shipping.exe,27068,0x1FE3BB43140,DXGI,0,512,1,Hardware: Independent Flip,22308.6482,38.6875,38.4310,0.2565,40.5361,38.3926,38.3897,0.0029,78.9297,19.8121,-18.4469,22308.6482,0.0010,75.9773,NA
SandFall-Win64-Shipping.exe,27068,0x1FE3BB43140,DXGI,0,512,1,Hardware: Independent Flip,22347.3357,0.3300,0.1694,0.1606,40.2412,0.1067,0.1038,0.0029,60.0543,16.6363,18.8754,22347.3357,19.7064,NA,NA
SandFall-Win64-Shipping.exe,27068,0x1FE3BB43140,DXGI,0,512,1,Hardware: Independent Flip,22347.6657,38.1501,37.8816,0.2685,40.0179,36.3416,36.3367,0.0049,76.3606,20.0211,-16.3063,22347.6657,0.0011,80.4250,NA
SandFall-Win64-Shipping.exe,27068,0x1FE3BB43140,DXGI,0,512,1,Hardware: Independent Flip,22385.8158,0.3610,0.1705,0.1905,38.2094,0.1070,0.1048,0.0022,58.2316,15.8470,18.1290,22385.8158,19.9152,NA,NA
SandFall-Win64-Shipping.exe,27068,0x1FE3BB43140,DXGI,0,512,1,Hardware: Independent Flip,22386.1768,36.1478,35.8872,0.2606,37.9554,35.7615,35.7585,0.0030,73.7176,20.7226,-15.4860,22386.1768,0.0007,76.2899,NA
SandFall-Win64-Shipping.exe,27068,0x1FE3BB43140,DXGI,0,512,1,Hardware: Independent Flip,22422.3246,0.3725,0.2137,0.1588,37.5691,0.1511,0.1482,0.0029,58.2924,15.3933,15.4252,22422.3246,20.5722,NA,NA
SandFall-Win64-Shipping.exe,27068,0x1FE3BB43140,DXGI,0,512,1,Hardware: Independent Flip,22422.6971,35.5296,35.2784,0.2512,37.3477,35.6846,35.6792,0.0054,73.3132,19.1588,-15.0208,22422.6971,0.2809,74.3804,NA
SandFall-Win64-Shipping.exe,27068,0x1FE3BB43140,DXGI,0,512,1,Hardware: Independent Flip,22458.2267,0.3219,0.1641,0.1578,37.5027,0.1004,0.0983,0.0021,56.9424,15.5388,16.3708,22458.2267,19.3393,NA,NA
SandFall-Win64-Shipping.exe,27068,0x1FE3BB43140,DXGI,0,512,1,Hardware: Independent Flip,22458.5486,35.6488,35.1322,0.5166,37.2812,33.3771,33.3708,0.0063,72.1593,17.9399,-15.2169,22458.5486,1.5010,75.0972,NA
SandFall-Win64-Shipping.exe,27068,0x1FE3BB43140,DXGI,0,512,1,Hardware: Independent Flip,22494.1974,0.3408,0.1842,0.1566,35.0095,0.1037,0.1008,0.0029,54.4504,15.6833,17.7089,22494.1974,19.3372,NA,NA
SandFall-Win64-Shipping.exe,27068,0x1FE3BB43140,DXGI,0,512,1,Hardware: Independent Flip,22494.5382,37.2633,36.9486,0.3147,34.7724,33.5198,33.5131,0.0067,69.7929,17.7955,-15.3425,22494.5382,1.5007,NA,NA
SandFall-Win64-Shipping.exe,27068,0x1FE3BB43140,DXGI,0,512,1,Hardware: Independent Flip,22531.8015,0.3526,0.1778,0.1748,31.0289,0.1498,0.1480,0.0018,50.3251,15.8563,19.4678,22531.8015,19.1464,NA,NA
SandFall-Win64-Shipping.exe,27068,0x1FE3BB43140,DXGI,0,512,1,Hardware: Independent Flip,22532.1541,34.8062,34.5188,0.2874,30.8261,33.5018,33.4952,0.0066,65.8288,17.4398,-15.5037,22532.1541,1.5009,60.3771,NA
SandFall-Win64-Shipping.exe,27068,0x1FE3BB43140,DXGI,0,512,1,Hardware: Independent Flip,22566.9603,0.3095,0.1592,0.1503,29.5217,0.1077,0.1059,0.0018,48.4624,16.0391,17.3664,22566.9603,18.8330,NA,NA
SandFall-Win64-Shipping.exe,27068,0x1FE3BB43140,DXGI,0,512,1,Hardware: Independent Flip,22567.2698,35.2541,34.9377,0.3164,29.3199,33.3715,33.3674,0.0041,64.1920,16.8951,-15.7296,22567.2698,1.5006,53.8658,NA
SandFall-Win64-Shipping.exe,27068,0x1FE3BB43140,DXGI,0,512,1,Hardware: Independent Flip,22602.5239,0.3367,0.1725,0.1642,27.4373,0.1221,0.1204,0.0017,45.8330,16.7570,18.3590,22602.5239,18.2736,NA,NA
SandFall-Win64-Shipping.exe,27068,0x1FE3BB43140,DXGI,0,512,1,Hardware: Independent Flip,22602.8606,36.6616,36.4029,0.2587,27.2227,33.5298,33.5228,0.0070,62.2533,16.3532,-16.4203,22602.8606,1.5008,51.5193,NA
SandFall-Win64-Shipping.exe,27068,0x1FE3BB43140,DXGI,0,512,1,Hardware: Independent Flip,22639.5222,0.3114,0.1555,0.1559,24.0909,0.1129,0.1112,0.0017,41.9449,16.8157,20.3084,22639.5222,17.7411,NA,NA
SandFall-Win64-Shipping.exe,27068,0x1FE3BB43140,DXGI,0,512,1,Hardware: Independent Flip,22639.8336,30.9619,30.6709,0.2910,23.8924,33.0559,33.0445,0.0114,58.4492,16.0591,-16.5043,22639.8336,1.5009,49.6845,NA
SandFall-Win64-Shipping.exe,27068,0x1FE3BB43140,DXGI,0,512,1,Hardware: Independent Flip,22670.7955,0.3354,0.1748,0.1606,25.9864,0.1358,0.1338,0.0020,43.5464,20.9991,14.9028,22670.7955,17.4242,NA,NA
SandFall-Win64-Shipping.exe,27068,0x1FE3BB43140,DXGI,0,512,1,Hardware: Independent Flip,22671.1309,36.7279,36.4750,0.2529,25.7868,36.9225,36.9155,0.0070,64.2101,15.8131,-20.6637,22671.1309,1.5008,51.7416,NA
SandFall-Win64-Shipping.exe,27068,0x1FE3BB43140,DXGI,0,512,1,Hardware: Independent Flip,22707.8588,0.3189,0.1628,0.1561,25.9814,0.1445,0.1426,0.0019,43.2953,20.4397,20.9148,22707.8588,17.1694,NA,NA
SandFall-Win64-Shipping.exe,27068,0x1FE3BB43140,DXGI,0,512,1,Hardware: Independent Flip,22708.1777,30.5202,30.2659,0.2543,25.8070,36.1083,36.1048,0.0035,63.4161,15.6178,-20.1208,22708.1777,1.5008,53.9964,NA
SandFall-Win64-Shipping.exe,27068,0x1FE3BB43140,DXGI,0,512,1,Hardware: Independent Flip,22738.6979,0.3344,0.1743,0.1601,31.3951,0.1266,0.1243,0.0023,48.5137,19.8483,14.9024,22738.6979,16.9920,NA,NA
SandFall-Win64-Shipping.exe,27068,0x1FE3BB43140,DXGI,0,512,1,Hardware: Independent Flip,22739.0323,38.1430,37.8880,0.2550,31.1873,36.6223,36.6147,0.0076,68.0276,16.7565,-19.5139,22739.0323,0.2180,55.4617,NA
SandFall-Win64-Shipping.exe,27068,0x1FE3BB43140,DXGI,0,512,1,Hardware: Independent Flip,22777.1753,0.3079,0.1521,0.1558,29.6666,0.1102,0.1077,0.0025,46.6411,25.3469,21.3865,22777.1753,16.8643,NA,NA
SandFall-Win64-Shipping.exe,27068,0x1FE3BB43140,DXGI,0,512,1,Hardware: Independent Flip,22777.4832,31.4231,31.1558,0.2673,29.4689,42.2101,42.2072,0.0029,71.6801,16.7379,-25.0390,22777.4832,0.0011,63.5602,NA
SandFall-Win64-Shipping.exe,27068,0x1FE3BB43140,DXGI,0,512,1,Hardware: Independent Flip,22808.9063,0.3422,0.1514,0.1908,40.2559,0.1197,0.1168,0.0029,56.9949,23.4287,14.6852,22808.9063,16.6193,NA,NA
SandFall-Win64-Shipping.exe,27068,0x1FE3BB43140,DXGI,0,512,1,Hardware: Independent Flip,22809.2485,38.0831,37.8360,0.2471,40.0334,38.6939,38.6862,0.0077,80.0814,15.7617,-23.0865,22809.2485,1.3541,69.7329,NA
SandFall-Win64-Shipping.exe,27068,0x1FE3BB43140,DXGI,0,512,1,Hardware: Independent Flip,22847.3316,0.7057,0.2696,0.4361,40.6442,0.1325,0.1325,0.0000,57.7600,23.6079,22.3214,22847.3316,16.9833,NA,NA
SandFall-Win64-Shipping.exe,27068,0x1FE3BB43140,DXGI,0,512,1,Hardware: Independent Flip,22848.0373,38.0592,37.8146,0.2446,40.0710,39.4087,39.4012,0.0075,80.6622,15.8927,-22.9022,22848.0373,1.1825,75.1000,NA
SandFall-Win64-Shipping.exe,27068,0x1FE3BB43140,DXGI,0,512,1,Hardware: Independent Flip,22886.0965,0.3146,0.1604,0.1542,41.4205,0.1142,0.1117,0.0025,58.4957,23.3042,22.1665,22886.0965,16.9610,NA,NA
SandFall-Win64-Shipping.exe,27068,0x1FE3BB43140,DXGI,0,512,1,Hardware: Independent Flip,22886.4111,39.5030,39.1872,0.3158,41.2201,40.2644,40.2559,0.0085,81.4853,18.5613,-22.9896,22886.4111,0.0008,46.2996,NA
SandFall-Win64-Shipping.exe,27068,0x1FE3BB43140,DXGI,0,512,1,Hardware: Independent Flip,22925.9141,0.3560,0.1877,0.1683,41.9815,0.1536,0.1512,0.0024,60.5436,19.1333,20.9417,22925.9141,18.4085,NA,NA
SandFall-Win64-Shipping.exe,27068,0x1FE3BB43140,DXGI,0,512,1,Hardware: Independent Flip,22926.2701,40.5488,40.1115,0.4373,41.7791,37.5415,37.5284,0.0131,79.3209,18.7203,-18.7773,22926.2701,0.0003,50.9935,NA
SandFall-Win64-Shipping.exe,27068,0x1FE3BB43140,DXGI,0,512,1,Hardware: Independent Flip,22966.8189,0.3986,0.2093,0.1893,38.7718,0.1574,0.1540,0.0034,57.4924,19.4873,21.8285,22966.8189,18.5632,NA,NA
SandFall-Win64-Shipping.exe,27068,0x1FE3BB43140,DXGI,0,512,1,Hardware: Independent Flip,22967.2175,37.0344,36.7191,0.3153,38.5306,38.0504,38.0293,0.0211,76.5811,19.5755,-19.0887,22967.2175,0.0001,80.1868,NA
SandFall-Win64-Shipping.exe,27068,0x1FE3BB43140,DXGI,0,512,1,Hardware: Independent Flip,23004.2519,0.3766,0.2016,0.1750,39.5466,0.1431,0.1403,0.0028,59.1222,16.2983,17.4589,23004.2519,19.4325,NA,NA
SandFall-Win64-Shipping.exe,27068,0x1FE3BB43140,DXGI,0,512,1,Hardware: Independent Flip,23004.6285,37.5808,37.3066,0.2742,39.3131,35.7301,35.7220,0.0081,75.0439,19.5002,-15.9217,23004.6285,0.0007,NA,NA
SandFall-Win64-Shipping.exe,27068,0x1FE3BB43140,DXGI,0,512,1,Hardware: Independent Flip,23042.2093,0.3243,0.1642,0.1601,37.4624,0.1191,0.1153,0.0038,56.9633,18.6799,18.0806,23042.2093,19.3818,NA,NA
SandFall-Win64-Shipping.exe,27068,0x1FE3BB43140,DXGI,0,512,1,Hardware: Independent Flip,23042.5336,36.2409,35.5259,0.7150,37.2572,38.0612,38.0541,0.0071,75.3189,19.8935,-18.3556,23042.5336,0.0005,NA,NA
SandFall-Win64-Shipping.exe,27068,0x1FE3BB43140,DXGI,0,512,1,Hardware: Independent Flip,23078.7745,0.5204,0.2863,0.2341,39.0775,0.1460,0.1428,0.0032,58.9715,14.0550,16.3474,23078.7745,19.7480,NA,NA
SandFall-Win64-Shipping.exe,27068,0x1FE3BB43140,DXGI,0,512,1,Hardware: Independent Flip,23079.2949,37.7810,37.5068,0.2742,38.7031,33.8016,33.7951,0.0065,72.5061,20.1600,-13.5346,23079.2949,0.0014,NA,NA
SandFall-Win64-Shipping.exe,27068,0x1FE3BB43140,DXGI,0,512,1,Hardware: Independent Flip,23117.0759,0.3508,0.1769,0.1739,34.7237,0.1178,0.1156,0.0022,54.8851,16.5997,17.6210,23117.0759,20.0436,NA,NA
SandFall-Win64-Shipping.exe,27068,0x1FE3BB43140,DXGI,0,512,1,Hardware: Independent Flip,23117.4267,32.8097,32.5211,0.2886,34.4907,36.6421,36.6348,0.0073,71.1340,20.0862,-16.2489,23117.4267,0.0012,NA,NA
SandFall-Win64-Shipping.exe,27068,0x1FE3BB43140,DXGI,0,512,1,Hardware: Independent Flip,23150.2364,0.3324,0.1711,0.1613,38.3231,0.1368,0.1338,0.0030,58.4105,15.1657,12.7235,23150.2364,19.9506,NA,NA
SandFall-Win64-Shipping.exe,27068,0x1FE3BB43140,DXGI,0,512,1,Hardware: Independent Flip,23150.5688,36.4944,36.2235,0.2709,38.1275,34.2945,34.2894,0.0051,73.2438,18.1555,-14.8333,23150.5688,0.8218,45.2026,NA
SandFall-Win64-Shipping.exe,27068,0x1FE3BB43140,DXGI,0,512,1,Hardware: Independent Flip,23187.0632,0.3598,0.1802,0.1796,35.9276,0.1298,0.1273,0.0025,54.9049,18.2097,18.3389,23187.0632,18.8475,NA,NA
SandFall-Win64-Shipping.exe,27068,0x1FE3BB43140,DXGI,0,512,1,Hardware: Independent Flip,23187.4230,33.7954,33.5300,0.2654,35.6976,35.5562,35.5492,0.0070,72.7548,17.0594,-17.8499,23187.4230,1.5010,NA,NA
SandFall-Win64-Shipping.exe,27068,0x1FE3BB43140,DXGI,0,512,1,Hardware: Independent Flip,23221.2184,0.4173,0.1736,0.2437,37.4584,0.1517,0.1483,0.0034,56.0188,18.8856,16.7360,23221.2184,18.4087,NA,NA
SandFall-Win64-Shipping.exe,27068,0x1FE3BB43140,DXGI,0,512,1,Hardware: Independent Flip,23221.6357,35.2554,34.9947,0.2607,37.1928,35.7936,35.7906,0.0030,74.4871,17.2622,-18.4683,23221.6357,1.5007,71.4434,NA
SandFall-Win64-Shipping.exe,27068,0x1FE3BB43140,DXGI,0,512,1,Hardware: Independent Flip,23256.8911,0.3336,0.1661,0.1675,37.7310,0.1702,0.1682,0.0020,56.4939,16.0813,17.9932,23256.8911,18.5927,NA,NA
SandFall-Win64-Shipping.exe,27068,0x1FE3BB43140,DXGI,0,512,1,Hardware: Independent Flip,23257.2247,35.7729,35.4948,0.2781,37.5676,33.1733,33.1665,0.0068,72.2416,16.7091,-15.7477,23257.2247,1.5007,NA,NA
SandFall-Win64-Shipping.exe,27068,0x1FE3BB43140,DXGI,0,512,1,Hardware: Independent Flip,23292.9976,0.4834,0.1774,0.3060,34.9680,0.1166,0.1144,0.0022,53.1778,17.1756,19.0638,23292.9976,18.0932,58.5682,NA
SandFall-Win64-Shipping.exe,27068,0x1FE3BB43140,DXGI,0,512,1,Hardware: Independent Flip,23293.4810,32.7213,32.4600,0.2613,34.6012,33.7683,33.7655,0.0028,69.8700,16.8164,-16.6922,23293.4810,1.5005,NA,NA
SandFall-Win64-Shipping.exe,27068,0x1FE3BB43140,DXGI,0,512,1,Hardware: Independent Flip,23326.2023,0.3347,0.1728,0.1619,35.6482,0.1018,0.0996,0.0022,53.9651,17.0201,15.9049,23326.2023,18.2151,NA,NA
SandFall-Win64-Shipping.exe,27068,0x1FE3BB43140,DXGI,0,512,1,Hardware: Independent Flip,23326.5370,33.5786,33.3190,0.2596,35.4153,33.7346,33.7291,0.0055,70.6505,16.4925,-16.6854,23326.5370,1.5006,82.5438,NA
SandFall-Win64-Shipping.exe,27068,0x1FE3BB43140,DXGI,0,512,1,Hardware: Independent Flip,23360.1156,0.3272,0.1682,0.1590,35.5713,0.1326,0.1326,0.0000,53.5644,17.0460,17.0861,23360.1156,17.8605,NA,NA
SandFall-Win64-Shipping.exe,27068,0x1FE3BB43140,DXGI,0,512,1,Hardware: Independent Flip,23360.4428,33.4550,33.2056,0.2494,35.3767,33.4058,33.4010,0.0048,70.2832,16.4830,-16.7188,23360.4428,1.5007,NA,NA
SandFall-Win64-Shipping.exe,27068,0x1FE3BB43140,DXGI,0,512,1,Hardware: Independent Flip,23393.8978,0.3258,0.1653,0.1605,35.3275,0.1155,0.1125,0.0030,53.3112,17.3085,16.9720,23393.8978,17.8682,NA,NA
SandFall-Win64-Shipping.exe,27068,0x1FE3BB43140,DXGI,0,512,1,Hardware: Independent Flip,23394.2236,33.1296,32.8834,0.2462,35.1172,33.6757,33.6719,0.0038,70.2939,16.5028,-16.9827,23394.2236,1.5010,67.9173,NA
SandFall-Win64-Shipping.exe,27068,0x1FE3BB43140,DXGI,0,512,1,Hardware: Independent Flip,23427.3532,0.3103,0.1609,0.1494,35.6633,0.1370,0.1370,0.0000,53.6671,16.9763,16.6268,23427.3532,17.8668,NA,NA
SandFall-Win64-Shipping.exe,27068,0x1FE3BB43140,DXGI,0,512,1,Hardware: Independent Flip,23427.6635,33.5540,33.3097,0.2443,35.4900,33.3421,33.3362,0.0059,70.3331,16.0499,-16.6660,23427.6635,1.5010,63.3955,NA
SandFall-Win64-Shipping.exe,27068,0x1FE3BB43140,DXGI,0,512,1,Hardware: Independent Flip,23461.2175,0.3144,0.1619,0.1525,35.2781,0.1600,0.1574,0.0026,52.8290,17.4665,17.5041,23461.2175,17.3909,NA,NA
SandFall-Win64-Shipping.exe,27068,0x1FE3BB43140,DXGI,0,512,1,Hardware: Independent Flip,23461.5319,33.2932,33.0490,0.2442,35.1237,33.3567,33.3502,0.0065,69.9811,15.9058,-17.1521,23461.5319,1.5007,60.9192,NA
SandFall-Win64-Shipping.exe,27068,0x1FE3BB43140,DXGI,0,512,1,Hardware: Independent Flip,23494.8251,0.3179,0.1640,0.1539,35.1872,0.1467,0.1438,0.0029,52.5937,16.6646,17.3874,23494.8251,17.2598,NA,NA
SandFall-Win64-Shipping.exe,27068,0x1FE3BB43140,DXGI,0,512,1,Hardware: Independent Flip,23495.1430,34.6902,34.4133,0.2769,35.0160,32.7888,32.7828,0.0060,68.9404,16.1459,-16.3467,23495.1430,1.1356,59.4537,NA
SandFall-Win64-Shipping.exe,27068,0x1FE3BB43140,DXGI,0,512,1,Hardware: Independent Flip,23529.8332,0.5209,0.3586,0.1623,33.1146,0.1575,0.1535,0.0040,50.3961,19.4860,18.5443,23529.8332,17.1240,NA,NA
SandFall-Win64-Shipping.exe,27068,0x1FE3BB43140,DXGI,0,512,1,Hardware: Independent Flip,23530.3541,35.5962,35.3276,0.2686,32.7512,35.8456,35.8392,0.0064,69.3612,16.3806,-18.9651,23530.3541,0.7644,60.1150,NA
SandFall-Win64-Shipping.exe,27068,0x1FE3BB43140,DXGI,0,512,1,Hardware: Independent Flip,23565.9503,0.3118,0.1611,0.1507,33.0006,0.1479,0.1462,0.0017,50.1456,18.7916,19.2156,23565.9503,16.9971,NA,NA
SandFall-Win64-Shipping.exe,27068,0x1FE3BB43140,DXGI,0,512,1,Hardware: Independent Flip,23566.2621,37.3823,37.1317,0.2506,32.8367,35.7878,35.7817,0.0061,68.6254,17.9802,-18.4798,23566.2621,0.0009,61.2730,NA
SandFall-Win64-Shipping.exe,27068,0x1FE3BB43140,DXGI,0,512,1,Hardware: Independent Flip,23603.6444,0.3172,0.1651,0.1521,31.2422,0.1575,0.1545,0.0030,49.2233,16.8818,19.4021,23603.6444,17.8236,NA,NA
SandFall-Win64-Shipping.exe,27068,0x1FE3BB43140,DXGI,0,512,1,Hardware: Independent Flip,23603.9616,29.1795,28.8928,0.2867,31.0825,34.7045,34.6964,0.0081,65.7879,18.3724,-16.5646,23603.9616,0.0009,92.1407,NA
SandFall-Win64-Shipping.exe,27068,0x1FE3BB43140,DXGI,0,512,1,Hardware: Independent Flip,23633.1411,0.3168,0.1634,0.1534,36.6075,0.1057,0.1037,0.0020,54.9808,27.5689,10.8071,23633.1411,18.2676,NA,NA
SandFall-Win64-Shipping.exe,27068,0x1FE3BB43140,DXGI,0,512,1,Hardware: Independent Flip,23633.4579,34.4643,34.2163,0.2480,36.3964,45.8347,45.8284,0.0063,82.2329,16.7716,-27.2521,23633.4579,0.0018,NA,NA
SandFall-Win64-Shipping.exe,27068,0x1FE3BB43140,DXGI,0,512,1,Hardware: Independent Flip,23667.9222,0.3163,0.1634,0.1529,47.7668,0.1962,0.1922,0.0040,64.5402,29.6760,17.6927,23667.9222,16.5772,NA,NA
SandFall-Win64-Shipping.exe,27068,0x1FE3BB43140,DXGI,0,512,1,Hardware: Independent Flip,23668.2385,45.7153,45.4480,0.2673,47.6467,46.2529,46.2499,0.0030,93.8999,18.2336,-29.3597,23668.2385,0.0003,NA,NA
SandFall-Win64-Shipping.exe,27068,0x1FE3BB43140,DXGI,0,512,1,Hardware: Independent Flip,23713.9538,0.3604,0.1997,0.1607,48.1843,0.1026,0.1005,0.0021,66.4182,27.3426,27.4817,23713.9538,18.1313,NA,NA
SandFall-Win64-Shipping.exe,27068,0x1FE3BB43140,DXGI,0,512,1,Hardware: Independent Flip,23714.3142,46.1078,45.8530,0.2548,47.9265,45.4730,45.4684,0.0046,93.4004,17.1769,-26.9822,23714.3142,0.0009,NA,NA
SandFall-Win64-Shipping.exe,27068,0x1FE3BB43140,DXGI,0,512,1,Hardware: Independent Flip,23760.4220,0.3271,0.1653,0.1618,47.2917,0.1468,0.1441,0.0027,64.4695,18.7384,28.9309,23760.4220,17.0310,NA,NA
SandFall-Win64-Shipping.exe,27068,0x1FE3BB43140,DXGI,0,512,1,Hardware: Independent Flip,23760.7491,45.3067,45.0508,0.2559,47.1114,34.2688,34.2660,0.0028,82.8808,15.8843,-18.4113,23760.7491,1.5006,NA,NA
SandFall-Win64-Shipping.exe,27068,0x1FE3BB43140,DXGI,0,512,1,Hardware: Independent Flip,23806.0558,0.3260,0.1715,0.1545,36.0735,0.1073,0.1044,0.0029,53.4584,18.4119,29.4224,23806.0558,17.2776,NA,NA
SandFall-Win64-Shipping.exe,27068,0x1FE3BB43140,DXGI,0,512,1,Hardware: Independent Flip,23806.3818,33.9133,33.6708,0.2425,35.8548,34.1889,34.1863,0.0026,71.5443,15.9077,-18.0859,23806.3818,1.5006,73.3230,NA
SandFall-Win64-Shipping.exe,27068,0x1FE3BB43140,DXGI,0,512,1,Hardware: Independent Flip,23840.2951,0.3167,0.1640,0.1527,36.1304,0.1325,0.1294,0.0031,53.5387,436.5873,18.0056,23840.2951,17.2758,NA,NA
SandFall-Win64-Shipping.exe,27068,0x1FE3BB43140,DXGI,0,512,1,Hardware: Independent Flip,23840.6118,34.1668,33.9106,0.2562,35.9462,453.8623,453.8598,0.0025,489.8093,18.8465,-436.2706,23840.6118,0.0008,NA,NA
SandFall-Win64-Shipping.exe,27068,0x1FE3BB43140,DXGI,0,512,1,Hardware: Independent Flip,23874.7786,0.3179,0.1653,0.1526,455.6417,0.1175,0.1144,0.0031,474.4890,24.5861,15.3203,23874.7786,18.7298,NA,NA
SandFall-Win64-Shipping.exe,27068,0x1FE3BB43140,DXGI,0,512,1,Hardware: Independent Flip,23875.0965,464.0042,463.5164,0.4878,455.4413,43.1084,43.1034,0.0050,498.7572,18.9481,-24.2682,23875.0965,0.2075,NA,NA
SandFall-Win64-Shipping.exe,27068,0x1FE3BB43140,DXGI,0,512,1,Hardware: Independent Flip,24339.1007,10.7233,10.3703,0.3530,34.5455,0.1431,0.1407,0.0024,53.7011,14.6958,445.0561,24339.1007,19.0125,NA,NA
SandFall-Win64-Shipping.exe,27068,0x1FE3BB43140,DXGI,0,512,1,Hardware: Independent Flip,24349.8240,23.1863,22.9267,0.2596,23.9653,33.7076,33.7049,0.0027,57.6736,20.7465,-3.9725,24349.8240,0.0007,NA,NA
SandFall-Win64-Shipping.exe,27068,0x1FE3BB43140,DXGI,0,512,1,Hardware: Independent Flip,24373.0103,10.8959,10.6414,0.2545,34.4866,0.1534,0.1512,0.0022,55.2338,23.1352,2.4398,24373.0103,20.5938,NA,NA
SandFall-Win64-Shipping.exe,27068,0x1FE3BB43140,DXGI,0,512,1,Hardware: Independent Flip,24383.9062,32.6077,32.1562,0.4515,23.7441,42.2284,42.2257,0.0027,67.4731,48.4908,-12.2393,24383.9062,1.5006,86.7773,NA
SandFall-Win64-Shipping.exe,27068,0x1FE3BB43140,DXGI,0,512,1,Hardware: Independent Flip,24416.5139,10.4707,10.2315,0.2392,33.3648,0.1450,0.1450,0.0000,NA,NA,-15.8831,24416.5139,49.8464,NA,NA
SandFall-Win64-Shipping.exe,27068,0x1FE3BB43140,DXGI,0,512,1,Hardware: Independent Flip,24426.9846,31.4670,31.0904,0.3766,23.0391,35.3179,35.3122,0.0057,72.8855,6.7852,NA,24426.9846,14.5285,NA,NA
SandFall-Win64-Shipping.exe,27068,0x1FE3BB43140,DXGI,0,512,1,Hardware: Independent Flip,24458.4516,10.7068,10.4605,0.2463,26.8900,0.0917,0.0867,0.0050,48.2037,16.6830,24.6818,24458.4516,21.2220,51.0540,NA
SandFall-Win64-Shipping.exe,27068,0x1FE3BB43140,DXGI,0,512,1,Hardware: Independent Flip,24469.1584,24.8698,24.5995,0.2703,16.2749,37.9042,37.8952,0.0090,54.1799,19.0363,-5.9762,24469.1584,0.0008,NA,NA
SandFall-Win64-Shipping.exe,27068,0x1FE3BB43140,DXGI,0,512,1,Hardware: Independent Flip,24494.0282,10.8390,10.5906,0.2484,29.3093,10.1687,10.1643,0.0044,48.3464,27.1301,5.8335,24494.0282,8.8684,NA,NA
SandFall-Win64-Shipping.exe,27068,0x1FE3BB43140,DXGI,0,512,1,Hardware: Independent Flip,24504.8672,27.0113,26.6195,0.3918,28.6390,34.4975,34.4851,0.0124,64.6375,35.7114,-16.2911,24504.8672,1.5010,40.9024,NA
SandFall-Win64-Shipping.exe,27068,0x1FE3BB43140,DXGI,0,512,1,Hardware: Independent Flip,24531.8785,11.1714,10.6372,0.5342,36.1252,0.1066,0.1019,0.0047,73.3376,0.1318,-8.7001,24531.8785,37.1058,NA,NA
SandFall-Win64-Shipping.exe,27068,0x1FE3BB43140,DXGI,0,512,1,Hardware: Independent Flip,24543.0499,23.2542,23.0088,0.2454,25.0604,37.2359,37.2299,0.0060,62.2980,35.6893,11.0396,24543.0499,0.0017,NA,NA
SandFall-Win64-Shipping.exe,27068,0x1FE3BB43140,DXGI,0,512,1,Hardware: Independent Flip,24566.3041,0.3501,0.1788,0.1713,39.0421,0.1221,0.1159,0.0062,74.7331,9.1056,-12.4351,24566.3041,35.5689,NA,NA
SandFall-Win64-Shipping.exe,27068,0x1FE3BB43140,DXGI,0,512,1,Hardware: Independent Flip,24566.6542,61.5202,61.2546,0.2656,38.8141,44.0822,36.2575,7.8247,83.4886,35.0998,-8.7555,24566.6542,0.5923,53.5434,NA
SandFall-Win64-Shipping.exe,27068,0x1FE3BB43140,DXGI,0,512,1,Hardware: Independent Flip,24628.1744,0.3221,0.1634,0.1587,21.3761,0.0651,0.0604,0.0047,57.0682,27.4805,26.4204,24628.1744,35.6270,NA,NA
SandFall-Win64-Shipping.exe,27068,0x1FE3BB43140,DXGI,0,512,1,Hardware: Independent Flip,24628.4965,60.8827,60.4902,0.3925,21.1191,63.1062,35.7356,27.3706,84.2266,32.5384,-27.1584,24628.4965,0.0013,103.1009,NA
SandFall-Win64-Shipping.exe,27068,0x1FE3BB43140,DXGI,0,512,1,Hardware: Independent Flip,24689.3792,0.3236,0.1692,0.1544,23.3426,0.0949,0.0885,0.0064,55.8823,16.8186,28.3443,24689.3792,32.4448,NA,NA
SandFall-Win64-Shipping.exe,27068,0x1FE3BB43140,DXGI,0,512,1,Hardware: Independent Flip,24689.7028,44.3312,44.0719,0.2593,23.1139,47.7627,35.4110,12.3517,72.3773,23.4698,-16.4950,24689.7028,1.5007,NA,NA
SandFall-Win64-Shipping.exe,27068,0x1FE3BB43140,DXGI,0,512,1,Hardware: Independent Flip,24734.0340,0.3420,0.1570,0.1850,26.5454,0.0838,0.0792,0.0046,51.5159,23.5089,20.8614,24734.0340,24.8867,NA,NA
SandFall-Win64-Shipping.exe,27068,0x1FE3BB43140,DXGI,0,512,1,Hardware: Independent Flip,24734.3760,45.1170,44.8496,0.2674,26.2872,47.0499,37.2463,9.8036,74.6828,22.4976,-23.1669,24734.3760,1.3457,NA,NA
SandFall-Win64-Shipping.exe,27068,0x1FE3BB43140,DXGI,0,512,1,Hardware: Independent Flip,24779.4930,0.3081,0.1535,0.1546,28.2201,0.1240,0.1138,0.0102,52.0634,14.2648,22.6194,24779.4930,23.7193,NA,NA
SandFall-Win64-Shipping.exe,27068,0x1FE3BB43140,DXGI,0,512,1,Hardware: Independent Flip,24779.8011,40.8233,40.5180,0.3053,28.0360,37.9828,33.9884,3.9944,66.0201,20.9519,-13.9567,24779.8011,0.0013,NA,NA
SandFall-Win64-Shipping.exe,27068,0x1FE3BB43140,DXGI,0,512,1,Hardware: Independent Flip,24820.6244,0.3083,0.1532,0.1551,25.1955,0.1062,0.0971,0.0091,46.1487,18.4107,19.8714,24820.6244,20.8470,NA,NA
SandFall-Win64-Shipping.exe,27068,0x1FE3BB43140,DXGI,0,512,1,Hardware: Independent Flip,24820.9327,38.9179,38.6509,0.2670,24.9934,38.3375,33.0070,5.3305,64.2511,18.9051,-18.1024,24820.9327,0.9202,NA,NA
SandFall-Win64-Shipping.exe,27068,0x1FE3BB43140,DXGI,0,512,1,Hardware: Independent Flip,24859.8506,0.3412,0.1592,0.1820,24.4130,0.0783,0.0719,0.0064,44.2383,18.7618,20.0128,24859.8506,19.7470,NA,NA
SandFall-Win64-Shipping.exe,27068,0x1FE3BB43140,DXGI,0,512,1,Hardware: Independent Flip,24860.1918,38.0304,37.7848,0.2456,24.1501,38.3039,33.4992,4.8047,62.6589,18.8520,-18.4206,24860.1918,0.2049,NA,NA
SandFall-Win64-Shipping.exe,27068,0x1FE3BB43140,DXGI,0,512,1,Hardware: Independent Flip,24898.2222,0.3495,0.1625,0.1870,24.4236,0.1408,0.1323,0.0085,43.4805,20.2814,19.1784,24898.2222,18.9161,NA,NA
SandFall-Win64-Shipping.exe,27068,0x1FE3BB43140,DXGI,0,512,1,Hardware: Independent Flip,24898.5717,38.1951,37.9283,0.2668,24.2149,38.8972,33.6680,5.2292,63.4124,18.5063,-19.9319,24898.5717,0.3003,NA,NA
SandFall-Win64-Shipping.exe,27068,0x1FE3BB43140,DXGI,0,512,1,Hardware: Independent Flip,24936.7668,0.3287,0.1531,0.1756,24.9170,0.0760,0.0700,0.0060,43.7236,16.8554,19.6888,24936.7668,18.7306,NA,NA
SandFall-Win64-Shipping.exe,27068,0x1FE3BB43140,DXGI,0,512,1,Hardware: Independent Flip,24937.0955,35.5949,35.2934,0.3015,24.6643,35.5847,33.9652,1.6195,60.2503,18.4325,-16.5267,24937.0955,0.0013,NA,NA
SandFall-Win64-Shipping.exe,27068,0x1FE3BB43140,DXGI,0,512,1,Hardware: Independent Flip,24972.6904,0.3280,0.1680,0.1600,24.6541,0.1205,0.1179,0.0026,43.0879,15.0231,17.1624,24972.6904,18.3133,NA,NA
SandFall-Win64-Shipping.exe,27068,0x1FE3BB43140,DXGI,0,512,1,Hardware: Independent Flip,24973.0184,33.1164,32.8536,0.2628,24.4466,32.9028,32.8942,0.0086,57.7830,16.8292,-14.6951,24973.0184,0.4336,NA,NA
SandFall-Win64-Shipping.exe,27068,0x1FE3BB43140,DXGI,0,512,1,Hardware: Independent Flip,25006.1348,0.3070,0.1531,0.1539,24.2330,0.0715,0.0695,0.0020,41.4958,19.4680,16.2872,25006.1348,17.1913,NA,NA
SandFall-Win64-Shipping.exe,27068,0x1FE3BB43140,DXGI,0,512,1,Hardware: Independent Flip,25006.4418,34.4196,34.1689,0.2507,23.9975,35.1585,33.3312,1.8273,60.6568,15.3751,-19.1610,25006.4418,1.5008,NA,NA
SandFall-Win64-Shipping.exe,27068,0x1FE3BB43140,DXGI,0,512,1,Hardware: Independent Flip,25040.8614,0.2989,0.1518,0.1471,24.7364,0.0865,0.0848,0.0017,41.6123,18.1266,19.0445,25040.8614,16.7894,NA,NA
SandFall-Win64-Shipping.exe,27068,0x1FE3BB43140,DXGI,0,512,1,Hardware: Independent Flip,25041.1603,32.5174,32.2126,0.3048,24.5240,34.0776,34.0651,0.0125,59.4400,15.7353,-17.8277,25041.1603,0.8384,NA,NA
SandFall-Win64-Shipping.exe,27068,0x1FE3BB43140,DXGI,0,512,1,Hardware: Independent Flip,25073.6777,0.3182,0.1590,0.1592,26.0842,0.1656,0.1639,0.0017,42.6579,16.8501,16.7821,25073.6777,16.4081,NA,NA
SandFall-Win64-Shipping.exe,27068,0x1FE3BB43140,DXGI,0,512,1,Hardware: Independent Flip,25073.9959,32.9272,32.6735,0.2537,25.9316,33.2570,33.2500,0.0070,59.1898,16.9663,-16.5319,25073.9959,0.0012,NA,NA
SandFall-Win64-Shipping.exe,27068,0x1FE3BB43140,DXGI,0,512,1,Hardware: Independent Flip,25106.9231,0.3104,0.1547,0.1557,26.2614,0.0960,0.0941,0.0019,43.2289,16.8774,15.9609,25106.9231,16.8715,NA,NA
SandFall-Win64-Shipping.exe,27068,0x1FE3BB43140,DXGI,0,512,1,Hardware: Independent Flip,25107.2335,32.3485,32.0792,0.2693,26.0470,33.7482,33.7285,0.0197,59.7959,17.2934,-16.5670,25107.2335,0.0007,NA,NA
SandFall-Win64-Shipping.exe,27068,0x1FE3BB43140,DXGI,0,512,1,Hardware: Independent Flip,25139.5820,0.3315,0.1539,0.1776,27.4467,0.1080,0.1063,0.0017,44.7408,21.3387,15.0551,25139.5820,17.1861,NA,NA
SandFall-Win64-Shipping.exe,27068,0x1FE3BB43140,DXGI,0,512,1,Hardware: Independent Flip,25139.9135,31.3919,31.1298,0.2621,27.2232,38.5243,38.5181,0.0062,65.7480,17.1435,-21.0072,25139.9135,0.0005,NA,NA
SandFall-Win64-Shipping.exe,27068,0x1FE3BB43140,DXGI,0,512,1,Hardware: Independent Flip,25171.3054,0.3157,0.1612,0.1545,34.3556,0.1079,0.1056,0.0023,51.4996,16.1865,14.2484,25171.3054,17.0361,NA,NA
SandFall-Win64-Shipping.exe,27068,0x1FE3BB43140,DXGI,0,512,1,Hardware: Independent Flip,25171.6211,32.6085,32.3665,0.2420,34.1478,33.2217,33.2160,0.0057,67.3704,17.7264,-15.8708,25171.6211,0.0009,62.3881,NA
SandFall-Win64-Shipping.exe,27068,0x1FE3BB43140,DXGI,0,512,1,Hardware: Independent Flip,25204.2296,0.3563,0.1978,0.1585,34.7610,0.1171,0.1149,0.0022,52.4883,15.9005,14.8821,25204.2296,17.6102,NA,NA
SandFall-Win64-Shipping.exe,27068,0x1FE3BB43140,DXGI,0,512,1,Hardware: Independent Flip,25204.5859,32.5504,32.3007,0.2497,34.5218,33.5097,33.5038,0.0059,68.0325,17.6885,-15.5442,25204.5859,0.0010,NA,NA
SandFall-Win64-Shipping.exe,27068,0x1FE3BB43140,DXGI,0,512,1,Hardware: Independent Flip,25237.1363,0.3303,0.1709,0.1594,35.4811,0.1101,0.1075,0.0026,53.1706,16.4350,14.8619,25237.1363,17.5794,NA,NA
SandFall-Win64-Shipping.exe,27068,0x1FE3BB43140,DXGI,0,512,1,Hardware: Independent Flip,25237.4666,42.9872,42.7160,0.2712,35.2609,34.0138,33.9946,0.0192,69.2753,17.7436,-16.1047,25237.4666,0.0006,60.1323,NA
SandFall-Win64-Shipping.exe,27068,0x1FE3BB43140,DXGI,0,512,1,Hardware: Independent Flip,25280.4538,0.3748,0.2092,0.1656,26.2875,0.2173,0.2173,0.0000,44.0317,17.1387,25.2436,25280.4538,17.5269,NA,NA
SandFall-Win64-Shipping.exe,27068,0x1FE3BB43140,DXGI,0,512,1,Hardware: Independent Flip,25280.8286,38.5851,38.2425,0.3426,26.1300,34.6645,34.6567,0.0078,60.7956,17.1525,-16.7639,25280.8286,0.0011,25.0208,NA
SandFall-Win64-Shipping.exe,27068,0x1FE3BB43140,DXGI,0,512,1,Hardware: Independent Flip,25319.4137,0.5042,0.1897,0.3145,22.2094,0.1698,0.1662,0.0036,39.3630,17.1131,21.4326,25319.4137,16.9838,NA,NA
SandFall-Win64-Shipping.exe,27068,0x1FE3BB43140,DXGI,0,512,1,Hardware: Independent Flip,25319.9179,21.0803,20.8350,0.2453,21.8750,34.0956,34.0795,0.0161,55.9719,17.4225,-16.6089,25319.9179,0.0013,NA,NA
SandFall-Win64-Shipping.exe,27068,0x1FE3BB43140,DXGI,0,512,1,Hardware: Independent Flip,25340.9982,0.3516,0.1931,0.1585,34.8903,0.2429,0.2404,0.0025,52.3141,18.2873,3.6578,25340.9982,17.1809,NA,NA
SandFall-Win64-Shipping.exe,27068,0x1FE3BB43140,DXGI,0,512,1,Hardware: Independent Flip,25341.3498,36.2272,35.9280,0.2992,34.7816,35.4680,35.4560,0.0120,70.2498,17.4475,-17.9357,25341.3498,0.0002,60.9969,NA
SandFall-Win64-Shipping.exe,27068,0x1FE3BB43140,DXGI,0,512,1,Hardware: Independent Flip,25377.5770,0.3984,0.1934,0.2050,34.0224,0.1172,0.1147,0.0025,51.4701,18.3906,18.7797,25377.5770,17.3305,NA,NA
SandFall-Win64-Shipping.exe,27068,0x1FE3BB43140,DXGI,0,512,1,Hardware: Independent Flip,25377.9754,41.3498,40.9988,0.3510,33.7412,35.7198,35.7100,0.0098,69.4623,17.9975,-17.9922,25377.9754,0.0013,30.8186,NA
SandFall-Win64-Shipping.exe,27068,0x1FE3BB43140,DXGI,0,512,1,Hardware: Independent Flip,25419.3252,0.4741,0.2412,0.2329,28.1112,0.1391,0.1367,0.0024,46.1100,19.5276,23.3523,25419.3252,17.8597,NA,NA
SandFall-Win64-Shipping.exe,27068,0x1FE3BB43140,DXGI,0,512,1,Hardware: Independent Flip,25419.7993,32.3827,32.0207,0.3620,27.7762,37.3861,37.3791,0.0070,65.1635,18.4518,-19.0535,25419.7993,0.0012,NA,NA
SandFall-Win64-Shipping.exe,27068,0x1FE3BB43140,DXGI,0,512,1,Hardware: Independent Flip,25452.1820,0.3663,0.1865,0.1798,32.7796,0.1405,0.1385,0.0020,51.2326,18.2778,13.9309,25452.1820,18.3125,73.7775,NA
SandFall-Win64-Shipping.exe,27068,0x1FE3BB43140,DXGI,0,512,1,Hardware: Independent Flip,25452.5483,33.7158,33.4576,0.2582,32.5538,36.5897,36.5834,0.0063,69.1441,18.4225,-17.9115,25452.5483,0.0006,NA,NA
SandFall-Win64-Shipping.exe,27068,0x1FE3BB43140,DXGI,0,512,1,Hardware: Independent Flip,25486.2641,0.3642,0.1760,0.1882,35.4277,0.1354,0.1331,0.0023,53.8508,17.7112,15.2933,25486.2641,18.2877,54.5001,NA
SandFall-Win64-Shipping.exe,27068,0x1FE3BB43140,DXGI,0,512,1,Hardware: Independent Flip,25486.6283,34.5997,34.2336,0.3661,35.1989,35.9975,35.9878,0.0097,71.1978,18.5536,-17.3470,25486.6283,0.0014,NA,NA
SandFall-Win64-Shipping.exe,27068,0x1FE3BB43140,DXGI,0,512,1,Hardware: Independent Flip,25521.2280,0.7209,0.2392,0.4817,36.5967,0.1448,0.1416,0.0032,55.1517,18.0518,16.0461,25521.2280,18.4102,55.7709,NA
SandFall-Win64-Shipping.exe,27068,0x1FE3BB43140,DXGI,0,512,1,Hardware: Independent Flip,25521.9489,34.1842,33.9101,0.2741,36.0206,36.4609,36.4496,0.0113,72.4826,18.7628,-17.3309,25521.9489,0.0011,65.8096,NA
SandFall-Win64-Shipping.exe,27068,0x1FE3BB43140,DXGI,0,512,1,Hardware: Independent Flip,25556.1331,0.3465,0.1822,0.1643,38.2973,0.1145,0.1120,0.0025,57.0612,18.1020,15.4214,25556.1331,18.6494,NA,NA
SandFall-Win64-Shipping.exe,27068,0x1FE3BB43140,DXGI,0,512,1,Hardware: Independent Flip,25556.4796,39.1979,38.7221,0.4758,38.0653,36.7501,36.7440,0.0061,74.8167,18.7803,-17.7555,25556.4796,0.0013,44.6777,NA
SandFall-Win64-Shipping.exe,27068,0x1FE3BB43140,DXGI,0,512,1,Hardware: Independent Flip,25595.6775,0.5215,0.2646,0.2569,35.6175,0.1527,0.1491,0.0036,54.3991,16.8264,20.4176,25595.6775,18.6289,NA,NA
SandFall-Win64-Shipping.exe,27068,0x1FE3BB43140,DXGI,0,512,1,Hardware: Independent Flip,25596.1990,33.4557,33.1564,0.2993,35.2487,35.4547,35.4463,0.0084,70.7040,19.0443,-16.3049,25596.1990,0.0006,56.2873,NA
SandFall-Win64-Shipping.exe,27068,0x1FE3BB43140,DXGI,0,512,1,Hardware: Independent Flip,25629.6547,0.3781,0.2007,0.1774,37.2477,0.1094,0.1071,0.0023,56.2926,16.5652,14.4114,25629.6547,18.9355,NA,NA
SandFall-Win64-Shipping.exe,27068,0x1FE3BB43140,DXGI,0,512,1,Hardware: Independent Flip,25630.0328,35.2024,34.9031,0.2993,36.9790,35.5000,35.4948,0.0052,72.4797,18.2162,-16.1871,25630.0328,0.0007,NA,NA
SandFall-Win64-Shipping.exe,27068,0x1FE3BB43140,DXGI,0,512,1,Hardware: Independent Flip,25665.2352,0.3628,0.1871,0.1757,37.2766,0.3153,0.3112,0.0041,55.4935,17.2707,16.9862,25665.2352,17.9016,NA,NA
SandFall-Win64-Shipping.exe,27068,0x1FE3BB43140,DXGI,0,512,1,Hardware: Independent Flip,25665.5980,35.2455,34.9643,0.2812,37.2291,34.2005,34.1938,0.0067,72.4014,17.0217,-16.9079,25665.5980,0.9718,NA,NA
SandFall-Win64-Shipping.exe,27068,0x1FE3BB43140,DXGI,0,512,1,Hardware: Independent Flip,25700.8435,0.4127,0.2175,0.1952,36.1841,0.2219,0.2179,0.0040,54.1776,24.2375,18.2238,25700.8435,17.7716,NA,NA
SandFall-Win64-Shipping.exe,27068,0x1FE3BB43140,DXGI,0,512,1,Hardware: Independent Flip,25701.2562,61.1127,60.6783,0.4344,35.9933,41.4451,38.8578,2.5873,78.0024,17.4299,-23.8248,25701.2562,0.5640,NA,NA
SandFall-Win64-Shipping.exe,27068,0x1FE3BB43140,DXGI,0,512,1,Hardware: Independent Flip,25762.3689,0.5920,0.3102,0.2818,16.3257,0.1601,0.1571,0.0030,34.3196,16.3654,43.6828,25762.3689,17.8338,NA,NA
SandFall-Win64-Shipping.exe,27068,0x1FE3BB43140,DXGI,0,512,1,Hardware: Independent Flip,25762.9609,19.4466,19.1890,0.2576,15.8938,34.1977,34.1920,0.0057,50.0930,19.6088,-15.7734,25762.9609,0.0015,41.4502,NA
SandFall-Win64-Shipping.exe,27068,0x1FE3BB43140,DXGI,0,512,1,Hardware: Independent Flip,25782.4075,0.4360,0.2044,0.2316,30.6449,0.1349,0.1324,0.0025,50.2552,14.4511,-0.1622,25782.4075,19.4754,NA,NA
SandFall-Win64-Shipping.exe,27068,0x1FE3BB43140,DXGI,0,512,1,Hardware: Independent Flip,25782.8435,28.6599,28.3864,0.2735,30.3438,33.9254,33.9215,0.0039,64.2703,19.6112,-14.0151,25782.8435,0.0011,39.5151,NA
SandFall-Win64-Shipping.exe,27068,0x1FE3BB43140,DXGI,0,512,1,Hardware: Independent Flip,25811.5034,0.4450,0.2009,0.2441,35.6093,0.1172,0.1148,0.0024,55.2216,16.3119,9.0487,25811.5034,19.4951,NA,NA
SandFall-Win64-Shipping.exe,27068,0x1FE3BB43140,DXGI,0,512,1,Hardware: Independent Flip,25811.9484,33.5033,33.2061,0.2972,35.2815,34.7854,34.7826,0.0028,71.0885,16.9407,-15.8669,25811.9484,1.0216,69.4277,NA
SandFall-Win64-Shipping.exe,27068,0x1FE3BB43140,DXGI,0,512,1,Hardware: Independent Flip,25845.4517,0.5621,0.1790,0.3831,36.5636,0.1443,0.1411,0.0032,54.5259,18.4813,16.5626,25845.4517,17.8180,NA,NA
SandFall-Win64-Shipping.exe,27068,0x1FE3BB43140,DXGI,0,512,1,Hardware: Independent Flip,25846.0138,34.3190,34.0602,0.2588,36.1458,34.7985,34.7929,0.0056,72.4451,16.2843,-17.9192,25846.0138,1.5008,NA,NA
SandFall-Win64-Shipping.exe,27068,0x1FE3BB43140,DXGI,0,512,1,Hardware: Independent Flip,25880.3328,0.3178,0.1668,0.1510,36.6253,0.1066,0.1045,0.0021,54.4104,17.6536,18.0347,25880.3328,17.6785,NA,NA
SandFall-Win64-Shipping.exe,27068,0x1FE3BB43140,DXGI,0,512,1,Hardware: Independent Flip,25880.6506,34.6168,34.3687,0.2481,36.4141,33.8314,33.8284,0.0030,71.7462,16.7702,-17.3358,25880.6506,1.5007,NA,NA
SandFall-Win64-Shipping.exe,27068,0x1FE3BB43140,DXGI,0,512,1,Hardware: Independent Flip,25915.2674,0.3139,0.1598,0.1541,35.6287,0.1160,0.1137,0.0023,53.8996,26.2841,17.8466,25915.2674,18.1549,NA,NA
SandFall-Win64-Shipping.exe,27068,0x1FE3BB43140,DXGI,0,512,1,Hardware: Independent Flip,25915.5813,33.5328,33.2787,0.2541,35.4308,44.4379,44.4280,0.0099,79.8698,17.8948,-25.9702,25915.5813,0.0011,NA,NA
SandFall-Win64-Shipping.exe,27068,0x1FE3BB43140,DXGI,0,512,1,Hardware: Independent Flip,25949.1141,0.3190,0.1676,0.1514,46.3359,0.1067,0.1018,0.0049,64.2318,17.3034,15.6380,25949.1141,17.7892,NA,NA
SandFall-Win64-Shipping.exe,27068,0x1FE3BB43140,DXGI,0,512,1,Hardware: Independent Flip,25949.4331,44.4286,44.1667,0.2619,46.1236,33.5917,33.5841,0.0076,81.2162,16.0983,-16.9844,25949.4331,1.5009,NA,NA
SandFall-Win64-Shipping.exe,27068,0x1FE3BB43140,DXGI,0,512,1,Hardware: Independent Flip,25993.8617,0.3537,0.1931,0.1606,35.2867,0.1494,0.1494,0.0000,52.8859,24.6406,28.3303,25993.8617,17.4498,NA,NA
SandFall-Win64-Shipping.exe,27068,0x1FE3BB43140,DXGI,0,512,1,Hardware: Independent Flip,25994.2154,33.9766,33.7129,0.2637,35.0824,41.9602,41.9575,0.0027,77.1728,17.5133,-24.2869,25994.2154,0.1302,NA,NA
SandFall-Win64-Shipping.exe,27068,0x1FE3BB43140,DXGI,0,512,1,Hardware: Independent Flip,26028.1920,0.3232,0.1714,0.1518,43.0660,0.1519,0.1489,0.0030,60.7095,16.4005,16.4633,26028.1920,17.4916,NA,NA
SandFall-Win64-Shipping.exe,27068,0x1FE3BB43140,DXGI,0,512,1,Hardware: Independent Flip,26028.5152,41.0580,40.8033,0.2547,42.8947,33.8912,33.8855,0.0057,76.7868,17.6557,-16.0773,26028.5152,0.0009,NA,NA
SandFall-Win64-Shipping.exe,27068,0x1FE3BB43140,DXGI,0,512,1,Hardware: Independent Flip,26069.5732,0.3200,0.1654,0.1546,35.7279,0.1201,0.1178,0.0023,53.3845,20.3059,23.4023,26069.5732,17.5365,NA,NA
SandFall-Win64-Shipping.exe,27068,0x1FE3BB43140,DXGI,0,512,1,Hardware: Independent Flip,26069.8932,33.7600,33.5017,0.2583,35.5280,37.2913,37.2851,0.0062,73.3704,16.9766,-19.9859,26069.8932,0.5511,NA,NA
SandFall-Win64-Shipping.exe,27068,0x1FE3BB43140,DXGI,0,512,1,Hardware: Independent Flip,26103.6532,0.3130,0.1645,0.1485,39.0593,0.1179,0.1158,0.0021,56.5870,15.5445,16.7834,26103.6532,17.4098,NA,NA
SandFall-Win64-Shipping.exe,27068,0x1FE3BB43140,DXGI,0,512,1,Hardware: Independent Flip,26103.9662,37.0517,36.7959,0.2558,38.8642,32.9537,32.9424,0.0113,71.8185,18.5258,-15.2315,26103.9662,0.0006,NA,NA
SandFall-Win64-Shipping.exe,27068,0x1FE3BB43140,DXGI,0,512,1,Hardware: Independent Flip,26141.0179,0.3245,0.1688,0.1557,34.7662,0.1405,0.1383,0.0022,53.2926,18.3188,18.5259,26141.0179,18.3859,NA,NA
SandFall-Win64-Shipping.exe,27068,0x1FE3BB43140,DXGI,0,512,1,Hardware: Independent Flip,26141.3424,33.0511,32.7946,0.2565,34.5822,36.3227,36.3151,0.0076,71.2869,18.7360,-17.9943,26141.3424,0.3820,NA,NA
SandFall-Win64-Shipping.exe,27068,0x1FE3BB43140,DXGI,0,512,1,Hardware: Independent Flip,26174.3935,0.3123,0.1641,0.1482,37.8538,0.1378,0.1341,0.0037,56.9718,15.0064,14.3151,26174.3935,18.9802,NA,NA
SandFall-Win64-Shipping.exe,27068,0x1FE3BB43140,DXGI,0,512,1,Hardware: Independent Flip,26174.7058,36.4373,35.9808,0.4565,37.6793,33.3739,33.3698,0.0041,71.6659,17.8136,-14.6941,26174.7058,0.6127,NA,NA
SandFall-Win64-Shipping.exe,27068,0x1FE3BB43140,DXGI,0,512,1,Hardware: Independent Flip,26211.1431,0.3957,0.2061,0.1896,34.6159,0.1816,0.1786,0.0030,53.0422,16.6914,18.6237,26211.1431,18.2447,NA,NA
SandFall-Win64-Shipping.exe,27068,0x1FE3BB43140,DXGI,0,512,1,Hardware: Independent Flip,26211.5388,32.5080,32.2340,0.2740,34.4018,33.4352,33.4324,0.0028,69.3379,17.8961,-16.2957,26211.5388,1.5009,NA,NA
SandFall-Win64-Shipping.exe,27068,0x1FE3BB43140,DXGI,0,512,1,Hardware: Independent Flip,26244.0468,0.3314,0.1677,0.1637,35.3290,0.1159,0.1138,0.0021,54.7260,17.5577,14.6119,26244.0468,19.2811,NA,NA
SandFall-Win64-Shipping.exe,27068,0x1FE3BB43140,DXGI,0,512,1,Hardware: Independent Flip,26244.3782,33.2640,33.0111,0.2529,35.1135,35.3382,35.3350,0.0032,71.9523,17.1371,-17.2263,26244.3782,1.5006,NA,NA
SandFall-Win64-Shipping.exe,27068,0x1FE3BB43140,DXGI,0,512,1,Hardware: Independent Flip,26277.6422,0.3159,0.1659,0.1500,37.1877,0.1165,0.1143,0.0022,55.8254,16.1050,16.1269,26277.6422,18.5212,NA,NA
SandFall-Win64-Shipping.exe,27068,0x1FE3BB43140,DXGI,0,512,1,Hardware: Independent Flip,26277.9581,35.4397,35.1701,0.2696,36.9883,33.1250,33.1189,0.0061,71.6145,16.5442,-15.7891,26277.9581,1.5012,70.9387,NA
SandFall-Win64-Shipping.exe,27068,0x1FE3BB43140,DXGI,0,512,1,Hardware: Independent Flip,26313.3978,0.4131,0.1887,0.2244,34.6736,0.1095,0.1035,0.0060,52.7190,16.1301,18.8955,26313.3978,17.9359,NA,NA
SandFall-Win64-Shipping.exe,27068,0x1FE3BB43140,DXGI,0,512,1,Hardware: Independent Flip,26313.8109,32.6268,32.3709,0.2559,34.3700,32.5648,32.5576,0.0072,68.4360,16.6991,-15.7170,26313.8109,1.5012,67.6500,NA
SandFall-Win64-Shipping.exe,27068,0x1FE3BB43140,DXGI,0,512,1,Hardware: Independent Flip,26346.4377,0.3341,0.1686,0.1655,34.3080,0.1289,0.1261,0.0028,52.5083,16.6025,15.9277,26346.4377,18.0714,NA,NA
SandFall-Win64-Shipping.exe,27068,0x1FE3BB43140,DXGI,0,512,1,Hardware: Independent Flip,26346.7718,32.1655,31.9047,0.2608,34.1028,33.1729,33.1701,0.0028,68.7767,16.2703,-16.2684,26346.7718,1.5010,65.9397,NA
SandFall-Win64-Shipping.exe,27068,0x1FE3BB43140,DXGI,0,512,1,Hardware: Independent Flip,26378.9373,0.3216,0.1663,0.1553,35.1102,0.1598,0.1579,0.0019,52.8815,16.9448,15.8952,26378.9373,17.6115,NA,NA
SandFall-Win64-Shipping.exe,27068,0x1FE3BB43140,DXGI,0,512,1,Hardware: Independent Flip,26379.2589,33.0504,32.7853,0.2651,34.9484,33.0557,33.0503,0.0054,69.5047,16.0540,-16.6232,26379.2589,1.5006,71.1195,NA
SandFall-Win64-Shipping.exe,27068,0x1FE3BB43140,DXGI,0,512,1,Hardware: Independent Flip,26412.3093,0.3356,0.1640,0.1716,34.9537,0.1802,0.1782,0.0020,52.5083,16.9874,16.9964,26412.3093,17.3744,NA,NA
SandFall-Win64-Shipping.exe,27068,0x1FE3BB43140,DXGI,0,512,1,Hardware: Independent Flip,26412.6449,32.9191,32.5781,0.3410,34.7983,32.8609,32.8580,0.0029,69.1601,16.1929,-16.6518,26412.6449,1.5009,64.2031,NA
SandFall-Win64-Shipping.exe,27068,0x1FE3BB43140,DXGI,0,512,1,Hardware: Independent Flip,26445.5640,0.8144,0.1898,0.6246,34.7401,0.1412,0.1388,0.0024,52.4339,19.5394,16.7262,26445.5640,17.5526,NA,NA
SandFall-Win64-Shipping.exe,27068,0x1FE3BB43140,DXGI,0,512,1,Hardware: Independent Flip,26446.3784,33.4316,33.1898,0.2418,34.0669,35.5913,35.5869,0.0044,71.1589,15.8760,-18.7250,26446.3784,1.5007,65.9268,NA
SandFall-Win64-Shipping.exe,27068,0x1FE3BB43140,DXGI,0,512,1,Hardware: Independent Flip,26479.8100,0.3595,0.1583,0.2012,36.2266,0.0938,0.0886,0.0052,53.6033,16.4172,17.5556,26479.8100,17.2829,NA,NA
SandFall-Win64-Shipping.exe,27068,0x1FE3BB43140,DXGI,0,512,1,Hardware: Independent Flip,26480.1695,33.9981,33.7511,0.2470,35.9609,33.4902,33.4813,0.0089,69.6610,16.9068,-16.0577,26480.1695,0.2099,64.2303,NA
SandFall-Win64-Shipping.exe,27068,0x1FE3BB43140,DXGI,0,512,1,Hardware: Independent Flip,26514.1676,0.3093,0.1628,0.1465,35.4530,0.1431,0.1403,0.0028,52.5697,15.7594,17.0913,26514.1676,16.9736,NA,NA
SandFall-Win64-Shipping.exe,27068,0x1FE3BB43140,DXGI,0,512,1,Hardware: Independent Flip,26514.4769,33.3423,33.0956,0.2467,35.2868,32.2502,32.2475,0.0027,68.0198,16.5560,-15.4501,26514.4769,0.4828,NA,NA
SandFall-Win64-Shipping.exe,27068,0x1FE3BB43140,DXGI,0,512,1,Hardware: Independent Flip,26547.8192,0.3122,0.1597,0.1525,34.1947,0.1511,0.1483,0.0028,51.2335,17.3543,16.7863,26547.8192,16.8877,NA,NA
SandFall-Win64-Shipping.exe,27068,0x1FE3BB43140,DXGI,0,512,1,Hardware: Independent Flip,26548.1314,33.1583,32.9175,0.2408,34.0336,33.3275,33.3223,0.0052,68.2756,16.0582,-17.0421,26548.1314,0.9145,83.7632,NA
SandFall-Win64-Shipping.exe,27068,0x1FE3BB43140,DXGI,0,512,1,Hardware: Independent Flip,26581.2897,0.3057,0.1603,0.1454,34.2028,0.1085,0.1062,0.0023,51.1755,16.4942,17.1001,26581.2897,16.8642,NA,NA
SandFall-Win64-Shipping.exe,27068,0x1FE3BB43140,DXGI,0,512,1,Hardware: Independent Flip,26581.5954,33.3627,32.8491,0.5136,34.0056,33.0663,33.0622,0.0041,67.3640,16.6184,-16.1885,26581.5954,0.2921,NA,NA
SandFall-Win64-Shipping.exe,27068,0x1FE3BB43140,DXGI,0,512,1,Hardware: Independent Flip,26614.9581,0.3875,0.1785,0.2090,33.7092,0.1369,0.1348,0.0021,50.6197,16.2498,16.7443,26614.9581,16.7736,NA,NA
SandFall-Win64-Shipping.exe,27068,0x1FE3BB43140,DXGI,0,512,1,Hardware: Independent Flip,26615.3456,34.6577,34.4044,0.2533,33.4586,32.6525,32.6461,0.0064,66.4820,16.8836,-15.8623,26615.3456,0.3709,63.2218,NA
SandFall-Win64-Shipping.exe,27068,0x1FE3BB43140,DXGI,0,512,1,Hardware: Independent Flip,26650.0033,0.3344,0.1879,0.1465,31.4534,0.1268,0.1250,0.0018,48.7079,16.5132,17.7741,26650.0033,17.1277,NA,NA
SandFall-Win64-Shipping.exe,27068,0x1FE3BB43140,DXGI,0,512,1,Hardware: Independent Flip,26650.3377,33.7622,33.5217,0.2405,31.2458,32.9447,32.9388,0.0059,64.8867,16.4523,-16.1788,26650.3377,0.6962,64.6130,NA
SandFall-Win64-Shipping.exe,27068,0x1FE3BB43140,DXGI,0,512,1,Hardware: Independent Flip,26684.0999,0.3140,0.1601,0.1539,30.4283,0.1391,0.1372,0.0019,47.5768,16.4646,17.3099,26684.0999,17.0094,NA,NA
SandFall-Win64-Shipping.exe,27068,0x1FE3BB43140,DXGI,0,512,1,Hardware: Independent Flip,26684.4139,33.2509,32.9881,0.2628,30.2534,32.7856,32.7789,0.0067,63.7274,16.2102,-16.1506,26684.4139,0.6884,54.5379,NA
SandFall-Win64-Shipping.exe,27068,0x1FE3BB43140,DXGI,0,512,1,Hardware: Independent Flip,26717.6648,0.3300,0.1672,0.1628,29.7881,0.1247,0.1247,0.0000,46.6867,17.7397,17.0407,26717.6648,16.7739,NA,NA
SandFall-Win64-Shipping.exe,27068,0x1FE3BB43140,DXGI,0,512,1,Hardware: Independent Flip,26717.9948,33.4367,33.1930,0.2437,29.5828,33.9430,33.9362,0.0068,64.0964,16.2942,-17.4097,26717.9948,0.5706,54.4835,NA
SandFall-Win64-Shipping.exe,27068,0x1FE3BB43140,DXGI,0,512,1,Hardware: Independent Flip,26751.4315,0.3112,0.1603,0.1509,30.0891,0.1755,0.1736,0.0019,46.9539,16.3083,17.1425,26751.4315,16.6893,NA,NA
SandFall-Win64-Shipping.exe,27068,0x1FE3BB43140,DXGI,0,512,1,Hardware: Independent Flip,26751.7427,34.0285,33.7681,0.2604,29.9534,32.9961,32.9930,0.0031,62.9510,16.9131,-15.9971,26751.7427,0.0015,55.0884,NA
SandFall-Win64-Shipping.exe,27068,0x1FE3BB43140,DXGI,0,512,1,Hardware: Independent Flip,26785.7712,0.3207,0.1666,0.1541,28.9210,0.1130,0.1107,0.0023,45.8356,16.7672,17.1154,26785.7712,16.8016,NA,NA
SandFall-Win64-Shipping.exe,27068,0x1FE3BB43140,DXGI,0,512,1,Hardware: Independent Flip,26786.0919,32.4844,32.2345,0.2499,28.7133,33.3945,33.3887,0.0058,62.2821,16.6151,-16.4465,26786.0919,0.1743,57.7293,NA
SandFall-Win64-Shipping.exe,27068,0x1FE3BB43140,DXGI,0,512,1,Hardware: Independent Flip,26818.5763,0.3266,0.1673,0.1593,29.6234,0.1327,0.1302,0.0025,46.4128,16.1158,15.8693,26818.5763,16.6567,NA,NA
SandFall-Win64-Shipping.exe,27068,0x1FE3BB43140,DXGI,0,512,1,Hardware: Independent Flip,26818.9029,33.5047,33.2412,0.2635,29.4295,32.6664,32.6610,0.0054,62.2020,16.6047,-15.7892,26818.9029,0.1061,60.5006,NA
SandFall-Win64-Shipping.exe,27068,0x1FE3BB43140,DXGI,0,512,1,Hardware: Independent Flip,26852.4076,0.3801,0.2060,0.1741,28.5912,0.1322,0.1322,0.0000,45.3020,19.0847,16.9000,26852.4076,16.5786,NA,NA
SandFall-Win64-Shipping.exe,27068,0x1FE3BB43140,DXGI,0,512,1,Hardware: Independent Flip,26852.7877,33.2918,33.0380,0.2538,28.3433,35.2947,35.2896,0.0051,64.0066,16.4526,-18.7046,26852.7877,0.3686,55.1864,NA
SandFall-Win64-Shipping.exe,27068,0x1FE3BB43140,DXGI,0,512,1,Hardware: Independent Flip,26886.0795,0.3305,0.1684,0.1621,30.3462,0.1072,0.1054,0.0018,47.1674,16.8333,16.8392,26886.0795,16.7140,NA,NA
SandFall-Win64-Shipping.exe,27068,0x1FE3BB43140,DXGI,0,512,1,Hardware: Independent Flip,26886.4100,33.1498,32.8953,0.2545,30.1229,33.5467,33.5433,0.0034,63.6702,17.6764,-16.5028,26886.4100,0.0006,57.4606,NA
SandFall-Win64-Shipping.exe,27068,0x1FE3BB43140,DXGI,0,512,1,Hardware: Independent Flip,26919.5598,0.3180,0.1607,0.1573,30.5198,0.1449,0.1431,0.0018,48.1968,14.8846,15.4734,26919.5598,17.5321,NA,NA
SandFall-Win64-Shipping.exe,27068,0x1FE3BB43140,DXGI,0,512,1,Hardware: Independent Flip,26919.8778,33.5006,32.8934,0.6072,30.3467,32.4154,32.4116,0.0038,62.7634,17.2856,-14.5666,26919.8778,0.0013,54.0360,NA
SandFall-Win64-Shipping.exe,27068,0x1FE3BB43140,DXGI,0,512,1,Hardware: Independent Flip,26953.3784,0.4846,0.2289,0.2557,29.2615,0.1300,0.1281,0.0019,46.5484,17.4629,16.2150,26953.3784,17.1569,NA,NA
SandFall-Win64-Shipping.exe,27068,0x1FE3BB43140,DXGI,0,512,1,Hardware: Independent Flip,26953.8630,33.5655,33.3153,0.2502,28.9069,33.9266,33.9206,0.0060,63.5267,16.0306,-16.9783,26953.8630,0.6932,53.7879,NA
SandFall-Win64-Shipping.exe,27068,0x1FE3BB43140,DXGI,0,512,1,Hardware: Independent Flip,26987.4285,0.4285,0.1608,0.2677,29.2680,0.1311,0.1293,0.0018,45.9918,17.4332,17.5349,26987.4285,16.5927,NA,NA
SandFall-Win64-Shipping.exe,27068,0x1FE3BB43140,DXGI,0,512,1,Hardware: Independent Flip,26987.8570,33.3518,33.1146,0.2372,28.9706,34.0248,34.0181,0.0067,62.9965,17.1016,-17.0047,26987.8570,0.0011,53.2541,NA
SandFall-Win64-Shipping.exe,27068,0x1FE3BB43140,DXGI,0,512,1,Hardware: Independent Flip,27021.2088,0.3124,0.1639,0.1485,29.6436,0.1558,0.1540,0.0018,46.7463,17.5989,16.2502,27021.2088,16.9469,NA,NA
SandFall-Win64-Shipping.exe,27068,0x1FE3BB43140,DXGI,0,512,1,Hardware: Independent Flip,27021.5212,34.8551,34.6063,0.2488,29.4870,34.5449,34.5414,0.0035,64.0328,17.2019,-17.2865,27021.5212,0.0009,52.9506,NA
SandFall-Win64-Shipping.exe,27068,0x1FE3BB43140,DXGI,0,512,1,Hardware: Independent Flip,27056.3763,0.3149,0.1601,0.1548,29.1768,0.0959,0.0939,0.0020,46.3796,18.9394,17.6532,27056.3763,17.1069,NA,NA
SandFall-Win64-Shipping.exe,27068,0x1FE3BB43140,DXGI,0,512,1,Hardware: Independent Flip,27056.6912,33.6517,33.4133,0.2384,28.9578,36.0453,36.0399,0.0054,65.0041,17.2120,-18.6245,27056.6912,0.0010,56.0971,NA
SandFall-Win64-Shipping.exe,27068,0x1FE3BB43140,DXGI,0,512,1,Hardware: Independent Flip,27090.3429,0.3100,0.1605,0.1495,31.3514,0.1060,0.1032,0.0028,48.5644,16.9767,16.4397,27090.3429,17.1070,NA,NA
SandFall-Win64-Shipping.exe,27068,0x1FE3BB43140,DXGI,0,512,1,Hardware: Independent Flip,27090.6529,32.0663,31.5290,0.5373,31.1474,34.0830,34.0794,0.0036,65.2311,18.2416,-16.6667,27090.6529,0.0007,67.2731,NA
SandFall-Win64-Shipping.exe,27068,0x1FE3BB43140,DXGI,0,512,1,Hardware: Independent Flip,27122.7192,0.4529,0.2350,0.2179,33.1641,0.1464,0.1444,0.0020,51.4064,17.0532,13.8247,27122.7192,18.0959,NA,NA
SandFall-Win64-Shipping.exe,27068,0x1FE3BB43140,DXGI,0,512,1,Hardware: Independent Flip,27123.1721,37.9806,37.7331,0.2475,32.8576,35.1482,35.1041,0.0441,68.0067,17.6535,-16.6003,27123.1721,0.0009,80.5683,NA
SandFall-Win64-Shipping.exe,27068,0x1FE3BB43140,DXGI,0,512,1,Hardware: Independent Flip,27161.1527,0.3154,0.1606,0.1548,30.0252,0.1307,0.1272,0.0035,47.6796,16.7818,20.3271,27161.1527,17.5237,NA,NA
SandFall-Win64-Shipping.exe,27068,0x1FE3BB43140,DXGI,0,512,1,Hardware: Independent Flip,27161.4681,39.3784,39.1202,0.2582,29.8405,34.3048,34.2996,0.0052,64.1460,17.4777,-16.4664,27161.4681,0.0007,83.9731,NA
SandFall-Win64-Shipping.exe,27068,0x1FE3BB43140,DXGI,0,512,1,Hardware: Independent Flip,27200.8465,0.3109,0.1580,0.1529,24.7669,0.1221,0.1201,0.0020,42.2453,15.4481,21.9007,27200.8465,17.3563,NA,NA
SandFall-Win64-Shipping.exe,27068,0x1FE3BB43140,DXGI,0,512,1,Hardware: Independent Flip,27201.1574,23.9310,23.7007,0.2303,24.5781,32.7094,32.7042,0.0052,57.3825,17.4764,-15.1372,27201.1574,0.0950,NA,NA
SandFall-Win64-Shipping.exe,27068,0x1FE3BB43140,DXGI,0,512,1,Hardware: Independent Flip,27225.0884,0.2976,0.1512,0.1464,33.3565,0.1514,0.1297,0.0217,50.9279,17.3421,6.4546,27225.0884,17.4200,NA,NA
SandFall-Win64-Shipping.exe,27068,0x1FE3BB43140,DXGI,0,512,1,Hardware: Independent Flip,27225.3860,32.4825,32.2277,0.2548,33.2103,33.6312,33.6240,0.0072,67.9724,16.4064,-17.0445,27225.3860,1.1309,NA,NA
SandFall-Win64-Shipping.exe,27068,0x1FE3BB43140,DXGI,0,512,1,Hardware: Independent Flip,27257.8685,0.3265,0.1695,0.1570,34.3590,0.0972,0.0949,0.0023,51.8963,15.8004,16.0761,27257.8685,17.4401,NA,NA
SandFall-Win64-Shipping.exe,27068,0x1FE3BB43140,DXGI,0,512,1,Hardware: Independent Flip,27258.1950,39.3033,39.0400,0.2633,34.1297,32.5686,32.5605,0.0081,67.3702,16.8887,-15.4739,27258.1950,0.6719,80.9286,NA
SandFall-Win64-Shipping.exe,27068,0x1FE3BB43140,DXGI,0,512,1,Hardware: Independent Flip,27297.4983,0.3296,0.1693,0.1603,27.3950,0.3236,0.3220,0.0016,44.9556,17.9219,22.4146,27297.4983,17.2370,NA,NA
SandFall-Win64-Shipping.exe,27068,0x1FE3BB43140,DXGI,0,512,1,Hardware: Independent Flip,27297.8279,35.9717,35.7116,0.2601,27.3890,33.9352,33.9266,0.0086,62.5479,16.4543,-17.5923,27297.8279,1.2237,NA,NA
SandFall-Win64-Shipping.exe,27068,0x1FE3BB43140,DXGI,0,512,1,Hardware: Independent Flip,27333.7996,0.3377,0.1782,0.1595,25.3525,0.2618,0.2583,0.0035,43.0305,16.7663,19.5174,27333.7996,17.4162,NA,NA
SandFall-Win64-Shipping.exe,27068,0x1FE3BB43140,DXGI,0,512,1,Hardware: Independent Flip,27334.1373,33.5500,33.2929,0.2571,25.2766,33.6723,33.6607,0.0116,59.4591,16.8459,-16.4286,27334.1373,0.5102,NA,NA
SandFall-Win64-Shipping.exe,27068,0x1FE3BB43140,DXGI,0,512,1,Hardware: Independent Flip,27367.6873,0.4293,0.1549,0.2744,25.3989,0.1393,0.1376,0.0017,42.7550,15.6297,16.7041,27367.6873,17.2168,NA,NA
SandFall-Win64-Shipping.exe,27068,0x1FE3BB43140,DXGI,0,512,1,Hardware: Independent Flip,27368.1166,29.4693,29.2136,0.2557,25.1089,32.2980,32.2893,0.0087,57.9554,16.7366,-15.2004,27368.1166,0.5485,NA,NA
SandFall-Win64-Shipping.exe,27068,0x1FE3BB43140,DXGI,0,512,1,Hardware: Independent Flip,27397.5859,0.3011,0.1528,0.1483,27.9376,0.1014,0.0997,0.0017,45.2227,16.1813,12.7327,27397.5859,17.1837,NA,NA
SandFall-Win64-Shipping.exe,27068,0x1FE3BB43140,DXGI,0,512,1,Hardware: Independent Flip,27397.8870,32.8563,32.6157,0.2406,27.7379,32.2398,32.2280,0.0118,61.1029,15.9873,-15.8802,27397.8870,1.1252,NA,NA
SandFall-Win64-Shipping.exe,27068,0x1FE3BB43140,DXGI,0,512,1,Hardware: Independent Flip,27430.7433,0.3045,0.1528,0.1517,27.1214,0.1356,0.1340,0.0016,44.2339,16.8495,16.8690,27430.7433,16.9769,NA,NA
SandFall-Win64-Shipping.exe,27068,0x1FE3BB43140,DXGI,0,512,1,Hardware: Independent Flip,27431.0478,35.4292,35.1749,0.2543,26.9525,32.7907,32.7833,0.0074,60.7789,16.1368,-16.5450,27431.0478,1.0357,NA,NA
SandFall-Win64-Shipping.exe,27068,0x1FE3BB43140,DXGI,0,512,1,Hardware: Independent Flip,27466.4770,0.3021,0.1535,0.1486,24.3140,0.0795,0.0768,0.0027,41.4865,16.5110,19.2924,27466.4770,17.0930,NA,NA
SandFall-Win64-Shipping.exe,27068,0x1FE3BB43140,DXGI,0,512,1,Hardware: Independent Flip,27466.7791,32.9444,32.6903,0.2541,24.0914,32.8951,32.3233,0.5718,57.6954,16.4978,-16.2089,27466.7791,0.7089,44.8288,NA
SandFall-Win64-Shipping.exe,27068,0x1FE3BB43140,DXGI,0,512,1,Hardware: Independent Flip,27499.7235,0.3040,0.1535,0.1505,24.0421,0.1010,0.0922,0.0088,41.2488,18.6834,16.4466,27499.7235,17.1057,NA,NA
SandFall-Win64-Shipping.exe,27068,0x1FE3BB43140,DXGI,0,512,1,Hardware: Independent Flip,27500.0275,35.1890,34.9390,0.2500,23.8391,35.0599,32.2981,2.7618,59.6282,16.2425,-18.3794,27500.0275,0.7292,NA,NA
SandFall-Win64-Shipping.exe,27068,0x1FE3BB43140,DXGI,0,512,1,Hardware: Independent Flip,27535.2165,0.2950,0.1497,0.1453,23.7100,0.0770,0.0714,0.0056,40.6817,18.6710,18.9465,27535.2165,16.8947,NA,NA
SandFall-Win64-Shipping.exe,27068,0x1FE3BB43140,DXGI,0,512,1,Hardware: Independent Flip,27535.5115,33.9992,33.7192,0.2800,23.4920,35.5648,35.3845,0.1803,59.0577,17.2361,-18.3760,27535.5115,0.0009,48.9666,NA
SandFall-Win64-Shipping.exe,27068,0x1FE3BB43140,DXGI,0,512,1,Hardware: Independent Flip,27569.5107,0.3538,0.1724,0.1814,25.0576,0.1328,0.1309,0.0019,42.2946,15.2510,16.7631,27569.5107,17.1042,NA,NA
SandFall-Win64-Shipping.exe,27068,0x1FE3BB43140,DXGI,0,512,1,Hardware: Independent Flip,27569.8645,31.7364,31.4753,0.2611,24.8366,32.3547,32.3401,0.0146,57.1918,17.8900,-14.8972,27569.8645,0.0005,NA,NA
SandFall-Win64-Shipping.exe,27068,0x1FE3BB43140,DXGI,0,512,1,Hardware: Independent Flip,27601.6009,0.3369,0.1736,0.1633,25.4549,0.1341,0.1341,0.0000,43.3454,14.5822,13.8464,27601.6009,17.7564,NA,NA
SandFall-Win64-Shipping.exe,27068,0x1FE3BB43140,DXGI,0,512,1,Hardware: Independent Flip,27601.9378,33.1726,32.9077,0.2649,25.2521,32.2408,32.2273,0.0135,57.5907,16.4123,-14.2453,27601.9378,0.0978,NA,NA
SandFall-Win64-Shipping.exe,27068,0x1FE3BB43140,DXGI,0,512,1,Hardware: Independent Flip,27635.1104,0.3105,0.1566,0.1539,24.3203,0.1600,0.1581,0.0019,40.8304,20.4474,16.7603,27635.1104,16.3501,NA,NA
SandFall-Win64-Shipping.exe,27068,0x1FE3BB43140,DXGI,0,512,1,Hardware: Independent Flip,27635.4209,31.9623,31.7004,0.2619,24.1698,35.7758,35.7698,0.0060,60.9673,15.3002,-20.1369,27635.4209,1.0217,NA,NA
SandFall-Win64-Shipping.exe,27068,0x1FE3BB43140,DXGI,0,512,1,Hardware: Independent Flip,27667.3832,0.3467,0.1569,0.1898,27.9833,0.1454,0.1436,0.0018,44.3052,16.5887,16.6621,27667.3832,16.1765,NA,NA
SandFall-Win64-Shipping.exe,27068,0x1FE3BB43140,DXGI,0,512,1,Hardware: Independent Flip,27667.7299,32.0370,31.7947,0.2423,27.7820,32.7642,32.7608,0.0034,60.5472,18.1470,-16.2420,27667.7299,0.0010,NA,NA
SandFall-Win64-Shipping.exe,27068,0x1FE3BB43140,DXGI,0,512,1,Hardware: Independent Flip,27699.7669,0.3011,0.1502,0.1509,28.5092,0.0928,0.0904,0.0024,46.6572,14.1993,13.8900,27699.7669,18.0552,NA,NA
SandFall-Win64-Shipping.exe,27068,0x1FE3BB43140,DXGI,0,512,1,Hardware: Independent Flip,27700.0680,33.2234,32.9647,0.2587,28.3009,32.2540,32.2416,0.0124,60.5554,17.2400,-13.8982,27700.0680,0.0005,NA,NA
SandFall-Win64-Shipping.exe,27068,0x1FE3BB43140,DXGI,0,512,1,Hardware: Independent Flip,27733.2914,0.3035,0.1520,0.1515,27.3315,0.2046,0.2046,0.0000,44.5720,16.0836,15.9834,27733.2914,17.0359,NA,NA
SandFall-Win64-Shipping.exe,27068,0x1FE3BB43140,DXGI,0,512,1,Hardware: Independent Flip,27733.5949,32.3715,32.1007,0.2708,27.2326,32.3689,32.3612,0.0077,60.3521,15.6441,-15.7801,27733.5949,0.7506,NA,NA
SandFall-Win64-Shipping.exe,27068,0x1FE3BB43140,DXGI,0,512,1,Hardware: Independent Flip,27765.9664,0.3336,0.1529,0.1807,27.2300,0.1150,0.1150,0.0000,43.6247,16.6761,16.7274,27765.9664,16.2797,NA,NA
SandFall-Win64-Shipping.exe,27068,0x1FE3BB43140,DXGI,0,512,1,Hardware: Independent Flip,27766.3000,33.5013,33.2418,0.2595,27.0114,32.4102,32.3939,0.0163,59.9672,16.3540,-16.3425,27766.3000,0.5456,NA,NA
SandFall-Win64-Shipping.exe,27068,0x1FE3BB43140,DXGI,0,512,1,Hardware: Independent Flip,27799.8013,0.3520,0.1761,0.1759,25.9203,0.1291,0.1275,0.0016,42.8199,16.2783,17.1473,27799.8013,16.7705,NA,NA
SandFall-Win64-Shipping.exe,27068,0x1FE3BB43140,DXGI,0,512,1,Hardware: Independent Flip,27800.1533,32.9028,32.6268,0.2760,25.6974,32.6584,32.6472,0.0112,58.7462,16.3368,-15.9263,27800.1533,0.3904,NA,NA
SandFall-Win64-Shipping.exe,27068,0x1FE3BB43140,DXGI,0,512,1,Hardware: Independent Flip,27833.0561,0.3917,0.1960,0.1957,25.4530,0.0987,0.0944,0.0043,42.1802,16.9396,16.5660,27833.0561,16.6285,NA,NA
SandFall-Win64-Shipping.exe,27068,0x1FE3BB43140,DXGI,0,512,1,Hardware: Independent Flip,27833.4478,34.6463,34.3806,0.2657,25.1600,33.1397,33.1283,0.0114,58.7281,16.1772,-16.5479,27833.4478,0.4284,NA,NA
SandFall-Win64-Shipping.exe,27068,0x1FE3BB43140,DXGI,0,512,1,Hardware: Independent Flip,27868.0941,0.3107,0.1547,0.1560,23.6534,0.0941,0.0894,0.0047,40.2590,15.9464,18.4691,27868.0941,16.5115,NA,NA
SandFall-Win64-Shipping.exe,27068,0x1FE3BB43140,DXGI,0,512,1,Hardware: Independent Flip,27868.4048,31.1937,30.9439,0.2498,23.4368,32.4037,32.3898,0.0139,55.8947,16.4948,-15.6357,27868.4048,0.0542,NA,NA
SandFall-Win64-Shipping.exe,27068,0x1FE3BB43140,DXGI,0,512,1,Hardware: Independent Flip,27899.5985,0.3369,0.1539,0.1830,24.6468,0.1415,0.1398,0.0017,41.1958,17.2731,14.6989,27899.5985,16.4075,NA,NA
SandFall-Win64-Shipping.exe,27068,0x1FE3BB43140,DXGI,0,512,1,Hardware: Independent Flip,27899.9354,33.1656,32.8492,0.3164,24.4514,33.3424,33.3282,0.0142,58.1320,16.1265,-16.9362,27899.9354,0.3382,NA,NA
SandFall-Win64-Shipping.exe,27068,0x1FE3BB43140,DXGI,0,512,1,Hardware: Independent Flip,27933.1010,0.3103,0.1584,0.1519,24.6282,0.0789,0.0741,0.0048,41.0929,16.1891,17.0391,27933.1010,16.3858,NA,NA
SandFall-Win64-Shipping.exe,27068,0x1FE3BB43140,DXGI,0,512,1,Hardware: Independent Flip,27933.4113,31.9143,31.6616,0.2527,24.3968,32.5742,32.5619,0.0123,56.9717,16.5590,-15.8788,27933.4113,0.0007,NA,NA
SandFall-Win64-Shipping.exe,27068,0x1FE3BB43140,DXGI,0,512,1,Hardware: Independent Flip,27965.3256,0.3138,0.1568,0.1570,25.0567,0.0938,0.0921,0.0017,41.6164,16.0110,15.3553,27965.3256,16.4659,NA,NA
SandFall-Win64-Shipping.exe,27068,0x1FE3BB43140,DXGI,0,512,1,Hardware: Independent Flip,27965.6394,33.3842,33.1110,0.2732,24.8367,32.4764,32.4630,0.0134,57.3136,16.4302,-15.6972,27965.6394,0.0005,NA,NA
SandFall-Win64-Shipping.exe,27068,0x1FE3BB43140,DXGI,0,512,1,Hardware: Independent Flip,27999.0236,0.3160,0.1631,0.1529,23.9289,0.2008,0.2008,0.0000,40.3596,16.2756,16.9540,27999.0236,16.2299,NA,NA
SandFall-Win64-Shipping.exe,27068,0x1FE3BB43140,DXGI,0,512,1,Hardware: Independent Flip,27999.3396,33.5319,33.2542,0.2777,23.8137,32.3281,32.3184,0.0097,56.3192,16.1647,-15.9596,27999.3396,0.1774,NA,NA
SandFall-Win64-Shipping.exe,27068,0x1FE3BB43140,DXGI,0,512,1,Hardware: Independent Flip,28032.8715,0.3345,0.1747,0.1598,22.6099,0.1822,0.1721,0.0101,38.9520,18.2383,17.3672,28032.8715,16.1599,NA,NA
SandFall-Win64-Shipping.exe,27068,0x1FE3BB43140,DXGI,0,512,1,Hardware: Independent Flip,28033.2060,33.7394,33.4763,0.2631,22.4576,34.2507,32.7834,1.4673,56.8558,16.3138,-17.9038,28033.2060,0.1475,NA,NA
SandFall-Win64-Shipping.exe,27068,0x1FE3BB43140,DXGI,0,512,1,Hardware: Independent Flip,28066.9454,0.3231,0.1642,0.1589,22.9689,0.1709,0.1688,0.0021,39.4302,16.2820,17.4256,28066.9454,16.2904,NA,NA
SandFall-Win64-Shipping.exe,27068,0x1FE3BB43140,DXGI,0,512,1,Hardware: Independent Flip,28067.2685,30.4156,30.1596,0.2560,22.8167,32.5715,32.5595,0.0120,55.3891,17.2092,-15.9589,28067.2685,0.0009,NA,NA
SandFall-Win64-Shipping.exe,27068,0x1FE3BB43140,DXGI,0,512,1,Hardware: Independent Flip,28097.6841,0.3411,0.1859,0.1552,24.9726,0.1315,0.1298,0.0017,42.1827,15.8428,13.2064,28097.6841,17.0786,NA,NA
SandFall-Win64-Shipping.exe,27068,0x1FE3BB43140,DXGI,0,512,1,Hardware: Independent Flip,28098.0252,31.5841,31.3277,0.2564,24.7630,32.9204,32.9112,0.0092,57.6844,16.7348,-15.5017,28098.0252,0.0010,NA,NA
SandFall-Win64-Shipping.exe,27068,0x1FE3BB43140,DXGI,0,512,1,Hardware: Independent Flip,28129.6093,0.3640,0.1725,0.1915,26.0993,0.1295,0.1276,0.0019,42.8351,16.2404,14.8493,28129.6093,16.6063,NA,NA
SandFall-Win64-Shipping.exe,27068,0x1FE3BB43140,DXGI,0,512,1,Hardware: Independent Flip,28129.9733,30.9713,30.7231,0.2482,25.8648,32.8033,32.7450,0.0583,58.7115,16.1884,-15.8764,28129.9733,0.0434,NA,NA
SandFall-Win64-Shipping.exe,27068,0x1FE3BB43140,DXGI,0,512,1,Hardware: Independent Flip,28160.9446,0.3419,0.1536,0.1883,27.6968,0.1034,0.0973,0.0061,43.9286,22.0663,14.7829,28160.9446,16.1284,NA,NA
SandFall-Win64-Shipping.exe,27068,0x1FE3BB43140,DXGI,0,512,1,Hardware: Independent Flip,28161.2865,42.2125,41.8933,0.3192,27.4583,38.1541,32.4676,5.6865,65.6530,16.2345,-21.7244,28161.2865,0.0406,58.3283,NA
SandFall-Win64-Shipping.exe,27068,0x1FE3BB43140,DXGI,0,512,1,Hardware: Independent Flip,28203.4990,0.3858,0.1902,0.1956,23.3999,0.1607,0.1587,0.0020,39.6750,16.4642,25.9780,28203.4990,16.1144,NA,NA
SandFall-Win64-Shipping.exe,27068,0x1FE3BB43140,DXGI,0,512,1,Hardware: Independent Flip,28203.8848,25.7550,25.3358,0.4192,23.1748,32.5778,32.5596,0.0182,55.7534,17.6321,-16.0784,28203.8848,0.0008,56.0085,NA
SandFall-Win64-Shipping.exe,27068,0x1FE3BB43140,DXGI,0,512,1,Hardware: Independent Flip,28229.6398,0.3843,0.2236,0.1607,29.9976,0.1094,0.1076,0.0018,47.6305,15.3376,8.1229,28229.6398,17.5235,NA,NA
SandFall-Win64-Shipping.exe,27068,0x1FE3BB43140,DXGI,0,512,1,Hardware: Independent Flip,28230.0241,32.1457,31.8414,0.3043,29.7227,32.8598,32.8439,0.0159,62.5838,17.7826,-14.9533,28230.0241,0.0013,52.9587,NA
SandFall-Win64-Shipping.exe,27068,0x1FE3BB43140,DXGI,0,512,1,Hardware: Independent Flip,28262.1698,0.3459,0.1831,0.1628,30.4368,0.1449,0.1431,0.0018,48.2207,14.8815,14.3631,28262.1698,17.6390,NA,NA
SandFall-Win64-Shipping.exe,27068,0x1FE3BB43140,DXGI,0,512,1,Hardware: Independent Flip,28262.5157,32.1751,31.9125,0.2626,30.2358,32.5199,32.5165,0.0034,62.7563,17.3823,-14.5356,28262.5157,0.0006,52.6693,NA
SandFall-Win64-Shipping.exe,27068,0x1FE3BB43140,DXGI,0,512,1,Hardware: Independent Flip,28294.6908,0.3598,0.2010,0.1588,30.5806,0.1333,0.1333,0.0000,47.9635,17.1604,14.7928,28294.6908,17.2496,NA,NA
SandFall-Win64-Shipping.exe,27068,0x1FE3BB43140,DXGI,0,512,1,Hardware: Independent Flip,28295.0506,34.4120,34.1599,0.2521,30.3541,34.2522,34.2468,0.0054,64.7641,16.0864,-16.8006,28295.0506,0.1578,55.2115,NA
SandFall-Win64-Shipping.exe,27068,0x1FE3BB43140,DXGI,0,512,1,Hardware: Independent Flip,28329.4626,0.4606,0.1637,0.2969,30.1943,0.1182,0.1162,0.0020,46.4385,19.6400,18.3256,28329.4626,16.1260,NA,NA
SandFall-Win64-Shipping.exe,27068,0x1FE3BB43140,DXGI,0,512,1,Hardware: Independent Flip,28329.9232,33.0222,32.7494,0.2728,29.8519,35.7650,35.7614,0.0036,65.6179,16.5152,-19.1794,28329.9232,0.0010,65.9301,NA
SandFall-Win64-Shipping.exe,27068,0x1FE3BB43140,DXGI,0,512,1,Hardware: Independent Flip,28362.9454,0.3272,0.1622,0.1650,32.5947,0.1094,0.1070,0.0024,49.1109,17.5099,16.5070,28362.9454,16.4068,NA,NA
SandFall-Win64-Shipping.exe,27068,0x1FE3BB43140,DXGI,0,512,1,Hardware: Independent Flip,28363.2726,35.4604,35.2136,0.2468,32.3769,33.9158,33.9128,0.0030,66.2936,17.8894,-17.1827,28363.2726,0.0009,58.9577,NA
SandFall-Win64-Shipping.exe,27068,0x1FE3BB43140,DXGI,0,512,1,Hardware: Independent Flip,28398.7330,0.3221,0.1655,0.1566,30.8323,0.1410,0.1392,0.0018,48.7226,15.7460,17.5710,28398.7330,17.7493,NA,NA
SandFall-Win64-Shipping.exe,27068,0x1FE3BB43140,DXGI,0,512,1,Hardware: Independent Flip,28399.0551,36.1619,35.9007,0.2612,30.6512,33.4946,33.4909,0.0037,64.1465,17.9870,-15.4239,28399.0551,0.0007,68.5961,NA
SandFall-Win64-Shipping.exe,27068,0x1FE3BB43140,DXGI,0,512,1,Hardware: Independent Flip,28435.2170,0.3159,0.1616,0.1543,27.9839,0.1342,0.1323,0.0019,45.9716,16.8888,18.1749,28435.2170,17.8535,NA,NA
SandFall-Win64-Shipping.exe,27068,0x1FE3BB43140,DXGI,0,512,1,Hardware: Independent Flip,28435.5329,31.4545,31.2163,0.2382,27.8022,34.7416,34.7359,0.0057,62.5445,17.3976,-16.5729,28435.5329,0.0007,89.4572,NA
SandFall-Win64-Shipping.exe,27068,0x1FE3BB43140,DXGI,0,512,1,Hardware: Independent Flip,28466.9874,0.3114,0.1599,0.1515,31.0893,0.1201,0.1183,0.0018,48.4876,16.2461,14.0569,28466.9874,17.2782,NA,NA
SandFall-Win64-Shipping.exe,27068,0x1FE3BB43140,DXGI,0,512,1,Hardware: Independent Flip,28467.2988,32.4751,32.2161,0.2590,30.8980,33.5233,33.5202,0.0031,64.4223,17.6751,-15.9347,28467.2988,0.0010,NA,NA
SandFall-Win64-Shipping.exe,27068,0x1FE3BB43140,DXGI,0,512,1,Hardware: Independent Flip,28499.7739,0.3152,0.1663,0.1489,31.9462,0.1472,0.1452,0.0020,49.6223,16.6582,14.8000,28499.7739,17.5289,NA,NA
SandFall-Win64-Shipping.exe,27068,0x1FE3BB43140,DXGI,0,512,1,Hardware: Independent Flip,28500.0891,33.1970,32.9413,0.2557,31.7782,33.8485,33.8449,0.0036,65.9653,17.0403,-16.3430,28500.0891,0.3386,NA,NA
SandFall-Win64-Shipping.exe,27068,0x1FE3BB43140,DXGI,0,512,1,Hardware: Independent Flip,28533.2861,0.3676,0.1939,0.1737,32.4297,0.1552,0.1529,0.0023,49.8086,16.9122,16.1567,28533.2861,17.2237,NA,NA
SandFall-Win64-Shipping.exe,27068,0x1FE3BB43140,DXGI,0,512,1,Hardware: Independent Flip,28533.6537,30.7980,30.5524,0.2456,32.2173,33.6014,33.5966,0.0048,66.3532,16.7873,-16.5446,28533.6537,0.5345,NA,NA
SandFall-Win64-Shipping.exe,27068,0x1FE3BB43140,DXGI,0,512,1,Hardware: Independent Flip,28564.4517,0.3066,0.1611,0.1455,35.0207,0.1519,0.1472,0.0047,52.3425,16.4569,14.0107,28564.4517,17.1699,NA,NA
SandFall-Win64-Shipping.exe,27068,0x1FE3BB43140,DXGI,0,512,1,Hardware: Independent Flip,28564.7583,35.2172,34.9108,0.3064,34.8660,33.1301,33.1266,0.0035,68.4928,16.9883,-16.1503,28564.7583,0.4967,NA,NA
SandFall-Win64-Shipping.exe,27068,0x1FE3BB43140,DXGI,0,512,1,Hardware: Independent Flip,28599.9755,0.3624,0.2016,0.1608,32.7789,0.1338,0.1338,0.0000,50.2639,17.1249,18.2289,28599.9755,17.3512,NA,NA
SandFall-Win64-Shipping.exe,27068,0x1FE3BB43140,DXGI,0,512,1,Hardware: Independent Flip,28600.3379,34.3425,34.0822,0.2603,32.5503,33.6923,33.6824,0.0099,67.0264,16.7217,-16.7625,28600.3379,0.7838,NA,NA
SandFall-Win64-Shipping.exe,27068,0x1FE3BB43140,DXGI,0,512,1,Hardware: Independent Flip,28634.6804,0.3306,0.1774,0.1532,31.9001,0.1451,0.1426,0.0025,49.4056,16.4095,17.6208,28634.6804,17.3604,NA,NA
SandFall-Win64-Shipping.exe,27068,0x1FE3BB43140,DXGI,0,512,1,Hardware: Independent Flip,28635.0110,34.2756,34.0306,0.2450,31.7146,33.1611,33.1553,0.0058,65.4845,16.8474,-16.0789,28635.0110,0.6088,NA,NA
SandFall-Win64-Shipping.exe,27068,0x1FE3BB43140,DXGI,0,512,1,Hardware: Independent Flip,28669.2866,0.3186,0.1634,0.1552,30.6001,0.1323,0.1307,0.0016,48.0563,16.4609,17.4282,28669.2866,17.3239,NA,NA
SandFall-Win64-Shipping.exe,27068,0x1FE3BB43140,DXGI,0,512,1,Hardware: Independent Flip,28669.6052,33.9705,33.7169,0.2536,30.4138,32.9520,32.9449,0.0071,64.1986,16.6040,-16.1423,28669.6052,0.8328,NA,NA
SandFall-Win64-Shipping.exe,27068,0x1FE3BB43140,DXGI,0,512,1,Hardware: Independent Flip,28703.5757,0.3162,0.1629,0.1533,29.3953,0.1657,0.1634,0.0023,46.8321,16.4998,17.3665,28703.5757,17.2711,NA,NA
SandFall-Win64-Shipping.exe,27068,0x1FE3BB43140,DXGI,0,512,1,Hardware: Independent Flip,28703.8919,39.2559,38.9850,0.2709,29.2448,32.8613,32.8535,0.0078,63.0157,16.4290,-16.1836,28703.8919,0.9096,NA,NA
SandFall-Win64-Shipping.exe,27068,0x1FE3BB43140,DXGI,0,512,1,Hardware: Independent Flip,28743.1478,0.3144,0.1617,0.1527,22.8502,0.1077,0.1053,0.0024,40.1888,16.7172,22.8269,28743.1478,17.2309,NA,NA
SandFall-Win64-Shipping.exe,27068,0x1FE3BB43140,DXGI,0,512,1,Hardware: Independent Flip,28743.4622,26.2627,26.0022,0.2605,22.6435,33.0551,33.0482,0.0069,56.5916,16.4864,-16.4028,28743.4622,0.8930,NA,NA
SandFall-Win64-Shipping.exe,27068,0x1FE3BB43140,DXGI,0,512,1,Hardware: Independent Flip,28769.7249,0.3071,0.1538,0.1533,29.4359,0.1217,0.1193,0.0024,46.8153,16.8520,9.7763,28769.7249,17.2577,NA,NA
SandFall-Win64-Shipping.exe,27068,0x1FE3BB43140,DXGI,0,512,1,Hardware: Independent Flip,28770.0320,35.9983,35.7453,0.2530,29.2505,33.3264,33.3112,0.0152,63.3602,16.4864,-16.5449,28770.0320,0.7833,NA,NA
SandFall-Win64-Shipping.exe,27068,0x1FE3BB43140,DXGI,0,512,1,Hardware: Independent Flip,28806.0303,0.3572,0.1962,0.1610,26.5786,0.1263,0.1242,0.0021,43.8483,18.6133,19.5119,28806.0303,17.1434,NA,NA
SandFall-Win64-Shipping.exe,27068,0x1FE3BB43140,DXGI,0,512,1,Hardware: Independent Flip,28806.3875,33.8498,33.5888,0.2610,26.3477,35.1176,35.1073,0.0103,62.1044,16.5694,-18.2561,28806.3875,0.6391,NA,NA
SandFall-Win64-Shipping.exe,27068,0x1FE3BB43140,DXGI,0,512,1,Hardware: Independent Flip,28840.2373,0.3082,0.1537,0.1545,27.6155,0.0925,0.0883,0.0042,44.8240,16.2507,17.2804,28840.2373,17.1160,NA,NA
SandFall-Win64-Shipping.exe,27068,0x1FE3BB43140,DXGI,0,512,1,Hardware: Independent Flip,28840.5455,33.8628,33.5690,0.2938,27.3998,33.3657,33.3498,0.0159,60.7665,17.5033,-15.9425,28840.5455,0.0010,NA,NA
SandFall-Win64-Shipping.exe,27068,0x1FE3BB43140,DXGI,0,512,1,Hardware: Independent Flip,28874.4083,0.3040,0.1548,0.1492,26.9027,0.1295,0.1278,0.0017,44.4070,15.1919,16.3595,28874.4083,17.3748,NA,NA
SandFall-Win64-Shipping.exe,27068,0x1FE3BB43140,DXGI,0,512,1,Hardware: Independent Flip,28874.7123,34.4167,34.1534,0.2633,26.7282,32.3293,32.3198,0.0095,59.2949,16.8339,-14.8879,28874.7123,0.2374,47.4003,NA
SandFall-Win64-Shipping.exe,27068,0x1FE3BB43140,DXGI,0,512,1,Hardware: Independent Flip,28909.1290,0.3116,0.1551,0.1565,24.6408,0.1264,0.1240,0.0024,41.7121,17.3905,17.5828,28909.1290,16.9449,NA,NA
SandFall-Win64-Shipping.exe,27068,0x1FE3BB43140,DXGI,0,512,1,Hardware: Independent Flip,28909.4406,34.8908,34.6368,0.2540,24.4556,33.2461,32.6597,0.5864,58.7910,15.9592,-17.0789,28909.4406,1.0893,45.6248,NA
SandFall-Win64-Shipping.exe,27068,0x1FE3BB43140,DXGI,0,512,1,Hardware: Independent Flip,28944.3314,0.3040,0.1515,0.1525,22.8109,0.0957,0.0890,0.0067,39.8594,19.0735,18.9316,28944.3314,16.9528,NA,NA
SandFall-Win64-Shipping.exe,27068,0x1FE3BB43140,DXGI,0,512,1,Hardware: Independent Flip,28944.6354,33.2338,32.9857,0.2481,22.6026,35.6222,34.4451,1.1771,58.6289,16.7386,-18.7695,28944.6354,0.4041,52.6615,NA
SandFall-Win64-Shipping.exe,27068,0x1FE3BB43140,DXGI,0,512,1,Hardware: Independent Flip,28977.8692,0.3126,0.1598,0.1528,24.9910,0.1392,0.1377,0.0015,42.1337,15.2014,16.4952,28977.8692,17.0035,NA,NA
SandFall-Win64-Shipping.exe,27068,0x1FE3BB43140,DXGI,0,512,1,Hardware: Independent Flip,28978.1818,32.1224,31.8684,0.2540,24.8176,32.2040,32.1957,0.0083,57.0225,17.7060,-14.8888,28978.1818,0.0009,50.5989,NA
SandFall-Win64-Shipping.exe,27068,0x1FE3BB43140,DXGI,0,512,1,Hardware: Independent Flip,29010.3042,0.3350,0.1792,0.1558,24.8992,0.0754,0.0699,0.0055,42.6061,16.4220,14.4164,29010.3042,17.6315,NA,NA
SandFall-Win64-Shipping.exe,27068,0x1FE3BB43140,DXGI,0,512,1,Hardware: Independent Flip,29010.6392,34.4535,34.1967,0.2568,24.6396,33.5484,32.5386,1.0098,58.6931,16.2368,-16.0870,29010.6392,0.5051,47.7273,NA
SandFall-Win64-Shipping.exe,27068,0x1FE3BB43140,DXGI,0,512,1,Hardware: Independent Flip,29045.0927,0.3120,0.1590,0.1530,23.7345,0.0868,0.0849,0.0019,40.4764,15.8408,18.2167,29045.0927,16.6551,NA,NA
SandFall-Win64-Shipping.exe,27068,0x1FE3BB43140,DXGI,0,512,1,Hardware: Independent Flip,29045.4047,32.1804,31.9372,0.2432,23.5093,32.0426,31.6852,0.3574,56.0052,16.1686,-15.5288,29045.4047,0.4533,45.7986,NA
SandFall-Win64-Shipping.exe,27068,0x1FE3BB43140,DXGI,0,512,1,Hardware: Independent Flip,29077.5851,0.3353,0.1623,0.1730,23.3715,0.0776,0.0726,0.0050,39.9934,18.5914,16.0118,29077.5851,16.5443,NA,NA
SandFall-Win64-Shipping.exe,27068,0x1FE3BB43140,DXGI,0,512,1,Hardware: Independent Flip,29077.9204,33.7433,33.4851,0.2582,23.1138,34.4942,32.2989,2.1953,58.2495,16.1501,-18.2561,29077.9204,0.6415,44.5665,NA
SandFall-Win64-Shipping.exe,27068,0x1FE3BB43140,DXGI,0,512,1,Hardware: Independent Flip,29111.6637,0.3071,0.1559,0.1512,23.8647,0.1380,0.1365,0.0015,40.6563,15.6010,17.5932,29111.6637,16.6536,NA,NA
SandFall-Win64-Shipping.exe,27068,0x1FE3BB43140,DXGI,0,512,1,Hardware: Independent Flip,29111.9708,31.5626,31.2503,0.3123,23.6956,32.2536,32.2395,0.0141,55.9502,17.0856,-15.2939,29111.9708,0.0010,45.2951,NA
SandFall-Win64-Shipping.exe,27068,0x1FE3BB43140,DXGI,0,512,1,Hardware: Independent Flip,29143.5334,0.4217,0.2332,0.1885,24.3866,0.1698,0.1682,0.0016,41.4732,16.0623,14.4770,29143.5334,16.9168,NA,NA
SandFall-Win64-Shipping.exe,27068,0x1FE3BB43140,DXGI,0,512,1,Hardware: Independent Flip,29143.9551,33.0706,32.8191,0.2515,24.1347,32.8209,32.4059,0.4150,57.1138,16.2541,-15.6406,29143.9551,0.1582,43.4667,NA
SandFall-Win64-Shipping.exe,27068,0x1FE3BB43140,DXGI,0,512,1,Hardware: Independent Flip,29177.0257,0.3023,0.1549,0.1474,23.8850,0.0841,0.0825,0.0016,40.2973,21.3982,16.8165,29177.0257,16.3282,NA,NA
SandFall-Win64-Shipping.exe,27068,0x1FE3BB43140,DXGI,0,512,1,Hardware: Independent Flip,29177.3280,32.2868,31.9692,0.3176,23.6668,37.4483,37.2156,0.2327,61.3932,15.9479,-21.0959,29177.3280,0.2781,48.1202,NA
SandFall-Win64-Shipping.exe,27068,0x1FE3BB43140,DXGI,0,512,1,Hardware: Independent Flip,29209.6148,0.3134,0.1573,0.1561,28.8283,0.1596,0.1577,0.0019,45.0543,16.7695,16.3389,29209.6148,16.0664,NA,NA
SandFall-Win64-Shipping.exe,27068,0x1FE3BB43140,DXGI,0,512,1,Hardware: Independent Flip,29209.9282,36.0983,35.8269,0.2714,28.6745,32.8350,32.8291,0.0059,61.5104,17.6525,-16.4561,29209.9282,0.0009,48.8297,NA
SandFall-Win64-Shipping.exe,27068,0x1FE3BB43140,DXGI,0,512,1,Hardware: Independent Flip,29246.0265,0.3266,0.1668,0.1598,25.4112,0.1346,0.1326,0.0020,43.0646,15.2850,18.4458,29246.0265,17.5188,NA,NA
SandFall-Win64-Shipping.exe,27068,0x1FE3BB43140,DXGI,0,512,1,Hardware: Independent Flip,29246.3531,28.6443,28.3621,0.2822,25.2192,32.8030,32.7949,0.0081,58.0230,17.5054,-14.9584,29246.3531,0.0008,50.7394,NA
SandFall-Win64-Shipping.exe,27068,0x1FE3BB43140,DXGI,0,512,1,Hardware: Independent Flip,29274.9974,0.3119,0.1592,0.1527,29.3779,0.1013,0.0993,0.0020,46.8841,16.9168,11.1389,29274.9974,17.4049,NA,NA
SandFall-Win64-Shipping.exe,27068,0x1FE3BB43140,DXGI,0,512,1,Hardware: Independent Flip,29275.3093,32.7012,32.4215,0.2797,29.1673,34.3209,34.3150,0.0059,63.4890,16.9159,-16.6049,29275.3093,0.0008,52.1960,NA
SandFall-Win64-Shipping.exe,27068,0x1FE3BB43140,DXGI,0,512,1,Hardware: Independent Flip,29308.0105,0.3100,0.1581,0.1519,30.7870,0.1210,0.1186,0.0024,47.7037,16.5624,15.7853,29308.0105,16.7957,NA,NA
SandFall-Win64-Shipping.exe,27068,0x1FE3BB43140,DXGI,0,512,1,Hardware: Independent Flip,29308.3205,30.8811,30.6339,0.2472,30.5980,33.3561,33.3501,0.0060,63.9561,17.6964,-16.2524,29308.3205,0.0020,53.6757,NA
SandFall-Win64-Shipping.exe,27068,0x1FE3BB43140,DXGI,0,512,1,Hardware: Independent Flip,29339.2016,0.3596,0.1725,0.1871,33.0730,0.1044,0.1025,0.0019,50.7714,15.6925,13.1847,29339.2016,17.5940,NA,NA
SandFall-Win64-Shipping.exe,27068,0x1FE3BB43140,DXGI,0,512,1,Hardware: Independent Flip,29339.5612,38.9470,38.6916,0.2554,32.8178,33.2856,33.2820,0.0036,66.1043,16.9057,-15.3329,29339.5612,0.0009,56.0615,NA
SandFall-Win64-Shipping.exe,27068,0x1FE3BB43140,DXGI,0,512,1,Hardware: Independent Flip,29378.5082,0.3150,0.1618,0.1532,27.1564,0.1420,0.1399,0.0021,44.0630,17.4637,22.0413,29378.5082,16.7646,NA,NA
SandFall-Win64-Shipping.exe,27068,0x1FE3BB43140,DXGI,0,512,1,Hardware: Independent Flip,29378.8232,30.9507,30.7001,0.2506,26.9834,33.8984,33.8843,0.0141,61.2117,16.2903,-17.1487,29378.8232,0.3299,56.4254,NA
SandFall-Win64-Shipping.exe,27068,0x1FE3BB43140,DXGI,0,512,1,Hardware: Independent Flip,29409.7739,0.3042,0.1511,0.1531,29.9311,0.1359,0.1359,0.0000,46.5513,17.7736,14.6604,29409.7739,16.4843,NA,NA
SandFall-Win64-Shipping.exe,27068,0x1FE3BB43140,DXGI,0,512,1,Hardware: Independent Flip,29410.0781,33.1150,32.8326,0.2824,29.7628,34.2574,34.2534,0.0040,64.0207,17.1121,-17.4694,29410.0781,0.0005,53.4982,NA
SandFall-Win64-Shipping.exe,27068,0x1FE3BB43140,DXGI,0,512,1,Hardware: Independent Flip,29443.1931,0.3295,0.1654,0.1641,30.9052,0.1412,0.1392,0.0020,48.0178,17.3740,16.0029,29443.1931,16.9714,NA,NA
SandFall-Win64-Shipping.exe,27068,0x1FE3BB43140,DXGI,0,512,1,Hardware: Independent Flip,29443.5226,31.4974,30.9695,0.5279,30.7169,34.3451,34.3426,0.0025,65.0623,17.4865,-17.0445,29443.5226,0.0003,57.9828,NA
SandFall-Win64-Shipping.exe,27068,0x1FE3BB43140,DXGI,0,512,1,Hardware: Independent Flip,29475.0200,0.3356,0.1837,0.1519,33.5646,0.1433,0.1415,0.0018,51.0514,17.2392,14.0109,29475.0200,17.3435,NA,NA
SandFall-Win64-Shipping.exe,27068,0x1FE3BB43140,DXGI,0,512,1,Hardware: Independent Flip,29475.3556,36.6927,36.4380,0.2547,33.3723,34.5823,34.5758,0.0065,67.9550,17.4917,-16.9036,29475.3556,0.0004,55.6622,NA
SandFall-Win64-Shipping.exe,27068,0x1FE3BB43140,DXGI,0,512,1,Hardware: Independent Flip,29512.0483,0.3414,0.1797,0.1617,31.2619,0.1000,0.0981,0.0019,48.7540,16.1351,19.2010,29512.0483,17.3921,NA,NA
SandFall-Win64-Shipping.exe,27068,0x1FE3BB43140,DXGI,0,512,1,Hardware: Independent Flip,29512.3897,33.0271,32.7774,0.2497,31.0205,33.5264,33.5186,0.0078,64.5477,17.4593,-15.7937,29512.3897,0.0008,54.3292,NA
SandFall-Win64-Shipping.exe,27068,0x1FE3BB43140,DXGI,0,512,1,Hardware: Independent Flip,29545.4168,0.3124,0.1610,0.1514,31.5198,0.0960,0.0942,0.0018,48.9799,16.9419,15.5678,29545.4168,17.3641,NA,NA
SandFall-Win64-Shipping.exe,27068,0x1FE3BB43140,DXGI,0,512,1,Hardware: Independent Flip,29545.7292,35.4732,35.2158,0.2574,31.3034,34.0333,34.0298,0.0035,65.6094,16.9711,-16.6295,29545.7292,0.2727,53.7394,NA
SandFall-Win64-Shipping.exe,27068,0x1FE3BB43140,DXGI,0,512,1,Hardware: Independent Flip,29581.2024,0.3189,0.1650,0.1539,29.8635,0.0940,0.0923,0.0017,47.1073,16.8953,18.5021,29581.2024,17.1498,NA,NA
SandFall-Win64-Shipping.exe,27068,0x1FE3BB43140,DXGI,0,512,1,Hardware: Independent Flip,29581.5213,33.4864,33.2413,0.2451,29.6386,33.7182,33.7143,0.0039,63.6837,17.1050,-16.5764,29581.5213,0.3269,63.5996,NA
SandFall-Win64-Shipping.exe,27068,0x1FE3BB43140,DXGI,0,512,1,Hardware: Independent Flip,29615.0077,0.3193,0.1634,0.1559,29.8704,0.1487,0.1470,0.0017,47.3023,17.7826,16.3814,29615.0077,17.2832,NA,NA
SandFall-Win64-Shipping.exe,27068,0x1FE3BB43140,DXGI,0,512,1,Hardware: Independent Flip,29615.3270,37.4578,37.1134,0.3444,29.6998,34.6266,34.6195,0.0071,64.7656,17.0499,-17.4633,29615.3270,0.4392,NA,NA
SandFall-Win64-Shipping.exe,27068,0x1FE3BB43140,DXGI,0,512,1,Hardware: Independent Flip,29652.7848,0.3502,0.1879,0.1623,26.8686,0.1003,0.0980,0.0023,44.3577,15.4184,20.4079,29652.7848,17.3888,NA,NA
SandFall-Win64-Shipping.exe,27068,0x1FE3BB43140,DXGI,0,512,1,Hardware: Independent Flip,29653.1350,27.2829,26.9913,0.2916,26.6187,32.7152,32.7095,0.0057,59.4259,17.3273,-15.0682,29653.1350,0.0920,NA,NA
SandFall-Win64-Shipping.exe,27068,0x1FE3BB43140,DXGI,0,512,1,Hardware: Independent Flip,29680.4179,0.3226,0.1518,0.1708,32.0510,0.1707,0.1682,0.0025,49.4703,16.8961,9.9556,29680.4179,17.2486,NA,NA
SandFall-Win64-Shipping.exe,27068,0x1FE3BB43140,DXGI,0,512,1,Hardware: Independent Flip,29680.7405,34.8562,34.6031,0.2531,31.8991,33.0633,33.0574,0.0059,66.0438,16.3544,-16.5735,29680.7405,1.0814,NA,NA
SandFall-Win64-Shipping.exe,27068,0x1FE3BB43140,DXGI,0,512,1,Hardware: Independent Flip,29715.5967,0.3096,0.1551,0.1545,30.1062,0.1106,0.1079,0.0027,47.5420,16.1989,18.5018,29715.5967,17.3252,NA,NA
SandFall-Win64-Shipping.exe,27068,0x1FE3BB43140,DXGI,0,512,1,Hardware: Independent Flip,29715.9063,34.3228,34.0681,0.2547,29.9072,32.6558,32.6462,0.0096,63.4313,16.5617,-15.8893,29715.9063,0.8683,NA,NA
SandFall-Win64-Shipping.exe,27068,0x1FE3BB43140,DXGI,0,512,1,Hardware: Independent Flip,29750.2291,0.3060,0.1566,0.1494,28.2402,0.1172,0.1156,0.0016,45.6702,16.4417,17.7611,29750.2291,17.3128,NA,NA
SandFall-Win64-Shipping.exe,27068,0x1FE3BB43140,DXGI,0,512,1,Hardware: Independent Flip,29750.5351,37.6327,37.3715,0.2612,28.0514,32.6950,32.6849,0.0101,61.8059,16.4960,-16.1357,29750.5351,1.0595,NA,NA
SandFall-Win64-Shipping.exe,27068,0x1FE3BB43140,DXGI,0,512,1,Hardware: Independent Flip,29788.1678,0.3081,0.1579,0.1502,23.1137,0.1263,0.1248,0.0015,40.6692,15.2425,21.1367,29788.1678,17.4292,NA,NA
SandFall-Win64-Shipping.exe,27068,0x1FE3BB43140,DXGI,0,512,1,Hardware: Independent Flip,29788.4759,31.0573,30.8022,0.2551,22.9319,31.5489,31.5427,0.0062,55.6036,16.1857,-14.9344,29788.4759,1.1228,44.4323,NA
SandFall-Win64-Shipping.exe,27068,0x1FE3BB43140,DXGI,0,512,1,Hardware: Independent Flip,29819.5332,0.3097,0.1567,0.1530,23.4235,0.1135,0.1049,0.0086,40.7320,20.2752,14.8716,29819.5332,17.1950,NA,NA
SandFall-Win64-Shipping.exe,27068,0x1FE3BB43140,DXGI,0,512,1,Hardware: Independent Flip,29819.8429,34.6743,34.4135,0.2608,23.2273,35.9695,32.9842,2.9853,60.6975,15.6997,-19.9655,29819.8429,1.5007,61.9260,NA
SandFall-Win64-Shipping.exe,27068,0x1FE3BB43140,DXGI,0,512,1,Hardware: Independent Flip,29854.5172,0.3093,0.1527,0.1566,24.5225,0.0720,0.0669,0.0051,41.7229,17.0933,18.9746,29854.5172,17.1284,NA,NA
SandFall-Win64-Shipping.exe,27068,0x1FE3BB43140,DXGI,0,512,1,Hardware: Independent Flip,29854.8265,34.3540,34.1028,0.2512,24.2852,34.2201,33.0354,1.1847,58.5069,17.6976,-16.7840,29854.8265,0.0016,55.7211,NA
SandFall-Win64-Shipping.exe,27068,0x1FE3BB43140,DXGI,0,512,1,Hardware: Independent Flip,29889.1805,0.3112,0.1627,0.1485,24.1513,0.1154,0.1128,0.0026,41.8505,15.2148,16.6564,29889.1805,17.5838,NA,NA
SandFall-Win64-Shipping.exe,27068,0x1FE3BB43140,DXGI,0,512,1,Hardware: Independent Flip,29889.4917,32.9899,32.7245,0.2654,23.9555,32.7976,32.2836,0.5140,56.7541,17.2467,-14.9036,29889.4917,0.0010,NA,NA
SandFall-Win64-Shipping.exe,27068,0x1FE3BB43140,DXGI,0,512,1,Hardware: Independent Flip,29922.4816,0.3464,0.1940,0.1524,23.7632,0.0691,0.0639,0.0052,41.0109,17.7645,15.7432,29922.4816,17.1786,NA,NA
SandFall-Win64-Shipping.exe,27068,0x1FE3BB43140,DXGI,0,512,1,Hardware: Independent Flip,29922.8280,34.5769,34.3295,0.2474,23.4859,34.2497,32.5254,1.7243,58.4290,15.9225,-17.4181,29922.8280,0.6934,NA,NA
SandFall-Win64-Shipping.exe,27068,0x1FE3BB43140,DXGI,0,512,1,Hardware: Independent Flip,29957.4049,0.3035,0.1542,0.1493,23.1587,0.1390,0.1374,0.0016,39.7746,15.9834,18.6544,29957.4049,16.4769,NA,NA
SandFall-Win64-Shipping.exe,27068,0x1FE3BB43140,DXGI,0,512,1,Hardware: Independent Flip,29957.7084,30.8586,30.6014,0.2572,22.9942,32.4594,32.4463,0.0131,55.4545,16.6690,-15.6799,29957.7084,0.0009,NA,NA
