Application,ProcessID,SwapChainAddress,PresentRuntime,SyncInterval,PresentFlags,AllowsTearing,PresentMode,CPUStartTime,FrameTime,CPUBusy,CPUWait,GPULatency,GPUTime,GPUBusy,GPUWait,DisplayLatency,DisplayedTime,AnimationError,AnimationTime,MsFlipDelay,AllInputToPhotonLatency,ClickToPhotonLatency
SandFall-Win64-Shipping.exe,19588,0x2EC4BC3AB90,DXGI,0,512,1,Hardware: Independent Flip,27.2693,0.4832,0.2439,0.2393,13.2728,0.1374,0.1352,0.0022,22.0168,8.5964,NA,27.2693,8.6066,NA,NA
SandFall-Win64-Shipping.exe,19588,0x2EC4BC3AB90,DXGI,0,512,1,Hardware: Independent Flip,27.7525,17.3305,16.9515,0.3790,12.9270,17.2021,17.1940,0.0081,30.1300,8.6562,-8.1132,27.7525,0.0009,NA,NA
SandFall-Win64-Shipping.exe,19588,0x2EC4BC3AB90,DXGI,0,512,1,Hardware: Independent Flip,45.0830,0.9219,0.3054,0.6165,12.7986,0.1298,0.1279,0.0019,21.4557,8.9812,8.6743,45.0830,8.5273,NA,NA
SandFall-Win64-Shipping.exe,19588,0x2EC4BC3AB90,DXGI,0,512,1,Hardware: Independent Flip,46.0049,15.0498,14.5460,0.5038,12.0065,17.5074,17.5039,0.0035,29.5150,8.7514,-8.0593,46.0049,0.0011,30.2007,NA
SandFall-Win64-Shipping.exe,19588,0x2EC4BC3AB90,DXGI,0,512,1,Hardware: Independent Flip,61.0547,0.3363,0.1658,0.1705,14.4641,0.1247,0.1220,0.0027,23.2166,8.1996,6.2984,61.0547,8.6278,NA,NA
SandFall-Win64-Shipping.exe,19588,0x2EC4BC3AB90,DXGI,0,512,1,Hardware: Independent Flip,61.3910,12.3899,12.1320,0.2579,14.2525,16.8264,16.8217,0.0047,31.0799,8.4831,-7.8633,61.3910,0.0010,NA,NA
SandFall-Win64-Shipping.exe,19588,0x2EC4BC3AB90,DXGI,0,512,1,Hardware: Independent Flip,73.7809,0.3821,0.1940,0.1881,18.6890,0.2201,0.2167,0.0034,27.1731,9.2647,3.9068,73.7809,8.2640,NA,NA
SandFall-Win64-Shipping.exe,19588,0x2EC4BC3AB90,DXGI,0,512,1,Hardware: Independent Flip,74.1630,21.7766,21.4955,0.2811,18.5270,17.5287,17.5255,0.0032,36.0557,8.8686,-8.8826,74.1630,NA,34.1508,NA
SandFall-Win64-Shipping.exe,19588,0x2EC4BC3AB90,DXGI,0,512,1,Hardware: Independent Flip,95.9396,0.3639,0.1907,0.1732,14.2791,0.1539,0.1539,0.0000,23.1477,9.4528,12.9080,95.9396,8.7147,NA,NA
SandFall-Win64-Shipping.exe,19588,0x2EC4BC3AB90,DXGI,0,512,1,Hardware: Independent Flip,96.3035,21.8149,21.5474,0.2675,14.0691,18.1669,18.1589,0.0080,32.2366,9.1326,-9.0889,96.3035,0.0006,19.0943,NA
SandFall-Win64-Shipping.exe,19588,0x2EC4BC3AB90,DXGI,0,512,1,Hardware: Independent Flip,118.1184,0.3344,0.1681,0.1663,10.4211,0.2284,0.2257,0.0027,19.5543,8.8698,12.6823,118.1184,8.9048,NA,NA
SandFall-Win64-Shipping.exe,19588,0x2EC4BC3AB90,DXGI,0,512,1,Hardware: Independent Flip,118.4528,17.7150,17.4217,0.2933,10.3151,17.7743,17.7661,0.0082,28.0897,8.9976,-8.5354,118.4528,0.0003,15.1063,NA
SandFall-Win64-Shipping.exe,19588,0x2EC4BC3AB90,DXGI,0,512,1,Hardware: Independent Flip,136.1678,0.4458,0.1890,0.2568,10.3744,0.1578,0.1563,0.0015,19.3723,8.2117,8.7174,136.1678,8.8401,NA,NA
SandFall-Win64-Shipping.exe,19588,0x2EC4BC3AB90,DXGI,0,512,1,Hardware: Independent Flip,136.6136,17.8369,17.5531,0.2838,10.0864,17.0508,17.0409,0.0099,27.1382,8.5728,-7.7659,136.6136,0.0010,11.3148,NA
SandFall-Win64-Shipping.exe,19588,0x2EC4BC3AB90,DXGI,0,512,1,Hardware: Independent Flip,154.4505,0.3525,0.1729,0.1796,9.3003,0.1426,0.1410,0.0016,17.8741,9.0487,9.2641,154.4505,8.4312,NA,NA
SandFall-Win64-Shipping.exe,19588,0x2EC4BC3AB90,DXGI,0,512,1,Hardware: Independent Flip,154.8030,15.7126,15.4668,0.2458,9.0904,17.3876,17.3720,0.0156,26.5703,8.6725,-8.6962,154.8030,0.0923,NA,NA
SandFall-Win64-Shipping.exe,19588,0x2EC4BC3AB90,DXGI,0,512,1,Hardware: Independent Flip,170.5156,0.3366,0.1570,0.1796,10.7654,0.1006,0.0990,0.0016,19.5302,8.7204,7.0401,170.5156,8.6642,NA,NA
SandFall-Win64-Shipping.exe,19588,0x2EC4BC3AB90,DXGI,0,512,1,Hardware: Independent Flip,170.8522,17.8745,17.6247,0.2498,10.5294,17.3384,17.3072,0.0312,27.9140,8.6039,-8.3838,170.8522,0.0462,34.3173,NA
SandFall-Win64-Shipping.exe,19588,0x2EC4BC3AB90,DXGI,0,512,1,Hardware: Independent Flip,188.7267,0.3116,0.1540,0.1576,9.9933,0.0900,0.0852,0.0048,18.6434,12.1166,9.2706,188.7267,8.5601,NA,NA
SandFall-Win64-Shipping.exe,19588,0x2EC4BC3AB90,DXGI,0,512,1,Hardware: Independent Flip,189.0383,19.5193,19.2683,0.2510,9.7717,19.9623,17.7332,2.2291,30.4484,9.2870,-11.8050,189.0383,0.7144,35.8172,NA
SandFall-Win64-Shipping.exe,19588,0x2EC4BC3AB90,DXGI,0,512,1,Hardware: Independent Flip,208.5576,0.3013,0.1521,0.1492,10.2147,0.1006,0.0990,0.0016,20.2161,8.3831,10.2323,208.5576,9.9008,NA,NA
SandFall-Win64-Shipping.exe,19588,0x2EC4BC3AB90,DXGI,0,512,1,Hardware: Independent Flip,208.8589,18.2501,17.9959,0.2542,10.0140,18.2833,17.5229,0.7604,28.2979,8.7749,-8.0818,208.8589,0.0006,30.7192,NA
SandFall-Win64-Shipping.exe,19588,0x2EC4BC3AB90,DXGI,0,512,1,Hardware: Independent Flip,227.1090,0.3517,0.1570,0.1947,10.0472,0.0820,0.0769,0.0051,18.8227,11.8100,9.4752,227.1090,8.6935,NA,NA
SandFall-Win64-Shipping.exe,19588,0x2EC4BC3AB90,DXGI,0,512,1,Hardware: Independent Flip,227.4607,19.9605,19.7040,0.2565,9.7775,19.8122,17.9800,1.8322,30.2810,9.2637,-11.4583,227.4607,0.6913,12.5649,NA
SandFall-Win64-Shipping.exe,19588,0x2EC4BC3AB90,DXGI,0,512,1,Hardware: Independent Flip,247.4212,0.3135,0.1550,0.1585,9.6292,0.1211,0.1190,0.0021,19.5842,7.0198,10.6968,247.4212,9.8339,NA,NA
SandFall-Win64-Shipping.exe,19588,0x2EC4BC3AB90,DXGI,0,512,1,Hardware: Independent Flip,247.7347,16.6704,16.4127,0.2577,9.4368,16.8530,16.8432,0.0098,26.2905,8.1328,-6.7063,247.7347,0.0007,NA,NA
SandFall-Win64-Shipping.exe,19588,0x2EC4BC3AB90,DXGI,0,512,1,Hardware: Independent Flip,264.4051,0.3758,0.1616,0.2142,9.6194,0.1231,0.1215,0.0016,17.7529,9.3823,8.5376,264.4051,8.0104,NA,NA
SandFall-Win64-Shipping.exe,19588,0x2EC4BC3AB90,DXGI,0,512,1,Hardware: Independent Flip,264.7809,16.7933,16.5376,0.2557,9.3667,17.3912,17.2036,0.1876,26.7594,8.7267,-9.0065,264.7809,0.0015,34.0992,NA
SandFall-Win64-Shipping.exe,19588,0x2EC4BC3AB90,DXGI,0,512,1,Hardware: Independent Flip,281.5742,0.3044,0.1514,0.1530,9.9646,0.0685,0.0632,0.0053,18.6928,11.2570,8.0666,281.5742,8.6597,NA,NA
SandFall-Win64-Shipping.exe,19588,0x2EC4BC3AB90,DXGI,0,512,1,Hardware: Independent Flip,281.8786,19.0341,18.7838,0.2503,9.7287,19.3493,17.5128,1.8365,29.6454,9.1429,-10.9526,281.8786,0.5674,35.5847,NA
SandFall-Win64-Shipping.exe,19588,0x2EC4BC3AB90,DXGI,0,512,1,Hardware: Independent Flip,300.9127,0.3149,0.1583,0.1566,10.0439,0.1418,0.1397,0.0021,19.7542,7.2737,9.8912,300.9127,9.5685,NA,NA
SandFall-Win64-Shipping.exe,19588,0x2EC4BC3AB90,DXGI,0,512,1,Hardware: Independent Flip,301.2276,15.4150,15.1698,0.2452,9.8708,16.8413,16.8323,0.0090,26.7130,8.2014,-6.9588,301.2276,0.0009,NA,NA
SandFall-Win64-Shipping.exe,19588,0x2EC4BC3AB90,DXGI,0,512,1,Hardware: Independent Flip,316.6426,0.3765,0.1807,0.1958,11.2971,0.1420,0.1403,0.0017,19.4994,9.0843,7.2136,316.6426,8.0603,NA,NA
SandFall-Win64-Shipping.exe,19588,0x2EC4BC3AB90,DXGI,0,512,1,Hardware: Independent Flip,317.0191,17.0811,16.7652,0.3159,11.0626,17.1437,17.1314,0.0123,28.2072,8.5841,-8.7078,317.0191,0.0009,38.5226,NA
SandFall-Win64-Shipping.exe,19588,0x2EC4BC3AB90,DXGI,0,512,1,Hardware: Independent Flip,334.1002,0.3919,0.1850,0.2069,11.1252,0.1084,0.1069,0.0015,19.7102,9.0039,8.4970,334.1002,8.4766,NA,NA
SandFall-Win64-Shipping.exe,19588,0x2EC4BC3AB90,DXGI,0,512,1,Hardware: Independent Flip,334.4921,20.1812,19.9091,0.2721,10.8417,17.3882,17.0219,0.3663,28.3222,8.6672,-8.6120,334.4921,0.0923,25.3701,NA
SandFall-Win64-Shipping.exe,19588,0x2EC4BC3AB90,DXGI,0,512,1,Hardware: Independent Flip,354.6733,0.3373,0.1647,0.1726,8.0487,0.1549,0.1533,0.0016,16.8082,8.8458,11.5140,354.6733,8.6046,NA,NA
SandFall-Win64-Shipping.exe,19588,0x2EC4BC3AB90,DXGI,0,512,1,Hardware: Independent Flip,355.0106,14.8038,14.5632,0.2406,7.8663,17.3858,17.3754,0.0104,25.3167,8.6113,-8.5085,355.0106,0.0646,NA,NA
SandFall-Win64-Shipping.exe,19588,0x2EC4BC3AB90,DXGI,0,512,1,Hardware: Independent Flip,369.8144,0.3186,0.1587,0.1599,10.4483,0.1448,0.1431,0.0017,19.1242,8.8056,6.1925,369.8144,8.5311,NA,NA
SandFall-Win64-Shipping.exe,19588,0x2EC4BC3AB90,DXGI,0,512,1,Hardware: Independent Flip,370.1330,16.9611,16.6989,0.2622,10.2745,17.2899,17.2830,0.0069,27.6112,8.5753,-8.4870,370.1330,0.0468,29.5425,NA
SandFall-Win64-Shipping.exe,19588,0x2EC4BC3AB90,DXGI,0,512,1,Hardware: Independent Flip,387.0941,0.3182,0.1561,0.1621,10.6033,0.0946,0.0931,0.0015,19.2254,8.5510,8.3858,387.0941,8.5275,NA,NA
SandFall-Win64-Shipping.exe,19588,0x2EC4BC3AB90,DXGI,0,512,1,Hardware: Independent Flip,387.4123,17.0557,16.7898,0.2659,10.3797,17.0761,17.0684,0.0077,27.4582,8.5759,-8.2328,387.4123,0.0024,NA,NA
SandFall-Win64-Shipping.exe,19588,0x2EC4BC3AB90,DXGI,0,512,1,Hardware: Independent Flip,404.4680,0.3623,0.1675,0.1948,10.4001,0.0646,0.0606,0.0040,18.9784,8.7464,8.4798,404.4680,8.5137,NA,NA
SandFall-Win64-Shipping.exe,19588,0x2EC4BC3AB90,DXGI,0,512,1,Hardware: Independent Flip,404.8303,16.5100,16.2529,0.2571,10.1024,17.2276,17.2018,0.0258,27.3625,8.6078,-8.3841,404.8303,0.0325,NA,NA
SandFall-Win64-Shipping.exe,19588,0x2EC4BC3AB90,DXGI,0,512,1,Hardware: Independent Flip,421.3403,0.3087,0.1549,0.1538,10.8200,0.1551,0.1534,0.0017,19.4603,9.1506,7.9022,421.3403,8.4852,NA,NA
SandFall-Win64-Shipping.exe,19588,0x2EC4BC3AB90,DXGI,0,512,1,Hardware: Independent Flip,421.6490,16.5837,16.3417,0.2420,10.6664,17.5168,17.5054,0.0114,28.3022,8.7160,-8.8419,421.6490,0.1190,34.5106,NA
SandFall-Win64-Shipping.exe,19588,0x2EC4BC3AB90,DXGI,0,512,1,Hardware: Independent Flip,438.2327,0.4081,0.2365,0.1716,11.5995,0.1457,0.1440,0.0017,20.4345,9.9192,7.8677,438.2327,8.6893,NA,NA
SandFall-Win64-Shipping.exe,19588,0x2EC4BC3AB90,DXGI,0,512,1,Hardware: Independent Flip,438.6408,19.8597,19.4952,0.3645,11.3371,17.1080,17.0944,0.0136,29.9456,7.0481,-9.5111,438.6408,1.5005,23.4653,NA
SandFall-Win64-Shipping.exe,19588,0x2EC4BC3AB90,DXGI,0,512,1,Hardware: Independent Flip,458.5005,0.3767,0.1951,0.1816,8.5854,0.0756,0.0713,0.0043,17.1340,8.8284,12.8116,458.5005,8.4730,NA,NA
SandFall-Win64-Shipping.exe,19588,0x2EC4BC3AB90,DXGI,0,512,1,Hardware: Independent Flip,458.8772,14.6103,14.2619,0.3484,8.2843,17.3005,17.2898,0.0107,25.5857,7.9344,-8.4517,458.8772,0.0009,NA,NA
SandFall-Win64-Shipping.exe,19588,0x2EC4BC3AB90,DXGI,0,512,1,Hardware: Independent Flip,473.4875,0.3264,0.1619,0.1645,10.9745,0.1143,0.1125,0.0018,18.9098,9.1188,6.6759,473.4875,7.8210,NA,NA
SandFall-Win64-Shipping.exe,19588,0x2EC4BC3AB90,DXGI,0,512,1,Hardware: Independent Flip,473.8139,17.8066,17.3014,0.5052,10.7624,16.9393,16.9287,0.0106,27.7022,8.5187,-8.7924,473.8139,0.0005,NA,NA
SandFall-Win64-Shipping.exe,19588,0x2EC4BC3AB90,DXGI,0,512,1,Hardware: Independent Flip,491.6205,0.3552,0.1642,0.1910,9.8951,0.1503,0.1503,0.0000,18.4143,10.1459,9.2879,491.6205,8.3689,NA,NA
SandFall-Win64-Shipping.exe,19588,0x2EC4BC3AB90,DXGI,0,512,1,Hardware: Independent Flip,491.9757,15.8657,15.6125,0.2532,9.6902,17.0141,17.0024,0.0117,28.2050,7.0626,-9.7907,491.9757,1.5007,44.3225,NA
SandFall-Win64-Shipping.exe,19588,0x2EC4BC3AB90,DXGI,0,512,1,Hardware: Independent Flip,507.8414,0.3076,0.1563,0.1513,10.8386,0.1079,0.1061,0.0018,19.4019,8.6097,8.8031,507.8414,8.4554,NA,NA
SandFall-Win64-Shipping.exe,19588,0x2EC4BC3AB90,DXGI,0,512,1,Hardware: Independent Flip,508.1490,17.6814,17.4266,0.2548,10.6389,17.0637,17.0530,0.0107,27.7040,7.7680,-8.3021,508.1490,0.0014,29.2446,NA
SandFall-Win64-Shipping.exe,19588,0x2EC4BC3AB90,DXGI,0,512,1,Hardware: Independent Flip,525.8304,0.3024,0.1523,0.1501,10.0212,0.1169,0.1150,0.0019,17.7906,9.4638,9.9134,525.8304,7.6525,NA,NA
SandFall-Win64-Shipping.exe,19588,0x2EC4BC3AB90,DXGI,0,512,1,Hardware: Independent Flip,526.1328,16.7058,16.4626,0.2432,9.8357,17.1158,17.1028,0.0130,26.9520,8.6162,-9.1614,526.1328,0.0005,NA,NA
SandFall-Win64-Shipping.exe,19588,0x2EC4BC3AB90,DXGI,0,512,1,Hardware: Independent Flip,542.8386,0.3016,0.1511,0.1505,10.2457,0.1224,0.1224,0.0000,18.8624,8.9090,8.0896,542.8386,8.4943,NA,NA
SandFall-Win64-Shipping.exe,19588,0x2EC4BC3AB90,DXGI,0,512,1,Hardware: Independent Flip,543.1402,17.2776,17.0267,0.2509,10.0665,17.3295,17.0987,0.2308,27.4698,8.6506,-8.6074,543.1402,0.0738,33.2803,NA
SandFall-Win64-Shipping.exe,19588,0x2EC4BC3AB90,DXGI,0,512,1,Hardware: Independent Flip,560.4178,0.3141,0.1579,0.1562,10.1184,0.1709,0.1689,0.0020,18.8428,10.5920,8.6270,560.4178,8.5535,NA,NA
SandFall-Win64-Shipping.exe,19588,0x2EC4BC3AB90,DXGI,0,512,1,Hardware: Independent Flip,560.7319,21.8243,21.5215,0.3028,9.9752,18.7331,17.7055,1.0276,29.1207,8.9901,-10.2779,560.7319,0.4124,21.7339,NA
SandFall-Win64-Shipping.exe,19588,0x2EC4BC3AB90,DXGI,0,512,1,Hardware: Independent Flip,582.5562,0.3642,0.1895,0.1747,6.8840,0.1493,0.1472,0.0021,16.2865,7.8668,12.8342,582.5562,9.2532,NA,NA
SandFall-Win64-Shipping.exe,19588,0x2EC4BC3AB90,DXGI,0,512,1,Hardware: Independent Flip,582.9204,12.6344,12.3513,0.2831,6.6691,17.1190,17.1091,0.0099,23.7891,8.4193,-7.5026,582.9204,0.0010,NA,NA
SandFall-Win64-Shipping.exe,19588,0x2EC4BC3AB90,DXGI,0,512,1,Hardware: Independent Flip,595.5548,0.3421,0.1832,0.1589,11.1537,0.1374,0.1358,0.0016,19.5740,9.1029,4.2151,595.5548,8.2829,NA,NA
SandFall-Win64-Shipping.exe,19588,0x2EC4BC3AB90,DXGI,0,512,1,Hardware: Independent Flip,595.8969,16.9392,16.6598,0.2794,10.9490,17.3159,17.3086,0.0073,28.3348,8.6319,-8.7608,595.8969,0.0699,NA,NA
SandFall-Win64-Shipping.exe,19588,0x2EC4BC3AB90,DXGI,0,512,1,Hardware: Independent Flip,612.8361,0.3255,0.1703,0.1552,11.3257,0.1560,0.1560,0.0000,20.0275,9.3568,8.3073,612.8361,8.5458,NA,NA
SandFall-Win64-Shipping.exe,19588,0x2EC4BC3AB90,DXGI,0,512,1,Hardware: Independent Flip,613.1616,16.5518,16.2252,0.3266,11.1562,17.7373,17.7278,0.0095,29.0588,8.7285,-9.0313,613.1616,0.1653,43.3766,NA
SandFall-Win64-Shipping.exe,19588,0x2EC4BC3AB90,DXGI,0,512,1,Hardware: Independent Flip,629.7134,0.3599,0.1884,0.1715,12.3417,0.1072,0.1072,0.0000,21.2355,8.6876,7.8233,629.7134,8.7866,NA,NA
SandFall-Win64-Shipping.exe,19588,0x2EC4BC3AB90,DXGI,0,512,1,Hardware: Independent Flip,630.0733,18.7018,18.3883,0.3135,12.0890,17.4211,17.4102,0.0109,29.5632,8.6273,-8.3277,630.0733,0.0531,NA,NA
SandFall-Win64-Shipping.exe,19588,0x2EC4BC3AB90,DXGI,0,512,1,Hardware: Independent Flip,648.7751,0.3226,0.1649,0.1577,10.8083,0.1458,0.1435,0.0023,19.4887,8.8073,10.0745,648.7751,8.5346,23.3175,NA
SandFall-Win64-Shipping.exe,19588,0x2EC4BC3AB90,DXGI,0,512,1,Hardware: Independent Flip,649.0977,16.9303,16.6643,0.2660,10.6315,17.2971,17.2877,0.0094,27.9734,8.5763,-8.4847,649.0977,0.0448,NA,NA
SandFall-Win64-Shipping.exe,19588,0x2EC4BC3AB90,DXGI,0,512,1,Hardware: Independent Flip,666.0280,0.3687,0.1967,0.1720,10.9983,0.1318,0.1297,0.0021,19.6194,9.5237,8.3540,666.0280,8.4893,NA,NA
SandFall-Win64-Shipping.exe,19588,0x2EC4BC3AB90,DXGI,0,512,1,Hardware: Independent Flip,666.3967,16.8818,16.6067,0.2751,10.7614,17.8164,17.8092,0.0072,28.7744,8.7704,-9.1550,666.3967,0.1966,NA,NA
SandFall-Win64-Shipping.exe,19588,0x2EC4BC3AB90,DXGI,0,512,1,Hardware: Independent Flip,683.2785,0.4006,0.1704,0.2302,11.6960,0.1279,0.1263,0.0016,20.6630,8.5807,8.1114,683.2785,8.8391,NA,NA
SandFall-Win64-Shipping.exe,19588,0x2EC4BC3AB90,DXGI,0,512,1,Hardware: Independent Flip,683.6791,16.0940,15.8254,0.2686,11.4233,17.3822,17.3749,0.0073,28.8431,8.6121,-8.1801,683.6791,0.0376,36.8249,NA
SandFall-Win64-Shipping.exe,19588,0x2EC4BC3AB90,DXGI,0,512,1,Hardware: Independent Flip,699.7731,0.3535,0.1844,0.1691,12.7115,0.1583,0.1583,0.0000,21.3612,8.9134,7.4819,699.7731,8.4914,NA,NA
SandFall-Win64-Shipping.exe,19588,0x2EC4BC3AB90,DXGI,0,512,1,Hardware: Independent Flip,700.1266,17.5689,17.3104,0.2585,12.5163,17.3323,17.3246,0.0077,29.9211,8.6484,-8.5599,700.1266,0.0725,NA,NA
SandFall-Win64-Shipping.exe,19588,0x2EC4BC3AB90,DXGI,0,512,1,Hardware: Independent Flip,717.6955,0.3114,0.1555,0.1559,12.2797,0.2296,0.2276,0.0020,21.0006,8.5546,8.9205,717.6955,8.4913,NA,NA
SandFall-Win64-Shipping.exe,19588,0x2EC4BC3AB90,DXGI,0,512,1,Hardware: Independent Flip,718.0069,17.2496,16.9795,0.2701,12.1979,17.0376,17.0281,0.0095,29.2438,8.5819,-8.2432,718.0069,0.0083,40.7410,NA
SandFall-Win64-Shipping.exe,19588,0x2EC4BC3AB90,DXGI,0,512,1,Hardware: Independent Flip,735.2565,0.3467,0.1676,0.1791,11.9859,0.1599,0.1560,0.0039,20.5761,9.0696,8.6677,735.2565,8.4303,NA,NA
SandFall-Win64-Shipping.exe,19588,0x2EC4BC3AB90,DXGI,0,512,1,Hardware: Independent Flip,735.6032,17.8406,17.5245,0.3161,11.7991,17.4022,17.3918,0.0104,29.2990,8.6731,-8.7229,735.6032,0.0977,28.4683,NA
SandFall-Win64-Shipping.exe,19588,0x2EC4BC3AB90,DXGI,0,512,1,Hardware: Independent Flip,753.4438,0.4066,0.2120,0.1946,11.3607,0.1381,0.1365,0.0016,20.1315,10.0016,9.1675,753.4438,8.6327,NA,NA
SandFall-Win64-Shipping.exe,19588,0x2EC4BC3AB90,DXGI,0,512,1,Hardware: Independent Flip,753.8504,18.9189,18.6645,0.2544,11.0922,18.3317,17.8028,0.5289,29.7265,8.8798,-9.5950,753.8504,0.3026,34.1329,NA
SandFall-Win64-Shipping.exe,19588,0x2EC4BC3AB90,DXGI,0,512,1,Hardware: Independent Flip,772.7693,0.3342,0.1636,0.1706,10.5050,0.1970,0.1945,0.0025,19.6874,8.3014,10.0391,772.7693,8.9854,24.4815,NA
SandFall-Win64-Shipping.exe,19588,0x2EC4BC3AB90,DXGI,0,512,1,Hardware: Independent Flip,773.1035,16.5722,16.2186,0.3536,10.3678,17.2861,17.2766,0.0095,27.6546,8.5287,-7.9672,773.1035,0.0007,NA,NA
SandFall-Win64-Shipping.exe,19588,0x2EC4BC3AB90,DXGI,0,512,1,Hardware: Independent Flip,789.6757,0.3345,0.1731,0.1614,11.0817,0.0937,0.0922,0.0015,19.6111,8.9499,8.0435,789.6757,8.4357,NA,NA
SandFall-Win64-Shipping.exe,19588,0x2EC4BC3AB90,DXGI,0,512,1,Hardware: Independent Flip,790.0102,16.7536,16.4982,0.2554,10.8409,17.3181,17.3044,0.0137,28.2265,8.6293,-8.6154,790.0102,0.0675,28.7951,NA
SandFall-Win64-Shipping.exe,19588,0x2EC4BC3AB90,DXGI,0,512,1,Hardware: Independent Flip,806.7638,0.3316,0.1591,0.1725,11.4054,0.0954,0.0911,0.0043,20.1022,8.6190,8.1243,806.7638,8.6014,NA,NA
SandFall-Win64-Shipping.exe,19588,0x2EC4BC3AB90,DXGI,0,512,1,Hardware: Independent Flip,807.0954,17.4766,17.1836,0.2930,11.1692,17.2088,17.1930,0.0158,28.3896,8.5524,-8.2874,807.0954,0.0116,36.7340,NA
SandFall-Win64-Shipping.exe,19588,0x2EC4BC3AB90,DXGI,0,512,1,Hardware: Independent Flip,824.5720,0.3440,0.1597,0.1843,10.9014,0.1582,0.1557,0.0025,19.4654,9.6856,8.9242,824.5720,8.4058,NA,NA
SandFall-Win64-Shipping.exe,19588,0x2EC4BC3AB90,DXGI,0,512,1,Hardware: Independent Flip,824.9160,18.1726,17.9173,0.2553,10.7156,17.8711,17.8590,0.0121,28.8070,8.7830,-9.3416,824.9160,0.2203,NA,NA
SandFall-Win64-Shipping.exe,19588,0x2EC4BC3AB90,DXGI,0,512,1,Hardware: Independent Flip,843.0886,0.3474,0.1651,0.1823,10.4141,0.1093,0.1077,0.0016,19.4174,8.2686,9.3896,843.0886,8.8940,NA,NA
SandFall-Win64-Shipping.exe,19588,0x2EC4BC3AB90,DXGI,0,512,1,Hardware: Independent Flip,843.4360,16.7443,16.4988,0.2455,10.1760,17.1618,17.1515,0.0103,27.3386,8.5238,-7.9212,843.4360,0.0008,41.2810,NA
SandFall-Win64-Shipping.exe,19588,0x2EC4BC3AB90,DXGI,0,512,1,Hardware: Independent Flip,860.1803,0.4374,0.2254,0.2120,10.5935,0.1147,0.1097,0.0050,19.1181,9.2093,8.2205,860.1803,8.4099,NA,NA
SandFall-Win64-Shipping.exe,19588,0x2EC4BC3AB90,DXGI,0,512,1,Hardware: Independent Flip,860.6177,17.0460,16.7909,0.2551,10.2708,17.5048,17.4902,0.0146,27.8900,8.7089,-8.7719,860.6177,0.1144,44.0306,NA
SandFall-Win64-Shipping.exe,19588,0x2EC4BC3AB90,DXGI,0,512,1,Hardware: Independent Flip,877.6637,0.3154,0.1584,0.1570,10.7296,0.1381,0.1341,0.0040,19.5529,8.9637,8.3371,877.6637,8.6852,NA,NA
SandFall-Win64-Shipping.exe,19588,0x2EC4BC3AB90,DXGI,0,512,1,Hardware: Independent Flip,877.9791,17.1496,16.8861,0.2635,10.5523,17.5500,17.5383,0.0117,28.2012,8.6604,-8.6483,877.9791,0.0989,29.7383,NA
SandFall-Win64-Shipping.exe,19588,0x2EC4BC3AB90,DXGI,0,512,1,Hardware: Independent Flip,895.1287,0.3425,0.1577,0.1848,10.9527,0.1396,0.1380,0.0016,19.7120,8.4027,8.4892,895.1287,8.6197,NA,NA
SandFall-Win64-Shipping.exe,19588,0x2EC4BC3AB90,DXGI,0,512,1,Hardware: Independent Flip,895.4712,16.9597,16.6834,0.2763,10.7498,17.0218,17.0084,0.0134,27.7722,8.4442,-8.0602,895.4712,0.0006,29.8066,NA
SandFall-Win64-Shipping.exe,19588,0x2EC4BC3AB90,DXGI,0,512,1,Hardware: Independent Flip,912.4309,0.3184,0.1601,0.1583,10.8119,0.1121,0.1096,0.0025,19.2567,8.8652,8.5155,912.4309,8.3327,NA,NA
SandFall-Win64-Shipping.exe,19588,0x2EC4BC3AB90,DXGI,0,512,1,Hardware: Independent Flip,912.7493,17.0350,16.7741,0.2609,10.6056,17.1572,17.1448,0.0124,27.8035,8.6171,-8.5468,912.7493,0.0407,34.2031,NA
SandFall-Win64-Shipping.exe,19588,0x2EC4BC3AB90,DXGI,0,512,1,Hardware: Independent Flip,929.7843,0.3256,0.1624,0.1632,10.7278,0.1419,0.1403,0.0016,19.3856,8.9721,8.4179,929.7843,8.5159,NA,NA
SandFall-Win64-Shipping.exe,19588,0x2EC4BC3AB90,DXGI,0,512,1,Hardware: Independent Flip,930.1099,17.3795,17.1302,0.2493,10.5441,17.4027,17.3877,0.0150,28.0321,8.6578,-8.6465,930.1099,0.0853,41.6955,NA
SandFall-Win64-Shipping.exe,19588,0x2EC4BC3AB90,DXGI,0,512,1,Hardware: Independent Flip,947.4894,0.3409,0.1593,0.1816,10.5673,0.1397,0.1381,0.0016,19.3104,8.8171,8.7217,947.4894,8.6034,NA,NA
SandFall-Win64-Shipping.exe,19588,0x2EC4BC3AB90,DXGI,0,512,1,Hardware: Independent Flip,947.8303,17.3908,17.1393,0.2515,10.3661,17.3605,17.2364,0.1241,27.7866,8.6213,-8.4762,947.8303,0.0600,38.4624,NA
SandFall-Win64-Shipping.exe,19588,0x2EC4BC3AB90,DXGI,0,512,1,Hardware: Independent Flip,965.2211,0.3073,0.1584,0.1489,10.3358,0.1039,0.1024,0.0015,19.0171,10.3181,8.7695,965.2211,8.5774,NA,NA
SandFall-Win64-Shipping.exe,19588,0x2EC4BC3AB90,DXGI,0,512,1,Hardware: Independent Flip,965.5284,18.4174,18.1085,0.3089,10.1324,18.5429,18.0195,0.5234,29.0279,8.9088,-10.0108,965.5284,0.3526,NA,NA
SandFall-Win64-Shipping.exe,19588,0x2EC4BC3AB90,DXGI,0,512,1,Hardware: Independent Flip,983.9458,0.3648,0.1711,0.1937,10.2579,0.1497,0.1473,0.0024,19.5193,8.2579,9.5086,983.9458,9.1117,35.5940,NA
SandFall-Win64-Shipping.exe,19588,0x2EC4BC3AB90,DXGI,0,512,1,Hardware: Independent Flip,984.3106,15.9510,15.6869,0.2641,10.0428,17.3685,17.3567,0.0118,27.4124,8.5721,-7.8931,984.3106,0.0011,NA,NA
SandFall-Win64-Shipping.exe,19588,0x2EC4BC3AB90,DXGI,0,512,1,Hardware: Independent Flip,1000.2616,0.3467,0.1738,0.1729,11.4603,0.1274,0.1274,0.0000,20.0335,8.9526,7.3789,1000.2616,8.4458,NA,NA
SandFall-Win64-Shipping.exe,19588,0x2EC4BC3AB90,DXGI,0,512,1,Hardware: Independent Flip,1000.6083,17.3711,17.0719,0.2992,11.2410,17.3238,17.3169,0.0069,28.6394,8.6492,-8.6059,1000.6083,0.0746,30.6118,NA
SandFall-Win64-Shipping.exe,19588,0x2EC4BC3AB90,DXGI,0,512,1,Hardware: Independent Flip,1017.9794,0.3356,0.1716,0.1640,11.1937,0.1442,0.1425,0.0017,19.9175,8.6494,8.7219,1017.9794,8.5796,NA,NA
SandFall-Win64-Shipping.exe,19588,0x2EC4BC3AB90,DXGI,0,512,1,Hardware: Independent Flip,1018.3150,16.9359,16.6665,0.2694,11.0023,17.2016,17.1939,0.0077,28.2313,8.6030,-8.3138,1018.3150,0.0274,NA,NA
SandFall-Win64-Shipping.exe,19588,0x2EC4BC3AB90,DXGI,0,512,1,Hardware: Independent Flip,1035.2509,0.3498,0.1777,0.1721,11.2680,0.2002,0.2002,0.0000,19.8984,8.7573,8.3329,1035.2509,8.4302,NA,NA
SandFall-Win64-Shipping.exe,19588,0x2EC4BC3AB90,DXGI,0,512,1,Hardware: Independent Flip,1035.6007,16.8432,16.5956,0.2476,11.1184,17.1483,17.1407,0.0076,28.3059,8.6139,-8.4075,1035.6007,0.0392,34.5356,NA
SandFall-Win64-Shipping.exe,19588,0x2EC4BC3AB90,DXGI,0,512,1,Hardware: Independent Flip,1052.4439,0.3253,0.1743,0.1510,11.4235,0.1473,0.1456,0.0017,20.0766,10.2770,8.2293,1052.4439,8.5058,NA,NA
SandFall-Win64-Shipping.exe,19588,0x2EC4BC3AB90,DXGI,0,512,1,Hardware: Independent Flip,1052.7692,17.5518,17.2985,0.2533,11.2455,18.4371,18.4304,0.0067,30.0283,8.9207,-9.9517,1052.7692,0.3457,NA,NA
SandFall-Win64-Shipping.exe,19588,0x2EC4BC3AB90,DXGI,0,512,1,Hardware: Independent Flip,1070.3210,0.3344,0.1784,0.1560,12.1308,0.1268,0.1253,0.0015,21.3972,8.1343,8.6311,1070.3210,9.1396,NA,NA
SandFall-Win64-Shipping.exe,19588,0x2EC4BC3AB90,DXGI,0,512,1,Hardware: Independent Flip,1070.6554,17.1333,16.8608,0.2725,11.9232,17.2730,17.2665,0.0065,29.1971,8.5014,-7.7999,1070.6554,0.0009,39.7137,NA
SandFall-Win64-Shipping.exe,19588,0x2EC4BC3AB90,DXGI,0,512,1,Hardware: Independent Flip,1087.7887,0.3431,0.1608,0.1823,12.0629,0.0898,0.0811,0.0087,20.5652,10.0210,8.6319,1087.7887,8.4125,NA,NA
SandFall-Win64-Shipping.exe,19588,0x2EC4BC3AB90,DXGI,0,512,1,Hardware: Independent Flip,1088.1318,18.1058,17.8252,0.2806,11.8096,18.4244,18.4162,0.0082,30.2431,9.2461,-9.6779,1088.1318,0.0091,NA,NA
SandFall-Win64-Shipping.exe,19588,0x2EC4BC3AB90,DXGI,0,512,1,Hardware: Independent Flip,1106.2376,0.6260,0.2274,0.3986,12.1282,0.1382,0.1382,0.0000,21.3834,8.2315,8.8597,1106.2376,9.1170,NA,NA
SandFall-Win64-Shipping.exe,19588,0x2EC4BC3AB90,DXGI,0,512,1,Hardware: Independent Flip,1106.8636,16.5337,16.2135,0.3202,11.6404,17.3481,17.3376,0.0105,28.9889,8.8087,-7.6055,1106.8636,0.0004,NA,NA
SandFall-Win64-Shipping.exe,19588,0x2EC4BC3AB90,DXGI,0,512,1,Hardware: Independent Flip,1123.3973,0.3644,0.1941,0.1703,12.4548,0.1441,0.1425,0.0016,21.2639,9.5796,7.7250,1123.3973,8.6650,NA,NA
SandFall-Win64-Shipping.exe,19588,0x2EC4BC3AB90,DXGI,0,512,1,Hardware: Independent Flip,1123.7617,19.2258,18.9614,0.2644,12.2345,18.2435,18.2374,0.0061,30.4791,9.4893,-9.2152,1123.7617,0.0011,17.2606,NA
SandFall-Win64-Shipping.exe,19588,0x2EC4BC3AB90,DXGI,0,512,1,Hardware: Independent Flip,1142.9875,0.3550,0.1631,0.1919,11.2522,0.1451,0.1430,0.0021,20.7426,7.9562,9.7365,1142.9875,9.3453,NA,NA
SandFall-Win64-Shipping.exe,19588,0x2EC4BC3AB90,DXGI,0,512,1,Hardware: Independent Flip,1143.3425,16.1250,15.8601,0.2649,11.0423,17.3006,17.2937,0.0069,28.3438,8.6492,-7.6012,1143.3425,0.0009,NA,NA
SandFall-Win64-Shipping.exe,19588,0x2EC4BC3AB90,DXGI,0,512,1,Hardware: Independent Flip,1159.4675,0.3675,0.2006,0.1669,12.2179,0.0965,0.0948,0.0017,20.8680,8.9442,7.4758,1159.4675,8.5536,NA,NA
SandFall-Win64-Shipping.exe,19588,0x2EC4BC3AB90,DXGI,0,512,1,Hardware: Independent Flip,1159.8350,17.1286,16.8626,0.2660,11.9469,17.4968,17.3901,0.1067,29.4447,8.8556,-8.5767,1159.8350,0.0010,NA,NA
SandFall-Win64-Shipping.exe,19588,0x2EC4BC3AB90,DXGI,0,512,1,Hardware: Independent Flip,1176.9636,0.3157,0.1573,0.1584,12.3151,0.0952,0.0934,0.0018,21.1717,8.3087,8.2730,1176.9636,8.7614,NA,NA
SandFall-Win64-Shipping.exe,19588,0x2EC4BC3AB90,DXGI,0,512,1,Hardware: Independent Flip,1177.2793,19.0690,18.8244,0.2446,12.0946,17.0695,17.0619,0.0076,29.1647,8.5874,-7.9930,1177.2793,0.0006,38.7095,NA
SandFall-Win64-Shipping.exe,19588,0x2EC4BC3AB90,DXGI,0,512,1,Hardware: Independent Flip,1196.3483,0.3846,0.1561,0.2285,10.0951,0.1341,0.1341,0.0000,18.6831,8.8891,10.4816,1196.3483,8.4539,NA,NA
SandFall-Win64-Shipping.exe,19588,0x2EC4BC3AB90,DXGI,0,512,1,Hardware: Independent Flip,1196.7329,15.9724,15.6762,0.2962,9.8446,17.3424,17.3294,0.0130,27.1876,8.7540,-8.5045,1196.7329,0.0006,NA,NA
SandFall-Win64-Shipping.exe,19588,0x2EC4BC3AB90,DXGI,0,512,1,Hardware: Independent Flip,1212.7053,0.3392,0.1801,0.1591,11.2146,0.1174,0.1158,0.0016,19.9692,8.8052,7.2184,1212.7053,8.6372,NA,NA
SandFall-Win64-Shipping.exe,19588,0x2EC4BC3AB90,DXGI,0,512,1,Hardware: Independent Flip,1213.0445,19.8206,19.5086,0.3120,10.9928,17.4414,17.0585,0.3829,28.4352,8.8958,-8.4660,1213.0445,0.0010,42.9833,NA
SandFall-Win64-Shipping.exe,19588,0x2EC4BC3AB90,DXGI,0,512,1,Hardware: Independent Flip,1232.8651,0.3294,0.1646,0.1648,8.6136,0.1168,0.1151,0.0017,17.5104,8.9827,10.9248,1232.8651,8.7800,21.1115,NA
SandFall-Win64-Shipping.exe,19588,0x2EC4BC3AB90,DXGI,0,512,1,Hardware: Independent Flip,1233.1945,17.4373,17.1014,0.3359,8.4010,17.7619,17.7479,0.0140,26.1637,9.1081,-8.6533,1233.1945,0.0008,NA,NA
SandFall-Win64-Shipping.exe,19588,0x2EC4BC3AB90,DXGI,0,512,1,Hardware: Independent Flip,1250.6318,0.3632,0.1839,0.1793,8.7256,0.1009,0.0968,0.0041,17.8345,8.6558,8.3292,1250.6318,9.0080,21.0074,NA
SandFall-Win64-Shipping.exe,19588,0x2EC4BC3AB90,DXGI,0,512,1,Hardware: Independent Flip,1250.9950,15.7087,15.4680,0.2407,8.4633,17.6629,17.5888,0.0741,26.1271,9.0183,-8.2926,1250.9950,0.0009,NA,NA
SandFall-Win64-Shipping.exe,19588,0x2EC4BC3AB90,DXGI,0,512,1,Hardware: Independent Flip,1266.7037,0.3079,0.1548,0.1531,10.4175,0.0965,0.0903,0.0062,19.4367,9.3653,6.6904,1266.7037,8.9227,NA,NA
SandFall-Win64-Shipping.exe,19588,0x2EC4BC3AB90,DXGI,0,512,1,Hardware: Independent Flip,1267.0116,17.8941,17.6398,0.2543,10.2061,18.2870,17.8710,0.4160,28.4941,9.4146,-9.0574,1267.0116,0.0010,35.4395,NA
SandFall-Win64-Shipping.exe,19588,0x2EC4BC3AB90,DXGI,0,512,1,Hardware: Independent Flip,1284.9057,0.3078,0.1542,0.1536,10.5990,0.0976,0.0954,0.0022,20.0146,9.1339,8.4795,1284.9057,9.3180,NA,NA
SandFall-Win64-Shipping.exe,19588,0x2EC4BC3AB90,DXGI,0,512,1,Hardware: Independent Flip,1285.2135,17.6985,17.4428,0.2557,10.3888,18.4504,18.4446,0.0058,28.8407,9.5493,-8.8261,1285.2135,0.0015,NA,NA
SandFall-Win64-Shipping.exe,19588,0x2EC4BC3AB90,DXGI,0,512,1,Hardware: Independent Flip,1302.9120,0.3388,0.1599,0.1789,11.1407,0.1045,0.1026,0.0019,20.6915,8.4457,8.1492,1302.9120,9.4463,NA,NA
SandFall-Win64-Shipping.exe,19588,0x2EC4BC3AB90,DXGI,0,512,1,Hardware: Independent Flip,1303.2508,16.1231,15.8559,0.2672,10.9064,17.8912,17.8817,0.0095,28.7984,9.2365,-8.1069,1303.2508,0.0008,41.2444,NA
SandFall-Win64-Shipping.exe,19588,0x2EC4BC3AB90,DXGI,0,512,1,Hardware: Independent Flip,1319.3739,0.3499,0.1879,0.1620,12.6745,0.1404,0.1381,0.0023,21.9118,8.1436,6.8866,1319.3739,9.0969,NA,NA
SandFall-Win64-Shipping.exe,19588,0x2EC4BC3AB90,DXGI,0,512,1,Hardware: Independent Flip,1319.7238,17.0753,16.7628,0.3125,12.4650,17.2397,17.2325,0.0072,29.7055,8.6800,-7.7937,1319.7238,0.0008,NA,NA
SandFall-Win64-Shipping.exe,19588,0x2EC4BC3AB90,DXGI,0,512,1,Hardware: Independent Flip,1336.7991,0.7558,0.2257,0.5301,12.6294,0.1423,0.1406,0.0017,21.3102,9.2016,8.3953,1336.7991,8.5385,NA,NA
SandFall-Win64-Shipping.exe,19588,0x2EC4BC3AB90,DXGI,0,512,1,Hardware: Independent Flip,1337.5549,17.7360,17.4787,0.2573,12.0159,17.5963,17.5877,0.0086,29.7560,8.7378,-8.4458,1337.5549,0.1438,30.4409,NA
SandFall-Win64-Shipping.exe,19588,0x2EC4BC3AB90,DXGI,0,512,1,Hardware: Independent Flip,1355.2909,0.4080,0.1949,0.2131,11.8762,0.1607,0.1571,0.0036,20.7578,8.6530,8.9982,1355.2909,8.7209,NA,NA
SandFall-Win64-Shipping.exe,19588,0x2EC4BC3AB90,DXGI,0,512,1,Hardware: Independent Flip,1355.6989,18.0690,17.6955,0.3735,11.6289,17.3309,17.3228,0.0081,29.0028,8.6051,-8.2450,1355.6989,0.0430,29.2636,NA
SandFall-Win64-Shipping.exe,19588,0x2EC4BC3AB90,DXGI,0,512,1,Hardware: Independent Flip,1373.7679,0.4010,0.1750,0.2260,10.8908,0.1292,0.1273,0.0019,19.5389,9.1552,9.4639,1373.7679,8.5189,19.8719,NA
SandFall-Win64-Shipping.exe,19588,0x2EC4BC3AB90,DXGI,0,512,1,Hardware: Independent Flip,1374.1689,18.6365,18.3798,0.2567,10.6190,17.5523,17.5435,0.0088,28.2931,8.6954,-8.7542,1374.1689,0.1218,12.0274,NA
SandFall-Win64-Shipping.exe,19588,0x2EC4BC3AB90,DXGI,0,512,1,Hardware: Independent Flip,1392.8054,0.4400,0.2408,0.1992,9.5348,0.1532,0.1517,0.0015,18.3520,9.5022,9.9411,1392.8054,8.6640,NA,NA
SandFall-Win64-Shipping.exe,19588,0x2EC4BC3AB90,DXGI,0,512,1,Hardware: Independent Flip,1393.2454,16.2510,15.9370,0.3140,9.2480,18.0306,18.0170,0.0136,27.4142,8.8183,-9.0622,1393.2454,0.1356,NA,NA
SandFall-Win64-Shipping.exe,19588,0x2EC4BC3AB90,DXGI,0,512,1,Hardware: Independent Flip,1409.4964,0.4280,0.1792,0.2488,11.0276,0.1285,0.1256,0.0029,19.9815,9.5568,7.4327,1409.4964,8.8254,20.0419,NA
SandFall-Win64-Shipping.exe,19588,0x2EC4BC3AB90,DXGI,0,512,1,Hardware: Independent Flip,1409.9244,17.2130,16.9302,0.2828,10.7281,18.3820,18.3701,0.0119,29.1103,9.4411,-9.1288,1409.9244,0.0002,NA,NA
SandFall-Win64-Shipping.exe,19588,0x2EC4BC3AB90,DXGI,0,512,1,Hardware: Independent Flip,1427.1374,0.4006,0.1755,0.2251,11.8971,0.1405,0.1405,0.0000,21.3384,8.9582,7.7719,1427.1374,9.3008,23.0433,NA
SandFall-Win64-Shipping.exe,19588,0x2EC4BC3AB90,DXGI,0,512,1,Hardware: Independent Flip,1427.5380,18.2626,17.8843,0.3783,11.6370,18.2586,18.2486,0.0100,29.8960,9.4977,-8.5576,1427.5380,0.0004,13.9910,NA
SandFall-Win64-Shipping.exe,19588,0x2EC4BC3AB90,DXGI,0,512,1,Hardware: Independent Flip,1445.8006,0.3515,0.1810,0.1705,11.6330,0.1422,0.1405,0.0017,21.1311,8.5958,8.7649,1445.8006,9.3559,NA,NA
SandFall-Win64-Shipping.exe,19588,0x2EC4BC3AB90,DXGI,0,512,1,Hardware: Independent Flip,1446.1521,16.5143,16.2392,0.2751,11.4237,17.9506,17.9420,0.0086,29.3754,9.2685,-8.2443,1446.1521,0.0011,NA,NA
SandFall-Win64-Shipping.exe,19588,0x2EC4BC3AB90,DXGI,0,512,1,Hardware: Independent Flip,1462.6664,0.3717,0.1711,0.2006,12.8600,0.1133,0.1116,0.0017,22.1296,8.9216,7.2458,1462.6664,9.1563,NA,NA
SandFall-Win64-Shipping.exe,19588,0x2EC4BC3AB90,DXGI,0,512,1,Hardware: Independent Flip,1463.0381,18.5450,18.2921,0.2529,12.6016,18.0089,18.0020,0.0069,30.6795,8.9858,-8.5499,1463.0381,0.0690,14.2810,NA
SandFall-Win64-Shipping.exe,19588,0x2EC4BC3AB90,DXGI,0,512,1,Hardware: Independent Flip,1481.5831,0.3356,0.1613,0.1743,12.0655,0.1484,0.1460,0.0024,21.1203,9.8697,9.5592,1481.5831,8.9064,NA,NA
SandFall-Win64-Shipping.exe,19588,0x2EC4BC3AB90,DXGI,0,512,1,Hardware: Independent Flip,1481.9187,16.1398,15.8990,0.2408,11.8783,18.5379,18.5290,0.0089,30.6544,9.0623,-9.5341,1481.9187,0.2382,NA,NA
SandFall-Win64-Shipping.exe,19588,0x2EC4BC3AB90,DXGI,0,512,1,Hardware: Independent Flip,1498.0585,0.3058,0.1529,0.1529,14.2764,0.1381,0.1350,0.0031,23.5769,8.8991,7.0775,1498.0585,9.1624,NA,NA
SandFall-Win64-Shipping.exe,19588,0x2EC4BC3AB90,DXGI,0,512,1,Hardware: Independent Flip,1498.3643,18.0175,17.7673,0.2502,14.1087,18.0609,18.0548,0.0061,32.1702,9.1629,-8.5933,1498.3643,0.0006,39.8775,NA
SandFall-Win64-Shipping.exe,19588,0x2EC4BC3AB90,DXGI,0,512,1,Hardware: Independent Flip,1516.3818,0.3458,0.1561,0.1897,14.1521,0.1384,0.1384,0.0000,23.3156,8.9437,8.8546,1516.3818,9.0251,NA,NA
SandFall-Win64-Shipping.exe,19588,0x2EC4BC3AB90,DXGI,0,512,1,Hardware: Independent Flip,1516.7276,19.8078,19.5391,0.2687,13.9447,17.9683,17.9611,0.0072,31.9135,9.1240,-8.5979,1516.7276,0.0005,21.1973,NA
SandFall-Win64-Shipping.exe,19588,0x2EC4BC3AB90,DXGI,0,512,1,Hardware: Independent Flip,1536.5354,0.7300,0.1946,0.5354,12.1052,0.0954,0.0937,0.0017,21.2297,8.8952,10.6838,1536.5354,9.0291,NA,NA
SandFall-Win64-Shipping.exe,19588,0x2EC4BC3AB90,DXGI,0,512,1,Hardware: Independent Flip,1537.2654,15.4886,15.1395,0.3491,11.4706,17.9235,17.9168,0.0067,29.3949,8.9571,-8.1652,1537.2654,0.0008,NA,NA
SandFall-Win64-Shipping.exe,19588,0x2EC4BC3AB90,DXGI,0,512,1,Hardware: Independent Flip,1552.7540,0.3417,0.1813,0.1604,13.9055,0.1018,0.1001,0.0017,22.8634,9.1325,6.5315,1552.7540,8.8561,NA,NA
SandFall-Win64-Shipping.exe,19588,0x2EC4BC3AB90,DXGI,0,512,1,Hardware: Independent Flip,1553.0957,17.7645,17.5173,0.2472,13.6656,17.8595,17.8524,0.0071,31.6542,8.8394,-8.7908,1553.0957,0.1291,34.3078,NA
SandFall-Win64-Shipping.exe,19588,0x2EC4BC3AB90,DXGI,0,512,1,Hardware: Independent Flip,1570.8602,0.3484,0.1848,0.1636,13.7606,0.1638,0.1616,0.0022,22.7291,9.3777,8.9251,1570.8602,8.8047,NA,NA
SandFall-Win64-Shipping.exe,19588,0x2EC4BC3AB90,DXGI,0,512,1,Hardware: Independent Flip,1571.2086,18.0839,17.8225,0.2614,13.5760,18.1133,18.1061,0.0072,31.7584,8.9889,-9.0293,1571.2086,0.0691,31.5279,NA
SandFall-Win64-Shipping.exe,19588,0x2EC4BC3AB90,DXGI,0,512,1,Hardware: Independent Flip,1589.2925,0.3626,0.1552,0.2074,13.6054,0.1226,0.1207,0.0019,22.6634,9.2008,9.0950,1589.2925,8.9354,NA,NA
SandFall-Win64-Shipping.exe,19588,0x2EC4BC3AB90,DXGI,0,512,1,Hardware: Independent Flip,1589.6551,19.1239,18.8546,0.2693,13.3654,18.1355,18.0831,0.0524,31.5016,9.2362,-8.8382,1589.6551,0.0007,NA,NA
SandFall-Win64-Shipping.exe,19588,0x2EC4BC3AB90,DXGI,0,512,1,Hardware: Independent Flip,1608.7790,0.3375,0.1590,0.1785,12.3770,0.0761,0.0745,0.0016,21.6139,10.3558,9.8877,1608.7790,9.1608,NA,NA
SandFall-Win64-Shipping.exe,19588,0x2EC4BC3AB90,DXGI,0,512,1,Hardware: Independent Flip,1609.1165,23.2572,22.9234,0.3338,12.1156,19.5160,18.4039,1.1121,31.6322,10.0718,-10.0183,1609.1165,0.0006,42.4775,NA
SandFall-Win64-Shipping.exe,19588,0x2EC4BC3AB90,DXGI,0,512,1,Hardware: Independent Flip,1632.3737,0.3499,0.1766,0.1733,8.3744,0.1407,0.1382,0.0025,18.4468,9.0269,13.1854,1632.3737,9.9317,NA,NA
SandFall-Win64-Shipping.exe,19588,0x2EC4BC3AB90,DXGI,0,512,1,Hardware: Independent Flip,1632.7236,14.4264,14.1612,0.2652,8.1652,18.9577,18.9507,0.0070,27.1238,9.9519,-8.6770,1632.7236,0.0009,30.8147,NA
SandFall-Win64-Shipping.exe,19588,0x2EC4BC3AB90,DXGI,0,512,1,Hardware: Independent Flip,1647.1500,0.3208,0.1612,0.1596,12.6965,0.1187,0.1166,0.0021,22.6493,8.4453,4.4745,1647.1500,9.8341,NA,NA
SandFall-Win64-Shipping.exe,19588,0x2EC4BC3AB90,DXGI,0,512,1,Hardware: Independent Flip,1647.4708,17.6773,17.3815,0.2958,12.4944,18.2787,18.2735,0.0052,30.7738,9.5099,-8.1245,1647.4708,0.0007,NA,NA
SandFall-Win64-Shipping.exe,19588,0x2EC4BC3AB90,DXGI,0,512,1,Hardware: Independent Flip,1665.1481,0.3809,0.1897,0.1912,13.0958,0.2114,0.2094,0.0020,22.6064,10.4471,8.1674,1665.1481,9.2992,27.9849,NA
SandFall-Win64-Shipping.exe,19588,0x2EC4BC3AB90,DXGI,0,512,1,Hardware: Independent Flip,1665.5290,17.0064,16.7592,0.2472,12.9263,19.2948,19.2881,0.0067,32.6726,9.2951,-10.0662,1665.5290,0.4515,NA,NA
SandFall-Win64-Shipping.exe,19588,0x2EC4BC3AB90,DXGI,0,512,1,Hardware: Independent Flip,1682.5354,0.3485,0.1901,0.1584,15.2147,0.1339,0.1322,0.0017,24.9613,8.1731,7.7113,1682.5354,9.6127,NA,NA
SandFall-Win64-Shipping.exe,19588,0x2EC4BC3AB90,DXGI,0,512,1,Hardware: Independent Flip,1682.8839,17.5129,17.2697,0.2432,15.0001,17.7846,17.7786,0.0060,32.7859,8.7472,-7.8246,1682.8839,0.0012,NA,NA
SandFall-Win64-Shipping.exe,19588,0x2EC4BC3AB90,DXGI,0,512,1,Hardware: Independent Flip,1700.3968,0.3109,0.1549,0.1560,15.2718,0.1602,0.1602,0.0000,24.0202,9.5498,8.7657,1700.3968,8.5882,NA,NA
SandFall-Win64-Shipping.exe,19588,0x2EC4BC3AB90,DXGI,0,512,1,Hardware: Independent Flip,1700.7077,18.6723,18.4270,0.2453,15.1211,17.9110,17.9032,0.0078,33.2591,8.8005,-9.2389,1700.7077,0.2270,43.4169,NA
SandFall-Win64-Shipping.exe,19588,0x2EC4BC3AB90,DXGI,0,512,1,Hardware: Independent Flip,1719.3800,0.3407,0.1555,0.1852,14.3598,0.1406,0.1406,0.0000,23.3873,8.8214,9.8718,1719.3800,8.8869,NA,NA
SandFall-Win64-Shipping.exe,19588,0x2EC4BC3AB90,DXGI,0,512,1,Hardware: Independent Flip,1719.7207,19.1719,18.8964,0.2755,14.1597,17.7078,17.6983,0.0095,31.8680,8.8217,-8.4807,1719.7207,0.0005,NA,NA
SandFall-Win64-Shipping.exe,19588,0x2EC4BC3AB90,DXGI,0,512,1,Hardware: Independent Flip,1738.8926,0.3466,0.1583,0.1883,12.6956,0.2184,0.2168,0.0016,21.5178,9.4422,10.3502,1738.8926,8.6038,NA,NA
SandFall-Win64-Shipping.exe,19588,0x2EC4BC3AB90,DXGI,0,512,1,Hardware: Independent Flip,1739.2392,18.5669,18.3149,0.2520,12.5674,18.0448,18.0377,0.0071,30.6134,9.0695,-9.0956,1739.2392,0.0012,48.4999,NA
SandFall-Win64-Shipping.exe,19588,0x2EC4BC3AB90,DXGI,0,512,1,Hardware: Independent Flip,1757.8061,0.3297,0.1579,0.1718,12.0453,0.1033,0.1018,0.0015,21.1160,9.5001,9.4974,1757.8061,8.9674,NA,NA
SandFall-Win64-Shipping.exe,19588,0x2EC4BC3AB90,DXGI,0,512,1,Hardware: Independent Flip,1758.1358,17.1721,16.8411,0.3310,11.8189,18.4666,18.4569,0.0097,30.2864,9.6178,-9.1704,1758.1358,0.0009,NA,NA
SandFall-Win64-Shipping.exe,19588,0x2EC4BC3AB90,DXGI,0,512,1,Hardware: Independent Flip,1775.3079,0.3553,0.1781,0.1772,13.1134,0.1220,0.1220,0.0000,22.7321,8.6311,7.5543,1775.3079,9.4967,NA,NA
SandFall-Win64-Shipping.exe,19588,0x2EC4BC3AB90,DXGI,0,512,1,Hardware: Independent Flip,1775.6632,18.8313,18.5868,0.2445,12.8801,18.1271,18.1191,0.0080,31.0079,9.3947,-8.2758,1775.6632,0.0007,39.2786,NA
SandFall-Win64-Shipping.exe,19588,0x2EC4BC3AB90,DXGI,0,512,1,Hardware: Independent Flip,1794.4945,0.3515,0.1729,0.1786,12.1759,0.0999,0.0958,0.0041,21.5713,8.6252,9.4366,1794.4945,9.2955,NA,NA
SandFall-Win64-Shipping.exe,19588,0x2EC4BC3AB90,DXGI,0,512,1,Hardware: Independent Flip,1794.8460,18.0588,17.7939,0.2649,11.9243,17.9201,17.9085,0.0116,29.8450,8.9888,-8.2737,1794.8460,0.0006,NA,NA
SandFall-Win64-Shipping.exe,19588,0x2EC4BC3AB90,DXGI,0,512,1,Hardware: Independent Flip,1812.9048,0.3157,0.1573,0.1584,11.7856,0.0970,0.0954,0.0016,20.7750,9.2914,9.0700,1812.9048,8.8924,NA,NA
SandFall-Win64-Shipping.exe,19588,0x2EC4BC3AB90,DXGI,0,512,1,Hardware: Independent Flip,1813.2205,17.6702,17.3971,0.2731,11.5669,17.9520,17.9378,0.0142,29.7507,8.8089,-8.9757,1813.2205,0.2318,44.8212,NA
SandFall-Win64-Shipping.exe,19588,0x2EC4BC3AB90,DXGI,0,512,1,Hardware: Independent Flip,1830.8907,0.3745,0.1985,0.1760,11.8487,0.1224,0.1209,0.0015,20.8894,9.6754,8.8613,1830.8907,8.9183,NA,NA
SandFall-Win64-Shipping.exe,19588,0x2EC4BC3AB90,DXGI,0,512,1,Hardware: Independent Flip,1831.2652,18.7722,18.5282,0.2440,11.5966,18.3853,18.3713,0.0140,30.1903,8.9064,-9.3009,1831.2652,0.2084,32.5523,NA
SandFall-Win64-Shipping.exe,19588,0x2EC4BC3AB90,DXGI,0,512,1,Hardware: Independent Flip,1850.0374,0.3396,0.1554,0.1842,11.2097,0.1204,0.1173,0.0031,20.3245,10.3003,9.8658,1850.0374,8.9944,NA,NA
SandFall-Win64-Shipping.exe,19588,0x2EC4BC3AB90,DXGI,0,512,1,Hardware: Independent Flip,1850.3770,19.0392,18.7808,0.2584,10.9905,19.2938,18.7878,0.5060,30.2852,9.8131,-9.9607,1850.3770,0.0009,NA,NA
SandFall-Win64-Shipping.exe,19588,0x2EC4BC3AB90,DXGI,0,512,1,Hardware: Independent Flip,1869.4162,0.3181,0.1621,0.1560,11.2451,0.2657,0.2636,0.0021,21.0591,9.0554,9.2261,1869.4162,9.5483,NA,NA
SandFall-Win64-Shipping.exe,19588,0x2EC4BC3AB90,DXGI,0,512,1,Hardware: Independent Flip,1869.7343,20.8617,20.4583,0.4034,11.1927,18.6029,18.5955,0.0074,29.7964,9.8508,-8.7373,1869.7343,0.0008,39.8592,NA
SandFall-Win64-Shipping.exe,19588,0x2EC4BC3AB90,DXGI,0,512,1,Hardware: Independent Flip,1890.5960,0.6175,0.2616,0.3559,8.9339,0.1378,0.1361,0.0017,18.7855,8.3523,11.0109,1890.5960,9.7138,NA,NA
SandFall-Win64-Shipping.exe,19588,0x2EC4BC3AB90,DXGI,0,512,1,Hardware: Independent Flip,1891.2135,14.2335,13.9618,0.2717,8.4542,18.0654,18.0508,0.0146,26.5203,9.2712,-7.7348,1891.2135,0.0007,NA,NA
SandFall-Win64-Shipping.exe,19588,0x2EC4BC3AB90,DXGI,0,512,1,Hardware: Independent Flip,1905.4470,0.4062,0.1820,0.2242,12.2861,0.0894,0.0878,0.0016,21.5580,9.4584,4.9623,1905.4470,9.1825,NA,NA
SandFall-Win64-Shipping.exe,19588,0x2EC4BC3AB90,DXGI,0,512,1,Hardware: Independent Flip,1905.8532,20.8738,20.5409,0.3329,11.9693,18.4377,18.3467,0.0910,30.6102,9.0763,-9.0522,1905.8532,0.2032,15.2831,NA
SandFall-Win64-Shipping.exe,19588,0x2EC4BC3AB90,DXGI,0,512,1,Hardware: Independent Flip,1926.7270,0.3653,0.1718,0.1935,9.5332,0.1237,0.1221,0.0016,18.8127,9.8800,11.7975,1926.7270,9.1558,NA,NA
SandFall-Win64-Shipping.exe,19588,0x2EC4BC3AB90,DXGI,0,512,1,Hardware: Independent Flip,1927.0923,17.8681,17.5995,0.2686,9.2916,18.9145,18.2429,0.6716,28.3274,9.2456,-9.5147,1927.0923,0.1213,NA,NA
SandFall-Win64-Shipping.exe,19588,0x2EC4BC3AB90,DXGI,0,512,1,Hardware: Independent Flip,1944.9604,0.3199,0.1600,0.1599,10.3380,0.1562,0.1539,0.0023,19.7049,9.5570,8.6225,1944.9604,9.2107,NA,NA
SandFall-Win64-Shipping.exe,19588,0x2EC4BC3AB90,DXGI,0,512,1,Hardware: Independent Flip,1945.2803,17.1710,16.8840,0.2870,10.1743,18.7671,18.7568,0.0103,28.9420,9.6830,-9.2371,1945.2803,0.0006,NA,NA
SandFall-Win64-Shipping.exe,19588,0x2EC4BC3AB90,DXGI,0,512,1,Hardware: Independent Flip,1962.4513,0.3775,0.1886,0.1889,11.7704,0.1050,0.1010,0.0040,21.4540,9.1875,7.4880,1962.4513,9.5786,29.4507,NA
SandFall-Win64-Shipping.exe,19588,0x2EC4BC3AB90,DXGI,0,512,1,Hardware: Independent Flip,1962.8288,18.1406,17.8751,0.2655,11.4979,18.7650,18.7552,0.0098,30.2640,9.8339,-8.8100,1962.8288,0.0011,NA,NA
SandFall-Win64-Shipping.exe,19588,0x2EC4BC3AB90,DXGI,0,512,1,Hardware: Independent Flip,1980.9694,0.4108,0.2162,0.1946,12.1223,0.2026,0.2026,0.0000,21.9573,8.6519,8.3067,1980.9694,9.6324,24.4837,NA
SandFall-Win64-Shipping.exe,19588,0x2EC4BC3AB90,DXGI,0,512,1,Hardware: Independent Flip,1981.3802,20.5169,20.1062,0.4107,11.9141,18.2837,18.2758,0.0079,30.1984,9.3926,-8.2411,1981.3802,0.0006,13.5349,NA
SandFall-Win64-Shipping.exe,19588,0x2EC4BC3AB90,DXGI,0,512,1,Hardware: Independent Flip,2001.8971,0.4863,0.2498,0.2365,9.6809,0.0975,0.0956,0.0019,19.0741,9.7124,11.1243,2001.8971,9.2957,NA,NA
SandFall-Win64-Shipping.exe,19588,0x2EC4BC3AB90,DXGI,0,512,1,Hardware: Independent Flip,2002.3834,14.9914,14.7133,0.2781,9.2921,18.6219,18.6137,0.0082,28.3002,8.9376,-9.2261,2002.3834,0.3862,NA,NA
SandFall-Win64-Shipping.exe,19588,0x2EC4BC3AB90,DXGI,0,512,1,Hardware: Independent Flip,2017.3748,0.3239,0.1619,0.1620,12.9226,0.2021,0.2003,0.0018,22.2464,9.2983,6.0538,2017.3748,9.1217,NA,NA
SandFall-Win64-Shipping.exe,19588,0x2EC4BC3AB90,DXGI,0,512,1,Hardware: Independent Flip,2017.6987,21.3746,21.0715,0.3031,12.8008,18.1977,18.1873,0.0104,31.2208,8.7964,-8.9744,2017.6987,0.2223,20.1338,NA
SandFall-Win64-Shipping.exe,19588,0x2EC4BC3AB90,DXGI,0,512,1,Hardware: Independent Flip,2039.0733,0.3514,0.1674,0.1840,9.6239,0.1251,0.1235,0.0016,18.6426,10.1016,12.5782,2039.0733,8.8936,NA,NA
SandFall-Win64-Shipping.exe,19588,0x2EC4BC3AB90,DXGI,0,512,1,Hardware: Independent Flip,2039.4247,14.7954,14.4948,0.3006,9.3976,18.9014,18.8894,0.0120,28.3928,9.3015,-9.7502,2039.4247,0.0938,NA,NA
SandFall-Win64-Shipping.exe,19588,0x2EC4BC3AB90,DXGI,0,512,1,Hardware: Independent Flip,2054.2201,0.3359,0.1680,0.1679,13.5036,0.1706,0.1681,0.0025,22.8989,9.1171,5.4939,2054.2201,9.2247,NA,NA
SandFall-Win64-Shipping.exe,19588,0x2EC4BC3AB90,DXGI,0,512,1,Hardware: Independent Flip,2054.5560,17.9177,17.6124,0.3053,13.3383,18.3411,18.3297,0.0114,31.6801,9.5133,-8.7812,2054.5560,0.0007,41.7685,NA
SandFall-Win64-Shipping.exe,19588,0x2EC4BC3AB90,DXGI,0,512,1,Hardware: Independent Flip,2072.4737,0.4086,0.2248,0.1838,13.7617,0.1429,0.1413,0.0016,23.2757,10.3040,8.4044,2072.4737,9.3711,NA,NA
SandFall-Win64-Shipping.exe,19588,0x2EC4BC3AB90,DXGI,0,512,1,Hardware: Independent Flip,2072.8823,21.6398,21.3668,0.2730,13.4960,19.6735,19.6646,0.0089,33.1711,10.3065,-9.8954,2072.8823,0.0016,15.6036,NA
SandFall-Win64-Shipping.exe,19588,0x2EC4BC3AB90,DXGI,0,512,1,Hardware: Independent Flip,2094.5221,0.3748,0.1906,0.1842,11.5297,0.1309,0.1280,0.0029,21.8378,8.5983,11.3333,2094.5221,10.1772,NA,NA
SandFall-Win64-Shipping.exe,19588,0x2EC4BC3AB90,DXGI,0,512,1,Hardware: Independent Flip,2094.8969,18.6957,18.3909,0.3048,11.2858,18.7752,18.7230,0.0522,30.0613,9.9098,-8.2235,2094.8969,0.0003,13.5134,NA
SandFall-Win64-Shipping.exe,19588,0x2EC4BC3AB90,DXGI,0,512,1,Hardware: Independent Flip,2113.5926,0.3847,0.1856,0.1991,11.3653,0.1170,0.1154,0.0016,21.2754,8.7268,8.7859,2113.5926,9.7931,NA,NA
SandFall-Win64-Shipping.exe,19588,0x2EC4BC3AB90,DXGI,0,512,1,Hardware: Independent Flip,2113.9773,20.5982,20.3206,0.2776,11.0976,18.5199,18.5092,0.0107,29.6175,9.3167,-8.3421,2113.9773,NA,14.1588,NA
SandFall-Win64-Shipping.exe,19588,0x2EC4BC3AB90,DXGI,0,512,1,Hardware: Independent Flip,2134.5755,0.4007,0.2038,0.1969,9.0193,0.0734,0.0734,0.0000,18.3360,9.9103,11.2815,2134.5755,9.2433,NA,NA
SandFall-Win64-Shipping.exe,19588,0x2EC4BC3AB90,DXGI,0,512,1,Hardware: Independent Flip,2134.9762,18.8903,18.4393,0.4510,8.6920,18.7425,18.4477,0.2948,27.8456,8.9702,-9.5096,2134.9762,0.4111,13.3902,NA
SandFall-Win64-Shipping.exe,19588,0x2EC4BC3AB90,DXGI,0,512,1,Hardware: Independent Flip,2153.8665,0.5420,0.3151,0.2269,8.5442,0.1272,0.1272,0.0000,17.9255,9.5549,9.9201,2153.8665,9.2541,NA,NA
SandFall-Win64-Shipping.exe,19588,0x2EC4BC3AB90,DXGI,0,512,1,Hardware: Independent Flip,2154.4085,15.0255,14.7601,0.2654,8.1294,18.5379,18.5306,0.0073,26.9384,8.8549,-9.0129,2154.4085,0.2711,14.9087,NA
SandFall-Win64-Shipping.exe,19588,0x2EC4BC3AB90,DXGI,0,512,1,Hardware: Independent Flip,2169.4340,0.3345,0.1643,0.1702,11.6418,0.1256,0.1240,0.0016,20.7678,9.6122,6.1706,2169.4340,9.0004,NA,NA
SandFall-Win64-Shipping.exe,19588,0x2EC4BC3AB90,DXGI,0,512,1,Hardware: Independent Flip,2169.7685,18.2765,17.8920,0.3845,11.4329,18.6116,18.6014,0.0102,30.0455,9.2330,-9.2777,2169.7685,0.0010,12.3751,NA
SandFall-Win64-Shipping.exe,19588,0x2EC4BC3AB90,DXGI,0,512,1,Hardware: Independent Flip,2188.0450,0.3484,0.1778,0.1706,11.7680,0.1379,0.1362,0.0017,21.0020,9.3013,9.0435,2188.0450,9.0961,NA,NA
SandFall-Win64-Shipping.exe,19588,0x2EC4BC3AB90,DXGI,0,512,1,Hardware: Independent Flip,2188.3934,17.3557,17.0957,0.2600,11.5575,18.3968,18.3899,0.0069,29.9549,9.6018,-8.9529,2188.3934,0.0006,NA,NA
SandFall-Win64-Shipping.exe,19588,0x2EC4BC3AB90,DXGI,0,512,1,Hardware: Independent Flip,2205.7491,0.3294,0.1587,0.1707,12.5986,0.2043,0.2043,0.0000,22.2010,9.2358,7.7539,2205.7491,9.3981,NA,NA
SandFall-Win64-Shipping.exe,19588,0x2EC4BC3AB90,DXGI,0,512,1,Hardware: Independent Flip,2206.0785,18.3395,18.0538,0.2857,12.4735,18.6333,18.6268,0.0065,31.1074,9.8303,-8.9064,2206.0785,0.0006,30.7485,NA
SandFall-Win64-Shipping.exe,19588,0x2EC4BC3AB90,DXGI,0,512,1,Hardware: Independent Flip,2224.4180,0.3226,0.1633,0.1593,12.7673,0.1360,0.1360,0.0000,22.5982,8.6276,8.5092,2224.4180,9.6949,NA,NA
SandFall-Win64-Shipping.exe,19588,0x2EC4BC3AB90,DXGI,0,512,1,Hardware: Independent Flip,2224.7406,18.1350,17.8631,0.2719,12.5807,18.3220,18.3130,0.0090,30.9032,9.4998,-8.3050,2224.7406,0.0005,30.2041,NA
SandFall-Win64-Shipping.exe,19588,0x2EC4BC3AB90,DXGI,0,512,1,Hardware: Independent Flip,2242.8756,0.3161,0.1595,0.1566,12.7677,0.1354,0.1338,0.0016,22.2680,9.1936,8.6352,2242.8756,9.3649,NA,NA
SandFall-Win64-Shipping.exe,19588,0x2EC4BC3AB90,DXGI,0,512,1,Hardware: Independent Flip,2243.1917,18.5064,18.2623,0.2441,12.5870,18.2572,18.2502,0.0070,31.1455,8.8894,-8.8775,2243.1917,0.3013,29.8901,NA
SandFall-Win64-Shipping.exe,19588,0x2EC4BC3AB90,DXGI,0,512,1,Hardware: Independent Flip,2261.6981,0.3365,0.1612,0.1753,12.3378,0.1517,0.1496,0.0021,21.5285,9.8782,9.6170,2261.6981,9.0390,NA,NA
SandFall-Win64-Shipping.exe,19588,0x2EC4BC3AB90,DXGI,0,512,1,Hardware: Independent Flip,2262.0346,20.4557,20.2065,0.2492,12.1530,18.5963,18.5881,0.0082,31.0702,8.8953,-9.5417,2262.0346,0.3209,11.6344,NA
SandFall-Win64-Shipping.exe,19588,0x2EC4BC3AB90,DXGI,0,512,1,Hardware: Independent Flip,2282.4903,0.3298,0.1550,0.1748,10.2936,0.1497,0.1480,0.0017,19.5098,9.9973,11.5604,2282.4903,9.0665,NA,NA
SandFall-Win64-Shipping.exe,19588,0x2EC4BC3AB90,DXGI,0,512,1,Hardware: Independent Flip,2282.8201,16.4433,16.1623,0.2810,10.1135,19.0638,19.0543,0.0095,29.1773,9.4669,-9.6675,2282.8201,NA,NA,NA
SandFall-Win64-Shipping.exe,19588,0x2EC4BC3AB90,DXGI,0,512,1,Hardware: Independent Flip,2299.2634,0.6764,0.1976,0.4788,12.7340,0.1241,0.1226,0.0015,22.2009,9.6685,6.9764,2299.2634,9.3428,NA,NA
SandFall-Win64-Shipping.exe,19588,0x2EC4BC3AB90,DXGI,0,512,1,Hardware: Independent Flip,2299.9398,19.2208,18.9729,0.2479,12.1817,19.0106,19.0023,0.0083,31.1930,9.9582,-8.9921,2299.9398,0.0007,31.6891,NA
SandFall-Win64-Shipping.exe,19588,0x2EC4BC3AB90,DXGI,0,512,1,Hardware: Independent Flip,2319.1606,0.4050,0.1566,0.2484,11.9715,0.0986,0.0969,0.0017,21.9304,8.7157,9.2626,2319.1606,9.8603,22.6514,NA
SandFall-Win64-Shipping.exe,19588,0x2EC4BC3AB90,DXGI,0,512,1,Hardware: Independent Flip,2319.5656,17.2503,16.7266,0.5237,11.6651,18.5753,18.5264,0.0489,30.2411,9.6690,-8.3107,2319.5656,0.0007,NA,NA
SandFall-Win64-Shipping.exe,19588,0x2EC4BC3AB90,DXGI,0,512,1,Hardware: Independent Flip,2336.8159,0.4273,0.2391,0.1882,12.9901,0.0984,0.0967,0.0017,22.6598,9.5337,7.5813,2336.8159,9.5713,NA,NA
SandFall-Win64-Shipping.exe,19588,0x2EC4BC3AB90,DXGI,0,512,1,Hardware: Independent Flip,2337.2432,20.3043,20.0069,0.2974,12.6612,19.1046,19.0973,0.0073,31.7662,9.5765,-9.1064,2337.2432,0.0004,15.5695,NA
SandFall-Win64-Shipping.exe,19588,0x2EC4BC3AB90,DXGI,0,512,1,Hardware: Independent Flip,2357.5475,0.3200,0.1604,0.1596,11.4615,0.1012,0.0995,0.0017,21.0384,8.9022,10.7278,2357.5475,9.4757,NA,NA
SandFall-Win64-Shipping.exe,19588,0x2EC4BC3AB90,DXGI,0,512,1,Hardware: Independent Flip,2357.8675,15.8252,15.5677,0.2575,11.2427,18.3063,18.2936,0.0127,29.6206,9.1445,-8.5822,2357.8675,0.0716,NA,NA
SandFall-Win64-Shipping.exe,19588,0x2EC4BC3AB90,DXGI,0,512,1,Hardware: Independent Flip,2373.6927,0.3664,0.1610,0.2054,13.7238,0.1483,0.1483,0.0000,22.9399,9.2300,6.6807,2373.6927,9.0678,NA,NA
SandFall-Win64-Shipping.exe,19588,0x2EC4BC3AB90,DXGI,0,512,1,Hardware: Independent Flip,2374.0591,19.6090,19.3289,0.2801,13.5057,18.0553,18.0480,0.0073,31.8035,8.8172,-8.8636,2374.0591,0.2425,42.3917,NA
SandFall-Win64-Shipping.exe,19588,0x2EC4BC3AB90,DXGI,0,512,1,Hardware: Independent Flip,2393.6681,0.3356,0.1794,0.1562,11.9520,0.1404,0.1389,0.0015,21.0117,9.7116,10.7918,2393.6681,8.9193,NA,NA
SandFall-Win64-Shipping.exe,19588,0x2EC4BC3AB90,DXGI,0,512,1,Hardware: Independent Flip,2394.0037,17.2843,16.9981,0.2862,11.7568,18.3577,18.3502,0.0075,30.3877,8.8475,-9.3760,2394.0037,0.2732,41.9088,NA
SandFall-Win64-Shipping.exe,19588,0x2EC4BC3AB90,DXGI,0,512,1,Hardware: Independent Flip,2411.2880,0.3406,0.1687,0.1719,12.8302,0.1251,0.1235,0.0016,21.9509,9.9157,8.4368,2411.2880,8.9956,NA,NA
SandFall-Win64-Shipping.exe,19588,0x2EC4BC3AB90,DXGI,0,512,1,Hardware: Independent Flip,2411.6286,19.8380,19.5818,0.2562,12.6147,18.9104,18.9009,0.0095,31.5260,9.4019,-9.5751,2411.6286,0.0009,29.9455,NA
SandFall-Win64-Shipping.exe,19588,0x2EC4BC3AB90,DXGI,0,512,1,Hardware: Independent Flip,2431.4666,0.3156,0.1584,0.1572,11.6871,0.1139,0.1122,0.0017,21.0899,9.2967,10.4361,2431.4666,9.2889,NA,NA
SandFall-Win64-Shipping.exe,19588,0x2EC4BC3AB90,DXGI,0,512,1,Hardware: Independent Flip,2431.7822,18.4153,18.1450,0.2703,11.4854,18.5848,18.5739,0.0109,30.0710,9.7346,-8.9811,2431.7822,0.0008,NA,NA
SandFall-Win64-Shipping.exe,19588,0x2EC4BC3AB90,DXGI,0,512,1,Hardware: Independent Flip,2450.1975,0.3588,0.1904,0.1684,11.6549,0.1403,0.1403,0.0000,21.3903,8.9572,8.6807,2450.1975,9.5951,NA,NA
SandFall-Win64-Shipping.exe,19588,0x2EC4BC3AB90,DXGI,0,512,1,Hardware: Independent Flip,2450.5563,17.5431,17.2748,0.2683,11.4364,18.5513,18.5403,0.0110,29.9887,9.7176,-8.5984,2450.5563,0.0010,NA,NA
SandFall-Win64-Shipping.exe,19588,0x2EC4BC3AB90,DXGI,0,512,1,Hardware: Independent Flip,2468.0994,0.3690,0.1592,0.2098,12.4446,0.1611,0.1570,0.0041,22.1632,8.8907,7.8255,2468.0994,9.5575,NA,NA
SandFall-Win64-Shipping.exe,19588,0x2EC4BC3AB90,DXGI,0,512,1,Hardware: Independent Flip,2468.4684,18.7763,18.4815,0.2948,12.2367,18.4480,18.4362,0.0118,30.6849,9.4249,-8.5217,2468.4684,0.0002,39.8374,NA
SandFall-Win64-Shipping.exe,19588,0x2EC4BC3AB90,DXGI,0,512,1,Hardware: Independent Flip,2487.2447,0.3519,0.1582,0.1937,11.9084,0.1146,0.1129,0.0017,21.3335,9.8444,9.3514,2487.2447,9.3105,NA,NA
SandFall-Win64-Shipping.exe,19588,0x2EC4BC3AB90,DXGI,0,512,1,Hardware: Independent Flip,2487.5966,19.2618,19.0139,0.2479,11.6711,18.9162,18.8617,0.0545,30.8260,9.2862,-9.4925,2487.5966,0.2387,NA,NA
SandFall-Win64-Shipping.exe,19588,0x2EC4BC3AB90,DXGI,0,512,1,Hardware: Independent Flip,2506.8584,0.3146,0.1568,0.1578,11.3255,0.1277,0.1227,0.0050,20.8504,9.4423,9.9756,2506.8584,9.3972,NA,NA
SandFall-Win64-Shipping.exe,19588,0x2EC4BC3AB90,DXGI,0,512,1,Hardware: Independent Flip,2507.1730,18.7942,18.5293,0.2649,11.1386,18.7997,18.5908,0.2089,29.9781,9.2795,-9.1277,2507.1730,0.0398,47.0845,NA
SandFall-Win64-Shipping.exe,19588,0x2EC4BC3AB90,DXGI,0,512,1,Hardware: Independent Flip,2525.9672,0.3262,0.1674,0.1588,11.1441,0.1170,0.1154,0.0016,20.4634,9.4119,9.5147,2525.9672,9.2023,NA,NA
SandFall-Win64-Shipping.exe,19588,0x2EC4BC3AB90,DXGI,0,512,1,Hardware: Independent Flip,2526.2934,18.1634,17.9049,0.2585,10.9349,18.6135,18.6041,0.0094,29.5491,9.3684,-9.0857,2526.2934,0.0007,35.0182,NA
SandFall-Win64-Shipping.exe,19588,0x2EC4BC3AB90,DXGI,0,512,1,Hardware: Independent Flip,2544.4568,0.3159,0.1581,0.1578,11.3850,0.1396,0.1396,0.0000,20.7541,9.5239,8.7950,2544.4568,9.2295,NA,NA
SandFall-Win64-Shipping.exe,19588,0x2EC4BC3AB90,DXGI,0,512,1,Hardware: Independent Flip,2544.7727,17.7324,17.4773,0.2551,11.2087,18.7523,18.7430,0.0093,29.9621,9.4504,-9.2080,2544.7727,0.0011,42.2679,NA
SandFall-Win64-Shipping.exe,19588,0x2EC4BC3AB90,DXGI,0,512,1,Hardware: Independent Flip,2562.5051,0.3283,0.1573,0.1710,12.2286,0.1207,0.1186,0.0021,21.6801,9.5817,8.2820,2562.5051,9.3308,NA,NA
SandFall-Win64-Shipping.exe,19588,0x2EC4BC3AB90,DXGI,0,512,1,Hardware: Independent Flip,2562.8334,18.7487,18.4967,0.2520,12.0210,18.9115,18.9036,0.0079,30.9335,9.6401,-9.2534,2562.8334,0.0010,42.1380,NA
SandFall-Win64-Shipping.exe,19588,0x2EC4BC3AB90,DXGI,0,512,1,Hardware: Independent Flip,2581.5821,0.3078,0.1544,0.1534,12.1838,0.1315,0.1292,0.0023,21.8249,9.3396,9.1086,2581.5821,9.5096,NA,NA
SandFall-Win64-Shipping.exe,19588,0x2EC4BC3AB90,DXGI,0,512,1,Hardware: Independent Flip,2581.8899,18.9240,18.6513,0.2727,12.0075,18.8483,18.8415,0.0068,30.8567,9.6397,-9.0318,2581.8899,0.0009,30.4070,NA
SandFall-Win64-Shipping.exe,19588,0x2EC4BC3AB90,DXGI,0,512,1,Hardware: Independent Flip,2600.8139,0.3473,0.1743,0.1730,11.9318,0.1012,0.0994,0.0018,21.5724,9.0661,9.2843,2600.8139,9.5394,NA,NA
SandFall-Win64-Shipping.exe,19588,0x2EC4BC3AB90,DXGI,0,512,1,Hardware: Independent Flip,2601.1612,17.5300,17.2753,0.2547,11.6857,18.6047,18.5972,0.0075,30.2912,9.4030,-8.7188,2601.1612,0.0008,NA,NA
SandFall-Win64-Shipping.exe,19588,0x2EC4BC3AB90,DXGI,0,512,1,Hardware: Independent Flip,2618.6912,0.3034,0.1519,0.1515,12.7604,0.1403,0.1379,0.0024,22.1642,9.4112,8.1270,2618.6912,9.2635,NA,NA
SandFall-Win64-Shipping.exe,19588,0x2EC4BC3AB90,DXGI,0,512,1,Hardware: Independent Flip,2618.9946,18.4040,18.1260,0.2780,12.5973,18.4258,18.4185,0.0073,31.2720,9.0262,-9.1078,2618.9946,0.2489,37.1685,NA
SandFall-Win64-Shipping.exe,19588,0x2EC4BC3AB90,DXGI,0,512,1,Hardware: Independent Flip,2637.3986,0.3735,0.1924,0.1811,12.6191,0.1475,0.1453,0.0022,21.8942,9.6122,9.3778,2637.3986,9.1276,NA,NA
SandFall-Win64-Shipping.exe,19588,0x2EC4BC3AB90,DXGI,0,512,1,Hardware: Independent Flip,2637.7721,17.6823,17.4266,0.2557,12.3931,18.5012,18.4932,0.0080,31.1329,8.9367,-9.2387,2637.7721,0.2386,NA,NA
SandFall-Win64-Shipping.exe,19588,0x2EC4BC3AB90,DXGI,0,512,1,Hardware: Independent Flip,2655.4544,0.3908,0.2158,0.1750,13.2120,0.1288,0.1288,0.0000,22.3873,9.7487,8.7456,2655.4544,9.0465,NA,NA
SandFall-Win64-Shipping.exe,19588,0x2EC4BC3AB90,DXGI,0,512,1,Hardware: Independent Flip,2655.8452,18.8455,18.4849,0.3606,12.9500,18.7943,18.7856,0.0087,31.7452,9.3381,-9.3579,2655.8452,0.0009,43.6862,NA
SandFall-Win64-Shipping.exe,19588,0x2EC4BC3AB90,DXGI,0,512,1,Hardware: Independent Flip,2674.6907,0.4503,0.2100,0.2403,12.8988,0.1273,0.1251,0.0022,22.2378,10.0673,9.5074,2674.6907,9.2117,NA,NA
SandFall-Win64-Shipping.exe,19588,0x2EC4BC3AB90,DXGI,0,512,1,Hardware: Independent Flip,2675.1410,18.6126,18.3521,0.2605,12.5758,19.2781,19.2682,0.0099,31.8548,10.1393,-9.6170,2675.1410,0.0009,NA,NA
SandFall-Win64-Shipping.exe,19588,0x2EC4BC3AB90,DXGI,0,512,1,Hardware: Independent Flip,2693.7536,0.3378,0.1521,0.1857,13.2413,0.1028,0.0979,0.0049,23.3815,8.6235,8.4733,2693.7536,10.0374,NA,NA
SandFall-Win64-Shipping.exe,19588,0x2EC4BC3AB90,DXGI,0,512,1,Hardware: Independent Flip,2694.0914,17.9778,17.7151,0.2627,13.0063,18.6604,18.6521,0.0083,31.6672,9.7727,-8.2857,2694.0914,0.0005,35.8001,NA
SandFall-Win64-Shipping.exe,19588,0x2EC4BC3AB90,DXGI,0,512,1,Hardware: Independent Flip,2712.0692,0.4023,0.1641,0.2382,13.6889,0.2018,0.2018,0.0000,23.4621,8.9434,8.2051,2712.0692,9.5714,NA,NA
SandFall-Win64-Shipping.exe,19588,0x2EC4BC3AB90,DXGI,0,512,1,Hardware: Independent Flip,2712.4715,18.1683,17.9165,0.2518,13.4884,18.5140,18.5052,0.0088,32.0032,9.3549,-8.5411,2712.4715,0.0008,NA,NA
SandFall-Win64-Shipping.exe,19588,0x2EC4BC3AB90,DXGI,0,512,1,Hardware: Independent Flip,2730.6398,0.3653,0.2057,0.1596,13.8341,0.1112,0.1096,0.0016,23.1898,9.4112,8.8134,2730.6398,9.2445,NA,NA
SandFall-Win64-Shipping.exe,19588,0x2EC4BC3AB90,DXGI,0,512,1,Hardware: Independent Flip,2731.0051,21.3041,21.0304,0.2737,13.5800,18.3283,18.3215,0.0068,32.2357,8.9021,-9.0459,2731.0051,0.3274,42.4987,NA
SandFall-Win64-Shipping.exe,19588,0x2EC4BC3AB90,DXGI,0,512,1,Hardware: Independent Flip,2752.3092,0.3543,0.1662,0.1881,10.6042,0.1461,0.1446,0.0015,19.8337,9.8296,12.4020,2752.3092,9.0834,20.6784,NA
SandFall-Win64-Shipping.exe,19588,0x2EC4BC3AB90,DXGI,0,512,1,Hardware: Independent Flip,2752.6635,15.7298,15.4248,0.3050,10.3960,18.6018,18.5896,0.0122,29.3090,8.8725,-9.4753,2752.6635,0.3112,NA,NA
SandFall-Win64-Shipping.exe,19588,0x2EC4BC3AB90,DXGI,0,512,1,Hardware: Independent Flip,2768.3933,0.3380,0.1751,0.1629,13.2680,0.1045,0.1028,0.0017,22.4517,9.5984,6.8573,2768.3933,9.0792,NA,NA
SandFall-Win64-Shipping.exe,19588,0x2EC4BC3AB90,DXGI,0,512,1,Hardware: Independent Flip,2768.7313,19.3251,19.0784,0.2467,13.0345,18.6768,18.6642,0.0126,31.7121,9.2911,-9.2604,2768.7313,0.0008,NA,NA
SandFall-Win64-Shipping.exe,19588,0x2EC4BC3AB90,DXGI,0,512,1,Hardware: Independent Flip,2788.0564,0.3319,0.1612,0.1707,12.3862,0.1074,0.1055,0.0019,21.6781,9.8498,10.0340,2788.0564,9.1845,NA,NA
SandFall-Win64-Shipping.exe,19588,0x2EC4BC3AB90,DXGI,0,512,1,Hardware: Independent Flip,2788.3883,19.8321,19.5657,0.2664,12.1617,19.0336,18.9781,0.0555,31.1960,9.9934,-9.5179,2788.3883,0.0007,37.3558,NA
SandFall-Win64-Shipping.exe,19588,0x2EC4BC3AB90,DXGI,0,512,1,Hardware: Independent Flip,2808.2204,0.3501,0.1911,0.1590,11.3632,0.0951,0.0934,0.0017,21.3573,8.7726,9.8387,2808.2204,9.8990,NA,NA
SandFall-Win64-Shipping.exe,19588,0x2EC4BC3AB90,DXGI,0,512,1,Hardware: Independent Flip,2808.5705,19.3680,19.1070,0.2610,11.1082,18.6706,18.6631,0.0075,29.7798,9.7928,-8.4225,2808.5705,0.0010,NA,NA
SandFall-Win64-Shipping.exe,19588,0x2EC4BC3AB90,DXGI,0,512,1,Hardware: Independent Flip,2827.9385,0.3348,0.1675,0.1673,10.4108,0.1762,0.1762,0.0000,20.2046,9.7181,9.5752,2827.9385,9.6176,24.6970,NA
SandFall-Win64-Shipping.exe,19588,0x2EC4BC3AB90,DXGI,0,512,1,Hardware: Independent Flip,2828.2733,18.3067,18.0211,0.2856,10.2522,19.3349,19.1393,0.1956,29.5879,9.7965,-9.3833,2828.2733,0.0008,NA,NA
SandFall-Win64-Shipping.exe,19588,0x2EC4BC3AB90,DXGI,0,512,1,Hardware: Independent Flip,2846.5800,0.4255,0.1780,0.2475,11.2804,0.0997,0.0981,0.0016,21.0777,8.9094,8.5102,2846.5800,9.6976,NA,NA
SandFall-Win64-Shipping.exe,19588,0x2EC4BC3AB90,DXGI,0,512,1,Hardware: Independent Flip,2847.0055,16.2863,16.0153,0.2710,10.9546,18.6058,18.5987,0.0071,29.5616,9.4369,-8.4839,2847.0055,0.0012,32.8043,NA
SandFall-Win64-Shipping.exe,19588,0x2EC4BC3AB90,DXGI,0,512,1,Hardware: Independent Flip,2863.2918,0.3794,0.2099,0.1695,13.2741,0.2375,0.2357,0.0018,22.7122,9.8834,6.8494,2863.2918,9.2006,NA,NA
SandFall-Win64-Shipping.exe,19588,0x2EC4BC3AB90,DXGI,0,512,1,Hardware: Independent Flip,2863.6712,18.7384,18.4216,0.3168,13.1322,18.7090,18.7027,0.0063,32.2162,9.0603,-9.5040,2863.6712,0.3750,38.4488,NA
SandFall-Win64-Shipping.exe,19588,0x2EC4BC3AB90,DXGI,0,512,1,Hardware: Independent Flip,2882.4096,0.3607,0.1812,0.1795,13.1028,0.1367,0.1342,0.0025,22.5381,9.9971,9.6781,2882.4096,9.2986,NA,NA
SandFall-Win64-Shipping.exe,19588,0x2EC4BC3AB90,DXGI,0,512,1,Hardware: Independent Flip,2882.7703,19.7958,19.5481,0.2477,12.8788,19.1390,19.1321,0.0069,32.1745,9.2808,-9.6364,2882.7703,0.1567,35.5048,NA
SandFall-Win64-Shipping.exe,19588,0x2EC4BC3AB90,DXGI,0,512,1,Hardware: Independent Flip,2902.5661,0.3096,0.1537,0.1559,12.2220,0.1131,0.1131,0.0000,21.6595,9.4105,10.5150,2902.5661,9.3244,NA,NA
SandFall-Win64-Shipping.exe,19588,0x2EC4BC3AB90,DXGI,0,512,1,Hardware: Independent Flip,2902.8757,16.8140,16.5630,0.2510,12.0255,18.7342,18.7240,0.0102,30.7604,9.6312,-9.1009,2902.8757,0.0007,NA,NA
SandFall-Win64-Shipping.exe,19588,0x2EC4BC3AB90,DXGI,0,512,1,Hardware: Independent Flip,2919.6897,0.3213,0.1594,0.1619,13.9457,0.1378,0.1361,0.0017,23.5776,10.2805,7.1828,2919.6897,9.4941,NA,NA
SandFall-Win64-Shipping.exe,19588,0x2EC4BC3AB90,DXGI,0,512,1,Hardware: Independent Flip,2920.0110,19.7661,19.5109,0.2552,13.7622,19.7736,19.7676,0.0060,33.5368,10.2976,-9.9592,2920.0110,0.0010,32.9490,NA
SandFall-Win64-Shipping.exe,19588,0x2EC4BC3AB90,DXGI,0,512,1,Hardware: Independent Flip,2939.7771,0.4858,0.2672,0.2186,13.7697,0.1604,0.1584,0.0020,24.0683,8.7341,9.4685,2939.7771,10.1382,NA,NA
SandFall-Win64-Shipping.exe,19588,0x2EC4BC3AB90,DXGI,0,512,1,Hardware: Independent Flip,2940.2629,20.9789,20.7103,0.2686,13.4443,18.8716,18.8624,0.0092,32.3166,9.9770,-8.2483,2940.2629,0.0007,21.2262,NA
SandFall-Win64-Shipping.exe,19588,0x2EC4BC3AB90,DXGI,0,512,1,Hardware: Independent Flip,2961.2418,0.3199,0.1583,0.1616,11.3370,0.1692,0.1672,0.0020,21.3147,9.0690,11.0019,2961.2418,9.8085,NA,NA
SandFall-Win64-Shipping.exe,19588,0x2EC4BC3AB90,DXGI,0,512,1,Hardware: Independent Flip,2961.5617,15.6412,15.3907,0.2505,11.1863,18.8114,18.8017,0.0097,30.0638,9.4303,-8.7491,2961.5617,0.0661,NA,NA
SandFall-Win64-Shipping.exe,19588,0x2EC4BC3AB90,DXGI,0,512,1,Hardware: Independent Flip,2977.2029,0.3685,0.1974,0.1711,14.3565,0.1636,0.1620,0.0016,23.8529,10.4599,6.2109,2977.2029,9.3328,NA,NA
SandFall-Win64-Shipping.exe,19588,0x2EC4BC3AB90,DXGI,0,512,1,Hardware: Independent Flip,2977.5714,22.2007,21.8128,0.3879,14.1516,19.2813,19.2745,0.0068,33.9443,9.1719,-10.0914,2977.5714,0.5114,29.3936,NA
SandFall-Win64-Shipping.exe,19588,0x2EC4BC3AB90,DXGI,0,512,1,Hardware: Independent Flip,2999.7721,0.4664,0.2276,0.2388,11.2322,0.1269,0.1252,0.0017,20.9155,9.6630,13.0288,2999.7721,9.5564,NA,NA
SandFall-Win64-Shipping.exe,19588,0x2EC4BC3AB90,DXGI,0,512,1,Hardware: Independent Flip,3000.2385,15.4006,15.1257,0.2749,10.8927,19.2182,19.2066,0.0116,30.1121,9.4059,-9.1966,3000.2385,0.0012,NA,NA
SandFall-Win64-Shipping.exe,19588,0x2EC4BC3AB90,DXGI,0,512,1,Hardware: Independent Flip,3015.6391,0.3105,0.1568,0.1537,14.7103,0.0511,0.0501,0.0010,24.1174,9.7906,5.9947,3015.6391,9.3560,NA,NA
SandFall-Win64-Shipping.exe,19588,0x2EC4BC3AB90,DXGI,0,512,1,Hardware: Independent Flip,3015.9496,19.5465,19.2997,0.2468,14.4509,19.1459,19.1379,0.0080,33.5975,9.8472,-9.4801,3015.9496,0.0007,36.6690,NA
SandFall-Win64-Shipping.exe,19588,0x2EC4BC3AB90,DXGI,0,512,1,Hardware: Independent Flip,3035.4961,0.3065,0.1528,0.1537,14.0503,0.1383,0.1365,0.0018,23.8982,9.7360,9.6993,3035.4961,9.7096,NA,NA
SandFall-Win64-Shipping.exe,19588,0x2EC4BC3AB90,DXGI,0,512,1,Hardware: Independent Flip,3035.8026,18.9846,18.6934,0.2912,13.8821,19.4447,19.4341,0.0106,33.3277,10.1703,-9.4295,3035.8026,0.0009,NA,NA
SandFall-Win64-Shipping.exe,19588,0x2EC4BC3AB90,DXGI,0,512,1,Hardware: Independent Flip,3054.7872,0.3575,0.1774,0.1801,14.3422,0.1208,0.1187,0.0021,24.5134,8.9656,8.8143,3054.7872,10.0504,NA,NA
SandFall-Win64-Shipping.exe,19588,0x2EC4BC3AB90,DXGI,0,512,1,Hardware: Independent Flip,3055.1447,18.7742,18.5159,0.2583,14.1055,19.0152,19.0006,0.0146,33.1215,9.9302,-8.6081,3055.1447,0.0008,44.6208,NA
SandFall-Win64-Shipping.exe,19588,0x2EC4BC3AB90,DXGI,0,512,1,Hardware: Independent Flip,3073.9189,0.3073,0.1522,0.1551,14.3465,0.0865,0.0850,0.0015,24.2775,9.8505,8.8440,3073.9189,9.8445,NA,NA
SandFall-Win64-Shipping.exe,19588,0x2EC4BC3AB90,DXGI,0,512,1,Hardware: Independent Flip,3074.2262,21.5574,21.2435,0.3139,14.1257,19.4647,19.4574,0.0073,33.8207,9.5540,-9.5432,3074.2262,0.2303,13.6007,NA
SandFall-Win64-Shipping.exe,19588,0x2EC4BC3AB90,DXGI,0,512,1,Hardware: Independent Flip,3095.7836,0.3375,0.1599,0.1776,12.0330,0.1447,0.1423,0.0024,21.8173,9.9116,12.0034,3095.7836,9.6396,NA,NA
SandFall-Win64-Shipping.exe,19588,0x2EC4BC3AB90,DXGI,0,512,1,Hardware: Independent Flip,3096.1211,16.1654,15.9105,0.2549,11.8402,19.2686,19.2607,0.0079,31.3914,9.2989,-9.5741,3096.1211,0.2826,NA,NA
SandFall-Win64-Shipping.exe,19588,0x2EC4BC3AB90,DXGI,0,512,1,Hardware: Independent Flip,3112.2865,0.3161,0.1606,0.1555,14.9434,0.0933,0.0884,0.0049,24.5249,12.3281,6.8665,3112.2865,9.4882,NA,NA
SandFall-Win64-Shipping.exe,19588,0x2EC4BC3AB90,DXGI,0,512,1,Hardware: Independent Flip,3112.6026,24.9082,24.4293,0.4789,14.7206,21.7033,19.9647,1.7386,36.5369,10.6299,-12.0120,3112.6026,0.1130,28.6566,NA
SandFall-Win64-Shipping.exe,19588,0x2EC4BC3AB90,DXGI,0,512,1,Hardware: Independent Flip,3137.5108,0.4762,0.2475,0.2287,11.5157,0.0502,0.0490,0.0012,22.2586,10.5059,14.2783,3137.5108,10.6927,NA,NA
SandFall-Win64-Shipping.exe,19588,0x2EC4BC3AB90,DXGI,0,512,1,Hardware: Independent Flip,3137.9870,22.0094,21.6872,0.3222,11.0897,21.1980,19.6329,1.5651,32.2883,11.5574,-10.0297,3137.9870,0.0006,19.0291,NA
SandFall-Win64-Shipping.exe,19588,0x2EC4BC3AB90,DXGI,0,512,1,Hardware: Independent Flip,3159.9964,0.3685,0.1914,0.1771,10.2783,0.1415,0.1415,0.0000,21.8363,8.7761,10.4520,3159.9964,11.4165,NA,NA
SandFall-Win64-Shipping.exe,19588,0x2EC4BC3AB90,DXGI,0,512,1,Hardware: Independent Flip,3160.3649,15.3394,14.8657,0.4737,10.0513,20.1916,20.1469,0.0447,30.2439,10.8765,-8.4076,3160.3649,0.0010,NA,NA
SandFall-Win64-Shipping.exe,19588,0x2EC4BC3AB90,DXGI,0,512,1,Hardware: Independent Flip,3175.7043,0.5892,0.3215,0.2677,14.9035,0.1008,0.0991,0.0017,25.7810,9.7897,4.4629,3175.7043,10.7767,NA,NA
SandFall-Win64-Shipping.exe,19588,0x2EC4BC3AB90,DXGI,0,512,1,Hardware: Independent Flip,3176.2935,20.5629,20.2808,0.2821,14.4151,20.5056,20.4986,0.0070,34.9815,10.2567,-9.2005,3176.2935,0.0608,29.2732,NA
SandFall-Win64-Shipping.exe,19588,0x2EC4BC3AB90,DXGI,0,512,1,Hardware: Independent Flip,3196.8564,0.3427,0.1723,0.1704,14.3578,0.1467,0.1446,0.0021,24.6753,9.6116,10.3062,3196.8564,10.1708,NA,NA
SandFall-Win64-Shipping.exe,19588,0x2EC4BC3AB90,DXGI,0,512,1,Hardware: Independent Flip,3197.1991,18.8252,18.5205,0.3047,14.1618,19.2442,19.2393,0.0049,33.9442,9.0987,-9.2689,3197.1991,0.5382,NA,NA
SandFall-Win64-Shipping.exe,19588,0x2EC4BC3AB90,DXGI,0,512,1,Hardware: Independent Flip,3216.0243,0.3509,0.1805,0.1704,14.5808,0.1104,0.1086,0.0018,24.2177,10.1536,9.7265,3216.0243,9.5265,NA,NA
SandFall-Win64-Shipping.exe,19588,0x2EC4BC3AB90,DXGI,0,512,1,Hardware: Independent Flip,3216.3752,15.5296,15.2577,0.2719,14.3403,19.2634,19.2563,0.0071,34.0204,8.9745,-9.8027,3216.3752,0.4167,NA,NA
SandFall-Win64-Shipping.exe,19588,0x2EC4BC3AB90,DXGI,0,512,1,Hardware: Independent Flip,3231.9048,0.3326,0.1749,0.1577,18.0741,0.1376,0.1353,0.0023,27.4653,9.6824,6.5551,3231.9048,9.2536,NA,NA
SandFall-Win64-Shipping.exe,19588,0x2EC4BC3AB90,DXGI,0,512,1,Hardware: Independent Flip,3232.2374,19.3283,19.0798,0.2485,17.8791,18.6371,18.6303,0.0068,36.8151,8.8563,-9.3498,3232.2374,0.2989,56.2944,NA
SandFall-Win64-Shipping.exe,19588,0x2EC4BC3AB90,DXGI,0,512,1,Hardware: Independent Flip,3251.5657,0.3222,0.1679,0.1543,17.1879,0.1469,0.1447,0.0022,26.3431,10.8762,10.4720,3251.5657,9.0083,NA,NA
SandFall-Win64-Shipping.exe,19588,0x2EC4BC3AB90,DXGI,0,512,1,Hardware: Independent Flip,3251.8879,25.1884,24.8769,0.3115,17.0126,19.7471,19.7414,0.0057,36.8971,9.5845,-10.5540,3251.8879,0.1374,27.3348,NA
SandFall-Win64-Shipping.exe,19588,0x2EC4BC3AB90,DXGI,0,512,1,Hardware: Independent Flip,3277.0763,0.3613,0.1887,0.1726,11.5713,0.1235,0.1218,0.0017,21.2932,9.7680,15.6039,3277.0763,9.5984,NA,NA
SandFall-Win64-Shipping.exe,19588,0x2EC4BC3AB90,DXGI,0,512,1,Hardware: Independent Flip,3277.4376,23.3831,22.8349,0.5482,11.3335,19.3657,19.3583,0.0074,30.6999,10.2190,-9.4067,3277.4376,0.0007,33.7419,NA
SandFall-Win64-Shipping.exe,19588,0x2EC4BC3AB90,DXGI,0,512,1,Hardware: Independent Flip,3300.8207,0.5549,0.2715,0.2834,7.3161,0.1235,0.1214,0.0021,17.5358,9.4542,13.1641,3300.8207,10.0962,NA,NA
SandFall-Win64-Shipping.exe,19588,0x2EC4BC3AB90,DXGI,0,512,1,Hardware: Independent Flip,3301.3756,10.8381,10.5868,0.2513,6.8847,19.5493,19.5401,0.0092,26.4351,10.4027,-8.8993,3301.3756,0.0011,NA,NA
SandFall-Win64-Shipping.exe,19588,0x2EC4BC3AB90,DXGI,0,512,1,Hardware: Independent Flip,3312.2137,0.3736,0.1962,0.1774,15.5959,0.1095,0.1076,0.0019,25.9997,8.6293,0.4354,3312.2137,10.2943,33.0221,NA
SandFall-Win64-Shipping.exe,19588,0x2EC4BC3AB90,DXGI,0,512,1,Hardware: Independent Flip,3312.5873,19.4017,19.1390,0.2627,15.3318,18.9225,18.9125,0.0100,34.2554,9.9443,-8.2557,3312.5873,0.0011,NA,NA
SandFall-Win64-Shipping.exe,19588,0x2EC4BC3AB90,DXGI,0,512,1,Hardware: Independent Flip,3331.9890,0.3338,0.1725,0.1613,14.8526,0.1031,0.1015,0.0016,24.7980,9.5367,9.4574,3331.9890,9.8423,NA,NA
SandFall-Win64-Shipping.exe,19588,0x2EC4BC3AB90,DXGI,0,512,1,Hardware: Independent Flip,3332.3228,19.8676,19.0283,0.8393,14.6219,18.9735,18.9644,0.0091,34.0009,9.1414,-9.2029,3332.3228,0.4055,NA,NA
SandFall-Win64-Shipping.exe,19588,0x2EC4BC3AB90,DXGI,0,512,1,Hardware: Independent Flip,3352.1904,0.4385,0.2604,0.1781,13.7278,0.1455,0.1439,0.0016,23.2747,10.0496,10.7262,3352.1904,9.4014,NA,NA
SandFall-Win64-Shipping.exe,19588,0x2EC4BC3AB90,DXGI,0,512,1,Hardware: Independent Flip,3352.6289,19.3814,19.1198,0.2616,13.4348,19.0502,19.0362,0.0140,32.8858,8.9514,-9.6111,3352.6289,0.4008,34.3554,NA
SandFall-Win64-Shipping.exe,19588,0x2EC4BC3AB90,DXGI,0,512,1,Hardware: Independent Flip,3372.0103,0.3639,0.1971,0.1668,13.1036,0.0844,0.0828,0.0016,22.4558,11.0557,10.4300,3372.0103,9.2678,NA,NA
SandFall-Win64-Shipping.exe,19588,0x2EC4BC3AB90,DXGI,0,512,1,Hardware: Independent Flip,3372.3742,22.2209,21.9492,0.2717,12.8241,20.1391,19.0075,1.1316,33.1476,9.7130,-10.6918,3372.3742,0.1844,23.6334,NA
SandFall-Win64-Shipping.exe,19588,0x2EC4BC3AB90,DXGI,0,512,1,Hardware: Independent Flip,3394.5951,0.3199,0.1634,0.1565,10.7423,0.1013,0.0995,0.0018,20.6397,9.2750,12.5079,3394.5951,9.7961,NA,NA
SandFall-Win64-Shipping.exe,19588,0x2EC4BC3AB90,DXGI,0,512,1,Hardware: Independent Flip,3394.9150,16.5584,16.2890,0.2694,10.5237,19.0699,19.0588,0.0111,29.5948,9.8916,-8.9551,3394.9150,0.0012,NA,NA
SandFall-Win64-Shipping.exe,19588,0x2EC4BC3AB90,DXGI,0,512,1,Hardware: Independent Flip,3411.4734,0.3711,0.2092,0.1619,13.0352,0.1311,0.1288,0.0023,22.9280,9.8418,6.6668,3411.4734,9.7617,NA,NA
SandFall-Win64-Shipping.exe,19588,0x2EC4BC3AB90,DXGI,0,512,1,Hardware: Independent Flip,3411.8445,21.8978,21.5682,0.3296,12.7952,19.6033,19.2483,0.3550,32.3987,10.4228,-9.4707,3411.8445,0.0002,31.6067,NA
SandFall-Win64-Shipping.exe,19588,0x2EC4BC3AB90,DXGI,0,512,1,Hardware: Independent Flip,3433.7423,0.3989,0.1848,0.2141,10.5007,0.1110,0.1089,0.0021,20.9237,9.7263,11.4750,3433.7423,10.3120,NA,NA
SandFall-Win64-Shipping.exe,19588,0x2EC4BC3AB90,DXGI,0,512,1,Hardware: Independent Flip,3434.1412,17.4454,17.1799,0.2655,10.2128,20.0376,20.0277,0.0099,30.2511,10.6537,-9.3274,3434.1412,0.0007,20.9799,NA
SandFall-Win64-Shipping.exe,19588,0x2EC4BC3AB90,DXGI,0,512,1,Hardware: Independent Flip,3451.5866,0.3233,0.1612,0.1621,12.8050,0.1390,0.1373,0.0017,23.4594,9.2796,6.7917,3451.5866,10.5154,NA,NA
SandFall-Win64-Shipping.exe,19588,0x2EC4BC3AB90,DXGI,0,512,1,Hardware: Independent Flip,3451.9099,21.1280,20.8183,0.3097,12.6207,19.7945,19.7870,0.0075,32.4157,10.1831,-8.9563,3451.9099,0.0005,NA,NA
SandFall-Win64-Shipping.exe,19588,0x2EC4BC3AB90,DXGI,0,512,1,Hardware: Independent Flip,3473.0379,0.3720,0.1871,0.1849,11.2872,0.1443,0.1443,0.0000,21.4708,9.8287,10.9449,3473.0379,10.0393,NA,NA
SandFall-Win64-Shipping.exe,19588,0x2EC4BC3AB90,DXGI,0,512,1,Hardware: Independent Flip,3473.4099,15.8767,15.6070,0.2697,11.0595,19.4185,19.4123,0.0062,30.9275,9.3040,-9.4567,3473.4099,0.4495,NA,NA
SandFall-Win64-Shipping.exe,19588,0x2EC4BC3AB90,DXGI,0,512,1,Hardware: Independent Flip,3489.2866,0.9296,0.1680,0.7616,14.6013,0.1183,0.1166,0.0017,24.3548,9.1897,6.5727,3489.2866,9.6352,NA,NA
SandFall-Win64-Shipping.exe,19588,0x2EC4BC3AB90,DXGI,0,512,1,Hardware: Independent Flip,3490.2162,18.2230,17.9755,0.2475,13.7900,18.5585,18.5527,0.0058,32.6149,8.8285,-8.2601,3490.2162,0.2664,48.6816,NA
SandFall-Win64-Shipping.exe,19588,0x2EC4BC3AB90,DXGI,0,512,1,Hardware: Independent Flip,3508.4392,0.3166,0.1576,0.1590,14.1255,0.1330,0.1312,0.0018,23.2204,10.7073,9.3945,3508.4392,8.9619,NA,NA
SandFall-Win64-Shipping.exe,19588,0x2EC4BC3AB90,DXGI,0,512,1,Hardware: Independent Flip,3508.7558,17.7949,17.5431,0.2518,13.9419,19.1943,19.1848,0.0095,33.6111,9.0357,-10.3907,3508.7558,0.4749,37.4668,NA
SandFall-Win64-Shipping.exe,19588,0x2EC4BC3AB90,DXGI,0,512,1,Hardware: Independent Flip,3526.5507,0.3127,0.1567,0.1560,15.3413,0.1098,0.1081,0.0017,24.8519,10.0072,8.7592,3526.5507,9.4008,NA,NA
SandFall-Win64-Shipping.exe,19588,0x2EC4BC3AB90,DXGI,0,512,1,Hardware: Independent Flip,3526.8634,20.2068,19.9454,0.2614,15.1384,19.4072,19.3982,0.0090,34.5464,9.6924,-9.6945,3526.8634,0.0008,NA,NA
SandFall-Win64-Shipping.exe,19588,0x2EC4BC3AB90,DXGI,0,512,1,Hardware: Independent Flip,3547.0702,0.3131,0.1569,0.1562,14.3388,0.1339,0.1316,0.0023,24.0320,9.3212,10.5144,3547.0702,9.5593,NA,NA
SandFall-Win64-Shipping.exe,19588,0x2EC4BC3AB90,DXGI,0,512,1,Hardware: Independent Flip,3547.3833,18.9693,18.7190,0.2503,14.1596,18.8795,18.8722,0.0073,33.0401,9.9235,-9.0081,3547.3833,0.0010,44.7169,NA
SandFall-Win64-Shipping.exe,19588,0x2EC4BC3AB90,DXGI,0,512,1,Hardware: Independent Flip,3566.3526,0.4854,0.2269,0.2585,14.0698,0.0979,0.0961,0.0018,23.9943,9.1945,9.0458,3566.3526,9.8266,NA,NA
SandFall-Win64-Shipping.exe,19588,0x2EC4BC3AB90,DXGI,0,512,1,Hardware: Independent Flip,3566.8380,18.3212,18.0730,0.2482,13.6823,19.0202,19.0129,0.0073,32.7034,10.0101,-8.7091,3566.8380,0.0009,NA,NA
SandFall-Win64-Shipping.exe,19588,0x2EC4BC3AB90,DXGI,0,512,1,Hardware: Independent Flip,3585.1592,0.3188,0.1592,0.1596,14.3813,0.0971,0.0954,0.0017,24.3923,9.1110,8.3111,3585.1592,9.9139,NA,NA
SandFall-Win64-Shipping.exe,19588,0x2EC4BC3AB90,DXGI,0,512,1,Hardware: Independent Flip,3585.4780,20.3356,20.0656,0.2700,14.1596,19.0242,19.0132,0.0110,33.1845,9.6166,-8.7922,3585.4780,0.0007,36.9012,NA
SandFall-Win64-Shipping.exe,19588,0x2EC4BC3AB90,DXGI,0,512,1,Hardware: Independent Flip,3605.8136,0.3543,0.1937,0.1606,12.8482,0.1017,0.1001,0.0016,22.4655,10.3526,10.7190,3605.8136,9.5156,NA,NA
SandFall-Win64-Shipping.exe,19588,0x2EC4BC3AB90,DXGI,0,512,1,Hardware: Independent Flip,3606.1679,19.4437,19.1782,0.2655,12.5956,19.5093,19.5010,0.0083,32.4638,9.4398,-9.9983,3606.1679,0.3589,NA,NA
SandFall-Win64-Shipping.exe,19588,0x2EC4BC3AB90,DXGI,0,512,1,Hardware: Independent Flip,3625.6116,0.3126,0.1579,0.1547,12.6612,0.1085,0.1069,0.0016,22.4599,9.5360,10.0039,3625.6116,9.6902,NA,NA
SandFall-Win64-Shipping.exe,19588,0x2EC4BC3AB90,DXGI,0,512,1,Hardware: Independent Flip,3625.9242,18.4524,18.1492,0.3032,12.4571,19.2140,19.2065,0.0075,31.6833,9.4213,-9.2234,3625.9242,0.0122,45.0474,NA
SandFall-Win64-Shipping.exe,19588,0x2EC4BC3AB90,DXGI,0,512,1,Hardware: Independent Flip,3644.3766,0.3294,0.1717,0.1577,13.2187,0.1050,0.1034,0.0016,22.6522,9.7677,9.0311,3644.3766,9.3285,NA,NA
SandFall-Win64-Shipping.exe,19588,0x2EC4BC3AB90,DXGI,0,512,1,Hardware: Independent Flip,3644.7060,18.3609,18.0642,0.2967,12.9943,19.0957,19.0868,0.0089,32.0905,9.5542,-9.4383,3644.7060,0.0005,33.4988,NA
SandFall-Win64-Shipping.exe,19588,0x2EC4BC3AB90,DXGI,0,512,1,Hardware: Independent Flip,3663.0669,0.4000,0.1788,0.2212,13.7291,0.1021,0.1005,0.0016,23.2838,9.6326,8.8067,3663.0669,9.4526,NA,NA
SandFall-Win64-Shipping.exe,19588,0x2EC4BC3AB90,DXGI,0,512,1,Hardware: Independent Flip,3663.4669,19.3486,19.0624,0.2862,13.4312,19.0842,19.0693,0.0149,32.5164,9.7153,-9.2326,3663.4669,0.0010,NA,NA
SandFall-Win64-Shipping.exe,19588,0x2EC4BC3AB90,DXGI,0,512,1,Hardware: Independent Flip,3682.8155,0.3339,0.1625,0.1714,13.1668,0.0891,0.0875,0.0016,22.8831,10.1854,9.6333,3682.8155,9.6272,NA,NA
SandFall-Win64-Shipping.exe,19588,0x2EC4BC3AB90,DXGI,0,512,1,Hardware: Independent Flip,3683.1494,20.0661,19.8123,0.2538,12.9220,19.8123,19.8039,0.0084,32.7346,10.1399,-9.8515,3683.1494,0.0003,41.8446,NA
SandFall-Win64-Shipping.exe,19588,0x2EC4BC3AB90,DXGI,0,512,1,Hardware: Independent Flip,3703.2155,0.4043,0.2233,0.1810,12.6682,0.1408,0.1388,0.0020,22.8084,9.4259,9.9262,3703.2155,9.9994,NA,NA
SandFall-Win64-Shipping.exe,19588,0x2EC4BC3AB90,DXGI,0,512,1,Hardware: Independent Flip,3703.6198,18.4192,18.1669,0.2523,12.4047,19.4244,19.4130,0.0114,31.8300,10.1915,-9.0216,3703.6198,0.0009,30.6647,NA
SandFall-Win64-Shipping.exe,19588,0x2EC4BC3AB90,DXGI,0,512,1,Hardware: Independent Flip,3722.0390,0.3238,0.1616,0.1622,13.4099,0.1575,0.1575,0.0000,23.6023,8.8721,8.2277,3722.0390,10.0349,NA,NA
SandFall-Win64-Shipping.exe,19588,0x2EC4BC3AB90,DXGI,0,512,1,Hardware: Independent Flip,3722.3628,20.6647,20.3754,0.2893,13.2436,18.9061,18.8959,0.0102,32.1506,9.5368,-8.5483,3722.3628,0.0009,46.0604,NA
SandFall-Win64-Shipping.exe,19588,0x2EC4BC3AB90,DXGI,0,512,1,Hardware: Independent Flip,3743.0275,0.3623,0.1750,0.1873,11.4850,0.0896,0.0881,0.0015,21.0227,11.3065,11.1279,3743.0275,9.4481,NA,NA
SandFall-Win64-Shipping.exe,19588,0x2EC4BC3AB90,DXGI,0,512,1,Hardware: Independent Flip,3743.3898,18.4852,18.2221,0.2631,11.2123,20.1716,20.1643,0.0073,31.9669,9.5576,-10.9442,3743.3898,0.5830,39.7915,NA
SandFall-Win64-Shipping.exe,19588,0x2EC4BC3AB90,DXGI,0,512,1,Hardware: Independent Flip,3761.8750,0.3516,0.1756,0.1760,12.8987,0.1436,0.1414,0.0022,23.0393,9.1596,8.9276,3761.8750,9.9970,NA,NA
SandFall-Win64-Shipping.exe,19588,0x2EC4BC3AB90,DXGI,0,512,1,Hardware: Independent Flip,3762.2266,18.1041,17.7956,0.3085,12.6907,19.1558,19.1476,0.0082,31.8473,9.6028,-8.8080,3762.2266,0.0008,NA,NA
SandFall-Win64-Shipping.exe,19588,0x2EC4BC3AB90,DXGI,0,512,1,Hardware: Independent Flip,3780.3307,0.3956,0.2187,0.1769,13.7424,0.1121,0.1104,0.0017,23.3460,9.8231,8.5013,3780.3307,9.4915,NA,NA
SandFall-Win64-Shipping.exe,19588,0x2EC4BC3AB90,DXGI,0,512,1,Hardware: Independent Flip,3780.7263,19.9751,19.7040,0.2711,13.4589,19.3140,19.3052,0.0088,32.7735,9.7758,-9.4275,3780.7263,0.0006,47.2017,NA
SandFall-Win64-Shipping.exe,19588,0x2EC4BC3AB90,DXGI,0,512,1,Hardware: Independent Flip,3800.7014,0.3435,0.1852,0.1583,12.7978,0.1534,0.1510,0.0024,22.5742,9.6278,10.1993,3800.7014,9.6230,NA,NA
SandFall-Win64-Shipping.exe,19588,0x2EC4BC3AB90,DXGI,0,512,1,Hardware: Independent Flip,3801.0449,19.1654,18.9130,0.2524,12.6077,19.2498,19.2399,0.0099,31.8585,9.8860,-9.2843,3801.0449,0.0010,NA,NA
SandFall-Win64-Shipping.exe,19588,0x2EC4BC3AB90,DXGI,0,512,1,Hardware: Independent Flip,3820.2103,0.3374,0.1578,0.1796,12.6921,0.1152,0.1135,0.0017,22.5791,9.9422,9.2794,3820.2103,9.7718,NA,NA
SandFall-Win64-Shipping.exe,19588,0x2EC4BC3AB90,DXGI,0,512,1,Hardware: Independent Flip,3820.5477,20.2055,19.9486,0.2569,12.4699,19.7132,19.5133,0.1999,32.1839,10.0283,-9.6048,3820.5477,0.0008,40.3235,NA
SandFall-Win64-Shipping.exe,19588,0x2EC4BC3AB90,DXGI,0,512,1,Hardware: Independent Flip,3840.7532,0.3509,0.1813,0.1696,11.9776,0.1029,0.0981,0.0048,22.0067,9.2300,10.1772,3840.7532,9.9262,NA,NA
SandFall-Win64-Shipping.exe,19588,0x2EC4BC3AB90,DXGI,0,512,1,Hardware: Independent Flip,3841.1041,18.5123,18.1546,0.3577,11.7296,19.1552,19.1428,0.0124,30.8858,9.7903,-8.8791,3841.1041,0.0010,NA,NA
SandFall-Win64-Shipping.exe,19588,0x2EC4BC3AB90,DXGI,0,512,1,Hardware: Independent Flip,3859.6164,0.3341,0.1727,0.1614,12.3725,0.1307,0.1290,0.0017,22.1638,9.6920,8.7220,3859.6164,9.6606,NA,NA
SandFall-Win64-Shipping.exe,19588,0x2EC4BC3AB90,DXGI,0,512,1,Hardware: Independent Flip,3859.9505,19.0947,18.8209,0.2738,12.1691,19.1358,19.1239,0.0119,31.5217,9.3736,-9.3579,3859.9505,0.2168,48.3058,NA
SandFall-Win64-Shipping.exe,19588,0x2EC4BC3AB90,DXGI,0,512,1,Hardware: Independent Flip,3879.0452,0.3332,0.1585,0.1747,12.2102,0.1259,0.1241,0.0018,21.8006,10.2586,9.7211,3879.0452,9.4645,NA,NA
SandFall-Win64-Shipping.exe,19588,0x2EC4BC3AB90,DXGI,0,512,1,Hardware: Independent Flip,3879.3784,19.4153,19.1209,0.2944,12.0029,19.4493,19.1998,0.2495,31.7260,9.4104,-9.9254,3879.3784,0.2738,37.1807,NA
SandFall-Win64-Shipping.exe,19588,0x2EC4BC3AB90,DXGI,0,512,1,Hardware: Independent Flip,3898.7937,0.3653,0.1937,0.1716,12.0369,0.1096,0.1072,0.0024,21.7211,10.0436,10.0049,3898.7937,9.5746,NA,NA
SandFall-Win64-Shipping.exe,19588,0x2EC4BC3AB90,DXGI,0,512,1,Hardware: Independent Flip,3899.1590,19.2438,18.9632,0.2806,11.7812,19.6168,19.6070,0.0098,31.3994,9.8783,-9.6783,3899.1590,0.0014,34.1193,NA
SandFall-Win64-Shipping.exe,19588,0x2EC4BC3AB90,DXGI,0,512,1,Hardware: Independent Flip,3918.4028,0.3450,0.1566,0.1884,12.1542,0.0591,0.0580,0.0011,22.0339,10.2969,9.3655,3918.4028,9.8206,NA,NA
SandFall-Win64-Shipping.exe,19588,0x2EC4BC3AB90,DXGI,0,512,1,Hardware: Independent Flip,3918.7478,20.4504,20.1516,0.2988,11.8683,20.1163,19.3689,0.7474,31.9858,10.5096,-9.9519,3918.7478,0.0012,46.0474,NA
SandFall-Win64-Shipping.exe,19588,0x2EC4BC3AB90,DXGI,0,512,1,Hardware: Independent Flip,3939.1982,0.3324,0.1621,0.1703,11.5342,0.1474,0.0916,0.0558,22.0450,10.9006,9.9408,3939.1982,10.3634,NA,NA
SandFall-Win64-Shipping.exe,19588,0x2EC4BC3AB90,DXGI,0,512,1,Hardware: Independent Flip,3939.5306,20.7915,20.5187,0.2728,11.3492,21.2629,20.1573,1.1056,32.6132,11.4153,-10.5682,3939.5306,0.0011,17.6962,NA
SandFall-Win64-Shipping.exe,19588,0x2EC4BC3AB90,DXGI,0,512,1,Hardware: Independent Flip,3960.3221,0.3531,0.1755,0.1776,11.8206,0.1321,0.1297,0.0024,23.2370,8.0965,9.3762,3960.3221,11.2843,NA,NA
SandFall-Win64-Shipping.exe,19588,0x2EC4BC3AB90,DXGI,0,512,1,Hardware: Independent Flip,3960.6752,19.9723,19.6217,0.3506,11.5996,19.3801,18.9262,0.4539,30.9804,10.3329,-7.7434,3960.6752,0.0007,16.2140,NA
SandFall-Win64-Shipping.exe,19588,0x2EC4BC3AB90,DXGI,0,512,1,Hardware: Independent Flip,3980.6475,0.4298,0.2426,0.1872,11.0074,0.1355,0.1338,0.0017,21.3410,9.9637,9.6394,3980.6475,10.1981,NA,NA
SandFall-Win64-Shipping.exe,19588,0x2EC4BC3AB90,DXGI,0,512,1,Hardware: Independent Flip,3981.0773,17.5635,17.3128,0.2507,10.7131,19.5407,19.5329,0.0078,30.8749,9.1680,-9.5339,3981.0773,0.6211,15.0030,NA
SandFall-Win64-Shipping.exe,19588,0x2EC4BC3AB90,DXGI,0,512,1,Hardware: Independent Flip,3998.6408,0.3166,0.1560,0.1606,12.6903,0.1027,0.1010,0.0017,22.4794,9.8859,8.3955,3998.6408,9.6864,NA,NA
SandFall-Win64-Shipping.exe,19588,0x2EC4BC3AB90,DXGI,0,512,1,Hardware: Independent Flip,3998.9574,17.6479,17.3247,0.3232,12.4764,19.1989,19.1918,0.0071,32.0487,8.8867,-9.5693,3998.9574,0.3734,NA,NA
SandFall-Win64-Shipping.exe,19588,0x2EC4BC3AB90,DXGI,0,512,1,Hardware: Independent Flip,4016.6053,0.3708,0.2071,0.1637,14.0274,0.1118,0.1100,0.0018,23.2875,10.6104,8.7612,4016.6053,9.1483,NA,NA
SandFall-Win64-Shipping.exe,19588,0x2EC4BC3AB90,DXGI,0,512,1,Hardware: Independent Flip,4016.9761,19.6666,19.4086,0.2580,13.7684,19.3644,19.3534,0.0110,33.5271,9.1579,-10.2396,4016.9761,0.3943,34.0602,NA
SandFall-Win64-Shipping.exe,19588,0x2EC4BC3AB90,DXGI,0,512,1,Hardware: Independent Flip,4036.6427,0.3942,0.1859,0.2083,13.4662,0.1149,0.1149,0.0000,23.0184,9.7715,10.5087,4036.6427,9.4373,26.2155,NA
SandFall-Win64-Shipping.exe,19588,0x2EC4BC3AB90,DXGI,0,512,1,Hardware: Independent Flip,4037.0369,17.5760,17.3267,0.2493,13.1869,19.2083,19.1995,0.0088,32.3957,9.8372,-9.3773,4037.0369,0.0005,NA,NA
SandFall-Win64-Shipping.exe,19588,0x2EC4BC3AB90,DXGI,0,512,1,Hardware: Independent Flip,4054.6129,0.3436,0.1570,0.1866,14.8192,0.1280,0.1258,0.0022,24.6569,9.3041,7.7388,4054.6129,9.7097,NA,NA
SandFall-Win64-Shipping.exe,19588,0x2EC4BC3AB90,DXGI,0,512,1,Hardware: Independent Flip,4054.9565,17.9108,17.6595,0.2513,14.6036,19.0130,19.0049,0.0081,33.6174,10.0085,-8.9605,4054.9565,0.0008,35.1343,NA
SandFall-Win64-Shipping.exe,19588,0x2EC4BC3AB90,DXGI,0,512,1,Hardware: Independent Flip,4072.8673,0.3044,0.1529,0.1515,15.7058,0.1056,0.1039,0.0017,25.7151,9.7403,7.9023,4072.8673,9.9037,NA,NA
SandFall-Win64-Shipping.exe,19588,0x2EC4BC3AB90,DXGI,0,512,1,Hardware: Independent Flip,4073.1717,18.8490,18.6059,0.2431,15.5070,19.6435,19.6367,0.0068,35.1510,10.2478,-9.4359,4073.1717,0.0005,34.5219,NA
SandFall-Win64-Shipping.exe,19588,0x2EC4BC3AB90,DXGI,0,512,1,Hardware: Independent Flip,4092.0207,0.3181,0.1600,0.1581,16.3015,0.1000,0.0982,0.0018,26.5498,8.7215,8.6012,4092.0207,10.1483,NA,NA
SandFall-Win64-Shipping.exe,19588,0x2EC4BC3AB90,DXGI,0,512,1,Hardware: Independent Flip,4092.3388,19.2605,19.0115,0.2490,16.0834,18.8689,18.8621,0.0068,34.9532,9.7003,-8.4034,4092.3388,0.0009,32.8504,NA
SandFall-Win64-Shipping.exe,19588,0x2EC4BC3AB90,DXGI,0,512,1,Hardware: Independent Flip,4111.5993,0.3185,0.1598,0.1587,15.6918,0.1044,0.1021,0.0023,25.3930,9.4994,9.5602,4111.5993,9.5968,NA,NA
SandFall-Win64-Shipping.exe,19588,0x2EC4BC3AB90,DXGI,0,512,1,Hardware: Independent Flip,4111.9178,19.2195,18.9613,0.2582,15.4777,18.6804,18.6723,0.0081,34.5739,8.9911,-9.1809,4111.9178,0.4158,36.0544,NA
SandFall-Win64-Shipping.exe,19588,0x2EC4BC3AB90,DXGI,0,512,1,Hardware: Independent Flip,4131.1373,0.3163,0.1575,0.1588,14.9386,0.1437,0.1421,0.0016,24.3455,12.0569,10.2284,4131.1373,9.2632,NA,NA
SandFall-Win64-Shipping.exe,19588,0x2EC4BC3AB90,DXGI,0,512,1,Hardware: Independent Flip,4131.4536,22.6376,22.3667,0.2709,14.7660,20.6827,20.6747,0.0080,36.0861,9.5595,-11.7406,4131.4536,0.6374,25.0970,NA
SandFall-Win64-Shipping.exe,19588,0x2EC4BC3AB90,DXGI,0,512,1,Hardware: Independent Flip,4154.0912,0.3283,0.1645,0.1638,12.8111,0.1373,0.1342,0.0031,23.0080,9.5659,13.0781,4154.0912,10.0596,NA,NA
SandFall-Win64-Shipping.exe,19588,0x2EC4BC3AB90,DXGI,0,512,1,Hardware: Independent Flip,4154.4195,19.5385,19.2260,0.3125,12.6201,19.6247,19.6182,0.0065,32.2456,10.0450,-9.2376,4154.4195,0.0008,20.5824,NA
SandFall-Win64-Shipping.exe,19588,0x2EC4BC3AB90,DXGI,0,512,1,Hardware: Independent Flip,4173.9580,0.3511,0.1711,0.1800,12.7063,0.1434,0.1434,0.0000,22.7521,9.3387,9.4935,4173.9580,9.9024,NA,NA
SandFall-Win64-Shipping.exe,19588,0x2EC4BC3AB90,DXGI,0,512,1,Hardware: Independent Flip,4174.3091,16.0407,15.7877,0.2530,12.4986,19.2401,19.2304,0.0097,31.7397,10.1875,-8.9876,4174.3091,0.0010,NA,NA
SandFall-Win64-Shipping.exe,19588,0x2EC4BC3AB90,DXGI,0,512,1,Hardware: Independent Flip,4190.3498,0.3131,0.1568,0.1563,15.6980,0.1323,0.1299,0.0024,25.8865,9.1392,5.8532,4190.3498,10.0562,NA,NA
SandFall-Win64-Shipping.exe,19588,0x2EC4BC3AB90,DXGI,0,512,1,Hardware: Independent Flip,4190.6629,19.6394,19.3977,0.2417,15.5172,19.1944,19.1870,0.0074,34.7126,10.2138,-8.8261,4190.6629,0.0010,49.9300,NA
SandFall-Win64-Shipping.exe,19588,0x2EC4BC3AB90,DXGI,0,512,1,Hardware: Independent Flip,4210.3023,0.3305,0.1515,0.1790,15.0722,0.1413,0.1397,0.0016,25.2870,9.0988,9.4256,4210.3023,10.0735,NA,NA
SandFall-Win64-Shipping.exe,19588,0x2EC4BC3AB90,DXGI,0,512,1,Hardware: Independent Flip,4210.6328,19.8397,19.5639,0.2758,14.8830,19.1712,19.1648,0.0064,34.0553,9.6102,-8.7683,4210.6328,0.0011,47.8302,NA
SandFall-Win64-Shipping.exe,19588,0x2EC4BC3AB90,DXGI,0,512,1,Hardware: Independent Flip,4230.4725,0.3412,0.1580,0.1832,14.2145,0.1009,0.0993,0.0016,23.8258,10.3899,10.2295,4230.4725,9.5104,NA,NA
SandFall-Win64-Shipping.exe,19588,0x2EC4BC3AB90,DXGI,0,512,1,Hardware: Independent Flip,4230.8137,19.7635,19.4641,0.2994,13.9742,19.3667,19.3597,0.0070,33.8745,9.2135,-10.0487,4230.8137,0.5336,37.1084,NA
SandFall-Win64-Shipping.exe,19588,0x2EC4BC3AB90,DXGI,0,512,1,Hardware: Independent Flip,4250.5772,0.3371,0.1719,0.1652,13.5774,0.1477,0.1461,0.0016,23.3245,10.3410,10.5500,4250.5772,9.5994,NA,NA
SandFall-Win64-Shipping.exe,19588,0x2EC4BC3AB90,DXGI,0,512,1,Hardware: Independent Flip,4250.9143,20.6421,20.3618,0.2803,13.3880,19.7806,19.7641,0.0165,33.3284,9.4973,-10.0039,4250.9143,0.1598,NA,NA
SandFall-Win64-Shipping.exe,19588,0x2EC4BC3AB90,DXGI,0,512,1,Hardware: Independent Flip,4271.5564,0.3850,0.2030,0.1820,12.5265,0.1030,0.1008,0.0022,22.1836,10.1035,11.1448,4271.5564,9.5541,NA,NA
SandFall-Win64-Shipping.exe,19588,0x2EC4BC3AB90,DXGI,0,512,1,Hardware: Independent Flip,4271.9414,20.2548,19.9970,0.2578,12.2445,19.6568,19.2021,0.4547,31.9021,10.1922,-9.7185,4271.9414,0.0008,35.3943,NA
SandFall-Win64-Shipping.exe,19588,0x2EC4BC3AB90,DXGI,0,512,1,Hardware: Independent Flip,4292.1962,0.3996,0.1658,0.2338,11.6465,0.1410,0.1391,0.0019,21.8395,9.0768,10.0626,4292.1962,10.0520,37.5675,NA
SandFall-Win64-Shipping.exe,19588,0x2EC4BC3AB90,DXGI,0,512,1,Hardware: Independent Flip,4292.5958,18.2455,17.9959,0.2496,11.3879,19.1281,19.1127,0.0154,30.5167,10.1534,-8.6772,4292.5958,0.0007,NA,NA
SandFall-Win64-Shipping.exe,19588,0x2EC4BC3AB90,DXGI,0,512,1,Hardware: Independent Flip,4310.8413,0.3637,0.2048,0.1589,12.2705,0.1230,0.1230,0.0000,22.4246,9.0982,8.0921,4310.8413,10.0311,NA,NA
SandFall-Win64-Shipping.exe,19588,0x2EC4BC3AB90,DXGI,0,512,1,Hardware: Independent Flip,4311.2050,19.4552,19.2042,0.2510,12.0298,19.1287,19.1181,0.0106,31.1591,9.7712,-8.7345,4311.2050,0.0006,34.9227,NA
SandFall-Win64-Shipping.exe,19588,0x2EC4BC3AB90,DXGI,0,512,1,Hardware: Independent Flip,4330.6602,0.3382,0.1567,0.1815,11.7033,0.1065,0.1042,0.0023,21.4751,11.3417,9.6840,4330.6602,9.6653,NA,NA
SandFall-Win64-Shipping.exe,19588,0x2EC4BC3AB90,DXGI,0,512,1,Hardware: Independent Flip,4330.9984,20.5657,20.3264,0.2393,11.4716,20.6481,19.1890,1.4591,32.4786,10.0120,-11.0035,4330.9984,0.3589,34.0392,NA
SandFall-Win64-Shipping.exe,19588,0x2EC4BC3AB90,DXGI,0,512,1,Hardware: Independent Flip,4351.5641,0.3614,0.1541,0.2073,11.5540,0.1268,0.1251,0.0017,21.9249,8.6001,10.5537,4351.5641,10.2441,23.0475,NA
SandFall-Win64-Shipping.exe,19588,0x2EC4BC3AB90,DXGI,0,512,1,Hardware: Independent Flip,4351.9255,18.2990,18.0408,0.2582,11.3194,18.8433,18.8316,0.0117,30.1636,9.6581,-8.2387,4351.9255,0.0009,NA,NA
SandFall-Win64-Shipping.exe,19588,0x2EC4BC3AB90,DXGI,0,512,1,Hardware: Independent Flip,4370.2245,0.3214,0.1569,0.1645,11.8637,0.1228,0.1228,0.0000,21.5227,9.5174,8.6409,4370.2245,9.5362,NA,NA
SandFall-Win64-Shipping.exe,19588,0x2EC4BC3AB90,DXGI,0,512,1,Hardware: Independent Flip,4370.5459,19.1044,18.8590,0.2454,11.6651,18.7850,18.7716,0.0134,30.7187,9.1778,-9.1960,4370.5459,0.2686,35.3126,NA
SandFall-Win64-Shipping.exe,19588,0x2EC4BC3AB90,DXGI,0,512,1,Hardware: Independent Flip,4389.6503,0.3135,0.1563,0.1572,11.3457,0.1087,0.1071,0.0016,20.7921,11.5681,9.9266,4389.6503,9.3377,NA,NA
SandFall-Win64-Shipping.exe,19588,0x2EC4BC3AB90,DXGI,0,512,1,Hardware: Independent Flip,4389.9638,22.2797,21.9100,0.3697,11.1409,20.5712,18.9552,1.6160,32.0467,9.8464,-11.2546,4389.9638,0.3346,13.5733,NA
SandFall-Win64-Shipping.exe,19588,0x2EC4BC3AB90,DXGI,0,512,1,Hardware: Independent Flip,4412.2435,0.4732,0.1758,0.2974,9.4324,0.1346,0.1325,0.0021,19.6134,9.6915,12.4333,4412.2435,10.0464,NA,NA
SandFall-Win64-Shipping.exe,19588,0x2EC4BC3AB90,DXGI,0,512,1,Hardware: Independent Flip,4412.7167,15.7390,15.4680,0.2710,9.0938,19.7373,19.7291,0.0082,28.8317,10.2869,-9.2183,4412.7167,0.0006,NA,NA
SandFall-Win64-Shipping.exe,19588,0x2EC4BC3AB90,DXGI,0,512,1,Hardware: Independent Flip,4428.4557,0.3864,0.2037,0.1827,13.0921,0.0962,0.0944,0.0018,23.3796,8.6708,5.4521,4428.4557,10.1913,23.3433,NA
SandFall-Win64-Shipping.exe,19588,0x2EC4BC3AB90,DXGI,0,512,1,Hardware: Independent Flip,4428.8421,18.9215,18.6260,0.2955,12.8019,18.8609,18.8493,0.0116,31.6640,9.8763,-8.2844,4428.8421,0.0012,14.0683,NA
SandFall-Win64-Shipping.exe,19588,0x2EC4BC3AB90,DXGI,0,512,1,Hardware: Independent Flip,4447.7636,0.3222,0.1596,0.1626,12.7413,0.0972,0.0954,0.0018,22.6188,9.4534,9.0452,4447.7636,9.7803,NA,NA
SandFall-Win64-Shipping.exe,19588,0x2EC4BC3AB90,DXGI,0,512,1,Hardware: Independent Flip,4448.0858,18.7980,18.3788,0.4192,12.5163,19.1392,19.1183,0.0209,31.7500,9.5117,-9.1312,4448.0858,0.0945,13.3936,NA
SandFall-Win64-Shipping.exe,19588,0x2EC4BC3AB90,DXGI,0,512,1,Hardware: Independent Flip,4466.8838,0.3788,0.1876,0.1912,12.8575,0.1456,0.1439,0.0017,22.4637,11.3401,9.2863,4466.8838,9.4606,NA,NA
SandFall-Win64-Shipping.exe,19588,0x2EC4BC3AB90,DXGI,0,512,1,Hardware: Independent Flip,4467.2626,22.1791,21.6239,0.5552,12.6243,20.4689,20.0078,0.4611,33.4250,9.8841,-10.9613,4467.2626,0.3318,15.2341,NA
SandFall-Win64-Shipping.exe,19588,0x2EC4BC3AB90,DXGI,0,512,1,Hardware: Independent Flip,4489.4417,0.6735,0.4029,0.2706,10.9141,0.1391,0.1358,0.0033,21.1300,11.1024,12.2950,4489.4417,10.0768,NA,NA
SandFall-Win64-Shipping.exe,19588,0x2EC4BC3AB90,DXGI,0,512,1,Hardware: Independent Flip,4490.1152,25.4737,24.8879,0.5858,10.3797,21.1783,20.5516,0.6267,31.5589,10.9935,-10.4289,4490.1152,0.0009,17.3348,NA
SandFall-Win64-Shipping.exe,19588,0x2EC4BC3AB90,DXGI,0,512,1,Hardware: Independent Flip,4515.5889,0.5781,0.2876,0.2905,6.0843,0.0500,0.0489,0.0011,17.0787,10.1113,14.4802,4515.5889,10.9444,NA,NA
SandFall-Win64-Shipping.exe,19588,0x2EC4BC3AB90,DXGI,0,512,1,Hardware: Independent Flip,4516.1670,21.9192,21.4635,0.4557,5.5562,21.0552,20.8978,0.1574,26.6119,11.4939,-9.5332,4516.1670,0.0005,NA,NA
SandFall-Win64-Shipping.exe,19588,0x2EC4BC3AB90,DXGI,0,512,1,Hardware: Independent Flip,4538.0862,0.5931,0.3230,0.2701,4.6922,0.1553,0.1525,0.0028,16.1866,7.9456,10.4253,4538.0862,11.3391,NA,NA
SandFall-Win64-Shipping.exe,19588,0x2EC4BC3AB90,DXGI,0,512,1,Hardware: Independent Flip,4538.6793,15.6518,15.2520,0.3998,4.2544,19.2836,19.2760,0.0076,23.5391,10.2511,-7.3525,4538.6793,0.0011,27.0972,NA
SandFall-Win64-Shipping.exe,19588,0x2EC4BC3AB90,DXGI,0,512,1,Hardware: Independent Flip,4554.3311,0.4188,0.2237,0.1951,7.8862,0.1458,0.1436,0.0022,18.1384,10.0523,5.4007,4554.3311,10.1064,NA,NA
SandFall-Win64-Shipping.exe,19588,0x2EC4BC3AB90,DXGI,0,512,1,Hardware: Independent Flip,4554.7499,12.2296,11.7523,0.4773,7.6132,19.5233,19.5138,0.0095,27.7719,9.2093,-9.6335,4554.7499,0.6354,24.0739,NA
SandFall-Win64-Shipping.exe,19588,0x2EC4BC3AB90,DXGI,0,512,1,Hardware: Independent Flip,4566.9795,0.8928,0.6904,0.2024,14.9069,0.1187,0.1137,0.0050,24.7516,9.7630,3.0203,4566.9795,9.7260,NA,NA
SandFall-Win64-Shipping.exe,19588,0x2EC4BC3AB90,DXGI,0,512,1,Hardware: Independent Flip,4567.8723,21.9542,21.6455,0.3087,14.1328,19.1298,19.1156,0.0142,33.6218,8.9206,-8.8702,4567.8723,0.3592,20.0431,NA
SandFall-Win64-Shipping.exe,19588,0x2EC4BC3AB90,DXGI,0,512,1,Hardware: Independent Flip,4589.8265,0.3946,0.1867,0.2079,11.3084,0.1178,0.1161,0.0017,20.5882,11.6654,13.0336,4589.8265,9.1620,NA,NA
SandFall-Win64-Shipping.exe,19588,0x2EC4BC3AB90,DXGI,0,512,1,Hardware: Independent Flip,4590.2211,22.6305,21.9290,0.7015,11.0316,20.2769,20.2668,0.0101,31.8590,9.4438,-11.2708,4590.2211,0.5505,20.6070,NA
SandFall-Win64-Shipping.exe,19588,0x2EC4BC3AB90,DXGI,0,512,1,Hardware: Independent Flip,4612.8516,0.8724,0.5100,0.3624,8.6780,0.1712,0.1668,0.0044,18.6723,9.6439,13.1867,4612.8516,9.8231,NA,NA
SandFall-Win64-Shipping.exe,19588,0x2EC4BC3AB90,DXGI,0,512,1,Hardware: Independent Flip,4613.7240,21.9582,21.4626,0.4956,7.9768,19.4643,19.3639,0.1004,27.4438,9.9606,-8.7715,4613.7240,0.0027,26.7037,NA
SandFall-Win64-Shipping.exe,19588,0x2EC4BC3AB90,DXGI,0,512,1,Hardware: Independent Flip,4635.6822,0.5068,0.2503,0.2565,5.4829,0.1461,0.1435,0.0026,15.4462,9.5723,11.9976,4635.6822,9.8172,NA,NA
SandFall-Win64-Shipping.exe,19588,0x2EC4BC3AB90,DXGI,0,512,1,Hardware: Independent Flip,4636.1890,14.8233,14.4367,0.3866,5.1222,19.3886,19.3795,0.0091,24.5117,10.3143,-9.0655,4636.1890,0.0009,33.3151,NA
SandFall-Win64-Shipping.exe,19588,0x2EC4BC3AB90,DXGI,0,512,1,Hardware: Independent Flip,4651.0123,0.7620,0.4229,0.3391,9.6875,0.1024,0.1002,0.0022,20.0027,10.7970,4.5090,4651.0123,10.2128,NA,NA
SandFall-Win64-Shipping.exe,19588,0x2EC4BC3AB90,DXGI,0,512,1,Hardware: Independent Flip,4651.7743,22.8767,22.5098,0.3669,9.0279,21.0074,19.1206,1.8868,30.0377,11.2267,-10.0350,4651.7743,0.0024,20.3678,NA
SandFall-Win64-Shipping.exe,19588,0x2EC4BC3AB90,DXGI,0,512,1,Hardware: Independent Flip,4674.6510,0.4067,0.2262,0.1805,7.1586,0.1838,0.1801,0.0037,18.3877,8.5753,11.6500,4674.6510,11.0453,NA,NA
SandFall-Win64-Shipping.exe,19588,0x2EC4BC3AB90,DXGI,0,512,1,Hardware: Independent Flip,4675.0577,15.6877,15.2653,0.4224,6.9357,19.6199,19.6132,0.0067,26.5563,10.5605,-8.1686,4675.0577,0.0007,21.1601,NA
SandFall-Win64-Shipping.exe,19588,0x2EC4BC3AB90,DXGI,0,512,1,Hardware: Independent Flip,4690.7454,0.5183,0.2613,0.2570,10.8679,0.1223,0.1205,0.0018,21.4291,8.9590,5.1272,4690.7454,10.4389,NA,NA
SandFall-Win64-Shipping.exe,19588,0x2EC4BC3AB90,DXGI,0,512,1,Hardware: Independent Flip,4691.2637,14.9144,14.6460,0.2684,10.4719,19.0023,18.9995,0.0028,29.8698,9.1562,-8.4407,4691.2637,0.3956,21.6911,NA
SandFall-Win64-Shipping.exe,19588,0x2EC4BC3AB90,DXGI,0,512,1,Hardware: Independent Flip,4706.1781,0.3346,0.1661,0.1685,14.5598,0.1212,0.1191,0.0021,24.1116,10.2938,5.7582,4706.1781,9.4306,NA,NA
SandFall-Win64-Shipping.exe,19588,0x2EC4BC3AB90,DXGI,0,512,1,Hardware: Independent Flip,4706.5127,16.3082,16.0483,0.2599,14.3464,19.2694,19.2632,0.0062,34.0708,9.0177,-9.9592,4706.5127,0.4550,21.1429,NA
SandFall-Win64-Shipping.exe,19588,0x2EC4BC3AB90,DXGI,0,512,1,Hardware: Independent Flip,4722.8209,0.3285,0.1643,0.1642,17.3076,0.1298,0.1280,0.0018,26.7803,9.8731,7.2905,4722.8209,9.3429,NA,NA
SandFall-Win64-Shipping.exe,19588,0x2EC4BC3AB90,DXGI,0,512,1,Hardware: Independent Flip,4723.1494,20.9523,20.4941,0.4582,17.1089,18.8708,18.8684,0.0024,36.3249,8.9055,-9.5446,4723.1494,0.3452,22.0315,NA
SandFall-Win64-Shipping.exe,19588,0x2EC4BC3AB90,DXGI,0,512,1,Hardware: Independent Flip,4744.1017,0.6464,0.2944,0.3520,15.0274,0.1300,0.1281,0.0019,24.2781,10.4585,12.0468,4744.1017,9.1207,NA,NA
SandFall-Win64-Shipping.exe,19588,0x2EC4BC3AB90,DXGI,0,512,1,Hardware: Independent Flip,4744.7481,26.5012,26.2024,0.2988,14.5110,19.3489,19.3423,0.0066,34.0902,9.3186,-9.8121,4744.7481,0.2303,19.3960,NA
SandFall-Win64-Shipping.exe,19588,0x2EC4BC3AB90,DXGI,0,512,1,Hardware: Independent Flip,4771.2493,0.4129,0.2319,0.1810,7.3587,0.1314,0.1296,0.0018,16.9076,10.0494,17.1826,4771.2493,9.4175,NA,NA
SandFall-Win64-Shipping.exe,19588,0x2EC4BC3AB90,DXGI,0,512,1,Hardware: Independent Flip,4771.6622,9.9569,9.4916,0.4653,7.0772,19.4660,19.4574,0.0086,26.5441,10.1458,-9.6365,4771.6622,0.0009,18.7673,NA
SandFall-Win64-Shipping.exe,19588,0x2EC4BC3AB90,DXGI,0,512,1,Hardware: Independent Flip,4781.6191,0.3574,0.1903,0.1671,16.5863,0.1067,0.1048,0.0019,26.7330,8.8352,-0.1889,4781.6191,10.0400,NA,NA
SandFall-Win64-Shipping.exe,19588,0x2EC4BC3AB90,DXGI,0,512,1,Hardware: Independent Flip,4781.9765,18.2871,18.0364,0.2507,16.3356,18.8744,18.8687,0.0057,35.2108,9.8974,-8.4778,4781.9765,0.0008,19.7386,NA
SandFall-Win64-Shipping.exe,19588,0x2EC4BC3AB90,DXGI,0,512,1,Hardware: Independent Flip,4800.2636,0.3098,0.1563,0.1535,16.9229,0.1015,0.0997,0.0018,26.8211,8.5760,8.3897,4800.2636,9.7967,NA,NA
SandFall-Win64-Shipping.exe,19588,0x2EC4BC3AB90,DXGI,0,512,1,Hardware: Independent Flip,4800.5734,22.8455,22.4794,0.3661,16.7146,18.3720,18.3645,0.0075,35.0873,9.4433,-8.2662,4800.5734,0.0007,21.2188,NA
SandFall-Win64-Shipping.exe,19588,0x2EC4BC3AB90,DXGI,0,512,1,Hardware: Independent Flip,4823.4189,0.4841,0.2862,0.1979,12.2411,0.2254,0.2231,0.0023,21.6851,10.7889,13.4022,4823.4189,9.2186,NA,NA
SandFall-Win64-Shipping.exe,19588,0x2EC4BC3AB90,DXGI,0,512,1,Hardware: Independent Flip,4823.9030,27.5396,27.0292,0.5104,11.9824,19.5371,19.5277,0.0094,31.9899,9.4037,-10.3048,4823.9030,0.4704,28.6218,NA
SandFall-Win64-Shipping.exe,19588,0x2EC4BC3AB90,DXGI,0,512,1,Hardware: Independent Flip,4851.4426,0.5904,0.2469,0.3435,3.9799,0.0905,0.0861,0.0044,13.8540,8.7291,18.1359,4851.4426,9.7836,NA,NA
SandFall-Win64-Shipping.exe,19588,0x2EC4BC3AB90,DXGI,0,512,1,Hardware: Independent Flip,4852.0330,14.2389,13.8187,0.4202,3.4800,18.5114,18.5041,0.0073,21.9927,9.2225,-8.1387,4852.0330,0.0013,16.0299,NA
SandFall-Win64-Shipping.exe,19588,0x2EC4BC3AB90,DXGI,0,512,1,Hardware: Independent Flip,4866.2719,0.4462,0.1927,0.2535,7.7525,0.1415,0.1391,0.0024,16.9763,9.2341,5.0164,4866.2719,9.0823,NA,NA
SandFall-Win64-Shipping.exe,19588,0x2EC4BC3AB90,DXGI,0,512,1,Hardware: Independent Flip,4866.7181,15.5867,15.3139,0.2728,7.4478,18.1791,18.1691,0.0100,25.7642,9.0298,-8.7879,4866.7181,0.1373,NA,NA
SandFall-Win64-Shipping.exe,19588,0x2EC4BC3AB90,DXGI,0,512,1,Hardware: Independent Flip,4882.3048,0.3275,0.1641,0.1634,10.0402,0.1036,0.1011,0.0025,19.2073,10.1191,6.5569,4882.3048,9.0635,NA,NA
SandFall-Win64-Shipping.exe,19588,0x2EC4BC3AB90,DXGI,0,512,1,Hardware: Independent Flip,4882.6323,20.1686,19.8016,0.3670,9.8163,19.0450,18.3342,0.7108,28.9989,9.3049,-9.7916,4882.6323,0.1376,22.8646,NA
SandFall-Win64-Shipping.exe,19588,0x2EC4BC3AB90,DXGI,0,512,1,Hardware: Independent Flip,4902.8009,0.4064,0.1914,0.2150,8.6927,0.1008,0.0990,0.0018,18.1352,9.4284,10.8637,4902.8009,9.3417,NA,NA
SandFall-Win64-Shipping.exe,19588,0x2EC4BC3AB90,DXGI,0,512,1,Hardware: Independent Flip,4903.2073,16.7525,16.2681,0.4844,8.3871,18.7692,18.7569,0.0123,27.1572,9.7549,-9.0220,4903.2073,0.0009,NA,NA
SandFall-Win64-Shipping.exe,19588,0x2EC4BC3AB90,DXGI,0,512,1,Hardware: Independent Flip,4919.9598,0.3649,0.1901,0.1748,10.4038,0.1549,0.1533,0.0016,20.1596,8.8432,6.9976,4919.9598,9.6009,NA,NA
SandFall-Win64-Shipping.exe,19588,0x2EC4BC3AB90,DXGI,0,512,1,Hardware: Independent Flip,4920.3247,18.4350,18.1706,0.2644,10.1938,18.4433,18.0352,0.4081,28.6379,9.5594,-8.4783,4920.3247,0.0008,14.1101,NA
SandFall-Win64-Shipping.exe,19588,0x2EC4BC3AB90,DXGI,0,512,1,Hardware: Independent Flip,4938.7597,0.3140,0.1598,0.1542,10.2021,0.0838,0.0772,0.0066,19.7623,11.0019,8.8756,4938.7597,9.4764,NA,NA
SandFall-Win64-Shipping.exe,19588,0x2EC4BC3AB90,DXGI,0,512,1,Hardware: Independent Flip,4939.0737,20.8874,20.5687,0.3187,9.9719,20.4475,18.2738,2.1737,30.4502,10.2021,-10.6879,4939.0737,0.0308,29.0763,NA
SandFall-Win64-Shipping.exe,19588,0x2EC4BC3AB90,DXGI,0,512,1,Hardware: Independent Flip,4959.9611,0.3755,0.1746,0.2009,9.5320,0.0997,0.0976,0.0021,19.7649,8.6591,10.6853,4959.9611,10.1332,NA,NA
SandFall-Win64-Shipping.exe,19588,0x2EC4BC3AB90,DXGI,0,512,1,Hardware: Independent Flip,4960.3366,17.3928,17.0016,0.3912,9.2562,18.7916,18.4511,0.3405,28.0485,9.8132,-8.2836,4960.3366,0.0007,23.9096,NA
SandFall-Win64-Shipping.exe,19588,0x2EC4BC3AB90,DXGI,0,512,1,Hardware: Independent Flip,4977.7294,0.4033,0.1991,0.2042,10.6550,0.1123,0.1092,0.0031,20.4689,8.0021,7.5796,4977.7294,9.7016,NA,NA
SandFall-Win64-Shipping.exe,19588,0x2EC4BC3AB90,DXGI,0,512,1,Hardware: Independent Flip,4978.1327,17.6105,17.3342,0.2763,10.3640,17.7024,17.6905,0.0119,28.0677,8.9032,-7.5988,4978.1327,0.0013,NA,NA
SandFall-Win64-Shipping.exe,19588,0x2EC4BC3AB90,DXGI,0,512,1,Hardware: Independent Flip,4995.7432,0.4003,0.1614,0.2389,10.4559,0.1692,0.1671,0.0021,19.3604,10.2288,8.7073,4995.7432,8.7353,NA,NA
SandFall-Win64-Shipping.exe,19588,0x2EC4BC3AB90,DXGI,0,512,1,Hardware: Independent Flip,4996.1435,19.0296,18.7679,0.2617,10.2248,18.5746,17.9258,0.6488,29.1889,8.9326,-9.8285,4996.1435,0.3895,NA,NA
SandFall-Win64-Shipping.exe,19588,0x2EC4BC3AB90,DXGI,0,512,1,Hardware: Independent Flip,5015.1731,0.3899,0.2227,0.1672,9.7698,0.1058,0.1038,0.0020,19.0919,8.6192,10.0970,5015.1731,9.2163,NA,NA
SandFall-Win64-Shipping.exe,19588,0x2EC4BC3AB90,DXGI,0,512,1,Hardware: Independent Flip,5015.5630,17.9531,17.5786,0.3745,9.4857,17.7584,17.5388,0.2196,27.3212,8.6671,-8.2293,5015.5630,0.0771,NA,NA
SandFall-Win64-Shipping.exe,19588,0x2EC4BC3AB90,DXGI,0,512,1,Hardware: Independent Flip,5033.5161,0.4330,0.2065,0.2265,9.2910,0.0356,0.0356,0.0000,18.0352,10.1617,9.2860,5033.5161,8.7086,NA,NA
SandFall-Win64-Shipping.exe,19588,0x2EC4BC3AB90,DXGI,0,512,1,Hardware: Independent Flip,5033.9491,17.4071,17.1229,0.2842,8.8936,18.6180,17.9385,0.6795,27.7639,9.0271,-9.7287,5033.9491,0.2523,NA,NA
SandFall-Win64-Shipping.exe,19588,0x2EC4BC3AB90,DXGI,0,512,1,Hardware: Independent Flip,5051.3562,0.3765,0.1635,0.2130,10.1045,0.1370,0.1348,0.0022,19.3839,9.1383,8.3800,5051.3562,9.1424,NA,NA
SandFall-Win64-Shipping.exe,19588,0x2EC4BC3AB90,DXGI,0,512,1,Hardware: Independent Flip,5051.7327,18.0562,17.7826,0.2736,9.8650,18.2804,17.6539,0.6265,28.1457,9.3267,-8.7618,5051.7327,0.0003,25.4267,NA
SandFall-Win64-Shipping.exe,19588,0x2EC4BC3AB90,DXGI,0,512,1,Hardware: Independent Flip,5069.7889,0.3267,0.1615,0.1652,10.0892,0.1945,0.1945,0.0000,19.4162,8.1600,8.7295,5069.7889,9.1325,NA,NA
SandFall-Win64-Shipping.exe,19588,0x2EC4BC3AB90,DXGI,0,512,1,Hardware: Independent Flip,5070.1156,17.9458,17.6531,0.2927,9.9570,17.2919,17.2831,0.0088,27.2495,8.8139,-7.8333,5070.1156,0.0006,NA,NA
SandFall-Win64-Shipping.exe,19588,0x2EC4BC3AB90,DXGI,0,512,1,Hardware: Independent Flip,5088.0614,0.4366,0.2520,0.1846,9.3031,0.1326,0.1326,0.0000,18.1176,8.7260,9.1319,5088.0614,8.6819,NA,NA
SandFall-Win64-Shipping.exe,19588,0x2EC4BC3AB90,DXGI,0,512,1,Hardware: Independent Flip,5088.4980,16.3342,16.0745,0.2597,8.9991,17.4065,17.3967,0.0098,26.4070,8.8189,-8.2894,5088.4980,0.0014,NA,NA
SandFall-Win64-Shipping.exe,19588,0x2EC4BC3AB90,DXGI,0,512,1,Hardware: Independent Flip,5104.8322,0.3302,0.1635,0.1667,10.0714,0.1130,0.1115,0.0015,18.8917,8.8184,7.5153,5104.8322,8.7073,NA,NA
SandFall-Win64-Shipping.exe,19588,0x2EC4BC3AB90,DXGI,0,512,1,Hardware: Independent Flip,5105.1624,17.5958,17.3122,0.2836,9.8542,17.5252,17.4636,0.0616,27.3799,8.8747,-8.4882,5105.1624,0.0005,NA,NA
SandFall-Win64-Shipping.exe,19588,0x2EC4BC3AB90,DXGI,0,512,1,Hardware: Independent Flip,5122.7582,0.3263,0.1625,0.1638,9.7836,0.1116,0.1100,0.0016,18.6588,8.9625,8.7211,5122.7582,8.7636,NA,NA
SandFall-Win64-Shipping.exe,19588,0x2EC4BC3AB90,DXGI,0,512,1,Hardware: Independent Flip,5123.0845,16.9333,16.6347,0.2986,9.5689,17.7255,17.7165,0.0090,27.2950,9.0408,-8.6362,5123.0845,0.0006,NA,NA
SandFall-Win64-Shipping.exe,19588,0x2EC4BC3AB90,DXGI,0,512,1,Hardware: Independent Flip,5140.0178,0.3232,0.1651,0.1581,10.3611,0.1340,0.1322,0.0018,19.4025,8.3595,7.8925,5140.0178,8.9074,NA,NA
SandFall-Win64-Shipping.exe,19588,0x2EC4BC3AB90,DXGI,0,512,1,Hardware: Independent Flip,5140.3410,17.3554,17.0937,0.2617,10.1719,17.2660,17.2538,0.0122,27.4388,8.6777,-8.0363,5140.3410,0.0009,NA,NA
SandFall-Win64-Shipping.exe,19588,0x2EC4BC3AB90,DXGI,0,512,1,Hardware: Independent Flip,5157.6964,0.3201,0.1602,0.1599,10.0825,0.1243,0.1223,0.0020,18.7611,8.5606,8.6777,5157.6964,8.5543,NA,NA
SandFall-Win64-Shipping.exe,19588,0x2EC4BC3AB90,DXGI,0,512,1,Hardware: Independent Flip,5158.0165,17.0358,16.7580,0.2778,9.8867,17.0971,17.0876,0.0095,27.0016,8.5651,-8.2405,5158.0165,0.0178,NA,NA
SandFall-Win64-Shipping.exe,19588,0x2EC4BC3AB90,DXGI,0,512,1,Hardware: Independent Flip,5175.0523,0.3604,0.1615,0.1989,9.9480,0.1432,0.1406,0.0026,18.5309,8.9374,8.4707,5175.0523,8.4397,NA,NA
SandFall-Win64-Shipping.exe,19588,0x2EC4BC3AB90,DXGI,0,512,1,Hardware: Independent Flip,5175.4127,17.1757,16.9135,0.2622,9.7308,17.3027,17.2914,0.0113,27.1079,8.6501,-8.5770,5175.4127,0.0744,18.0707,NA
SandFall-Win64-Shipping.exe,19588,0x2EC4BC3AB90,DXGI,0,512,1,Hardware: Independent Flip,5192.5884,0.3147,0.1602,0.1545,9.8578,0.1708,0.1691,0.0017,18.5823,8.9224,8.5256,5192.5884,8.5537,NA,NA
SandFall-Win64-Shipping.exe,19588,0x2EC4BC3AB90,DXGI,0,512,1,Hardware: Independent Flip,5192.9031,17.2352,16.9772,0.2580,9.7139,17.3945,17.3839,0.0106,27.1900,8.6537,-8.6077,5192.9031,0.0816,19.6473,NA
SandFall-Win64-Shipping.exe,19588,0x2EC4BC3AB90,DXGI,0,512,1,Hardware: Independent Flip,5210.1383,0.3208,0.1599,0.1609,9.8732,0.1699,0.1671,0.0028,18.6085,9.4076,8.5815,5210.1383,8.5654,NA,NA
SandFall-Win64-Shipping.exe,19588,0x2EC4BC3AB90,DXGI,0,512,1,Hardware: Independent Flip,5210.4591,16.9409,16.4416,0.4993,9.7223,17.9723,17.9662,0.0061,27.6953,9.0001,-9.0868,5210.4591,0.0007,14.7133,NA
SandFall-Win64-Shipping.exe,19588,0x2EC4BC3AB90,DXGI,0,512,1,Hardware: Independent Flip,5227.4000,0.3937,0.2053,0.1884,10.7537,0.1003,0.0987,0.0016,19.7545,8.2203,7.9408,5227.4000,8.9005,NA,NA
SandFall-Win64-Shipping.exe,19588,0x2EC4BC3AB90,DXGI,0,512,1,Hardware: Independent Flip,5227.7937,16.9690,16.5946,0.3744,10.4603,17.1197,17.1118,0.0079,27.5811,8.6465,-7.8266,5227.7937,0.0011,16.9271,NA
SandFall-Win64-Shipping.exe,19588,0x2EC4BC3AB90,DXGI,0,512,1,Hardware: Independent Flip,5244.7627,0.3506,0.1859,0.1647,10.6110,0.1452,0.1432,0.0020,19.2586,8.7864,8.3225,5244.7627,8.5024,NA,NA
SandFall-Win64-Shipping.exe,19588,0x2EC4BC3AB90,DXGI,0,512,1,Hardware: Independent Flip,5245.1133,17.0571,16.7881,0.2690,10.4056,17.2885,17.2817,0.0068,27.6944,8.7640,-8.4358,5245.1133,0.0003,22.2860,NA
SandFall-Win64-Shipping.exe,19588,0x2EC4BC3AB90,DXGI,0,512,1,Hardware: Independent Flip,5262.1704,0.3796,0.1879,0.1917,10.6370,0.1014,0.0961,0.0053,19.4013,8.6105,8.2931,5262.1704,8.6629,NA,NA
SandFall-Win64-Shipping.exe,19588,0x2EC4BC3AB90,DXGI,0,512,1,Hardware: Independent Flip,5262.5500,16.3918,16.1128,0.2790,10.3588,17.2723,17.2639,0.0084,27.6322,8.6750,-8.2309,5262.5500,0.0011,20.7313,NA
SandFall-Win64-Shipping.exe,19588,0x2EC4BC3AB90,DXGI,0,512,1,Hardware: Independent Flip,5278.9418,0.4017,0.1967,0.2050,11.2393,0.1055,0.1037,0.0018,19.9154,8.5529,7.7168,5278.9418,8.5706,NA,NA
SandFall-Win64-Shipping.exe,19588,0x2EC4BC3AB90,DXGI,0,512,1,Hardware: Independent Flip,5279.3435,17.6321,17.3007,0.3314,10.9431,17.1228,17.1161,0.0067,28.0666,8.6055,-8.1512,5279.3435,0.0007,24.9536,NA
SandFall-Win64-Shipping.exe,19588,0x2EC4BC3AB90,DXGI,0,512,1,Hardware: Independent Flip,5296.9756,0.5069,0.2825,0.2244,10.4338,0.1108,0.1091,0.0017,19.0400,8.9446,9.0266,5296.9756,8.4954,NA,NA
SandFall-Win64-Shipping.exe,19588,0x2EC4BC3AB90,DXGI,0,512,1,Hardware: Independent Flip,5297.4825,15.5614,15.2728,0.2886,10.0377,17.4390,17.3850,0.0540,27.4777,8.7654,-8.4377,5297.4825,0.0010,15.5123,NA
SandFall-Win64-Shipping.exe,19588,0x2EC4BC3AB90,DXGI,0,512,1,Hardware: Independent Flip,5313.0439,0.3792,0.1936,0.1856,11.9153,0.1067,0.1045,0.0022,20.6817,8.8597,6.7960,5313.0439,8.6597,NA,NA
SandFall-Win64-Shipping.exe,19588,0x2EC4BC3AB90,DXGI,0,512,1,Hardware: Independent Flip,5313.4231,16.4526,16.1613,0.2913,11.6428,17.5182,17.5105,0.0077,29.1622,8.9504,-8.4805,5313.4231,0.0012,24.1127,NA
SandFall-Win64-Shipping.exe,19588,0x2EC4BC3AB90,DXGI,0,512,1,Hardware: Independent Flip,5329.8757,0.3335,0.1686,0.1649,12.7084,0.1417,0.1399,0.0018,21.6600,8.6940,7.5022,5329.8757,8.8099,NA,NA
SandFall-Win64-Shipping.exe,19588,0x2EC4BC3AB90,DXGI,0,512,1,Hardware: Independent Flip,5330.2092,18.1052,17.8075,0.2977,12.5166,17.5031,17.4960,0.0071,30.0205,8.9350,-8.3605,5330.2092,0.0008,27.7795,NA
SandFall-Win64-Shipping.exe,19588,0x2EC4BC3AB90,DXGI,0,512,1,Hardware: Independent Flip,5348.3144,0.4178,0.1780,0.2398,11.9145,0.1433,0.1433,0.0000,20.8503,8.9514,9.1702,5348.3144,8.7925,NA,NA
SandFall-Win64-Shipping.exe,19588,0x2EC4BC3AB90,DXGI,0,512,1,Hardware: Independent Flip,5348.7322,17.3159,16.9964,0.3195,11.6400,17.7433,17.7357,0.0076,29.3839,9.0459,-8.5336,5348.7322,0.0006,32.6704,NA
SandFall-Win64-Shipping.exe,19588,0x2EC4BC3AB90,DXGI,0,512,1,Hardware: Independent Flip,5366.0481,0.4158,0.2098,0.2060,12.0674,0.1125,0.1108,0.0017,21.1139,8.2545,8.2700,5366.0481,8.9340,NA,NA
SandFall-Win64-Shipping.exe,19588,0x2EC4BC3AB90,DXGI,0,512,1,Hardware: Independent Flip,5366.4639,16.1279,15.7509,0.3770,11.7641,17.1881,17.1807,0.0074,28.9526,8.6920,-7.8387,5366.4639,0.0004,30.9516,NA
SandFall-Win64-Shipping.exe,19588,0x2EC4BC3AB90,DXGI,0,512,1,Hardware: Independent Flip,5382.5918,0.4196,0.2046,0.2150,12.8243,0.1438,0.1438,0.0000,21.5167,8.7219,7.4359,5382.5918,8.5486,NA,NA
SandFall-Win64-Shipping.exe,19588,0x2EC4BC3AB90,DXGI,0,512,1,Hardware: Independent Flip,5383.0114,17.4304,17.1580,0.2724,12.5485,17.2230,17.2176,0.0054,29.8190,8.6105,-8.3023,5383.0114,0.0475,30.3837,NA
SandFall-Win64-Shipping.exe,19588,0x2EC4BC3AB90,DXGI,0,512,1,Hardware: Independent Flip,5400.4418,0.3251,0.1617,0.1634,12.3411,0.0861,0.0816,0.0045,20.9991,9.8740,8.8199,5400.4418,8.5719,NA,NA
SandFall-Win64-Shipping.exe,19588,0x2EC4BC3AB90,DXGI,0,512,1,Hardware: Independent Flip,5400.7669,17.8577,17.4497,0.4080,12.1021,18.2894,18.2829,0.0065,30.5480,8.9857,-9.5489,5400.7669,0.1565,NA,NA
SandFall-Win64-Shipping.exe,19588,0x2EC4BC3AB90,DXGI,0,512,1,Hardware: Independent Flip,5418.6246,0.5358,0.3353,0.2005,12.5338,0.1180,0.1164,0.0016,21.6760,8.1821,8.8720,5418.6246,9.0242,NA,NA
SandFall-Win64-Shipping.exe,19588,0x2EC4BC3AB90,DXGI,0,512,1,Hardware: Independent Flip,5419.1604,14.9470,14.6157,0.3313,12.1160,17.2052,17.1996,0.0056,29.3223,8.5852,-7.6463,5419.1604,0.0011,NA,NA
SandFall-Win64-Shipping.exe,19588,0x2EC4BC3AB90,DXGI,0,512,1,Hardware: Independent Flip,5434.1074,0.3965,0.2174,0.1791,14.3742,0.1046,0.1001,0.0045,22.9605,8.7183,6.3618,5434.1074,8.4817,NA,NA
SandFall-Win64-Shipping.exe,19588,0x2EC4BC3AB90,DXGI,0,512,1,Hardware: Independent Flip,5434.5039,17.0105,16.7342,0.2763,14.0823,17.1992,17.1933,0.0059,31.2823,8.6786,-8.3218,5434.5039,0.0008,NA,NA
SandFall-Win64-Shipping.exe,19588,0x2EC4BC3AB90,DXGI,0,512,1,Hardware: Independent Flip,5451.5144,0.3618,0.1695,0.1923,14.2710,0.1453,0.1436,0.0017,22.9504,8.5949,8.3319,5451.5144,8.5341,NA,NA
SandFall-Win64-Shipping.exe,19588,0x2EC4BC3AB90,DXGI,0,512,1,Hardware: Independent Flip,5451.8762,16.7415,16.3750,0.3665,14.0545,17.1280,17.1219,0.0061,31.1835,8.6529,-8.2331,5451.8762,0.0010,NA,NA
SandFall-Win64-Shipping.exe,19588,0x2EC4BC3AB90,DXGI,0,512,1,Hardware: Independent Flip,5468.6177,0.3954,0.2274,0.1680,14.4410,0.1485,0.1469,0.0016,23.0949,10.0033,8.0886,5468.6177,8.5054,NA,NA
SandFall-Win64-Shipping.exe,19588,0x2EC4BC3AB90,DXGI,0,512,1,Hardware: Independent Flip,5469.0131,28.5702,28.0532,0.5170,14.1941,18.5084,18.4879,0.0205,32.7028,9.4942,-9.6079,5469.0131,0.0003,32.2559,NA
SandFall-Win64-Shipping.exe,19588,0x2EC4BC3AB90,DXGI,0,512,1,Hardware: Independent Flip,5497.5833,0.3746,0.1916,0.1830,4.1323,0.1254,0.1230,0.0024,13.6268,7.8682,19.0760,5497.5833,9.3691,NA,NA
SandFall-Win64-Shipping.exe,19588,0x2EC4BC3AB90,DXGI,0,512,1,Hardware: Independent Flip,5497.9579,9.1125,8.8348,0.2777,3.8831,17.2365,17.2285,0.0080,21.1204,8.7010,-7.4936,5497.9579,0.0008,21.6266,NA
SandFall-Win64-Shipping.exe,19588,0x2EC4BC3AB90,DXGI,0,512,1,Hardware: Independent Flip,5507.0704,0.4395,0.2241,0.2154,12.0071,0.1910,0.1887,0.0023,20.7089,9.0761,0.4115,5507.0704,8.5108,NA,NA
SandFall-Win64-Shipping.exe,19588,0x2EC4BC3AB90,DXGI,0,512,1,Hardware: Independent Flip,5507.5099,17.1212,16.8286,0.2926,11.7586,17.5854,17.5769,0.0085,29.3455,8.9579,-8.6366,5507.5099,0.0015,NA,NA
SandFall-Win64-Shipping.exe,19588,0x2EC4BC3AB90,DXGI,0,512,1,Hardware: Independent Flip,5524.6311,0.3851,0.1805,0.2046,12.2228,0.1081,0.1065,0.0016,21.1822,8.5379,8.1633,5524.6311,8.8513,NA,NA
SandFall-Win64-Shipping.exe,19588,0x2EC4BC3AB90,DXGI,0,512,1,Hardware: Independent Flip,5525.0162,17.8068,17.4698,0.3370,11.9458,17.3883,17.3810,0.0073,29.3350,8.7872,-8.1528,5525.0162,0.0009,NA,NA
SandFall-Win64-Shipping.exe,19588,0x2EC4BC3AB90,DXGI,0,512,1,Hardware: Independent Flip,5542.8230,0.3945,0.1946,0.1999,11.5273,0.1093,0.1075,0.0018,20.3154,8.6354,9.0196,5542.8230,8.6788,NA,NA
SandFall-Win64-Shipping.exe,19588,0x2EC4BC3AB90,DXGI,0,512,1,Hardware: Independent Flip,5543.2175,16.2917,15.9699,0.3218,11.2421,17.3133,17.3061,0.0072,28.5563,8.7970,-8.2409,5543.2175,0.0009,NA,NA
SandFall-Win64-Shipping.exe,19588,0x2EC4BC3AB90,DXGI,0,512,1,Hardware: Independent Flip,5559.5092,0.4234,0.1931,0.2303,12.2637,0.1442,0.1442,0.0000,21.0616,8.5246,7.4947,5559.5092,8.6537,NA,NA
SandFall-Win64-Shipping.exe,19588,0x2EC4BC3AB90,DXGI,0,512,1,Hardware: Independent Flip,5559.9326,15.8733,15.5984,0.2749,11.9845,17.1770,17.1682,0.0088,29.1628,8.6396,-8.1012,5559.9326,0.0013,NA,NA
SandFall-Win64-Shipping.exe,19588,0x2EC4BC3AB90,DXGI,0,512,1,Hardware: Independent Flip,5575.8059,0.4003,0.2122,0.1881,13.2882,0.1411,0.1384,0.0027,21.9291,8.9218,7.2337,5575.8059,8.4998,NA,NA
SandFall-Win64-Shipping.exe,19588,0x2EC4BC3AB90,DXGI,0,512,1,Hardware: Independent Flip,5576.2062,18.5618,18.2744,0.2874,13.0290,17.4209,17.4138,0.0071,30.4506,8.8049,-8.5215,5576.2062,0.0007,NA,NA
SandFall-Win64-Shipping.exe,19588,0x2EC4BC3AB90,DXGI,0,512,1,Hardware: Independent Flip,5594.7680,0.3521,0.1739,0.1782,11.8881,0.1012,0.0997,0.0015,20.6937,8.7848,9.7569,5594.7680,8.7044,NA,NA
SandFall-Win64-Shipping.exe,19588,0x2EC4BC3AB90,DXGI,0,512,1,Hardware: Independent Flip,5595.1201,19.8828,19.5024,0.3804,11.6372,17.4875,17.4803,0.0072,29.1264,8.8727,-8.4327,5595.1201,0.0017,NA,NA
SandFall-Win64-Shipping.exe,19588,0x2EC4BC3AB90,DXGI,0,512,1,Hardware: Independent Flip,5615.0029,0.3660,0.1804,0.1856,9.2419,0.1480,0.1457,0.0023,18.1163,8.5695,11.0101,5615.0029,8.7264,NA,NA
SandFall-Win64-Shipping.exe,19588,0x2EC4BC3AB90,DXGI,0,512,1,Hardware: Independent Flip,5615.3689,16.0399,15.6562,0.3837,9.0239,17.2957,17.2901,0.0056,26.3198,8.8117,-8.2035,5615.3689,0.0002,NA,NA
SandFall-Win64-Shipping.exe,19588,0x2EC4BC3AB90,DXGI,0,512,1,Hardware: Independent Flip,5631.4088,0.3883,0.1904,0.1979,10.2797,0.1035,0.0990,0.0045,19.0916,8.4528,7.2282,5631.4088,8.7084,NA,NA
SandFall-Win64-Shipping.exe,19588,0x2EC4BC3AB90,DXGI,0,512,1,Hardware: Independent Flip,5631.7971,17.2273,16.8952,0.3321,9.9949,17.1598,17.1527,0.0071,27.1561,8.6276,-8.0645,5631.7971,0.0014,NA,NA
SandFall-Win64-Shipping.exe,19588,0x2EC4BC3AB90,DXGI,0,512,1,Hardware: Independent Flip,5649.0244,0.3517,0.1767,0.1750,9.9274,0.1301,0.1301,0.0000,18.5564,8.7840,8.5997,5649.0244,8.4989,NA,NA
SandFall-Win64-Shipping.exe,19588,0x2EC4BC3AB90,DXGI,0,512,1,Hardware: Independent Flip,5649.3761,16.1756,15.8328,0.3428,9.7058,17.2517,17.2443,0.0074,26.9887,8.5975,-8.4323,5649.3761,0.0312,NA,NA
SandFall-Win64-Shipping.exe,19588,0x2EC4BC3AB90,DXGI,0,512,1,Hardware: Independent Flip,5665.5517,0.4510,0.2253,0.2257,10.7819,0.1268,0.1247,0.0021,19.4106,8.8788,7.5781,5665.5517,8.5019,NA,NA
SandFall-Win64-Shipping.exe,19588,0x2EC4BC3AB90,DXGI,0,512,1,Hardware: Independent Flip,5666.0027,16.6134,16.3111,0.3023,10.4577,17.3800,17.3706,0.0094,27.8384,8.7091,-8.4278,5666.0027,0.0007,NA,NA
SandFall-Win64-Shipping.exe,19588,0x2EC4BC3AB90,DXGI,0,512,1,Hardware: Independent Flip,5682.6161,0.3698,0.1755,0.1943,11.2243,0.1065,0.1048,0.0017,19.9341,8.4562,7.9043,5682.6161,8.6033,NA,NA
SandFall-Win64-Shipping.exe,19588,0x2EC4BC3AB90,DXGI,0,512,1,Hardware: Independent Flip,5682.9859,17.3117,16.9797,0.3320,10.9610,17.0589,17.0510,0.0079,28.0205,8.6083,-8.0864,5682.9859,0.0006,NA,NA
SandFall-Win64-Shipping.exe,19588,0x2EC4BC3AB90,DXGI,0,512,1,Hardware: Independent Flip,5700.2976,0.3675,0.2009,0.1666,10.7082,0.1947,0.1904,0.0043,19.3171,8.7682,8.7034,5700.2976,8.4142,NA,NA
SandFall-Win64-Shipping.exe,19588,0x2EC4BC3AB90,DXGI,0,512,1,Hardware: Independent Flip,5700.6651,17.1818,16.8610,0.3208,10.5354,17.1762,17.1635,0.0127,27.7178,8.6708,-8.4007,5700.6651,0.0062,NA,NA
SandFall-Win64-Shipping.exe,19588,0x2EC4BC3AB90,DXGI,0,512,1,Hardware: Independent Flip,5717.8469,0.3371,0.1690,0.1681,10.5298,0.1424,0.1424,0.0000,19.2068,8.7185,8.5110,5717.8469,8.5346,NA,NA
SandFall-Win64-Shipping.exe,19588,0x2EC4BC3AB90,DXGI,0,512,1,Hardware: Independent Flip,5718.1840,17.9447,17.5499,0.3948,10.3351,17.2522,17.2401,0.0121,27.5882,8.7404,-8.3814,5718.1840,0.0009,NA,NA
SandFall-Win64-Shipping.exe,19588,0x2EC4BC3AB90,DXGI,0,512,1,Hardware: Independent Flip,5736.1287,0.5286,0.2225,0.3061,9.6426,0.1362,0.1362,0.0000,18.3839,8.6205,9.2043,5736.1287,8.6051,NA,NA
SandFall-Win64-Shipping.exe,19588,0x2EC4BC3AB90,DXGI,0,512,1,Hardware: Independent Flip,5736.6573,16.4263,16.1249,0.3014,9.2502,17.2247,17.2137,0.0110,26.4758,8.6481,-8.0919,5736.6573,0.0009,NA,NA
SandFall-Win64-Shipping.exe,19588,0x2EC4BC3AB90,DXGI,0,512,1,Hardware: Independent Flip,5753.0836,0.4023,0.1886,0.2137,10.0486,0.1013,0.0998,0.0015,18.6976,8.9016,7.7782,5753.0836,8.5477,NA,NA
SandFall-Win64-Shipping.exe,19588,0x2EC4BC3AB90,DXGI,0,512,1,Hardware: Independent Flip,5753.4859,16.5579,16.2908,0.2671,9.7476,17.4484,17.4416,0.0068,27.1969,8.7784,-8.4993,5753.4859,0.0009,NA,NA
SandFall-Win64-Shipping.exe,19588,0x2EC4BC3AB90,DXGI,0,512,1,Hardware: Independent Flip,5770.0438,0.3521,0.1693,0.1828,10.6381,0.1272,0.1255,0.0017,19.4174,8.4739,7.7795,5770.0438,8.6521,NA,NA
SandFall-Win64-Shipping.exe,19588,0x2EC4BC3AB90,DXGI,0,512,1,Hardware: Independent Flip,5770.3959,16.7870,16.4807,0.3063,10.4132,17.1251,17.1169,0.0082,27.5392,8.6166,-8.1218,5770.3959,0.0009,NA,NA
SandFall-Win64-Shipping.exe,19588,0x2EC4BC3AB90,DXGI,0,512,1,Hardware: Independent Flip,5787.1829,0.3721,0.1920,0.1801,10.7513,0.1107,0.1090,0.0017,19.3688,8.5982,8.1704,5787.1829,8.5068,NA,NA
SandFall-Win64-Shipping.exe,19588,0x2EC4BC3AB90,DXGI,0,512,1,Hardware: Independent Flip,5787.5550,17.0926,16.7688,0.3238,10.4899,17.1014,17.0928,0.0086,27.5949,8.6092,-8.2261,5787.5550,0.0036,NA,NA
SandFall-Win64-Shipping.exe,19588,0x2EC4BC3AB90,DXGI,0,512,1,Hardware: Independent Flip,5804.6476,0.3400,0.1696,0.1704,10.4987,0.1346,0.1329,0.0017,19.1115,8.9691,8.4834,5804.6476,8.4782,NA,NA
SandFall-Win64-Shipping.exe,19588,0x2EC4BC3AB90,DXGI,0,512,1,Hardware: Independent Flip,5804.9876,17.1059,16.8416,0.2643,10.2933,17.4332,17.4194,0.0138,27.7406,8.7123,-8.6291,5804.9876,0.0141,14.2785,NA
SandFall-Win64-Shipping.exe,19588,0x2EC4BC3AB90,DXGI,0,512,1,Hardware: Independent Flip,5822.0935,0.3752,0.1662,0.2090,10.6206,0.0867,0.0852,0.0015,19.3470,8.7538,8.3936,5822.0935,8.6397,NA,NA
SandFall-Win64-Shipping.exe,19588,0x2EC4BC3AB90,DXGI,0,512,1,Hardware: Independent Flip,5822.4687,17.7062,17.4450,0.2612,10.3321,17.3927,17.3850,0.0077,27.7256,8.8263,-8.3786,5822.4687,0.0008,15.7530,NA
SandFall-Win64-Shipping.exe,19588,0x2EC4BC3AB90,DXGI,0,512,1,Hardware: Independent Flip,5840.1749,0.3847,0.1622,0.2225,10.0186,0.1455,0.1455,0.0000,18.8457,8.8745,8.8799,5840.1749,8.6816,NA,NA
SandFall-Win64-Shipping.exe,19588,0x2EC4BC3AB90,DXGI,0,512,1,Hardware: Independent Flip,5840.5596,16.7751,16.5112,0.2639,9.7794,17.5552,17.5429,0.0123,27.3355,8.8978,-8.4898,5840.5596,0.0009,13.4491,NA
SandFall-Win64-Shipping.exe,19588,0x2EC4BC3AB90,DXGI,0,512,1,Hardware: Independent Flip,5857.3347,0.5906,0.2240,0.3666,10.5595,0.1031,0.1015,0.0016,19.4582,8.9620,7.8773,5857.3347,8.7956,NA,NA
SandFall-Win64-Shipping.exe,19588,0x2EC4BC3AB90,DXGI,0,512,1,Hardware: Independent Flip,5857.9253,17.0425,16.7344,0.3081,10.0720,17.7571,17.7502,0.0069,27.8296,9.0564,-8.3714,5857.9253,0.0005,NA,NA
SandFall-Win64-Shipping.exe,19588,0x2EC4BC3AB90,DXGI,0,512,1,Hardware: Independent Flip,5874.9678,0.3352,0.1695,0.1657,10.7866,0.1020,0.1000,0.0020,19.8435,8.5539,7.9861,5874.9678,8.9549,NA,NA
SandFall-Win64-Shipping.exe,19588,0x2EC4BC3AB90,DXGI,0,512,1,Hardware: Independent Flip,5875.3030,16.3030,16.0189,0.2841,10.5534,17.5079,17.5014,0.0065,28.0622,8.8864,-8.2187,5875.3030,0.0009,NA,NA
SandFall-Win64-Shipping.exe,19588,0x2EC4BC3AB90,DXGI,0,512,1,Hardware: Independent Flip,5891.6060,0.3261,0.1661,0.1600,11.7583,0.0958,0.0941,0.0017,20.6456,8.6155,7.4166,5891.6060,8.7915,NA,NA
SandFall-Win64-Shipping.exe,19588,0x2EC4BC3AB90,DXGI,0,512,1,Hardware: Independent Flip,5891.9321,17.4453,17.1790,0.2663,11.5280,17.3435,17.3373,0.0062,28.9350,8.6652,-8.2894,5891.9321,0.0635,NA,NA
SandFall-Win64-Shipping.exe,19588,0x2EC4BC3AB90,DXGI,0,512,1,Hardware: Independent Flip,5909.3774,0.3323,0.1670,0.1653,11.4262,0.1505,0.1487,0.0018,20.1549,8.9541,8.7801,5909.3774,8.5782,NA,NA
SandFall-Win64-Shipping.exe,19588,0x2EC4BC3AB90,DXGI,0,512,1,Hardware: Independent Flip,5909.7097,16.0218,15.6625,0.3593,11.2444,17.4449,17.3814,0.0635,28.7767,8.6457,-8.6218,5909.7097,0.0874,NA,NA
SandFall-Win64-Shipping.exe,19588,0x2EC4BC3AB90,DXGI,0,512,1,Hardware: Independent Flip,5925.7315,0.3536,0.1735,0.1801,12.6675,0.1634,0.1610,0.0024,21.4006,8.7201,7.3761,5925.7315,8.5697,NA,NA
SandFall-Win64-Shipping.exe,19588,0x2EC4BC3AB90,DXGI,0,512,1,Hardware: Independent Flip,5926.0851,22.1109,21.7988,0.3121,12.4773,17.2488,17.2423,0.0065,29.7671,8.5969,-8.3665,5926.0851,0.0410,NA,NA
SandFall-Win64-Shipping.exe,19588,0x2EC4BC3AB90,DXGI,0,512,1,Hardware: Independent Flip,5948.1960,0.3659,0.1727,0.1932,7.6152,0.1425,0.1407,0.0018,16.2531,9.2353,13.5140,5948.1960,8.4954,NA,NA
SandFall-Win64-Shipping.exe,19588,0x2EC4BC3AB90,DXGI,0,512,1,Hardware: Independent Flip,5948.5619,18.3070,17.8415,0.4655,7.3918,17.6615,17.6517,0.0098,25.1225,8.8093,-8.8694,5948.5619,0.0692,NA,NA
SandFall-Win64-Shipping.exe,19588,0x2EC4BC3AB90,DXGI,0,512,1,Hardware: Independent Flip,5966.8689,0.5026,0.2559,0.2467,6.7463,0.1510,0.1493,0.0017,15.6248,8.8478,9.4977,5966.8689,8.7275,NA,NA
SandFall-Win64-Shipping.exe,19588,0x2EC4BC3AB90,DXGI,0,512,1,Hardware: Independent Flip,5967.3715,15.3218,14.8999,0.4219,6.3947,17.5741,17.0968,0.4773,23.9700,8.9465,-8.3452,5967.3715,0.0012,NA,NA
SandFall-Win64-Shipping.exe,19588,0x2EC4BC3AB90,DXGI,0,512,1,Hardware: Independent Flip,5982.6933,0.4857,0.2036,0.2821,8.6470,0.1485,0.1485,0.0000,17.5947,8.7192,6.3753,5982.6933,8.7992,NA,NA
SandFall-Win64-Shipping.exe,19588,0x2EC4BC3AB90,DXGI,0,512,1,Hardware: Independent Flip,5983.1790,16.1331,15.8346,0.2985,8.3098,17.5178,17.5071,0.0107,25.8282,8.8761,-8.2335,5983.1790,0.0006,NA,NA
SandFall-Win64-Shipping.exe,19588,0x2EC4BC3AB90,DXGI,0,512,1,Hardware: Independent Flip,5999.3121,0.3616,0.1738,0.1878,9.6945,0.1011,0.0994,0.0017,18.5712,8.5080,7.2570,5999.3121,8.7756,NA,NA
SandFall-Win64-Shipping.exe,19588,0x2EC4BC3AB90,DXGI,0,512,1,Hardware: Independent Flip,5999.6737,14.2470,13.8852,0.3618,9.4340,17.2827,17.2757,0.0070,26.7176,8.6941,-8.1464,5999.6737,0.0009,NA,NA
SandFall-Win64-Shipping.exe,19588,0x2EC4BC3AB90,DXGI,0,512,1,Hardware: Independent Flip,6013.9207,0.3635,0.1787,0.1848,12.4697,0.1071,0.1055,0.0016,21.1647,8.9716,5.5529,6013.9207,8.5879,NA,NA
SandFall-Win64-Shipping.exe,19588,0x2EC4BC3AB90,DXGI,0,512,1,Hardware: Independent Flip,6014.2842,18.4937,18.2249,0.2688,12.2133,17.4929,17.4852,0.0077,29.7728,8.7006,-8.6081,6014.2842,0.0666,NA,NA
SandFall-Win64-Shipping.exe,19588,0x2EC4BC3AB90,DXGI,0,512,1,Hardware: Independent Flip,6032.7779,0.5878,0.2951,0.2927,11.2125,0.1724,0.1702,0.0022,19.9797,8.7604,9.7931,6032.7779,8.5948,NA,NA
SandFall-Win64-Shipping.exe,19588,0x2EC4BC3AB90,DXGI,0,512,1,Hardware: Independent Flip,6033.3657,16.1297,15.8142,0.3155,10.7971,17.3543,17.3475,0.0068,28.1523,8.6690,-8.1726,6033.3657,0.0009,NA,NA
SandFall-Win64-Shipping.exe,19588,0x2EC4BC3AB90,DXGI,0,512,1,Hardware: Independent Flip,6049.4954,0.4313,0.1712,0.2601,12.0217,0.1111,0.1094,0.0017,20.6916,8.7449,7.4607,6049.4954,8.5588,NA,NA
SandFall-Win64-Shipping.exe,19588,0x2EC4BC3AB90,DXGI,0,512,1,Hardware: Independent Flip,6049.9267,15.7195,15.4100,0.3095,11.7015,17.3029,17.2449,0.0580,29.0052,8.6962,-8.3136,6049.9267,0.0008,NA,NA
SandFall-Win64-Shipping.exe,19588,0x2EC4BC3AB90,DXGI,0,512,1,Hardware: Independent Flip,6065.6462,0.3370,0.1700,0.1670,13.2849,0.1004,0.0988,0.0016,21.9819,8.6060,7.0233,6065.6462,8.5966,NA,NA
SandFall-Win64-Shipping.exe,19588,0x2EC4BC3AB90,DXGI,0,512,1,Hardware: Independent Flip,6065.9832,18.0278,17.7299,0.2979,13.0483,17.2016,17.1939,0.0077,30.2509,8.6327,-8.2690,6065.9832,0.0010,NA,NA
SandFall-Win64-Shipping.exe,19588,0x2EC4BC3AB90,DXGI,0,512,1,Hardware: Independent Flip,6084.0110,0.3310,0.1672,0.1638,12.2221,0.1322,0.1299,0.0023,20.8558,8.6655,9.3951,6084.0110,8.5015,NA,NA
SandFall-Win64-Shipping.exe,19588,0x2EC4BC3AB90,DXGI,0,512,1,Hardware: Independent Flip,6084.3420,16.3789,16.0461,0.3328,12.0233,17.1329,17.1261,0.0068,29.1903,8.6087,-8.3345,6084.3420,0.0341,NA,NA
SandFall-Win64-Shipping.exe,19588,0x2EC4BC3AB90,DXGI,0,512,1,Hardware: Independent Flip,6100.7209,0.3432,0.1786,0.1646,12.7773,0.1442,0.1442,0.0000,21.4201,8.9079,7.7702,6100.7209,8.4986,NA,NA
SandFall-Win64-Shipping.exe,19588,0x2EC4BC3AB90,DXGI,0,512,1,Hardware: Independent Flip,6101.0641,18.4951,18.1844,0.3107,12.5783,17.3701,17.3637,0.0064,29.9848,8.6961,-8.5647,6101.0641,0.0364,NA,NA
SandFall-Win64-Shipping.exe,19588,0x2EC4BC3AB90,DXGI,0,512,1,Hardware: Independent Flip,6119.5592,0.3648,0.1691,0.1957,11.4533,0.1451,0.1434,0.0017,20.1858,8.8206,9.7990,6119.5592,8.5874,NA,NA
SandFall-Win64-Shipping.exe,19588,0x2EC4BC3AB90,DXGI,0,512,1,Hardware: Independent Flip,6119.9240,16.1422,15.6938,0.4484,11.2336,17.4074,17.3611,0.0463,28.6416,8.7495,-8.4558,6119.9240,0.0006,NA,NA
SandFall-Win64-Shipping.exe,19588,0x2EC4BC3AB90,DXGI,0,512,1,Hardware: Independent Flip,6136.0662,0.3632,0.1897,0.1735,12.4988,0.1368,0.1346,0.0022,21.2489,8.8775,7.3927,6136.0662,8.6133,NA,NA
SandFall-Win64-Shipping.exe,19588,0x2EC4BC3AB90,DXGI,0,512,1,Hardware: Independent Flip,6136.4294,16.7929,16.4180,0.3749,12.2724,17.4900,17.4811,0.0089,29.7632,8.9044,-8.5143,6136.4294,0.0008,NA,NA
SandFall-Win64-Shipping.exe,19588,0x2EC4BC3AB90,DXGI,0,512,1,Hardware: Independent Flip,6153.2223,0.5757,0.3399,0.2358,12.9695,0.1428,0.1407,0.0021,21.8747,8.3423,7.8885,6153.2223,8.7624,NA,NA
SandFall-Win64-Shipping.exe,19588,0x2EC4BC3AB90,DXGI,0,512,1,Hardware: Independent Flip,6153.7980,18.4543,18.1859,0.2684,12.5366,17.1041,17.0952,0.0089,29.6413,8.6132,-7.7666,6153.7980,0.0006,NA,NA
SandFall-Win64-Shipping.exe,19588,0x2EC4BC3AB90,DXGI,0,512,1,Hardware: Independent Flip,6172.2523,0.3479,0.1666,0.1813,11.1864,0.1267,0.1249,0.0018,19.8002,8.6664,9.8411,6172.2523,8.4871,NA,NA
SandFall-Win64-Shipping.exe,19588,0x2EC4BC3AB90,DXGI,0,512,1,Hardware: Independent Flip,6172.6002,16.0641,15.7082,0.3559,10.9652,17.1248,17.1180,0.0068,28.1187,8.6029,-8.3185,6172.6002,0.0287,NA,NA
SandFall-Win64-Shipping.exe,19588,0x2EC4BC3AB90,DXGI,0,512,1,Hardware: Independent Flip,6188.6643,0.3339,0.1761,0.1578,12.0259,0.1978,0.1978,0.0000,20.6575,8.7409,7.4612,6188.6643,8.4338,NA,NA
SandFall-Win64-Shipping.exe,19588,0x2EC4BC3AB90,DXGI,0,512,1,Hardware: Independent Flip,6188.9982,17.7940,17.5245,0.2695,11.8898,17.1468,17.1385,0.0083,29.0645,8.5610,-8.4070,6188.9982,0.0279,NA,NA
SandFall-Win64-Shipping.exe,19588,0x2EC4BC3AB90,DXGI,0,512,1,Hardware: Independent Flip,6206.7922,0.3679,0.1679,0.2000,11.2426,0.1006,0.0990,0.0016,19.8315,8.9172,9.2330,6206.7922,8.4883,NA,NA
SandFall-Win64-Shipping.exe,19588,0x2EC4BC3AB90,DXGI,0,512,1,Hardware: Independent Flip,6207.1601,16.6589,16.2137,0.4452,10.9753,17.3661,17.3579,0.0082,28.3808,8.6944,-8.5493,6207.1601,0.0394,NA,NA
SandFall-Win64-Shipping.exe,19588,0x2EC4BC3AB90,DXGI,0,512,1,Hardware: Independent Flip,6223.8190,0.4200,0.2381,0.1819,11.6825,0.1521,0.1504,0.0017,20.4163,8.5709,7.9645,6223.8190,8.5817,NA,NA
SandFall-Win64-Shipping.exe,19588,0x2EC4BC3AB90,DXGI,0,512,1,Hardware: Independent Flip,6224.2390,17.2521,16.8718,0.3803,11.4146,17.1519,17.1457,0.0062,28.5672,8.6097,-8.1509,6224.2390,0.0007,NA,NA
SandFall-Win64-Shipping.exe,19588,0x2EC4BC3AB90,DXGI,0,512,1,Hardware: Independent Flip,6241.4911,0.4342,0.1673,0.2669,11.3144,0.1123,0.1107,0.0016,19.9248,8.8421,8.6424,6241.4911,8.4981,NA,NA
SandFall-Win64-Shipping.exe,19588,0x2EC4BC3AB90,DXGI,0,512,1,Hardware: Independent Flip,6241.9253,17.0041,16.6102,0.3939,10.9925,17.3395,17.3331,0.0064,28.3327,8.7143,-8.4079,6241.9253,0.0007,NA,NA
SandFall-Win64-Shipping.exe,19588,0x2EC4BC3AB90,DXGI,0,512,1,Hardware: Independent Flip,6258.9294,0.3650,0.1816,0.1834,11.3279,0.1001,0.0985,0.0016,20.0429,8.5845,8.2898,6258.9294,8.6149,NA,NA
SandFall-Win64-Shipping.exe,19588,0x2EC4BC3AB90,DXGI,0,512,1,Hardware: Independent Flip,6259.2944,17.5069,17.2321,0.2748,11.0630,17.1988,17.1909,0.0079,28.2624,8.6451,-8.2195,6259.2944,0.0006,NA,NA
SandFall-Win64-Shipping.exe,19588,0x2EC4BC3AB90,DXGI,0,512,1,Hardware: Independent Flip,6276.8013,0.3608,0.1796,0.1812,10.7549,0.1070,0.1050,0.0020,19.4006,8.7151,8.8618,6276.8013,8.5387,NA,NA
SandFall-Win64-Shipping.exe,19588,0x2EC4BC3AB90,DXGI,0,512,1,Hardware: Independent Flip,6277.1621,18.9204,18.5878,0.3326,10.5011,17.2534,17.2410,0.0124,27.7549,8.6727,-8.3543,6277.1621,0.0004,NA,NA
SandFall-Win64-Shipping.exe,19588,0x2EC4BC3AB90,DXGI,0,512,1,Hardware: Independent Flip,6296.0825,0.4011,0.2209,0.1802,8.8341,0.1192,0.1166,0.0026,17.5072,9.5422,10.2477,6296.0825,8.5539,NA,NA
SandFall-Win64-Shipping.exe,19588,0x2EC4BC3AB90,DXGI,0,512,1,Hardware: Independent Flip,6296.4836,18.2510,17.8781,0.3729,8.5522,18.0956,17.7533,0.3423,26.6483,9.1674,-9.1411,6296.4836,0.0005,NA,NA
SandFall-Win64-Shipping.exe,19588,0x2EC4BC3AB90,DXGI,0,512,1,Hardware: Independent Flip,6314.7346,0.3513,0.1793,0.1720,8.3968,0.1336,0.1311,0.0025,17.5647,8.3420,9.0836,6314.7346,9.0343,NA,NA
SandFall-Win64-Shipping.exe,19588,0x2EC4BC3AB90,DXGI,0,512,1,Hardware: Independent Flip,6315.0859,14.5032,14.2056,0.2976,8.1791,17.3755,17.3673,0.0082,25.5554,8.7746,-7.9907,6315.0859,0.0008,NA,NA
SandFall-Win64-Shipping.exe,19588,0x2EC4BC3AB90,DXGI,0,512,1,Hardware: Independent Flip,6329.5891,0.3539,0.1847,0.1692,11.0514,0.1030,0.1004,0.0026,19.8268,8.4123,5.7286,6329.5891,8.6724,NA,NA
SandFall-Win64-Shipping.exe,19588,0x2EC4BC3AB90,DXGI,0,512,1,Hardware: Independent Flip,6329.9430,17.1500,16.8615,0.2885,10.8005,17.0840,17.0753,0.0087,27.8852,8.6122,-8.0584,6329.9430,0.0007,NA,NA
SandFall-Win64-Shipping.exe,19588,0x2EC4BC3AB90,DXGI,0,512,1,Hardware: Independent Flip,6347.0930,0.3992,0.1949,0.2043,10.7345,0.1227,0.1206,0.0021,19.3474,9.4562,8.5378,6347.0930,8.4902,NA,NA
SandFall-Win64-Shipping.exe,19588,0x2EC4BC3AB90,DXGI,0,512,1,Hardware: Independent Flip,6347.4922,16.1635,15.8143,0.3492,10.4580,17.8581,17.8491,0.0090,28.4044,8.8978,-9.0570,6347.4922,0.0883,NA,NA
SandFall-Win64-Shipping.exe,19588,0x2EC4BC3AB90,DXGI,0,512,1,Hardware: Independent Flip,6363.6557,0.4469,0.2453,0.2016,12.1526,0.1637,0.1617,0.0020,21.1387,8.3922,7.2657,6363.6557,8.8224,NA,NA
SandFall-Win64-Shipping.exe,19588,0x2EC4BC3AB90,DXGI,0,512,1,Hardware: Independent Flip,6364.1026,18.4509,18.0909,0.3600,11.8694,17.2136,17.1730,0.0406,29.0840,8.5683,-7.9453,6364.1026,0.0010,NA,NA
SandFall-Win64-Shipping.exe,19588,0x2EC4BC3AB90,DXGI,0,512,1,Hardware: Independent Flip,6382.5535,0.3312,0.1705,0.1607,10.6321,0.1046,0.1029,0.0017,19.2014,8.6973,9.8826,6382.5535,8.4647,NA,NA
SandFall-Win64-Shipping.exe,19588,0x2EC4BC3AB90,DXGI,0,512,1,Hardware: Independent Flip,6382.8847,16.7574,16.4737,0.2837,10.4055,17.1614,17.1546,0.0068,27.5675,8.6182,-8.3661,6382.8847,0.0006,NA,NA
SandFall-Win64-Shipping.exe,19588,0x2EC4BC3AB90,DXGI,0,512,1,Hardware: Independent Flip,6399.6421,0.3238,0.1621,0.1617,10.8095,0.1002,0.0985,0.0017,19.4283,8.5766,8.1392,6399.6421,8.5186,NA,NA
SandFall-Win64-Shipping.exe,19588,0x2EC4BC3AB90,DXGI,0,512,1,Hardware: Independent Flip,6399.9659,16.0124,15.6572,0.3552,10.5859,17.0939,17.0867,0.0072,27.6811,8.5700,-8.2528,6399.9659,0.0013,NA,NA
SandFall-Win64-Shipping.exe,19588,0x2EC4BC3AB90,DXGI,0,512,1,Hardware: Independent Flip,6415.9783,0.3671,0.1973,0.1698,11.6674,0.1080,0.1064,0.0016,20.2387,8.7164,7.4424,6415.9783,8.4633,NA,NA
SandFall-Win64-Shipping.exe,19588,0x2EC4BC3AB90,DXGI,0,512,1,Hardware: Independent Flip,6416.3454,16.6936,16.4117,0.2819,11.4083,17.1786,17.1727,0.0059,28.5880,8.6884,-8.3493,6416.3454,0.0011,NA,NA
SandFall-Win64-Shipping.exe,19588,0x2EC4BC3AB90,DXGI,0,512,1,Hardware: Independent Flip,6433.0390,0.4444,0.1872,0.2572,11.8933,0.1360,0.1344,0.0016,20.5828,8.8076,8.0052,6433.0390,8.5535,NA,NA
SandFall-Win64-Shipping.exe,19588,0x2EC4BC3AB90,DXGI,0,512,1,Hardware: Independent Flip,6433.4834,16.9228,16.6660,0.2568,11.5849,17.3608,17.3542,0.0066,28.9460,8.7471,-8.3632,6433.4834,0.0003,NA,NA
SandFall-Win64-Shipping.exe,19588,0x2EC4BC3AB90,DXGI,0,512,1,Hardware: Independent Flip,6450.4062,0.3922,0.1820,0.2102,12.0229,0.1016,0.1000,0.0016,20.7703,8.5588,8.1757,6450.4062,8.6458,NA,NA
SandFall-Win64-Shipping.exe,19588,0x2EC4BC3AB90,DXGI,0,512,1,Hardware: Independent Flip,6450.7984,17.3953,17.0648,0.3305,11.7323,17.2039,17.1980,0.0059,28.9369,8.6576,-8.1666,6450.7984,0.0007,NA,NA
SandFall-Win64-Shipping.exe,19588,0x2EC4BC3AB90,DXGI,0,512,1,Hardware: Independent Flip,6468.1937,0.3379,0.1668,0.1711,11.5409,0.1006,0.0990,0.0016,20.1992,8.7065,8.7377,6468.1937,8.5577,NA,NA
SandFall-Win64-Shipping.exe,19588,0x2EC4BC3AB90,DXGI,0,512,1,Hardware: Independent Flip,6468.5316,20.4354,20.1458,0.2896,11.3036,17.2638,17.2571,0.0067,28.5678,8.6752,-8.3686,6468.5316,0.0004,NA,NA
SandFall-Win64-Shipping.exe,19588,0x2EC4BC3AB90,DXGI,0,512,1,Hardware: Independent Flip,6488.9670,0.3249,0.1613,0.1636,8.1320,0.1015,0.0999,0.0016,16.8076,9.0565,11.7602,6488.9670,8.5741,NA,NA
SandFall-Win64-Shipping.exe,19588,0x2EC4BC3AB90,DXGI,0,512,1,Hardware: Independent Flip,6489.2919,13.5782,13.2427,0.3355,7.9086,17.6297,17.6231,0.0066,25.5392,8.9506,-8.7316,6489.2919,0.0009,NA,NA
SandFall-Win64-Shipping.exe,19588,0x2EC4BC3AB90,DXGI,0,512,1,Hardware: Independent Flip,6502.8701,0.3868,0.1827,0.2041,11.9601,0.2058,0.2058,0.0000,20.9116,8.1408,4.6276,6502.8701,8.7457,NA,NA
SandFall-Win64-Shipping.exe,19588,0x2EC4BC3AB90,DXGI,0,512,1,Hardware: Independent Flip,6503.2569,17.4802,17.1964,0.2838,11.7791,16.8859,16.8797,0.0062,28.6656,8.5152,-7.7540,6503.2569,0.0006,NA,NA
SandFall-Win64-Shipping.exe,19588,0x2EC4BC3AB90,DXGI,0,512,1,Hardware: Independent Flip,6520.7371,0.3344,0.1656,0.1688,11.1848,0.1199,0.1183,0.0016,19.7006,8.6052,8.9650,6520.7371,8.3959,NA,NA
SandFall-Win64-Shipping.exe,19588,0x2EC4BC3AB90,DXGI,0,512,1,Hardware: Independent Flip,6521.0715,19.7038,19.3696,0.3342,10.9703,16.9590,16.9510,0.0080,27.9714,8.4989,-8.2708,6521.0715,0.0421,NA,NA
SandFall-Win64-Shipping.exe,19588,0x2EC4BC3AB90,DXGI,0,512,1,Hardware: Independent Flip,6540.7753,0.3404,0.1746,0.1658,8.2255,0.1514,0.1498,0.0016,16.7665,8.6980,11.2049,6540.7753,8.3896,NA,NA
SandFall-Win64-Shipping.exe,19588,0x2EC4BC3AB90,DXGI,0,512,1,Hardware: Independent Flip,6541.1157,14.4540,14.0627,0.3913,8.0365,17.0868,17.0795,0.0073,25.1241,8.6057,-8.3576,6541.1157,0.0008,NA,NA
SandFall-Win64-Shipping.exe,19588,0x2EC4BC3AB90,DXGI,0,512,1,Hardware: Independent Flip,6555.5697,0.3757,0.2047,0.1710,10.6693,0.1023,0.1005,0.0018,19.2758,8.6835,5.8483,6555.5697,8.5042,NA,NA
SandFall-Win64-Shipping.exe,19588,0x2EC4BC3AB90,DXGI,0,512,1,Hardware: Independent Flip,6555.9454,17.3220,17.0427,0.2793,10.3959,17.1866,17.1794,0.0072,27.5836,8.6982,-8.3078,6555.9454,0.0011,NA,NA
SandFall-Win64-Shipping.exe,19588,0x2EC4BC3AB90,DXGI,0,512,1,Hardware: Independent Flip,6573.2674,0.3961,0.2192,0.1769,10.2605,0.1424,0.1406,0.0018,18.9598,8.4851,8.6238,6573.2674,8.5569,NA,NA
SandFall-Win64-Shipping.exe,19588,0x2EC4BC3AB90,DXGI,0,512,1,Hardware: Independent Flip,6573.6635,16.2840,16.0100,0.2740,10.0068,17.0414,17.0302,0.0112,27.0488,8.7136,-8.0890,6573.6635,0.0006,NA,NA
SandFall-Win64-Shipping.exe,19588,0x2EC4BC3AB90,DXGI,0,512,1,Hardware: Independent Flip,6589.9475,0.3946,0.1932,0.2014,10.7642,0.1019,0.0995,0.0024,19.4784,8.3863,7.5704,6589.9475,8.6123,NA,NA
SandFall-Win64-Shipping.exe,19588,0x2EC4BC3AB90,DXGI,0,512,1,Hardware: Independent Flip,6590.3421,17.1227,16.8220,0.3007,10.4715,16.9978,16.9867,0.0111,27.4701,8.5624,-7.9917,6590.3421,0.0008,NA,NA
SandFall-Win64-Shipping.exe,19588,0x2EC4BC3AB90,DXGI,0,512,1,Hardware: Independent Flip,6607.4648,0.3651,0.1691,0.1960,10.3466,0.1070,0.1051,0.0019,18.9098,8.6857,8.5603,6607.4648,8.4562,NA,NA
SandFall-Win64-Shipping.exe,19588,0x2EC4BC3AB90,DXGI,0,512,1,Hardware: Independent Flip,6607.8299,16.6916,16.3982,0.2934,10.0885,17.1248,17.1122,0.0126,27.2304,8.5391,-8.3206,6607.8299,0.0171,NA,NA
SandFall-Win64-Shipping.exe,19588,0x2EC4BC3AB90,DXGI,0,512,1,Hardware: Independent Flip,6624.5215,0.3783,0.1898,0.1885,10.5217,0.1273,0.1256,0.0017,19.0779,9.1384,8.1525,6624.5215,8.4289,NA,NA
SandFall-Win64-Shipping.exe,19588,0x2EC4BC3AB90,DXGI,0,512,1,Hardware: Independent Flip,6624.8998,18.1392,17.7944,0.3448,10.2707,17.4700,17.1736,0.2964,27.8380,8.6925,-8.7601,6624.8998,0.0973,NA,NA
SandFall-Win64-Shipping.exe,19588,0x2EC4BC3AB90,DXGI,0,512,1,Hardware: Independent Flip,6643.0390,0.4738,0.2216,0.2522,9.6015,0.1148,0.1133,0.0015,18.3913,8.5602,9.4467,6643.0390,8.6750,NA,NA
SandFall-Win64-Shipping.exe,19588,0x2EC4BC3AB90,DXGI,0,512,1,Hardware: Independent Flip,6643.5128,16.6657,16.3943,0.2714,9.2425,17.2343,17.1521,0.0822,26.4777,8.6087,-8.0864,6643.5128,0.0009,NA,NA
SandFall-Win64-Shipping.exe,19588,0x2EC4BC3AB90,DXGI,0,512,1,Hardware: Independent Flip,6660.1785,0.3363,0.1684,0.1679,9.8111,0.0997,0.0981,0.0016,18.4207,8.8800,8.0570,6660.1785,8.5099,NA,NA
SandFall-Win64-Shipping.exe,19588,0x2EC4BC3AB90,DXGI,0,512,1,Hardware: Independent Flip,6660.5148,16.2928,16.0047,0.2881,9.5745,17.3893,17.3816,0.0077,26.9644,8.7819,-8.5437,6660.5148,0.0006,NA,NA
SandFall-Win64-Shipping.exe,19588,0x2EC4BC3AB90,DXGI,0,512,1,Hardware: Independent Flip,6676.8076,0.3753,0.1631,0.2122,10.6710,0.1299,0.1279,0.0020,19.4535,8.2791,7.5109,6676.8076,8.6526,NA,NA
SandFall-Win64-Shipping.exe,19588,0x2EC4BC3AB90,DXGI,0,512,1,Hardware: Independent Flip,6677.1829,16.2974,16.0079,0.2895,10.4256,16.9313,16.9224,0.0089,27.3573,8.6948,-7.9038,6677.1829,0.0004,NA,NA
SandFall-Win64-Shipping.exe,19588,0x2EC4BC3AB90,DXGI,0,512,1,Hardware: Independent Flip,6693.4803,0.3726,0.1822,0.1904,11.0595,0.1124,0.1105,0.0019,19.7547,8.4470,7.6026,6693.4803,8.5828,NA,NA
SandFall-Win64-Shipping.exe,19588,0x2EC4BC3AB90,DXGI,0,512,1,Hardware: Independent Flip,6693.8529,17.4632,17.1834,0.2798,10.7993,17.0267,17.0177,0.0090,27.8291,8.5792,-8.0744,6693.8529,0.0031,NA,NA
SandFall-Win64-Shipping.exe,19588,0x2EC4BC3AB90,DXGI,0,512,1,Hardware: Independent Flip,6711.3161,0.4130,0.1808,0.2322,10.3628,0.2280,0.2263,0.0017,18.9451,9.1148,8.8840,6711.3161,8.3543,NA,NA
SandFall-Win64-Shipping.exe,19588,0x2EC4BC3AB90,DXGI,0,512,1,Hardware: Independent Flip,6711.7291,16.6696,16.4064,0.2632,10.1778,17.3697,17.3564,0.0133,27.6469,8.6701,-8.7018,6711.7291,0.0994,NA,NA
SandFall-Win64-Shipping.exe,19588,0x2EC4BC3AB90,DXGI,0,512,1,Hardware: Independent Flip,6728.3987,0.3331,0.1682,0.1649,10.8779,0.1315,0.1300,0.0015,19.6474,8.4443,7.9995,6728.3987,8.6380,NA,NA
SandFall-Win64-Shipping.exe,19588,0x2EC4BC3AB90,DXGI,0,512,1,Hardware: Independent Flip,6728.7318,17.5072,17.2145,0.2927,10.6763,17.0815,17.0741,0.0074,27.7586,8.7100,-8.1112,6728.7318,0.0008,NA,NA
SandFall-Win64-Shipping.exe,19588,0x2EC4BC3AB90,DXGI,0,512,1,Hardware: Independent Flip,6746.2390,0.3620,0.1646,0.1974,10.2506,0.1238,0.1238,0.0000,18.9614,8.4541,8.7972,6746.2390,8.5870,NA,NA
SandFall-Win64-Shipping.exe,19588,0x2EC4BC3AB90,DXGI,0,512,1,Hardware: Independent Flip,6746.6010,15.7282,15.3885,0.3397,10.0124,17.0397,17.0318,0.0079,27.0535,8.6114,-8.0921,6746.6010,0.0014,NA,NA
SandFall-Win64-Shipping.exe,19588,0x2EC4BC3AB90,DXGI,0,512,1,Hardware: Independent Flip,6762.3292,0.3653,0.1974,0.1679,11.3239,0.1237,0.1217,0.0020,19.9367,8.5804,7.1168,6762.3292,8.4891,NA,NA
SandFall-Win64-Shipping.exe,19588,0x2EC4BC3AB90,DXGI,0,512,1,Hardware: Independent Flip,6762.6945,17.0329,16.7499,0.2830,11.0823,17.0619,17.0543,0.0076,28.1518,8.5831,-8.2151,6762.6945,0.0076,NA,NA
SandFall-Win64-Shipping.exe,19588,0x2EC4BC3AB90,DXGI,0,512,1,Hardware: Independent Flip,6779.7274,0.5489,0.1575,0.3914,11.1113,0.1368,0.1353,0.0015,19.7020,8.8214,8.4498,6779.7274,8.4539,NA,NA
SandFall-Win64-Shipping.exe,19588,0x2EC4BC3AB90,DXGI,0,512,1,Hardware: Independent Flip,6780.2763,18.3254,18.0165,0.3089,10.6992,17.2266,17.2184,0.0082,27.9745,8.6244,-8.2725,6780.2763,0.0487,NA,NA
SandFall-Win64-Shipping.exe,19588,0x2EC4BC3AB90,DXGI,0,512,1,Hardware: Independent Flip,6798.6017,0.4025,0.1950,0.2075,9.6004,0.1800,0.1800,0.0000,18.2735,8.5175,9.7010,6798.6017,8.4931,NA,NA
SandFall-Win64-Shipping.exe,19588,0x2EC4BC3AB90,DXGI,0,512,1,Hardware: Independent Flip,6799.0042,15.1207,14.7954,0.3253,9.3779,17.0096,17.0032,0.0064,26.3885,8.6047,-8.1150,6799.0042,0.0010,NA,NA
SandFall-Win64-Shipping.exe,19588,0x2EC4BC3AB90,DXGI,0,512,1,Hardware: Independent Flip,6814.1249,0.3611,0.1820,0.1791,11.2668,0.1360,0.1344,0.0016,19.8725,8.5640,6.5160,6814.1249,8.4697,NA,NA
SandFall-Win64-Shipping.exe,19588,0x2EC4BC3AB90,DXGI,0,512,1,Hardware: Independent Flip,6814.4860,16.6332,16.3077,0.3255,11.0417,17.0303,17.0234,0.0069,28.0754,8.5232,-8.2029,6814.4860,0.0034,NA,NA
SandFall-Win64-Shipping.exe,19588,0x2EC4BC3AB90,DXGI,0,512,1,Hardware: Independent Flip,6831.1192,0.3421,0.1695,0.1726,11.4388,0.1045,0.1028,0.0017,19.9654,8.8019,8.1100,6831.1192,8.4221,NA,NA
SandFall-Win64-Shipping.exe,19588,0x2EC4BC3AB90,DXGI,0,512,1,Hardware: Independent Flip,6831.4613,17.2470,16.9770,0.2700,11.2012,17.2008,17.1939,0.0069,28.4252,8.5709,-8.4598,6831.4613,0.0232,NA,NA
SandFall-Win64-Shipping.exe,19588,0x2EC4BC3AB90,DXGI,0,512,1,Hardware: Independent Flip,6848.7083,0.3498,0.1683,0.1815,11.1550,0.1077,0.1057,0.0020,19.7491,8.6323,8.6761,6848.7083,8.4864,NA,NA
SandFall-Win64-Shipping.exe,19588,0x2EC4BC3AB90,DXGI,0,512,1,Hardware: Independent Flip,6849.0581,16.8397,16.5473,0.2924,10.9129,17.1178,17.1098,0.0080,28.0316,8.5635,-8.2825,6849.0581,0.0009,NA,NA
SandFall-Win64-Shipping.exe,19588,0x2EC4BC3AB90,DXGI,0,512,1,Hardware: Independent Flip,6865.8978,0.3846,0.1665,0.2181,11.1910,0.1051,0.1036,0.0015,19.7554,8.9131,8.2762,6865.8978,8.4593,NA,NA
SandFall-Win64-Shipping.exe,19588,0x2EC4BC3AB90,DXGI,0,512,1,Hardware: Independent Flip,6866.2824,16.9245,16.6429,0.2816,10.9115,17.3718,17.3665,0.0053,28.2839,8.8314,-8.5285,6866.2824,0.0006,NA,NA
SandFall-Win64-Shipping.exe,19588,0x2EC4BC3AB90,DXGI,0,512,1,Hardware: Independent Flip,6883.2069,0.3808,0.1782,0.2026,11.3588,0.1976,0.1976,0.0000,20.1908,8.5308,8.0931,6883.2069,8.6344,NA,NA
SandFall-Win64-Shipping.exe,19588,0x2EC4BC3AB90,DXGI,0,512,1,Hardware: Independent Flip,6883.5877,17.0878,16.8048,0.2830,11.1756,17.1646,17.1192,0.0454,28.3408,8.6684,-8.1500,6883.5877,0.0006,NA,NA
SandFall-Win64-Shipping.exe,19588,0x2EC4BC3AB90,DXGI,0,512,1,Hardware: Independent Flip,6900.6755,0.3457,0.1631,0.1826,11.2524,0.0999,0.0983,0.0016,19.9214,8.5591,8.4194,6900.6755,8.5691,NA,NA
SandFall-Win64-Shipping.exe,19588,0x2EC4BC3AB90,DXGI,0,512,1,Hardware: Independent Flip,6901.0212,16.2910,15.9428,0.3482,11.0066,17.1277,17.1204,0.0073,28.1348,8.5978,-8.2134,6901.0212,0.0005,NA,NA
SandFall-Win64-Shipping.exe,19588,0x2EC4BC3AB90,DXGI,0,512,1,Hardware: Independent Flip,6917.3122,0.3715,0.1900,0.1815,11.8433,0.1001,0.0985,0.0016,20.4416,8.5875,7.6932,6917.3122,8.4982,NA,NA
SandFall-Win64-Shipping.exe,19588,0x2EC4BC3AB90,DXGI,0,512,1,Hardware: Independent Flip,6917.6837,17.2088,16.7686,0.4402,11.5719,17.0851,17.0394,0.0457,28.6576,8.6130,-8.2160,6917.6837,0.0006,NA,NA
SandFall-Win64-Shipping.exe,19588,0x2EC4BC3AB90,DXGI,0,512,1,Hardware: Independent Flip,6934.8925,0.4087,0.2275,0.1812,11.4482,0.1390,0.1373,0.0017,20.0618,8.6464,8.5958,6934.8925,8.4746,NA,NA
SandFall-Win64-Shipping.exe,19588,0x2EC4BC3AB90,DXGI,0,512,1,Hardware: Independent Flip,6935.3012,16.9176,16.6533,0.2643,11.1785,17.1200,17.1110,0.0090,28.2995,8.6278,-8.2377,6935.3012,0.0010,NA,NA
SandFall-Win64-Shipping.exe,19588,0x2EC4BC3AB90,DXGI,0,512,1,Hardware: Independent Flip,6952.2188,0.3250,0.1617,0.1633,11.3809,0.1226,0.1207,0.0019,20.0097,8.5959,8.2898,6952.2188,8.5062,NA,NA
SandFall-Win64-Shipping.exe,19588,0x2EC4BC3AB90,DXGI,0,512,1,Hardware: Independent Flip,6952.5438,17.3359,17.0456,0.2903,11.1785,17.1012,17.0948,0.0064,28.2806,8.5850,-8.2709,6952.5438,0.0009,NA,NA
SandFall-Win64-Shipping.exe,19588,0x2EC4BC3AB90,DXGI,0,512,1,Hardware: Independent Flip,6969.8797,0.3696,0.1836,0.1860,10.9438,0.1189,0.1173,0.0016,19.5297,9.0322,8.7509,6969.8797,8.4670,NA,NA
SandFall-Win64-Shipping.exe,19588,0x2EC4BC3AB90,DXGI,0,512,1,Hardware: Independent Flip,6970.2493,16.4006,16.0282,0.3724,10.6931,17.4988,17.4903,0.0085,28.1923,8.8091,-8.6626,6970.2493,0.0004,NA,NA
SandFall-Win64-Shipping.exe,19588,0x2EC4BC3AB90,DXGI,0,512,1,Hardware: Independent Flip,6986.6499,0.3492,0.1855,0.1637,11.7913,0.1021,0.1005,0.0016,20.6008,8.5553,7.5915,6986.6499,8.7074,NA,NA
SandFall-Win64-Shipping.exe,19588,0x2EC4BC3AB90,DXGI,0,512,1,Hardware: Independent Flip,6986.9991,16.4513,16.1420,0.3093,11.5442,17.2619,17.2559,0.0060,28.8069,8.7014,-8.2061,6986.9991,0.0008,NA,NA
SandFall-Win64-Shipping.exe,19588,0x2EC4BC3AB90,DXGI,0,512,1,Hardware: Independent Flip,7003.4504,0.4606,0.1813,0.2793,12.3548,0.1014,0.0995,0.0019,21.0570,8.6708,7.7499,7003.4504,8.6008,NA,NA
SandFall-Win64-Shipping.exe,19588,0x2EC4BC3AB90,DXGI,0,512,1,Hardware: Independent Flip,7003.9110,17.2100,16.8692,0.3408,11.9956,17.2707,17.2614,0.0093,29.2672,8.7124,-8.2102,7003.9110,0.0009,NA,NA
SandFall-Win64-Shipping.exe,19588,0x2EC4BC3AB90,DXGI,0,512,1,Hardware: Independent Flip,7021.1210,0.3599,0.1821,0.1778,12.0563,0.1149,0.1132,0.0017,20.7696,8.5856,8.4976,7021.1210,8.5984,NA,NA
SandFall-Win64-Shipping.exe,19588,0x2EC4BC3AB90,DXGI,0,512,1,Hardware: Independent Flip,7021.4809,21.4032,21.0305,0.3727,11.8113,17.1834,17.1773,0.0061,28.9953,8.6530,-8.2257,7021.4809,0.0006,NA,NA
SandFall-Win64-Shipping.exe,19588,0x2EC4BC3AB90,DXGI,0,512,1,Hardware: Independent Flip,7042.8841,0.4621,0.2239,0.2382,7.5915,0.1128,0.1112,0.0016,16.2451,8.7686,12.7502,7042.8841,8.5408,NA,NA
SandFall-Win64-Shipping.exe,19588,0x2EC4BC3AB90,DXGI,0,512,1,Hardware: Independent Flip,7043.3462,13.1775,12.8836,0.2939,7.2422,17.3085,17.3016,0.0069,24.5516,8.7437,-8.3065,7043.3462,0.0009,NA,NA
SandFall-Win64-Shipping.exe,19588,0x2EC4BC3AB90,DXGI,0,512,1,Hardware: Independent Flip,7056.5237,0.6382,0.1817,0.4565,11.3732,0.1382,0.1366,0.0016,20.1178,8.5192,4.4338,7056.5237,8.6064,NA,NA
SandFall-Win64-Shipping.exe,19588,0x2EC4BC3AB90,DXGI,0,512,1,Hardware: Independent Flip,7057.1619,15.7269,15.4346,0.2923,10.8732,17.1247,17.1183,0.0064,27.9988,8.5948,-7.8810,7057.1619,0.0009,NA,NA
SandFall-Win64-Shipping.exe,19588,0x2EC4BC3AB90,DXGI,0,512,1,Hardware: Independent Flip,7072.8888,0.3809,0.1710,0.2099,12.2710,0.1007,0.0988,0.0019,20.8667,8.8180,7.1321,7072.8888,8.4950,NA,NA
SandFall-Win64-Shipping.exe,19588,0x2EC4BC3AB90,DXGI,0,512,1,Hardware: Independent Flip,7073.2697,18.5100,18.2174,0.2926,11.9908,17.2926,17.2874,0.0052,29.3038,8.6223,-8.4371,7073.2697,0.0204,NA,NA
SandFall-Win64-Shipping.exe,19588,0x2EC4BC3AB90,DXGI,0,512,1,Hardware: Independent Flip,7091.7797,0.3444,0.1767,0.1677,10.7734,0.0996,0.0980,0.0016,19.4161,8.6172,9.8877,7091.7797,8.5431,NA,NA
SandFall-Win64-Shipping.exe,19588,0x2EC4BC3AB90,DXGI,0,512,1,Hardware: Independent Flip,7092.1241,16.1921,15.8718,0.3203,10.5286,17.1592,17.1524,0.0068,27.6889,8.5847,-8.2728,7092.1241,0.0011,NA,NA
SandFall-Win64-Shipping.exe,19588,0x2EC4BC3AB90,DXGI,0,512,1,Hardware: Independent Flip,7108.3162,0.3339,0.1629,0.1710,11.4957,0.1002,0.0986,0.0016,20.0815,8.5400,7.6074,7108.3162,8.4856,NA,NA
SandFall-Win64-Shipping.exe,19588,0x2EC4BC3AB90,DXGI,0,512,1,Hardware: Independent Flip,7108.6501,17.0662,16.6773,0.3889,11.2620,17.0248,17.0173,0.0075,28.2876,8.5531,-8.2061,7108.6501,0.0008,NA,NA
SandFall-Win64-Shipping.exe,19588,0x2EC4BC3AB90,DXGI,0,512,1,Hardware: Independent Flip,7125.7163,0.3680,0.1689,0.1991,11.2206,0.1017,0.1001,0.0016,19.7745,8.9390,8.5131,7125.7163,8.4522,NA,NA
SandFall-Win64-Shipping.exe,19588,0x2EC4BC3AB90,DXGI,0,512,1,Hardware: Independent Flip,7126.0843,16.8100,16.4861,0.3239,10.9543,17.3708,17.3629,0.0079,28.3455,8.6791,-8.5710,7126.0843,0.0204,NA,NA
SandFall-Win64-Shipping.exe,19588,0x2EC4BC3AB90,DXGI,0,512,1,Hardware: Independent Flip,7142.8943,0.4100,0.1903,0.2197,11.5151,0.1010,0.0995,0.0015,20.2146,8.7317,8.1309,7142.8943,8.5985,NA,NA
SandFall-Win64-Shipping.exe,19588,0x2EC4BC3AB90,DXGI,0,512,1,Hardware: Independent Flip,7143.3043,17.4065,17.0224,0.3841,11.2061,17.3292,17.3190,0.0102,28.5363,8.7065,-8.3217,7143.3043,0.0010,NA,NA
SandFall-Win64-Shipping.exe,19588,0x2EC4BC3AB90,DXGI,0,512,1,Hardware: Independent Flip,7160.7108,0.3284,0.1665,0.1619,11.1288,0.1027,0.1010,0.0017,19.8363,8.3975,8.7000,7160.7108,8.6048,NA,NA
SandFall-Win64-Shipping.exe,19588,0x2EC4BC3AB90,DXGI,0,512,1,Hardware: Independent Flip,7161.0392,17.4641,17.1209,0.3432,10.9031,17.0016,16.9918,0.0098,27.9054,8.7026,-8.0691,7161.0392,0.0007,NA,NA
SandFall-Win64-Shipping.exe,19588,0x2EC4BC3AB90,DXGI,0,512,1,Hardware: Independent Flip,7178.5033,0.3546,0.1802,0.1744,10.4406,0.1230,0.1230,0.0000,19.1439,8.5834,8.7615,7178.5033,8.5803,NA,NA
SandFall-Win64-Shipping.exe,19588,0x2EC4BC3AB90,DXGI,0,512,1,Hardware: Independent Flip,7178.8579,16.4819,16.0481,0.4338,10.2090,17.1490,17.1373,0.0117,27.3727,8.5712,-8.2288,7178.8579,0.0147,NA,NA
SandFall-Win64-Shipping.exe,19588,0x2EC4BC3AB90,DXGI,0,512,1,Hardware: Independent Flip,7195.3398,0.5284,0.3444,0.1840,10.8761,0.0945,0.0929,0.0016,19.4620,9.0328,7.9107,7195.3398,8.4914,NA,NA
SandFall-Win64-Shipping.exe,19588,0x2EC4BC3AB90,DXGI,0,512,1,Hardware: Independent Flip,7195.8682,17.3496,17.0848,0.2648,10.4422,17.4434,17.4369,0.0065,27.9664,8.6690,-8.5044,7195.8682,0.0808,NA,NA
SandFall-Win64-Shipping.exe,19588,0x2EC4BC3AB90,DXGI,0,512,1,Hardware: Independent Flip,7213.2178,0.4196,0.2315,0.1881,10.5360,0.1397,0.1380,0.0017,19.2858,8.4309,8.6806,7213.2178,8.6101,NA,NA
SandFall-Win64-Shipping.exe,19588,0x2EC4BC3AB90,DXGI,0,512,1,Hardware: Independent Flip,7213.6374,17.1942,16.9284,0.2658,10.2561,17.0404,17.0339,0.0065,27.2971,8.6601,-8.0113,7213.6374,0.0006,NA,NA
SandFall-Win64-Shipping.exe,19588,0x2EC4BC3AB90,DXGI,0,512,1,Hardware: Independent Flip,7230.8316,0.3402,0.1688,0.1714,10.1023,0.1258,0.1258,0.0000,18.7630,8.5332,8.5341,7230.8316,8.5349,NA,NA
SandFall-Win64-Shipping.exe,19588,0x2EC4BC3AB90,DXGI,0,512,1,Hardware: Independent Flip,7231.1718,16.0256,15.7301,0.2955,9.8879,17.0621,17.0550,0.0071,26.9560,8.5249,-8.1930,7231.1718,0.0060,NA,NA
SandFall-Win64-Shipping.exe,19588,0x2EC4BC3AB90,DXGI,0,512,1,Hardware: Independent Flip,7247.1974,0.3803,0.1948,0.1855,10.9244,0.1260,0.1239,0.0021,19.4553,8.8015,7.5007,7247.1974,8.4049,NA,NA
SandFall-Win64-Shipping.exe,19588,0x2EC4BC3AB90,DXGI,0,512,1,Hardware: Independent Flip,7247.5777,16.3667,16.1007,0.2660,10.6701,17.1681,17.1615,0.0066,27.8765,8.5994,-8.4212,7247.5777,0.0383,NA,NA
SandFall-Win64-Shipping.exe,19588,0x2EC4BC3AB90,DXGI,0,512,1,Hardware: Independent Flip,7263.9444,0.3678,0.1673,0.2005,11.4715,0.1202,0.1187,0.0015,20.1092,8.9079,7.7673,7263.9444,8.5175,NA,NA
SandFall-Win64-Shipping.exe,19588,0x2EC4BC3AB90,DXGI,0,512,1,Hardware: Independent Flip,7264.3122,17.2995,17.0388,0.2607,11.2239,17.4244,17.4155,0.0089,28.6493,8.7064,-8.5401,7264.3122,0.0010,NA,NA
SandFall-Win64-Shipping.exe,19588,0x2EC4BC3AB90,DXGI,0,512,1,Hardware: Independent Flip,7281.6117,0.4229,0.1952,0.2277,11.3488,0.1037,0.1020,0.0017,20.0562,8.5914,8.5931,7281.6117,8.6037,NA,NA
SandFall-Win64-Shipping.exe,19588,0x2EC4BC3AB90,DXGI,0,512,1,Hardware: Independent Flip,7282.0346,17.3972,17.0508,0.3464,11.0296,17.1945,17.1876,0.0069,28.2247,8.7153,-8.1685,7282.0346,0.0006,NA,NA
SandFall-Win64-Shipping.exe,19588,0x2EC4BC3AB90,DXGI,0,512,1,Hardware: Independent Flip,7299.4318,0.3802,0.1991,0.1811,10.8269,0.1355,0.1338,0.0017,19.5428,8.5747,8.6819,7299.4318,8.5804,NA,NA
SandFall-Win64-Shipping.exe,19588,0x2EC4BC3AB90,DXGI,0,512,1,Hardware: Independent Flip,7299.8120,16.8534,16.5473,0.3061,10.5822,17.1544,17.1446,0.0098,27.7373,8.5903,-8.1945,7299.8120,0.0007,NA,NA
SandFall-Win64-Shipping.exe,19588,0x2EC4BC3AB90,DXGI,0,512,1,Hardware: Independent Flip,7316.6654,0.3877,0.1925,0.1952,10.8832,0.1016,0.1000,0.0016,19.4742,8.7507,8.2631,7316.6654,8.4894,NA,NA
SandFall-Win64-Shipping.exe,19588,0x2EC4BC3AB90,DXGI,0,512,1,Hardware: Independent Flip,7317.0531,18.4019,17.2382,1.1637,10.5971,17.2396,17.2271,0.0125,27.8372,8.6512,-8.3630,7317.0531,0.0005,NA,NA
SandFall-Win64-Shipping.exe,19588,0x2EC4BC3AB90,DXGI,0,512,1,Hardware: Independent Flip,7335.4550,1.0857,0.5866,0.4991,9.4348,0.1041,0.1024,0.0017,18.0865,8.5005,9.7507,7335.4550,8.5476,NA,NA
SandFall-Win64-Shipping.exe,19588,0x2EC4BC3AB90,DXGI,0,512,1,Hardware: Independent Flip,7336.5407,15.3726,15.0903,0.2823,8.4532,17.0472,17.0371,0.0101,25.5013,8.5783,-7.4148,7336.5407,0.0009,NA,NA
SandFall-Win64-Shipping.exe,19588,0x2EC4BC3AB90,DXGI,0,512,1,Hardware: Independent Flip,7351.9133,0.3771,0.1655,0.2116,10.1278,0.2164,0.2147,0.0017,18.7070,9.1658,6.7943,7351.9133,8.3628,NA,NA
SandFall-Win64-Shipping.exe,19588,0x2EC4BC3AB90,DXGI,0,512,1,Hardware: Independent Flip,7352.2904,16.6345,16.3492,0.2853,9.9671,17.5278,17.5220,0.0058,27.4957,8.8006,-8.7887,7352.2904,0.0008,NA,NA
SandFall-Win64-Shipping.exe,19588,0x2EC4BC3AB90,DXGI,0,512,1,Hardware: Independent Flip,7368.9249,0.3835,0.1682,0.2153,10.8604,0.1111,0.1095,0.0016,19.6618,8.8738,7.8339,7368.9249,8.6903,NA,NA
SandFall-Win64-Shipping.exe,19588,0x2EC4BC3AB90,DXGI,0,512,1,Hardware: Independent Flip,7369.3084,17.4474,17.1344,0.3130,10.5880,17.5634,17.5604,0.0030,28.1521,8.9237,-8.4903,7369.3084,0.0007,NA,NA
SandFall-Win64-Shipping.exe,19588,0x2EC4BC3AB90,DXGI,0,512,1,Hardware: Independent Flip,7386.7558,0.3426,0.1759,0.1667,10.7040,0.1086,0.1070,0.0016,19.6284,8.4874,8.5237,7386.7558,8.8158,NA,NA
SandFall-Win64-Shipping.exe,19588,0x2EC4BC3AB90,DXGI,0,512,1,Hardware: Independent Flip,7387.0984,16.1075,15.8183,0.2892,10.4700,17.3027,17.2963,0.0064,27.7732,8.7449,-8.1448,7387.0984,0.0005,NA,NA
SandFall-Win64-Shipping.exe,19588,0x2EC4BC3AB90,DXGI,0,512,1,Hardware: Independent Flip,7403.2059,0.3893,0.1941,0.1952,11.6652,0.1022,0.1007,0.0015,20.4106,8.6639,7.3626,7403.2059,8.6432,NA,NA
SandFall-Win64-Shipping.exe,19588,0x2EC4BC3AB90,DXGI,0,512,1,Hardware: Independent Flip,7403.5952,16.6381,16.3223,0.3158,11.3781,17.3063,17.2998,0.0065,28.6852,8.7001,-8.2746,7403.5952,0.0008,NA,NA
SandFall-Win64-Shipping.exe,19588,0x2EC4BC3AB90,DXGI,0,512,1,Hardware: Independent Flip,7420.2333,0.3731,0.1915,0.1816,12.0463,0.0989,0.0972,0.0017,20.7472,8.4527,7.9380,7420.2333,8.6020,NA,NA
SandFall-Win64-Shipping.exe,19588,0x2EC4BC3AB90,DXGI,0,512,1,Hardware: Independent Flip,7420.6064,16.9763,16.6771,0.2992,11.7721,17.0537,17.0473,0.0064,28.8268,8.5970,-8.0796,7420.6064,0.0010,NA,NA
SandFall-Win64-Shipping.exe,19588,0x2EC4BC3AB90,DXGI,0,512,1,Hardware: Independent Flip,7437.5827,0.4209,0.1833,0.2376,11.8495,0.1404,0.1382,0.0022,20.4475,8.7046,8.3793,7437.5827,8.4576,NA,NA
SandFall-Win64-Shipping.exe,19588,0x2EC4BC3AB90,DXGI,0,512,1,Hardware: Independent Flip,7438.0036,17.8298,17.5579,0.2719,11.5690,17.1347,17.1283,0.0064,28.7312,8.6039,-8.2837,7438.0036,0.0275,NA,NA
SandFall-Win64-Shipping.exe,19588,0x2EC4BC3AB90,DXGI,0,512,1,Hardware: Independent Flip,7455.8334,0.3388,0.1794,0.1594,10.8739,0.1986,0.1986,0.0000,19.5053,8.7828,9.2259,7455.8334,8.4328,NA,NA
SandFall-Win64-Shipping.exe,19588,0x2EC4BC3AB90,DXGI,0,512,1,Hardware: Independent Flip,7456.1722,16.6266,16.3672,0.2594,10.7337,17.1734,17.1677,0.0057,27.9493,8.6051,-8.4440,7456.1722,0.0422,NA,NA
SandFall-Win64-Shipping.exe,19588,0x2EC4BC3AB90,DXGI,0,512,1,Hardware: Independent Flip,7472.7988,0.3934,0.1726,0.2208,11.2805,0.1312,0.1296,0.0016,19.9278,8.5510,8.0215,7472.7988,8.5161,NA,NA
SandFall-Win64-Shipping.exe,19588,0x2EC4BC3AB90,DXGI,0,512,1,Hardware: Independent Flip,7473.1922,17.3507,17.0602,0.2905,11.0183,17.0669,17.0609,0.0060,28.0854,8.5491,-8.1576,7473.1922,0.0002,NA,NA
SandFall-Win64-Shipping.exe,19588,0x2EC4BC3AB90,DXGI,0,512,1,Hardware: Independent Flip,7490.5429,0.3427,0.1765,0.1662,10.7345,0.0994,0.0978,0.0016,19.2838,8.8879,8.8016,7490.5429,8.4499,NA,NA
SandFall-Win64-Shipping.exe,19588,0x2EC4BC3AB90,DXGI,0,512,1,Hardware: Independent Flip,7490.8856,15.6423,15.3917,0.2506,10.4912,17.3176,17.3109,0.0067,27.8290,8.6998,-8.5452,7490.8856,0.0202,NA,NA
SandFall-Win64-Shipping.exe,19588,0x2EC4BC3AB90,DXGI,0,512,1,Hardware: Independent Flip,7506.5279,0.3834,0.1537,0.2297,12.1665,0.2006,0.2006,0.0000,20.8865,8.5731,6.9425,7506.5279,8.5194,NA,NA
SandFall-Win64-Shipping.exe,19588,0x2EC4BC3AB90,DXGI,0,512,1,Hardware: Independent Flip,7506.9113,16.7169,16.3447,0.3722,11.9837,17.0919,17.0862,0.0057,29.0762,8.5961,-8.1897,7506.9113,0.0006,NA,NA
SandFall-Win64-Shipping.exe,19588,0x2EC4BC3AB90,DXGI,0,512,1,Hardware: Independent Flip,7523.6282,0.4087,0.2182,0.1905,12.3587,0.1046,0.1029,0.0017,20.9554,8.5196,8.1208,7523.6282,8.4921,NA,NA
SandFall-Win64-Shipping.exe,19588,0x2EC4BC3AB90,DXGI,0,512,1,Hardware: Independent Flip,7524.0369,17.2643,17.0064,0.2579,12.0546,17.0108,17.0013,0.0095,29.0663,8.6371,-8.1109,7524.0369,0.0009,NA,NA
SandFall-Win64-Shipping.exe,19588,0x2EC4BC3AB90,DXGI,0,512,1,Hardware: Independent Flip,7541.3012,0.4203,0.2011,0.2192,11.8011,0.1391,0.1374,0.0017,20.4391,8.7623,8.6272,7541.3012,8.4989,NA,NA
SandFall-Win64-Shipping.exe,19588,0x2EC4BC3AB90,DXGI,0,512,1,Hardware: Independent Flip,7541.7215,17.6137,17.3274,0.2863,11.5199,17.2603,17.2543,0.0060,28.7811,8.6728,-8.3420,7541.7215,0.0009,NA,NA
SandFall-Win64-Shipping.exe,19588,0x2EC4BC3AB90,DXGI,0,512,1,Hardware: Independent Flip,7559.3352,0.3999,0.2057,0.1942,11.1665,0.1047,0.1032,0.0015,19.8402,8.9272,8.9409,7559.3352,8.5690,NA,NA
SandFall-Win64-Shipping.exe,19588,0x2EC4BC3AB90,DXGI,0,512,1,Hardware: Independent Flip,7559.7351,16.4672,16.1905,0.2767,10.8713,17.4957,17.4896,0.0061,28.3675,8.8404,-8.5273,7559.7351,0.0005,NA,NA
SandFall-Win64-Shipping.exe,19588,0x2EC4BC3AB90,DXGI,0,512,1,Hardware: Independent Flip,7576.2023,0.4192,0.1947,0.2245,11.8998,0.0998,0.0982,0.0016,20.7407,8.3391,7.6268,7576.2023,8.7411,NA,NA
SandFall-Win64-Shipping.exe,19588,0x2EC4BC3AB90,DXGI,0,512,1,Hardware: Independent Flip,7576.6215,16.8832,16.5824,0.3008,11.5804,17.0791,17.0714,0.0077,28.6606,8.5538,-7.9199,7576.6215,0.0011,NA,NA
SandFall-Win64-Shipping.exe,19588,0x2EC4BC3AB90,DXGI,0,512,1,Hardware: Independent Flip,7593.5047,0.4265,0.1913,0.2352,11.7763,0.1065,0.1048,0.0017,20.3312,8.8212,8.3294,7593.5047,8.4484,NA,NA
SandFall-Win64-Shipping.exe,19588,0x2EC4BC3AB90,DXGI,0,512,1,Hardware: Independent Flip,7593.9312,17.9292,17.6004,0.3288,11.4563,17.2222,17.2167,0.0055,28.7259,8.6091,-8.3947,7593.9312,0.0474,NA,NA
SandFall-Win64-Shipping.exe,19588,0x2EC4BC3AB90,DXGI,0,512,1,Hardware: Independent Flip,7611.8604,0.3614,0.1913,0.1701,10.7493,0.1318,0.1301,0.0017,19.4058,8.7357,9.3201,7611.8604,8.5247,NA,NA
SandFall-Win64-Shipping.exe,19588,0x2EC4BC3AB90,DXGI,0,512,1,Hardware: Independent Flip,7612.2218,16.3525,16.1006,0.2519,10.5197,17.2598,17.2484,0.0114,27.7801,8.6594,-8.3743,7612.2218,0.0006,NA,NA
SandFall-Win64-Shipping.exe,19588,0x2EC4BC3AB90,DXGI,0,512,1,Hardware: Independent Flip,7628.5743,0.3385,0.1745,0.1640,11.4270,0.1009,0.0991,0.0018,20.0870,8.5459,7.6931,7628.5743,8.5591,NA,NA
SandFall-Win64-Shipping.exe,19588,0x2EC4BC3AB90,DXGI,0,512,1,Hardware: Independent Flip,7628.9128,18.1303,17.8447,0.2856,11.1894,17.1043,17.0980,0.0063,28.2944,8.5717,-8.2074,7628.9128,0.0007,NA,NA
SandFall-Win64-Shipping.exe,19588,0x2EC4BC3AB90,DXGI,0,512,1,Hardware: Independent Flip,7647.0431,0.3537,0.1683,0.1854,10.1634,0.0997,0.0981,0.0016,18.7358,8.4526,9.5586,7647.0431,8.4727,NA,NA
SandFall-Win64-Shipping.exe,19588,0x2EC4BC3AB90,DXGI,0,512,1,Hardware: Independent Flip,7647.3968,17.8798,17.5975,0.2823,9.9094,16.9246,16.9176,0.0070,26.8347,8.5410,-8.0989,7647.3968,0.0007,NA,NA
SandFall-Win64-Shipping.exe,19588,0x2EC4BC3AB90,DXGI,0,512,1,Hardware: Independent Flip,7665.2766,0.6006,0.2793,0.3213,8.9542,0.1210,0.1194,0.0016,17.4959,8.6516,9.3388,7665.2766,8.4207,NA,NA
SandFall-Win64-Shipping.exe,19588,0x2EC4BC3AB90,DXGI,0,512,1,Hardware: Independent Flip,7665.8772,15.1099,14.7078,0.4021,8.4746,17.0416,17.0304,0.0112,25.5469,8.4735,-8.0510,7665.8772,0.0307,NA,NA
SandFall-Win64-Shipping.exe,19588,0x2EC4BC3AB90,DXGI,0,512,1,Hardware: Independent Flip,7680.9871,0.3720,0.1736,0.1984,10.4063,0.1257,0.1232,0.0025,18.9105,9.0942,6.6364,7680.9871,8.3785,NA,NA
SandFall-Win64-Shipping.exe,19588,0x2EC4BC3AB90,DXGI,0,512,1,Hardware: Independent Flip,7681.3591,17.3704,17.1114,0.2590,10.1600,17.4716,17.4593,0.0123,27.6327,8.7503,-8.7222,7681.3591,0.0011,NA,NA
SandFall-Win64-Shipping.exe,19588,0x2EC4BC3AB90,DXGI,0,512,1,Hardware: Independent Flip,7698.7295,0.3640,0.1703,0.1937,10.2612,0.1103,0.1087,0.0016,19.0126,8.5813,8.6201,7698.7295,8.6411,NA,NA
SandFall-Win64-Shipping.exe,19588,0x2EC4BC3AB90,DXGI,0,512,1,Hardware: Independent Flip,7699.0935,16.6242,16.2661,0.3581,10.0075,17.2216,17.2120,0.0096,27.2299,8.6514,-8.2173,7699.0935,0.0008,NA,NA
SandFall-Win64-Shipping.exe,19588,0x2EC4BC3AB90,DXGI,0,512,1,Hardware: Independent Flip,7715.7177,0.3338,0.1648,0.1690,10.6049,0.1004,0.0988,0.0016,19.2571,8.5743,7.9728,7715.7177,8.5518,NA,NA
SandFall-Win64-Shipping.exe,19588,0x2EC4BC3AB90,DXGI,0,512,1,Hardware: Independent Flip,7716.0515,16.7740,16.4544,0.3196,10.3715,17.1248,17.0824,0.0424,27.4976,8.6495,-8.2405,7716.0515,0.0013,NA,NA
SandFall-Win64-Shipping.exe,19588,0x2EC4BC3AB90,DXGI,0,512,1,Hardware: Independent Flip,7732.8255,0.3599,0.1944,0.1655,10.7223,0.1398,0.1398,0.0000,19.3731,8.7683,8.1245,7732.8255,8.5110,NA,NA
SandFall-Win64-Shipping.exe,19588,0x2EC4BC3AB90,DXGI,0,512,1,Hardware: Independent Flip,7733.1854,16.8094,16.4691,0.3403,10.5022,17.2784,17.2705,0.0079,27.7815,8.6727,-8.4084,7733.1854,0.0009,NA,NA
SandFall-Win64-Shipping.exe,19588,0x2EC4BC3AB90,DXGI,0,512,1,Hardware: Independent Flip,7749.9948,0.3424,0.1765,0.1659,10.9712,0.0998,0.0978,0.0020,19.6448,8.4519,8.1367,7749.9948,8.5738,NA,NA
SandFall-Win64-Shipping.exe,19588,0x2EC4BC3AB90,DXGI,0,512,1,Hardware: Independent Flip,7750.3372,17.4790,17.2173,0.2617,10.7286,17.0252,17.0175,0.0077,27.7543,8.5706,-8.1095,7750.3372,0.0005,NA,NA
SandFall-Win64-Shipping.exe,19588,0x2EC4BC3AB90,DXGI,0,512,1,Hardware: Independent Flip,7767.8162,0.3600,0.1599,0.2001,10.2748,0.1834,0.1816,0.0018,18.8459,8.6069,8.9084,7767.8162,8.3877,NA,NA
SandFall-Win64-Shipping.exe,19588,0x2EC4BC3AB90,DXGI,0,512,1,Hardware: Independent Flip,7768.1762,17.6859,17.4176,0.2683,10.0982,16.9937,16.9880,0.0057,27.0928,8.6056,-8.2469,7768.1762,0.0009,NA,NA
SandFall-Win64-Shipping.exe,19588,0x2EC4BC3AB90,DXGI,0,512,1,Hardware: Independent Flip,7785.8621,0.3236,0.1619,0.1617,9.4060,0.1142,0.1125,0.0017,18.0125,8.6894,9.0803,7785.8621,8.4923,NA,NA
SandFall-Win64-Shipping.exe,19588,0x2EC4BC3AB90,DXGI,0,512,1,Hardware: Independent Flip,7786.1857,17.4983,17.1318,0.3665,9.1966,17.1810,16.9659,0.2151,26.3783,8.6214,-8.3658,7786.1857,0.0007,NA,NA
SandFall-Win64-Shipping.exe,19588,0x2EC4BC3AB90,DXGI,0,512,1,Hardware: Independent Flip,7803.6840,0.4060,0.1849,0.2211,8.8793,0.1040,0.1011,0.0029,17.5014,8.6184,8.8769,7803.6840,8.5181,NA,NA
SandFall-Win64-Shipping.exe,19588,0x2EC4BC3AB90,DXGI,0,512,1,Hardware: Independent Flip,7804.0900,18.0636,17.7937,0.2699,8.5773,17.1359,17.1247,0.0112,25.7138,8.6592,-8.2124,7804.0900,0.0006,NA,NA
SandFall-Win64-Shipping.exe,19588,0x2EC4BC3AB90,DXGI,0,512,1,Hardware: Independent Flip,7822.1536,0.3259,0.1555,0.1704,7.6496,0.1395,0.1395,0.0000,16.3094,8.4671,9.4044,7822.1536,8.5203,NA,NA
SandFall-Win64-Shipping.exe,19588,0x2EC4BC3AB90,DXGI,0,512,1,Hardware: Independent Flip,7822.4795,13.7150,13.4144,0.3006,7.4632,16.9868,16.9796,0.0072,24.4506,8.6059,-8.1412,7822.4795,0.0006,NA,NA
SandFall-Win64-Shipping.exe,19588,0x2EC4BC3AB90,DXGI,0,512,1,Hardware: Independent Flip,7836.1945,0.3883,0.1936,0.1947,10.7350,0.1026,0.1004,0.0022,19.3415,8.6428,5.1091,7836.1945,8.5039,NA,NA
SandFall-Win64-Shipping.exe,19588,0x2EC4BC3AB90,DXGI,0,512,1,Hardware: Independent Flip,7836.5828,16.4515,16.1454,0.3061,10.4493,17.1457,17.1398,0.0059,27.5960,8.5650,-8.2545,7836.5828,0.0010,NA,NA
SandFall-Win64-Shipping.exe,19588,0x2EC4BC3AB90,DXGI,0,512,1,Hardware: Independent Flip,7853.0343,0.3951,0.1838,0.2113,11.1435,0.1067,0.1048,0.0019,19.7095,8.6820,7.8865,7853.0343,8.4593,NA,NA
SandFall-Win64-Shipping.exe,19588,0x2EC4BC3AB90,DXGI,0,512,1,Hardware: Independent Flip,7853.4294,16.4939,16.2042,0.2897,10.8551,17.1401,17.1334,0.0067,27.9964,8.6376,-8.2869,7853.4294,0.0012,NA,NA
SandFall-Win64-Shipping.exe,19588,0x2EC4BC3AB90,DXGI,0,512,1,Hardware: Independent Flip,7869.9233,0.4372,0.2154,0.2218,11.5013,0.2037,0.2037,0.0000,20.1401,8.8298,7.8563,7869.9233,8.4351,NA,NA
SandFall-Win64-Shipping.exe,19588,0x2EC4BC3AB90,DXGI,0,512,1,Hardware: Independent Flip,7870.3605,17.4490,16.8773,0.5717,11.2678,17.2640,17.2530,0.0110,28.5327,8.7814,-8.3926,7870.3605,0.0009,NA,NA
SandFall-Win64-Shipping.exe,19588,0x2EC4BC3AB90,DXGI,0,512,1,Hardware: Independent Flip,7887.8095,0.4598,0.2525,0.2073,11.0828,0.1415,0.1415,0.0000,19.8651,8.5614,8.6676,7887.8095,8.6408,NA,NA
SandFall-Win64-Shipping.exe,19588,0x2EC4BC3AB90,DXGI,0,512,1,Hardware: Independent Flip,7888.2693,18.6151,18.2708,0.3443,10.7645,17.2016,17.1953,0.0063,27.9667,8.6665,-8.1016,7888.2693,0.0006,NA,NA
SandFall-Win64-Shipping.exe,19588,0x2EC4BC3AB90,DXGI,0,512,1,Hardware: Independent Flip,7906.8844,0.5504,0.2533,0.2971,9.3510,0.1032,0.1017,0.0015,18.0181,8.6942,9.9486,7906.8844,8.5639,NA,NA
SandFall-Win64-Shipping.exe,19588,0x2EC4BC3AB90,DXGI,0,512,1,Hardware: Independent Flip,7907.4348,14.8164,14.5440,0.2724,8.9038,17.2571,17.2497,0.0074,26.1619,8.6815,-8.1438,7907.4348,0.0010,NA,NA
SandFall-Win64-Shipping.exe,19588,0x2EC4BC3AB90,DXGI,0,512,1,Hardware: Independent Flip,7922.2512,0.3635,0.1674,0.1961,11.3445,0.1433,0.1409,0.0024,20.0270,8.5708,6.1349,7922.2512,8.5392,NA,NA
SandFall-Win64-Shipping.exe,19588,0x2EC4BC3AB90,DXGI,0,512,1,Hardware: Independent Flip,7922.6147,16.1948,15.8772,0.3176,11.1243,17.1091,17.0538,0.0553,28.2343,8.6646,-8.2073,7922.6147,0.0009,NA,NA
SandFall-Win64-Shipping.exe,19588,0x2EC4BC3AB90,DXGI,0,512,1,Hardware: Independent Flip,7938.8095,0.3552,0.1816,0.1736,12.0386,0.1603,0.1558,0.0045,20.7041,9.1065,7.5302,7938.8095,8.5052,NA,NA
SandFall-Win64-Shipping.exe,19588,0x2EC4BC3AB90,DXGI,0,512,1,Hardware: Independent Flip,7939.1647,17.1591,16.8222,0.3369,11.8437,17.6107,17.6006,0.0101,29.4554,8.8381,-8.7513,7939.1647,0.0010,NA,NA
SandFall-Win64-Shipping.exe,19588,0x2EC4BC3AB90,DXGI,0,512,1,Hardware: Independent Flip,7956.3238,0.3746,0.1802,0.1944,12.2953,0.1000,0.0983,0.0017,21.1344,8.2537,8.3210,7956.3238,8.7391,NA,NA
SandFall-Win64-Shipping.exe,19588,0x2EC4BC3AB90,DXGI,0,512,1,Hardware: Independent Flip,7956.6984,19.8125,19.5294,0.2831,12.0207,16.9917,16.9843,0.0074,29.0135,8.7835,-7.8791,7956.6984,0.0011,NA,NA
SandFall-Win64-Shipping.exe,19588,0x2EC4BC3AB90,DXGI,0,512,1,Hardware: Independent Flip,7976.5109,0.4258,0.2204,0.2054,9.1999,0.1362,0.1338,0.0024,17.9845,9.1732,11.0290,7976.5109,8.6484,NA,NA
SandFall-Win64-Shipping.exe,19588,0x2EC4BC3AB90,DXGI,0,512,1,Hardware: Independent Flip,7976.9367,13.8287,13.5162,0.3125,8.9103,17.8012,17.7943,0.0069,26.7319,8.8984,-8.7474,7976.9367,0.0204,NA,NA
SandFall-Win64-Shipping.exe,19588,0x2EC4BC3AB90,DXGI,0,512,1,Hardware: Independent Flip,7990.7654,0.3242,0.1628,0.1614,12.8828,0.1424,0.1397,0.0027,21.8016,8.2304,4.9303,7990.7654,8.7764,NA,NA
SandFall-Win64-Shipping.exe,19588,0x2EC4BC3AB90,DXGI,0,512,1,Hardware: Independent Flip,7991.0896,17.7335,17.4603,0.2732,12.7010,17.0057,16.9983,0.0074,29.7078,8.7542,-7.9062,7991.0896,0.0011,NA,NA
SandFall-Win64-Shipping.exe,19588,0x2EC4BC3AB90,DXGI,0,512,1,Hardware: Independent Flip,8008.8231,0.3319,0.1618,0.1701,11.9732,0.1236,0.1220,0.0016,20.7285,8.7694,8.9793,8008.8231,8.6317,NA,NA
SandFall-Win64-Shipping.exe,19588,0x2EC4BC3AB90,DXGI,0,512,1,Hardware: Independent Flip,8009.1550,16.9056,16.3184,0.5872,11.7649,17.3288,17.3221,0.0067,29.1660,8.6351,-8.4375,8009.1550,0.0723,NA,NA
SandFall-Win64-Shipping.exe,19588,0x2EC4BC3AB90,DXGI,0,512,1,Hardware: Independent Flip,8026.0606,0.4420,0.2236,0.2184,12.1881,0.1443,0.1426,0.0017,20.8955,8.4805,8.2705,8026.0606,8.5631,NA,NA
SandFall-Win64-Shipping.exe,19588,0x2EC4BC3AB90,DXGI,0,512,1,Hardware: Independent Flip,8026.5026,17.0423,16.6795,0.3628,11.8904,17.0019,16.9985,0.0034,28.9340,8.4966,-8.0385,8026.5026,0.0417,NA,NA
SandFall-Win64-Shipping.exe,19588,0x2EC4BC3AB90,DXGI,0,512,1,Hardware: Independent Flip,8043.5449,0.4744,0.2318,0.2426,11.8500,0.1599,0.1578,0.0021,20.3883,8.8037,8.5457,8043.5449,8.3784,NA,NA
SandFall-Win64-Shipping.exe,19588,0x2EC4BC3AB90,DXGI,0,512,1,Hardware: Independent Flip,8044.0193,17.3361,17.0420,0.2941,11.5355,17.0524,17.0443,0.0081,28.7176,8.4293,-8.3293,8044.0193,0.1297,NA,NA
SandFall-Win64-Shipping.exe,19588,0x2EC4BC3AB90,DXGI,0,512,1,Hardware: Independent Flip,8061.3554,0.3398,0.1639,0.1759,11.2518,0.1492,0.1476,0.0016,19.8108,8.5470,8.9068,8061.3554,8.4098,NA,NA
SandFall-Win64-Shipping.exe,19588,0x2EC4BC3AB90,DXGI,0,512,1,Hardware: Independent Flip,8061.6952,15.8552,15.5476,0.3076,11.0612,16.9559,16.9490,0.0069,28.0180,8.4958,-8.2072,8061.6952,0.0009,NA,NA
SandFall-Win64-Shipping.exe,19588,0x2EC4BC3AB90,DXGI,0,512,1,Hardware: Independent Flip,8077.5504,0.3811,0.1708,0.2103,12.1619,0.1452,0.1452,0.0000,20.6586,8.6066,7.3594,8077.5504,8.3515,NA,NA
SandFall-Win64-Shipping.exe,19588,0x2EC4BC3AB90,DXGI,0,512,1,Hardware: Independent Flip,8077.9315,17.2594,16.9919,0.2675,11.9260,16.9570,16.9492,0.0078,28.8841,8.5447,-8.2255,8077.9315,0.0011,NA,NA
SandFall-Win64-Shipping.exe,19588,0x2EC4BC3AB90,DXGI,0,512,1,Hardware: Independent Flip,8095.1909,0.3916,0.1791,0.2125,11.6236,0.1006,0.0990,0.0016,20.1694,8.6629,8.7147,8095.1909,8.4452,NA,NA
SandFall-Win64-Shipping.exe,19588,0x2EC4BC3AB90,DXGI,0,512,1,Hardware: Independent Flip,8095.5825,16.7067,16.4423,0.2644,11.3326,17.1077,17.1014,0.0063,28.4407,8.6360,-8.2713,8095.5825,0.0004,NA,NA
SandFall-Win64-Shipping.exe,19588,0x2EC4BC3AB90,DXGI,0,512,1,Hardware: Independent Flip,8112.2892,0.3073,0.1551,0.1522,11.7336,0.1013,0.0955,0.0058,20.3700,8.4422,8.0707,8112.2892,8.5351,NA,NA
SandFall-Win64-Shipping.exe,19588,0x2EC4BC3AB90,DXGI,0,512,1,Hardware: Independent Flip,8112.5965,20.4046,19.9590,0.4456,11.5276,16.9766,16.9651,0.0115,28.5049,8.7035,-8.1349,8112.5965,0.0007,NA,NA
SandFall-Win64-Shipping.exe,19588,0x2EC4BC3AB90,DXGI,0,512,1,Hardware: Independent Flip,8133.0011,0.6006,0.2796,0.3210,8.0996,0.1376,0.1354,0.0022,16.8038,8.3861,11.7011,8133.0011,8.5666,NA,NA
SandFall-Win64-Shipping.exe,19588,0x2EC4BC3AB90,DXGI,0,512,1,Hardware: Independent Flip,8133.6017,14.1306,13.8092,0.3214,7.6366,16.9522,16.9417,0.0105,24.5893,8.5342,-7.7855,8133.6017,0.0005,NA,NA
SandFall-Win64-Shipping.exe,19588,0x2EC4BC3AB90,DXGI,0,512,1,Hardware: Independent Flip,8147.7323,0.4022,0.2289,0.1733,10.4582,0.0964,0.0947,0.0017,18.9929,9.8006,5.5964,8147.7323,8.4383,NA,NA
SandFall-Win64-Shipping.exe,19588,0x2EC4BC3AB90,DXGI,0,512,1,Hardware: Independent Flip,8148.1345,21.3686,21.0782,0.2904,10.1524,18.1588,17.0908,1.0680,28.3913,9.0711,-9.3984,8148.1345,0.0801,NA,NA
SandFall-Win64-Shipping.exe,19588,0x2EC4BC3AB90,DXGI,0,512,1,Hardware: Independent Flip,8169.5031,0.3426,0.1647,0.1779,6.9426,0.1421,0.1399,0.0022,16.0938,8.4811,12.2975,8169.5031,9.0091,NA,NA
SandFall-Win64-Shipping.exe,19588,0x2EC4BC3AB90,DXGI,0,512,1,Hardware: Independent Flip,8169.8457,15.3670,14.9536,0.4134,6.7421,17.4900,17.1627,0.3273,24.2323,8.8154,-8.1385,8169.8457,0.0002,NA,NA
SandFall-Win64-Shipping.exe,19588,0x2EC4BC3AB90,DXGI,0,512,1,Hardware: Independent Flip,8185.2127,0.4374,0.2358,0.2016,8.8651,0.1400,0.1377,0.0023,17.6807,8.6212,6.5516,8185.2127,8.6756,NA,NA
SandFall-Win64-Shipping.exe,19588,0x2EC4BC3AB90,DXGI,0,512,1,Hardware: Independent Flip,8185.6501,16.2333,15.8498,0.3835,8.5677,17.2956,17.2889,0.0067,25.8645,8.8002,-8.1838,8185.6501,0.0012,NA,NA
SandFall-Win64-Shipping.exe,19588,0x2EC4BC3AB90,DXGI,0,512,1,Hardware: Independent Flip,8201.8834,0.3973,0.2080,0.1893,9.6300,0.1502,0.1478,0.0024,18.4314,8.4082,7.4331,8201.8834,8.6512,NA,NA
SandFall-Win64-Shipping.exe,19588,0x2EC4BC3AB90,DXGI,0,512,1,Hardware: Independent Flip,8202.2807,14.9668,14.6105,0.3563,9.3829,17.0583,17.0494,0.0089,26.4423,8.5902,-8.0109,8202.2807,0.0011,NA,NA
SandFall-Win64-Shipping.exe,19588,0x2EC4BC3AB90,DXGI,0,512,1,Hardware: Independent Flip,8217.2475,0.3889,0.1853,0.2036,11.4744,0.1294,0.1278,0.0016,20.0657,8.7918,6.3766,8217.2475,8.4619,NA,NA
SandFall-Win64-Shipping.exe,19588,0x2EC4BC3AB90,DXGI,0,512,1,Hardware: Independent Flip,8217.6364,16.5605,16.2411,0.3194,11.2149,17.2091,17.2026,0.0065,28.4686,8.6234,-8.4029,8217.6364,0.0446,NA,NA
SandFall-Win64-Shipping.exe,19588,0x2EC4BC3AB90,DXGI,0,512,1,Hardware: Independent Flip,8234.1969,0.3338,0.1654,0.1684,11.8635,0.1543,0.1543,0.0000,20.5315,9.0505,7.9371,8234.1969,8.5137,NA,NA
SandFall-Win64-Shipping.exe,19588,0x2EC4BC3AB90,DXGI,0,512,1,Hardware: Independent Flip,8234.5307,16.6623,16.3434,0.3189,11.6840,17.5636,17.5568,0.0068,29.2482,8.8800,-8.7167,8234.5307,0.0006,NA,NA
SandFall-Win64-Shipping.exe,19588,0x2EC4BC3AB90,DXGI,0,512,1,Hardware: Independent Flip,8251.1930,0.4347,0.2512,0.1835,12.5853,0.1454,0.1433,0.0021,21.4659,8.4608,7.7823,8251.1930,8.7352,NA,NA
SandFall-Win64-Shipping.exe,19588,0x2EC4BC3AB90,DXGI,0,512,1,Hardware: Independent Flip,8251.6277,17.2027,16.8494,0.3533,12.2960,17.1954,17.1521,0.0433,29.4920,8.6731,-8.0261,8251.6277,0.0006,NA,NA
SandFall-Win64-Shipping.exe,19588,0x2EC4BC3AB90,DXGI,0,512,1,Hardware: Independent Flip,8268.8304,0.3687,0.1806,0.1881,12.2887,0.1768,0.1750,0.0018,20.9624,8.7384,8.5296,8268.8304,8.4969,NA,NA
SandFall-Win64-Shipping.exe,19588,0x2EC4BC3AB90,DXGI,0,512,1,Hardware: Independent Flip,8269.1991,16.5502,16.2112,0.3390,12.0968,17.2350,17.2249,0.0101,29.3321,8.6813,-8.3697,8269.1991,0.0003,NA,NA
SandFall-Win64-Shipping.exe,19588,0x2EC4BC3AB90,DXGI,0,512,1,Hardware: Independent Flip,8285.7493,0.4621,0.2866,0.1755,12.7816,0.1009,0.0992,0.0017,21.4632,8.3646,7.8689,8285.7493,8.5807,NA,NA
SandFall-Win64-Shipping.exe,19588,0x2EC4BC3AB90,DXGI,0,512,1,Hardware: Independent Flip,8286.2114,16.4957,16.1148,0.3809,12.4204,16.9443,16.9377,0.0066,29.3657,8.5716,-7.9025,8286.2114,0.0010,NA,NA
SandFall-Win64-Shipping.exe,19588,0x2EC4BC3AB90,DXGI,0,512,1,Hardware: Independent Flip,8302.7071,0.3706,0.1643,0.2063,12.8690,0.1065,0.1048,0.0017,21.4416,8.6714,7.9241,8302.7071,8.4661,NA,NA
SandFall-Win64-Shipping.exe,19588,0x2EC4BC3AB90,DXGI,0,512,1,Hardware: Independent Flip,8303.0777,19.8740,19.4961,0.3779,12.6049,17.1220,17.1138,0.0082,29.7424,8.5492,-8.3008,8303.0777,0.0155,NA,NA
SandFall-Win64-Shipping.exe,19588,0x2EC4BC3AB90,DXGI,0,512,1,Hardware: Independent Flip,8322.9517,0.3889,0.2008,0.1881,9.8529,0.0999,0.0983,0.0016,18.4176,9.0025,11.3248,8322.9517,8.4648,NA,NA
SandFall-Win64-Shipping.exe,19588,0x2EC4BC3AB90,DXGI,0,512,1,Hardware: Independent Flip,8323.3406,17.8666,17.5080,0.3586,9.5639,17.3872,17.3816,0.0056,27.0312,8.6266,-8.6136,8323.3406,0.0801,NA,NA
SandFall-Win64-Shipping.exe,19588,0x2EC4BC3AB90,DXGI,0,512,1,Hardware: Independent Flip,8341.2072,0.3659,0.1789,0.1870,9.0845,0.1475,0.1455,0.0020,17.7912,8.4306,9.2400,8341.2072,8.5592,NA,NA
SandFall-Win64-Shipping.exe,19588,0x2EC4BC3AB90,DXGI,0,512,1,Hardware: Independent Flip,8341.5731,13.7075,13.4427,0.2648,8.8661,16.9894,16.9794,0.0100,25.8559,8.6366,-8.0647,8341.5731,0.0004,NA,NA
SandFall-Win64-Shipping.exe,19588,0x2EC4BC3AB90,DXGI,0,512,1,Hardware: Independent Flip,8355.2806,0.3274,0.1634,0.1640,12.1480,0.1355,0.1340,0.0015,20.7850,8.5743,5.0709,8355.2806,8.5015,NA,NA
SandFall-Win64-Shipping.exe,19588,0x2EC4BC3AB90,DXGI,0,512,1,Hardware: Independent Flip,8355.6080,16.8604,16.5934,0.2670,11.9561,17.0749,17.0677,0.0072,29.0319,8.5531,-8.2469,8355.6080,0.0009,NA,NA
SandFall-Win64-Shipping.exe,19588,0x2EC4BC3AB90,DXGI,0,512,1,Hardware: Independent Flip,8372.4684,0.3081,0.1533,0.1548,12.1706,0.1013,0.0998,0.0015,20.7246,8.5339,8.3073,8372.4684,8.4527,NA,NA
SandFall-Win64-Shipping.exe,19588,0x2EC4BC3AB90,DXGI,0,512,1,Hardware: Independent Flip,8372.7765,17.9307,17.6467,0.2840,11.9638,16.9555,16.9429,0.0126,28.9504,8.5053,-8.2258,8372.7765,0.0311,NA,NA
SandFall-Win64-Shipping.exe,19588,0x2EC4BC3AB90,DXGI,0,512,1,Hardware: Independent Flip,8390.7072,0.3614,0.1783,0.1831,10.9886,0.3381,0.3342,0.0039,19.5250,9.5387,9.4254,8390.7072,8.1983,NA,NA
SandFall-Win64-Shipping.exe,19588,0x2EC4BC3AB90,DXGI,0,512,1,Hardware: Independent Flip,8391.0686,17.3295,16.9889,0.3406,10.9653,17.6730,17.6676,0.0054,28.7023,8.9272,-9.1773,8391.0686,0.0640,NA,NA
SandFall-Win64-Shipping.exe,19588,0x2EC4BC3AB90,DXGI,0,512,1,Hardware: Independent Flip,8408.3981,0.3808,0.1994,0.1814,11.3088,0.1597,0.1577,0.0020,20.3000,8.1742,8.4023,8408.3981,8.8315,NA,NA
SandFall-Win64-Shipping.exe,19588,0x2EC4BC3AB90,DXGI,0,512,1,Hardware: Independent Flip,8408.7789,17.0122,16.5719,0.4403,11.0877,17.0050,16.9980,0.0070,28.0934,9.0000,-7.7934,8408.7789,0.0007,NA,NA
SandFall-Win64-Shipping.exe,19588,0x2EC4BC3AB90,DXGI,0,512,1,Hardware: Independent Flip,8425.7911,0.4380,0.2187,0.2193,11.0805,0.1414,0.1398,0.0016,20.0812,8.4161,8.0122,8425.7911,8.8593,NA,NA
SandFall-Win64-Shipping.exe,19588,0x2EC4BC3AB90,DXGI,0,512,1,Hardware: Independent Flip,8426.2291,19.1483,18.7657,0.3826,10.7839,17.2747,17.2683,0.0064,28.0593,8.6678,-7.9781,8426.2291,0.0007,NA,NA
SandFall-Win64-Shipping.exe,19588,0x2EC4BC3AB90,DXGI,0,512,1,Hardware: Independent Flip,8445.3774,0.4917,0.2708,0.2209,8.9103,0.1052,0.1033,0.0019,17.5788,8.3403,10.4805,8445.3774,8.5633,NA,NA
SandFall-Win64-Shipping.exe,19588,0x2EC4BC3AB90,DXGI,0,512,1,Hardware: Independent Flip,8445.8691,14.6297,14.3357,0.2940,8.5238,16.9027,16.8966,0.0061,25.4274,8.4781,-7.8486,8445.8691,0.0009,NA,NA
SandFall-Win64-Shipping.exe,19588,0x2EC4BC3AB90,DXGI,0,512,1,Hardware: Independent Flip,8460.4988,0.3512,0.1811,0.1701,10.7968,0.1410,0.1390,0.0020,19.2758,8.7258,6.1516,8460.4988,8.3380,NA,NA
SandFall-Win64-Shipping.exe,19588,0x2EC4BC3AB90,DXGI,0,512,1,Hardware: Independent Flip,8460.8500,17.0180,16.6267,0.3913,10.5866,17.0484,17.0414,0.0070,27.6504,8.5909,-8.3746,8460.8500,0.0154,NA,NA
SandFall-Win64-Shipping.exe,19588,0x2EC4BC3AB90,DXGI,0,512,1,Hardware: Independent Flip,8477.8680,0.3556,0.1870,0.1686,10.6170,0.2013,0.2013,0.0000,19.2233,8.5785,8.4271,8477.8680,8.4050,NA,NA
SandFall-Win64-Shipping.exe,19588,0x2EC4BC3AB90,DXGI,0,512,1,Hardware: Independent Flip,8478.2236,17.1134,16.7765,0.3369,10.4627,16.8702,16.8641,0.0061,27.4462,8.3883,-8.2229,8478.2236,0.1133,NA,NA
SandFall-Win64-Shipping.exe,19588,0x2EC4BC3AB90,DXGI,0,512,1,Hardware: Independent Flip,8495.3370,0.3578,0.1652,0.1926,10.2195,0.0722,0.0683,0.0039,18.7211,8.8431,8.7251,8495.3370,8.4294,NA,NA
SandFall-Win64-Shipping.exe,19588,0x2EC4BC3AB90,DXGI,0,512,1,Hardware: Independent Flip,8495.6948,16.4201,16.1271,0.2930,9.9339,17.1456,17.1370,0.0086,27.2064,8.4261,-8.4853,8495.6948,0.1269,NA,NA
SandFall-Win64-Shipping.exe,19588,0x2EC4BC3AB90,DXGI,0,512,1,Hardware: Independent Flip,8512.1149,0.3951,0.2018,0.1933,10.6594,0.1257,0.1240,0.0017,19.2124,8.9024,7.9940,8512.1149,8.4273,NA,NA
SandFall-Win64-Shipping.exe,19588,0x2EC4BC3AB90,DXGI,0,512,1,Hardware: Independent Flip,8512.5100,20.0900,19.7930,0.2970,10.3900,17.3292,17.1906,0.1386,27.7197,8.7051,-8.5073,8512.5100,0.0005,NA,NA
SandFall-Win64-Shipping.exe,19588,0x2EC4BC3AB90,DXGI,0,512,1,Hardware: Independent Flip,8532.6000,0.5480,0.1649,0.3831,7.6292,0.1403,0.1403,0.0000,16.3348,8.3065,11.3849,8532.6000,8.5653,NA,NA
SandFall-Win64-Shipping.exe,19588,0x2EC4BC3AB90,DXGI,0,512,1,Hardware: Independent Flip,8533.1480,14.0858,13.8307,0.2551,7.2215,16.8710,16.8649,0.0061,24.0933,8.8344,-7.7585,8533.1480,0.0008,NA,NA
SandFall-Win64-Shipping.exe,19588,0x2EC4BC3AB90,DXGI,0,512,1,Hardware: Independent Flip,8547.2338,0.3333,0.1617,0.1716,10.0067,0.1518,0.1501,0.0017,18.8419,8.4090,5.2514,8547.2338,8.6834,NA,NA
SandFall-Win64-Shipping.exe,19588,0x2EC4BC3AB90,DXGI,0,512,1,Hardware: Independent Flip,8547.5671,18.2677,17.9315,0.3362,9.8252,17.0915,17.0809,0.0106,26.9176,8.5580,-8.0757,8547.5671,0.0009,NA,NA
SandFall-Win64-Shipping.exe,19588,0x2EC4BC3AB90,DXGI,0,512,1,Hardware: Independent Flip,8565.8348,0.3840,0.1786,0.2054,8.6490,0.1302,0.1282,0.0020,17.2079,8.5655,9.7097,8565.8348,8.4287,NA,NA
SandFall-Win64-Shipping.exe,19588,0x2EC4BC3AB90,DXGI,0,512,1,Hardware: Independent Flip,8566.2188,15.0183,14.7025,0.3158,8.3952,16.9929,16.9818,0.0111,25.3894,8.5756,-8.1815,8566.2188,0.0013,NA,NA
SandFall-Win64-Shipping.exe,19588,0x2EC4BC3AB90,DXGI,0,512,1,Hardware: Independent Flip,8581.2371,0.3586,0.1903,0.1683,10.3698,0.1361,0.1361,0.0000,18.9467,8.7019,6.4427,8581.2371,8.4408,NA,NA
SandFall-Win64-Shipping.exe,19588,0x2EC4BC3AB90,DXGI,0,512,1,Hardware: Independent Flip,8581.5957,16.7480,16.4594,0.2886,10.1473,17.1281,17.1178,0.0103,27.2900,8.5483,-8.3433,8581.5957,0.0146,NA,NA
SandFall-Win64-Shipping.exe,19588,0x2EC4BC3AB90,DXGI,0,512,1,Hardware: Independent Flip,8598.3437,0.3774,0.1752,0.2022,10.5274,0.1028,0.1007,0.0021,19.0903,8.8587,8.1997,8598.3437,8.4601,NA,NA
SandFall-Win64-Shipping.exe,19588,0x2EC4BC3AB90,DXGI,0,512,1,Hardware: Independent Flip,8598.7211,16.8876,16.5477,0.3399,10.2528,17.3182,17.3090,0.0092,27.5716,8.7283,-8.4813,8598.7211,0.0006,NA,NA
SandFall-Win64-Shipping.exe,19588,0x2EC4BC3AB90,DXGI,0,512,1,Hardware: Independent Flip,8615.6087,0.3930,0.2245,0.1685,10.6834,0.1483,0.1483,0.0000,19.4123,8.3162,8.1593,8615.6087,8.5806,NA,NA
SandFall-Win64-Shipping.exe,19588,0x2EC4BC3AB90,DXGI,0,512,1,Hardware: Independent Flip,8616.0017,16.8550,16.4861,0.3689,10.4387,16.8964,16.8895,0.0069,27.3355,8.6683,-7.9232,8616.0017,0.0004,NA,NA
SandFall-Win64-Shipping.exe,19588,0x2EC4BC3AB90,DXGI,0,512,1,Hardware: Independent Flip,8632.8567,0.4016,0.2213,0.1803,10.4801,0.1815,0.1793,0.0022,19.1488,8.7834,8.1867,8632.8567,8.4872,NA,NA
SandFall-Win64-Shipping.exe,19588,0x2EC4BC3AB90,DXGI,0,512,1,Hardware: Independent Flip,8633.2583,16.2610,16.0011,0.2599,10.2600,17.2420,17.1862,0.0558,27.5306,8.6792,-8.3818,8633.2583,0.0286,NA,NA
SandFall-Win64-Shipping.exe,19588,0x2EC4BC3AB90,DXGI,0,512,1,Hardware: Independent Flip,8649.5193,0.3920,0.1923,0.1997,11.2410,0.1952,0.1952,0.0000,19.9488,8.4521,7.5818,8649.5193,8.5126,NA,NA
SandFall-Win64-Shipping.exe,19588,0x2EC4BC3AB90,DXGI,0,512,1,Hardware: Independent Flip,8649.9113,17.1266,16.8265,0.3001,11.0442,16.9640,16.9556,0.0084,28.0089,8.5307,-8.0601,8649.9113,0.0007,NA,NA
SandFall-Win64-Shipping.exe,19588,0x2EC4BC3AB90,DXGI,0,512,1,Hardware: Independent Flip,8667.0379,0.3803,0.2075,0.1728,10.8816,0.1034,0.1018,0.0016,19.4130,8.7253,8.5959,8667.0379,8.4280,NA,NA
SandFall-Win64-Shipping.exe,19588,0x2EC4BC3AB90,DXGI,0,512,1,Hardware: Independent Flip,8667.4182,16.5804,16.2394,0.3410,10.6047,17.1352,17.1270,0.0082,27.7580,8.5481,-8.3450,8667.4182,0.0181,NA,NA
SandFall-Win64-Shipping.exe,19588,0x2EC4BC3AB90,DXGI,0,512,1,Hardware: Independent Flip,8683.9986,0.4096,0.1938,0.2158,11.1595,0.1006,0.0989,0.0017,19.7257,8.8501,8.0323,8683.9986,8.4656,NA,NA
SandFall-Win64-Shipping.exe,19588,0x2EC4BC3AB90,DXGI,0,512,1,Hardware: Independent Flip,8684.4082,16.6943,16.4171,0.2772,10.8505,17.2877,17.2794,0.0083,28.1662,8.6103,-8.4405,8684.4082,0.0280,NA,NA
SandFall-Win64-Shipping.exe,19588,0x2EC4BC3AB90,DXGI,0,512,1,Hardware: Independent Flip,8701.1025,0.3586,0.1579,0.2007,11.4439,0.1011,0.0996,0.0015,20.0822,8.3992,8.0840,8701.1025,8.5372,NA,NA
SandFall-Win64-Shipping.exe,19588,0x2EC4BC3AB90,DXGI,0,512,1,Hardware: Independent Flip,8701.4611,17.7889,17.4973,0.2916,11.1864,16.9356,16.9290,0.0066,28.1228,8.5464,-8.0406,8701.4611,0.0008,NA,NA
SandFall-Win64-Shipping.exe,19588,0x2EC4BC3AB90,DXGI,0,512,1,Hardware: Independent Flip,8719.2500,0.3919,0.1951,0.1968,10.3331,0.1023,0.1006,0.0017,18.8803,8.6329,9.2425,8719.2500,8.4449,NA,NA
SandFall-Win64-Shipping.exe,19588,0x2EC4BC3AB90,DXGI,0,512,1,Hardware: Independent Flip,8719.6419,16.4736,16.1531,0.3205,10.0435,17.0167,17.0109,0.0058,27.1213,8.4876,-8.2410,8719.6419,0.0611,NA,NA
SandFall-Win64-Shipping.exe,19588,0x2EC4BC3AB90,DXGI,0,512,1,Hardware: Independent Flip,8736.1155,0.3648,0.1965,0.1683,10.5866,0.1284,0.1267,0.0017,19.1353,8.8451,7.9860,8736.1155,8.4203,NA,NA
SandFall-Win64-Shipping.exe,19588,0x2EC4BC3AB90,DXGI,0,512,1,Hardware: Independent Flip,8736.4803,16.6157,16.2877,0.3280,10.3502,17.2346,17.2284,0.0062,27.6156,8.5713,-8.4803,8736.4803,0.0308,NA,NA
SandFall-Win64-Shipping.exe,19588,0x2EC4BC3AB90,DXGI,0,512,1,Hardware: Independent Flip,8753.0960,0.3628,0.1735,0.1893,10.9691,0.1089,0.1073,0.0016,19.5712,8.6070,8.0444,8753.0960,8.4932,NA,NA
SandFall-Win64-Shipping.exe,19588,0x2EC4BC3AB90,DXGI,0,512,1,Hardware: Independent Flip,8753.4588,18.2384,17.8786,0.3598,10.7152,17.0996,17.0922,0.0074,27.8154,8.5340,-8.2442,8753.4588,0.0006,NA,NA
SandFall-Win64-Shipping.exe,19588,0x2EC4BC3AB90,DXGI,0,512,1,Hardware: Independent Flip,8771.6972,0.4773,0.2398,0.2375,9.5764,0.0995,0.0976,0.0019,18.1110,8.6239,9.7044,8771.6972,8.4351,NA,NA
SandFall-Win64-Shipping.exe,19588,0x2EC4BC3AB90,DXGI,0,512,1,Hardware: Independent Flip,8772.1745,15.4326,15.0840,0.3486,9.1986,17.0585,17.0502,0.0083,26.2576,8.6005,-8.1466,8772.1745,0.0005,NA,NA
SandFall-Win64-Shipping.exe,19588,0x2EC4BC3AB90,DXGI,0,512,1,Hardware: Independent Flip,8787.6071,0.3775,0.1953,0.1822,10.8245,0.0941,0.0900,0.0041,19.4255,8.4718,6.8321,8787.6071,8.5069,NA,NA
SandFall-Win64-Shipping.exe,19588,0x2EC4BC3AB90,DXGI,0,512,1,Hardware: Independent Flip,8787.9846,17.1637,16.8117,0.3520,10.5411,16.9777,16.9697,0.0080,27.5198,8.6573,-8.0943,8787.9846,0.0010,NA,NA
SandFall-Win64-Shipping.exe,19588,0x2EC4BC3AB90,DXGI,0,512,1,Hardware: Independent Flip,8805.1483,0.3528,0.1809,0.1719,10.3551,0.1340,0.1323,0.0017,19.0134,8.8514,8.5064,8805.1483,8.5243,NA,NA
SandFall-Win64-Shipping.exe,19588,0x2EC4BC3AB90,DXGI,0,512,1,Hardware: Independent Flip,8805.5011,16.0518,15.7512,0.3006,10.1363,17.3749,17.3674,0.0075,27.5120,8.8369,-8.4986,8805.5011,0.0008,NA,NA
SandFall-Win64-Shipping.exe,19588,0x2EC4BC3AB90,DXGI,0,512,1,Hardware: Independent Flip,8821.5529,0.3924,0.1659,0.2265,11.4594,0.1370,0.1354,0.0016,20.2971,8.2587,7.2149,8821.5529,8.7007,NA,NA
SandFall-Win64-Shipping.exe,19588,0x2EC4BC3AB90,DXGI,0,512,1,Hardware: Independent Flip,8821.9453,17.1805,16.8639,0.3166,11.2040,16.9588,16.9528,0.0060,28.1634,8.7394,-7.8663,8821.9453,0.0006,NA,NA
SandFall-Win64-Shipping.exe,19588,0x2EC4BC3AB90,DXGI,0,512,1,Hardware: Independent Flip,8839.1258,0.3506,0.1679,0.1827,10.9823,0.1438,0.1438,0.0000,19.7223,8.5719,8.4411,8839.1258,8.5962,NA,NA
SandFall-Win64-Shipping.exe,19588,0x2EC4BC3AB90,DXGI,0,512,1,Hardware: Independent Flip,8839.4764,16.8737,16.3343,0.5394,10.7755,17.1441,17.1370,0.0071,27.9436,8.5692,-8.2213,8839.4764,0.0240,NA,NA
SandFall-Win64-Shipping.exe,19588,0x2EC4BC3AB90,DXGI,0,512,1,Hardware: Independent Flip,8856.3501,0.5557,0.3263,0.2294,11.0459,0.0996,0.0978,0.0018,19.6391,8.5668,8.3045,8856.3501,8.4936,NA,NA
SandFall-Win64-Shipping.exe,19588,0x2EC4BC3AB90,DXGI,0,512,1,Hardware: Independent Flip,8856.9058,16.7071,16.3216,0.3855,10.5898,16.9583,16.9523,0.0060,27.6502,8.4111,-8.0111,8856.9058,0.1021,NA,NA
SandFall-Win64-Shipping.exe,19588,0x2EC4BC3AB90,DXGI,0,512,1,Hardware: Independent Flip,8873.6129,0.3927,0.2025,0.1902,10.8410,0.2119,0.2074,0.0045,19.3542,8.8293,8.2960,8873.6129,8.3013,NA,NA
SandFall-Win64-Shipping.exe,19588,0x2EC4BC3AB90,DXGI,0,512,1,Hardware: Independent Flip,8874.0056,16.8683,16.5282,0.3401,10.6602,17.0042,16.9970,0.0072,27.7908,8.4277,-8.4366,8874.0056,0.1264,NA,NA
SandFall-Win64-Shipping.exe,19588,0x2EC4BC3AB90,DXGI,0,512,1,Hardware: Independent Flip,8890.8739,0.3712,0.1829,0.1883,10.7961,0.1770,0.1754,0.0016,19.3502,8.7507,8.4406,8890.8739,8.3771,NA,NA
SandFall-Win64-Shipping.exe,19588,0x2EC4BC3AB90,DXGI,0,512,1,Hardware: Independent Flip,8891.2451,16.9539,16.6156,0.3383,10.6019,17.1274,17.1193,0.0081,27.7297,8.5897,-8.3795,8891.2451,0.0004,NA,NA
SandFall-Win64-Shipping.exe,19588,0x2EC4BC3AB90,DXGI,0,512,1,Hardware: Independent Flip,8908.1990,0.3689,0.2014,0.1675,10.7754,0.1025,0.1008,0.0017,19.3655,8.5928,8.3642,8908.1990,8.4876,NA,NA
SandFall-Win64-Shipping.exe,19588,0x2EC4BC3AB90,DXGI,0,512,1,Hardware: Independent Flip,8908.5679,18.3610,18.0945,0.2665,10.5090,17.0795,17.0746,0.0049,27.5894,8.6188,-8.2239,8908.5679,0.0009,NA,NA
SandFall-Win64-Shipping.exe,19588,0x2EC4BC3AB90,DXGI,0,512,1,Hardware: Independent Flip,8926.9289,0.5116,0.1673,0.3443,9.2275,0.1426,0.1426,0.0000,17.8472,8.7738,9.7422,8926.9289,8.4771,NA,NA
SandFall-Win64-Shipping.exe,19588,0x2EC4BC3AB90,DXGI,0,512,1,Hardware: Independent Flip,8927.4405,15.0873,14.7236,0.3637,8.8585,17.2499,17.2435,0.0064,26.1094,8.7163,-8.2622,8927.4405,0.0010,NA,NA
SandFall-Win64-Shipping.exe,19588,0x2EC4BC3AB90,DXGI,0,512,1,Hardware: Independent Flip,8942.5278,0.3585,0.1842,0.1743,11.0211,0.1357,0.1337,0.0020,19.7384,8.5277,6.3710,8942.5278,8.5816,NA,NA
SandFall-Win64-Shipping.exe,19588,0x2EC4BC3AB90,DXGI,0,512,1,Hardware: Independent Flip,8942.8863,17.0154,16.7497,0.2657,10.7983,17.1088,17.1031,0.0057,27.9076,8.6035,-8.1692,8942.8863,0.0005,NA,NA
SandFall-Win64-Shipping.exe,19588,0x2EC4BC3AB90,DXGI,0,512,1,Hardware: Independent Flip,8959.9017,0.3845,0.1966,0.1879,10.8917,0.0986,0.0970,0.0016,19.4957,8.5490,8.4119,8959.9017,8.5054,NA,NA
SandFall-Win64-Shipping.exe,19588,0x2EC4BC3AB90,DXGI,0,512,1,Hardware: Independent Flip,8960.2862,16.6710,16.3896,0.2814,10.6058,17.0538,17.0482,0.0056,27.6602,8.7339,-8.1645,8960.2862,0.0006,NA,NA
SandFall-Win64-Shipping.exe,19588,0x2EC4BC3AB90,DXGI,0,512,1,Hardware: Independent Flip,8976.9572,0.4130,0.1938,0.2192,10.9886,0.1041,0.1025,0.0016,19.7231,8.2932,7.9371,8976.9572,8.6304,NA,NA
SandFall-Win64-Shipping.exe,19588,0x2EC4BC3AB90,DXGI,0,512,1,Hardware: Independent Flip,8977.3702,16.3255,15.9911,0.3344,10.6797,16.9226,16.9154,0.0072,27.6033,8.6795,-7.8802,8977.3702,0.0010,NA,NA
SandFall-Win64-Shipping.exe,19588,0x2EC4BC3AB90,DXGI,0,512,1,Hardware: Independent Flip,8993.6957,0.4903,0.2217,0.2686,11.2768,0.1529,0.1513,0.0016,19.9573,8.6077,7.6460,8993.6957,8.5276,NA,NA
SandFall-Win64-Shipping.exe,19588,0x2EC4BC3AB90,DXGI,0,512,1,Hardware: Independent Flip,8994.1860,16.7144,16.4425,0.2719,10.9394,17.1165,17.1075,0.0090,28.0747,8.5648,-8.1174,8994.1860,0.0188,NA,NA
SandFall-Win64-Shipping.exe,19588,0x2EC4BC3AB90,DXGI,0,512,1,Hardware: Independent Flip,9010.9004,0.4053,0.2390,0.1663,11.3415,0.1011,0.0991,0.0020,19.9251,9.0540,8.1496,9010.9004,8.4825,NA,NA
SandFall-Win64-Shipping.exe,19588,0x2EC4BC3AB90,DXGI,0,512,1,Hardware: Independent Flip,9011.3057,16.9263,16.6107,0.3156,11.0373,17.4644,17.4585,0.0059,28.5738,8.6433,-8.6487,9011.3057,0.0721,NA,NA
SandFall-Win64-Shipping.exe,19588,0x2EC4BC3AB90,DXGI,0,512,1,Hardware: Independent Flip,9028.2320,0.4193,0.2358,0.1835,11.5754,0.1200,0.1179,0.0021,20.2908,8.2259,8.2830,9028.2320,8.5954,NA,NA
SandFall-Win64-Shipping.exe,19588,0x2EC4BC3AB90,DXGI,0,512,1,Hardware: Independent Flip,9028.6513,18.6534,18.3849,0.2685,11.2761,16.8206,16.8141,0.0065,28.0974,8.4292,-7.8066,9028.6513,0.0007,NA,NA
SandFall-Win64-Shipping.exe,19588,0x2EC4BC3AB90,DXGI,0,512,1,Hardware: Independent Flip,9047.3047,0.4726,0.2276,0.2450,9.4433,0.1275,0.1275,0.0000,17.8732,8.7532,10.2242,9047.3047,8.3024,NA,NA
SandFall-Win64-Shipping.exe,19588,0x2EC4BC3AB90,DXGI,0,512,1,Hardware: Independent Flip,9047.7773,16.8510,16.5451,0.3059,9.0982,17.0491,17.0423,0.0068,26.1538,8.5797,-8.2806,9047.7773,0.0065,NA,NA
SandFall-Win64-Shipping.exe,19588,0x2EC4BC3AB90,DXGI,0,512,1,Hardware: Independent Flip,9064.6283,0.4921,0.2848,0.2073,9.2963,0.1457,0.1434,0.0023,17.8825,8.4445,8.2713,9064.6283,8.4405,NA,NA
SandFall-Win64-Shipping.exe,19588,0x2EC4BC3AB90,DXGI,0,512,1,Hardware: Independent Flip,9065.1204,14.3066,14.0062,0.3004,8.9499,16.8844,16.8773,0.0071,25.8349,8.6630,-7.9524,9065.1204,0.0006,NA,NA
SandFall-Win64-Shipping.exe,19588,0x2EC4BC3AB90,DXGI,0,512,1,Hardware: Independent Flip,9079.4270,0.3477,0.1808,0.1669,11.5277,0.1372,0.1372,0.0000,20.1913,8.6791,5.6436,9079.4270,8.5264,NA,NA
SandFall-Win64-Shipping.exe,19588,0x2EC4BC3AB90,DXGI,0,512,1,Hardware: Independent Flip,9079.7747,18.1975,17.8983,0.2992,11.3172,17.2049,17.1968,0.0081,28.5227,8.7079,-8.3314,9079.7747,0.0006,NA,NA
SandFall-Win64-Shipping.exe,19588,0x2EC4BC3AB90,DXGI,0,512,1,Hardware: Independent Flip,9097.9722,0.3548,0.1789,0.1759,10.3246,0.1627,0.1584,0.0043,19.0331,8.6450,9.4896,9097.9722,8.5458,NA,NA
SandFall-Win64-Shipping.exe,19588,0x2EC4BC3AB90,DXGI,0,512,1,Hardware: Independent Flip,9098.3270,15.8628,15.6044,0.2584,10.1325,17.1899,17.1834,0.0065,27.3233,8.6718,-8.2902,9098.3270,0.0009,NA,NA
SandFall-Win64-Shipping.exe,19588,0x2EC4BC3AB90,DXGI,0,512,1,Hardware: Independent Flip,9114.1898,0.3466,0.1628,0.1838,11.4596,0.1141,0.1125,0.0016,20.1323,8.4314,7.1910,9114.1898,8.5586,NA,NA
SandFall-Win64-Shipping.exe,19588,0x2EC4BC3AB90,DXGI,0,512,1,Hardware: Independent Flip,9114.5364,17.0917,16.7885,0.3032,11.2271,16.9890,16.9780,0.0110,28.2171,8.6413,-8.0848,9114.5364,0.0010,NA,NA
SandFall-Win64-Shipping.exe,19588,0x2EC4BC3AB90,DXGI,0,512,1,Hardware: Independent Flip,9131.6281,0.3889,0.2043,0.1846,11.1244,0.1007,0.0989,0.0018,19.7667,8.4372,8.4504,9131.6281,8.5416,NA,NA
SandFall-Win64-Shipping.exe,19588,0x2EC4BC3AB90,DXGI,0,512,1,Hardware: Independent Flip,9132.0170,16.8781,16.6110,0.2671,10.8362,16.9534,16.9464,0.0070,27.8150,8.4855,-8.0483,9132.0170,0.0254,NA,NA
SandFall-Win64-Shipping.exe,19588,0x2EC4BC3AB90,DXGI,0,512,1,Hardware: Independent Flip,9148.8951,0.4272,0.2500,0.1772,10.9115,0.1237,0.1221,0.0016,19.4224,8.8583,8.3926,9148.8951,8.3872,NA,NA
SandFall-Win64-Shipping.exe,19588,0x2EC4BC3AB90,DXGI,0,512,1,Hardware: Independent Flip,9149.3223,19.7999,19.3799,0.4200,10.6080,17.2101,17.2043,0.0058,27.8535,8.5988,-8.4311,9149.3223,0.0354,NA,NA
SandFall-Win64-Shipping.exe,19588,0x2EC4BC3AB90,DXGI,0,512,1,Hardware: Independent Flip,9169.1222,0.4734,0.2365,0.2369,8.0182,0.1213,0.1197,0.0016,16.6524,8.4854,11.2011,9169.1222,8.5129,NA,NA
SandFall-Win64-Shipping.exe,19588,0x2EC4BC3AB90,DXGI,0,512,1,Hardware: Independent Flip,9169.5956,13.6710,13.4125,0.2585,7.6661,16.9957,16.9890,0.0067,24.6644,8.5655,-8.0120,9169.5956,0.0026,NA,NA
SandFall-Win64-Shipping.exe,19588,0x2EC4BC3AB90,DXGI,0,512,1,Hardware: Independent Flip,9183.2666,0.4682,0.2181,0.2501,10.9908,0.0999,0.0978,0.0021,19.5589,8.5785,5.1055,9183.2666,8.4682,NA,NA
SandFall-Win64-Shipping.exe,19588,0x2EC4BC3AB90,DXGI,0,512,1,Hardware: Independent Flip,9183.7348,16.6333,16.3594,0.2739,10.6225,17.0210,17.0133,0.0077,27.6692,8.5104,-8.1103,9183.7348,0.0257,NA,NA
SandFall-Win64-Shipping.exe,19588,0x2EC4BC3AB90,DXGI,0,512,1,Hardware: Independent Flip,9200.3681,0.4490,0.2191,0.2299,11.0102,0.1319,0.1299,0.0020,19.5463,8.4938,8.1229,9200.3681,8.4042,NA,NA
SandFall-Win64-Shipping.exe,19588,0x2EC4BC3AB90,DXGI,0,512,1,Hardware: Independent Flip,9200.8171,16.5492,16.2716,0.2776,10.6931,16.8753,16.8642,0.0111,27.5911,8.4183,-8.0448,9200.8171,0.0227,NA,NA
SandFall-Win64-Shipping.exe,19588,0x2EC4BC3AB90,DXGI,0,512,1,Hardware: Independent Flip,9217.3663,0.3532,0.1833,0.1699,11.0192,0.1108,0.1091,0.0017,19.4602,9.0632,8.1309,9217.3663,8.3302,NA,NA
SandFall-Win64-Shipping.exe,19588,0x2EC4BC3AB90,DXGI,0,512,1,Hardware: Independent Flip,9217.7195,17.7132,17.4393,0.2739,10.7768,17.3356,17.3270,0.0086,28.1702,8.6623,-8.7100,9217.7195,0.0578,NA,NA
SandFall-Win64-Shipping.exe,19588,0x2EC4BC3AB90,DXGI,0,512,1,Hardware: Independent Flip,9235.4327,0.3243,0.1616,0.1627,10.3992,0.1591,0.1576,0.0015,19.1193,8.2422,9.0509,9235.4327,8.5610,NA,NA
SandFall-Win64-Shipping.exe,19588,0x2EC4BC3AB90,DXGI,0,512,1,Hardware: Independent Flip,9235.7570,16.6173,16.2721,0.3452,10.2340,16.8025,16.7957,0.0068,27.0372,8.6874,-7.9179,9235.7570,0.0007,NA,NA
SandFall-Win64-Shipping.exe,19588,0x2EC4BC3AB90,DXGI,0,512,1,Hardware: Independent Flip,9252.3743,0.3677,0.2063,0.1614,10.4192,0.1406,0.1390,0.0016,19.1073,8.6235,7.9299,9252.3743,8.5475,NA,NA
SandFall-Win64-Shipping.exe,19588,0x2EC4BC3AB90,DXGI,0,512,1,Hardware: Independent Flip,9252.7420,16.3412,16.0668,0.2744,10.1921,17.1701,17.1618,0.0083,27.3631,8.6855,-8.2558,9252.7420,0.0009,NA,NA
SandFall-Win64-Shipping.exe,19588,0x2EC4BC3AB90,DXGI,0,512,1,Hardware: Independent Flip,9269.0832,0.4514,0.2414,0.2100,11.0210,0.1355,0.1337,0.0018,19.7074,8.3687,7.6557,9269.0832,8.5509,NA,NA
SandFall-Win64-Shipping.exe,19588,0x2EC4BC3AB90,DXGI,0,512,1,Hardware: Independent Flip,9269.5346,17.9753,17.7031,0.2722,10.7051,16.9185,16.9091,0.0094,27.6247,8.5646,-7.9173,9269.5346,0.0011,NA,NA
SandFall-Win64-Shipping.exe,19588,0x2EC4BC3AB90,DXGI,0,512,1,Hardware: Independent Flip,9287.5099,0.3471,0.1753,0.1718,9.6483,0.1003,0.0985,0.0018,18.2140,8.5370,9.4107,9287.5099,8.4654,NA,NA
SandFall-Win64-Shipping.exe,19588,0x2EC4BC3AB90,DXGI,0,512,1,Hardware: Independent Flip,9287.8570,17.0903,16.8132,0.2771,9.4015,16.9438,16.9375,0.0063,26.4039,8.4611,-8.1899,9287.8570,0.0586,NA,NA
SandFall-Win64-Shipping.exe,19588,0x2EC4BC3AB90,DXGI,0,512,1,Hardware: Independent Flip,9304.9473,0.4118,0.1687,0.2431,9.2550,0.1061,0.1044,0.0017,17.7747,8.3866,8.6292,9304.9473,8.4136,NA,NA
SandFall-Win64-Shipping.exe,19588,0x2EC4BC3AB90,DXGI,0,512,1,Hardware: Independent Flip,9305.3591,14.7976,14.5358,0.2618,8.9493,16.7991,16.7922,0.0069,25.7495,8.3374,-7.9748,9305.3591,0.0011,NA,NA
SandFall-Win64-Shipping.exe,19588,0x2EC4BC3AB90,DXGI,0,512,1,Hardware: Independent Flip,9320.1567,0.3152,0.1525,0.1627,10.9508,0.1083,0.1066,0.0017,19.2893,8.8423,6.4602,9320.1567,8.2302,NA,NA
SandFall-Win64-Shipping.exe,19588,0x2EC4BC3AB90,DXGI,0,512,1,Hardware: Independent Flip,9320.4719,17.7470,17.4780,0.2690,10.7439,16.9187,16.9080,0.0107,27.8164,8.3795,-8.5271,9320.4719,0.1538,NA,NA
SandFall-Win64-Shipping.exe,19588,0x2EC4BC3AB90,DXGI,0,512,1,Hardware: Independent Flip,9338.2189,0.3287,0.1599,0.1688,9.9156,0.1314,0.1292,0.0022,18.4489,8.7074,9.3675,9338.2189,8.4019,NA,NA
SandFall-Win64-Shipping.exe,19588,0x2EC4BC3AB90,DXGI,0,512,1,Hardware: Independent Flip,9338.5476,16.8987,16.6352,0.2635,9.7183,17.1083,17.0982,0.0101,26.8276,8.5701,-8.3787,9338.5476,0.0010,NA,NA
SandFall-Win64-Shipping.exe,19588,0x2EC4BC3AB90,DXGI,0,512,1,Hardware: Independent Flip,9355.4463,0.3400,0.1664,0.1736,9.9279,0.1252,0.1232,0.0020,18.4990,8.6021,8.3286,9355.4463,8.4459,NA,NA
SandFall-Win64-Shipping.exe,19588,0x2EC4BC3AB90,DXGI,0,512,1,Hardware: Independent Flip,9355.7863,16.1670,15.8371,0.3299,9.7131,17.0474,17.0356,0.0118,26.7611,8.7683,-8.2621,9355.7863,0.0006,NA,NA
SandFall-Win64-Shipping.exe,19588,0x2EC4BC3AB90,DXGI,0,512,1,Hardware: Independent Flip,9371.9533,0.3564,0.1900,0.1664,10.5935,0.0999,0.0983,0.0016,19.3624,8.2064,7.3987,9371.9533,8.6690,NA,NA
SandFall-Win64-Shipping.exe,19588,0x2EC4BC3AB90,DXGI,0,512,1,Hardware: Independent Flip,9372.3097,16.4907,16.1769,0.3138,10.3370,16.8745,16.8665,0.0080,27.2124,8.7363,-7.8500,9372.3097,0.0009,NA,NA
SandFall-Win64-Shipping.exe,19588,0x2EC4BC3AB90,DXGI,0,512,1,Hardware: Independent Flip,9388.8004,0.4384,0.2502,0.1882,10.7208,0.1453,0.1438,0.0015,19.4580,8.6658,7.7544,9388.8004,8.5919,NA,NA
SandFall-Win64-Shipping.exe,19588,0x2EC4BC3AB90,DXGI,0,512,1,Hardware: Independent Flip,9389.2388,16.8480,16.4914,0.3566,10.4277,17.2571,17.2432,0.0139,27.6854,8.6595,-8.2274,9389.2388,0.0006,NA,NA
SandFall-Win64-Shipping.exe,19588,0x2EC4BC3AB90,DXGI,0,512,1,Hardware: Independent Flip,9406.0868,0.4354,0.2194,0.2160,10.8368,0.0993,0.0977,0.0016,19.4969,8.4408,8.1885,9406.0868,8.5608,NA,NA
SandFall-Win64-Shipping.exe,19588,0x2EC4BC3AB90,DXGI,0,512,1,Hardware: Independent Flip,9406.5222,17.1805,16.8041,0.3764,10.5007,17.0012,16.9902,0.0110,27.5023,8.5868,-8.0054,9406.5222,0.0004,NA,NA
SandFall-Win64-Shipping.exe,19588,0x2EC4BC3AB90,DXGI,0,512,1,Hardware: Independent Flip,9423.7027,0.4419,0.2152,0.2267,10.3214,0.1221,0.1221,0.0000,18.9086,8.8345,8.5937,9423.7027,8.4651,NA,NA
SandFall-Win64-Shipping.exe,19588,0x2EC4BC3AB90,DXGI,0,512,1,Hardware: Independent Flip,9424.1446,16.5504,16.2057,0.3447,10.0016,17.2565,17.2497,0.0068,27.3012,8.5671,-8.3926,9424.1446,0.0431,NA,NA
SandFall-Win64-Shipping.exe,19588,0x2EC4BC3AB90,DXGI,0,512,1,Hardware: Independent Flip,9440.6950,0.3784,0.1938,0.1846,10.7077,0.1029,0.1013,0.0016,19.3179,8.4270,7.9833,9440.6950,8.5073,NA,NA
SandFall-Win64-Shipping.exe,19588,0x2EC4BC3AB90,DXGI,0,512,1,Hardware: Independent Flip,9441.0734,15.8638,15.5828,0.2810,10.4322,16.9334,16.9255,0.0079,27.3665,8.5337,-8.0486,9441.0734,0.0009,NA,NA
SandFall-Win64-Shipping.exe,19588,0x2EC4BC3AB90,DXGI,0,512,1,Hardware: Independent Flip,9456.9372,0.3670,0.1835,0.1835,11.5018,0.2033,0.2012,0.0021,20.0364,8.8142,7.3301,9456.9372,8.3313,NA,NA
SandFall-Win64-Shipping.exe,19588,0x2EC4BC3AB90,DXGI,0,512,1,Hardware: Independent Flip,9457.3042,16.4949,16.2118,0.2831,11.3381,17.1149,17.1086,0.0063,28.4836,8.5692,-8.4472,9457.3042,0.0306,NA,NA
SandFall-Win64-Shipping.exe,19588,0x2EC4BC3AB90,DXGI,0,512,1,Hardware: Independent Flip,9473.7991,0.4101,0.1936,0.2165,11.9581,0.1282,0.1262,0.0020,20.5579,8.6315,7.9257,9473.7991,8.4716,NA,NA
SandFall-Win64-Shipping.exe,19588,0x2EC4BC3AB90,DXGI,0,512,1,Hardware: Independent Flip,9474.2092,16.5471,16.2830,0.2641,11.6762,17.1026,17.0653,0.0373,28.7793,8.5561,-8.2214,9474.2092,0.0005,NA,NA
SandFall-Win64-Shipping.exe,19588,0x2EC4BC3AB90,DXGI,0,512,1,Hardware: Independent Flip,9490.7563,0.3727,0.1583,0.2144,12.2317,0.1073,0.1054,0.0019,20.7883,8.8300,7.9910,9490.7563,8.4493,NA,NA
SandFall-Win64-Shipping.exe,19588,0x2EC4BC3AB90,DXGI,0,512,1,Hardware: Independent Flip,9491.1290,17.2734,16.9518,0.3216,11.9663,17.2790,17.2720,0.0070,29.2456,8.6963,-8.4573,9491.1290,0.0003,NA,NA
SandFall-Win64-Shipping.exe,19588,0x2EC4BC3AB90,DXGI,0,512,1,Hardware: Independent Flip,9508.4024,0.3659,0.1753,0.1906,11.9719,0.1034,0.1017,0.0017,20.6685,8.6987,8.5771,9508.4024,8.5932,NA,NA
SandFall-Win64-Shipping.exe,19588,0x2EC4BC3AB90,DXGI,0,512,1,Hardware: Independent Flip,9508.7683,16.2740,15.9599,0.3141,11.7094,17.2917,17.2807,0.0110,29.0013,8.6908,-8.3328,9508.7683,0.0002,NA,NA
SandFall-Win64-Shipping.exe,19588,0x2EC4BC3AB90,DXGI,0,512,1,Hardware: Independent Flip,9525.0423,0.4661,0.2801,0.1860,12.7271,0.1291,0.1264,0.0027,21.4181,8.3769,7.5832,9525.0423,8.5619,NA,NA
SandFall-Win64-Shipping.exe,19588,0x2EC4BC3AB90,DXGI,0,512,1,Hardware: Independent Flip,9525.5084,16.9311,16.6116,0.3195,12.3901,16.9378,16.9299,0.0079,29.3289,8.6338,-7.9108,9525.5084,0.0010,NA,NA
SandFall-Win64-Shipping.exe,19588,0x2EC4BC3AB90,DXGI,0,512,1,Hardware: Independent Flip,9542.4395,0.3530,0.1898,0.1632,12.3968,0.1065,0.1048,0.0017,21.0316,8.5962,8.2973,9542.4395,8.5283,NA,NA
SandFall-Win64-Shipping.exe,19588,0x2EC4BC3AB90,DXGI,0,512,1,Hardware: Independent Flip,9542.7925,16.6874,16.3884,0.2990,12.1503,17.1079,17.0994,0.0085,29.2748,8.5692,-8.2432,9542.7925,0.0166,NA,NA
SandFall-Win64-Shipping.exe,19588,0x2EC4BC3AB90,DXGI,0,512,1,Hardware: Independent Flip,9559.4799,0.4285,0.2466,0.1819,12.5708,0.1003,0.0987,0.0016,21.1566,8.6908,8.1182,9559.4799,8.4855,NA,NA
SandFall-Win64-Shipping.exe,19588,0x2EC4BC3AB90,DXGI,0,512,1,Hardware: Independent Flip,9559.9084,16.8763,16.5875,0.2888,12.2426,17.1612,17.1553,0.0059,29.4189,8.5474,-8.2623,9559.9084,0.0151,NA,NA
SandFall-Win64-Shipping.exe,19588,0x2EC4BC3AB90,DXGI,0,512,1,Hardware: Independent Flip,9576.7847,0.3686,0.1922,0.1764,12.5275,0.1018,0.1002,0.0016,21.0900,8.7107,8.3289,9576.7847,8.4607,NA,NA
SandFall-Win64-Shipping.exe,19588,0x2EC4BC3AB90,DXGI,0,512,1,Hardware: Independent Flip,9577.1533,17.6412,17.2398,0.4014,12.2607,17.1521,17.1461,0.0060,29.4321,8.5514,-8.3421,9577.1533,0.0193,NA,NA
SandFall-Win64-Shipping.exe,19588,0x2EC4BC3AB90,DXGI,0,512,1,Hardware: Independent Flip,9594.7945,0.3848,0.2005,0.1843,11.7716,0.1020,0.1002,0.0018,20.3423,8.4771,9.0898,9594.7945,8.4687,NA,NA
SandFall-Win64-Shipping.exe,19588,0x2EC4BC3AB90,DXGI,0,512,1,Hardware: Independent Flip,9595.1793,16.8725,16.5728,0.2997,11.4888,16.9337,16.9272,0.0065,28.4346,8.4963,-8.0923,9595.1793,0.0121,NA,NA
SandFall-Win64-Shipping.exe,19588,0x2EC4BC3AB90,DXGI,0,512,1,Hardware: Independent Flip,9612.0518,0.4023,0.2015,0.2008,11.5500,0.1073,0.1057,0.0016,20.0584,8.5598,8.3762,9612.0518,8.4011,NA,NA
SandFall-Win64-Shipping.exe,19588,0x2EC4BC3AB90,DXGI,0,512,1,Hardware: Independent Flip,9612.4541,17.4124,17.0971,0.3153,11.2550,16.8918,16.8855,0.0063,28.2159,8.3993,-8.1575,9612.4541,0.0691,NA,NA
SandFall-Win64-Shipping.exe,19588,0x2EC4BC3AB90,DXGI,0,512,1,Hardware: Independent Flip,9629.8665,0.3694,0.1859,0.1835,10.7344,0.1097,0.1081,0.0016,19.2028,8.9023,9.0131,9629.8665,8.3587,NA,NA
SandFall-Win64-Shipping.exe,19588,0x2EC4BC3AB90,DXGI,0,512,1,Hardware: Independent Flip,9630.2359,17.6141,17.3344,0.2797,10.4747,17.2381,17.2314,0.0067,27.7357,8.5542,-8.5329,9630.2359,0.0229,NA,NA
SandFall-Win64-Shipping.exe,19588,0x2EC4BC3AB90,DXGI,0,512,1,Hardware: Independent Flip,9647.8500,0.3383,0.1664,0.1719,10.0987,0.0995,0.0977,0.0018,18.6758,8.5608,9.0599,9647.8500,8.4776,NA,NA
SandFall-Win64-Shipping.exe,19588,0x2EC4BC3AB90,DXGI,0,512,1,Hardware: Independent Flip,9648.1883,15.0837,14.8172,0.2665,9.8599,17.0375,17.0306,0.0069,26.8983,8.6947,-8.2225,9648.1883,0.0009,NA,NA
SandFall-Win64-Shipping.exe,19588,0x2EC4BC3AB90,DXGI,0,512,1,Hardware: Independent Flip,9663.2720,0.5081,0.2197,0.2884,11.8137,0.0981,0.0966,0.0015,20.5093,8.5175,6.3890,9663.2720,8.5975,NA,NA
SandFall-Win64-Shipping.exe,19588,0x2EC4BC3AB90,DXGI,0,512,1,Hardware: Independent Flip,9663.7801,17.4938,17.2304,0.2634,11.4037,17.1146,17.1080,0.0066,28.5187,8.5932,-8.0094,9663.7801,0.0004,NA,NA
SandFall-Win64-Shipping.exe,19588,0x2EC4BC3AB90,DXGI,0,512,1,Hardware: Independent Flip,9681.2739,0.4325,0.2551,0.1774,11.0245,0.0983,0.0966,0.0017,19.6181,8.6442,8.9006,9681.2739,8.4953,NA,NA
SandFall-Win64-Shipping.exe,19588,0x2EC4BC3AB90,DXGI,0,512,1,Hardware: Independent Flip,9681.7064,16.6036,16.2604,0.3432,10.6903,17.1383,17.1264,0.0119,27.8298,8.5999,-8.2117,9681.7064,0.0012,NA,NA
SandFall-Win64-Shipping.exe,19588,0x2EC4BC3AB90,DXGI,0,512,1,Hardware: Independent Flip,9698.3100,0.3440,0.1740,0.1700,11.2250,0.0436,0.0427,0.0009,19.8261,8.4829,8.0037,9698.3100,8.5575,NA,NA
SandFall-Win64-Shipping.exe,19588,0x2EC4BC3AB90,DXGI,0,512,1,Hardware: Independent Flip,9698.6540,16.9428,16.6028,0.3400,10.9246,17.0395,17.0318,0.0077,27.9650,8.5959,-8.1389,9698.6540,0.0009,NA,NA
SandFall-Win64-Shipping.exe,19588,0x2EC4BC3AB90,DXGI,0,512,1,Hardware: Independent Flip,9715.5968,0.3662,0.1999,0.1663,11.0213,0.2376,0.2359,0.0017,19.6181,8.5719,8.3469,9715.5968,8.3592,NA,NA
SandFall-Win64-Shipping.exe,19588,0x2EC4BC3AB90,DXGI,0,512,1,Hardware: Independent Flip,9715.9630,16.7114,16.2497,0.4617,10.8927,16.9299,16.8911,0.0388,27.8238,8.5390,-8.2057,9715.9630,0.0012,NA,NA
SandFall-Win64-Shipping.exe,19588,0x2EC4BC3AB90,DXGI,0,512,1,Hardware: Independent Flip,9732.6744,0.4531,0.1957,0.2574,11.1112,0.1065,0.1049,0.0016,19.6514,8.4352,8.1724,9732.6744,8.4337,NA,NA
SandFall-Win64-Shipping.exe,19588,0x2EC4BC3AB90,DXGI,0,512,1,Hardware: Independent Flip,9733.1275,17.8991,17.6192,0.2799,10.7646,16.8627,16.8567,0.0060,27.6335,8.4748,-7.9821,9733.1275,0.0062,NA,NA
SandFall-Win64-Shipping.exe,19588,0x2EC4BC3AB90,DXGI,0,512,1,Hardware: Independent Flip,9751.0266,0.3243,0.1613,0.1630,9.7282,0.1303,0.1303,0.0000,18.2092,8.8609,9.4243,9751.0266,8.3507,NA,NA
SandFall-Win64-Shipping.exe,19588,0x2EC4BC3AB90,DXGI,0,512,1,Hardware: Independent Flip,9751.3509,15.4201,15.1559,0.2642,9.5342,17.1825,17.1725,0.0100,26.7458,8.5743,-8.5366,9751.3509,0.0291,NA,NA
SandFall-Win64-Shipping.exe,19588,0x2EC4BC3AB90,DXGI,0,512,1,Hardware: Independent Flip,9766.7710,0.3535,0.1847,0.1688,11.2966,0.1131,0.1108,0.0023,19.9000,8.8575,6.8458,9766.7710,8.4903,NA,NA
SandFall-Win64-Shipping.exe,19588,0x2EC4BC3AB90,DXGI,0,512,1,Hardware: Independent Flip,9767.1245,18.8096,18.5373,0.2723,11.0562,17.3469,17.1254,0.2215,28.4040,8.7447,-8.5040,9767.1245,0.0009,NA,NA
SandFall-Win64-Shipping.exe,19588,0x2EC4BC3AB90,DXGI,0,512,1,Hardware: Independent Flip,9785.9341,0.3262,0.1616,0.1646,9.5935,0.0749,0.0733,0.0016,18.3391,9.0024,10.0649,9785.9341,8.6707,NA,NA
SandFall-Win64-Shipping.exe,19588,0x2EC4BC3AB90,DXGI,0,512,1,Hardware: Independent Flip,9786.2603,17.4717,17.0888,0.3829,9.3422,17.6723,17.2118,0.4605,27.0153,9.0284,-8.6762,9786.2603,0.0008,NA,NA
SandFall-Win64-Shipping.exe,19588,0x2EC4BC3AB90,DXGI,0,512,1,Hardware: Independent Flip,9803.7320,0.4835,0.2312,0.2523,9.5428,0.1615,0.1598,0.0017,18.5720,8.1939,8.4433,9803.7320,8.8677,NA,NA
SandFall-Win64-Shipping.exe,19588,0x2EC4BC3AB90,DXGI,0,512,1,Hardware: Independent Flip,9804.2155,15.2363,14.9517,0.2846,9.2208,17.0606,17.0488,0.0118,26.2824,8.5274,-7.7104,9804.2155,0.0010,NA,NA
SandFall-Win64-Shipping.exe,19588,0x2EC4BC3AB90,DXGI,0,512,1,Hardware: Independent Flip,9819.4518,0.3559,0.1684,0.1875,11.0451,0.1341,0.1319,0.0022,19.5735,8.4897,6.7089,9819.4518,8.3943,NA,NA
SandFall-Win64-Shipping.exe,19588,0x2EC4BC3AB90,DXGI,0,512,1,Hardware: Independent Flip,9819.8077,15.9527,15.6786,0.2741,10.8233,16.8838,16.8782,0.0056,27.7073,8.5382,-8.1338,9819.8077,0.0002,NA,NA
SandFall-Win64-Shipping.exe,19588,0x2EC4BC3AB90,DXGI,0,512,1,Hardware: Independent Flip,9835.7604,0.3580,0.1912,0.1668,11.7544,0.1370,0.1353,0.0017,20.2928,8.8931,7.4145,9835.7604,8.4014,NA,NA
SandFall-Win64-Shipping.exe,19588,0x2EC4BC3AB90,DXGI,0,512,1,Hardware: Independent Flip,9836.1184,16.9640,16.6484,0.3156,11.5334,17.2936,17.2882,0.0054,28.8279,8.7211,-8.5351,9836.1184,0.0009,NA,NA
SandFall-Win64-Shipping.exe,19588,0x2EC4BC3AB90,DXGI,0,512,1,Hardware: Independent Flip,9853.0824,0.3998,0.1911,0.2087,11.8630,0.1118,0.1102,0.0016,20.5850,8.3518,8.2429,9853.0824,8.6102,NA,NA
SandFall-Win64-Shipping.exe,19588,0x2EC4BC3AB90,DXGI,0,512,1,Hardware: Independent Flip,9853.4822,16.5391,16.1987,0.3404,11.5750,16.9610,16.9272,0.0338,28.5370,8.7486,-7.9520,9853.4822,0.0010,NA,NA
SandFall-Win64-Shipping.exe,19588,0x2EC4BC3AB90,DXGI,0,512,1,Hardware: Independent Flip,9870.0213,0.3270,0.1639,0.1631,11.9969,0.1006,0.0990,0.0016,20.7465,8.5486,7.7905,9870.0213,8.6490,NA,NA
SandFall-Win64-Shipping.exe,19588,0x2EC4BC3AB90,DXGI,0,512,1,Hardware: Independent Flip,9870.3483,17.6864,17.4192,0.2672,11.7705,17.1965,17.1899,0.0066,28.9681,8.6482,-8.2216,9870.3483,0.0011,NA,NA
SandFall-Win64-Shipping.exe,19588,0x2EC4BC3AB90,DXGI,0,512,1,Hardware: Independent Flip,9888.0347,0.3557,0.1719,0.1838,11.2806,0.1013,0.0997,0.0016,19.9299,8.4421,9.0382,9888.0347,8.5480,NA,NA
SandFall-Win64-Shipping.exe,19588,0x2EC4BC3AB90,DXGI,0,512,1,Hardware: Independent Flip,9888.3904,16.6521,16.3919,0.2602,11.0262,16.9341,16.9266,0.0075,28.0163,8.4231,-8.0864,9888.3904,0.0560,NA,NA
SandFall-Win64-Shipping.exe,19588,0x2EC4BC3AB90,DXGI,0,512,1,Hardware: Independent Flip,9905.0425,0.3410,0.1742,0.1668,11.3082,0.1242,0.1226,0.0016,19.7873,8.8776,8.2290,9905.0425,8.3549,NA,NA
SandFall-Win64-Shipping.exe,19588,0x2EC4BC3AB90,DXGI,0,512,1,Hardware: Independent Flip,9905.3835,17.5066,17.2235,0.2831,11.0914,17.2075,17.2005,0.0070,28.3239,8.5580,-8.5366,9905.3835,0.0250,NA,NA
SandFall-Win64-Shipping.exe,19588,0x2EC4BC3AB90,DXGI,0,512,1,Hardware: Independent Flip,9922.8901,0.3344,0.1700,0.1644,10.7923,0.1141,0.1124,0.0017,19.3753,8.8062,8.9486,9922.8901,8.4689,NA,NA
SandFall-Win64-Shipping.exe,19588,0x2EC4BC3AB90,DXGI,0,512,1,Hardware: Independent Flip,9923.2245,15.5285,15.1711,0.3574,10.5720,17.2713,17.2646,0.0067,27.8471,8.6421,-8.4718,9923.2245,0.0038,NA,NA
SandFall-Win64-Shipping.exe,19588,0x2EC4BC3AB90,DXGI,0,512,1,Hardware: Independent Flip,9938.7530,0.3645,0.1823,0.1822,12.3148,0.1044,0.1023,0.0021,20.9607,8.3760,6.8864,9938.7530,8.5415,NA,NA
SandFall-Win64-Shipping.exe,19588,0x2EC4BC3AB90,DXGI,0,512,1,Hardware: Independent Flip,9939.1175,16.2045,15.9391,0.2654,12.0547,16.9169,16.9106,0.0063,28.9722,8.5220,-8.0115,9939.1175,0.0006,NA,NA
SandFall-Win64-Shipping.exe,19588,0x2EC4BC3AB90,DXGI,0,512,1,Hardware: Independent Flip,9955.3220,0.4483,0.2117,0.2366,12.7671,0.1046,0.1030,0.0016,21.2897,8.6667,7.6825,9955.3220,8.4180,NA,NA
SandFall-Win64-Shipping.exe,19588,0x2EC4BC3AB90,DXGI,0,512,1,Hardware: Independent Flip,9955.7703,17.1705,16.8342,0.3363,12.4234,17.0097,17.0008,0.0089,29.5081,8.4823,-8.2184,9955.7703,0.0750,NA,NA
SandFall-Win64-Shipping.exe,19588,0x2EC4BC3AB90,DXGI,0,512,1,Hardware: Independent Flip,9972.9408,0.3986,0.2246,0.1740,12.2626,0.1446,0.1429,0.0017,20.8199,8.9900,8.6882,9972.9408,8.4127,NA,NA
SandFall-Win64-Shipping.exe,19588,0x2EC4BC3AB90,DXGI,0,512,1,Hardware: Independent Flip,9973.3394,17.1914,16.8649,0.3265,12.0086,17.3713,17.3638,0.0075,29.4113,8.6133,-8.5914,9973.3394,0.0314,NA,NA
SandFall-Win64-Shipping.exe,19588,0x2EC4BC3AB90,DXGI,0,512,1,Hardware: Independent Flip,9990.5308,0.3634,0.1858,0.1776,12.1885,0.1295,0.1265,0.0030,20.8332,8.5771,8.5781,9990.5308,8.5152,NA,NA
SandFall-Win64-Shipping.exe,19588,0x2EC4BC3AB90,DXGI,0,512,1,Hardware: Independent Flip,9990.8942,16.3648,16.0676,0.2972,11.9546,17.0914,17.0840,0.0074,29.0469,8.6323,-8.2137,9990.8942,0.0009,NA,NA
SandFall-Win64-Shipping.exe,19588,0x2EC4BC3AB90,DXGI,0,512,1,Hardware: Independent Flip,10007.2590,0.3473,0.1555,0.1918,12.6812,0.1599,0.1553,0.0046,21.3144,8.5216,7.7325,10007.2590,8.4733,NA,NA
SandFall-Win64-Shipping.exe,19588,0x2EC4BC3AB90,DXGI,0,512,1,Hardware: Independent Flip,10007.6063,17.6908,17.1731,0.5177,12.4938,16.9945,16.9861,0.0084,29.4887,8.7186,-8.1743,10007.6063,0.0004,NA,NA
SandFall-Win64-Shipping.exe,19588,0x2EC4BC3AB90,DXGI,0,512,1,Hardware: Independent Flip,10025.2971,0.5643,0.2565,0.3078,11.7975,0.1356,0.1339,0.0017,20.5165,8.3671,8.9722,10025.2971,8.5834,NA,NA
SandFall-Win64-Shipping.exe,19588,0x2EC4BC3AB90,DXGI,0,512,1,Hardware: Independent Flip,10025.8614,16.8503,16.4924,0.3579,11.3688,16.9497,16.9050,0.0447,28.3193,8.5962,-7.8028,10025.8614,0.0008,NA,NA
SandFall-Win64-Shipping.exe,19588,0x2EC4BC3AB90,DXGI,0,512,1,Hardware: Independent Flip,10042.7117,0.4245,0.2388,0.1857,11.4682,0.1000,0.0984,0.0016,20.0652,8.7928,8.2541,10042.7117,8.4970,NA,NA
SandFall-Win64-Shipping.exe,19588,0x2EC4BC3AB90,DXGI,0,512,1,Hardware: Independent Flip,10043.1362,18.2630,17.9978,0.2652,11.1437,17.2378,17.2311,0.0067,28.4335,8.6259,-8.3683,10043.1362,0.0520,NA,NA
SandFall-Win64-Shipping.exe,19588,0x2EC4BC3AB90,DXGI,0,512,1,Hardware: Independent Flip,10061.3992,0.3257,0.1613,0.1644,10.1185,0.1740,0.1723,0.0017,18.7964,8.3743,9.6371,10061.3992,8.5039,NA,NA
SandFall-Win64-Shipping.exe,19588,0x2EC4BC3AB90,DXGI,0,512,1,Hardware: Independent Flip,10061.7249,15.5038,15.2078,0.2960,9.9668,16.8774,16.8709,0.0065,26.8450,8.4348,-8.0486,10061.7249,0.0008,NA,NA
SandFall-Win64-Shipping.exe,19588,0x2EC4BC3AB90,DXGI,0,512,1,Hardware: Independent Flip,10077.2287,0.3638,0.1700,0.1938,11.3404,0.1049,0.1032,0.0017,19.7760,8.8142,7.0690,10077.2287,8.3307,NA,NA
SandFall-Win64-Shipping.exe,19588,0x2EC4BC3AB90,DXGI,0,512,1,Hardware: Independent Flip,10077.5925,16.7359,16.4650,0.2709,11.0815,17.1169,17.1110,0.0059,28.2264,8.6017,-8.4504,10077.5925,0.0280,NA,NA
SandFall-Win64-Shipping.exe,19588,0x2EC4BC3AB90,DXGI,0,512,1,Hardware: Independent Flip,10094.3284,0.3469,0.1749,0.1720,11.4625,0.1567,0.1528,0.0039,20.0922,8.4904,8.1342,10094.3284,8.4730,NA,NA
SandFall-Win64-Shipping.exe,19588,0x2EC4BC3AB90,DXGI,0,512,1,Hardware: Independent Flip,10094.6753,16.6624,16.3987,0.2637,11.2723,16.9622,16.9516,0.0106,28.2357,8.5161,-8.1435,10094.6753,0.0012,NA,NA
SandFall-Win64-Shipping.exe,19588,0x2EC4BC3AB90,DXGI,0,512,1,Hardware: Independent Flip,10111.3377,0.3620,0.1843,0.1777,11.5721,0.1633,0.1616,0.0017,20.0894,8.7156,8.1463,10111.3377,8.3540,NA,NA
SandFall-Win64-Shipping.exe,19588,0x2EC4BC3AB90,DXGI,0,512,1,Hardware: Independent Flip,10111.6997,17.8978,17.5341,0.3637,11.3734,17.0517,17.0435,0.0082,28.4430,8.5713,-8.3536,10111.6997,0.0179,NA,NA
SandFall-Win64-Shipping.exe,19588,0x2EC4BC3AB90,DXGI,0,512,1,Hardware: Independent Flip,10129.5975,0.4228,0.2524,0.1704,10.5273,0.1111,0.1096,0.0015,19.1165,8.5771,9.3265,10129.5975,8.4781,NA,NA
SandFall-Win64-Shipping.exe,19588,0x2EC4BC3AB90,DXGI,0,512,1,Hardware: Independent Flip,10130.0203,16.7079,16.4376,0.2703,10.2156,17.0545,17.0421,0.0124,27.2708,8.5787,-8.1543,10130.0203,0.0007,NA,NA
SandFall-Win64-Shipping.exe,19588,0x2EC4BC3AB90,DXGI,0,512,1,Hardware: Independent Flip,10146.7282,0.4262,0.2418,0.1844,10.5622,0.1087,0.1072,0.0015,19.1416,8.6637,8.1292,10146.7282,8.4707,NA,NA
SandFall-Win64-Shipping.exe,19588,0x2EC4BC3AB90,DXGI,0,512,1,Hardware: Independent Flip,10147.1544,18.8743,18.4318,0.4425,10.2447,17.1333,17.1246,0.0087,27.3791,8.6149,-8.2375,10147.1544,0.0011,NA,NA
SandFall-Win64-Shipping.exe,19588,0x2EC4BC3AB90,DXGI,0,512,1,Hardware: Independent Flip,10166.0287,0.4406,0.2255,0.2151,8.5037,0.1399,0.1376,0.0023,17.1197,9.4976,10.2594,10166.0287,8.4761,NA,NA
SandFall-Win64-Shipping.exe,19588,0x2EC4BC3AB90,DXGI,0,512,1,Hardware: Independent Flip,10166.4693,16.9438,16.5406,0.4032,8.2030,17.9730,17.2269,0.7461,26.1767,9.1609,-9.0570,10166.4693,0.0007,NA,NA
SandFall-Win64-Shipping.exe,19588,0x2EC4BC3AB90,DXGI,0,512,1,Hardware: Independent Flip,10183.4131,0.6214,0.2779,0.3435,9.2322,0.1372,0.1357,0.0015,18.3938,7.9685,7.7829,10183.4131,9.0244,NA,NA
SandFall-Win64-Shipping.exe,19588,0x2EC4BC3AB90,DXGI,0,512,1,Hardware: Independent Flip,10184.0345,14.5495,14.2524,0.2971,8.7480,16.9921,16.9854,0.0067,25.7409,8.5556,-7.3471,10184.0345,0.0008,NA,NA
SandFall-Win64-Shipping.exe,19588,0x2EC4BC3AB90,DXGI,0,512,1,Hardware: Independent Flip,10198.5840,0.3582,0.1924,0.1658,11.1906,0.1499,0.1499,0.0000,19.7470,8.5767,5.9939,10198.5840,8.4065,NA,NA
SandFall-Win64-Shipping.exe,19588,0x2EC4BC3AB90,DXGI,0,512,1,Hardware: Independent Flip,10198.9422,16.9868,16.6765,0.3103,10.9823,16.9827,16.9758,0.0069,27.9655,8.7121,-8.2185,10198.9422,0.0005,NA,NA
SandFall-Win64-Shipping.exe,19588,0x2EC4BC3AB90,DXGI,0,512,1,Hardware: Independent Flip,10215.9290,0.3848,0.1674,0.2174,10.9782,0.1046,0.1029,0.0017,19.6908,8.4353,8.2747,10215.9290,8.6080,NA,NA
SandFall-Win64-Shipping.exe,19588,0x2EC4BC3AB90,DXGI,0,512,1,Hardware: Independent Flip,10216.3138,16.3764,16.0926,0.2838,10.6980,17.0426,17.0338,0.0088,27.7413,8.7467,-8.0505,10216.3138,0.0007,NA,NA
SandFall-Win64-Shipping.exe,19588,0x2EC4BC3AB90,DXGI,0,512,1,Hardware: Independent Flip,10232.6902,0.4154,0.1895,0.2259,11.3642,0.1045,0.1025,0.0020,20.1116,8.2088,7.6297,10232.6902,8.6429,NA,NA
SandFall-Win64-Shipping.exe,19588,0x2EC4BC3AB90,DXGI,0,512,1,Hardware: Independent Flip,10233.1056,17.0836,16.8184,0.2652,11.0533,16.8508,16.8446,0.0062,27.9050,8.4637,-7.7934,10233.1056,0.0009,NA,NA
SandFall-Win64-Shipping.exe,19588,0x2EC4BC3AB90,DXGI,0,512,1,Hardware: Independent Flip,10250.1892,0.4131,0.2044,0.2087,10.8205,0.1216,0.1200,0.0016,19.2851,9.0740,8.6199,10250.1892,8.3430,NA,NA
SandFall-Win64-Shipping.exe,19588,0x2EC4BC3AB90,DXGI,0,512,1,Hardware: Independent Flip,10250.6023,16.6974,16.4209,0.2765,10.5290,17.3419,17.3350,0.0069,27.9460,8.6349,-8.6609,10250.6023,0.0751,NA,NA
SandFall-Win64-Shipping.exe,19588,0x2EC4BC3AB90,DXGI,0,512,1,Hardware: Independent Flip,10267.2997,0.4020,0.2201,0.1819,11.1735,0.1470,0.1450,0.0020,19.8835,8.3293,8.0625,10267.2997,8.5630,NA,NA
SandFall-Win64-Shipping.exe,19588,0x2EC4BC3AB90,DXGI,0,512,1,Hardware: Independent Flip,10267.7017,15.6390,15.3812,0.2578,10.9185,16.8917,16.8848,0.0069,27.8108,8.6444,-7.9273,10267.7017,0.0006,NA,NA
SandFall-Win64-Shipping.exe,19588,0x2EC4BC3AB90,DXGI,0,512,1,Hardware: Independent Flip,10283.3407,0.3289,0.1720,0.1569,12.1712,0.1037,0.1022,0.0015,20.8162,8.6095,6.9946,10283.3407,8.5413,NA,NA
SandFall-Win64-Shipping.exe,19588,0x2EC4BC3AB90,DXGI,0,512,1,Hardware: Independent Flip,10283.6696,17.8914,17.3909,0.5005,11.9460,17.1502,17.1439,0.0063,29.0968,8.6009,-8.2806,10283.6696,0.0006,NA,NA
SandFall-Win64-Shipping.exe,19588,0x2EC4BC3AB90,DXGI,0,512,1,Hardware: Independent Flip,10301.5610,0.4546,0.2246,0.2300,11.2048,0.1009,0.0993,0.0016,19.8063,8.4219,9.2905,10301.5610,8.5006,NA,NA
SandFall-Win64-Shipping.exe,19588,0x2EC4BC3AB90,DXGI,0,512,1,Hardware: Independent Flip,10302.0156,16.2632,15.9828,0.2804,10.8511,16.9216,16.9163,0.0053,27.7736,8.5540,-7.9673,10302.0156,0.0009,NA,NA
SandFall-Win64-Shipping.exe,19588,0x2EC4BC3AB90,DXGI,0,512,1,Hardware: Independent Flip,10318.2788,0.3848,0.2010,0.1838,11.5095,0.1228,0.1211,0.0017,20.0644,8.8090,7.7092,10318.2788,8.4321,NA,NA
SandFall-Win64-Shipping.exe,19588,0x2EC4BC3AB90,DXGI,0,512,1,Hardware: Independent Flip,10318.6636,16.5143,16.2423,0.2720,11.2475,17.2084,17.2020,0.0064,28.4886,8.5694,-8.4242,10318.6636,0.0327,NA,NA
SandFall-Win64-Shipping.exe,19588,0x2EC4BC3AB90,DXGI,0,512,1,Hardware: Independent Flip,10335.1779,0.3904,0.1834,0.2070,11.9416,0.1120,0.1105,0.0015,20.5437,8.7385,7.9449,10335.1779,8.4901,NA,NA
SandFall-Win64-Shipping.exe,19588,0x2EC4BC3AB90,DXGI,0,512,1,Hardware: Independent Flip,10335.5683,16.7743,16.5052,0.2691,11.6632,17.2278,17.2202,0.0076,28.8918,8.6390,-8.3481,10335.5683,0.0008,NA,NA
SandFall-Win64-Shipping.exe,19588,0x2EC4BC3AB90,DXGI,0,512,1,Hardware: Independent Flip,10352.3426,0.3626,0.1629,0.1997,12.1167,0.1359,0.1338,0.0021,20.7565,8.3407,8.1353,10352.3426,8.5039,NA,NA
SandFall-Win64-Shipping.exe,19588,0x2EC4BC3AB90,DXGI,0,512,1,Hardware: Independent Flip,10352.7052,17.7663,17.4712,0.2951,11.8900,16.8439,16.8389,0.0050,28.7346,8.5611,-7.9781,10352.7052,0.0007,NA,NA
SandFall-Win64-Shipping.exe,19588,0x2EC4BC3AB90,DXGI,0,512,1,Hardware: Independent Flip,10370.4715,0.4403,0.2318,0.2085,10.9676,0.1042,0.1026,0.0016,19.5294,8.5860,9.2052,10370.4715,8.4576,NA,NA
SandFall-Win64-Shipping.exe,19588,0x2EC4BC3AB90,DXGI,0,512,1,Hardware: Independent Flip,10370.9118,16.5285,16.1909,0.3376,10.6315,16.9960,16.9879,0.0081,27.6751,8.4950,-8.1457,10370.9118,0.0476,NA,NA
SandFall-Win64-Shipping.exe,19588,0x2EC4BC3AB90,DXGI,0,512,1,Hardware: Independent Flip,10387.4403,0.3278,0.1628,0.1650,11.0990,0.1222,0.1206,0.0016,19.6416,8.8067,8.0335,10387.4403,8.4204,NA,NA
SandFall-Win64-Shipping.exe,19588,0x2EC4BC3AB90,DXGI,0,512,1,Hardware: Independent Flip,10387.7681,18.5782,18.3023,0.2759,10.8934,17.2048,17.1979,0.0069,28.1205,8.5537,-8.4789,10387.7681,0.0223,NA,NA
SandFall-Win64-Shipping.exe,19588,0x2EC4BC3AB90,DXGI,0,512,1,Hardware: Independent Flip,10406.3463,0.4465,0.1632,0.2833,9.5200,0.1040,0.1020,0.0020,18.0960,8.7834,10.0245,10406.3463,8.4720,NA,NA
SandFall-Win64-Shipping.exe,19588,0x2EC4BC3AB90,DXGI,0,512,1,Hardware: Independent Flip,10406.7928,14.7951,14.5286,0.2665,9.1775,17.2549,17.2320,0.0229,26.4329,8.6738,-8.3369,10406.7928,0.0005,NA,NA
SandFall-Win64-Shipping.exe,19588,0x2EC4BC3AB90,DXGI,0,512,1,Hardware: Independent Flip,10421.5879,0.3459,0.1771,0.1688,11.6373,0.0999,0.0982,0.0017,20.3116,8.6368,6.1213,10421.5879,8.5744,NA,NA
SandFall-Win64-Shipping.exe,19588,0x2EC4BC3AB90,DXGI,0,512,1,Hardware: Independent Flip,10421.9338,18.0135,17.6516,0.3619,11.3913,17.2104,17.2029,0.0075,28.6025,8.6413,-8.2909,10421.9338,0.0008,NA,NA
SandFall-Win64-Shipping.exe,19588,0x2EC4BC3AB90,DXGI,0,512,1,Hardware: Independent Flip,10439.9473,0.3928,0.2297,0.1631,10.5882,0.1016,0.0999,0.0017,19.2303,8.3377,9.3722,10439.9473,8.5405,NA,NA
SandFall-Win64-Shipping.exe,19588,0x2EC4BC3AB90,DXGI,0,512,1,Hardware: Independent Flip,10440.3401,17.7123,17.4330,0.2793,10.2970,16.8776,16.8706,0.0070,27.1752,8.5481,-7.9449,10440.3401,0.0006,NA,NA
SandFall-Win64-Shipping.exe,19588,0x2EC4BC3AB90,DXGI,0,512,1,Hardware: Independent Flip,10458.0524,0.3276,0.1662,0.1614,9.4623,0.1006,0.0991,0.0015,18.0110,8.8242,9.1642,10458.0524,8.4481,NA,NA
SandFall-Win64-Shipping.exe,19588,0x2EC4BC3AB90,DXGI,0,512,1,Hardware: Independent Flip,10458.3800,14.9056,14.6211,0.2845,9.2353,17.2250,17.2175,0.0075,26.5076,8.6125,-8.4966,10458.3800,0.0473,NA,NA
SandFall-Win64-Shipping.exe,19588,0x2EC4BC3AB90,DXGI,0,512,1,Hardware: Independent Flip,10473.2856,0.3468,0.1723,0.1745,11.5547,0.1303,0.1288,0.0015,20.2145,8.4603,6.2931,10473.2856,8.5295,NA,NA
SandFall-Win64-Shipping.exe,19588,0x2EC4BC3AB90,DXGI,0,512,1,Hardware: Independent Flip,10473.6324,17.0454,16.7748,0.2706,11.3382,16.9891,16.9825,0.0066,28.3280,8.5863,-8.1135,10473.6324,0.0007,NA,NA
SandFall-Win64-Shipping.exe,19588,0x2EC4BC3AB90,DXGI,0,512,1,Hardware: Independent Flip,10490.6778,0.3661,0.1913,0.1748,11.2819,0.1777,0.1761,0.0016,19.8689,8.8428,8.4591,10490.6778,8.4093,NA,NA
SandFall-Win64-Shipping.exe,19588,0x2EC4BC3AB90,DXGI,0,512,1,Hardware: Independent Flip,10491.0439,17.1484,16.8687,0.2797,11.0935,17.2454,17.2389,0.0065,28.3456,8.6573,-8.4767,10491.0439,0.0067,NA,NA
SandFall-Win64-Shipping.exe,19588,0x2EC4BC3AB90,DXGI,0,512,1,Hardware: Independent Flip,10508.1923,0.4084,0.2276,0.1808,11.1905,0.0993,0.0977,0.0016,19.8545,8.4819,8.4911,10508.1923,8.5647,NA,NA
SandFall-Win64-Shipping.exe,19588,0x2EC4BC3AB90,DXGI,0,512,1,Hardware: Independent Flip,10508.6007,16.4024,16.1309,0.2715,10.8814,17.0458,16.9927,0.0531,27.9280,8.6255,-8.0735,10508.6007,0.0008,NA,NA
SandFall-Win64-Shipping.exe,19588,0x2EC4BC3AB90,DXGI,0,512,1,Hardware: Independent Flip,10525.0031,0.3683,0.1896,0.1787,11.5248,0.0991,0.0975,0.0016,20.1511,8.4539,7.7769,10525.0031,8.5272,NA,NA
SandFall-Win64-Shipping.exe,19588,0x2EC4BC3AB90,DXGI,0,512,1,Hardware: Independent Flip,10525.3714,17.1575,16.8998,0.2577,11.2556,16.9802,16.9726,0.0076,28.2367,8.5371,-8.0856,10525.3714,0.0009,NA,NA
SandFall-Win64-Shipping.exe,19588,0x2EC4BC3AB90,DXGI,0,512,1,Hardware: Independent Flip,10542.5289,0.4096,0.1950,0.2146,11.0783,0.1032,0.1013,0.0019,19.6163,8.6857,8.6204,10542.5289,8.4348,NA,NA
SandFall-Win64-Shipping.exe,19588,0x2EC4BC3AB90,DXGI,0,512,1,Hardware: Independent Flip,10542.9385,16.7899,16.5157,0.2742,10.7719,17.0297,17.0193,0.0104,27.8924,8.4551,-8.2761,10542.9385,0.0908,NA,NA
SandFall-Win64-Shipping.exe,19588,0x2EC4BC3AB90,DXGI,0,512,1,Hardware: Independent Flip,10559.7284,0.4313,0.2326,0.1987,11.0117,0.1430,0.1414,0.0016,19.5576,8.6057,8.3348,10559.7284,8.4029,NA,NA
SandFall-Win64-Shipping.exe,19588,0x2EC4BC3AB90,DXGI,0,512,1,Hardware: Independent Flip,10560.1597,17.2287,16.8594,0.3693,10.7234,16.9856,16.9765,0.0091,27.7320,8.4472,-8.1744,10560.1597,0.0230,NA,NA
SandFall-Win64-Shipping.exe,19588,0x2EC4BC3AB90,DXGI,0,512,1,Hardware: Independent Flip,10577.3884,0.3582,0.1949,0.1633,10.4803,0.1020,0.1004,0.0016,18.9505,8.7667,8.7815,10577.3884,8.3682,NA,NA
SandFall-Win64-Shipping.exe,19588,0x2EC4BC3AB90,DXGI,0,512,1,Hardware: Independent Flip,10577.7466,16.2820,16.0067,0.2753,10.2241,17.1342,17.1265,0.0077,27.3590,8.5625,-8.4085,10577.7466,0.0007,NA,NA
SandFall-Win64-Shipping.exe,19588,0x2EC4BC3AB90,DXGI,0,512,1,Hardware: Independent Flip,10594.0286,0.5046,0.2874,0.2172,11.0763,0.1035,0.1020,0.0015,19.6395,8.4712,7.7195,10594.0286,8.4597,NA,NA
SandFall-Win64-Shipping.exe,19588,0x2EC4BC3AB90,DXGI,0,512,1,Hardware: Independent Flip,10594.5332,17.3288,16.9971,0.3317,10.6752,16.9305,16.9229,0.0076,27.6061,8.6749,-7.9666,10594.5332,0.0004,NA,NA
SandFall-Win64-Shipping.exe,19588,0x2EC4BC3AB90,DXGI,0,512,1,Hardware: Independent Flip,10611.8620,0.3337,0.1692,0.1645,10.2769,0.1818,0.1802,0.0016,18.9522,8.4351,8.6539,10611.8620,8.4935,NA,NA
SandFall-Win64-Shipping.exe,19588,0x2EC4BC3AB90,DXGI,0,512,1,Hardware: Independent Flip,10612.1957,16.6887,16.3943,0.2944,10.1250,16.9285,16.9177,0.0108,27.0536,8.6459,-8.1014,10612.1957,0.0001,NA,NA
SandFall-Win64-Shipping.exe,19588,0x2EC4BC3AB90,DXGI,0,512,1,Hardware: Independent Flip,10628.8844,0.3912,0.2110,0.1802,10.3648,0.1446,0.1446,0.0000,19.0108,8.4120,8.0428,10628.8844,8.5014,NA,NA
SandFall-Win64-Shipping.exe,19588,0x2EC4BC3AB90,DXGI,0,512,1,Hardware: Independent Flip,10629.2756,16.7479,16.4583,0.2896,10.1182,16.9101,16.9030,0.0071,27.0316,8.5098,-8.0208,10629.2756,0.0033,NA,NA
SandFall-Win64-Shipping.exe,19588,0x2EC4BC3AB90,DXGI,0,512,1,Hardware: Independent Flip,10646.0235,0.3475,0.1776,0.1699,10.2804,0.1241,0.1223,0.0018,18.7935,8.6826,8.2381,10646.0235,8.3890,NA,NA
SandFall-Win64-Shipping.exe,19588,0x2EC4BC3AB90,DXGI,0,512,1,Hardware: Independent Flip,10646.3710,16.5321,16.2656,0.2665,10.0570,16.9616,16.9532,0.0084,27.1286,8.4293,-8.3351,10646.3710,0.1100,NA,NA
SandFall-Win64-Shipping.exe,19588,0x2EC4BC3AB90,DXGI,0,512,1,Hardware: Independent Flip,10662.9031,0.4019,0.1898,0.2121,10.4865,0.1478,0.1461,0.0017,19.0258,8.8849,8.1028,10662.9031,8.3915,NA,NA
SandFall-Win64-Shipping.exe,19588,0x2EC4BC3AB90,DXGI,0,512,1,Hardware: Independent Flip,10663.3050,16.7605,16.4936,0.2669,10.2324,17.2524,17.2427,0.0097,27.5088,8.5673,-8.4830,10663.3050,0.0240,NA,NA
SandFall-Win64-Shipping.exe,19588,0x2EC4BC3AB90,DXGI,0,512,1,Hardware: Independent Flip,10680.0655,0.3568,0.1705,0.1863,10.7243,0.1125,0.1109,0.0016,19.3156,8.4470,8.1932,10680.0655,8.4788,NA,NA
SandFall-Win64-Shipping.exe,19588,0x2EC4BC3AB90,DXGI,0,512,1,Hardware: Independent Flip,10680.4223,17.1631,16.8147,0.3484,10.4800,16.9254,16.9142,0.0112,27.4058,8.6854,-8.0902,10680.4223,0.0004,NA,NA
SandFall-Win64-Shipping.exe,19588,0x2EC4BC3AB90,DXGI,0,512,1,Hardware: Independent Flip,10697.5854,0.3313,0.1693,0.1620,10.2423,0.1735,0.1691,0.0044,18.9281,8.6838,8.4777,10697.5854,8.5123,NA,NA
SandFall-Win64-Shipping.exe,19588,0x2EC4BC3AB90,DXGI,0,512,1,Hardware: Independent Flip,10697.9167,16.3293,16.0426,0.2867,10.0845,17.1949,17.1821,0.0128,27.2806,8.6572,-8.3525,10697.9167,0.0012,NA,NA
SandFall-Win64-Shipping.exe,19588,0x2EC4BC3AB90,DXGI,0,512,1,Hardware: Independent Flip,10714.2460,0.3905,0.1817,0.2088,10.9501,0.0986,0.0970,0.0016,19.6085,8.3785,7.6721,10714.2460,8.5598,NA,NA
SandFall-Win64-Shipping.exe,19588,0x2EC4BC3AB90,DXGI,0,512,1,Hardware: Independent Flip,10714.6365,16.8956,16.6095,0.2861,10.6582,16.9374,16.9285,0.0089,27.5965,8.5354,-7.9880,10714.6365,0.0009,NA,NA
SandFall-Win64-Shipping.exe,19588,0x2EC4BC3AB90,DXGI,0,512,1,Hardware: Independent Flip,10731.5321,0.5928,0.3621,0.2307,10.7000,0.1016,0.0990,0.0026,19.2363,8.7791,8.3602,10731.5321,8.4347,NA,NA
SandFall-Win64-Shipping.exe,19588,0x2EC4BC3AB90,DXGI,0,512,1,Hardware: Independent Flip,10732.1249,16.3591,16.0912,0.2679,10.2088,17.1729,17.1652,0.0077,27.4226,8.6039,-8.1863,10732.1249,0.0409,NA,NA
SandFall-Win64-Shipping.exe,19588,0x2EC4BC3AB90,DXGI,0,512,1,Hardware: Independent Flip,10748.4840,0.4630,0.2263,0.2367,11.0226,0.1249,0.1233,0.0016,19.6674,8.5264,7.7552,10748.4840,8.5199,NA,NA
SandFall-Win64-Shipping.exe,19588,0x2EC4BC3AB90,DXGI,0,512,1,Hardware: Independent Flip,10748.9470,18.5261,18.2471,0.2790,10.6845,17.0459,17.0403,0.0056,27.7308,8.5436,-8.0634,10748.9470,0.0004,NA,NA
SandFall-Win64-Shipping.exe,19588,0x2EC4BC3AB90,DXGI,0,512,1,Hardware: Independent Flip,10767.4731,0.4666,0.2355,0.2311,9.2043,0.1376,0.1354,0.0022,17.7483,8.5264,9.9825,10767.4731,8.4064,NA,NA
SandFall-Win64-Shipping.exe,19588,0x2EC4BC3AB90,DXGI,0,512,1,Hardware: Independent Flip,10767.9397,15.1498,14.8485,0.3013,8.8753,16.9041,16.8975,0.0066,25.8081,8.4381,-8.0598,10767.9397,0.0287,NA,NA
SandFall-Win64-Shipping.exe,19588,0x2EC4BC3AB90,DXGI,0,512,1,Hardware: Independent Flip,10783.0895,0.4043,0.1908,0.2135,10.6296,0.1090,0.1073,0.0017,19.0964,8.6148,6.7117,10783.0895,8.3578,NA,NA
SandFall-Win64-Shipping.exe,19588,0x2EC4BC3AB90,DXGI,0,512,1,Hardware: Independent Flip,10783.4938,16.5805,16.2807,0.2998,10.3343,16.9121,16.9048,0.0073,27.3069,8.4303,-8.2105,10783.4938,0.0605,NA,NA
SandFall-Win64-Shipping.exe,19588,0x2EC4BC3AB90,DXGI,0,512,1,Hardware: Independent Flip,10800.0743,0.4778,0.2972,0.1806,10.6659,0.0904,0.0864,0.0040,19.1567,9.0637,8.1502,10800.0743,8.4004,NA,NA
SandFall-Win64-Shipping.exe,19588,0x2EC4BC3AB90,DXGI,0,512,1,Hardware: Independent Flip,10800.5521,18.1031,17.8126,0.2905,10.2785,17.4521,17.3190,0.1331,27.7426,8.7291,-8.5859,10800.5521,0.0120,NA,NA
SandFall-Win64-Shipping.exe,19588,0x2EC4BC3AB90,DXGI,0,512,1,Hardware: Independent Flip,10818.6552,0.5055,0.1654,0.3401,9.6275,0.1264,0.1243,0.0021,18.3686,8.9178,9.3740,10818.6552,8.6147,NA,NA
SandFall-Win64-Shipping.exe,19588,0x2EC4BC3AB90,DXGI,0,512,1,Hardware: Independent Flip,10819.1607,17.3447,17.0529,0.2918,9.2484,17.5317,17.0406,0.4911,26.7809,8.8942,-8.4123,10819.1607,0.0008,NA,NA
SandFall-Win64-Shipping.exe,19588,0x2EC4BC3AB90,DXGI,0,512,1,Hardware: Independent Flip,10836.5054,0.4381,0.2162,0.2219,9.4354,0.1140,0.1124,0.0016,18.3304,8.0287,8.4505,10836.5054,8.7810,NA,NA
SandFall-Win64-Shipping.exe,19588,0x2EC4BC3AB90,DXGI,0,512,1,Hardware: Independent Flip,10836.9435,14.6451,14.2832,0.3619,9.1113,16.8095,16.8032,0.0063,25.9210,8.4652,-7.5906,10836.9435,0.0002,NA,NA
SandFall-Win64-Shipping.exe,19588,0x2EC4BC3AB90,DXGI,0,512,1,Hardware: Independent Flip,10851.5886,0.3485,0.1714,0.1771,11.2757,0.1481,0.1481,0.0000,19.7411,8.5682,6.1799,10851.5886,8.3173,NA,NA
SandFall-Win64-Shipping.exe,19588,0x2EC4BC3AB90,DXGI,0,512,1,Hardware: Independent Flip,10851.9371,16.2203,15.9540,0.2663,11.0753,16.8849,16.8786,0.0063,27.9608,8.5649,-8.2197,10851.9371,0.0006,NA,NA
SandFall-Win64-Shipping.exe,19588,0x2EC4BC3AB90,DXGI,0,512,1,Hardware: Independent Flip,10868.1574,0.3559,0.1657,0.1902,11.7399,0.1008,0.0989,0.0019,20.3054,8.7317,7.6554,10868.1574,8.4647,NA,NA
SandFall-Win64-Shipping.exe,19588,0x2EC4BC3AB90,DXGI,0,512,1,Hardware: Independent Flip,10868.5133,18.0644,17.7283,0.3361,11.4848,17.1955,17.1914,0.0041,28.6812,8.6403,-8.3758,10868.5133,0.0009,NA,NA
SandFall-Win64-Shipping.exe,19588,0x2EC4BC3AB90,DXGI,0,512,1,Hardware: Independent Flip,10886.5777,0.3587,0.1905,0.1682,10.6159,0.1133,0.1116,0.0017,19.2571,8.3869,9.4241,10886.5777,8.5279,NA,NA
SandFall-Win64-Shipping.exe,19588,0x2EC4BC3AB90,DXGI,0,512,1,Hardware: Independent Flip,10886.9364,15.4398,15.1796,0.2602,10.3705,16.9139,16.9067,0.0072,27.2853,8.6410,-8.0282,10886.9364,0.0009,NA,NA
SandFall-Win64-Shipping.exe,19588,0x2EC4BC3AB90,DXGI,0,512,1,Hardware: Independent Flip,10902.3762,0.4042,0.1639,0.2403,11.8446,0.1222,0.1200,0.0022,20.4865,8.5665,6.7988,10902.3762,8.5197,NA,NA
SandFall-Win64-Shipping.exe,19588,0x2EC4BC3AB90,DXGI,0,512,1,Hardware: Independent Flip,10902.7804,16.6080,16.3273,0.2807,11.5626,17.0855,17.0785,0.0070,28.6488,8.5685,-8.1623,10902.7804,0.0007,NA,NA
SandFall-Win64-Shipping.exe,19588,0x2EC4BC3AB90,DXGI,0,512,1,Hardware: Independent Flip,10919.3884,0.3712,0.1665,0.2047,12.0401,0.1279,0.1261,0.0018,20.6093,9.0656,8.0395,10919.3884,8.4413,NA,NA
SandFall-Win64-Shipping.exe,19588,0x2EC4BC3AB90,DXGI,0,512,1,Hardware: Independent Flip,10919.7596,17.7282,17.4628,0.2654,11.7968,17.4846,17.4774,0.0072,29.3037,8.7500,-8.6944,10919.7596,0.0223,NA,NA
SandFall-Win64-Shipping.exe,19588,0x2EC4BC3AB90,DXGI,0,512,1,Hardware: Independent Flip,10937.4878,0.3518,0.1678,0.1840,11.5532,0.1029,0.1014,0.0015,20.3255,8.2255,8.9782,10937.4878,8.6694,NA,NA
SandFall-Win64-Shipping.exe,19588,0x2EC4BC3AB90,DXGI,0,512,1,Hardware: Independent Flip,10937.8396,15.8641,15.5050,0.3591,11.3043,16.8939,16.8863,0.0076,28.1992,8.6921,-7.8737,10937.8396,0.0010,NA,NA
SandFall-Win64-Shipping.exe,19588,0x2EC4BC3AB90,DXGI,0,512,1,Hardware: Independent Flip,10953.7037,0.5199,0.2509,0.2690,12.3341,0.1427,0.1427,0.0000,21.0272,8.5048,7.1720,10953.7037,8.5504,NA,NA
SandFall-Win64-Shipping.exe,19588,0x2EC4BC3AB90,DXGI,0,512,1,Hardware: Independent Flip,10954.2236,17.2248,16.9498,0.2750,11.9569,17.0274,17.0195,0.0079,29.0121,8.4666,-7.9849,10954.2236,0.0278,NA,NA
SandFall-Win64-Shipping.exe,19588,0x2EC4BC3AB90,DXGI,0,512,1,Hardware: Independent Flip,10971.4484,0.3573,0.1741,0.1832,11.7595,0.1028,0.1012,0.0016,20.2539,8.6196,8.7582,10971.4484,8.3916,NA,NA
SandFall-Win64-Shipping.exe,19588,0x2EC4BC3AB90,DXGI,0,512,1,Hardware: Independent Flip,10971.8057,16.3306,16.0364,0.2942,11.5050,16.9120,16.9060,0.0060,28.5162,8.3988,-8.2623,10971.8057,0.0992,NA,NA
SandFall-Win64-Shipping.exe,19588,0x2EC4BC3AB90,DXGI,0,512,1,Hardware: Independent Flip,10988.1363,0.4512,0.2079,0.2433,12.0864,0.1259,0.1243,0.0016,20.5844,8.7789,7.9318,10988.1363,8.3721,NA,NA
SandFall-Win64-Shipping.exe,19588,0x2EC4BC3AB90,DXGI,0,512,1,Hardware: Independent Flip,10988.5875,16.7815,16.4947,0.2868,11.7611,17.0872,17.0800,0.0072,28.9121,8.4948,-8.3277,10988.5875,0.0638,NA,NA
SandFall-Win64-Shipping.exe,19588,0x2EC4BC3AB90,DXGI,0,512,1,Hardware: Independent Flip,11005.3690,0.3896,0.1639,0.2257,12.0668,0.1715,0.1696,0.0019,20.6254,8.6460,8.2867,11005.3690,8.3871,NA,NA
SandFall-Win64-Shipping.exe,19588,0x2EC4BC3AB90,DXGI,0,512,1,Hardware: Independent Flip,11005.7586,16.6762,16.4034,0.2728,11.8487,17.0323,17.0242,0.0081,28.8818,8.6219,-8.2564,11005.7586,0.0008,NA,NA
SandFall-Win64-Shipping.exe,19588,0x2EC4BC3AB90,DXGI,0,512,1,Hardware: Independent Flip,11022.4348,0.3288,0.1634,0.1654,12.2048,0.1339,0.1316,0.0023,20.8275,8.3948,8.0543,11022.4348,8.4888,NA,NA
SandFall-Win64-Shipping.exe,19588,0x2EC4BC3AB90,DXGI,0,512,1,Hardware: Independent Flip,11022.7636,18.7239,18.4069,0.3170,12.0099,16.8828,16.8749,0.0079,28.8935,8.6826,-8.0660,11022.7636,0.0008,NA,NA
SandFall-Win64-Shipping.exe,19588,0x2EC4BC3AB90,DXGI,0,512,1,Hardware: Independent Flip,11041.4875,0.3347,0.1700,0.1647,10.1688,0.1167,0.1148,0.0019,18.8522,8.3817,10.0413,11041.4875,8.5667,NA,NA
SandFall-Win64-Shipping.exe,19588,0x2EC4BC3AB90,DXGI,0,512,1,Hardware: Independent Flip,11041.8222,16.3947,16.0818,0.3129,9.9508,16.9476,16.9410,0.0066,26.8992,8.5063,-8.0470,11041.8222,0.0008,NA,NA
SandFall-Win64-Shipping.exe,19588,0x2EC4BC3AB90,DXGI,0,512,1,Hardware: Independent Flip,11058.2169,0.3465,0.1808,0.1657,10.5037,0.0995,0.0980,0.0015,19.0108,8.5631,7.8884,11058.2169,8.4076,NA,NA
SandFall-Win64-Shipping.exe,19588,0x2EC4BC3AB90,DXGI,0,512,1,Hardware: Independent Flip,11058.5634,15.4514,15.1587,0.2927,10.2567,16.8631,16.8565,0.0066,27.2274,8.3781,-8.2166,11058.5634,0.1076,NA,NA
SandFall-Win64-Shipping.exe,19588,0x2EC4BC3AB90,DXGI,0,512,1,Hardware: Independent Flip,11074.0148,0.3133,0.1570,0.1563,11.6684,0.1369,0.1347,0.0022,20.1541,8.8871,7.0733,11074.0148,8.3488,NA,NA
SandFall-Win64-Shipping.exe,19588,0x2EC4BC3AB90,DXGI,0,512,1,Hardware: Independent Flip,11074.3281,17.2841,17.0126,0.2715,11.4920,17.1279,17.1223,0.0056,28.7279,8.4514,-8.5738,11074.3281,0.1080,NA,NA
SandFall-Win64-Shipping.exe,19588,0x2EC4BC3AB90,DXGI,0,512,1,Hardware: Independent Flip,11091.6122,0.3494,0.1597,0.1897,11.3358,0.1448,0.1429,0.0019,19.8952,8.4506,8.8327,11091.6122,8.4146,NA,NA
SandFall-Win64-Shipping.exe,19588,0x2EC4BC3AB90,DXGI,0,512,1,Hardware: Independent Flip,11091.9616,16.6156,16.3539,0.2617,11.1312,16.8647,16.8552,0.0095,27.9964,8.5747,-8.1012,11091.9616,0.0005,NA,NA
SandFall-Win64-Shipping.exe,19588,0x2EC4BC3AB90,DXGI,0,512,1,Hardware: Independent Flip,11108.5772,0.3453,0.1874,0.1579,11.3803,0.1393,0.1393,0.0000,19.9555,8.8157,8.0409,11108.5772,8.4359,NA,NA
SandFall-Win64-Shipping.exe,19588,0x2EC4BC3AB90,DXGI,0,512,1,Hardware: Independent Flip,11108.9225,17.8868,17.6097,0.2771,11.1743,17.2509,17.2411,0.0098,28.4259,8.6921,-8.4704,11108.9225,0.0007,NA,NA
SandFall-Win64-Shipping.exe,19588,0x2EC4BC3AB90,DXGI,0,512,1,Hardware: Independent Flip,11126.8093,0.3889,0.1703,0.2186,10.5384,0.1287,0.1266,0.0021,19.2312,8.2614,9.1947,11126.8093,8.5641,NA,NA
SandFall-Win64-Shipping.exe,19588,0x2EC4BC3AB90,DXGI,0,512,1,Hardware: Independent Flip,11127.1982,16.5016,16.0905,0.4111,10.2782,16.8245,16.8150,0.0095,27.1037,8.6702,-7.8725,11127.1982,0.0010,NA,NA
SandFall-Win64-Shipping.exe,19588,0x2EC4BC3AB90,DXGI,0,512,1,Hardware: Independent Flip,11143.6998,0.4508,0.2339,0.2169,10.6011,0.1292,0.1272,0.0020,19.2723,8.7497,7.8314,11143.6998,8.5420,NA,NA
SandFall-Win64-Shipping.exe,19588,0x2EC4BC3AB90,DXGI,0,512,1,Hardware: Independent Flip,11144.1506,16.1889,15.9250,0.2639,10.2795,17.2910,17.2303,0.0607,27.5712,8.7092,-8.2989,11144.1506,0.0007,NA,NA
SandFall-Win64-Shipping.exe,19588,0x2EC4BC3AB90,DXGI,0,512,1,Hardware: Independent Flip,11160.3395,0.3732,0.2016,0.1716,11.3816,0.0926,0.0910,0.0016,20.0915,8.4134,7.4797,11160.3395,8.6173,NA,NA
SandFall-Win64-Shipping.exe,19588,0x2EC4BC3AB90,DXGI,0,512,1,Hardware: Independent Flip,11160.7127,18.0910,17.8184,0.2726,11.1010,17.0301,17.0242,0.0059,28.1317,8.5687,-8.0402,11160.7127,0.0006,NA,NA
SandFall-Win64-Shipping.exe,19588,0x2EC4BC3AB90,DXGI,0,512,1,Hardware: Independent Flip,11178.8037,0.3376,0.1714,0.1662,10.0401,0.0838,0.0792,0.0046,18.6094,8.4839,9.5223,11178.8037,8.4855,NA,NA
SandFall-Win64-Shipping.exe,19588,0x2EC4BC3AB90,DXGI,0,512,1,Hardware: Independent Flip,11179.1413,17.2210,16.9345,0.2865,9.7863,16.9436,16.9357,0.0079,26.7557,8.4196,-8.1463,11179.1413,0.0258,NA,NA
SandFall-Win64-Shipping.exe,19588,0x2EC4BC3AB90,DXGI,0,512,1,Hardware: Independent Flip,11196.3623,0.3268,0.1631,0.1637,9.5089,0.1016,0.1000,0.0016,17.9543,8.6313,8.8014,11196.3623,8.3438,NA,NA
SandFall-Win64-Shipping.exe,19588,0x2EC4BC3AB90,DXGI,0,512,1,Hardware: Independent Flip,11196.6891,15.4761,15.2018,0.2743,9.2837,16.8870,16.8813,0.0057,26.2588,8.3893,-8.3045,11196.6891,0.0881,NA,NA
SandFall-Win64-Shipping.exe,19588,0x2EC4BC3AB90,DXGI,0,512,1,Hardware: Independent Flip,11212.1652,0.4183,0.2017,0.2166,10.6946,0.1446,0.1446,0.0000,19.1720,8.9310,7.0868,11212.1652,8.3328,NA,NA
SandFall-Win64-Shipping.exe,19588,0x2EC4BC3AB90,DXGI,0,512,1,Hardware: Independent Flip,11212.5835,17.3317,17.0410,0.2907,10.4209,17.2463,17.2402,0.0061,27.6847,8.5719,-8.5127,11212.5835,0.0175,NA,NA
SandFall-Win64-Shipping.exe,19588,0x2EC4BC3AB90,DXGI,0,512,1,Hardware: Independent Flip,11229.9152,0.3319,0.1647,0.1672,10.3355,0.1261,0.1238,0.0023,18.9249,8.4139,8.7598,11229.9152,8.4633,NA,NA
SandFall-Win64-Shipping.exe,19588,0x2EC4BC3AB90,DXGI,0,512,1,Hardware: Independent Flip,11230.2471,16.6069,16.2369,0.3700,10.1297,16.8766,16.8697,0.0069,27.0069,8.7203,-8.0820,11230.2471,0.0006,NA,NA
SandFall-Win64-Shipping.exe,19588,0x2EC4BC3AB90,DXGI,0,512,1,Hardware: Independent Flip,11246.8540,0.3532,0.1870,0.1662,10.3994,0.0873,0.0825,0.0048,19.1203,8.3831,7.8866,11246.8540,8.6336,NA,NA
SandFall-Win64-Shipping.exe,19588,0x2EC4BC3AB90,DXGI,0,512,1,Hardware: Independent Flip,11247.2072,16.3012,16.0135,0.2877,10.1335,17.0158,17.0063,0.0095,27.1502,8.6241,-8.0299,11247.2072,0.0009,NA,NA
SandFall-Win64-Shipping.exe,19588,0x2EC4BC3AB90,DXGI,0,512,1,Hardware: Independent Flip,11263.5084,0.5270,0.2715,0.2555,10.8481,0.1179,0.1160,0.0019,19.4731,8.4120,7.6771,11263.5084,8.5071,NA,NA
SandFall-Win64-Shipping.exe,19588,0x2EC4BC3AB90,DXGI,0,512,1,Hardware: Independent Flip,11264.0354,16.4500,16.1965,0.2535,10.4390,16.9182,16.9083,0.0099,27.3581,8.4343,-7.8850,11264.0354,0.0009,NA,NA
SandFall-Win64-Shipping.exe,19588,0x2EC4BC3AB90,DXGI,0,512,1,Hardware: Independent Flip,11280.4854,0.4341,0.2579,0.1762,10.9072,0.1084,0.1068,0.0016,19.3424,9.0148,8.0157,11280.4854,8.3268,NA,NA
SandFall-Win64-Shipping.exe,19588,0x2EC4BC3AB90,DXGI,0,512,1,Hardware: Independent Flip,11280.9195,16.5436,16.2801,0.2635,10.5815,17.2740,17.2648,0.0092,27.9231,8.6309,-8.5807,11280.9195,0.0676,NA,NA
SandFall-Win64-Shipping.exe,19588,0x2EC4BC3AB90,DXGI,0,512,1,Hardware: Independent Flip,11297.4631,0.4159,0.2371,0.1788,11.3119,0.1439,0.1419,0.0020,20.0104,8.4947,7.9127,11297.4631,8.5546,NA,NA
SandFall-Win64-Shipping.exe,19588,0x2EC4BC3AB90,DXGI,0,512,1,Hardware: Independent Flip,11297.8790,17.2590,16.9763,0.2827,11.0399,17.0485,17.0380,0.0105,28.0892,8.5799,-8.0788,11297.8790,0.0008,NA,NA
SandFall-Win64-Shipping.exe,19588,0x2EC4BC3AB90,DXGI,0,512,1,Hardware: Independent Flip,11315.1380,0.4523,0.2862,0.1661,10.8294,0.0932,0.0916,0.0016,19.4101,8.6800,8.6791,11315.1380,8.4875,NA,NA
SandFall-Win64-Shipping.exe,19588,0x2EC4BC3AB90,DXGI,0,512,1,Hardware: Independent Flip,11315.5903,17.6195,17.3528,0.2667,10.4703,17.1580,17.1493,0.0087,27.6378,8.5809,-8.2277,11315.5903,0.0095,NA,NA
SandFall-Win64-Shipping.exe,19588,0x2EC4BC3AB90,DXGI,0,512,1,Hardware: Independent Flip,11333.2098,0.4202,0.1862,0.2340,10.0088,0.1148,0.1131,0.0017,18.5992,8.4378,9.0386,11333.2098,8.4756,NA,NA
SandFall-Win64-Shipping.exe,19588,0x2EC4BC3AB90,DXGI,0,512,1,Hardware: Independent Flip,11333.6300,15.7053,15.4346,0.2707,9.7034,16.9126,16.9060,0.0066,26.6168,8.5063,-8.0176,11333.6300,0.0008,NA,NA
SandFall-Win64-Shipping.exe,19588,0x2EC4BC3AB90,DXGI,0,512,1,Hardware: Independent Flip,11349.3353,0.3998,0.1805,0.2193,10.9107,0.1766,0.1744,0.0022,19.4178,8.7252,7.1990,11349.3353,8.3305,NA,NA
SandFall-Win64-Shipping.exe,19588,0x2EC4BC3AB90,DXGI,0,512,1,Hardware: Independent Flip,11349.7351,16.5549,16.2888,0.2661,10.6875,16.9870,16.9809,0.0061,27.7432,8.4902,-8.3254,11349.7351,0.0687,NA,NA
SandFall-Win64-Shipping.exe,19588,0x2EC4BC3AB90,DXGI,0,512,1,Hardware: Independent Flip,11366.2900,0.3886,0.1628,0.2258,11.1196,0.1946,0.1925,0.0021,19.6785,8.4616,8.0647,11366.2900,8.3643,NA,NA
SandFall-Win64-Shipping.exe,19588,0x2EC4BC3AB90,DXGI,0,512,1,Hardware: Independent Flip,11366.6786,17.6028,17.2534,0.3494,10.9256,16.8253,16.8185,0.0068,27.7515,8.5050,-8.0730,11366.6786,0.0006,NA,NA
SandFall-Win64-Shipping.exe,19588,0x2EC4BC3AB90,DXGI,0,512,1,Hardware: Independent Flip,11384.2814,0.3461,0.1716,0.1745,10.1481,0.2431,0.2431,0.0000,18.6537,8.5632,9.0978,11384.2814,8.2625,NA,NA
SandFall-Win64-Shipping.exe,19588,0x2EC4BC3AB90,DXGI,0,512,1,Hardware: Independent Flip,11384.6275,16.6243,16.2573,0.3670,10.0451,16.8247,16.8179,0.0068,26.8708,8.4848,-8.2171,11384.6275,0.0010,NA,NA
SandFall-Win64-Shipping.exe,19588,0x2EC4BC3AB90,DXGI,0,512,1,Hardware: Independent Flip,11401.2518,0.3343,0.1671,0.1672,10.2455,0.1039,0.1022,0.0017,18.7313,8.8553,8.1395,11401.2518,8.3819,NA,NA
SandFall-Win64-Shipping.exe,19588,0x2EC4BC3AB90,DXGI,0,512,1,Hardware: Independent Flip,11401.5861,16.0727,15.8184,0.2543,10.0151,17.2366,17.1905,0.0461,27.2523,8.6816,-8.5210,11401.5861,0.0006,NA,NA
SandFall-Win64-Shipping.exe,19588,0x2EC4BC3AB90,DXGI,0,512,1,Hardware: Independent Flip,11417.6588,0.3717,0.1744,0.1973,11.1790,0.1061,0.1044,0.0017,19.8612,8.6050,7.3911,11417.6588,8.5761,NA,NA
SandFall-Win64-Shipping.exe,19588,0x2EC4BC3AB90,DXGI,0,512,1,Hardware: Independent Flip,11418.0305,17.5732,17.2992,0.2740,10.9134,17.1805,17.1732,0.0073,28.0945,8.6122,-8.2333,11418.0305,0.0006,NA,NA
SandFall-Win64-Shipping.exe,19588,0x2EC4BC3AB90,DXGI,0,512,1,Hardware: Independent Flip,11435.6037,0.3366,0.1665,0.1701,10.5207,0.0990,0.0973,0.0017,19.1335,8.7188,8.9610,11435.6037,8.5138,NA,NA
SandFall-Win64-Shipping.exe,19588,0x2EC4BC3AB90,DXGI,0,512,1,Hardware: Independent Flip,11435.9403,16.4814,16.1163,0.3651,10.2831,17.2319,17.2243,0.0076,27.5157,8.6632,-8.3822,11435.9403,0.0007,NA,NA
SandFall-Win64-Shipping.exe,19588,0x2EC4BC3AB90,DXGI,0,512,1,Hardware: Independent Flip,11452.4217,0.4216,0.2080,0.2136,11.0336,0.1298,0.1275,0.0023,19.6975,8.4330,7.8182,11452.4217,8.5341,NA,NA
SandFall-Win64-Shipping.exe,19588,0x2EC4BC3AB90,DXGI,0,512,1,Hardware: Independent Flip,11452.8433,17.4243,16.9215,0.5028,10.7418,16.9661,16.9595,0.0066,27.7089,8.7080,-8.0114,11452.8433,0.0010,NA,NA
SandFall-Win64-Shipping.exe,19588,0x2EC4BC3AB90,DXGI,0,512,1,Hardware: Independent Flip,11470.2676,0.3567,0.1796,0.1771,10.2836,0.1142,0.1126,0.0016,18.9926,8.2981,8.7163,11470.2676,8.5948,NA,NA
SandFall-Win64-Shipping.exe,19588,0x2EC4BC3AB90,DXGI,0,512,1,Hardware: Independent Flip,11470.6243,15.7919,15.5429,0.2490,10.0411,16.8921,16.8830,0.0091,26.9340,8.5095,-7.9414,11470.6243,0.0008,NA,NA
SandFall-Win64-Shipping.exe,19588,0x2EC4BC3AB90,DXGI,0,512,1,Hardware: Independent Flip,11486.4162,0.4022,0.2000,0.2022,11.1413,0.1020,0.1004,0.0016,19.6516,8.9988,7.2824,11486.4162,8.4083,NA,NA
SandFall-Win64-Shipping.exe,19588,0x2EC4BC3AB90,DXGI,0,512,1,Hardware: Independent Flip,11486.8184,16.6482,16.3500,0.2982,10.8411,17.3311,17.3256,0.0055,28.2482,8.6501,-8.5966,11486.8184,0.0760,NA,NA
SandFall-Win64-Shipping.exe,19588,0x2EC4BC3AB90,DXGI,0,512,1,Hardware: Independent Flip,11503.4666,0.5087,0.2874,0.2213,11.5240,0.1798,0.1782,0.0016,20.2501,8.6102,7.9981,11503.4666,8.5463,NA,NA
SandFall-Win64-Shipping.exe,19588,0x2EC4BC3AB90,DXGI,0,512,1,Hardware: Independent Flip,11503.9753,16.3590,16.0941,0.2649,11.1951,17.1558,17.1507,0.0051,28.3516,8.6443,-8.1015,11503.9753,0.0007,NA,NA
SandFall-Win64-Shipping.exe,19588,0x2EC4BC3AB90,DXGI,0,512,1,Hardware: Independent Flip,11520.3343,0.3825,0.1727,0.2098,11.9919,0.1457,0.1439,0.0018,20.6369,8.7147,7.7147,11520.3343,8.4993,NA,NA
SandFall-Win64-Shipping.exe,19588,0x2EC4BC3AB90,DXGI,0,512,1,Hardware: Independent Flip,11520.7168,17.3708,17.0755,0.2953,11.7551,17.2132,17.2058,0.0074,28.9691,8.6493,-8.3322,11520.7168,0.0008,NA,NA
SandFall-Win64-Shipping.exe,19588,0x2EC4BC3AB90,DXGI,0,512,1,Hardware: Independent Flip,11538.0876,0.3406,0.1749,0.1657,11.5975,0.0996,0.0980,0.0016,20.2476,8.3501,8.7215,11538.0876,8.5505,NA,NA
SandFall-Win64-Shipping.exe,19588,0x2EC4BC3AB90,DXGI,0,512,1,Hardware: Independent Flip,11538.4282,16.6289,16.3105,0.3184,11.3565,16.8994,16.8931,0.0063,28.2571,8.5790,-8.0095,11538.4282,0.0012,NA,NA
SandFall-Win64-Shipping.exe,19588,0x2EC4BC3AB90,DXGI,0,512,1,Hardware: Independent Flip,11555.0571,0.3744,0.2046,0.1698,11.6270,0.0992,0.0975,0.0017,20.2072,8.7747,8.0499,11555.0571,8.4810,NA,NA
SandFall-Win64-Shipping.exe,19588,0x2EC4BC3AB90,DXGI,0,512,1,Hardware: Independent Flip,11555.4315,16.3077,16.0204,0.2873,11.3518,17.2353,17.1825,0.0528,28.6075,8.6660,-8.4003,11555.4315,0.0204,NA,NA
SandFall-Win64-Shipping.exe,19588,0x2EC4BC3AB90,DXGI,0,512,1,Hardware: Independent Flip,11571.7392,0.3369,0.1655,0.1714,12.2794,0.2144,0.2144,0.0000,20.9658,8.5348,7.6417,11571.7392,8.4720,NA,NA
SandFall-Win64-Shipping.exe,19588,0x2EC4BC3AB90,DXGI,0,512,1,Hardware: Independent Flip,11572.0761,16.8171,16.5019,0.3152,12.1569,17.0063,17.0011,0.0052,29.1637,8.5797,-8.1979,11572.0761,0.0005,NA,NA
SandFall-Win64-Shipping.exe,19588,0x2EC4BC3AB90,DXGI,0,512,1,Hardware: Independent Flip,11588.8932,0.3410,0.1668,0.1742,12.3461,0.1276,0.1257,0.0019,20.9263,8.5536,8.2374,11588.8932,8.4526,NA,NA
SandFall-Win64-Shipping.exe,19588,0x2EC4BC3AB90,DXGI,0,512,1,Hardware: Independent Flip,11589.2342,17.3333,17.0701,0.2632,12.1327,17.0051,16.9957,0.0094,29.1389,8.5246,-8.2126,11589.2342,0.0011,NA,NA
SandFall-Win64-Shipping.exe,19588,0x2EC4BC3AB90,DXGI,0,512,1,Hardware: Independent Flip,11606.5675,0.3597,0.1563,0.2034,11.8045,0.1129,0.1104,0.0025,20.3302,8.5793,8.8087,11606.5675,8.4128,NA,NA
SandFall-Win64-Shipping.exe,19588,0x2EC4BC3AB90,DXGI,0,512,1,Hardware: Independent Flip,11606.9272,17.2700,16.8811,0.3889,11.5577,16.9774,16.9712,0.0062,28.5498,8.4889,-8.2196,11606.9272,0.0147,NA,NA
SandFall-Win64-Shipping.exe,19588,0x2EC4BC3AB90,DXGI,0,512,1,Hardware: Independent Flip,11624.1972,0.5104,0.2242,0.2862,11.2651,0.1010,0.0994,0.0016,19.7687,8.8948,8.7811,11624.1972,8.4026,NA,NA
SandFall-Win64-Shipping.exe,19588,0x2EC4BC3AB90,DXGI,0,512,1,Hardware: Independent Flip,11624.7076,16.7048,16.4238,0.2810,10.8557,17.2852,17.2759,0.0093,28.1531,8.6826,-8.3844,11624.7076,0.0122,NA,NA
SandFall-Win64-Shipping.exe,19588,0x2EC4BC3AB90,DXGI,0,512,1,Hardware: Independent Flip,11641.4124,0.3611,0.1646,0.1965,11.4361,0.1402,0.1402,0.0000,20.1309,8.4028,8.0222,11641.4124,8.5546,NA,NA
SandFall-Win64-Shipping.exe,19588,0x2EC4BC3AB90,DXGI,0,512,1,Hardware: Independent Flip,11641.7735,17.5425,17.2595,0.2830,11.2152,16.9566,16.9502,0.0064,28.1726,8.6633,-8.0417,11641.7735,0.0008,NA,NA
SandFall-Win64-Shipping.exe,19588,0x2EC4BC3AB90,DXGI,0,512,1,Hardware: Independent Flip,11659.3160,0.4287,0.2327,0.1960,10.6293,0.1215,0.1197,0.0018,19.2934,8.4406,8.8792,11659.3160,8.5426,NA,NA
SandFall-Win64-Shipping.exe,19588,0x2EC4BC3AB90,DXGI,0,512,1,Hardware: Independent Flip,11659.7447,16.1335,15.8577,0.2758,10.3221,16.9824,16.9732,0.0092,27.3053,8.5833,-8.0119,11659.7447,0.0008,NA,NA
SandFall-Win64-Shipping.exe,19588,0x2EC4BC3AB90,DXGI,0,512,1,Hardware: Independent Flip,11675.8782,0.3960,0.1623,0.2337,11.1710,0.1433,0.1410,0.0023,19.7551,8.5201,7.5502,11675.8782,8.4408,NA,NA
SandFall-Win64-Shipping.exe,19588,0x2EC4BC3AB90,DXGI,0,512,1,Hardware: Independent Flip,11676.2742,16.9422,16.6783,0.2639,10.9183,16.8809,16.8687,0.0122,27.8792,8.4125,-8.1241,11676.2742,0.0800,NA,NA
SandFall-Win64-Shipping.exe,19588,0x2EC4BC3AB90,DXGI,0,512,1,Hardware: Independent Flip,11693.2164,0.4951,0.1825,0.3126,10.8570,0.1182,0.1165,0.0017,19.3495,8.9234,8.5297,11693.2164,8.3743,NA,NA
SandFall-Win64-Shipping.exe,19588,0x2EC4BC3AB90,DXGI,0,512,1,Hardware: Independent Flip,11693.7115,17.2990,16.9908,0.3082,10.4801,17.2640,17.2583,0.0057,27.7778,8.5977,-8.4283,11693.7115,0.0337,NA,NA
SandFall-Win64-Shipping.exe,19588,0x2EC4BC3AB90,DXGI,0,512,1,Hardware: Independent Flip,11711.0105,0.3198,0.1622,0.1576,10.4451,0.1265,0.1249,0.0016,19.0765,8.5502,8.7013,11711.0105,8.5049,NA,NA
SandFall-Win64-Shipping.exe,19588,0x2EC4BC3AB90,DXGI,0,512,1,Hardware: Independent Flip,11711.3303,16.3451,16.0921,0.2530,10.2518,17.0547,17.0119,0.0428,27.3069,8.6554,-8.2304,11711.3303,0.0004,NA,NA
SandFall-Win64-Shipping.exe,19588,0x2EC4BC3AB90,DXGI,0,512,1,Hardware: Independent Flip,11727.6754,0.4164,0.1890,0.2274,10.9614,0.1002,0.0986,0.0016,19.6172,8.4752,7.6897,11727.6754,8.5556,NA,NA
SandFall-Win64-Shipping.exe,19588,0x2EC4BC3AB90,DXGI,0,512,1,Hardware: Independent Flip,11728.0918,17.3742,17.0321,0.3421,10.6452,17.0305,17.0245,0.0060,27.6760,8.6645,-8.0588,11728.0918,0.0003,NA,NA
SandFall-Win64-Shipping.exe,19588,0x2EC4BC3AB90,DXGI,0,512,1,Hardware: Independent Flip,11745.4660,0.3795,0.1651,0.2144,10.3015,0.2410,0.2410,0.0000,18.9663,8.4364,8.7097,11745.4660,8.4238,NA,NA
SandFall-Win64-Shipping.exe,19588,0x2EC4BC3AB90,DXGI,0,512,1,Hardware: Independent Flip,11745.8455,15.9202,15.6340,0.2862,10.1630,16.8593,16.8486,0.0107,27.0232,8.5453,-8.0569,11745.8455,0.0009,NA,NA
SandFall-Win64-Shipping.exe,19588,0x2EC4BC3AB90,DXGI,0,512,1,Hardware: Independent Flip,11761.7657,0.4557,0.2232,0.2325,11.1021,0.1352,0.1333,0.0019,19.6483,8.5611,7.3749,11761.7657,8.4110,NA,NA
SandFall-Win64-Shipping.exe,19588,0x2EC4BC3AB90,DXGI,0,512,1,Hardware: Independent Flip,11762.2214,17.6581,17.3455,0.3126,10.7816,16.8782,16.8720,0.0062,27.7537,8.3591,-8.1054,11762.2214,0.0939,NA,NA
SandFall-Win64-Shipping.exe,19588,0x2EC4BC3AB90,DXGI,0,512,1,Hardware: Independent Flip,11779.8795,0.3265,0.1645,0.1620,10.0017,0.1158,0.1138,0.0020,18.4547,8.6290,9.2990,11779.8795,8.3372,NA,NA
SandFall-Win64-Shipping.exe,19588,0x2EC4BC3AB90,DXGI,0,512,1,Hardware: Independent Flip,11780.2060,16.3984,16.1324,0.2660,9.7910,16.8695,16.8612,0.0083,26.7572,8.3397,-8.3025,11780.2060,0.0967,NA,NA
SandFall-Win64-Shipping.exe,19588,0x2EC4BC3AB90,DXGI,0,512,1,Hardware: Independent Flip,11796.6044,0.3700,0.1614,0.2086,10.2621,0.1270,0.1254,0.0016,18.6985,8.6395,8.0587,11796.6044,8.3094,NA,NA
SandFall-Win64-Shipping.exe,19588,0x2EC4BC3AB90,DXGI,0,512,1,Hardware: Independent Flip,11796.9744,18.7308,18.4269,0.3039,10.0191,16.9479,16.9375,0.0104,26.9680,8.4918,-8.2695,11796.9744,0.0010,NA,NA
SandFall-Win64-Shipping.exe,19588,0x2EC4BC3AB90,DXGI,0,512,1,Hardware: Independent Flip,11815.7052,0.3674,0.1785,0.1889,8.2362,0.1231,0.1216,0.0015,16.7290,9.0105,10.2390,11815.7052,8.3697,NA,NA
SandFall-Win64-Shipping.exe,19588,0x2EC4BC3AB90,DXGI,0,512,1,Hardware: Independent Flip,11816.0726,15.7484,15.4882,0.2602,7.9919,17.3798,17.1515,0.2283,25.3721,8.8332,-8.6431,11816.0726,0.0004,NA,NA
SandFall-Win64-Shipping.exe,19588,0x2EC4BC3AB90,DXGI,0,512,1,Hardware: Independent Flip,11831.8210,0.3478,0.1794,0.1684,9.6233,0.1511,0.1496,0.0015,18.4569,8.3855,6.9152,11831.8210,8.6825,NA,NA
SandFall-Win64-Shipping.exe,19588,0x2EC4BC3AB90,DXGI,0,512,1,Hardware: Independent Flip,11832.1688,16.4596,16.2033,0.2563,9.4266,17.0670,17.0514,0.0156,26.4946,8.5539,-8.0377,11832.1688,0.0010,NA,NA
SandFall-Win64-Shipping.exe,19588,0x2EC4BC3AB90,DXGI,0,512,1,Hardware: Independent Flip,11848.6284,0.3606,0.1593,0.2013,10.0340,0.1044,0.1028,0.0016,18.5889,8.5039,7.9057,11848.6284,8.4505,NA,NA
SandFall-Win64-Shipping.exe,19588,0x2EC4BC3AB90,DXGI,0,512,1,Hardware: Independent Flip,11848.9890,16.7768,16.5164,0.2604,9.7778,16.9536,16.9441,0.0095,26.7322,8.7534,-8.1433,11848.9890,0.0008,NA,NA
SandFall-Win64-Shipping.exe,19588,0x2EC4BC3AB90,DXGI,0,512,1,Hardware: Independent Flip,11865.7658,0.3331,0.1617,0.1714,9.9546,0.0933,0.0917,0.0016,18.7088,8.4209,8.0234,11865.7658,8.6609,NA,NA
SandFall-Win64-Shipping.exe,19588,0x2EC4BC3AB90,DXGI,0,512,1,Hardware: Independent Flip,11866.0989,16.3063,15.9501,0.3562,9.7148,17.0816,17.0705,0.0111,26.7966,8.5690,-8.0878,11866.0989,0.0002,NA,NA
SandFall-Win64-Shipping.exe,19588,0x2EC4BC3AB90,DXGI,0,512,1,Hardware: Independent Flip,11882.4052,0.3400,0.1737,0.1663,10.4901,0.1180,0.1165,0.0015,19.0593,8.4196,7.7373,11882.4052,8.4512,NA,NA
SandFall-Win64-Shipping.exe,19588,0x2EC4BC3AB90,DXGI,0,512,1,Hardware: Independent Flip,11882.7452,16.2313,15.9765,0.2548,10.2681,16.8699,16.8619,0.0080,27.1389,8.5130,-8.0796,11882.7452,0.0009,NA,NA
SandFall-Win64-Shipping.exe,19588,0x2EC4BC3AB90,DXGI,0,512,1,Hardware: Independent Flip,11898.9765,0.4048,0.1869,0.2179,10.9067,0.1016,0.0999,0.0017,19.4206,9.0112,7.7183,11898.9765,8.4123,NA,NA
SandFall-Win64-Shipping.exe,19588,0x2EC4BC3AB90,DXGI,0,512,1,Hardware: Independent Flip,11899.3813,16.8176,16.5121,0.3055,10.6035,17.3923,17.3850,0.0073,28.0270,8.6460,-8.6064,11899.3813,0.0312,NA,NA
SandFall-Win64-Shipping.exe,19588,0x2EC4BC3AB90,DXGI,0,512,1,Hardware: Independent Flip,11916.1989,0.5245,0.3204,0.2041,11.1782,0.0992,0.0975,0.0017,19.8554,8.3662,8.1716,11916.1989,8.5780,NA,NA
SandFall-Win64-Shipping.exe,19588,0x2EC4BC3AB90,DXGI,0,512,1,Hardware: Independent Flip,11916.7234,16.9508,16.5092,0.4416,10.7529,16.9435,16.9362,0.0073,27.6971,8.6674,-7.8417,11916.7234,0.0007,NA,NA
SandFall-Win64-Shipping.exe,19588,0x2EC4BC3AB90,DXGI,0,512,1,Hardware: Independent Flip,11933.6742,0.3754,0.1818,0.1936,10.7456,0.1032,0.1017,0.0015,19.4137,9.1090,8.2834,11933.6742,8.5649,NA,NA
SandFall-Win64-Shipping.exe,19588,0x2EC4BC3AB90,DXGI,0,512,1,Hardware: Independent Flip,11934.0496,17.9292,17.6545,0.2747,10.4734,17.6739,17.6689,0.0050,28.1473,8.9182,-8.7336,11934.0496,NA,NA,NA
SandFall-Win64-Shipping.exe,19588,0x2EC4BC3AB90,DXGI,0,512,1,Hardware: Independent Flip,11951.9788,0.4081,0.1789,0.2292,10.2181,0.1483,0.1467,0.0016,19.1363,8.1870,9.0110,11951.9788,8.7699,NA,NA
SandFall-Win64-Shipping.exe,19588,0x2EC4BC3AB90,DXGI,0,512,1,Hardware: Independent Flip,11952.3869,15.4913,15.2114,0.2799,9.9583,16.9559,16.9497,0.0062,26.9152,8.7906,-7.7789,11952.3869,0.0010,NA,NA
SandFall-Win64-Shipping.exe,19588,0x2EC4BC3AB90,DXGI,0,512,1,Hardware: Independent Flip,11967.8782,0.3244,0.1561,0.1683,11.4229,0.1083,0.1038,0.0045,20.2145,8.7101,6.7007,11967.8782,8.6833,NA,NA
SandFall-Win64-Shipping.exe,19588,0x2EC4BC3AB90,DXGI,0,512,1,Hardware: Independent Flip,11968.2026,17.1797,16.8865,0.2932,11.2068,17.3569,17.3467,0.0102,28.6002,8.6706,-8.3857,11968.2026,0.0365,NA,NA
SandFall-Win64-Shipping.exe,19588,0x2EC4BC3AB90,DXGI,0,512,1,Hardware: Independent Flip,11985.3823,0.3668,0.1637,0.2031,11.3840,0.1319,0.1303,0.0016,20.0911,8.6102,8.5091,11985.3823,8.5752,NA,NA
SandFall-Win64-Shipping.exe,19588,0x2EC4BC3AB90,DXGI,0,512,1,Hardware: Independent Flip,11985.7491,16.2906,15.9635,0.3271,11.1491,17.1728,17.1677,0.0051,28.3345,8.5725,-8.2434,11985.7491,0.0126,NA,NA
SandFall-Win64-Shipping.exe,19588,0x2EC4BC3AB90,DXGI,0,512,1,Hardware: Independent Flip,12002.0397,0.3684,0.1779,0.1905,12.0313,0.1030,0.1014,0.0016,20.6164,8.5061,7.7181,12002.0397,8.4821,NA,NA
SandFall-Win64-Shipping.exe,19588,0x2EC4BC3AB90,DXGI,0,512,1,Hardware: Independent Flip,12002.4081,16.6875,16.3169,0.3706,11.7659,16.9280,16.9215,0.0065,28.7541,8.4432,-8.1377,12002.4081,0.0602,NA,NA
SandFall-Win64-Shipping.exe,19588,0x2EC4BC3AB90,DXGI,0,512,1,Hardware: Independent Flip,12019.0956,0.3846,0.1852,0.1994,12.0064,0.1138,0.1138,0.0000,20.5098,8.6760,8.2443,12019.0956,8.3896,NA,NA
SandFall-Win64-Shipping.exe,19588,0x2EC4BC3AB90,DXGI,0,512,1,Hardware: Independent Flip,12019.4802,18.6183,18.3513,0.2670,11.7356,16.9500,16.9440,0.0060,28.8012,8.3273,-8.2914,12019.4802,0.1156,NA,NA
SandFall-Win64-Shipping.exe,19588,0x2EC4BC3AB90,DXGI,0,512,1,Hardware: Independent Flip,12038.0985,0.3942,0.1984,0.1958,10.0673,0.1166,0.1150,0.0016,18.5102,9.0030,10.2910,12038.0985,8.3263,NA,NA
SandFall-Win64-Shipping.exe,19588,0x2EC4BC3AB90,DXGI,0,512,1,Hardware: Independent Flip,12038.4927,15.2395,14.8503,0.3892,9.7897,17.2986,17.2924,0.0062,27.1190,8.5793,-8.6088,12038.4927,0.0307,NA,NA
SandFall-Win64-Shipping.exe,19588,0x2EC4BC3AB90,DXGI,0,512,1,Hardware: Independent Flip,12053.7322,0.8346,0.2344,0.6002,11.8488,0.1018,0.0999,0.0019,20.4588,8.4548,6.6602,12053.7322,8.5082,NA,NA
SandFall-Win64-Shipping.exe,19588,0x2EC4BC3AB90,DXGI,0,512,1,Hardware: Independent Flip,12054.5668,17.2050,16.9473,0.2577,11.1160,16.9622,16.9541,0.0081,28.0790,8.7730,-7.6202,12054.5668,0.0008,NA,NA
SandFall-Win64-Shipping.exe,19588,0x2EC4BC3AB90,DXGI,0,512,1,Hardware: Independent Flip,12071.7718,0.3601,0.1901,0.1700,10.8732,0.2324,0.2306,0.0018,19.6470,8.4313,8.4320,12071.7718,8.5414,NA,NA
SandFall-Win64-Shipping.exe,19588,0x2EC4BC3AB90,DXGI,0,512,1,Hardware: Independent Flip,12072.1319,17.4627,17.1769,0.2858,10.7455,16.9719,16.9658,0.0061,27.7182,8.5986,-8.0712,12072.1319,0.0008,NA,NA
SandFall-Win64-Shipping.exe,19588,0x2EC4BC3AB90,DXGI,0,512,1,Hardware: Independent Flip,12089.5946,0.3291,0.1653,0.1638,10.2547,0.1321,0.1304,0.0017,18.8541,8.4207,8.8641,12089.5946,8.4673,NA,NA
SandFall-Win64-Shipping.exe,19588,0x2EC4BC3AB90,DXGI,0,512,1,Hardware: Independent Flip,12089.9237,17.4537,17.1109,0.3428,10.0577,16.8874,16.8811,0.0063,26.9457,8.5155,-8.0916,12089.9237,0.0006,NA,NA
SandFall-Win64-Shipping.exe,19588,0x2EC4BC3AB90,DXGI,0,512,1,Hardware: Independent Flip,12107.3774,0.3612,0.1888,0.1724,9.4914,0.1193,0.1178,0.0015,18.0075,9.0161,8.9382,12107.3774,8.3968,NA,NA
SandFall-Win64-Shipping.exe,19588,0x2EC4BC3AB90,DXGI,0,512,1,Hardware: Independent Flip,12107.7386,14.1348,13.8698,0.2650,9.2495,17.3553,17.3494,0.0059,26.6624,8.5733,-8.6549,12107.7386,0.0576,NA,NA
SandFall-Win64-Shipping.exe,19588,0x2EC4BC3AB90,DXGI,0,512,1,Hardware: Independent Flip,12121.8734,0.3388,0.1695,0.1693,12.4700,0.1127,0.1103,0.0024,21.1009,8.2712,5.5615,12121.8734,8.5182,NA,NA
SandFall-Win64-Shipping.exe,19588,0x2EC4BC3AB90,DXGI,0,512,1,Hardware: Independent Flip,12122.2122,17.5377,17.2001,0.3376,12.2439,16.7886,16.7815,0.0071,29.0333,8.6085,-7.9324,12122.2122,0.0008,NA,NA
SandFall-Win64-Shipping.exe,19588,0x2EC4BC3AB90,DXGI,0,512,1,Hardware: Independent Flip,12139.7499,0.3576,0.1921,0.1655,11.4948,0.1529,0.1512,0.0017,20.1041,8.7462,8.9292,12139.7499,8.4564,NA,NA
SandFall-Win64-Shipping.exe,19588,0x2EC4BC3AB90,DXGI,0,512,1,Hardware: Independent Flip,12140.1075,17.1639,16.8862,0.2777,11.2901,17.2015,17.1907,0.0108,28.4927,8.6145,-8.3886,12140.1075,0.0011,NA,NA
SandFall-Win64-Shipping.exe,19588,0x2EC4BC3AB90,DXGI,0,512,1,Hardware: Independent Flip,12157.2714,0.3464,0.1595,0.1869,11.3277,0.0991,0.0975,0.0016,19.9433,8.2430,8.5494,12157.2714,8.5165,NA,NA
SandFall-Win64-Shipping.exe,19588,0x2EC4BC3AB90,DXGI,0,512,1,Hardware: Independent Flip,12157.6178,17.5550,17.2348,0.3202,11.0804,16.7583,16.7513,0.0070,27.8399,8.5344,-7.8966,12157.6178,0.0012,NA,NA
SandFall-Win64-Shipping.exe,19588,0x2EC4BC3AB90,DXGI,0,512,1,Hardware: Independent Flip,12175.1728,0.3581,0.1889,0.1692,10.2837,0.1368,0.1352,0.0016,18.8193,8.5661,9.0206,12175.1728,8.3988,NA,NA
SandFall-Win64-Shipping.exe,19588,0x2EC4BC3AB90,DXGI,0,512,1,Hardware: Independent Flip,12175.5309,15.9217,15.5775,0.3442,10.0624,16.9119,16.9047,0.0072,27.0273,8.4371,-8.2080,12175.5309,0.0530,NA,NA
SandFall-Win64-Shipping.exe,19588,0x2EC4BC3AB90,DXGI,0,512,1,Hardware: Independent Flip,12191.4526,0.3465,0.1676,0.1789,11.0526,0.1582,0.1558,0.0024,19.5427,8.6937,7.4846,12191.4526,8.3319,NA,NA
SandFall-Win64-Shipping.exe,19588,0x2EC4BC3AB90,DXGI,0,512,1,Hardware: Independent Flip,12191.7991,16.8286,16.5648,0.2638,10.8643,17.0192,16.9828,0.0364,27.8899,8.5066,-8.3472,12191.7991,0.0064,NA,NA
SandFall-Win64-Shipping.exe,19588,0x2EC4BC3AB90,DXGI,0,512,1,Hardware: Independent Flip,12208.6277,0.4250,0.2412,0.1838,11.0549,0.0962,0.0944,0.0018,19.5679,8.4502,8.3220,12208.6277,8.4168,NA,NA
SandFall-Win64-Shipping.exe,19588,0x2EC4BC3AB90,DXGI,0,512,1,Hardware: Independent Flip,12209.0527,16.7845,16.4789,0.3056,10.7261,16.8661,16.8599,0.0062,27.5931,8.5438,-8.0252,12209.0527,0.0009,NA,NA
SandFall-Win64-Shipping.exe,19588,0x2EC4BC3AB90,DXGI,0,512,1,Hardware: Independent Flip,12225.8372,0.4288,0.2134,0.2154,10.8077,0.1121,0.1104,0.0017,19.3524,8.8104,8.2407,12225.8372,8.4326,NA,NA
SandFall-Win64-Shipping.exe,19588,0x2EC4BC3AB90,DXGI,0,512,1,Hardware: Independent Flip,12226.2660,16.2762,15.9494,0.3268,10.4910,17.2415,17.2357,0.0058,27.7340,8.6707,-8.3816,12226.2660,0.0015,NA,NA
SandFall-Win64-Shipping.exe,19588,0x2EC4BC3AB90,DXGI,0,512,1,Hardware: Independent Flip,12242.5422,0.3786,0.1759,0.2027,11.4563,0.1566,0.1542,0.0024,20.1285,8.5664,7.6055,12242.5422,8.5156,NA,NA
SandFall-Win64-Shipping.exe,19588,0x2EC4BC3AB90,DXGI,0,512,1,Hardware: Independent Flip,12242.9208,17.3773,16.9821,0.3952,11.2343,17.0813,17.0703,0.0110,28.3163,8.6167,-8.1878,12242.9208,0.0007,NA,NA
SandFall-Win64-Shipping.exe,19588,0x2EC4BC3AB90,DXGI,0,512,1,Hardware: Independent Flip,12260.2981,0.4664,0.2436,0.2228,10.9383,0.1134,0.1118,0.0016,19.5557,8.2735,8.7606,12260.2981,8.5040,NA,NA
SandFall-Win64-Shipping.exe,19588,0x2EC4BC3AB90,DXGI,0,512,1,Hardware: Independent Flip,12260.7645,17.4961,17.2117,0.2844,10.5853,16.7768,16.7708,0.0060,27.3628,8.5606,-7.8071,12260.7645,0.0007,NA,NA
SandFall-Win64-Shipping.exe,19588,0x2EC4BC3AB90,DXGI,0,512,1,Hardware: Independent Flip,12278.2606,0.3390,0.1691,0.1699,9.8660,0.1613,0.1597,0.0016,18.4273,8.6163,8.9355,12278.2606,8.4000,NA,NA
SandFall-Win64-Shipping.exe,19588,0x2EC4BC3AB90,DXGI,0,512,1,Hardware: Independent Flip,12278.5996,15.7384,15.4535,0.2849,9.6883,16.9879,16.9794,0.0085,26.7046,8.4766,-8.2773,12278.5996,0.0284,NA,NA
SandFall-Win64-Shipping.exe,19588,0x2EC4BC3AB90,DXGI,0,512,1,Hardware: Independent Flip,12294.3380,0.4117,0.2245,0.1872,10.9378,0.1009,0.0993,0.0016,19.4428,8.4780,7.2618,12294.3380,8.4041,NA,NA
SandFall-Win64-Shipping.exe,19588,0x2EC4BC3AB90,DXGI,0,512,1,Hardware: Independent Flip,12294.7497,16.9481,16.5427,0.4054,10.6270,16.8814,16.8745,0.0069,27.5091,8.4337,-8.0663,12294.7497,0.0007,NA,NA
SandFall-Win64-Shipping.exe,19588,0x2EC4BC3AB90,DXGI,0,512,1,Hardware: Independent Flip,12311.6978,0.3789,0.2058,0.1731,10.5603,0.1000,0.0984,0.0016,18.9947,8.9811,8.5144,12311.6978,8.3344,NA,NA
SandFall-Win64-Shipping.exe,19588,0x2EC4BC3AB90,DXGI,0,512,1,Hardware: Independent Flip,12312.0767,16.0657,15.7935,0.2722,10.2814,17.2871,17.2784,0.0087,27.5969,8.6821,-8.6022,12312.0767,0.0284,NA,NA
SandFall-Win64-Shipping.exe,19588,0x2EC4BC3AB90,DXGI,0,512,1,Hardware: Independent Flip,12328.1424,0.3367,0.1723,0.1644,11.5028,0.1978,0.1978,0.0000,20.2133,8.3731,7.3836,12328.1424,8.5127,NA,NA
SandFall-Win64-Shipping.exe,19588,0x2EC4BC3AB90,DXGI,0,512,1,Hardware: Independent Flip,12328.4791,17.7661,17.3680,0.3981,11.3639,16.8851,16.8772,0.0079,28.2497,8.7092,-8.0364,12328.4791,0.0007,NA,NA
SandFall-Win64-Shipping.exe,19588,0x2EC4BC3AB90,DXGI,0,512,1,Hardware: Independent Flip,12346.2452,0.5471,0.2399,0.3072,10.4829,0.1031,0.1015,0.0016,19.1928,8.5491,9.0569,12346.2452,8.6068,NA,NA
SandFall-Win64-Shipping.exe,19588,0x2EC4BC3AB90,DXGI,0,512,1,Hardware: Independent Flip,12346.7923,16.9569,16.6669,0.2900,10.0389,17.1556,17.1491,0.0065,27.1948,8.6038,-8.0020,12346.7923,0.0003,NA,NA
SandFall-Win64-Shipping.exe,19588,0x2EC4BC3AB90,DXGI,0,512,1,Hardware: Independent Flip,12363.7492,0.3659,0.1841,0.1818,10.2376,0.1004,0.0988,0.0016,18.8417,8.4594,8.3531,12363.7492,8.5037,NA,NA
SandFall-Win64-Shipping.exe,19588,0x2EC4BC3AB90,DXGI,0,512,1,Hardware: Independent Flip,12364.1151,15.8383,15.5409,0.2974,9.9721,16.9268,16.9207,0.0061,26.9352,8.4742,-8.0935,12364.1151,0.0363,NA,NA
SandFall-Win64-Shipping.exe,19588,0x2EC4BC3AB90,DXGI,0,512,1,Hardware: Independent Flip,12379.9534,0.3603,0.1890,0.1713,11.0606,0.1220,0.1220,0.0000,19.5711,8.7934,7.3641,12379.9534,8.3885,NA,NA
SandFall-Win64-Shipping.exe,19588,0x2EC4BC3AB90,DXGI,0,512,1,Hardware: Independent Flip,12380.3137,16.7697,16.4791,0.2906,10.8223,17.1679,17.1612,0.0067,28.0042,8.5440,-8.4331,12380.3137,0.0140,NA,NA
SandFall-Win64-Shipping.exe,19588,0x2EC4BC3AB90,DXGI,0,512,1,Hardware: Independent Flip,12397.0834,0.4631,0.2226,0.2405,11.2205,0.1017,0.1001,0.0016,19.7785,8.6382,8.2257,12397.0834,8.4563,NA,NA
SandFall-Win64-Shipping.exe,19588,0x2EC4BC3AB90,DXGI,0,512,1,Hardware: Independent Flip,12397.5465,17.0076,16.6924,0.3152,10.8591,17.0938,17.0874,0.0064,27.9536,8.6004,-8.1751,12397.5465,0.0007,NA,NA
SandFall-Win64-Shipping.exe,19588,0x2EC4BC3AB90,DXGI,0,512,1,Hardware: Independent Flip,12414.5541,0.4538,0.2302,0.2236,10.9453,0.1333,0.1333,0.0000,19.5464,8.3906,8.4072,12414.5541,8.4678,NA,NA
SandFall-Win64-Shipping.exe,19588,0x2EC4BC3AB90,DXGI,0,512,1,Hardware: Independent Flip,12415.0079,16.6377,16.3734,0.2643,10.6248,16.8578,16.8513,0.0065,27.4832,8.4845,-7.9368,12415.0079,0.0006,NA,NA
SandFall-Win64-Shipping.exe,19588,0x2EC4BC3AB90,DXGI,0,512,1,Hardware: Independent Flip,12431.6456,0.3529,0.1781,0.1748,10.8449,0.1048,0.1031,0.0017,19.3300,8.6333,8.1532,12431.6456,8.3803,NA,NA
SandFall-Win64-Shipping.exe,19588,0x2EC4BC3AB90,DXGI,0,512,1,Hardware: Independent Flip,12431.9985,16.3377,16.0570,0.2807,10.5968,16.9476,16.9392,0.0084,27.6104,8.4513,-8.2804,12431.9985,0.0660,NA,NA
SandFall-Win64-Shipping.exe,19588,0x2EC4BC3AB90,DXGI,0,512,1,Hardware: Independent Flip,12448.3362,0.3748,0.1923,0.1825,11.2067,0.1286,0.1267,0.0019,19.7240,9.3466,7.8864,12448.3362,8.3887,NA,NA
SandFall-Win64-Shipping.exe,19588,0x2EC4BC3AB90,DXGI,0,512,1,Hardware: Independent Flip,12448.7110,17.0205,16.6862,0.3343,10.9605,17.7236,17.7181,0.0055,28.6958,8.8737,-8.9718,12448.7110,0.0117,NA,NA
SandFall-Win64-Shipping.exe,19588,0x2EC4BC3AB90,DXGI,0,512,1,Hardware: Independent Flip,12465.7315,0.3787,0.1834,0.1953,11.6636,0.1564,0.1539,0.0025,20.5490,8.4290,8.1468,12465.7315,8.7290,NA,NA
SandFall-Win64-Shipping.exe,19588,0x2EC4BC3AB90,DXGI,0,512,1,Hardware: Independent Flip,12466.1102,16.7712,16.4691,0.3021,11.4413,17.1574,17.1507,0.0067,28.5993,8.6390,-8.0503,12466.1102,0.0006,NA,NA
SandFall-Win64-Shipping.exe,19588,0x2EC4BC3AB90,DXGI,0,512,1,Hardware: Independent Flip,12482.8814,0.3753,0.1948,0.1805,11.8275,0.1010,0.0994,0.0016,20.4671,8.4184,8.1322,12482.8814,8.5386,NA,NA
SandFall-Win64-Shipping.exe,19588,0x2EC4BC3AB90,DXGI,0,512,1,Hardware: Independent Flip,12483.2567,17.6802,17.4222,0.2580,11.5532,16.9562,16.9502,0.0060,28.5102,8.7334,-8.0431,12483.2567,0.0008,NA,NA
SandFall-Win64-Shipping.exe,19588,0x2EC4BC3AB90,DXGI,0,512,1,Hardware: Independent Flip,12500.9369,0.3797,0.1980,0.1817,10.8292,0.1247,0.1226,0.0021,19.5634,8.2767,8.9468,12500.9369,8.6095,NA,NA
SandFall-Win64-Shipping.exe,19588,0x2EC4BC3AB90,DXGI,0,512,1,Hardware: Independent Flip,12501.3166,16.7670,16.4833,0.2837,10.5742,16.8854,16.8773,0.0081,27.4604,8.5495,-7.8970,12501.3166,0.0008,NA,NA
SandFall-Win64-Shipping.exe,19588,0x2EC4BC3AB90,DXGI,0,512,1,Hardware: Independent Flip,12518.0836,0.3614,0.1922,0.1692,10.6926,0.2196,0.2176,0.0020,19.2429,9.0568,8.2175,12518.0836,8.3307,NA,NA
SandFall-Win64-Shipping.exe,19588,0x2EC4BC3AB90,DXGI,0,512,1,Hardware: Independent Flip,12518.4450,16.3469,15.9966,0.3503,10.5508,17.2996,17.2929,0.0067,27.9383,8.6266,-8.6954,12518.4450,0.0879,NA,NA
SandFall-Win64-Shipping.exe,19588,0x2EC4BC3AB90,DXGI,0,512,1,Hardware: Independent Flip,12534.7919,0.3219,0.1626,0.1593,11.5035,0.1197,0.0992,0.0205,20.2180,8.4841,7.7203,12534.7919,8.5948,NA,NA
SandFall-Win64-Shipping.exe,19588,0x2EC4BC3AB90,DXGI,0,512,1,Hardware: Independent Flip,12535.1138,16.3979,16.1248,0.2731,11.3013,17.0771,17.0708,0.0063,28.3802,8.6883,-8.1622,12535.1138,0.0018,NA,NA
SandFall-Win64-Shipping.exe,19588,0x2EC4BC3AB90,DXGI,0,512,1,Hardware: Independent Flip,12551.5117,0.4419,0.2527,0.1892,11.9805,0.1356,0.1318,0.0038,20.6706,8.5613,7.7096,12551.5117,8.5545,NA,NA
SandFall-Win64-Shipping.exe,19588,0x2EC4BC3AB90,DXGI,0,512,1,Hardware: Independent Flip,12551.9536,16.8566,16.5877,0.2689,11.6742,17.1158,17.1094,0.0064,28.7900,8.6219,-8.1194,12551.9536,NA,16.2961,NA
SandFall-Win64-Shipping.exe,19588,0x2EC4BC3AB90,DXGI,0,512,1,Hardware: Independent Flip,12568.8102,0.4004,0.1951,0.2053,11.9334,0.1114,0.1098,0.0016,20.5553,9.0365,8.2347,12568.8102,8.5105,NA,NA
SandFall-Win64-Shipping.exe,19588,0x2EC4BC3AB90,DXGI,0,512,1,Hardware: Independent Flip,12569.2106,16.9918,16.7029,0.2889,11.6444,17.5468,17.5369,0.0099,29.1914,8.8360,-8.6361,12569.2106,0.0002,14.9497,NA
SandFall-Win64-Shipping.exe,19588,0x2EC4BC3AB90,DXGI,0,512,1,Hardware: Independent Flip,12586.2024,0.4782,0.2435,0.2347,12.1994,0.1041,0.0991,0.0050,21.0356,8.7845,8.1558,12586.2024,8.7321,NA,NA
SandFall-Win64-Shipping.exe,19588,0x2EC4BC3AB90,DXGI,0,512,1,Hardware: Independent Flip,12586.6806,16.5249,16.2562,0.2687,11.8253,17.5157,17.5081,0.0076,29.3419,8.8420,-8.3063,12586.6806,0.0009,NA,NA
SandFall-Win64-Shipping.exe,19588,0x2EC4BC3AB90,DXGI,0,512,1,Hardware: Independent Flip,12603.2055,0.4665,0.2479,0.2186,12.8161,0.1023,0.1007,0.0016,21.6590,8.4462,7.6829,12603.2055,8.7406,NA,NA
SandFall-Win64-Shipping.exe,19588,0x2EC4BC3AB90,DXGI,0,512,1,Hardware: Independent Flip,12603.6720,16.5191,16.2608,0.2583,12.4519,17.1862,17.1803,0.0059,29.6387,8.6858,-7.9797,12603.6720,0.0006,NA,NA
SandFall-Win64-Shipping.exe,19588,0x2EC4BC3AB90,DXGI,0,512,1,Hardware: Independent Flip,12620.1911,0.3520,0.1606,0.1914,13.1190,0.2010,0.1993,0.0017,21.8054,9.0615,7.8333,12620.1911,8.4854,NA,NA
SandFall-Win64-Shipping.exe,19588,0x2EC4BC3AB90,DXGI,0,512,1,Hardware: Independent Flip,12620.5431,18.2327,17.8408,0.3919,12.9680,17.5270,17.5204,0.0066,30.5149,8.8045,-8.7095,12620.5431,0.0199,NA,NA
SandFall-Win64-Shipping.exe,19588,0x2EC4BC3AB90,DXGI,0,512,1,Hardware: Independent Flip,12638.7758,0.3620,0.1738,0.1882,12.2623,0.1129,0.1112,0.0017,21.0867,8.5128,9.4282,12638.7758,8.7115,NA,NA
SandFall-Win64-Shipping.exe,19588,0x2EC4BC3AB90,DXGI,0,512,1,Hardware: Independent Flip,12639.1378,17.7148,17.3933,0.3215,12.0132,17.2234,17.2163,0.0071,29.2375,8.7026,-8.1508,12639.1378,0.0009,NA,NA
SandFall-Win64-Shipping.exe,19588,0x2EC4BC3AB90,DXGI,0,512,1,Hardware: Independent Flip,12656.8526,0.3553,0.1689,0.1864,11.5218,0.0719,0.0679,0.0040,20.2253,8.9357,9.0122,12656.8526,8.6316,NA,NA
SandFall-Win64-Shipping.exe,19588,0x2EC4BC3AB90,DXGI,0,512,1,Hardware: Independent Flip,12657.2079,15.5632,15.3084,0.2548,11.2384,17.5667,17.5593,0.0074,28.8057,8.7543,-8.5804,12657.2079,0.0006,NA,NA
SandFall-Win64-Shipping.exe,19588,0x2EC4BC3AB90,DXGI,0,512,1,Hardware: Independent Flip,12672.7711,0.3905,0.2151,0.1754,13.2419,0.1043,0.1023,0.0020,21.9968,8.5465,6.8089,12672.7711,8.6506,NA,NA
SandFall-Win64-Shipping.exe,19588,0x2EC4BC3AB90,DXGI,0,512,1,Hardware: Independent Flip,12673.1616,18.6454,18.3420,0.3034,12.9557,17.1962,17.1869,0.0093,30.1528,8.7034,-8.1560,12673.1616,0.0009,NA,NA
SandFall-Win64-Shipping.exe,19588,0x2EC4BC3AB90,DXGI,0,512,1,Hardware: Independent Flip,12691.8070,0.3829,0.1976,0.1853,11.5065,0.1422,0.1400,0.0022,20.2108,8.5590,9.9420,12691.8070,8.5621,NA,NA
SandFall-Win64-Shipping.exe,19588,0x2EC4BC3AB90,DXGI,0,512,1,Hardware: Independent Flip,12692.1899,16.1499,15.8348,0.3151,11.2658,17.1202,17.1137,0.0065,28.3869,8.6306,-8.1761,12692.1899,0.0009,NA,NA
SandFall-Win64-Shipping.exe,19588,0x2EC4BC3AB90,DXGI,0,512,1,Hardware: Independent Flip,12708.3398,0.4238,0.1847,0.2391,12.2361,0.1348,0.1332,0.0016,20.8676,8.6518,7.5193,12708.3398,8.4967,NA,NA
SandFall-Win64-Shipping.exe,19588,0x2EC4BC3AB90,DXGI,0,512,1,Hardware: Independent Flip,12708.7636,17.0149,16.7544,0.2605,11.9471,17.1326,17.1222,0.0104,29.0956,8.5487,-8.2280,12708.7636,0.0159,NA,NA
SandFall-Win64-Shipping.exe,19588,0x2EC4BC3AB90,DXGI,0,512,1,Hardware: Independent Flip,12725.7785,0.3433,0.1691,0.1742,12.0648,0.1011,0.0996,0.0015,20.6294,8.9567,8.4662,12725.7785,8.4635,NA,NA
SandFall-Win64-Shipping.exe,19588,0x2EC4BC3AB90,DXGI,0,512,1,Hardware: Independent Flip,12726.1218,17.5052,17.1993,0.3059,11.8226,17.3645,17.3566,0.0079,29.2428,8.6826,-8.6134,12726.1218,0.0557,NA,NA
SandFall-Win64-Shipping.exe,19588,0x2EC4BC3AB90,DXGI,0,512,1,Hardware: Independent Flip,12743.6270,0.3797,0.1911,0.1886,11.6819,0.1404,0.1382,0.0022,20.4202,9.0849,8.8226,12743.6270,8.5979,NA,NA
SandFall-Win64-Shipping.exe,19588,0x2EC4BC3AB90,DXGI,0,512,1,Hardware: Independent Flip,12744.0067,17.5708,17.1259,0.4449,11.4426,17.6820,17.6747,0.0073,29.1254,8.9328,-8.7052,12744.0067,0.0008,12.6871,NA
SandFall-Win64-Shipping.exe,19588,0x2EC4BC3AB90,DXGI,0,512,1,Hardware: Independent Flip,12761.5775,0.4446,0.1997,0.2449,11.5538,0.1018,0.1002,0.0016,20.4874,8.8042,8.6380,12761.5775,8.8318,NA,NA
SandFall-Win64-Shipping.exe,19588,0x2EC4BC3AB90,DXGI,0,512,1,Hardware: Independent Flip,12762.0221,17.4638,17.1423,0.3215,11.2110,17.6355,17.5879,0.0476,28.8470,8.9655,-8.3596,12762.0221,0.0005,13.3873,NA
SandFall-Win64-Shipping.exe,19588,0x2EC4BC3AB90,DXGI,0,512,1,Hardware: Independent Flip,12779.4859,0.4298,0.2125,0.2173,11.3827,0.1016,0.1000,0.0016,20.3487,8.7414,8.4983,12779.4859,8.8644,NA,NA
SandFall-Win64-Shipping.exe,19588,0x2EC4BC3AB90,DXGI,0,512,1,Hardware: Independent Flip,12779.9157,16.3300,16.0780,0.2520,11.0545,17.6051,17.5978,0.0073,28.6603,8.9617,-8.3116,12779.9157,0.0007,16.1252,NA
SandFall-Win64-Shipping.exe,19588,0x2EC4BC3AB90,DXGI,0,512,1,Hardware: Independent Flip,12796.2457,0.3285,0.1599,0.1686,12.3296,0.1288,0.1267,0.0021,21.2920,8.7875,7.3683,12796.2457,8.8336,NA,NA
SandFall-Win64-Shipping.exe,19588,0x2EC4BC3AB90,DXGI,0,512,1,Hardware: Independent Flip,12796.5742,17.4281,17.1049,0.3232,12.1299,17.6204,17.6139,0.0065,29.7510,8.9232,-8.4590,12796.5742,0.0007,12.8730,NA
SandFall-Win64-Shipping.exe,19588,0x2EC4BC3AB90,DXGI,0,512,1,Hardware: Independent Flip,12814.0023,0.3776,0.1885,0.1891,12.3222,0.1079,0.1060,0.0019,21.2461,9.2214,8.5049,12814.0023,8.8160,NA,NA
SandFall-Win64-Shipping.exe,19588,0x2EC4BC3AB90,DXGI,0,512,1,Hardware: Independent Flip,12814.3799,18.4934,18.2284,0.2650,12.0525,18.0285,18.0189,0.0096,30.0899,9.0065,-8.8438,12814.3799,0.0089,14.0174,NA
SandFall-Win64-Shipping.exe,19588,0x2EC4BC3AB90,DXGI,0,512,1,Hardware: Independent Flip,12832.8733,0.4135,0.2010,0.2125,11.5876,0.1025,0.1010,0.0015,20.6030,9.3092,9.4869,12832.8733,8.9129,NA,NA
SandFall-Win64-Shipping.exe,19588,0x2EC4BC3AB90,DXGI,0,512,1,Hardware: Independent Flip,12833.2868,18.0033,17.7118,0.2915,11.2766,18.2214,18.2139,0.0075,29.4987,9.2856,-8.8957,12833.2868,0.0007,15.3377,NA
SandFall-Win64-Shipping.exe,19588,0x2EC4BC3AB90,DXGI,0,512,1,Hardware: Independent Flip,12851.2901,0.4790,0.2921,0.1869,11.4947,0.1454,0.1454,0.0000,20.7810,9.1942,8.7177,12851.2901,9.1409,NA,NA
SandFall-Win64-Shipping.exe,19588,0x2EC4BC3AB90,DXGI,0,512,1,Hardware: Independent Flip,12851.7691,17.5610,17.0982,0.4628,11.1611,18.3344,18.3277,0.0067,29.4962,9.4228,-8.7152,12851.7691,0.0007,16.8130,NA
SandFall-Win64-Shipping.exe,19588,0x2EC4BC3AB90,DXGI,0,512,1,Hardware: Independent Flip,12869.3301,0.3641,0.1880,0.1761,11.9345,0.1045,0.1029,0.0016,21.3580,9.2383,8.1382,12869.3301,9.3190,NA,NA
SandFall-Win64-Shipping.exe,19588,0x2EC4BC3AB90,DXGI,0,512,1,Hardware: Independent Flip,12869.6942,18.1084,17.7826,0.3258,11.6749,18.5552,18.5455,0.0097,30.2322,9.4962,-8.8742,12869.6942,0.0021,15.4770,NA
SandFall-Win64-Shipping.exe,19588,0x2EC4BC3AB90,DXGI,0,512,1,Hardware: Independent Flip,12887.8026,0.3678,0.1725,0.1953,12.1217,0.1167,0.1150,0.0017,21.6200,9.6598,8.6122,12887.8026,9.3816,NA,NA
SandFall-Win64-Shipping.exe,19588,0x2EC4BC3AB90,DXGI,0,512,1,Hardware: Independent Flip,12888.1704,17.1352,16.7365,0.3987,11.8706,19.0409,19.0366,0.0043,30.9120,9.6269,-9.2920,12888.1704,0.0005,16.6355,NA
SandFall-Win64-Shipping.exe,19588,0x2EC4BC3AB90,DXGI,0,512,1,Hardware: Independent Flip,12905.3056,0.3956,0.1941,0.2015,13.7763,0.1086,0.1068,0.0018,23.4037,10.1463,7.5083,12905.3056,9.5188,NA,NA
SandFall-Win64-Shipping.exe,19588,0x2EC4BC3AB90,DXGI,0,512,1,Hardware: Independent Flip,12905.7012,17.9849,17.6254,0.3595,13.4893,19.6641,19.6580,0.0061,33.1544,10.0496,-9.7507,12905.7012,0.0010,19.4079,NA
SandFall-Win64-Shipping.exe,19588,0x2EC4BC3AB90,DXGI,0,512,1,Hardware: Independent Flip,12923.6861,0.3965,0.1817,0.2148,15.1685,0.1457,0.1457,0.0000,25.2191,8.6935,7.9353,12923.6861,9.9049,NA,NA
SandFall-Win64-Shipping.exe,19588,0x2EC4BC3AB90,DXGI,0,512,1,Hardware: Independent Flip,12924.0826,17.8544,17.5982,0.2562,14.9177,18.5977,18.5893,0.0084,33.5161,9.7032,-8.2970,12924.0826,0.0007,18.1536,NA
SandFall-Win64-Shipping.exe,19588,0x2EC4BC3AB90,DXGI,0,512,1,Hardware: Independent Flip,12941.9370,0.3317,0.1641,0.1676,15.6610,0.1329,0.1304,0.0025,25.3649,10.0527,8.1512,12941.9370,9.5710,NA,NA
SandFall-Win64-Shipping.exe,19588,0x2EC4BC3AB90,DXGI,0,512,1,Hardware: Independent Flip,12942.2687,18.7463,18.4638,0.2825,15.4622,19.3659,19.3562,0.0097,35.0859,9.5008,-9.7210,12942.2687,0.2578,19.9055,NA
SandFall-Win64-Shipping.exe,19588,0x2EC4BC3AB90,DXGI,0,512,1,Hardware: Independent Flip,12961.0150,0.6021,0.2091,0.3930,16.0818,0.1655,0.1637,0.0018,25.8404,9.6266,9.2455,12961.0150,9.5931,NA,NA
SandFall-Win64-Shipping.exe,19588,0x2EC4BC3AB90,DXGI,0,512,1,Hardware: Independent Flip,12961.6171,20.1030,19.7095,0.3935,15.6452,19.1310,19.1257,0.0053,34.8649,9.3814,-9.0245,12961.6171,0.0887,19.0307,NA
SandFall-Win64-Shipping.exe,19588,0x2EC4BC3AB90,DXGI,0,512,1,Hardware: Independent Flip,12981.7201,0.3973,0.2064,0.1909,14.6732,0.1506,0.1486,0.0020,24.1433,9.4205,10.7216,12981.7201,9.3195,NA,NA
SandFall-Win64-Shipping.exe,19588,0x2EC4BC3AB90,DXGI,0,512,1,Hardware: Independent Flip,12982.1174,16.9794,16.7206,0.2588,14.4265,18.6928,18.6877,0.0051,33.1665,9.3357,-9.0232,12982.1174,0.0472,19.8369,NA
SandFall-Win64-Shipping.exe,19588,0x2EC4BC3AB90,DXGI,0,512,1,Hardware: Independent Flip,12999.0968,0.3883,0.2149,0.1734,16.1399,0.1517,0.1500,0.0017,25.5228,9.8228,7.6437,12999.0968,9.2312,NA,NA
SandFall-Win64-Shipping.exe,19588,0x2EC4BC3AB90,DXGI,0,512,1,Hardware: Independent Flip,12999.4851,18.3078,18.0087,0.2991,15.9033,19.0041,18.9986,0.0055,34.9573,9.4830,-9.4345,12999.4851,0.0499,18.9948,NA
SandFall-Win64-Shipping.exe,19588,0x2EC4BC3AB90,DXGI,0,512,1,Hardware: Independent Flip,13017.7929,0.3459,0.1631,0.1828,16.5996,0.1549,0.1531,0.0018,26.1325,10.2669,8.8248,13017.7929,9.3780,NA,NA
SandFall-Win64-Shipping.exe,19588,0x2EC4BC3AB90,DXGI,0,512,1,Hardware: Independent Flip,13018.1388,19.9477,19.6352,0.3125,16.4086,19.6439,19.6343,0.0096,36.0535,9.9998,-9.9210,13018.1388,0.0010,18.7444,NA
SandFall-Win64-Shipping.exe,19588,0x2EC4BC3AB90,DXGI,0,512,1,Hardware: Independent Flip,13038.0865,0.6444,0.2276,0.4168,16.1048,0.1582,0.1556,0.0026,26.1056,16.1934,9.9479,13038.0865,9.8426,NA,NA
SandFall-Win64-Shipping.exe,19588,0x2EC4BC3AB90,DXGI,0,512,1,Hardware: Independent Flip,13038.7309,34.3034,33.9869,0.3165,15.6186,26.0350,22.2348,3.8002,41.6546,13.6141,-15.5490,13038.7309,0.0010,27.9349,NA
SandFall-Win64-Shipping.exe,19588,0x2EC4BC3AB90,DXGI,0,512,1,Hardware: Independent Flip,13073.0343,0.3748,0.1735,0.2013,7.3502,0.1488,0.1464,0.0024,20.9653,4.9436,20.6893,13073.0343,13.4663,NA,NA
SandFall-Win64-Shipping.exe,19588,0x2EC4BC3AB90,DXGI,0,512,1,Hardware: Independent Flip,13073.4091,13.4206,12.8757,0.5449,7.1242,18.4086,18.4029,0.0057,25.5341,9.2625,-4.5688,13073.4091,0.0013,25.4780,NA
SandFall-Win64-Shipping.exe,19588,0x2EC4BC3AB90,DXGI,0,512,1,Hardware: Independent Flip,13086.8297,0.7602,0.3803,0.3799,12.1122,0.1362,0.1337,0.0025,21.3760,8.9119,4.1581,13086.8297,9.1276,NA,NA
SandFall-Win64-Shipping.exe,19588,0x2EC4BC3AB90,DXGI,0,512,1,Hardware: Independent Flip,13087.5899,10.8258,10.3994,0.4264,11.4882,18.0386,18.0308,0.0078,29.5277,9.0680,-8.1517,13087.5899,0.0009,30.6518,NA
SandFall-Win64-Shipping.exe,19588,0x2EC4BC3AB90,DXGI,0,512,1,Hardware: Independent Flip,13098.4157,0.8913,0.2999,0.5914,18.7010,0.1407,0.1379,0.0028,27.7699,10.2030,1.7578,13098.4157,8.9282,NA,NA
SandFall-Win64-Shipping.exe,19588,0x2EC4BC3AB90,DXGI,0,512,1,Hardware: Independent Flip,13099.3070,18.6232,18.2251,0.3981,17.9504,19.1305,19.1227,0.0078,37.0816,10.1640,-9.3117,13099.3070,0.0007,40.9258,NA
SandFall-Win64-Shipping.exe,19588,0x2EC4BC3AB90,DXGI,0,512,1,Hardware: Independent Flip,13117.9302,0.4789,0.2404,0.2385,18.4577,0.1515,0.1495,0.0020,28.6224,9.6754,8.4592,13117.9302,10.0132,NA,NA
SandFall-Win64-Shipping.exe,19588,0x2EC4BC3AB90,DXGI,0,512,1,Hardware: Independent Flip,13118.4091,29.2732,28.9457,0.3275,18.1303,19.6884,19.6854,0.0030,37.8189,10.5610,-9.1965,13118.4091,0.0002,22.7660,NA
SandFall-Win64-Shipping.exe,19588,0x2EC4BC3AB90,DXGI,0,512,1,Hardware: Independent Flip,13147.6823,0.4449,0.2103,0.2346,8.5455,0.1415,0.1397,0.0018,19.1067,8.3317,18.7122,13147.6823,10.4197,NA,NA
SandFall-Win64-Shipping.exe,19588,0x2EC4BC3AB90,DXGI,0,512,1,Hardware: Independent Flip,13148.1272,20.1052,19.8113,0.2939,8.2421,18.7498,18.7415,0.0083,26.9935,9.7933,-7.8868,13148.1272,0.0016,NA,NA
SandFall-Win64-Shipping.exe,19588,0x2EC4BC3AB90,DXGI,0,512,1,Hardware: Independent Flip,13168.2324,0.4376,0.1792,0.2584,6.8867,0.1466,0.1438,0.0028,16.6816,8.6843,10.3119,13168.2324,9.6483,NA,NA
SandFall-Win64-Shipping.exe,19588,0x2EC4BC3AB90,DXGI,0,512,1,Hardware: Independent Flip,13168.6700,9.7923,9.4119,0.3804,6.5957,18.3318,18.3274,0.0044,24.9283,9.2343,-8.2467,13168.6700,0.0008,NA,NA
SandFall-Win64-Shipping.exe,19588,0x2EC4BC3AB90,DXGI,0,512,1,Hardware: Independent Flip,13178.4623,0.3847,0.1983,0.1864,15.1352,0.1186,0.1165,0.0021,24.3703,9.1065,0.5580,13178.4623,9.1165,NA,NA
SandFall-Win64-Shipping.exe,19588,0x2EC4BC3AB90,DXGI,0,512,1,Hardware: Independent Flip,13178.8470,16.8223,16.5362,0.2861,14.8691,17.9810,17.9750,0.0060,33.0921,8.8173,-8.7218,13178.8470,0.2420,NA,NA
SandFall-Win64-Shipping.exe,19588,0x2EC4BC3AB90,DXGI,0,512,1,Hardware: Independent Flip,13195.6693,0.3765,0.1722,0.2043,16.0278,0.1334,0.1310,0.0024,25.0871,8.9553,8.0050,13195.6693,8.9259,NA,NA
SandFall-Win64-Shipping.exe,19588,0x2EC4BC3AB90,DXGI,0,512,1,Hardware: Independent Flip,13196.0458,18.4829,18.1726,0.3103,15.7847,17.7596,17.7508,0.0088,33.6659,8.7167,-8.5788,13196.0458,0.1216,NA,NA
SandFall-Win64-Shipping.exe,19588,0x2EC4BC3AB90,DXGI,0,512,1,Hardware: Independent Flip,13214.5287,0.3486,0.1804,0.1682,15.0614,0.1393,0.1376,0.0017,23.8997,9.7425,9.7662,13214.5287,8.6990,NA,NA
SandFall-Win64-Shipping.exe,19588,0x2EC4BC3AB90,DXGI,0,512,1,Hardware: Independent Flip,13214.8773,24.7942,24.4839,0.3103,14.8521,18.1869,18.1768,0.0101,33.2936,8.8143,-9.3939,13214.8773,0.2546,31.6658,NA
SandFall-Win64-Shipping.exe,19588,0x2EC4BC3AB90,DXGI,0,512,1,Hardware: Independent Flip,13239.6715,0.3697,0.1878,0.1819,8.2448,0.1390,0.1365,0.0025,17.3137,8.7145,15.9799,13239.6715,8.9299,NA,NA
SandFall-Win64-Shipping.exe,19588,0x2EC4BC3AB90,DXGI,0,512,1,Hardware: Independent Flip,13240.0412,14.7929,14.4864,0.3065,8.0141,17.6132,17.6017,0.0115,25.6585,8.6748,-8.3448,13240.0412,0.0312,NA,NA
SandFall-Win64-Shipping.exe,19588,0x2EC4BC3AB90,DXGI,0,512,1,Hardware: Independent Flip,13254.8341,0.3821,0.2145,0.1676,10.8344,0.0956,0.0936,0.0020,19.5404,9.3250,6.1181,13254.8341,8.6104,NA,NA
SandFall-Win64-Shipping.exe,19588,0x2EC4BC3AB90,DXGI,0,512,1,Hardware: Independent Flip,13255.2162,18.4975,18.1785,0.3190,10.5479,17.8229,17.5050,0.3179,28.4833,8.8422,-8.9429,13255.2162,0.1125,NA,NA
SandFall-Win64-Shipping.exe,19588,0x2EC4BC3AB90,DXGI,0,512,1,Hardware: Independent Flip,13273.7137,0.3759,0.1719,0.2040,9.8733,0.1238,0.1182,0.0056,18.8280,11.7663,9.6553,13273.7137,8.8309,NA,NA
SandFall-Win64-Shipping.exe,19588,0x2EC4BC3AB90,DXGI,0,512,1,Hardware: Independent Flip,13274.0896,19.9080,19.6154,0.2926,9.6212,20.5968,18.0281,2.5687,30.2184,10.4386,-11.3904,13274.0896,0.0004,NA,NA
SandFall-Win64-Shipping.exe,19588,0x2EC4BC3AB90,DXGI,0,512,1,Hardware: Independent Flip,13293.9976,0.3912,0.1792,0.2120,10.3100,0.0814,0.0814,0.0000,20.7490,7.2793,9.4694,13293.9976,10.3576,NA,NA
SandFall-Win64-Shipping.exe,19588,0x2EC4BC3AB90,DXGI,0,512,1,Hardware: Independent Flip,13294.3888,17.4593,17.1985,0.2608,10.0002,17.6362,17.4074,0.2288,27.6371,8.8675,-6.8881,13294.3888,0.0007,NA,NA
SandFall-Win64-Shipping.exe,19588,0x2EC4BC3AB90,DXGI,0,512,1,Hardware: Independent Flip,13311.8481,0.3245,0.1634,0.1611,10.1771,0.1098,0.1048,0.0050,19.0453,10.1140,8.5918,13311.8481,8.7584,NA,NA
SandFall-Win64-Shipping.exe,19588,0x2EC4BC3AB90,DXGI,0,512,1,Hardware: Independent Flip,13312.1726,18.7260,18.4265,0.2995,9.9624,18.8713,17.6138,1.2575,28.8348,9.9336,-9.7895,13312.1726,0.0011,NA,NA
SandFall-Win64-Shipping.exe,19588,0x2EC4BC3AB90,DXGI,0,512,1,Hardware: Independent Flip,13330.8986,0.5990,0.3522,0.2468,10.1077,0.1140,0.1089,0.0051,20.0424,9.5806,8.7924,13330.8986,9.8207,NA,NA
SandFall-Win64-Shipping.exe,19588,0x2EC4BC3AB90,DXGI,0,512,1,Hardware: Independent Flip,13331.4976,18.7370,18.4207,0.3163,9.6227,19.4008,17.8221,1.5787,29.0240,10.3373,-8.9816,13331.4976,0.0005,13.0250,NA
SandFall-Win64-Shipping.exe,19588,0x2EC4BC3AB90,DXGI,0,512,1,Hardware: Independent Flip,13350.2346,0.3302,0.1658,0.1644,10.2865,0.1343,0.1343,0.0000,20.6243,7.8189,8.3997,13350.2346,10.2035,NA,NA
SandFall-Win64-Shipping.exe,19588,0x2EC4BC3AB90,DXGI,0,512,1,Hardware: Independent Flip,13350.5648,19.0481,18.6987,0.3494,10.0906,18.0217,17.5031,0.5186,28.1130,9.2943,-7.4887,13350.5648,0.0007,14.2267,NA
SandFall-Win64-Shipping.exe,19588,0x2EC4BC3AB90,DXGI,0,512,1,Hardware: Independent Flip,13369.6129,0.6099,0.3190,0.2909,9.0642,0.1067,0.1051,0.0016,18.3592,8.3742,9.7538,13369.6129,9.1883,NA,NA
SandFall-Win64-Shipping.exe,19588,0x2EC4BC3AB90,DXGI,0,512,1,Hardware: Independent Flip,13370.2228,15.8325,15.5246,0.3079,8.5610,17.5617,17.5253,0.0364,26.1235,8.8153,-7.7643,13370.2228,0.0008,13.8972,NA
SandFall-Win64-Shipping.exe,19588,0x2EC4BC3AB90,DXGI,0,512,1,Hardware: Independent Flip,13386.0553,0.3357,0.1669,0.1688,10.2902,0.0927,0.0912,0.0015,19.1063,9.2429,7.0172,13386.0553,8.7234,NA,NA
SandFall-Win64-Shipping.exe,19588,0x2EC4BC3AB90,DXGI,0,512,1,Hardware: Independent Flip,13386.3910,17.9311,17.5515,0.3796,10.0472,17.8264,17.6964,0.1300,28.0135,8.8217,-8.9072,13386.3910,0.1399,12.9572,NA
SandFall-Win64-Shipping.exe,19588,0x2EC4BC3AB90,DXGI,0,512,1,Hardware: Independent Flip,13404.3221,0.3951,0.1986,0.1965,9.9425,0.0839,0.0823,0.0016,18.9041,9.4823,9.1094,13404.3221,8.8777,NA,NA
SandFall-Win64-Shipping.exe,19588,0x2EC4BC3AB90,DXGI,0,512,1,Hardware: Independent Flip,13404.7172,17.8695,17.4914,0.3781,9.6313,18.3590,17.6822,0.6768,27.9913,9.1956,-9.0872,13404.7172,0.0010,14.2660,NA
SandFall-Win64-Shipping.exe,19588,0x2EC4BC3AB90,DXGI,0,512,1,Hardware: Independent Flip,13422.5867,0.6905,0.2749,0.4156,10.1208,0.1906,0.1890,0.0016,19.3174,8.7061,8.6739,13422.5867,9.0060,NA,NA
SandFall-Win64-Shipping.exe,19588,0x2EC4BC3AB90,DXGI,0,512,1,Hardware: Independent Flip,13423.2772,17.7899,17.3979,0.3920,9.6209,17.7111,17.7017,0.0094,27.3330,9.0478,-8.0156,13423.2772,0.0010,14.1660,NA
SandFall-Win64-Shipping.exe,19588,0x2EC4BC3AB90,DXGI,0,512,1,Hardware: Independent Flip,13441.0671,0.4604,0.2462,0.2142,9.5421,0.1027,0.0999,0.0028,18.5909,8.7815,8.7421,13441.0671,8.9461,NA,NA
SandFall-Win64-Shipping.exe,19588,0x2EC4BC3AB90,DXGI,0,512,1,Hardware: Independent Flip,13441.5275,17.0938,16.7408,0.3530,9.1844,17.7272,17.7177,0.0095,26.9120,9.0556,-8.3211,13441.5275,0.0004,13.9848,NA
SandFall-Win64-Shipping.exe,19588,0x2EC4BC3AB90,DXGI,0,512,1,Hardware: Independent Flip,13458.6213,0.5420,0.2299,0.3121,9.8178,0.1572,0.1544,0.0028,18.8738,9.7361,8.0382,13458.6213,8.8988,NA,NA
SandFall-Win64-Shipping.exe,19588,0x2EC4BC3AB90,DXGI,0,512,1,Hardware: Independent Flip,13459.1633,17.7194,17.3501,0.3693,9.4330,18.6231,18.6170,0.0061,28.0679,9.3717,-9.1941,13459.1633,0.0118,15.7745,NA
SandFall-Win64-Shipping.exe,19588,0x2EC4BC3AB90,DXGI,0,512,1,Hardware: Independent Flip,13476.8827,0.3652,0.2002,0.1650,10.3367,0.1432,0.1432,0.0000,19.7202,9.3181,8.3477,13476.8827,9.2403,NA,NA
SandFall-Win64-Shipping.exe,19588,0x2EC4BC3AB90,DXGI,0,512,1,Hardware: Independent Flip,13477.2479,17.5013,17.0939,0.4074,10.1147,18.5575,18.5492,0.0083,28.6731,9.6815,-8.9529,13477.2479,0.0009,16.4761,NA
SandFall-Win64-Shipping.exe,19588,0x2EC4BC3AB90,DXGI,0,512,1,Hardware: Independent Flip,13494.7492,0.4600,0.2361,0.2239,11.1709,0.1633,0.1608,0.0025,20.8533,9.0949,7.8198,13494.7492,9.5191,NA,NA
SandFall-Win64-Shipping.exe,19588,0x2EC4BC3AB90,DXGI,0,512,1,Hardware: Independent Flip,13495.2092,15.2276,14.9412,0.2864,10.8742,18.6133,18.6083,0.0050,29.4882,9.6313,-8.6349,13495.2092,0.0007,18.2465,NA
SandFall-Win64-Shipping.exe,19588,0x2EC4BC3AB90,DXGI,0,512,1,Hardware: Independent Flip,13510.4368,0.3313,0.1680,0.1633,14.2599,0.1057,0.1040,0.0017,23.8919,9.2604,5.5963,13510.4368,9.5263,NA,NA
SandFall-Win64-Shipping.exe,19588,0x2EC4BC3AB90,DXGI,0,512,1,Hardware: Independent Flip,13510.7681,20.6231,20.3030,0.3201,14.0343,18.7863,18.7785,0.0078,32.8210,9.4204,-8.9291,13510.7681,0.0004,18.1407,NA
SandFall-Win64-Shipping.exe,19588,0x2EC4BC3AB90,DXGI,0,512,1,Hardware: Independent Flip,13531.3912,0.4003,0.2079,0.1924,12.1975,0.1064,0.1045,0.0019,21.6183,9.7762,11.2027,13531.3912,9.3144,NA,NA
SandFall-Win64-Shipping.exe,19588,0x2EC4BC3AB90,DXGI,0,512,1,Hardware: Independent Flip,13531.7915,15.7473,15.4260,0.3213,11.9036,18.9040,18.8996,0.0044,30.9942,9.3348,-9.3759,13531.7915,0.1866,19.3371,NA
SandFall-Win64-Shipping.exe,19588,0x2EC4BC3AB90,DXGI,0,512,1,Hardware: Independent Flip,13547.5388,0.3716,0.1787,0.1929,15.0603,0.1346,0.1329,0.0017,24.5817,9.1430,6.4125,13547.5388,9.3868,NA,NA
SandFall-Win64-Shipping.exe,19588,0x2EC4BC3AB90,DXGI,0,512,1,Hardware: Independent Flip,13547.9104,17.8254,17.5355,0.2899,14.8233,18.5073,18.5025,0.0048,33.3531,9.2011,-8.7714,13547.9104,0.0225,18.8123,NA
SandFall-Win64-Shipping.exe,19588,0x2EC4BC3AB90,DXGI,0,512,1,Hardware: Independent Flip,13565.7358,0.3468,0.1751,0.1717,15.5052,0.2098,0.2098,0.0000,24.7288,9.4908,8.6243,13565.7358,9.0138,NA,NA
SandFall-Win64-Shipping.exe,19588,0x2EC4BC3AB90,DXGI,0,512,1,Hardware: Independent Flip,13566.0826,17.1865,16.8818,0.3047,15.3682,18.3810,18.3733,0.0077,33.8728,9.1276,-9.1440,13566.0826,0.1236,18.5039,NA
SandFall-Win64-Shipping.exe,19588,0x2EC4BC3AB90,DXGI,0,512,1,Hardware: Independent Flip,13583.2691,0.6278,0.2364,0.3914,16.5627,0.1733,0.1710,0.0023,25.8139,9.4392,8.0589,13583.2691,9.0779,NA,NA
SandFall-Win64-Shipping.exe,19588,0x2EC4BC3AB90,DXGI,0,512,1,Hardware: Independent Flip,13583.8969,23.2235,22.8710,0.3525,16.1082,18.5167,18.5108,0.0059,34.6253,9.2963,-8.8114,13583.8969,0.0004,19.0731,NA
SandFall-Win64-Shipping.exe,19588,0x2EC4BC3AB90,DXGI,0,512,1,Hardware: Independent Flip,13607.1204,0.4505,0.2215,0.2290,11.4014,0.1440,0.1440,0.0000,20.6981,9.4150,13.9272,13607.1204,9.1527,NA,NA
SandFall-Win64-Shipping.exe,19588,0x2EC4BC3AB90,DXGI,0,512,1,Hardware: Independent Flip,13607.5709,20.9032,20.5370,0.3662,11.0949,18.5666,18.5574,0.0092,29.6626,9.5154,-8.9645,13607.5709,0.0011,17.7857,NA
SandFall-Win64-Shipping.exe,19588,0x2EC4BC3AB90,DXGI,0,512,1,Hardware: Independent Flip,13628.4741,0.4279,0.2222,0.2057,8.7583,0.1427,0.1427,0.0000,18.2748,8.9130,11.3878,13628.4741,9.3738,NA,NA
SandFall-Win64-Shipping.exe,19588,0x2EC4BC3AB90,DXGI,0,512,1,Hardware: Independent Flip,13628.9020,15.6196,15.3208,0.2988,8.4731,18.2861,18.2794,0.0067,26.7599,9.4568,-8.4851,13628.9020,0.0007,17.2113,NA
SandFall-Win64-Shipping.exe,19588,0x2EC4BC3AB90,DXGI,0,512,1,Hardware: Independent Flip,13644.5216,0.4389,0.2122,0.2267,11.1396,0.1355,0.1338,0.0017,20.5971,8.9203,6.1628,13644.5216,9.3220,NA,NA
SandFall-Win64-Shipping.exe,19588,0x2EC4BC3AB90,DXGI,0,512,1,Hardware: Independent Flip,13644.9605,16.8963,16.5226,0.3737,10.8362,18.2003,18.1939,0.0064,29.0785,9.1145,-8.4814,13644.9605,0.0420,17.5876,NA
SandFall-Win64-Shipping.exe,19588,0x2EC4BC3AB90,DXGI,0,512,1,Hardware: Independent Flip,13661.8568,0.3611,0.1854,0.1757,12.1402,0.1615,0.1597,0.0018,21.2967,9.3346,7.7818,13661.8568,8.9950,NA,NA
SandFall-Win64-Shipping.exe,19588,0x2EC4BC3AB90,DXGI,0,512,1,Hardware: Independent Flip,13662.2179,16.2094,15.9563,0.2531,11.9406,18.0717,18.0652,0.0065,30.2702,8.8331,-8.9735,13662.2179,0.2579,NA,NA
SandFall-Win64-Shipping.exe,19588,0x2EC4BC3AB90,DXGI,0,512,1,Hardware: Independent Flip,13678.4273,0.3226,0.1627,0.1599,13.8029,0.1240,0.1219,0.0021,22.8939,9.7732,7.3763,13678.4273,8.9670,28.8619,NA
SandFall-Win64-Shipping.exe,19588,0x2EC4BC3AB90,DXGI,0,512,1,Hardware: Independent Flip,13678.7499,19.8775,19.5772,0.3003,13.6043,18.5320,18.5246,0.0074,32.3445,8.9639,-9.4506,13678.7499,0.2082,NA,NA
SandFall-Win64-Shipping.exe,19588,0x2EC4BC3AB90,DXGI,0,512,1,Hardware: Independent Flip,13698.6274,0.4213,0.1851,0.2362,12.2588,0.1139,0.1139,0.0000,21.4309,8.8026,10.9136,13698.6274,9.0582,NA,NA
SandFall-Win64-Shipping.exe,19588,0x2EC4BC3AB90,DXGI,0,512,1,Hardware: Independent Flip,13699.0487,17.8885,17.6312,0.2573,11.9514,17.8599,17.8462,0.0137,29.8122,9.0353,-8.3813,13699.0487,0.0009,NA,NA
SandFall-Win64-Shipping.exe,19588,0x2EC4BC3AB90,DXGI,0,512,1,Hardware: Independent Flip,13716.9372,0.3239,0.1616,0.1623,11.9228,0.1172,0.1172,0.0000,20.9590,9.6086,8.8532,13716.9372,8.9190,NA,NA
SandFall-Win64-Shipping.exe,19588,0x2EC4BC3AB90,DXGI,0,512,1,Hardware: Independent Flip,13717.2611,19.8223,19.5253,0.2970,11.7161,18.5272,17.8645,0.6627,30.2437,9.4808,-9.2847,13717.2611,0.0004,NA,NA
SandFall-Win64-Shipping.exe,19588,0x2EC4BC3AB90,DXGI,0,512,1,Hardware: Independent Flip,13737.0834,0.3830,0.2012,0.1818,10.4210,0.1146,0.1146,0.0000,19.9022,8.4634,10.3415,13737.0834,9.3666,NA,NA
SandFall-Win64-Shipping.exe,19588,0x2EC4BC3AB90,DXGI,0,512,1,Hardware: Independent Flip,13737.4664,17.9703,17.7130,0.2573,10.1526,17.8289,17.4361,0.3928,27.9826,9.1127,-8.0804,13737.4664,0.0011,NA,NA
SandFall-Win64-Shipping.exe,19588,0x2EC4BC3AB90,DXGI,0,512,1,Hardware: Independent Flip,13755.4367,0.3174,0.1583,0.1591,10.0112,0.2353,0.2333,0.0020,19.1250,10.3931,8.8576,13755.4367,8.8785,NA,NA
SandFall-Win64-Shipping.exe,19588,0x2EC4BC3AB90,DXGI,0,512,1,Hardware: Independent Flip,13755.7541,18.7690,18.4830,0.2860,9.9291,19.2406,17.8215,1.4191,29.2007,9.6523,-10.0757,13755.7541,0.0310,NA,NA
SandFall-Win64-Shipping.exe,19588,0x2EC4BC3AB90,DXGI,0,512,1,Hardware: Independent Flip,13774.5231,0.3171,0.1610,0.1561,10.4007,0.2203,0.2181,0.0022,20.0840,9.2003,9.1167,13774.5231,9.4630,NA,NA
SandFall-Win64-Shipping.exe,19588,0x2EC4BC3AB90,DXGI,0,512,1,Hardware: Independent Flip,13774.8402,18.8891,18.5125,0.3766,10.3039,18.6625,17.8508,0.8117,28.9672,9.8110,-8.8832,13774.8402,0.0008,NA,NA
SandFall-Win64-Shipping.exe,19588,0x2EC4BC3AB90,DXGI,0,512,1,Hardware: Independent Flip,13793.7293,0.3488,0.1747,0.1741,10.0773,0.0889,0.0873,0.0016,19.8891,8.4138,9.0781,13793.7293,9.7229,NA,NA
SandFall-Win64-Shipping.exe,19588,0x2EC4BC3AB90,DXGI,0,512,1,Hardware: Independent Flip,13794.0781,17.8020,17.4660,0.3360,9.8174,18.1357,17.7140,0.4217,27.9541,9.3914,-8.0650,13794.0781,0.0010,NA,NA
SandFall-Win64-Shipping.exe,19588,0x2EC4BC3AB90,DXGI,0,512,1,Hardware: Independent Flip,13811.8801,0.3855,0.1855,0.2000,10.1511,0.0551,0.0509,0.0042,19.5435,8.8414,8.4106,13811.8801,9.3373,NA,NA
SandFall-Win64-Shipping.exe,19588,0x2EC4BC3AB90,DXGI,0,512,1,Hardware: Independent Flip,13812.2656,17.5732,17.2508,0.3224,9.8207,17.9674,17.6417,0.3257,27.9994,8.7709,-8.4559,13812.2656,0.2113,NA,NA
SandFall-Win64-Shipping.exe,19588,0x2EC4BC3AB90,DXGI,0,512,1,Hardware: Independent Flip,13829.8388,0.3392,0.1657,0.1735,10.2149,0.0859,0.0815,0.0044,19.1971,8.5218,8.8023,13829.8388,8.8963,NA,NA
SandFall-Win64-Shipping.exe,19588,0x2EC4BC3AB90,DXGI,0,512,1,Hardware: Independent Flip,13830.1780,17.5176,17.1602,0.3574,9.9616,17.3908,17.2827,0.1081,27.3797,8.5930,-8.1826,13830.1780,0.0273,NA,NA
SandFall-Win64-Shipping.exe,19588,0x2EC4BC3AB90,DXGI,0,512,1,Hardware: Independent Flip,13847.6956,0.3595,0.1755,0.1840,9.8348,0.0809,0.0793,0.0016,18.4551,10.2387,8.9246,13847.6956,8.5394,NA,NA
SandFall-Win64-Shipping.exe,19588,0x2EC4BC3AB90,DXGI,0,512,1,Hardware: Independent Flip,13848.0551,17.7604,17.4828,0.2776,9.5562,18.4429,17.6714,0.7715,28.3343,8.9078,-9.8792,13848.0551,0.3352,NA,NA
SandFall-Win64-Shipping.exe,19588,0x2EC4BC3AB90,DXGI,0,512,1,Hardware: Independent Flip,13865.8155,0.3850,0.1976,0.1874,10.2387,0.0942,0.0896,0.0046,19.4817,8.5880,8.8526,13865.8155,9.1488,NA,NA
SandFall-Win64-Shipping.exe,19588,0x2EC4BC3AB90,DXGI,0,512,1,Hardware: Independent Flip,13866.2005,17.7370,17.3068,0.4302,9.9479,17.7362,17.6747,0.0615,27.6847,8.7454,-8.2030,13866.2005,0.0006,NA,NA
SandFall-Win64-Shipping.exe,19588,0x2EC4BC3AB90,DXGI,0,512,1,Hardware: Independent Flip,13883.9375,0.5667,0.2925,0.2742,9.9471,0.1161,0.1143,0.0018,18.6931,8.6944,8.9916,13883.9375,8.6299,NA,NA
SandFall-Win64-Shipping.exe,19588,0x2EC4BC3AB90,DXGI,0,512,1,Hardware: Independent Flip,13884.5042,16.0451,15.6722,0.3729,9.4965,17.2689,17.2626,0.0063,26.8208,8.6306,-8.1277,13884.5042,0.0554,NA,NA
SandFall-Win64-Shipping.exe,19588,0x2EC4BC3AB90,DXGI,0,512,1,Hardware: Independent Flip,13900.5493,0.3763,0.2035,0.1728,10.7203,0.1550,0.1534,0.0016,19.4063,9.4310,7.4145,13900.5493,8.5310,NA,NA
SandFall-Win64-Shipping.exe,19588,0x2EC4BC3AB90,DXGI,0,512,1,Hardware: Independent Flip,13900.9256,16.7039,16.4435,0.2604,10.4990,17.7917,17.7410,0.0507,28.4610,8.7526,-9.0547,13900.9256,0.1703,NA,NA
SandFall-Win64-Shipping.exe,19588,0x2EC4BC3AB90,DXGI,0,512,1,Hardware: Independent Flip,13917.6295,0.4235,0.1861,0.2374,11.5868,0.1106,0.1106,0.0000,20.5097,8.6940,7.9513,13917.6295,8.8123,NA,NA
SandFall-Win64-Shipping.exe,19588,0x2EC4BC3AB90,DXGI,0,512,1,Hardware: Independent Flip,13918.0530,17.7185,17.4387,0.2798,11.2739,17.5052,17.4986,0.0066,28.7802,8.7894,-8.2705,13918.0530,0.0011,NA,NA
SandFall-Win64-Shipping.exe,19588,0x2EC4BC3AB90,DXGI,0,512,1,Hardware: Independent Flip,13935.7715,0.3377,0.1665,0.1712,11.0606,0.1382,0.1382,0.0000,19.8511,8.4637,8.9291,13935.7715,8.6523,NA,NA
SandFall-Win64-Shipping.exe,19588,0x2EC4BC3AB90,DXGI,0,512,1,Hardware: Independent Flip,13936.1092,16.2482,15.9672,0.2810,10.8611,17.1152,17.1077,0.0075,27.9771,8.5980,-8.1260,13936.1092,0.0008,NA,NA
SandFall-Win64-Shipping.exe,19588,0x2EC4BC3AB90,DXGI,0,512,1,Hardware: Independent Flip,13952.3574,0.3821,0.1625,0.2196,11.7281,0.1033,0.1016,0.0017,20.3269,9.2017,7.6502,13952.3574,8.4955,NA,NA
SandFall-Win64-Shipping.exe,19588,0x2EC4BC3AB90,DXGI,0,512,1,Hardware: Independent Flip,13952.7395,18.0305,17.7051,0.3254,11.4493,17.6968,17.6863,0.0105,29.1465,8.8727,-8.8196,13952.7395,0.0004,NA,NA
SandFall-Win64-Shipping.exe,19588,0x2EC4BC3AB90,DXGI,0,512,1,Hardware: Independent Flip,13970.7700,0.3786,0.1977,0.1809,11.1156,0.0967,0.0950,0.0017,19.9887,9.4099,9.1578,13970.7700,8.7764,NA,NA
SandFall-Win64-Shipping.exe,19588,0x2EC4BC3AB90,DXGI,0,512,1,Hardware: Independent Flip,13971.1486,16.4939,16.2178,0.2761,10.8337,18.1860,18.1790,0.0070,29.0200,9.4453,-9.0313,13971.1486,0.0003,24.1691,NA
SandFall-Win64-Shipping.exe,19588,0x2EC4BC3AB90,DXGI,0,512,1,Hardware: Independent Flip,13987.6425,0.3794,0.2161,0.1633,12.5258,0.1380,0.1361,0.0019,21.9714,8.4291,7.0486,13987.6425,9.3076,NA,NA
SandFall-Win64-Shipping.exe,19588,0x2EC4BC3AB90,DXGI,0,512,1,Hardware: Independent Flip,13988.0219,20.4704,20.1873,0.2831,12.2844,17.7359,17.7295,0.0064,30.0211,9.0924,-8.0497,13988.0219,0.0008,NA,NA
SandFall-Win64-Shipping.exe,19588,0x2EC4BC3AB90,DXGI,0,512,1,Hardware: Independent Flip,14008.4923,0.4319,0.2280,0.2039,9.5499,0.1242,0.1242,0.0000,18.6431,8.2463,11.3780,14008.4923,8.9690,NA,NA
SandFall-Win64-Shipping.exe,19588,0x2EC4BC3AB90,DXGI,0,512,1,Hardware: Independent Flip,14008.9242,12.3689,12.1279,0.2410,9.2422,17.2149,17.2071,0.0078,26.4575,8.6442,-7.8144,14008.9242,0.0004,NA,NA
SandFall-Win64-Shipping.exe,19588,0x2EC4BC3AB90,DXGI,0,512,1,Hardware: Independent Flip,14021.2931,0.3093,0.1549,0.1544,14.0882,0.1311,0.1289,0.0022,22.7328,9.1120,3.7247,14021.2931,8.5135,NA,NA
SandFall-Win64-Shipping.exe,19588,0x2EC4BC3AB90,DXGI,0,512,1,Hardware: Independent Flip,14021.6024,17.5384,17.2866,0.2518,13.9100,17.5025,17.4947,0.0078,31.5355,8.7023,-8.8027,14021.6024,0.1230,46.4000,NA
SandFall-Win64-Shipping.exe,19588,0x2EC4BC3AB90,DXGI,0,512,1,Hardware: Independent Flip,14039.1408,0.3893,0.1558,0.2335,13.8741,0.1326,0.1306,0.0020,22.6994,8.9067,8.8361,14039.1408,8.6927,NA,NA
SandFall-Win64-Shipping.exe,19588,0x2EC4BC3AB90,DXGI,0,512,1,Hardware: Independent Flip,14039.5301,17.4828,17.2365,0.2463,13.6174,17.5852,17.5803,0.0049,31.2168,8.7204,-8.5174,14039.5301,0.0142,33.2779,NA
SandFall-Win64-Shipping.exe,19588,0x2EC4BC3AB90,DXGI,0,512,1,Hardware: Independent Flip,14057.0129,0.3201,0.1599,0.1602,13.7198,0.1044,0.1027,0.0017,22.4544,8.6963,8.7624,14057.0129,8.6302,NA,NA
SandFall-Win64-Shipping.exe,19588,0x2EC4BC3AB90,DXGI,0,512,1,Hardware: Independent Flip,14057.3330,17.1572,16.8956,0.2616,13.5041,17.3257,17.3187,0.0070,30.8306,8.7934,-8.3762,14057.3330,0.0008,NA,NA
SandFall-Win64-Shipping.exe,19588,0x2EC4BC3AB90,DXGI,0,512,1,Hardware: Independent Flip,14074.4902,0.3147,0.1615,0.1532,13.6726,0.1480,0.1480,0.0000,22.4668,8.6085,8.3638,14074.4902,8.6462,NA,NA
SandFall-Win64-Shipping.exe,19588,0x2EC4BC3AB90,DXGI,0,512,1,Hardware: Independent Flip,14074.8049,17.3438,17.0981,0.2457,13.5059,17.2536,17.2468,0.0068,30.7606,8.7052,-8.2938,14074.8049,0.0011,37.3328,NA
SandFall-Win64-Shipping.exe,19588,0x2EC4BC3AB90,DXGI,0,512,1,Hardware: Independent Flip,14092.1487,0.3110,0.1571,0.1539,13.4157,0.1132,0.1112,0.0020,22.1220,9.8810,8.6386,14092.1487,8.5931,NA,NA
SandFall-Win64-Shipping.exe,19588,0x2EC4BC3AB90,DXGI,0,512,1,Hardware: Independent Flip,14092.4597,17.6344,17.3802,0.2542,13.2179,18.4350,18.4292,0.0058,31.6920,9.2212,-9.5700,14092.4597,0.0391,NA,NA
SandFall-Win64-Shipping.exe,19588,0x2EC4BC3AB90,DXGI,0,512,1,Hardware: Independent Flip,14110.0941,0.3140,0.1580,0.1560,14.0185,0.1477,0.1457,0.0020,23.2788,8.3919,8.4132,14110.0941,9.1126,NA,NA
SandFall-Win64-Shipping.exe,19588,0x2EC4BC3AB90,DXGI,0,512,1,Hardware: Independent Flip,14110.4081,16.9036,16.6580,0.2456,13.8522,17.5037,17.4977,0.0060,31.3567,8.8078,-8.0779,14110.4081,0.0008,42.7280,NA
SandFall-Win64-Shipping.exe,19588,0x2EC4BC3AB90,DXGI,0,512,1,Hardware: Independent Flip,14127.3117,0.3133,0.1576,0.1557,14.4523,0.1041,0.1015,0.0026,23.2609,8.5922,8.0958,14127.3117,8.7045,NA,NA
SandFall-Win64-Shipping.exe,19588,0x2EC4BC3AB90,DXGI,0,512,1,Hardware: Independent Flip,14127.6250,18.2615,18.0071,0.2544,14.2431,17.2959,17.2903,0.0056,31.5398,8.7129,-8.2789,14127.6250,0.0008,43.6991,NA
SandFall-Win64-Shipping.exe,19588,0x2EC4BC3AB90,DXGI,0,512,1,Hardware: Independent Flip,14145.8865,0.3861,0.1587,0.2274,13.2775,0.1145,0.1124,0.0021,21.9912,9.0752,9.5486,14145.8865,8.5992,NA,NA
SandFall-Win64-Shipping.exe,19588,0x2EC4BC3AB90,DXGI,0,512,1,Hardware: Independent Flip,14146.2726,19.2103,18.9079,0.3024,13.0059,17.6083,17.6003,0.0080,30.6803,8.7941,-8.6891,14146.2726,0.0661,12.5021,NA
SandFall-Win64-Shipping.exe,19588,0x2EC4BC3AB90,DXGI,0,512,1,Hardware: Independent Flip,14165.4829,0.4017,0.1753,0.2264,11.4039,0.1634,0.1634,0.0000,20.2641,8.7121,10.4162,14165.4829,8.6968,NA,NA
SandFall-Win64-Shipping.exe,19588,0x2EC4BC3AB90,DXGI,0,512,1,Hardware: Independent Flip,14165.8846,16.2460,15.9945,0.2515,11.1656,17.4078,17.4014,0.0064,28.5745,8.8405,-8.3104,14165.8846,0.0011,NA,NA
SandFall-Win64-Shipping.exe,19588,0x2EC4BC3AB90,DXGI,0,512,1,Hardware: Independent Flip,14182.1306,0.3923,0.1924,0.1999,12.3274,0.2028,0.2028,0.0000,21.1690,9.1661,7.4055,14182.1306,8.6388,NA,NA
SandFall-Win64-Shipping.exe,19588,0x2EC4BC3AB90,DXGI,0,512,1,Hardware: Independent Flip,14182.5229,17.7971,17.5367,0.2604,12.1379,17.8041,17.7975,0.0066,29.9428,9.0009,-8.7738,14182.5229,0.0008,30.0144,NA
SandFall-Win64-Shipping.exe,19588,0x2EC4BC3AB90,DXGI,0,512,1,Hardware: Independent Flip,14200.3200,0.3202,0.1657,0.1545,12.1449,0.1358,0.1332,0.0026,21.1466,8.5658,8.7962,14200.3200,8.8659,NA,NA
SandFall-Win64-Shipping.exe,19588,0x2EC4BC3AB90,DXGI,0,512,1,Hardware: Independent Flip,14200.6402,17.2170,16.9714,0.2456,11.9605,17.4308,17.4198,0.0110,29.3922,8.8759,-8.2456,14200.6402,0.0009,30.5781,NA
SandFall-Win64-Shipping.exe,19588,0x2EC4BC3AB90,DXGI,0,512,1,Hardware: Independent Flip,14217.8572,0.3237,0.1688,0.1549,12.1743,0.1269,0.1251,0.0018,21.0511,8.5971,8.3411,14217.8572,8.7499,NA,NA
SandFall-Win64-Shipping.exe,19588,0x2EC4BC3AB90,DXGI,0,512,1,Hardware: Independent Flip,14218.1809,19.3737,18.9608,0.4129,11.9775,17.3436,17.3306,0.0130,29.3245,8.6835,-8.2734,14218.1809,0.0034,13.0533,NA
SandFall-Win64-Shipping.exe,19588,0x2EC4BC3AB90,DXGI,0,512,1,Hardware: Independent Flip,14237.5546,0.5726,0.3410,0.2316,9.9474,0.1066,0.1048,0.0018,18.6343,9.4817,10.6902,14237.5546,8.5803,NA,NA
SandFall-Win64-Shipping.exe,19588,0x2EC4BC3AB90,DXGI,0,512,1,Hardware: Independent Flip,14238.1272,16.2485,15.9751,0.2734,9.4814,17.9195,17.9114,0.0081,27.5434,8.8974,-8.9091,14238.1272,0.1425,NA,NA
SandFall-Win64-Shipping.exe,19588,0x2EC4BC3AB90,DXGI,0,512,1,Hardware: Independent Flip,14254.3757,0.3167,0.1606,0.1561,11.1524,0.1461,0.1445,0.0016,20.1923,9.6486,7.3511,14254.3757,8.8938,NA,NA
SandFall-Win64-Shipping.exe,19588,0x2EC4BC3AB90,DXGI,0,512,1,Hardware: Independent Flip,14254.6924,20.0383,19.7257,0.3126,10.9818,18.5416,18.3305,0.2111,29.5242,9.4608,-9.3319,14254.6924,0.0008,10.7634,NA
SandFall-Win64-Shipping.exe,19588,0x2EC4BC3AB90,DXGI,0,512,1,Hardware: Independent Flip,14274.7307,0.3537,0.1806,0.1731,9.4851,0.1467,0.1442,0.0025,18.9467,8.6284,10.5775,14274.7307,9.3149,NA,NA
SandFall-Win64-Shipping.exe,19588,0x2EC4BC3AB90,DXGI,0,512,1,Hardware: Independent Flip,14275.0844,15.5771,15.2389,0.3382,9.2781,17.9426,17.9352,0.0074,27.2214,9.2367,-8.2747,14275.0844,0.0007,NA,NA
SandFall-Win64-Shipping.exe,19588,0x2EC4BC3AB90,DXGI,0,512,1,Hardware: Independent Flip,14290.6615,0.4019,0.2140,0.1879,11.6436,0.1373,0.1349,0.0024,20.8810,9.7214,6.3404,14290.6615,9.1001,NA,NA
SandFall-Win64-Shipping.exe,19588,0x2EC4BC3AB90,DXGI,0,512,1,Hardware: Independent Flip,14291.0634,17.2522,16.9849,0.2673,11.3790,18.8210,18.8114,0.0096,30.2005,9.6954,-9.3195,14291.0634,0.0005,30.8182,NA
SandFall-Win64-Shipping.exe,19588,0x2EC4BC3AB90,DXGI,0,512,1,Hardware: Independent Flip,14308.3156,0.3707,0.2026,0.1681,12.9478,0.2066,0.2066,0.0000,22.6437,8.9801,7.5568,14308.3156,9.4893,NA,NA
SandFall-Win64-Shipping.exe,19588,0x2EC4BC3AB90,DXGI,0,512,1,Hardware: Independent Flip,14308.6863,19.8962,19.6025,0.2937,12.7837,18.4685,18.4617,0.0068,31.2531,9.7064,-8.6094,14308.6863,0.0009,13.4938,NA
SandFall-Win64-Shipping.exe,19588,0x2EC4BC3AB90,DXGI,0,512,1,Hardware: Independent Flip,14328.5825,0.3385,0.1683,0.1702,11.3560,0.1410,0.1410,0.0000,21.0633,8.9517,10.1898,14328.5825,9.5663,NA,NA
SandFall-Win64-Shipping.exe,19588,0x2EC4BC3AB90,DXGI,0,512,1,Hardware: Independent Flip,14328.9210,16.8735,16.4675,0.4060,11.1585,18.5173,18.5101,0.0072,29.6765,9.3735,-8.6132,14328.9210,0.0007,14.1500,NA
SandFall-Win64-Shipping.exe,19588,0x2EC4BC3AB90,DXGI,0,512,1,Hardware: Independent Flip,14345.7945,0.3381,0.1757,0.1624,12.8023,0.1020,0.1002,0.0018,22.1765,10.4605,7.5000,14345.7945,9.2722,22.5212,NA
SandFall-Win64-Shipping.exe,19588,0x2EC4BC3AB90,DXGI,0,512,1,Hardware: Independent Flip,14346.1326,16.6196,16.3573,0.2623,12.5662,19.4643,19.4575,0.0068,32.2989,9.5279,-10.1224,14346.1326,0.2684,NA,NA
SandFall-Win64-Shipping.exe,19588,0x2EC4BC3AB90,DXGI,0,512,1,Hardware: Independent Flip,14362.7522,0.3234,0.1607,0.1627,15.4109,0.1336,0.1336,0.0000,25.2072,9.1269,7.0917,14362.7522,9.6627,NA,NA
SandFall-Win64-Shipping.exe,19588,0x2EC4BC3AB90,DXGI,0,512,1,Hardware: Independent Flip,14363.0756,17.7399,17.4789,0.2610,15.2211,18.7891,18.7836,0.0055,34.0107,9.5777,-8.8035,14363.0756,0.0005,33.6362,NA
SandFall-Win64-Shipping.exe,19588,0x2EC4BC3AB90,DXGI,0,512,1,Hardware: Independent Flip,14380.8155,0.3122,0.1571,0.1551,16.2703,0.1449,0.1449,0.0000,25.8485,9.5299,8.1622,14380.8155,9.4333,NA,NA
SandFall-Win64-Shipping.exe,19588,0x2EC4BC3AB90,DXGI,0,512,1,Hardware: Independent Flip,14381.1277,19.6724,19.4272,0.2452,16.1030,18.9624,18.9537,0.0087,35.0662,9.6068,-9.2177,14381.1277,0.0008,40.4767,NA
SandFall-Win64-Shipping.exe,19588,0x2EC4BC3AB90,DXGI,0,512,1,Hardware: Independent Flip,14400.8001,0.3664,0.1755,0.1909,15.3930,0.1441,0.1424,0.0017,25.0006,9.5654,10.0656,14400.8001,9.4635,41.3503,NA
SandFall-Win64-Shipping.exe,19588,0x2EC4BC3AB90,DXGI,0,512,1,Hardware: Independent Flip,14401.1665,26.1201,25.8197,0.3004,15.1707,19.0280,19.0172,0.0108,34.1996,9.6294,-9.1990,14401.1665,0.0009,28.8264,NA
SandFall-Win64-Shipping.exe,19588,0x2EC4BC3AB90,DXGI,0,512,1,Hardware: Independent Flip,14427.2866,0.3784,0.1961,0.1823,8.0786,0.1285,0.1285,0.0000,17.7089,9.8278,16.4907,14427.2866,9.5018,NA,NA
SandFall-Win64-Shipping.exe,19588,0x2EC4BC3AB90,DXGI,0,512,1,Hardware: Independent Flip,14427.6650,16.4635,16.0561,0.4074,7.8287,19.3292,19.3207,0.0085,27.1583,9.7680,-9.4494,14427.6650,0.0004,16.3730,NA
SandFall-Win64-Shipping.exe,19588,0x2EC4BC3AB90,DXGI,0,512,1,Hardware: Independent Flip,14444.1285,0.4258,0.2202,0.2056,10.6944,0.1424,0.1407,0.0017,20.4628,8.5835,6.6955,14444.1285,9.6260,NA,NA
SandFall-Win64-Shipping.exe,19588,0x2EC4BC3AB90,DXGI,0,512,1,Hardware: Independent Flip,14444.5543,17.4605,17.1484,0.3121,10.4110,18.2086,18.2011,0.0075,28.6205,9.2683,-8.1577,14444.5543,0.0009,14.7253,NA
SandFall-Win64-Shipping.exe,19588,0x2EC4BC3AB90,DXGI,0,512,1,Hardware: Independent Flip,14462.0148,0.3715,0.1808,0.1907,11.1591,0.1023,0.1007,0.0016,20.4283,9.8308,8.1922,14462.0148,9.1669,NA,NA
SandFall-Win64-Shipping.exe,19588,0x2EC4BC3AB90,DXGI,0,512,1,Hardware: Independent Flip,14462.3863,16.9424,16.6704,0.2720,10.8899,18.6023,18.5938,0.0085,29.8876,8.9705,-9.4593,14462.3863,0.3954,13.8232,NA
SandFall-Win64-Shipping.exe,19588,0x2EC4BC3AB90,DXGI,0,512,1,Hardware: Independent Flip,14479.3287,0.3350,0.1661,0.1689,12.5498,0.1096,0.1055,0.0041,21.9157,9.9501,7.9719,14479.3287,9.2563,NA,NA
SandFall-Win64-Shipping.exe,19588,0x2EC4BC3AB90,DXGI,0,512,1,Hardware: Independent Flip,14479.6637,18.8697,18.5701,0.2996,12.3244,19.0328,19.0257,0.0071,31.5308,9.1615,-9.6151,14479.6637,0.1736,14.7437,NA
SandFall-Win64-Shipping.exe,19588,0x2EC4BC3AB90,DXGI,0,512,1,Hardware: Independent Flip,14498.5334,0.6605,0.1861,0.4744,12.4875,0.1645,0.1623,0.0022,21.8226,9.1597,9.7082,14498.5334,9.1706,NA,NA
SandFall-Win64-Shipping.exe,19588,0x2EC4BC3AB90,DXGI,0,512,1,Hardware: Independent Flip,14499.1939,18.4963,18.2365,0.2598,11.9915,18.3293,18.3170,0.0123,30.3218,9.3886,-8.4992,14499.1939,0.0010,13.0560,NA
SandFall-Win64-Shipping.exe,19588,0x2EC4BC3AB90,DXGI,0,512,1,Hardware: Independent Flip,14517.6902,0.3267,0.1600,0.1667,11.8245,0.1359,0.1339,0.0020,21.2141,9.3026,9.1077,14517.6902,9.2537,NA,NA
SandFall-Win64-Shipping.exe,19588,0x2EC4BC3AB90,DXGI,0,512,1,Hardware: Independent Flip,14518.0169,19.0191,18.7483,0.2708,11.6337,18.5559,18.5424,0.0135,30.1900,9.5610,-8.9759,14518.0169,0.0004,12.7488,NA
SandFall-Win64-Shipping.exe,19588,0x2EC4BC3AB90,DXGI,0,512,1,Hardware: Independent Flip,14537.0360,0.3684,0.1855,0.1829,11.1705,0.0752,0.0735,0.0017,20.7319,9.2289,9.4581,14537.0360,9.4862,NA,NA
SandFall-Win64-Shipping.exe,19588,0x2EC4BC3AB90,DXGI,0,512,1,Hardware: Independent Flip,14537.4044,18.6216,18.3423,0.2793,10.8773,18.7146,18.5432,0.1714,29.5924,9.5868,-8.8605,14537.4044,0.0005,12.5409,NA
SandFall-Win64-Shipping.exe,19588,0x2EC4BC3AB90,DXGI,0,512,1,Hardware: Independent Flip,14556.0260,0.3294,0.1627,0.1667,10.9703,0.0917,0.0899,0.0018,20.5576,9.6053,9.0348,14556.0260,9.4956,NA,NA
SandFall-Win64-Shipping.exe,19588,0x2EC4BC3AB90,DXGI,0,512,1,Hardware: Independent Flip,14556.3554,18.1656,17.8274,0.3382,10.7326,19.0997,19.0864,0.0133,29.8335,9.6144,-9.2759,14556.3554,0.0012,12.7406,NA
SandFall-Win64-Shipping.exe,19588,0x2EC4BC3AB90,DXGI,0,512,1,Hardware: Independent Flip,14574.5210,0.3353,0.1703,0.1650,11.6667,0.1184,0.1158,0.0026,21.2823,9.2363,8.5512,14574.5210,9.4972,NA,NA
SandFall-Win64-Shipping.exe,19588,0x2EC4BC3AB90,DXGI,0,512,1,Hardware: Independent Flip,14574.8563,19.2241,18.9190,0.3051,11.4498,18.7327,18.7229,0.0098,30.1833,9.3627,-8.9010,14574.8563,0.0008,12.5898,NA
SandFall-Win64-Shipping.exe,19588,0x2EC4BC3AB90,DXGI,0,512,1,Hardware: Independent Flip,14594.0804,0.3752,0.2008,0.1744,10.9584,0.0755,0.0738,0.0017,20.3219,11.0528,9.8614,14594.0804,9.2880,NA,NA
SandFall-Win64-Shipping.exe,19588,0x2EC4BC3AB90,DXGI,0,512,1,Hardware: Independent Flip,14594.4556,19.9945,19.7102,0.2843,10.6587,20.1627,19.0098,1.1529,30.9995,9.9475,-10.6776,14594.4556,0.1781,15.0085,NA
SandFall-Win64-Shipping.exe,19588,0x2EC4BC3AB90,DXGI,0,512,1,Hardware: Independent Flip,14614.4501,0.4224,0.2391,0.1833,10.8269,0.1423,0.1396,0.0027,20.9525,10.6735,10.0470,14614.4501,9.9833,NA,NA
SandFall-Win64-Shipping.exe,19588,0x2EC4BC3AB90,DXGI,0,512,1,Hardware: Independent Flip,14614.8725,18.6737,18.3360,0.3377,10.5468,20.6556,20.6490,0.0066,31.2036,10.9321,-10.2511,14614.8725,0.0012,15.6295,NA
SandFall-Win64-Shipping.exe,19588,0x2EC4BC3AB90,DXGI,0,512,1,Hardware: Independent Flip,14633.5462,0.3990,0.2241,0.1749,12.5287,0.1323,0.1323,0.0000,23.4620,8.0981,7.7416,14633.5462,10.8010,NA,NA
SandFall-Win64-Shipping.exe,19588,0x2EC4BC3AB90,DXGI,0,512,1,Hardware: Independent Flip,14633.9452,15.4688,15.1304,0.3384,12.2620,18.8986,18.8910,0.0076,31.1611,9.9790,-7.6991,14633.9452,0.0005,16.6607,NA
SandFall-Win64-Shipping.exe,19588,0x2EC4BC3AB90,DXGI,0,512,1,Hardware: Independent Flip,14649.4140,0.3235,0.1635,0.1600,15.6918,0.1476,0.1458,0.0018,25.6713,9.4551,5.4898,14649.4140,9.8319,NA,NA
SandFall-Win64-Shipping.exe,19588,0x2EC4BC3AB90,DXGI,0,512,1,Hardware: Independent Flip,14649.7375,20.2344,19.9467,0.2877,15.5159,18.9901,18.9809,0.0092,34.8029,9.2294,-9.1316,14649.7375,0.2969,16.6614,NA
SandFall-Win64-Shipping.exe,19588,0x2EC4BC3AB90,DXGI,0,512,1,Hardware: Independent Flip,14669.9719,0.4387,0.1931,0.2456,14.2716,0.1314,0.1299,0.0015,23.7979,10.0729,11.0050,14669.9719,9.3949,NA,NA
SandFall-Win64-Shipping.exe,19588,0x2EC4BC3AB90,DXGI,0,512,1,Hardware: Independent Flip,14670.4106,22.3618,22.0054,0.3564,13.9643,19.0346,18.8814,0.1532,33.4321,9.0094,-9.6342,14670.4106,0.4332,17.3973,NA
SandFall-Win64-Shipping.exe,19588,0x2EC4BC3AB90,DXGI,0,512,1,Hardware: Independent Flip,14692.7724,0.3338,0.1696,0.1642,10.6371,0.1411,0.1394,0.0017,20.0797,10.6465,13.3524,14692.7724,9.3015,NA,NA
SandFall-Win64-Shipping.exe,19588,0x2EC4BC3AB90,DXGI,0,512,1,Hardware: Independent Flip,14693.1062,16.2379,15.9296,0.3083,10.4444,19.9004,19.8934,0.0070,30.3924,9.7498,-10.3127,14693.1062,0.0476,17.0504,NA
SandFall-Win64-Shipping.exe,19588,0x2EC4BC3AB90,DXGI,0,512,1,Hardware: Independent Flip,14709.3441,0.4232,0.1724,0.2508,14.1069,0.1800,0.1800,0.0000,23.9043,9.8763,6.4881,14709.3441,9.6174,NA,NA
SandFall-Win64-Shipping.exe,19588,0x2EC4BC3AB90,DXGI,0,512,1,Hardware: Independent Flip,14709.7673,18.2154,17.9506,0.2648,13.8637,19.4930,19.4839,0.0091,33.3574,10.3488,-9.4531,14709.7673,0.0007,20.6796,NA
SandFall-Win64-Shipping.exe,19588,0x2EC4BC3AB90,DXGI,0,512,1,Hardware: Independent Flip,14727.9827,0.3364,0.1709,0.1655,15.1413,0.0999,0.0982,0.0017,25.4908,9.9282,7.8666,14727.9827,10.2496,NA,NA
SandFall-Win64-Shipping.exe,19588,0x2EC4BC3AB90,DXGI,0,512,1,Hardware: Independent Flip,14728.3191,19.4974,19.2028,0.2946,14.9048,20.1769,20.1710,0.0059,35.0826,10.9425,-9.5918,14728.3191,0.0009,19.9519,NA
SandFall-Win64-Shipping.exe,19588,0x2EC4BC3AB90,DXGI,0,512,1,Hardware: Independent Flip,14747.8165,0.3995,0.2258,0.1737,15.5843,0.1659,0.1659,0.0000,26.5277,8.0058,8.5549,14747.8165,10.7775,NA,NA
SandFall-Win64-Shipping.exe,19588,0x2EC4BC3AB90,DXGI,0,512,1,Hardware: Independent Flip,14748.2160,17.1700,16.8884,0.2816,15.3507,18.7824,18.7792,0.0032,34.1340,9.9143,-7.6063,14748.2160,0.0009,17.8964,NA
SandFall-Win64-Shipping.exe,19588,0x2EC4BC3AB90,DXGI,0,512,1,Hardware: Independent Flip,14765.3860,0.3362,0.1809,0.1553,16.9631,0.1168,0.1108,0.0060,26.8783,10.3334,7.2557,14765.3860,9.7984,NA,NA
SandFall-Win64-Shipping.exe,19588,0x2EC4BC3AB90,DXGI,0,512,1,Hardware: Independent Flip,14765.7222,30.6140,30.3105,0.3035,16.7437,19.5174,19.5094,0.0080,36.8755,9.1764,-9.9972,14765.7222,0.6144,20.1402,NA
SandFall-Win64-Shipping.exe,19588,0x2EC4BC3AB90,DXGI,0,512,1,Hardware: Independent Flip,14796.3362,0.3496,0.1858,0.1638,5.6471,0.1103,0.1085,0.0018,15.4379,9.6372,21.4376,14796.3362,9.6805,NA,NA
SandFall-Win64-Shipping.exe,19588,0x2EC4BC3AB90,DXGI,0,512,1,Hardware: Independent Flip,14796.6858,12.0549,11.7562,0.2987,5.4078,18.9947,18.9872,0.0075,24.7255,8.9207,-9.2876,14796.6858,0.3230,22.9482,NA
SandFall-Win64-Shipping.exe,19588,0x2EC4BC3AB90,DXGI,0,512,1,Hardware: Independent Flip,14808.7407,0.4237,0.1998,0.2239,12.3476,0.1314,0.1291,0.0023,21.5913,9.9583,3.1342,14808.7407,9.1123,NA,NA
SandFall-Win64-Shipping.exe,19588,0x2EC4BC3AB90,DXGI,0,512,1,Hardware: Independent Flip,14809.1644,16.0655,15.7889,0.2766,12.0553,18.9635,18.9578,0.0057,31.1259,9.2527,-9.5346,14809.1644,0.1071,18.8413,NA
SandFall-Win64-Shipping.exe,19588,0x2EC4BC3AB90,DXGI,0,512,1,Hardware: Independent Flip,14825.2299,0.4472,0.2305,0.2167,14.9533,0.1483,0.1483,0.0000,24.3131,9.6314,6.8128,14825.2299,9.2115,NA,NA
SandFall-Win64-Shipping.exe,19588,0x2EC4BC3AB90,DXGI,0,512,1,Hardware: Independent Flip,14825.6771,17.2500,17.0092,0.2408,14.6544,18.8420,18.8304,0.0116,33.4973,9.8361,-9.1842,14825.6771,0.0009,NA,NA
SandFall-Win64-Shipping.exe,19588,0x2EC4BC3AB90,DXGI,0,512,1,Hardware: Independent Flip,14842.9271,0.3078,0.1557,0.1521,16.2464,0.1427,0.1409,0.0018,26.0834,9.6113,7.4139,14842.9271,9.6943,NA,NA
SandFall-Win64-Shipping.exe,19588,0x2EC4BC3AB90,DXGI,0,512,1,Hardware: Independent Flip,14843.2349,21.1172,20.8375,0.2797,16.0813,19.3045,19.2970,0.0075,35.3869,10.2240,-9.3035,14843.2349,0.0011,34.1371,NA
SandFall-Win64-Shipping.exe,19588,0x2EC4BC3AB90,DXGI,0,512,1,Hardware: Independent Flip,14864.3521,0.4605,0.2698,0.1907,14.2686,0.0878,0.0856,0.0022,24.4937,9.9634,10.8932,14864.3521,10.1373,24.3967,NA
SandFall-Win64-Shipping.exe,19588,0x2EC4BC3AB90,DXGI,0,512,1,Hardware: Independent Flip,14864.8126,27.6707,27.1671,0.5036,13.8959,20.0998,20.0888,0.0110,33.9966,10.5122,-9.5029,14864.8126,0.0009,14.3541,NA
SandFall-Win64-Shipping.exe,19588,0x2EC4BC3AB90,DXGI,0,512,1,Hardware: Independent Flip,14892.4833,0.8126,0.2696,0.5430,6.3250,0.1067,0.1051,0.0016,16.8381,8.5616,17.1585,14892.4833,10.4064,NA,NA
SandFall-Win64-Shipping.exe,19588,0x2EC4BC3AB90,DXGI,0,512,1,Hardware: Independent Flip,14893.2959,12.9930,12.7241,0.2689,5.6191,18.9673,18.9549,0.0124,24.5871,9.8814,-7.7490,14893.2959,0.0007,13.4303,NA
SandFall-Win64-Shipping.exe,19588,0x2EC4BC3AB90,DXGI,0,512,1,Hardware: Independent Flip,14906.2889,0.4107,0.1938,0.2169,11.5934,0.1145,0.1127,0.0018,21.4755,10.6339,3.1116,14906.2889,9.7676,NA,NA
SandFall-Win64-Shipping.exe,19588,0x2EC4BC3AB90,DXGI,0,512,1,Hardware: Independent Flip,14906.6996,23.1763,22.4615,0.7148,11.2972,19.7532,19.0066,0.7466,31.6987,9.2603,-10.2232,14906.6996,0.6483,14.9505,NA
SandFall-Win64-Shipping.exe,19588,0x2EC4BC3AB90,DXGI,0,512,1,Hardware: Independent Flip,14929.8759,0.4448,0.2335,0.2113,7.8741,0.0965,0.0949,0.0016,17.7827,9.3533,13.9160,14929.8759,9.8121,NA,NA
SandFall-Win64-Shipping.exe,19588,0x2EC4BC3AB90,DXGI,0,512,1,Hardware: Independent Flip,14930.3207,14.2769,13.9334,0.3435,7.5258,18.8913,18.8803,0.0110,26.6912,8.8954,-8.9085,14930.3207,0.2741,14.5649,NA
SandFall-Win64-Shipping.exe,19588,0x2EC4BC3AB90,DXGI,0,512,1,Hardware: Independent Flip,14944.5976,0.4961,0.2657,0.2304,12.1402,0.1263,0.1248,0.0015,21.3097,10.1506,5.3815,14944.5976,9.0432,NA,NA
SandFall-Win64-Shipping.exe,19588,0x2EC4BC3AB90,DXGI,0,512,1,Hardware: Independent Flip,14945.0937,19.4011,19.1076,0.2935,11.7704,18.9554,18.9457,0.0097,30.9642,9.1436,-9.6545,14945.0937,0.2384,14.6051,NA
SandFall-Win64-Shipping.exe,19588,0x2EC4BC3AB90,DXGI,0,512,1,Hardware: Independent Flip,14964.4948,0.3184,0.1627,0.1557,11.3247,0.1398,0.1398,0.0000,20.7067,9.6187,10.2575,14964.4948,9.2422,NA,NA
SandFall-Win64-Shipping.exe,19588,0x2EC4BC3AB90,DXGI,0,512,1,Hardware: Independent Flip,14964.8132,18.9263,18.5935,0.3328,11.1461,18.8592,18.8333,0.0259,30.0070,9.6704,-9.3003,14964.8132,0.0017,NA,NA
SandFall-Win64-Shipping.exe,19588,0x2EC4BC3AB90,DXGI,0,512,1,Hardware: Independent Flip,14983.7395,0.4145,0.1692,0.2453,11.0790,0.1187,0.1096,0.0091,20.7511,11.5604,9.2559,14983.7395,9.5534,21.0433,NA
SandFall-Win64-Shipping.exe,19588,0x2EC4BC3AB90,DXGI,0,512,1,Hardware: Independent Flip,14984.1540,20.9720,20.6462,0.3258,10.7832,21.1135,18.8798,2.2337,31.8970,11.2268,-11.1459,14984.1540,0.0003,13.6007,NA
SandFall-Win64-Shipping.exe,19588,0x2EC4BC3AB90,DXGI,0,512,1,Hardware: Independent Flip,15005.1260,0.3313,0.1630,0.1683,10.9247,0.2713,0.2536,0.0177,22.1518,11.7209,9.7452,15005.1260,10.9558,NA,NA
SandFall-Win64-Shipping.exe,19588,0x2EC4BC3AB90,DXGI,0,512,1,Hardware: Independent Flip,15005.4573,24.8854,24.3103,0.5751,10.8647,22.6755,19.8150,2.8605,33.5414,12.9008,-11.3896,15005.4573,0.0012,16.5481,NA
SandFall-Win64-Shipping.exe,19588,0x2EC4BC3AB90,DXGI,0,512,1,Hardware: Independent Flip,15030.3427,0.5905,0.2686,0.3219,8.6548,0.1448,0.1426,0.0022,21.5568,5.7976,11.9846,15030.3427,12.7572,NA,NA
SandFall-Win64-Shipping.exe,19588,0x2EC4BC3AB90,DXGI,0,512,1,Hardware: Independent Flip,15030.9332,13.7257,13.4470,0.2787,8.2091,18.5540,18.5415,0.0125,26.7639,9.3547,-5.2071,15030.9332,0.0008,15.2504,NA
SandFall-Win64-Shipping.exe,19588,0x2EC4BC3AB90,DXGI,0,512,1,Hardware: Independent Flip,15044.6589,0.3311,0.1603,0.1708,13.0374,0.1460,0.1460,0.0000,22.3929,9.4358,4.3710,15044.6589,9.2095,NA,NA
SandFall-Win64-Shipping.exe,19588,0x2EC4BC3AB90,DXGI,0,512,1,Hardware: Independent Flip,15044.9900,17.5315,17.2739,0.2576,12.8523,18.6445,18.6321,0.0124,31.4976,9.3859,-9.1047,15044.9900,0.0008,21.0315,NA
SandFall-Win64-Shipping.exe,19588,0x2EC4BC3AB90,DXGI,0,512,1,Hardware: Independent Flip,15062.5215,0.4465,0.2096,0.2369,13.9653,0.1415,0.1398,0.0017,23.3520,10.1970,8.1456,15062.5215,9.2452,NA,NA
SandFall-Win64-Shipping.exe,19588,0x2EC4BC3AB90,DXGI,0,512,1,Hardware: Independent Flip,15062.9680,18.8272,18.5203,0.3069,13.6603,18.9745,18.9646,0.0099,33.1025,9.0848,-9.7505,15062.9680,0.4677,28.3550,NA
SandFall-Win64-Shipping.exe,19588,0x2EC4BC3AB90,DXGI,0,512,1,Hardware: Independent Flip,15081.7952,0.4047,0.1819,0.2228,13.8076,0.1472,0.1455,0.0017,23.3601,8.9569,9.7424,15081.7952,9.4053,NA,NA
SandFall-Win64-Shipping.exe,19588,0x2EC4BC3AB90,DXGI,0,512,1,Hardware: Independent Flip,15082.1999,18.8836,18.6224,0.2612,13.5501,18.3614,18.3549,0.0065,31.9123,9.0920,-8.5522,15082.1999,0.0008,15.6516,NA
SandFall-Win64-Shipping.exe,19588,0x2EC4BC3AB90,DXGI,0,512,1,Hardware: Independent Flip,15101.0835,0.3939,0.1775,0.2164,13.0279,0.1109,0.1091,0.0018,22.1207,9.2747,9.7916,15101.0835,8.9819,NA,NA
SandFall-Win64-Shipping.exe,19588,0x2EC4BC3AB90,DXGI,0,512,1,Hardware: Independent Flip,15101.4774,19.2663,18.8986,0.3677,12.7449,18.2556,18.2482,0.0074,31.0015,9.1911,-8.8808,15101.4774,0.0010,14.0300,NA
SandFall-Win64-Shipping.exe,19588,0x2EC4BC3AB90,DXGI,0,512,1,Hardware: Independent Flip,15120.7437,0.4134,0.2357,0.1777,11.7342,0.1286,0.1269,0.0017,20.9263,8.9417,10.0752,15120.7437,9.0635,NA,NA
SandFall-Win64-Shipping.exe,19588,0x2EC4BC3AB90,DXGI,0,512,1,Hardware: Independent Flip,15121.1571,17.9623,17.7021,0.2602,11.4494,18.0043,17.9938,0.0105,29.4546,9.1519,-8.5283,15121.1571,0.0009,14.1644,NA
SandFall-Win64-Shipping.exe,19588,0x2EC4BC3AB90,DXGI,0,512,1,Hardware: Independent Flip,15139.1194,0.3990,0.1798,0.2192,11.4914,0.0892,0.0876,0.0016,20.6442,10.3069,8.8104,15139.1194,9.0636,NA,NA
SandFall-Win64-Shipping.exe,19588,0x2EC4BC3AB90,DXGI,0,512,1,Hardware: Independent Flip,15139.5184,20.3982,20.0145,0.3837,11.1816,19.3478,18.1349,1.2129,30.5521,9.7095,-9.9079,15139.5184,0.0227,19.6188,NA
SandFall-Win64-Shipping.exe,19588,0x2EC4BC3AB90,DXGI,0,512,1,Hardware: Independent Flip,15159.9166,0.8627,0.2432,0.6195,10.1312,0.1553,0.1531,0.0022,19.8634,10.3938,10.6887,15159.9166,9.5769,NA,NA
SandFall-Win64-Shipping.exe,19588,0x2EC4BC3AB90,DXGI,0,512,1,Hardware: Independent Flip,15160.7793,19.1963,18.8467,0.3496,9.4238,19.9699,19.0606,0.9093,29.3945,10.5908,-9.5311,15160.7793,0.0008,30.2392,NA
SandFall-Win64-Shipping.exe,19588,0x2EC4BC3AB90,DXGI,0,512,1,Hardware: Independent Flip,15179.9756,0.3514,0.1763,0.1751,10.1974,0.1040,0.0998,0.0042,20.7890,7.4934,8.6055,15179.9756,10.4876,NA,NA
SandFall-Win64-Shipping.exe,19588,0x2EC4BC3AB90,DXGI,0,512,1,Hardware: Independent Flip,15180.3270,15.3314,15.0759,0.2555,9.9500,17.9800,17.9713,0.0087,27.9310,8.9567,-7.1420,15180.3270,0.0010,17.5633,NA
SandFall-Win64-Shipping.exe,19588,0x2EC4BC3AB90,DXGI,0,512,1,Hardware: Independent Flip,15195.6584,0.3246,0.1629,0.1617,12.5986,0.1316,0.1296,0.0020,21.5563,9.6173,6.3747,15195.6584,8.8261,NA,NA
SandFall-Win64-Shipping.exe,19588,0x2EC4BC3AB90,DXGI,0,512,1,Hardware: Independent Flip,15195.9830,18.2329,17.9364,0.2965,12.4056,18.2265,18.1682,0.0583,30.8490,8.9824,-9.2927,15195.9830,0.2169,NA,NA
SandFall-Win64-Shipping.exe,19588,0x2EC4BC3AB90,DXGI,0,512,1,Hardware: Independent Flip,15214.2159,0.3395,0.1794,0.1601,12.3992,0.1305,0.1305,0.0000,21.5985,8.8489,9.2505,15214.2159,9.0688,NA,NA
SandFall-Win64-Shipping.exe,19588,0x2EC4BC3AB90,DXGI,0,512,1,Hardware: Independent Flip,15214.5554,18.8655,18.5896,0.2759,12.1902,17.9176,17.9089,0.0087,30.1079,9.0717,-8.5094,15214.5554,0.0001,17.1814,NA
SandFall-Win64-Shipping.exe,19588,0x2EC4BC3AB90,DXGI,0,512,1,Hardware: Independent Flip,15233.4209,0.3808,0.2057,0.1751,11.2423,0.1150,0.1150,0.0000,20.3141,8.9834,9.7938,15233.4209,8.9568,NA,NA
SandFall-Win64-Shipping.exe,19588,0x2EC4BC3AB90,DXGI,0,512,1,Hardware: Independent Flip,15233.8017,20.5339,20.2655,0.2684,10.9765,17.9383,17.8933,0.0450,28.9167,9.1362,-8.6026,15233.8017,0.0019,NA,NA
SandFall-Win64-Shipping.exe,19588,0x2EC4BC3AB90,DXGI,0,512,1,Hardware: Independent Flip,15254.3356,0.3466,0.1587,0.1879,8.3809,0.1074,0.1050,0.0024,17.5190,9.6071,11.3977,15254.3356,9.0307,NA,NA
SandFall-Win64-Shipping.exe,19588,0x2EC4BC3AB90,DXGI,0,512,1,Hardware: Independent Flip,15254.6822,16.2500,15.9955,0.2545,8.1417,18.6368,18.1757,0.4611,26.7795,9.5822,-9.2605,15254.6822,0.0010,NA,NA
SandFall-Win64-Shipping.exe,19588,0x2EC4BC3AB90,DXGI,0,512,1,Hardware: Independent Flip,15270.9322,0.3764,0.2052,0.1712,10.5285,0.1147,0.1124,0.0023,20.1117,8.8695,6.6678,15270.9322,9.4685,NA,NA
SandFall-Win64-Shipping.exe,19588,0x2EC4BC3AB90,DXGI,0,512,1,Hardware: Independent Flip,15271.3086,17.3643,17.1093,0.2550,10.2668,18.3374,18.1688,0.1686,28.6048,9.5392,-8.4931,15271.3086,0.0006,NA,NA
SandFall-Win64-Shipping.exe,19588,0x2EC4BC3AB90,DXGI,0,512,1,Hardware: Independent Flip,15288.6729,0.3184,0.1597,0.1587,11.2399,0.1810,0.1810,0.0000,20.7797,8.8311,7.8251,15288.6729,9.3588,NA,NA
SandFall-Win64-Shipping.exe,19588,0x2EC4BC3AB90,DXGI,0,512,1,Hardware: Independent Flip,15288.9913,18.2938,18.0295,0.2643,11.1025,18.1896,18.1794,0.0102,29.2924,9.2159,-8.5127,15288.9913,0.0003,NA,NA
SandFall-Win64-Shipping.exe,19588,0x2EC4BC3AB90,DXGI,0,512,1,Hardware: Independent Flip,15307.2851,0.3147,0.1554,0.1593,10.9983,0.1019,0.0998,0.0021,20.2145,9.1392,9.0779,15307.2851,9.1143,NA,NA
SandFall-Win64-Shipping.exe,19588,0x2EC4BC3AB90,DXGI,0,512,1,Hardware: Independent Flip,15307.5998,18.0773,17.8214,0.2559,10.7855,18.0179,18.0087,0.0092,29.0390,8.7688,-8.8245,15307.5998,0.2356,NA,NA
SandFall-Win64-Shipping.exe,19588,0x2EC4BC3AB90,DXGI,0,512,1,Hardware: Independent Flip,15325.6771,0.3087,0.1541,0.1546,10.7261,0.1027,0.1007,0.0020,19.7305,10.1610,9.3085,15325.6771,8.9017,NA,NA
SandFall-Win64-Shipping.exe,19588,0x2EC4BC3AB90,DXGI,0,512,1,Hardware: Independent Flip,15325.9858,19.0507,18.6243,0.4264,10.5201,18.7255,17.8781,0.8474,29.5828,8.9494,-9.8523,15325.9858,0.3372,NA,NA
SandFall-Win64-Shipping.exe,19588,0x2EC4BC3AB90,DXGI,0,512,1,Hardware: Independent Flip,15345.0365,0.4621,0.1945,0.2676,10.1949,0.0922,0.0906,0.0016,19.4815,9.1849,10.1013,15345.0365,9.1944,NA,NA
SandFall-Win64-Shipping.exe,19588,0x2EC4BC3AB90,DXGI,0,512,1,Hardware: Independent Flip,15345.4986,20.0410,19.6565,0.3845,9.8250,18.3788,17.9727,0.4061,28.2043,9.3118,-8.7228,15345.4986,0.0005,NA,NA
SandFall-Win64-Shipping.exe,19588,0x2EC4BC3AB90,DXGI,0,512,1,Hardware: Independent Flip,15365.5396,0.3860,0.1887,0.1973,8.1628,0.1420,0.1403,0.0017,17.4751,8.6171,10.7292,15365.5396,9.1703,NA,NA
SandFall-Win64-Shipping.exe,19588,0x2EC4BC3AB90,DXGI,0,512,1,Hardware: Independent Flip,15365.9256,14.0561,13.7732,0.2829,7.9188,17.7866,17.7735,0.0131,25.7062,9.1495,-8.2311,15365.9256,0.0008,NA,NA
SandFall-Win64-Shipping.exe,19588,0x2EC4BC3AB90,DXGI,0,512,1,Hardware: Independent Flip,15379.9817,0.3452,0.1838,0.1614,11.6493,0.1786,0.1786,0.0000,20.7996,8.8271,4.9066,15379.9817,8.9717,NA,NA
SandFall-Win64-Shipping.exe,19588,0x2EC4BC3AB90,DXGI,0,512,1,Hardware: Independent Flip,15380.3269,19.0489,18.7187,0.3302,11.4827,17.7978,17.7850,0.0128,29.2815,9.0318,-8.4819,15380.3269,0.0010,NA,NA
SandFall-Win64-Shipping.exe,19588,0x2EC4BC3AB90,DXGI,0,512,1,Hardware: Independent Flip,15399.3758,0.3798,0.1803,0.1995,10.2316,0.0783,0.0768,0.0015,19.2644,9.1425,10.0171,15399.3758,8.9545,NA,NA
SandFall-Win64-Shipping.exe,19588,0x2EC4BC3AB90,DXGI,0,512,1,Hardware: Independent Flip,15399.7556,19.9712,19.5956,0.3756,9.9301,18.0444,17.9262,0.1182,28.0271,9.0183,-8.7627,15399.7556,0.0526,NA,NA
SandFall-Win64-Shipping.exe,19588,0x2EC4BC3AB90,DXGI,0,512,1,Hardware: Independent Flip,15419.7268,0.3742,0.1836,0.1906,8.0033,0.1140,0.1101,0.0039,17.0742,8.7707,10.9529,15419.7268,8.9569,NA,NA
SandFall-Win64-Shipping.exe,19588,0x2EC4BC3AB90,DXGI,0,512,1,Hardware: Independent Flip,15420.1010,15.3508,15.0222,0.3286,7.7431,17.7155,17.7032,0.0123,25.4707,8.7983,-8.3965,15420.1010,0.0121,NA,NA
SandFall-Win64-Shipping.exe,19588,0x2EC4BC3AB90,DXGI,0,512,1,Hardware: Independent Flip,15435.4518,0.3354,0.1665,0.1689,10.1078,0.0772,0.0756,0.0016,18.9182,9.3610,6.5525,15435.4518,8.7332,NA,NA
SandFall-Win64-Shipping.exe,19588,0x2EC4BC3AB90,DXGI,0,512,1,Hardware: Independent Flip,15435.7872,17.3492,17.0899,0.2593,9.8496,17.9344,17.7710,0.1634,27.9438,8.8257,-9.0256,15435.7872,0.1598,12.2549,NA
SandFall-Win64-Shipping.exe,19588,0x2EC4BC3AB90,DXGI,0,512,1,Hardware: Independent Flip,15453.1364,0.3436,0.1620,0.1816,10.4348,0.0954,0.0954,0.0000,19.4203,9.5764,8.5235,15453.1364,8.8901,NA,NA
SandFall-Win64-Shipping.exe,19588,0x2EC4BC3AB90,DXGI,0,512,1,Hardware: Independent Flip,15453.4800,18.2730,17.9654,0.3076,10.1866,18.4659,17.9349,0.5310,28.6531,9.2947,-9.2328,15453.4800,0.0006,12.6716,NA
SandFall-Win64-Shipping.exe,19588,0x2EC4BC3AB90,DXGI,0,512,1,Hardware: Independent Flip,15471.7530,0.3454,0.1667,0.1787,10.3795,0.1949,0.1949,0.0000,19.6748,8.7005,8.9783,15471.7530,9.1004,NA,NA
SandFall-Win64-Shipping.exe,19588,0x2EC4BC3AB90,DXGI,0,512,1,Hardware: Independent Flip,15472.0984,17.7113,17.4310,0.2803,10.2290,17.7994,17.7787,0.0207,28.0299,9.1172,-8.3551,15472.0984,0.0015,13.6792,NA
SandFall-Win64-Shipping.exe,19588,0x2EC4BC3AB90,DXGI,0,512,1,Hardware: Independent Flip,15489.8097,0.3460,0.1648,0.1812,10.3171,0.0823,0.0800,0.0023,19.4358,9.9630,8.5941,15489.8097,9.0364,NA,NA
SandFall-Win64-Shipping.exe,19588,0x2EC4BC3AB90,DXGI,0,512,1,Hardware: Independent Flip,15490.1557,17.7494,17.4862,0.2632,10.0534,18.9989,18.9920,0.0069,29.0528,9.6836,-9.6170,15490.1557,0.0005,13.7521,NA
SandFall-Win64-Shipping.exe,19588,0x2EC4BC3AB90,DXGI,0,512,1,Hardware: Independent Flip,15507.9051,0.3366,0.1657,0.1709,11.3029,0.1070,0.1052,0.0018,20.9870,8.5777,8.0658,15507.9051,9.5771,NA,NA
SandFall-Win64-Shipping.exe,19588,0x2EC4BC3AB90,DXGI,0,512,1,Hardware: Independent Flip,15508.2417,17.0978,16.7697,0.3281,11.0733,18.1547,18.1465,0.0082,29.2281,9.3648,-8.2411,15508.2417,0.0001,14.0237,NA
SandFall-Win64-Shipping.exe,19588,0x2EC4BC3AB90,DXGI,0,512,1,Hardware: Independent Flip,15525.3395,0.3941,0.2132,0.1809,12.1302,0.1005,0.0986,0.0019,21.4951,8.5627,7.7330,15525.3395,9.2644,NA,NA
SandFall-Win64-Shipping.exe,19588,0x2EC4BC3AB90,DXGI,0,512,1,Hardware: Independent Flip,15525.7336,17.2801,16.9744,0.3057,11.8366,17.8262,17.8196,0.0066,29.6637,8.9746,-8.1686,15525.7336,0.0009,13.9486,NA
SandFall-Win64-Shipping.exe,19588,0x2EC4BC3AB90,DXGI,0,512,1,Hardware: Independent Flip,15543.0137,0.3946,0.1917,0.2029,12.3827,0.1743,0.1694,0.0049,21.3582,9.8523,8.3055,15543.0137,8.8012,NA,NA
SandFall-Win64-Shipping.exe,19588,0x2EC4BC3AB90,DXGI,0,512,1,Hardware: Independent Flip,15543.4083,17.4714,17.2089,0.2625,12.1624,18.3231,18.3130,0.0101,30.8159,8.8951,-9.4577,15543.4083,0.3304,14.7771,NA
SandFall-Win64-Shipping.exe,19588,0x2EC4BC3AB90,DXGI,0,512,1,Hardware: Independent Flip,15560.8797,0.3832,0.1798,0.2034,13.0141,0.1146,0.1146,0.0000,22.2396,8.9574,8.5763,15560.8797,9.1109,NA,NA
SandFall-Win64-Shipping.exe,19588,0x2EC4BC3AB90,DXGI,0,512,1,Hardware: Independent Flip,15561.2629,16.9044,16.6434,0.2610,12.7455,18.0676,18.0605,0.0071,30.8138,8.9778,-8.5742,15561.2629,0.0007,15.6307,NA
SandFall-Win64-Shipping.exe,19588,0x2EC4BC3AB90,DXGI,0,512,1,Hardware: Independent Flip,15578.1673,0.6244,0.2096,0.4148,13.9087,0.2074,0.2074,0.0000,22.8872,9.4166,7.9266,15578.1673,8.7711,NA,NA
SandFall-Win64-Shipping.exe,19588,0x2EC4BC3AB90,DXGI,0,512,1,Hardware: Independent Flip,15578.7917,17.4127,17.1619,0.2508,13.4917,18.1867,18.1783,0.0084,31.6794,9.2340,-8.7922,15578.7917,0.0010,15.0175,NA
SandFall-Win64-Shipping.exe,19588,0x2EC4BC3AB90,DXGI,0,512,1,Hardware: Independent Flip,15596.2044,0.4285,0.1686,0.2599,14.2657,0.1477,0.1453,0.0024,23.5007,9.5673,8.1787,15596.2044,9.0873,NA,NA
SandFall-Win64-Shipping.exe,19588,0x2EC4BC3AB90,DXGI,0,512,1,Hardware: Independent Flip,15596.6329,17.8110,17.5489,0.2621,13.9849,18.6540,18.6480,0.0060,32.6395,9.7194,-9.1388,15596.6329,0.0006,15.8249,NA
SandFall-Win64-Shipping.exe,19588,0x2EC4BC3AB90,DXGI,0,512,1,Hardware: Independent Flip,15614.4439,0.3181,0.1599,0.1582,14.8279,0.1011,0.0962,0.0049,24.5479,8.3418,8.0916,15614.4439,9.6189,NA,NA
SandFall-Win64-Shipping.exe,19588,0x2EC4BC3AB90,DXGI,0,512,1,Hardware: Independent Flip,15614.7620,17.5426,17.2330,0.3096,14.6109,17.9597,17.9507,0.0090,32.5716,9.1835,-8.0237,15614.7620,0.0010,15.8858,NA
SandFall-Win64-Shipping.exe,19588,0x2EC4BC3AB90,DXGI,0,512,1,Hardware: Independent Flip,15632.3046,0.3856,0.1832,0.2024,15.0280,0.1042,0.1026,0.0016,24.2125,9.0149,8.3591,15632.3046,9.0803,NA,NA
SandFall-Win64-Shipping.exe,19588,0x2EC4BC3AB90,DXGI,0,512,1,Hardware: Independent Flip,15632.6902,18.6995,18.4311,0.2684,14.7466,17.9001,17.8949,0.0052,32.8418,8.8207,-8.6293,15632.6902,0.1951,18.0826,NA
SandFall-Win64-Shipping.exe,19588,0x2EC4BC3AB90,DXGI,0,512,1,Hardware: Independent Flip,15651.3897,0.4664,0.2521,0.2143,13.9472,0.1413,0.1397,0.0016,22.9630,9.5798,9.8788,15651.3897,8.8745,NA,NA
SandFall-Win64-Shipping.exe,19588,0x2EC4BC3AB90,DXGI,0,512,1,Hardware: Independent Flip,15651.8561,17.6071,17.3539,0.2532,13.6221,18.2081,18.2018,0.0063,32.0764,8.8178,-9.1134,15651.8561,0.2462,15.4828,NA
SandFall-Win64-Shipping.exe,19588,0x2EC4BC3AB90,DXGI,0,512,1,Hardware: Independent Flip,15669.4632,0.3653,0.1582,0.2071,14.2231,0.1713,0.1713,0.0000,23.2871,9.4260,8.7893,15669.4632,8.8927,NA,NA
SandFall-Win64-Shipping.exe,19588,0x2EC4BC3AB90,DXGI,0,512,1,Hardware: Independent Flip,15669.8285,18.6781,18.3851,0.2930,14.0291,18.3182,18.3062,0.0120,32.3478,9.2090,-9.0607,15669.8285,0.0005,14.7310,NA
SandFall-Win64-Shipping.exe,19588,0x2EC4BC3AB90,DXGI,0,512,1,Hardware: Independent Flip,15688.5066,0.4541,0.2139,0.2402,13.6692,0.1971,0.1971,0.0000,22.8787,9.4250,9.4691,15688.5066,9.0124,NA,NA
SandFall-Win64-Shipping.exe,19588,0x2EC4BC3AB90,DXGI,0,512,1,Hardware: Independent Flip,15688.9607,18.5200,18.1759,0.3441,13.4122,18.4365,18.4272,0.0093,31.8496,9.6775,-8.9709,15688.9607,0.0009,15.3572,NA
SandFall-Win64-Shipping.exe,19588,0x2EC4BC3AB90,DXGI,0,512,1,Hardware: Independent Flip,15707.4807,0.3548,0.1747,0.1801,13.3287,0.2030,0.2030,0.0000,23.0071,8.7234,8.8425,15707.4807,9.4754,NA,NA
SandFall-Win64-Shipping.exe,19588,0x2EC4BC3AB90,DXGI,0,512,1,Hardware: Independent Flip,15707.8355,17.7564,17.4831,0.2733,13.1769,18.1978,18.1905,0.0073,31.3757,9.4977,-8.3686,15707.8355,0.0010,14.7583,NA
SandFall-Win64-Shipping.exe,19588,0x2EC4BC3AB90,DXGI,0,512,1,Hardware: Independent Flip,15725.5919,0.4513,0.1876,0.2637,13.6183,0.1983,0.1983,0.0000,23.1170,9.4005,8.2587,15725.5919,9.3004,NA,NA
SandFall-Win64-Shipping.exe,19588,0x2EC4BC3AB90,DXGI,0,512,1,Hardware: Independent Flip,15726.0432,18.7394,18.1137,0.6257,13.3653,18.7001,18.6926,0.0075,32.0662,9.5133,-8.9492,15726.0432,0.0008,14.6614,NA
SandFall-Win64-Shipping.exe,19588,0x2EC4BC3AB90,DXGI,0,512,1,Hardware: Independent Flip,15744.7826,0.4509,0.1998,0.2511,13.3260,0.1019,0.0967,0.0052,22.8401,9.6452,9.2261,15744.7826,9.4122,NA,NA
SandFall-Win64-Shipping.exe,19588,0x2EC4BC3AB90,DXGI,0,512,1,Hardware: Independent Flip,15745.2335,17.7645,17.5113,0.2532,12.9770,19.0568,19.0498,0.0070,32.0344,9.6101,-9.1943,15745.2335,0.0006,16.8184,NA
SandFall-Win64-Shipping.exe,19588,0x2EC4BC3AB90,DXGI,0,512,1,Hardware: Independent Flip,15762.9980,0.5737,0.2704,0.3033,14.2693,0.2090,0.2090,0.0000,23.8800,9.0791,8.1544,15762.9980,9.4017,NA,NA
SandFall-Win64-Shipping.exe,19588,0x2EC4BC3AB90,DXGI,0,512,1,Hardware: Independent Flip,15763.5717,17.7547,17.4401,0.3146,13.9046,18.4797,18.4726,0.0071,32.3854,9.4582,-8.5054,15763.5717,0.0011,16.5103,NA
SandFall-Win64-Shipping.exe,19588,0x2EC4BC3AB90,DXGI,0,512,1,Hardware: Independent Flip,15781.3264,0.3593,0.1808,0.1785,14.6296,0.2053,0.2053,0.0000,24.0889,9.4906,8.2965,15781.3264,9.2540,NA,NA
SandFall-Win64-Shipping.exe,19588,0x2EC4BC3AB90,DXGI,0,512,1,Hardware: Independent Flip,15781.6857,18.8172,18.5417,0.2755,14.4756,18.6182,18.6119,0.0063,33.2202,9.2967,-9.1313,15781.6857,0.1264,15.4600,NA
SandFall-Win64-Shipping.exe,19588,0x2EC4BC3AB90,DXGI,0,512,1,Hardware: Independent Flip,15800.5029,0.3499,0.1624,0.1875,14.2766,0.1457,0.1442,0.0015,23.6997,10.4919,9.5205,15800.5029,9.2774,NA,NA
SandFall-Win64-Shipping.exe,19588,0x2EC4BC3AB90,DXGI,0,512,1,Hardware: Independent Flip,15800.8528,19.4154,19.0733,0.3421,14.0724,19.6677,19.6588,0.0089,33.8417,9.7335,-10.1420,15800.8528,0.1016,16.2459,NA
SandFall-Win64-Shipping.exe,19588,0x2EC4BC3AB90,DXGI,0,512,1,Hardware: Independent Flip,15820.2682,0.5065,0.2189,0.2876,14.3247,0.1496,0.1479,0.0017,24.1598,9.5261,9.6819,15820.2682,9.6855,NA,NA
SandFall-Win64-Shipping.exe,19588,0x2EC4BC3AB90,DXGI,0,512,1,Hardware: Independent Flip,15820.7747,20.2266,19.9618,0.2648,13.9678,19.2110,19.2044,0.0066,33.1794,10.1274,-9.0196,15820.7747,0.0006,16.5015,NA
SandFall-Win64-Shipping.exe,19588,0x2EC4BC3AB90,DXGI,0,512,1,Hardware: Independent Flip,15841.0013,0.3664,0.1650,0.2014,12.9522,0.1464,0.1447,0.0017,23.0802,9.4003,10.0992,15841.0013,9.9816,NA,NA
SandFall-Win64-Shipping.exe,19588,0x2EC4BC3AB90,DXGI,0,512,1,Hardware: Independent Flip,15841.3677,16.5265,16.2725,0.2540,12.7322,19.3819,19.3751,0.0068,32.1141,10.1257,-9.0339,15841.3677,NA,17.0297,NA
SandFall-Win64-Shipping.exe,19588,0x2EC4BC3AB90,DXGI,0,512,1,Hardware: Independent Flip,15857.8942,0.3367,0.1628,0.1739,15.5876,0.1601,0.1576,0.0025,25.7133,9.6677,6.4008,15857.8942,9.9656,NA,NA
SandFall-Win64-Shipping.exe,19588,0x2EC4BC3AB90,DXGI,0,512,1,Hardware: Independent Flip,15858.2309,18.7317,18.3961,0.3356,15.4110,19.6327,19.6247,0.0080,35.0443,9.9165,-9.3310,15858.2309,0.0006,16.8252,NA
SandFall-Win64-Shipping.exe,19588,0x2EC4BC3AB90,DXGI,0,512,1,Hardware: Independent Flip,15876.9626,0.3200,0.1622,0.1578,16.3120,0.1215,0.1187,0.0028,26.2291,9.9707,8.8152,15876.9626,9.7956,NA,NA
SandFall-Win64-Shipping.exe,19588,0x2EC4BC3AB90,DXGI,0,512,1,Hardware: Independent Flip,15877.2826,19.5392,19.2437,0.2955,16.1135,19.5800,19.5730,0.0070,35.8798,9.6507,-9.6507,15877.2826,0.1863,17.7129,NA
SandFall-Win64-Shipping.exe,19588,0x2EC4BC3AB90,DXGI,0,512,1,Hardware: Independent Flip,15896.8218,0.3202,0.1615,0.1587,16.1543,0.1163,0.1163,0.0000,25.9913,10.4129,9.8885,15896.8218,9.7207,NA,NA
SandFall-Win64-Shipping.exe,19588,0x2EC4BC3AB90,DXGI,0,512,1,Hardware: Independent Flip,15897.1420,19.9895,19.7019,0.2876,15.9504,19.9610,19.9548,0.0062,36.0840,9.7707,-10.0927,15897.1420,0.1726,18.7667,NA
SandFall-Win64-Shipping.exe,19588,0x2EC4BC3AB90,DXGI,0,512,1,Hardware: Independent Flip,15917.1315,0.4370,0.2237,0.2133,15.9219,0.0912,0.0868,0.0044,25.8652,9.7791,10.2188,15917.1315,9.8521,NA,NA
SandFall-Win64-Shipping.exe,19588,0x2EC4BC3AB90,DXGI,0,512,1,Hardware: Independent Flip,15917.5685,19.2746,18.9897,0.2849,15.5761,19.6305,19.6238,0.0067,35.2073,9.9613,-9.3421,15917.5685,0.0007,20.3270,NA
SandFall-Win64-Shipping.exe,19588,0x2EC4BC3AB90,DXGI,0,512,1,Hardware: Independent Flip,15936.8431,0.4214,0.2362,0.1852,15.9320,0.1431,0.1431,0.0000,25.8940,9.4880,9.3133,15936.8431,9.8189,NA,NA
SandFall-Win64-Shipping.exe,19588,0x2EC4BC3AB90,DXGI,0,512,1,Hardware: Independent Flip,15937.2645,18.7517,18.4317,0.3200,15.6537,19.3060,19.2967,0.0093,34.9606,9.9214,-9.0666,15937.2645,0.0009,NA,NA
SandFall-Win64-Shipping.exe,19588,0x2EC4BC3AB90,DXGI,0,512,1,Hardware: Independent Flip,15956.0162,0.3187,0.1583,0.1604,16.2080,0.1403,0.1385,0.0018,26.1303,9.8396,8.8303,15956.0162,9.7820,30.6864,NA
SandFall-Win64-Shipping.exe,19588,0x2EC4BC3AB90,DXGI,0,512,1,Hardware: Independent Flip,15956.3349,20.4748,20.2205,0.2543,16.0296,19.6043,19.5989,0.0054,35.6512,9.8509,-9.5209,15956.3349,0.0173,16.5300,NA
SandFall-Win64-Shipping.exe,19588,0x2EC4BC3AB90,DXGI,0,512,1,Hardware: Independent Flip,15976.8097,0.3181,0.1584,0.1597,15.1591,0.1679,0.1656,0.0023,25.0273,9.5717,10.6239,15976.8097,9.7003,NA,NA
SandFall-Win64-Shipping.exe,19588,0x2EC4BC3AB90,DXGI,0,512,1,Hardware: Independent Flip,15977.1278,18.4710,18.1598,0.3112,15.0089,19.2247,19.2159,0.0088,34.2809,9.5427,-9.2536,15977.1278,0.0473,NA,NA
SandFall-Win64-Shipping.exe,19588,0x2EC4BC3AB90,DXGI,0,512,1,Hardware: Independent Flip,15995.5988,0.3205,0.1628,0.1577,15.7626,0.1398,0.1375,0.0023,25.3526,10.1269,8.9283,15995.5988,9.4502,NA,NA
SandFall-Win64-Shipping.exe,19588,0x2EC4BC3AB90,DXGI,0,512,1,Hardware: Independent Flip,15995.9193,21.2017,20.8233,0.3784,15.5819,19.3579,19.3156,0.0423,35.1590,9.5107,-9.8064,15995.9193,0.2192,14.6307,NA
SandFall-Win64-Shipping.exe,19588,0x2EC4BC3AB90,DXGI,0,512,1,Hardware: Independent Flip,16017.1210,0.3458,0.1683,0.1775,13.7381,0.1136,0.1136,0.0000,23.4680,9.5628,11.6910,16017.1210,9.6163,NA,NA
SandFall-Win64-Shipping.exe,19588,0x2EC4BC3AB90,DXGI,0,512,1,Hardware: Independent Flip,16017.4668,19.0726,18.6831,0.3895,13.5059,19.1786,19.1709,0.0077,32.6850,9.5684,-9.2170,16017.4668,0.0005,NA,NA
SandFall-Win64-Shipping.exe,19588,0x2EC4BC3AB90,DXGI,0,512,1,Hardware: Independent Flip,16036.5394,0.5742,0.2576,0.3166,13.6119,0.1361,0.1344,0.0017,23.1808,9.9892,9.5042,16036.5394,9.4328,NA,NA
SandFall-Win64-Shipping.exe,19588,0x2EC4BC3AB90,DXGI,0,512,1,Hardware: Independent Flip,16037.1136,19.8221,19.5555,0.2666,13.1738,19.4212,19.4103,0.0109,32.5958,9.7429,-9.4150,16037.1136,0.0008,33.2504,NA
SandFall-Win64-Shipping.exe,19588,0x2EC4BC3AB90,DXGI,0,512,1,Hardware: Independent Flip,16056.9357,0.4117,0.1571,0.2546,12.7729,0.0809,0.0791,0.0018,22.5166,9.9780,10.0792,16056.9357,9.6628,24.0040,NA
SandFall-Win64-Shipping.exe,19588,0x2EC4BC3AB90,DXGI,0,512,1,Hardware: Independent Flip,16057.3474,20.3837,20.0303,0.3534,12.4421,19.6403,19.6303,0.0100,32.0829,10.1395,-9.5663,16057.3474,0.0005,13.9808,NA
SandFall-Win64-Shipping.exe,19588,0x2EC4BC3AB90,DXGI,0,512,1,Hardware: Independent Flip,16077.7311,0.3496,0.1600,0.1896,11.6987,0.1208,0.1187,0.0021,21.8387,8.8806,10.2442,16077.7311,10.0192,NA,NA
SandFall-Win64-Shipping.exe,19588,0x2EC4BC3AB90,DXGI,0,512,1,Hardware: Independent Flip,16078.0807,18.7774,18.5160,0.2614,11.4699,18.8996,18.8851,0.0145,30.3697,9.8698,-8.5310,16078.0807,0.0002,NA,NA
SandFall-Win64-Shipping.exe,19588,0x2EC4BC3AB90,DXGI,0,512,1,Hardware: Independent Flip,16096.8581,0.4727,0.1960,0.2767,11.5921,0.1672,0.1649,0.0023,21.4621,10.6587,8.9076,16096.8581,9.7028,21.8692,NA
SandFall-Win64-Shipping.exe,19588,0x2EC4BC3AB90,DXGI,0,512,1,Hardware: Independent Flip,16097.3308,20.7147,20.4457,0.2690,11.2866,20.1140,19.1910,0.9230,31.6481,9.8323,-10.1860,16097.3308,0.2475,17.5317,NA
SandFall-Win64-Shipping.exe,19588,0x2EC4BC3AB90,DXGI,0,512,1,Hardware: Independent Flip,16118.0455,0.4152,0.2218,0.1934,10.6859,0.1262,0.1238,0.0024,20.7657,9.5106,10.8824,16118.0455,9.9536,NA,NA
SandFall-Win64-Shipping.exe,19588,0x2EC4BC3AB90,DXGI,0,512,1,Hardware: Independent Flip,16118.4607,18.1514,17.8772,0.2742,10.3969,19.4632,19.4420,0.0212,29.8611,9.8165,-9.0954,16118.4607,0.0010,NA,NA
SandFall-Win64-Shipping.exe,19588,0x2EC4BC3AB90,DXGI,0,512,1,Hardware: Independent Flip,16136.6121,0.4342,0.1581,0.2761,11.7087,0.1156,0.1156,0.0000,21.5262,9.8686,8.3349,16136.6121,9.7019,29.5289,NA
SandFall-Win64-Shipping.exe,19588,0x2EC4BC3AB90,DXGI,0,512,1,Hardware: Independent Flip,16137.0463,19.6489,19.3740,0.2749,11.3901,19.5319,19.1555,0.3764,30.9606,9.7556,-9.4344,16137.0463,0.0386,NA,NA
SandFall-Win64-Shipping.exe,19588,0x2EC4BC3AB90,DXGI,0,512,1,Hardware: Independent Flip,16156.6952,0.3345,0.1700,0.1645,11.2731,0.0974,0.0917,0.0057,21.0673,11.2697,9.8933,16156.6952,9.6968,NA,NA
SandFall-Win64-Shipping.exe,19588,0x2EC4BC3AB90,DXGI,0,512,1,Hardware: Independent Flip,16157.0297,20.6226,20.3407,0.2819,11.0360,20.9522,19.5601,1.3921,32.0025,10.4916,-10.9352,16157.0297,0.0143,13.5781,NA
SandFall-Win64-Shipping.exe,19588,0x2EC4BC3AB90,DXGI,0,512,1,Hardware: Independent Flip,16177.6523,0.3849,0.1742,0.2107,11.3656,0.2025,0.2025,0.0000,21.8715,8.4359,10.1310,16177.6523,10.3034,NA,NA
SandFall-Win64-Shipping.exe,19588,0x2EC4BC3AB90,DXGI,0,512,1,Hardware: Independent Flip,16178.0372,16.6974,16.3989,0.2985,11.1832,18.7380,18.7298,0.0082,29.9225,9.8517,-8.0510,16178.0372,0.0013,NA,NA
SandFall-Win64-Shipping.exe,19588,0x2EC4BC3AB90,DXGI,0,512,1,Hardware: Independent Flip,16194.7346,0.3135,0.1549,0.1586,13.2238,0.1135,0.1118,0.0017,23.0768,9.9067,6.8457,16194.7346,9.7395,NA,NA
SandFall-Win64-Shipping.exe,19588,0x2EC4BC3AB90,DXGI,0,512,1,Hardware: Independent Flip,16195.0481,19.9598,19.6901,0.2697,13.0238,19.3479,19.3350,0.0129,32.6700,9.3599,-9.5932,16195.0481,0.2983,20.2585,NA
SandFall-Win64-Shipping.exe,19588,0x2EC4BC3AB90,DXGI,0,512,1,Hardware: Independent Flip,16215.0079,0.3258,0.1631,0.1627,12.4119,0.0885,0.0869,0.0016,22.0701,9.7999,10.5999,16215.0079,9.5697,NA,NA
SandFall-Win64-Shipping.exe,19588,0x2EC4BC3AB90,DXGI,0,512,1,Hardware: Independent Flip,16215.3337,19.5497,19.2786,0.2711,12.1746,19.0659,19.0532,0.0127,31.5442,9.0863,-9.4741,16215.3337,0.3037,26.0109,NA
SandFall-Win64-Shipping.exe,19588,0x2EC4BC3AB90,DXGI,0,512,1,Hardware: Independent Flip,16234.8834,0.3971,0.1726,0.2245,11.6908,0.1094,0.1073,0.0021,21.0808,13.1390,10.4634,16234.8834,9.2806,NA,NA
SandFall-Win64-Shipping.exe,19588,0x2EC4BC3AB90,DXGI,0,512,1,Hardware: Independent Flip,16235.2805,19.2424,18.9483,0.2941,11.4031,22.2794,22.0789,0.2005,33.8227,10.9155,-12.7419,16235.2805,0.1402,16.6548,NA
SandFall-Win64-Shipping.exe,19588,0x2EC4BC3AB90,DXGI,0,512,1,Hardware: Independent Flip,16254.5229,0.3790,0.2090,0.1700,14.4401,0.1039,0.0991,0.0048,25.4958,8.0450,8.3269,16254.5229,10.9518,NA,NA
SandFall-Win64-Shipping.exe,19588,0x2EC4BC3AB90,DXGI,0,512,1,Hardware: Independent Flip,16254.9019,17.2948,17.0547,0.2401,14.1650,18.9959,18.9877,0.0082,33.1618,9.9223,-7.6660,16254.9019,0.0009,NA,NA
SandFall-Win64-Shipping.exe,19588,0x2EC4BC3AB90,DXGI,0,512,1,Hardware: Independent Flip,16272.1967,0.3016,0.1493,0.1523,15.8661,0.1044,0.0995,0.0049,25.7893,9.1507,7.3725,16272.1967,9.8188,NA,NA
SandFall-Win64-Shipping.exe,19588,0x2EC4BC3AB90,DXGI,0,512,1,Hardware: Independent Flip,16272.4983,19.9192,19.6649,0.2543,15.6689,18.9687,18.9598,0.0089,34.6384,10.0031,-8.8491,16272.4983,0.0008,16.6884,NA
SandFall-Win64-Shipping.exe,19588,0x2EC4BC3AB90,DXGI,0,512,1,Hardware: Independent Flip,16292.4175,0.3202,0.1557,0.1645,14.7184,0.1415,0.1415,0.0000,24.7223,9.7294,9.9161,16292.4175,9.8624,NA,NA
SandFall-Win64-Shipping.exe,19588,0x2EC4BC3AB90,DXGI,0,512,1,Hardware: Independent Flip,16292.7377,19.6390,19.3159,0.3231,14.5397,19.5911,19.5837,0.0074,34.1315,10.1457,-9.4092,16292.7377,0.0007,NA,NA
SandFall-Win64-Shipping.exe,19588,0x2EC4BC3AB90,DXGI,0,512,1,Hardware: Independent Flip,16312.3767,0.3223,0.1600,0.1623,14.4918,0.1000,0.0980,0.0020,24.6382,9.3044,9.4933,16312.3767,10.0464,28.5642,NA
SandFall-Win64-Shipping.exe,19588,0x2EC4BC3AB90,DXGI,0,512,1,Hardware: Independent Flip,16312.6990,19.2895,19.0228,0.2667,14.2695,19.3497,19.3388,0.0109,33.6203,9.8433,-8.9821,16312.6990,0.0011,NA,NA
SandFall-Win64-Shipping.exe,19588,0x2EC4BC3AB90,DXGI,0,512,1,Hardware: Independent Flip,16331.9885,0.3807,0.1586,0.2221,14.3297,0.1093,0.1076,0.0017,24.1741,10.0347,9.4462,16331.9885,9.7351,25.6985,NA
SandFall-Win64-Shipping.exe,19588,0x2EC4BC3AB90,DXGI,0,512,1,Hardware: Independent Flip,16332.3692,20.2100,19.9421,0.2679,14.0583,19.5122,19.4766,0.0356,33.8281,9.5746,-9.6540,16332.3692,0.2576,19.7408,NA
SandFall-Win64-Shipping.exe,19588,0x2EC4BC3AB90,DXGI,0,512,1,Hardware: Independent Flip,16352.5792,0.5079,0.1857,0.3222,13.3605,0.1804,0.1781,0.0023,23.1927,10.5857,10.6354,16352.5792,9.6518,NA,NA
SandFall-Win64-Shipping.exe,19588,0x2EC4BC3AB90,DXGI,0,512,1,Hardware: Independent Flip,16353.0871,22.1984,21.8090,0.3894,13.0330,20.0508,20.0419,0.0089,33.2705,9.7953,-10.0778,16353.0871,0.1867,14.9132,NA
SandFall-Win64-Shipping.exe,19588,0x2EC4BC3AB90,DXGI,0,512,1,Hardware: Independent Flip,16375.2855,0.4793,0.2491,0.2302,10.8854,0.1430,0.1409,0.0021,20.8674,9.8055,12.4031,16375.2855,9.8390,NA,NA
SandFall-Win64-Shipping.exe,19588,0x2EC4BC3AB90,DXGI,0,512,1,Hardware: Independent Flip,16375.7648,16.3434,16.0256,0.3178,10.5491,19.6437,19.6377,0.0060,30.1936,10.1031,-9.3262,16375.7648,0.0008,14.5099,NA
SandFall-Win64-Shipping.exe,19588,0x2EC4BC3AB90,DXGI,0,512,1,Hardware: Independent Flip,16392.1082,0.3637,0.1616,0.2021,13.8494,0.1420,0.1403,0.0017,23.9533,9.1062,6.2403,16392.1082,9.9619,NA,NA
SandFall-Win64-Shipping.exe,19588,0x2EC4BC3AB90,DXGI,0,512,1,Hardware: Independent Flip,16392.4719,18.3372,18.0726,0.2646,13.6277,19.0672,19.0230,0.0442,32.6958,9.8693,-8.7425,16392.4719,0.0009,NA,NA
SandFall-Win64-Shipping.exe,19588,0x2EC4BC3AB90,DXGI,0,512,1,Hardware: Independent Flip,16410.8091,0.3115,0.1564,0.1551,14.3577,0.1158,0.1142,0.0016,24.2279,9.6394,8.4679,16410.8091,9.7544,NA,NA
SandFall-Win64-Shipping.exe,19588,0x2EC4BC3AB90,DXGI,0,512,1,Hardware: Independent Flip,16411.1206,20.0745,19.7851,0.2894,14.1620,19.2209,19.2129,0.0080,33.5558,9.4979,-9.3279,16411.1206,0.1729,37.2215,NA
SandFall-Win64-Shipping.exe,19588,0x2EC4BC3AB90,DXGI,0,512,1,Hardware: Independent Flip,16431.1951,0.4860,0.1692,0.3168,13.3084,0.1768,0.1768,0.0000,22.9792,12.3843,10.5766,16431.1951,9.4940,32.7185,NA
SandFall-Win64-Shipping.exe,19588,0x2EC4BC3AB90,DXGI,0,512,1,Hardware: Independent Flip,16431.6811,21.9122,21.5769,0.3353,12.9992,21.5685,21.2432,0.3253,34.8775,10.4782,-11.8983,16431.6811,0.3098,22.1008,NA
SandFall-Win64-Shipping.exe,19588,0x2EC4BC3AB90,DXGI,0,512,1,Hardware: Independent Flip,16453.5933,0.3984,0.2105,0.1879,12.6555,0.1479,0.1462,0.0017,23.4435,8.7770,11.4340,16453.5933,10.6401,NA,NA
SandFall-Win64-Shipping.exe,19588,0x2EC4BC3AB90,DXGI,0,512,1,Hardware: Independent Flip,16453.9917,17.3763,17.1085,0.2678,12.4050,19.4163,19.4099,0.0064,31.8221,10.0688,-8.3786,16453.9917,0.0008,15.3564,NA
SandFall-Win64-Shipping.exe,19588,0x2EC4BC3AB90,DXGI,0,512,1,Hardware: Independent Flip,16471.3680,0.3211,0.1596,0.1615,14.4450,0.0976,0.0956,0.0020,24.5146,9.7865,7.3075,16471.3680,9.9720,NA,NA
SandFall-Win64-Shipping.exe,19588,0x2EC4BC3AB90,DXGI,0,512,1,Hardware: Independent Flip,16471.6891,21.5410,21.2193,0.3217,14.2215,19.7577,19.7479,0.0098,33.9800,10.1468,-9.4654,16471.6891,0.0008,17.2211,NA
SandFall-Win64-Shipping.exe,19588,0x2EC4BC3AB90,DXGI,0,512,1,Hardware: Independent Flip,16493.2301,0.3635,0.1765,0.1870,12.4382,0.1071,0.1054,0.0017,22.5858,9.4538,11.3942,16493.2301,10.0405,NA,NA
SandFall-Win64-Shipping.exe,19588,0x2EC4BC3AB90,DXGI,0,512,1,Hardware: Independent Flip,16493.5936,16.3252,16.0849,0.2403,12.1818,19.4936,19.4873,0.0063,31.6761,9.9185,-9.0903,16493.5936,0.0007,NA,NA
SandFall-Win64-Shipping.exe,19588,0x2EC4BC3AB90,DXGI,0,512,1,Hardware: Independent Flip,16509.9188,0.3127,0.1563,0.1564,15.3502,0.1597,0.1553,0.0044,25.2694,9.7996,6.4067,16509.9188,9.7595,NA,NA
SandFall-Win64-Shipping.exe,19588,0x2EC4BC3AB90,DXGI,0,512,1,Hardware: Independent Flip,16510.2315,21.9707,21.6874,0.2833,15.1972,19.3092,19.3015,0.0077,34.7563,9.4720,-9.4869,16510.2315,0.2499,16.5299,NA
SandFall-Win64-Shipping.exe,19588,0x2EC4BC3AB90,DXGI,0,512,1,Hardware: Independent Flip,16532.2022,0.3740,0.1780,0.1960,12.5357,0.0959,0.0911,0.0048,22.2576,9.8746,12.4987,16532.2022,9.6260,NA,NA
SandFall-Win64-Shipping.exe,19588,0x2EC4BC3AB90,DXGI,0,512,1,Hardware: Independent Flip,16532.5762,17.9499,17.6401,0.3098,12.2576,19.1941,19.1872,0.0069,31.7582,9.1902,-9.5006,16532.5762,0.3065,NA,NA
SandFall-Win64-Shipping.exe,19588,0x2EC4BC3AB90,DXGI,0,512,1,Hardware: Independent Flip,16550.5261,0.4113,0.2038,0.2075,13.5018,0.1200,0.1200,0.0000,22.9985,11.5098,8.7597,16550.5261,9.3767,NA,NA
SandFall-Win64-Shipping.exe,19588,0x2EC4BC3AB90,DXGI,0,512,1,Hardware: Independent Flip,16550.9374,22.7201,22.3109,0.4092,13.2105,20.7682,20.7612,0.0070,34.0970,10.1710,-11.0985,16550.9374,0.1183,16.5836,NA
SandFall-Win64-Shipping.exe,19588,0x2EC4BC3AB90,DXGI,0,512,1,Hardware: Independent Flip,16573.6575,0.3928,0.2037,0.1891,11.2586,0.1636,0.1619,0.0017,21.5479,10.2938,12.5491,16573.6575,10.1257,NA,NA
SandFall-Win64-Shipping.exe,19588,0x2EC4BC3AB90,DXGI,0,512,1,Hardware: Independent Flip,16574.0503,16.1769,15.8257,0.3512,11.0294,20.4190,20.4122,0.0068,31.4489,11.0423,-9.9010,16574.0503,0.0005,NA,NA
SandFall-Win64-Shipping.exe,19588,0x2EC4BC3AB90,DXGI,0,512,1,Hardware: Independent Flip,16590.2272,0.3231,0.1634,0.1597,15.2715,0.1390,0.1373,0.0017,26.3143,9.1138,5.1346,16590.2272,10.9038,NA,NA
SandFall-Win64-Shipping.exe,19588,0x2EC4BC3AB90,DXGI,0,512,1,Hardware: Independent Flip,16590.5503,19.6086,19.3663,0.2423,15.0874,20.0170,20.0065,0.0105,35.1050,10.8207,-8.7907,16590.5503,0.0006,39.2044,NA
SandFall-Win64-Shipping.exe,19588,0x2EC4BC3AB90,DXGI,0,512,1,Hardware: Independent Flip,16610.1589,0.3132,0.1573,0.1559,15.4958,0.1984,0.1984,0.0000,26.3171,9.1959,8.7879,16610.1589,10.6229,NA,NA
SandFall-Win64-Shipping.exe,19588,0x2EC4BC3AB90,DXGI,0,512,1,Hardware: Independent Flip,16610.4721,21.2258,20.9587,0.2671,15.3810,19.8177,19.8110,0.0067,35.1998,10.0864,-8.8827,16610.4721,0.0011,19.2126,NA
SandFall-Win64-Shipping.exe,19588,0x2EC4BC3AB90,DXGI,0,512,1,Hardware: Independent Flip,16631.6979,0.4076,0.2437,0.1639,13.9729,0.1030,0.1013,0.0017,24.0604,11.0684,11.1394,16631.6979,9.9845,NA,NA
SandFall-Win64-Shipping.exe,19588,0x2EC4BC3AB90,DXGI,0,512,1,Hardware: Independent Flip,16632.1055,18.9843,18.7395,0.2448,13.6683,20.3854,20.3759,0.0095,34.7212,9.5737,-10.6608,16632.1055,0.6675,NA,NA
SandFall-Win64-Shipping.exe,19588,0x2EC4BC3AB90,DXGI,0,512,1,Hardware: Independent Flip,16651.0898,0.4059,0.1853,0.2206,15.0694,0.1162,0.1162,0.0000,25.3106,10.1298,9.4106,16651.0898,10.1250,NA,NA
SandFall-Win64-Shipping.exe,19588,0x2EC4BC3AB90,DXGI,0,512,1,Hardware: Independent Flip,16651.4957,20.3452,20.0928,0.2524,14.7797,20.0573,20.0434,0.0139,35.0345,9.5342,-9.7239,16651.4957,0.1975,44.0461,NA
SandFall-Win64-Shipping.exe,19588,0x2EC4BC3AB90,DXGI,0,512,1,Hardware: Independent Flip,16671.8409,0.3593,0.1975,0.1618,14.4918,0.1058,0.1039,0.0019,24.2235,10.0912,10.8110,16671.8409,9.6259,NA,NA
SandFall-Win64-Shipping.exe,19588,0x2EC4BC3AB90,DXGI,0,512,1,Hardware: Independent Flip,16672.2002,22.9763,22.6588,0.3175,14.2383,19.7166,19.7089,0.0077,33.9554,9.8757,-9.7319,16672.2002,0.0005,18.7069,NA
SandFall-Win64-Shipping.exe,19588,0x2EC4BC3AB90,DXGI,0,512,1,Hardware: Independent Flip,16695.1765,0.3359,0.1631,0.1728,10.9786,0.1620,0.1575,0.0045,20.8548,10.1070,13.1006,16695.1765,9.7142,NA,NA
SandFall-Win64-Shipping.exe,19588,0x2EC4BC3AB90,DXGI,0,512,1,Hardware: Independent Flip,16695.5124,16.5750,16.3315,0.2435,10.8047,19.8203,19.7775,0.0428,30.6259,10.3234,-9.7711,16695.5124,0.0009,NA,NA
SandFall-Win64-Shipping.exe,19588,0x2EC4BC3AB90,DXGI,0,512,1,Hardware: Independent Flip,16712.0874,0.3712,0.2096,0.1616,14.0500,0.2013,0.2013,0.0000,24.3743,9.3293,6.2516,16712.0874,10.1230,NA,NA
SandFall-Win64-Shipping.exe,19588,0x2EC4BC3AB90,DXGI,0,512,1,Hardware: Independent Flip,16712.4586,21.0643,20.7905,0.2738,13.8801,19.4517,19.4410,0.0107,33.3324,10.2907,-8.9581,16712.4586,0.0006,36.3416,NA
SandFall-Win64-Shipping.exe,19588,0x2EC4BC3AB90,DXGI,0,512,1,Hardware: Independent Flip,16733.5229,0.3914,0.2250,0.1664,12.2675,0.1228,0.1228,0.0000,22.5588,9.3918,10.7736,16733.5229,10.1685,NA,NA
SandFall-Win64-Shipping.exe,19588,0x2EC4BC3AB90,DXGI,0,512,1,Hardware: Independent Flip,16733.9143,18.7306,18.4415,0.2891,11.9989,19.5565,19.5421,0.0144,31.5592,9.8287,-9.0004,16733.9143,0.0038,37.0103,NA
SandFall-Win64-Shipping.exe,19588,0x2EC4BC3AB90,DXGI,0,512,1,Hardware: Independent Flip,16752.6449,0.3173,0.1594,0.1579,12.8248,0.1126,0.1110,0.0016,22.6573,10.7595,8.9019,16752.6449,9.7199,NA,NA
SandFall-Win64-Shipping.exe,19588,0x2EC4BC3AB90,DXGI,0,512,1,Hardware: Independent Flip,16752.9622,20.2663,20.0200,0.2463,12.6201,20.0415,19.6860,0.3555,33.0995,9.6142,-10.4422,16752.9622,0.4379,40.6036,NA
SandFall-Win64-Shipping.exe,19588,0x2EC4BC3AB90,DXGI,0,512,1,Hardware: Independent Flip,16773.2285,0.3431,0.1818,0.1613,12.3953,0.0804,0.0787,0.0017,22.4474,10.7566,10.6521,16773.2285,9.9717,NA,NA
SandFall-Win64-Shipping.exe,19588,0x2EC4BC3AB90,DXGI,0,512,1,Hardware: Independent Flip,16773.5716,20.7963,20.5391,0.2572,12.1326,20.7273,20.1768,0.5505,32.8609,10.1674,-10.4135,16773.5716,0.0010,37.9777,NA
SandFall-Win64-Shipping.exe,19588,0x2EC4BC3AB90,DXGI,0,512,1,Hardware: Independent Flip,16794.3679,0.4071,0.1628,0.2443,12.0636,0.0788,0.0772,0.0016,22.2320,9.0641,10.6289,16794.3679,10.0896,NA,NA
SandFall-Win64-Shipping.exe,19588,0x2EC4BC3AB90,DXGI,0,512,1,Hardware: Independent Flip,16794.7750,18.9996,18.6557,0.3439,11.7353,19.1528,19.1410,0.0118,30.8890,10.1444,-8.6570,16794.7750,0.0009,31.2053,NA
SandFall-Win64-Shipping.exe,19588,0x2EC4BC3AB90,DXGI,0,512,1,Hardware: Independent Flip,16813.7746,0.4426,0.2240,0.2186,11.8885,0.1062,0.1004,0.0058,22.0338,10.6780,8.8552,16813.7746,10.0391,NA,NA
SandFall-Win64-Shipping.exe,19588,0x2EC4BC3AB90,DXGI,0,512,1,Hardware: Independent Flip,16814.2172,20.3275,20.0322,0.2953,11.5521,20.7167,19.5351,1.1816,32.2692,10.3835,-10.2354,16814.2172,0.0004,32.0368,NA
SandFall-Win64-Shipping.exe,19588,0x2EC4BC3AB90,DXGI,0,512,1,Hardware: Independent Flip,16834.5447,0.3764,0.1755,0.2009,11.9413,0.1398,0.1376,0.0022,22.3252,9.5153,9.9440,16834.5447,10.2441,NA,NA
SandFall-Win64-Shipping.exe,19588,0x2EC4BC3AB90,DXGI,0,512,1,Hardware: Independent Flip,16834.9211,20.0123,19.7287,0.2836,11.7047,19.7587,19.4840,0.2747,31.4641,10.2599,-9.1389,16834.9211,0.0007,36.9263,NA
SandFall-Win64-Shipping.exe,19588,0x2EC4BC3AB90,DXGI,0,512,1,Hardware: Independent Flip,16854.9334,0.4076,0.1855,0.2221,11.4511,0.1174,0.1154,0.0020,21.7117,9.9328,9.7524,16854.9334,10.1432,31.1829,NA
SandFall-Win64-Shipping.exe,19588,0x2EC4BC3AB90,DXGI,0,512,1,Hardware: Independent Flip,16855.3410,19.5001,19.1838,0.3163,11.1609,19.9470,19.3239,0.6231,31.2369,9.9069,-9.5252,16855.3410,0.1290,NA,NA
SandFall-Win64-Shipping.exe,19588,0x2EC4BC3AB90,DXGI,0,512,1,Hardware: Independent Flip,16874.8411,0.3809,0.2067,0.1742,11.6078,0.1239,0.1214,0.0025,21.6437,9.5595,9.5932,16874.8411,9.9120,24.0235,NA
SandFall-Win64-Shipping.exe,19588,0x2EC4BC3AB90,DXGI,0,512,1,Hardware: Independent Flip,16875.2220,18.7968,18.4933,0.3035,11.3508,19.1782,19.1269,0.0513,30.8223,9.2679,-9.1786,16875.2220,0.2933,NA,NA
SandFall-Win64-Shipping.exe,19588,0x2EC4BC3AB90,DXGI,0,512,1,Hardware: Independent Flip,16894.0188,0.3943,0.1939,0.2004,11.7322,0.1106,0.1106,0.0000,21.2934,10.6800,9.5289,16894.0188,9.4506,27.8517,NA
SandFall-Win64-Shipping.exe,19588,0x2EC4BC3AB90,DXGI,0,512,1,Hardware: Independent Flip,16894.4131,19.1308,18.8522,0.2786,11.4485,19.6652,19.3886,0.2766,31.5791,9.2604,-10.2857,16894.4131,0.4654,NA,NA
SandFall-Win64-Shipping.exe,19588,0x2EC4BC3AB90,DXGI,0,512,1,Hardware: Independent Flip,16913.5439,0.5240,0.2014,0.3226,11.9829,0.1576,0.1552,0.0024,21.7087,11.3493,9.8704,16913.5439,9.5682,22.7997,NA
SandFall-Win64-Shipping.exe,19588,0x2EC4BC3AB90,DXGI,0,512,1,Hardware: Independent Flip,16914.0679,20.9992,20.7284,0.2708,11.6165,20.9171,20.1206,0.7965,32.5340,10.4738,-10.8253,16914.0679,0.0004,14.1501,NA
SandFall-Win64-Shipping.exe,19588,0x2EC4BC3AB90,DXGI,0,512,1,Hardware: Independent Flip,16935.0671,0.3406,0.1717,0.1689,11.5344,0.1335,0.1314,0.0021,22.0086,8.7918,10.5254,16935.0671,10.3407,NA,NA
SandFall-Win64-Shipping.exe,19588,0x2EC4BC3AB90,DXGI,0,512,1,Hardware: Independent Flip,16935.4077,17.3476,17.0561,0.2915,11.3273,19.1316,19.1247,0.0069,30.4598,10.1721,-8.4512,16935.4077,0.0009,14.4196,NA
SandFall-Win64-Shipping.exe,19588,0x2EC4BC3AB90,DXGI,0,512,1,Hardware: Independent Flip,16952.7553,0.3221,0.1640,0.1581,13.1113,0.1391,0.1372,0.0019,23.2843,9.1567,7.1755,16952.7553,10.0339,NA,NA
SandFall-Win64-Shipping.exe,19588,0x2EC4BC3AB90,DXGI,0,512,1,Hardware: Independent Flip,16953.0774,19.6457,19.2282,0.4175,12.9283,19.1900,19.1818,0.0082,32.1189,10.0657,-8.8346,16953.0774,0.0006,14.7489,NA
SandFall-Win64-Shipping.exe,19588,0x2EC4BC3AB90,DXGI,0,512,1,Hardware: Independent Flip,16972.7231,0.3765,0.2015,0.1750,12.4726,0.1374,0.1357,0.0017,22.5389,9.1130,9.5800,16972.7231,9.9289,NA,NA
SandFall-Win64-Shipping.exe,19588,0x2EC4BC3AB90,DXGI,0,512,1,Hardware: Independent Flip,16973.0996,17.5898,17.2545,0.3353,12.2335,18.9591,18.9522,0.0069,31.2754,9.4593,-8.7365,16973.0996,0.0828,NA,NA
SandFall-Win64-Shipping.exe,19588,0x2EC4BC3AB90,DXGI,0,512,1,Hardware: Independent Flip,16990.6894,0.3250,0.1701,0.1549,13.6028,0.1556,0.1343,0.0213,23.1449,11.1704,8.1305,16990.6894,9.3865,23.3839,NA
SandFall-Win64-Shipping.exe,19588,0x2EC4BC3AB90,DXGI,0,512,1,Hardware: Independent Flip,16991.0144,19.6954,19.2886,0.4068,13.4334,20.0015,19.9921,0.0094,33.9903,9.4092,-10.8454,16991.0144,0.5554,15.5547,NA
SandFall-Win64-Shipping.exe,19588,0x2EC4BC3AB90,DXGI,0,512,1,Hardware: Independent Flip,17010.7098,0.3789,0.1826,0.1963,13.7395,0.1242,0.1224,0.0018,23.7041,10.1050,10.2862,17010.7098,9.8404,NA,NA
SandFall-Win64-Shipping.exe,19588,0x2EC4BC3AB90,DXGI,0,512,1,Hardware: Independent Flip,17011.0887,20.6413,20.3021,0.3392,13.4848,19.9449,19.9396,0.0053,33.4302,10.0003,-9.7261,17011.0887,0.0005,16.0776,NA
SandFall-Win64-Shipping.exe,19588,0x2EC4BC3AB90,DXGI,0,512,1,Hardware: Independent Flip,17031.7300,0.5194,0.1698,0.3496,12.7884,0.1076,0.1055,0.0021,22.7892,9.2690,10.6410,17031.7300,9.8932,NA,NA
SandFall-Win64-Shipping.exe,19588,0x2EC4BC3AB90,DXGI,0,512,1,Hardware: Independent Flip,17032.2494,17.5340,17.2022,0.3318,12.3766,19.1618,19.1551,0.0067,31.5388,10.1150,-8.7496,17032.2494,0.0004,16.3269,NA
SandFall-Win64-Shipping.exe,19588,0x2EC4BC3AB90,DXGI,0,512,1,Hardware: Independent Flip,17049.7834,0.3316,0.1719,0.1597,14.0044,0.1205,0.1182,0.0023,24.1198,9.7487,7.4190,17049.7834,9.9949,NA,NA
SandFall-Win64-Shipping.exe,19588,0x2EC4BC3AB90,DXGI,0,512,1,Hardware: Independent Flip,17050.1150,18.4858,18.1943,0.2915,13.7933,19.7428,19.7364,0.0064,33.5369,10.1117,-9.4171,17050.1150,0.0008,17.2037,NA
SandFall-Win64-Shipping.exe,19588,0x2EC4BC3AB90,DXGI,0,512,1,Hardware: Independent Flip,17068.6008,0.3827,0.2069,0.1758,15.0503,0.1013,0.0995,0.0018,25.1628,9.1852,8.3741,17068.6008,10.0112,NA,NA
SandFall-Win64-Shipping.exe,19588,0x2EC4BC3AB90,DXGI,0,512,1,Hardware: Independent Flip,17068.9835,18.3815,18.0561,0.3254,14.7689,19.1956,19.1895,0.0061,33.9653,9.6117,-8.8025,17068.9835,0.0008,17.4994,NA
SandFall-Win64-Shipping.exe,19588,0x2EC4BC3AB90,DXGI,0,512,1,Hardware: Independent Flip,17087.3650,0.3500,0.1862,0.1638,15.5830,0.1002,0.0984,0.0018,25.1955,10.1794,8.7698,17087.3650,9.5123,NA,NA
SandFall-Win64-Shipping.exe,19588,0x2EC4BC3AB90,DXGI,0,512,1,Hardware: Independent Flip,17087.7150,18.5364,18.2821,0.2543,15.3332,19.2269,19.2190,0.0079,35.0249,9.1807,-9.8294,17087.7150,0.4648,NA,NA
SandFall-Win64-Shipping.exe,19588,0x2EC4BC3AB90,DXGI,0,512,1,Hardware: Independent Flip,17106.2514,0.3557,0.1574,0.1983,16.0237,0.1244,0.1227,0.0017,25.6692,9.6355,9.3557,17106.2514,9.5211,27.4636,NA
SandFall-Win64-Shipping.exe,19588,0x2EC4BC3AB90,DXGI,0,512,1,Hardware: Independent Flip,17106.6071,22.5091,22.1516,0.3575,15.7924,18.9454,18.9373,0.0081,34.9490,9.0296,-9.2798,17106.6071,0.2112,23.0989,NA
SandFall-Win64-Shipping.exe,19588,0x2EC4BC3AB90,DXGI,0,512,1,Hardware: Independent Flip,17129.1162,0.5273,0.2075,0.3198,12.2287,0.1014,0.0997,0.0017,21.4695,9.4339,13.4795,17129.1162,9.1394,NA,NA
SandFall-Win64-Shipping.exe,19588,0x2EC4BC3AB90,DXGI,0,512,1,Hardware: Independent Flip,17129.6435,15.9865,15.7318,0.2547,11.8028,18.5504,18.5438,0.0066,30.3761,9.1665,-8.9066,17129.6435,0.0229,NA,NA
SandFall-Win64-Shipping.exe,19588,0x2EC4BC3AB90,DXGI,0,512,1,Hardware: Independent Flip,17145.6300,0.3369,0.1742,0.1627,14.3667,0.1401,0.1374,0.0027,23.5561,9.6589,6.8200,17145.6300,9.0493,25.7353,NA
SandFall-Win64-Shipping.exe,19588,0x2EC4BC3AB90,DXGI,0,512,1,Hardware: Independent Flip,17145.9669,19.1076,18.8006,0.3070,14.1699,18.7072,18.6984,0.0088,32.8781,9.5066,-9.3220,17145.9669,0.0010,NA,NA
SandFall-Win64-Shipping.exe,19588,0x2EC4BC3AB90,DXGI,0,512,1,Hardware: Independent Flip,17165.0745,0.4904,0.2483,0.2421,13.7695,0.1007,0.0989,0.0018,23.2771,9.4644,9.6010,17165.0745,9.4069,23.8915,NA
SandFall-Win64-Shipping.exe,19588,0x2EC4BC3AB90,DXGI,0,512,1,Hardware: Independent Flip,17165.5649,18.4728,18.1412,0.3316,13.3798,18.8703,18.8599,0.0104,32.2511,9.7770,-8.9740,17165.5649,0.0010,NA,NA
SandFall-Win64-Shipping.exe,19588,0x2EC4BC3AB90,DXGI,0,512,1,Hardware: Independent Flip,17184.0377,0.4595,0.2263,0.2332,13.7773,0.1294,0.1273,0.0021,23.5553,8.9845,8.6958,17184.0377,9.6486,NA,NA
SandFall-Win64-Shipping.exe,19588,0x2EC4BC3AB90,DXGI,0,512,1,Hardware: Independent Flip,17184.4972,18.3884,18.1328,0.2556,13.4472,18.6324,18.6235,0.0089,32.0803,9.6644,-8.5250,17184.4972,0.0007,33.1301,NA
SandFall-Win64-Shipping.exe,19588,0x2EC4BC3AB90,DXGI,0,512,1,Hardware: Independent Flip,17202.8856,0.3570,0.2048,0.1522,13.6912,0.1033,0.1017,0.0016,23.3563,9.8124,8.7240,17202.8856,9.5618,NA,NA
SandFall-Win64-Shipping.exe,19588,0x2EC4BC3AB90,DXGI,0,512,1,Hardware: Independent Flip,17203.2426,20.2371,19.9308,0.3063,13.4375,19.2664,19.2561,0.0103,32.8117,9.5443,-9.4554,17203.2426,0.1078,32.6031,NA
SandFall-Win64-Shipping.exe,19588,0x2EC4BC3AB90,DXGI,0,512,1,Hardware: Independent Flip,17223.4797,0.4397,0.2237,0.2160,12.4668,0.1242,0.1226,0.0016,22.1189,9.4645,10.6928,17223.4797,9.5279,22.1527,NA
SandFall-Win64-Shipping.exe,19588,0x2EC4BC3AB90,DXGI,0,512,1,Hardware: Independent Flip,17223.9194,18.2992,18.0458,0.2534,12.1513,18.9339,18.8847,0.0492,31.1437,9.3773,-9.0248,17223.9194,0.0585,NA,NA
SandFall-Win64-Shipping.exe,19588,0x2EC4BC3AB90,DXGI,0,512,1,Hardware: Independent Flip,17242.2186,0.3621,0.2020,0.1601,12.7860,0.1307,0.1283,0.0024,22.2218,9.7658,8.9219,17242.2186,9.3051,NA,NA
SandFall-Win64-Shipping.exe,19588,0x2EC4BC3AB90,DXGI,0,512,1,Hardware: Independent Flip,17242.5807,20.0773,19.8046,0.2727,12.5546,18.9299,18.9058,0.0241,31.6255,9.3571,-9.4037,17242.5807,0.1410,15.7569,NA
SandFall-Win64-Shipping.exe,19588,0x2EC4BC3AB90,DXGI,0,512,1,Hardware: Independent Flip,17262.6580,0.3110,0.1556,0.1554,11.4072,0.1113,0.1096,0.0017,20.9053,9.5026,10.7202,17262.6580,9.3868,NA,NA
SandFall-Win64-Shipping.exe,19588,0x2EC4BC3AB90,DXGI,0,512,1,Hardware: Independent Flip,17262.9690,18.4329,18.1702,0.2627,11.2075,18.8887,18.8721,0.0166,30.0969,9.4529,-9.1916,17262.9690,0.0007,NA,NA
SandFall-Win64-Shipping.exe,19588,0x2EC4BC3AB90,DXGI,0,512,1,Hardware: Independent Flip,17281.4019,0.3778,0.2089,0.1689,11.6633,0.1259,0.1243,0.0016,21.1169,9.5377,8.9800,17281.4019,9.3277,22.0695,NA
SandFall-Win64-Shipping.exe,19588,0x2EC4BC3AB90,DXGI,0,512,1,Hardware: Independent Flip,17281.7797,18.6076,18.3404,0.2672,11.4114,18.8647,18.8471,0.0176,30.2768,9.5521,-9.1599,17281.7797,0.0007,NA,NA
SandFall-Win64-Shipping.exe,19588,0x2EC4BC3AB90,DXGI,0,512,1,Hardware: Independent Flip,17300.3873,0.4278,0.2006,0.2272,11.6685,0.0913,0.0897,0.0016,21.2213,10.1106,9.0555,17300.3873,9.4615,21.1595,NA
SandFall-Win64-Shipping.exe,19588,0x2EC4BC3AB90,DXGI,0,512,1,Hardware: Independent Flip,17300.8151,19.3377,19.0239,0.3138,11.3320,19.5714,19.5481,0.0233,30.9041,9.9754,-9.6828,17300.8151,0.0007,12.2690,NA
SandFall-Win64-Shipping.exe,19588,0x2EC4BC3AB90,DXGI,0,512,1,Hardware: Independent Flip,17320.1528,0.3997,0.1625,0.2372,11.5657,0.1147,0.1131,0.0016,21.5418,9.9984,9.3623,17320.1528,9.8614,NA,NA
SandFall-Win64-Shipping.exe,19588,0x2EC4BC3AB90,DXGI,0,512,1,Hardware: Independent Flip,17320.5525,19.6559,19.3720,0.2839,11.2807,19.8591,19.5932,0.2659,31.1405,10.4087,-9.5987,17320.5525,0.0007,14.2443,NA
SandFall-Win64-Shipping.exe,19588,0x2EC4BC3AB90,DXGI,0,512,1,Hardware: Independent Flip,17340.2084,0.3403,0.1723,0.1680,11.4839,0.1998,0.1998,0.0000,21.8933,8.9938,9.2472,17340.2084,10.2096,NA,NA
SandFall-Win64-Shipping.exe,19588,0x2EC4BC3AB90,DXGI,0,512,1,Hardware: Independent Flip,17340.5487,17.7786,17.5075,0.2711,11.3434,19.2027,19.1950,0.0077,30.5468,10.1499,-8.6535,17340.5487,0.0007,22.6333,NA
SandFall-Win64-Shipping.exe,19588,0x2EC4BC3AB90,DXGI,0,512,1,Hardware: Independent Flip,17358.3273,0.5017,0.2143,0.2874,12.7675,0.1379,0.1379,0.0000,22.9181,9.0412,7.6287,17358.3273,10.0127,NA,NA
SandFall-Win64-Shipping.exe,19588,0x2EC4BC3AB90,DXGI,0,512,1,Hardware: Independent Flip,17358.8290,19.5811,19.2646,0.3165,12.4037,18.8207,18.8140,0.0067,31.4576,9.2150,-8.5395,17358.8290,0.2332,20.7494,NA
SandFall-Win64-Shipping.exe,19588,0x2EC4BC3AB90,DXGI,0,512,1,Hardware: Independent Flip,17378.4101,0.3364,0.1695,0.1669,11.6433,0.1325,0.1306,0.0019,21.0915,9.5805,10.3661,17378.4101,9.3157,NA,NA
SandFall-Win64-Shipping.exe,19588,0x2EC4BC3AB90,DXGI,0,512,1,Hardware: Independent Flip,17378.7465,16.6530,16.3890,0.2640,11.4394,18.5699,18.5183,0.0516,30.3356,8.8893,-9.2441,17378.7465,0.3263,NA,NA
SandFall-Win64-Shipping.exe,19588,0x2EC4BC3AB90,DXGI,0,512,1,Hardware: Independent Flip,17395.3995,0.3443,0.1813,0.1630,13.3563,0.1345,0.1325,0.0020,22.5719,9.7688,7.7637,17395.3995,9.0811,NA,NA
SandFall-Win64-Shipping.exe,19588,0x2EC4BC3AB90,DXGI,0,512,1,Hardware: Independent Flip,17395.7438,21.8814,21.5302,0.3512,13.1465,18.5477,18.5268,0.0209,31.9964,8.8769,-9.4245,17395.7438,0.3022,14.2994,NA
SandFall-Win64-Shipping.exe,19588,0x2EC4BC3AB90,DXGI,0,512,1,Hardware: Independent Flip,17417.6252,0.3543,0.1848,0.1695,9.8128,0.1406,0.1391,0.0015,18.9919,9.3135,13.0045,17417.6252,9.0385,NA,NA
SandFall-Win64-Shipping.exe,19588,0x2EC4BC3AB90,DXGI,0,512,1,Hardware: Independent Flip,17417.9795,16.1099,15.8237,0.2862,9.5991,18.1551,18.1448,0.0103,27.9511,8.7912,-8.9592,17417.9795,0.1969,NA,NA
SandFall-Win64-Shipping.exe,19588,0x2EC4BC3AB90,DXGI,0,512,1,Hardware: Independent Flip,17434.0894,0.3678,0.1798,0.1880,11.6443,0.1048,0.1034,0.0014,20.6324,9.6271,7.3187,17434.0894,8.8833,NA,NA
SandFall-Win64-Shipping.exe,19588,0x2EC4BC3AB90,DXGI,0,512,1,Hardware: Independent Flip,17434.4572,19.9159,19.6203,0.2956,11.3813,18.5098,17.9022,0.6076,29.8917,9.2113,-9.2593,17434.4572,0.0006,41.8730,NA
SandFall-Win64-Shipping.exe,19588,0x2EC4BC3AB90,DXGI,0,512,1,Hardware: Independent Flip,17454.3731,0.4125,0.1943,0.2182,9.9752,0.1169,0.1153,0.0016,19.1871,9.1477,10.7046,17454.3731,9.0950,NA,NA
SandFall-Win64-Shipping.exe,19588,0x2EC4BC3AB90,DXGI,0,512,1,Hardware: Independent Flip,17454.7856,17.5340,17.2844,0.2496,9.6796,18.2416,18.1265,0.1151,27.9223,9.4084,-8.7352,17454.7856,0.0011,NA,NA
SandFall-Win64-Shipping.exe,19588,0x2EC4BC3AB90,DXGI,0,512,1,Hardware: Independent Flip,17472.3196,0.3163,0.1572,0.1591,10.3872,0.0772,0.0756,0.0016,19.7967,9.9929,8.1256,17472.3196,9.3323,NA,NA
SandFall-Win64-Shipping.exe,19588,0x2EC4BC3AB90,DXGI,0,512,1,Hardware: Independent Flip,17472.6359,18.7303,18.4851,0.2452,10.1481,19.3246,18.1287,1.1959,29.4733,10.0485,-9.6766,17472.6359,0.0006,NA,NA
SandFall-Win64-Shipping.exe,19588,0x2EC4BC3AB90,DXGI,0,512,1,Hardware: Independent Flip,17491.3662,0.3158,0.1571,0.1587,10.7424,0.0768,0.0748,0.0020,20.7915,7.9031,8.6818,17491.3662,9.9723,NA,NA
SandFall-Win64-Shipping.exe,19588,0x2EC4BC3AB90,DXGI,0,512,1,Hardware: Independent Flip,17491.6820,17.8822,17.6338,0.2484,10.5034,17.8751,17.6308,0.2443,28.3788,9.1961,-7.5873,17491.6820,0.0003,NA,NA
SandFall-Win64-Shipping.exe,19588,0x2EC4BC3AB90,DXGI,0,512,1,Hardware: Independent Flip,17509.5642,0.3005,0.1528,0.1477,10.4963,0.1185,0.1185,0.0000,19.6927,10.0751,8.6861,17509.5642,9.0779,NA,NA
SandFall-Win64-Shipping.exe,19588,0x2EC4BC3AB90,DXGI,0,512,1,Hardware: Independent Flip,17509.8647,18.5957,18.2889,0.3068,10.3143,18.9631,18.2560,0.7071,29.4673,9.3031,-9.7746,17509.8647,0.1899,30.8799,NA
SandFall-Win64-Shipping.exe,19588,0x2EC4BC3AB90,DXGI,0,512,1,Hardware: Independent Flip,17528.4604,0.3594,0.1765,0.1829,10.6817,0.0977,0.0954,0.0023,20.1747,9.7380,9.2926,17528.4604,9.3953,22.1849,NA
SandFall-Win64-Shipping.exe,19588,0x2EC4BC3AB90,DXGI,0,512,1,Hardware: Independent Flip,17528.8198,19.3448,19.0237,0.3211,10.4200,19.1329,18.0538,1.0791,29.5533,9.9341,-9.3786,17528.8198,0.0004,11.9237,NA
SandFall-Win64-Shipping.exe,19588,0x2EC4BC3AB90,DXGI,0,512,1,Hardware: Independent Flip,17548.1646,0.3409,0.1646,0.1763,10.2081,0.1393,0.1371,0.0022,20.1426,8.2902,9.4107,17548.1646,9.7952,NA,NA
SandFall-Win64-Shipping.exe,19588,0x2EC4BC3AB90,DXGI,0,512,1,Hardware: Independent Flip,17548.5055,17.1086,16.7753,0.3333,10.0065,18.0848,18.0781,0.0067,28.0919,9.3907,-7.9493,17548.5055,0.0006,14.1447,NA
SandFall-Win64-Shipping.exe,19588,0x2EC4BC3AB90,DXGI,0,512,1,Hardware: Independent Flip,17565.6141,0.3386,0.1770,0.1616,10.9827,0.1461,0.1442,0.0019,20.3740,10.1071,7.7179,17565.6141,9.2452,NA,NA
SandFall-Win64-Shipping.exe,19588,0x2EC4BC3AB90,DXGI,0,512,1,Hardware: Independent Flip,17565.9527,16.3652,16.0613,0.3039,10.7902,19.1935,19.1847,0.0088,30.1425,9.4864,-9.7685,17565.9527,0.1588,NA,NA
SandFall-Win64-Shipping.exe,19588,0x2EC4BC3AB90,DXGI,0,512,1,Hardware: Independent Flip,17582.3179,0.3847,0.2013,0.1834,13.6185,0.1217,0.1198,0.0019,23.2637,8.1650,6.8788,17582.3179,9.5235,NA,NA
SandFall-Win64-Shipping.exe,19588,0x2EC4BC3AB90,DXGI,0,512,1,Hardware: Independent Flip,17582.7026,17.2676,16.9983,0.2693,13.3555,17.6876,17.6818,0.0058,31.0440,8.9191,-7.7803,17582.7026,0.0009,NA,NA
SandFall-Win64-Shipping.exe,19588,0x2EC4BC3AB90,DXGI,0,512,1,Hardware: Independent Flip,17599.9702,0.3075,0.1556,0.1519,13.7755,0.1312,0.1292,0.0020,22.6955,9.4276,8.3485,17599.9702,8.7888,28.2037,NA
SandFall-Win64-Shipping.exe,19588,0x2EC4BC3AB90,DXGI,0,512,1,Hardware: Independent Flip,17600.2777,17.3461,17.0486,0.2975,13.5992,17.9765,17.9710,0.0055,31.8156,8.8141,-9.1201,17600.2777,0.2399,NA,NA
SandFall-Win64-Shipping.exe,19588,0x2EC4BC3AB90,DXGI,0,512,1,Hardware: Independent Flip,17617.6238,0.3259,0.1597,0.1662,14.2296,0.1471,0.1449,0.0022,23.2836,8.6646,8.5320,17617.6238,8.9069,23.4619,NA
SandFall-Win64-Shipping.exe,19588,0x2EC4BC3AB90,DXGI,0,512,1,Hardware: Independent Flip,17617.9497,21.0828,20.7454,0.3374,14.0508,17.5402,17.5329,0.0073,31.6223,8.6199,-8.3387,17617.9497,0.0313,16.1267,NA
SandFall-Win64-Shipping.exe,19588,0x2EC4BC3AB90,DXGI,0,512,1,Hardware: Independent Flip,17639.0325,0.4071,0.2224,0.1847,10.5082,0.1005,0.0989,0.0016,19.1594,8.9474,12.4629,17639.0325,8.5507,NA,NA
SandFall-Win64-Shipping.exe,19588,0x2EC4BC3AB90,DXGI,0,512,1,Hardware: Independent Flip,17639.4396,15.4592,15.1679,0.2913,10.2016,17.4081,17.4006,0.0075,27.6997,8.6640,-8.5403,17639.4396,0.0900,22.6681,NA
SandFall-Win64-Shipping.exe,19588,0x2EC4BC3AB90,DXGI,0,512,1,Hardware: Independent Flip,17654.8988,0.3532,0.1747,0.1785,12.1505,0.1716,0.1716,0.0000,20.9045,9.3951,6.7952,17654.8988,8.5824,NA,NA
SandFall-Win64-Shipping.exe,19588,0x2EC4BC3AB90,DXGI,0,512,1,Hardware: Independent Flip,17655.2520,16.1302,15.8894,0.2408,11.9689,17.9769,17.9701,0.0068,29.9464,8.9757,-9.0419,17655.2520,0.0006,NA,NA
SandFall-Win64-Shipping.exe,19588,0x2EC4BC3AB90,DXGI,0,512,1,Hardware: Independent Flip,17671.3822,0.3936,0.2210,0.1726,13.8156,0.1304,0.1282,0.0022,22.7919,8.6733,7.1545,17671.3822,8.8459,NA,NA
SandFall-Win64-Shipping.exe,19588,0x2EC4BC3AB90,DXGI,0,512,1,Hardware: Independent Flip,17671.7758,18.6858,18.4300,0.2558,13.5524,17.5187,17.5093,0.0094,31.0716,8.9616,-8.2797,17671.7758,0.0005,NA,NA
SandFall-Win64-Shipping.exe,19588,0x2EC4BC3AB90,DXGI,0,512,1,Hardware: Independent Flip,17690.4616,0.3103,0.1549,0.1554,12.3853,0.1942,0.1942,0.0000,21.3474,12.4795,9.7242,17690.4616,8.7679,NA,NA
SandFall-Win64-Shipping.exe,19588,0x2EC4BC3AB90,DXGI,0,512,1,Hardware: Independent Flip,17690.7719,16.8959,16.6493,0.2466,12.2692,21.2469,21.2421,0.0048,33.5166,10.9216,-12.1692,17690.7719,0.0005,NA,NA
SandFall-Win64-Shipping.exe,19588,0x2EC4BC3AB90,DXGI,0,512,1,Hardware: Independent Flip,17707.6678,0.4965,0.2479,0.2486,16.6202,0.1437,0.1419,0.0018,27.5423,7.2041,5.9743,17707.6678,10.7784,NA,NA
SandFall-Win64-Shipping.exe,19588,0x2EC4BC3AB90,DXGI,0,512,1,Hardware: Independent Flip,17708.1643,18.3336,18.0852,0.2484,16.2674,17.9819,17.9771,0.0048,34.2499,9.0550,-6.7076,17708.1643,0.0006,NA,NA
SandFall-Win64-Shipping.exe,19588,0x2EC4BC3AB90,DXGI,0,512,1,Hardware: Independent Flip,17726.4979,0.3250,0.1643,0.1607,15.9157,0.1568,0.1549,0.0019,24.9713,9.4624,9.2786,17726.4979,8.8988,NA,NA
SandFall-Win64-Shipping.exe,19588,0x2EC4BC3AB90,DXGI,0,512,1,Hardware: Independent Flip,17726.8229,17.7603,17.4807,0.2796,15.7475,18.3601,18.3557,0.0044,34.1087,9.5823,-9.1374,17726.8229,0.0011,NA,NA
SandFall-Win64-Shipping.exe,19588,0x2EC4BC3AB90,DXGI,0,512,1,Hardware: Independent Flip,17744.5832,0.3687,0.1927,0.1760,16.3473,0.1381,0.1365,0.0016,25.9307,9.1631,8.1780,17744.5832,9.4453,NA,NA
SandFall-Win64-Shipping.exe,19588,0x2EC4BC3AB90,DXGI,0,512,1,Hardware: Independent Flip,17744.9519,28.3026,28.0063,0.2963,16.1167,18.6081,18.6009,0.0072,34.7251,9.7223,-8.7944,17744.9519,0.0003,NA,NA
SandFall-Win64-Shipping.exe,19588,0x2EC4BC3AB90,DXGI,0,512,1,Hardware: Independent Flip,17773.2545,0.4160,0.2123,0.2037,6.4222,0.1033,0.1015,0.0018,16.1448,8.3859,18.5803,17773.2545,9.6193,NA,NA
SandFall-Win64-Shipping.exe,19588,0x2EC4BC3AB90,DXGI,0,512,1,Hardware: Independent Flip,17773.6705,8.2541,8.0137,0.2404,6.1095,18.0044,17.9983,0.0061,24.1147,9.2379,-7.9699,17773.6705,0.0008,NA,NA
SandFall-Win64-Shipping.exe,19588,0x2EC4BC3AB90,DXGI,0,512,1,Hardware: Independent Flip,17781.9246,0.3091,0.1559,0.1532,15.8598,0.1082,0.1063,0.0019,25.0985,8.7418,-0.9838,17781.9246,9.1305,NA,NA
SandFall-Win64-Shipping.exe,19588,0x2EC4BC3AB90,DXGI,0,512,1,Hardware: Independent Flip,17782.2337,18.0378,17.7980,0.2398,15.6589,17.8718,17.8632,0.0086,33.5312,9.1023,-8.4327,17782.2337,0.0005,NA,NA
SandFall-Win64-Shipping.exe,19588,0x2EC4BC3AB90,DXGI,0,512,1,Hardware: Independent Flip,17800.2715,0.3108,0.1558,0.1550,15.4929,0.1323,0.1302,0.0021,24.5957,9.2371,8.9355,17800.2715,8.9705,NA,NA
SandFall-Win64-Shipping.exe,19588,0x2EC4BC3AB90,DXGI,0,512,1,Hardware: Independent Flip,17800.5823,18.6085,18.3575,0.2510,15.3144,18.1162,18.1092,0.0070,33.5220,8.9716,-8.9263,17800.5823,0.0914,NA,NA
SandFall-Win64-Shipping.exe,19588,0x2EC4BC3AB90,DXGI,0,512,1,Hardware: Independent Flip,17819.1908,0.3259,0.1680,0.1579,14.8221,0.1301,0.1284,0.0017,23.8851,9.7429,9.6369,17819.1908,8.9329,NA,NA
SandFall-Win64-Shipping.exe,19588,0x2EC4BC3AB90,DXGI,0,512,1,Hardware: Independent Flip,17819.5167,25.6459,25.2495,0.3964,14.6263,18.6093,18.5999,0.0094,33.3021,9.2769,-9.4170,17819.5167,0.0665,43.3221,NA
SandFall-Win64-Shipping.exe,19588,0x2EC4BC3AB90,DXGI,0,512,1,Hardware: Independent Flip,17845.1626,0.4210,0.2098,0.2112,7.5897,0.1548,0.1524,0.0024,16.9331,8.4291,16.3690,17845.1626,9.1886,NA,NA
SandFall-Win64-Shipping.exe,19588,0x2EC4BC3AB90,DXGI,0,512,1,Hardware: Independent Flip,17845.5836,11.8893,11.6483,0.2410,7.3235,17.6168,17.6062,0.0106,24.9412,8.8653,-8.0081,17845.5836,0.0009,NA,NA
SandFall-Win64-Shipping.exe,19588,0x2EC4BC3AB90,DXGI,0,512,1,Hardware: Independent Flip,17857.4729,0.3539,0.2012,0.1527,13.0510,0.1080,0.1063,0.0017,21.9172,9.4490,3.0240,17857.4729,8.7582,NA,NA
SandFall-Win64-Shipping.exe,19588,0x2EC4BC3AB90,DXGI,0,512,1,Hardware: Independent Flip,17857.8268,18.6982,18.4366,0.2616,12.8051,18.0402,18.0259,0.0143,31.0123,8.9380,-9.0951,17857.8268,0.1670,32.3808,NA
SandFall-Win64-Shipping.exe,19588,0x2EC4BC3AB90,DXGI,0,512,1,Hardware: Independent Flip,17876.5250,0.3406,0.1813,0.1593,12.1471,0.1625,0.1625,0.0000,21.2521,12.3750,9.7602,17876.5250,8.9425,NA,NA
SandFall-Win64-Shipping.exe,19588,0x2EC4BC3AB90,DXGI,0,512,1,Hardware: Independent Flip,17876.8656,22.4272,21.9873,0.4399,11.9690,21.3164,20.1039,1.2125,33.2865,10.6820,-12.0344,17876.8656,0.0011,21.7014,NA
SandFall-Win64-Shipping.exe,19588,0x2EC4BC3AB90,DXGI,0,512,1,Hardware: Independent Flip,17899.2928,0.6638,0.2650,0.3988,10.8582,0.1082,0.1055,0.0027,21.5413,7.7666,11.7452,17899.2928,10.5749,NA,NA
SandFall-Win64-Shipping.exe,19588,0x2EC4BC3AB90,DXGI,0,512,1,Hardware: Independent Flip,17899.9566,17.8885,17.5964,0.2921,10.3026,18.3410,18.3334,0.0076,28.6441,9.5215,-7.1028,17899.9566,0.0005,31.1372,NA
SandFall-Win64-Shipping.exe,19588,0x2EC4BC3AB90,DXGI,0,512,1,Hardware: Independent Flip,17917.8451,0.3415,0.1708,0.1707,10.7551,0.1219,0.1198,0.0021,20.2771,8.6277,8.3670,17917.8451,9.4001,NA,NA
SandFall-Win64-Shipping.exe,19588,0x2EC4BC3AB90,DXGI,0,512,1,Hardware: Independent Flip,17918.1866,14.2125,13.9553,0.2572,10.5355,18.0271,18.0215,0.0056,28.5633,9.2732,-8.2862,17918.1866,0.0007,NA,NA
SandFall-Win64-Shipping.exe,19588,0x2EC4BC3AB90,DXGI,0,512,1,Hardware: Independent Flip,17932.3991,0.3245,0.1640,0.1605,14.3501,0.1034,0.1016,0.0018,23.6240,9.1187,4.9393,17932.3991,9.1705,NA,NA
SandFall-Win64-Shipping.exe,19588,0x2EC4BC3AB90,DXGI,0,512,1,Hardware: Independent Flip,17932.7236,17.8267,17.5812,0.2455,14.1290,18.2886,18.2809,0.0077,32.4182,9.5207,-8.7942,17932.7236,0.0006,NA,NA
SandFall-Win64-Shipping.exe,19588,0x2EC4BC3AB90,DXGI,0,512,1,Hardware: Independent Flip,17950.5503,0.3160,0.1591,0.1569,14.5909,0.1388,0.1371,0.0017,24.1122,8.9662,8.3060,17950.5503,9.3825,NA,NA
SandFall-Win64-Shipping.exe,19588,0x2EC4BC3AB90,DXGI,0,512,1,Hardware: Independent Flip,17950.8663,19.6386,19.3224,0.3162,14.4137,18.3487,18.3422,0.0065,32.7624,9.4744,-8.6502,17950.8663,NA,NA,NA
SandFall-Win64-Shipping.exe,19588,0x2EC4BC3AB90,DXGI,0,512,1,Hardware: Independent Flip,17970.5049,0.3250,0.1585,0.1665,13.1238,0.1466,0.1445,0.0021,22.5982,9.7734,10.1642,17970.5049,9.3278,NA,NA
SandFall-Win64-Shipping.exe,19588,0x2EC4BC3AB90,DXGI,0,512,1,Hardware: Independent Flip,17970.8299,17.1867,16.9387,0.2480,12.9454,19.1009,19.0957,0.0052,32.0466,9.6570,-9.4484,17970.8299,0.0003,NA,NA
SandFall-Win64-Shipping.exe,19588,0x2EC4BC3AB90,DXGI,0,512,1,Hardware: Independent Flip,17988.0166,0.3587,0.1614,0.1973,14.8596,0.1007,0.0991,0.0016,24.5169,9.0406,7.5297,17988.0166,9.5566,NA,NA
SandFall-Win64-Shipping.exe,19588,0x2EC4BC3AB90,DXGI,0,512,1,Hardware: Independent Flip,17988.3753,21.4550,21.1459,0.3091,14.6016,18.5965,18.5874,0.0091,33.1988,9.4296,-8.6819,17988.3753,0.0007,NA,NA
SandFall-Win64-Shipping.exe,19588,0x2EC4BC3AB90,DXGI,0,512,1,Hardware: Independent Flip,18009.8303,0.3584,0.1884,0.1700,11.7431,0.1217,0.1200,0.0017,21.1734,9.8377,12.0254,18009.8303,9.3086,NA,NA
SandFall-Win64-Shipping.exe,19588,0x2EC4BC3AB90,DXGI,0,512,1,Hardware: Independent Flip,18010.1887,16.2401,15.9846,0.2555,11.5064,18.9873,18.9769,0.0104,30.6527,9.4395,-9.4793,18010.1887,0.1590,NA,NA
SandFall-Win64-Shipping.exe,19588,0x2EC4BC3AB90,DXGI,0,512,1,Hardware: Independent Flip,18026.4288,0.4129,0.1922,0.2207,14.2536,0.0910,0.0863,0.0047,23.8521,9.3337,6.8006,18026.4288,9.5075,NA,NA
SandFall-Win64-Shipping.exe,19588,0x2EC4BC3AB90,DXGI,0,512,1,Hardware: Independent Flip,18026.8417,18.4700,18.2188,0.2512,13.9317,18.8405,18.8351,0.0054,32.7729,9.3020,-8.9208,18026.8417,0.0007,NA,NA
SandFall-Win64-Shipping.exe,19588,0x2EC4BC3AB90,DXGI,0,512,1,Hardware: Independent Flip,18045.3117,0.3062,0.1544,0.1518,14.3022,0.1071,0.1053,0.0018,23.6049,9.1560,9.1680,18045.3117,9.1956,NA,NA
SandFall-Win64-Shipping.exe,19588,0x2EC4BC3AB90,DXGI,0,512,1,Hardware: Independent Flip,18045.6179,18.1316,17.8205,0.3111,14.1031,18.2768,18.2691,0.0077,32.4547,9.1188,-8.8498,18045.6179,0.0748,NA,NA
SandFall-Win64-Shipping.exe,19588,0x2EC4BC3AB90,DXGI,0,512,1,Hardware: Independent Flip,18063.7495,0.3427,0.1672,0.1755,14.2483,0.1288,0.1083,0.0205,23.4419,9.3031,9.0128,18063.7495,9.0648,NA,NA
SandFall-Win64-Shipping.exe,19588,0x2EC4BC3AB90,DXGI,0,512,1,Hardware: Independent Flip,18064.0922,17.6891,17.3234,0.3657,14.0344,18.1923,18.1865,0.0058,32.4023,8.9278,-8.9604,18064.0922,0.1756,NA,NA
SandFall-Win64-Shipping.exe,19588,0x2EC4BC3AB90,DXGI,0,512,1,Hardware: Independent Flip,18081.7813,0.3312,0.1708,0.1604,14.5376,0.1253,0.1232,0.0021,23.6410,9.1024,8.7613,18081.7813,8.9781,NA,NA
SandFall-Win64-Shipping.exe,19588,0x2EC4BC3AB90,DXGI,0,512,1,Hardware: Independent Flip,18082.1125,18.5684,18.3204,0.2480,14.3317,17.9785,17.9712,0.0073,32.4122,8.8607,-8.7712,18082.1125,0.1020,NA,NA
SandFall-Win64-Shipping.exe,19588,0x2EC4BC3AB90,DXGI,0,512,1,Hardware: Independent Flip,18100.6809,0.3531,0.1609,0.1922,13.7418,0.1717,0.1496,0.0221,22.7045,9.8140,9.7077,18100.6809,8.7910,NA,NA
SandFall-Win64-Shipping.exe,19588,0x2EC4BC3AB90,DXGI,0,512,1,Hardware: Independent Flip,18101.0340,19.7688,19.4990,0.2698,13.5604,18.5765,18.5619,0.0146,32.1654,9.2438,-9.4609,18101.0340,0.0285,33.7470,NA
SandFall-Win64-Shipping.exe,19588,0x2EC4BC3AB90,DXGI,0,512,1,Hardware: Independent Flip,18120.8028,0.3081,0.1545,0.1536,12.3681,0.0951,0.0936,0.0015,21.6404,9.4262,10.5250,18120.8028,9.1772,NA,NA
SandFall-Win64-Shipping.exe,19588,0x2EC4BC3AB90,DXGI,0,512,1,Hardware: Independent Flip,18121.1109,20.5138,19.9490,0.5648,12.1551,18.6024,18.2111,0.3913,30.7585,9.7250,-9.1181,18121.1109,0.0010,12.4205,NA
SandFall-Win64-Shipping.exe,19588,0x2EC4BC3AB90,DXGI,0,512,1,Hardware: Independent Flip,18141.6247,0.3484,0.1888,0.1596,10.2437,0.1404,0.1404,0.0000,19.9697,9.1794,10.7888,18141.6247,9.5856,NA,NA
SandFall-Win64-Shipping.exe,19588,0x2EC4BC3AB90,DXGI,0,512,1,Hardware: Independent Flip,18141.9731,16.9278,16.4369,0.4909,10.0357,18.7644,18.7524,0.0120,28.8007,9.7802,-8.8310,18141.9731,0.0006,NA,NA
SandFall-Win64-Shipping.exe,19588,0x2EC4BC3AB90,DXGI,0,512,1,Hardware: Independent Flip,18158.9009,0.3879,0.2145,0.1734,11.8723,0.0995,0.0980,0.0015,21.6531,8.8773,7.1476,18158.9009,9.6813,NA,NA
SandFall-Win64-Shipping.exe,19588,0x2EC4BC3AB90,DXGI,0,512,1,Hardware: Independent Flip,18159.2888,18.8430,18.5678,0.2752,11.5839,18.5579,18.5445,0.0134,30.1425,9.5194,-8.4894,18159.2888,0.0007,31.9806,NA
SandFall-Win64-Shipping.exe,19588,0x2EC4BC3AB90,DXGI,0,512,1,Hardware: Independent Flip,18178.1318,0.3353,0.1645,0.1708,11.2988,0.0908,0.0887,0.0021,20.8189,9.8076,9.3236,18178.1318,9.4293,NA,NA
SandFall-Win64-Shipping.exe,19588,0x2EC4BC3AB90,DXGI,0,512,1,Hardware: Independent Flip,18178.4671,18.8573,18.6101,0.2472,11.0543,18.9819,18.9714,0.0105,30.2912,9.2930,-9.4723,18178.4671,0.2550,32.3048,NA
SandFall-Win64-Shipping.exe,19588,0x2EC4BC3AB90,DXGI,0,512,1,Hardware: Independent Flip,18197.3244,0.3510,0.1658,0.1852,11.1789,0.1510,0.1510,0.0000,20.7269,9.4266,9.5643,18197.3244,9.3970,24.5963,NA
SandFall-Win64-Shipping.exe,19588,0x2EC4BC3AB90,DXGI,0,512,1,Hardware: Independent Flip,18197.6754,16.7960,16.5269,0.2691,10.9789,18.6977,18.6868,0.0109,29.8025,9.1811,-9.0756,18197.6754,0.1259,NA,NA
SandFall-Win64-Shipping.exe,19588,0x2EC4BC3AB90,DXGI,0,512,1,Hardware: Independent Flip,18214.4714,0.3526,0.1837,0.1689,12.8806,0.1411,0.1396,0.0015,22.1876,9.6300,7.6149,18214.4714,9.1659,NA,NA
SandFall-Win64-Shipping.exe,19588,0x2EC4BC3AB90,DXGI,0,512,1,Hardware: Independent Flip,18214.8240,18.1229,17.8471,0.2758,12.6691,18.7299,18.7234,0.0065,31.4650,9.2801,-9.2774,18214.8240,0.0660,39.8251,NA
SandFall-Win64-Shipping.exe,19588,0x2EC4BC3AB90,DXGI,0,512,1,Hardware: Independent Flip,18232.9469,0.3430,0.1796,0.1634,13.2761,0.1310,0.1292,0.0018,22.6222,9.3398,8.8428,18232.9469,9.2151,NA,NA
SandFall-Win64-Shipping.exe,19588,0x2EC4BC3AB90,DXGI,0,512,1,Hardware: Independent Flip,18233.2899,18.8056,18.5405,0.2651,13.0641,18.5539,18.5462,0.0077,31.6190,9.4726,-8.9968,18233.2899,0.0010,46.4523,NA
SandFall-Win64-Shipping.exe,19588,0x2EC4BC3AB90,DXGI,0,512,1,Hardware: Independent Flip,18252.0955,0.3733,0.2093,0.1640,12.8124,0.1040,0.0985,0.0055,22.2860,9.2225,9.3330,18252.0955,9.3696,NA,NA
SandFall-Win64-Shipping.exe,19588,0x2EC4BC3AB90,DXGI,0,512,1,Hardware: Independent Flip,18252.4688,19.9533,19.7071,0.2462,12.5431,18.5909,18.5833,0.0076,31.1352,9.4517,-8.8492,18252.4688,0.0012,39.1471,NA
SandFall-Win64-Shipping.exe,19588,0x2EC4BC3AB90,DXGI,0,512,1,Hardware: Independent Flip,18272.4221,0.3176,0.1574,0.1602,11.1807,0.1329,0.1309,0.0020,20.6336,9.2799,10.5016,18272.4221,9.3200,23.6075,NA
SandFall-Win64-Shipping.exe,19588,0x2EC4BC3AB90,DXGI,0,512,1,Hardware: Independent Flip,18272.7397,17.1099,16.8330,0.2769,10.9960,18.5996,18.5914,0.0082,29.5959,9.4461,-8.9623,18272.7397,0.0003,NA,NA
SandFall-Win64-Shipping.exe,19588,0x2EC4BC3AB90,DXGI,0,512,1,Hardware: Independent Flip,18289.8496,0.3431,0.1838,0.1593,12.4857,0.1385,0.1385,0.0000,21.9321,10.0076,7.6638,18289.8496,9.3079,NA,NA
SandFall-Win64-Shipping.exe,19588,0x2EC4BC3AB90,DXGI,0,512,1,Hardware: Independent Flip,18290.1927,18.1371,17.8916,0.2455,12.2811,19.2845,19.2764,0.0081,31.5966,9.6087,-9.6645,18290.1927,0.0310,NA,NA
SandFall-Win64-Shipping.exe,19588,0x2EC4BC3AB90,DXGI,0,512,1,Hardware: Independent Flip,18308.3298,0.3032,0.1489,0.1543,13.4285,0.0993,0.0977,0.0016,23.0682,9.1380,8.5284,18308.3298,9.5404,NA,NA
SandFall-Win64-Shipping.exe,19588,0x2EC4BC3AB90,DXGI,0,512,1,Hardware: Independent Flip,18308.6330,18.7414,18.4786,0.2628,13.2246,18.6776,18.6703,0.0073,31.9030,9.6203,-8.8348,18308.6330,0.0008,NA,NA
SandFall-Win64-Shipping.exe,19588,0x2EC4BC3AB90,DXGI,0,512,1,Hardware: Independent Flip,18327.3744,0.4183,0.1996,0.2187,13.1608,0.1405,0.1405,0.0000,22.7819,9.3977,9.1211,18327.3744,9.4806,NA,NA
SandFall-Win64-Shipping.exe,19588,0x2EC4BC3AB90,DXGI,0,512,1,Hardware: Independent Flip,18327.7927,18.8983,18.6391,0.2592,12.8830,18.8609,18.8533,0.0076,31.7613,9.4762,-8.9794,18327.7927,0.0174,NA,NA
SandFall-Win64-Shipping.exe,19588,0x2EC4BC3AB90,DXGI,0,512,1,Hardware: Independent Flip,18346.6910,0.3234,0.1691,0.1543,12.8456,0.1031,0.0983,0.0048,22.3392,10.3676,9.4221,18346.6910,9.3905,NA,NA
SandFall-Win64-Shipping.exe,19588,0x2EC4BC3AB90,DXGI,0,512,1,Hardware: Independent Flip,18347.0144,18.4823,18.1707,0.3116,12.6253,19.6400,19.6319,0.0081,32.3834,9.7398,-10.0442,18347.0144,0.1181,NA,NA
SandFall-Win64-Shipping.exe,19588,0x2EC4BC3AB90,DXGI,0,512,1,Hardware: Independent Flip,18365.4967,0.3318,0.1596,0.1722,13.7830,0.1302,0.1284,0.0018,23.6409,8.9580,8.7425,18365.4967,9.7277,NA,NA
SandFall-Win64-Shipping.exe,19588,0x2EC4BC3AB90,DXGI,0,512,1,Hardware: Independent Flip,18365.8285,17.9326,17.6204,0.3122,13.5814,18.6851,18.6740,0.0111,32.2671,9.6680,-8.6262,18365.8285,0.0006,NA,NA
SandFall-Win64-Shipping.exe,19588,0x2EC4BC3AB90,DXGI,0,512,1,Hardware: Independent Flip,18383.7611,0.4164,0.2344,0.1820,14.3339,0.1460,0.1460,0.0000,24.0025,8.9533,8.2646,18383.7611,9.5226,NA,NA
SandFall-Win64-Shipping.exe,19588,0x2EC4BC3AB90,DXGI,0,512,1,Hardware: Independent Flip,18384.1775,18.8217,18.5365,0.2852,14.0635,18.4260,18.4188,0.0072,32.5394,9.2292,-8.5369,18384.1775,0.0499,31.2583,NA
SandFall-Win64-Shipping.exe,19588,0x2EC4BC3AB90,DXGI,0,512,1,Hardware: Independent Flip,18402.9992,0.3512,0.1755,0.1757,13.6678,0.1106,0.1059,0.0047,22.9469,10.0485,9.5925,18402.9992,9.1685,NA,NA
SandFall-Win64-Shipping.exe,19588,0x2EC4BC3AB90,DXGI,0,512,1,Hardware: Independent Flip,18403.3504,18.6639,18.3449,0.3190,13.4272,18.8139,18.7704,0.0435,32.6442,9.0008,-9.6973,18403.3504,0.4031,NA,NA
SandFall-Win64-Shipping.exe,19588,0x2EC4BC3AB90,DXGI,0,512,1,Hardware: Independent Flip,18422.0143,0.3331,0.1621,0.1710,13.5772,0.1227,0.1210,0.0017,22.9811,9.8150,9.6631,18422.0143,9.2812,NA,NA
SandFall-Win64-Shipping.exe,19588,0x2EC4BC3AB90,DXGI,0,512,1,Hardware: Independent Flip,18422.3474,19.1373,18.8782,0.2591,13.3668,19.0847,19.0778,0.0069,32.4630,9.3912,-9.4819,18422.3474,0.0115,NA,NA
SandFall-Win64-Shipping.exe,19588,0x2EC4BC3AB90,DXGI,0,512,1,Hardware: Independent Flip,18441.4847,0.3304,0.1595,0.1709,13.3142,0.1399,0.1383,0.0016,22.7169,9.3853,9.7461,18441.4847,9.2628,NA,NA
SandFall-Win64-Shipping.exe,19588,0x2EC4BC3AB90,DXGI,0,512,1,Hardware: Independent Flip,18441.8151,18.7371,18.4824,0.2547,13.1237,18.6477,18.6359,0.0118,31.7718,9.7254,-9.0549,18441.8151,0.0004,NA,NA
SandFall-Win64-Shipping.exe,19588,0x2EC4BC3AB90,DXGI,0,512,1,Hardware: Independent Flip,18460.5522,0.3622,0.1788,0.1834,13.0343,0.1082,0.1047,0.0035,22.7601,12.8329,9.0117,18460.5522,9.6176,NA,NA
SandFall-Win64-Shipping.exe,19588,0x2EC4BC3AB90,DXGI,0,512,1,Hardware: Independent Flip,18460.9144,21.0039,20.7282,0.2757,12.7803,22.4498,22.1509,0.2989,35.2308,11.6034,-12.4707,18460.9144,0.0007,NA,NA
SandFall-Win64-Shipping.exe,19588,0x2EC4BC3AB90,DXGI,0,512,1,Hardware: Independent Flip,18481.9183,0.3449,0.1806,0.1643,14.2262,0.1038,0.1021,0.0017,25.8303,6.9889,9.4005,18481.9183,11.5003,NA,NA
SandFall-Win64-Shipping.exe,19588,0x2EC4BC3AB90,DXGI,0,512,1,Hardware: Independent Flip,18482.2632,17.8212,17.5774,0.2438,13.9851,18.4883,18.4815,0.0068,32.4743,9.3084,-6.6440,18482.2632,0.0009,NA,NA
SandFall-Win64-Shipping.exe,19588,0x2EC4BC3AB90,DXGI,0,512,1,Hardware: Independent Flip,18500.0844,0.3131,0.1574,0.1557,14.6522,0.1544,0.1526,0.0018,23.9615,9.7242,8.5128,18500.0844,9.1549,NA,NA
SandFall-Win64-Shipping.exe,19588,0x2EC4BC3AB90,DXGI,0,512,1,Hardware: Independent Flip,18500.3975,17.6429,17.3950,0.2479,14.4935,18.8781,18.8693,0.0088,33.3726,9.7852,-9.4111,18500.3975,0.0010,NA,NA
SandFall-Win64-Shipping.exe,19588,0x2EC4BC3AB90,DXGI,0,512,1,Hardware: Independent Flip,18518.0404,0.3180,0.1581,0.1599,15.7287,0.1469,0.1469,0.0000,25.5149,9.5323,7.8577,18518.0404,9.6393,NA,NA
SandFall-Win64-Shipping.exe,19588,0x2EC4BC3AB90,DXGI,0,512,1,Hardware: Independent Flip,18518.3584,19.2439,18.9797,0.2642,15.5576,19.1710,19.1619,0.0091,34.7292,10.1117,-9.2143,18518.3584,0.0006,NA,NA
SandFall-Win64-Shipping.exe,19588,0x2EC4BC3AB90,DXGI,0,512,1,Hardware: Independent Flip,18537.6023,0.3136,0.1581,0.1555,15.4847,0.1010,0.0992,0.0018,25.5970,8.8267,9.1322,18537.6023,10.0113,NA,NA
SandFall-Win64-Shipping.exe,19588,0x2EC4BC3AB90,DXGI,0,512,1,Hardware: Independent Flip,18537.9159,20.7247,20.4160,0.3087,15.2721,18.8376,18.8281,0.0095,34.1101,9.8820,-8.5131,18537.9159,0.0004,NA,NA
SandFall-Win64-Shipping.exe,19588,0x2EC4BC3AB90,DXGI,0,512,1,Hardware: Independent Flip,18558.6406,0.3729,0.1855,0.1874,13.3850,0.0991,0.0973,0.0018,23.2674,8.6491,10.8427,18558.6406,9.7833,NA,NA
SandFall-Win64-Shipping.exe,19588,0x2EC4BC3AB90,DXGI,0,512,1,Hardware: Independent Flip,18559.0135,19.5496,19.2670,0.2826,13.1112,18.4264,18.4196,0.0068,31.5436,9.2677,-8.2762,18559.0135,0.0060,NA,NA
SandFall-Win64-Shipping.exe,19588,0x2EC4BC3AB90,DXGI,0,512,1,Hardware: Independent Flip,18578.5631,0.3577,0.1743,0.1834,11.9880,0.1361,0.1343,0.0018,21.2617,9.6856,10.2819,18578.5631,9.1376,NA,NA
SandFall-Win64-Shipping.exe,19588,0x2EC4BC3AB90,DXGI,0,512,1,Hardware: Independent Flip,18578.9208,17.3961,17.1209,0.2752,11.7664,18.4653,18.4510,0.0143,30.5896,8.9336,-9.3279,18578.9208,0.3579,50.0540,NA
SandFall-Win64-Shipping.exe,19588,0x2EC4BC3AB90,DXGI,0,512,1,Hardware: Independent Flip,18596.3169,0.3319,0.1733,0.1586,12.8356,0.1145,0.1145,0.0000,22.1271,9.1454,8.4625,18596.3169,9.1770,NA,NA
SandFall-Win64-Shipping.exe,19588,0x2EC4BC3AB90,DXGI,0,512,1,Hardware: Independent Flip,18596.6488,19.7574,19.4958,0.2616,12.6182,18.1436,18.1337,0.0099,30.9406,8.7311,-8.8135,18596.6488,0.1788,32.1178,NA
SandFall-Win64-Shipping.exe,19588,0x2EC4BC3AB90,DXGI,0,512,1,Hardware: Independent Flip,18616.4062,0.3122,0.1556,0.1566,11.0044,0.0844,0.0829,0.0015,19.9143,11.5417,11.0263,18616.4062,8.8255,NA,NA
SandFall-Win64-Shipping.exe,19588,0x2EC4BC3AB90,DXGI,0,512,1,Hardware: Independent Flip,18616.7184,19.7789,19.4997,0.2792,10.7766,20.0410,19.0123,1.0287,31.1438,9.5837,-11.2295,18616.7184,0.3262,NA,NA
SandFall-Win64-Shipping.exe,19588,0x2EC4BC3AB90,DXGI,0,512,1,Hardware: Independent Flip,18636.4973,0.3186,0.1597,0.1589,11.0387,0.0886,0.0869,0.0017,20.9486,8.4618,10.1952,18636.4973,9.8213,NA,NA
SandFall-Win64-Shipping.exe,19588,0x2EC4BC3AB90,DXGI,0,512,1,Hardware: Independent Flip,18636.8159,17.8048,17.5451,0.2597,10.8087,18.2825,18.2699,0.0126,29.0918,9.2601,-8.1432,18636.8159,0.0006,NA,NA
SandFall-Win64-Shipping.exe,19588,0x2EC4BC3AB90,DXGI,0,512,1,Hardware: Independent Flip,18654.6207,0.3161,0.1579,0.1582,11.2864,0.1124,0.1124,0.0000,20.5471,9.6202,8.5447,18654.6207,9.1483,NA,NA
SandFall-Win64-Shipping.exe,19588,0x2EC4BC3AB90,DXGI,0,512,1,Hardware: Independent Flip,18654.9368,18.5561,18.2986,0.2575,11.0827,18.7679,18.5992,0.1687,29.8512,9.8663,-9.3041,18654.9368,0.0006,NA,NA
SandFall-Win64-Shipping.exe,19588,0x2EC4BC3AB90,DXGI,0,512,1,Hardware: Independent Flip,18673.4929,0.3300,0.1685,0.1615,11.2945,0.0986,0.0970,0.0016,21.1614,9.5763,8.6898,18673.4929,9.7683,NA,NA
SandFall-Win64-Shipping.exe,19588,0x2EC4BC3AB90,DXGI,0,512,1,Hardware: Independent Flip,18673.8229,19.1727,18.9207,0.2520,11.0631,19.3436,18.6765,0.6671,30.4077,10.2028,-9.2463,18673.8229,0.0010,41.7520,NA
SandFall-Win64-Shipping.exe,19588,0x2EC4BC3AB90,DXGI,0,512,1,Hardware: Independent Flip,18692.9956,0.3297,0.1670,0.1627,11.2340,0.0867,0.0850,0.0017,21.4378,8.3918,8.9699,18692.9956,10.1171,NA,NA
SandFall-Win64-Shipping.exe,19588,0x2EC4BC3AB90,DXGI,0,512,1,Hardware: Independent Flip,18693.3253,18.5814,18.2572,0.3242,10.9910,18.5080,18.2092,0.2988,29.4999,9.6190,-8.0621,18693.3253,0.0009,37.3433,NA
SandFall-Win64-Shipping.exe,19588,0x2EC4BC3AB90,DXGI,0,512,1,Hardware: Independent Flip,18711.9067,0.4173,0.1862,0.2311,10.9176,0.1026,0.1010,0.0016,20.5375,9.3212,8.9624,18711.9067,9.5173,NA,NA
SandFall-Win64-Shipping.exe,19588,0x2EC4BC3AB90,DXGI,0,512,1,Hardware: Independent Flip,18712.3240,17.8732,17.6119,0.2613,10.6029,18.4806,18.4689,0.0117,29.4414,8.9164,-8.9039,18712.3240,0.3579,41.2195,NA
SandFall-Win64-Shipping.exe,19588,0x2EC4BC3AB90,DXGI,0,512,1,Hardware: Independent Flip,18730.1972,0.3083,0.1576,0.1507,11.2103,0.1024,0.1024,0.0000,20.4846,8.7366,8.9568,18730.1972,9.1719,NA,NA
SandFall-Win64-Shipping.exe,19588,0x2EC4BC3AB90,DXGI,0,512,1,Hardware: Independent Flip,18730.5055,19.1011,18.8515,0.2496,11.0044,17.8103,17.4825,0.3278,28.9129,8.6560,-8.4283,18730.5055,0.0982,NA,NA
SandFall-Win64-Shipping.exe,19588,0x2EC4BC3AB90,DXGI,0,512,1,Hardware: Independent Flip,18749.6066,0.3736,0.2106,0.1630,9.7136,0.1335,0.1314,0.0021,18.4678,9.7963,10.4451,18749.6066,8.6207,27.6122,NA
SandFall-Win64-Shipping.exe,19588,0x2EC4BC3AB90,DXGI,0,512,1,Hardware: Independent Flip,18749.9802,17.3023,17.0593,0.2430,9.4735,18.1609,17.4973,0.6636,27.8905,8.8042,-9.4227,18749.9802,0.2561,NA,NA
SandFall-Win64-Shipping.exe,19588,0x2EC4BC3AB90,DXGI,0,512,1,Hardware: Independent Flip,18767.2825,0.3023,0.1503,0.1520,10.3321,0.0995,0.0963,0.0032,19.3924,9.0795,8.4981,18767.2825,8.9608,NA,NA
SandFall-Win64-Shipping.exe,19588,0x2EC4BC3AB90,DXGI,0,512,1,Hardware: Independent Flip,18767.5848,18.0271,17.7749,0.2522,10.1293,17.8919,17.3800,0.5119,28.1696,8.7329,-8.7772,18767.5848,0.1484,36.2804,NA
SandFall-Win64-Shipping.exe,19588,0x2EC4BC3AB90,DXGI,0,512,1,Hardware: Independent Flip,18785.6119,0.3063,0.1532,0.1531,9.9941,0.1649,0.1631,0.0018,18.8754,9.3677,9.2942,18785.6119,8.7164,NA,NA
SandFall-Win64-Shipping.exe,19588,0x2EC4BC3AB90,DXGI,0,512,1,Hardware: Independent Flip,18785.9182,17.4381,17.1869,0.2512,9.8527,18.0228,17.7099,0.3129,27.9368,8.9548,-9.0614,18785.9182,0.0613,NA,NA
SandFall-Win64-Shipping.exe,19588,0x2EC4BC3AB90,DXGI,0,512,1,Hardware: Independent Flip,18803.3563,0.3712,0.1597,0.2115,10.4374,0.1329,0.1301,0.0028,19.4535,9.2172,8.4833,18803.3563,8.8832,NA,NA
SandFall-Win64-Shipping.exe,19588,0x2EC4BC3AB90,DXGI,0,512,1,Hardware: Independent Flip,18803.7275,18.0424,17.8009,0.2415,10.1991,18.0997,17.5117,0.5880,28.2995,9.2292,-8.8460,18803.7275,0.0007,NA,NA
SandFall-Win64-Shipping.exe,19588,0x2EC4BC3AB90,DXGI,0,512,1,Hardware: Independent Flip,18821.7699,0.3081,0.1574,0.1507,10.2564,0.1701,0.1685,0.0016,19.4863,9.9616,8.8132,18821.7699,9.0598,NA,NA
SandFall-Win64-Shipping.exe,19588,0x2EC4BC3AB90,DXGI,0,512,1,Hardware: Independent Flip,18822.0780,21.3858,21.0406,0.3452,10.1184,19.0206,17.6758,1.3448,29.1398,9.9856,-9.6535,18822.0780,0.0008,38.7594,NA
SandFall-Win64-Shipping.exe,19588,0x2EC4BC3AB90,DXGI,0,512,1,Hardware: Independent Flip,18843.4638,0.4370,0.2508,0.1862,7.7532,0.1409,0.1385,0.0024,17.7396,7.7370,11.4002,18843.4638,9.8455,NA,NA
SandFall-Win64-Shipping.exe,19588,0x2EC4BC3AB90,DXGI,0,512,1,Hardware: Independent Flip,18843.9008,14.3578,14.0148,0.3430,7.4571,17.5818,17.5712,0.0106,25.0396,8.8531,-7.3000,18843.9008,0.0007,NA,NA
SandFall-Win64-Shipping.exe,19588,0x2EC4BC3AB90,DXGI,0,512,1,Hardware: Independent Flip,18858.2586,0.3271,0.1641,0.1630,10.6811,0.1470,0.1451,0.0019,19.5349,8.9256,5.5047,18858.2586,8.7068,NA,NA
SandFall-Win64-Shipping.exe,19588,0x2EC4BC3AB90,DXGI,0,512,1,Hardware: Independent Flip,18858.5857,16.9494,16.6205,0.3289,10.5010,17.5441,17.5365,0.0076,28.1334,8.7718,-8.5985,18858.5857,0.0883,NA,NA
SandFall-Win64-Shipping.exe,19588,0x2EC4BC3AB90,DXGI,0,512,1,Hardware: Independent Flip,18875.5351,0.3220,0.1611,0.1609,11.0957,0.1137,0.1098,0.0039,19.9558,9.2307,8.1776,18875.5351,8.7464,NA,NA
SandFall-Win64-Shipping.exe,19588,0x2EC4BC3AB90,DXGI,0,512,1,Hardware: Independent Flip,18875.8571,16.6468,16.3980,0.2488,10.8874,17.9767,17.9703,0.0064,28.8645,9.0896,-8.9087,18875.8571,0.0004,16.2716,NA
SandFall-Win64-Shipping.exe,19588,0x2EC4BC3AB90,DXGI,0,512,1,Hardware: Independent Flip,18892.5039,0.4852,0.2595,0.2257,12.2173,0.1016,0.1001,0.0015,21.3073,9.2305,7.5572,18892.5039,8.9884,NA,NA
SandFall-Win64-Shipping.exe,19588,0x2EC4BC3AB90,DXGI,0,512,1,Hardware: Independent Flip,18892.9891,17.3739,17.0911,0.2828,11.8337,18.2182,18.2110,0.0072,30.0526,9.3950,-8.7453,18892.9891,0.0007,NA,NA
SandFall-Win64-Shipping.exe,19588,0x2EC4BC3AB90,DXGI,0,512,1,Hardware: Independent Flip,18910.3630,0.3247,0.1627,0.1620,12.6780,0.1044,0.1028,0.0016,22.0737,8.0026,7.9789,18910.3630,9.2913,NA,NA
SandFall-Win64-Shipping.exe,19588,0x2EC4BC3AB90,DXGI,0,512,1,Hardware: Independent Flip,18910.6877,17.3936,17.0562,0.3374,12.4577,17.2931,17.2854,0.0077,29.7516,8.7794,-7.6779,18910.6877,0.0008,NA,NA
SandFall-Win64-Shipping.exe,19588,0x2EC4BC3AB90,DXGI,0,512,1,Hardware: Independent Flip,18928.0813,0.4786,0.2421,0.2365,12.3572,0.1419,0.1419,0.0000,21.1374,8.9864,8.6142,18928.0813,8.6383,NA,NA
SandFall-Win64-Shipping.exe,19588,0x2EC4BC3AB90,DXGI,0,512,1,Hardware: Independent Flip,18928.5599,17.9534,17.5809,0.3725,12.0205,17.5227,17.5151,0.0076,29.6452,8.7056,-8.5078,18928.5599,0.1020,22.7523,NA
SandFall-Win64-Shipping.exe,19588,0x2EC4BC3AB90,DXGI,0,512,1,Hardware: Independent Flip,18946.5133,0.5355,0.2802,0.2553,11.5898,0.1215,0.1193,0.0022,20.3974,8.7253,9.2478,18946.5133,8.6861,NA,NA
SandFall-Win64-Shipping.exe,19588,0x2EC4BC3AB90,DXGI,0,512,1,Hardware: Independent Flip,18947.0488,17.2958,16.9675,0.3283,11.1758,17.4108,17.4059,0.0049,28.5872,8.7822,-8.1898,18947.0488,0.0006,NA,NA
SandFall-Win64-Shipping.exe,19588,0x2EC4BC3AB90,DXGI,0,512,1,Hardware: Independent Flip,18964.3446,0.4092,0.2098,0.1994,11.2908,0.1431,0.1416,0.0015,20.0736,9.5167,8.5136,18964.3446,8.6397,NA,NA
SandFall-Win64-Shipping.exe,19588,0x2EC4BC3AB90,DXGI,0,512,1,Hardware: Independent Flip,18964.7538,15.9190,15.6262,0.2928,11.0247,18.1558,18.1487,0.0071,29.1811,9.2553,-9.1075,18964.7538,0.0006,NA,NA
SandFall-Win64-Shipping.exe,19588,0x2EC4BC3AB90,DXGI,0,512,1,Hardware: Independent Flip,18980.6728,0.3881,0.2019,0.1862,13.2615,0.1044,0.1027,0.0017,22.5174,8.8080,6.6637,18980.6728,9.1515,NA,NA
SandFall-Win64-Shipping.exe,19588,0x2EC4BC3AB90,DXGI,0,512,1,Hardware: Independent Flip,18981.0609,16.9957,16.6542,0.3415,12.9778,17.9587,17.9507,0.0080,30.9373,9.1980,-8.4199,18981.0609,0.0008,NA,NA
SandFall-Win64-Shipping.exe,19588,0x2EC4BC3AB90,DXGI,0,512,1,Hardware: Independent Flip,18998.0566,0.4218,0.2143,0.2075,13.9408,0.1034,0.1017,0.0017,23.1396,8.3820,7.7977,18998.0566,9.0954,NA,NA
SandFall-Win64-Shipping.exe,19588,0x2EC4BC3AB90,DXGI,0,512,1,Hardware: Independent Flip,18998.4784,16.8562,16.5817,0.2745,13.6224,17.4765,17.4715,0.0050,31.0998,8.8583,-7.9602,18998.4784,0.0009,NA,NA
SandFall-Win64-Shipping.exe,19588,0x2EC4BC3AB90,DXGI,0,512,1,Hardware: Independent Flip,19015.3346,0.3282,0.1658,0.1624,14.2427,0.1072,0.1051,0.0021,23.1019,8.4874,7.9979,19015.3346,8.7520,NA,NA
SandFall-Win64-Shipping.exe,19588,0x2EC4BC3AB90,DXGI,0,512,1,Hardware: Independent Flip,19015.6628,16.8725,16.6206,0.2519,14.0217,17.1971,17.1921,0.0050,31.2611,8.6097,-8.1592,19015.6628,0.0423,NA,NA
SandFall-Win64-Shipping.exe,19588,0x2EC4BC3AB90,DXGI,0,512,1,Hardware: Independent Flip,19032.5353,0.3620,0.1615,0.2005,14.3463,0.1910,0.1888,0.0022,22.9983,9.3635,8.2628,19032.5353,8.4610,NA,NA
SandFall-Win64-Shipping.exe,19588,0x2EC4BC3AB90,DXGI,0,512,1,Hardware: Independent Flip,19032.8973,17.7975,17.4762,0.3213,14.1753,17.6614,17.6537,0.0077,31.9998,8.7575,-9.0015,19032.8973,0.1631,NA,NA
SandFall-Win64-Shipping.exe,19588,0x2EC4BC3AB90,DXGI,0,512,1,Hardware: Independent Flip,19050.6948,0.4837,0.2897,0.1940,14.0392,0.1712,0.1695,0.0017,22.9598,9.1227,9.0400,19050.6948,8.7494,NA,NA
SandFall-Win64-Shipping.exe,19588,0x2EC4BC3AB90,DXGI,0,512,1,Hardware: Independent Flip,19051.1785,16.9618,16.7100,0.2518,13.7267,17.8711,17.8648,0.0063,31.5988,8.8879,-8.6390,19051.1785,0.0010,NA,NA
SandFall-Win64-Shipping.exe,19588,0x2EC4BC3AB90,DXGI,0,512,1,Hardware: Independent Flip,19068.1403,0.3248,0.1607,0.1641,14.6360,0.1087,0.1069,0.0018,23.5249,8.5102,8.0739,19068.1403,8.7802,NA,NA
SandFall-Win64-Shipping.exe,19588,0x2EC4BC3AB90,DXGI,0,512,1,Hardware: Independent Flip,19068.4651,17.6912,17.4310,0.2602,14.4199,17.2896,17.2840,0.0056,31.7103,8.7816,-8.1854,19068.4651,0.0008,NA,NA
SandFall-Win64-Shipping.exe,19588,0x2EC4BC3AB90,DXGI,0,512,1,Hardware: Independent Flip,19086.1563,0.3804,0.1763,0.2041,14.0183,0.0993,0.0945,0.0048,22.8007,8.5949,8.9096,19086.1563,8.6831,NA,NA
SandFall-Win64-Shipping.exe,19588,0x2EC4BC3AB90,DXGI,0,512,1,Hardware: Independent Flip,19086.5367,17.3256,16.9772,0.3484,13.7372,17.2775,17.2671,0.0104,31.0152,8.6928,-8.2145,19086.5367,0.0005,NA,NA
SandFall-Win64-Shipping.exe,19588,0x2EC4BC3AB90,DXGI,0,512,1,Hardware: Independent Flip,19103.8623,0.4227,0.1670,0.2557,13.6891,0.1374,0.1357,0.0017,22.3824,8.7221,8.6328,19103.8623,8.5559,NA,NA
SandFall-Win64-Shipping.exe,19588,0x2EC4BC3AB90,DXGI,0,512,1,Hardware: Independent Flip,19104.2850,17.1454,16.8787,0.2667,13.4038,17.2306,17.2234,0.0072,30.6818,8.6102,-8.2994,19104.2850,0.0474,NA,NA
SandFall-Win64-Shipping.exe,19588,0x2EC4BC3AB90,DXGI,0,512,1,Hardware: Independent Flip,19121.4304,0.3781,0.2116,0.1665,13.4890,0.1299,0.1299,0.0000,22.1466,8.8223,8.5352,19121.4304,8.5277,NA,NA
SandFall-Win64-Shipping.exe,19588,0x2EC4BC3AB90,DXGI,0,512,1,Hardware: Independent Flip,19121.8085,19.2125,18.9063,0.3062,13.2408,17.3046,17.2998,0.0048,30.5908,8.5688,-8.4442,19121.8085,0.0454,NA,NA
SandFall-Win64-Shipping.exe,19588,0x2EC4BC3AB90,DXGI,0,512,1,Hardware: Independent Flip,19141.0210,0.3638,0.1803,0.1835,11.3329,0.0996,0.0981,0.0015,19.9471,9.2444,10.6437,19141.0210,8.5146,NA,NA
SandFall-Win64-Shipping.exe,19588,0x2EC4BC3AB90,DXGI,0,512,1,Hardware: Independent Flip,19141.3848,16.7246,16.1297,0.5949,11.0687,17.7580,17.7516,0.0064,28.8277,8.9000,-8.8806,19141.3848,0.0010,NA,NA
SandFall-Win64-Shipping.exe,19588,0x2EC4BC3AB90,DXGI,0,512,1,Hardware: Independent Flip,19158.1094,0.5107,0.2628,0.2479,12.1021,0.1009,0.0993,0.0016,21.0031,8.5562,7.8246,19158.1094,8.8001,NA,NA
SandFall-Win64-Shipping.exe,19588,0x2EC4BC3AB90,DXGI,0,512,1,Hardware: Independent Flip,19158.6201,17.7605,17.4810,0.2795,11.6923,17.3553,17.3482,0.0071,29.0486,8.7576,-8.0455,19158.6201,0.0010,NA,NA
SandFall-Win64-Shipping.exe,19588,0x2EC4BC3AB90,DXGI,0,512,1,Hardware: Independent Flip,19176.3806,0.3440,0.1759,0.1681,11.2871,0.0994,0.0978,0.0016,20.0457,8.6689,9.0029,19176.3806,8.6592,NA,NA
SandFall-Win64-Shipping.exe,19588,0x2EC4BC3AB90,DXGI,0,512,1,Hardware: Independent Flip,19176.7246,15.7266,15.4640,0.2626,11.0425,17.3278,17.3213,0.0065,28.3706,8.7941,-8.3249,19176.7246,0.0003,NA,NA
SandFall-Win64-Shipping.exe,19588,0x2EC4BC3AB90,DXGI,0,512,1,Hardware: Independent Flip,19192.4512,0.3301,0.1597,0.1704,12.6437,0.1452,0.1452,0.0000,21.4381,9.0601,6.9325,19192.4512,8.6492,NA,NA
SandFall-Win64-Shipping.exe,19588,0x2EC4BC3AB90,DXGI,0,512,1,Hardware: Independent Flip,19192.7813,17.7378,17.4647,0.2731,12.4588,17.7089,17.7025,0.0064,30.1681,8.9505,-8.7300,19192.7813,0.0004,NA,NA
SandFall-Win64-Shipping.exe,19588,0x2EC4BC3AB90,DXGI,0,512,1,Hardware: Independent Flip,19210.5191,0.3479,0.1605,0.1874,12.4299,0.1015,0.0999,0.0016,21.3808,8.3137,8.7873,19210.5191,8.8494,NA,NA
SandFall-Win64-Shipping.exe,19588,0x2EC4BC3AB90,DXGI,0,512,1,Hardware: Independent Flip,19210.8670,17.0739,16.8005,0.2734,12.1835,17.1621,17.1546,0.0075,29.3466,8.6391,-7.9658,19210.8670,0.0010,NA,NA
SandFall-Win64-Shipping.exe,19588,0x2EC4BC3AB90,DXGI,0,512,1,Hardware: Independent Flip,19227.9409,0.3571,0.1925,0.1646,12.2717,0.1257,0.1241,0.0016,20.9118,9.1077,8.4348,19227.9409,8.5144,NA,NA
SandFall-Win64-Shipping.exe,19588,0x2EC4BC3AB90,DXGI,0,512,1,Hardware: Independent Flip,19228.2980,17.8168,17.5498,0.2670,12.0403,17.5314,17.5236,0.0078,29.6624,8.7417,-8.7506,19228.2980,0.0907,NA,NA
SandFall-Win64-Shipping.exe,19588,0x2EC4BC3AB90,DXGI,0,512,1,Hardware: Independent Flip,19246.1148,0.4373,0.2166,0.2207,11.7549,0.1441,0.1418,0.0023,20.5873,9.1107,9.0751,19246.1148,8.6883,NA,NA
SandFall-Win64-Shipping.exe,19588,0x2EC4BC3AB90,DXGI,0,512,1,Hardware: Independent Flip,19246.5521,16.2440,15.9895,0.2545,11.4617,17.7982,17.7922,0.0060,29.2607,9.0739,-8.6734,19246.5521,0.0008,NA,NA
SandFall-Win64-Shipping.exe,19588,0x2EC4BC3AB90,DXGI,0,512,1,Hardware: Independent Flip,19262.7961,0.3351,0.1673,0.1678,13.0159,0.1606,0.1560,0.0046,22.0906,8.3639,7.1701,19262.7961,8.9141,NA,NA
SandFall-Win64-Shipping.exe,19588,0x2EC4BC3AB90,DXGI,0,512,1,Hardware: Independent Flip,19263.1312,18.1301,17.5495,0.5806,12.8414,17.2774,17.2691,0.0083,30.1194,8.6853,-8.0288,19263.1312,0.0006,NA,NA
SandFall-Win64-Shipping.exe,19588,0x2EC4BC3AB90,DXGI,0,512,1,Hardware: Independent Flip,19281.2613,0.3809,0.1784,0.2025,11.9887,0.1007,0.0993,0.0014,20.6746,8.8634,9.4448,19281.2613,8.5852,NA,NA
SandFall-Win64-Shipping.exe,19588,0x2EC4BC3AB90,DXGI,0,512,1,Hardware: Independent Flip,19281.6422,17.4939,17.2040,0.2899,11.7085,17.4397,17.4318,0.0079,29.1571,8.7821,-8.4825,19281.6422,0.0089,NA,NA
SandFall-Win64-Shipping.exe,19588,0x2EC4BC3AB90,DXGI,0,512,1,Hardware: Independent Flip,19299.1361,0.4060,0.2053,0.2007,11.6543,0.1584,0.1568,0.0016,20.4453,8.6411,8.7118,19299.1361,8.6326,NA,NA
SandFall-Win64-Shipping.exe,19588,0x2EC4BC3AB90,DXGI,0,512,1,Hardware: Independent Flip,19299.5421,17.3909,17.0861,0.3048,11.4067,17.2732,17.2658,0.0074,28.6804,8.7521,-8.2351,19299.5421,0.0005,NA,NA
SandFall-Win64-Shipping.exe,19588,0x2EC4BC3AB90,DXGI,0,512,1,Hardware: Independent Flip,19316.9330,0.3269,0.1622,0.1647,11.2890,0.1294,0.1278,0.0016,20.0416,8.7290,8.6388,19316.9330,8.6232,NA,NA
SandFall-Win64-Shipping.exe,19588,0x2EC4BC3AB90,DXGI,0,512,1,Hardware: Independent Flip,19317.2599,16.5180,16.2056,0.3124,11.0915,17.3515,17.3454,0.0061,28.4437,8.6883,-8.4021,19317.2599,0.0007,NA,NA
SandFall-Win64-Shipping.exe,19588,0x2EC4BC3AB90,DXGI,0,512,1,Hardware: Independent Flip,19333.7779,0.3409,0.1632,0.1777,11.9250,0.1008,0.0993,0.0015,20.6140,8.5929,7.8297,19333.7779,8.5882,NA,NA
SandFall-Win64-Shipping.exe,19588,0x2EC4BC3AB90,DXGI,0,512,1,Hardware: Independent Flip,19334.1188,16.9993,16.7337,0.2656,11.6849,17.1746,17.1647,0.0099,28.8660,8.6454,-8.2520,19334.1188,0.0065,NA,NA
SandFall-Win64-Shipping.exe,19588,0x2EC4BC3AB90,DXGI,0,512,1,Hardware: Independent Flip,19351.1181,0.3169,0.1581,0.1588,11.8602,0.1394,0.1378,0.0016,20.5121,8.9208,8.3539,19351.1181,8.5125,NA,NA
SandFall-Win64-Shipping.exe,19588,0x2EC4BC3AB90,DXGI,0,512,1,Hardware: Independent Flip,19351.4350,19.4189,19.0999,0.3190,11.6827,17.3752,17.3680,0.0072,29.1160,8.6906,-8.6039,19351.4350,0.0581,NA,NA
SandFall-Win64-Shipping.exe,19588,0x2EC4BC3AB90,DXGI,0,512,1,Hardware: Independent Flip,19370.8539,0.3642,0.1988,0.1654,9.6390,0.1648,0.1623,0.0025,18.3877,8.5747,10.7283,19370.8539,8.5839,NA,NA
SandFall-Win64-Shipping.exe,19588,0x2EC4BC3AB90,DXGI,0,512,1,Hardware: Independent Flip,19371.2181,15.3831,15.0790,0.3041,9.4396,17.1578,17.1480,0.0098,26.5982,8.5949,-8.2105,19371.2181,0.0008,NA,NA
SandFall-Win64-Shipping.exe,19588,0x2EC4BC3AB90,DXGI,0,512,1,Hardware: Independent Flip,19386.6012,0.3386,0.1655,0.1731,11.2143,0.1011,0.0995,0.0016,19.8100,9.2439,6.7882,19386.6012,8.4946,NA,NA
SandFall-Win64-Shipping.exe,19588,0x2EC4BC3AB90,DXGI,0,512,1,Hardware: Independent Flip,19386.9398,17.7363,17.4416,0.2947,10.9768,17.7375,17.7311,0.0064,28.7153,8.8795,-8.9053,19386.9398,0.0010,NA,NA
SandFall-Win64-Shipping.exe,19588,0x2EC4BC3AB90,DXGI,0,512,1,Hardware: Independent Flip,19404.6761,0.3691,0.1623,0.2068,10.9780,0.0973,0.0957,0.0016,19.8585,8.2804,8.8568,19404.6761,8.7832,NA,NA
SandFall-Win64-Shipping.exe,19588,0x2EC4BC3AB90,DXGI,0,512,1,Hardware: Independent Flip,19405.0452,17.0861,16.8321,0.2540,10.7062,17.0632,17.0552,0.0080,27.7698,8.6016,-7.9113,19405.0452,0.0004,NA,NA
SandFall-Win64-Shipping.exe,19588,0x2EC4BC3AB90,DXGI,0,512,1,Hardware: Independent Flip,19422.1313,0.3642,0.1575,0.2067,10.6833,0.1528,0.1528,0.0000,19.2853,8.6780,8.4845,19422.1313,8.4492,NA,NA
SandFall-Win64-Shipping.exe,19588,0x2EC4BC3AB90,DXGI,0,512,1,Hardware: Independent Flip,19422.4955,16.6215,16.3599,0.2616,10.4719,17.1260,17.1126,0.0134,27.5991,8.5824,-8.3138,19422.4955,0.0012,NA,NA
SandFall-Win64-Shipping.exe,19588,0x2EC4BC3AB90,DXGI,0,512,1,Hardware: Independent Flip,19439.1170,0.3209,0.1577,0.1632,10.9764,0.1035,0.1016,0.0019,19.5600,8.8858,8.0391,19439.1170,8.4801,NA,NA
SandFall-Win64-Shipping.exe,19588,0x2EC4BC3AB90,DXGI,0,512,1,Hardware: Independent Flip,19439.4379,17.3836,17.1268,0.2568,10.7590,17.3654,17.3581,0.0073,28.1249,8.7764,-8.5649,19439.4379,0.0005,26.0639,NA
SandFall-Win64-Shipping.exe,19588,0x2EC4BC3AB90,DXGI,0,512,1,Hardware: Independent Flip,19456.8215,0.3150,0.1575,0.1575,10.7408,0.0862,0.0846,0.0016,19.5177,8.7387,8.6072,19456.8215,8.6907,NA,NA
SandFall-Win64-Shipping.exe,19588,0x2EC4BC3AB90,DXGI,0,512,1,Hardware: Independent Flip,19457.1365,20.8254,20.5495,0.2759,10.5120,17.4284,17.2766,0.1518,27.9414,8.8612,-8.4237,19457.1365,0.0010,NA,NA
SandFall-Win64-Shipping.exe,19588,0x2EC4BC3AB90,DXGI,0,512,1,Hardware: Independent Flip,19477.9619,0.4027,0.1872,0.2155,7.1150,0.1212,0.1212,0.0000,15.9772,8.7016,11.9642,19477.9619,8.7410,NA,NA
SandFall-Win64-Shipping.exe,19588,0x2EC4BC3AB90,DXGI,0,512,1,Hardware: Independent Flip,19478.3646,14.2836,13.9967,0.2869,6.8335,17.4421,17.2872,0.1549,24.2761,8.8738,-8.2989,19478.3646,0.0005,NA,NA
SandFall-Win64-Shipping.exe,19588,0x2EC4BC3AB90,DXGI,0,512,1,Hardware: Independent Flip,19492.6482,0.3389,0.1637,0.1752,9.9920,0.1301,0.1285,0.0016,18.8663,8.6227,5.4098,19492.6482,8.7442,NA,NA
SandFall-Win64-Shipping.exe,19588,0x2EC4BC3AB90,DXGI,0,512,1,Hardware: Independent Flip,19492.9871,16.8135,16.5373,0.2762,9.7832,17.3666,17.3599,0.0067,27.1501,8.8234,-8.2838,19492.9871,0.0003,NA,NA
SandFall-Win64-Shipping.exe,19588,0x2EC4BC3AB90,DXGI,0,512,1,Hardware: Independent Flip,19509.8006,0.3269,0.1636,0.1633,10.3363,0.1396,0.1375,0.0021,19.1600,8.9261,7.9901,19509.8006,8.6841,NA,NA
SandFall-Win64-Shipping.exe,19588,0x2EC4BC3AB90,DXGI,0,512,1,Hardware: Independent Flip,19510.1275,16.3434,16.0576,0.2858,10.1490,17.6093,17.6021,0.0072,27.7592,8.8210,-8.5992,19510.1275,0.0009,NA,NA
SandFall-Win64-Shipping.exe,19588,0x2EC4BC3AB90,DXGI,0,512,1,Hardware: Independent Flip,19526.4709,0.6292,0.1720,0.4572,11.4149,0.1008,0.0992,0.0016,20.2368,8.6805,7.5224,19526.4709,8.7211,NA,NA
SandFall-Win64-Shipping.exe,19588,0x2EC4BC3AB90,DXGI,0,512,1,Hardware: Independent Flip,19527.1001,17.4585,17.1591,0.2994,10.8865,17.4007,17.3934,0.0073,28.2881,8.7659,-8.0513,19527.1001,0.0009,NA,NA
SandFall-Win64-Shipping.exe,19588,0x2EC4BC3AB90,DXGI,0,512,1,Hardware: Independent Flip,19544.5586,0.3319,0.1656,0.1663,10.8287,0.0998,0.0979,0.0019,19.5955,9.2283,8.6926,19544.5586,8.6670,NA,NA
SandFall-Win64-Shipping.exe,19588,0x2EC4BC3AB90,DXGI,0,512,1,Hardware: Independent Flip,19544.8905,18.1087,17.8047,0.3040,10.5966,17.8647,17.8593,0.0054,28.4919,8.9244,-8.8964,19544.8905,0.0306,NA,NA
SandFall-Win64-Shipping.exe,19588,0x2EC4BC3AB90,DXGI,0,512,1,Hardware: Independent Flip,19562.9992,0.4620,0.2541,0.2079,10.3526,0.1233,0.1217,0.0016,19.3076,8.8402,9.1843,19562.9992,8.8317,NA,NA
SandFall-Win64-Shipping.exe,19588,0x2EC4BC3AB90,DXGI,0,512,1,Hardware: Independent Flip,19563.4612,15.5881,15.3149,0.2732,10.0139,17.6710,17.6210,0.0500,27.6858,8.9913,-8.3782,19563.4612,0.0009,NA,NA
SandFall-Win64-Shipping.exe,19588,0x2EC4BC3AB90,DXGI,0,512,1,Hardware: Independent Flip,19579.0493,0.4003,0.2102,0.1901,12.0968,0.1290,0.1267,0.0023,21.0890,8.5978,6.5968,19579.0493,8.8632,NA,NA
SandFall-Win64-Shipping.exe,19588,0x2EC4BC3AB90,DXGI,0,512,1,Hardware: Independent Flip,19579.4496,17.4646,17.1817,0.2829,11.8255,17.4607,17.4512,0.0095,29.2865,8.9017,-8.1975,19579.4496,0.0003,NA,NA
SandFall-Win64-Shipping.exe,19588,0x2EC4BC3AB90,DXGI,0,512,1,Hardware: Independent Flip,19596.9142,0.3175,0.1584,0.1591,11.8216,0.1390,0.1370,0.0020,20.7236,8.8917,8.5629,19596.9142,8.7630,NA,NA
SandFall-Win64-Shipping.exe,19588,0x2EC4BC3AB90,DXGI,0,512,1,Hardware: Independent Flip,19597.2317,15.9125,15.5648,0.3477,11.6431,17.5553,17.5460,0.0093,29.2978,8.7413,-8.5742,19597.2317,0.0994,NA,NA
SandFall-Win64-Shipping.exe,19588,0x2EC4BC3AB90,DXGI,0,512,1,Hardware: Independent Flip,19613.1442,0.4057,0.2101,0.1956,13.2859,0.1764,0.1741,0.0023,22.1266,8.9872,7.1712,19613.1442,8.6643,NA,NA
SandFall-Win64-Shipping.exe,19588,0x2EC4BC3AB90,DXGI,0,512,1,Hardware: Independent Flip,19613.5499,17.2973,16.9944,0.3029,13.0566,17.5521,17.5466,0.0055,30.7081,8.6814,-8.5815,19613.5499,0.0994,NA,NA
SandFall-Win64-Shipping.exe,19588,0x2EC4BC3AB90,DXGI,0,512,1,Hardware: Independent Flip,19630.8472,0.3607,0.1987,0.1620,13.3114,0.1382,0.1362,0.0020,22.0922,8.8832,8.6159,19630.8472,8.6426,NA,NA
SandFall-Win64-Shipping.exe,19588,0x2EC4BC3AB90,DXGI,0,512,1,Hardware: Independent Flip,19631.2079,16.6787,16.4292,0.2495,13.0889,17.5252,17.5196,0.0056,30.6147,8.7286,-8.5225,19631.2079,0.0006,NA,NA
SandFall-Win64-Shipping.exe,19588,0x2EC4BC3AB90,DXGI,0,512,1,Hardware: Independent Flip,19647.8866,0.3915,0.2135,0.1780,13.9354,0.1043,0.1025,0.0018,22.6646,8.8950,7.9501,19647.8866,8.6249,NA,NA
SandFall-Win64-Shipping.exe,19588,0x2EC4BC3AB90,DXGI,0,512,1,Hardware: Independent Flip,19648.2781,16.6760,16.4266,0.2494,13.6482,17.5190,17.5130,0.0060,31.1681,8.8717,-8.5035,19648.2781,0.0009,NA,NA
SandFall-Win64-Shipping.exe,19588,0x2EC4BC3AB90,DXGI,0,512,1,Hardware: Independent Flip,19664.9541,0.4578,0.1910,0.2668,14.4912,0.1166,0.1145,0.0021,23.3638,8.6348,7.8043,19664.9541,8.7560,NA,NA
SandFall-Win64-Shipping.exe,19588,0x2EC4BC3AB90,DXGI,0,512,1,Hardware: Independent Flip,19665.4119,17.7202,17.4596,0.2606,14.1500,17.3901,17.3842,0.0059,31.5408,8.8480,-8.1770,19665.4119,0.0007,NA,NA
SandFall-Win64-Shipping.exe,19588,0x2EC4BC3AB90,DXGI,0,512,1,Hardware: Independent Flip,19683.1321,0.3337,0.1719,0.1618,13.8199,0.1453,0.1435,0.0018,22.6686,8.6180,8.8722,19683.1321,8.7034,NA,NA
SandFall-Win64-Shipping.exe,19588,0x2EC4BC3AB90,DXGI,0,512,1,Hardware: Independent Flip,19683.4658,17.3833,17.1007,0.2826,13.6315,17.3206,17.3153,0.0053,30.9529,8.7628,-8.2843,19683.4658,0.0008,NA,NA
SandFall-Win64-Shipping.exe,19588,0x2EC4BC3AB90,DXGI,0,512,1,Hardware: Independent Flip,19700.8491,0.3821,0.1818,0.2003,13.5688,0.2021,0.2021,0.0000,22.3324,8.9038,8.6205,19700.8491,8.5615,NA,NA
SandFall-Win64-Shipping.exe,19588,0x2EC4BC3AB90,DXGI,0,512,1,Hardware: Independent Flip,19701.2312,16.8917,16.6440,0.2477,13.3888,17.4048,17.3454,0.0594,30.8541,8.7334,-8.5217,19701.2312,0.0605,NA,NA
SandFall-Win64-Shipping.exe,19588,0x2EC4BC3AB90,DXGI,0,512,1,Hardware: Independent Flip,19718.1229,0.3559,0.1579,0.1980,13.9019,0.1472,0.1450,0.0022,22.6958,8.6741,8.1583,19718.1229,8.6467,NA,NA
SandFall-Win64-Shipping.exe,19588,0x2EC4BC3AB90,DXGI,0,512,1,Hardware: Independent Flip,19718.4788,18.5397,18.2505,0.2892,13.6932,17.3203,17.3135,0.0068,31.0140,8.7124,-8.3182,19718.4788,0.0005,NA,NA
SandFall-Win64-Shipping.exe,19588,0x2EC4BC3AB90,DXGI,0,512,1,Hardware: Independent Flip,19737.0185,0.4182,0.2367,0.1815,12.4738,0.1390,0.1373,0.0017,21.1867,9.1871,9.8273,19737.0185,8.5739,NA,NA
SandFall-Win64-Shipping.exe,19588,0x2EC4BC3AB90,DXGI,0,512,1,Hardware: Independent Flip,19737.4367,16.4939,16.2222,0.2717,12.1946,17.7494,17.7422,0.0072,29.9556,8.8631,-8.7689,19737.4367,0.0116,NA,NA
SandFall-Win64-Shipping.exe,19588,0x2EC4BC3AB90,DXGI,0,512,1,Hardware: Independent Flip,19753.9306,0.3756,0.1628,0.2128,13.4501,0.0988,0.0972,0.0016,22.3248,9.0599,7.6308,19753.9306,8.7759,NA,NA
SandFall-Win64-Shipping.exe,19588,0x2EC4BC3AB90,DXGI,0,512,1,Hardware: Independent Flip,19754.3062,17.8825,17.6191,0.2634,13.1733,17.8353,17.8284,0.0069,31.0091,9.0811,-8.6843,19754.3062,0.0005,NA,NA
SandFall-Win64-Shipping.exe,19588,0x2EC4BC3AB90,DXGI,0,512,1,Hardware: Independent Flip,19772.1887,0.3400,0.1635,0.1765,13.1261,0.1056,0.1040,0.0016,22.2077,8.3862,8.8014,19772.1887,8.9760,NA,NA
SandFall-Win64-Shipping.exe,19588,0x2EC4BC3AB90,DXGI,0,512,1,Hardware: Independent Flip,19772.5287,17.8615,17.5979,0.2636,12.8917,17.3613,17.3542,0.0071,30.2539,8.7805,-8.0462,19772.5287,0.0009,NA,NA
SandFall-Win64-Shipping.exe,19588,0x2EC4BC3AB90,DXGI,0,512,1,Hardware: Independent Flip,19790.3902,0.3609,0.1740,0.1869,12.3915,0.1024,0.1007,0.0017,21.1729,9.6029,9.0810,19790.3902,8.6790,NA,NA
SandFall-Win64-Shipping.exe,19588,0x2EC4BC3AB90,DXGI,0,512,1,Hardware: Independent Flip,19790.7511,16.5802,16.3198,0.2604,12.1330,18.1906,18.1812,0.0094,30.4149,9.0454,-9.2420,19790.7511,0.0913,NA,NA
SandFall-Win64-Shipping.exe,19588,0x2EC4BC3AB90,DXGI,0,512,1,Hardware: Independent Flip,19807.3313,0.3062,0.1541,0.1521,13.7434,0.1221,0.1205,0.0016,22.8801,9.2367,7.5348,19807.3313,9.0146,NA,NA
SandFall-Win64-Shipping.exe,19588,0x2EC4BC3AB90,DXGI,0,512,1,Hardware: Independent Flip,19807.6375,18.8228,18.5551,0.2677,13.5593,18.2504,18.2415,0.0089,31.8106,9.3448,-8.9305,19807.6375,0.0009,NA,NA
SandFall-Win64-Shipping.exe,19588,0x2EC4BC3AB90,DXGI,0,512,1,Hardware: Independent Flip,19826.4603,0.3924,0.1731,0.2193,12.9869,0.1024,0.1008,0.0016,22.3326,8.5713,9.4780,19826.4603,9.2433,NA,NA
SandFall-Win64-Shipping.exe,19588,0x2EC4BC3AB90,DXGI,0,512,1,Hardware: Independent Flip,19826.8527,19.8576,19.5335,0.3241,12.6969,17.8139,17.8051,0.0088,30.5115,9.0896,-8.1789,19826.8527,0.0007,NA,NA
SandFall-Win64-Shipping.exe,19588,0x2EC4BC3AB90,DXGI,0,512,1,Hardware: Independent Flip,19846.7103,0.3703,0.1857,0.1846,10.6532,0.1049,0.1033,0.0016,19.7435,8.9565,10.7680,19846.7103,8.9854,NA,NA
SandFall-Win64-Shipping.exe,19588,0x2EC4BC3AB90,DXGI,0,512,1,Hardware: Independent Flip,19847.0806,15.1019,14.8446,0.2573,10.3878,17.9025,17.8948,0.0077,28.3297,8.9572,-8.5862,19847.0806,0.0394,NA,NA
SandFall-Win64-Shipping.exe,19588,0x2EC4BC3AB90,DXGI,0,512,1,Hardware: Independent Flip,19862.1825,0.3040,0.1518,0.1522,13.1884,0.1206,0.1189,0.0017,22.1850,9.0892,6.1447,19862.1825,8.8760,NA,NA
SandFall-Win64-Shipping.exe,19588,0x2EC4BC3AB90,DXGI,0,512,1,Hardware: Independent Flip,19862.4865,17.4044,17.1226,0.2818,13.0050,17.8359,17.7912,0.0447,30.9702,8.7531,-8.7852,19862.4865,0.1293,NA,NA
SandFall-Win64-Shipping.exe,19588,0x2EC4BC3AB90,DXGI,0,512,1,Hardware: Independent Flip,19879.8909,0.3502,0.1585,0.1917,13.4365,0.1207,0.1191,0.0016,22.3189,8.9359,8.6513,19879.8909,8.7617,NA,NA
SandFall-Win64-Shipping.exe,19588,0x2EC4BC3AB90,DXGI,0,512,1,Hardware: Independent Flip,19880.2411,20.4759,20.2122,0.2637,13.2070,17.5931,17.5863,0.0068,30.9046,8.6907,-8.5857,19880.2411,0.1045,NA,NA
SandFall-Win64-Shipping.exe,19588,0x2EC4BC3AB90,DXGI,0,512,1,Hardware: Independent Flip,19900.7170,0.3307,0.1576,0.1731,10.3242,0.1633,0.1611,0.0022,19.1194,9.0882,11.7852,19900.7170,8.6319,NA,NA
SandFall-Win64-Shipping.exe,19588,0x2EC4BC3AB90,DXGI,0,512,1,Hardware: Independent Flip,19901.0477,15.5228,15.2302,0.2926,10.1568,17.6639,17.6582,0.0057,27.8769,8.7707,-8.7575,19901.0477,0.0562,NA,NA
SandFall-Win64-Shipping.exe,19588,0x2EC4BC3AB90,DXGI,0,512,1,Hardware: Independent Flip,19916.5705,0.3319,0.1636,0.1683,12.2979,0.1734,0.1711,0.0023,21.1248,12.9347,6.7521,19916.5705,8.6535,NA,NA
SandFall-Win64-Shipping.exe,19588,0x2EC4BC3AB90,DXGI,0,512,1,Hardware: Independent Flip,19916.9024,18.4041,18.1347,0.2694,12.1394,21.5880,21.5853,0.0027,33.7276,10.9776,-12.6028,19916.9024,0.0002,NA,NA
SandFall-Win64-Shipping.exe,19588,0x2EC4BC3AB90,DXGI,0,512,1,Hardware: Independent Flip,19935.3065,0.4196,0.1998,0.2198,15.3233,0.1435,0.1417,0.0018,26.3011,7.1441,7.4265,19935.3065,10.8343,NA,NA
SandFall-Win64-Shipping.exe,19588,0x2EC4BC3AB90,DXGI,0,512,1,Hardware: Independent Flip,19935.7261,17.8990,17.6359,0.2631,15.0472,17.9776,17.9700,0.0076,33.0256,8.9912,-6.7245,19935.7261,0.0008,26.8596,NA
SandFall-Win64-Shipping.exe,19588,0x2EC4BC3AB90,DXGI,0,512,1,Hardware: Independent Flip,19953.6251,0.3629,0.1962,0.1667,15.1258,0.1059,0.1039,0.0020,24.1178,9.3369,8.9078,19953.6251,8.8861,NA,NA
SandFall-Win64-Shipping.exe,19588,0x2EC4BC3AB90,DXGI,0,512,1,Hardware: Independent Flip,19953.9880,18.4889,18.1521,0.3368,14.8688,18.2222,18.2158,0.0064,33.0918,9.3860,-8.9740,19953.9880,0.0008,NA,NA
SandFall-Win64-Shipping.exe,19588,0x2EC4BC3AB90,DXGI,0,512,1,Hardware: Independent Flip,19972.4769,0.7992,0.2954,0.5038,14.6021,0.1067,0.1050,0.0017,23.9889,9.6578,9.1029,19972.4769,9.2801,NA,NA
SandFall-Win64-Shipping.exe,19588,0x2EC4BC3AB90,DXGI,0,512,1,Hardware: Independent Flip,19973.2761,22.2519,21.9273,0.3246,13.9096,18.9373,18.9306,0.0067,32.8475,9.9274,-8.8586,19973.2761,0.0006,18.1523,NA
SandFall-Win64-Shipping.exe,19588,0x2EC4BC3AB90,DXGI,0,512,1,Hardware: Independent Flip,19995.5280,0.3589,0.1822,0.1767,10.5950,0.1114,0.1096,0.0018,20.5230,7.9423,12.3245,19995.5280,9.8166,NA,NA
SandFall-Win64-Shipping.exe,19588,0x2EC4BC3AB90,DXGI,0,512,1,Hardware: Independent Flip,19995.8869,15.2434,14.9582,0.2852,10.3475,17.7579,17.7518,0.0061,28.1064,9.1209,-7.5834,19995.8869,0.0010,NA,NA
SandFall-Win64-Shipping.exe,19588,0x2EC4BC3AB90,DXGI,0,512,1,Hardware: Independent Flip,20011.1303,0.3851,0.1971,0.1880,12.8620,0.1323,0.1303,0.0020,21.9839,8.8423,6.1225,20011.1303,8.9896,NA,NA
SandFall-Win64-Shipping.exe,19588,0x2EC4BC3AB90,DXGI,0,512,1,Hardware: Independent Flip,20011.5154,18.8195,18.5392,0.2803,12.6092,17.8308,17.8228,0.0080,30.4411,9.1248,-8.4572,20011.5154,0.0011,23.2020,NA
SandFall-Win64-Shipping.exe,19588,0x2EC4BC3AB90,DXGI,0,512,1,Hardware: Independent Flip,20030.3349,0.3281,0.1591,0.1690,11.6205,0.1315,0.1293,0.0022,20.7464,9.0458,9.6947,20030.3349,8.9944,NA,NA
SandFall-Win64-Shipping.exe,19588,0x2EC4BC3AB90,DXGI,0,512,1,Hardware: Independent Flip,20030.6630,16.5167,16.2725,0.2442,11.4239,18.0393,18.0306,0.0087,29.4641,9.3099,-8.7177,20030.6630,0.0009,NA,NA
SandFall-Win64-Shipping.exe,19588,0x2EC4BC3AB90,DXGI,0,512,1,Hardware: Independent Flip,20047.1797,0.3398,0.1728,0.1670,12.9465,0.1075,0.1059,0.0016,22.2573,9.2784,7.2068,20047.1797,9.2033,NA,NA
SandFall-Win64-Shipping.exe,19588,0x2EC4BC3AB90,DXGI,0,512,1,Hardware: Independent Flip,20047.5195,18.7232,18.4525,0.2707,12.7142,18.4810,18.4739,0.0071,31.1959,9.5868,-8.9386,20047.5195,0.0007,NA,NA
SandFall-Win64-Shipping.exe,19588,0x2EC4BC3AB90,DXGI,0,512,1,Hardware: Independent Flip,20066.2427,0.3854,0.1818,0.2036,12.4720,0.1023,0.1007,0.0016,22.0595,8.5506,9.1364,20066.2427,9.4852,NA,NA
SandFall-Win64-Shipping.exe,19588,0x2EC4BC3AB90,DXGI,0,512,1,Hardware: Independent Flip,20066.6281,18.3324,18.0678,0.2646,12.1889,18.0353,18.0284,0.0069,30.2247,9.3364,-8.1652,20066.6281,0.0005,48.3564,NA
SandFall-Win64-Shipping.exe,19588,0x2EC4BC3AB90,DXGI,0,512,1,Hardware: Independent Flip,20084.9605,0.3522,0.1769,0.1753,11.8918,0.1197,0.1177,0.0020,21.2287,8.9568,8.9960,20084.9605,9.2172,NA,NA
SandFall-Win64-Shipping.exe,19588,0x2EC4BC3AB90,DXGI,0,512,1,Hardware: Independent Flip,20085.3127,17.9065,17.6282,0.2783,11.6593,18.0230,18.0120,0.0110,29.8333,8.9127,-8.6046,20085.3127,0.1510,NA,NA
SandFall-Win64-Shipping.exe,19588,0x2EC4BC3AB90,DXGI,0,512,1,Hardware: Independent Flip,20103.2192,0.3423,0.1707,0.1716,11.7758,0.1237,0.1222,0.0015,20.8395,9.2479,8.9938,20103.2192,8.9400,NA,NA
SandFall-Win64-Shipping.exe,19588,0x2EC4BC3AB90,DXGI,0,512,1,Hardware: Independent Flip,20103.5615,17.9145,17.6554,0.2591,11.5572,17.9912,17.9819,0.0093,29.7451,8.7598,-8.9056,20103.5615,0.1967,NA,NA
SandFall-Win64-Shipping.exe,19588,0x2EC4BC3AB90,DXGI,0,512,1,Hardware: Independent Flip,20121.4760,0.3277,0.1769,0.1508,11.6339,0.1076,0.1056,0.0020,20.5904,10.3643,9.1547,20121.4760,8.8489,NA,NA
SandFall-Win64-Shipping.exe,19588,0x2EC4BC3AB90,DXGI,0,512,1,Hardware: Independent Flip,20121.8037,19.4617,19.1996,0.2621,11.4138,19.0263,18.3081,0.7182,30.6270,9.2541,-10.0366,20121.8037,0.1869,NA,NA
SandFall-Win64-Shipping.exe,19588,0x2EC4BC3AB90,DXGI,0,512,1,Hardware: Independent Flip,20141.2654,0.3342,0.1602,0.1740,10.9784,0.1377,0.1357,0.0020,20.4194,9.3000,10.2076,20141.2654,9.3033,NA,NA
SandFall-Win64-Shipping.exe,19588,0x2EC4BC3AB90,DXGI,0,512,1,Hardware: Independent Flip,20141.5996,18.9103,18.6455,0.2648,10.7819,18.6023,18.2977,0.3046,29.3852,9.6282,-8.9658,20141.5996,0.0010,NA,NA
SandFall-Win64-Shipping.exe,19588,0x2EC4BC3AB90,DXGI,0,512,1,Hardware: Independent Flip,20160.5099,0.3222,0.1615,0.1607,10.4739,0.1114,0.1098,0.0016,20.1031,9.7220,9.2821,20160.5099,9.5178,NA,NA
SandFall-Win64-Shipping.exe,19588,0x2EC4BC3AB90,DXGI,0,512,1,Hardware: Independent Flip,20160.8321,18.9695,18.6886,0.2809,10.2631,19.2387,18.6813,0.5574,29.5029,10.1379,-9.3998,20160.8321,0.0011,NA,NA
SandFall-Win64-Shipping.exe,19588,0x2EC4BC3AB90,DXGI,0,512,1,Hardware: Independent Flip,20179.8016,0.3283,0.1622,0.1661,10.5323,0.1089,0.1071,0.0018,20.6713,9.2854,8.8316,20179.8016,10.0301,NA,NA
SandFall-Win64-Shipping.exe,19588,0x2EC4BC3AB90,DXGI,0,512,1,Hardware: Independent Flip,20180.1299,16.2280,15.9615,0.2665,10.3129,19.3145,19.3069,0.0076,29.6284,10.2485,-8.9571,20180.1299,0.0010,NA,NA
SandFall-Win64-Shipping.exe,19588,0x2EC4BC3AB90,DXGI,0,512,1,Hardware: Independent Flip,20196.3579,0.3243,0.1550,0.1693,13.3994,0.1303,0.1279,0.0024,23.6489,8.6175,5.9795,20196.3579,10.1192,NA,NA
SandFall-Win64-Shipping.exe,19588,0x2EC4BC3AB90,DXGI,0,512,1,Hardware: Independent Flip,20196.6822,17.8804,17.5910,0.2894,13.2054,18.7359,18.7238,0.0121,31.9421,9.5842,-8.2932,20196.6822,0.0008,NA,NA
SandFall-Win64-Shipping.exe,19588,0x2EC4BC3AB90,DXGI,0,512,1,Hardware: Independent Flip,20214.5626,0.3166,0.1570,0.1596,14.0609,0.1025,0.1008,0.0017,23.6459,9.9304,8.2962,20214.5626,9.4825,NA,NA
SandFall-Win64-Shipping.exe,19588,0x2EC4BC3AB90,DXGI,0,512,1,Hardware: Independent Flip,20214.8792,19.3042,18.8582,0.4460,13.8468,18.9341,18.9253,0.0088,33.2597,9.0523,-9.6138,20214.8792,0.4788,NA,NA
SandFall-Win64-Shipping.exe,19588,0x2EC4BC3AB90,DXGI,0,512,1,Hardware: Independent Flip,20234.1834,0.4575,0.2444,0.2131,13.4767,0.1325,0.1296,0.0029,23.0078,8.6997,10.2519,20234.1834,9.3986,NA,NA
SandFall-Win64-Shipping.exe,19588,0x2EC4BC3AB90,DXGI,0,512,1,Hardware: Independent Flip,20234.6409,18.1219,17.8443,0.2776,13.1517,17.9804,17.9723,0.0081,31.2500,8.6942,-8.2422,20234.6409,0.1179,NA,NA
SandFall-Win64-Shipping.exe,19588,0x2EC4BC3AB90,DXGI,0,512,1,Hardware: Independent Flip,20252.7628,0.3530,0.1798,0.1732,13.0102,0.1712,0.1690,0.0022,21.8223,9.9373,9.4277,20252.7628,8.6409,NA,NA
SandFall-Win64-Shipping.exe,19588,0x2EC4BC3AB90,DXGI,0,512,1,Hardware: Independent Flip,20253.1158,17.0585,16.8068,0.2517,12.8284,18.2840,18.2763,0.0077,31.4066,8.8683,-9.5843,20253.1158,0.2942,NA,NA
SandFall-Win64-Shipping.exe,19588,0x2EC4BC3AB90,DXGI,0,512,1,Hardware: Independent Flip,20270.1743,0.3296,0.1515,0.1781,14.0539,0.1573,0.1550,0.0023,23.2164,9.4305,8.1902,20270.1743,9.0052,NA,NA
SandFall-Win64-Shipping.exe,19588,0x2EC4BC3AB90,DXGI,0,512,1,Hardware: Independent Flip,20270.5039,19.6787,19.4111,0.2676,13.8816,18.4019,18.3944,0.0075,32.3173,9.0911,-9.1009,20270.5039,0.0338,NA,NA
SandFall-Win64-Shipping.exe,19588,0x2EC4BC3AB90,DXGI,0,512,1,Hardware: Independent Flip,20290.1826,0.3561,0.1660,0.1901,12.6048,0.1442,0.1427,0.0015,21.7297,9.0027,10.5876,20290.1826,8.9807,NA,NA
SandFall-Win64-Shipping.exe,19588,0x2EC4BC3AB90,DXGI,0,512,1,Hardware: Independent Flip,20290.5387,17.6348,17.3909,0.2439,12.3929,17.9829,17.9766,0.0063,30.3763,9.1774,-8.6466,20290.5387,0.0005,NA,NA
SandFall-Win64-Shipping.exe,19588,0x2EC4BC3AB90,DXGI,0,512,1,Hardware: Independent Flip,20308.1735,0.3078,0.1502,0.1576,12.7410,0.1009,0.0993,0.0016,21.9189,9.2863,8.4574,20308.1735,9.0770,NA,NA
SandFall-Win64-Shipping.exe,19588,0x2EC4BC3AB90,DXGI,0,512,1,Hardware: Independent Flip,20308.4813,18.2917,18.0027,0.2890,12.5341,18.3632,18.3561,0.0071,30.8974,9.4213,-8.9785,20308.4813,0.0001,NA,NA
SandFall-Win64-Shipping.exe,19588,0x2EC4BC3AB90,DXGI,0,512,1,Hardware: Independent Flip,20326.7730,0.3376,0.1660,0.1716,12.6056,0.1522,0.1506,0.0016,22.0270,9.1277,8.8704,20326.7730,9.2692,NA,NA
SandFall-Win64-Shipping.exe,19588,0x2EC4BC3AB90,DXGI,0,512,1,Hardware: Independent Flip,20327.1106,19.7268,19.4715,0.2553,12.4202,18.3958,18.3879,0.0079,30.8171,9.4810,-8.7901,20327.1106,0.0011,NA,NA
SandFall-Win64-Shipping.exe,19588,0x2EC4BC3AB90,DXGI,0,512,1,Hardware: Independent Flip,20346.8374,0.3131,0.1564,0.1567,11.0892,0.1395,0.1395,0.0000,20.5713,9.0215,10.2458,20346.8374,9.3426,NA,NA
SandFall-Win64-Shipping.exe,19588,0x2EC4BC3AB90,DXGI,0,512,1,Hardware: Independent Flip,20347.1505,17.0862,16.8174,0.2688,10.9156,18.3636,18.3560,0.0076,29.2797,9.2789,-8.7084,20347.1505,0.0005,NA,NA
SandFall-Win64-Shipping.exe,19588,0x2EC4BC3AB90,DXGI,0,512,1,Hardware: Independent Flip,20364.2367,0.3749,0.2001,0.1748,12.1930,0.1117,0.1097,0.0020,21.4724,9.2985,7.8073,20364.2367,9.1677,NA,NA
SandFall-Win64-Shipping.exe,19588,0x2EC4BC3AB90,DXGI,0,512,1,Hardware: Independent Flip,20364.6116,18.2415,17.9478,0.2937,11.9298,18.3207,18.3089,0.0118,30.3960,9.0728,-8.9236,20364.6116,0.1455,NA,NA
SandFall-Win64-Shipping.exe,19588,0x2EC4BC3AB90,DXGI,0,512,1,Hardware: Independent Flip,20382.8531,0.3575,0.1751,0.1824,12.0090,0.1436,0.1414,0.0022,21.2273,9.2326,9.1687,20382.8531,9.0747,NA,NA
SandFall-Win64-Shipping.exe,19588,0x2EC4BC3AB90,DXGI,0,512,1,Hardware: Independent Flip,20383.2106,18.4902,18.2395,0.2507,11.7951,18.1477,18.1383,0.0094,30.1024,8.9143,-8.8751,20383.2106,0.1596,NA,NA
SandFall-Win64-Shipping.exe,19588,0x2EC4BC3AB90,DXGI,0,512,1,Hardware: Independent Flip,20401.7008,0.3036,0.1514,0.1522,11.4526,0.1048,0.1033,0.0015,20.5265,10.2089,9.5759,20401.7008,8.9691,NA,NA
SandFall-Win64-Shipping.exe,19588,0x2EC4BC3AB90,DXGI,0,512,1,Hardware: Independent Flip,20402.0044,19.6987,19.4331,0.2656,11.2538,19.1031,18.4015,0.7016,30.4318,9.4402,-9.9053,20402.0044,0.0749,NA,NA
SandFall-Win64-Shipping.exe,19588,0x2EC4BC3AB90,DXGI,0,512,1,Hardware: Independent Flip,20421.7031,0.3168,0.1599,0.1569,10.6582,0.1275,0.1275,0.0000,20.1733,9.4017,10.2585,20421.7031,9.3876,NA,NA
SandFall-Win64-Shipping.exe,19588,0x2EC4BC3AB90,DXGI,0,512,1,Hardware: Independent Flip,20422.0199,18.6907,18.4215,0.2692,10.4689,18.7882,17.9671,0.8211,29.2582,9.8343,-9.0849,20422.0199,0.0011,NA,NA
SandFall-Win64-Shipping.exe,19588,0x2EC4BC3AB90,DXGI,0,512,1,Hardware: Independent Flip,20440.7106,0.3407,0.1776,0.1631,10.5664,0.1036,0.0990,0.0046,20.4018,8.9977,8.8564,20440.7106,9.7318,NA,NA
SandFall-Win64-Shipping.exe,19588,0x2EC4BC3AB90,DXGI,0,512,1,Hardware: Independent Flip,20441.0513,18.1336,17.8772,0.2564,10.3293,18.7279,18.5309,0.1970,29.0588,9.7456,-8.6570,20441.0513,0.0016,NA,NA
SandFall-Win64-Shipping.exe,19588,0x2EC4BC3AB90,DXGI,0,512,1,Hardware: Independent Flip,20459.1849,0.3293,0.1587,0.1706,10.9236,0.0998,0.0982,0.0016,20.6708,8.8426,8.3880,20459.1849,9.6474,NA,NA
SandFall-Win64-Shipping.exe,19588,0x2EC4BC3AB90,DXGI,0,512,1,Hardware: Independent Flip,20459.5142,17.1024,16.8510,0.2514,10.6941,18.4888,18.4782,0.0106,29.1841,9.4398,-8.5133,20459.5142,0.0012,NA,NA
SandFall-Win64-Shipping.exe,19588,0x2EC4BC3AB90,DXGI,0,512,1,Hardware: Independent Flip,20476.6166,0.3440,0.1609,0.1831,12.0805,0.1415,0.1399,0.0016,21.5215,10.1678,7.6626,20476.6166,9.2995,NA,NA
SandFall-Win64-Shipping.exe,19588,0x2EC4BC3AB90,DXGI,0,512,1,Hardware: Independent Flip,20476.9606,18.5812,18.2156,0.3656,11.8780,19.1414,19.1306,0.0108,31.3453,9.2885,-9.8238,20476.9606,0.3259,NA,NA
SandFall-Win64-Shipping.exe,19588,0x2EC4BC3AB90,DXGI,0,512,1,Hardware: Independent Flip,20495.5418,0.3721,0.1936,0.1785,12.4382,0.1141,0.1124,0.0017,22.0526,8.7420,9.2927,20495.5418,9.5003,NA,NA
SandFall-Win64-Shipping.exe,19588,0x2EC4BC3AB90,DXGI,0,512,1,Hardware: Independent Flip,20495.9139,17.8830,17.5451,0.3379,12.1802,18.2409,18.2346,0.0063,30.4225,9.0031,-8.3699,20495.9139,0.0014,NA,NA
SandFall-Win64-Shipping.exe,19588,0x2EC4BC3AB90,DXGI,0,512,1,Hardware: Independent Flip,20513.7969,0.3674,0.1722,0.1952,12.5381,0.1071,0.1049,0.0022,21.5426,9.5633,8.8799,20513.7969,8.8974,NA,NA
SandFall-Win64-Shipping.exe,19588,0x2EC4BC3AB90,DXGI,0,512,1,Hardware: Independent Flip,20514.1643,19.0255,18.7358,0.2897,12.2778,18.2083,18.2023,0.0060,30.7385,8.9115,-9.1959,20514.1643,0.2524,NA,NA
SandFall-Win64-Shipping.exe,19588,0x2EC4BC3AB90,DXGI,0,512,1,Hardware: Independent Flip,20533.1898,0.3312,0.1628,0.1684,11.4606,0.1315,0.1290,0.0025,20.6245,9.0077,10.1140,20533.1898,9.0324,NA,NA
SandFall-Win64-Shipping.exe,19588,0x2EC4BC3AB90,DXGI,0,512,1,Hardware: Independent Flip,20533.5210,16.4764,16.1955,0.2809,11.2609,18.0394,18.0257,0.0137,29.3010,8.9183,-8.6765,20533.5210,0.0007,NA,NA
SandFall-Win64-Shipping.exe,19588,0x2EC4BC3AB90,DXGI,0,512,1,Hardware: Independent Flip,20549.9974,0.3525,0.1719,0.1806,12.8239,0.1310,0.1286,0.0024,21.7429,10.0781,7.5581,20549.9974,8.7880,NA,NA
SandFall-Win64-Shipping.exe,19588,0x2EC4BC3AB90,DXGI,0,512,1,Hardware: Independent Flip,20550.3499,19.0502,18.7936,0.2566,12.6024,18.8654,18.8533,0.0121,31.4685,9.5623,-9.7256,20550.3499,0.0007,NA,NA
SandFall-Win64-Shipping.exe,19588,0x2EC4BC3AB90,DXGI,0,512,1,Hardware: Independent Flip,20569.4001,0.3644,0.1895,0.1749,12.4176,0.1416,0.1400,0.0016,21.9806,9.4412,9.4879,20569.4001,9.4214,NA,NA
SandFall-Win64-Shipping.exe,19588,0x2EC4BC3AB90,DXGI,0,512,1,Hardware: Independent Flip,20569.7645,18.8536,18.1523,0.7013,12.1948,18.8619,18.8549,0.0070,31.0574,9.8670,-9.0768,20569.7645,0.0007,43.9159,NA
SandFall-Win64-Shipping.exe,19588,0x2EC4BC3AB90,DXGI,0,512,1,Hardware: Independent Flip,20588.6181,0.4025,0.1831,0.2194,12.2031,0.1268,0.1246,0.0022,22.0708,8.9788,8.9866,20588.6181,9.7409,23.0179,NA
SandFall-Win64-Shipping.exe,19588,0x2EC4BC3AB90,DXGI,0,512,1,Hardware: Independent Flip,20589.0206,17.5010,17.2476,0.2534,11.9274,18.7191,18.7122,0.0069,30.6471,9.8207,-8.5763,20589.0206,0.0006,NA,NA
SandFall-Win64-Shipping.exe,19588,0x2EC4BC3AB90,DXGI,0,512,1,Hardware: Independent Flip,20606.5216,0.3623,0.1861,0.1762,13.1455,0.1028,0.1013,0.0015,22.9668,9.0744,7.6803,20606.5216,9.7185,NA,NA
SandFall-Win64-Shipping.exe,19588,0x2EC4BC3AB90,DXGI,0,512,1,Hardware: Independent Flip,20606.8839,18.0117,17.7424,0.2693,12.8860,18.7919,18.7803,0.0116,31.6789,9.5034,-8.7121,20606.8839,0.0010,NA,NA
SandFall-Win64-Shipping.exe,19588,0x2EC4BC3AB90,DXGI,0,512,1,Hardware: Independent Flip,20624.8956,0.3215,0.1533,0.1682,13.6662,0.1012,0.0995,0.0017,23.1706,9.5231,8.5083,20624.8956,9.4032,NA,NA
SandFall-Win64-Shipping.exe,19588,0x2EC4BC3AB90,DXGI,0,512,1,Hardware: Independent Flip,20625.2171,18.8394,18.4831,0.3563,13.4459,18.6387,18.6313,0.0074,32.3722,9.0733,-9.2016,20625.2171,0.2876,39.1818,NA
SandFall-Win64-Shipping.exe,19588,0x2EC4BC3AB90,DXGI,0,512,1,Hardware: Independent Flip,20644.0565,0.3468,0.1689,0.1779,13.2452,0.1247,0.1231,0.0016,22.6061,9.7233,9.7661,20644.0565,9.2362,NA,NA
SandFall-Win64-Shipping.exe,19588,0x2EC4BC3AB90,DXGI,0,512,1,Hardware: Independent Flip,20644.4033,17.9029,17.6461,0.2568,13.0231,18.6640,18.6567,0.0073,31.9826,8.9562,-9.3765,20644.4033,0.2955,NA,NA
SandFall-Win64-Shipping.exe,19588,0x2EC4BC3AB90,DXGI,0,512,1,Hardware: Independent Flip,20662.3062,0.3772,0.2128,0.1644,13.7842,0.1433,0.1411,0.0022,23.0359,9.4084,8.9467,20662.3062,9.1084,NA,NA
SandFall-Win64-Shipping.exe,19588,0x2EC4BC3AB90,DXGI,0,512,1,Hardware: Independent Flip,20662.6834,19.8911,19.6077,0.2834,13.5503,18.5160,18.5070,0.0090,32.0671,9.1872,-9.0312,20662.6834,0.0008,45.5874,NA
SandFall-Win64-Shipping.exe,19588,0x2EC4BC3AB90,DXGI,0,512,1,Hardware: Independent Flip,20682.5745,0.3408,0.1671,0.1737,12.1752,0.1402,0.1386,0.0016,21.3632,9.4277,10.7039,20682.5745,9.0478,NA,NA
SandFall-Win64-Shipping.exe,19588,0x2EC4BC3AB90,DXGI,0,512,1,Hardware: Independent Flip,20682.9153,16.9912,16.7345,0.2567,11.9746,18.4748,18.4685,0.0063,30.4501,9.5498,-9.0869,20682.9153,0.0007,NA,NA
SandFall-Win64-Shipping.exe,19588,0x2EC4BC3AB90,DXGI,0,512,1,Hardware: Independent Flip,20699.9065,0.3653,0.1968,0.1685,13.4582,0.1043,0.0990,0.0053,23.0087,9.0267,7.4414,20699.9065,9.4462,NA,NA
SandFall-Win64-Shipping.exe,19588,0x2EC4BC3AB90,DXGI,0,512,1,Hardware: Independent Flip,20700.2718,19.3604,19.0803,0.2801,13.1972,18.4722,18.4593,0.0129,31.6701,9.5549,-8.6614,20700.2718,0.0007,36.6805,NA
SandFall-Win64-Shipping.exe,19588,0x2EC4BC3AB90,DXGI,0,512,1,Hardware: Independent Flip,20719.6322,0.3200,0.1597,0.1603,12.3090,0.1006,0.0990,0.0016,21.8646,9.5646,9.8055,20719.6322,9.4550,NA,NA
SandFall-Win64-Shipping.exe,19588,0x2EC4BC3AB90,DXGI,0,512,1,Hardware: Independent Flip,20719.9522,18.6964,18.4513,0.2451,12.0896,19.0189,19.0123,0.0066,31.1092,9.6966,-9.2446,20719.9522,0.0007,34.6021,NA
SandFall-Win64-Shipping.exe,19588,0x2EC4BC3AB90,DXGI,0,512,1,Hardware: Independent Flip,20738.6486,0.3395,0.1833,0.1562,12.4121,0.1394,0.1378,0.0016,22.1094,8.8306,8.9998,20738.6486,9.5579,NA,NA
SandFall-Win64-Shipping.exe,19588,0x2EC4BC3AB90,DXGI,0,512,1,Hardware: Independent Flip,20738.9881,18.3612,17.8700,0.4912,12.2120,18.3878,18.3448,0.0430,30.6005,9.3805,-8.4911,20738.9881,0.0007,34.1345,NA
SandFall-Win64-Shipping.exe,19588,0x2EC4BC3AB90,DXGI,0,512,1,Hardware: Independent Flip,20757.3493,0.3369,0.1789,0.1580,12.2386,0.1420,0.1420,0.0000,21.6198,9.9249,8.9807,20757.3493,9.2392,NA,NA
SandFall-Win64-Shipping.exe,19588,0x2EC4BC3AB90,DXGI,0,512,1,Hardware: Independent Flip,20757.6862,19.0422,18.7859,0.2563,12.0437,18.8739,18.8624,0.0115,31.2078,9.2108,-9.5880,20757.6862,0.2902,32.1142,NA
SandFall-Win64-Shipping.exe,19588,0x2EC4BC3AB90,DXGI,0,512,1,Hardware: Independent Flip,20776.7284,0.5412,0.1597,0.3815,11.8754,0.1274,0.1259,0.0015,21.3764,9.0152,9.8314,20776.7284,9.3736,25.6512,NA
SandFall-Win64-Shipping.exe,19588,0x2EC4BC3AB90,DXGI,0,512,1,Hardware: Independent Flip,20777.2696,18.3026,18.0505,0.2521,11.4616,18.3718,18.3620,0.0098,29.8504,9.0079,-8.4740,20777.2696,0.0170,NA,NA
SandFall-Win64-Shipping.exe,19588,0x2EC4BC3AB90,DXGI,0,512,1,Hardware: Independent Flip,20795.5722,0.3071,0.1524,0.1547,11.5308,0.0716,0.0646,0.0070,20.5557,15.7596,9.2947,20795.5722,8.9533,NA,NA
SandFall-Win64-Shipping.exe,19588,0x2EC4BC3AB90,DXGI,0,512,1,Hardware: Independent Flip,20795.8793,25.9159,25.6612,0.2547,11.2953,24.5719,18.1960,6.3759,36.0082,12.2083,-15.4525,20795.8793,0.1410,18.4293,NA
SandFall-Win64-Shipping.exe,19588,0x2EC4BC3AB90,DXGI,0,512,1,Hardware: Independent Flip,20821.7952,0.3170,0.1599,0.1571,9.9513,0.1568,0.1540,0.0028,22.3006,6.2692,13.7076,20821.7952,12.1925,NA,NA
SandFall-Win64-Shipping.exe,19588,0x2EC4BC3AB90,DXGI,0,512,1,Hardware: Independent Flip,20822.1122,13.8046,13.5142,0.2904,9.7911,18.4609,18.4560,0.0049,28.2528,9.1789,-5.9522,20822.1122,0.0008,16.9136,NA
SandFall-Win64-Shipping.exe,19588,0x2EC4BC3AB90,DXGI,0,512,1,Hardware: Independent Flip,20835.9168,0.3677,0.1831,0.1846,14.4474,0.1150,0.1132,0.0018,23.6271,9.9190,4.6257,20835.9168,9.0647,NA,NA
SandFall-Win64-Shipping.exe,19588,0x2EC4BC3AB90,DXGI,0,512,1,Hardware: Independent Flip,20836.2845,16.6851,16.3944,0.2907,14.1947,18.9829,18.9742,0.0087,33.1784,9.9968,-9.5513,20836.2845,0.0008,18.0076,NA
SandFall-Win64-Shipping.exe,19588,0x2EC4BC3AB90,DXGI,0,512,1,Hardware: Independent Flip,20852.9696,0.3204,0.1597,0.1607,16.4925,0.1419,0.1397,0.0022,26.4901,8.8166,6.6883,20852.9696,9.8557,NA,NA
SandFall-Win64-Shipping.exe,19588,0x2EC4BC3AB90,DXGI,0,512,1,Hardware: Independent Flip,20853.2900,18.7254,18.4759,0.2495,16.3140,18.6720,18.6600,0.0120,34.9863,9.8383,-8.4962,20853.2900,0.0003,17.8216,NA
SandFall-Win64-Shipping.exe,19588,0x2EC4BC3AB90,DXGI,0,512,1,Hardware: Independent Flip,20872.0154,0.3781,0.1734,0.2047,16.2606,0.1032,0.0986,0.0046,26.0992,9.8046,8.8871,20872.0154,9.7354,NA,NA
SandFall-Win64-Shipping.exe,19588,0x2EC4BC3AB90,DXGI,0,512,1,Hardware: Independent Flip,20872.3935,30.2339,29.8771,0.3568,15.9857,19.5392,19.4406,0.0986,35.5257,10.3573,-9.4265,20872.3935,0.0008,18.4638,NA
SandFall-Win64-Shipping.exe,19588,0x2EC4BC3AB90,DXGI,0,512,1,Hardware: Independent Flip,20902.6274,0.3938,0.2064,0.1874,5.2910,0.1024,0.1007,0.0017,15.6491,8.1345,19.8766,20902.6274,10.2557,NA,NA
SandFall-Win64-Shipping.exe,19588,0x2EC4BC3AB90,DXGI,0,512,1,Hardware: Independent Flip,20903.0212,8.5517,8.1076,0.4441,4.9996,18.3902,18.3874,0.0028,23.3898,9.5188,-7.7407,20903.0212,NA,18.9252,NA
SandFall-Win64-Shipping.exe,19588,0x2EC4BC3AB90,DXGI,0,512,1,Hardware: Independent Flip,20911.5729,0.4619,0.2511,0.2108,14.8381,0.1283,0.1260,0.0023,24.3569,9.2425,-0.9671,20911.5729,9.3905,NA,NA
SandFall-Win64-Shipping.exe,19588,0x2EC4BC3AB90,DXGI,0,512,1,Hardware: Independent Flip,20912.0348,18.1067,17.8182,0.2885,14.5045,18.4740,18.4708,0.0032,33.1375,9.1790,-8.7806,20912.0348,0.1590,18.7194,NA
SandFall-Win64-Shipping.exe,19588,0x2EC4BC3AB90,DXGI,0,512,1,Hardware: Independent Flip,20930.1415,0.3651,0.1638,0.2013,14.8718,0.1771,0.1753,0.0018,24.2098,10.0323,8.9277,20930.1415,9.1609,NA,NA
SandFall-Win64-Shipping.exe,19588,0x2EC4BC3AB90,DXGI,0,512,1,Hardware: Independent Flip,20930.5066,17.8750,17.6081,0.2669,14.6838,18.9958,18.9912,0.0046,33.8770,9.2560,-9.6672,20930.5066,0.1974,17.9303,NA
SandFall-Win64-Shipping.exe,19588,0x2EC4BC3AB90,DXGI,0,512,1,Hardware: Independent Flip,20948.3816,0.3824,0.2092,0.1732,15.8046,0.1423,0.1404,0.0019,25.2580,10.3868,8.6190,20948.3816,9.3111,NA,NA
SandFall-Win64-Shipping.exe,19588,0x2EC4BC3AB90,DXGI,0,512,1,Hardware: Independent Flip,20948.7640,23.1907,22.7918,0.3989,15.5645,19.6968,19.6932,0.0036,35.2624,10.0011,-10.0044,20948.7640,0.0011,18.5752,NA
SandFall-Win64-Shipping.exe,19588,0x2EC4BC3AB90,DXGI,0,512,1,Hardware: Independent Flip,20971.9547,0.7089,0.3260,0.3829,12.0706,0.1163,0.1144,0.0019,22.0728,10.2611,13.1896,20971.9547,9.8859,NA,NA
SandFall-Win64-Shipping.exe,19588,0x2EC4BC3AB90,DXGI,0,512,1,Hardware: Independent Flip,20972.6636,17.7658,17.4472,0.3186,11.4780,20.1466,20.1437,0.0029,31.6250,10.9037,-9.5522,20972.6636,0.0004,19.8323,NA
SandFall-Win64-Shipping.exe,19588,0x2EC4BC3AB90,DXGI,0,512,1,Hardware: Independent Flip,20990.4294,0.5488,0.3039,0.2449,13.8588,0.1620,0.1599,0.0021,24.7629,8.8041,6.8621,20990.4294,10.7421,NA,NA
SandFall-Win64-Shipping.exe,19588,0x2EC4BC3AB90,DXGI,0,512,1,Hardware: Independent Flip,20990.9782,13.0548,12.8090,0.2458,13.4720,19.5456,19.5391,0.0065,33.0182,10.4149,-8.2553,20990.9782,0.0006,NA,NA
SandFall-Win64-Shipping.exe,19588,0x2EC4BC3AB90,DXGI,0,512,1,Hardware: Independent Flip,21004.0330,0.8166,0.4272,0.3894,19.9628,0.1458,0.1426,0.0032,30.3783,9.7372,2.6399,21004.0330,10.2697,30.9569,NA
SandFall-Win64-Shipping.exe,19588,0x2EC4BC3AB90,DXGI,0,512,1,Hardware: Independent Flip,21004.8496,20.0198,19.5878,0.4320,19.2920,19.8530,19.8502,0.0028,39.2989,9.8834,-8.9206,21004.8496,0.1539,20.6965,NA
SandFall-Win64-Shipping.exe,19588,0x2EC4BC3AB90,DXGI,0,512,1,Hardware: Independent Flip,21024.8694,0.4856,0.2409,0.2447,19.1252,0.1806,0.1784,0.0022,29.1625,11.4188,10.1364,21024.8694,9.8567,NA,NA
SandFall-Win64-Shipping.exe,19588,0x2EC4BC3AB90,DXGI,0,512,1,Hardware: Independent Flip,21025.3550,27.6583,26.9358,0.7225,18.8202,20.7722,20.7671,0.0051,40.0957,9.8756,-10.9332,21025.3550,0.5033,21.9968,NA
SandFall-Win64-Shipping.exe,19588,0x2EC4BC3AB90,DXGI,0,512,1,Hardware: Independent Flip,21053.0133,0.7712,0.3507,0.4205,11.9341,0.1680,0.1656,0.0024,22.3130,11.5467,17.7827,21053.0133,10.2109,NA,NA
SandFall-Win64-Shipping.exe,19588,0x2EC4BC3AB90,DXGI,0,512,1,Hardware: Independent Flip,21053.7845,16.3577,16.0410,0.3167,11.3309,21.7565,21.7502,0.0063,33.0885,10.9288,-10.7755,21053.7845,0.0011,22.4116,NA
SandFall-Win64-Shipping.exe,19588,0x2EC4BC3AB90,DXGI,0,512,1,Hardware: Independent Flip,21070.1422,0.4583,0.2413,0.2170,16.7297,0.1110,0.1090,0.0020,27.6596,10.2027,5.4289,21070.1422,10.8189,NA,NA
SandFall-Win64-Shipping.exe,19588,0x2EC4BC3AB90,DXGI,0,512,1,Hardware: Independent Flip,21070.6005,20.3722,20.0974,0.2748,16.3824,21.0209,21.0143,0.0066,37.4040,11.5217,-9.7444,21070.6005,0.0007,22.5503,NA
SandFall-Win64-Shipping.exe,19588,0x2EC4BC3AB90,DXGI,0,512,1,Hardware: Independent Flip,21090.9727,0.4283,0.2456,0.1827,17.0311,0.1127,0.1109,0.0018,28.5535,9.6148,8.8505,21090.9727,11.4097,NA,NA
SandFall-Win64-Shipping.exe,19588,0x2EC4BC3AB90,DXGI,0,512,1,Hardware: Independent Flip,21091.4010,22.3178,21.7937,0.5241,16.7155,21.0236,21.0171,0.0065,37.7400,11.2963,-9.1865,21091.4010,0.0009,34.6522,NA
SandFall-Win64-Shipping.exe,19588,0x2EC4BC3AB90,DXGI,0,512,1,Hardware: Independent Flip,21113.7188,0.6481,0.3073,0.3408,15.4213,0.1971,0.1939,0.0032,26.7185,10.7746,11.0215,21113.7188,11.1001,NA,NA
SandFall-Win64-Shipping.exe,19588,0x2EC4BC3AB90,DXGI,0,512,1,Hardware: Independent Flip,21114.3669,17.4380,17.1132,0.3248,14.9703,21.6405,21.6346,0.0059,36.8450,10.6547,-10.1265,21114.3669,0.2342,27.7607,NA
SandFall-Win64-Shipping.exe,19588,0x2EC4BC3AB90,DXGI,0,512,1,Hardware: Independent Flip,21131.8049,0.3538,0.1779,0.1759,19.1728,0.1157,0.1138,0.0019,30.0617,10.6378,6.7833,21131.8049,10.7732,NA,NA
SandFall-Win64-Shipping.exe,19588,0x2EC4BC3AB90,DXGI,0,512,1,Hardware: Independent Flip,21132.1587,20.9932,20.6486,0.3446,18.9347,20.9164,20.9119,0.0045,40.3457,9.8537,-10.2840,21132.1587,0.4946,23.0481,NA
SandFall-Win64-Shipping.exe,19588,0x2EC4BC3AB90,DXGI,0,512,1,Hardware: Independent Flip,21153.1519,0.4460,0.1962,0.2498,18.8579,0.1451,0.1422,0.0029,29.2062,11.2384,11.1395,21153.1519,10.2032,NA,NA
SandFall-Win64-Shipping.exe,19588,0x2EC4BC3AB90,DXGI,0,512,1,Hardware: Independent Flip,21153.5979,22.1239,21.7249,0.3990,18.5570,20.9020,20.8979,0.0041,39.9986,9.7281,-10.7924,21153.5979,0.5396,34.1332,NA
SandFall-Win64-Shipping.exe,19588,0x2EC4BC3AB90,DXGI,0,512,1,Hardware: Independent Flip,21175.7218,0.3680,0.1948,0.1732,17.3351,0.1172,0.1172,0.0000,27.6028,10.5811,12.3958,21175.7218,10.1505,NA,NA
SandFall-Win64-Shipping.exe,19588,0x2EC4BC3AB90,DXGI,0,512,1,Hardware: Independent Flip,21176.0898,19.1306,18.8700,0.2606,17.0843,20.7310,20.7279,0.0031,37.8159,10.2766,-10.2131,21176.0898,0.0006,30.4408,NA
SandFall-Win64-Shipping.exe,19588,0x2EC4BC3AB90,DXGI,0,512,1,Hardware: Independent Flip,21195.2204,0.3820,0.2011,0.1809,18.6847,0.1463,0.1463,0.0000,28.9619,11.8793,8.8540,21195.2204,10.1309,NA,NA
SandFall-Win64-Shipping.exe,19588,0x2EC4BC3AB90,DXGI,0,512,1,Hardware: Independent Flip,21195.6024,23.6489,23.3822,0.2667,18.4490,22.0096,22.0066,0.0030,40.4592,11.5739,-11.4973,21195.6024,0.0006,NA,NA
SandFall-Win64-Shipping.exe,19588,0x2EC4BC3AB90,DXGI,0,512,1,Hardware: Independent Flip,21219.2513,0.3412,0.1717,0.1695,16.8097,0.1088,0.1061,0.0027,28.3842,9.7398,12.0750,21219.2513,11.4657,NA,NA
SandFall-Win64-Shipping.exe,19588,0x2EC4BC3AB90,DXGI,0,512,1,Hardware: Independent Flip,21219.5925,22.3404,22.0257,0.3147,16.5773,21.2048,21.1975,0.0073,37.7828,11.6170,-9.3986,21219.5925,0.0007,20.9128,NA
SandFall-Win64-Shipping.exe,19588,0x2EC4BC3AB90,DXGI,0,512,1,Hardware: Independent Flip,21241.9329,0.3844,0.2126,0.1718,15.4417,0.1313,0.1288,0.0025,27.0594,8.9609,10.7234,21241.9329,11.4864,NA,NA
SandFall-Win64-Shipping.exe,19588,0x2EC4BC3AB90,DXGI,0,512,1,Hardware: Independent Flip,21242.3173,19.3194,19.0687,0.2507,15.1886,20.4468,20.4421,0.0047,35.6359,10.6700,-8.5765,21242.3173,0.0005,NA,NA
SandFall-Win64-Shipping.exe,19588,0x2EC4BC3AB90,DXGI,0,512,1,Hardware: Independent Flip,21261.6367,0.3297,0.1688,0.1609,16.3160,0.1061,0.1045,0.0016,26.9865,10.5710,8.6494,21261.6367,10.5644,30.1705,NA
SandFall-Win64-Shipping.exe,19588,0x2EC4BC3AB90,DXGI,0,512,1,Hardware: Independent Flip,21261.9664,21.9032,21.5931,0.3101,16.0924,20.3159,20.3091,0.0068,37.2278,9.3817,-10.2413,21261.9664,0.8195,NA,NA
SandFall-Win64-Shipping.exe,19588,0x2EC4BC3AB90,DXGI,0,512,1,Hardware: Independent Flip,21283.8696,0.3766,0.1708,0.2058,14.5051,0.1320,0.1299,0.0021,24.7063,11.1375,12.5215,21283.8696,10.0692,NA,NA
SandFall-Win64-Shipping.exe,19588,0x2EC4BC3AB90,DXGI,0,512,1,Hardware: Independent Flip,21284.2462,18.3503,18.1002,0.2501,14.2605,20.5354,20.5260,0.0094,35.4672,9.2332,-10.7609,21284.2462,0.6713,37.2610,NA
SandFall-Win64-Shipping.exe,19588,0x2EC4BC3AB90,DXGI,0,512,1,Hardware: Independent Flip,21302.5965,0.3175,0.1580,0.1595,16.4456,0.1246,0.1246,0.0000,26.3501,10.2297,9.1171,21302.5965,9.7799,NA,NA
SandFall-Win64-Shipping.exe,19588,0x2EC4BC3AB90,DXGI,0,512,1,Hardware: Independent Flip,21302.9140,21.8699,21.6107,0.2592,16.2527,19.8615,19.8493,0.0122,36.2623,9.4837,-9.9122,21302.9140,0.1481,33.7157,NA
SandFall-Win64-Shipping.exe,19588,0x2EC4BC3AB90,DXGI,0,512,1,Hardware: Independent Flip,21324.7839,0.3408,0.1862,0.1546,14.2443,0.0953,0.0953,0.0000,23.8761,11.1448,12.3862,21324.7839,9.5365,NA,NA
SandFall-Win64-Shipping.exe,19588,0x2EC4BC3AB90,DXGI,0,512,1,Hardware: Independent Flip,21325.1247,22.4400,22.1680,0.2720,13.9988,20.6808,20.1548,0.5260,34.6801,10.6399,-10.8040,21325.1247,0.0005,31.3501,NA
SandFall-Win64-Shipping.exe,19588,0x2EC4BC3AB90,DXGI,0,512,1,Hardware: Independent Flip,21347.5647,0.3725,0.1926,0.1799,12.2396,0.1083,0.1027,0.0056,22.8800,11.8075,11.8001,21347.5647,10.5321,NA,NA
SandFall-Win64-Shipping.exe,19588,0x2EC4BC3AB90,DXGI,0,512,1,Hardware: Independent Flip,21347.9372,21.6574,21.3286,0.3288,11.9754,22.3387,20.3882,1.9505,34.3150,12.3274,-11.4350,21347.9372,0.0009,30.8016,NA
SandFall-Win64-Shipping.exe,19588,0x2EC4BC3AB90,DXGI,0,512,1,Hardware: Independent Flip,21369.5946,0.3322,0.1711,0.1611,12.6567,0.1108,0.1045,0.0063,24.9850,9.8143,9.3300,21369.5946,12.2175,NA,NA
SandFall-Win64-Shipping.exe,19588,0x2EC4BC3AB90,DXGI,0,512,1,Hardware: Independent Flip,21369.9268,21.7155,21.4345,0.2810,12.4353,22.0295,20.6142,1.4153,34.4671,12.3182,-9.4821,21369.9268,0.0023,30.9429,NA
SandFall-Win64-Shipping.exe,19588,0x2EC4BC3AB90,DXGI,0,512,1,Hardware: Independent Flip,21391.6423,0.3112,0.1575,0.1537,12.7493,0.1376,0.1354,0.0022,25.0698,9.7795,9.3973,21391.6423,12.1829,NA,NA
SandFall-Win64-Shipping.exe,19588,0x2EC4BC3AB90,DXGI,0,512,1,Hardware: Independent Flip,21391.9535,21.2214,20.9507,0.2707,12.5757,21.9614,20.8856,1.0758,34.5381,11.4589,-9.4683,21391.9535,0.0010,31.0390,NA
SandFall-Win64-Shipping.exe,19588,0x2EC4BC3AB90,DXGI,0,512,1,Hardware: Independent Flip,21413.1749,0.3558,0.1783,0.1775,13.3157,0.1142,0.1089,0.0053,24.7756,11.6944,9.7625,21413.1749,11.3457,NA,NA
SandFall-Win64-Shipping.exe,19588,0x2EC4BC3AB90,DXGI,0,512,1,Hardware: Independent Flip,21413.5307,22.2563,21.9293,0.3270,13.0741,22.2544,20.8169,1.4375,36.1142,10.3821,-11.3386,21413.5307,0.7857,33.1950,NA
SandFall-Win64-Shipping.exe,19588,0x2EC4BC3AB90,DXGI,0,512,1,Hardware: Independent Flip,21435.7870,0.3259,0.1690,0.1569,13.0722,0.1337,0.1313,0.0024,24.2400,10.8750,11.8742,21435.7870,11.0341,NA,NA
SandFall-Win64-Shipping.exe,19588,0x2EC4BC3AB90,DXGI,0,512,1,Hardware: Independent Flip,21436.1129,19.6662,19.3980,0.2682,12.8800,21.2136,21.2018,0.0118,34.7891,9.5747,-10.5491,21436.1129,0.6955,33.4506,NA
SandFall-Win64-Shipping.exe,19588,0x2EC4BC3AB90,DXGI,0,512,1,Hardware: Independent Flip,21455.7791,0.3033,0.1527,0.1506,14.4274,0.1298,0.1273,0.0025,24.6976,11.7011,10.0915,21455.7791,10.1404,NA,NA
SandFall-Win64-Shipping.exe,19588,0x2EC4BC3AB90,DXGI,0,512,1,Hardware: Independent Flip,21456.0824,21.0510,20.7717,0.2793,14.2539,21.3645,21.3524,0.0121,36.0954,9.9041,-11.3978,21456.0824,0.4770,33.7285,NA
SandFall-Win64-Shipping.exe,19588,0x2EC4BC3AB90,DXGI,0,512,1,Hardware: Independent Flip,21477.1334,0.3387,0.1856,0.1531,14.5674,0.1702,0.1663,0.0039,24.9485,11.6120,11.1469,21477.1334,10.2109,NA,NA
SandFall-Win64-Shipping.exe,19588,0x2EC4BC3AB90,DXGI,0,512,1,Hardware: Independent Flip,21477.4721,22.4975,22.2316,0.2659,14.3989,21.8220,21.7898,0.0322,36.2218,11.2555,-11.2733,21477.4721,0.0009,35.2444,NA
SandFall-Win64-Shipping.exe,19588,0x2EC4BC3AB90,DXGI,0,512,1,Hardware: Independent Flip,21499.9696,0.3416,0.1570,0.1846,13.7234,0.1627,0.1589,0.0038,24.9798,10.3990,11.2420,21499.9696,11.0937,NA,NA
SandFall-Win64-Shipping.exe,19588,0x2EC4BC3AB90,DXGI,0,512,1,Hardware: Independent Flip,21500.3112,21.2190,20.9389,0.2801,13.5445,21.4920,21.4757,0.0163,35.0372,11.9778,-10.0574,21500.3112,0.0007,35.8952,NA
SandFall-Win64-Shipping.exe,19588,0x2EC4BC3AB90,DXGI,0,512,1,Hardware: Independent Flip,21521.5302,0.3465,0.1785,0.1680,13.8175,0.1494,0.1494,0.0000,25.7960,9.0649,9.2412,21521.5302,11.8291,31.8637,NA
SandFall-Win64-Shipping.exe,19588,0x2EC4BC3AB90,DXGI,0,512,1,Hardware: Independent Flip,21521.8767,19.5876,19.1635,0.4241,13.6204,20.8930,20.8866,0.0064,34.5144,11.4170,-8.7184,21521.8767,0.0010,NA,NA
SandFall-Win64-Shipping.exe,19588,0x2EC4BC3AB90,DXGI,0,512,1,Hardware: Independent Flip,21541.4643,0.3359,0.1789,0.1570,14.9258,0.1366,0.1343,0.0023,26.3438,10.6615,8.1706,21541.4643,11.2814,NA,NA
SandFall-Win64-Shipping.exe,19588,0x2EC4BC3AB90,DXGI,0,512,1,Hardware: Independent Flip,21541.8002,20.6590,20.4062,0.2528,14.7265,21.4718,21.4622,0.0096,36.6694,10.3446,-10.3256,21541.8002,0.4711,NA,NA
SandFall-Win64-Shipping.exe,19588,0x2EC4BC3AB90,DXGI,0,512,1,Hardware: Independent Flip,21562.4592,0.3144,0.1519,0.1625,15.5393,0.1274,0.1252,0.0022,26.3550,10.8847,10.3144,21562.4592,10.6883,NA,NA
SandFall-Win64-Shipping.exe,19588,0x2EC4BC3AB90,DXGI,0,512,1,Hardware: Independent Flip,21562.7736,20.3100,20.0639,0.2461,15.3523,20.7599,20.7541,0.0058,36.9253,9.3895,-10.5703,21562.7736,0.8131,NA,NA
SandFall-Win64-Shipping.exe,19588,0x2EC4BC3AB90,DXGI,0,512,1,Hardware: Independent Flip,21583.0836,0.3106,0.1556,0.1550,15.8022,0.1432,0.1414,0.0018,26.0048,12.0508,10.9205,21583.0836,10.0594,NA,NA
SandFall-Win64-Shipping.exe,19588,0x2EC4BC3AB90,DXGI,0,512,1,Hardware: Independent Flip,21583.3942,21.6365,21.3797,0.2568,15.6348,21.5192,21.5093,0.0099,37.7450,9.8068,-11.7402,21583.3942,0.5910,NA,NA
SandFall-Win64-Shipping.exe,19588,0x2EC4BC3AB90,DXGI,0,512,1,Hardware: Independent Flip,21605.0307,0.3252,0.1628,0.1624,15.5175,0.1006,0.0988,0.0018,25.9153,10.4543,11.8297,21605.0307,10.2972,NA,NA
SandFall-Win64-Shipping.exe,19588,0x2EC4BC3AB90,DXGI,0,512,1,Hardware: Independent Flip,21605.3559,20.6775,20.4194,0.2581,15.2929,20.7501,20.7238,0.0263,36.0444,10.7843,-10.1291,21605.3559,0.0014,NA,NA
SandFall-Win64-Shipping.exe,19588,0x2EC4BC3AB90,DXGI,0,512,1,Hardware: Independent Flip,21626.0334,0.3083,0.1519,0.1564,15.3655,0.1164,0.1149,0.0015,26.1512,10.6330,9.8932,21626.0334,10.6693,NA,NA
SandFall-Win64-Shipping.exe,19588,0x2EC4BC3AB90,DXGI,0,512,1,Hardware: Independent Flip,21626.3417,25.5968,25.3400,0.2568,15.1736,21.3020,21.2882,0.0138,36.4759,11.7021,-10.3247,21626.3417,0.0003,NA,NA
SandFall-Win64-Shipping.exe,19588,0x2EC4BC3AB90,DXGI,0,512,1,Hardware: Independent Flip,21651.9385,0.3456,0.1587,0.1869,10.8788,0.1143,0.1124,0.0019,22.5812,9.1178,13.8947,21651.9385,11.5881,NA,NA
SandFall-Win64-Shipping.exe,19588,0x2EC4BC3AB90,DXGI,0,512,1,Hardware: Independent Flip,21652.2841,18.0294,17.7719,0.2575,10.6475,20.7054,20.6942,0.0112,31.3534,11.3487,-8.7722,21652.2841,0.0005,NA,NA
SandFall-Win64-Shipping.exe,19588,0x2EC4BC3AB90,DXGI,0,512,1,Hardware: Independent Flip,21670.3135,0.3480,0.1806,0.1674,13.3235,0.1433,0.1410,0.0023,24.6727,10.9708,6.6807,21670.3135,11.2059,NA,NA
SandFall-Win64-Shipping.exe,19588,0x2EC4BC3AB90,DXGI,0,512,1,Hardware: Independent Flip,21670.6615,21.2334,20.9372,0.2962,13.1188,21.8177,21.8085,0.0092,35.2955,10.5923,-10.6228,21670.6615,0.3590,NA,NA
SandFall-Win64-Shipping.exe,19588,0x2EC4BC3AB90,DXGI,0,512,1,Hardware: Independent Flip,21691.8949,0.3143,0.1599,0.1544,13.7031,0.1226,0.1209,0.0017,24.6544,10.8296,10.6411,21691.8949,10.8287,NA,NA
SandFall-Win64-Shipping.exe,19588,0x2EC4BC3AB90,DXGI,0,512,1,Hardware: Independent Flip,21692.2092,20.7834,20.5212,0.2622,13.5114,21.1135,21.1021,0.0114,35.1697,9.8864,-10.5153,21692.2092,0.5448,NA,NA
SandFall-Win64-Shipping.exe,19588,0x2EC4BC3AB90,DXGI,0,512,1,Hardware: Independent Flip,21712.9926,0.3680,0.1947,0.1733,13.8415,0.0872,0.0872,0.0000,24.2727,10.7136,10.8970,21712.9926,10.3440,NA,NA
SandFall-Win64-Shipping.exe,19588,0x2EC4BC3AB90,DXGI,0,512,1,Hardware: Independent Flip,21713.3606,21.2646,21.0017,0.2629,13.5607,20.6122,20.6018,0.0104,34.6183,9.6085,-10.3456,21713.3606,0.4454,NA,NA
SandFall-Win64-Shipping.exe,19588,0x2EC4BC3AB90,DXGI,0,512,1,Hardware: Independent Flip,21734.6252,0.3663,0.2027,0.1636,12.9083,0.1438,0.1357,0.0081,22.9622,12.0958,11.6561,21734.6252,9.9101,NA,NA
SandFall-Win64-Shipping.exe,19588,0x2EC4BC3AB90,DXGI,0,512,1,Hardware: Independent Flip,21734.9915,21.8274,21.3784,0.4490,12.6858,21.9586,20.8894,1.0692,34.6917,10.7610,-11.7295,21734.9915,0.0473,NA,NA
SandFall-Win64-Shipping.exe,19588,0x2EC4BC3AB90,DXGI,0,512,1,Hardware: Independent Flip,21756.8189,0.3458,0.1823,0.1635,12.8170,0.0978,0.0962,0.0016,23.6253,12.9803,11.0664,21756.8189,10.7105,NA,NA
SandFall-Win64-Shipping.exe,19588,0x2EC4BC3AB90,DXGI,0,512,1,Hardware: Independent Flip,21757.1647,22.7501,22.4697,0.2804,12.5690,23.6900,21.1723,2.5177,36.2598,12.9802,-12.6345,21757.1647,0.0008,NA,NA
SandFall-Win64-Shipping.exe,19588,0x2EC4BC3AB90,DXGI,0,512,1,Hardware: Independent Flip,21779.9148,0.3390,0.1684,0.1706,13.5089,0.0974,0.0957,0.0017,26.4899,7.7451,9.7699,21779.9148,12.8836,NA,NA
SandFall-Win64-Shipping.exe,19588,0x2EC4BC3AB90,DXGI,0,512,1,Hardware: Independent Flip,21780.2538,18.8280,18.5826,0.2454,13.2673,20.6282,20.6159,0.0123,33.8960,11.2712,-7.4061,21780.2538,0.0005,NA,NA
SandFall-Win64-Shipping.exe,19588,0x2EC4BC3AB90,DXGI,0,512,1,Hardware: Independent Flip,21799.0818,0.3190,0.1646,0.1544,15.0675,0.1472,0.1455,0.0017,26.3392,10.1822,7.5568,21799.0818,11.1245,NA,NA
SandFall-Win64-Shipping.exe,19588,0x2EC4BC3AB90,DXGI,0,512,1,Hardware: Independent Flip,21799.4008,20.9056,20.6481,0.2575,14.8957,21.2371,21.2291,0.0080,36.2024,10.5917,-9.8632,21799.4008,0.0696,NA,NA
SandFall-Win64-Shipping.exe,19588,0x2EC4BC3AB90,DXGI,0,512,1,Hardware: Independent Flip,21820.3064,0.3086,0.1557,0.1529,15.2272,0.1066,0.1050,0.0016,25.8885,10.6418,10.3139,21820.3064,10.5547,NA,NA
SandFall-Win64-Shipping.exe,19588,0x2EC4BC3AB90,DXGI,0,512,1,Hardware: Independent Flip,21820.6150,22.1825,21.8162,0.3663,15.0252,20.8647,20.8498,0.0149,36.2217,10.0979,-10.3332,21820.6150,0.3318,40.3799,NA
SandFall-Win64-Shipping.exe,19588,0x2EC4BC3AB90,DXGI,0,512,1,Hardware: Independent Flip,21842.7975,0.3591,0.1986,0.1605,13.7074,0.0768,0.0720,0.0048,24.1371,11.6930,12.0846,21842.7975,10.3529,NA,NA
SandFall-Win64-Shipping.exe,19588,0x2EC4BC3AB90,DXGI,0,512,1,Hardware: Independent Flip,21843.1566,23.8759,23.5978,0.2781,13.4251,21.7145,20.8957,0.8188,35.4710,10.3990,-11.3339,21843.1566,0.3314,36.1728,NA
SandFall-Win64-Shipping.exe,19588,0x2EC4BC3AB90,DXGI,0,512,1,Hardware: Independent Flip,21867.0325,0.3203,0.1622,0.1581,11.2637,0.1360,0.1343,0.0017,21.9941,10.5173,13.4769,21867.0325,10.5944,NA,NA
SandFall-Win64-Shipping.exe,19588,0x2EC4BC3AB90,DXGI,0,512,1,Hardware: Independent Flip,21867.3528,18.1559,17.8368,0.3191,11.0794,21.1107,21.0951,0.0156,32.1911,10.8356,-10.1970,21867.3528,0.0010,32.0876,NA
SandFall-Win64-Shipping.exe,19588,0x2EC4BC3AB90,DXGI,0,512,1,Hardware: Independent Flip,21885.5087,0.3710,0.1964,0.1746,14.0342,0.1062,0.1045,0.0017,24.8708,10.4815,7.3203,21885.5087,10.7304,NA,NA
SandFall-Win64-Shipping.exe,19588,0x2EC4BC3AB90,DXGI,0,512,1,Hardware: Independent Flip,21885.8797,20.3885,20.1387,0.2498,13.7694,21.2110,21.2006,0.0104,34.9813,11.1676,-10.1105,21885.8797,0.0009,35.4087,NA
SandFall-Win64-Shipping.exe,19588,0x2EC4BC3AB90,DXGI,0,512,1,Hardware: Independent Flip,21906.2682,0.3086,0.1552,0.1534,14.5919,0.1829,0.1829,0.0000,25.7604,10.0523,9.2209,21906.2682,10.9856,NA,NA
SandFall-Win64-Shipping.exe,19588,0x2EC4BC3AB90,DXGI,0,512,1,Hardware: Independent Flip,21906.5768,22.6761,22.3931,0.2830,14.4662,21.0371,21.0248,0.0123,35.5041,10.9236,-9.7437,21906.5768,0.0008,31.6264,NA
SandFall-Win64-Shipping.exe,19588,0x2EC4BC3AB90,DXGI,0,512,1,Hardware: Independent Flip,21929.2529,0.3711,0.2028,0.1683,12.8272,0.1623,0.1623,0.0000,23.7516,11.7419,11.7525,21929.2529,10.7621,NA,NA
SandFall-Win64-Shipping.exe,19588,0x2EC4BC3AB90,DXGI,0,512,1,Hardware: Independent Flip,21929.6240,23.3974,23.1257,0.2717,12.6184,22.2842,21.5410,0.7432,35.1224,10.9749,-11.3708,21929.6240,0.2198,36.2880,NA
SandFall-Win64-Shipping.exe,19588,0x2EC4BC3AB90,DXGI,0,512,1,Hardware: Independent Flip,21953.0214,0.3456,0.1756,0.1700,11.5052,0.1223,0.1223,0.0000,22.6999,9.5793,12.4225,21953.0214,11.0724,NA,NA
SandFall-Win64-Shipping.exe,19588,0x2EC4BC3AB90,DXGI,0,512,1,Hardware: Independent Flip,21953.3670,18.7860,18.0133,0.7727,11.2819,20.6508,20.6427,0.0081,31.9336,10.4658,-9.2337,21953.3670,0.0009,33.8427,NA
SandFall-Win64-Shipping.exe,19588,0x2EC4BC3AB90,DXGI,0,512,1,Hardware: Independent Flip,21972.1530,0.4526,0.1899,0.2627,13.1467,0.1299,0.1280,0.0019,23.6134,11.2501,8.3202,21972.1530,10.3368,NA,NA
SandFall-Win64-Shipping.exe,19588,0x2EC4BC3AB90,DXGI,0,512,1,Hardware: Independent Flip,21972.6056,19.8784,19.6197,0.2587,12.8240,21.0777,21.0631,0.0146,34.4109,10.0711,-10.7975,21972.6056,0.5092,32.5642,NA
SandFall-Win64-Shipping.exe,19588,0x2EC4BC3AB90,DXGI,0,512,1,Hardware: Independent Flip,21992.4840,0.3339,0.1709,0.1630,14.0233,0.1558,0.1542,0.0016,24.6036,10.3698,9.8073,21992.4840,10.4245,NA,NA
SandFall-Win64-Shipping.exe,19588,0x2EC4BC3AB90,DXGI,0,512,1,Hardware: Independent Flip,21992.8179,20.9888,20.5826,0.4062,13.8452,20.6736,20.6643,0.0093,34.6395,9.9999,-10.0359,21992.8179,0.1207,32.0059,NA
SandFall-Win64-Shipping.exe,19588,0x2EC4BC3AB90,DXGI,0,512,1,Hardware: Independent Flip,22013.8067,0.3770,0.1757,0.2013,13.5300,0.1252,0.1237,0.0015,23.6506,12.0994,10.9889,22013.8067,9.9954,NA,NA
SandFall-Win64-Shipping.exe,19588,0x2EC4BC3AB90,DXGI,0,512,1,Hardware: Independent Flip,22014.1837,23.0462,22.7900,0.2562,13.2782,22.0941,20.7970,1.2971,35.3730,11.0084,-11.7224,22014.1837,0.0007,32.1040,NA
SandFall-Win64-Shipping.exe,19588,0x2EC4BC3AB90,DXGI,0,512,1,Hardware: Independent Flip,22037.2299,0.3089,0.1517,0.1572,12.3261,0.2776,0.2750,0.0026,23.3352,10.3035,12.0378,22037.2299,10.7315,NA,NA
SandFall-Win64-Shipping.exe,19588,0x2EC4BC3AB90,DXGI,0,512,1,Hardware: Independent Flip,22037.5388,19.3565,19.1060,0.2505,12.2948,21.0343,21.0230,0.0113,33.3298,11.6936,-9.9946,22037.5388,0.0007,33.4120,NA
SandFall-Win64-Shipping.exe,19588,0x2EC4BC3AB90,DXGI,0,512,1,Hardware: Independent Flip,22056.8953,0.3916,0.2221,0.1695,13.9726,0.1322,0.1296,0.0026,25.6669,8.7537,7.6629,22056.8953,11.5621,NA,NA
SandFall-Win64-Shipping.exe,19588,0x2EC4BC3AB90,DXGI,0,512,1,Hardware: Independent Flip,22057.2869,20.5291,20.2659,0.2632,13.7132,20.3149,20.3043,0.0106,34.0290,10.8989,-8.3621,22057.2869,0.0009,30.8661,NA
SandFall-Win64-Shipping.exe,19588,0x2EC4BC3AB90,DXGI,0,512,1,Hardware: Independent Flip,22077.8160,0.3111,0.1588,0.1523,13.4990,0.1694,0.1678,0.0016,24.3988,11.8320,9.6302,22077.8160,10.7304,NA,NA
SandFall-Win64-Shipping.exe,19588,0x2EC4BC3AB90,DXGI,0,512,1,Hardware: Independent Flip,22078.1271,23.7679,23.5239,0.2440,13.3573,21.7938,21.7729,0.0209,35.9197,10.1699,-11.5209,22078.1271,0.7686,32.5941,NA
SandFall-Win64-Shipping.exe,19588,0x2EC4BC3AB90,DXGI,0,512,1,Hardware: Independent Flip,22101.8950,0.3187,0.1578,0.1609,11.3832,0.1310,0.1291,0.0019,22.3217,10.1789,13.5980,22101.8950,10.8075,NA,NA
SandFall-Win64-Shipping.exe,19588,0x2EC4BC3AB90,DXGI,0,512,1,Hardware: Independent Flip,22102.2137,18.7224,18.4615,0.2609,11.1955,20.6794,20.6713,0.0081,32.1819,9.6916,-9.8602,22102.2137,0.3070,31.9405,NA
SandFall-Win64-Shipping.exe,19588,0x2EC4BC3AB90,DXGI,0,512,1,Hardware: Independent Flip,22120.9361,0.3374,0.1572,0.1802,13.1525,0.0773,0.0712,0.0061,23.1511,18.3726,9.0308,22120.9361,9.9213,NA,NA
SandFall-Win64-Shipping.exe,19588,0x2EC4BC3AB90,DXGI,0,512,1,Hardware: Independent Flip,22121.2735,25.9183,25.6405,0.2778,12.8924,27.9619,23.3549,4.6070,41.1863,13.4925,-18.0352,22121.2735,0.3320,19.0055,NA
SandFall-Win64-Shipping.exe,19588,0x2EC4BC3AB90,DXGI,0,512,1,Hardware: Independent Flip,22147.1918,0.4969,0.2078,0.2891,14.9360,0.1450,0.1426,0.0024,28.7605,7.5982,12.4258,22147.1918,13.6795,NA,NA
SandFall-Win64-Shipping.exe,19588,0x2EC4BC3AB90,DXGI,0,512,1,Hardware: Independent Flip,22147.6887,15.8500,15.5687,0.2813,14.5841,21.2773,21.2721,0.0052,35.8618,11.5386,-7.1013,22147.6887,0.0004,NA,NA
SandFall-Win64-Shipping.exe,19588,0x2EC4BC3AB90,DXGI,0,512,1,Hardware: Independent Flip,22163.5387,0.5038,0.1966,0.3072,20.0114,0.1489,0.1467,0.0022,31.5504,8.7464,4.3114,22163.5387,11.3901,NA,NA
SandFall-Win64-Shipping.exe,19588,0x2EC4BC3AB90,DXGI,0,512,1,Hardware: Independent Flip,22164.0425,21.0930,20.8313,0.2617,19.6565,20.1358,20.1311,0.0047,39.7930,10.8405,-8.2426,22164.0425,0.0007,39.3776,NA
SandFall-Win64-Shipping.exe,19588,0x2EC4BC3AB90,DXGI,0,512,1,Hardware: Independent Flip,22185.1355,0.3039,0.1564,0.1475,18.6993,0.1093,0.1075,0.0018,29.5405,9.8977,10.2525,22185.1355,10.7319,NA,NA
SandFall-Win64-Shipping.exe,19588,0x2EC4BC3AB90,DXGI,0,512,1,Hardware: Independent Flip,22185.4394,20.7764,20.5165,0.2599,18.5047,20.6291,20.6211,0.0080,39.1343,10.6555,-9.5938,22185.4394,0.0005,37.0772,NA
SandFall-Win64-Shipping.exe,19588,0x2EC4BC3AB90,DXGI,0,512,1,Hardware: Independent Flip,22206.2158,0.3313,0.1732,0.1581,18.3574,0.1126,0.1105,0.0021,29.0134,11.2611,10.1209,22206.2158,10.5434,NA,NA
SandFall-Win64-Shipping.exe,19588,0x2EC4BC3AB90,DXGI,0,512,1,Hardware: Independent Flip,22206.5471,25.5825,25.2911,0.2914,18.1387,21.6451,21.6401,0.0050,39.9432,10.7402,-10.9298,22206.5471,0.1594,17.0383,NA
SandFall-Win64-Shipping.exe,19588,0x2EC4BC3AB90,DXGI,0,512,1,Hardware: Independent Flip,22232.1296,0.3510,0.1834,0.1676,14.2013,0.1565,0.1538,0.0027,25.1009,9.7324,14.8423,22232.1296,10.7431,NA,NA
SandFall-Win64-Shipping.exe,19588,0x2EC4BC3AB90,DXGI,0,512,1,Hardware: Independent Flip,22232.4806,26.1472,25.8684,0.2788,14.0068,20.4746,20.4681,0.0065,34.4823,10.3525,-9.3814,22232.4806,0.0009,17.5121,NA
SandFall-Win64-Shipping.exe,19588,0x2EC4BC3AB90,DXGI,0,512,1,Hardware: Independent Flip,22258.6278,0.3203,0.1640,0.1563,8.3342,0.1452,0.1435,0.0017,18.6876,10.9553,15.7947,22258.6278,10.2082,NA,NA
SandFall-Win64-Shipping.exe,19588,0x2EC4BC3AB90,DXGI,0,512,1,Hardware: Independent Flip,22258.9481,13.7473,13.5022,0.2451,8.1591,20.8044,20.7965,0.0079,29.3226,10.0900,-10.6350,22258.9481,0.3591,NA,NA
SandFall-Win64-Shipping.exe,19588,0x2EC4BC3AB90,DXGI,0,512,1,Hardware: Independent Flip,22272.6954,0.3088,0.1558,0.1530,15.2162,0.1104,0.1104,0.0000,25.6653,9.5899,3.6573,22272.6954,10.3387,NA,NA
SandFall-Win64-Shipping.exe,19588,0x2EC4BC3AB90,DXGI,0,512,1,Hardware: Independent Flip,22273.0042,19.6204,19.3757,0.2447,15.0178,19.8701,19.8615,0.0086,34.9464,9.7520,-9.2811,22273.0042,0.0585,46.4331,NA
SandFall-Win64-Shipping.exe,19588,0x2EC4BC3AB90,DXGI,0,512,1,Hardware: Independent Flip,22292.6246,0.3431,0.1878,0.1553,15.2675,0.2231,0.2210,0.0021,25.0780,11.3973,9.8684,22292.6246,9.5874,NA,NA
SandFall-Win64-Shipping.exe,19588,0x2EC4BC3AB90,DXGI,0,512,1,Hardware: Independent Flip,22292.9677,22.3014,22.0493,0.2521,15.1475,20.6615,20.6489,0.0126,36.1322,10.0038,-11.0542,22292.9677,0.3232,NA,NA
SandFall-Win64-Shipping.exe,19588,0x2EC4BC3AB90,DXGI,0,512,1,Hardware: Independent Flip,22315.2691,0.3761,0.1541,0.2220,13.5076,0.0924,0.0908,0.0016,23.8346,9.3267,12.2976,22315.2691,10.2346,NA,NA
SandFall-Win64-Shipping.exe,19588,0x2EC4BC3AB90,DXGI,0,512,1,Hardware: Independent Flip,22315.6452,20.4634,20.2056,0.2578,13.2239,19.5608,19.5510,0.0098,32.7852,10.1499,-8.9506,22315.6452,0.0005,32.9679,NA
SandFall-Win64-Shipping.exe,19588,0x2EC4BC3AB90,DXGI,0,512,1,Hardware: Independent Flip,22336.1086,0.3390,0.1571,0.1819,12.3213,0.1486,0.1420,0.0066,22.4717,12.4719,10.3135,22336.1086,10.0018,NA,NA
SandFall-Win64-Shipping.exe,19588,0x2EC4BC3AB90,DXGI,0,512,1,Hardware: Independent Flip,22336.4476,21.9820,21.7342,0.2478,12.1309,22.4728,20.3171,2.1557,34.6046,11.3590,-12.1329,22336.4476,0.0009,37.5958,NA
SandFall-Win64-Shipping.exe,19588,0x2EC4BC3AB90,DXGI,0,512,1,Hardware: Independent Flip,22358.4296,0.3377,0.1554,0.1823,12.6217,0.0681,0.0627,0.0054,23.9816,10.5821,10.6230,22358.4296,11.2918,NA,NA
SandFall-Win64-Shipping.exe,19588,0x2EC4BC3AB90,DXGI,0,512,1,Hardware: Independent Flip,22358.7673,22.0188,21.7753,0.2435,12.3521,21.8739,19.7708,2.1031,34.2260,12.1311,-10.2444,22358.7673,NA,42.5246,NA
SandFall-Win64-Shipping.exe,19588,0x2EC4BC3AB90,DXGI,0,512,1,Hardware: Independent Flip,22380.7861,0.3112,0.1568,0.1544,12.2072,0.1245,0.1223,0.0022,24.3383,7.8617,9.8877,22380.7861,12.0066,NA,NA
SandFall-Win64-Shipping.exe,19588,0x2EC4BC3AB90,DXGI,0,512,1,Hardware: Independent Flip,22381.0973,19.7044,19.4449,0.2595,12.0205,19.8676,19.8262,0.0414,31.8888,10.6768,-7.5505,22381.0973,0.0007,43.5126,NA
SandFall-Win64-Shipping.exe,19588,0x2EC4BC3AB90,DXGI,0,512,1,Hardware: Independent Flip,22400.8017,0.3720,0.1752,0.1968,12.1837,0.1038,0.1014,0.0024,22.8612,10.3512,9.0276,22400.8017,10.5737,NA,NA
SandFall-Win64-Shipping.exe,19588,0x2EC4BC3AB90,DXGI,0,512,1,Hardware: Independent Flip,22401.1737,20.7360,20.4431,0.2929,11.9155,20.1500,19.3926,0.7574,32.8404,9.3349,-9.9792,22401.1737,0.7749,NA,NA
SandFall-Win64-Shipping.exe,19588,0x2EC4BC3AB90,DXGI,0,512,1,Hardware: Independent Flip,22421.9097,0.3254,0.1673,0.1581,11.3295,0.0773,0.0757,0.0016,21.4393,11.4374,11.4011,22421.9097,10.0325,NA,NA
SandFall-Win64-Shipping.exe,19588,0x2EC4BC3AB90,DXGI,0,512,1,Hardware: Independent Flip,22422.2351,20.0027,19.7425,0.2602,11.0814,20.7500,19.4140,1.3360,32.5513,9.2760,-11.1120,22422.2351,0.7199,39.3023,NA
SandFall-Win64-Shipping.exe,19588,0x2EC4BC3AB90,DXGI,0,512,1,Hardware: Independent Flip,22442.2378,0.4005,0.1962,0.2043,11.8287,0.1336,0.1309,0.0027,21.8246,9.6830,10.7267,22442.2378,9.8623,NA,NA
SandFall-Win64-Shipping.exe,19588,0x2EC4BC3AB90,DXGI,0,512,1,Hardware: Independent Flip,22442.6383,18.6909,18.4203,0.2706,11.5618,19.5442,19.5324,0.0118,31.1071,9.4825,-9.2825,22442.6383,0.0011,33.2837,NA
SandFall-Win64-Shipping.exe,19588,0x2EC4BC3AB90,DXGI,0,512,1,Hardware: Independent Flip,22461.3292,0.3200,0.1601,0.1599,12.4151,0.1622,0.1599,0.0023,21.8987,10.6602,9.2084,22461.3292,9.3214,NA,NA
SandFall-Win64-Shipping.exe,19588,0x2EC4BC3AB90,DXGI,0,512,1,Hardware: Independent Flip,22461.6492,19.8106,19.5646,0.2460,12.2573,19.9807,19.6970,0.2837,32.2389,10.2747,-10.3402,22461.6492,0.0009,31.4369,NA
SandFall-Win64-Shipping.exe,19588,0x2EC4BC3AB90,DXGI,0,512,1,Hardware: Independent Flip,22481.4598,0.3299,0.1804,0.1495,12.4274,0.1171,0.1148,0.0023,22.7030,9.2686,9.5359,22481.4598,10.1585,NA,NA
SandFall-Win64-Shipping.exe,19588,0x2EC4BC3AB90,DXGI,0,512,1,Hardware: Independent Flip,22481.7897,19.6344,19.3956,0.2388,12.2146,19.4262,19.1183,0.3079,31.6417,10.3827,-8.9387,22481.7897,0.0009,31.9726,NA
SandFall-Win64-Shipping.exe,19588,0x2EC4BC3AB90,DXGI,0,512,1,Hardware: Independent Flip,22501.4241,0.3069,0.1536,0.1533,12.0064,0.2025,0.2025,0.0000,22.3900,8.6008,9.2517,22501.4241,10.1811,NA,NA
SandFall-Win64-Shipping.exe,19588,0x2EC4BC3AB90,DXGI,0,512,1,Hardware: Independent Flip,22501.7310,18.6933,18.4306,0.2627,11.9020,18.7810,18.7658,0.0152,30.6839,9.7512,-8.2939,22501.7310,0.0009,45.9561,NA
SandFall-Win64-Shipping.exe,19588,0x2EC4BC3AB90,DXGI,0,512,1,Hardware: Independent Flip,22520.4243,0.3395,0.1563,0.1832,11.9897,0.0790,0.0771,0.0019,21.7418,10.3080,8.9421,22520.4243,9.6731,NA,NA
SandFall-Win64-Shipping.exe,19588,0x2EC4BC3AB90,DXGI,0,512,1,Hardware: Independent Flip,22520.7638,19.3951,19.1410,0.2541,11.7292,19.4118,18.8940,0.5178,31.7103,9.1851,-9.9685,22520.7638,0.5693,47.9941,NA
SandFall-Win64-Shipping.exe,19588,0x2EC4BC3AB90,DXGI,0,512,1,Hardware: Independent Flip,22540.1589,0.6169,0.1873,0.4296,11.7459,0.1085,0.1069,0.0016,21.5003,9.9690,10.2100,22540.1589,9.6459,NA,NA
SandFall-Win64-Shipping.exe,19588,0x2EC4BC3AB90,DXGI,0,512,1,Hardware: Independent Flip,22540.7758,18.7710,18.5020,0.2690,11.2375,19.3061,19.2930,0.0131,30.8524,9.0918,-9.3521,22540.7758,0.3088,NA,NA
SandFall-Win64-Shipping.exe,19588,0x2EC4BC3AB90,DXGI,0,512,1,Hardware: Independent Flip,22559.5468,0.3781,0.1830,0.1951,11.7726,0.1029,0.1013,0.0016,21.1732,9.4420,9.6792,22559.5468,9.2977,NA,NA
SandFall-Win64-Shipping.exe,19588,0x2EC4BC3AB90,DXGI,0,512,1,Hardware: Independent Flip,22559.9249,18.5400,18.2925,0.2475,11.4974,18.7391,18.7274,0.0117,30.2371,9.2914,-9.0639,22559.9249,0.0006,NA,NA
SandFall-Win64-Shipping.exe,19588,0x2EC4BC3AB90,DXGI,0,512,1,Hardware: Independent Flip,22578.4649,0.3592,0.1707,0.1885,11.6965,0.1299,0.1280,0.0019,20.9885,10.5058,9.2486,22578.4649,9.1621,NA,NA
SandFall-Win64-Shipping.exe,19588,0x2EC4BC3AB90,DXGI,0,512,1,Hardware: Independent Flip,22578.8241,19.4034,19.1361,0.2673,11.4672,19.6673,19.3333,0.3340,31.1351,10.1280,-10.1466,22578.8241,0.0006,NA,NA
SandFall-Win64-Shipping.exe,19588,0x2EC4BC3AB90,DXGI,0,512,1,Hardware: Independent Flip,22598.2275,0.4030,0.1913,0.2117,11.7311,0.1321,0.1321,0.0000,21.8597,9.0376,9.2754,22598.2275,9.9965,NA,NA
SandFall-Win64-Shipping.exe,19588,0x2EC4BC3AB90,DXGI,0,512,1,Hardware: Independent Flip,22598.6305,18.8915,18.4980,0.3935,11.4602,19.0337,19.0185,0.0152,30.4943,9.9841,-8.6346,22598.6305,0.0004,NA,NA
SandFall-Win64-Shipping.exe,19588,0x2EC4BC3AB90,DXGI,0,512,1,Hardware: Independent Flip,22617.5220,0.3821,0.2028,0.1793,11.6024,0.0964,0.0948,0.0016,21.5869,8.7552,8.9074,22617.5220,9.8881,NA,NA
SandFall-Win64-Shipping.exe,19588,0x2EC4BC3AB90,DXGI,0,512,1,Hardware: Independent Flip,22617.9041,18.5013,18.2527,0.2486,11.3167,18.6427,18.6327,0.0100,29.9600,9.6672,-8.3731,22617.9041,0.0006,NA,NA
SandFall-Win64-Shipping.exe,19588,0x2EC4BC3AB90,DXGI,0,512,1,Hardware: Independent Flip,22636.4054,0.3502,0.1729,0.1773,11.4581,0.1304,0.1288,0.0016,21.1259,9.5992,8.8341,22636.4054,9.5374,NA,NA
SandFall-Win64-Shipping.exe,19588,0x2EC4BC3AB90,DXGI,0,512,1,Hardware: Independent Flip,22636.7556,18.4354,18.1745,0.2609,11.2383,18.7943,18.7817,0.0126,30.3749,9.1135,-9.2490,22636.7556,0.3423,NA,NA
SandFall-Win64-Shipping.exe,19588,0x2EC4BC3AB90,DXGI,0,512,1,Hardware: Independent Flip,22655.1910,0.3699,0.1792,0.1907,11.5972,0.0938,0.0898,0.0040,21.0530,9.5718,9.3219,22655.1910,9.3620,NA,NA
SandFall-Win64-Shipping.exe,19588,0x2EC4BC3AB90,DXGI,0,512,1,Hardware: Independent Flip,22655.5609,18.2297,17.9357,0.2940,11.3211,18.6295,18.6134,0.0161,30.2549,8.8800,-9.2019,22655.5609,0.3043,NA,NA
SandFall-Win64-Shipping.exe,19588,0x2EC4BC3AB90,DXGI,0,512,1,Hardware: Independent Flip,22673.7906,0.3290,0.1576,0.1714,11.7209,0.1481,0.1463,0.0018,20.9052,9.7204,9.3497,22673.7906,9.0362,NA,NA
SandFall-Win64-Shipping.exe,19588,0x2EC4BC3AB90,DXGI,0,512,1,Hardware: Independent Flip,22674.1196,18.3848,18.1291,0.2557,11.5400,18.6113,18.5978,0.0135,30.2966,9.0396,-9.3914,22674.1196,0.1453,NA,NA
SandFall-Win64-Shipping.exe,19588,0x2EC4BC3AB90,DXGI,0,512,1,Hardware: Independent Flip,22692.5044,0.3334,0.1749,0.1585,11.7665,0.0944,0.0928,0.0016,20.9514,10.5171,9.3452,22692.5044,9.0905,NA,NA
SandFall-Win64-Shipping.exe,19588,0x2EC4BC3AB90,DXGI,0,512,1,Hardware: Independent Flip,22692.8378,19.6522,19.4100,0.2422,11.5275,19.6066,19.2070,0.3996,31.1351,9.9760,-10.1837,22692.8378,0.0010,NA,NA
SandFall-Win64-Shipping.exe,19588,0x2EC4BC3AB90,DXGI,0,512,1,Hardware: Independent Flip,22712.4900,0.4057,0.2040,0.2017,11.4819,0.0971,0.0949,0.0022,21.4589,8.7292,9.6762,22712.4900,9.8799,NA,NA
SandFall-Win64-Shipping.exe,19588,0x2EC4BC3AB90,DXGI,0,512,1,Hardware: Independent Flip,22712.8957,18.4479,18.1812,0.2667,11.1733,18.6086,18.5023,0.1063,29.7824,9.7206,-8.3235,22712.8957,0.0005,NA,NA
SandFall-Win64-Shipping.exe,19588,0x2EC4BC3AB90,DXGI,0,512,1,Hardware: Independent Flip,22731.3436,0.3684,0.1867,0.1817,11.3340,0.1128,0.1109,0.0019,21.0551,9.0800,8.7273,22731.3436,9.6083,NA,NA
SandFall-Win64-Shipping.exe,19588,0x2EC4BC3AB90,DXGI,0,512,1,Hardware: Independent Flip,22731.7120,17.6543,17.3840,0.2703,11.0784,18.6878,18.6766,0.0112,29.7667,9.6765,-8.7116,22731.7120,0.0005,NA,NA
SandFall-Win64-Shipping.exe,19588,0x2EC4BC3AB90,DXGI,0,512,1,Hardware: Independent Flip,22749.3663,0.3131,0.1595,0.1536,12.1119,0.0900,0.0883,0.0017,21.7889,9.5160,7.9778,22749.3663,9.5870,NA,NA
SandFall-Win64-Shipping.exe,19588,0x2EC4BC3AB90,DXGI,0,512,1,Hardware: Independent Flip,22749.6794,22.1032,21.2711,0.8321,11.8888,19.0968,18.9722,0.1246,30.9918,9.5994,-9.2029,22749.6794,0.0062,26.2034,NA
SandFall-Win64-Shipping.exe,19588,0x2EC4BC3AB90,DXGI,0,512,1,Hardware: Independent Flip,22771.7826,0.4991,0.2420,0.2571,8.8824,0.0994,0.0948,0.0046,18.4880,9.7984,12.5038,22771.7826,9.5062,NA,NA
SandFall-Win64-Shipping.exe,19588,0x2EC4BC3AB90,DXGI,0,512,1,Hardware: Independent Flip,22772.2817,14.6643,14.3534,0.3109,8.4827,19.2134,19.2012,0.0122,27.7873,9.5367,-9.2993,22772.2817,0.0912,NA,NA
SandFall-Win64-Shipping.exe,19588,0x2EC4BC3AB90,DXGI,0,512,1,Hardware: Independent Flip,22786.9460,0.3725,0.2146,0.1579,13.0318,0.1304,0.1288,0.0016,22.6597,9.2906,5.1276,22786.9460,9.4975,NA,NA
SandFall-Win64-Shipping.exe,19588,0x2EC4BC3AB90,DXGI,0,512,1,Hardware: Independent Flip,22787.3185,19.2877,19.0142,0.2735,12.7897,18.7876,18.7797,0.0079,31.5778,9.3403,-8.9181,22787.3185,0.0005,NA,NA
SandFall-Win64-Shipping.exe,19588,0x2EC4BC3AB90,DXGI,0,512,1,Hardware: Independent Flip,22806.6062,0.4116,0.2069,0.2047,12.2896,0.1037,0.1021,0.0016,21.6304,9.4150,9.9474,22806.6062,9.2371,NA,NA
SandFall-Win64-Shipping.exe,19588,0x2EC4BC3AB90,DXGI,0,512,1,Hardware: Independent Flip,22807.0178,16.4403,16.1958,0.2445,11.9817,18.5066,18.4990,0.0076,30.6338,9.1967,-9.0034,22807.0178,0.1455,NA,NA
SandFall-Win64-Shipping.exe,19588,0x2EC4BC3AB90,DXGI,0,512,1,Hardware: Independent Flip,22823.4581,0.3568,0.1634,0.1934,14.0480,0.1478,0.1462,0.0016,23.3902,10.7133,7.2436,22823.4581,9.1944,NA,NA
SandFall-Win64-Shipping.exe,19588,0x2EC4BC3AB90,DXGI,0,512,1,Hardware: Independent Flip,22823.8149,18.5055,18.2635,0.2420,13.8390,19.7762,19.7187,0.0575,33.7467,9.7510,-10.3565,22823.8149,0.1315,NA,NA
SandFall-Win64-Shipping.exe,19588,0x2EC4BC3AB90,DXGI,0,512,1,Hardware: Independent Flip,22842.3204,0.3449,0.1925,0.1524,15.1097,0.1249,0.1232,0.0017,24.9922,8.6816,8.7545,22842.3204,9.7576,NA,NA
SandFall-Win64-Shipping.exe,19588,0x2EC4BC3AB90,DXGI,0,512,1,Hardware: Independent Flip,22842.6653,18.6436,18.3870,0.2566,14.8897,18.4388,18.4319,0.0069,33.3289,9.4430,-8.3367,22842.6653,0.0004,NA,NA
SandFall-Win64-Shipping.exe,19588,0x2EC4BC3AB90,DXGI,0,512,1,Hardware: Independent Flip,22861.3089,0.3259,0.1627,0.1632,14.6849,0.1004,0.0986,0.0018,24.1283,9.0078,9.2006,22861.3089,9.3430,NA,NA
SandFall-Win64-Shipping.exe,19588,0x2EC4BC3AB90,DXGI,0,512,1,Hardware: Independent Flip,22861.6348,19.2948,19.0525,0.2423,14.4594,18.3504,18.3433,0.0071,32.8102,9.3179,-8.6819,22861.6348,0.0004,NA,NA
SandFall-Win64-Shipping.exe,19588,0x2EC4BC3AB90,DXGI,0,512,1,Hardware: Independent Flip,22880.9296,0.3312,0.1779,0.1533,13.5150,0.1332,0.1302,0.0030,22.8333,9.3971,9.9769,22880.9296,9.1851,NA,NA
SandFall-Win64-Shipping.exe,19588,0x2EC4BC3AB90,DXGI,0,512,1,Hardware: Independent Flip,22881.2608,18.8221,18.5580,0.2641,13.3170,18.4450,18.4365,0.0085,31.8992,9.1331,-9.0659,22881.2608,0.1372,NA,NA
SandFall-Win64-Shipping.exe,19588,0x2EC4BC3AB90,DXGI,0,512,1,Hardware: Independent Flip,22900.0829,0.3943,0.2275,0.1668,12.9399,0.0748,0.0708,0.0040,22.2102,9.6132,9.6890,22900.0829,9.1955,NA,NA
SandFall-Win64-Shipping.exe,19588,0x2EC4BC3AB90,DXGI,0,512,1,Hardware: Independent Flip,22900.4772,19.1765,18.8941,0.2824,12.6204,18.7067,18.6962,0.0105,31.4291,9.2186,-9.2189,22900.4772,0.1020,NA,NA
SandFall-Win64-Shipping.exe,19588,0x2EC4BC3AB90,DXGI,0,512,1,Hardware: Independent Flip,22919.6537,0.3566,0.1632,0.1934,12.1506,0.1471,0.1471,0.0000,21.4712,9.3979,9.9579,22919.6537,9.1735,NA,NA
SandFall-Win64-Shipping.exe,19588,0x2EC4BC3AB90,DXGI,0,512,1,Hardware: Independent Flip,22920.0103,19.1003,18.8299,0.2704,11.9411,18.5703,18.5595,0.0108,30.5125,9.3798,-9.0413,22920.0103,0.0011,NA,NA
SandFall-Win64-Shipping.exe,19588,0x2EC4BC3AB90,DXGI,0,512,1,Hardware: Independent Flip,22939.1106,0.3656,0.1935,0.1721,11.4111,0.1000,0.0984,0.0016,20.7920,9.8946,9.7205,22939.1106,9.2809,NA,NA
SandFall-Win64-Shipping.exe,19588,0x2EC4BC3AB90,DXGI,0,512,1,Hardware: Independent Flip,22939.4762,18.8426,18.5694,0.2732,11.1455,19.1742,19.1665,0.0077,30.3210,9.8486,-9.5290,22939.4762,0.0013,13.3348,NA
SandFall-Win64-Shipping.exe,19588,0x2EC4BC3AB90,DXGI,0,512,1,Hardware: Independent Flip,22958.3188,0.4170,0.2141,0.2029,11.4771,0.1378,0.1359,0.0019,21.3270,8.8220,8.9940,22958.3188,9.7121,NA,NA
SandFall-Win64-Shipping.exe,19588,0x2EC4BC3AB90,DXGI,0,512,1,Hardware: Independent Flip,22958.7358,19.7837,19.3392,0.4445,11.1979,18.5331,18.5235,0.0096,29.7320,9.6886,-8.4050,22958.7358,0.0010,12.9907,NA
SandFall-Win64-Shipping.exe,19588,0x2EC4BC3AB90,DXGI,0,512,1,Hardware: Independent Flip,22978.5195,0.6651,0.3948,0.2703,9.9473,0.1869,0.1818,0.0051,19.6369,11.8463,10.0951,22978.5195,9.5027,NA,NA
SandFall-Win64-Shipping.exe,19588,0x2EC4BC3AB90,DXGI,0,512,1,Hardware: Independent Flip,22979.1846,19.7393,19.4507,0.2886,9.4691,21.3126,19.1290,2.1836,30.8181,10.7088,-11.1812,22979.1846,0.0364,14.5452,NA
SandFall-Win64-Shipping.exe,19588,0x2EC4BC3AB90,DXGI,0,512,1,Hardware: Independent Flip,22998.9239,0.4362,0.1900,0.2462,11.0424,0.1576,0.1560,0.0016,21.7876,8.4360,9.0305,22998.9239,10.5876,NA,NA
SandFall-Win64-Shipping.exe,19588,0x2EC4BC3AB90,DXGI,0,512,1,Hardware: Independent Flip,22999.3601,17.2168,16.8795,0.3373,10.7638,19.0226,19.0112,0.0114,29.7874,10.0465,-7.9998,22999.3601,0.0010,14.6933,NA
SandFall-Win64-Shipping.exe,19588,0x2EC4BC3AB90,DXGI,0,512,1,Hardware: Independent Flip,23016.5769,0.3495,0.1749,0.1746,12.5696,0.1221,0.1204,0.0017,22.6171,8.7846,7.1703,23016.5769,9.9254,NA,NA
SandFall-Win64-Shipping.exe,19588,0x2EC4BC3AB90,DXGI,0,512,1,Hardware: Independent Flip,23016.9264,19.0459,18.7197,0.3262,12.3422,18.6189,18.6079,0.0110,31.0522,9.2201,-8.4351,23016.9264,0.0911,14.5175,NA
SandFall-Win64-Shipping.exe,19588,0x2EC4BC3AB90,DXGI,0,512,1,Hardware: Independent Flip,23035.9723,0.3982,0.1910,0.2072,11.9152,0.1117,0.1090,0.0027,21.2264,10.4221,9.8258,23035.9723,9.1995,NA,NA
SandFall-Win64-Shipping.exe,19588,0x2EC4BC3AB90,DXGI,0,512,1,Hardware: Independent Flip,23036.3705,19.6329,19.3760,0.2569,11.6287,19.1212,18.9371,0.1841,31.2503,9.0601,-10.0239,23036.3705,0.5004,15.1692,NA
SandFall-Win64-Shipping.exe,19588,0x2EC4BC3AB90,DXGI,0,512,1,Hardware: Independent Flip,23056.0034,0.3203,0.1614,0.1589,11.1170,0.0795,0.0779,0.0016,20.6775,9.6637,10.5728,23056.0034,9.4810,NA,NA
SandFall-Win64-Shipping.exe,19588,0x2EC4BC3AB90,DXGI,0,512,1,Hardware: Independent Flip,23056.3237,18.9960,18.6646,0.3314,10.8762,18.9696,18.9600,0.0096,30.0209,9.1000,-9.3434,23056.3237,0.1751,15.8889,NA
SandFall-Win64-Shipping.exe,19588,0x2EC4BC3AB90,DXGI,0,512,1,Hardware: Independent Flip,23075.3197,0.4068,0.2177,0.1891,10.8498,0.1049,0.1033,0.0016,20.1249,10.1072,9.8960,23075.3197,9.1702,NA,NA
SandFall-Win64-Shipping.exe,19588,0x2EC4BC3AB90,DXGI,0,512,1,Hardware: Independent Flip,23075.7265,18.0871,17.7255,0.3616,10.5479,19.2760,19.2661,0.0099,29.8253,9.7059,-9.7004,23075.7265,0.0014,16.0969,NA
SandFall-Win64-Shipping.exe,19588,0x2EC4BC3AB90,DXGI,0,512,1,Hardware: Independent Flip,23093.8136,0.5595,0.2141,0.3454,11.7368,0.1440,0.1417,0.0023,21.4441,9.9128,8.3812,23093.8136,9.5633,NA,NA
SandFall-Win64-Shipping.exe,19588,0x2EC4BC3AB90,DXGI,0,512,1,Hardware: Independent Flip,23094.3731,19.4961,19.1698,0.3263,11.3213,19.4754,19.4710,0.0044,30.7974,10.3345,-9.3533,23094.3731,0.0007,20.7005,NA
SandFall-Win64-Shipping.exe,19588,0x2EC4BC3AB90,DXGI,0,512,1,Hardware: Independent Flip,23113.8692,0.4246,0.2026,0.2220,11.3006,0.1121,0.1105,0.0016,21.6358,9.2819,9.1616,23113.8692,10.2231,NA,NA
SandFall-Win64-Shipping.exe,19588,0x2EC4BC3AB90,DXGI,0,512,1,Hardware: Independent Flip,23114.2938,17.7569,17.4833,0.2736,10.9881,19.5042,19.4987,0.0055,30.4931,10.4069,-8.8573,23114.2938,0.0008,NA,NA
SandFall-Win64-Shipping.exe,19588,0x2EC4BC3AB90,DXGI,0,512,1,Hardware: Independent Flip,23132.0507,0.3397,0.1691,0.1706,12.7354,0.1039,0.1022,0.0017,23.1431,9.6872,7.3500,23132.0507,10.3038,NA,NA
SandFall-Win64-Shipping.exe,19588,0x2EC4BC3AB90,DXGI,0,512,1,Hardware: Independent Flip,23132.3904,16.0924,15.8170,0.2754,12.4996,19.9903,19.9843,0.0060,32.4906,10.1594,-9.3475,23132.3904,0.0007,NA,NA
SandFall-Win64-Shipping.exe,19588,0x2EC4BC3AB90,DXGI,0,512,1,Hardware: Independent Flip,23148.4828,0.3292,0.1672,0.1620,16.3975,0.1069,0.1045,0.0024,26.5576,7.7013,5.9330,23148.4828,10.0532,NA,NA
SandFall-Win64-Shipping.exe,19588,0x2EC4BC3AB90,DXGI,0,512,1,Hardware: Independent Flip,23148.8120,19.3747,19.1055,0.2692,16.1752,17.7536,17.7490,0.0046,33.9297,8.9240,-7.3721,23148.8120,0.0009,NA,NA
SandFall-Win64-Shipping.exe,19588,0x2EC4BC3AB90,DXGI,0,512,1,Hardware: Independent Flip,23168.1867,0.3757,0.2054,0.1703,14.5541,0.1267,0.1250,0.0017,23.4790,9.6735,10.4507,23168.1867,8.7982,NA,NA
SandFall-Win64-Shipping.exe,19588,0x2EC4BC3AB90,DXGI,0,512,1,Hardware: Independent Flip,23168.5624,16.6954,16.2922,0.4032,14.3051,18.1824,18.1771,0.0053,32.7768,8.8659,-9.2978,23168.5624,0.2893,NA,NA
SandFall-Win64-Shipping.exe,19588,0x2EC4BC3AB90,DXGI,0,512,1,Hardware: Independent Flip,23185.2578,0.4315,0.2206,0.2109,15.7921,0.1269,0.1253,0.0016,24.9473,9.1557,7.8295,23185.2578,9.0283,NA,NA
SandFall-Win64-Shipping.exe,19588,0x2EC4BC3AB90,DXGI,0,512,1,Hardware: Independent Flip,23185.6893,23.9816,23.6849,0.2967,15.4875,18.0163,18.0102,0.0061,33.6715,8.7460,-8.7242,23185.6893,0.1677,NA,NA
SandFall-Win64-Shipping.exe,19588,0x2EC4BC3AB90,DXGI,0,512,1,Hardware: Independent Flip,23209.6709,0.3413,0.1634,0.1779,9.5222,0.1675,0.1652,0.0023,18.4359,9.4543,15.2356,23209.6709,8.7462,NA,NA
SandFall-Win64-Shipping.exe,19588,0x2EC4BC3AB90,DXGI,0,512,1,Hardware: Independent Flip,23210.0122,16.0305,15.7346,0.2959,9.3484,17.9910,17.9805,0.0105,27.5489,8.7714,-9.1130,23210.0122,0.2095,NA,NA
SandFall-Win64-Shipping.exe,19588,0x2EC4BC3AB90,DXGI,0,512,1,Hardware: Independent Flip,23226.0427,0.3744,0.1922,0.1822,11.3089,0.1128,0.1128,0.0000,20.2898,8.2257,7.2591,23226.0427,8.8681,NA,NA
SandFall-Win64-Shipping.exe,19588,0x2EC4BC3AB90,DXGI,0,512,1,Hardware: Independent Flip,23226.4171,15.3797,15.0828,0.2969,11.0473,17.0926,17.0836,0.0090,28.1411,8.4324,-7.8513,23226.4171,0.0012,NA,NA
SandFall-Win64-Shipping.exe,19588,0x2EC4BC3AB90,DXGI,0,512,1,Hardware: Independent Flip,23241.7968,0.3572,0.2009,0.1563,12.7602,0.1343,0.1307,0.0036,21.1938,9.3209,6.9473,23241.7968,8.2993,NA,NA
SandFall-Win64-Shipping.exe,19588,0x2EC4BC3AB90,DXGI,0,512,1,Hardware: Independent Flip,23242.1540,21.6927,21.2837,0.4090,12.5373,17.4986,17.4882,0.0104,30.1575,8.6804,-8.9637,23242.1540,0.1216,NA,NA
SandFall-Win64-Shipping.exe,19588,0x2EC4BC3AB90,DXGI,0,512,1,Hardware: Independent Flip,23263.8467,0.4083,0.2224,0.1859,8.3432,0.1495,0.1471,0.0024,17.1452,8.6027,13.0123,23263.8467,8.6525,NA,NA
SandFall-Win64-Shipping.exe,19588,0x2EC4BC3AB90,DXGI,0,512,1,Hardware: Independent Flip,23264.2550,15.9739,15.7008,0.2731,8.0844,17.2545,17.0454,0.2091,25.3396,8.6555,-8.1944,23264.2550,0.0007,NA,NA
SandFall-Win64-Shipping.exe,19588,0x2EC4BC3AB90,DXGI,0,512,1,Hardware: Independent Flip,23280.2289,0.3495,0.1939,0.1556,9.3650,0.0909,0.0859,0.0050,18.0212,12.0503,7.3184,23280.2289,8.5653,NA,NA
SandFall-Win64-Shipping.exe,19588,0x2EC4BC3AB90,DXGI,0,512,1,Hardware: Independent Flip,23280.5784,22.6576,22.3509,0.3067,9.1064,20.6149,16.9627,3.6522,29.7220,10.5212,-11.7008,23280.5784,0.0007,NA,NA
SandFall-Win64-Shipping.exe,19588,0x2EC4BC3AB90,DXGI,0,512,1,Hardware: Independent Flip,23303.2360,0.3422,0.1760,0.1662,7.0637,0.1088,0.1069,0.0019,17.5856,6.5935,12.1364,23303.2360,10.4131,NA,NA
SandFall-Win64-Shipping.exe,19588,0x2EC4BC3AB90,DXGI,0,512,1,Hardware: Independent Flip,23303.5782,13.9180,13.6692,0.2488,6.8303,17.0058,16.9948,0.0110,23.8369,8.5224,-6.2513,23303.5782,0.0008,NA,NA
SandFall-Win64-Shipping.exe,19588,0x2EC4BC3AB90,DXGI,0,512,1,Hardware: Independent Flip,23317.4962,0.3145,0.1573,0.1572,9.9181,0.0926,0.0880,0.0046,18.4413,10.8708,5.3956,23317.4962,8.4306,NA,NA
SandFall-Win64-Shipping.exe,19588,0x2EC4BC3AB90,DXGI,0,512,1,Hardware: Independent Flip,23317.8107,20.2918,19.9648,0.3270,9.6962,19.3008,17.0348,2.2660,28.9976,10.2639,-10.5563,23317.8107,0.0006,NA,NA
SandFall-Win64-Shipping.exe,19588,0x2EC4BC3AB90,DXGI,0,512,1,Hardware: Independent Flip,23338.1025,0.3843,0.2014,0.1829,8.7052,0.1312,0.1289,0.0023,18.9697,7.3065,10.0279,23338.1025,10.1333,NA,NA
SandFall-Win64-Shipping.exe,19588,0x2EC4BC3AB90,DXGI,0,512,1,Hardware: Independent Flip,23338.4868,16.7949,16.4813,0.3136,8.4521,17.4385,17.1047,0.3338,25.8919,8.7065,-6.9222,23338.4868,0.0013,NA,NA
SandFall-Win64-Shipping.exe,19588,0x2EC4BC3AB90,DXGI,0,512,1,Hardware: Independent Flip,23355.2817,0.7293,0.2810,0.4483,9.0957,0.1037,0.1021,0.0016,17.8035,8.3170,8.0884,23355.2817,8.6041,NA,NA
SandFall-Win64-Shipping.exe,19588,0x2EC4BC3AB90,DXGI,0,512,1,Hardware: Independent Flip,23356.0110,15.2411,14.9802,0.2609,8.4701,16.9205,16.9112,0.0093,25.3912,8.5282,-7.5877,23356.0110,0.0006,NA,NA
SandFall-Win64-Shipping.exe,19588,0x2EC4BC3AB90,DXGI,0,512,1,Hardware: Independent Flip,23371.2521,0.3365,0.1635,0.1730,10.1495,0.1021,0.0977,0.0044,18.6783,8.8897,6.7129,23371.2521,8.4267,NA,NA
SandFall-Win64-Shipping.exe,19588,0x2EC4BC3AB90,DXGI,0,512,1,Hardware: Independent Flip,23371.5886,17.4271,17.1590,0.2681,9.9151,17.3154,17.3045,0.0109,27.2315,8.6697,-8.5532,23371.5886,0.0010,NA,NA
SandFall-Win64-Shipping.exe,19588,0x2EC4BC3AB90,DXGI,0,512,1,Hardware: Independent Flip,23389.0157,0.3362,0.1608,0.1754,9.8034,0.0974,0.0959,0.0015,18.4741,8.4889,8.7574,23389.0157,8.5733,NA,NA
SandFall-Win64-Shipping.exe,19588,0x2EC4BC3AB90,DXGI,0,512,1,Hardware: Independent Flip,23389.3519,16.9041,16.6154,0.2887,9.5646,17.0613,17.0541,0.0072,26.6268,8.5356,-8.1527,23389.3519,0.0009,NA,NA
SandFall-Win64-Shipping.exe,19588,0x2EC4BC3AB90,DXGI,0,512,1,Hardware: Independent Flip,23406.2560,0.3598,0.1773,0.1825,9.7218,0.0951,0.0935,0.0016,18.2583,8.3809,8.3685,23406.2560,8.4414,NA,NA
SandFall-Win64-Shipping.exe,19588,0x2EC4BC3AB90,DXGI,0,512,1,Hardware: Independent Flip,23406.6158,16.6355,16.3562,0.2793,9.4571,16.8218,16.8157,0.0061,26.2794,8.6395,-8.0211,23406.6158,0.0005,NA,NA
SandFall-Win64-Shipping.exe,19588,0x2EC4BC3AB90,DXGI,0,512,1,Hardware: Independent Flip,23423.2513,0.3351,0.1701,0.1650,9.6434,0.1056,0.1038,0.0018,18.2834,8.2584,7.9960,23423.2513,8.5344,NA,NA
SandFall-Win64-Shipping.exe,19588,0x2EC4BC3AB90,DXGI,0,512,1,Hardware: Independent Flip,23423.5864,16.3301,16.0581,0.2720,9.4139,16.7919,16.7845,0.0074,26.2067,8.3841,-7.9233,23423.5864,0.0009,NA,NA
SandFall-Win64-Shipping.exe,19588,0x2EC4BC3AB90,DXGI,0,512,1,Hardware: Independent Flip,23439.9165,0.3344,0.1678,0.1666,9.8757,0.1047,0.1029,0.0018,18.2607,8.7315,7.9460,23439.9165,8.2803,NA,NA
SandFall-Win64-Shipping.exe,19588,0x2EC4BC3AB90,DXGI,0,512,1,Hardware: Independent Flip,23440.2509,15.8612,15.5608,0.3004,9.6460,17.0106,16.9990,0.0116,26.6578,8.5746,-8.3971,23440.2509,0.0012,NA,NA
SandFall-Win64-Shipping.exe,19588,0x2EC4BC3AB90,DXGI,0,512,1,Hardware: Independent Flip,23456.1121,0.3473,0.1783,0.1690,10.7954,0.1126,0.1110,0.0016,19.3712,10.2432,7.2866,23456.1121,8.4632,NA,NA
SandFall-Win64-Shipping.exe,19588,0x2EC4BC3AB90,DXGI,0,512,1,Hardware: Independent Flip,23456.4594,22.3913,21.7702,0.6211,10.5607,18.7061,17.2349,1.4712,29.2671,9.5648,-9.8959,23456.4594,0.0003,NA,NA
SandFall-Win64-Shipping.exe,19588,0x2EC4BC3AB90,DXGI,0,512,1,Hardware: Independent Flip,23478.8507,0.4524,0.2097,0.2427,6.8755,0.1177,0.1161,0.0016,16.4406,8.1449,12.8265,23478.8507,9.4474,NA,NA
SandFall-Win64-Shipping.exe,19588,0x2EC4BC3AB90,DXGI,0,512,1,Hardware: Independent Flip,23479.3031,14.4297,14.1233,0.3064,6.5408,17.5915,17.4911,0.1004,24.1331,8.9511,-7.6925,23479.3031,0.0008,26.9331,NA
SandFall-Win64-Shipping.exe,19588,0x2EC4BC3AB90,DXGI,0,512,1,Hardware: Independent Flip,23493.7328,0.5927,0.2495,0.3432,9.7026,0.1617,0.1595,0.0022,18.6545,8.5976,5.4786,23493.7328,8.7902,NA,NA
SandFall-Win64-Shipping.exe,19588,0x2EC4BC3AB90,DXGI,0,512,1,Hardware: Independent Flip,23494.3255,13.9170,13.6121,0.3049,9.2716,17.3878,17.3824,0.0054,26.6594,8.8039,-8.0049,23494.3255,NA,NA,NA
SandFall-Win64-Shipping.exe,19588,0x2EC4BC3AB90,DXGI,0,512,1,Hardware: Independent Flip,23508.2425,0.3436,0.1776,0.1660,12.7424,0.1004,0.0985,0.0019,21.5463,8.5854,5.1131,23508.2425,8.7035,NA,NA
SandFall-Win64-Shipping.exe,19588,0x2EC4BC3AB90,DXGI,0,512,1,Hardware: Independent Flip,23508.5861,15.5212,15.2526,0.2686,12.4992,17.2880,17.2824,0.0056,29.7881,8.7737,-8.2418,23508.5861,0.0009,NA,NA
SandFall-Win64-Shipping.exe,19588,0x2EC4BC3AB90,DXGI,0,512,1,Hardware: Independent Flip,23524.1073,0.4163,0.1738,0.2425,14.2660,0.1586,0.1544,0.0042,23.0406,8.5841,6.7475,23524.1073,8.6160,NA,NA
SandFall-Win64-Shipping.exe,19588,0x2EC4BC3AB90,DXGI,0,512,1,Hardware: Independent Flip,23524.5236,16.6914,16.4095,0.2819,14.0083,17.1994,17.1958,0.0036,31.2084,8.6602,-8.1678,23524.5236,0.0007,NA,NA
SandFall-Win64-Shipping.exe,19588,0x2EC4BC3AB90,DXGI,0,512,1,Hardware: Independent Flip,23541.2150,0.3625,0.1949,0.1676,14.5163,0.1028,0.1012,0.0016,23.1772,9.5131,8.0312,23541.2150,8.5581,NA,NA
SandFall-Win64-Shipping.exe,19588,0x2EC4BC3AB90,DXGI,0,512,1,Hardware: Independent Flip,23541.5775,23.6585,22.9451,0.7134,14.2566,18.0706,18.0665,0.0041,32.3278,9.1524,-9.1506,23541.5775,0.0006,NA,NA
SandFall-Win64-Shipping.exe,19588,0x2EC4BC3AB90,DXGI,0,512,1,Hardware: Independent Flip,23565.2360,0.5733,0.2952,0.2781,8.6687,0.1462,0.1439,0.0023,17.8217,8.6186,14.5061,23565.2360,9.0068,NA,NA
SandFall-Win64-Shipping.exe,19588,0x2EC4BC3AB90,DXGI,0,512,1,Hardware: Independent Flip,23565.8093,11.0901,10.8275,0.2626,8.2416,17.6250,17.6202,0.0048,25.8670,9.0211,-8.0453,23565.8093,0.0004,NA,NA
SandFall-Win64-Shipping.exe,19588,0x2EC4BC3AB90,DXGI,0,512,1,Hardware: Independent Flip,23576.8994,0.3458,0.1673,0.1785,14.7765,0.1205,0.1184,0.0021,23.7980,8.2946,2.0690,23576.8994,8.9010,NA,NA
SandFall-Win64-Shipping.exe,19588,0x2EC4BC3AB90,DXGI,0,512,1,Hardware: Independent Flip,23577.2452,15.0845,14.8337,0.2508,14.5512,17.1947,17.1891,0.0056,31.7468,8.7028,-7.9488,23577.2452,0.0009,NA,NA
SandFall-Win64-Shipping.exe,19588,0x2EC4BC3AB90,DXGI,0,512,1,Hardware: Independent Flip,23592.3297,0.3733,0.1609,0.2124,16.6614,0.1632,0.1613,0.0019,25.3651,9.8925,6.3817,23592.3297,8.5405,NA,NA
SandFall-Win64-Shipping.exe,19588,0x2EC4BC3AB90,DXGI,0,512,1,Hardware: Independent Flip,23592.7030,18.0494,17.7463,0.3031,16.4513,18.3308,18.3282,0.0026,34.8843,9.1202,-9.5192,23592.7030,0.1022,23.1280,NA
SandFall-Win64-Shipping.exe,19588,0x2EC4BC3AB90,DXGI,0,512,1,Hardware: Independent Flip,23610.7524,0.4802,0.2858,0.1944,16.7327,0.1516,0.1499,0.0017,25.9551,9.1659,8.9292,23610.7524,9.0708,NA,NA
SandFall-Win64-Shipping.exe,19588,0x2EC4BC3AB90,DXGI,0,512,1,Hardware: Independent Flip,23611.2326,29.3764,29.0055,0.3709,16.4041,18.2359,17.9827,0.2532,34.6408,9.4256,-8.6857,23611.2326,0.0008,NA,NA
SandFall-Win64-Shipping.exe,19588,0x2EC4BC3AB90,DXGI,0,512,1,Hardware: Independent Flip,23640.6090,0.4344,0.2180,0.2164,5.2636,0.2060,0.2060,0.0000,14.6900,8.7292,19.9508,23640.6090,9.2204,NA,NA
SandFall-Win64-Shipping.exe,19588,0x2EC4BC3AB90,DXGI,0,512,1,Hardware: Independent Flip,23641.0434,10.3169,10.0004,0.3165,5.0352,17.9486,17.9437,0.0049,22.9848,9.3158,-8.2948,23641.0434,0.0010,22.5422,NA
SandFall-Win64-Shipping.exe,19588,0x2EC4BC3AB90,DXGI,0,512,1,Hardware: Independent Flip,23651.3603,0.4177,0.1963,0.2214,12.6669,0.1510,0.1510,0.0000,21.9837,8.2497,1.0011,23651.3603,9.1658,NA,NA
SandFall-Win64-Shipping.exe,19588,0x2EC4BC3AB90,DXGI,0,512,1,Hardware: Independent Flip,23651.7780,14.9642,14.6925,0.2717,12.4002,17.4149,17.4104,0.0045,29.8157,8.8724,-7.8320,23651.7780,0.0006,NA,NA
SandFall-Win64-Shipping.exe,19588,0x2EC4BC3AB90,DXGI,0,512,1,Hardware: Independent Flip,23666.7422,0.3826,0.1942,0.1884,14.8509,0.1470,0.1451,0.0019,23.7239,8.6839,6.0918,23666.7422,8.7260,NA,NA
SandFall-Win64-Shipping.exe,19588,0x2EC4BC3AB90,DXGI,0,512,1,Hardware: Independent Flip,23667.1248,16.4747,16.1669,0.3078,14.6153,17.3348,17.3269,0.0079,32.0252,8.6334,-8.3013,23667.1248,0.0751,NA,NA
SandFall-Win64-Shipping.exe,19588,0x2EC4BC3AB90,DXGI,0,512,1,Hardware: Independent Flip,23683.5995,0.4227,0.2400,0.1827,15.4754,0.1483,0.1259,0.0224,24.1839,10.3386,7.8413,23683.5995,8.5602,NA,NA
SandFall-Win64-Shipping.exe,19588,0x2EC4BC3AB90,DXGI,0,512,1,Hardware: Independent Flip,23684.0222,24.4973,23.9437,0.5536,15.2010,18.5456,18.5395,0.0061,34.0998,8.9582,-9.9159,23684.0222,0.3532,35.6225,NA
SandFall-Win64-Shipping.exe,19588,0x2EC4BC3AB90,DXGI,0,512,1,Hardware: Independent Flip,23708.5195,0.9996,0.4427,0.5569,9.2493,0.1567,0.1532,0.0035,18.5607,10.4442,15.5391,23708.5195,9.1547,NA,NA
SandFall-Win64-Shipping.exe,19588,0x2EC4BC3AB90,DXGI,0,512,1,Hardware: Independent Flip,23709.5191,23.0649,22.7268,0.3381,8.4064,19.5980,18.9968,0.6012,28.0053,10.1741,-9.4446,23709.5191,0.0009,NA,NA
SandFall-Win64-Shipping.exe,19588,0x2EC4BC3AB90,DXGI,0,512,1,Hardware: Independent Flip,23732.5840,0.4896,0.2390,0.2506,4.9395,0.1493,0.1465,0.0028,15.1145,8.0285,12.8908,23732.5840,10.0257,NA,NA
SandFall-Win64-Shipping.exe,19588,0x2EC4BC3AB90,DXGI,0,512,1,Hardware: Independent Flip,23733.0736,9.1299,8.7672,0.3627,4.5992,18.0535,18.0481,0.0054,22.6534,9.3509,-7.5389,23733.0736,0.0007,NA,NA
SandFall-Win64-Shipping.exe,19588,0x2EC4BC3AB90,DXGI,0,512,1,Hardware: Independent Flip,23742.2035,0.4333,0.2216,0.2117,13.5228,0.1487,0.1487,0.0000,22.8744,8.1890,-0.2210,23742.2035,9.2029,NA,NA
SandFall-Win64-Shipping.exe,19588,0x2EC4BC3AB90,DXGI,0,512,1,Hardware: Independent Flip,23742.6368,16.8152,16.5166,0.2986,13.2382,17.3913,17.3822,0.0091,30.6301,8.8568,-7.7557,23742.6368,0.0006,NA,NA
SandFall-Win64-Shipping.exe,19588,0x2EC4BC3AB90,DXGI,0,512,1,Hardware: Independent Flip,23759.4520,0.3504,0.1757,0.1747,13.8143,0.1486,0.1486,0.0000,22.6717,9.0713,7.9584,23759.4520,8.7088,NA,NA
SandFall-Win64-Shipping.exe,19588,0x2EC4BC3AB90,DXGI,0,512,1,Hardware: Independent Flip,23759.8024,19.6096,19.2671,0.3425,13.6125,17.7519,17.7458,0.0061,31.3926,8.9163,-8.7209,23759.8024,0.0282,NA,NA
SandFall-Win64-Shipping.exe,19588,0x2EC4BC3AB90,DXGI,0,512,1,Hardware: Independent Flip,23779.4120,0.4249,0.1790,0.2459,11.7548,0.0962,0.0920,0.0042,20.6993,8.5443,10.6933,23779.4120,8.8483,NA,NA
SandFall-Win64-Shipping.exe,19588,0x2EC4BC3AB90,DXGI,0,512,1,Hardware: Independent Flip,23779.8369,16.0851,15.7444,0.3407,11.4261,17.3920,17.3803,0.0117,28.8187,8.7957,-8.1194,23779.8369,0.0006,NA,NA
SandFall-Win64-Shipping.exe,19588,0x2EC4BC3AB90,DXGI,0,512,1,Hardware: Independent Flip,23795.9220,0.3817,0.1893,0.1924,12.7330,0.1415,0.1415,0.0000,21.5293,8.5695,7.2894,23795.9220,8.6548,NA,NA
SandFall-Win64-Shipping.exe,19588,0x2EC4BC3AB90,DXGI,0,512,1,Hardware: Independent Flip,23796.3037,22.9553,22.6507,0.3046,12.4928,17.1981,17.1900,0.0081,29.7171,8.5887,-8.1878,23796.3037,0.0262,25.5242,NA
SandFall-Win64-Shipping.exe,19588,0x2EC4BC3AB90,DXGI,0,512,1,Hardware: Independent Flip,23819.2590,0.4109,0.2298,0.1811,6.7356,0.2641,0.2614,0.0027,15.3505,9.4625,14.3666,23819.2590,8.3508,NA,NA
SandFall-Win64-Shipping.exe,19588,0x2EC4BC3AB90,DXGI,0,512,1,Hardware: Independent Flip,23819.6699,14.1513,13.7633,0.3880,6.5888,17.6621,17.6510,0.0111,24.4021,8.7954,-9.0516,23819.6699,0.1512,15.6086,NA
SandFall-Win64-Shipping.exe,19588,0x2EC4BC3AB90,DXGI,0,512,1,Hardware: Independent Flip,23833.8212,0.4396,0.2484,0.1912,10.0996,0.1599,0.1577,0.0022,19.0462,8.3506,5.3559,23833.8212,8.7867,NA,NA
SandFall-Win64-Shipping.exe,19588,0x2EC4BC3AB90,DXGI,0,512,1,Hardware: Independent Flip,23834.2608,16.9604,16.6886,0.2718,9.8199,17.1368,17.1258,0.0110,26.9572,8.7489,-7.9110,23834.2608,0.0005,13.7556,NA
SandFall-Win64-Shipping.exe,19588,0x2EC4BC3AB90,DXGI,0,512,1,Hardware: Independent Flip,23851.2212,0.3773,0.1715,0.2058,9.9963,0.0950,0.0927,0.0023,18.7457,8.7046,8.2115,23851.2212,8.6544,NA,NA
SandFall-Win64-Shipping.exe,19588,0x2EC4BC3AB90,DXGI,0,512,1,Hardware: Independent Flip,23851.5985,18.9111,18.6023,0.3088,9.7140,17.3573,17.3439,0.0134,27.0730,8.7553,-8.3273,23851.5985,0.0017,14.2015,NA
SandFall-Win64-Shipping.exe,19588,0x2EC4BC3AB90,DXGI,0,512,1,Hardware: Independent Flip,23870.5096,0.3687,0.1864,0.1823,8.1602,0.0372,0.0363,0.0009,16.9172,8.9310,10.1558,23870.5096,8.7198,NA,NA
SandFall-Win64-Shipping.exe,19588,0x2EC4BC3AB90,DXGI,0,512,1,Hardware: Independent Flip,23870.8783,15.3949,15.1225,0.2724,7.8287,17.6361,17.6195,0.0166,25.4795,8.7637,-8.5623,23870.8783,0.0147,12.8998,NA
SandFall-Win64-Shipping.exe,19588,0x2EC4BC3AB90,DXGI,0,512,1,Hardware: Independent Flip,23886.2732,0.4568,0.1619,0.2949,10.0699,0.0900,0.0884,0.0016,18.8483,10.2380,6.6312,23886.2732,8.6884,NA,NA
SandFall-Win64-Shipping.exe,19588,0x2EC4BC3AB90,DXGI,0,512,1,Hardware: Independent Flip,23886.7300,21.6565,21.3702,0.2863,9.7031,18.9254,17.7020,1.2234,28.6295,9.5171,-9.7812,23886.7300,0.0010,13.9000,NA
SandFall-Win64-Shipping.exe,19588,0x2EC4BC3AB90,DXGI,0,512,1,Hardware: Independent Flip,23908.3865,0.3280,0.1692,0.1588,6.9720,0.0935,0.0910,0.0025,16.4901,8.5922,12.1394,23908.3865,9.4246,NA,NA
SandFall-Win64-Shipping.exe,19588,0x2EC4BC3AB90,DXGI,0,512,1,Hardware: Independent Flip,23908.7145,14.8052,14.5422,0.2630,6.7375,18.0159,17.7982,0.2177,24.7543,9.3092,-8.2642,23908.7145,0.0009,15.0029,NA
SandFall-Win64-Shipping.exe,19588,0x2EC4BC3AB90,DXGI,0,512,1,Hardware: Independent Flip,23923.5197,0.5174,0.1851,0.3323,9.9482,0.1246,0.1227,0.0019,19.2583,8.4385,5.4960,23923.5197,9.1855,NA,NA
SandFall-Win64-Shipping.exe,19588,0x2EC4BC3AB90,DXGI,0,512,1,Hardware: Independent Flip,23924.0371,19.4876,19.1510,0.3366,9.5554,17.6233,17.3653,0.2580,27.1794,8.9960,-7.9211,23924.0371,0.0007,28.7528,NA
SandFall-Win64-Shipping.exe,19588,0x2EC4BC3AB90,DXGI,0,512,1,Hardware: Independent Flip,23943.5247,0.4665,0.1957,0.2708,7.6911,0.1176,0.1159,0.0017,16.6878,8.6259,10.4916,23943.5247,8.8791,NA,NA
SandFall-Win64-Shipping.exe,19588,0x2EC4BC3AB90,DXGI,0,512,1,Hardware: Independent Flip,23943.9912,13.9610,13.6380,0.3230,7.3422,17.4115,17.4041,0.0074,24.8472,8.6704,-8.1594,23943.9912,0.0935,NA,NA
SandFall-Win64-Shipping.exe,19588,0x2EC4BC3AB90,DXGI,0,512,1,Hardware: Independent Flip,23957.9522,0.3306,0.1663,0.1643,10.7927,0.0946,0.0899,0.0047,19.5566,8.9186,5.2906,23957.9522,8.6693,NA,NA
SandFall-Win64-Shipping.exe,19588,0x2EC4BC3AB90,DXGI,0,512,1,Hardware: Independent Flip,23958.2828,16.4158,16.1008,0.3150,10.5567,17.5050,17.4972,0.0078,28.1446,8.6485,-8.5880,23958.2828,0.0829,NA,NA
SandFall-Win64-Shipping.exe,19588,0x2EC4BC3AB90,DXGI,0,512,1,Hardware: Independent Flip,23974.6986,0.3781,0.2037,0.1744,11.6459,0.1263,0.1245,0.0018,20.3773,8.8381,7.7673,23974.6986,8.6051,NA,NA
SandFall-Win64-Shipping.exe,19588,0x2EC4BC3AB90,DXGI,0,512,1,Hardware: Independent Flip,23975.0767,16.7474,16.4708,0.2766,11.3941,17.3815,17.3753,0.0062,28.8373,8.6122,-8.4600,23975.0767,0.0617,19.4434,NA
SandFall-Win64-Shipping.exe,19588,0x2EC4BC3AB90,DXGI,0,512,1,Hardware: Independent Flip,23991.8241,0.3457,0.1618,0.1839,12.0282,0.1404,0.1387,0.0017,20.7021,8.7770,8.1352,23991.8241,8.5335,NA,NA
SandFall-Win64-Shipping.exe,19588,0x2EC4BC3AB90,DXGI,0,512,1,Hardware: Independent Flip,23992.1698,17.0081,16.7398,0.2683,11.8229,17.2645,17.2527,0.0118,29.1334,8.6000,-8.4313,23992.1698,0.0460,19.8371,NA
SandFall-Win64-Shipping.exe,19588,0x2EC4BC3AB90,DXGI,0,512,1,Hardware: Independent Flip,24009.1779,0.3987,0.1828,0.2159,12.0793,0.1181,0.1164,0.0017,20.7253,9.2619,8.4081,24009.1779,8.5279,NA,NA
SandFall-Win64-Shipping.exe,19588,0x2EC4BC3AB90,DXGI,0,512,1,Hardware: Independent Flip,24009.5766,17.5274,17.2434,0.2840,11.7987,17.7235,17.7145,0.0090,29.5885,8.8168,-8.8632,24009.5766,0.0663,NA,NA
SandFall-Win64-Shipping.exe,19588,0x2EC4BC3AB90,DXGI,0,512,1,Hardware: Independent Flip,24027.1040,0.3673,0.1833,0.1840,11.9948,0.1513,0.1496,0.0017,20.8779,9.2301,8.7106,24027.1040,8.7318,NA,NA
SandFall-Win64-Shipping.exe,19588,0x2EC4BC3AB90,DXGI,0,512,1,Hardware: Independent Flip,24027.4713,16.9881,16.6539,0.3342,11.7788,17.9613,17.9522,0.0091,29.7407,9.2458,-8.8628,24027.4713,0.0006,15.7419,NA
SandFall-Win64-Shipping.exe,19588,0x2EC4BC3AB90,DXGI,0,512,1,Hardware: Independent Flip,24044.4594,0.3613,0.1830,0.1783,12.7520,0.1313,0.1298,0.0015,21.9984,8.7758,7.7423,24044.4594,9.1151,NA,NA
SandFall-Win64-Shipping.exe,19588,0x2EC4BC3AB90,DXGI,0,512,1,Hardware: Independent Flip,24044.8207,19.1873,18.8512,0.3361,12.5220,17.8901,17.8832,0.0069,30.4129,9.1589,-8.4145,24044.8207,0.0008,NA,NA
SandFall-Win64-Shipping.exe,19588,0x2EC4BC3AB90,DXGI,0,512,1,Hardware: Independent Flip,24064.0080,0.3445,0.1685,0.1760,11.2248,0.1092,0.1068,0.0024,20.3845,11.3294,10.0284,24064.0080,9.0505,NA,NA
SandFall-Win64-Shipping.exe,19588,0x2EC4BC3AB90,DXGI,0,512,1,Hardware: Independent Flip,24064.3525,15.9343,15.6035,0.3308,10.9895,20.3790,20.3734,0.0056,31.3694,10.4630,-10.9849,24064.3525,0.0009,NA,NA
SandFall-Win64-Shipping.exe,19588,0x2EC4BC3AB90,DXGI,0,512,1,Hardware: Independent Flip,24080.2868,0.3324,0.1575,0.1749,15.4342,0.1472,0.1455,0.0017,25.8981,7.4710,5.4713,24080.2868,10.3167,NA,NA
SandFall-Win64-Shipping.exe,19588,0x2EC4BC3AB90,DXGI,0,512,1,Hardware: Independent Flip,24080.6192,18.9126,18.6381,0.2745,15.2490,17.7872,17.7820,0.0052,33.0367,8.9398,-7.1386,24080.6192,0.0005,NA,NA
SandFall-Win64-Shipping.exe,19588,0x2EC4BC3AB90,DXGI,0,512,1,Hardware: Independent Flip,24099.5318,0.4754,0.2302,0.2452,14.1236,0.1710,0.1685,0.0025,23.0639,8.8316,9.9728,24099.5318,8.7693,NA,NA
SandFall-Win64-Shipping.exe,19588,0x2EC4BC3AB90,DXGI,0,512,1,Hardware: Independent Flip,24100.0072,14.9949,14.7395,0.2554,13.8192,17.6002,17.5927,0.0075,31.4201,9.0405,-8.3562,24100.0072,0.0007,NA,NA
SandFall-Win64-Shipping.exe,19588,0x2EC4BC3AB90,DXGI,0,512,1,Hardware: Independent Flip,24115.0021,0.3271,0.1662,0.1609,16.4245,0.1411,0.1411,0.0000,25.4657,9.1173,5.9544,24115.0021,8.9001,NA,NA
SandFall-Win64-Shipping.exe,19588,0x2EC4BC3AB90,DXGI,0,512,1,Hardware: Independent Flip,24115.3292,19.0059,18.7546,0.2513,16.2385,18.0166,18.0102,0.0064,34.2559,9.3185,-8.7902,24115.3292,0.0008,NA,NA
SandFall-Win64-Shipping.exe,19588,0x2EC4BC3AB90,DXGI,0,512,1,Hardware: Independent Flip,24134.3351,0.3663,0.1821,0.1842,15.2492,0.2066,0.2066,0.0000,24.5685,9.6261,9.6874,24134.3351,9.1127,NA,NA
SandFall-Win64-Shipping.exe,19588,0x2EC4BC3AB90,DXGI,0,512,1,Hardware: Independent Flip,24134.7014,23.4799,23.1041,0.3758,15.0895,18.7384,18.6908,0.0476,33.8283,9.8813,-9.2598,24134.7014,0.0004,NA,NA
SandFall-Win64-Shipping.exe,19588,0x2EC4BC3AB90,DXGI,0,512,1,Hardware: Independent Flip,24158.1813,0.3898,0.1856,0.2042,10.3480,0.1517,0.1499,0.0018,20.2297,8.3749,13.5986,24158.1813,9.7300,NA,NA
SandFall-Win64-Shipping.exe,19588,0x2EC4BC3AB90,DXGI,0,512,1,Hardware: Independent Flip,24158.5711,16.3844,16.0444,0.3400,10.1099,18.1041,18.0978,0.0063,28.2148,9.2971,-7.9851,24158.5711,0.0008,NA,NA
SandFall-Win64-Shipping.exe,19588,0x2EC4BC3AB90,DXGI,0,512,1,Hardware: Independent Flip,24174.9555,0.4737,0.2455,0.2282,11.8296,0.1063,0.1045,0.0018,21.1275,8.7600,7.0873,24174.9555,9.1916,NA,NA
SandFall-Win64-Shipping.exe,19588,0x2EC4BC3AB90,DXGI,0,512,1,Hardware: Independent Flip,24175.4292,16.4538,16.1322,0.3216,11.4622,17.7757,17.7693,0.0064,29.4138,8.7628,-8.2863,24175.4292,0.1759,NA,NA
SandFall-Win64-Shipping.exe,19588,0x2EC4BC3AB90,DXGI,0,512,1,Hardware: Independent Flip,24191.8830,0.3861,0.1911,0.1950,12.7841,0.1054,0.1036,0.0018,21.7228,9.3369,7.6910,24191.8830,8.8333,NA,NA
SandFall-Win64-Shipping.exe,19588,0x2EC4BC3AB90,DXGI,0,512,1,Hardware: Independent Flip,24192.2691,16.5613,16.2621,0.2992,12.5034,17.9825,17.9753,0.0072,30.6736,8.7494,-8.9508,24192.2691,0.1877,NA,NA
SandFall-Win64-Shipping.exe,19588,0x2EC4BC3AB90,DXGI,0,512,1,Hardware: Independent Flip,24208.8304,0.3900,0.2129,0.1771,13.9246,0.1117,0.1101,0.0016,22.8617,9.3024,7.8119,24208.8304,8.8254,NA,NA
SandFall-Win64-Shipping.exe,19588,0x2EC4BC3AB90,DXGI,0,512,1,Hardware: Independent Flip,24209.2204,19.2773,18.9707,0.3066,13.6463,17.9536,17.9429,0.0107,31.7741,8.7430,-8.9124,24209.2204,0.1742,NA,NA
SandFall-Win64-Shipping.exe,19588,0x2EC4BC3AB90,DXGI,0,512,1,Hardware: Independent Flip,24228.4977,0.4420,0.2282,0.2138,12.3226,0.1654,0.1631,0.0023,21.2398,8.8318,10.5343,24228.4977,8.7518,NA,NA
SandFall-Win64-Shipping.exe,19588,0x2EC4BC3AB90,DXGI,0,512,1,Hardware: Independent Flip,24228.9397,18.9805,18.6510,0.3295,12.0460,17.5829,17.5729,0.0100,29.6296,8.7874,-8.3898,24228.9397,0.0007,NA,NA
SandFall-Win64-Shipping.exe,19588,0x2EC4BC3AB90,DXGI,0,512,1,Hardware: Independent Flip,24247.9202,0.4289,0.2185,0.2104,10.6484,0.0963,0.0945,0.0018,19.4365,8.8645,10.1931,24247.9202,8.6918,NA,NA
SandFall-Win64-Shipping.exe,19588,0x2EC4BC3AB90,DXGI,0,512,1,Hardware: Independent Flip,24248.3491,18.6819,18.3926,0.2893,10.3158,17.5555,17.5449,0.0106,27.8721,8.8597,-8.4356,24248.3491,0.0008,NA,NA
SandFall-Win64-Shipping.exe,19588,0x2EC4BC3AB90,DXGI,0,512,1,Hardware: Independent Flip,24267.0310,0.3819,0.1897,0.1922,9.1894,0.1159,0.1137,0.0022,18.0499,8.7485,9.8222,24267.0310,8.7446,NA,NA
SandFall-Win64-Shipping.exe,19588,0x2EC4BC3AB90,DXGI,0,512,1,Hardware: Independent Flip,24267.4129,16.4740,16.1839,0.2901,8.9234,17.4921,17.3845,0.1076,26.4165,8.8742,-8.3666,24267.4129,0.0010,NA,NA
SandFall-Win64-Shipping.exe,19588,0x2EC4BC3AB90,DXGI,0,512,1,Hardware: Independent Flip,24283.8869,0.3397,0.1636,0.1761,9.9415,0.0921,0.0903,0.0018,18.8167,9.5619,7.5998,24283.8869,8.7831,NA,NA
SandFall-Win64-Shipping.exe,19588,0x2EC4BC3AB90,DXGI,0,512,1,Hardware: Independent Flip,24284.2266,18.0406,17.7641,0.2765,9.6939,18.3444,17.2757,1.0687,28.0389,9.2028,-9.2222,24284.2266,0.0006,NA,NA
SandFall-Win64-Shipping.exe,19588,0x2EC4BC3AB90,DXGI,0,512,1,Hardware: Independent Flip,24302.2672,0.3240,0.1593,0.1647,9.9977,0.0756,0.0741,0.0015,19.2011,8.8745,8.8378,24302.2672,9.1278,NA,NA
SandFall-Win64-Shipping.exe,19588,0x2EC4BC3AB90,DXGI,0,512,1,Hardware: Independent Flip,24302.5912,17.8966,17.6370,0.2596,9.7493,18.0017,17.2060,0.7957,27.7516,9.2885,-8.5505,24302.5912,0.0006,NA,NA
SandFall-Win64-Shipping.exe,19588,0x2EC4BC3AB90,DXGI,0,512,1,Hardware: Independent Flip,24320.4878,0.3395,0.1549,0.1846,9.8544,0.1674,0.1656,0.0018,19.1435,9.0031,8.6081,24320.4878,9.1217,NA,NA
SandFall-Win64-Shipping.exe,19588,0x2EC4BC3AB90,DXGI,0,512,1,Hardware: Independent Flip,24320.8273,18.4271,18.1543,0.2728,9.6823,18.1244,16.9492,1.1752,27.8071,9.3403,-8.6636,24320.8273,0.0004,NA,NA
SandFall-Win64-Shipping.exe,19588,0x2EC4BC3AB90,DXGI,0,512,1,Hardware: Independent Flip,24339.2544,0.4858,0.2246,0.2612,9.3796,0.1798,0.1798,0.0000,18.7203,8.4637,9.0868,24339.2544,9.1609,NA,NA
SandFall-Win64-Shipping.exe,19588,0x2EC4BC3AB90,DXGI,0,512,1,Hardware: Independent Flip,24339.7402,16.7895,16.5273,0.2622,9.0736,17.6238,17.3525,0.2713,26.6982,8.9700,-7.9779,24339.7402,0.0008,NA,NA
SandFall-Win64-Shipping.exe,19588,0x2EC4BC3AB90,DXGI,0,512,1,Hardware: Independent Flip,24356.5297,0.3535,0.1830,0.1705,9.9079,0.1363,0.1343,0.0020,18.8787,8.7000,7.8195,24356.5297,8.8345,NA,NA
SandFall-Win64-Shipping.exe,19588,0x2EC4BC3AB90,DXGI,0,512,1,Hardware: Independent Flip,24356.8832,17.3597,17.0593,0.3004,9.6907,17.4352,17.1355,0.2997,27.2252,8.6631,-8.3465,24356.8832,0.0993,NA,NA
SandFall-Win64-Shipping.exe,19588,0x2EC4BC3AB90,DXGI,0,512,1,Hardware: Independent Flip,24374.2429,0.3611,0.1762,0.1849,9.7662,0.1329,0.1313,0.0016,18.5286,8.9601,8.6966,24374.2429,8.6295,NA,NA
SandFall-Win64-Shipping.exe,19588,0x2EC4BC3AB90,DXGI,0,512,1,Hardware: Independent Flip,24374.6040,16.1170,15.8226,0.2944,9.5380,17.1078,17.0977,0.0101,27.1276,8.0587,-8.5990,24374.6040,0.4818,15.2707,NA
SandFall-Win64-Shipping.exe,19588,0x2EC4BC3AB90,DXGI,0,512,1,Hardware: Independent Flip,24390.7210,0.3642,0.1692,0.1950,10.5288,0.1663,0.1631,0.0032,19.0693,9.3902,8.0583,24390.7210,8.3742,NA,NA
SandFall-Win64-Shipping.exe,19588,0x2EC4BC3AB90,DXGI,0,512,1,Hardware: Independent Flip,24391.0852,18.2114,17.9339,0.2775,10.3309,17.4063,17.1410,0.2653,28.0953,8.1898,-9.0260,24391.0852,0.3581,12.7016,NA
SandFall-Win64-Shipping.exe,19588,0x2EC4BC3AB90,DXGI,0,512,1,Hardware: Independent Flip,24409.2966,0.4494,0.2762,0.1732,9.5258,0.1262,0.1240,0.0022,18.0737,9.1007,10.0216,24409.2966,8.4217,NA,NA
SandFall-Win64-Shipping.exe,19588,0x2EC4BC3AB90,DXGI,0,512,1,Hardware: Independent Flip,24409.7460,16.4948,16.2391,0.2557,9.2026,17.5220,17.5125,0.0095,26.7250,8.6072,-8.6513,24409.7460,0.0004,14.0140,NA
SandFall-Win64-Shipping.exe,19588,0x2EC4BC3AB90,DXGI,0,512,1,Hardware: Independent Flip,24426.2408,0.4801,0.1610,0.3191,10.2298,0.1028,0.1006,0.0022,18.8374,8.6783,7.8876,24426.2408,8.5048,NA,NA
SandFall-Win64-Shipping.exe,19588,0x2EC4BC3AB90,DXGI,0,512,1,Hardware: Independent Flip,24426.7209,16.7819,16.5162,0.2657,9.8525,17.1826,17.1742,0.0084,27.0356,8.6323,-8.1982,24426.7209,0.0005,13.3000,NA
SandFall-Win64-Shipping.exe,19588,0x2EC4BC3AB90,DXGI,0,512,1,Hardware: Independent Flip,24443.5028,0.3584,0.1760,0.1824,10.2532,0.1242,0.1224,0.0018,18.8860,8.6766,8.1496,24443.5028,8.5086,NA,NA
SandFall-Win64-Shipping.exe,19588,0x2EC4BC3AB90,DXGI,0,512,1,Hardware: Independent Flip,24443.8612,16.5804,16.3167,0.2637,10.0190,17.1848,17.1768,0.0080,27.2042,8.7077,-8.3182,24443.8612,0.0004,13.6129,NA
SandFall-Win64-Shipping.exe,19588,0x2EC4BC3AB90,DXGI,0,512,1,Hardware: Independent Flip,24460.4416,0.3640,0.1643,0.1997,10.6234,0.1923,0.1923,0.0000,19.3315,8.3513,7.8727,24460.4416,8.5158,NA,NA
SandFall-Win64-Shipping.exe,19588,0x2EC4BC3AB90,DXGI,0,512,1,Hardware: Independent Flip,24460.8056,17.4367,16.9357,0.5010,10.4517,16.8661,16.8590,0.0071,27.3188,8.8566,-7.9873,24460.8056,0.0010,12.6678,NA
SandFall-Win64-Shipping.exe,19588,0x2EC4BC3AB90,DXGI,0,512,1,Hardware: Independent Flip,24478.2423,0.3436,0.1789,0.1647,9.8811,0.1045,0.1017,0.0028,18.7387,8.5528,8.5801,24478.2423,8.7531,NA,NA
SandFall-Win64-Shipping.exe,19588,0x2EC4BC3AB90,DXGI,0,512,1,Hardware: Independent Flip,24478.5859,16.0263,15.5349,0.4914,9.6420,17.3053,17.2952,0.0101,26.9479,8.7807,-8.2092,24478.5859,0.0006,13.0784,NA
SandFall-Win64-Shipping.exe,19588,0x2EC4BC3AB90,DXGI,0,512,1,Hardware: Independent Flip,24494.6122,0.3640,0.1919,0.1721,10.9210,0.0678,0.0637,0.0041,19.7023,8.2503,7.2456,24494.6122,8.7135,NA,NA
SandFall-Win64-Shipping.exe,19588,0x2EC4BC3AB90,DXGI,0,512,1,Hardware: Independent Flip,24494.9762,17.4336,17.1668,0.2668,10.6248,16.9629,16.9559,0.0070,27.5886,8.5630,-7.8863,24494.9762,0.0009,15.1051,NA
SandFall-Win64-Shipping.exe,19588,0x2EC4BC3AB90,DXGI,0,512,1,Hardware: Independent Flip,24512.4098,0.3328,0.1683,0.1645,10.1541,0.1386,0.1386,0.0000,18.7180,8.7344,8.8706,24512.4098,8.4253,NA,NA
SandFall-Win64-Shipping.exe,19588,0x2EC4BC3AB90,DXGI,0,512,1,Hardware: Independent Flip,24512.7426,18.6020,18.2466,0.3554,9.9599,17.0028,16.9949,0.0079,27.1196,8.4231,-8.4016,24512.7426,0.1569,14.3932,NA
SandFall-Win64-Shipping.exe,19588,0x2EC4BC3AB90,DXGI,0,512,1,Hardware: Independent Flip,24531.3446,0.3569,0.1661,0.1908,8.3607,0.1676,0.1659,0.0017,16.9407,8.9941,10.1789,24531.3446,8.4124,NA,NA
SandFall-Win64-Shipping.exe,19588,0x2EC4BC3AB90,DXGI,0,512,1,Hardware: Independent Flip,24531.7015,14.5074,14.1829,0.3245,8.1714,17.3778,17.3694,0.0084,25.5779,8.6582,-8.6372,24531.7015,0.0287,18.8110,NA
SandFall-Win64-Shipping.exe,19588,0x2EC4BC3AB90,DXGI,0,512,1,Hardware: Independent Flip,24546.2089,0.3509,0.1833,0.1676,11.0418,0.1402,0.1385,0.0017,19.7287,8.8667,5.8492,24546.2089,8.5467,NA,NA
SandFall-Win64-Shipping.exe,19588,0x2EC4BC3AB90,DXGI,0,512,1,Hardware: Independent Flip,24546.5598,16.4133,16.1443,0.2690,10.8311,17.4126,17.4031,0.0095,28.2445,8.8472,-8.5158,24546.5598,0.0008,19.3332,NA
SandFall-Win64-Shipping.exe,19588,0x2EC4BC3AB90,DXGI,0,512,1,Hardware: Independent Flip,24562.9731,0.3362,0.1743,0.1619,11.8304,0.1648,0.1606,0.0042,20.6784,8.6883,7.5661,24562.9731,8.6832,NA,NA
SandFall-Win64-Shipping.exe,19588,0x2EC4BC3AB90,DXGI,0,512,1,Hardware: Independent Flip,24563.3093,17.0179,16.7508,0.2671,11.6590,17.3708,17.3613,0.0095,29.0305,8.7780,-8.3521,24563.3093,0.0007,13.8781,NA
SandFall-Win64-Shipping.exe,19588,0x2EC4BC3AB90,DXGI,0,512,1,Hardware: Independent Flip,24580.3272,0.4050,0.2342,0.1708,12.0119,0.1005,0.0989,0.0016,20.7906,9.0815,8.2399,24580.3272,8.6782,NA,NA
SandFall-Win64-Shipping.exe,19588,0x2EC4BC3AB90,DXGI,0,512,1,Hardware: Independent Flip,24580.7322,16.6587,16.3782,0.2805,11.7074,17.7594,17.7525,0.0069,29.4671,9.0856,-8.6765,24580.7322,0.0003,15.7371,NA
SandFall-Win64-Shipping.exe,19588,0x2EC4BC3AB90,DXGI,0,512,1,Hardware: Independent Flip,24597.3909,0.3710,0.1971,0.1739,12.8081,0.1151,0.1132,0.0019,21.8940,8.5526,7.5731,24597.3909,8.9708,NA,NA
SandFall-Win64-Shipping.exe,19588,0x2EC4BC3AB90,DXGI,0,512,1,Hardware: Independent Flip,24597.7619,16.5007,16.1598,0.3409,12.5522,17.5226,17.5160,0.0066,30.0756,8.8898,-8.1816,24597.7619,0.0008,23.3750,NA
SandFall-Win64-Shipping.exe,19588,0x2EC4BC3AB90,DXGI,0,512,1,Hardware: Independent Flip,24614.2626,0.5298,0.2515,0.2783,13.5741,0.0998,0.0979,0.0019,22.4647,9.2452,7.6109,24614.2626,8.7908,NA,NA
SandFall-Win64-Shipping.exe,19588,0x2EC4BC3AB90,DXGI,0,512,1,Hardware: Independent Flip,24614.7924,17.2899,16.9535,0.3364,13.1441,18.0356,18.0287,0.0069,31.1801,9.2284,-8.7154,24614.7924,0.0004,21.4996,NA
SandFall-Win64-Shipping.exe,19588,0x2EC4BC3AB90,DXGI,0,512,1,Hardware: Independent Flip,24632.0823,0.4714,0.2063,0.2651,13.8898,0.1431,0.1431,0.0000,23.1186,8.4229,8.0615,24632.0823,9.0857,NA,NA
SandFall-Win64-Shipping.exe,19588,0x2EC4BC3AB90,DXGI,0,512,1,Hardware: Independent Flip,24632.5537,17.8024,17.4614,0.3410,13.5615,17.5077,17.5022,0.0055,31.0701,8.9296,-7.9515,24632.5537,0.0009,29.1428,NA
SandFall-Win64-Shipping.exe,19588,0x2EC4BC3AB90,DXGI,0,512,1,Hardware: Independent Flip,24650.3561,0.4531,0.2261,0.2270,13.2668,0.1868,0.1825,0.0043,22.1973,8.4734,8.8728,24650.3561,8.7437,NA,NA
SandFall-Win64-Shipping.exe,19588,0x2EC4BC3AB90,DXGI,0,512,1,Hardware: Independent Flip,24650.8092,15.7291,15.3978,0.3313,13.0005,17.1686,17.1633,0.0053,30.2176,8.6148,-8.0203,24650.8092,0.0485,21.5667,NA
SandFall-Win64-Shipping.exe,19588,0x2EC4BC3AB90,DXGI,0,512,1,Hardware: Independent Flip,24666.5383,0.4099,0.1997,0.2102,14.4400,0.1359,0.1359,0.0000,23.1033,8.9842,7.1143,24666.5383,8.5274,NA,NA
SandFall-Win64-Shipping.exe,19588,0x2EC4BC3AB90,DXGI,0,512,1,Hardware: Independent Flip,24666.9482,16.8772,16.4477,0.4295,14.1660,17.4279,17.4186,0.0093,31.6776,8.6324,-8.5743,24666.9482,0.0837,16.1654,NA
SandFall-Win64-Shipping.exe,19588,0x2EC4BC3AB90,DXGI,0,512,1,Hardware: Independent Flip,24683.8254,0.3463,0.1729,0.1734,14.7167,0.1306,0.1281,0.0025,23.4328,9.1904,8.2448,24683.8254,8.5855,NA,NA
SandFall-Win64-Shipping.exe,19588,0x2EC4BC3AB90,DXGI,0,512,1,Hardware: Independent Flip,24684.1717,17.7208,17.4710,0.2498,14.5010,17.6547,17.6470,0.0077,32.2769,8.7372,-8.8441,24684.1717,0.1212,30.9810,NA
SandFall-Win64-Shipping.exe,19588,0x2EC4BC3AB90,DXGI,0,512,1,Hardware: Independent Flip,24701.8925,0.3931,0.1713,0.2218,14.4349,0.1586,0.1586,0.0000,23.2933,9.3665,8.9836,24701.8925,8.6998,NA,NA
SandFall-Win64-Shipping.exe,19588,0x2EC4BC3AB90,DXGI,0,512,1,Hardware: Independent Flip,24702.2856,22.3158,21.8178,0.4980,14.2004,18.0660,18.0604,0.0056,32.2667,9.1782,-8.9734,24702.2856,0.0003,NA,NA
SandFall-Win64-Shipping.exe,19588,0x2EC4BC3AB90,DXGI,0,512,1,Hardware: Independent Flip,24724.6014,0.7250,0.3065,0.4185,9.9506,0.1518,0.1500,0.0018,19.1291,8.5555,13.1376,24724.6014,9.0267,NA,NA
SandFall-Win64-Shipping.exe,19588,0x2EC4BC3AB90,DXGI,0,512,1,Hardware: Independent Flip,24725.3264,14.5883,14.1995,0.3888,9.3774,17.5818,17.5773,0.0045,26.9596,8.9491,-7.8305,24725.3264,0.0004,NA,NA
SandFall-Win64-Shipping.exe,19588,0x2EC4BC3AB90,DXGI,0,512,1,Hardware: Independent Flip,24739.9147,0.3790,0.1985,0.1805,12.3709,0.1008,0.0989,0.0019,21.3204,8.5219,5.6392,24739.9147,8.8487,NA,NA
SandFall-Win64-Shipping.exe,19588,0x2EC4BC3AB90,DXGI,0,512,1,Hardware: Independent Flip,24740.2937,14.8841,14.5962,0.2879,12.0927,17.3701,17.3637,0.0064,29.4633,8.7720,-8.1429,24740.2937,0.0005,NA,NA
SandFall-Win64-Shipping.exe,19588,0x2EC4BC3AB90,DXGI,0,512,1,Hardware: Independent Flip,24755.1778,0.3615,0.1615,0.2000,14.5787,0.1018,0.1000,0.0018,23.3512,8.9320,6.1121,24755.1778,8.6707,NA,NA
SandFall-Win64-Shipping.exe,19588,0x2EC4BC3AB90,DXGI,0,512,1,Hardware: Independent Flip,24755.5393,18.2239,17.9514,0.2725,14.3190,17.5202,17.5138,0.0064,31.9217,8.7386,-8.5705,24755.5393,0.0825,NA,NA
SandFall-Win64-Shipping.exe,19588,0x2EC4BC3AB90,DXGI,0,512,1,Hardware: Independent Flip,24773.7632,0.5237,0.2375,0.2862,13.6153,0.1453,0.1404,0.0049,22.4364,8.8089,9.4853,24773.7632,8.6758,NA,NA
SandFall-Win64-Shipping.exe,19588,0x2EC4BC3AB90,DXGI,0,512,1,Hardware: Independent Flip,24774.2869,17.3611,17.0810,0.2801,13.2369,17.4705,17.4605,0.0100,30.7216,8.7455,-8.2852,24774.2869,0.0142,NA,NA
SandFall-Win64-Shipping.exe,19588,0x2EC4BC3AB90,DXGI,0,512,1,Hardware: Independent Flip,24791.6480,0.3392,0.1555,0.1837,13.3463,0.1409,0.1409,0.0000,22.1060,8.6924,8.6156,24791.6480,8.6188,NA,NA
SandFall-Win64-Shipping.exe,19588,0x2EC4BC3AB90,DXGI,0,512,1,Hardware: Independent Flip,24791.9872,18.1235,17.8590,0.2645,13.1480,17.3104,17.2622,0.0482,30.4592,8.6837,-8.3532,24791.9872,0.0008,NA,NA
SandFall-Win64-Shipping.exe,19588,0x2EC4BC3AB90,DXGI,0,512,1,Hardware: Independent Flip,24810.1107,0.3640,0.1567,0.2073,12.3349,0.1015,0.0997,0.0018,21.0194,9.0032,9.4398,24810.1107,8.5830,NA,NA
SandFall-Win64-Shipping.exe,19588,0x2EC4BC3AB90,DXGI,0,512,1,Hardware: Independent Flip,24810.4747,16.9124,16.6443,0.2681,12.0724,17.5717,17.5639,0.0078,29.6586,8.8277,-8.6392,24810.4747,0.0145,NA,NA
SandFall-Win64-Shipping.exe,19588,0x2EC4BC3AB90,DXGI,0,512,1,Hardware: Independent Flip,24827.3871,0.3569,0.1732,0.1837,12.7317,0.1414,0.1414,0.0000,21.5739,8.8527,8.0847,24827.3871,8.7008,NA,NA
SandFall-Win64-Shipping.exe,19588,0x2EC4BC3AB90,DXGI,0,512,1,Hardware: Independent Flip,24827.7440,18.2310,17.9520,0.2790,12.5162,17.5527,17.5455,0.0072,30.0697,8.8876,-8.4958,24827.7440,0.0008,NA,NA
SandFall-Win64-Shipping.exe,19588,0x2EC4BC3AB90,DXGI,0,512,1,Hardware: Independent Flip,24845.9750,0.3712,0.1919,0.1793,11.8379,0.1014,0.0995,0.0019,20.7263,8.4355,9.3434,24845.9750,8.7870,NA,NA
SandFall-Win64-Shipping.exe,19588,0x2EC4BC3AB90,DXGI,0,512,1,Hardware: Independent Flip,24846.3462,17.2823,16.9964,0.2859,11.5681,17.2216,17.2145,0.0071,28.7906,8.7095,-8.0643,24846.3462,0.0009,NA,NA
SandFall-Win64-Shipping.exe,19588,0x2EC4BC3AB90,DXGI,0,512,1,Hardware: Independent Flip,24863.6285,0.5188,0.2979,0.2209,11.5074,0.1231,0.1213,0.0018,20.2178,8.6599,8.5728,24863.6285,8.5873,NA,NA
SandFall-Win64-Shipping.exe,19588,0x2EC4BC3AB90,DXGI,0,512,1,Hardware: Independent Flip,24864.1473,17.2947,17.0399,0.2548,11.1117,17.2148,17.2026,0.0122,28.3589,8.5547,-8.1411,24864.1473,0.0324,NA,NA
SandFall-Win64-Shipping.exe,19588,0x2EC4BC3AB90,DXGI,0,512,1,Hardware: Independent Flip,24881.4420,0.3141,0.1571,0.1570,11.0318,0.1223,0.1208,0.0015,19.6189,9.1287,8.7400,24881.4420,8.4648,NA,NA
SandFall-Win64-Shipping.exe,19588,0x2EC4BC3AB90,DXGI,0,512,1,Hardware: Independent Flip,24881.7561,18.2026,17.9462,0.2564,10.8400,17.4791,17.3416,0.1375,28.4335,8.6891,-8.8146,24881.7561,0.1144,NA,NA
SandFall-Win64-Shipping.exe,19588,0x2EC4BC3AB90,DXGI,0,512,1,Hardware: Independent Flip,24899.9587,0.3150,0.1595,0.1555,10.1165,0.1522,0.1505,0.0017,18.9200,8.5905,9.5135,24899.9587,8.6513,NA,NA
SandFall-Win64-Shipping.exe,19588,0x2EC4BC3AB90,DXGI,0,512,1,Hardware: Independent Flip,24900.2737,16.9592,16.7033,0.2559,9.9537,17.2412,17.2330,0.0082,27.1955,8.5849,-8.2755,24900.2737,0.0006,NA,NA
SandFall-Win64-Shipping.exe,19588,0x2EC4BC3AB90,DXGI,0,512,1,Hardware: Independent Flip,24917.2329,0.3083,0.1541,0.1542,10.2357,0.0649,0.0597,0.0052,18.8212,10.3944,8.3743,24917.2329,8.5206,NA,NA
SandFall-Win64-Shipping.exe,19588,0x2EC4BC3AB90,DXGI,0,512,1,Hardware: Independent Flip,24917.5412,19.0561,18.7945,0.2616,9.9923,18.9150,17.3753,1.5397,28.9073,9.5450,-10.0861,24917.5412,NA,NA,NA
SandFall-Win64-Shipping.exe,19588,0x2EC4BC3AB90,DXGI,0,512,1,Hardware: Independent Flip,24936.5973,0.3280,0.1615,0.1665,9.8512,0.2023,0.2023,0.0000,19.3962,7.8680,9.5111,24936.5973,9.3427,NA,NA
SandFall-Win64-Shipping.exe,19588,0x2EC4BC3AB90,DXGI,0,512,1,Hardware: Independent Flip,24936.9253,16.2109,15.9582,0.2527,9.7255,17.2106,17.2054,0.0052,26.9362,8.6465,-7.5400,24936.9253,0.0001,20.3617,NA
SandFall-Win64-Shipping.exe,19588,0x2EC4BC3AB90,DXGI,0,512,1,Hardware: Independent Flip,24953.1362,0.3467,0.1575,0.1892,10.7252,0.1177,0.1150,0.0027,19.3718,9.5389,7.5644,24953.1362,8.5289,NA,NA
SandFall-Win64-Shipping.exe,19588,0x2EC4BC3AB90,DXGI,0,512,1,Hardware: Independent Flip,24953.4829,18.5993,18.3235,0.2758,10.4962,18.0674,17.7036,0.3638,28.5640,9.3703,-9.1922,24953.4829,0.0004,NA,NA
SandFall-Win64-Shipping.exe,19588,0x2EC4BC3AB90,DXGI,0,512,1,Hardware: Independent Flip,24972.0822,0.3305,0.1656,0.1649,9.9643,0.1563,0.1541,0.0022,19.3350,8.0938,9.2290,24972.0822,9.2144,NA,NA
SandFall-Win64-Shipping.exe,19588,0x2EC4BC3AB90,DXGI,0,512,1,Hardware: Independent Flip,24972.4127,16.5533,16.2903,0.2630,9.7901,17.3072,17.2988,0.0084,27.0983,8.7964,-7.7633,24972.4127,0.0010,NA,NA
SandFall-Win64-Shipping.exe,19588,0x2EC4BC3AB90,DXGI,0,512,1,Hardware: Independent Flip,24988.9660,0.3569,0.1621,0.1948,10.5440,0.1407,0.1390,0.0017,19.3414,8.5886,7.7569,24988.9660,8.6567,NA,NA
SandFall-Win64-Shipping.exe,19588,0x2EC4BC3AB90,DXGI,0,512,1,Hardware: Independent Flip,24989.3229,17.0373,16.7732,0.2641,10.3278,17.2449,17.2372,0.0077,27.5731,8.6839,-8.2317,24989.3229,0.0004,NA,NA
SandFall-Win64-Shipping.exe,19588,0x2EC4BC3AB90,DXGI,0,512,1,Hardware: Independent Flip,25006.3602,0.3227,0.1584,0.1643,10.5354,0.1107,0.1091,0.0016,19.2197,8.8623,8.3534,25006.3602,8.5736,NA,NA
SandFall-Win64-Shipping.exe,19588,0x2EC4BC3AB90,DXGI,0,512,1,Hardware: Independent Flip,25006.6829,16.9621,16.6647,0.2974,10.3234,17.4352,17.4273,0.0079,27.7593,8.8279,-8.5396,25006.6829,0.0007,NA,NA
SandFall-Win64-Shipping.exe,19588,0x2EC4BC3AB90,DXGI,0,512,1,Hardware: Independent Flip,25023.6450,0.3822,0.2154,0.1668,10.7965,0.1637,0.1603,0.0034,19.6251,8.5470,8.1342,25023.6450,8.6649,NA,NA
SandFall-Win64-Shipping.exe,19588,0x2EC4BC3AB90,DXGI,0,512,1,Hardware: Independent Flip,25024.0272,18.1104,17.7532,0.3572,10.5780,17.2110,17.2000,0.0110,27.7899,8.7177,-8.1648,25024.0272,0.0009,13.3517,NA
SandFall-Win64-Shipping.exe,19588,0x2EC4BC3AB90,DXGI,0,512,1,Hardware: Independent Flip,25042.1376,0.4497,0.2282,0.2215,9.6786,0.1018,0.1002,0.0016,18.3972,8.7346,9.3927,25042.1376,8.6168,NA,NA
SandFall-Win64-Shipping.exe,19588,0x2EC4BC3AB90,DXGI,0,512,1,Hardware: Independent Flip,25042.5873,16.1071,15.8414,0.2657,9.3307,17.3507,17.3418,0.0089,26.6821,8.7359,-8.2849,25042.5873,0.0007,14.8112,NA
SandFall-Win64-Shipping.exe,19588,0x2EC4BC3AB90,DXGI,0,512,1,Hardware: Independent Flip,25058.6944,0.3362,0.1674,0.1688,10.5743,0.0964,0.0949,0.0015,19.3109,8.5628,7.3712,25058.6944,8.6402,NA,NA
SandFall-Win64-Shipping.exe,19588,0x2EC4BC3AB90,DXGI,0,512,1,Hardware: Independent Flip,25059.0306,16.6822,16.3476,0.3346,10.3345,17.2026,17.1956,0.0070,27.5375,8.6453,-8.2266,25059.0306,0.0004,18.0999,NA
SandFall-Win64-Shipping.exe,19588,0x2EC4BC3AB90,DXGI,0,512,1,Hardware: Independent Flip,25075.7128,0.3247,0.1625,0.1622,10.8549,0.1046,0.1027,0.0019,19.5006,8.8363,8.0369,25075.7128,8.5411,NA,NA
SandFall-Win64-Shipping.exe,19588,0x2EC4BC3AB90,DXGI,0,512,1,Hardware: Independent Flip,25076.0375,16.6880,16.4012,0.2868,10.6348,17.3768,17.3674,0.0094,28.0122,8.7647,-8.5116,25076.0375,0.0006,21.5818,NA
SandFall-Win64-Shipping.exe,19588,0x2EC4BC3AB90,DXGI,0,512,1,Hardware: Independent Flip,25092.7255,0.4991,0.2652,0.2339,11.3236,0.1025,0.1008,0.0017,20.0889,8.6575,7.9233,25092.7255,8.6628,NA,NA
SandFall-Win64-Shipping.exe,19588,0x2EC4BC3AB90,DXGI,0,512,1,Hardware: Independent Flip,25093.2246,17.4782,17.2192,0.2590,10.9270,17.3198,17.3133,0.0065,28.2473,8.7089,-8.1584,25093.2246,0.0005,27.0055,NA
SandFall-Win64-Shipping.exe,19588,0x2EC4BC3AB90,DXGI,0,512,1,Hardware: Independent Flip,25110.7028,0.3185,0.1624,0.1561,10.7686,0.1010,0.0994,0.0016,19.4780,8.6843,8.7693,25110.7028,8.6084,NA,NA
SandFall-Win64-Shipping.exe,19588,0x2EC4BC3AB90,DXGI,0,512,1,Hardware: Independent Flip,25111.0213,17.3930,17.1155,0.2775,10.5511,17.2921,17.2809,0.0112,27.8438,8.7746,-8.3658,25111.0213,0.0006,NA,NA
SandFall-Win64-Shipping.exe,19588,0x2EC4BC3AB90,DXGI,0,512,1,Hardware: Independent Flip,25128.4143,0.3359,0.1714,0.1645,10.4502,0.0740,0.0729,0.0011,19.2254,9.2523,8.6184,25128.4143,8.7012,NA,NA
SandFall-Win64-Shipping.exe,19588,0x2EC4BC3AB90,DXGI,0,512,1,Hardware: Independent Flip,25128.7502,18.5276,18.0757,0.4519,10.1883,17.9529,17.9466,0.0063,28.1418,9.1344,-8.9164,25128.7502,0.0006,NA,NA
SandFall-Win64-Shipping.exe,19588,0x2EC4BC3AB90,DXGI,0,512,1,Hardware: Independent Flip,25147.2778,0.5117,0.2551,0.2566,9.6136,0.1288,0.1266,0.0022,18.7486,8.6292,9.3932,25147.2778,9.0062,NA,NA
SandFall-Win64-Shipping.exe,19588,0x2EC4BC3AB90,DXGI,0,512,1,Hardware: Independent Flip,25147.7895,14.7428,14.3133,0.4295,9.2307,17.6350,17.6263,0.0087,26.8661,8.9553,-8.1175,25147.7895,0.0004,NA,NA
SandFall-Win64-Shipping.exe,19588,0x2EC4BC3AB90,DXGI,0,512,1,Hardware: Independent Flip,25162.5323,0.3936,0.1863,0.2073,12.1229,0.1107,0.1090,0.0017,21.0786,8.6474,5.7875,25162.5323,8.8450,NA,NA
SandFall-Win64-Shipping.exe,19588,0x2EC4BC3AB90,DXGI,0,512,1,Hardware: Independent Flip,25162.9259,18.6237,18.2555,0.3682,11.8400,17.4915,17.4844,0.0071,29.3324,8.8840,-8.2538,25162.9259,0.0009,NA,NA
SandFall-Win64-Shipping.exe,19588,0x2EC4BC3AB90,DXGI,0,512,1,Hardware: Independent Flip,25181.5496,0.3558,0.1825,0.1733,10.7078,0.1117,0.1100,0.0017,19.5927,9.2748,9.7397,25181.5496,8.7732,NA,NA
SandFall-Win64-Shipping.exe,19588,0x2EC4BC3AB90,DXGI,0,512,1,Hardware: Independent Flip,25181.9054,16.7248,16.4465,0.2783,10.4637,18.0037,17.9970,0.0067,28.5117,9.0221,-8.9190,25181.9054,0.0443,NA,NA
SandFall-Win64-Shipping.exe,19588,0x2EC4BC3AB90,DXGI,0,512,1,Hardware: Independent Flip,25198.6302,0.4544,0.2202,0.2342,11.7426,0.1538,0.1521,0.0017,20.8090,8.5702,7.7027,25198.6302,8.9126,NA,NA
SandFall-Win64-Shipping.exe,19588,0x2EC4BC3AB90,DXGI,0,512,1,Hardware: Independent Flip,25199.0846,15.0675,14.8025,0.2650,11.4420,17.4820,17.4736,0.0084,28.9248,8.8371,-8.1158,25199.0846,0.0008,19.5488,NA
SandFall-Win64-Shipping.exe,19588,0x2EC4BC3AB90,DXGI,0,512,1,Hardware: Independent Flip,25214.1521,0.3902,0.2192,0.1710,13.8565,0.1143,0.1126,0.0017,22.6944,8.8263,6.2304,25214.1521,8.7236,NA,NA
SandFall-Win64-Shipping.exe,19588,0x2EC4BC3AB90,DXGI,0,512,1,Hardware: Independent Flip,25214.5423,19.0433,18.7487,0.2946,13.5806,17.4535,17.4474,0.0061,31.1305,8.6962,-8.4361,25214.5423,0.0964,NA,NA
SandFall-Win64-Shipping.exe,19588,0x2EC4BC3AB90,DXGI,0,512,1,Hardware: Independent Flip,25233.5856,0.4748,0.2272,0.2476,11.9908,0.1683,0.1664,0.0019,20.7834,9.1306,10.3471,25233.5856,8.6243,NA,NA
SandFall-Win64-Shipping.exe,19588,0x2EC4BC3AB90,DXGI,0,512,1,Hardware: Independent Flip,25234.0604,15.3136,15.0435,0.2701,11.6843,17.6450,17.6384,0.0066,29.4392,8.7426,-8.6558,25234.0604,0.1099,27.0277,NA
SandFall-Win64-Shipping.exe,19588,0x2EC4BC3AB90,DXGI,0,512,1,Hardware: Independent Flip,25249.3740,0.3698,0.1787,0.1911,14.0157,0.1646,0.1629,0.0017,22.8682,9.1561,6.5710,25249.3740,8.6879,NA,NA
SandFall-Win64-Shipping.exe,19588,0x2EC4BC3AB90,DXGI,0,512,1,Hardware: Independent Flip,25249.7438,18.8152,18.5273,0.2879,13.8105,17.8432,17.8372,0.0060,31.6545,8.9729,-8.7863,25249.7438,0.0008,16.9427,NA
SandFall-Win64-Shipping.exe,19588,0x2EC4BC3AB90,DXGI,0,512,1,Hardware: Independent Flip,25268.5590,0.3660,0.1848,0.1812,12.8385,0.1156,0.1139,0.0017,21.8122,8.8986,9.8423,25268.5590,8.8581,NA,NA
SandFall-Win64-Shipping.exe,19588,0x2EC4BC3AB90,DXGI,0,512,1,Hardware: Independent Flip,25268.9250,16.2181,15.9570,0.2611,12.5881,17.7562,17.7491,0.0071,30.3448,9.1386,-8.5326,25268.9250,0.0005,14.8104,NA
SandFall-Win64-Shipping.exe,19588,0x2EC4BC3AB90,DXGI,0,512,1,Hardware: Independent Flip,25285.1431,0.3395,0.1643,0.1752,14.1262,0.1976,0.1976,0.0000,23.2653,9.0475,7.0795,25285.1431,8.9415,NA,NA
SandFall-Win64-Shipping.exe,19588,0x2EC4BC3AB90,DXGI,0,512,1,Hardware: Independent Flip,25285.4826,17.5992,17.3459,0.2533,13.9843,17.9883,17.9781,0.0102,31.9733,9.2658,-8.7080,25285.4826,0.0007,16.9960,NA
SandFall-Win64-Shipping.exe,19588,0x2EC4BC3AB90,DXGI,0,512,1,Hardware: Independent Flip,25303.0818,0.4257,0.1671,0.2586,14.3734,0.1134,0.1113,0.0021,23.6399,9.2152,8.3334,25303.0818,9.1531,NA,NA
SandFall-Win64-Shipping.exe,19588,0x2EC4BC3AB90,DXGI,0,512,1,Hardware: Independent Flip,25303.5075,18.4250,18.0929,0.3321,14.0611,18.3675,18.3567,0.0108,32.4294,9.3781,-8.7895,25303.5075,0.0008,16.4778,NA
SandFall-Win64-Shipping.exe,19588,0x2EC4BC3AB90,DXGI,0,512,1,Hardware: Independent Flip,25321.9325,0.3843,0.2188,0.1655,14.0036,0.1029,0.1009,0.0020,23.3825,9.2559,9.0469,25321.9325,9.2760,NA,NA
SandFall-Win64-Shipping.exe,19588,0x2EC4BC3AB90,DXGI,0,512,1,Hardware: Independent Flip,25322.3168,21.6080,21.2187,0.3893,13.7222,18.5312,18.5242,0.0070,32.2541,9.4325,-8.8716,25322.3168,0.0007,16.1162,NA
SandFall-Win64-Shipping.exe,19588,0x2EC4BC3AB90,DXGI,0,512,1,Hardware: Independent Flip,25343.9248,0.4652,0.2245,0.2407,10.6454,0.1130,0.1110,0.0020,20.0786,8.6549,12.1755,25343.9248,9.3202,NA,NA
SandFall-Win64-Shipping.exe,19588,0x2EC4BC3AB90,DXGI,0,512,1,Hardware: Independent Flip,25344.3900,14.4725,14.0255,0.4470,10.2932,17.9742,17.9677,0.0065,28.2683,9.0795,-8.1897,25344.3900,0.0009,17.2005,NA
SandFall-Win64-Shipping.exe,19588,0x2EC4BC3AB90,DXGI,0,512,1,Hardware: Independent Flip,25358.8625,0.4199,0.1927,0.2272,13.7949,0.1165,0.1138,0.0027,22.8753,9.3385,5.3930,25358.8625,8.9639,NA,NA
SandFall-Win64-Shipping.exe,19588,0x2EC4BC3AB90,DXGI,0,512,1,Hardware: Independent Flip,25359.2824,17.1472,16.8955,0.2517,13.4915,18.0492,18.0420,0.0072,31.7939,8.8144,-8.9186,25359.2824,0.2532,15.6183,NA
SandFall-Win64-Shipping.exe,19588,0x2EC4BC3AB90,DXGI,0,512,1,Hardware: Independent Flip,25376.4296,0.3439,0.1774,0.1665,14.3935,0.1062,0.1046,0.0016,23.4611,9.1678,8.3328,25376.4296,8.9614,NA,NA
SandFall-Win64-Shipping.exe,19588,0x2EC4BC3AB90,DXGI,0,512,1,Hardware: Independent Flip,25376.7735,19.0237,18.6313,0.3924,14.1558,17.9625,17.9534,0.0091,32.2850,8.7615,-8.8239,25376.7735,0.1667,15.6045,NA
SandFall-Win64-Shipping.exe,19588,0x2EC4BC3AB90,DXGI,0,512,1,Hardware: Independent Flip,25395.7972,0.3348,0.1666,0.1682,13.0946,0.1676,0.1660,0.0016,22.0228,10.1103,10.2622,25395.7972,8.7606,NA,NA
SandFall-Win64-Shipping.exe,19588,0x2EC4BC3AB90,DXGI,0,512,1,Hardware: Independent Flip,25396.1320,18.8680,18.5631,0.3049,12.9274,18.8130,18.8030,0.0100,31.7983,9.3243,-9.7755,25396.1320,0.0579,15.4743,NA
SandFall-Win64-Shipping.exe,19588,0x2EC4BC3AB90,DXGI,0,512,1,Hardware: Independent Flip,25415.0000,0.3522,0.1859,0.1663,12.8724,0.1534,0.1534,0.0000,22.2546,9.4525,9.5437,25415.0000,9.2288,NA,NA
SandFall-Win64-Shipping.exe,19588,0x2EC4BC3AB90,DXGI,0,512,1,Hardware: Independent Flip,25415.3522,17.1355,16.8214,0.3141,12.6736,18.6805,18.6716,0.0089,31.3549,9.7365,-9.1003,25415.3522,0.0008,16.2529,NA
SandFall-Win64-Shipping.exe,19588,0x2EC4BC3AB90,DXGI,0,512,1,Hardware: Independent Flip,25432.4877,0.4541,0.2760,0.1781,14.2186,0.1384,0.1360,0.0024,23.9559,9.5537,7.3990,25432.4877,9.5989,NA,NA
SandFall-Win64-Shipping.exe,19588,0x2EC4BC3AB90,DXGI,0,512,1,Hardware: Independent Flip,25432.9418,18.9573,18.5871,0.3702,13.9029,19.1521,19.1443,0.0078,33.0555,10.1021,-9.0996,25432.9418,0.0005,16.5430,NA
SandFall-Win64-Shipping.exe,19588,0x2EC4BC3AB90,DXGI,0,512,1,Hardware: Independent Flip,25451.8991,0.3441,0.1709,0.1732,14.0977,0.1047,0.1030,0.0017,24.2003,8.9124,8.8552,25451.8991,9.9979,NA,NA
SandFall-Win64-Shipping.exe,19588,0x2EC4BC3AB90,DXGI,0,512,1,Hardware: Independent Flip,25452.2432,20.1537,19.8215,0.3322,13.8583,18.9098,18.9040,0.0058,32.7686,10.0016,-8.5683,25452.2432,0.0005,17.5230,NA
SandFall-Win64-Shipping.exe,19588,0x2EC4BC3AB90,DXGI,0,512,1,Hardware: Independent Flip,25472.3969,0.3559,0.1856,0.1703,12.6144,0.1037,0.0991,0.0046,22.6165,9.1733,10.1521,25472.3969,9.8984,NA,NA
SandFall-Win64-Shipping.exe,19588,0x2EC4BC3AB90,DXGI,0,512,1,Hardware: Independent Flip,25472.7528,21.6018,21.2046,0.3972,12.3622,19.0217,19.0142,0.0075,31.4339,9.5094,-8.8174,25472.7528,0.0500,17.7321,NA
SandFall-Win64-Shipping.exe,19588,0x2EC4BC3AB90,DXGI,0,512,1,Hardware: Independent Flip,25494.3546,0.7665,0.3870,0.3795,9.7821,0.1636,0.1618,0.0018,19.3415,11.5377,12.0924,25494.3546,9.3958,NA,NA
SandFall-Win64-Shipping.exe,19588,0x2EC4BC3AB90,DXGI,0,512,1,Hardware: Independent Flip,25495.1211,13.5252,13.1146,0.4106,9.1792,20.4719,20.4345,0.0374,30.1127,9.8143,-10.7712,25495.1211,0.4616,19.7758,NA
SandFall-Win64-Shipping.exe,19588,0x2EC4BC3AB90,DXGI,0,512,1,Hardware: Independent Flip,25508.6463,0.4475,0.2336,0.2139,16.1259,0.1460,0.1435,0.0025,26.4018,12.4438,3.7109,25508.6463,10.1299,NA,NA
SandFall-Win64-Shipping.exe,19588,0x2EC4BC3AB90,DXGI,0,512,1,Hardware: Independent Flip,25509.0938,21.1594,20.8780,0.2814,15.8244,22.5737,22.5685,0.0052,38.3981,11.6234,-11.9963,25509.0938,NA,23.0270,NA
SandFall-Win64-Shipping.exe,19588,0x2EC4BC3AB90,DXGI,0,512,1,Hardware: Independent Flip,25530.2532,0.4973,0.2033,0.2940,17.2387,0.1298,0.1279,0.0019,28.8621,8.8812,9.5360,25530.2532,11.4936,NA,NA
SandFall-Win64-Shipping.exe,19588,0x2EC4BC3AB90,DXGI,0,512,1,Hardware: Independent Flip,25530.7505,18.7308,18.4295,0.3013,16.8712,20.3739,20.3662,0.0077,37.2460,11.0350,-8.3839,25530.7505,0.0009,23.5352,NA
SandFall-Win64-Shipping.exe,19588,0x2EC4BC3AB90,DXGI,0,512,1,Hardware: Independent Flip,25549.4813,0.3496,0.1871,0.1625,18.5143,0.1633,0.1609,0.0024,29.5502,10.9371,7.6958,25549.4813,10.8726,NA,NA
SandFall-Win64-Shipping.exe,19588,0x2EC4BC3AB90,DXGI,0,512,1,Hardware: Independent Flip,25549.8309,27.8662,27.4617,0.4045,18.3280,21.8085,21.8028,0.0057,40.1377,11.4121,-10.5875,25549.8309,0.0012,25.5055,NA
SandFall-Win64-Shipping.exe,19588,0x2EC4BC3AB90,DXGI,0,512,1,Hardware: Independent Flip,25577.6971,0.3862,0.2013,0.1849,12.2703,0.1147,0.1128,0.0019,23.6836,9.2388,16.4541,25577.6971,11.2986,NA,NA
SandFall-Win64-Shipping.exe,19588,0x2EC4BC3AB90,DXGI,0,512,1,Hardware: Independent Flip,25578.0833,15.5829,14.8717,0.7112,11.9988,20.5369,20.5307,0.0062,32.5362,10.6683,-8.8526,25578.0833,0.0005,27.1667,NA
SandFall-Win64-Shipping.exe,19588,0x2EC4BC3AB90,DXGI,0,512,1,Hardware: Independent Flip,25593.6662,0.5595,0.3423,0.2172,16.9528,0.1149,0.1128,0.0021,27.6216,10.2864,4.9146,25593.6662,10.5539,NA,NA
SandFall-Win64-Shipping.exe,19588,0x2EC4BC3AB90,DXGI,0,512,1,Hardware: Independent Flip,25594.2257,26.2869,25.9781,0.3088,16.5082,20.1372,20.1342,0.0030,37.3485,9.4441,-9.7269,25594.2257,0.7031,30.1020,NA
SandFall-Win64-Shipping.exe,19588,0x2EC4BC3AB90,DXGI,0,512,1,Hardware: Independent Flip,25620.5126,0.4815,0.2503,0.2312,10.3585,0.1741,0.1724,0.0017,20.5057,11.8018,16.8428,25620.5126,9.9731,NA,NA
SandFall-Win64-Shipping.exe,19588,0x2EC4BC3AB90,DXGI,0,512,1,Hardware: Independent Flip,25620.9941,17.6420,17.3113,0.3307,10.0511,20.9582,20.9524,0.0058,31.8260,9.3888,-11.3203,25620.9941,0.8167,27.3645,NA
SandFall-Win64-Shipping.exe,19588,0x2EC4BC3AB90,DXGI,0,512,1,Hardware: Independent Flip,25638.6361,0.4279,0.2100,0.2179,13.3673,0.0919,0.0871,0.0048,23.5728,10.7542,8.2532,25638.6361,10.1136,NA,NA
SandFall-Win64-Shipping.exe,19588,0x2EC4BC3AB90,DXGI,0,512,1,Hardware: Independent Flip,25639.0640,16.1110,15.8023,0.3087,13.0313,20.8667,20.8623,0.0044,33.8991,10.3286,-10.3263,25639.0640,0.0011,26.5019,NA
SandFall-Win64-Shipping.exe,19588,0x2EC4BC3AB90,DXGI,0,512,1,Hardware: Independent Flip,25655.1750,0.4744,0.2084,0.2660,17.7870,0.1494,0.1475,0.0019,28.1167,9.8441,5.7824,25655.1750,10.1803,NA,NA
SandFall-Win64-Shipping.exe,19588,0x2EC4BC3AB90,DXGI,0,512,1,Hardware: Independent Flip,25655.6494,19.5896,19.2406,0.3490,17.4620,20.0244,20.0213,0.0031,37.4864,10.7550,-9.3697,25655.6494,NA,24.6801,NA
SandFall-Win64-Shipping.exe,19588,0x2EC4BC3AB90,DXGI,0,512,1,Hardware: Independent Flip,25675.2390,0.3691,0.1903,0.1788,17.8968,0.1330,0.1305,0.0025,28.6518,9.1877,8.8346,25675.2390,10.6220,NA,NA
SandFall-Win64-Shipping.exe,19588,0x2EC4BC3AB90,DXGI,0,512,1,Hardware: Independent Flip,25675.6081,20.6282,20.3684,0.2598,17.6607,19.8091,19.8041,0.0050,37.4704,10.5990,-8.8186,25675.6081,0.0006,22.6205,NA
SandFall-Win64-Shipping.exe,19588,0x2EC4BC3AB90,DXGI,0,512,1,Hardware: Independent Flip,25696.2363,0.4390,0.2226,0.2164,16.8416,0.1028,0.1005,0.0023,27.4412,10.3040,10.0292,25696.2363,10.4968,NA,NA
SandFall-Win64-Shipping.exe,19588,0x2EC4BC3AB90,DXGI,0,512,1,Hardware: Independent Flip,25696.6753,23.0203,22.6866,0.3337,16.5054,20.6991,20.6949,0.0042,37.3062,10.3153,-9.8650,25696.6753,0.1017,22.5257,NA
SandFall-Win64-Shipping.exe,19588,0x2EC4BC3AB90,DXGI,0,512,1,Hardware: Independent Flip,25719.6956,0.4139,0.1970,0.2169,14.1842,0.1832,0.1799,0.0033,24.6012,13.1493,12.7050,25719.6956,10.2338,NA,NA
SandFall-Win64-Shipping.exe,19588,0x2EC4BC3AB90,DXGI,0,512,1,Hardware: Independent Flip,25720.1095,18.9713,18.4865,0.4848,13.9535,23.1114,23.1065,0.0049,37.3366,11.3152,-12.7354,25720.1095,0.2717,23.9919,NA
SandFall-Win64-Shipping.exe,19588,0x2EC4BC3AB90,DXGI,0,512,1,Hardware: Independent Flip,25739.0808,0.4194,0.1910,0.2284,18.0936,0.1627,0.1609,0.0018,29.6805,8.3683,7.6561,25739.0808,11.4242,NA,NA
SandFall-Win64-Shipping.exe,19588,0x2EC4BC3AB90,DXGI,0,512,1,Hardware: Independent Flip,25739.5002,21.8290,21.4534,0.3756,17.8369,19.7917,19.7877,0.0040,37.6294,10.3990,-7.9489,25739.5002,0.0008,20.6776,NA
SandFall-Win64-Shipping.exe,19588,0x2EC4BC3AB90,DXGI,0,512,1,Hardware: Independent Flip,25761.3292,0.4549,0.2231,0.2318,15.7996,0.1063,0.1045,0.0018,26.1994,10.1463,11.4300,25761.3292,10.2935,NA,NA
SandFall-Win64-Shipping.exe,19588,0x2EC4BC3AB90,DXGI,0,512,1,Hardware: Independent Flip,25761.7841,21.4612,21.1240,0.3372,15.4510,20.0869,20.0813,0.0056,35.8908,9.7377,-9.6914,25761.7841,0.3529,19.2177,NA
SandFall-Win64-Shipping.exe,19588,0x2EC4BC3AB90,DXGI,0,512,1,Hardware: Independent Flip,25783.2453,0.4763,0.2044,0.2719,14.0767,0.1317,0.1317,0.0000,24.1673,11.4431,11.7235,25783.2453,9.9589,NA,NA
SandFall-Win64-Shipping.exe,19588,0x2EC4BC3AB90,DXGI,0,512,1,Hardware: Independent Flip,25783.7216,20.1369,19.7972,0.3397,13.7321,20.9039,20.8942,0.0097,35.1341,9.7828,-10.9668,25783.7216,0.4981,18.3683,NA
SandFall-Win64-Shipping.exe,19588,0x2EC4BC3AB90,DXGI,0,512,1,Hardware: Independent Flip,25803.8585,0.3464,0.1751,0.1713,14.4991,0.1074,0.1051,0.0023,24.7800,10.0052,10.3541,25803.8585,10.1735,NA,NA
SandFall-Win64-Shipping.exe,19588,0x2EC4BC3AB90,DXGI,0,512,1,Hardware: Independent Flip,25804.2049,22.2487,21.9348,0.3139,14.2601,20.1784,20.1697,0.0087,34.4388,10.1813,-9.6588,25804.2049,0.0003,16.1908,NA
SandFall-Win64-Shipping.exe,19588,0x2EC4BC3AB90,DXGI,0,512,1,Hardware: Independent Flip,25826.4536,0.3880,0.1607,0.2273,12.1898,0.0881,0.0866,0.0015,22.3714,11.0551,12.0674,25826.4536,10.0935,NA,NA
SandFall-Win64-Shipping.exe,19588,0x2EC4BC3AB90,DXGI,0,512,1,Hardware: Independent Flip,25826.8416,19.8629,19.2583,0.6046,11.8899,21.1478,21.1361,0.0117,33.0385,11.0293,-10.6671,25826.8416,0.0008,15.4188,NA
SandFall-Win64-Shipping.exe,19588,0x2EC4BC3AB90,DXGI,0,512,1,Hardware: Independent Flip,25846.7045,0.5800,0.2297,0.3503,13.1748,0.1439,0.1422,0.0017,24.2049,9.9203,8.8336,25846.7045,10.8862,NA,NA
SandFall-Win64-Shipping.exe,19588,0x2EC4BC3AB90,DXGI,0,512,1,Hardware: Independent Flip,25847.2845,19.8004,19.5031,0.2973,12.7387,20.8057,20.7973,0.0084,33.5452,11.3139,-9.3403,25847.2845,0.0008,NA,NA
SandFall-Win64-Shipping.exe,19588,0x2EC4BC3AB90,DXGI,0,512,1,Hardware: Independent Flip,25867.0849,0.3233,0.1614,0.1619,13.7440,0.1689,0.1689,0.0000,25.0587,9.9243,8.4865,25867.0849,11.1458,25.6862,NA
SandFall-Win64-Shipping.exe,19588,0x2EC4BC3AB90,DXGI,0,512,1,Hardware: Independent Flip,25867.4082,20.9103,20.6569,0.2534,13.5896,21.0686,21.0522,0.0164,34.6597,10.8547,-9.6010,25867.4082,0.0015,NA,NA
SandFall-Win64-Shipping.exe,19588,0x2EC4BC3AB90,DXGI,0,512,1,Hardware: Independent Flip,25888.3185,0.3561,0.1733,0.1828,13.7479,0.1265,0.1216,0.0049,24.6041,10.1754,10.0556,25888.3185,10.7297,NA,NA
SandFall-Win64-Shipping.exe,19588,0x2EC4BC3AB90,DXGI,0,512,1,Hardware: Independent Flip,25888.6746,22.3335,22.0580,0.2755,13.5183,20.5189,20.2591,0.2598,34.4234,9.9469,-9.8193,25888.6746,0.3862,12.6398,NA
SandFall-Win64-Shipping.exe,19588,0x2EC4BC3AB90,DXGI,0,512,1,Hardware: Independent Flip,25911.0081,0.3192,0.1589,0.1603,11.7037,0.0585,0.0541,0.0044,22.0368,11.3057,12.3866,25911.0081,10.2746,NA,NA
SandFall-Win64-Shipping.exe,19588,0x2EC4BC3AB90,DXGI,0,512,1,Hardware: Independent Flip,25911.3273,20.6254,20.3323,0.2931,11.4430,20.8392,20.6552,0.1840,33.0233,9.4869,-10.9865,25911.3273,0.7411,NA,NA
SandFall-Win64-Shipping.exe,19588,0x2EC4BC3AB90,DXGI,0,512,1,Hardware: Independent Flip,25931.9527,0.3647,0.1787,0.1860,11.6568,0.1159,0.1062,0.0097,21.8848,12.2861,11.1385,25931.9527,10.1121,22.3786,NA
SandFall-Win64-Shipping.exe,19588,0x2EC4BC3AB90,DXGI,0,512,1,Hardware: Independent Flip,25932.3174,24.0137,23.7350,0.2787,11.4080,22.3128,20.1897,2.1231,33.8062,10.7398,-11.9214,25932.3174,0.0854,13.6686,NA
SandFall-Win64-Shipping.exe,19588,0x2EC4BC3AB90,DXGI,0,512,1,Hardware: Independent Flip,25956.3311,0.3443,0.1710,0.1733,9.7071,0.0878,0.0878,0.0000,20.5323,10.8814,13.2739,25956.3311,10.7374,NA,NA
SandFall-Win64-Shipping.exe,19588,0x2EC4BC3AB90,DXGI,0,512,1,Hardware: Independent Flip,25956.6754,20.0248,19.6741,0.3507,9.4506,21.6179,20.4222,1.1957,31.0694,11.8532,-10.5371,25956.6754,0.0009,14.2852,NA
SandFall-Win64-Shipping.exe,19588,0x2EC4BC3AB90,DXGI,0,512,1,Hardware: Independent Flip,25976.7002,0.3774,0.1866,0.1908,11.0437,0.2337,0.2314,0.0023,22.8978,8.3959,8.1716,25976.7002,11.6204,NA,NA
SandFall-Win64-Shipping.exe,19588,0x2EC4BC3AB90,DXGI,0,512,1,Hardware: Independent Flip,25977.0776,18.0101,17.7479,0.2622,10.9000,20.0157,20.0031,0.0126,30.9163,10.8186,-8.0185,25977.0776,0.0006,NA,NA
SandFall-Win64-Shipping.exe,19588,0x2EC4BC3AB90,DXGI,0,512,1,Hardware: Independent Flip,25995.0877,0.3243,0.1523,0.1720,12.9056,0.1270,0.1251,0.0019,23.7248,11.0188,7.1915,25995.0877,10.6922,NA,NA
SandFall-Win64-Shipping.exe,19588,0x2EC4BC3AB90,DXGI,0,512,1,Hardware: Independent Flip,25995.4120,23.9438,23.6611,0.2827,12.7083,21.3054,20.3565,0.9489,34.4193,10.2966,-10.6945,25995.4120,0.4056,14.3690,NA
SandFall-Win64-Shipping.exe,19588,0x2EC4BC3AB90,DXGI,0,512,1,Hardware: Independent Flip,26019.3558,0.4325,0.2613,0.1712,10.0699,0.1013,0.0991,0.0022,20.7721,9.4282,13.6472,26019.3558,10.6009,NA,NA
SandFall-Win64-Shipping.exe,19588,0x2EC4BC3AB90,DXGI,0,512,1,Hardware: Independent Flip,26019.7883,17.4898,17.2351,0.2547,9.7387,19.6916,19.6797,0.0119,29.7678,9.3558,-8.9957,26019.7883,0.3375,NA,NA
SandFall-Win64-Shipping.exe,19588,0x2EC4BC3AB90,DXGI,0,512,1,Hardware: Independent Flip,26037.2781,0.5112,0.1552,0.3560,11.9405,0.0791,0.0772,0.0019,21.6338,11.8400,8.1340,26037.2781,9.6142,22.4521,NA
SandFall-Win64-Shipping.exe,19588,0x2EC4BC3AB90,DXGI,0,512,1,Hardware: Independent Flip,26037.7893,20.4330,20.0498,0.3832,11.5084,20.6613,19.8270,0.8343,32.9626,9.3991,-11.3288,26037.7893,0.7929,13.3003,NA
SandFall-Win64-Shipping.exe,19588,0x2EC4BC3AB90,DXGI,0,512,1,Hardware: Independent Flip,26058.2223,0.3174,0.1606,0.1568,11.7367,0.0610,0.0610,0.0000,21.9287,9.5652,11.0339,26058.2223,10.1310,NA,NA
SandFall-Win64-Shipping.exe,19588,0x2EC4BC3AB90,DXGI,0,512,1,Hardware: Independent Flip,26058.5397,19.7086,19.4164,0.2922,11.4803,19.6955,19.5324,0.1631,31.1765,9.8696,-9.2478,26058.5397,0.0007,NA,NA
SandFall-Win64-Shipping.exe,19588,0x2EC4BC3AB90,DXGI,0,512,1,Hardware: Independent Flip,26078.2483,0.4284,0.2125,0.2159,11.4672,0.0761,0.0745,0.0016,21.3375,9.8749,9.8390,26078.2483,9.7942,24.1251,NA
SandFall-Win64-Shipping.exe,19588,0x2EC4BC3AB90,DXGI,0,512,1,Hardware: Independent Flip,26078.6767,19.2729,19.0169,0.2560,11.1149,19.6688,19.3326,0.3362,30.7840,10.3919,-9.4465,26078.6767,0.0003,NA,NA
SandFall-Win64-Shipping.exe,19588,0x2EC4BC3AB90,DXGI,0,512,1,Hardware: Independent Flip,26097.9496,0.3064,0.1525,0.1539,11.5108,0.1154,0.1136,0.0018,21.9030,10.1094,8.8810,26097.9496,10.2768,NA,NA
SandFall-Win64-Shipping.exe,19588,0x2EC4BC3AB90,DXGI,0,512,1,Hardware: Independent Flip,26098.2560,22.8279,22.5363,0.2916,11.3198,20.3845,19.1187,1.2658,31.7060,10.7024,-9.8030,26098.2560,0.0017,NA,NA
SandFall-Win64-Shipping.exe,19588,0x2EC4BC3AB90,DXGI,0,512,1,Hardware: Independent Flip,26121.0839,0.3493,0.1765,0.1728,8.8764,0.0886,0.0871,0.0015,19.5805,8.4137,12.1255,26121.0839,10.6155,NA,NA
SandFall-Win64-Shipping.exe,19588,0x2EC4BC3AB90,DXGI,0,512,1,Hardware: Independent Flip,26121.4332,16.2142,15.9583,0.2559,8.6157,19.0283,19.0162,0.0121,27.6449,9.8698,-8.0644,26121.4332,0.0009,NA,NA
SandFall-Win64-Shipping.exe,19588,0x2EC4BC3AB90,DXGI,0,512,1,Hardware: Independent Flip,26137.6474,0.3727,0.1901,0.1826,11.4298,0.0750,0.0696,0.0054,21.3005,12.6252,6.3444,26137.6474,9.7957,NA,NA
SandFall-Win64-Shipping.exe,19588,0x2EC4BC3AB90,DXGI,0,512,1,Hardware: Independent Flip,26138.0201,21.7336,21.4637,0.2699,11.1321,21.6274,19.1676,2.4598,33.5530,10.0812,-12.2525,26138.0201,0.7935,31.0515,NA
SandFall-Win64-Shipping.exe,19588,0x2EC4BC3AB90,DXGI,0,512,1,Hardware: Independent Flip,26159.7537,0.4119,0.1569,0.2550,11.0259,0.0921,0.0856,0.0065,21.9006,8.7415,11.6524,26159.7537,10.7826,NA,NA
SandFall-Win64-Shipping.exe,19588,0x2EC4BC3AB90,DXGI,0,512,1,Hardware: Independent Flip,26160.1656,19.2373,18.9692,0.2681,10.7061,19.5233,18.8377,0.6856,30.2302,9.7338,-8.3296,26160.1656,0.0008,NA,NA
SandFall-Win64-Shipping.exe,19588,0x2EC4BC3AB90,DXGI,0,512,1,Hardware: Independent Flip,26179.4029,0.3283,0.1690,0.1593,10.9921,0.1023,0.1007,0.0016,20.7267,8.8758,9.5035,26179.4029,9.6323,NA,NA
SandFall-Win64-Shipping.exe,19588,0x2EC4BC3AB90,DXGI,0,512,1,Hardware: Independent Flip,26179.7312,17.4203,17.1549,0.2654,10.7661,18.4013,18.3900,0.0113,29.2742,9.1643,-8.5475,26179.7312,0.1068,NA,NA
SandFall-Win64-Shipping.exe,19588,0x2EC4BC3AB90,DXGI,0,512,1,Hardware: Independent Flip,26197.1515,0.4043,0.2084,0.1959,11.7471,0.1496,0.1496,0.0000,21.0182,10.6021,8.2560,26197.1515,9.1215,NA,NA
SandFall-Win64-Shipping.exe,19588,0x2EC4BC3AB90,DXGI,0,512,1,Hardware: Independent Flip,26197.5558,19.3856,19.1012,0.2844,11.4924,19.2056,18.9433,0.2623,31.2160,9.0798,-10.1978,26197.5558,0.5180,NA,NA
SandFall-Win64-Shipping.exe,19588,0x2EC4BC3AB90,DXGI,0,512,1,Hardware: Independent Flip,26216.9414,0.3210,0.1630,0.1580,11.3124,0.0991,0.0975,0.0016,20.9102,8.9127,10.3058,26216.9414,9.4987,NA,NA
SandFall-Win64-Shipping.exe,19588,0x2EC4BC3AB90,DXGI,0,512,1,Hardware: Independent Flip,26217.2624,17.9893,17.6960,0.2933,11.0905,18.4105,18.4012,0.0093,29.5019,9.0714,-8.5917,26217.2624,0.0009,NA,NA
SandFall-Win64-Shipping.exe,19588,0x2EC4BC3AB90,DXGI,0,512,1,Hardware: Independent Flip,26235.2517,0.3746,0.1872,0.1874,11.5117,0.1251,0.1231,0.0020,20.5840,9.1310,8.9179,26235.2517,8.9472,NA,NA
SandFall-Win64-Shipping.exe,19588,0x2EC4BC3AB90,DXGI,0,512,1,Hardware: Independent Flip,26235.6263,18.2670,17.9318,0.3352,11.2622,18.0771,18.0660,0.0111,29.3404,9.1624,-8.7564,26235.6263,0.0011,NA,NA
SandFall-Win64-Shipping.exe,19588,0x2EC4BC3AB90,DXGI,0,512,1,Hardware: Independent Flip,26253.8933,0.3707,0.2020,0.1687,11.0723,0.1206,0.1206,0.0000,20.2358,9.5122,9.1046,26253.8933,9.0429,NA,NA
SandFall-Win64-Shipping.exe,19588,0x2EC4BC3AB90,DXGI,0,512,1,Hardware: Independent Flip,26254.2640,18.0230,17.7545,0.2685,10.8222,18.5544,18.4404,0.1140,29.3773,9.3549,-9.1415,26254.2640,0.0007,NA,NA
SandFall-Win64-Shipping.exe,19588,0x2EC4BC3AB90,DXGI,0,512,1,Hardware: Independent Flip,26272.2870,0.3630,0.1650,0.1980,11.3536,0.0837,0.0820,0.0017,20.7092,9.5645,8.6681,26272.2870,9.2719,NA,NA
SandFall-Win64-Shipping.exe,19588,0x2EC4BC3AB90,DXGI,0,512,1,Hardware: Independent Flip,26272.6500,19.0960,18.8212,0.2748,11.0743,18.8353,18.1747,0.6606,29.9107,9.6813,-9.2015,26272.6500,0.0011,42.0628,NA
SandFall-Win64-Shipping.exe,19588,0x2EC4BC3AB90,DXGI,0,512,1,Hardware: Independent Flip,26291.7460,0.3320,0.1600,0.1720,10.8136,0.2066,0.2050,0.0016,20.4960,8.4396,9.4147,26291.7460,9.4758,NA,NA
SandFall-Win64-Shipping.exe,19588,0x2EC4BC3AB90,DXGI,0,512,1,Hardware: Independent Flip,26292.0780,17.9689,17.7206,0.2483,10.6882,17.9146,17.9057,0.0089,28.6036,9.2886,-8.1076,26292.0780,0.0008,NA,NA
SandFall-Win64-Shipping.exe,19588,0x2EC4BC3AB90,DXGI,0,512,1,Hardware: Independent Flip,26310.0469,0.3130,0.1564,0.1566,10.6339,0.0964,0.0948,0.0016,19.9233,9.6529,8.6803,26310.0469,9.1930,NA,NA
SandFall-Win64-Shipping.exe,19588,0x2EC4BC3AB90,DXGI,0,512,1,Hardware: Independent Flip,26310.3599,18.4570,18.1894,0.2676,10.4173,18.5770,18.1898,0.3872,29.2632,9.0369,-9.3399,26310.3599,0.2689,NA,NA
SandFall-Win64-Shipping.exe,19588,0x2EC4BC3AB90,DXGI,0,512,1,Hardware: Independent Flip,26328.8169,0.3304,0.1569,0.1735,10.5373,0.0875,0.0857,0.0018,19.8431,10.2054,9.4201,26328.8169,9.2183,NA,NA
SandFall-Win64-Shipping.exe,19588,0x2EC4BC3AB90,DXGI,0,512,1,Hardware: Independent Flip,26329.1473,18.8945,18.6251,0.2694,10.2944,19.3301,18.4416,0.8885,29.7181,9.4846,-9.8750,26329.1473,0.0936,NA,NA
SandFall-Win64-Shipping.exe,19588,0x2EC4BC3AB90,DXGI,0,512,1,Hardware: Independent Flip,26348.0418,0.3130,0.1586,0.1544,10.7300,0.1460,0.1446,0.0014,20.3082,8.4566,9.4099,26348.0418,9.4322,NA,NA
SandFall-Win64-Shipping.exe,19588,0x2EC4BC3AB90,DXGI,0,512,1,Hardware: Independent Flip,26348.3548,17.3692,17.1254,0.2438,10.5630,17.8883,17.8788,0.0095,28.4518,9.0997,-8.1436,26348.3548,0.0005,NA,NA
SandFall-Win64-Shipping.exe,19588,0x2EC4BC3AB90,DXGI,0,512,1,Hardware: Independent Flip,26365.7240,0.3522,0.1908,0.1614,11.0821,0.0995,0.0978,0.0017,20.1823,8.8519,8.2695,26365.7240,9.0007,NA,NA
SandFall-Win64-Shipping.exe,19588,0x2EC4BC3AB90,DXGI,0,512,1,Hardware: Independent Flip,26366.0762,18.0154,17.7223,0.2931,10.8294,17.8024,17.7925,0.0099,28.6820,8.8821,-8.4997,26366.0762,0.0502,NA,NA
SandFall-Win64-Shipping.exe,19588,0x2EC4BC3AB90,DXGI,0,512,1,Hardware: Independent Flip,26384.0916,0.5009,0.1769,0.3240,10.6164,0.1163,0.1146,0.0017,19.5487,9.2968,9.1333,26384.0916,8.8160,NA,NA
SandFall-Win64-Shipping.exe,19588,0x2EC4BC3AB90,DXGI,0,512,1,Hardware: Independent Flip,26384.5925,17.5457,17.3023,0.2434,10.2318,17.9178,17.9088,0.0090,28.3446,8.7989,-8.7959,26384.5925,0.1950,NA,NA
SandFall-Win64-Shipping.exe,19588,0x2EC4BC3AB90,DXGI,0,512,1,Hardware: Independent Flip,26402.1382,0.3243,0.1601,0.1642,10.6039,0.1119,0.1104,0.0015,19.5978,9.5992,8.7468,26402.1382,8.8820,NA,NA
SandFall-Win64-Shipping.exe,19588,0x2EC4BC3AB90,DXGI,0,512,1,Hardware: Independent Flip,26402.4625,18.2520,17.9922,0.2598,10.3915,18.4779,17.9420,0.5359,28.8727,9.1420,-9.2749,26402.4625,0.0033,NA,NA
SandFall-Win64-Shipping.exe,19588,0x2EC4BC3AB90,DXGI,0,512,1,Hardware: Independent Flip,26420.7145,0.3133,0.1520,0.1613,10.6174,0.1071,0.1054,0.0017,19.7627,9.2239,9.1100,26420.7145,9.0382,NA,NA
SandFall-Win64-Shipping.exe,19588,0x2EC4BC3AB90,DXGI,0,512,1,Hardware: Independent Flip,26421.0278,17.2899,17.0340,0.2559,10.4112,18.2611,18.2522,0.0089,28.6733,9.4457,-8.9106,26421.0278,0.0010,NA,NA
SandFall-Win64-Shipping.exe,19588,0x2EC4BC3AB90,DXGI,0,512,1,Hardware: Independent Flip,26438.3177,0.3137,0.1573,0.1564,11.3824,0.1334,0.1310,0.0024,20.8291,8.7063,7.8442,26438.3177,9.3133,NA,NA
SandFall-Win64-Shipping.exe,19588,0x2EC4BC3AB90,DXGI,0,512,1,Hardware: Independent Flip,26438.6314,17.3866,17.1380,0.2486,11.2021,18.0188,18.0066,0.0122,29.2217,9.2804,-8.3926,26438.6314,0.0008,NA,NA
SandFall-Win64-Shipping.exe,19588,0x2EC4BC3AB90,DXGI,0,512,1,Hardware: Independent Flip,26456.0180,0.3119,0.1513,0.1606,11.8343,0.0968,0.0952,0.0016,21.1155,9.0071,8.1062,26456.0180,9.1844,NA,NA
SandFall-Win64-Shipping.exe,19588,0x2EC4BC3AB90,DXGI,0,512,1,Hardware: Independent Flip,26456.3299,20.8395,20.2445,0.5950,11.6192,18.1910,18.1839,0.0071,29.8107,9.1266,-8.6952,26456.3299,0.0005,NA,NA
SandFall-Win64-Shipping.exe,19588,0x2EC4BC3AB90,DXGI,0,512,1,Hardware: Independent Flip,26477.1694,0.5200,0.2794,0.2406,8.9707,0.0970,0.0954,0.0016,18.0978,9.7673,11.7129,26477.1694,9.0301,NA,NA
SandFall-Win64-Shipping.exe,19588,0x2EC4BC3AB90,DXGI,0,512,1,Hardware: Independent Flip,26477.6894,17.4894,17.2043,0.2851,8.5477,18.6686,18.6627,0.0059,27.3451,9.2614,-9.2473,26477.6894,0.1288,NA,NA
SandFall-Win64-Shipping.exe,19588,0x2EC4BC3AB90,DXGI,0,512,1,Hardware: Independent Flip,26495.1788,0.3650,0.1666,0.1984,9.7269,0.0975,0.0930,0.0045,19.1171,8.6978,8.2280,26495.1788,9.2927,NA,NA
SandFall-Win64-Shipping.exe,19588,0x2EC4BC3AB90,DXGI,0,512,1,Hardware: Independent Flip,26495.5438,14.8070,14.4923,0.3147,9.4594,17.9897,17.9839,0.0058,27.4499,9.1320,-8.3328,26495.5438,0.0008,NA,NA
SandFall-Win64-Shipping.exe,19588,0x2EC4BC3AB90,DXGI,0,512,1,Hardware: Independent Flip,26510.3508,0.3576,0.1811,0.1765,12.6421,0.1332,0.1314,0.0018,21.7749,9.1243,5.6750,26510.3508,8.9996,NA,NA
SandFall-Win64-Shipping.exe,19588,0x2EC4BC3AB90,DXGI,0,512,1,Hardware: Independent Flip,26510.7084,17.7651,17.4410,0.3241,12.4177,18.0221,18.0157,0.0064,30.5416,8.9495,-8.7667,26510.7084,0.1018,NA,NA
SandFall-Win64-Shipping.exe,19588,0x2EC4BC3AB90,DXGI,0,512,1,Hardware: Independent Flip,26528.4735,0.3753,0.1820,0.1933,12.6747,0.1617,0.1596,0.0021,21.7260,9.5890,8.8156,26528.4735,8.8896,NA,NA
SandFall-Win64-Shipping.exe,19588,0x2EC4BC3AB90,DXGI,0,512,1,Hardware: Independent Flip,26528.8488,16.5642,16.3146,0.2496,12.4611,18.3633,18.3571,0.0062,30.9397,9.0978,-9.2137,26528.8488,0.1153,NA,NA
SandFall-Win64-Shipping.exe,19588,0x2EC4BC3AB90,DXGI,0,512,1,Hardware: Independent Flip,26545.4130,0.3068,0.1548,0.1520,14.2602,0.1726,0.1705,0.0021,23.4733,8.8379,7.4664,26545.4130,9.0405,NA,NA
SandFall-Win64-Shipping.exe,19588,0x2EC4BC3AB90,DXGI,0,512,1,Hardware: Independent Flip,26545.7198,17.5940,17.3464,0.2476,14.1260,17.8775,17.8714,0.0061,32.0044,9.1510,-8.5311,26545.7198,0.0009,40.2526,NA
SandFall-Win64-Shipping.exe,19588,0x2EC4BC3AB90,DXGI,0,512,1,Hardware: Independent Flip,26563.3138,0.3135,0.1563,0.1572,14.4095,0.1022,0.0974,0.0048,23.5614,9.3777,8.4430,26563.3138,9.0497,NA,NA
SandFall-Win64-Shipping.exe,19588,0x2EC4BC3AB90,DXGI,0,512,1,Hardware: Independent Flip,26563.6273,17.9006,17.6502,0.2504,14.1982,18.4266,18.4203,0.0063,32.6256,9.3239,-9.0642,26563.6273,0.0008,37.7879,NA
SandFall-Win64-Shipping.exe,19588,0x2EC4BC3AB90,DXGI,0,512,1,Hardware: Independent Flip,26581.5279,0.3055,0.1554,0.1501,14.7242,0.0996,0.0948,0.0048,24.0489,9.3502,8.5767,26581.5279,9.2251,NA,NA
SandFall-Win64-Shipping.exe,19588,0x2EC4BC3AB90,DXGI,0,512,1,Hardware: Independent Flip,26581.8334,18.6645,18.4144,0.2501,14.5183,18.5748,18.5686,0.0062,33.0936,9.4541,-9.0447,26581.8334,0.0005,NA,NA
SandFall-Win64-Shipping.exe,19588,0x2EC4BC3AB90,DXGI,0,512,1,Hardware: Independent Flip,26600.4979,0.3156,0.1609,0.1547,14.4286,0.1133,0.1116,0.0017,23.8832,9.0277,9.2104,26600.4979,9.3413,NA,NA
SandFall-Win64-Shipping.exe,19588,0x2EC4BC3AB90,DXGI,0,512,1,Hardware: Independent Flip,26600.8135,18.2753,18.0290,0.2463,14.2263,18.3675,18.3613,0.0062,32.5953,9.4053,-8.7121,26600.8135,0.0015,NA,NA
SandFall-Win64-Shipping.exe,19588,0x2EC4BC3AB90,DXGI,0,512,1,Hardware: Independent Flip,26619.0888,0.3102,0.1563,0.1539,14.3185,0.1062,0.1044,0.0018,23.7253,8.8291,8.8700,26619.0888,9.3006,NA,NA
SandFall-Win64-Shipping.exe,19588,0x2EC4BC3AB90,DXGI,0,512,1,Hardware: Independent Flip,26619.3990,18.4921,18.2461,0.2460,14.1145,18.0988,18.0916,0.0072,32.2442,9.0233,-8.5189,26619.3990,0.0309,41.1336,NA
SandFall-Win64-Shipping.exe,19588,0x2EC4BC3AB90,DXGI,0,512,1,Hardware: Independent Flip,26637.8911,0.3062,0.1530,0.1532,13.7212,0.0993,0.0976,0.0017,22.7754,10.4217,9.4688,26637.8911,8.9549,NA,NA
SandFall-Win64-Shipping.exe,19588,0x2EC4BC3AB90,DXGI,0,512,1,Hardware: Independent Flip,26638.1973,19.3466,19.0677,0.2789,13.5143,19.0233,19.0136,0.0097,32.8909,9.2058,-10.1155,26638.1973,0.3533,NA,NA
SandFall-Win64-Shipping.exe,19588,0x2EC4BC3AB90,DXGI,0,512,1,Hardware: Independent Flip,26657.5439,0.3504,0.1925,0.1579,13.1910,0.1403,0.1385,0.0018,22.7501,9.2990,10.1408,26657.5439,9.4188,NA,NA
SandFall-Win64-Shipping.exe,19588,0x2EC4BC3AB90,DXGI,0,512,1,Hardware: Independent Flip,26657.8943,18.3974,18.0925,0.3049,12.9809,18.7171,18.7061,0.0110,31.6987,9.5162,-8.9486,26657.8943,0.0007,NA,NA
SandFall-Win64-Shipping.exe,19588,0x2EC4BC3AB90,DXGI,0,512,1,Hardware: Independent Flip,26676.2917,0.5971,0.1671,0.4300,13.3006,0.1013,0.0996,0.0017,22.8175,8.7964,8.8812,26676.2917,9.4156,NA,NA
SandFall-Win64-Shipping.exe,19588,0x2EC4BC3AB90,DXGI,0,512,1,Hardware: Independent Flip,26676.8888,17.4501,17.1982,0.2519,12.8048,18.2110,18.2019,0.0091,31.0168,9.4592,-8.1993,26676.8888,0.0010,44.4351,NA
SandFall-Win64-Shipping.exe,19588,0x2EC4BC3AB90,DXGI,0,512,1,Hardware: Independent Flip,26694.3389,0.3128,0.1568,0.1560,13.5657,0.2343,0.2325,0.0018,23.0259,9.0076,7.9909,26694.3389,9.2259,NA,NA
SandFall-Win64-Shipping.exe,19588,0x2EC4BC3AB90,DXGI,0,512,1,Hardware: Independent Flip,26694.6517,18.3075,18.0465,0.2610,13.4872,18.2302,18.2229,0.0073,31.7207,9.1749,-8.6948,26694.6517,0.0033,33.9094,NA
SandFall-Win64-Shipping.exe,19588,0x2EC4BC3AB90,DXGI,0,512,1,Hardware: Independent Flip,26712.9592,0.4045,0.2111,0.1934,13.4099,0.1031,0.1014,0.0017,22.5881,9.9054,9.1326,26712.9592,9.0751,NA,NA
SandFall-Win64-Shipping.exe,19588,0x2EC4BC3AB90,DXGI,0,512,1,Hardware: Independent Flip,26713.3637,21.7899,21.4530,0.3369,13.1085,18.7554,18.7490,0.0064,32.0890,9.1914,-9.5009,26713.3637,0.2251,NA,NA
SandFall-Win64-Shipping.exe,19588,0x2EC4BC3AB90,DXGI,0,512,1,Hardware: Independent Flip,26735.1536,0.4332,0.2174,0.2158,10.0740,0.1138,0.1121,0.0017,19.4905,8.8076,12.5985,26735.1536,9.3027,NA,NA
SandFall-Win64-Shipping.exe,19588,0x2EC4BC3AB90,DXGI,0,512,1,Hardware: Independent Flip,26735.5868,15.4828,15.2227,0.2601,9.7546,18.1101,18.1017,0.0084,27.8649,9.1205,-8.3744,26735.5868,0.0002,NA,NA
SandFall-Win64-Shipping.exe,19588,0x2EC4BC3AB90,DXGI,0,512,1,Hardware: Independent Flip,26751.0696,0.3487,0.1770,0.1717,12.3819,0.1974,0.1974,0.0000,21.5026,9.7234,6.3623,26751.0696,8.9233,NA,NA
SandFall-Win64-Shipping.exe,19588,0x2EC4BC3AB90,DXGI,0,512,1,Hardware: Independent Flip,26751.4183,19.3950,19.1426,0.2524,12.2306,18.5747,18.5658,0.0089,30.8773,9.3059,-9.3747,26751.4183,0.0720,NA,NA
SandFall-Win64-Shipping.exe,19588,0x2EC4BC3AB90,DXGI,0,512,1,Hardware: Independent Flip,26770.8133,0.3089,0.1612,0.1477,11.4103,0.1622,0.1622,0.0000,20.7882,9.6783,10.0891,26770.8133,9.2157,NA,NA
SandFall-Win64-Shipping.exe,19588,0x2EC4BC3AB90,DXGI,0,512,1,Hardware: Independent Flip,26771.1222,17.7774,17.5251,0.2523,11.2636,18.8931,18.8829,0.0102,30.1576,9.6595,-9.3694,26771.1222,0.0009,NA,NA
SandFall-Win64-Shipping.exe,19588,0x2EC4BC3AB90,DXGI,0,512,1,Hardware: Independent Flip,26788.8996,0.3482,0.1537,0.1945,12.3793,0.1003,0.0987,0.0016,22.0397,9.1426,8.1179,26788.8996,9.5601,NA,NA
SandFall-Win64-Shipping.exe,19588,0x2EC4BC3AB90,DXGI,0,512,1,Hardware: Independent Flip,26789.2478,18.4999,18.2414,0.2585,12.1314,18.7020,18.6868,0.0152,30.8341,9.7786,-8.7944,26789.2478,0.0007,NA,NA
SandFall-Win64-Shipping.exe,19588,0x2EC4BC3AB90,DXGI,0,512,1,Hardware: Independent Flip,26807.7477,0.3283,0.1606,0.1677,12.3335,0.0948,0.0933,0.0015,22.1128,8.9048,8.7213,26807.7477,9.6845,NA,NA
SandFall-Win64-Shipping.exe,19588,0x2EC4BC3AB90,DXGI,0,512,1,Hardware: Independent Flip,26808.0760,19.4158,19.1148,0.3010,12.1000,18.5886,18.5528,0.0358,30.6893,9.4832,-8.5765,26808.0760,0.0007,NA,NA
SandFall-Win64-Shipping.exe,19588,0x2EC4BC3AB90,DXGI,0,512,1,Hardware: Independent Flip,26827.4918,0.3573,0.1893,0.1680,11.2728,0.1279,0.1279,0.0000,20.7567,10.1403,9.9326,26827.4918,9.3560,NA,NA
SandFall-Win64-Shipping.exe,19588,0x2EC4BC3AB90,DXGI,0,512,1,Hardware: Independent Flip,26827.8491,17.8969,17.5618,0.3351,11.0434,19.1980,19.1885,0.0095,30.5397,9.3558,-9.7830,26827.8491,0.2983,NA,NA
SandFall-Win64-Shipping.exe,19588,0x2EC4BC3AB90,DXGI,0,512,1,Hardware: Independent Flip,26845.7460,0.7635,0.1835,0.5800,12.3445,0.1418,0.1401,0.0017,21.9986,9.5637,8.5411,26845.7460,9.5123,NA,NA
SandFall-Win64-Shipping.exe,19588,0x2EC4BC3AB90,DXGI,0,512,1,Hardware: Independent Flip,26846.5095,18.5493,18.2960,0.2533,11.7228,19.0755,19.0661,0.0094,30.7988,9.4083,-8.8002,26846.5095,0.0005,NA,NA
SandFall-Win64-Shipping.exe,19588,0x2EC4BC3AB90,DXGI,0,512,1,Hardware: Independent Flip,26865.0588,0.3136,0.1555,0.1581,12.2490,0.1016,0.1000,0.0016,21.6578,10.0278,9.1410,26865.0588,9.3072,NA,NA
SandFall-Win64-Shipping.exe,19588,0x2EC4BC3AB90,DXGI,0,512,1,Hardware: Independent Flip,26865.3724,17.3804,17.1377,0.2427,12.0370,19.3348,19.3281,0.0067,31.3720,9.8524,-9.7142,26865.3724,0.0002,NA,NA
SandFall-Win64-Shipping.exe,19588,0x2EC4BC3AB90,DXGI,0,512,1,Hardware: Independent Flip,26882.7528,0.3337,0.1596,0.1741,13.9914,0.1411,0.1411,0.0000,23.8440,10.1568,7.5280,26882.7528,9.7115,NA,NA
SandFall-Win64-Shipping.exe,19588,0x2EC4BC3AB90,DXGI,0,512,1,Hardware: Independent Flip,26883.0865,21.9744,21.6695,0.3049,13.7988,19.8678,19.8589,0.0089,33.6671,10.4153,-9.8231,26883.0865,0.0005,NA,NA
SandFall-Win64-Shipping.exe,19588,0x2EC4BC3AB90,DXGI,0,512,1,Hardware: Independent Flip,26905.0609,0.3691,0.1963,0.1728,11.6922,0.1395,0.1377,0.0018,22.1080,9.3035,11.5591,26905.0609,10.2763,NA,NA
SandFall-Win64-Shipping.exe,19588,0x2EC4BC3AB90,DXGI,0,512,1,Hardware: Independent Flip,26905.4300,15.6716,15.4290,0.2426,11.4626,19.5789,19.5733,0.0056,31.0424,10.4348,-8.9344,26905.4300,0.0009,NA,NA
SandFall-Win64-Shipping.exe,19588,0x2EC4BC3AB90,DXGI,0,512,1,Hardware: Independent Flip,26921.1016,0.3155,0.1583,0.1572,15.3699,0.1438,0.1438,0.0000,25.8056,10.0598,5.2368,26921.1016,10.2919,NA,NA
SandFall-Win64-Shipping.exe,19588,0x2EC4BC3AB90,DXGI,0,512,1,Hardware: Independent Flip,26921.4171,20.7675,20.5207,0.2468,15.1982,20.3507,20.3447,0.0060,35.5499,10.2353,-9.7443,26921.4171,0.0010,NA,NA
SandFall-Win64-Shipping.exe,19588,0x2EC4BC3AB90,DXGI,0,512,1,Hardware: Independent Flip,26942.1846,0.3120,0.1549,0.1571,14.7814,0.1159,0.1141,0.0018,25.0177,9.4136,10.5322,26942.1846,10.1204,NA,NA
SandFall-Win64-Shipping.exe,19588,0x2EC4BC3AB90,DXGI,0,512,1,Hardware: Independent Flip,26942.4966,17.6457,17.3879,0.2578,14.5853,19.3940,19.3893,0.0047,34.1193,9.6249,-9.1016,26942.4966,0.1400,NA,NA
SandFall-Win64-Shipping.exe,19588,0x2EC4BC3AB90,DXGI,0,512,1,Hardware: Independent Flip,26960.1423,0.3140,0.1611,0.1529,16.3336,0.1666,0.1641,0.0025,26.0985,9.7124,8.0208,26960.1423,9.5983,NA,NA
SandFall-Win64-Shipping.exe,19588,0x2EC4BC3AB90,DXGI,0,512,1,Hardware: Independent Flip,26960.4563,21.4074,21.1451,0.2623,16.1862,18.8781,18.8725,0.0056,35.4969,8.9934,-9.3984,26960.4563,0.4326,NA,NA
SandFall-Win64-Shipping.exe,19588,0x2EC4BC3AB90,DXGI,0,512,1,Hardware: Independent Flip,26981.8637,0.3858,0.1661,0.2197,13.6569,0.1271,0.1271,0.0000,23.0829,10.1112,12.4140,26981.8637,9.2989,NA,NA
SandFall-Win64-Shipping.exe,19588,0x2EC4BC3AB90,DXGI,0,512,1,Hardware: Independent Flip,26982.2495,16.9069,16.6625,0.2444,13.3982,19.0217,19.0152,0.0065,32.8083,8.9521,-9.7254,26982.2495,0.3884,NA,NA
SandFall-Win64-Shipping.exe,19588,0x2EC4BC3AB90,DXGI,0,512,1,Hardware: Independent Flip,26999.1564,0.4138,0.1555,0.2583,15.5130,0.1333,0.1312,0.0021,24.8535,9.8758,7.9548,26999.1564,9.2072,NA,NA
SandFall-Win64-Shipping.exe,19588,0x2EC4BC3AB90,DXGI,0,512,1,Hardware: Independent Flip,26999.5702,19.6863,19.4337,0.2526,15.2325,19.0822,19.0740,0.0082,34.3155,9.4136,-9.4620,26999.5702,0.0008,NA,NA
SandFall-Win64-Shipping.exe,19588,0x2EC4BC3AB90,DXGI,0,512,1,Hardware: Independent Flip,27019.2565,0.3120,0.1570,0.1550,14.6284,0.1032,0.1015,0.0017,24.0428,9.9204,10.2727,27019.2565,9.3112,NA,NA
SandFall-Win64-Shipping.exe,19588,0x2EC4BC3AB90,DXGI,0,512,1,Hardware: Independent Flip,27019.5685,19.6324,19.3832,0.2492,14.4196,19.2309,19.1780,0.0529,33.6512,10.0491,-9.6084,27019.5685,0.0007,NA,NA
SandFall-Win64-Shipping.exe,19588,0x2EC4BC3AB90,DXGI,0,512,1,Hardware: Independent Flip,27039.2009,0.3066,0.1547,0.1519,14.0181,0.1010,0.0990,0.0020,24.0679,9.1864,9.5833,27039.2009,9.9488,NA,NA
SandFall-Win64-Shipping.exe,19588,0x2EC4BC3AB90,DXGI,0,512,1,Hardware: Independent Flip,27039.5075,20.9330,20.6881,0.2449,13.8125,19.1342,19.1218,0.0124,32.9477,10.0763,-8.8798,27039.5075,0.0010,NA,NA
SandFall-Win64-Shipping.exe,19588,0x2EC4BC3AB90,DXGI,0,512,1,Hardware: Independent Flip,27060.4405,0.3403,0.1824,0.1579,12.0137,0.1334,0.1313,0.0021,22.0910,10.3182,10.8567,27060.4405,9.9439,NA,NA
SandFall-Win64-Shipping.exe,19588,0x2EC4BC3AB90,DXGI,0,512,1,Hardware: Independent Flip,27060.7808,20.6613,20.3851,0.2762,11.8068,20.2609,20.2522,0.0087,32.0689,10.3947,-9.9779,27060.7808,0.0012,33.3812,NA
SandFall-Win64-Shipping.exe,19588,0x2EC4BC3AB90,DXGI,0,512,1,Hardware: Independent Flip,27081.4421,0.3324,0.1535,0.1789,11.4064,0.1348,0.1326,0.0022,21.8023,9.2055,10.2666,27081.4421,10.2611,NA,NA
SandFall-Win64-Shipping.exe,19588,0x2EC4BC3AB90,DXGI,0,512,1,Hardware: Independent Flip,27081.7745,17.7821,17.5307,0.2514,11.2088,19.4662,19.4534,0.0128,30.6754,10.1396,-8.8731,27081.7745,0.0004,NA,NA
SandFall-Win64-Shipping.exe,19588,0x2EC4BC3AB90,DXGI,0,512,1,Hardware: Independent Flip,27099.5566,0.3111,0.1529,0.1582,12.8929,0.2174,0.2158,0.0016,23.0329,10.2836,7.6425,27099.5566,9.9226,NA,NA
SandFall-Win64-Shipping.exe,19588,0x2EC4BC3AB90,DXGI,0,512,1,Hardware: Independent Flip,27099.8677,21.0918,20.8161,0.2757,12.7992,19.9458,19.6470,0.2988,33.0054,9.8132,-9.9725,27099.8677,0.2604,NA,NA
SandFall-Win64-Shipping.exe,19588,0x2EC4BC3AB90,DXGI,0,512,1,Hardware: Independent Flip,27120.9595,0.3503,0.1765,0.1738,11.6532,0.1321,0.1321,0.0000,21.7268,9.4936,11.2786,27120.9595,9.9415,NA,NA
SandFall-Win64-Shipping.exe,19588,0x2EC4BC3AB90,DXGI,0,512,1,Hardware: Independent Flip,27121.3098,18.1450,17.8822,0.2628,11.4350,19.2486,19.2346,0.0140,30.8701,9.3668,-9.1433,27121.3098,0.1865,43.6849,NA
SandFall-Win64-Shipping.exe,19588,0x2EC4BC3AB90,DXGI,0,512,1,Hardware: Independent Flip,27139.4548,0.3590,0.1888,0.1702,12.5386,0.1451,0.1433,0.0018,22.0919,10.6036,8.7782,27139.4548,9.4082,NA,NA
SandFall-Win64-Shipping.exe,19588,0x2EC4BC3AB90,DXGI,0,512,1,Hardware: Independent Flip,27139.8138,19.9524,19.6093,0.3431,12.3247,19.6581,19.6487,0.0094,32.3365,9.4227,-10.2446,27139.8138,0.3537,43.6649,NA
SandFall-Win64-Shipping.exe,19588,0x2EC4BC3AB90,DXGI,0,512,1,Hardware: Independent Flip,27159.7662,0.4226,0.1980,0.2246,12.0304,0.1402,0.1386,0.0016,21.8068,11.3017,10.5297,27159.7662,9.6362,NA,NA
SandFall-Win64-Shipping.exe,19588,0x2EC4BC3AB90,DXGI,0,512,1,Hardware: Independent Flip,27160.1888,20.1495,19.8951,0.2544,11.7480,20.9369,20.1236,0.8133,32.6859,10.6083,-10.8791,27160.1888,0.0010,NA,NA
SandFall-Win64-Shipping.exe,19588,0x2EC4BC3AB90,DXGI,0,512,1,Hardware: Independent Flip,27180.3383,0.3423,0.1789,0.1634,12.5354,0.1369,0.1352,0.0017,23.1447,9.4578,9.5412,27180.3383,10.4724,NA,NA
SandFall-Win64-Shipping.exe,19588,0x2EC4BC3AB90,DXGI,0,512,1,Hardware: Independent Flip,27180.6806,18.8107,18.4293,0.3814,12.3300,19.9297,19.9227,0.0070,32.2602,10.7490,-9.1155,27180.6806,0.0005,34.4805,NA
SandFall-Win64-Shipping.exe,19588,0x2EC4BC3AB90,DXGI,0,512,1,Hardware: Independent Flip,27199.4913,0.3799,0.2025,0.1774,13.4490,0.1425,0.1425,0.0000,24.1985,9.3033,8.0617,27199.4913,10.6070,NA,NA
SandFall-Win64-Shipping.exe,19588,0x2EC4BC3AB90,DXGI,0,512,1,Hardware: Independent Flip,27199.8712,18.6292,18.3759,0.2533,13.2116,19.9103,19.8460,0.0643,33.1219,10.6070,-8.9234,27199.8712,NA,NA,NA
SandFall-Win64-Shipping.exe,19588,0x2EC4BC3AB90,DXGI,0,512,1,Hardware: Independent Flip,27218.5004,0.3205,0.1616,0.1589,14.4927,0.1018,0.1001,0.0017,25.0997,9.9115,8.0222,27218.5004,10.5052,NA,NA
SandFall-Win64-Shipping.exe,19588,0x2EC4BC3AB90,DXGI,0,512,1,Hardware: Independent Flip,27218.8209,19.4821,19.2236,0.2585,14.2740,20.3259,20.3181,0.0078,34.6907,10.1289,-9.5910,27218.8209,0.0908,44.0188,NA
SandFall-Win64-Shipping.exe,19588,0x2EC4BC3AB90,DXGI,0,512,1,Hardware: Independent Flip,27238.3030,0.3125,0.1571,0.1554,15.1178,0.1477,0.1458,0.0019,25.3375,9.9879,9.3532,27238.3030,10.0720,NA,NA
SandFall-Win64-Shipping.exe,19588,0x2EC4BC3AB90,DXGI,0,512,1,Hardware: Independent Flip,27238.6155,19.2083,18.7934,0.4149,14.9530,19.6166,19.6067,0.0099,35.0129,9.3833,-9.6754,27238.6155,0.4433,NA,NA
SandFall-Win64-Shipping.exe,19588,0x2EC4BC3AB90,DXGI,0,512,1,Hardware: Independent Flip,27257.8238,0.3209,0.1598,0.1611,15.3613,0.1468,0.1449,0.0019,25.1879,10.6820,9.8250,27257.8238,9.6798,NA,NA
SandFall-Win64-Shipping.exe,19588,0x2EC4BC3AB90,DXGI,0,512,1,Hardware: Independent Flip,27258.1447,20.9341,20.6638,0.2703,15.1872,19.8393,19.8330,0.0063,35.5490,9.2411,-10.3611,27258.1447,0.5225,36.2335,NA
SandFall-Win64-Shipping.exe,19588,0x2EC4BC3AB90,DXGI,0,512,1,Hardware: Independent Flip,27279.0788,0.3244,0.1653,0.1591,14.0924,0.1488,0.1472,0.0016,23.8560,10.6537,11.6930,27279.0788,9.6148,NA,NA
SandFall-Win64-Shipping.exe,19588,0x2EC4BC3AB90,DXGI,0,512,1,Hardware: Independent Flip,27279.4032,19.3710,19.1263,0.2447,13.9168,20.2677,20.2589,0.0088,34.1853,10.0567,-10.3293,27279.4032,0.0008,45.1188,NA
SandFall-Win64-Shipping.exe,19588,0x2EC4BC3AB90,DXGI,0,512,1,Hardware: Independent Flip,27298.7742,0.3224,0.1553,0.1671,14.8135,0.1451,0.1451,0.0000,24.8710,9.7647,9.3143,27298.7742,9.9124,NA,NA
SandFall-Win64-Shipping.exe,19588,0x2EC4BC3AB90,DXGI,0,512,1,Hardware: Independent Flip,27299.0966,19.0950,18.8493,0.2457,14.6362,19.6763,19.6684,0.0079,34.3133,10.5642,-9.4423,27299.0966,0.0008,50.9482,NA
SandFall-Win64-Shipping.exe,19588,0x2EC4BC3AB90,DXGI,0,512,1,Hardware: Independent Flip,27318.1916,0.3163,0.1615,0.1548,15.2175,0.1436,0.1436,0.0000,25.7825,9.3840,8.5308,27318.1916,10.4214,NA,NA
SandFall-Win64-Shipping.exe,19588,0x2EC4BC3AB90,DXGI,0,512,1,Hardware: Independent Flip,27318.5079,19.7803,19.5205,0.2598,15.0448,19.8042,19.7971,0.0071,34.8502,10.6034,-9.0677,27318.5079,0.0012,43.8816,NA
SandFall-Win64-Shipping.exe,19588,0x2EC4BC3AB90,DXGI,0,512,1,Hardware: Independent Flip,27338.2882,0.3084,0.1550,0.1534,15.0687,0.1433,0.1409,0.0024,25.6733,9.5503,9.1769,27338.2882,10.4613,NA,NA
SandFall-Win64-Shipping.exe,19588,0x2EC4BC3AB90,DXGI,0,512,1,Hardware: Independent Flip,27338.5966,20.5148,20.2634,0.2514,14.9036,20.0107,20.0036,0.0071,34.9152,10.1450,-9.2419,27338.5966,0.0009,45.0362,NA
SandFall-Win64-Shipping.exe,19588,0x2EC4BC3AB90,DXGI,0,512,1,Hardware: Independent Flip,27359.1114,0.3162,0.1611,0.1551,14.3995,0.1012,0.0996,0.0016,24.5454,10.2405,10.3698,27359.1114,10.0447,NA,NA
SandFall-Win64-Shipping.exe,19588,0x2EC4BC3AB90,DXGI,0,512,1,Hardware: Independent Flip,27359.4276,19.2698,18.9968,0.2730,14.1845,19.8527,19.8455,0.0072,34.4697,9.5538,-9.9243,27359.4276,0.4325,41.4353,NA
SandFall-Win64-Shipping.exe,19588,0x2EC4BC3AB90,DXGI,0,512,1,Hardware: Independent Flip,27378.6974,0.3191,0.1570,0.1621,14.7674,0.1295,0.1295,0.0000,24.7537,10.6173,9.7160,27378.6974,9.8568,NA,NA
SandFall-Win64-Shipping.exe,19588,0x2EC4BC3AB90,DXGI,0,512,1,Hardware: Independent Flip,27379.0165,23.2805,23.0249,0.2556,14.5778,20.0798,20.0700,0.0098,35.0519,9.4643,-10.2982,27379.0165,0.3943,43.5880,NA
SandFall-Win64-Shipping.exe,19588,0x2EC4BC3AB90,DXGI,0,512,1,Hardware: Independent Flip,27402.2970,0.3078,0.1545,0.1533,11.3771,0.0848,0.0832,0.0016,21.2357,11.4764,13.8162,27402.2970,9.7738,NA,NA
SandFall-Win64-Shipping.exe,19588,0x2EC4BC3AB90,DXGI,0,512,1,Hardware: Independent Flip,27402.6048,19.9280,19.6613,0.2667,11.1541,21.2492,21.0938,0.1554,32.4043,10.5946,-11.1686,27402.6048,0.0010,NA,NA
SandFall-Win64-Shipping.exe,19588,0x2EC4BC3AB90,DXGI,0,512,1,Hardware: Independent Flip,27422.5328,0.3330,0.1616,0.1714,12.4753,0.1401,0.1379,0.0022,23.0709,9.3692,9.3334,27422.5328,10.4555,NA,NA
SandFall-Win64-Shipping.exe,19588,0x2EC4BC3AB90,DXGI,0,512,1,Hardware: Independent Flip,27422.8658,21.6068,21.3300,0.2768,12.2824,19.8239,19.8117,0.0122,32.1071,10.6753,-9.0362,27422.8658,0.0008,12.5153,NA
SandFall-Win64-Shipping.exe,19588,0x2EC4BC3AB90,DXGI,0,512,1,Hardware: Independent Flip,27444.4726,0.3587,0.1696,0.1891,10.4995,0.1527,0.1511,0.0016,21.1756,9.2172,10.9315,27444.4726,10.5234,NA,NA
SandFall-Win64-Shipping.exe,19588,0x2EC4BC3AB90,DXGI,0,512,1,Hardware: Independent Flip,27444.8313,17.3034,17.0384,0.2650,10.2935,19.7398,19.7290,0.0108,30.0341,10.4766,-8.8585,27444.8313,0.0008,NA,NA
SandFall-Win64-Shipping.exe,19588,0x2EC4BC3AB90,DXGI,0,512,1,Hardware: Independent Flip,27462.1347,0.3398,0.1754,0.1644,12.7299,0.1827,0.1827,0.0000,23.2073,10.8265,6.8268,27462.1347,10.2947,NA,NA
SandFall-Win64-Shipping.exe,19588,0x2EC4BC3AB90,DXGI,0,512,1,Hardware: Independent Flip,27462.4745,20.5197,20.2430,0.2767,12.5728,20.9484,20.7455,0.2029,33.6940,10.3853,-10.4867,27462.4745,0.1728,43.7023,NA
SandFall-Win64-Shipping.exe,19588,0x2EC4BC3AB90,DXGI,0,512,1,Hardware: Independent Flip,27482.9942,0.3431,0.1610,0.1821,13.0015,0.1063,0.1016,0.0047,23.5596,9.8906,10.1344,27482.9942,10.4518,NA,NA
SandFall-Win64-Shipping.exe,19588,0x2EC4BC3AB90,DXGI,0,512,1,Hardware: Independent Flip,27483.3373,19.7618,19.4386,0.3232,12.7647,20.3415,20.3280,0.0135,33.1071,10.1394,-9.5475,27483.3373,0.0009,NA,NA
SandFall-Win64-Shipping.exe,19588,0x2EC4BC3AB90,DXGI,0,512,1,Hardware: Independent Flip,27503.0991,0.3700,0.1590,0.2110,13.3444,0.1410,0.1410,0.0000,23.4847,9.7909,9.6224,27503.0991,9.9993,NA,NA
SandFall-Win64-Shipping.exe,19588,0x2EC4BC3AB90,DXGI,0,512,1,Hardware: Independent Flip,27503.4691,20.0789,19.7881,0.2908,13.1154,19.5598,19.5506,0.0092,32.9056,9.5946,-9.4209,27503.4691,0.2304,31.8775,NA
SandFall-Win64-Shipping.exe,19588,0x2EC4BC3AB90,DXGI,0,512,1,Hardware: Independent Flip,27523.5480,0.3847,0.1943,0.1904,12.5963,0.1069,0.1052,0.0017,22.4213,11.4236,10.4843,27523.5480,9.7181,NA,NA
SandFall-Win64-Shipping.exe,19588,0x2EC4BC3AB90,DXGI,0,512,1,Hardware: Independent Flip,27523.9327,19.6327,19.3585,0.2742,12.3185,20.7366,20.7300,0.0066,33.4602,9.9007,-11.0389,27523.9327,0.4051,32.8916,NA
SandFall-Win64-Shipping.exe,19588,0x2EC4BC3AB90,DXGI,0,512,1,Hardware: Independent Flip,27543.5654,0.3882,0.1812,0.2070,13.4224,0.1262,0.1245,0.0017,23.7282,9.4852,9.7320,27543.5654,10.1796,NA,NA
SandFall-Win64-Shipping.exe,19588,0x2EC4BC3AB90,DXGI,0,512,1,Hardware: Independent Flip,27543.9536,19.3105,19.0616,0.2489,13.1604,19.6640,19.6534,0.0106,32.8252,10.1823,-9.0970,27543.9536,0.0008,NA,NA
SandFall-Win64-Shipping.exe,19588,0x2EC4BC3AB90,DXGI,0,512,1,Hardware: Independent Flip,27563.2641,0.3801,0.1576,0.2225,13.5139,0.1398,0.1398,0.0000,23.6970,9.6535,9.1282,27563.2641,10.0433,NA,NA
SandFall-Win64-Shipping.exe,19588,0x2EC4BC3AB90,DXGI,0,512,1,Hardware: Independent Flip,27563.6442,19.8956,19.5286,0.3670,13.2736,19.6961,19.6460,0.0501,32.9704,10.1847,-9.2734,27563.6442,0.0007,48.1378,NA
SandFall-Win64-Shipping.exe,19588,0x2EC4BC3AB90,DXGI,0,512,1,Hardware: Independent Flip,27583.5398,0.6400,0.1993,0.4407,13.0741,0.1106,0.1090,0.0016,23.2595,9.9291,9.7109,27583.5398,10.0748,NA,NA
SandFall-Win64-Shipping.exe,19588,0x2EC4BC3AB90,DXGI,0,512,1,Hardware: Independent Flip,27584.1798,20.4460,20.1782,0.2678,12.5447,20.0033,19.8592,0.1441,32.5486,10.0983,-9.2891,27584.1798,0.0006,48.3553,NA
SandFall-Win64-Shipping.exe,19588,0x2EC4BC3AB90,DXGI,0,512,1,Hardware: Independent Flip,27604.6258,0.3519,0.1790,0.1729,12.1020,0.1254,0.1239,0.0015,22.2009,9.8635,10.3477,27604.6258,9.9735,NA,NA
SandFall-Win64-Shipping.exe,19588,0x2EC4BC3AB90,DXGI,0,512,1,Hardware: Independent Flip,27604.9777,19.0056,18.6800,0.3256,11.8755,19.7623,19.7470,0.0153,31.7125,9.8286,-9.5116,27604.9777,0.0747,37.5713,NA
SandFall-Win64-Shipping.exe,19588,0x2EC4BC3AB90,DXGI,0,512,1,Hardware: Independent Flip,27623.9833,0.3588,0.1877,0.1711,12.6322,0.1748,0.1726,0.0022,22.5355,10.3358,9.1770,27623.9833,9.7285,NA,NA
SandFall-Win64-Shipping.exe,19588,0x2EC4BC3AB90,DXGI,0,512,1,Hardware: Independent Flip,27624.3421,19.8035,19.5194,0.2841,12.4482,19.8667,19.7208,0.1459,32.5125,9.7902,-9.9770,27624.3421,0.1976,NA,NA
SandFall-Win64-Shipping.exe,19588,0x2EC4BC3AB90,DXGI,0,512,1,Hardware: Independent Flip,27644.1456,0.3777,0.1893,0.1884,12.5114,0.1045,0.1029,0.0016,22.4992,10.7842,10.0133,27644.1456,9.8833,NA,NA
SandFall-Win64-Shipping.exe,19588,0x2EC4BC3AB90,DXGI,0,512,1,Hardware: Independent Flip,27644.5233,21.4592,21.2154,0.2438,12.2382,20.6662,19.9578,0.7084,32.9057,10.2684,-10.4065,27644.5233,0.0013,46.9600,NA
SandFall-Win64-Shipping.exe,19588,0x2EC4BC3AB90,DXGI,0,512,1,Hardware: Independent Flip,27665.9825,0.4360,0.2334,0.2026,11.4452,0.1162,0.1138,0.0024,21.7149,10.3424,11.1908,27665.9825,10.1535,NA,NA
SandFall-Win64-Shipping.exe,19588,0x2EC4BC3AB90,DXGI,0,512,1,Hardware: Independent Flip,27666.4185,18.4271,18.1563,0.2708,11.1254,20.4950,20.4837,0.0113,31.6213,10.8424,-9.9064,27666.4185,0.0009,37.4243,NA
SandFall-Win64-Shipping.exe,19588,0x2EC4BC3AB90,DXGI,0,512,1,Hardware: Independent Flip,27684.8456,0.3116,0.1581,0.1535,13.1933,0.1340,0.1340,0.0000,24.0366,8.9439,7.5847,27684.8456,10.7093,NA,NA
SandFall-Win64-Shipping.exe,19588,0x2EC4BC3AB90,DXGI,0,512,1,Hardware: Independent Flip,27685.1572,19.1808,18.8267,0.3541,13.0157,19.6526,19.6440,0.0086,32.6689,10.4557,-8.6323,27685.1572,0.0006,41.3593,NA
SandFall-Win64-Shipping.exe,19588,0x2EC4BC3AB90,DXGI,0,512,1,Hardware: Independent Flip,27704.3380,0.3942,0.1724,0.2218,13.4875,0.1420,0.1420,0.0000,23.9438,9.3602,8.7251,27704.3380,10.3143,NA,NA
SandFall-Win64-Shipping.exe,19588,0x2EC4BC3AB90,DXGI,0,512,1,Hardware: Independent Flip,27704.7322,20.0776,19.7533,0.3243,13.2353,19.3107,19.2312,0.0795,32.9098,9.3262,-8.9660,27704.7322,0.3638,30.9164,NA
SandFall-Win64-Shipping.exe,19588,0x2EC4BC3AB90,DXGI,0,512,1,Hardware: Independent Flip,27724.8098,0.3206,0.1596,0.1610,12.4684,0.1422,0.1401,0.0021,22.1584,10.3851,10.7514,27724.8098,9.5478,NA,NA
SandFall-Win64-Shipping.exe,19588,0x2EC4BC3AB90,DXGI,0,512,1,Hardware: Independent Flip,27725.1304,18.7611,18.4817,0.2794,12.2900,19.4193,19.4041,0.0152,32.2229,9.0894,-10.0645,27725.1304,0.5136,31.8938,NA
SandFall-Win64-Shipping.exe,19588,0x2EC4BC3AB90,DXGI,0,512,1,Hardware: Independent Flip,27743.8915,0.3972,0.2152,0.1820,12.9482,0.1034,0.0974,0.0060,22.5512,10.6852,9.6717,27743.8915,9.4996,NA,NA
SandFall-Win64-Shipping.exe,19588,0x2EC4BC3AB90,DXGI,0,512,1,Hardware: Independent Flip,27744.2887,19.9513,19.6676,0.2837,12.6544,19.7823,19.7688,0.0135,32.8392,9.2766,-10.2880,27744.2887,0.4025,35.6648,NA
SandFall-Win64-Shipping.exe,19588,0x2EC4BC3AB90,DXGI,0,512,1,Hardware: Independent Flip,27764.2400,0.3556,0.1882,0.1674,12.4854,0.1058,0.1043,0.0015,22.1645,10.5684,10.6747,27764.2400,9.5733,NA,NA
SandFall-Win64-Shipping.exe,19588,0x2EC4BC3AB90,DXGI,0,512,1,Hardware: Independent Flip,27764.5956,20.6274,20.3420,0.2854,12.2356,20.1409,19.7817,0.3592,32.3773,10.2512,-10.2128,27764.5956,0.0008,NA,NA
SandFall-Win64-Shipping.exe,19588,0x2EC4BC3AB90,DXGI,0,512,1,Hardware: Independent Flip,27785.2230,0.3141,0.1562,0.1579,11.7491,0.1295,0.1269,0.0026,22.0011,9.7337,10.3762,27785.2230,10.1225,NA,NA
SandFall-Win64-Shipping.exe,19588,0x2EC4BC3AB90,DXGI,0,512,1,Hardware: Independent Flip,27785.5371,19.1019,18.8088,0.2931,11.5645,19.8556,19.8463,0.0093,31.4207,10.7155,-9.4196,27785.5371,0.0006,39.4926,NA
SandFall-Win64-Shipping.exe,19588,0x2EC4BC3AB90,DXGI,0,512,1,Hardware: Independent Flip,27804.6390,0.3290,0.1696,0.1594,12.3182,0.1396,0.1380,0.0016,23.0343,8.7881,8.3864,27804.6390,10.5765,NA,NA
SandFall-Win64-Shipping.exe,19588,0x2EC4BC3AB90,DXGI,0,512,1,Hardware: Independent Flip,27804.9680,18.3943,18.1041,0.2902,12.1288,19.3640,19.3509,0.0131,31.4934,10.2867,-8.4591,27804.9680,0.0006,34.9966,NA
SandFall-Win64-Shipping.exe,19588,0x2EC4BC3AB90,DXGI,0,512,1,Hardware: Independent Flip,27823.3623,0.3687,0.1615,0.2072,13.0985,0.0854,0.0838,0.0016,23.3858,9.8252,8.1076,27823.3623,10.2019,NA,NA
SandFall-Win64-Shipping.exe,19588,0x2EC4BC3AB90,DXGI,0,512,1,Hardware: Independent Flip,27823.7310,20.1999,19.9101,0.2898,12.8152,19.8326,19.7154,0.1172,32.8423,9.7700,-9.4565,27823.7310,0.1945,34.1149,NA
SandFall-Win64-Shipping.exe,19588,0x2EC4BC3AB90,DXGI,0,512,1,Hardware: Independent Flip,27843.9309,0.3493,0.1755,0.1738,12.4479,0.1533,0.1509,0.0024,22.4124,10.7461,10.4299,27843.9309,9.8112,NA,NA
SandFall-Win64-Shipping.exe,19588,0x2EC4BC3AB90,DXGI,0,512,1,Hardware: Independent Flip,27844.2802,18.9721,18.6863,0.2858,12.2519,20.1243,20.1168,0.0075,32.8092,9.5592,-10.3968,27844.2802,0.4330,31.6172,NA
SandFall-Win64-Shipping.exe,19588,0x2EC4BC3AB90,DXGI,0,512,1,Hardware: Independent Flip,27863.2523,0.3165,0.1551,0.1614,13.4041,0.1363,0.1341,0.0022,23.3963,10.5296,9.4129,27863.2523,9.8559,NA,NA
SandFall-Win64-Shipping.exe,19588,0x2EC4BC3AB90,DXGI,0,512,1,Hardware: Independent Flip,27863.5688,19.3904,19.1476,0.2428,13.2239,20.3841,20.3750,0.0091,33.6094,10.0874,-10.2131,27863.5688,0.0014,31.7148,NA
SandFall-Win64-Shipping.exe,19588,0x2EC4BC3AB90,DXGI,0,512,1,Hardware: Independent Flip,27882.9592,0.3259,0.1531,0.1728,14.2176,0.2259,0.2241,0.0018,24.3064,10.2598,9.3030,27882.9592,9.8629,NA,NA
SandFall-Win64-Shipping.exe,19588,0x2EC4BC3AB90,DXGI,0,512,1,Hardware: Independent Flip,27883.2851,19.4402,19.1982,0.2420,14.1176,20.1216,20.1135,0.0081,34.2403,10.6812,-9.9339,27883.2851,0.0011,32.0693,NA
SandFall-Win64-Shipping.exe,19588,0x2EC4BC3AB90,DXGI,0,512,1,Hardware: Independent Flip,27902.7253,0.3014,0.1541,0.1473,14.7990,0.1436,0.1436,0.0000,25.4813,9.9609,8.7590,27902.7253,10.5387,NA,NA
SandFall-Win64-Shipping.exe,19588,0x2EC4BC3AB90,DXGI,0,512,1,Hardware: Independent Flip,27903.0267,20.1890,19.9085,0.2805,14.6412,20.4988,20.4910,0.0078,35.1408,10.9274,-9.6595,27903.0267,0.0008,34.6699,NA
SandFall-Win64-Shipping.exe,19588,0x2EC4BC3AB90,DXGI,0,512,1,Hardware: Independent Flip,27923.2157,0.3740,0.1609,0.2131,14.9510,0.1439,0.1418,0.0021,25.8792,9.8072,9.2616,27923.2157,10.7843,NA,NA
SandFall-Win64-Shipping.exe,19588,0x2EC4BC3AB90,DXGI,0,512,1,Hardware: Independent Flip,27923.5897,18.7340,18.4805,0.2535,14.7209,20.5913,20.5849,0.0064,35.3124,10.5856,-9.4332,27923.5897,0.0002,34.4379,NA
SandFall-Win64-Shipping.exe,19588,0x2EC4BC3AB90,DXGI,0,512,1,Hardware: Independent Flip,27942.3237,0.3818,0.1769,0.2049,16.5782,0.1113,0.1092,0.0021,27.1640,10.7434,8.1484,27942.3237,10.4745,NA,NA
SandFall-Win64-Shipping.exe,19588,0x2EC4BC3AB90,DXGI,0,512,1,Hardware: Independent Flip,27942.7055,20.2654,20.0250,0.2404,16.3077,20.9335,20.9275,0.0060,37.5256,10.2295,-10.3616,27942.7055,0.2844,35.7733,NA
SandFall-Win64-Shipping.exe,19588,0x2EC4BC3AB90,DXGI,0,512,1,Hardware: Independent Flip,27962.9709,0.3048,0.1536,0.1512,16.9758,0.1178,0.1178,0.0000,27.4897,10.5837,10.0359,27962.9709,10.3961,NA,NA
SandFall-Win64-Shipping.exe,19588,0x2EC4BC3AB90,DXGI,0,512,1,Hardware: Independent Flip,27963.2757,19.5293,19.2344,0.2949,16.7888,20.7554,20.7503,0.0051,37.7686,10.0497,-10.2789,27963.2757,0.2244,36.5796,NA
SandFall-Win64-Shipping.exe,19588,0x2EC4BC3AB90,DXGI,0,512,1,Hardware: Independent Flip,27982.8050,0.2976,0.1489,0.1487,18.0149,0.1159,0.1140,0.0019,28.2890,11.2445,9.4796,27982.8050,10.1582,NA,NA
SandFall-Win64-Shipping.exe,19588,0x2EC4BC3AB90,DXGI,0,512,1,Hardware: Independent Flip,27983.1026,20.2989,20.0482,0.2507,17.8332,21.3391,21.3339,0.0052,39.2359,10.5487,-10.9469,27983.1026,0.0636,39.8757,NA
SandFall-Win64-Shipping.exe,19588,0x2EC4BC3AB90,DXGI,0,512,1,Hardware: Independent Flip,28003.4015,0.3208,0.1688,0.1520,18.8734,0.1601,0.1580,0.0021,29.4857,12.0392,9.7502,28003.4015,10.4522,NA,NA
SandFall-Win64-Shipping.exe,19588,0x2EC4BC3AB90,DXGI,0,512,1,Hardware: Independent Flip,28003.7223,24.6139,24.2921,0.3218,18.7127,22.4912,22.4862,0.0050,41.2041,11.6565,-11.7184,28003.7223,0.0002,36.4615,NA
SandFall-Win64-Shipping.exe,19588,0x2EC4BC3AB90,DXGI,0,512,1,Hardware: Independent Flip,28028.3362,0.3546,0.1792,0.1754,16.5900,0.3967,0.3944,0.0023,28.2467,10.0191,12.9574,28028.3362,11.2600,NA,NA
SandFall-Win64-Shipping.exe,19588,0x2EC4BC3AB90,DXGI,0,512,1,Hardware: Independent Flip,28028.6908,21.8046,21.5410,0.2636,16.6321,21.2783,21.2727,0.0056,37.9112,12.0652,-9.6645,28028.6908,0.0008,34.1071,NA
SandFall-Win64-Shipping.exe,19588,0x2EC4BC3AB90,DXGI,0,512,1,Hardware: Independent Flip,28050.4954,0.3365,0.1759,0.1606,16.1058,0.1451,0.1451,0.0000,28.1718,9.4048,9.7394,28050.4954,11.9209,NA,NA
SandFall-Win64-Shipping.exe,19588,0x2EC4BC3AB90,DXGI,0,512,1,Hardware: Independent Flip,28050.8319,21.3992,21.0828,0.3164,15.9144,21.3247,21.3147,0.0100,37.2401,11.0237,-9.0683,28050.8319,0.0010,NA,NA
SandFall-Win64-Shipping.exe,19588,0x2EC4BC3AB90,DXGI,0,512,1,Hardware: Independent Flip,28072.2311,0.3701,0.1886,0.1815,15.8399,0.1553,0.1522,0.0031,26.8646,10.2153,10.3755,28072.2311,10.8694,NA,NA
SandFall-Win64-Shipping.exe,19588,0x2EC4BC3AB90,DXGI,0,512,1,Hardware: Independent Flip,28072.6012,16.4987,16.1868,0.3119,15.6251,20.2608,20.2551,0.0057,36.7098,9.3866,-9.8452,28072.6012,0.8239,NA,NA
SandFall-Win64-Shipping.exe,19588,0x2EC4BC3AB90,DXGI,0,512,1,Hardware: Independent Flip,28089.0999,0.4233,0.2401,0.1832,19.3872,0.1182,0.1182,0.0000,29.5977,12.7921,7.1121,28089.0999,10.0923,NA,NA
SandFall-Win64-Shipping.exe,19588,0x2EC4BC3AB90,DXGI,0,512,1,Hardware: Independent Flip,28089.5232,24.1398,23.8461,0.2937,19.0821,21.8812,21.8748,0.0064,41.9665,9.5660,-12.3688,28089.5232,1.0032,NA,NA
SandFall-Win64-Shipping.exe,19588,0x2EC4BC3AB90,DXGI,0,512,1,Hardware: Independent Flip,28113.6630,0.4216,0.2280,0.1936,16.8235,0.1297,0.1279,0.0018,27.3927,10.7824,14.5738,28113.6630,10.4395,41.5584,NA
SandFall-Win64-Shipping.exe,19588,0x2EC4BC3AB90,DXGI,0,512,1,Hardware: Independent Flip,28114.0846,29.3418,29.0260,0.3158,16.5316,21.2213,21.2168,0.0045,37.7535,10.4766,-10.3608,28114.0846,0.0006,NA,NA
SandFall-Win64-Shipping.exe,19588,0x2EC4BC3AB90,DXGI,0,512,1,Hardware: Independent Flip,28143.4264,0.3719,0.1780,0.1939,8.4111,0.1474,0.1454,0.0020,18.8883,10.2082,18.8652,28143.4264,10.3298,NA,NA
SandFall-Win64-Shipping.exe,19588,0x2EC4BC3AB90,DXGI,0,512,1,Hardware: Independent Flip,28143.7983,9.8159,9.5744,0.2415,8.1866,20.5373,20.5265,0.0108,28.7246,11.2137,-9.8363,28143.7983,0.0007,NA,NA
SandFall-Win64-Shipping.exe,19588,0x2EC4BC3AB90,DXGI,0,512,1,Hardware: Independent Flip,28153.6142,0.3856,0.1760,0.2096,18.9080,0.1421,0.1403,0.0018,30.1224,9.5363,-1.3978,28153.6142,11.0723,NA,NA
SandFall-Win64-Shipping.exe,19588,0x2EC4BC3AB90,DXGI,0,512,1,Hardware: Independent Flip,28153.9998,24.4670,24.2059,0.2611,18.6645,20.6076,20.5590,0.0486,39.2731,11.0754,-9.1507,28153.9998,0.0010,41.7978,NA
SandFall-Win64-Shipping.exe,19588,0x2EC4BC3AB90,DXGI,0,512,1,Hardware: Independent Flip,28178.4668,0.3220,0.1587,0.1633,14.8051,0.1026,0.1009,0.0017,25.8815,9.8725,13.3916,28178.4668,10.9738,NA,NA
SandFall-Win64-Shipping.exe,19588,0x2EC4BC3AB90,DXGI,0,512,1,Hardware: Independent Flip,28178.7888,24.1690,23.8423,0.3267,14.5857,20.7860,20.7722,0.0138,35.4320,10.3847,-9.5505,28178.7888,0.0603,13.7528,NA
SandFall-Win64-Shipping.exe,19588,0x2EC4BC3AB90,DXGI,0,512,1,Hardware: Independent Flip,28202.9578,0.3323,0.1683,0.1640,11.2027,0.1532,0.1500,0.0032,21.6477,12.8901,13.7843,28202.9578,10.2918,NA,NA
SandFall-Win64-Shipping.exe,19588,0x2EC4BC3AB90,DXGI,0,512,1,Hardware: Independent Flip,28203.2901,19.9838,19.7137,0.2701,11.0236,22.4879,20.9989,1.4890,34.2055,10.5818,-12.5578,28203.2901,0.6940,NA,NA
SandFall-Win64-Shipping.exe,19588,0x2EC4BC3AB90,DXGI,0,512,1,Hardware: Independent Flip,28223.2739,0.3562,0.1933,0.1629,13.5277,0.0932,0.0912,0.0020,24.8035,10.2071,9.4020,28223.2739,11.1826,NA,NA
SandFall-Win64-Shipping.exe,19588,0x2EC4BC3AB90,DXGI,0,512,1,Hardware: Independent Flip,28223.6301,23.7657,23.5062,0.2595,13.2647,21.3888,20.4393,0.9495,34.6544,10.9358,-9.8509,28223.6301,0.0009,NA,NA
SandFall-Win64-Shipping.exe,19588,0x2EC4BC3AB90,DXGI,0,512,1,Hardware: Independent Flip,28247.3958,0.3274,0.1570,0.1704,10.8878,0.1315,0.1300,0.0015,21.8245,9.7023,12.8299,28247.3958,10.8052,NA,NA
SandFall-Win64-Shipping.exe,19588,0x2EC4BC3AB90,DXGI,0,512,1,Hardware: Independent Flip,28247.7232,18.3152,18.0522,0.2630,10.6919,20.5064,20.4943,0.0121,31.1994,10.6703,-9.3749,28247.7232,0.0011,NA,NA
SandFall-Win64-Shipping.exe,19588,0x2EC4BC3AB90,DXGI,0,512,1,Hardware: Independent Flip,28266.0384,0.3106,0.1592,0.1514,12.8831,0.1392,0.1376,0.0016,23.5545,10.8968,7.6449,28266.0384,10.5322,NA,NA
SandFall-Win64-Shipping.exe,19588,0x2EC4BC3AB90,DXGI,0,512,1,Hardware: Independent Flip,28266.3490,19.3478,19.0816,0.2662,12.7117,21.1853,21.1742,0.0111,34.1407,10.4092,-10.5862,28266.3490,0.2437,NA,NA
SandFall-Win64-Shipping.exe,19588,0x2EC4BC3AB90,DXGI,0,512,1,Hardware: Independent Flip,28285.6968,0.3699,0.1638,0.2061,14.5492,0.1254,0.1237,0.0017,25.2021,9.7820,8.9386,28285.6968,10.5275,NA,NA
SandFall-Win64-Shipping.exe,19588,0x2EC4BC3AB90,DXGI,0,512,1,Hardware: Independent Flip,28286.0667,20.8260,20.4300,0.3960,14.3047,20.1805,20.1729,0.0076,34.6142,9.9150,-9.4121,28286.0667,0.1290,NA,NA
SandFall-Win64-Shipping.exe,19588,0x2EC4BC3AB90,DXGI,0,512,1,Hardware: Independent Flip,28306.8927,0.3989,0.2419,0.1570,13.6592,0.1433,0.1417,0.0016,23.7032,10.3632,10.9110,28306.8927,9.9007,NA,NA
SandFall-Win64-Shipping.exe,19588,0x2EC4BC3AB90,DXGI,0,512,1,Hardware: Independent Flip,28307.2916,20.2015,19.9260,0.2755,13.4036,19.8095,19.8006,0.0089,33.6675,9.4107,-9.9643,28307.2916,0.4544,NA,NA
SandFall-Win64-Shipping.exe,19588,0x2EC4BC3AB90,DXGI,0,512,1,Hardware: Independent Flip,28327.4931,0.3909,0.2043,0.1866,13.0116,0.0999,0.0967,0.0032,22.8767,12.1022,10.7908,28327.4931,9.7652,NA,NA
SandFall-Win64-Shipping.exe,19588,0x2EC4BC3AB90,DXGI,0,512,1,Hardware: Independent Flip,28327.8840,21.3066,20.9807,0.3259,12.7206,21.6317,21.0705,0.5612,34.5880,10.3958,-11.7113,28327.8840,0.2357,NA,NA
SandFall-Win64-Shipping.exe,19588,0x2EC4BC3AB90,DXGI,0,512,1,Hardware: Independent Flip,28349.1906,0.3703,0.1568,0.2135,13.0457,0.1059,0.1043,0.0016,23.6772,9.1625,10.9108,28349.1906,10.5256,NA,NA
SandFall-Win64-Shipping.exe,19588,0x2EC4BC3AB90,DXGI,0,512,1,Hardware: Independent Flip,28349.5609,20.6983,20.4490,0.2493,12.7813,19.6875,19.6783,0.0092,32.4694,10.3755,-8.7922,28349.5609,0.0006,46.5421,NA
SandFall-Win64-Shipping.exe,19588,0x2EC4BC3AB90,DXGI,0,512,1,Hardware: Independent Flip,28370.2592,0.3528,0.1943,0.1585,11.7705,0.1230,0.1212,0.0018,22.1466,10.3663,10.3228,28370.2592,10.2531,NA,NA
SandFall-Win64-Shipping.exe,19588,0x2EC4BC3AB90,DXGI,0,512,1,Hardware: Independent Flip,28370.6120,19.5694,19.2946,0.2748,11.5407,20.6186,20.0199,0.5987,32.1601,10.7880,-10.0135,28370.6120,0.0008,NA,NA
SandFall-Win64-Shipping.exe,19588,0x2EC4BC3AB90,DXGI,0,512,1,Hardware: Independent Flip,28390.1814,0.3384,0.1648,0.1736,12.5899,0.0933,0.0877,0.0056,23.3787,10.9221,8.7814,28390.1814,10.6955,NA,NA
SandFall-Win64-Shipping.exe,19588,0x2EC4BC3AB90,DXGI,0,512,1,Hardware: Independent Flip,28390.5198,21.1063,20.8425,0.2638,12.3448,21.6166,20.3569,1.2597,33.9624,11.3264,-10.5837,28390.5198,0.0010,45.9996,NA
SandFall-Win64-Shipping.exe,19588,0x2EC4BC3AB90,DXGI,0,512,1,Hardware: Independent Flip,28411.6261,0.3079,0.1561,0.1518,12.8551,0.1306,0.1290,0.0016,24.1825,8.7491,9.7799,28411.6261,11.1968,NA,NA
SandFall-Win64-Shipping.exe,19588,0x2EC4BC3AB90,DXGI,0,512,1,Hardware: Independent Flip,28411.9340,19.8861,19.6153,0.2708,12.6778,19.9449,19.9331,0.0118,32.6237,10.5177,-8.4412,28411.9340,0.0010,NA,NA
SandFall-Win64-Shipping.exe,19588,0x2EC4BC3AB90,DXGI,0,512,1,Hardware: Independent Flip,28431.8201,0.3649,0.1763,0.1886,12.7366,0.0969,0.0946,0.0023,23.2553,11.3504,9.3684,28431.8201,10.4218,NA,NA
SandFall-Win64-Shipping.exe,19588,0x2EC4BC3AB90,DXGI,0,512,1,Hardware: Independent Flip,28432.1850,21.0443,20.7904,0.2539,12.4686,21.0253,20.1952,0.8301,34.2408,9.8252,-10.9855,28432.1850,0.7469,NA,NA
SandFall-Win64-Shipping.exe,19588,0x2EC4BC3AB90,DXGI,0,512,1,Hardware: Independent Flip,28453.2293,0.3082,0.1531,0.1551,12.4496,0.1443,0.1426,0.0017,23.0217,9.2614,11.2191,28453.2293,10.4278,NA,NA
SandFall-Win64-Shipping.exe,19588,0x2EC4BC3AB90,DXGI,0,512,1,Hardware: Independent Flip,28453.5375,18.9306,18.6503,0.2803,12.2857,19.3448,19.3349,0.0099,31.9749,9.0193,-8.9532,28453.5375,0.3444,NA,NA
SandFall-Win64-Shipping.exe,19588,0x2EC4BC3AB90,DXGI,0,512,1,Hardware: Independent Flip,28472.4681,0.3081,0.1533,0.1548,12.6999,0.1004,0.0988,0.0016,22.0636,11.9692,9.9113,28472.4681,9.2633,NA,NA
SandFall-Win64-Shipping.exe,19588,0x2EC4BC3AB90,DXGI,0,512,1,Hardware: Independent Flip,28472.7762,20.6560,20.4096,0.2464,12.4922,20.5949,20.1644,0.4305,33.7247,9.5304,-11.6611,28472.7762,0.6376,49.9714,NA
SandFall-Win64-Shipping.exe,19588,0x2EC4BC3AB90,DXGI,0,512,1,Hardware: Independent Flip,28493.4322,0.3257,0.1662,0.1595,12.4311,0.1098,0.1082,0.0016,22.5991,10.5818,11.1256,28493.4322,10.0582,NA,NA
SandFall-Win64-Shipping.exe,19588,0x2EC4BC3AB90,DXGI,0,512,1,Hardware: Independent Flip,28493.7579,19.8864,19.5899,0.2965,12.2152,20.6391,20.6289,0.0102,32.8552,10.6876,-10.2561,28493.7579,0.0009,NA,NA
SandFall-Win64-Shipping.exe,19588,0x2EC4BC3AB90,DXGI,0,512,1,Hardware: Independent Flip,28513.6443,0.4175,0.2183,0.1992,12.9679,0.0813,0.0798,0.0015,23.6564,9.3953,9.1988,28513.6443,10.6072,NA,NA
SandFall-Win64-Shipping.exe,19588,0x2EC4BC3AB90,DXGI,0,512,1,Hardware: Independent Flip,28514.0618,19.9749,19.6412,0.3337,12.6317,20.0017,19.9937,0.0080,32.6342,10.8044,-8.9778,28514.0618,0.0008,NA,NA
SandFall-Win64-Shipping.exe,19588,0x2EC4BC3AB90,DXGI,0,512,1,Hardware: Independent Flip,28534.0367,0.3629,0.1969,0.1660,12.6585,0.1624,0.1583,0.0041,23.4637,8.4046,9.1705,28534.0367,10.6428,NA,NA
SandFall-Win64-Shipping.exe,19588,0x2EC4BC3AB90,DXGI,0,512,1,Hardware: Independent Flip,28534.3996,18.3225,17.9028,0.4197,12.4580,19.0469,19.0362,0.0107,31.5054,10.0139,-8.0417,28534.3996,0.0005,31.4424,NA
SandFall-Win64-Shipping.exe,19588,0x2EC4BC3AB90,DXGI,0,512,1,Hardware: Independent Flip,28552.7221,0.3836,0.2169,0.1667,13.1824,0.1004,0.0987,0.0017,23.1968,10.0516,8.3086,28552.7221,9.9140,NA,NA
SandFall-Win64-Shipping.exe,19588,0x2EC4BC3AB90,DXGI,0,512,1,Hardware: Independent Flip,28553.1057,19.5627,19.3074,0.2553,12.8992,19.4322,19.4171,0.0151,32.8648,9.2327,-9.6680,28553.1057,0.5334,30.5047,NA
SandFall-Win64-Shipping.exe,19588,0x2EC4BC3AB90,DXGI,0,512,1,Hardware: Independent Flip,28572.6684,0.3478,0.1800,0.1678,12.7687,0.1386,0.1371,0.0015,22.5348,10.0071,10.3300,28572.6684,9.6275,NA,NA
SandFall-Win64-Shipping.exe,19588,0x2EC4BC3AB90,DXGI,0,512,1,Hardware: Independent Flip,28573.0162,19.5708,19.3137,0.2571,12.5595,19.2218,19.2151,0.0067,32.1941,8.9610,-9.6593,28573.0162,0.4128,29.7480,NA
SandFall-Win64-Shipping.exe,19588,0x2EC4BC3AB90,DXGI,0,512,1,Hardware: Independent Flip,28592.5870,0.3144,0.1592,0.1552,12.2105,0.0989,0.0969,0.0020,21.5843,11.1808,10.6098,28592.5870,9.2749,NA,NA
SandFall-Win64-Shipping.exe,19588,0x2EC4BC3AB90,DXGI,0,512,1,Hardware: Independent Flip,28592.9014,20.4838,20.2329,0.2509,11.9950,20.2746,19.2615,1.0131,32.4507,9.7868,-10.8664,28592.9014,0.1811,31.8933,NA
SandFall-Win64-Shipping.exe,19588,0x2EC4BC3AB90,DXGI,0,512,1,Hardware: Independent Flip,28613.3852,0.3800,0.1981,0.1819,11.7858,0.1719,0.1702,0.0017,21.7537,9.9301,10.6970,28613.3852,9.7960,NA,NA
SandFall-Win64-Shipping.exe,19588,0x2EC4BC3AB90,DXGI,0,512,1,Hardware: Independent Flip,28613.7652,19.8719,19.5904,0.2815,11.5777,19.7248,19.2656,0.4592,31.3038,10.4457,-9.5501,28613.7652,0.0013,29.6107,NA
SandFall-Win64-Shipping.exe,19588,0x2EC4BC3AB90,DXGI,0,512,1,Hardware: Independent Flip,28633.6371,0.4688,0.2747,0.1941,11.4306,0.1858,0.1841,0.0017,21.8776,9.4473,9.4262,28633.6371,10.2612,NA,NA
SandFall-Win64-Shipping.exe,19588,0x2EC4BC3AB90,DXGI,0,512,1,Hardware: Independent Flip,28634.1059,19.1084,18.8648,0.2436,11.1476,19.7079,19.1436,0.5643,30.8561,10.6424,-8.9785,28634.1059,0.0006,33.4695,NA
SandFall-Win64-Shipping.exe,19588,0x2EC4BC3AB90,DXGI,0,512,1,Hardware: Independent Flip,28653.2143,0.3471,0.1723,0.1748,11.7471,0.0803,0.0755,0.0048,22.3901,8.4625,8.4660,28653.2143,10.5627,NA,NA
SandFall-Win64-Shipping.exe,19588,0x2EC4BC3AB90,DXGI,0,512,1,Hardware: Independent Flip,28653.5614,18.9263,18.6775,0.2488,11.4803,19.0246,19.0091,0.0155,30.5055,10.0037,-8.1154,28653.5614,0.0006,33.5789,NA
SandFall-Win64-Shipping.exe,19588,0x2EC4BC3AB90,DXGI,0,512,1,Hardware: Independent Flip,28672.4877,0.3238,0.1676,0.1562,11.5786,0.1340,0.1325,0.0015,21.5829,10.2863,8.9226,28672.4877,9.8703,NA,NA
SandFall-Win64-Shipping.exe,19588,0x2EC4BC3AB90,DXGI,0,512,1,Hardware: Independent Flip,28672.8115,19.1339,18.8455,0.2884,11.3888,19.5496,19.1980,0.3516,31.5454,9.2112,-9.9625,28672.8115,0.6070,NA,NA
SandFall-Win64-Shipping.exe,19588,0x2EC4BC3AB90,DXGI,0,512,1,Hardware: Independent Flip,28691.9454,0.3506,0.1596,0.1910,11.8045,0.1066,0.1051,0.0015,21.6227,9.7712,9.9227,28691.9454,9.7116,NA,NA
SandFall-Win64-Shipping.exe,19588,0x2EC4BC3AB90,DXGI,0,512,1,Hardware: Independent Flip,28692.2960,18.1230,17.8563,0.2667,11.5605,19.1165,19.1093,0.0072,31.0433,8.9410,-9.4206,28692.2960,0.3663,NA,NA
SandFall-Win64-Shipping.exe,19588,0x2EC4BC3AB90,DXGI,0,512,1,Hardware: Independent Flip,28710.4190,0.3327,0.1723,0.1604,12.5540,0.1466,0.1450,0.0016,21.8613,10.3143,9.1820,28710.4190,9.1607,NA,NA
SandFall-Win64-Shipping.exe,19588,0x2EC4BC3AB90,DXGI,0,512,1,Hardware: Independent Flip,28710.7517,19.0181,18.6933,0.3248,12.3679,19.2719,19.2646,0.0073,31.8429,9.3186,-9.9816,28710.7517,0.2031,NA,NA
SandFall-Win64-Shipping.exe,19588,0x2EC4BC3AB90,DXGI,0,512,1,Hardware: Independent Flip,28729.7698,0.3698,0.1917,0.1781,12.6217,0.1457,0.1457,0.0000,22.1434,9.1147,9.6995,28729.7698,9.3760,NA,NA
SandFall-Win64-Shipping.exe,19588,0x2EC4BC3AB90,DXGI,0,512,1,Hardware: Independent Flip,28730.1396,18.0697,17.7864,0.2833,12.3976,18.4901,18.4830,0.0071,30.8883,9.4781,-8.7449,28730.1396,0.0006,NA,NA
SandFall-Win64-Shipping.exe,19588,0x2EC4BC3AB90,DXGI,0,512,1,Hardware: Independent Flip,28748.2093,0.3526,0.1646,0.1880,12.8180,0.1092,0.1075,0.0017,22.2967,9.2463,8.5916,28748.2093,9.3695,NA,NA
SandFall-Win64-Shipping.exe,19588,0x2EC4BC3AB90,DXGI,0,512,1,Hardware: Independent Flip,28748.5619,18.9117,18.5959,0.3158,12.5746,18.6151,18.6019,0.0132,31.1904,9.7331,-8.8937,28748.5619,0.0007,NA,NA
SandFall-Win64-Shipping.exe,19588,0x2EC4BC3AB90,DXGI,0,512,1,Hardware: Independent Flip,28767.4736,0.6056,0.1635,0.4421,12.2780,0.1385,0.1385,0.0000,22.0118,8.6332,9.1786,28767.4736,9.5953,NA,NA
SandFall-Win64-Shipping.exe,19588,0x2EC4BC3AB90,DXGI,0,512,1,Hardware: Independent Flip,28768.0792,18.3226,18.0668,0.2558,11.8109,18.2276,18.2159,0.0117,30.0394,9.4341,-8.0276,28768.0792,0.0009,NA,NA
SandFall-Win64-Shipping.exe,19588,0x2EC4BC3AB90,DXGI,0,512,1,Hardware: Independent Flip,28786.4018,0.3225,0.1662,0.1563,11.7159,0.1341,0.1341,0.0000,21.1509,10.1885,8.8885,28786.4018,9.3009,NA,NA
SandFall-Win64-Shipping.exe,19588,0x2EC4BC3AB90,DXGI,0,512,1,Hardware: Independent Flip,28786.7243,18.6558,18.3882,0.2676,11.5275,19.2128,19.2043,0.0085,31.0169,9.3878,-9.8660,28786.7243,0.2766,NA,NA
SandFall-Win64-Shipping.exe,19588,0x2EC4BC3AB90,DXGI,0,512,1,Hardware: Independent Flip,28805.3801,0.3291,0.1707,0.1584,12.0845,0.1247,0.1247,0.0000,21.7489,9.2410,9.2680,28805.3801,9.5397,NA,NA
SandFall-Win64-Shipping.exe,19588,0x2EC4BC3AB90,DXGI,0,512,1,Hardware: Independent Flip,28805.7092,17.3719,17.1133,0.2586,11.8801,18.7796,18.7674,0.0122,30.6608,9.3271,-8.9119,28805.7092,0.0011,NA,NA
SandFall-Win64-Shipping.exe,19588,0x2EC4BC3AB90,DXGI,0,512,1,Hardware: Independent Flip,28823.0811,0.3758,0.2207,0.1551,13.2878,0.0970,0.0954,0.0016,22.6160,9.5965,8.0448,28823.0811,9.2312,NA,NA
SandFall-Win64-Shipping.exe,19588,0x2EC4BC3AB90,DXGI,0,512,1,Hardware: Independent Flip,28823.4569,19.1476,18.8552,0.2924,13.0090,18.8273,18.8180,0.0093,31.8367,9.4315,-9.2207,28823.4569,0.0004,NA,NA
SandFall-Win64-Shipping.exe,19588,0x2EC4BC3AB90,DXGI,0,512,1,Hardware: Independent Flip,28842.6045,0.3379,0.1720,0.1659,12.6887,0.1034,0.1018,0.0016,22.1206,9.3789,9.7161,28842.6045,9.3285,NA,NA
SandFall-Win64-Shipping.exe,19588,0x2EC4BC3AB90,DXGI,0,512,1,Hardware: Independent Flip,28842.9424,17.8839,17.4576,0.4263,12.4542,18.7066,18.6993,0.0073,31.1616,9.4541,-9.0410,28842.9424,0.0008,NA,NA
SandFall-Win64-Shipping.exe,19588,0x2EC4BC3AB90,DXGI,0,512,1,Hardware: Independent Flip,28860.8263,0.4186,0.1656,0.2530,13.2769,0.1098,0.1082,0.0016,22.7318,9.3097,8.4298,28860.8263,9.3451,NA,NA
SandFall-Win64-Shipping.exe,19588,0x2EC4BC3AB90,DXGI,0,512,1,Hardware: Independent Flip,28861.2449,18.7667,18.4760,0.2907,12.9681,18.6542,18.6482,0.0060,31.6229,9.4544,-8.8911,28861.2449,0.0006,NA,NA
SandFall-Win64-Shipping.exe,19588,0x2EC4BC3AB90,DXGI,0,512,1,Hardware: Independent Flip,28880.0116,0.3580,0.1919,0.1661,12.8556,0.1407,0.1407,0.0000,22.3106,9.5891,9.3123,28880.0116,9.3143,NA,NA
SandFall-Win64-Shipping.exe,19588,0x2EC4BC3AB90,DXGI,0,512,1,Hardware: Independent Flip,28880.3696,17.8666,17.6150,0.2516,12.6383,18.8839,18.8774,0.0065,31.5417,9.4862,-9.2311,28880.3696,0.0195,NA,NA
SandFall-Win64-Shipping.exe,19588,0x2EC4BC3AB90,DXGI,0,512,1,Hardware: Independent Flip,28898.2362,0.3162,0.1574,0.1588,13.6556,0.1976,0.1976,0.0000,23.1613,9.5951,8.3804,28898.2362,9.3081,NA,NA
SandFall-Win64-Shipping.exe,19588,0x2EC4BC3AB90,DXGI,0,512,1,Hardware: Independent Flip,28898.5524,19.0001,18.7578,0.2423,13.5370,18.9027,18.8958,0.0069,32.4402,9.5243,-9.2789,28898.5524,0.0005,NA,NA
SandFall-Win64-Shipping.exe,19588,0x2EC4BC3AB90,DXGI,0,512,1,Hardware: Independent Flip,28917.5525,0.3198,0.1579,0.1619,13.4396,0.0999,0.0984,0.0015,22.9644,9.7840,9.4758,28917.5525,9.4249,NA,NA
SandFall-Win64-Shipping.exe,19588,0x2EC4BC3AB90,DXGI,0,512,1,Hardware: Independent Flip,28917.8723,18.7117,18.4580,0.2537,13.2197,19.2083,19.1992,0.0091,32.4286,9.7632,-9.4642,28917.8723,0.0006,NA,NA
SandFall-Win64-Shipping.exe,19588,0x2EC4BC3AB90,DXGI,0,512,1,Hardware: Independent Flip,28936.5840,0.5104,0.1565,0.3539,13.7163,0.1968,0.1968,0.0000,23.4801,9.0586,8.9485,28936.5840,9.5670,NA,NA
SandFall-Win64-Shipping.exe,19588,0x2EC4BC3AB90,DXGI,0,512,1,Hardware: Independent Flip,28937.0944,17.4568,17.1920,0.2648,13.4027,18.6249,18.6169,0.0080,32.0283,9.6248,-8.5482,28937.0944,0.0007,NA,NA
SandFall-Win64-Shipping.exe,19588,0x2EC4BC3AB90,DXGI,0,512,1,Hardware: Independent Flip,28954.5512,0.3517,0.1934,0.1583,14.5708,0.1432,0.1432,0.0000,24.1963,9.5520,7.8320,28954.5512,9.4823,NA,NA
SandFall-Win64-Shipping.exe,19588,0x2EC4BC3AB90,DXGI,0,512,1,Hardware: Independent Flip,28954.9029,19.6019,19.3445,0.2574,14.3623,18.9213,18.9131,0.0082,33.3966,9.3941,-9.2003,28954.9029,0.1130,NA,NA
SandFall-Win64-Shipping.exe,19588,0x2EC4BC3AB90,DXGI,0,512,1,Hardware: Independent Flip,28974.5048,0.3147,0.1594,0.1553,13.6817,0.1462,0.1462,0.0000,23.1888,9.9389,10.2078,28974.5048,9.3609,NA,NA
SandFall-Win64-Shipping.exe,19588,0x2EC4BC3AB90,DXGI,0,512,1,Hardware: Independent Flip,28974.8195,18.9079,18.6556,0.2523,13.5132,19.1484,19.1392,0.0092,32.8130,9.4332,-9.6242,28974.8195,0.1514,40.0647,NA
SandFall-Win64-Shipping.exe,19588,0x2EC4BC3AB90,DXGI,0,512,1,Hardware: Independent Flip,28993.7274,0.3510,0.1856,0.1654,13.7537,0.1574,0.1554,0.0020,23.3383,9.4375,9.4747,28993.7274,9.4272,NA,NA
SandFall-Win64-Shipping.exe,19588,0x2EC4BC3AB90,DXGI,0,512,1,Hardware: Independent Flip,28994.0784,18.6290,18.3680,0.2610,13.5601,18.8643,18.8575,0.0068,32.4248,9.5337,-9.0865,28994.0784,0.0004,NA,NA
SandFall-Win64-Shipping.exe,19588,0x2EC4BC3AB90,DXGI,0,512,1,Hardware: Independent Flip,29012.7074,0.3042,0.1520,0.1522,13.7954,0.1461,0.1461,0.0000,23.3295,9.5210,9.0953,29012.7074,9.3880,NA,NA
SandFall-Win64-Shipping.exe,19588,0x2EC4BC3AB90,DXGI,0,512,1,Hardware: Independent Flip,29013.0116,17.9760,17.7231,0.2529,13.6373,18.9085,18.9022,0.0063,32.5463,9.6370,-9.2168,29013.0116,0.0005,47.2212,NA
SandFall-Win64-Shipping.exe,19588,0x2EC4BC3AB90,DXGI,0,512,1,Hardware: Independent Flip,29030.9876,0.3130,0.1598,0.1532,14.5698,0.2067,0.2067,0.0000,24.2073,9.3922,8.3390,29030.9876,9.4308,NA,NA
SandFall-Win64-Shipping.exe,19588,0x2EC4BC3AB90,DXGI,0,512,1,Hardware: Independent Flip,29031.3006,18.5431,18.2981,0.2450,14.4635,18.8225,18.8136,0.0089,33.2865,9.5455,-9.0792,29031.3006,0.0005,35.5024,NA
SandFall-Win64-Shipping.exe,19588,0x2EC4BC3AB90,DXGI,0,512,1,Hardware: Independent Flip,29049.8437,0.3240,0.1674,0.1566,14.7429,0.1112,0.1094,0.0018,24.2889,9.5755,8.9976,29049.8437,9.4348,NA,NA
SandFall-Win64-Shipping.exe,19588,0x2EC4BC3AB90,DXGI,0,512,1,Hardware: Independent Flip,29050.1677,19.4139,19.1557,0.2582,14.5301,19.0036,18.9968,0.0068,33.5404,9.5755,-9.2515,29050.1677,0.0067,NA,NA
SandFall-Win64-Shipping.exe,19588,0x2EC4BC3AB90,DXGI,0,512,1,Hardware: Independent Flip,29069.5816,0.3164,0.1602,0.1562,14.1198,0.1606,0.1606,0.0000,23.7020,9.2629,9.8384,29069.5816,9.4216,NA,NA
SandFall-Win64-Shipping.exe,19588,0x2EC4BC3AB90,DXGI,0,512,1,Hardware: Independent Flip,29069.8980,18.6905,18.4426,0.2479,13.9640,18.6782,18.6712,0.0070,32.6485,9.4005,-8.9465,29069.8980,0.0063,42.6979,NA
SandFall-Win64-Shipping.exe,19588,0x2EC4BC3AB90,DXGI,0,512,1,Hardware: Independent Flip,29088.5885,0.3134,0.1557,0.1577,13.9517,0.1376,0.1353,0.0023,23.3585,10.1320,9.2900,29088.5885,9.2692,NA,NA
SandFall-Win64-Shipping.exe,19588,0x2EC4BC3AB90,DXGI,0,512,1,Hardware: Independent Flip,29088.9019,19.2909,19.0473,0.2436,13.7759,19.2523,19.2455,0.0068,33.1771,9.5078,-9.8186,29088.9019,0.1489,31.4750,NA
SandFall-Win64-Shipping.exe,19588,0x2EC4BC3AB90,DXGI,0,512,1,Hardware: Independent Flip,29108.1928,0.3848,0.1575,0.2273,13.7373,0.1649,0.1627,0.0022,23.3940,8.9873,9.7831,29108.1928,9.4918,NA,NA
SandFall-Win64-Shipping.exe,19588,0x2EC4BC3AB90,DXGI,0,512,1,Hardware: Independent Flip,29108.5776,18.3206,18.0574,0.2632,13.5174,18.4782,18.4661,0.0121,31.9965,9.3951,-8.6025,29108.5776,0.0009,NA,NA
SandFall-Win64-Shipping.exe,19588,0x2EC4BC3AB90,DXGI,0,512,1,Hardware: Independent Flip,29126.8982,0.3148,0.1556,0.1592,13.6750,0.0995,0.0979,0.0016,23.0710,9.8036,8.9255,29126.8982,9.2965,NA,NA
SandFall-Win64-Shipping.exe,19588,0x2EC4BC3AB90,DXGI,0,512,1,Hardware: Independent Flip,29127.2130,18.9665,18.7070,0.2595,13.4597,19.0233,19.0124,0.0109,32.5598,9.4900,-9.4888,29127.2130,0.0768,38.4231,NA
SandFall-Win64-Shipping.exe,19588,0x2EC4BC3AB90,DXGI,0,512,1,Hardware: Independent Flip,29146.1795,0.3618,0.1563,0.2055,13.5165,0.1515,0.1492,0.0023,23.0833,13.9709,9.4765,29146.1795,9.4153,NA,NA
SandFall-Win64-Shipping.exe,19588,0x2EC4BC3AB90,DXGI,0,512,1,Hardware: Independent Flip,29146.5413,19.9310,19.6681,0.2629,13.3062,23.3851,23.3792,0.0059,36.6924,11.7593,-13.6091,29146.5413,0.0011,NA,NA
SandFall-Win64-Shipping.exe,19588,0x2EC4BC3AB90,DXGI,0,512,1,Hardware: Independent Flip,29166.4723,0.3318,0.1696,0.1622,16.7603,0.1367,0.1347,0.0020,28.5207,7.2795,8.1717,29166.4723,11.6237,NA,NA
SandFall-Win64-Shipping.exe,19588,0x2EC4BC3AB90,DXGI,0,512,1,Hardware: Independent Flip,29166.8041,19.0308,18.7788,0.2520,16.5652,18.9024,18.8966,0.0058,35.4684,10.0166,-6.9477,29166.8041,0.0008,44.7725,NA
SandFall-Win64-Shipping.exe,19588,0x2EC4BC3AB90,DXGI,0,512,1,Hardware: Independent Flip,29185.8349,0.3180,0.1590,0.1590,16.4368,0.1468,0.1451,0.0017,26.4542,9.8139,9.0142,29185.8349,9.8706,NA,NA
SandFall-Win64-Shipping.exe,19588,0x2EC4BC3AB90,DXGI,0,512,1,Hardware: Independent Flip,29186.1529,19.5607,19.3057,0.2550,16.2656,19.6841,19.6796,0.0045,35.9501,10.5116,-9.4959,29186.1529,0.0004,NA,NA
SandFall-Win64-Shipping.exe,19588,0x2EC4BC3AB90,DXGI,0,512,1,Hardware: Independent Flip,29205.7136,0.3231,0.1667,0.1564,16.3890,0.1442,0.1442,0.0000,26.9010,9.3764,9.0491,29205.7136,10.3678,NA,NA
SandFall-Win64-Shipping.exe,19588,0x2EC4BC3AB90,DXGI,0,512,1,Hardware: Independent Flip,29206.0367,21.7262,21.4579,0.2683,16.2101,19.7434,19.7371,0.0063,35.9543,10.5711,-9.0533,29206.0367,0.0008,NA,NA
SandFall-Win64-Shipping.exe,19588,0x2EC4BC3AB90,DXGI,0,512,1,Hardware: Independent Flip,29227.7629,0.3549,0.1811,0.1738,14.2273,0.1195,0.1177,0.0018,24.7992,9.2982,11.1551,29227.7629,10.4524,NA,NA
SandFall-Win64-Shipping.exe,19588,0x2EC4BC3AB90,DXGI,0,512,1,Hardware: Independent Flip,29228.1178,21.1400,20.8797,0.2603,13.9919,19.7502,19.7435,0.0067,33.7425,10.3810,-8.9433,29228.1178,0.0004,NA,NA
SandFall-Win64-Shipping.exe,19588,0x2EC4BC3AB90,DXGI,0,512,1,Hardware: Independent Flip,29249.2578,0.3551,0.1674,0.1877,12.6021,0.1192,0.1175,0.0017,22.9835,9.3734,10.7590,29249.2578,10.2622,NA,NA
SandFall-Win64-Shipping.exe,19588,0x2EC4BC3AB90,DXGI,0,512,1,Hardware: Independent Flip,29249.6129,14.7249,14.4578,0.2671,12.3662,19.4681,19.4624,0.0057,32.0018,9.6121,-9.0183,29249.6129,0.1675,NA,NA
SandFall-Win64-Shipping.exe,19588,0x2EC4BC3AB90,DXGI,0,512,1,Hardware: Independent Flip,29264.3378,0.3179,0.1588,0.1591,17.1094,0.1168,0.1168,0.0000,26.8890,9.8850,5.1128,29264.3378,9.6628,NA,NA
SandFall-Win64-Shipping.exe,19588,0x2EC4BC3AB90,DXGI,0,512,1,Hardware: Independent Flip,29264.6557,19.1420,18.8715,0.2705,16.9083,19.0808,19.0743,0.0065,36.4561,9.0296,-9.5671,29264.6557,0.4670,38.6451,NA
SandFall-Win64-Shipping.exe,19588,0x2EC4BC3AB90,DXGI,0,512,1,Hardware: Independent Flip,29283.7977,0.3673,0.1887,0.1786,16.8471,0.1253,0.1237,0.0016,26.3437,10.6010,10.1124,29283.7977,9.3713,NA,NA
SandFall-Win64-Shipping.exe,19588,0x2EC4BC3AB90,DXGI,0,512,1,Hardware: Independent Flip,29284.1650,26.9038,26.5172,0.3866,16.6051,19.4762,19.4689,0.0073,36.5774,9.0698,-10.2337,29284.1650,0.4961,22.2745,NA
SandFall-Win64-Shipping.exe,19588,0x2EC4BC3AB90,DXGI,0,512,1,Hardware: Independent Flip,29311.0688,0.4025,0.1894,0.2131,9.1775,0.1513,0.1497,0.0016,18.7434,10.1193,17.8340,29311.0688,9.4146,NA,NA
SandFall-Win64-Shipping.exe,19588,0x2EC4BC3AB90,DXGI,0,512,1,Hardware: Independent Flip,29311.4713,15.1676,14.9040,0.2636,8.9263,19.5330,19.5238,0.0092,28.4602,9.7571,-9.7168,29311.4713,0.0009,NA,NA
SandFall-Win64-Shipping.exe,19588,0x2EC4BC3AB90,DXGI,0,512,1,Hardware: Independent Flip,29326.6389,0.3761,0.1566,0.2195,13.2917,0.1067,0.1046,0.0021,23.0497,9.5227,5.4105,29326.6389,9.6513,NA,NA
SandFall-Win64-Shipping.exe,19588,0x2EC4BC3AB90,DXGI,0,512,1,Hardware: Independent Flip,29327.0150,21.4089,21.1041,0.3048,13.0223,19.1732,19.1584,0.0148,32.1963,10.1671,-9.1466,29327.0150,0.0008,11.7394,NA
SandFall-Win64-Shipping.exe,19588,0x2EC4BC3AB90,DXGI,0,512,1,Hardware: Independent Flip,29348.4239,0.3319,0.1714,0.1605,10.7866,0.1223,0.1207,0.0016,20.9545,8.9865,11.2418,29348.4239,10.0456,NA,NA
SandFall-Win64-Shipping.exe,19588,0x2EC4BC3AB90,DXGI,0,512,1,Hardware: Independent Flip,29348.7558,17.7864,17.5129,0.2735,10.5770,19.0311,19.0163,0.0148,29.6091,10.0110,-8.6546,29348.7558,0.0010,NA,NA
SandFall-Win64-Shipping.exe,19588,0x2EC4BC3AB90,DXGI,0,512,1,Hardware: Independent Flip,29366.5422,0.3661,0.2044,0.1617,11.8217,0.1064,0.1040,0.0024,21.8337,9.9985,7.7754,29366.5422,9.9056,NA,NA
SandFall-Win64-Shipping.exe,19588,0x2EC4BC3AB90,DXGI,0,512,1,Hardware: Independent Flip,29366.9083,19.9843,19.5523,0.4320,11.5620,19.9040,19.5962,0.3078,31.4661,9.9826,-9.6324,29366.9083,0.0001,36.9021,NA
SandFall-Win64-Shipping.exe,19588,0x2EC4BC3AB90,DXGI,0,512,1,Hardware: Independent Flip,29386.8926,0.3683,0.1987,0.1696,11.4817,0.0990,0.0970,0.0020,21.4644,10.1633,10.0017,29386.8926,9.8837,NA,NA
SandFall-Win64-Shipping.exe,19588,0x2EC4BC3AB90,DXGI,0,512,1,Hardware: Independent Flip,29387.2609,20.0267,19.7566,0.2701,11.2124,20.0465,19.5216,0.5249,31.2594,10.0845,-9.7950,29387.2609,0.0005,32.0586,NA
SandFall-Win64-Shipping.exe,19588,0x2EC4BC3AB90,DXGI,0,512,1,Hardware: Independent Flip,29407.2876,0.3605,0.1774,0.1831,11.2322,0.1122,0.1107,0.0015,21.3172,10.8499,9.9422,29407.2876,9.9728,NA,NA
SandFall-Win64-Shipping.exe,19588,0x2EC4BC3AB90,DXGI,0,512,1,Hardware: Independent Flip,29407.6481,23.1342,22.7520,0.3822,10.9839,20.8220,19.8543,0.9677,31.8066,10.4995,-10.4894,29407.6481,0.0007,11.9835,NA
SandFall-Win64-Shipping.exe,19588,0x2EC4BC3AB90,DXGI,0,512,1,Hardware: Independent Flip,29430.7823,0.3874,0.1837,0.2037,8.6717,0.1093,0.1077,0.0016,19.1719,9.5581,12.6347,29430.7823,10.3909,NA,NA
SandFall-Win64-Shipping.exe,19588,0x2EC4BC3AB90,DXGI,0,512,1,Hardware: Independent Flip,29431.1697,17.6411,17.3238,0.3173,8.3936,19.9481,19.4579,0.4902,28.3426,10.4710,-9.1707,29431.1697,0.0009,17.0452,NA
SandFall-Win64-Shipping.exe,19588,0x2EC4BC3AB90,DXGI,0,512,1,Hardware: Independent Flip,29448.8108,0.4392,0.2188,0.2204,10.7006,0.0995,0.0979,0.0016,21.1725,9.5473,7.1701,29448.8108,10.3724,NA,NA
SandFall-Win64-Shipping.exe,19588,0x2EC4BC3AB90,DXGI,0,512,1,Hardware: Independent Flip,29449.2500,18.3991,18.1391,0.2600,10.3609,19.9056,19.4231,0.4825,30.2806,9.9950,-9.1081,29449.2500,0.0141,26.0352,NA
SandFall-Win64-Shipping.exe,19588,0x2EC4BC3AB90,DXGI,0,512,1,Hardware: Independent Flip,29467.6491,0.3267,0.1593,0.1674,11.8674,0.1396,0.1377,0.0019,21.8765,9.8823,8.4041,29467.6491,9.8695,NA,NA
SandFall-Win64-Shipping.exe,19588,0x2EC4BC3AB90,DXGI,0,512,1,Hardware: Independent Flip,29467.9758,18.0559,17.7306,0.3253,11.6803,19.2727,19.2641,0.0086,31.4321,9.1945,-9.5556,29467.9758,0.4791,NA,NA
SandFall-Win64-Shipping.exe,19588,0x2EC4BC3AB90,DXGI,0,512,1,Hardware: Independent Flip,29486.0317,0.3726,0.1853,0.1873,12.8971,0.1318,0.1318,0.0000,22.5707,10.8597,8.8614,29486.0317,9.5418,NA,NA
SandFall-Win64-Shipping.exe,19588,0x2EC4BC3AB90,DXGI,0,512,1,Hardware: Independent Flip,29486.4043,21.0393,20.7308,0.3085,12.6563,19.8541,19.8461,0.0080,33.0578,9.1856,-10.4871,29486.4043,0.5474,27.9601,NA
SandFall-Win64-Shipping.exe,19588,0x2EC4BC3AB90,DXGI,0,512,1,Hardware: Independent Flip,29507.4436,0.4653,0.1675,0.2978,11.4711,0.1095,0.1078,0.0017,21.2041,9.4256,11.8537,29507.4436,9.6235,NA,NA
SandFall-Win64-Shipping.exe,19588,0x2EC4BC3AB90,DXGI,0,512,1,Hardware: Independent Flip,29507.9089,15.3826,15.1118,0.2708,11.1153,19.0485,19.0408,0.0077,30.1644,9.5660,-8.9603,29507.9089,0.0006,NA,NA
SandFall-Win64-Shipping.exe,19588,0x2EC4BC3AB90,DXGI,0,512,1,Hardware: Independent Flip,29523.2915,0.3228,0.1610,0.1618,14.7812,0.1486,0.1463,0.0023,24.3478,9.4378,5.8166,29523.2915,9.4180,NA,NA
SandFall-Win64-Shipping.exe,19588,0x2EC4BC3AB90,DXGI,0,512,1,Hardware: Independent Flip,29523.6143,18.3152,18.0648,0.2504,14.6070,18.8550,18.8469,0.0081,33.4628,9.8112,-9.1150,29523.6143,0.0008,32.6153,NA
SandFall-Win64-Shipping.exe,19588,0x2EC4BC3AB90,DXGI,0,512,1,Hardware: Independent Flip,29541.9295,0.3146,0.1563,0.1583,15.1468,0.1024,0.1005,0.0019,24.9588,9.3123,8.5040,29541.9295,9.7096,NA,NA
SandFall-Win64-Shipping.exe,19588,0x2EC4BC3AB90,DXGI,0,512,1,Hardware: Independent Flip,29542.2441,18.2957,18.0565,0.2392,14.9346,19.0211,19.0122,0.0089,33.9565,9.8095,-8.9977,29542.2441,0.0008,NA,NA
SandFall-Win64-Shipping.exe,19588,0x2EC4BC3AB90,DXGI,0,512,1,Hardware: Independent Flip,29560.5398,0.3176,0.1559,0.1617,15.6600,0.1020,0.1003,0.0017,25.4703,8.9662,8.4862,29560.5398,9.7083,NA,NA
SandFall-Win64-Shipping.exe,19588,0x2EC4BC3AB90,DXGI,0,512,1,Hardware: Independent Flip,29560.8574,20.1216,19.8690,0.2526,15.4444,18.6736,18.6664,0.0072,34.1189,9.4174,-8.6486,29560.8574,0.0009,48.5002,NA
SandFall-Win64-Shipping.exe,19588,0x2EC4BC3AB90,DXGI,0,512,1,Hardware: Independent Flip,29580.9790,0.3183,0.1599,0.1584,13.9964,0.1228,0.1212,0.0016,23.4147,10.0214,10.7042,29580.9790,9.2955,NA,NA
SandFall-Win64-Shipping.exe,19588,0x2EC4BC3AB90,DXGI,0,512,1,Hardware: Independent Flip,29581.2973,19.8415,19.5293,0.3122,13.8009,18.9093,18.9011,0.0082,33.1178,9.1091,-9.7031,29581.2973,0.4076,34.9566,NA
SandFall-Win64-Shipping.exe,19588,0x2EC4BC3AB90,DXGI,0,512,1,Hardware: Independent Flip,29601.1388,0.3839,0.1592,0.2247,12.8687,0.1339,0.1317,0.0022,22.3854,9.3713,10.7324,29601.1388,9.3828,NA,NA
SandFall-Win64-Shipping.exe,19588,0x2EC4BC3AB90,DXGI,0,512,1,Hardware: Independent Flip,29601.5227,18.3538,18.0747,0.2791,12.6187,18.6441,18.6309,0.0132,31.3728,9.0666,-8.9874,29601.5227,0.1100,34.4309,NA
SandFall-Win64-Shipping.exe,19588,0x2EC4BC3AB90,DXGI,0,512,1,Hardware: Independent Flip,29619.8765,0.3938,0.2095,0.1843,12.9090,0.1676,0.1661,0.0015,22.0856,9.6196,9.2872,29619.8765,9.0090,NA,NA
SandFall-Win64-Shipping.exe,19588,0x2EC4BC3AB90,DXGI,0,512,1,Hardware: Independent Flip,29620.2703,19.4420,19.1883,0.2537,12.6828,18.6272,18.6166,0.0106,31.3114,9.3368,-9.2258,29620.2703,0.0014,32.1229,NA
SandFall-Win64-Shipping.exe,19588,0x2EC4BC3AB90,DXGI,0,512,1,Hardware: Independent Flip,29639.7123,0.3126,0.1554,0.1572,11.8680,0.0830,0.0785,0.0045,21.2062,10.3955,10.1052,29639.7123,9.2552,NA,NA
SandFall-Win64-Shipping.exe,19588,0x2EC4BC3AB90,DXGI,0,512,1,Hardware: Independent Flip,29640.0249,20.0211,19.6989,0.3222,11.6384,19.6497,18.8888,0.7609,31.2891,10.1521,-10.0829,29640.0249,0.0010,29.8180,NA
SandFall-Win64-Shipping.exe,19588,0x2EC4BC3AB90,DXGI,0,512,1,Hardware: Independent Flip,29660.0460,0.4221,0.2202,0.2019,11.2670,0.1393,0.1393,0.0000,21.4201,8.8788,9.8690,29660.0460,10.0138,NA,NA
SandFall-Win64-Shipping.exe,19588,0x2EC4BC3AB90,DXGI,0,512,1,Hardware: Independent Flip,29660.4681,18.1373,17.8582,0.2791,10.9842,18.8917,18.8781,0.0136,29.8768,9.8994,-8.4567,29660.4681,0.0009,29.8877,NA
SandFall-Win64-Shipping.exe,19588,0x2EC4BC3AB90,DXGI,0,512,1,Hardware: Independent Flip,29678.6054,0.3617,0.1752,0.1865,11.7386,0.1181,0.1163,0.0018,21.6389,9.1570,8.2379,29678.6054,9.7822,NA,NA
SandFall-Win64-Shipping.exe,19588,0x2EC4BC3AB90,DXGI,0,512,1,Hardware: Independent Flip,29678.9671,18.3030,18.0499,0.2531,11.4950,18.9386,18.9247,0.0139,30.4342,9.7461,-8.7953,29678.9671,0.0006,29.9432,NA
SandFall-Win64-Shipping.exe,19588,0x2EC4BC3AB90,DXGI,0,512,1,Hardware: Independent Flip,29697.2701,0.3655,0.1590,0.2065,12.1306,0.1310,0.1290,0.0020,21.8773,10.8330,8.5569,29697.2701,9.6157,NA,NA
SandFall-Win64-Shipping.exe,19588,0x2EC4BC3AB90,DXGI,0,512,1,Hardware: Independent Flip,29697.6356,20.1553,19.7928,0.3625,11.8961,20.2856,20.2382,0.0474,32.3448,10.0527,-10.4675,29697.6356,0.1631,31.5222,NA
SandFall-Win64-Shipping.exe,19588,0x2EC4BC3AB90,DXGI,0,512,1,Hardware: Independent Flip,29717.7909,0.3584,0.1703,0.1881,12.0264,0.1703,0.1680,0.0023,22.2422,9.3240,10.1026,29717.7909,10.0455,NA,NA
SandFall-Win64-Shipping.exe,19588,0x2EC4BC3AB90,DXGI,0,512,1,Hardware: Independent Flip,29718.1493,18.7417,18.2061,0.5356,11.8383,19.3684,19.3581,0.0103,31.2078,10.0303,-8.9656,29718.1493,0.0011,31.8976,NA
SandFall-Win64-Shipping.exe,19588,0x2EC4BC3AB90,DXGI,0,512,1,Hardware: Independent Flip,29736.8910,0.3941,0.1694,0.2247,12.4650,0.1100,0.1084,0.0016,22.4964,9.7705,8.7114,29736.8910,9.9214,23.9294,NA
SandFall-Win64-Shipping.exe,19588,0x2EC4BC3AB90,DXGI,0,512,1,Hardware: Independent Flip,29737.2851,20.8020,20.5369,0.2651,12.1809,19.6912,19.6824,0.0088,31.8728,9.8723,-9.3764,29737.2851,0.0007,18.6919,NA
SandFall-Win64-Shipping.exe,19588,0x2EC4BC3AB90,DXGI,0,512,1,Hardware: Independent Flip,29758.0871,0.3249,0.1656,0.1593,11.0701,0.1025,0.1009,0.0016,20.9431,10.3124,10.9297,29758.0871,9.7705,NA,NA
SandFall-Win64-Shipping.exe,19588,0x2EC4BC3AB90,DXGI,0,512,1,Hardware: Independent Flip,29758.4120,15.9212,15.6561,0.2651,10.8477,19.9625,19.9567,0.0058,30.9306,9.9259,-9.9875,29758.4120,0.1204,NA,NA
SandFall-Win64-Shipping.exe,19588,0x2EC4BC3AB90,DXGI,0,512,1,Hardware: Independent Flip,29774.3332,0.3331,0.1659,0.1672,14.8890,0.1631,0.1631,0.0000,24.9353,9.5752,5.9953,29774.3332,9.8832,NA,NA
SandFall-Win64-Shipping.exe,19588,0x2EC4BC3AB90,DXGI,0,512,1,Hardware: Independent Flip,29774.6663,17.7720,17.5270,0.2450,14.7190,19.4577,19.4513,0.0064,34.1774,9.8276,-9.2421,29774.6663,0.0007,NA,NA
SandFall-Win64-Shipping.exe,19588,0x2EC4BC3AB90,DXGI,0,512,1,Hardware: Independent Flip,29792.4383,0.3001,0.1494,0.1507,16.4047,0.2263,0.2246,0.0017,26.2330,9.2337,7.9444,29792.4383,9.6020,NA,NA
SandFall-Win64-Shipping.exe,19588,0x2EC4BC3AB90,DXGI,0,512,1,Hardware: Independent Flip,29792.7384,18.8110,18.5509,0.2601,16.3309,18.7477,18.7421,0.0056,35.1666,9.3711,-8.9336,29792.7384,0.0880,NA,NA
SandFall-Win64-Shipping.exe,19588,0x2EC4BC3AB90,DXGI,0,512,1,Hardware: Independent Flip,29811.5494,0.3441,0.1819,0.1622,16.2676,0.1296,0.1279,0.0017,25.7267,10.5700,9.4399,29811.5494,9.3295,NA,NA
SandFall-Win64-Shipping.exe,19588,0x2EC4BC3AB90,DXGI,0,512,1,Hardware: Independent Flip,29811.8935,23.8122,23.5075,0.3047,16.0531,19.5131,19.5040,0.0091,35.9526,9.3903,-10.2259,29811.8935,0.3864,NA,NA
SandFall-Win64-Shipping.exe,19588,0x2EC4BC3AB90,DXGI,0,512,1,Hardware: Independent Flip,29835.7057,0.3408,0.1757,0.1651,11.7540,0.1298,0.1270,0.0028,21.5307,10.0710,14.4219,29835.7057,9.6469,NA,NA
SandFall-Win64-Shipping.exe,19588,0x2EC4BC3AB90,DXGI,0,512,1,Hardware: Independent Flip,29836.0465,15.7652,15.5065,0.2587,11.5430,19.7170,19.7107,0.0063,31.2609,9.8548,-9.7302,29836.0465,0.0009,NA,NA
SandFall-Win64-Shipping.exe,19588,0x2EC4BC3AB90,DXGI,0,512,1,Hardware: Independent Flip,29851.8117,0.3167,0.1569,0.1598,15.4948,0.1097,0.1079,0.0018,25.3505,8.4868,5.9104,29851.8117,9.7460,NA,NA
SandFall-Win64-Shipping.exe,19588,0x2EC4BC3AB90,DXGI,0,512,1,Hardware: Independent Flip,29852.1284,18.2322,17.9731,0.2591,15.2878,18.2321,18.2217,0.0104,33.5206,9.4402,-8.1701,29852.1284,0.0007,NA,NA
SandFall-Win64-Shipping.exe,19588,0x2EC4BC3AB90,DXGI,0,512,1,Hardware: Independent Flip,29870.3606,0.3152,0.1573,0.1579,15.2877,0.1427,0.1398,0.0029,24.7286,8.7298,8.7920,29870.3606,9.2982,NA,NA
SandFall-Win64-Shipping.exe,19588,0x2EC4BC3AB90,DXGI,0,512,1,Hardware: Independent Flip,29870.6758,20.3546,20.1062,0.2484,15.1152,17.8415,17.8349,0.0066,33.1432,8.7946,-8.4146,29870.6758,0.1865,NA,NA
SandFall-Win64-Shipping.exe,19588,0x2EC4BC3AB90,DXGI,0,512,1,Hardware: Independent Flip,29891.0304,0.3480,0.1554,0.1926,12.6021,0.1122,0.1105,0.0017,21.5832,9.3930,11.5600,29891.0304,8.8689,NA,NA
SandFall-Win64-Shipping.exe,19588,0x2EC4BC3AB90,DXGI,0,512,1,Hardware: Independent Flip,29891.3784,18.8078,18.5251,0.2827,12.3663,18.0614,18.0547,0.0067,30.6282,8.7513,-9.0450,29891.3784,0.2005,NA,NA
SandFall-Win64-Shipping.exe,19588,0x2EC4BC3AB90,DXGI,0,512,1,Hardware: Independent Flip,29910.1862,0.3529,0.1823,0.1706,11.6199,0.1370,0.1348,0.0022,20.5717,10.6998,10.0565,29910.1862,8.8148,NA,NA
SandFall-Win64-Shipping.exe,19588,0x2EC4BC3AB90,DXGI,0,512,1,Hardware: Independent Flip,29910.5391,20.0176,19.7648,0.2528,11.4040,19.2329,18.3237,0.9092,30.9186,9.2939,-10.3469,29910.5391,0.2817,NA,NA
SandFall-Win64-Shipping.exe,19588,0x2EC4BC3AB90,DXGI,0,512,1,Hardware: Independent Flip,29930.5567,0.3019,0.1488,0.1531,10.6193,0.0874,0.0827,0.0047,20.1949,10.3402,10.7237,29930.5567,9.4882,NA,NA
SandFall-Win64-Shipping.exe,19588,0x2EC4BC3AB90,DXGI,0,512,1,Hardware: Independent Flip,29930.8586,19.7617,19.5145,0.2472,10.4048,19.8279,18.5652,1.2627,30.2332,10.3570,-10.0383,29930.8586,0.0005,NA,NA
SandFall-Win64-Shipping.exe,19588,0x2EC4BC3AB90,DXGI,0,512,1,Hardware: Independent Flip,29950.6203,0.3329,0.1667,0.1662,10.4710,0.0826,0.0810,0.0016,20.8285,8.8036,9.4047,29950.6203,10.2749,NA,NA
SandFall-Win64-Shipping.exe,19588,0x2EC4BC3AB90,DXGI,0,512,1,Hardware: Independent Flip,29950.9532,19.0997,18.8580,0.2417,10.2207,19.0778,18.1153,0.9625,29.2992,10.1051,-8.4707,29950.9532,0.0007,28.7501,NA
SandFall-Win64-Shipping.exe,19588,0x2EC4BC3AB90,DXGI,0,512,1,Hardware: Independent Flip,29970.0529,0.3010,0.1512,0.1498,10.1988,0.1272,0.1272,0.0000,20.3046,7.9036,8.9946,29970.0529,9.9786,NA,NA
SandFall-Win64-Shipping.exe,19588,0x2EC4BC3AB90,DXGI,0,512,1,Hardware: Independent Flip,29970.3539,17.5728,17.3150,0.2578,10.0250,17.8808,17.7888,0.0920,27.9072,9.1521,-7.6026,29970.3539,0.0014,NA,NA
