Application,ProcessID,SwapChainAddress,PresentRuntime,SyncInterval,PresentFlags,AllowsTearing,PresentMode,CPUStartTime,FrameTime,CPUBusy,CPUWait,GPULatency,GPUTime,GPUBusy,GPUWait,DisplayLatency,DisplayedTime,AnimationError,AnimationTime,MsFlipDelay,AllInputToPhotonLatency,ClickToPhotonLatency
SandFall-Win64-Shipping.exe,31024,0x13F96A7D0D0,DXGI,0,512,1,Hardware: Independent Flip,57.0771,0.3423,0.1724,0.1699,28.0054,0.1411,0.1338,0.0073,42.2403,14.2783,NA,57.0771,14.0938,46.7095,NA
SandFall-Win64-Shipping.exe,31024,0x13F96A7D0D0,DXGI,0,512,1,Hardware: Independent Flip,57.4194,31.2388,30.8475,0.3913,27.8042,26.8712,26.8604,0.0108,56.1763,12.6183,-13.9360,57.4194,1.5009,NA,NA
SandFall-Win64-Shipping.exe,31024,0x13F96A7D0D0,DXGI,0,512,1,Hardware: Independent Flip,88.6582,0.4614,0.2329,0.2285,23.4366,0.1708,0.1644,0.0064,37.5558,13.5007,18.6205,88.6582,13.9484,NA,NA
SandFall-Win64-Shipping.exe,31024,0x13F96A7D0D0,DXGI,0,512,1,Hardware: Independent Flip,89.1196,31.2721,30.9731,0.2990,23.1460,25.9485,25.9426,0.0059,50.5951,15.2723,-13.0393,89.1196,1.5006,25.1039,NA
SandFall-Win64-Shipping.exe,31024,0x13F96A7D0D0,DXGI,0,512,1,Hardware: Independent Flip,120.3917,0.3348,0.1783,0.1565,17.8224,0.1623,0.1563,0.0060,34.5953,11.1532,15.9998,120.3917,16.6106,NA,NA
SandFall-Win64-Shipping.exe,31024,0x13F96A7D0D0,DXGI,0,512,1,Hardware: Independent Flip,120.7265,26.3844,26.1167,0.2677,17.6499,26.2630,26.2520,0.0110,45.4137,13.2177,-10.8184,120.7265,1.5008,NA,NA
SandFall-Win64-Shipping.exe,31024,0x13F96A7D0D0,DXGI,0,512,1,Hardware: Independent Flip,147.1109,0.3429,0.1804,0.1625,17.5285,0.2033,0.1970,0.0063,32.2470,12.2709,13.1667,147.1109,14.5152,NA,NA
SandFall-Win64-Shipping.exe,31024,0x13F96A7D0D0,DXGI,0,512,1,Hardware: Independent Flip,147.4538,24.0118,23.7068,0.3050,17.3889,25.2850,25.2704,0.0146,44.1750,12.8132,-11.9280,147.4538,1.5011,48.0092,NA
SandFall-Win64-Shipping.exe,31024,0x13F96A7D0D0,DXGI,0,512,1,Hardware: Independent Flip,171.4656,0.3323,0.1681,0.1642,18.6621,0.2007,0.1991,0.0016,32.9764,12.4614,11.1986,171.4656,14.1136,NA,NA
SandFall-Win64-Shipping.exe,31024,0x13F96A7D0D0,DXGI,0,512,1,Hardware: Independent Flip,171.7979,25.9704,25.7061,0.2643,18.5305,25.0736,25.0654,0.0082,45.1055,12.6130,-12.1291,171.7979,1.5014,60.2871,NA
SandFall-Win64-Shipping.exe,31024,0x13F96A7D0D0,DXGI,0,512,1,Hardware: Independent Flip,197.7683,0.3135,0.1591,0.1544,17.6337,0.1430,0.1362,0.0068,31.7481,14.9751,13.3574,197.7683,13.9714,NA,NA
SandFall-Win64-Shipping.exe,31024,0x13F96A7D0D0,DXGI,0,512,1,Hardware: Independent Flip,198.0818,27.2241,26.9533,0.2708,17.4632,27.4454,25.8417,1.6037,46.4097,12.4483,-14.6616,198.0818,1.5011,42.8839,NA
SandFall-Win64-Shipping.exe,31024,0x13F96A7D0D0,DXGI,0,512,1,Hardware: Independent Flip,225.3059,0.3333,0.1650,0.1683,17.6845,0.1746,0.1686,0.0060,31.6339,14.7313,14.7758,225.3059,13.7748,NA,NA
SandFall-Win64-Shipping.exe,31024,0x13F96A7D0D0,DXGI,0,512,1,Hardware: Independent Flip,225.6392,27.4125,27.1549,0.2576,17.5258,27.0055,25.1775,1.8280,46.0319,12.3398,-14.3980,225.6392,1.5006,44.0667,NA
SandFall-Win64-Shipping.exe,31024,0x13F96A7D0D0,DXGI,0,512,1,Hardware: Independent Flip,253.0517,0.3197,0.1526,0.1671,17.1188,0.1741,0.1687,0.0054,30.9592,15.6062,15.0727,253.0517,13.6663,NA,NA
SandFall-Win64-Shipping.exe,31024,0x13F96A7D0D0,DXGI,0,512,1,Hardware: Independent Flip,253.3714,27.3306,27.0799,0.2507,16.9732,27.7719,25.4910,2.2809,46.2457,12.0901,-15.2865,253.3714,1.5006,42.0157,NA
SandFall-Win64-Shipping.exe,31024,0x13F96A7D0D0,DXGI,0,512,1,Hardware: Independent Flip,280.7020,0.3274,0.1529,0.1745,17.4145,0.1967,0.1967,0.0000,31.0052,14.7887,15.2405,280.7020,13.3940,NA,NA
SandFall-Win64-Shipping.exe,31024,0x13F96A7D0D0,DXGI,0,512,1,Hardware: Independent Flip,281.0294,26.6905,26.4050,0.2855,17.2838,26.6817,25.9650,0.7167,45.4665,11.8698,-14.4613,281.0294,1.5010,39.8940,NA
SandFall-Win64-Shipping.exe,31024,0x13F96A7D0D0,DXGI,0,512,1,Hardware: Independent Flip,307.7199,0.3170,0.1566,0.1604,17.2750,0.1386,0.1356,0.0030,30.6458,13.8776,14.8207,307.7199,13.2322,NA,NA
SandFall-Win64-Shipping.exe,31024,0x13F96A7D0D0,DXGI,0,512,1,Hardware: Independent Flip,308.0369,26.4929,26.2415,0.2514,17.0966,26.5766,25.6227,0.9539,44.2064,12.6998,-13.5606,308.0369,0.5332,40.6419,NA
SandFall-Win64-Shipping.exe,31024,0x13F96A7D0D0,DXGI,0,512,1,Hardware: Independent Flip,334.5298,0.3672,0.1640,0.2032,17.1803,0.1910,0.1860,0.0050,30.4133,13.0494,13.7931,334.5298,13.0420,NA,NA
SandFall-Win64-Shipping.exe,31024,0x13F96A7D0D0,DXGI,0,512,1,Hardware: Independent Flip,334.8970,26.2065,25.9602,0.2463,17.0041,26.0903,26.0797,0.0106,43.0955,13.0532,-12.6822,334.8970,0.0011,39.3905,NA
SandFall-Win64-Shipping.exe,31024,0x13F96A7D0D0,DXGI,0,512,1,Hardware: Independent Flip,361.1035,0.3293,0.1580,0.1713,16.8879,0.1959,0.1937,0.0022,29.9422,13.0360,13.1533,361.1035,12.8584,NA,NA
SandFall-Win64-Shipping.exe,31024,0x13F96A7D0D0,DXGI,0,512,1,Hardware: Independent Flip,361.4328,24.6863,24.4257,0.2606,16.7545,25.8934,25.8821,0.0113,42.6489,12.9396,-12.7067,361.4328,0.0010,39.4803,NA
SandFall-Win64-Shipping.exe,31024,0x13F96A7D0D0,DXGI,0,512,1,Hardware: Independent Flip,386.1191,0.6629,0.2042,0.4587,17.9616,0.1715,0.1696,0.0019,30.9022,13.6932,11.7467,386.1191,12.7691,NA,NA
SandFall-Win64-Shipping.exe,31024,0x13F96A7D0D0,DXGI,0,512,1,Hardware: Independent Flip,386.7820,25.9128,25.6315,0.2813,17.4702,26.4615,26.2324,0.2291,43.9325,12.9735,-13.0303,386.7820,0.0008,40.1191,NA
SandFall-Win64-Shipping.exe,31024,0x13F96A7D0D0,DXGI,0,512,1,Hardware: Independent Flip,412.6948,0.3131,0.1585,0.1546,18.0189,0.2102,0.2084,0.0018,30.9932,13.0643,12.9393,412.6948,12.7641,NA,NA
SandFall-Win64-Shipping.exe,31024,0x13F96A7D0D0,DXGI,0,512,1,Hardware: Independent Flip,413.0079,24.0597,23.8140,0.2457,17.9160,25.8273,25.8081,0.0192,43.7444,13.3221,-12.7512,413.0079,0.0011,42.1469,NA
SandFall-Win64-Shipping.exe,31024,0x13F96A7D0D0,DXGI,0,512,1,Hardware: Independent Flip,437.0676,0.3057,0.1535,0.1522,19.6836,0.2111,0.2086,0.0025,33.0068,13.9907,10.7376,437.0676,13.1121,NA,NA
SandFall-Win64-Shipping.exe,31024,0x13F96A7D0D0,DXGI,0,512,1,Hardware: Independent Flip,437.3733,26.5978,26.3190,0.2788,19.5890,27.1017,27.0898,0.0119,46.6918,13.2580,-13.6850,437.3733,0.0011,47.4611,NA
SandFall-Win64-Shipping.exe,31024,0x13F96A7D0D0,DXGI,0,512,1,Hardware: Independent Flip,463.9711,0.3038,0.1524,0.1514,20.0929,0.2135,0.2112,0.0023,33.3520,12.7447,13.3398,463.9711,13.0456,NA,NA
SandFall-Win64-Shipping.exe,31024,0x13F96A7D0D0,DXGI,0,512,1,Hardware: Independent Flip,464.2749,24.5404,24.2971,0.2433,20.0026,25.7894,25.7794,0.0100,45.7929,13.6601,-12.4409,464.2749,0.0009,58.3699,NA
SandFall-Win64-Shipping.exe,31024,0x13F96A7D0D0,DXGI,0,512,1,Hardware: Independent Flip,488.8153,0.3020,0.1550,0.1470,21.2516,0.2208,0.2182,0.0026,34.9126,12.2828,10.8803,488.8153,13.4402,NA,NA
SandFall-Win64-Shipping.exe,31024,0x13F96A7D0D0,DXGI,0,512,1,Hardware: Independent Flip,489.1173,26.6230,26.3728,0.2502,21.1704,25.7225,25.7109,0.0116,46.8934,13.3278,-11.9808,489.1173,0.0005,NA,NA
SandFall-Win64-Shipping.exe,31024,0x13F96A7D0D0,DXGI,0,512,1,Hardware: Independent Flip,515.7403,0.3136,0.1623,0.1513,20.2699,0.2574,0.2540,0.0034,33.5982,12.6130,13.2952,515.7403,13.0709,NA,NA
SandFall-Win64-Shipping.exe,31024,0x13F96A7D0D0,DXGI,0,512,1,Hardware: Independent Flip,516.0539,24.4749,24.1975,0.2774,20.2137,25.5097,25.5011,0.0086,45.8976,12.7793,-12.2994,516.0539,0.1742,NA,NA
SandFall-Win64-Shipping.exe,31024,0x13F96A7D0D0,DXGI,0,512,1,Hardware: Independent Flip,540.5288,0.3259,0.1632,0.1627,21.2485,0.2213,0.2196,0.0017,34.2020,12.9762,11.6956,540.5288,12.7322,NA,NA
SandFall-Win64-Shipping.exe,31024,0x13F96A7D0D0,DXGI,0,512,1,Hardware: Independent Flip,540.8547,26.3198,26.0490,0.2708,21.1439,25.4434,25.4057,0.0377,46.8523,12.9425,-12.6503,540.8547,0.2650,45.0971,NA
SandFall-Win64-Shipping.exe,31024,0x13F96A7D0D0,DXGI,0,512,1,Hardware: Independent Flip,567.1745,0.3636,0.1949,0.1687,20.2675,0.2057,0.2041,0.0016,33.4750,15.2696,13.3773,567.1745,13.0018,NA,NA
SandFall-Win64-Shipping.exe,31024,0x13F96A7D0D0,DXGI,0,512,1,Hardware: Independent Flip,567.5381,27.5713,27.3169,0.2544,20.1096,28.0157,28.0054,0.0103,48.3810,12.9210,-14.9060,567.5381,0.2557,NA,NA
SandFall-Win64-Shipping.exe,31024,0x13F96A7D0D0,DXGI,0,512,1,Hardware: Independent Flip,595.1094,0.3105,0.1584,0.1521,20.5540,0.2226,0.2209,0.0017,33.7307,15.0466,14.6503,595.1094,12.9541,NA,NA
SandFall-Win64-Shipping.exe,31024,0x13F96A7D0D0,DXGI,0,512,1,Hardware: Independent Flip,595.4199,26.9547,26.6941,0.2606,20.4661,27.9999,27.9924,0.0075,48.4668,14.0991,-14.7361,595.4199,0.0008,NA,NA
SandFall-Win64-Shipping.exe,31024,0x13F96A7D0D0,DXGI,0,512,1,Hardware: Independent Flip,622.3746,0.3237,0.1526,0.1711,21.5113,0.2189,0.2170,0.0019,35.6112,12.5818,12.8556,622.3746,13.8810,NA,NA
SandFall-Win64-Shipping.exe,31024,0x13F96A7D0D0,DXGI,0,512,1,Hardware: Independent Flip,622.6983,22.8856,22.5813,0.3043,21.4065,26.4621,26.4556,0.0065,47.8693,14.5580,-12.2581,622.6983,0.0007,NA,NA
SandFall-Win64-Shipping.exe,31024,0x13F96A7D0D0,DXGI,0,512,1,Hardware: Independent Flip,645.5839,0.3659,0.1675,0.1984,24.9830,0.2152,0.2130,0.0022,39.5417,11.3822,8.3276,645.5839,14.3435,NA,NA
SandFall-Win64-Shipping.exe,31024,0x13F96A7D0D0,DXGI,0,512,1,Hardware: Independent Flip,645.9498,26.2062,25.9612,0.2450,24.8323,25.7246,25.7167,0.0079,50.5580,13.5500,-11.0163,645.9498,0.0011,NA,NA
SandFall-Win64-Shipping.exe,31024,0x13F96A7D0D0,DXGI,0,512,1,Hardware: Independent Flip,672.1560,0.3319,0.1790,0.1529,24.3507,0.2138,0.2114,0.0024,37.9018,13.4446,12.6562,672.1560,13.3373,NA,NA
SandFall-Win64-Shipping.exe,31024,0x13F96A7D0D0,DXGI,0,512,1,Hardware: Independent Flip,672.4879,30.4984,30.2431,0.2553,24.2326,26.1412,26.1355,0.0057,51.0145,12.4451,-13.1127,672.4879,0.6407,65.8582,NA
SandFall-Win64-Shipping.exe,31024,0x13F96A7D0D0,DXGI,0,512,1,Hardware: Independent Flip,702.9863,0.3041,0.1559,0.1482,19.8754,0.1677,0.1658,0.0019,32.9612,13.1462,18.0533,702.9863,12.9181,NA,NA
SandFall-Win64-Shipping.exe,31024,0x13F96A7D0D0,DXGI,0,512,1,Hardware: Independent Flip,703.2904,20.0098,19.7753,0.2345,19.7390,25.9163,25.9132,0.0031,45.8033,12.8560,-12.8421,703.2904,0.1480,50.4865,NA
SandFall-Win64-Shipping.exe,31024,0x13F96A7D0D0,DXGI,0,512,1,Hardware: Independent Flip,723.3002,0.3576,0.1851,0.1725,25.6455,0.2176,0.2159,0.0017,38.6495,13.4012,7.1538,723.3002,12.7864,NA,NA
SandFall-Win64-Shipping.exe,31024,0x13F96A7D0D0,DXGI,0,512,1,Hardware: Independent Flip,723.6578,30.0633,29.8162,0.2471,25.5055,26.1762,26.1685,0.0077,51.6931,13.0417,-13.0436,723.6578,0.0114,54.7472,NA
SandFall-Win64-Shipping.exe,31024,0x13F96A7D0D0,DXGI,0,512,1,Hardware: Independent Flip,753.7211,0.3128,0.1632,0.1496,21.6184,0.2733,0.2706,0.0027,34.6715,14.7639,17.0216,753.7211,12.7798,NA,NA
SandFall-Win64-Shipping.exe,31024,0x13F96A7D0D0,DXGI,0,512,1,Hardware: Independent Flip,754.0339,27.2466,26.9916,0.2550,21.5789,27.5428,27.5392,0.0036,49.1226,13.3544,-14.4511,754.0339,0.0009,NA,NA
SandFall-Win64-Shipping.exe,31024,0x13F96A7D0D0,DXGI,0,512,1,Hardware: Independent Flip,781.2805,0.3092,0.1580,0.1512,21.8751,0.2186,0.2165,0.0021,35.2304,12.6761,13.8922,781.2805,13.1367,NA,NA
SandFall-Win64-Shipping.exe,31024,0x13F96A7D0D0,DXGI,0,512,1,Hardware: Independent Flip,781.5897,20.5395,20.3014,0.2381,21.7845,25.8120,25.8064,0.0056,47.5973,14.2480,-12.3669,781.5897,0.0008,NA,NA
SandFall-Win64-Shipping.exe,31024,0x13F96A7D0D0,DXGI,0,512,1,Hardware: Independent Flip,802.1292,0.3159,0.1691,0.1468,27.0570,0.2292,0.2292,0.0000,41.3058,12.0618,6.2915,802.1292,14.0196,NA,NA
SandFall-Win64-Shipping.exe,31024,0x13F96A7D0D0,DXGI,0,512,1,Hardware: Independent Flip,802.4451,31.5675,31.3202,0.2473,26.9703,26.0806,26.0740,0.0066,53.0517,13.5591,-11.7459,802.4451,0.0008,62.8774,NA
SandFall-Win64-Shipping.exe,31024,0x13F96A7D0D0,DXGI,0,512,1,Hardware: Independent Flip,834.0126,0.3197,0.1685,0.1512,21.4834,0.2335,0.2335,0.0000,35.0433,13.1906,18.0084,834.0126,13.3264,NA,NA
SandFall-Win64-Shipping.exe,31024,0x13F96A7D0D0,DXGI,0,512,1,Hardware: Independent Flip,834.3323,27.3967,27.1471,0.2496,21.3972,25.9185,25.9114,0.0071,47.9142,12.8791,-12.8709,834.3323,0.5985,NA,NA
SandFall-Win64-Shipping.exe,31024,0x13F96A7D0D0,DXGI,0,512,1,Hardware: Independent Flip,861.7290,0.3158,0.1598,0.1560,19.9190,0.2019,0.2019,0.0000,33.3966,13.5061,14.5176,861.7290,13.2757,NA,NA
SandFall-Win64-Shipping.exe,31024,0x13F96A7D0D0,DXGI,0,512,1,Hardware: Independent Flip,862.0448,28.3659,28.1037,0.2622,19.8051,26.3313,26.3277,0.0036,46.5869,13.4052,-13.1903,862.0448,0.4505,44.9939,NA
SandFall-Win64-Shipping.exe,31024,0x13F96A7D0D0,DXGI,0,512,1,Hardware: Independent Flip,890.4107,0.3202,0.1632,0.1570,17.7705,0.2009,0.1990,0.0019,31.6262,12.7053,14.9607,890.4107,13.6548,NA,NA
SandFall-Win64-Shipping.exe,31024,0x13F96A7D0D0,DXGI,0,512,1,Hardware: Independent Flip,890.7309,20.8196,20.5738,0.2458,17.6512,25.9545,25.9425,0.0120,44.0113,13.3669,-12.3851,890.7309,0.4056,49.1322,NA
SandFall-Win64-Shipping.exe,31024,0x13F96A7D0D0,DXGI,0,512,1,Hardware: Independent Flip,911.5505,0.3138,0.1580,0.1558,22.7861,0.2052,0.2033,0.0019,36.5586,13.7309,7.4527,911.5505,13.5673,NA,NA
SandFall-Win64-Shipping.exe,31024,0x13F96A7D0D0,DXGI,0,512,1,Hardware: Independent Flip,911.8643,30.8568,30.5958,0.2610,22.6775,26.5552,26.5404,0.0148,49.9757,13.0365,-13.4171,911.8643,0.7430,51.2291,NA
SandFall-Win64-Shipping.exe,31024,0x13F96A7D0D0,DXGI,0,512,1,Hardware: Independent Flip,942.7211,0.3767,0.1746,0.2021,18.3759,0.2017,0.1999,0.0018,32.1554,13.1036,17.8203,942.7211,13.5778,NA,NA
SandFall-Win64-Shipping.exe,31024,0x13F96A7D0D0,DXGI,0,512,1,Hardware: Independent Flip,943.0978,23.6610,23.3930,0.2680,18.2009,26.2797,26.2669,0.0128,44.8823,13.3409,-12.7269,943.0978,0.4017,48.2592,NA
SandFall-Win64-Shipping.exe,31024,0x13F96A7D0D0,DXGI,0,512,1,Hardware: Independent Flip,966.7588,0.3172,0.1531,0.1641,20.8196,0.1943,0.1926,0.0017,34.5622,12.7842,10.3201,966.7588,13.5483,NA,NA
SandFall-Win64-Shipping.exe,31024,0x13F96A7D0D0,DXGI,0,512,1,Hardware: Independent Flip,967.0760,27.2711,27.0227,0.2484,20.6967,25.8058,25.7970,0.0088,47.0292,13.2637,-12.4670,967.0760,0.5267,41.5045,NA
SandFall-Win64-Shipping.exe,31024,0x13F96A7D0D0,DXGI,0,512,1,Hardware: Independent Flip,994.3471,0.3276,0.1679,0.1597,19.2314,0.2273,0.2257,0.0016,33.0218,12.9514,14.0074,994.3471,13.5631,NA,NA
SandFall-Win64-Shipping.exe,31024,0x13F96A7D0D0,DXGI,0,512,1,Hardware: Independent Flip,994.6747,27.1235,26.8766,0.2469,19.1311,25.7405,25.7330,0.0075,45.6456,12.9493,-12.6238,994.6747,0.7740,39.0940,NA
SandFall-Win64-Shipping.exe,31024,0x13F96A7D0D0,DXGI,0,512,1,Hardware: Independent Flip,1021.7982,0.3331,0.1548,0.1783,17.7481,0.1685,0.1624,0.0061,31.4714,14.4234,14.1742,1021.7982,13.5548,NA,NA
SandFall-Win64-Shipping.exe,31024,0x13F96A7D0D0,DXGI,0,512,1,Hardware: Independent Flip,1022.1313,26.9849,26.7396,0.2453,17.5835,27.1958,25.9877,1.2081,45.5617,12.9636,-14.0903,1022.1313,0.7824,43.0401,NA
SandFall-Win64-Shipping.exe,31024,0x13F96A7D0D0,DXGI,0,512,1,Hardware: Independent Flip,1049.1162,0.3535,0.1528,0.2007,17.7944,0.1778,0.1720,0.0058,31.5404,14.2978,14.0213,1049.1162,13.5682,NA,NA
SandFall-Win64-Shipping.exe,31024,0x13F96A7D0D0,DXGI,0,512,1,Hardware: Independent Flip,1049.4697,28.8033,28.4537,0.3496,17.6187,27.8034,25.5409,2.2625,45.4847,13.5940,-13.9443,1049.4697,0.0626,39.3526,NA
SandFall-Win64-Shipping.exe,31024,0x13F96A7D0D0,DXGI,0,512,1,Hardware: Independent Flip,1078.2730,0.4546,0.2382,0.2164,16.6188,0.1798,0.1771,0.0027,30.2754,14.3434,15.2093,1078.2730,13.4768,NA,NA
SandFall-Win64-Shipping.exe,31024,0x13F96A7D0D0,DXGI,0,512,1,Hardware: Independent Flip,1078.7276,26.2132,25.8418,0.3714,16.3440,27.8192,26.4223,1.3969,44.1642,13.7788,-13.8888,1078.7276,0.0010,39.2864,NA
SandFall-Win64-Shipping.exe,31024,0x13F96A7D0D0,DXGI,0,512,1,Hardware: Independent Flip,1104.9408,0.3535,0.1793,0.1742,17.9500,0.1405,0.1345,0.0060,31.7298,11.7145,12.4344,1104.9408,13.6393,NA,NA
SandFall-Win64-Shipping.exe,31024,0x13F96A7D0D0,DXGI,0,512,1,Hardware: Independent Flip,1105.2943,26.0870,25.8324,0.2546,17.7370,25.3532,25.3429,0.0103,43.0908,13.9667,-11.3610,1105.2943,0.0006,38.7770,NA
SandFall-Win64-Shipping.exe,31024,0x13F96A7D0D0,DXGI,0,512,1,Hardware: Independent Flip,1131.3813,0.3144,0.1637,0.1507,17.0032,0.1968,0.1941,0.0027,30.9705,14.6392,12.1203,1131.3813,13.7705,NA,NA
SandFall-Win64-Shipping.exe,31024,0x13F96A7D0D0,DXGI,0,512,1,Hardware: Independent Flip,1131.6957,28.5510,28.2814,0.2696,16.8856,27.8558,25.5380,2.3178,45.2953,12.7606,-14.3248,1131.6957,0.5539,40.3864,NA
SandFall-Win64-Shipping.exe,31024,0x13F96A7D0D0,DXGI,0,512,1,Hardware: Independent Flip,1160.2467,0.3149,0.1624,0.1525,16.1904,0.2288,0.2271,0.0017,29.5049,12.5444,15.7904,1160.2467,13.0857,NA,NA
SandFall-Win64-Shipping.exe,31024,0x13F96A7D0D0,DXGI,0,512,1,Hardware: Independent Flip,1160.5616,23.2919,23.0340,0.2579,16.1043,25.6291,25.6178,0.0113,41.7344,13.5175,-12.2295,1160.5616,0.0010,38.6937,NA
SandFall-Win64-Shipping.exe,31024,0x13F96A7D0D0,DXGI,0,512,1,Hardware: Independent Flip,1183.8535,0.3326,0.1604,0.1722,18.4415,0.2939,0.2905,0.0034,31.9600,12.4258,9.7744,1183.8535,13.2246,NA,NA
SandFall-Win64-Shipping.exe,31024,0x13F96A7D0D0,DXGI,0,512,1,Hardware: Independent Flip,1184.1861,26.3661,26.0795,0.2866,18.4028,25.5630,25.5504,0.0126,44.0532,12.9744,-12.0932,1184.1861,0.0874,38.6276,NA
SandFall-Win64-Shipping.exe,31024,0x13F96A7D0D0,DXGI,0,512,1,Hardware: Independent Flip,1210.5522,0.3330,0.1644,0.1686,17.5997,0.2760,0.2737,0.0023,30.6615,12.4686,13.3917,1210.5522,12.7858,NA,NA
SandFall-Win64-Shipping.exe,31024,0x13F96A7D0D0,DXGI,0,512,1,Hardware: Independent Flip,1210.8852,24.9818,24.7266,0.2552,17.5427,24.8837,24.8690,0.0147,42.7971,12.5753,-12.1356,1210.8852,0.3707,49.0759,NA
SandFall-Win64-Shipping.exe,31024,0x13F96A7D0D0,DXGI,0,512,1,Hardware: Independent Flip,1235.8670,0.3031,0.1509,0.1522,17.4446,0.2017,0.2001,0.0016,30.3906,12.7984,12.4065,1235.8670,12.7443,NA,NA
SandFall-Win64-Shipping.exe,31024,0x13F96A7D0D0,DXGI,0,512,1,Hardware: Independent Flip,1236.1701,25.1071,24.8491,0.2580,17.3432,25.1108,25.1021,0.0087,42.8859,12.5023,-12.4953,1236.1701,0.4319,NA,NA
SandFall-Win64-Shipping.exe,31024,0x13F96A7D0D0,DXGI,0,512,1,Hardware: Independent Flip,1261.2772,0.3097,0.1559,0.1538,17.3469,0.2015,0.1957,0.0058,30.2811,13.2564,12.6048,1261.2772,12.7327,NA,NA
SandFall-Win64-Shipping.exe,31024,0x13F96A7D0D0,DXGI,0,512,1,Hardware: Independent Flip,1261.5869,25.6628,25.4214,0.2414,17.2387,25.6984,25.5799,0.1185,43.2278,12.6292,-12.9467,1261.5869,0.2907,45.1986,NA
SandFall-Win64-Shipping.exe,31024,0x13F96A7D0D0,DXGI,0,512,1,Hardware: Independent Flip,1287.2497,0.3147,0.1587,0.1560,17.2743,0.2005,0.1984,0.0021,30.1942,12.1350,13.0336,1287.2497,12.7194,NA,NA
SandFall-Win64-Shipping.exe,31024,0x13F96A7D0D0,DXGI,0,512,1,Hardware: Independent Flip,1287.5644,25.3834,25.1181,0.2653,17.1601,24.8537,24.8443,0.0094,42.0145,12.9488,-11.8203,1287.5644,0.0007,38.9719,NA
SandFall-Win64-Shipping.exe,31024,0x13F96A7D0D0,DXGI,0,512,1,Hardware: Independent Flip,1312.9478,0.3264,0.1516,0.1748,16.6304,0.2730,0.2645,0.0085,29.5799,13.5200,12.4346,1312.9478,12.6765,NA,NA
SandFall-Win64-Shipping.exe,31024,0x13F96A7D0D0,DXGI,0,512,1,Hardware: Independent Flip,1313.2742,25.6361,25.3822,0.2539,16.5770,25.8318,25.0969,0.7349,42.7735,12.4359,-13.1936,1313.2742,0.3647,NA,NA
SandFall-Win64-Shipping.exe,31024,0x13F96A7D0D0,DXGI,0,512,1,Hardware: Independent Flip,1338.9103,0.3101,0.1564,0.1537,16.7727,0.1674,0.1614,0.0060,29.5733,14.3328,13.2002,1338.9103,12.6332,NA,NA
SandFall-Win64-Shipping.exe,31024,0x13F96A7D0D0,DXGI,0,512,1,Hardware: Independent Flip,1339.2204,26.5376,26.2844,0.2532,16.6300,26.9652,25.3263,1.6389,43.5960,12.9747,-14.0227,1339.2204,0.0008,NA,NA
SandFall-Win64-Shipping.exe,31024,0x13F96A7D0D0,DXGI,0,512,1,Hardware: Independent Flip,1365.7580,0.3201,0.1691,0.1510,17.0576,0.2096,0.2096,0.0000,30.0331,12.0494,13.5629,1365.7580,12.7659,NA,NA
SandFall-Win64-Shipping.exe,31024,0x13F96A7D0D0,DXGI,0,512,1,Hardware: Independent Flip,1366.0781,24.6248,24.3508,0.2740,16.9471,24.8148,24.8048,0.0100,41.7624,13.7057,-11.7293,1366.0781,0.0005,41.2382,NA
SandFall-Win64-Shipping.exe,31024,0x13F96A7D0D0,DXGI,0,512,1,Hardware: Independent Flip,1390.7029,0.3351,0.1577,0.1774,17.1371,0.2188,0.2162,0.0026,30.8433,11.2217,10.9191,1390.7029,13.4874,NA,NA
SandFall-Win64-Shipping.exe,31024,0x13F96A7D0D0,DXGI,0,512,1,Hardware: Independent Flip,1391.0380,24.4639,24.1930,0.2709,17.0208,24.7081,24.6983,0.0098,41.7299,12.7881,-10.8866,1391.0380,0.0010,38.1641,NA
SandFall-Win64-Shipping.exe,31024,0x13F96A7D0D0,DXGI,0,512,1,Hardware: Independent Flip,1415.5019,0.3783,0.1628,0.2155,17.2650,0.1965,0.1940,0.0025,30.0541,13.2542,11.6758,1415.5019,12.5926,NA,NA
SandFall-Win64-Shipping.exe,31024,0x13F96A7D0D0,DXGI,0,512,1,Hardware: Independent Flip,1415.8802,24.9726,24.6307,0.3419,17.0832,25.1353,25.1269,0.0084,42.9300,11.9661,-12.8759,1415.8802,0.7115,38.2106,NA
SandFall-Win64-Shipping.exe,31024,0x13F96A7D0D0,DXGI,0,512,1,Hardware: Independent Flip,1440.8528,0.3207,0.1623,0.1584,17.2459,0.1961,0.1944,0.0017,29.9235,13.6271,13.0065,1440.8528,12.4815,NA,NA
SandFall-Win64-Shipping.exe,31024,0x13F96A7D0D0,DXGI,0,512,1,Hardware: Independent Flip,1441.1735,25.5354,25.2273,0.3081,17.1213,26.0337,25.9374,0.0963,43.2299,12.5716,-13.3064,1441.1735,0.0749,37.8010,NA
SandFall-Win64-Shipping.exe,31024,0x13F96A7D0D0,DXGI,0,512,1,Hardware: Independent Flip,1466.7089,0.3521,0.1882,0.1639,17.6196,0.2782,0.2754,0.0028,30.2661,13.5915,12.9638,1466.7089,12.3683,NA,NA
SandFall-Win64-Shipping.exe,31024,0x13F96A7D0D0,DXGI,0,512,1,Hardware: Independent Flip,1467.0610,24.3752,24.1338,0.2414,17.5457,25.9587,25.9417,0.0170,43.5055,12.9858,-13.2394,1467.0610,0.0011,38.9637,NA
SandFall-Win64-Shipping.exe,31024,0x13F96A7D0D0,DXGI,0,512,1,Hardware: Independent Flip,1491.4362,0.3336,0.1505,0.1831,19.1292,0.2256,0.2229,0.0027,32.1161,14.0549,11.3894,1491.4362,12.7613,NA,NA
SandFall-Win64-Shipping.exe,31024,0x13F96A7D0D0,DXGI,0,512,1,Hardware: Independent Flip,1491.7698,27.2978,27.0434,0.2544,19.0212,26.8155,26.8025,0.0130,45.8374,13.2815,-13.7213,1491.7698,0.0007,41.0067,NA
SandFall-Win64-Shipping.exe,31024,0x13F96A7D0D0,DXGI,0,512,1,Hardware: Independent Flip,1519.0676,0.3034,0.1530,0.1504,18.5389,0.2106,0.2083,0.0023,31.8211,14.2264,14.0163,1519.0676,13.0716,NA,NA
SandFall-Win64-Shipping.exe,31024,0x13F96A7D0D0,DXGI,0,512,1,Hardware: Independent Flip,1519.3710,23.8138,23.5650,0.2488,18.4461,27.2973,27.2894,0.0079,45.7441,13.7463,-13.9230,1519.3710,0.0007,43.5136,NA
SandFall-Win64-Shipping.exe,31024,0x13F96A7D0D0,DXGI,0,512,1,Hardware: Independent Flip,1543.1848,0.3055,0.1542,0.1513,21.9296,0.2248,0.2224,0.0024,35.6766,12.7063,10.0675,1543.1848,13.5222,NA,NA
SandFall-Win64-Shipping.exe,31024,0x13F96A7D0D0,DXGI,0,512,1,Hardware: Independent Flip,1543.4903,24.6425,24.3849,0.2576,21.8489,26.2276,26.2199,0.0077,48.0774,14.1484,-12.4008,1543.4903,0.0009,52.1965,NA
SandFall-Win64-Shipping.exe,31024,0x13F96A7D0D0,DXGI,0,512,1,Hardware: Independent Flip,1568.1328,0.3047,0.1521,0.1526,23.4340,0.2194,0.2169,0.0025,37.5833,15.3950,10.4941,1568.1328,13.9299,NA,NA
SandFall-Win64-Shipping.exe,31024,0x13F96A7D0D0,DXGI,0,512,1,Hardware: Independent Flip,1568.4375,24.8198,24.5578,0.2620,23.3487,29.3240,29.3157,0.0083,52.6736,13.5470,-15.0903,1568.4375,0.0009,50.9800,NA
SandFall-Win64-Shipping.exe,31024,0x13F96A7D0D0,DXGI,0,512,1,Hardware: Independent Flip,1593.2573,0.3100,0.1533,0.1567,27.8529,0.2229,0.2203,0.0026,41.4008,16.3869,11.2728,1593.2573,13.3250,NA,NA
SandFall-Win64-Shipping.exe,31024,0x13F96A7D0D0,DXGI,0,512,1,Hardware: Independent Flip,1593.5673,26.5249,26.3039,0.2210,27.7658,29.7110,29.7046,0.0064,57.4777,14.5738,-16.0769,1593.5673,0.0009,53.4334,NA
SandFall-Win64-Shipping.exe,31024,0x13F96A7D0D0,DXGI,0,512,1,Hardware: Independent Flip,1620.0922,0.3144,0.1668,0.1476,30.9519,0.2330,0.2297,0.0033,45.5266,11.5862,11.9511,1620.0922,14.3417,NA,NA
SandFall-Win64-Shipping.exe,31024,0x13F96A7D0D0,DXGI,0,512,1,Hardware: Independent Flip,1620.4066,30.9625,30.7038,0.2587,30.8705,25.9275,25.9226,0.0049,56.7984,14.8641,-11.2718,1620.4066,0.0004,51.6020,NA
SandFall-Win64-Shipping.exe,31024,0x13F96A7D0D0,DXGI,0,512,1,Hardware: Independent Flip,1651.3691,0.3252,0.1609,0.1643,25.8355,0.1852,0.1802,0.0050,40.7000,10.4868,16.0984,1651.3691,14.6793,NA,NA
SandFall-Win64-Shipping.exe,31024,0x13F96A7D0D0,DXGI,0,512,1,Hardware: Independent Flip,1651.6943,22.7468,22.5245,0.2223,25.6955,25.1651,25.1585,0.0066,50.8616,14.3600,-10.1616,1651.6943,0.0010,50.9518,NA
SandFall-Win64-Shipping.exe,31024,0x13F96A7D0D0,DXGI,0,512,1,Hardware: Independent Flip,1674.4411,0.4267,0.2191,0.2076,28.1138,0.2539,0.2514,0.0025,42.4748,12.9650,8.3868,1674.4411,14.1071,NA,NA
SandFall-Win64-Shipping.exe,31024,0x13F96A7D0D0,DXGI,0,512,1,Hardware: Independent Flip,1674.8678,32.0309,31.7650,0.2659,27.9410,26.1219,26.1167,0.0052,55.0131,12.5581,-12.5383,1674.8678,0.9502,50.2784,NA
SandFall-Win64-Shipping.exe,31024,0x13F96A7D0D0,DXGI,0,512,1,Hardware: Independent Flip,1706.8987,0.3200,0.1618,0.1582,22.0320,0.2057,0.2040,0.0017,35.5403,13.4579,19.4728,1706.8987,13.3026,NA,NA
SandFall-Win64-Shipping.exe,31024,0x13F96A7D0D0,DXGI,0,512,1,Hardware: Independent Flip,1707.2187,25.5105,25.2631,0.2474,21.9177,26.0046,25.9983,0.0063,48.6782,12.8988,-13.1379,1707.2187,0.7559,50.2917,NA
SandFall-Win64-Shipping.exe,31024,0x13F96A7D0D0,DXGI,0,512,1,Hardware: Independent Flip,1732.7292,0.3112,0.1617,0.1495,22.4118,0.2114,0.2058,0.0056,36.0665,13.1075,12.6117,1732.7292,13.4433,NA,NA
SandFall-Win64-Shipping.exe,31024,0x13F96A7D0D0,DXGI,0,512,1,Hardware: Independent Flip,1733.0404,26.2062,25.9560,0.2502,22.3120,26.0672,26.0592,0.0080,48.8628,13.0385,-12.7963,1733.0404,0.4836,48.2980,NA
SandFall-Win64-Shipping.exe,31024,0x13F96A7D0D0,DXGI,0,512,1,Hardware: Independent Flip,1759.2466,0.3152,0.1617,0.1535,22.1730,0.2066,0.2048,0.0018,35.6951,13.1969,13.1677,1759.2466,13.3155,NA,NA
SandFall-Win64-Shipping.exe,31024,0x13F96A7D0D0,DXGI,0,512,1,Hardware: Independent Flip,1759.5618,27.4542,27.2095,0.2447,22.0644,26.0569,26.0532,0.0037,48.5768,13.0197,-12.8817,1759.5618,0.4555,48.5326,NA
SandFall-Win64-Shipping.exe,31024,0x13F96A7D0D0,DXGI,0,512,1,Hardware: Independent Flip,1787.0160,0.3019,0.1543,0.1476,20.6671,0.2275,0.2255,0.0020,34.1423,12.5017,14.4345,1787.0160,13.2477,NA,NA
SandFall-Win64-Shipping.exe,31024,0x13F96A7D0D0,DXGI,0,512,1,Hardware: Independent Flip,1787.3179,20.4640,20.0967,0.3673,20.5927,25.3714,25.3629,0.0085,46.3421,13.1699,-12.1998,1787.3179,0.3780,49.0419,NA
SandFall-Win64-Shipping.exe,31024,0x13F96A7D0D0,DXGI,0,512,1,Hardware: Independent Flip,1807.7819,0.4273,0.2750,0.1523,25.5001,0.2099,0.2079,0.0020,39.0480,13.7383,7.2941,1807.7819,13.3380,NA,NA
SandFall-Win64-Shipping.exe,31024,0x13F96A7D0D0,DXGI,0,512,1,Hardware: Independent Flip,1808.2092,32.6239,32.3268,0.2971,25.2827,26.3558,26.3480,0.0078,52.3590,12.8485,-13.3110,1808.2092,0.7205,49.9580,NA
SandFall-Win64-Shipping.exe,31024,0x13F96A7D0D0,DXGI,0,512,1,Hardware: Independent Flip,1840.8331,0.3240,0.1599,0.1641,19.0146,0.2006,0.1989,0.0017,32.5836,12.3900,19.7754,1840.8331,13.3684,NA,NA
SandFall-Win64-Shipping.exe,31024,0x13F96A7D0D0,DXGI,0,512,1,Hardware: Independent Flip,1841.1571,21.3846,20.9501,0.4345,18.8912,25.4730,25.4636,0.0094,44.6496,13.2950,-12.0660,1841.1571,0.2854,51.1948,NA
SandFall-Win64-Shipping.exe,31024,0x13F96A7D0D0,DXGI,0,512,1,Hardware: Independent Flip,1862.5417,0.3597,0.1800,0.1797,22.9796,0.2106,0.2085,0.0021,36.5600,13.1038,8.0896,1862.5417,13.3698,NA,NA
SandFall-Win64-Shipping.exe,31024,0x13F96A7D0D0,DXGI,0,512,1,Hardware: Independent Flip,1862.9014,26.5031,26.2611,0.2420,22.8305,25.7252,25.7151,0.0101,49.3041,12.8700,-12.7441,1862.9014,0.7484,50.5908,NA
SandFall-Win64-Shipping.exe,31024,0x13F96A7D0D0,DXGI,0,512,1,Hardware: Independent Flip,1889.4045,0.3045,0.1534,0.1511,22.0526,0.2342,0.2326,0.0016,35.6710,13.7472,13.6331,1889.4045,13.3842,NA,NA
SandFall-Win64-Shipping.exe,31024,0x13F96A7D0D0,DXGI,0,512,1,Hardware: Independent Flip,1889.7090,26.9498,26.6915,0.2583,21.9823,26.4921,26.4461,0.0460,49.1137,12.8689,-13.4427,1889.7090,0.6393,52.2112,NA
SandFall-Win64-Shipping.exe,31024,0x13F96A7D0D0,DXGI,0,512,1,Hardware: Independent Flip,1916.6588,0.3072,0.1587,0.1485,21.5246,0.2104,0.2088,0.0016,35.0328,12.7940,14.0809,1916.6588,13.2978,NA,NA
SandFall-Win64-Shipping.exe,31024,0x13F96A7D0D0,DXGI,0,512,1,Hardware: Independent Flip,1916.9660,26.9700,26.7249,0.2451,21.4278,25.8859,25.8749,0.0110,47.5196,13.4216,-12.4868,1916.9660,0.2059,42.8540,NA
SandFall-Win64-Shipping.exe,31024,0x13F96A7D0D0,DXGI,0,512,1,Hardware: Independent Flip,1943.9360,0.3088,0.1544,0.1544,20.3437,0.2211,0.2194,0.0017,33.9712,12.8927,13.5484,1943.9360,13.4064,NA,NA
SandFall-Win64-Shipping.exe,31024,0x13F96A7D0D0,DXGI,0,512,1,Hardware: Independent Flip,1944.2448,27.1941,26.9432,0.2509,20.2560,25.7802,25.7248,0.0554,46.5551,12.9678,-12.5839,1944.2448,0.5189,41.1582,NA
SandFall-Win64-Shipping.exe,31024,0x13F96A7D0D0,DXGI,0,512,1,Hardware: Independent Flip,1971.4389,0.3091,0.1531,0.1560,18.8421,0.2178,0.2156,0.0022,32.3288,13.3118,14.2263,1971.4389,13.2689,NA,NA
SandFall-Win64-Shipping.exe,31024,0x13F96A7D0D0,DXGI,0,512,1,Hardware: Independent Flip,1971.7480,25.7308,25.4812,0.2496,18.7508,26.0251,26.0131,0.0120,45.3315,12.9208,-13.0027,1971.7480,0.5556,41.4677,NA
SandFall-Win64-Shipping.exe,31024,0x13F96A7D0D0,DXGI,0,512,1,Hardware: Independent Flip,1997.4788,0.2978,0.1497,0.1481,19.0451,0.2205,0.2125,0.0080,32.5215,13.7487,12.8100,1997.4788,13.2559,NA,NA
SandFall-Win64-Shipping.exe,31024,0x13F96A7D0D0,DXGI,0,512,1,Hardware: Independent Flip,1997.7766,27.2543,26.9878,0.2665,18.9678,26.6354,26.5194,0.1160,45.9724,13.1714,-13.4509,1997.7766,0.3692,43.1354,NA
SandFall-Win64-Shipping.exe,31024,0x13F96A7D0D0,DXGI,0,512,1,Hardware: Independent Flip,2025.0309,0.4188,0.1871,0.2317,18.3489,0.2012,0.1943,0.0069,31.8895,15.4856,14.0829,2025.0309,13.3394,NA,NA
SandFall-Win64-Shipping.exe,31024,0x13F96A7D0D0,DXGI,0,512,1,Hardware: Independent Flip,2025.4497,26.3196,26.0687,0.2509,18.1313,28.7395,28.7230,0.0165,46.9563,13.3594,-15.0668,2025.4497,0.0855,41.7985,NA
SandFall-Win64-Shipping.exe,31024,0x13F96A7D0D0,DXGI,0,512,1,Hardware: Independent Flip,2051.7693,0.3048,0.1517,0.1531,20.5512,0.2764,0.2728,0.0036,33.9961,15.4931,12.9602,2051.7693,13.1685,NA,NA
SandFall-Win64-Shipping.exe,31024,0x13F96A7D0D0,DXGI,0,512,1,Hardware: Independent Flip,2052.0741,26.4439,26.1330,0.3109,20.5228,28.6612,28.6496,0.0116,49.1844,14.3126,-15.1883,2052.0741,0.0004,47.6494,NA
SandFall-Win64-Shipping.exe,31024,0x13F96A7D0D0,DXGI,0,512,1,Hardware: Independent Flip,2078.5180,0.3197,0.1645,0.1552,22.7401,0.1849,0.1827,0.0022,37.0531,15.4584,12.1313,2078.5180,14.1281,NA,NA
SandFall-Win64-Shipping.exe,31024,0x13F96A7D0D0,DXGI,0,512,1,Hardware: Independent Flip,2078.8377,31.5332,31.2717,0.2615,22.6053,29.5857,29.5742,0.0115,52.1918,14.8174,-15.1387,2078.8377,0.0008,64.3885,NA
SandFall-Win64-Shipping.exe,31024,0x13F96A7D0D0,DXGI,0,512,1,Hardware: Independent Flip,2110.3709,0.3900,0.1767,0.2133,20.6578,0.2292,0.2267,0.0025,35.4760,16.5677,16.7158,2110.3709,14.5890,NA,NA
SandFall-Win64-Shipping.exe,31024,0x13F96A7D0D0,DXGI,0,512,1,Hardware: Independent Flip,2110.7609,22.6818,22.4242,0.2576,20.4970,31.1561,31.1508,0.0053,51.6537,14.8282,-16.1777,2110.7609,0.0006,53.7989,NA
SandFall-Win64-Shipping.exe,31024,0x13F96A7D0D0,DXGI,0,512,1,Hardware: Independent Flip,2133.4427,0.3583,0.1654,0.1929,28.9713,0.2199,0.2199,0.0000,43.8001,13.3144,7.8536,2133.4427,14.6089,NA,NA
SandFall-Win64-Shipping.exe,31024,0x13F96A7D0D0,DXGI,0,512,1,Hardware: Independent Flip,2133.8010,26.4411,26.2034,0.2377,28.8329,27.9225,27.9193,0.0032,56.7562,15.2038,-12.9561,2133.8010,0.0008,63.9385,NA
SandFall-Win64-Shipping.exe,31024,0x13F96A7D0D0,DXGI,0,512,1,Hardware: Independent Flip,2160.2421,0.3240,0.1711,0.1529,30.3143,0.2311,0.2286,0.0025,45.5189,12.7399,11.2373,2160.2421,14.9735,NA,NA
SandFall-Win64-Shipping.exe,31024,0x13F96A7D0D0,DXGI,0,512,1,Hardware: Independent Flip,2160.5661,32.2153,31.9583,0.2570,30.2214,27.7126,27.7062,0.0064,57.9348,15.4378,-12.4159,2160.5661,0.0008,NA,NA
SandFall-Win64-Shipping.exe,31024,0x13F96A7D0D0,DXGI,0,512,1,Hardware: Independent Flip,2192.7814,0.3309,0.1651,0.1658,25.7187,0.2134,0.2108,0.0026,41.1573,12.2828,16.7775,2192.7814,15.2252,NA,NA
SandFall-Win64-Shipping.exe,31024,0x13F96A7D0D0,DXGI,0,512,1,Hardware: Independent Flip,2193.1123,26.8475,26.5894,0.2581,25.6012,27.5074,27.5009,0.0065,53.1092,14.5047,-11.9519,2193.1123,0.0006,NA,NA
SandFall-Win64-Shipping.exe,31024,0x13F96A7D0D0,DXGI,0,512,1,Hardware: Independent Flip,2219.9598,0.3127,0.1626,0.1501,26.2611,0.2171,0.2171,0.0000,40.7664,13.9121,12.3428,2219.9598,14.2882,NA,NA
SandFall-Win64-Shipping.exe,31024,0x13F96A7D0D0,DXGI,0,512,1,Hardware: Independent Flip,2220.2725,30.3064,30.0567,0.2497,26.1655,27.6537,27.6474,0.0063,54.3658,14.1761,-13.5994,2220.2725,0.5466,NA,NA
SandFall-Win64-Shipping.exe,31024,0x13F96A7D0D0,DXGI,0,512,1,Hardware: Independent Flip,2250.5789,0.3259,0.1687,0.1572,23.5128,0.1994,0.1975,0.0019,38.2355,13.7073,16.1303,2250.5789,14.5233,NA,NA
SandFall-Win64-Shipping.exe,31024,0x13F96A7D0D0,DXGI,0,512,1,Hardware: Independent Flip,2250.9048,28.7368,28.4844,0.2524,23.3863,27.5469,27.5366,0.0103,51.6169,13.9923,-13.3814,2250.9048,0.6837,NA,NA
SandFall-Win64-Shipping.exe,31024,0x13F96A7D0D0,DXGI,0,512,1,Hardware: Independent Flip,2279.6416,0.3209,0.1647,0.1562,22.1964,0.2009,0.1990,0.0019,36.8724,13.5744,14.7445,2279.6416,14.4751,NA,NA
SandFall-Win64-Shipping.exe,31024,0x13F96A7D0D0,DXGI,0,512,1,Hardware: Independent Flip,2279.9625,28.3137,28.0021,0.3116,22.0764,27.2177,27.2121,0.0056,50.1259,13.8462,-13.2535,2279.9625,0.8318,NA,NA
SandFall-Win64-Shipping.exe,31024,0x13F96A7D0D0,DXGI,0,512,1,Hardware: Independent Flip,2308.2762,0.4533,0.1948,0.2585,20.9804,0.2107,0.2091,0.0016,35.6584,13.2515,14.4675,2308.2762,14.4673,NA,NA
SandFall-Win64-Shipping.exe,31024,0x13F96A7D0D0,DXGI,0,512,1,Hardware: Independent Flip,2308.7295,23.5330,23.2933,0.2397,20.7378,26.7442,26.7333,0.0109,48.4566,13.6393,-12.7982,2308.7295,0.9746,NA,NA
SandFall-Win64-Shipping.exe,31024,0x13F96A7D0D0,DXGI,0,512,1,Hardware: Independent Flip,2332.2625,0.3026,0.1543,0.1483,23.9490,0.2091,0.2074,0.0017,38.5629,13.6253,9.8937,2332.2625,14.4048,NA,NA
SandFall-Win64-Shipping.exe,31024,0x13F96A7D0D0,DXGI,0,512,1,Hardware: Independent Flip,2332.5651,28.5189,28.2643,0.2546,23.8555,26.8551,26.8437,0.0114,51.8856,13.4052,-13.3227,2332.5651,1.1750,NA,NA
SandFall-Win64-Shipping.exe,31024,0x13F96A7D0D0,DXGI,0,512,1,Hardware: Independent Flip,2361.0840,0.3030,0.1531,0.1499,22.1917,0.2036,0.2018,0.0018,36.7719,13.3842,15.1137,2361.0840,14.3766,NA,NA
SandFall-Win64-Shipping.exe,31024,0x13F96A7D0D0,DXGI,0,512,1,Hardware: Independent Flip,2361.3870,28.8204,28.5693,0.2511,22.0923,26.6865,26.6767,0.0098,49.8531,13.4540,-13.0812,2361.3870,1.0743,NA,NA
SandFall-Win64-Shipping.exe,31024,0x13F96A7D0D0,DXGI,0,512,1,Hardware: Independent Flip,2390.2074,0.3059,0.1528,0.1531,19.9584,0.2054,0.1983,0.0071,34.4867,14.6370,15.3664,2390.2074,14.3229,NA,NA
SandFall-Win64-Shipping.exe,31024,0x13F96A7D0D0,DXGI,0,512,1,Hardware: Independent Flip,2390.5133,29.6453,29.3915,0.2538,19.8579,27.8449,26.7969,1.0480,48.8178,13.3041,-14.3311,2390.5133,1.1150,NA,NA
SandFall-Win64-Shipping.exe,31024,0x13F96A7D0D0,DXGI,0,512,1,Hardware: Independent Flip,2420.1586,0.3326,0.1523,0.1803,18.0575,0.2044,0.1632,0.0412,32.4766,14.0511,16.3412,2420.1586,14.2147,NA,NA
SandFall-Win64-Shipping.exe,31024,0x13F96A7D0D0,DXGI,0,512,1,Hardware: Independent Flip,2420.4912,27.4357,27.1898,0.2459,17.9293,27.8103,26.6008,1.2095,46.1951,13.8198,-13.7185,2420.4912,0.4555,NA,NA
SandFall-Win64-Shipping.exe,31024,0x13F96A7D0D0,DXGI,0,512,1,Hardware: Independent Flip,2447.9269,0.3281,0.1628,0.1653,18.3039,0.1724,0.1664,0.0060,32.5792,15.0435,13.6159,2447.9269,14.1029,NA,NA
SandFall-Win64-Shipping.exe,31024,0x13F96A7D0D0,DXGI,0,512,1,Hardware: Independent Flip,2448.2550,28.5087,28.2370,0.2717,18.1482,28.7965,26.8169,1.9796,47.2946,13.8412,-14.7154,2448.2550,0.3499,NA,NA
SandFall-Win64-Shipping.exe,31024,0x13F96A7D0D0,DXGI,0,512,1,Hardware: Independent Flip,2476.7637,0.3296,0.1591,0.1705,18.4360,0.2326,0.1842,0.0484,32.6271,14.2764,14.6675,2476.7637,13.9585,NA,NA
SandFall-Win64-Shipping.exe,31024,0x13F96A7D0D0,DXGI,0,512,1,Hardware: Independent Flip,2477.0933,29.0893,28.8238,0.2655,18.3390,28.2344,27.6540,0.5804,46.5739,14.2673,-13.9468,2477.0933,0.0005,NA,NA
SandFall-Win64-Shipping.exe,31024,0x13F96A7D0D0,DXGI,0,512,1,Hardware: Independent Flip,2506.1826,0.3179,0.1609,0.1570,17.4841,0.1772,0.1753,0.0019,31.7519,12.5203,14.8220,2506.1826,14.0906,NA,NA
SandFall-Win64-Shipping.exe,31024,0x13F96A7D0D0,DXGI,0,512,1,Hardware: Independent Flip,2506.5005,25.1790,24.9342,0.2448,17.3434,26.6099,26.5988,0.0111,43.9543,14.1412,-12.2024,2506.5005,0.0010,NA,NA
SandFall-Win64-Shipping.exe,31024,0x13F96A7D0D0,DXGI,0,512,1,Hardware: Independent Flip,2531.6795,0.3364,0.1599,0.1765,18.7743,0.2022,0.1999,0.0023,32.9165,13.5428,11.0378,2531.6795,13.9400,NA,NA
SandFall-Win64-Shipping.exe,31024,0x13F96A7D0D0,DXGI,0,512,1,Hardware: Independent Flip,2532.0159,28.6238,28.3405,0.2833,18.6401,26.9548,26.5327,0.4221,46.1229,13.1554,-13.2064,2532.0159,0.5280,NA,NA
SandFall-Win64-Shipping.exe,31024,0x13F96A7D0D0,DXGI,0,512,1,Hardware: Independent Flip,2560.6397,0.3359,0.1771,0.1588,16.9711,0.2024,0.1966,0.0058,30.6545,14.0481,15.4684,2560.6397,13.4810,NA,NA
SandFall-Win64-Shipping.exe,31024,0x13F96A7D0D0,DXGI,0,512,1,Hardware: Independent Flip,2560.9756,26.2057,25.9418,0.2639,16.8376,27.1880,26.2722,0.9158,44.3667,13.2277,-13.7122,2560.9756,0.3411,NA,NA
SandFall-Win64-Shipping.exe,31024,0x13F96A7D0D0,DXGI,0,512,1,Hardware: Independent Flip,2587.1813,0.3232,0.1523,0.1709,17.8199,0.2079,0.2079,0.0000,31.3887,16.2629,12.9780,2587.1813,13.3609,NA,NA
SandFall-Win64-Shipping.exe,31024,0x13F96A7D0D0,DXGI,0,512,1,Hardware: Independent Flip,2587.5045,26.5082,26.2576,0.2506,17.7046,29.6209,28.9523,0.6686,47.3284,13.6616,-15.9397,2587.5045,0.0029,41.2193,NA
SandFall-Win64-Shipping.exe,31024,0x13F96A7D0D0,DXGI,0,512,1,Hardware: Independent Flip,2614.0127,0.3052,0.1548,0.1504,20.8173,0.1904,0.1862,0.0042,34.4818,16.9116,12.8466,2614.0127,13.4741,NA,NA
SandFall-Win64-Shipping.exe,31024,0x13F96A7D0D0,DXGI,0,512,1,Hardware: Independent Flip,2614.3179,29.7423,29.4926,0.2497,20.7025,30.3852,30.0915,0.2937,51.0882,14.9148,-16.6064,2614.3179,0.0005,50.7966,NA
SandFall-Win64-Shipping.exe,31024,0x13F96A7D0D0,DXGI,0,512,1,Hardware: Independent Flip,2644.0602,0.2979,0.1514,0.1465,21.3454,0.2945,0.2900,0.0045,36.2607,11.4391,14.8275,2644.0602,14.6208,NA,NA
SandFall-Win64-Shipping.exe,31024,0x13F96A7D0D0,DXGI,0,512,1,Hardware: Independent Flip,2644.3581,23.2722,23.0266,0.2456,21.3420,26.0591,26.0509,0.0082,47.4019,14.9977,-11.1412,2644.3581,0.0008,49.1555,NA
SandFall-Win64-Shipping.exe,31024,0x13F96A7D0D0,DXGI,0,512,1,Hardware: Independent Flip,2667.6303,0.3300,0.1761,0.1539,24.1289,0.2163,0.2163,0.0000,39.1274,11.1672,8.2745,2667.6303,14.7822,NA,NA
SandFall-Win64-Shipping.exe,31024,0x13F96A7D0D0,DXGI,0,512,1,Hardware: Independent Flip,2667.9603,26.9586,26.6459,0.3127,24.0152,25.9484,25.9454,0.0030,49.9646,14.0005,-10.8372,2667.9603,0.0010,45.3226,NA
SandFall-Win64-Shipping.exe,31024,0x13F96A7D0D0,DXGI,0,512,1,Hardware: Independent Flip,2694.9189,0.3282,0.1634,0.1648,23.0050,0.2246,0.2223,0.0023,37.0065,12.7258,12.9581,2694.9189,13.7769,NA,NA
SandFall-Win64-Shipping.exe,31024,0x13F96A7D0D0,DXGI,0,512,1,Hardware: Independent Flip,2695.2471,29.1954,28.9282,0.2672,22.9014,25.7229,25.7166,0.0063,49.4041,12.4622,-12.3976,2695.2471,0.7798,45.0089,NA
SandFall-Win64-Shipping.exe,31024,0x13F96A7D0D0,DXGI,0,512,1,Hardware: Independent Flip,2724.4425,0.3332,0.1567,0.1765,19.4289,0.2201,0.2184,0.0017,32.6709,13.7152,16.7332,2724.4425,13.0219,NA,NA
SandFall-Win64-Shipping.exe,31024,0x13F96A7D0D0,DXGI,0,512,1,Hardware: Independent Flip,2724.7757,23.1165,22.8235,0.2930,19.3158,26.0819,26.0688,0.0131,46.0529,12.5611,-13.3820,2724.7757,0.6552,43.2219,NA
SandFall-Win64-Shipping.exe,31024,0x13F96A7D0D0,DXGI,0,512,1,Hardware: Independent Flip,2747.8922,0.3073,0.1534,0.1539,22.2812,0.2048,0.2031,0.0017,35.4975,13.3843,10.5554,2747.8922,13.0115,NA,NA
SandFall-Win64-Shipping.exe,31024,0x13F96A7D0D0,DXGI,0,512,1,Hardware: Independent Flip,2748.1995,27.8139,27.3776,0.4363,22.1787,26.3068,26.2613,0.0455,48.5745,13.0180,-13.0770,2748.1995,0.0890,43.1724,NA
SandFall-Win64-Shipping.exe,31024,0x13F96A7D0D0,DXGI,0,512,1,Hardware: Independent Flip,2776.0134,0.3390,0.1722,0.1668,20.6716,0.2905,0.2885,0.0020,33.7786,13.9543,14.7959,2776.0134,12.8165,NA,NA
SandFall-Win64-Shipping.exe,31024,0x13F96A7D0D0,DXGI,0,512,1,Hardware: Independent Flip,2776.3524,24.3271,24.0172,0.3099,20.6231,26.7705,26.7640,0.0065,47.3939,13.3073,-13.6153,2776.3524,0.0003,43.1451,NA
SandFall-Win64-Shipping.exe,31024,0x13F96A7D0D0,DXGI,0,512,1,Hardware: Independent Flip,2800.6795,0.3252,0.1651,0.1601,23.0665,0.1812,0.1768,0.0044,36.3741,13.0262,11.0198,2800.6795,13.1264,NA,NA
SandFall-Win64-Shipping.exe,31024,0x13F96A7D0D0,DXGI,0,512,1,Hardware: Independent Flip,2801.0047,26.5195,26.2744,0.2451,22.9225,26.1514,26.1472,0.0042,49.0751,13.6746,-12.7010,2801.0047,0.0012,47.4728,NA
SandFall-Win64-Shipping.exe,31024,0x13F96A7D0D0,DXGI,0,512,1,Hardware: Independent Flip,2827.5242,0.3031,0.1540,0.1491,22.5544,0.2309,0.2309,0.0000,36.2302,12.7253,12.8449,2827.5242,13.4449,NA,NA
SandFall-Win64-Shipping.exe,31024,0x13F96A7D0D0,DXGI,0,512,1,Hardware: Independent Flip,2827.8273,25.7544,25.5058,0.2486,22.4822,26.1698,26.1632,0.0066,48.6524,13.4345,-12.4222,2827.8273,0.0004,43.8699,NA
SandFall-Win64-Shipping.exe,31024,0x13F96A7D0D0,DXGI,0,512,1,Hardware: Independent Flip,2853.5817,0.3049,0.1547,0.1502,22.8976,0.2187,0.2167,0.0020,36.3325,13.2228,12.3199,2853.5817,13.2162,NA,NA
SandFall-Win64-Shipping.exe,31024,0x13F96A7D0D0,DXGI,0,512,1,Hardware: Independent Flip,2853.8866,26.4616,26.2078,0.2538,22.8114,26.2296,26.2206,0.0090,49.2504,13.1817,-12.9179,2853.8866,0.2094,45.5291,NA
SandFall-Win64-Shipping.exe,31024,0x13F96A7D0D0,DXGI,0,512,1,Hardware: Independent Flip,2880.3482,0.3096,0.1552,0.1544,22.5794,0.2313,0.2295,0.0018,35.9705,13.1438,13.2799,2880.3482,13.1598,NA,NA
SandFall-Win64-Shipping.exe,31024,0x13F96A7D0D0,DXGI,0,512,1,Hardware: Independent Flip,2880.6578,30.3552,30.1159,0.2393,22.5011,26.1161,26.0562,0.0599,48.8047,13.2989,-12.8342,2880.6578,0.1875,41.8568,NA
SandFall-Win64-Shipping.exe,31024,0x13F96A7D0D0,DXGI,0,512,1,Hardware: Independent Flip,2911.0130,0.2987,0.1515,0.1472,18.2620,0.2352,0.2336,0.0016,31.7484,13.2675,17.0563,2911.0130,13.2512,NA,NA
SandFall-Win64-Shipping.exe,31024,0x13F96A7D0D0,DXGI,0,512,1,Hardware: Independent Flip,2911.3117,24.3539,24.0846,0.2693,18.1985,26.2551,26.2427,0.0124,44.7172,13.2009,-12.9688,2911.3117,0.2636,44.4201,NA
SandFall-Win64-Shipping.exe,31024,0x13F96A7D0D0,DXGI,0,512,1,Hardware: Independent Flip,2935.6656,0.3097,0.1546,0.1551,20.0997,0.2414,0.2388,0.0026,33.5642,13.6022,11.1530,2935.6656,13.2231,NA,NA
SandFall-Win64-Shipping.exe,31024,0x13F96A7D0D0,DXGI,0,512,1,Hardware: Independent Flip,2935.9753,25.8732,25.6105,0.2627,20.0314,26.5748,26.5610,0.0138,46.8567,13.2494,-13.2925,2935.9753,0.2505,44.0685,NA
SandFall-Win64-Shipping.exe,31024,0x13F96A7D0D0,DXGI,0,512,1,Hardware: Independent Flip,2961.8485,0.3301,0.1520,0.1781,20.7330,0.1921,0.1900,0.0021,34.2329,13.8078,12.6238,2961.8485,13.3078,NA,NA
SandFall-Win64-Shipping.exe,31024,0x13F96A7D0D0,DXGI,0,512,1,Hardware: Independent Flip,2962.1786,26.9359,26.6803,0.2556,20.5950,27.0360,27.0222,0.0138,47.7106,13.4377,-13.4777,2962.1786,0.0796,45.2836,NA
SandFall-Win64-Shipping.exe,31024,0x13F96A7D0D0,DXGI,0,512,1,Hardware: Independent Flip,2989.1145,0.3144,0.1521,0.1623,20.6951,0.3053,0.3021,0.0032,34.2124,12.8397,13.4982,2989.1145,13.2120,NA,NA
SandFall-Win64-Shipping.exe,31024,0x13F96A7D0D0,DXGI,0,512,1,Hardware: Independent Flip,2989.4289,29.7230,29.4631,0.2599,20.6860,26.0511,26.0396,0.0115,46.7377,13.5901,-12.5253,2989.4289,0.0006,44.5226,NA
SandFall-Win64-Shipping.exe,31024,0x13F96A7D0D0,DXGI,0,512,1,Hardware: Independent Flip,3019.1519,0.3070,0.1570,0.1500,17.0141,0.2485,0.2454,0.0031,30.6048,14.1056,16.1329,3019.1519,13.3422,NA,NA
SandFall-Win64-Shipping.exe,31024,0x13F96A7D0D0,DXGI,0,512,1,Hardware: Independent Flip,3019.4589,24.2514,24.0064,0.2450,16.9556,27.1825,27.1683,0.0142,44.4034,13.2253,-13.7986,3019.4589,0.2653,NA,NA
SandFall-Win64-Shipping.exe,31024,0x13F96A7D0D0,DXGI,0,512,1,Hardware: Independent Flip,3043.7103,0.3063,0.1534,0.1529,19.8867,0.1984,0.1967,0.0017,33.3773,12.9065,11.0261,3043.7103,13.2922,NA,NA
SandFall-Win64-Shipping.exe,31024,0x13F96A7D0D0,DXGI,0,512,1,Hardware: Independent Flip,3044.0166,25.4993,25.2432,0.2561,19.7788,26.1979,26.1842,0.0137,45.9775,13.6524,-12.6002,3044.0166,0.0008,44.3847,NA
SandFall-Win64-Shipping.exe,31024,0x13F96A7D0D0,DXGI,0,512,1,Hardware: Independent Flip,3069.5159,0.3154,0.1527,0.1627,20.4774,0.2215,0.2192,0.0023,34.1306,13.3617,11.8469,3069.5159,13.4317,NA,NA
SandFall-Win64-Shipping.exe,31024,0x13F96A7D0D0,DXGI,0,512,1,Hardware: Independent Flip,3069.8313,27.3673,27.1129,0.2544,20.3835,26.6042,26.5925,0.0117,47.1769,13.4238,-13.0463,3069.8313,0.1892,52.3890,NA
SandFall-Win64-Shipping.exe,31024,0x13F96A7D0D0,DXGI,0,512,1,Hardware: Independent Flip,3097.1986,0.3195,0.1679,0.1516,19.6204,0.2150,0.2134,0.0016,33.2334,13.5941,13.9435,3097.1986,13.3980,NA,NA
SandFall-Win64-Shipping.exe,31024,0x13F96A7D0D0,DXGI,0,512,1,Hardware: Independent Flip,3097.5181,25.3991,25.1479,0.2512,19.5159,26.7734,26.7649,0.0085,46.5080,13.2812,-13.2746,3097.5181,0.2187,NA,NA
SandFall-Win64-Shipping.exe,31024,0x13F96A7D0D0,DXGI,0,512,1,Hardware: Independent Flip,3122.9172,0.5392,0.1516,0.3876,20.8902,0.2347,0.2331,0.0016,34.3901,12.8449,12.1179,3122.9172,13.2652,NA,NA
SandFall-Win64-Shipping.exe,31024,0x13F96A7D0D0,DXGI,0,512,1,Hardware: Independent Flip,3123.4564,26.8878,26.6019,0.2859,20.5857,26.0614,26.0495,0.0119,46.6958,13.5371,-12.3057,3123.4564,0.0487,NA,NA
SandFall-Win64-Shipping.exe,31024,0x13F96A7D0D0,DXGI,0,512,1,Hardware: Independent Flip,3150.3442,0.3187,0.1551,0.1636,19.7593,0.3090,0.3053,0.0037,33.3451,13.6904,13.3507,3150.3442,13.2768,NA,NA
SandFall-Win64-Shipping.exe,31024,0x13F96A7D0D0,DXGI,0,512,1,Hardware: Independent Flip,3150.6629,30.3204,30.0781,0.2423,19.7496,26.5684,26.3241,0.2443,46.7168,13.0680,-13.3717,3150.6629,0.3988,46.7655,NA
SandFall-Win64-Shipping.exe,31024,0x13F96A7D0D0,DXGI,0,512,1,Hardware: Independent Flip,3180.9833,0.3017,0.1522,0.1495,15.9976,0.2004,0.1987,0.0017,29.4644,13.4678,17.2524,3180.9833,13.2664,NA,NA
SandFall-Win64-Shipping.exe,31024,0x13F96A7D0D0,DXGI,0,512,1,Hardware: Independent Flip,3181.2850,23.0636,22.8209,0.2427,15.8963,26.6393,26.5921,0.0472,42.6305,13.3871,-13.1661,3181.2850,0.0949,52.2749,NA
SandFall-Win64-Shipping.exe,31024,0x13F96A7D0D0,DXGI,0,512,1,Hardware: Independent Flip,3204.3486,0.3192,0.1519,0.1673,19.4720,0.3201,0.3170,0.0031,32.9540,14.0520,9.6765,3204.3486,13.1619,NA,NA
SandFall-Win64-Shipping.exe,31024,0x13F96A7D0D0,DXGI,0,512,1,Hardware: Independent Flip,3204.6678,29.8475,29.5894,0.2581,19.4729,27.1566,27.1463,0.0103,46.6868,13.4022,-13.7328,3204.6678,0.0573,57.7321,NA
SandFall-Win64-Shipping.exe,31024,0x13F96A7D0D0,DXGI,0,512,1,Hardware: Independent Flip,3234.5153,0.3394,0.1624,0.1770,16.7820,0.2179,0.2154,0.0025,30.2415,12.9678,16.4453,3234.5153,13.2416,NA,NA
SandFall-Win64-Shipping.exe,31024,0x13F96A7D0D0,DXGI,0,512,1,Hardware: Independent Flip,3234.8547,23.2963,23.0512,0.2451,16.6605,26.2086,26.1946,0.0140,42.8699,13.6485,-12.6284,3234.8547,0.0008,NA,NA
SandFall-Win64-Shipping.exe,31024,0x13F96A7D0D0,DXGI,0,512,1,Hardware: Independent Flip,3258.1510,0.3047,0.1508,0.1539,19.5728,0.2154,0.2135,0.0019,33.2221,12.6962,9.6478,3258.1510,13.4339,NA,NA
SandFall-Win64-Shipping.exe,31024,0x13F96A7D0D0,DXGI,0,512,1,Hardware: Independent Flip,3258.4557,25.7838,25.5106,0.2732,19.4835,26.0746,26.0652,0.0094,45.6136,13.3351,-12.3915,3258.4557,0.0555,NA,NA
SandFall-Win64-Shipping.exe,31024,0x13F96A7D0D0,DXGI,0,512,1,Hardware: Independent Flip,3284.2395,0.3212,0.1620,0.1592,19.7743,0.2712,0.2688,0.0024,33.1649,13.9851,12.4487,3284.2395,13.1194,NA,NA
SandFall-Win64-Shipping.exe,31024,0x13F96A7D0D0,DXGI,0,512,1,Hardware: Independent Flip,3284.5607,30.3077,30.0422,0.2655,19.7243,26.7208,25.9676,0.7532,46.8288,13.0199,-13.6639,3284.5607,0.3837,NA,NA
SandFall-Win64-Shipping.exe,31024,0x13F96A7D0D0,DXGI,0,512,1,Hardware: Independent Flip,3314.8684,0.3243,0.1615,0.1628,16.1374,0.1844,0.1787,0.0057,29.5410,12.6729,17.2878,3314.8684,13.2192,NA,NA
SandFall-Win64-Shipping.exe,31024,0x13F96A7D0D0,DXGI,0,512,1,Hardware: Independent Flip,3315.1927,24.3231,24.0777,0.2454,15.9975,25.8911,25.8810,0.0101,41.8896,13.5944,-12.3486,3315.1927,0.0010,NA,NA
SandFall-Win64-Shipping.exe,31024,0x13F96A7D0D0,DXGI,0,512,1,Hardware: Independent Flip,3339.5158,0.3122,0.1542,0.1580,17.5655,0.1966,0.1947,0.0019,31.1609,13.2421,10.7287,3339.5158,13.3988,NA,NA
SandFall-Win64-Shipping.exe,31024,0x13F96A7D0D0,DXGI,0,512,1,Hardware: Independent Flip,3339.8280,25.9574,25.7119,0.2455,17.4499,26.2873,25.8660,0.4213,44.0908,13.0549,-12.9299,3339.8280,0.3536,NA,NA
SandFall-Win64-Shipping.exe,31024,0x13F96A7D0D0,DXGI,0,512,1,Hardware: Independent Flip,3365.7854,0.3021,0.1532,0.1489,17.7798,0.1955,0.1937,0.0018,31.1883,13.3233,12.9025,3365.7854,13.2130,NA,NA
SandFall-Win64-Shipping.exe,31024,0x13F96A7D0D0,DXGI,0,512,1,Hardware: Independent Flip,3366.0875,26.4712,26.2053,0.2659,17.6732,26.2711,25.8098,0.4613,44.2095,13.0845,-13.0212,3366.0875,0.2652,NA,NA
SandFall-Win64-Shipping.exe,31024,0x13F96A7D0D0,DXGI,0,512,1,Hardware: Independent Flip,3392.5587,0.3046,0.1535,0.1511,17.4731,0.2274,0.2219,0.0055,30.8228,14.4371,13.3867,3392.5587,13.1223,NA,NA
SandFall-Win64-Shipping.exe,31024,0x13F96A7D0D0,DXGI,0,512,1,Hardware: Independent Flip,3392.8633,27.2510,26.9927,0.2583,17.3959,27.4092,26.0364,1.3728,44.9553,13.0930,-14.1325,3392.8633,0.1502,NA,NA
SandFall-Win64-Shipping.exe,31024,0x13F96A7D0D0,DXGI,0,512,1,Hardware: Independent Flip,3420.1143,0.3354,0.1668,0.1686,17.5541,0.2172,0.2156,0.0016,30.7973,13.1699,14.1580,3420.1143,13.0260,NA,NA
SandFall-Win64-Shipping.exe,31024,0x13F96A7D0D0,DXGI,0,512,1,Hardware: Independent Flip,3420.4497,24.1916,23.9485,0.2431,17.4359,26.1954,26.1847,0.0107,43.6318,13.6688,-12.8345,3420.4497,0.0005,47.4752,NA
SandFall-Win64-Shipping.exe,31024,0x13F96A7D0D0,DXGI,0,512,1,Hardware: Independent Flip,3444.6413,0.3757,0.1997,0.1760,19.4397,0.2181,0.2181,0.0000,33.1090,12.2716,10.5228,3444.6413,13.4512,NA,NA
SandFall-Win64-Shipping.exe,31024,0x13F96A7D0D0,DXGI,0,512,1,Hardware: Independent Flip,3445.0170,26.0335,25.7877,0.2458,19.2821,25.7218,25.7109,0.0109,45.0049,13.3885,-11.8959,3445.0170,0.0010,41.4163,NA
SandFall-Win64-Shipping.exe,31024,0x13F96A7D0D0,DXGI,0,512,1,Hardware: Independent Flip,3471.0505,0.3187,0.1662,0.1525,18.9704,0.2531,0.2503,0.0028,32.3599,12.8089,12.6450,3471.0505,13.1364,NA,NA
SandFall-Win64-Shipping.exe,31024,0x13F96A7D0D0,DXGI,0,512,1,Hardware: Independent Flip,3471.3692,26.6233,26.3715,0.2518,18.9048,25.6914,25.6813,0.0101,44.8501,12.7741,-12.4902,3471.3692,0.2539,39.6085,NA
SandFall-Win64-Shipping.exe,31024,0x13F96A7D0D0,DXGI,0,512,1,Hardware: Independent Flip,3497.9925,0.3062,0.1550,0.1512,17.9729,0.1979,0.1964,0.0015,31.0009,13.4247,13.8492,3497.9925,12.8301,NA,NA
SandFall-Win64-Shipping.exe,31024,0x13F96A7D0D0,DXGI,0,512,1,Hardware: Independent Flip,3498.2987,25.3350,25.0825,0.2525,17.8646,26.0099,25.9988,0.0111,44.1194,12.7420,-13.1185,3498.2987,0.2449,42.8061,NA
SandFall-Win64-Shipping.exe,31024,0x13F96A7D0D0,DXGI,0,512,1,Hardware: Independent Flip,3523.6337,0.3778,0.1832,0.1946,18.5395,0.2002,0.1985,0.0017,31.5264,13.2553,12.5930,3523.6337,12.7867,NA,NA
SandFall-Win64-Shipping.exe,31024,0x13F96A7D0D0,DXGI,0,512,1,Hardware: Independent Flip,3524.0115,25.7473,25.4898,0.2575,18.3619,26.0408,26.0313,0.0095,44.4039,13.0758,-12.8775,3524.0115,0.0012,41.7540,NA
SandFall-Win64-Shipping.exe,31024,0x13F96A7D0D0,DXGI,0,512,1,Hardware: Independent Flip,3549.7588,0.3131,0.1584,0.1547,18.6554,0.1887,0.1861,0.0026,31.7324,13.5964,12.6715,3549.7588,12.8883,NA,NA
SandFall-Win64-Shipping.exe,31024,0x13F96A7D0D0,DXGI,0,512,1,Hardware: Independent Flip,3550.0719,27.2563,27.0141,0.2422,18.5310,26.4838,26.1636,0.3202,45.0157,13.1616,-13.2833,3550.0719,0.0009,39.4750,NA
SandFall-Win64-Shipping.exe,31024,0x13F96A7D0D0,DXGI,0,512,1,Hardware: Independent Flip,3577.3282,0.3398,0.1625,0.1773,17.7585,0.2311,0.2284,0.0027,30.9210,13.2050,14.0947,3577.3282,12.9314,NA,NA
SandFall-Win64-Shipping.exe,31024,0x13F96A7D0D0,DXGI,0,512,1,Hardware: Independent Flip,3577.6680,23.7832,23.5034,0.2798,17.6498,26.1354,26.1191,0.0163,43.7862,13.4026,-12.8652,3577.6680,0.0010,41.8500,NA
SandFall-Win64-Shipping.exe,31024,0x13F96A7D0D0,DXGI,0,512,1,Hardware: Independent Flip,3601.4512,0.3264,0.1673,0.1591,20.0020,0.2207,0.2185,0.0022,33.4056,16.9029,10.3806,3601.4512,13.1829,NA,NA
SandFall-Win64-Shipping.exe,31024,0x13F96A7D0D0,DXGI,0,512,1,Hardware: Independent Flip,3601.7776,26.6140,26.3159,0.2981,19.8963,30.0849,30.0735,0.0114,49.9821,13.3606,-16.5765,3601.7776,0.0009,44.1561,NA
SandFall-Win64-Shipping.exe,31024,0x13F96A7D0D0,DXGI,0,512,1,Hardware: Independent Flip,3628.3916,0.3273,0.1565,0.1708,23.3672,0.2273,0.2252,0.0021,36.7287,16.4602,13.2534,3628.3916,13.1342,NA,NA
SandFall-Win64-Shipping.exe,31024,0x13F96A7D0D0,DXGI,0,512,1,Hardware: Independent Flip,3628.7189,25.4826,25.2514,0.2312,23.2672,29.5938,29.5856,0.0082,52.8616,14.5408,-16.1329,3628.7189,0.0006,47.9754,NA
SandFall-Win64-Shipping.exe,31024,0x13F96A7D0D0,DXGI,0,512,1,Hardware: Independent Flip,3654.2015,0.3141,0.1639,0.1502,27.3784,0.2214,0.2179,0.0035,41.9198,12.3078,10.9418,3654.2015,14.3200,NA,NA
SandFall-Win64-Shipping.exe,31024,0x13F96A7D0D0,DXGI,0,512,1,Hardware: Independent Flip,3654.5156,25.5274,25.2628,0.2646,27.2857,26.6272,26.6210,0.0062,53.9135,14.5513,-11.9937,3654.5156,0.0006,48.8248,NA
SandFall-Win64-Shipping.exe,31024,0x13F96A7D0D0,DXGI,0,512,1,Hardware: Independent Flip,3680.0430,0.3230,0.1714,0.1516,28.3855,0.2412,0.2379,0.0033,42.9374,12.3301,10.9761,3680.0430,14.3107,NA,NA
SandFall-Win64-Shipping.exe,31024,0x13F96A7D0D0,DXGI,0,512,1,Hardware: Independent Flip,3680.3660,30.5645,30.3060,0.2585,28.3037,26.6401,26.6334,0.0067,54.9445,14.5409,-12.0071,3680.3660,0.0007,51.7085,NA
SandFall-Win64-Shipping.exe,31024,0x13F96A7D0D0,DXGI,0,512,1,Hardware: Independent Flip,3710.9305,0.3099,0.1600,0.1499,24.3793,0.2294,0.2273,0.0021,38.9209,12.4382,16.0236,3710.9305,14.3122,NA,NA
SandFall-Win64-Shipping.exe,31024,0x13F96A7D0D0,DXGI,0,512,1,Hardware: Independent Flip,3711.2404,26.8177,26.5720,0.2457,24.2988,26.7496,26.7436,0.0060,51.0492,13.9971,-12.1283,3711.2404,0.0008,49.6907,NA
SandFall-Win64-Shipping.exe,31024,0x13F96A7D0D0,DXGI,0,512,1,Hardware: Independent Flip,3738.0581,0.3916,0.1960,0.1956,24.2307,0.1883,0.1836,0.0047,38.2286,13.0470,12.8206,3738.0581,13.8096,NA,NA
SandFall-Win64-Shipping.exe,31024,0x13F96A7D0D0,DXGI,0,512,1,Hardware: Independent Flip,3738.4497,25.7228,25.4604,0.2624,24.0274,26.8561,26.8480,0.0081,50.8840,13.5021,-12.6554,3738.4497,0.0005,50.7158,NA
SandFall-Win64-Shipping.exe,31024,0x13F96A7D0D0,DXGI,0,512,1,Hardware: Independent Flip,3764.1725,0.3275,0.1678,0.1597,25.1607,0.2232,0.2208,0.0024,38.6633,13.7609,12.2207,3764.1725,13.2794,NA,NA
SandFall-Win64-Shipping.exe,31024,0x13F96A7D0D0,DXGI,0,512,1,Hardware: Independent Flip,3764.5000,27.2506,27.0132,0.2374,25.0564,26.9880,26.9816,0.0064,52.0967,13.3973,-13.4334,3764.5000,0.0523,50.9836,NA
SandFall-Win64-Shipping.exe,31024,0x13F96A7D0D0,DXGI,0,512,1,Hardware: Independent Flip,3791.7506,0.3098,0.1583,0.1515,24.7938,0.2392,0.2365,0.0027,38.2434,13.5469,13.8533,3791.7506,13.2104,NA,NA
SandFall-Win64-Shipping.exe,31024,0x13F96A7D0D0,DXGI,0,512,1,Hardware: Independent Flip,3792.0604,26.3145,26.0750,0.2395,24.7232,26.7565,26.7503,0.0062,51.4805,13.7467,-13.2371,3792.0604,0.0008,49.9355,NA
SandFall-Win64-Shipping.exe,31024,0x13F96A7D0D0,DXGI,0,512,1,Hardware: Independent Flip,3818.3749,0.3173,0.1648,0.1525,25.1652,0.2206,0.2179,0.0027,38.9127,13.0953,12.5678,3818.3749,13.5269,NA,NA
SandFall-Win64-Shipping.exe,31024,0x13F96A7D0D0,DXGI,0,512,1,Hardware: Independent Flip,3818.6922,27.5106,27.1503,0.3603,25.0685,26.6213,26.6128,0.0085,51.6907,13.8229,-12.7780,3818.6922,0.0009,51.7774,NA
SandFall-Win64-Shipping.exe,31024,0x13F96A7D0D0,DXGI,0,512,1,Hardware: Independent Flip,3846.2028,0.3265,0.1709,0.1556,24.1792,0.2105,0.2087,0.0018,38.0030,13.6880,13.6877,3846.2028,13.6133,NA,NA
SandFall-Win64-Shipping.exe,31024,0x13F96A7D0D0,DXGI,0,512,1,Hardware: Independent Flip,3846.5293,27.5480,27.2992,0.2488,24.0632,26.9950,26.9888,0.0062,51.3645,13.5398,-13.3615,3846.5293,0.3063,51.2812,NA
SandFall-Win64-Shipping.exe,31024,0x13F96A7D0D0,DXGI,0,512,1,Hardware: Independent Flip,3874.0773,0.3163,0.1627,0.1536,23.5102,0.2007,0.1989,0.0018,37.3563,13.8523,14.0082,3874.0773,13.6454,NA,NA
SandFall-Win64-Shipping.exe,31024,0x13F96A7D0D0,DXGI,0,512,1,Hardware: Independent Flip,3874.3936,27.7153,27.4640,0.2513,23.3946,27.2582,27.2520,0.0062,50.8923,13.7188,-13.5360,3874.3936,0.2395,53.6686,NA
SandFall-Win64-Shipping.exe,31024,0x13F96A7D0D0,DXGI,0,512,1,Hardware: Independent Flip,3902.1089,0.3246,0.1656,0.1590,22.9375,0.2707,0.2681,0.0026,36.8958,12.5217,13.9965,3902.1089,13.6876,NA,NA
SandFall-Win64-Shipping.exe,31024,0x13F96A7D0D0,DXGI,0,512,1,Hardware: Independent Flip,3902.4335,26.6433,26.3997,0.2436,22.8836,26.0406,26.0324,0.0082,49.0929,13.7785,-12.1971,3902.4335,0.1687,NA,NA
SandFall-Win64-Shipping.exe,31024,0x13F96A7D0D0,DXGI,0,512,1,Hardware: Independent Flip,3929.0768,0.3129,0.1591,0.1538,22.2809,0.2005,0.1944,0.0061,36.2281,13.2901,12.8648,3929.0768,13.7467,NA,NA
SandFall-Win64-Shipping.exe,31024,0x13F96A7D0D0,DXGI,0,512,1,Hardware: Independent Flip,3929.3897,26.9372,26.6891,0.2481,22.1685,26.2439,26.2360,0.0079,49.2053,13.1554,-12.9772,3929.3897,0.7929,NA,NA
SandFall-Win64-Shipping.exe,31024,0x13F96A7D0D0,DXGI,0,512,1,Hardware: Independent Flip,3956.3269,0.3065,0.1584,0.1481,21.4752,0.2044,0.2023,0.0021,35.4235,12.6516,13.7818,3956.3269,13.7439,NA,NA
SandFall-Win64-Shipping.exe,31024,0x13F96A7D0D0,DXGI,0,512,1,Hardware: Independent Flip,3956.6334,22.6593,22.4086,0.2507,21.3731,25.6620,25.6530,0.0090,47.7686,13.2733,-12.3451,3956.6334,0.7335,56.7870,NA
SandFall-Win64-Shipping.exe,31024,0x13F96A7D0D0,DXGI,0,512,1,Hardware: Independent Flip,3979.2927,0.3017,0.1519,0.1498,24.3758,0.1742,0.1690,0.0052,38.3826,12.7217,9.3860,3979.2927,13.8326,NA,NA
SandFall-Win64-Shipping.exe,31024,0x13F96A7D0D0,DXGI,0,512,1,Hardware: Independent Flip,3979.5944,28.9570,28.7014,0.2556,24.2483,25.4987,25.4878,0.0109,50.8026,13.0334,-12.4200,3979.5944,1.0556,NA,NA
SandFall-Win64-Shipping.exe,31024,0x13F96A7D0D0,DXGI,0,512,1,Hardware: Independent Flip,4008.5514,0.3072,0.1543,0.1529,20.7900,0.2122,0.2084,0.0038,34.8790,13.0109,15.9236,4008.5514,13.8768,NA,NA
SandFall-Win64-Shipping.exe,31024,0x13F96A7D0D0,DXGI,0,512,1,Hardware: Independent Flip,4008.8586,27.3370,27.0991,0.2379,20.6950,25.6707,25.6589,0.0118,47.5827,12.7126,-12.7037,4008.8586,1.2170,NA,NA
SandFall-Win64-Shipping.exe,31024,0x13F96A7D0D0,DXGI,0,512,1,Hardware: Independent Flip,4036.1956,0.3160,0.1680,0.1480,19.0287,0.1885,0.1869,0.0016,32.9583,12.9780,14.6244,4036.1956,13.7411,NA,NA
SandFall-Win64-Shipping.exe,31024,0x13F96A7D0D0,DXGI,0,512,1,Hardware: Independent Flip,4036.5116,26.7389,26.4922,0.2467,18.9012,25.6412,25.6280,0.0132,45.6203,12.7564,-12.6620,4036.5116,1.0779,43.5240,NA
SandFall-Win64-Shipping.exe,31024,0x13F96A7D0D0,DXGI,0,512,1,Hardware: Independent Flip,4063.2505,0.3026,0.1513,0.1513,17.8035,0.1932,0.1864,0.0068,31.6378,14.3868,13.9825,4063.2505,13.6411,NA,NA
SandFall-Win64-Shipping.exe,31024,0x13F96A7D0D0,DXGI,0,512,1,Hardware: Independent Flip,4063.5531,27.2459,26.9881,0.2578,17.6941,27.0343,25.6467,1.3876,45.7220,12.6856,-14.0842,4063.5531,0.9936,44.6582,NA
SandFall-Win64-Shipping.exe,31024,0x13F96A7D0D0,DXGI,0,512,1,Hardware: Independent Flip,4090.7990,0.3286,0.1557,0.1729,17.4825,0.1509,0.1412,0.0097,31.1617,14.8504,14.5603,4090.7990,13.5283,NA,NA
SandFall-Win64-Shipping.exe,31024,0x13F96A7D0D0,DXGI,0,512,1,Hardware: Independent Flip,4091.1276,28.2396,27.9793,0.2603,17.3048,28.1968,25.4538,2.7430,45.6835,13.3750,-14.5218,4091.1276,0.1819,48.2017,NA
SandFall-Win64-Shipping.exe,31024,0x13F96A7D0D0,DXGI,0,512,1,Hardware: Independent Flip,4119.3672,0.3490,0.1673,0.1817,17.2620,0.2124,0.2109,0.0015,30.8189,13.6016,14.8646,4119.3672,13.3445,NA,NA
SandFall-Win64-Shipping.exe,31024,0x13F96A7D0D0,DXGI,0,512,1,Hardware: Independent Flip,4119.7162,25.0669,24.7931,0.2738,17.1254,26.9441,26.9338,0.0103,44.0715,13.9899,-13.2526,4119.7162,0.0020,NA,NA
SandFall-Win64-Shipping.exe,31024,0x13F96A7D0D0,DXGI,0,512,1,Hardware: Independent Flip,4144.7831,0.3353,0.1757,0.1596,19.0026,0.2557,0.2528,0.0029,32.9945,12.2842,11.0770,4144.7831,13.7362,NA,NA
SandFall-Win64-Shipping.exe,31024,0x13F96A7D0D0,DXGI,0,512,1,Hardware: Independent Flip,4145.1184,27.7196,27.4678,0.2518,18.9230,26.0194,25.5645,0.4549,44.9434,13.6441,-11.9489,4145.1184,0.0010,NA,NA
SandFall-Win64-Shipping.exe,31024,0x13F96A7D0D0,DXGI,0,512,1,Hardware: Independent Flip,4172.8380,0.3005,0.1535,0.1470,17.2228,0.2060,0.2060,0.0000,30.8679,12.5920,14.0755,4172.8380,13.4391,NA,NA
SandFall-Win64-Shipping.exe,31024,0x13F96A7D0D0,DXGI,0,512,1,Hardware: Independent Flip,4173.1385,23.7955,23.5463,0.2492,17.1283,25.7439,25.7357,0.0082,43.1594,12.8194,-12.2915,4173.1385,0.2872,44.6842,NA
SandFall-Win64-Shipping.exe,31024,0x13F96A7D0D0,DXGI,0,512,1,Hardware: Independent Flip,4196.9340,0.3001,0.1514,0.1487,19.0767,0.1736,0.1736,0.0000,32.1833,14.3391,10.9761,4196.9340,12.9330,NA,NA
SandFall-Win64-Shipping.exe,31024,0x13F96A7D0D0,DXGI,0,512,1,Hardware: Independent Flip,4197.2341,27.9329,27.6728,0.2601,18.9502,26.8605,26.1057,0.7548,46.2223,12.5594,-14.0390,4197.2341,0.4116,52.8358,NA
SandFall-Win64-Shipping.exe,31024,0x13F96A7D0D0,DXGI,0,512,1,Hardware: Independent Flip,4225.1670,0.3553,0.1939,0.1614,17.8778,0.1984,0.1967,0.0017,30.8488,13.0366,15.3735,4225.1670,12.7726,NA,NA
SandFall-Win64-Shipping.exe,31024,0x13F96A7D0D0,DXGI,0,512,1,Hardware: Independent Flip,4225.5223,23.5285,23.2535,0.2750,17.7209,25.8084,25.7947,0.0137,43.5301,13.4807,-12.6813,4225.5223,0.0008,45.4380,NA
SandFall-Win64-Shipping.exe,31024,0x13F96A7D0D0,DXGI,0,512,1,Hardware: Independent Flip,4249.0508,0.3048,0.1573,0.1475,20.0008,0.2127,0.2127,0.0000,33.4823,12.4115,10.0478,4249.0508,13.2688,NA,NA
SandFall-Win64-Shipping.exe,31024,0x13F96A7D0D0,DXGI,0,512,1,Hardware: Independent Flip,4249.3556,25.3978,25.1359,0.2619,19.9087,25.6794,25.6686,0.0108,45.5890,13.2299,-12.1067,4249.3556,0.0009,41.3341,NA
SandFall-Win64-Shipping.exe,31024,0x13F96A7D0D0,DXGI,0,512,1,Hardware: Independent Flip,4274.7534,0.3596,0.1571,0.2025,20.1903,0.2214,0.2191,0.0023,33.4211,13.1823,12.1679,4274.7534,13.0094,NA,NA
SandFall-Win64-Shipping.exe,31024,0x13F96A7D0D0,DXGI,0,512,1,Hardware: Independent Flip,4275.1130,26.0646,25.8169,0.2477,20.0521,26.0671,26.0527,0.0144,46.2438,12.8187,-12.8227,4275.1130,0.1246,41.7166,NA
SandFall-Win64-Shipping.exe,31024,0x13F96A7D0D0,DXGI,0,512,1,Hardware: Independent Flip,4301.1776,0.3090,0.1546,0.1544,20.0546,0.1929,0.1890,0.0039,32.9979,12.8401,13.2459,4301.1776,12.7504,NA,NA
SandFall-Win64-Shipping.exe,31024,0x13F96A7D0D0,DXGI,0,512,1,Hardware: Independent Flip,4301.4866,26.5817,26.3366,0.2451,19.9385,25.5898,25.5839,0.0059,45.5290,13.0623,-12.5311,4301.4866,0.0007,39.4064,NA
SandFall-Win64-Shipping.exe,31024,0x13F96A7D0D0,DXGI,0,512,1,Hardware: Independent Flip,4328.0683,0.3214,0.1650,0.1564,18.9466,0.2164,0.2143,0.0021,32.0096,12.9215,13.5194,4328.0683,12.8466,NA,NA
SandFall-Win64-Shipping.exe,31024,0x13F96A7D0D0,DXGI,0,512,1,Hardware: Independent Flip,4328.3897,24.9377,24.5837,0.3540,18.8416,25.7231,25.7126,0.0105,44.6097,12.9299,-12.6001,4328.3897,0.0450,39.3954,NA
SandFall-Win64-Shipping.exe,31024,0x13F96A7D0D0,DXGI,0,512,1,Hardware: Independent Flip,4353.3274,0.3709,0.1792,0.1917,19.6270,0.2308,0.2285,0.0023,32.6019,13.3676,12.0078,4353.3274,12.7441,NA,NA
SandFall-Win64-Shipping.exe,31024,0x13F96A7D0D0,DXGI,0,512,1,Hardware: Independent Flip,4353.6983,25.9047,25.6651,0.2396,19.4869,26.0561,26.0451,0.0110,45.5986,12.9464,-12.9967,4353.6983,0.0556,41.6858,NA
SandFall-Win64-Shipping.exe,31024,0x13F96A7D0D0,DXGI,0,512,1,Hardware: Independent Flip,4379.6030,0.3237,0.1712,0.1525,19.6383,0.2866,0.2839,0.0027,32.6403,13.7090,12.9583,4379.6030,12.7154,NA,NA
SandFall-Win64-Shipping.exe,31024,0x13F96A7D0D0,DXGI,0,512,1,Hardware: Independent Flip,4379.9267,26.3675,26.1174,0.2501,19.6012,26.4234,26.4087,0.0147,46.0256,13.2234,-13.3853,4379.9267,0.0010,39.3298,NA
SandFall-Win64-Shipping.exe,31024,0x13F96A7D0D0,DXGI,0,512,1,Hardware: Independent Flip,4406.2942,0.3124,0.1672,0.1452,19.6571,0.2123,0.2100,0.0023,32.8815,13.0532,13.1441,4406.2942,13.0121,NA,NA
SandFall-Win64-Shipping.exe,31024,0x13F96A7D0D0,DXGI,0,512,1,Hardware: Independent Flip,4406.6066,26.2311,25.9704,0.2607,19.5570,26.0648,26.0509,0.0139,45.6223,13.4476,-12.7408,4406.6066,0.0005,39.6242,NA
SandFall-Win64-Shipping.exe,31024,0x13F96A7D0D0,DXGI,0,512,1,Hardware: Independent Flip,4432.8377,0.3192,0.1682,0.1510,19.3907,0.2142,0.2113,0.0029,32.8388,13.1274,12.7835,4432.8377,13.2339,NA,NA
SandFall-Win64-Shipping.exe,31024,0x13F96A7D0D0,DXGI,0,512,1,Hardware: Independent Flip,4433.1569,25.1950,24.9300,0.2650,19.2857,26.3601,26.3459,0.0142,45.6470,13.3028,-12.8082,4433.1569,0.0012,40.2008,NA
SandFall-Win64-Shipping.exe,31024,0x13F96A7D0D0,DXGI,0,512,1,Hardware: Independent Flip,4458.3519,0.3099,0.1496,0.1603,20.4508,0.2134,0.2134,0.0000,33.7548,13.4362,11.8922,4458.3519,13.0906,NA,NA
SandFall-Win64-Shipping.exe,31024,0x13F96A7D0D0,DXGI,0,512,1,Hardware: Independent Flip,4458.6618,26.4324,26.1728,0.2596,20.3543,26.5259,26.5096,0.0163,46.8811,13.2896,-13.1263,4458.6618,0.0009,40.9392,NA
SandFall-Win64-Shipping.exe,31024,0x13F96A7D0D0,DXGI,0,512,1,Hardware: Independent Flip,4485.0942,0.3319,0.1674,0.1645,20.4478,0.2430,0.2412,0.0018,33.7383,13.2929,13.1428,4485.0942,13.0475,NA,NA
SandFall-Win64-Shipping.exe,31024,0x13F96A7D0D0,DXGI,0,512,1,Hardware: Independent Flip,4485.4261,26.1158,25.8523,0.2635,20.3589,26.3399,26.3266,0.0133,46.6993,13.4608,-12.9610,4485.4261,0.0005,40.5159,NA
SandFall-Win64-Shipping.exe,31024,0x13F96A7D0D0,DXGI,0,512,1,Hardware: Independent Flip,4511.5419,0.3315,0.1672,0.1643,20.5830,0.2141,0.2117,0.0024,34.0443,12.8517,12.6550,4511.5419,13.2472,NA,NA
SandFall-Win64-Shipping.exe,31024,0x13F96A7D0D0,DXGI,0,512,1,Hardware: Independent Flip,4511.8734,26.7286,26.4820,0.2466,20.4656,26.0982,26.0811,0.0171,46.5645,13.3831,-12.5202,4511.8734,0.0007,41.8324,NA
SandFall-Win64-Shipping.exe,31024,0x13F96A7D0D0,DXGI,0,512,1,Hardware: Independent Flip,4538.6020,0.3098,0.1558,0.1540,19.8352,0.1630,0.1567,0.0063,33.2190,12.9593,13.3455,4538.6020,13.2208,NA,NA
SandFall-Win64-Shipping.exe,31024,0x13F96A7D0D0,DXGI,0,512,1,Hardware: Independent Flip,4538.9118,25.7149,25.4412,0.2737,19.6884,26.1228,26.1079,0.0149,45.8685,13.1778,-12.6495,4538.9118,0.0573,41.1720,NA
SandFall-Win64-Shipping.exe,31024,0x13F96A7D0D0,DXGI,0,512,1,Hardware: Independent Flip,4564.6267,0.4069,0.2018,0.2051,20.0963,0.2551,0.2527,0.0024,33.3314,13.0606,12.5371,4564.6267,12.9800,NA,NA
SandFall-Win64-Shipping.exe,31024,0x13F96A7D0D0,DXGI,0,512,1,Hardware: Independent Flip,4565.0336,27.3301,27.0732,0.2569,19.9445,25.8643,25.8517,0.0126,45.9851,13.1275,-12.6537,4565.0336,0.1763,41.4156,NA
SandFall-Win64-Shipping.exe,31024,0x13F96A7D0D0,DXGI,0,512,1,Hardware: Independent Flip,4592.3637,0.3160,0.1537,0.1623,18.4787,0.2167,0.2151,0.0016,31.7825,12.6469,14.2026,4592.3637,13.0871,NA,NA
SandFall-Win64-Shipping.exe,31024,0x13F96A7D0D0,DXGI,0,512,1,Hardware: Independent Flip,4592.6797,25.3532,25.1072,0.2460,18.3794,25.5154,25.5040,0.0114,44.1134,13.1292,-12.3309,4592.6797,0.2186,39.1888,NA
SandFall-Win64-Shipping.exe,31024,0x13F96A7D0D0,DXGI,0,512,1,Hardware: Independent Flip,4618.0329,0.2999,0.1512,0.1487,18.5416,0.2253,0.2235,0.0018,31.8894,15.5133,12.2240,4618.0329,13.1225,NA,NA
SandFall-Win64-Shipping.exe,31024,0x13F96A7D0D0,DXGI,0,512,1,Hardware: Independent Flip,4618.3328,25.0017,24.7394,0.2623,18.4670,28.1780,28.1664,0.0116,47.1028,12.8591,-15.2134,4618.3328,0.4578,42.8317,NA
SandFall-Win64-Shipping.exe,31024,0x13F96A7D0D0,DXGI,0,512,1,Hardware: Independent Flip,4643.3345,0.3162,0.1651,0.1511,21.6433,0.2418,0.2397,0.0021,34.9602,15.1089,12.1426,4643.3345,13.0751,NA,NA
SandFall-Win64-Shipping.exe,31024,0x13F96A7D0D0,DXGI,0,512,1,Hardware: Independent Flip,4643.6507,28.1114,27.8725,0.2389,21.5689,28.1835,28.1736,0.0099,49.7529,14.1469,-14.7927,4643.6507,0.0005,48.7936,NA
SandFall-Win64-Shipping.exe,31024,0x13F96A7D0D0,DXGI,0,512,1,Hardware: Independent Flip,4671.7621,0.3269,0.1531,0.1738,21.6410,0.2218,0.2192,0.0026,35.7884,11.7965,13.9645,4671.7621,13.9256,NA,NA
SandFall-Win64-Shipping.exe,31024,0x13F96A7D0D0,DXGI,0,512,1,Hardware: Independent Flip,4672.0890,23.8905,23.6565,0.2340,21.5359,25.7214,25.7148,0.0066,47.2580,14.6094,-11.4696,4672.0890,0.0007,44.7290,NA
SandFall-Win64-Shipping.exe,31024,0x13F96A7D0D0,DXGI,0,512,1,Hardware: Independent Flip,4695.9795,0.2964,0.1490,0.1474,23.3668,0.2184,0.2184,0.0000,37.9769,9.7767,9.2811,4695.9795,14.3917,NA,NA
SandFall-Win64-Shipping.exe,31024,0x13F96A7D0D0,DXGI,0,512,1,Hardware: Independent Flip,4696.2759,26.4209,25.9331,0.4878,23.2888,24.1573,24.1467,0.0106,47.4572,13.1559,-9.4803,4696.2759,0.0111,41.1205,NA
SandFall-Win64-Shipping.exe,31024,0x13F96A7D0D0,DXGI,0,512,1,Hardware: Independent Flip,4722.6968,0.3552,0.1941,0.1611,21.0252,0.2212,0.2212,0.0000,34.1922,13.3361,13.2650,4722.6968,12.9458,NA,NA
SandFall-Win64-Shipping.exe,31024,0x13F96A7D0D0,DXGI,0,512,1,Hardware: Independent Flip,4723.0520,25.1351,24.8856,0.2495,20.8912,24.7809,24.7681,0.0128,47.1731,11.5523,-12.9809,4723.0520,1.5010,40.6239,NA
SandFall-Win64-Shipping.exe,31024,0x13F96A7D0D0,DXGI,0,512,1,Hardware: Independent Flip,4748.1871,0.3042,0.1539,0.1503,20.5370,0.1929,0.1912,0.0017,33.5903,12.1270,13.5828,4748.1871,12.8604,NA,NA
SandFall-Win64-Shipping.exe,31024,0x13F96A7D0D0,DXGI,0,512,1,Hardware: Independent Flip,4748.4913,25.2709,25.0327,0.2382,20.4257,24.1740,24.1642,0.0098,45.4131,12.1579,-11.8228,4748.4913,0.8134,38.2997,NA
SandFall-Win64-Shipping.exe,31024,0x13F96A7D0D0,DXGI,0,512,1,Hardware: Independent Flip,4773.7622,0.3376,0.1913,0.1463,19.3288,0.2036,0.2016,0.0020,32.3001,12.5774,13.1130,4773.7622,12.7677,NA,NA
SandFall-Win64-Shipping.exe,31024,0x13F96A7D0D0,DXGI,0,512,1,Hardware: Independent Flip,4774.0998,26.0403,25.7826,0.2577,19.1948,24.5077,24.4972,0.0105,44.5399,11.9737,-12.2398,4774.0998,0.8374,39.0384,NA
SandFall-Win64-Shipping.exe,31024,0x13F96A7D0D0,DXGI,0,512,1,Hardware: Independent Flip,4800.1401,0.3019,0.1551,0.1468,17.6622,0.1674,0.1596,0.0078,30.4733,12.2789,14.0666,4800.1401,12.6437,NA,NA
SandFall-Win64-Shipping.exe,31024,0x13F96A7D0D0,DXGI,0,512,1,Hardware: Independent Flip,4800.4420,25.0509,24.7461,0.3048,17.5277,24.3742,24.2873,0.0869,42.4503,12.1685,-11.9770,4800.4420,0.5484,37.2866,NA
SandFall-Win64-Shipping.exe,31024,0x13F96A7D0D0,DXGI,0,512,1,Hardware: Independent Flip,4825.4929,0.4135,0.1653,0.2482,16.8510,0.1871,0.1855,0.0016,29.5679,12.8639,12.8824,4825.4929,12.5298,NA,NA
SandFall-Win64-Shipping.exe,31024,0x13F96A7D0D0,DXGI,0,512,1,Hardware: Independent Flip,4825.9064,25.0061,24.7221,0.2840,16.6246,24.8951,24.1997,0.6954,42.0183,12.2647,-12.4504,4825.9064,0.4986,38.3206,NA
SandFall-Win64-Shipping.exe,31024,0x13F96A7D0D0,DXGI,0,512,1,Hardware: Independent Flip,4850.9125,0.3069,0.1522,0.1547,16.5136,0.2000,0.1938,0.0062,29.2769,12.8211,12.7414,4850.9125,12.5633,NA,NA
SandFall-Win64-Shipping.exe,31024,0x13F96A7D0D0,DXGI,0,512,1,Hardware: Independent Flip,4851.2194,24.9372,24.5354,0.4018,16.4067,25.1781,24.2870,0.8911,41.7911,12.4373,-12.5142,4851.2194,0.2063,35.4033,NA
SandFall-Win64-Shipping.exe,31024,0x13F96A7D0D0,DXGI,0,512,1,Hardware: Independent Flip,4876.1566,0.4080,0.2268,0.1812,16.6476,0.1733,0.1717,0.0016,29.2912,12.7797,12.4999,4876.1566,12.4703,NA,NA
SandFall-Win64-Shipping.exe,31024,0x13F96A7D0D0,DXGI,0,512,1,Hardware: Independent Flip,4876.5646,24.6596,24.4057,0.2539,16.4129,25.2293,24.6708,0.5585,41.6629,12.5982,-12.3717,4876.5646,0.0207,35.6236,NA
SandFall-Win64-Shipping.exe,31024,0x13F96A7D0D0,DXGI,0,512,1,Hardware: Independent Flip,4901.2242,0.3516,0.1604,0.1912,16.9826,0.2106,0.2084,0.0022,29.6015,11.5012,12.0614,4901.2242,12.4083,NA,NA
SandFall-Win64-Shipping.exe,31024,0x13F96A7D0D0,DXGI,0,512,1,Hardware: Independent Flip,4901.5758,24.1048,23.8525,0.2523,16.8416,23.9086,23.9009,0.0077,40.7511,12.5829,-11.1496,4901.5758,0.0009,38.7223,NA
SandFall-Win64-Shipping.exe,31024,0x13F96A7D0D0,DXGI,0,512,1,Hardware: Independent Flip,4925.6806,0.3442,0.1820,0.1622,16.6454,0.1985,0.1968,0.0017,29.2292,12.8249,11.5219,4925.6806,12.3853,NA,NA
SandFall-Win64-Shipping.exe,31024,0x13F96A7D0D0,DXGI,0,512,1,Hardware: Independent Flip,4926.0248,24.6327,24.3784,0.2543,16.4997,24.7538,24.0405,0.7133,41.7099,11.9458,-12.4807,4926.0248,0.4564,43.1180,NA
SandFall-Win64-Shipping.exe,31024,0x13F96A7D0D0,DXGI,0,512,1,Hardware: Independent Flip,4950.6575,0.3230,0.1543,0.1687,16.6208,0.1868,0.1812,0.0056,29.0230,11.7546,12.6869,4950.6575,12.2154,NA,NA
SandFall-Win64-Shipping.exe,31024,0x13F96A7D0D0,DXGI,0,512,1,Hardware: Independent Flip,4950.9805,24.3680,24.0483,0.3197,16.4846,23.9340,23.5391,0.3949,40.4546,12.2826,-11.4316,4950.9805,0.0360,36.8201,NA
SandFall-Win64-Shipping.exe,31024,0x13F96A7D0D0,DXGI,0,512,1,Hardware: Independent Flip,4975.3485,0.3314,0.1625,0.1689,16.0506,0.1364,0.1345,0.0019,28.3692,13.1587,12.0854,4975.3485,12.1822,NA,NA
SandFall-Win64-Shipping.exe,31024,0x13F96A7D0D0,DXGI,0,512,1,Hardware: Independent Flip,4975.6799,24.7858,24.5410,0.2448,15.8556,25.0253,23.8903,1.1350,41.1965,12.0199,-12.8273,4975.6799,0.3156,38.2628,NA
SandFall-Win64-Shipping.exe,31024,0x13F96A7D0D0,DXGI,0,512,1,Hardware: Independent Flip,5000.4657,0.3152,0.1571,0.1581,16.0951,0.1776,0.1760,0.0016,28.4306,12.2676,12.7659,5000.4657,12.1579,NA,NA
SandFall-Win64-Shipping.exe,31024,0x13F96A7D0D0,DXGI,0,512,1,Hardware: Independent Flip,5000.7809,23.7673,23.4915,0.2758,15.9575,24.4252,23.8838,0.5414,40.3830,12.4745,-11.9524,5000.7809,0.0003,37.5557,NA
SandFall-Win64-Shipping.exe,31024,0x13F96A7D0D0,DXGI,0,512,1,Hardware: Independent Flip,5024.5482,0.3716,0.1801,0.1915,16.6154,0.1778,0.1738,0.0040,29.0902,11.2036,11.2928,5024.5482,12.2970,NA,NA
SandFall-Win64-Shipping.exe,31024,0x13F96A7D0D0,DXGI,0,512,1,Hardware: Independent Flip,5024.9198,24.0982,23.8520,0.2462,16.4216,23.4998,23.4913,0.0085,39.9222,12.3588,-10.8320,5024.9198,0.0008,39.2235,NA
SandFall-Win64-Shipping.exe,31024,0x13F96A7D0D0,DXGI,0,512,1,Hardware: Independent Flip,5049.0180,0.3019,0.1510,0.1509,15.8232,0.1896,0.1872,0.0024,28.1828,13.0064,11.7394,5049.0180,12.1700,NA,NA
SandFall-Win64-Shipping.exe,31024,0x13F96A7D0D0,DXGI,0,512,1,Hardware: Independent Flip,5049.3199,24.2460,23.9932,0.2528,15.7109,24.7830,23.9499,0.8331,40.8873,11.6578,-12.7045,5049.3199,0.3934,40.5902,NA
SandFall-Win64-Shipping.exe,31024,0x13F96A7D0D0,DXGI,0,512,1,Hardware: Independent Flip,5073.5659,0.2990,0.1515,0.1475,16.2479,0.2140,0.2116,0.0024,28.2991,12.2281,12.5882,5073.5659,11.8372,NA,NA
SandFall-Win64-Shipping.exe,31024,0x13F96A7D0D0,DXGI,0,512,1,Hardware: Independent Flip,5073.8649,23.1610,22.9083,0.2527,16.1629,24.0640,24.0559,0.0081,40.2282,12.2967,-11.9291,5073.8649,0.0013,39.4738,NA
SandFall-Win64-Shipping.exe,31024,0x13F96A7D0D0,DXGI,0,512,1,Hardware: Independent Flip,5097.0259,0.3169,0.1583,0.1586,17.0659,0.2046,0.2020,0.0026,29.3639,11.5981,10.8643,5097.0259,12.0934,NA,NA
SandFall-Win64-Shipping.exe,31024,0x13F96A7D0D0,DXGI,0,512,1,Hardware: Independent Flip,5097.3428,23.7714,23.5265,0.2449,16.9536,23.6910,23.6829,0.0081,40.6451,12.2480,-11.2812,5097.3428,0.0005,42.3598,NA
SandFall-Win64-Shipping.exe,31024,0x13F96A7D0D0,DXGI,0,512,1,Hardware: Independent Flip,5121.1142,0.3254,0.1516,0.1738,16.8732,0.2175,0.2175,0.0000,29.1217,11.8413,11.5234,5121.1142,12.0310,NA,NA
SandFall-Win64-Shipping.exe,31024,0x13F96A7D0D0,DXGI,0,512,1,Hardware: Independent Flip,5121.4396,23.5128,23.1838,0.3290,16.7653,23.8293,23.8223,0.0070,40.6376,11.8628,-11.5159,5121.4396,0.0430,40.4686,NA
SandFall-Win64-Shipping.exe,31024,0x13F96A7D0D0,DXGI,0,512,1,Hardware: Independent Flip,5144.9524,0.3566,0.1738,0.1828,17.0818,0.2120,0.2096,0.0024,28.9876,12.2568,11.6500,5144.9524,11.6938,NA,NA
SandFall-Win64-Shipping.exe,31024,0x13F96A7D0D0,DXGI,0,512,1,Hardware: Independent Flip,5145.3090,24.7731,24.5418,0.2313,16.9372,23.8887,23.8805,0.0082,40.8878,11.8838,-11.9002,5145.3090,0.0619,41.5762,NA
SandFall-Win64-Shipping.exe,31024,0x13F96A7D0D0,DXGI,0,512,1,Hardware: Independent Flip,5170.0821,0.3047,0.1516,0.1531,16.0528,0.2278,0.2259,0.0019,27.9985,12.2505,12.8893,5170.0821,11.7179,NA,NA
SandFall-Win64-Shipping.exe,31024,0x13F96A7D0D0,DXGI,0,512,1,Hardware: Independent Flip,5170.3868,23.3492,23.1056,0.2436,15.9759,23.9670,23.8944,0.0726,39.9443,12.1022,-11.9458,5170.3868,0.0014,51.6953,NA
SandFall-Win64-Shipping.exe,31024,0x13F96A7D0D0,DXGI,0,512,1,Hardware: Independent Flip,5193.7360,0.3112,0.1505,0.1607,16.5937,0.2173,0.2148,0.0025,28.6973,12.1050,11.2470,5193.7360,11.8863,NA,NA
SandFall-Win64-Shipping.exe,31024,0x13F96A7D0D0,DXGI,0,512,1,Hardware: Independent Flip,5194.0472,23.0373,22.7933,0.2440,16.4998,23.9901,23.9772,0.0129,40.4911,12.1837,-11.7938,5194.0472,0.0012,NA,NA
SandFall-Win64-Shipping.exe,31024,0x13F96A7D0D0,DXGI,0,512,1,Hardware: Independent Flip,5217.0845,0.3046,0.1565,0.1481,17.4526,0.2702,0.2674,0.0028,29.6375,12.0940,10.8536,5217.0845,11.9147,NA,NA
SandFall-Win64-Shipping.exe,31024,0x13F96A7D0D0,DXGI,0,512,1,Hardware: Independent Flip,5217.3891,23.6822,23.4171,0.2651,17.4182,24.0083,23.9953,0.0130,41.4269,12.1476,-11.7894,5217.3891,0.0004,NA,NA
SandFall-Win64-Shipping.exe,31024,0x13F96A7D0D0,DXGI,0,512,1,Hardware: Independent Flip,5241.0713,0.3034,0.1525,0.1509,17.7443,0.2233,0.2233,0.0000,29.8923,11.4108,11.5346,5241.0713,11.9247,NA,NA
SandFall-Win64-Shipping.exe,31024,0x13F96A7D0D0,DXGI,0,512,1,Hardware: Independent Flip,5241.3747,21.8474,21.6069,0.2405,17.6642,23.3348,23.3229,0.0119,40.9997,12.0406,-11.1074,5241.3747,0.0007,NA,NA
SandFall-Win64-Shipping.exe,31024,0x13F96A7D0D0,DXGI,0,512,1,Hardware: Independent Flip,5263.2221,0.3193,0.1554,0.1639,19.1516,0.2134,0.2134,0.0000,31.1929,11.8000,9.8068,5263.2221,11.8279,NA,NA
SandFall-Win64-Shipping.exe,31024,0x13F96A7D0D0,DXGI,0,512,1,Hardware: Independent Flip,5263.5414,24.9001,24.6458,0.2543,19.0457,23.5108,23.4991,0.0117,42.6736,11.7760,-11.4807,5263.5414,0.1171,NA,NA
SandFall-Win64-Shipping.exe,31024,0x13F96A7D0D0,DXGI,0,512,1,Hardware: Independent Flip,5288.4415,0.3051,0.1539,0.1512,17.6564,0.2293,0.2293,0.0000,29.5495,11.9487,13.1241,5288.4415,11.6638,NA,NA
SandFall-Win64-Shipping.exe,31024,0x13F96A7D0D0,DXGI,0,512,1,Hardware: Independent Flip,5288.7466,24.0487,23.7884,0.2603,17.5806,23.4973,23.4833,0.0140,41.1931,11.8194,-11.6436,5288.7466,0.1152,52.2462,NA
SandFall-Win64-Shipping.exe,31024,0x13F96A7D0D0,DXGI,0,512,1,Hardware: Independent Flip,5312.7953,0.3023,0.1541,0.1482,17.0292,0.2291,0.2291,0.0000,28.9638,11.8865,12.2293,5312.7953,11.7055,NA,NA
SandFall-Win64-Shipping.exe,31024,0x13F96A7D0D0,DXGI,0,512,1,Hardware: Independent Flip,5313.0976,24.1566,23.8962,0.2604,16.9560,23.5376,23.5263,0.0113,40.5480,11.9364,-11.5842,5313.0976,0.0544,NA,NA
SandFall-Win64-Shipping.exe,31024,0x13F96A7D0D0,DXGI,0,512,1,Hardware: Independent Flip,5337.2542,0.4797,0.2033,0.2764,16.3370,0.2875,0.2850,0.0025,28.3278,12.0398,12.2202,5337.2542,11.7033,NA,NA
SandFall-Win64-Shipping.exe,31024,0x13F96A7D0D0,DXGI,0,512,1,Hardware: Independent Flip,5337.7339,22.0104,21.7560,0.2544,16.1448,23.6556,23.6452,0.0104,39.8879,11.8363,-11.5601,5337.7339,0.0875,NA,NA
SandFall-Win64-Shipping.exe,31024,0x13F96A7D0D0,DXGI,0,512,1,Hardware: Independent Flip,5359.7443,0.3211,0.1532,0.1679,17.7900,0.2746,0.2723,0.0023,29.7138,12.3622,10.1741,5359.7443,11.6492,NA,NA
SandFall-Win64-Shipping.exe,31024,0x13F96A7D0D0,DXGI,0,512,1,Hardware: Independent Flip,5360.0654,23.5864,23.2486,0.3378,17.7435,24.0106,24.0003,0.0103,41.7549,11.8514,-12.0411,5360.0654,0.0008,NA,NA
SandFall-Win64-Shipping.exe,31024,0x13F96A7D0D0,DXGI,0,512,1,Hardware: Independent Flip,5383.6518,0.3386,0.1756,0.1630,18.1677,0.2729,0.2708,0.0021,30.0199,11.8886,11.7350,5383.6518,11.5793,NA,NA
SandFall-Win64-Shipping.exe,31024,0x13F96A7D0D0,DXGI,0,512,1,Hardware: Independent Flip,5383.9904,24.2857,24.0411,0.2446,18.1020,23.4671,23.4565,0.0106,41.5699,12.0990,-11.5500,5383.9904,0.0008,NA,NA
SandFall-Win64-Shipping.exe,31024,0x13F96A7D0D0,DXGI,0,512,1,Hardware: Independent Flip,5408.2761,0.3144,0.1626,0.1518,17.2834,0.2297,0.2270,0.0027,29.3832,12.1800,12.1867,5408.2761,11.8701,NA,NA
SandFall-Win64-Shipping.exe,31024,0x13F96A7D0D0,DXGI,0,512,1,Hardware: Independent Flip,5408.5905,23.2761,23.0059,0.2702,17.1987,24.0491,24.0332,0.0159,41.2488,12.0178,-11.8656,5408.5905,0.0010,NA,NA
SandFall-Win64-Shipping.exe,31024,0x13F96A7D0D0,DXGI,0,512,1,Hardware: Independent Flip,5431.8666,0.3240,0.1657,0.1583,17.9717,0.2216,0.2216,0.0000,29.9905,11.8888,11.2583,5431.8666,11.7972,NA,NA
SandFall-Win64-Shipping.exe,31024,0x13F96A7D0D0,DXGI,0,512,1,Hardware: Independent Flip,5432.1906,23.5118,23.2573,0.2545,17.8693,23.6851,23.6719,0.0132,41.5553,12.1383,-11.5648,5432.1906,0.0009,NA,NA
SandFall-Win64-Shipping.exe,31024,0x13F96A7D0D0,DXGI,0,512,1,Hardware: Independent Flip,5455.7024,0.3104,0.1565,0.1539,18.0426,0.2175,0.2156,0.0019,30.1818,12.0772,11.3735,5455.7024,11.9217,NA,NA
SandFall-Win64-Shipping.exe,31024,0x13F96A7D0D0,DXGI,0,512,1,Hardware: Independent Flip,5456.0128,22.4948,22.2267,0.2681,17.9497,23.9979,23.9827,0.0152,41.9486,12.0608,-11.7668,5456.0128,0.0010,NA,NA
SandFall-Win64-Shipping.exe,31024,0x13F96A7D0D0,DXGI,0,512,1,Hardware: Independent Flip,5478.5076,0.3638,0.1743,0.1895,19.4528,0.2151,0.2127,0.0024,31.5146,12.1319,10.4340,5478.5076,11.8467,NA,NA
SandFall-Win64-Shipping.exe,31024,0x13F96A7D0D0,DXGI,0,512,1,Hardware: Independent Flip,5478.8714,23.9987,23.7422,0.2565,19.3041,23.9776,23.9650,0.0126,43.2827,12.0371,-11.7681,5478.8714,0.0010,NA,NA
SandFall-Win64-Shipping.exe,31024,0x13F96A7D0D0,DXGI,0,512,1,Hardware: Independent Flip,5502.8701,0.3187,0.1678,0.1509,19.2830,0.2228,0.2204,0.0024,31.3211,12.1207,11.9616,5502.8701,11.8153,NA,NA
SandFall-Win64-Shipping.exe,31024,0x13F96A7D0D0,DXGI,0,512,1,Hardware: Independent Flip,5503.1888,25.1950,24.9381,0.2569,19.1871,23.9357,23.9255,0.0102,43.1231,12.1655,-11.8020,5503.1888,0.0003,NA,NA
SandFall-Win64-Shipping.exe,31024,0x13F96A7D0D0,DXGI,0,512,1,Hardware: Independent Flip,5528.3838,0.3129,0.1550,0.1579,17.9278,0.2260,0.2236,0.0024,30.0936,12.0660,13.0295,5528.3838,11.9398,NA,NA
SandFall-Win64-Shipping.exe,31024,0x13F96A7D0D0,DXGI,0,512,1,Hardware: Independent Flip,5528.6967,21.9886,21.7464,0.2422,17.8409,24.0051,23.9896,0.0155,41.8467,12.1353,-11.7531,5528.6967,0.0007,NA,NA
SandFall-Win64-Shipping.exe,31024,0x13F96A7D0D0,DXGI,0,512,1,Hardware: Independent Flip,5550.6853,0.3037,0.1524,0.1513,19.8574,0.2622,0.2594,0.0028,31.9934,11.9726,9.8533,5550.6853,11.8738,NA,NA
SandFall-Win64-Shipping.exe,31024,0x13F96A7D0D0,DXGI,0,512,1,Hardware: Independent Flip,5550.9890,25.5326,25.2665,0.2661,19.8159,23.8453,23.8344,0.0109,43.6623,12.1984,-11.6689,5550.9890,0.0011,NA,NA
SandFall-Win64-Shipping.exe,31024,0x13F96A7D0D0,DXGI,0,512,1,Hardware: Independent Flip,5576.5216,0.3110,0.1558,0.1552,18.1286,0.2275,0.2251,0.0024,30.3281,12.5384,13.3342,5576.5216,11.9720,NA,NA
SandFall-Win64-Shipping.exe,31024,0x13F96A7D0D0,DXGI,0,512,1,Hardware: Independent Flip,5576.8326,22.9618,22.6687,0.2931,18.0451,24.5096,24.5009,0.0087,42.5555,12.1341,-12.2274,5576.8326,0.0008,NA,NA
SandFall-Win64-Shipping.exe,31024,0x13F96A7D0D0,DXGI,0,512,1,Hardware: Independent Flip,5599.7944,0.3995,0.2139,0.1856,19.5929,0.2254,0.2225,0.0029,31.7278,11.6569,10.8277,5599.7944,11.9095,NA,NA
SandFall-Win64-Shipping.exe,31024,0x13F96A7D0D0,DXGI,0,512,1,Hardware: Independent Flip,5600.1939,23.5061,23.2612,0.2449,19.4188,23.5657,23.5532,0.0125,42.9852,12.4010,-11.2574,5600.1939,0.0007,NA,NA
SandFall-Win64-Shipping.exe,31024,0x13F96A7D0D0,DXGI,0,512,1,Hardware: Independent Flip,5623.7000,0.3190,0.1555,0.1635,19.4784,0.1835,0.1797,0.0038,31.8801,12.0682,11.1051,5623.7000,12.2182,NA,NA
SandFall-Win64-Shipping.exe,31024,0x13F96A7D0D0,DXGI,0,512,1,Hardware: Independent Flip,5624.0190,25.4100,25.1452,0.2648,19.3429,24.1821,24.1687,0.0134,43.6293,12.0638,-11.7492,5624.0190,0.1043,NA,NA
SandFall-Win64-Shipping.exe,31024,0x13F96A7D0D0,DXGI,0,512,1,Hardware: Independent Flip,5649.4290,0.3181,0.1566,0.1615,18.1150,0.1762,0.1693,0.0069,30.2831,15.0983,13.3462,5649.4290,11.9919,NA,NA
SandFall-Win64-Shipping.exe,31024,0x13F96A7D0D0,DXGI,0,512,1,Hardware: Independent Flip,5649.7471,22.3513,22.1170,0.2343,17.9731,26.9767,26.9633,0.0134,45.0633,12.0717,-14.7802,5649.7471,0.1135,NA,NA
SandFall-Win64-Shipping.exe,31024,0x13F96A7D0D0,DXGI,0,512,1,Hardware: Independent Flip,5672.0984,0.3155,0.1502,0.1653,22.5985,0.2342,0.2342,0.0000,34.7837,15.2948,10.2796,5672.0984,11.9510,NA,NA
SandFall-Win64-Shipping.exe,31024,0x13F96A7D0D0,DXGI,0,512,1,Hardware: Independent Flip,5672.4139,24.6654,24.4270,0.2384,22.5172,27.2445,27.2374,0.0071,49.7630,13.6718,-14.9793,5672.4139,0.0013,NA,NA
SandFall-Win64-Shipping.exe,31024,0x13F96A7D0D0,DXGI,0,512,1,Hardware: Independent Flip,5697.0793,0.3010,0.1532,0.1478,25.0963,0.2335,0.2335,0.0000,38.7694,10.5417,10.9936,5697.0793,13.4396,NA,NA
SandFall-Win64-Shipping.exe,31024,0x13F96A7D0D0,DXGI,0,512,1,Hardware: Independent Flip,5697.3803,24.0883,23.8226,0.2657,25.0288,23.9805,23.9739,0.0066,49.0101,13.6973,-10.2407,5697.3803,0.0008,NA,NA
SandFall-Win64-Shipping.exe,31024,0x13F96A7D0D0,DXGI,0,512,1,Hardware: Independent Flip,5721.4686,0.5487,0.1598,0.3889,24.9210,0.2337,0.2308,0.0029,38.6191,10.3073,10.3910,5721.4686,13.4644,NA,NA
SandFall-Win64-Shipping.exe,31024,0x13F96A7D0D0,DXGI,0,512,1,Hardware: Independent Flip,5722.0173,24.4228,24.0596,0.3632,24.6060,23.7713,23.7642,0.0071,48.3777,12.9223,-9.7586,5722.0173,0.0004,NA,NA
SandFall-Win64-Shipping.exe,31024,0x13F96A7D0D0,DXGI,0,512,1,Hardware: Independent Flip,5746.4401,0.4693,0.3050,0.1643,23.9545,0.2237,0.2237,0.0000,36.8772,12.2159,11.5005,5746.4401,12.6990,NA,NA
SandFall-Win64-Shipping.exe,31024,0x13F96A7D0D0,DXGI,0,512,1,Hardware: Independent Flip,5746.9094,27.6091,27.3303,0.2788,23.7089,24.2885,24.2821,0.0064,48.6238,11.6233,-11.7466,5746.9094,0.6264,NA,NA
SandFall-Win64-Shipping.exe,31024,0x13F96A7D0D0,DXGI,0,512,1,Hardware: Independent Flip,5774.5185,0.3650,0.1693,0.1957,20.3883,0.1881,0.1833,0.0048,32.6380,12.7216,15.9858,5774.5185,12.0616,NA,NA
SandFall-Win64-Shipping.exe,31024,0x13F96A7D0D0,DXGI,0,512,1,Hardware: Independent Flip,5774.8835,28.1829,27.9248,0.2581,20.2114,24.4477,24.4403,0.0074,44.9946,11.8866,-12.3566,5774.8835,0.3355,28.2269,NA
SandFall-Win64-Shipping.exe,31024,0x13F96A7D0D0,DXGI,0,512,1,Hardware: Independent Flip,5803.0664,0.3185,0.1605,0.1580,16.4762,0.2178,0.2178,0.0000,28.6983,12.0387,16.2963,5803.0664,12.0043,NA,NA
SandFall-Win64-Shipping.exe,31024,0x13F96A7D0D0,DXGI,0,512,1,Hardware: Independent Flip,5803.3849,17.7327,17.4965,0.2362,16.3755,24.0420,24.0369,0.0051,40.4185,12.3631,-11.7202,5803.3849,0.0010,NA,NA
SandFall-Win64-Shipping.exe,31024,0x13F96A7D0D0,DXGI,0,512,1,Hardware: Independent Flip,5821.1176,0.2989,0.1512,0.1477,22.6848,0.2066,0.2043,0.0023,35.0489,12.1274,5.3696,5821.1176,12.1575,NA,NA
SandFall-Win64-Shipping.exe,31024,0x13F96A7D0D0,DXGI,0,512,1,Hardware: Independent Flip,5821.4165,26.0337,25.7863,0.2474,22.5925,24.2120,24.2087,0.0033,46.8774,12.3335,-11.8285,5821.4165,0.0729,54.3670,NA
SandFall-Win64-Shipping.exe,31024,0x13F96A7D0D0,DXGI,0,512,1,Hardware: Independent Flip,5847.4502,0.3044,0.1534,0.1510,20.7708,0.2921,0.2895,0.0026,33.1772,11.5739,13.7002,5847.4502,12.1143,NA,NA
SandFall-Win64-Shipping.exe,31024,0x13F96A7D0D0,DXGI,0,512,1,Hardware: Independent Flip,5847.7546,22.0238,21.7737,0.2501,20.7585,23.5026,23.4995,0.0031,44.4467,12.3629,-11.2695,5847.7546,0.1856,42.5953,NA
SandFall-Win64-Shipping.exe,31024,0x13F96A7D0D0,DXGI,0,512,1,Hardware: Independent Flip,5869.7784,0.3151,0.1649,0.1502,22.2373,0.2324,0.2308,0.0016,34.7858,12.9640,9.6609,5869.7784,12.3161,NA,NA
SandFall-Win64-Shipping.exe,31024,0x13F96A7D0D0,DXGI,0,512,1,Hardware: Independent Flip,5870.0935,30.5345,30.2761,0.2584,22.1546,24.6907,24.6834,0.0073,47.4347,12.0523,-12.6489,5870.0935,0.5894,40.9151,NA
SandFall-Win64-Shipping.exe,31024,0x13F96A7D0D0,DXGI,0,512,1,Hardware: Independent Flip,5900.6280,0.3326,0.1748,0.1578,16.3108,0.2201,0.2184,0.0017,28.9525,11.9716,18.4822,5900.6280,12.4216,NA,NA
SandFall-Win64-Shipping.exe,31024,0x13F96A7D0D0,DXGI,0,512,1,Hardware: Independent Flip,5900.9606,20.2585,20.0179,0.2406,16.1983,24.2503,24.2352,0.0151,40.5915,12.4941,-11.6390,5900.9606,0.1429,39.9438,NA
SandFall-Win64-Shipping.exe,31024,0x13F96A7D0D0,DXGI,0,512,1,Hardware: Independent Flip,5921.2191,0.3129,0.1535,0.1594,20.1901,0.2211,0.2193,0.0018,32.8271,11.8813,7.7644,5921.2191,12.4159,NA,NA
SandFall-Win64-Shipping.exe,31024,0x13F96A7D0D0,DXGI,0,512,1,Hardware: Independent Flip,5921.5320,26.3241,26.0781,0.2460,20.0983,23.8859,23.8740,0.0119,44.3955,12.2671,-11.5684,5921.5320,0.4113,41.3140,NA
SandFall-Win64-Shipping.exe,31024,0x13F96A7D0D0,DXGI,0,512,1,Hardware: Independent Flip,5947.8561,0.3048,0.1548,0.1500,17.6601,0.1987,0.1970,0.0017,30.3385,11.8992,14.0570,5947.8561,12.4797,NA,NA
SandFall-Win64-Shipping.exe,31024,0x13F96A7D0D0,DXGI,0,512,1,Hardware: Independent Flip,5948.1609,22.9319,22.6392,0.2927,17.5540,23.7632,23.7538,0.0094,41.9329,11.9603,-11.5944,5948.1609,0.6157,38.4910,NA
SandFall-Win64-Shipping.exe,31024,0x13F96A7D0D0,DXGI,0,512,1,Hardware: Independent Flip,5971.0928,0.3205,0.1695,0.1510,18.3853,0.1658,0.1605,0.0053,30.9613,12.0980,10.9716,5971.0928,12.4102,NA,NA
SandFall-Win64-Shipping.exe,31024,0x13F96A7D0D0,DXGI,0,512,1,Hardware: Independent Flip,5971.4133,25.2977,25.0525,0.2452,18.2306,23.8561,23.8489,0.0072,42.7388,12.0529,-11.7775,5971.4133,0.6521,35.5453,NA
SandFall-Win64-Shipping.exe,31024,0x13F96A7D0D0,DXGI,0,512,1,Hardware: Independent Flip,5996.7110,0.3262,0.1739,0.1523,16.7890,0.2223,0.1791,0.0432,29.4940,14.2381,13.2448,5996.7110,12.4827,NA,NA
SandFall-Win64-Shipping.exe,31024,0x13F96A7D0D0,DXGI,0,512,1,Hardware: Independent Flip,5997.0372,25.9696,25.7324,0.2372,16.6851,26.0833,24.8500,1.2333,43.4059,12.0250,-13.9119,5997.0372,0.6375,36.8371,NA
SandFall-Win64-Shipping.exe,31024,0x13F96A7D0D0,DXGI,0,512,1,Hardware: Independent Flip,6023.0068,0.3004,0.1514,0.1490,16.7988,0.2064,0.2048,0.0016,29.4613,11.9329,13.9446,6023.0068,12.4561,NA,NA
SandFall-Win64-Shipping.exe,31024,0x13F96A7D0D0,DXGI,0,512,1,Hardware: Independent Flip,6023.3072,23.7813,23.5123,0.2690,16.7048,24.3883,24.3799,0.0084,41.0938,13.0113,-11.6325,6023.3072,0.0007,35.7953,NA
SandFall-Win64-Shipping.exe,31024,0x13F96A7D0D0,DXGI,0,512,1,Hardware: Independent Flip,6047.0885,0.3286,0.1549,0.1737,17.3118,0.2232,0.2232,0.0000,30.3238,11.5876,10.7700,6047.0885,12.7888,NA,NA
SandFall-Win64-Shipping.exe,31024,0x13F96A7D0D0,DXGI,0,512,1,Hardware: Independent Flip,6047.4171,25.3825,25.0816,0.3009,17.2064,24.3184,24.3063,0.0121,41.5828,12.3808,-11.2590,6047.4171,0.0580,35.3993,NA
SandFall-Win64-Shipping.exe,31024,0x13F96A7D0D0,DXGI,0,512,1,Hardware: Independent Flip,6072.7996,0.3406,0.1789,0.1617,16.1423,0.2337,0.2310,0.0027,28.5811,12.7196,13.0017,6072.7996,12.2051,NA,NA
SandFall-Win64-Shipping.exe,31024,0x13F96A7D0D0,DXGI,0,512,1,Hardware: Independent Flip,6073.1402,23.8859,23.6281,0.2578,16.0354,24.4613,24.4493,0.0120,40.9601,11.9208,-12.3790,6073.1402,0.4634,40.4590,NA
SandFall-Win64-Shipping.exe,31024,0x13F96A7D0D0,DXGI,0,512,1,Hardware: Independent Flip,6097.0261,0.3134,0.1549,0.1585,16.6108,0.2088,0.2072,0.0016,28.9950,12.2562,11.9651,6097.0261,12.1754,NA,NA
SandFall-Win64-Shipping.exe,31024,0x13F96A7D0D0,DXGI,0,512,1,Hardware: Independent Flip,6097.3395,23.0918,22.8413,0.2505,16.5062,24.3606,24.3522,0.0084,40.9378,12.3514,-11.9428,6097.3395,0.0710,NA,NA
SandFall-Win64-Shipping.exe,31024,0x13F96A7D0D0,DXGI,0,512,1,Hardware: Independent Flip,6120.4313,0.3015,0.1521,0.1494,17.7750,0.2652,0.2610,0.0042,30.1974,12.7384,10.7404,6120.4313,12.1572,NA,NA
SandFall-Win64-Shipping.exe,31024,0x13F96A7D0D0,DXGI,0,512,1,Hardware: Independent Flip,6120.7328,25.7856,25.5314,0.2542,17.7387,24.7615,24.7513,0.0102,42.6343,12.2454,-12.4369,6120.7328,0.1341,55.7211,NA
SandFall-Win64-Shipping.exe,31024,0x13F96A7D0D0,DXGI,0,512,1,Hardware: Independent Flip,6146.5184,0.3137,0.1596,0.1541,16.7146,0.2076,0.2059,0.0017,29.0941,11.8983,13.5402,6146.5184,12.1719,NA,NA
SandFall-Win64-Shipping.exe,31024,0x13F96A7D0D0,DXGI,0,512,1,Hardware: Independent Flip,6146.8321,25.2923,25.0360,0.2563,16.6085,24.0698,24.0626,0.0072,40.6787,12.4853,-11.5846,6146.8321,0.0004,NA,NA
SandFall-Win64-Shipping.exe,31024,0x13F96A7D0D0,DXGI,0,512,1,Hardware: Independent Flip,6172.1244,0.3129,0.1570,0.1559,15.3860,0.1944,0.1923,0.0021,27.8717,12.5124,12.8070,6172.1244,12.2913,NA,NA
SandFall-Win64-Shipping.exe,31024,0x13F96A7D0D0,DXGI,0,512,1,Hardware: Independent Flip,6172.4373,23.3156,23.0292,0.2864,15.2675,24.6368,24.4692,0.1676,40.0712,12.2440,-12.1995,6172.4373,0.1669,NA,NA
SandFall-Win64-Shipping.exe,31024,0x13F96A7D0D0,DXGI,0,512,1,Hardware: Independent Flip,6195.7529,0.3252,0.1628,0.1624,16.5887,0.1919,0.1904,0.0015,28.9996,13.2735,11.0716,6195.7529,12.2190,NA,NA
SandFall-Win64-Shipping.exe,31024,0x13F96A7D0D0,DXGI,0,512,1,Hardware: Independent Flip,6196.0781,27.1486,26.8949,0.2537,16.4554,25.4606,24.4744,0.9862,41.9479,12.3462,-12.9483,6196.0781,0.0319,NA,NA
SandFall-Win64-Shipping.exe,31024,0x13F96A7D0D0,DXGI,0,512,1,Hardware: Independent Flip,6223.2267,0.3467,0.1877,0.1590,14.7674,0.2911,0.2886,0.0025,27.1455,11.7736,14.8024,6223.2267,12.0870,NA,NA
SandFall-Win64-Shipping.exe,31024,0x13F96A7D0D0,DXGI,0,512,1,Hardware: Independent Flip,6223.5734,20.7794,20.5310,0.2484,14.7118,23.8598,23.8503,0.0095,38.5724,12.8724,-11.4269,6223.5734,0.0008,NA,NA
SandFall-Win64-Shipping.exe,31024,0x13F96A7D0D0,DXGI,0,512,1,Hardware: Independent Flip,6244.3528,0.5324,0.2193,0.3131,17.7922,0.1978,0.1957,0.0021,30.6654,11.8260,7.9070,6244.3528,12.6754,NA,NA
SandFall-Win64-Shipping.exe,31024,0x13F96A7D0D0,DXGI,0,512,1,Hardware: Independent Flip,6244.8852,25.1721,24.9105,0.2616,17.4576,24.4067,24.3989,0.0078,41.9590,12.1956,-11.2936,6244.8852,0.0947,57.2123,NA
SandFall-Win64-Shipping.exe,31024,0x13F96A7D0D0,DXGI,0,512,1,Hardware: Independent Flip,6270.0573,0.3116,0.1539,0.1577,16.6922,0.2766,0.2743,0.0023,28.9825,11.7770,12.9765,6270.0573,12.0137,NA,NA
SandFall-Win64-Shipping.exe,31024,0x13F96A7D0D0,DXGI,0,512,1,Hardware: Independent Flip,6270.3689,23.0213,22.7789,0.2424,16.6572,23.5037,23.4966,0.0071,40.4479,11.9840,-11.4654,6270.3689,0.2870,NA,NA
SandFall-Win64-Shipping.exe,31024,0x13F96A7D0D0,DXGI,0,512,1,Hardware: Independent Flip,6293.3902,0.3196,0.1543,0.1653,17.1396,0.1752,0.1712,0.0040,29.4106,13.2281,11.0373,6293.3902,12.0958,NA,NA
SandFall-Win64-Shipping.exe,31024,0x13F96A7D0D0,DXGI,0,512,1,Hardware: Independent Flip,6293.7098,25.6153,25.3555,0.2598,16.9952,24.9275,24.6184,0.3091,42.3191,11.8942,-12.9085,6293.7098,0.3964,NA,NA
SandFall-Win64-Shipping.exe,31024,0x13F96A7D0D0,DXGI,0,512,1,Hardware: Independent Flip,6319.3251,0.3049,0.1530,0.1519,16.3074,0.2084,0.2066,0.0018,28.5980,11.8058,13.7211,6319.3251,12.0822,NA,NA
SandFall-Win64-Shipping.exe,31024,0x13F96A7D0D0,DXGI,0,512,1,Hardware: Independent Flip,6319.6300,23.7614,23.5147,0.2467,16.2109,23.8867,23.8794,0.0073,40.0989,12.4676,-11.5009,6319.6300,0.0013,NA,NA
SandFall-Win64-Shipping.exe,31024,0x13F96A7D0D0,DXGI,0,512,1,Hardware: Independent Flip,6343.3914,0.3011,0.1515,0.1496,16.3362,0.1953,0.1953,0.0000,28.8051,12.2977,11.2938,6343.3914,12.2736,NA,NA
SandFall-Win64-Shipping.exe,31024,0x13F96A7D0D0,DXGI,0,512,1,Hardware: Independent Flip,6343.6925,25.0965,24.8461,0.2504,16.2304,24.5208,23.5558,0.9650,40.8017,12.2241,-11.9966,6343.6925,0.0505,NA,NA
SandFall-Win64-Shipping.exe,31024,0x13F96A7D0D0,DXGI,0,512,1,Hardware: Independent Flip,6368.7890,0.3002,0.1547,0.1455,15.6547,0.2289,0.2265,0.0024,27.9293,11.7648,12.8724,6368.7890,12.0457,NA,NA
SandFall-Win64-Shipping.exe,31024,0x13F96A7D0D0,DXGI,0,512,1,Hardware: Independent Flip,6369.0892,22.0966,21.8494,0.2472,15.5834,23.7878,23.7769,0.0109,39.3939,12.1197,-11.4646,6369.0892,0.0227,NA,NA
SandFall-Win64-Shipping.exe,31024,0x13F96A7D0D0,DXGI,0,512,1,Hardware: Independent Flip,6391.1858,0.3211,0.1673,0.1538,17.2746,0.2119,0.2098,0.0021,29.4170,14.7866,9.9769,6391.1858,11.9305,NA,NA
SandFall-Win64-Shipping.exe,31024,0x13F96A7D0D0,DXGI,0,512,1,Hardware: Independent Flip,6391.5069,27.2106,26.9567,0.2539,17.1654,26.5134,24.2232,2.2902,43.8825,12.0652,-14.4655,6391.5069,0.2037,NA,NA
SandFall-Win64-Shipping.exe,31024,0x13F96A7D0D0,DXGI,0,512,1,Hardware: Independent Flip,6418.7175,0.3129,0.1599,0.1530,16.4682,0.2222,0.2199,0.0023,28.7371,11.8012,15.1454,6418.7175,12.0467,NA,NA
SandFall-Win64-Shipping.exe,31024,0x13F96A7D0D0,DXGI,0,512,1,Hardware: Independent Flip,6419.0304,21.9966,21.7404,0.2562,16.3775,23.8469,23.8327,0.0142,40.2254,13.3237,-11.4883,6419.0304,0.0010,NA,NA
SandFall-Win64-Shipping.exe,31024,0x13F96A7D0D0,DXGI,0,512,1,Hardware: Independent Flip,6441.0270,0.3142,0.1610,0.1532,18.2278,0.2189,0.2158,0.0031,31.5525,10.6723,8.6729,6441.0270,13.1058,NA,NA
SandFall-Win64-Shipping.exe,31024,0x13F96A7D0D0,DXGI,0,512,1,Hardware: Independent Flip,6441.3412,23.8225,23.5619,0.2606,18.1325,23.7770,23.7313,0.0457,41.9106,12.5338,-10.3581,6441.3412,0.0011,48.6362,NA
SandFall-Win64-Shipping.exe,31024,0x13F96A7D0D0,DXGI,0,512,1,Hardware: Independent Flip,6465.1637,0.3940,0.2078,0.1862,18.0870,0.2160,0.2160,0.0000,30.6219,12.2624,11.2887,6465.1637,12.3189,NA,NA
SandFall-Win64-Shipping.exe,31024,0x13F96A7D0D0,DXGI,0,512,1,Hardware: Independent Flip,6465.5577,23.7134,23.4686,0.2448,17.9090,24.0939,24.0810,0.0129,42.4903,11.5796,-11.8684,6465.5577,0.4874,51.4304,NA
SandFall-Win64-Shipping.exe,31024,0x13F96A7D0D0,DXGI,0,512,1,Hardware: Independent Flip,6489.2711,0.3122,0.1592,0.1530,18.2895,0.1921,0.1877,0.0044,30.3565,11.9385,12.1338,6489.2711,11.8749,NA,NA
SandFall-Win64-Shipping.exe,31024,0x13F96A7D0D0,DXGI,0,512,1,Hardware: Independent Flip,6489.5833,23.8521,23.5930,0.2591,18.1694,23.6609,23.6486,0.0123,41.9828,11.9657,-11.6263,6489.5833,0.1525,39.9545,NA
SandFall-Win64-Shipping.exe,31024,0x13F96A7D0D0,DXGI,0,512,1,Hardware: Independent Flip,6513.4354,0.3055,0.1529,0.1526,17.9782,0.2369,0.2352,0.0017,30.0964,12.1711,11.8864,6513.4354,11.8813,NA,NA
SandFall-Win64-Shipping.exe,31024,0x13F96A7D0D0,DXGI,0,512,1,Hardware: Independent Flip,6513.7409,24.5478,24.2944,0.2534,17.9096,23.8784,23.8665,0.0119,41.9620,11.8700,-11.8656,6513.7409,0.1740,36.0543,NA
SandFall-Win64-Shipping.exe,31024,0x13F96A7D0D0,DXGI,0,512,1,Hardware: Independent Flip,6538.2887,0.3310,0.1582,0.1728,17.2402,0.1876,0.1822,0.0054,29.2842,11.9994,12.6778,6538.2887,11.8564,NA,NA
SandFall-Win64-Shipping.exe,31024,0x13F96A7D0D0,DXGI,0,512,1,Hardware: Independent Flip,6538.6197,23.4006,23.1353,0.2653,17.0968,23.8332,23.8198,0.0134,40.9526,12.0133,-11.6684,6538.6197,0.0226,36.9606,NA
SandFall-Win64-Shipping.exe,31024,0x13F96A7D0D0,DXGI,0,512,1,Hardware: Independent Flip,6562.0203,0.3293,0.1600,0.1693,17.5294,0.2580,0.2551,0.0029,29.5653,11.3055,11.3873,6562.0203,11.7779,NA,NA
SandFall-Win64-Shipping.exe,31024,0x13F96A7D0D0,DXGI,0,512,1,Hardware: Independent Flip,6562.3496,23.7738,23.5161,0.2577,17.4581,23.0608,23.0530,0.0078,40.5415,12.0862,-10.9762,6562.3496,0.0226,43.2478,NA
SandFall-Win64-Shipping.exe,31024,0x13F96A7D0D0,DXGI,0,512,1,Hardware: Independent Flip,6586.1234,0.3079,0.1554,0.1525,16.7451,0.2144,0.2144,0.0000,28.8539,12.7197,11.6876,6586.1234,11.8944,NA,NA
SandFall-Win64-Shipping.exe,31024,0x13F96A7D0D0,DXGI,0,512,1,Hardware: Independent Flip,6586.4313,25.0089,24.7561,0.2528,16.6516,24.1972,24.1901,0.0071,41.2657,11.6468,-12.4118,6586.4313,0.4169,54.0667,NA
SandFall-Win64-Shipping.exe,31024,0x13F96A7D0D0,DXGI,0,512,1,Hardware: Independent Flip,6611.4402,0.3020,0.1564,0.1456,15.8399,0.1460,0.1394,0.0066,27.9036,12.1316,13.3621,6611.4402,11.9177,NA,NA
SandFall-Win64-Shipping.exe,31024,0x13F96A7D0D0,DXGI,0,512,1,Hardware: Independent Flip,6611.7422,24.0248,23.7662,0.2586,15.6839,24.0481,23.4505,0.5976,39.7332,12.2057,-11.8296,6611.7422,0.0012,NA,NA
SandFall-Win64-Shipping.exe,31024,0x13F96A7D0D0,DXGI,0,512,1,Hardware: Independent Flip,6635.7670,0.3007,0.1525,0.1482,15.7072,0.2194,0.2169,0.0025,27.9141,11.2240,11.8191,6635.7670,11.9875,NA,NA
SandFall-Win64-Shipping.exe,31024,0x13F96A7D0D0,DXGI,0,512,1,Hardware: Independent Flip,6636.0677,22.3779,22.1367,0.2412,15.6259,23.2106,23.2014,0.0092,38.8374,12.1675,-10.9233,6636.0677,0.0009,NA,NA
SandFall-Win64-Shipping.exe,31024,0x13F96A7D0D0,DXGI,0,512,1,Hardware: Independent Flip,6658.4456,0.3237,0.1544,0.1693,16.4586,0.3029,0.2991,0.0038,28.6270,15.1396,10.2104,6658.4456,11.8655,NA,NA
SandFall-Win64-Shipping.exe,31024,0x13F96A7D0D0,DXGI,0,512,1,Hardware: Independent Flip,6658.7693,26.1160,25.8336,0.2824,16.4378,26.6417,26.3122,0.3295,43.4429,11.6191,-14.8159,6658.7693,0.3634,NA,NA
SandFall-Win64-Shipping.exe,31024,0x13F96A7D0D0,DXGI,0,512,1,Hardware: Independent Flip,6684.8853,0.3993,0.2324,0.1669,16.9635,0.2143,0.2126,0.0017,28.9460,15.4331,14.4969,6684.8853,11.7682,NA,NA
SandFall-Win64-Shipping.exe,31024,0x13F96A7D0D0,DXGI,0,512,1,Hardware: Independent Flip,6685.2846,23.2074,22.9482,0.2592,16.7785,27.2002,27.1904,0.0098,43.9798,13.4637,-15.0338,6685.2846,0.0011,NA,NA
SandFall-Win64-Shipping.exe,31024,0x13F96A7D0D0,DXGI,0,512,1,Hardware: Independent Flip,6708.4920,0.3049,0.1517,0.1532,20.7713,0.2287,0.2287,0.0000,34.2361,10.1132,9.7437,6708.4920,13.2361,NA,NA
SandFall-Win64-Shipping.exe,31024,0x13F96A7D0D0,DXGI,0,512,1,Hardware: Independent Flip,6708.7969,22.5383,22.2998,0.2385,20.6951,23.3486,23.3428,0.0058,44.0444,13.4815,-9.8083,6708.7969,0.0007,NA,NA
SandFall-Win64-Shipping.exe,31024,0x13F96A7D0D0,DXGI,0,512,1,Hardware: Independent Flip,6731.3352,0.2994,0.1533,0.1461,21.5054,0.2443,0.2420,0.0023,34.9876,10.1939,9.0568,6731.3352,13.2379,NA,NA
SandFall-Win64-Shipping.exe,31024,0x13F96A7D0D0,DXGI,0,512,1,Hardware: Independent Flip,6731.6346,23.0076,22.7654,0.2422,21.4503,23.4308,23.4242,0.0066,44.8821,12.6221,-9.8945,6731.6346,0.0010,NA,NA
SandFall-Win64-Shipping.exe,31024,0x13F96A7D0D0,DXGI,0,512,1,Hardware: Independent Flip,6754.6422,0.3229,0.1695,0.1534,21.8735,0.2299,0.2275,0.0024,34.4966,11.4958,10.3855,6754.6422,12.3932,NA,NA
SandFall-Win64-Shipping.exe,31024,0x13F96A7D0D0,DXGI,0,512,1,Hardware: Independent Flip,6754.9651,23.2246,22.9690,0.2556,21.7805,23.4241,23.4168,0.0073,45.6695,11.5051,-11.1729,6754.9651,0.4649,NA,NA
SandFall-Win64-Shipping.exe,31024,0x13F96A7D0D0,DXGI,0,512,1,Hardware: Independent Flip,6778.1897,0.3195,0.1681,0.1514,21.9800,0.2098,0.2081,0.0017,33.9500,12.6919,11.7195,6778.1897,11.7602,NA,NA
SandFall-Win64-Shipping.exe,31024,0x13F96A7D0D0,DXGI,0,512,1,Hardware: Independent Flip,6778.5092,27.5827,27.3251,0.2576,21.8703,23.9740,23.9681,0.0059,46.3224,11.5220,-12.3724,6778.5092,0.4781,NA,NA
SandFall-Win64-Shipping.exe,31024,0x13F96A7D0D0,DXGI,0,512,1,Hardware: Independent Flip,6806.0919,0.3160,0.1614,0.1546,18.2616,0.2101,0.2084,0.0017,30.2617,10.9545,16.0607,6806.0919,11.7900,NA,NA
SandFall-Win64-Shipping.exe,31024,0x13F96A7D0D0,DXGI,0,512,1,Hardware: Independent Flip,6806.4079,19.7188,19.4618,0.2570,18.1557,22.7437,22.7359,0.0078,40.9002,12.0492,-10.6385,6806.4079,0.0008,NA,NA
SandFall-Win64-Shipping.exe,31024,0x13F96A7D0D0,DXGI,0,512,1,Hardware: Independent Flip,6826.1267,0.3158,0.1629,0.1529,21.1806,0.2269,0.2243,0.0026,33.2306,12.6743,7.6696,6826.1267,11.8231,NA,NA
SandFall-Win64-Shipping.exe,31024,0x13F96A7D0D0,DXGI,0,512,1,Hardware: Independent Flip,6826.4425,23.9204,23.6672,0.2532,21.0917,24.0636,24.0562,0.0074,45.5891,11.6282,-12.3585,6826.4425,0.4338,NA,NA
SandFall-Win64-Shipping.exe,31024,0x13F96A7D0D0,DXGI,0,512,1,Hardware: Independent Flip,6850.3629,0.3015,0.1536,0.1479,21.2349,0.2174,0.2174,0.0000,33.2969,11.2893,12.2922,6850.3629,11.8446,NA,NA
SandFall-Win64-Shipping.exe,31024,0x13F96A7D0D0,DXGI,0,512,1,Hardware: Independent Flip,6850.6644,23.5441,23.3019,0.2422,21.1508,23.1333,23.1250,0.0083,44.2847,12.2129,-10.9878,6850.6644,0.0006,NA,NA
SandFall-Win64-Shipping.exe,31024,0x13F96A7D0D0,DXGI,0,512,1,Hardware: Independent Flip,6874.2085,0.3062,0.1542,0.1520,20.7400,0.2258,0.2235,0.0023,32.9535,11.7422,11.3312,6874.2085,11.9877,NA,NA
SandFall-Win64-Shipping.exe,31024,0x13F96A7D0D0,DXGI,0,512,1,Hardware: Independent Flip,6874.5147,24.5600,24.3186,0.2414,20.6596,23.3718,23.3632,0.0086,44.3895,11.9220,-11.4360,6874.5147,0.3581,NA,NA
SandFall-Win64-Shipping.exe,31024,0x13F96A7D0D0,DXGI,0,512,1,Hardware: Independent Flip,6899.0747,0.3116,0.1529,0.1587,19.4714,0.2148,0.2128,0.0020,31.7515,11.5939,12.6380,6899.0747,12.0653,NA,NA
SandFall-Win64-Shipping.exe,31024,0x13F96A7D0D0,DXGI,0,512,1,Hardware: Independent Flip,6899.3863,23.6043,23.3458,0.2585,19.3746,23.2024,23.1912,0.0112,43.0338,11.7190,-11.2823,6899.3863,0.4568,NA,NA
SandFall-Win64-Shipping.exe,31024,0x13F96A7D0D0,DXGI,0,512,1,Hardware: Independent Flip,6922.9906,0.3381,0.1924,0.1457,18.9727,0.2199,0.2171,0.0028,31.1485,11.7242,11.8853,6922.9906,11.9559,NA,NA
SandFall-Win64-Shipping.exe,31024,0x13F96A7D0D0,DXGI,0,512,1,Hardware: Independent Flip,6923.3287,25.7191,25.4748,0.2443,18.8545,23.1501,23.1422,0.0079,42.5346,11.7974,-11.3861,6923.3287,0.5300,NA,NA
SandFall-Win64-Shipping.exe,31024,0x13F96A7D0D0,DXGI,0,512,1,Hardware: Independent Flip,6949.0478,0.3068,0.1526,0.1542,16.2855,0.1730,0.1692,0.0038,28.6129,11.4546,13.9217,6949.0478,12.1544,NA,NA
SandFall-Win64-Shipping.exe,31024,0x13F96A7D0D0,DXGI,0,512,1,Hardware: Independent Flip,6949.3546,25.3275,25.0750,0.2525,16.1517,23.0366,23.0265,0.0101,39.7607,11.6772,-11.1478,6949.3546,0.5724,NA,NA
SandFall-Win64-Shipping.exe,31024,0x13F96A7D0D0,DXGI,0,512,1,Hardware: Independent Flip,6974.6821,0.3141,0.1588,0.1553,13.8608,0.1744,0.1681,0.0063,26.1104,13.5745,13.6503,6974.6821,12.0752,NA,NA
SandFall-Win64-Shipping.exe,31024,0x13F96A7D0D0,DXGI,0,512,1,Hardware: Independent Flip,6974.9962,22.7898,22.5410,0.2488,13.7211,24.9564,23.4276,1.5288,39.3708,11.5312,-13.2604,6974.9962,0.6933,57.7546,NA
SandFall-Win64-Shipping.exe,31024,0x13F96A7D0D0,DXGI,0,512,1,Hardware: Independent Flip,6997.7860,0.5277,0.1796,0.3481,15.8877,0.1763,0.1723,0.0040,28.1122,11.4419,11.2586,6997.7860,12.0482,NA,NA
SandFall-Win64-Shipping.exe,31024,0x13F96A7D0D0,DXGI,0,512,1,Hardware: Independent Flip,6998.3137,22.7069,22.4552,0.2517,15.5363,23.4894,23.4827,0.0067,39.0264,12.4778,-10.9142,6998.3137,0.0007,NA,NA
SandFall-Win64-Shipping.exe,31024,0x13F96A7D0D0,DXGI,0,512,1,Hardware: Independent Flip,7021.0206,0.3293,0.1726,0.1567,16.3188,0.2046,0.2028,0.0018,28.7973,12.5172,10.2291,7021.0206,12.2739,NA,NA
SandFall-Win64-Shipping.exe,31024,0x13F96A7D0D0,DXGI,0,512,1,Hardware: Independent Flip,7021.3499,24.5981,24.2987,0.2994,16.1941,24.6131,24.1178,0.4953,40.9852,11.9291,-12.1879,7021.3499,0.1780,NA,NA
SandFall-Win64-Shipping.exe,31024,0x13F96A7D0D0,DXGI,0,512,1,Hardware: Independent Flip,7045.9480,0.3141,0.1594,0.1547,16.2091,0.2254,0.2237,0.0017,28.3162,11.3620,12.6690,7045.9480,11.8817,NA,NA
SandFall-Win64-Shipping.exe,31024,0x13F96A7D0D0,DXGI,0,512,1,Hardware: Independent Flip,7046.2621,22.7374,22.4521,0.2853,16.1204,23.2429,23.2346,0.0083,39.3641,12.0788,-11.0479,7046.2621,0.0008,NA,NA
SandFall-Win64-Shipping.exe,31024,0x13F96A7D0D0,DXGI,0,512,1,Hardware: Independent Flip,7068.9995,0.3432,0.1839,0.1593,16.6259,0.1493,0.1445,0.0048,28.7055,11.5611,10.6586,7068.9995,11.9303,NA,NA
SandFall-Win64-Shipping.exe,31024,0x13F96A7D0D0,DXGI,0,512,1,Hardware: Independent Flip,7069.3427,23.7886,23.5418,0.2468,16.4320,23.2560,23.1999,0.0561,39.9234,11.7002,-11.2179,7069.3427,0.2354,34.5305,NA
SandFall-Win64-Shipping.exe,31024,0x13F96A7D0D0,DXGI,0,512,1,Hardware: Independent Flip,7093.1313,0.3121,0.1559,0.1562,15.8994,0.1701,0.1644,0.0057,27.8350,12.1326,12.0884,7093.1313,11.7655,NA,NA
SandFall-Win64-Shipping.exe,31024,0x13F96A7D0D0,DXGI,0,512,1,Hardware: Independent Flip,7093.4434,23.3923,23.1162,0.2761,15.7574,23.5836,23.5756,0.0080,39.6555,11.5663,-11.8205,7093.4434,0.3145,NA,NA
SandFall-Win64-Shipping.exe,31024,0x13F96A7D0D0,DXGI,0,512,1,Hardware: Independent Flip,7116.8357,0.3180,0.1620,0.1560,15.9487,0.1869,0.1853,0.0016,27.8295,12.4867,11.8260,7116.8357,11.6939,NA,NA
SandFall-Win64-Shipping.exe,31024,0x13F96A7D0D0,DXGI,0,512,1,Hardware: Independent Flip,7117.1537,23.9311,23.6752,0.2559,15.8176,24.1396,23.4074,0.7322,39.9982,11.9511,-12.1687,7117.1537,0.0410,51.6161,NA
SandFall-Win64-Shipping.exe,31024,0x13F96A7D0D0,DXGI,0,512,1,Hardware: Independent Flip,7141.0848,0.3043,0.1532,0.1511,16.0261,0.2010,0.1994,0.0016,28.0182,11.5536,11.9800,7141.0848,11.7911,NA,NA
SandFall-Win64-Shipping.exe,31024,0x13F96A7D0D0,DXGI,0,512,1,Hardware: Independent Flip,7141.3891,23.3348,23.0885,0.2463,15.9228,23.3439,23.0343,0.3096,39.2675,12.1189,-11.2493,7141.3891,0.0008,44.4028,NA
SandFall-Win64-Shipping.exe,31024,0x13F96A7D0D0,DXGI,0,512,1,Hardware: Independent Flip,7164.7239,0.3829,0.2171,0.1658,15.9319,0.1990,0.1990,0.0000,28.0516,12.6709,11.2159,7164.7239,11.9207,NA,NA
SandFall-Win64-Shipping.exe,31024,0x13F96A7D0D0,DXGI,0,512,1,Hardware: Independent Flip,7165.1068,24.2331,23.9902,0.2429,15.7480,24.5456,23.9170,0.6286,40.3396,11.8002,-12.2880,7165.1068,0.0460,34.8408,NA
SandFall-Win64-Shipping.exe,31024,0x13F96A7D0D0,DXGI,0,512,1,Hardware: Independent Flip,7189.3399,0.2965,0.1518,0.1447,16.0605,0.2439,0.2418,0.0021,27.9067,12.6007,12.4329,7189.3399,11.6023,NA,NA
SandFall-Win64-Shipping.exe,31024,0x13F96A7D0D0,DXGI,0,512,1,Hardware: Independent Flip,7189.6364,23.3983,23.1457,0.2526,16.0079,24.2022,24.0088,0.1934,40.2109,12.1843,-12.3042,7189.6364,0.0008,37.2390,NA
SandFall-Win64-Shipping.exe,31024,0x13F96A7D0D0,DXGI,0,512,1,Hardware: Independent Flip,7213.0347,0.5013,0.2061,0.2952,16.8118,0.1356,0.1333,0.0023,28.9969,11.2665,11.2140,7213.0347,12.0495,NA,NA
SandFall-Win64-Shipping.exe,31024,0x13F96A7D0D0,DXGI,0,512,1,Hardware: Independent Flip,7213.5360,22.8297,22.5791,0.2506,16.4461,23.3153,23.3029,0.0124,39.7621,12.3753,-10.7652,7213.5360,0.0007,35.6898,NA
SandFall-Win64-Shipping.exe,31024,0x13F96A7D0D0,DXGI,0,512,1,Hardware: Independent Flip,7236.3657,0.3034,0.1514,0.1520,16.9317,0.2118,0.2094,0.0024,29.3077,11.5795,10.4544,7236.3657,12.1642,NA,NA
SandFall-Win64-Shipping.exe,31024,0x13F96A7D0D0,DXGI,0,512,1,Hardware: Independent Flip,7236.6691,22.9634,22.6722,0.2912,16.8401,23.7287,23.7167,0.0120,40.5838,11.7575,-11.2761,7236.6691,0.0150,38.6503,NA
SandFall-Win64-Shipping.exe,31024,0x13F96A7D0D0,DXGI,0,512,1,Hardware: Independent Flip,7259.6325,0.3181,0.1709,0.1472,17.6054,0.1862,0.1823,0.0039,29.3779,11.8222,11.2059,7259.6325,11.5863,NA,NA
SandFall-Win64-Shipping.exe,31024,0x13F96A7D0D0,DXGI,0,512,1,Hardware: Independent Flip,7259.9506,23.4150,23.1682,0.2468,17.4735,23.3081,23.2939,0.0142,40.8820,11.7020,-11.5041,7259.9506,0.1004,49.1812,NA
SandFall-Win64-Shipping.exe,31024,0x13F96A7D0D0,DXGI,0,512,1,Hardware: Independent Flip,7283.3656,0.3058,0.1543,0.1515,17.3666,0.1974,0.1974,0.0000,29.1690,12.6205,11.7130,7283.3656,11.6050,NA,NA
SandFall-Win64-Shipping.exe,31024,0x13F96A7D0D0,DXGI,0,512,1,Hardware: Independent Flip,7283.6714,24.6680,24.4097,0.2583,17.2582,24.1758,24.1657,0.0101,41.4837,11.7567,-12.3147,7283.6714,0.0497,38.5058,NA
SandFall-Win64-Shipping.exe,31024,0x13F96A7D0D0,DXGI,0,512,1,Hardware: Independent Flip,7308.3394,0.3138,0.1621,0.1517,16.7660,0.1200,0.1173,0.0027,28.5724,14.0999,12.9113,7308.3394,11.6864,NA,NA
SandFall-Win64-Shipping.exe,31024,0x13F96A7D0D0,DXGI,0,512,1,Hardware: Independent Flip,7308.6532,29.6235,29.3392,0.2843,16.5722,25.7860,23.7238,2.0622,42.3585,12.0884,-13.7861,7308.6532,0.0003,43.3951,NA
SandFall-Win64-Shipping.exe,31024,0x13F96A7D0D0,DXGI,0,512,1,Hardware: Independent Flip,7338.2767,0.3272,0.1626,0.1646,12.7347,0.2017,0.1990,0.0027,24.8234,11.4103,17.5351,7338.2767,11.8870,NA,NA
SandFall-Win64-Shipping.exe,31024,0x13F96A7D0D0,DXGI,0,512,1,Hardware: Independent Flip,7338.6039,22.6997,22.4473,0.2524,12.6092,23.2965,23.2896,0.0069,35.9065,13.2014,-11.0831,7338.6039,0.0008,NA,NA
SandFall-Win64-Shipping.exe,31024,0x13F96A7D0D0,DXGI,0,512,1,Hardware: Independent Flip,7361.3036,0.3130,0.1557,0.1573,13.2060,0.1973,0.1915,0.0058,26.4082,12.8033,9.4983,7361.3036,13.0049,NA,NA
SandFall-Win64-Shipping.exe,31024,0x13F96A7D0D0,DXGI,0,512,1,Hardware: Independent Flip,7361.6166,23.5009,23.2436,0.2573,13.0903,25.8075,23.4761,2.3314,38.8985,12.3604,-12.4903,7361.6166,0.0007,NA,NA
SandFall-Win64-Shipping.exe,31024,0x13F96A7D0D0,DXGI,0,512,1,Hardware: Independent Flip,7385.1175,0.3445,0.1678,0.1767,15.3969,0.1255,0.1255,0.0000,27.7580,10.9040,11.1405,7385.1175,12.2356,NA,NA
SandFall-Win64-Shipping.exe,31024,0x13F96A7D0D0,DXGI,0,512,1,Hardware: Independent Flip,7385.4620,21.8028,21.5448,0.2580,15.1779,23.1388,23.1302,0.0086,38.3175,12.6868,-10.5595,7385.4620,0.0008,NA,NA
SandFall-Win64-Shipping.exe,31024,0x13F96A7D0D0,DXGI,0,512,1,Hardware: Independent Flip,7407.2648,0.3193,0.1718,0.1475,16.5139,0.2163,0.2137,0.0026,29.2015,10.7250,9.1160,7407.2648,12.4713,NA,NA
SandFall-Win64-Shipping.exe,31024,0x13F96A7D0D0,DXGI,0,512,1,Hardware: Independent Flip,7407.5841,23.8598,23.5935,0.2663,16.4109,23.0365,23.0305,0.0060,39.6072,11.8130,-10.4057,7407.5841,0.1598,NA,NA
SandFall-Win64-Shipping.exe,31024,0x13F96A7D0D0,DXGI,0,512,1,Hardware: Independent Flip,7431.4439,0.3131,0.1580,0.1551,15.5876,0.1824,0.1767,0.0057,27.5604,14.5439,12.0468,7431.4439,11.7904,NA,NA
SandFall-Win64-Shipping.exe,31024,0x13F96A7D0D0,DXGI,0,512,1,Hardware: Independent Flip,7431.7570,25.5470,25.2581,0.2889,15.4569,25.6341,23.0356,2.5985,41.7912,11.1802,-14.2308,7431.7570,0.7002,NA,NA
SandFall-Win64-Shipping.exe,31024,0x13F96A7D0D0,DXGI,0,512,1,Hardware: Independent Flip,7457.3040,0.3286,0.1638,0.1648,15.5440,0.2415,0.2395,0.0020,27.4244,11.3890,14.3668,7457.3040,11.6389,NA,NA
SandFall-Win64-Shipping.exe,31024,0x13F96A7D0D0,DXGI,0,512,1,Hardware: Independent Flip,7457.6326,24.4087,24.1038,0.3049,15.4569,23.0274,23.0130,0.0144,38.4848,12.8006,-11.0604,7457.6326,0.0005,NA,NA
SandFall-Win64-Shipping.exe,31024,0x13F96A7D0D0,DXGI,0,512,1,Hardware: Independent Flip,7482.0413,0.3354,0.1685,0.1669,14.0756,0.2149,0.2149,0.0000,26.8767,10.3272,11.6081,7482.0413,12.5862,NA,NA
SandFall-Win64-Shipping.exe,31024,0x13F96A7D0D0,DXGI,0,512,1,Hardware: Independent Flip,7482.3767,20.3273,20.0791,0.2482,13.9551,22.9122,22.9000,0.0122,36.8685,12.0489,-9.9918,7482.3767,0.0012,NA,NA
SandFall-Win64-Shipping.exe,31024,0x13F96A7D0D0,DXGI,0,512,1,Hardware: Independent Flip,7502.7040,0.3080,0.1530,0.1550,16.5400,0.1796,0.1734,0.0062,28.5901,19.1301,8.2784,7502.7040,11.8705,NA,NA
SandFall-Win64-Shipping.exe,31024,0x13F96A7D0D0,DXGI,0,512,1,Hardware: Independent Flip,7503.0120,31.7282,31.4567,0.2715,16.4116,30.4524,23.0478,7.4046,47.4122,11.1776,-18.8221,7503.0120,0.5482,NA,NA
SandFall-Win64-Shipping.exe,31024,0x13F96A7D0D0,DXGI,0,512,1,Hardware: Independent Flip,7534.7402,0.3475,0.1857,0.1618,15.1358,0.2269,0.2248,0.0021,26.8616,11.5411,20.5506,7534.7402,11.4989,NA,NA
SandFall-Win64-Shipping.exe,31024,0x13F96A7D0D0,DXGI,0,512,1,Hardware: Independent Flip,7535.0877,13.1079,12.8782,0.2297,15.0152,23.0391,23.0328,0.0063,38.0552,13.1797,-11.1936,7535.0877,0.0009,NA,NA
SandFall-Win64-Shipping.exe,31024,0x13F96A7D0D0,DXGI,0,512,1,Hardware: Independent Flip,7548.1956,0.3241,0.1799,0.1442,24.9464,0.2441,0.2413,0.0028,38.1270,10.4093,-0.0718,7548.1956,12.9365,NA,NA
SandFall-Win64-Shipping.exe,31024,0x13F96A7D0D0,DXGI,0,512,1,Hardware: Independent Flip,7548.5197,26.6061,26.2048,0.4013,24.8664,23.3444,23.3366,0.0078,48.2122,13.0781,-10.0852,7548.5197,0.0014,NA,NA
SandFall-Win64-Shipping.exe,31024,0x13F96A7D0D0,DXGI,0,512,1,Hardware: Independent Flip,7575.1258,0.4122,0.2111,0.2011,21.6047,0.2849,0.2818,0.0031,34.6842,10.6041,13.5280,7575.1258,12.7946,NA,NA
SandFall-Win64-Shipping.exe,31024,0x13F96A7D0D0,DXGI,0,512,1,Hardware: Independent Flip,7575.5380,23.3722,23.0757,0.2965,21.4774,23.3975,23.3916,0.0059,44.8761,12.9554,-10.1919,7575.5380,0.0012,NA,NA
SandFall-Win64-Shipping.exe,31024,0x13F96A7D0D0,DXGI,0,512,1,Hardware: Independent Flip,7598.9102,0.3719,0.1926,0.1793,21.5027,0.2129,0.2129,0.0000,34.4593,10.7454,10.4168,7598.9102,12.7437,NA,NA
SandFall-Win64-Shipping.exe,31024,0x13F96A7D0D0,DXGI,0,512,1,Hardware: Independent Flip,7599.2821,24.9679,24.6911,0.2768,21.3437,23.4885,23.4827,0.0058,44.8328,11.7641,-10.3735,7599.2821,0.0006,NA,NA
SandFall-Win64-Shipping.exe,31024,0x13F96A7D0D0,DXGI,0,512,1,Hardware: Independent Flip,7624.2500,0.3777,0.1727,0.2050,19.8643,0.2775,0.2744,0.0031,31.6290,12.5315,13.2038,7624.2500,11.4872,NA,NA
SandFall-Win64-Shipping.exe,31024,0x13F96A7D0D0,DXGI,0,512,1,Hardware: Independent Flip,7624.6277,21.6180,21.3260,0.2920,19.7641,23.6740,23.6677,0.0063,43.7828,11.2272,-12.1538,7624.6277,0.3447,NA,NA
SandFall-Win64-Shipping.exe,31024,0x13F96A7D0D0,DXGI,0,512,1,Hardware: Independent Flip,7646.2457,0.3380,0.1716,0.1664,21.8201,0.2020,0.2002,0.0018,33.3920,13.6560,10.3908,7646.2457,11.3699,NA,NA
SandFall-Win64-Shipping.exe,31024,0x13F96A7D0D0,DXGI,0,512,1,Hardware: Independent Flip,7646.5837,24.7332,24.4624,0.2708,21.6841,25.0248,25.0175,0.0073,46.7100,12.1279,-13.3180,7646.5837,0.0011,34.2298,NA
SandFall-Win64-Shipping.exe,31024,0x13F96A7D0D0,DXGI,0,512,1,Hardware: Independent Flip,7671.3169,0.3383,0.1714,0.1669,21.9757,0.2415,0.2395,0.0020,34.1047,15.0510,12.6053,7671.3169,11.8875,NA,NA
SandFall-Win64-Shipping.exe,31024,0x13F96A7D0D0,DXGI,0,512,1,Hardware: Independent Flip,7671.6552,26.4275,26.1537,0.2738,21.8789,26.9377,26.9317,0.0060,48.8174,13.0628,-14.7127,7671.6552,0.0008,30.6655,NA
SandFall-Win64-Shipping.exe,31024,0x13F96A7D0D0,DXGI,0,512,1,Hardware: Independent Flip,7698.0827,0.3392,0.1738,0.1654,22.3891,0.2646,0.2617,0.0029,35.4527,14.2286,13.3647,7698.0827,12.7990,NA,NA
SandFall-Win64-Shipping.exe,31024,0x13F96A7D0D0,DXGI,0,512,1,Hardware: Independent Flip,7698.4219,22.5871,22.1294,0.4577,22.3145,27.0270,27.0201,0.0069,49.3421,13.5879,-13.8894,7698.4219,0.0006,NA,NA
SandFall-Win64-Shipping.exe,31024,0x13F96A7D0D0,DXGI,0,512,1,Hardware: Independent Flip,7721.0090,0.4459,0.2419,0.2040,26.7544,0.2259,0.2224,0.0035,40.3429,10.2230,8.9992,7721.0090,13.3626,NA,NA
SandFall-Win64-Shipping.exe,31024,0x13F96A7D0D0,DXGI,0,512,1,Hardware: Independent Flip,7721.4549,24.2397,23.9821,0.2576,26.5344,23.5847,23.5787,0.0060,50.1200,13.7425,-9.7771,7721.4549,0.0009,35.6716,NA
SandFall-Win64-Shipping.exe,31024,0x13F96A7D0D0,DXGI,0,512,1,Hardware: Independent Flip,7745.6946,0.3498,0.1715,0.1783,25.8794,0.1874,0.1827,0.0047,39.6228,9.7101,10.4972,7745.6946,13.5560,NA,NA
SandFall-Win64-Shipping.exe,31024,0x13F96A7D0D0,DXGI,0,512,1,Hardware: Independent Flip,7746.0444,23.3455,23.0101,0.3354,25.7170,23.2649,23.2574,0.0075,48.9831,13.2432,-9.3603,7746.0444,0.0012,NA,NA
SandFall-Win64-Shipping.exe,31024,0x13F96A7D0D0,DXGI,0,512,1,Hardware: Independent Flip,7769.3899,0.3729,0.1858,0.1871,25.6364,0.2289,0.2259,0.0030,38.8808,11.5770,10.1023,7769.3899,13.0155,NA,NA
SandFall-Win64-Shipping.exe,31024,0x13F96A7D0D0,DXGI,0,512,1,Hardware: Independent Flip,7769.7628,22.4933,22.2420,0.2513,25.4924,23.5406,23.5333,0.0073,50.0849,11.5155,-11.2041,7769.7628,1.0519,53.1773,NA
SandFall-Win64-Shipping.exe,31024,0x13F96A7D0D0,DXGI,0,512,1,Hardware: Independent Flip,7792.2561,0.3310,0.1732,0.1578,26.5397,0.2301,0.2282,0.0019,39.1071,12.2495,10.9778,7792.2561,12.3373,NA,NA
SandFall-Win64-Shipping.exe,31024,0x13F96A7D0D0,DXGI,0,512,1,Hardware: Independent Flip,7792.5871,24.2021,23.9516,0.2505,26.4388,23.5591,23.5539,0.0052,51.0256,11.5340,-11.9185,7792.5871,1.0277,NA,NA
SandFall-Win64-Shipping.exe,31024,0x13F96A7D0D0,DXGI,0,512,1,Hardware: Independent Flip,7816.7892,0.3214,0.1640,0.1574,25.7958,0.2227,0.2207,0.0020,38.3575,12.3684,12.6681,7816.7892,12.3390,57.7238,NA
SandFall-Win64-Shipping.exe,31024,0x13F96A7D0D0,DXGI,0,512,1,Hardware: Independent Flip,7817.1106,24.0020,23.7639,0.2381,25.6971,24.0273,24.0195,0.0078,50.4045,11.8607,-12.0470,7817.1106,0.6801,NA,NA
SandFall-Win64-Shipping.exe,31024,0x13F96A7D0D0,DXGI,0,512,1,Hardware: Independent Flip,7841.1126,0.3095,0.1621,0.1474,25.7224,0.2195,0.2175,0.0020,38.2632,11.5289,12.1413,7841.1126,12.3213,NA,NA
SandFall-Win64-Shipping.exe,31024,0x13F96A7D0D0,DXGI,0,512,1,Hardware: Independent Flip,7841.4221,24.5983,24.2995,0.2988,25.6324,23.4127,23.4037,0.0090,49.4826,12.0679,-11.2194,7841.4221,0.4375,62.7213,NA
SandFall-Win64-Shipping.exe,31024,0x13F96A7D0D0,DXGI,0,512,1,Hardware: Independent Flip,7866.0204,0.3326,0.1735,0.1591,24.4468,0.1475,0.1418,0.0057,36.9522,24.5211,12.5304,7866.0204,12.3579,NA,NA
SandFall-Win64-Shipping.exe,31024,0x13F96A7D0D0,DXGI,0,512,1,Hardware: Independent Flip,7866.3530,49.4617,49.1582,0.3035,24.2617,36.6359,26.3624,10.2735,61.1407,12.2008,-24.1885,7866.3530,0.2431,36.8812,NA
SandFall-Win64-Shipping.exe,31024,0x13F96A7D0D0,DXGI,0,512,1,Hardware: Independent Flip,7915.8147,0.3277,0.1688,0.1589,11.4359,0.2169,0.2150,0.0019,23.8798,10.6519,37.2609,7915.8147,12.2270,NA,NA
SandFall-Win64-Shipping.exe,31024,0x13F96A7D0D0,DXGI,0,512,1,Hardware: Independent Flip,7916.1424,9.4972,9.2117,0.2855,11.3251,22.8778,22.8666,0.0112,34.2040,13.9825,-10.3242,7916.1424,0.0011,33.7359,NA
SandFall-Win64-Shipping.exe,31024,0x13F96A7D0D0,DXGI,0,512,1,Hardware: Independent Flip,7925.6396,0.3172,0.1648,0.1524,24.7057,0.2242,0.2216,0.0026,38.6893,8.7478,-4.4853,7925.6396,13.7594,NA,NA
SandFall-Win64-Shipping.exe,31024,0x13F96A7D0D0,DXGI,0,512,1,Hardware: Independent Flip,7925.9568,22.4428,22.0007,0.4421,24.6127,22.5060,22.4996,0.0064,47.1199,13.9775,-8.4306,7925.9568,0.0012,32.4656,NA
SandFall-Win64-Shipping.exe,31024,0x13F96A7D0D0,DXGI,0,512,1,Hardware: Independent Flip,7948.3996,0.4398,0.2259,0.2139,24.6759,0.2833,0.2803,0.0030,38.6546,10.4394,8.4653,7948.3996,13.6954,NA,NA
SandFall-Win64-Shipping.exe,31024,0x13F96A7D0D0,DXGI,0,512,1,Hardware: Independent Flip,7948.8394,21.6420,21.3718,0.2702,24.5194,24.1341,24.1281,0.0060,48.6542,13.7744,-9.9996,7948.8394,0.0007,30.9374,NA
SandFall-Win64-Shipping.exe,31024,0x13F96A7D0D0,DXGI,0,512,1,Hardware: Independent Flip,7970.4814,0.3329,0.1667,0.1662,27.0115,0.1773,0.1677,0.0096,40.7866,9.9618,7.8676,7970.4814,13.5978,NA,NA
SandFall-Win64-Shipping.exe,31024,0x13F96A7D0D0,DXGI,0,512,1,Hardware: Independent Flip,7970.8143,24.1782,23.7771,0.4011,26.8559,23.1148,23.1076,0.0072,50.4155,12.1521,-9.6289,7970.8143,0.4448,29.6228,NA
SandFall-Win64-Shipping.exe,31024,0x13F96A7D0D0,DXGI,0,512,1,Hardware: Independent Flip,7994.9925,0.4237,0.2010,0.2227,25.7925,0.2230,0.2210,0.0020,38.3894,12.1760,12.0261,7994.9925,12.3739,NA,NA
SandFall-Win64-Shipping.exe,31024,0x13F96A7D0D0,DXGI,0,512,1,Hardware: Independent Flip,7995.4162,22.6213,22.3618,0.2595,25.5918,23.0491,23.0434,0.0057,50.1417,11.2338,-11.7523,7995.4162,1.5008,28.9479,NA
SandFall-Win64-Shipping.exe,31024,0x13F96A7D0D0,DXGI,0,512,1,Hardware: Independent Flip,8018.0375,0.3146,0.1644,0.1502,26.0196,0.2253,0.2231,0.0022,38.7542,11.8710,11.3875,8018.0375,12.5093,NA,NA
SandFall-Win64-Shipping.exe,31024,0x13F96A7D0D0,DXGI,0,512,1,Hardware: Independent Flip,8018.3521,23.0202,22.7796,0.2406,25.9303,23.2967,23.2939,0.0028,50.3106,11.4319,-11.5564,8018.3521,1.0836,NA,NA
SandFall-Win64-Shipping.exe,31024,0x13F96A7D0D0,DXGI,0,512,1,Hardware: Independent Flip,8041.3723,0.3216,0.1632,0.1584,26.2068,0.2253,0.2233,0.0020,38.7223,12.0953,11.5883,8041.3723,12.2902,NA,NA
SandFall-Win64-Shipping.exe,31024,0x13F96A7D0D0,DXGI,0,512,1,Hardware: Independent Flip,8041.6939,23.7613,23.4772,0.2841,26.1105,23.5130,23.5076,0.0054,50.4960,11.4988,-11.7737,8041.6939,0.8725,49.5768,NA
SandFall-Win64-Shipping.exe,31024,0x13F96A7D0D0,DXGI,0,512,1,Hardware: Independent Flip,8065.4552,0.4332,0.1660,0.2672,25.8622,0.2221,0.2201,0.0020,38.2335,11.8101,12.2625,8065.4552,12.1492,NA,NA
SandFall-Win64-Shipping.exe,31024,0x13F96A7D0D0,DXGI,0,512,1,Hardware: Independent Flip,8065.8884,23.8185,23.4775,0.3410,25.6511,23.3775,23.3721,0.0054,49.6104,11.9800,-11.3769,8065.8884,0.5818,47.8858,NA
SandFall-Win64-Shipping.exe,31024,0x13F96A7D0D0,DXGI,0,512,1,Hardware: Independent Flip,8089.7069,0.7831,0.2047,0.5784,25.2101,0.2256,0.2229,0.0027,37.7719,12.6546,11.8385,8089.7069,12.3362,NA,NA
SandFall-Win64-Shipping.exe,31024,0x13F96A7D0D0,DXGI,0,512,1,Hardware: Independent Flip,8090.4900,25.0928,24.7904,0.3024,24.6526,24.3182,24.3124,0.0058,49.6434,11.8325,-11.8715,8090.4900,0.6726,47.5214,NA
SandFall-Win64-Shipping.exe,31024,0x13F96A7D0D0,DXGI,0,512,1,Hardware: Independent Flip,8115.5828,0.3315,0.1731,0.1584,23.8780,0.2325,0.2325,0.0000,36.3831,11.8162,13.2603,8115.5828,12.2726,NA,NA
SandFall-Win64-Shipping.exe,31024,0x13F96A7D0D0,DXGI,0,512,1,Hardware: Independent Flip,8115.9143,23.8775,23.5838,0.2937,23.7790,23.8216,23.8163,0.0053,47.8678,12.2152,-11.4847,8115.9143,0.2672,46.1738,NA
SandFall-Win64-Shipping.exe,31024,0x13F96A7D0D0,DXGI,0,512,1,Hardware: Independent Flip,8139.7918,0.3415,0.1704,0.1711,23.7231,0.2089,0.2068,0.0021,36.2055,12.7138,11.6623,8139.7918,12.2735,NA,NA
SandFall-Win64-Shipping.exe,31024,0x13F96A7D0D0,DXGI,0,512,1,Hardware: Independent Flip,8140.1333,29.2866,28.9993,0.2873,23.5905,24.5165,24.5079,0.0086,48.5778,12.0840,-12.3723,8140.1333,0.4708,37.6140,NA
SandFall-Win64-Shipping.exe,31024,0x13F96A7D0D0,DXGI,0,512,1,Hardware: Independent Flip,8169.4199,0.4247,0.2051,0.2196,18.8204,0.1705,0.1641,0.0064,31.3752,12.5268,17.2026,8169.4199,12.3843,NA,NA
SandFall-Win64-Shipping.exe,31024,0x13F96A7D0D0,DXGI,0,512,1,Hardware: Independent Flip,8169.8446,23.1020,22.8208,0.2812,18.5662,24.7427,24.7354,0.0073,43.4773,12.4047,-12.1021,8169.8446,0.1684,NA,NA
SandFall-Win64-Shipping.exe,31024,0x13F96A7D0D0,DXGI,0,512,1,Hardware: Independent Flip,8192.9466,0.3371,0.1733,0.1638,20.2069,0.2269,0.2244,0.0025,32.7800,12.8634,10.6973,8192.9466,12.3462,NA,NA
SandFall-Win64-Shipping.exe,31024,0x13F96A7D0D0,DXGI,0,512,1,Hardware: Independent Flip,8193.2837,23.9248,23.6568,0.2680,20.0967,25.0964,25.0889,0.0075,45.3063,12.6166,-12.5263,8193.2837,0.1132,NA,NA
SandFall-Win64-Shipping.exe,31024,0x13F96A7D0D0,DXGI,0,512,1,Hardware: Independent Flip,8217.2085,0.6249,0.1600,0.4649,21.2683,0.2407,0.2376,0.0031,33.9981,11.3522,11.3082,8217.2085,12.4891,NA,NA
SandFall-Win64-Shipping.exe,31024,0x13F96A7D0D0,DXGI,0,512,1,Hardware: Independent Flip,8217.8334,20.5306,20.1812,0.3494,20.8841,23.8405,23.8345,0.0060,44.7254,12.7527,-10.7273,8217.8334,0.0008,65.3630,NA
SandFall-Win64-Shipping.exe,31024,0x13F96A7D0D0,DXGI,0,512,1,Hardware: Independent Flip,8238.3640,0.6800,0.3955,0.2845,24.1940,0.2223,0.2223,0.0000,36.9475,11.8833,7.7779,8238.3640,12.5312,NA,NA
SandFall-Win64-Shipping.exe,31024,0x13F96A7D0D0,DXGI,0,512,1,Hardware: Independent Flip,8239.0440,27.5154,27.2696,0.2458,23.7363,23.7346,23.7311,0.0035,48.1508,12.1896,-11.2033,8239.0440,0.6799,59.2384,NA
SandFall-Win64-Shipping.exe,31024,0x13F96A7D0D0,DXGI,0,512,1,Hardware: Independent Flip,8266.5594,0.3076,0.1602,0.1474,19.9555,0.2044,0.2027,0.0017,32.8250,12.8128,15.3258,8266.5594,12.6651,NA,NA
SandFall-Win64-Shipping.exe,31024,0x13F96A7D0D0,DXGI,0,512,1,Hardware: Independent Flip,8266.8670,25.6796,25.4016,0.2780,19.8523,24.6372,24.6308,0.0064,45.3302,12.0137,-12.5052,8266.8670,0.8407,53.4955,NA
SandFall-Win64-Shipping.exe,31024,0x13F96A7D0D0,DXGI,0,512,1,Hardware: Independent Flip,8292.5466,0.3204,0.1657,0.1547,18.8099,0.1984,0.1966,0.0018,31.6643,11.5261,13.6659,8292.5466,12.6560,NA,NA
SandFall-Win64-Shipping.exe,31024,0x13F96A7D0D0,DXGI,0,512,1,Hardware: Independent Flip,8292.8670,25.1577,24.9045,0.2532,18.6879,23.7362,23.7276,0.0086,42.8700,12.5738,-11.2057,8292.8670,0.4459,46.2745,NA
SandFall-Win64-Shipping.exe,31024,0x13F96A7D0D0,DXGI,0,512,1,Hardware: Independent Flip,8318.0247,0.3076,0.1548,0.1528,17.2664,0.2003,0.1986,0.0017,30.2861,12.1061,12.5839,8318.0247,12.8194,NA,NA
SandFall-Win64-Shipping.exe,31024,0x13F96A7D0D0,DXGI,0,512,1,Hardware: Independent Flip,8318.3323,21.0343,20.7914,0.2429,17.1591,23.9473,23.9382,0.0091,42.0846,11.9538,-11.7985,8318.3323,0.9782,40.2114,NA
SandFall-Win64-Shipping.exe,31024,0x13F96A7D0D0,DXGI,0,512,1,Hardware: Independent Flip,8339.3666,0.3175,0.1528,0.1647,20.0721,0.1907,0.1890,0.0017,33.0041,11.6893,9.0805,8339.3666,12.7413,NA,NA
SandFall-Win64-Shipping.exe,31024,0x13F96A7D0D0,DXGI,0,512,1,Hardware: Independent Flip,8339.6841,25.3652,25.0625,0.3027,19.9453,23.5233,23.5143,0.0090,44.3759,11.9474,-11.3718,8339.6841,0.9073,NA,NA
SandFall-Win64-Shipping.exe,31024,0x13F96A7D0D0,DXGI,0,512,1,Hardware: Independent Flip,8365.0493,0.3273,0.1581,0.1692,18.1034,0.2351,0.2351,0.0000,30.9581,12.0106,13.4178,8365.0493,12.6196,NA,NA
SandFall-Win64-Shipping.exe,31024,0x13F96A7D0D0,DXGI,0,512,1,Hardware: Independent Flip,8365.3766,25.8898,25.6415,0.2483,18.0112,23.5804,23.4780,0.1024,42.6414,11.8996,-11.6833,8365.3766,1.0498,57.0304,NA
SandFall-Win64-Shipping.exe,31024,0x13F96A7D0D0,DXGI,0,512,1,Hardware: Independent Flip,8391.2664,0.3067,0.1567,0.1500,15.7018,0.1661,0.1606,0.0055,28.6512,14.3959,13.9902,8391.2664,12.7833,NA,NA
SandFall-Win64-Shipping.exe,31024,0x13F96A7D0D0,DXGI,0,512,1,Hardware: Independent Flip,8391.5731,25.7676,25.5148,0.2528,15.5612,26.1717,24.4513,1.7204,42.7404,11.8447,-14.0892,8391.5731,1.0075,52.5715,NA
SandFall-Win64-Shipping.exe,31024,0x13F96A7D0D0,DXGI,0,512,1,Hardware: Independent Flip,8417.3407,0.2993,0.1522,0.1471,15.9653,0.1777,0.1725,0.0052,28.8175,12.4489,13.9229,8417.3407,12.6745,NA,NA
SandFall-Win64-Shipping.exe,31024,0x13F96A7D0D0,DXGI,0,512,1,Hardware: Independent Flip,8417.6400,24.9988,24.7467,0.2521,15.8437,25.1224,23.7059,1.4165,40.9671,13.0181,-12.1496,8417.6400,0.0010,NA,NA
SandFall-Win64-Shipping.exe,31024,0x13F96A7D0D0,DXGI,0,512,1,Hardware: Independent Flip,8442.6388,0.3180,0.1708,0.1472,15.9673,0.1747,0.1725,0.0022,28.9864,12.1462,11.9807,8442.6388,12.8444,NA,NA
SandFall-Win64-Shipping.exe,31024,0x13F96A7D0D0,DXGI,0,512,1,Hardware: Independent Flip,8442.9568,24.8913,24.6287,0.2626,15.8240,24.9530,23.8277,1.1253,40.8146,12.6294,-11.8282,8442.9568,0.0376,55.9291,NA
SandFall-Win64-Shipping.exe,31024,0x13F96A7D0D0,DXGI,0,512,1,Hardware: Independent Flip,8467.8481,0.3030,0.1531,0.1499,15.8857,0.1682,0.1616,0.0066,28.5527,12.2555,12.2619,8467.8481,12.4988,NA,NA
SandFall-Win64-Shipping.exe,31024,0x13F96A7D0D0,DXGI,0,512,1,Hardware: Independent Flip,8468.1511,24.7357,24.4644,0.2713,15.7509,24.4626,23.2642,1.1984,40.5052,12.2247,-11.9525,8468.1511,0.2917,50.0528,NA
SandFall-Win64-Shipping.exe,31024,0x13F96A7D0D0,DXGI,0,512,1,Hardware: Independent Flip,8492.8868,0.3081,0.1566,0.1515,15.4778,0.2028,0.1963,0.0065,27.9942,13.2233,12.5110,8492.8868,12.3136,NA,NA
SandFall-Win64-Shipping.exe,31024,0x13F96A7D0D0,DXGI,0,512,1,Hardware: Independent Flip,8493.1949,25.0009,24.7547,0.2462,15.3725,25.2530,23.2743,1.9787,40.9094,12.1982,-12.9152,8493.1949,0.2839,44.7637,NA
SandFall-Win64-Shipping.exe,31024,0x13F96A7D0D0,DXGI,0,512,1,Hardware: Independent Flip,8518.1958,0.3068,0.1554,0.1514,15.6246,0.1478,0.1462,0.0016,28.1067,12.2778,12.8027,8518.1958,12.3343,NA,NA
SandFall-Win64-Shipping.exe,31024,0x13F96A7D0D0,DXGI,0,512,1,Hardware: Independent Flip,8518.5026,24.3949,24.1408,0.2541,15.4656,24.6107,24.0446,0.5661,40.0777,12.5245,-11.9710,8518.5026,0.0014,52.9388,NA
SandFall-Win64-Shipping.exe,31024,0x13F96A7D0D0,DXGI,0,512,1,Hardware: Independent Flip,8542.8975,0.3053,0.1544,0.1509,15.6814,0.1689,0.1630,0.0059,28.2073,12.5561,11.8704,8542.8975,12.3570,NA,NA
SandFall-Win64-Shipping.exe,31024,0x13F96A7D0D0,DXGI,0,512,1,Hardware: Independent Flip,8543.2028,25.7644,25.4985,0.2659,15.5450,24.9119,23.3432,1.5687,40.4581,12.3314,-12.2508,8543.2028,0.0012,42.0493,NA
SandFall-Win64-Shipping.exe,31024,0x13F96A7D0D0,DXGI,0,512,1,Hardware: Independent Flip,8568.9672,0.3188,0.1577,0.1611,14.6925,0.3185,0.3153,0.0032,27.0251,12.4743,13.4330,8568.9672,12.0141,NA,NA
SandFall-Win64-Shipping.exe,31024,0x13F96A7D0D0,DXGI,0,512,1,Hardware: Independent Flip,8569.2860,23.4785,23.1967,0.2818,14.6922,24.4876,23.8275,0.6601,39.1806,12.3231,-12.1555,8569.2860,0.0008,NA,NA
SandFall-Win64-Shipping.exe,31024,0x13F96A7D0D0,DXGI,0,512,1,Hardware: Independent Flip,8592.7645,0.3141,0.1612,0.1529,15.7013,0.2194,0.2171,0.0023,28.0252,10.6921,11.1554,8592.7645,12.1045,NA,NA
SandFall-Win64-Shipping.exe,31024,0x13F96A7D0D0,DXGI,0,512,1,Hardware: Independent Flip,8593.0786,21.8145,21.5114,0.3031,15.6066,22.7958,22.7854,0.0104,38.4032,12.3060,-10.3780,8593.0786,0.0008,NA,NA
SandFall-Win64-Shipping.exe,31024,0x13F96A7D0D0,DXGI,0,512,1,Hardware: Independent Flip,8614.8931,0.3271,0.1694,0.1577,16.5879,0.1928,0.1928,0.0000,28.8947,12.6703,9.5085,8614.8931,12.1140,NA,NA
SandFall-Win64-Shipping.exe,31024,0x13F96A7D0D0,DXGI,0,512,1,Hardware: Independent Flip,8615.2202,27.2655,26.9974,0.2681,16.4536,24.3250,23.2192,1.1058,41.2379,11.5620,-12.3432,8615.2202,0.4593,NA,NA
SandFall-Win64-Shipping.exe,31024,0x13F96A7D0D0,DXGI,0,512,1,Hardware: Independent Flip,8642.4857,0.3138,0.1592,0.1546,13.5131,0.2113,0.2113,0.0000,25.5344,11.6787,15.7035,8642.4857,11.8100,NA,NA
SandFall-Win64-Shipping.exe,31024,0x13F96A7D0D0,DXGI,0,512,1,Hardware: Independent Flip,8642.7995,19.4465,19.2074,0.2391,13.4106,23.4877,23.4776,0.0101,36.8993,12.0105,-11.3649,8642.7995,0.0010,NA,NA
SandFall-Win64-Shipping.exe,31024,0x13F96A7D0D0,DXGI,0,512,1,Hardware: Independent Flip,8662.2460,0.3000,0.1519,0.1481,17.4518,0.2849,0.2827,0.0022,29.4633,11.4674,7.4360,8662.2460,11.7266,NA,NA
SandFall-Win64-Shipping.exe,31024,0x13F96A7D0D0,DXGI,0,512,1,Hardware: Independent Flip,8662.5460,23.7901,23.5370,0.2531,17.4367,23.1346,23.1270,0.0076,40.6307,11.8737,-11.1674,8662.5460,0.0594,NA,NA
SandFall-Win64-Shipping.exe,31024,0x13F96A7D0D0,DXGI,0,512,1,Hardware: Independent Flip,8686.3361,0.3133,0.1620,0.1513,16.7812,0.2612,0.2588,0.0024,28.7143,15.1534,11.9164,8686.3361,11.6719,NA,NA
SandFall-Win64-Shipping.exe,31024,0x13F96A7D0D0,DXGI,0,512,1,Hardware: Independent Flip,8686.6494,24.1831,23.9360,0.2471,16.7291,26.5532,26.5439,0.0093,43.5544,11.5173,-14.8401,8686.6494,0.2721,NA,NA
SandFall-Win64-Shipping.exe,31024,0x13F96A7D0D0,DXGI,0,512,1,Hardware: Independent Flip,8710.8325,0.3040,0.1536,0.1504,19.0992,0.1948,0.1932,0.0016,30.8886,14.6861,12.6658,8710.8325,11.5946,NA,NA
SandFall-Win64-Shipping.exe,31024,0x13F96A7D0D0,DXGI,0,512,1,Hardware: Independent Flip,8711.1365,23.8878,23.5735,0.3143,18.9900,26.2803,26.2723,0.0080,45.2707,13.3015,-14.3821,8711.1365,0.0004,NA,NA
SandFall-Win64-Shipping.exe,31024,0x13F96A7D0D0,DXGI,0,512,1,Hardware: Independent Flip,8735.0243,0.3792,0.1654,0.2138,21.3825,0.2297,0.2264,0.0033,34.6844,10.8247,10.5863,8735.0243,13.0722,NA,NA
SandFall-Win64-Shipping.exe,31024,0x13F96A7D0D0,DXGI,0,512,1,Hardware: Independent Flip,8735.4035,22.8112,22.5248,0.2864,21.2330,23.8959,23.8868,0.0091,45.1299,13.3236,-10.4455,8735.4035,0.0010,60.8792,NA
SandFall-Win64-Shipping.exe,31024,0x13F96A7D0D0,DXGI,0,512,1,Hardware: Independent Flip,8758.2147,0.3194,0.1641,0.1553,22.3177,0.2834,0.2799,0.0035,35.6423,9.5811,9.4876,8758.2147,13.0412,NA,NA
SandFall-Win64-Shipping.exe,31024,0x13F96A7D0D0,DXGI,0,512,1,Hardware: Independent Flip,8758.5341,23.7804,23.5208,0.2596,22.2817,22.6214,22.6135,0.0079,44.9040,12.8555,-9.2617,8758.5341,0.0009,NA,NA
SandFall-Win64-Shipping.exe,31024,0x13F96A7D0D0,DXGI,0,512,1,Hardware: Independent Flip,8782.3145,0.2992,0.1549,0.1443,21.1227,0.2185,0.2185,0.0000,33.9791,11.2822,10.9249,8782.3145,12.6379,NA,NA
SandFall-Win64-Shipping.exe,31024,0x13F96A7D0D0,DXGI,0,512,1,Hardware: Independent Flip,8782.6137,23.0983,22.8486,0.2497,21.0420,23.3235,23.3201,0.0034,44.9621,11.4135,-10.9830,8782.6137,0.5966,NA,NA
SandFall-Win64-Shipping.exe,31024,0x13F96A7D0D0,DXGI,0,512,1,Hardware: Independent Flip,8805.7120,0.3322,0.1698,0.1624,21.2672,0.1794,0.1751,0.0043,33.2773,12.3653,11.6848,8805.7120,11.8307,NA,NA
SandFall-Win64-Shipping.exe,31024,0x13F96A7D0D0,DXGI,0,512,1,Hardware: Independent Flip,8806.0442,28.0995,27.8563,0.2432,21.1144,23.5271,23.5201,0.0070,45.3104,11.2107,-12.0331,8806.0442,0.6689,NA,NA
SandFall-Win64-Shipping.exe,31024,0x13F96A7D0D0,DXGI,0,512,1,Hardware: Independent Flip,8834.1437,0.3198,0.1550,0.1648,16.5420,0.2094,0.2074,0.0020,28.4216,11.6660,16.8888,8834.1437,11.6702,NA,NA
SandFall-Win64-Shipping.exe,31024,0x13F96A7D0D0,DXGI,0,512,1,Hardware: Independent Flip,8834.4635,18.6087,18.3755,0.2332,16.4316,23.2380,23.2257,0.0123,39.7678,11.8949,-11.3462,8834.4635,0.0982,NA,NA
SandFall-Win64-Shipping.exe,31024,0x13F96A7D0D0,DXGI,0,512,1,Hardware: Independent Flip,8853.0722,0.3013,0.1508,0.1505,21.0609,0.2183,0.2162,0.0021,33.0540,12.0483,6.7138,8853.0722,11.7748,NA,NA
SandFall-Win64-Shipping.exe,31024,0x13F96A7D0D0,DXGI,0,512,1,Hardware: Independent Flip,8853.3735,25.3584,25.1006,0.2578,20.9779,23.6007,23.5527,0.0480,44.8010,11.7730,-11.7470,8853.3735,0.2224,NA,NA
SandFall-Win64-Shipping.exe,31024,0x13F96A7D0D0,DXGI,0,512,1,Hardware: Independent Flip,8878.7319,0.3194,0.1546,0.1648,19.2202,0.2298,0.2282,0.0016,31.2156,11.8822,13.5854,8878.7319,11.7656,NA,NA
SandFall-Win64-Shipping.exe,31024,0x13F96A7D0D0,DXGI,0,512,1,Hardware: Independent Flip,8879.0513,27.0975,26.8492,0.2483,19.1306,23.5660,23.5547,0.0113,42.7784,12.0081,-11.5628,8879.0513,0.0818,NA,NA
SandFall-Win64-Shipping.exe,31024,0x13F96A7D0D0,DXGI,0,512,1,Hardware: Independent Flip,8906.1488,0.2999,0.1507,0.1492,15.5991,0.2868,0.2842,0.0026,27.6890,11.4085,15.0894,8906.1488,11.8031,NA,NA
SandFall-Win64-Shipping.exe,31024,0x13F96A7D0D0,DXGI,0,512,1,Hardware: Independent Flip,8906.4487,21.1247,20.8774,0.2473,15.5860,23.0705,23.0565,0.0140,38.7976,12.0231,-11.1086,8906.4487,0.1411,NA,NA
SandFall-Win64-Shipping.exe,31024,0x13F96A7D0D0,DXGI,0,512,1,Hardware: Independent Flip,8927.5734,0.3153,0.1539,0.1614,17.5318,0.1951,0.1932,0.0019,29.6960,12.5222,9.1016,8927.5734,11.9691,NA,NA
SandFall-Win64-Shipping.exe,31024,0x13F96A7D0D0,DXGI,0,512,1,Hardware: Independent Flip,8927.8887,22.7388,22.4705,0.2683,17.4116,24.0311,24.0171,0.0140,41.9029,11.7185,-12.2069,8927.8887,0.4602,NA,NA
SandFall-Win64-Shipping.exe,31024,0x13F96A7D0D0,DXGI,0,512,1,Hardware: Independent Flip,8950.6275,0.3834,0.1958,0.1876,18.7039,0.1666,0.1623,0.0043,30.8826,11.1886,11.0203,8950.6275,12.0121,NA,NA
SandFall-Win64-Shipping.exe,31024,0x13F96A7D0D0,DXGI,0,512,1,Hardware: Independent Flip,8951.0109,25.0300,24.7815,0.2485,18.4871,23.1357,23.1265,0.0092,41.6878,12.1684,-10.8052,8951.0109,0.0650,NA,NA
SandFall-Win64-Shipping.exe,31024,0x13F96A7D0D0,DXGI,0,512,1,Hardware: Independent Flip,8976.0409,0.3016,0.1537,0.1479,16.5928,0.2502,0.2476,0.0026,28.8262,11.5194,12.8616,8976.0409,11.9832,NA,NA
SandFall-Win64-Shipping.exe,31024,0x13F96A7D0D0,DXGI,0,512,1,Hardware: Independent Flip,8976.3425,23.8020,23.5414,0.2606,16.5414,22.9407,22.9328,0.0079,40.0440,11.6603,-11.2178,8976.3425,0.5619,55.7684,NA
SandFall-Win64-Shipping.exe,31024,0x13F96A7D0D0,DXGI,0,512,1,Hardware: Independent Flip,9000.1445,0.3206,0.1719,0.1487,15.6801,0.1555,0.1492,0.0063,27.9023,12.3146,12.1417,9000.1445,12.0667,NA,NA
SandFall-Win64-Shipping.exe,31024,0x13F96A7D0D0,DXGI,0,512,1,Hardware: Independent Flip,9000.4651,22.8580,22.6056,0.2524,15.5150,23.7344,23.7235,0.0109,39.8963,11.4592,-11.9940,9000.4651,0.6469,NA,NA
SandFall-Win64-Shipping.exe,31024,0x13F96A7D0D0,DXGI,0,512,1,Hardware: Independent Flip,9023.3231,0.3272,0.1559,0.1713,16.3914,0.1872,0.1848,0.0024,28.4975,12.0393,11.3988,9023.3231,11.9189,NA,NA
SandFall-Win64-Shipping.exe,31024,0x13F96A7D0D0,DXGI,0,512,1,Hardware: Independent Flip,9023.6503,25.5453,25.2991,0.2462,16.2514,23.7343,22.6522,1.0821,40.2096,11.9784,-11.7121,9023.6503,0.2239,NA,NA
SandFall-Win64-Shipping.exe,31024,0x13F96A7D0D0,DXGI,0,512,1,Hardware: Independent Flip,9049.1956,0.3038,0.1562,0.1476,14.4404,0.2278,0.2258,0.0020,26.6427,12.3626,13.5669,9049.1956,11.9745,NA,NA
SandFall-Win64-Shipping.exe,31024,0x13F96A7D0D0,DXGI,0,512,1,Hardware: Independent Flip,9049.4994,25.6337,25.3537,0.2800,14.3644,24.1451,22.5487,1.5964,38.7015,11.9163,-12.0588,9049.4994,0.1920,38.5842,NA
SandFall-Win64-Shipping.exe,31024,0x13F96A7D0D0,DXGI,0,512,1,Hardware: Independent Flip,9075.1331,0.3217,0.1684,0.1533,12.8758,0.2139,0.2123,0.0016,24.9841,11.1631,13.7174,9075.1331,11.8944,NA,NA
SandFall-Win64-Shipping.exe,31024,0x13F96A7D0D0,DXGI,0,512,1,Hardware: Independent Flip,9075.4548,20.6990,20.3819,0.3171,12.7680,23.0567,22.8145,0.2422,35.8255,12.0582,-10.8414,9075.4548,0.0008,NA,NA
SandFall-Win64-Shipping.exe,31024,0x13F96A7D0D0,DXGI,0,512,1,Hardware: Independent Flip,9096.1538,0.3816,0.1944,0.1872,15.1257,0.1797,0.1746,0.0051,27.1847,12.7629,8.6408,9096.1538,11.8793,NA,NA
SandFall-Win64-Shipping.exe,31024,0x13F96A7D0D0,DXGI,0,512,1,Hardware: Independent Flip,9096.5354,24.6938,24.4409,0.2529,14.9238,24.2634,22.9135,1.3499,39.5660,11.6838,-12.3813,9096.5354,0.3788,NA,NA
SandFall-Win64-Shipping.exe,31024,0x13F96A7D0D0,DXGI,0,512,1,Hardware: Independent Flip,9121.2292,0.3166,0.1615,0.1551,14.4934,0.1728,0.1711,0.0017,26.5560,12.2671,13.0100,9121.2292,11.8898,NA,NA
SandFall-Win64-Shipping.exe,31024,0x13F96A7D0D0,DXGI,0,512,1,Hardware: Independent Flip,9121.5458,23.0304,22.7678,0.2626,14.3496,24.1564,22.8620,1.2944,38.5065,12.0248,-11.9505,9121.5458,0.0005,NA,NA
SandFall-Win64-Shipping.exe,31024,0x13F96A7D0D0,DXGI,0,512,1,Hardware: Independent Flip,9144.5762,0.3184,0.1604,0.1580,15.4756,0.2150,0.2121,0.0029,27.5009,10.8877,11.0056,9144.5762,11.8103,NA,NA
SandFall-Win64-Shipping.exe,31024,0x13F96A7D0D0,DXGI,0,512,1,Hardware: Independent Flip,9144.8946,21.8719,21.5711,0.3008,15.3722,22.6970,22.6894,0.0076,38.0702,12.0012,-10.5693,9144.8946,0.0010,35.3086,NA
SandFall-Win64-Shipping.exe,31024,0x13F96A7D0D0,DXGI,0,512,1,Hardware: Independent Flip,9166.7665,0.4190,0.2170,0.2020,16.1973,0.2093,0.2074,0.0019,28.1995,10.7986,9.8707,9166.7665,11.7929,NA,NA
SandFall-Win64-Shipping.exe,31024,0x13F96A7D0D0,DXGI,0,512,1,Hardware: Independent Flip,9167.1855,22.7559,22.5007,0.2552,15.9876,22.3448,22.3371,0.0077,38.5791,11.4129,-10.3796,9167.1855,0.2467,NA,NA
SandFall-Win64-Shipping.exe,31024,0x13F96A7D0D0,DXGI,0,512,1,Hardware: Independent Flip,9189.9414,0.3073,0.1545,0.1528,15.5765,0.2079,0.2015,0.0064,27.2361,12.1900,11.3430,9189.9414,11.4517,NA,NA
SandFall-Win64-Shipping.exe,31024,0x13F96A7D0D0,DXGI,0,512,1,Hardware: Independent Flip,9190.2487,23.1197,22.8557,0.2640,15.4771,23.0783,23.0568,0.0215,39.1188,11.0708,-11.8827,9190.2487,0.5634,NA,NA
SandFall-Win64-Shipping.exe,31024,0x13F96A7D0D0,DXGI,0,512,1,Hardware: Independent Flip,9213.3684,0.3256,0.1645,0.1611,15.4357,0.1786,0.1771,0.0015,27.0699,12.4805,12.0489,9213.3684,11.4556,NA,NA
SandFall-Win64-Shipping.exe,31024,0x13F96A7D0D0,DXGI,0,512,1,Hardware: Independent Flip,9213.6940,23.7841,23.5371,0.2470,15.2887,23.9226,22.8756,1.0470,39.2248,11.5601,-12.1549,9213.6940,0.0135,49.3011,NA
SandFall-Win64-Shipping.exe,31024,0x13F96A7D0D0,DXGI,0,512,1,Hardware: Independent Flip,9237.4781,0.3019,0.1512,0.1507,15.4272,0.2581,0.2553,0.0028,27.0008,11.5359,12.2240,9237.4781,11.3155,NA,NA
SandFall-Win64-Shipping.exe,31024,0x13F96A7D0D0,DXGI,0,512,1,Hardware: Independent Flip,9237.7800,22.0896,21.8349,0.2547,15.3834,22.8506,22.8420,0.0086,38.2348,11.9807,-11.2340,9237.7800,0.0008,48.6197,NA
SandFall-Win64-Shipping.exe,31024,0x13F96A7D0D0,DXGI,0,512,1,Hardware: Independent Flip,9259.8696,0.3143,0.1561,0.1582,16.1444,0.2140,0.2118,0.0022,28.1259,11.4664,10.1089,9259.8696,11.7675,NA,NA
SandFall-Win64-Shipping.exe,31024,0x13F96A7D0D0,DXGI,0,512,1,Hardware: Independent Flip,9260.1839,22.5426,22.2944,0.2482,16.0441,23.2334,23.2223,0.0111,39.2780,11.7268,-11.1521,9260.1839,0.0005,41.3082,NA
SandFall-Win64-Shipping.exe,31024,0x13F96A7D0D0,DXGI,0,512,1,Hardware: Independent Flip,9282.7265,0.3157,0.1526,0.1631,16.7349,0.2526,0.2501,0.0025,28.4622,11.9875,10.8158,9282.7265,11.4747,NA,NA
SandFall-Win64-Shipping.exe,31024,0x13F96A7D0D0,DXGI,0,512,1,Hardware: Independent Flip,9283.0422,23.2995,23.0522,0.2473,16.6718,23.4612,23.4495,0.0117,40.1340,11.6316,-11.6718,9283.0422,0.0010,NA,NA
SandFall-Win64-Shipping.exe,31024,0x13F96A7D0D0,DXGI,0,512,1,Hardware: Independent Flip,9306.3417,0.3034,0.1544,0.1490,16.8335,0.2184,0.2184,0.0000,28.4661,11.4716,11.6679,9306.3417,11.4142,NA,NA
SandFall-Win64-Shipping.exe,31024,0x13F96A7D0D0,DXGI,0,512,1,Hardware: Independent Flip,9306.6451,22.5242,22.2790,0.2452,16.7485,22.8850,22.8743,0.0107,39.6343,11.7716,-11.1682,9306.6451,0.0008,57.3627,NA
SandFall-Win64-Shipping.exe,31024,0x13F96A7D0D0,DXGI,0,512,1,Hardware: Independent Flip,9329.1693,0.3038,0.1518,0.1520,17.1093,0.2226,0.2226,0.0000,28.8817,10.8395,10.7526,9329.1693,11.5498,NA,NA
SandFall-Win64-Shipping.exe,31024,0x13F96A7D0D0,DXGI,0,512,1,Hardware: Independent Flip,9329.4731,22.5898,22.3352,0.2546,17.0281,22.3882,22.3769,0.0113,39.4174,11.6615,-10.5357,9329.4731,0.0011,49.2150,NA
SandFall-Win64-Shipping.exe,31024,0x13F96A7D0D0,DXGI,0,512,1,Hardware: Independent Flip,9352.0629,0.3017,0.1524,0.1493,16.8265,0.2100,0.2100,0.0000,28.4891,11.2016,10.9283,9352.0629,11.4526,NA,NA
SandFall-Win64-Shipping.exe,31024,0x13F96A7D0D0,DXGI,0,512,1,Hardware: Independent Flip,9352.3646,22.9276,22.6525,0.2751,16.7348,22.4482,22.4397,0.0085,39.3890,11.4046,-10.8999,9352.3646,0.2060,NA,NA
SandFall-Win64-Shipping.exe,31024,0x13F96A7D0D0,DXGI,0,512,1,Hardware: Independent Flip,9375.2922,0.3234,0.1578,0.1656,16.2554,0.2237,0.2221,0.0016,27.8660,11.5006,11.5230,9375.2922,11.3869,NA,NA
SandFall-Win64-Shipping.exe,31024,0x13F96A7D0D0,DXGI,0,512,1,Hardware: Independent Flip,9375.6156,22.8226,22.5489,0.2737,16.1557,22.5830,22.5745,0.0085,39.0432,11.3968,-11.1772,9375.6156,0.3045,48.8931,NA
SandFall-Win64-Shipping.exe,31024,0x13F96A7D0D0,DXGI,0,512,1,Hardware: Independent Flip,9398.4382,0.3318,0.1624,0.1694,15.9161,0.1975,0.1959,0.0016,27.6174,11.6621,11.4258,9398.4382,11.5038,NA,NA
SandFall-Win64-Shipping.exe,31024,0x13F96A7D0D0,DXGI,0,512,1,Hardware: Independent Flip,9398.7700,24.1880,23.9276,0.2604,15.7818,22.9174,22.9091,0.0083,38.9477,11.4324,-11.3303,9398.7700,0.2485,41.1823,NA
SandFall-Win64-Shipping.exe,31024,0x13F96A7D0D0,DXGI,0,512,1,Hardware: Independent Flip,9422.9580,0.3096,0.1536,0.1560,14.5112,0.1768,0.1708,0.0060,26.1921,11.6214,12.7556,9422.9580,11.5041,NA,NA
SandFall-Win64-Shipping.exe,31024,0x13F96A7D0D0,DXGI,0,512,1,Hardware: Independent Flip,9423.2676,22.8022,22.5517,0.2505,14.3784,22.9803,22.4829,0.4974,37.5039,11.4678,-11.3118,9423.2676,0.1452,33.4828,NA
SandFall-Win64-Shipping.exe,31024,0x13F96A7D0D0,DXGI,0,512,1,Hardware: Independent Flip,9446.0698,0.3190,0.1613,0.1577,14.5565,0.2289,0.2271,0.0018,26.1695,11.1932,11.3344,9446.0698,11.3841,NA,NA
SandFall-Win64-Shipping.exe,31024,0x13F96A7D0D0,DXGI,0,512,1,Hardware: Independent Flip,9446.3888,22.4629,22.2160,0.2469,14.4664,22.5030,22.1863,0.3167,37.0437,11.5090,-10.8742,9446.3888,0.0743,NA,NA
SandFall-Win64-Shipping.exe,31024,0x13F96A7D0D0,DXGI,0,512,1,Hardware: Independent Flip,9468.8517,0.3012,0.1530,0.1482,14.5065,0.2529,0.2503,0.0026,26.0898,12.0844,10.9539,9468.8517,11.3304,NA,NA
SandFall-Win64-Shipping.exe,31024,0x13F96A7D0D0,DXGI,0,512,1,Hardware: Independent Flip,9469.1529,22.2786,22.0324,0.2462,14.4582,23.1752,22.6504,0.5248,37.8730,11.3392,-11.7832,9469.1529,0.2396,48.9809,NA
SandFall-Win64-Shipping.exe,31024,0x13F96A7D0D0,DXGI,0,512,1,Hardware: Independent Flip,9491.4315,0.3027,0.1523,0.1504,15.3548,0.2072,0.2006,0.0066,26.9336,11.2271,10.9394,9491.4315,11.3716,NA,NA
SandFall-Win64-Shipping.exe,31024,0x13F96A7D0D0,DXGI,0,512,1,Hardware: Independent Flip,9491.7342,22.8390,22.5915,0.2475,15.2593,22.5977,22.5630,0.0347,37.8580,11.7291,-10.9244,9491.7342,0.0010,40.7943,NA
SandFall-Win64-Shipping.exe,31024,0x13F96A7D0D0,DXGI,0,512,1,Hardware: Independent Flip,9514.5732,0.3420,0.1528,0.1892,15.0180,0.2026,0.2004,0.0022,26.7481,11.1577,11.1099,9514.5732,11.5275,NA,NA
SandFall-Win64-Shipping.exe,31024,0x13F96A7D0D0,DXGI,0,512,1,Hardware: Independent Flip,9514.9152,22.5469,22.3022,0.2447,14.8786,22.5868,22.3154,0.2714,37.5638,11.4287,-10.8157,9514.9152,0.0984,32.9288,NA
SandFall-Win64-Shipping.exe,31024,0x13F96A7D0D0,DXGI,0,512,1,Hardware: Independent Flip,9537.4621,0.2996,0.1523,0.1473,14.9185,0.1562,0.1521,0.0041,26.4456,12.2205,11.1182,9537.4621,11.3709,NA,NA
SandFall-Win64-Shipping.exe,31024,0x13F96A7D0D0,DXGI,0,512,1,Hardware: Independent Flip,9537.7617,23.2766,23.0066,0.2700,14.7751,23.3501,22.4033,0.9468,38.3665,11.1677,-11.9209,9537.7617,0.2413,NA,NA
SandFall-Win64-Shipping.exe,31024,0x13F96A7D0D0,DXGI,0,512,1,Hardware: Independent Flip,9561.0383,0.3178,0.1569,0.1609,14.8486,0.1981,0.1963,0.0018,26.2576,11.2637,12.1089,9561.0383,11.2109,NA,NA
SandFall-Win64-Shipping.exe,31024,0x13F96A7D0D0,DXGI,0,512,1,Hardware: Independent Flip,9561.3561,21.8209,21.5790,0.2419,14.7289,22.4735,22.4631,0.0104,37.2035,11.7232,-10.9459,9561.3561,0.0011,48.2258,NA
SandFall-Win64-Shipping.exe,31024,0x13F96A7D0D0,DXGI,0,512,1,Hardware: Independent Flip,9583.1770,0.3061,0.1525,0.1536,15.3815,0.2068,0.2043,0.0025,27.1058,10.5957,10.0977,9583.1770,11.5175,NA,NA
SandFall-Win64-Shipping.exe,31024,0x13F96A7D0D0,DXGI,0,512,1,Hardware: Independent Flip,9583.4831,22.4431,22.1946,0.2485,15.2822,22.1128,22.1069,0.0059,37.3954,11.4783,-10.2896,9583.4831,0.0004,NA,NA
SandFall-Win64-Shipping.exe,31024,0x13F96A7D0D0,DXGI,0,512,1,Hardware: Independent Flip,9605.9262,0.3001,0.1500,0.1501,14.9519,0.2217,0.2195,0.0022,26.4306,13.0820,10.9648,9605.9262,11.2570,NA,NA
SandFall-Win64-Shipping.exe,31024,0x13F96A7D0D0,DXGI,0,512,1,Hardware: Independent Flip,9606.2263,23.9433,23.6970,0.2463,14.8735,23.9867,23.4070,0.5797,39.2125,11.0005,-12.7819,9606.2263,0.3523,49.0246,NA
SandFall-Win64-Shipping.exe,31024,0x13F96A7D0D0,DXGI,0,512,1,Hardware: Independent Flip,9630.1696,0.3067,0.1519,0.1548,14.9169,0.1910,0.1892,0.0018,26.2697,11.3836,12.9428,9630.1696,11.1618,NA,NA
SandFall-Win64-Shipping.exe,31024,0x13F96A7D0D0,DXGI,0,512,1,Hardware: Independent Flip,9630.4763,20.4414,20.1945,0.2469,14.8012,22.5444,22.5363,0.0081,37.3466,11.9930,-11.0769,9630.4763,0.0010,40.6542,NA
SandFall-Win64-Shipping.exe,31024,0x13F96A7D0D0,DXGI,0,512,1,Hardware: Independent Flip,9650.9177,0.3142,0.1590,0.1552,16.9042,0.2142,0.2142,0.0000,28.8982,10.5613,8.4484,9650.9177,11.7798,NA,NA
SandFall-Win64-Shipping.exe,31024,0x13F96A7D0D0,DXGI,0,512,1,Hardware: Independent Flip,9651.2319,22.8206,22.5816,0.2390,16.8042,22.3403,22.3287,0.0116,39.1453,11.7021,-10.2471,9651.2319,0.0008,41.7538,NA
SandFall-Win64-Shipping.exe,31024,0x13F96A7D0D0,DXGI,0,512,1,Hardware: Independent Flip,9674.0525,0.2999,0.1507,0.1492,16.3239,0.2190,0.2173,0.0017,28.0268,11.6757,11.1185,9674.0525,11.4839,NA,NA
SandFall-Win64-Shipping.exe,31024,0x13F96A7D0D0,DXGI,0,512,1,Hardware: Independent Flip,9674.3524,22.5559,22.2995,0.2564,16.2430,23.0089,22.9987,0.0102,39.4026,11.1188,-11.3758,9674.3524,0.1507,NA,NA
SandFall-Win64-Shipping.exe,31024,0x13F96A7D0D0,DXGI,0,512,1,Hardware: Independent Flip,9696.9083,0.3084,0.1552,0.1532,16.6960,0.2319,0.2303,0.0016,27.9655,14.4499,11.4371,9696.9083,11.0376,NA,NA
SandFall-Win64-Shipping.exe,31024,0x13F96A7D0D0,DXGI,0,512,1,Hardware: Independent Flip,9697.2167,22.3502,21.9865,0.3637,16.6195,25.4861,25.4757,0.0104,42.1070,11.5559,-14.1415,9697.2167,0.0014,NA,NA
SandFall-Win64-Shipping.exe,31024,0x13F96A7D0D0,DXGI,0,512,1,Hardware: Independent Flip,9719.5669,0.4642,0.2332,0.2310,19.7554,0.2171,0.2141,0.0030,31.3127,13.9941,10.7943,9719.5669,11.3402,NA,NA
SandFall-Win64-Shipping.exe,31024,0x13F96A7D0D0,DXGI,0,512,1,Hardware: Independent Flip,9720.0311,23.6901,23.4437,0.2464,19.5083,25.3336,25.2701,0.0635,44.8426,12.8044,-13.5299,9720.0311,0.0007,NA,NA
SandFall-Win64-Shipping.exe,31024,0x13F96A7D0D0,DXGI,0,512,1,Hardware: Independent Flip,9743.7212,0.3227,0.1565,0.1662,21.1518,0.2598,0.2567,0.0031,33.9569,10.4886,10.8857,9743.7212,12.5453,NA,NA
SandFall-Win64-Shipping.exe,31024,0x13F96A7D0D0,DXGI,0,512,1,Hardware: Independent Flip,9744.0439,22.4453,22.1885,0.2568,21.0889,23.0332,23.0279,0.0053,44.1228,12.7916,-10.1659,9744.0439,0.0007,NA,NA
SandFall-Win64-Shipping.exe,31024,0x13F96A7D0D0,DXGI,0,512,1,Hardware: Independent Flip,9766.4892,0.3295,0.1567,0.1728,21.6768,0.2144,0.2121,0.0023,34.4691,9.3835,9.6537,9766.4892,12.5779,NA,NA
SandFall-Win64-Shipping.exe,31024,0x13F96A7D0D0,DXGI,0,512,1,Hardware: Independent Flip,9766.8187,22.0034,21.7630,0.2404,21.5617,21.9605,21.9540,0.0065,43.5231,12.5649,-9.0540,9766.8187,0.0009,39.7243,NA
SandFall-Win64-Shipping.exe,31024,0x13F96A7D0D0,DXGI,0,512,1,Hardware: Independent Flip,9788.8221,0.3205,0.1731,0.1474,21.5188,0.1847,0.1801,0.0046,34.0846,10.6195,9.4385,9788.8221,12.3811,NA,NA
SandFall-Win64-Shipping.exe,31024,0x13F96A7D0D0,DXGI,0,512,1,Hardware: Independent Flip,9789.1426,22.5431,22.2851,0.2580,21.3830,22.5002,22.4939,0.0063,44.3836,10.9763,-10.2990,9789.1426,0.5004,40.9129,NA
SandFall-Win64-Shipping.exe,31024,0x13F96A7D0D0,DXGI,0,512,1,Hardware: Independent Flip,9811.6857,0.3489,0.1838,0.1651,21.3401,0.2190,0.2165,0.0025,32.8168,13.4408,11.5668,9811.6857,11.2577,NA,NA
SandFall-Win64-Shipping.exe,31024,0x13F96A7D0D0,DXGI,0,512,1,Hardware: Independent Flip,9812.0346,27.5002,27.2406,0.2596,21.2102,24.0150,24.0096,0.0054,45.9087,10.7690,-13.0919,9812.0346,0.6835,41.3341,NA
SandFall-Win64-Shipping.exe,31024,0x13F96A7D0D0,DXGI,0,512,1,Hardware: Independent Flip,9839.5348,0.3075,0.1550,0.1525,17.7250,0.2080,0.2061,0.0019,29.1775,11.2526,16.7312,9839.5348,11.2445,NA,NA
SandFall-Win64-Shipping.exe,31024,0x13F96A7D0D0,DXGI,0,512,1,Hardware: Independent Flip,9839.8423,17.5247,17.2331,0.2916,17.6255,22.4967,22.4901,0.0066,40.1226,12.0809,-10.9451,9839.8423,0.0004,41.3554,NA
SandFall-Win64-Shipping.exe,31024,0x13F96A7D0D0,DXGI,0,512,1,Hardware: Independent Flip,9857.3670,0.4006,0.2319,0.1687,22.5975,0.2342,0.2342,0.0000,34.6788,10.9489,5.4438,9857.3670,11.8471,NA,NA
SandFall-Win64-Shipping.exe,31024,0x13F96A7D0D0,DXGI,0,512,1,Hardware: Independent Flip,9857.7676,24.5425,24.3015,0.2410,22.4311,22.7950,22.7893,0.0057,45.2271,11.7354,-10.5483,9857.7676,0.0010,41.3785,NA
SandFall-Win64-Shipping.exe,31024,0x13F96A7D0D0,DXGI,0,512,1,Hardware: Independent Flip,9882.3101,0.3193,0.1644,0.1549,20.6836,0.2182,0.2164,0.0018,32.4200,11.1909,12.8071,9882.3101,11.5182,NA,NA
SandFall-Win64-Shipping.exe,31024,0x13F96A7D0D0,DXGI,0,512,1,Hardware: Independent Flip,9882.6294,25.7035,25.4516,0.2519,20.5825,22.5827,22.5754,0.0073,43.2916,11.4807,-10.8716,9882.6294,0.1264,44.3131,NA
SandFall-Win64-Shipping.exe,31024,0x13F96A7D0D0,DXGI,0,512,1,Hardware: Independent Flip,9908.3329,0.3183,0.1602,0.1581,17.4617,0.2145,0.2127,0.0018,29.0688,11.7211,14.2228,9908.3329,11.3926,NA,NA
SandFall-Win64-Shipping.exe,31024,0x13F96A7D0D0,DXGI,0,512,1,Hardware: Independent Flip,9908.6512,22.8383,22.6022,0.2361,17.3579,22.8375,22.8304,0.0071,40.4716,11.6765,-11.4028,9908.6512,0.2762,40.5088,NA
SandFall-Win64-Shipping.exe,31024,0x13F96A7D0D0,DXGI,0,512,1,Hardware: Independent Flip,9931.4895,0.3093,0.1521,0.1572,17.3571,0.2166,0.2148,0.0018,29.3098,11.2341,11.1618,9931.4895,11.7361,NA,NA
SandFall-Win64-Shipping.exe,31024,0x13F96A7D0D0,DXGI,0,512,1,Hardware: Independent Flip,9931.7988,19.3724,19.1151,0.2573,17.2644,22.7085,22.6961,0.0124,40.2346,11.6310,-10.9248,9931.7988,0.2617,38.4232,NA
SandFall-Win64-Shipping.exe,31024,0x13F96A7D0D0,DXGI,0,512,1,Hardware: Independent Flip,9951.1712,0.3067,0.1548,0.1519,20.6005,0.1999,0.1980,0.0019,32.4932,11.6367,7.7414,9951.1712,11.6928,NA,NA
SandFall-Win64-Shipping.exe,31024,0x13F96A7D0D0,DXGI,0,512,1,Hardware: Independent Flip,9951.4779,23.7790,23.5058,0.2732,20.4937,22.8627,22.8502,0.0125,43.8232,11.4964,-11.3300,9951.4779,0.4668,37.6900,NA
SandFall-Win64-Shipping.exe,31024,0x13F96A7D0D0,DXGI,0,512,1,Hardware: Independent Flip,9975.2569,0.3339,0.1641,0.1698,19.5774,0.1636,0.1590,0.0046,31.5406,11.5338,12.2826,9975.2569,11.7996,NA,NA
SandFall-Win64-Shipping.exe,31024,0x13F96A7D0D0,DXGI,0,512,1,Hardware: Independent Flip,9975.5908,25.9588,25.7151,0.2437,19.4071,22.9223,22.9099,0.0124,42.7405,11.5663,-11.1999,9975.5908,0.4111,36.6918,NA
SandFall-Win64-Shipping.exe,31024,0x13F96A7D0D0,DXGI,0,512,1,Hardware: Independent Flip,10001.5496,0.3073,0.1565,0.1508,16.3706,0.1837,0.1782,0.0055,28.3480,12.3060,14.3925,10001.5496,11.7937,NA,NA
SandFall-Win64-Shipping.exe,31024,0x13F96A7D0D0,DXGI,0,512,1,Hardware: Independent Flip,10001.8569,21.7445,21.4505,0.2940,16.2470,23.6608,23.6407,0.0201,40.3467,11.5728,-11.9987,10001.8569,0.4389,36.5927,NA
SandFall-Win64-Shipping.exe,31024,0x13F96A7D0D0,DXGI,0,512,1,Hardware: Independent Flip,10023.6014,0.3078,0.1572,0.1506,18.1633,0.2021,0.2021,0.0000,30.1750,12.2466,10.1717,10023.6014,11.8096,NA,NA
SandFall-Win64-Shipping.exe,31024,0x13F96A7D0D0,DXGI,0,512,1,Hardware: Independent Flip,10023.9092,24.3432,24.0893,0.2539,18.0576,23.9781,23.9673,0.0108,42.1138,11.9183,-11.9388,10023.9092,0.0781,36.4129,NA
SandFall-Win64-Shipping.exe,31024,0x13F96A7D0D0,DXGI,0,512,1,Hardware: Independent Flip,10048.2524,0.3044,0.1506,0.1538,17.6925,0.3021,0.2982,0.0039,29.6889,14.8642,12.4249,10048.2524,11.6943,NA,NA
SandFall-Win64-Shipping.exe,31024,0x13F96A7D0D0,DXGI,0,512,1,Hardware: Independent Flip,10048.5568,28.7655,28.5222,0.2433,17.6902,26.5574,25.8351,0.7223,44.2487,12.0517,-14.5598,10048.5568,0.0011,39.1968,NA
SandFall-Win64-Shipping.exe,31024,0x13F96A7D0D0,DXGI,0,512,1,Hardware: Independent Flip,10077.3223,0.3073,0.1516,0.1557,15.4821,0.2220,0.2189,0.0031,27.5349,12.6597,16.7138,10077.3223,11.8308,NA,NA
SandFall-Win64-Shipping.exe,31024,0x13F96A7D0D0,DXGI,0,512,1,Hardware: Independent Flip,10077.6296,19.2245,18.9679,0.2566,15.3968,24.4894,24.4789,0.0105,39.8873,13.4459,-12.3524,10077.6296,0.0011,39.9068,NA
SandFall-Win64-Shipping.exe,31024,0x13F96A7D0D0,DXGI,0,512,1,Hardware: Independent Flip,10096.8541,0.3127,0.1567,0.1560,20.6617,0.2306,0.2306,0.0000,34.1087,11.0327,5.7786,10096.8541,13.2164,NA,NA
SandFall-Win64-Shipping.exe,31024,0x13F96A7D0D0,DXGI,0,512,1,Hardware: Independent Flip,10097.1668,23.2419,22.9278,0.3141,20.5796,24.2481,24.2403,0.0078,44.8287,13.1171,-10.7200,10097.1668,0.0010,45.3791,NA
SandFall-Win64-Shipping.exe,31024,0x13F96A7D0D0,DXGI,0,512,1,Hardware: Independent Flip,10120.4087,0.3374,0.1590,0.1784,21.5858,0.2188,0.2159,0.0029,34.7039,12.2865,10.1248,10120.4087,12.8993,NA,NA
SandFall-Win64-Shipping.exe,31024,0x13F96A7D0D0,DXGI,0,512,1,Hardware: Independent Flip,10120.7461,23.8366,23.5955,0.2411,21.4672,25.1849,25.1789,0.0060,46.6530,12.1991,-11.9491,10120.7461,0.0009,58.6382,NA
SandFall-Win64-Shipping.exe,31024,0x13F96A7D0D0,DXGI,0,512,1,Hardware: Independent Flip,10144.5827,0.3793,0.1742,0.2051,22.8155,0.2267,0.2242,0.0025,35.0155,12.0354,11.6375,10144.5827,11.9733,NA,NA
SandFall-Win64-Shipping.exe,31024,0x13F96A7D0D0,DXGI,0,512,1,Hardware: Independent Flip,10144.9620,24.0977,23.8218,0.2759,22.6629,24.0078,24.0000,0.0078,46.6716,12.6161,-11.6561,10144.9620,0.0009,NA,NA
SandFall-Win64-Shipping.exe,31024,0x13F96A7D0D0,DXGI,0,512,1,Hardware: Independent Flip,10169.0597,0.3510,0.1899,0.1611,22.5730,0.1771,0.1730,0.0041,35.1900,11.9851,11.4816,10169.0597,12.4399,NA,NA
SandFall-Win64-Shipping.exe,31024,0x13F96A7D0D0,DXGI,0,512,1,Hardware: Independent Flip,10169.4107,28.2713,27.9959,0.2754,22.3991,24.3261,24.3178,0.0083,46.8241,12.3840,-11.6341,10169.4107,0.0989,NA,NA
SandFall-Win64-Shipping.exe,31024,0x13F96A7D0D0,DXGI,0,512,1,Hardware: Independent Flip,10197.6820,0.3162,0.1622,0.1540,18.4539,0.2802,0.2778,0.0024,30.9368,12.0948,15.8873,10197.6820,12.2027,NA,NA
SandFall-Win64-Shipping.exe,31024,0x13F96A7D0D0,DXGI,0,512,1,Hardware: Independent Flip,10197.9982,20.8916,20.6261,0.2655,18.4179,23.9911,23.9714,0.0197,42.7154,12.2550,-11.7786,10197.9982,0.3064,NA,NA
SandFall-Win64-Shipping.exe,31024,0x13F96A7D0D0,DXGI,0,512,1,Hardware: Independent Flip,10218.8898,0.3207,0.1624,0.1583,21.5174,0.1966,0.1943,0.0023,34.0788,12.0737,8.6366,10218.8898,12.3648,NA,NA
SandFall-Win64-Shipping.exe,31024,0x13F96A7D0D0,DXGI,0,512,1,Hardware: Independent Flip,10219.2105,28.9824,28.7046,0.2778,21.3933,24.0397,24.0327,0.0070,45.8318,12.4109,-11.7530,10219.2105,0.3988,NA,NA
SandFall-Win64-Shipping.exe,31024,0x13F96A7D0D0,DXGI,0,512,1,Hardware: Independent Flip,10248.1929,0.3337,0.1636,0.1701,16.4506,0.2066,0.2006,0.0060,29.2603,20.0300,16.5715,10248.1929,12.6031,NA,NA
SandFall-Win64-Shipping.exe,31024,0x13F96A7D0D0,DXGI,0,512,1,Hardware: Independent Flip,10248.5266,32.6186,32.3241,0.2945,16.3235,32.0586,25.1425,6.9161,48.9566,12.1992,-19.6963,10248.5266,0.5745,65.8122,NA
SandFall-Win64-Shipping.exe,31024,0x13F96A7D0D0,DXGI,0,512,1,Hardware: Independent Flip,10281.1452,0.3520,0.1666,0.1854,15.7635,0.2255,0.2233,0.0022,28.5372,10.6703,20.4194,10281.1452,12.5482,NA,NA
SandFall-Win64-Shipping.exe,31024,0x13F96A7D0D0,DXGI,0,512,1,Hardware: Independent Flip,10281.4972,14.2717,14.0236,0.2481,15.6370,23.2174,23.2109,0.0065,38.8555,14.3160,-10.3183,10281.4972,0.0011,NA,NA
SandFall-Win64-Shipping.exe,31024,0x13F96A7D0D0,DXGI,0,512,1,Hardware: Independent Flip,10295.7689,0.3358,0.1872,0.1486,24.5827,0.2376,0.2345,0.0031,38.8998,9.2838,-0.0443,10295.7689,14.0795,NA,NA
SandFall-Win64-Shipping.exe,31024,0x13F96A7D0D0,DXGI,0,512,1,Hardware: Independent Flip,10296.1047,25.0445,24.7229,0.3216,24.4845,23.3627,23.3599,0.0028,47.8478,14.2881,-8.9480,10296.1047,0.0006,43.2939,NA
SandFall-Win64-Shipping.exe,31024,0x13F96A7D0D0,DXGI,0,512,1,Hardware: Independent Flip,10321.1492,0.3072,0.1613,0.1459,22.8027,0.2286,0.2286,0.0000,37.0914,10.3137,10.7564,10321.1492,14.0601,NA,NA
SandFall-Win64-Shipping.exe,31024,0x13F96A7D0D0,DXGI,0,512,1,Hardware: Independent Flip,10321.4564,24.4594,24.1629,0.2965,22.7241,23.4178,23.4064,0.0114,47.0979,11.8227,-10.0065,10321.4564,0.9560,NA,NA
SandFall-Win64-Shipping.exe,31024,0x13F96A7D0D0,DXGI,0,512,1,Hardware: Independent Flip,10345.9158,0.3233,0.1692,0.1541,21.6825,0.2000,0.1984,0.0016,34.4612,12.7904,12.6367,10345.9158,12.5787,NA,NA
SandFall-Win64-Shipping.exe,31024,0x13F96A7D0D0,DXGI,0,512,1,Hardware: Independent Flip,10346.2391,30.5073,30.2605,0.2468,21.5592,23.8684,23.8554,0.0130,46.9283,11.3448,-12.4671,10346.2391,1.5007,38.5560,NA
SandFall-Win64-Shipping.exe,31024,0x13F96A7D0D0,DXGI,0,512,1,Hardware: Independent Flip,10376.7464,0.3168,0.1577,0.1591,14.9203,0.2107,0.2091,0.0016,27.7658,11.9991,19.1625,10376.7464,12.6348,NA,NA
SandFall-Win64-Shipping.exe,31024,0x13F96A7D0D0,DXGI,0,512,1,Hardware: Independent Flip,10377.0632,20.5570,20.1621,0.3949,14.8142,23.6347,23.6206,0.0141,39.4481,11.4215,-11.6823,10377.0632,0.9992,38.8947,NA
SandFall-Win64-Shipping.exe,31024,0x13F96A7D0D0,DXGI,0,512,1,Hardware: Independent Flip,10397.6202,0.3090,0.1574,0.1516,17.8919,0.1768,0.1768,0.0000,30.3126,11.9997,9.1355,10397.6202,12.2439,NA,NA
SandFall-Win64-Shipping.exe,31024,0x13F96A7D0D0,DXGI,0,512,1,Hardware: Independent Flip,10397.9292,24.4086,24.1552,0.2534,17.7597,23.5097,23.5016,0.0081,42.0033,11.7647,-11.6907,10397.9292,0.7339,35.3202,NA
SandFall-Win64-Shipping.exe,31024,0x13F96A7D0D0,DXGI,0,512,1,Hardware: Independent Flip,10422.3378,0.3119,0.1601,0.1518,16.8608,0.2117,0.2101,0.0016,29.3594,11.5742,12.6439,10422.3378,12.2869,NA,NA
SandFall-Win64-Shipping.exe,31024,0x13F96A7D0D0,DXGI,0,512,1,Hardware: Independent Flip,10422.6497,23.8047,23.5558,0.2489,16.7606,23.2363,23.2269,0.0094,40.6217,11.8673,-11.2623,10422.6497,0.6248,43.6205,NA
SandFall-Win64-Shipping.exe,31024,0x13F96A7D0D0,DXGI,0,512,1,Hardware: Independent Flip,10446.4544,0.3390,0.1622,0.1768,16.1922,0.1933,0.1913,0.0020,28.6843,12.9973,11.9374,10446.4544,12.2988,NA,NA
SandFall-Win64-Shipping.exe,31024,0x13F96A7D0D0,DXGI,0,512,1,Hardware: Independent Flip,10446.7934,24.9935,24.7255,0.2680,16.0465,24.5167,23.4220,1.0947,41.3426,11.7606,-12.6583,10446.7934,0.7794,39.5201,NA
SandFall-Win64-Shipping.exe,31024,0x13F96A7D0D0,DXGI,0,512,1,Hardware: Independent Flip,10471.7869,0.3263,0.1705,0.1558,15.5697,0.1651,0.1604,0.0047,28.1097,13.6492,13.2329,10471.7869,12.3749,NA,NA
SandFall-Win64-Shipping.exe,31024,0x13F96A7D0D0,DXGI,0,512,1,Hardware: Independent Flip,10472.1132,25.7464,25.4812,0.2652,15.4085,25.8517,23.3991,2.4526,41.4326,12.2782,-13.3229,10472.1132,0.1724,34.9362,NA
SandFall-Win64-Shipping.exe,31024,0x13F96A7D0D0,DXGI,0,512,1,Hardware: Independent Flip,10497.8596,0.3071,0.1538,0.1533,15.5138,0.2092,0.2075,0.0017,27.9644,11.7375,13.4682,10497.8596,12.2414,NA,NA
SandFall-Win64-Shipping.exe,31024,0x13F96A7D0D0,DXGI,0,512,1,Hardware: Independent Flip,10498.1667,23.5772,23.3105,0.2667,15.4159,23.9772,23.7673,0.2099,39.3948,12.8910,-11.4304,10498.1667,0.0017,33.9442,NA
SandFall-Win64-Shipping.exe,31024,0x13F96A7D0D0,DXGI,0,512,1,Hardware: Independent Flip,10521.7439,0.3117,0.1579,0.1538,15.8159,0.1957,0.1895,0.0062,28.7086,12.9004,10.6862,10521.7439,12.6970,NA,NA
SandFall-Win64-Shipping.exe,31024,0x13F96A7D0D0,DXGI,0,512,1,Hardware: Independent Flip,10522.0556,25.1318,24.8863,0.2455,15.6999,25.5490,24.7235,0.8255,41.2973,12.2264,-12.5887,10522.0556,0.0484,34.7424,NA
SandFall-Win64-Shipping.exe,31024,0x13F96A7D0D0,DXGI,0,512,1,Hardware: Independent Flip,10547.1874,0.3192,0.1638,0.1554,16.1171,0.3038,0.3008,0.0030,28.3919,13.9412,12.9054,10547.1874,11.9710,NA,NA
SandFall-Win64-Shipping.exe,31024,0x13F96A7D0D0,DXGI,0,512,1,Hardware: Independent Flip,10547.5066,26.8439,26.5965,0.2474,16.1017,25.9113,24.0299,1.8814,42.0139,12.4561,-13.6220,10547.5066,0.0009,36.9113,NA
SandFall-Win64-Shipping.exe,31024,0x13F96A7D0D0,DXGI,0,512,1,Hardware: Independent Flip,10574.3505,0.3029,0.1534,0.1495,15.1691,0.2047,0.1993,0.0054,27.6261,19.2815,14.3878,10574.3505,12.2523,NA,NA
SandFall-Win64-Shipping.exe,31024,0x13F96A7D0D0,DXGI,0,512,1,Hardware: Independent Flip,10574.6534,30.4675,30.1556,0.3119,15.0709,31.5330,24.7056,6.8274,46.6047,13.1046,-18.9786,10574.6534,0.0008,19.6480,NA
SandFall-Win64-Shipping.exe,31024,0x13F96A7D0D0,DXGI,0,512,1,Hardware: Independent Flip,10605.1209,0.3476,0.1804,0.1672,16.1364,0.2329,0.2329,0.0000,29.2418,11.1575,17.3629,10605.1209,12.8725,NA,NA
SandFall-Win64-Shipping.exe,31024,0x13F96A7D0D0,DXGI,0,512,1,Hardware: Independent Flip,10605.4685,15.5909,15.3349,0.2560,16.0217,24.0293,24.0228,0.0065,40.0517,13.5565,-10.8099,10605.4685,0.0007,NA,NA
SandFall-Win64-Shipping.exe,31024,0x13F96A7D0D0,DXGI,0,512,1,Hardware: Independent Flip,10621.0594,0.5058,0.2611,0.2447,24.4601,0.2392,0.2392,0.0000,38.0173,12.1581,2.0344,10621.0594,13.3180,NA,NA
SandFall-Win64-Shipping.exe,31024,0x13F96A7D0D0,DXGI,0,512,1,Hardware: Independent Flip,10621.5652,22.8858,22.6374,0.2484,24.1935,25.4754,25.4683,0.0071,49.6696,13.7054,-11.6523,10621.5652,0.0007,45.6244,NA
SandFall-Win64-Shipping.exe,31024,0x13F96A7D0D0,DXGI,0,512,1,Hardware: Independent Flip,10644.4510,0.4529,0.1628,0.2901,26.7831,0.2301,0.2274,0.0027,40.4892,11.4861,9.1804,10644.4510,13.4760,NA,NA
SandFall-Win64-Shipping.exe,31024,0x13F96A7D0D0,DXGI,0,512,1,Hardware: Independent Flip,10644.9039,24.1167,23.8740,0.2427,26.5603,24.9613,24.9549,0.0064,51.5224,13.6672,-11.0332,10644.9039,0.0008,46.8187,NA
SandFall-Win64-Shipping.exe,31024,0x13F96A7D0D0,DXGI,0,512,1,Hardware: Independent Flip,10669.0206,0.3097,0.1559,0.1538,27.4049,0.2259,0.2259,0.0000,41.0729,11.2916,10.4495,10669.0206,13.4421,NA,NA
SandFall-Win64-Shipping.exe,31024,0x13F96A7D0D0,DXGI,0,512,1,Hardware: Independent Flip,10669.3303,24.9947,24.7483,0.2464,27.3211,24.7327,24.7266,0.0061,52.0548,13.2823,-10.9819,10669.3303,0.0010,46.7724,NA
SandFall-Win64-Shipping.exe,31024,0x13F96A7D0D0,DXGI,0,512,1,Hardware: Independent Flip,10694.3250,0.3200,0.1694,0.1506,27.0591,0.2185,0.2152,0.0033,40.3424,15.5945,11.7124,10694.3250,13.0648,NA,NA
SandFall-Win64-Shipping.exe,31024,0x13F96A7D0D0,DXGI,0,512,1,Hardware: Independent Flip,10694.6450,31.7209,31.3365,0.3844,26.9576,28.6582,28.6499,0.0083,55.6169,12.3077,-15.2745,10694.6450,0.0011,34.6087,NA
SandFall-Win64-Shipping.exe,31024,0x13F96A7D0D0,DXGI,0,512,1,Hardware: Independent Flip,10726.3659,0.3786,0.1935,0.1851,23.8949,0.1494,0.1459,0.0035,36.2037,15.3967,19.4132,10726.3659,12.1594,NA,NA
SandFall-Win64-Shipping.exe,31024,0x13F96A7D0D0,DXGI,0,512,1,Hardware: Independent Flip,10726.7445,25.3232,25.0008,0.3224,23.6657,27.5552,27.5461,0.0091,51.2218,13.6661,-15.0181,10726.7445,0.0009,37.3401,NA
SandFall-Win64-Shipping.exe,31024,0x13F96A7D0D0,DXGI,0,512,1,Hardware: Independent Flip,10752.0677,0.4378,0.2155,0.2223,25.8977,0.2225,0.2192,0.0033,39.5647,12.3147,11.6571,10752.0677,13.4445,NA,NA
SandFall-Win64-Shipping.exe,31024,0x13F96A7D0D0,DXGI,0,512,1,Hardware: Independent Flip,10752.5055,21.9572,21.7189,0.2383,25.6824,25.7581,25.7527,0.0054,51.4416,14.1661,-11.8769,10752.5055,0.0011,NA,NA
SandFall-Win64-Shipping.exe,31024,0x13F96A7D0D0,DXGI,0,512,1,Hardware: Independent Flip,10774.4627,0.3379,0.1647,0.1732,29.4833,0.2217,0.2190,0.0027,43.6505,10.5487,7.7911,10774.4627,13.9455,NA,NA
SandFall-Win64-Shipping.exe,31024,0x13F96A7D0D0,DXGI,0,512,1,Hardware: Independent Flip,10774.8006,26.4556,26.2050,0.2506,29.3671,24.4935,24.4907,0.0028,53.8613,14.4309,-10.2108,10774.8006,0.0007,NA,NA
SandFall-Win64-Shipping.exe,31024,0x13F96A7D0D0,DXGI,0,512,1,Hardware: Independent Flip,10801.2562,0.3290,0.1663,0.1627,27.4050,0.2271,0.2243,0.0028,41.8366,10.7829,12.0247,10801.2562,14.2045,NA,NA
SandFall-Win64-Shipping.exe,31024,0x13F96A7D0D0,DXGI,0,512,1,Hardware: Independent Flip,10801.5852,24.3912,24.1384,0.2528,27.3031,24.7946,24.7896,0.0050,52.2905,12.7785,-10.4539,10801.5852,0.1928,NA,NA
SandFall-Win64-Shipping.exe,31024,0x13F96A7D0D0,DXGI,0,512,1,Hardware: Independent Flip,10825.9764,0.3233,0.1675,0.1558,27.7065,0.2318,0.2298,0.0020,40.6778,12.7694,11.6127,10825.9764,12.7395,NA,NA
SandFall-Win64-Shipping.exe,31024,0x13F96A7D0D0,DXGI,0,512,1,Hardware: Independent Flip,10826.2997,26.4793,26.2023,0.2770,27.6150,24.3083,24.3031,0.0052,53.1239,11.9718,-12.4461,10826.2997,1.2006,NA,NA
SandFall-Win64-Shipping.exe,31024,0x13F96A7D0D0,DXGI,0,512,1,Hardware: Independent Flip,10852.7790,0.3251,0.1670,0.1581,25.4440,0.2190,0.2168,0.0022,38.6164,12.4068,14.5075,10852.7790,12.9534,NA,NA
SandFall-Win64-Shipping.exe,31024,0x13F96A7D0D0,DXGI,0,512,1,Hardware: Independent Flip,10853.1041,23.1794,22.9461,0.2333,25.3379,24.5489,24.5410,0.0079,50.6981,12.3129,-12.0817,10853.1041,0.8113,NA,NA
SandFall-Win64-Shipping.exe,31024,0x13F96A7D0D0,DXGI,0,512,1,Hardware: Independent Flip,10876.2835,0.3085,0.1609,0.1476,26.7074,0.1722,0.1651,0.0071,39.8316,12.4940,10.8665,10876.2835,12.9520,NA,NA
SandFall-Win64-Shipping.exe,31024,0x13F96A7D0D0,DXGI,0,512,1,Hardware: Independent Flip,10876.5920,25.0841,24.8450,0.2391,26.5711,24.6698,24.6630,0.0068,52.0171,12.3406,-12.1855,10876.5920,0.7762,49.9958,NA
SandFall-Win64-Shipping.exe,31024,0x13F96A7D0D0,DXGI,0,512,1,Hardware: Independent Flip,10901.6761,0.3185,0.1636,0.1549,26.1568,0.2028,0.2006,0.0022,39.2736,12.2600,12.7435,10901.6761,12.9140,NA,NA
SandFall-Win64-Shipping.exe,31024,0x13F96A7D0D0,DXGI,0,512,1,Hardware: Independent Flip,10901.9946,26.4573,26.1943,0.2630,26.0411,24.4645,24.4590,0.0055,51.2151,12.3858,-11.9415,10901.9946,0.7095,47.5625,NA
SandFall-Win64-Shipping.exe,31024,0x13F96A7D0D0,DXGI,0,512,1,Hardware: Independent Flip,10928.4519,0.5230,0.2299,0.2931,24.0483,0.2179,0.2160,0.0019,37.1436,13.1790,14.0715,10928.4519,12.8774,NA,NA
SandFall-Win64-Shipping.exe,31024,0x13F96A7D0D0,DXGI,0,512,1,Hardware: Independent Flip,10928.9749,28.5800,28.3341,0.2459,23.7432,25.2763,25.2691,0.0072,49.7996,12.3459,-12.6560,10928.9749,0.7801,48.1641,NA
SandFall-Win64-Shipping.exe,31024,0x13F96A7D0D0,DXGI,0,512,1,Hardware: Independent Flip,10957.5549,0.3176,0.1629,0.1547,20.4395,0.2050,0.2031,0.0019,33.5655,12.2214,16.2341,10957.5549,12.9210,NA,NA
SandFall-Win64-Shipping.exe,31024,0x13F96A7D0D0,DXGI,0,512,1,Hardware: Independent Flip,10957.8725,25.1976,24.9444,0.2532,20.3269,24.7694,24.7609,0.0085,45.4693,12.6959,-11.9038,10957.8725,0.3730,46.7247,NA
SandFall-Win64-Shipping.exe,31024,0x13F96A7D0D0,DXGI,0,512,1,Hardware: Independent Flip,10983.0701,0.3176,0.1635,0.1541,19.8987,0.2098,0.2081,0.0017,32.9676,12.0942,12.5017,10983.0701,12.8591,NA,NA
SandFall-Win64-Shipping.exe,31024,0x13F96A7D0D0,DXGI,0,512,1,Hardware: Independent Flip,10983.3877,22.6277,22.3798,0.2479,19.7909,24.3342,24.3310,0.0032,44.7442,12.4703,-11.7766,10983.3877,0.6191,47.5052,NA
SandFall-Win64-Shipping.exe,31024,0x13F96A7D0D0,DXGI,0,512,1,Hardware: Independent Flip,11006.0154,0.3031,0.1547,0.1484,21.4974,0.2234,0.2234,0.0000,34.5868,12.4216,10.1574,11006.0154,12.8660,NA,NA
SandFall-Win64-Shipping.exe,31024,0x13F96A7D0D0,DXGI,0,512,1,Hardware: Independent Flip,11006.3185,21.8593,21.5906,0.2687,21.4177,24.4706,24.4639,0.0067,46.7053,12.2536,-12.1185,11006.3185,0.8170,47.4092,NA
SandFall-Win64-Shipping.exe,31024,0x13F96A7D0D0,DXGI,0,512,1,Hardware: Independent Flip,11028.1778,0.3194,0.1690,0.1504,24.0290,0.2003,0.1986,0.0017,37.0996,12.5536,9.6057,11028.1778,12.8703,NA,NA
SandFall-Win64-Shipping.exe,31024,0x13F96A7D0D0,DXGI,0,512,1,Hardware: Independent Flip,11028.4972,30.2197,29.9582,0.2615,23.9099,24.6806,24.6702,0.0104,49.3338,12.4323,-12.2342,11028.4972,0.7433,48.2083,NA
SandFall-Win64-Shipping.exe,31024,0x13F96A7D0D0,DXGI,0,512,1,Hardware: Independent Flip,11058.7169,0.3140,0.1640,0.1500,18.3708,0.2166,0.2140,0.0026,31.5464,12.3393,17.7874,11058.7169,12.9590,NA,NA
SandFall-Win64-Shipping.exe,31024,0x13F96A7D0D0,DXGI,0,512,1,Hardware: Independent Flip,11059.0309,26.1757,25.8981,0.2776,18.2734,24.6072,24.5963,0.0109,43.5717,12.4696,-12.0253,11059.0309,0.6911,60.8181,NA
SandFall-Win64-Shipping.exe,31024,0x13F96A7D0D0,DXGI,0,512,1,Hardware: Independent Flip,11085.2066,0.3595,0.1980,0.1615,16.7049,0.2008,0.1992,0.0016,29.8656,11.9656,13.7061,11085.2066,12.9599,NA,NA
SandFall-Win64-Shipping.exe,31024,0x13F96A7D0D0,DXGI,0,512,1,Hardware: Independent Flip,11085.5661,22.8619,22.6161,0.2458,16.5462,24.1605,24.1493,0.0112,41.4717,12.3114,-11.6061,11085.5661,0.7650,54.4084,NA
SandFall-Win64-Shipping.exe,31024,0x13F96A7D0D0,DXGI,0,512,1,Hardware: Independent Flip,11108.4280,0.3279,0.1624,0.1655,17.8448,0.2043,0.2027,0.0016,30.9212,12.1091,10.5505,11108.4280,12.8721,NA,NA
SandFall-Win64-Shipping.exe,31024,0x13F96A7D0D0,DXGI,0,512,1,Hardware: Independent Flip,11108.7559,24.3450,24.0815,0.2635,17.7212,24.0330,24.0240,0.0090,42.7024,12.0967,-11.7812,11108.7559,0.9482,NA,NA
SandFall-Win64-Shipping.exe,31024,0x13F96A7D0D0,DXGI,0,512,1,Hardware: Independent Flip,11133.1009,0.3134,0.1573,0.1561,17.4092,0.2401,0.1913,0.0488,30.4541,12.6526,12.2483,11133.1009,12.8048,NA,NA
SandFall-Win64-Shipping.exe,31024,0x13F96A7D0D0,DXGI,0,512,1,Hardware: Independent Flip,11133.4143,25.0163,24.7697,0.2466,17.3359,24.5048,24.4923,0.0125,42.7933,12.0766,-12.3392,11133.4143,0.9526,57.5492,NA
SandFall-Win64-Shipping.exe,31024,0x13F96A7D0D0,DXGI,0,512,1,Hardware: Independent Flip,11158.4306,0.3272,0.1598,0.1674,16.8244,0.2089,0.2011,0.0078,29.8536,13.1377,12.9397,11158.4306,12.8203,NA,NA
SandFall-Win64-Shipping.exe,31024,0x13F96A7D0D0,DXGI,0,512,1,Hardware: Independent Flip,11158.7578,25.9191,25.6636,0.2555,16.7061,25.2880,24.3122,0.9758,42.6641,12.3286,-12.8105,11158.7578,0.6700,52.0255,NA
SandFall-Win64-Shipping.exe,31024,0x13F96A7D0D0,DXGI,0,512,1,Hardware: Independent Flip,11184.6769,0.3450,0.1844,0.1606,16.0750,0.1765,0.1719,0.0046,29.0736,12.8538,13.5905,11184.6769,12.8221,NA,NA
SandFall-Win64-Shipping.exe,31024,0x13F96A7D0D0,DXGI,0,512,1,Hardware: Independent Flip,11185.0219,25.6265,25.3798,0.2467,15.9065,25.3971,23.6232,1.7739,41.5824,12.6112,-12.5088,11185.0219,0.2788,46.4606,NA
SandFall-Win64-Shipping.exe,31024,0x13F96A7D0D0,DXGI,0,512,1,Hardware: Independent Flip,11210.6484,0.4238,0.1523,0.2715,15.6771,0.1599,0.1522,0.0077,28.5671,13.8683,13.0153,11210.6484,12.7301,NA,NA
SandFall-Win64-Shipping.exe,31024,0x13F96A7D0D0,DXGI,0,512,1,Hardware: Independent Flip,11211.0722,25.6091,25.3642,0.2449,15.4132,26.4137,24.3874,2.0263,42.0116,12.5627,-13.4445,11211.0722,0.1847,40.4713,NA
SandFall-Win64-Shipping.exe,31024,0x13F96A7D0D0,DXGI,0,512,1,Hardware: Independent Flip,11236.6813,0.3263,0.1737,0.1526,16.2178,0.2918,0.2870,0.0048,28.9652,13.5880,13.0464,11236.6813,12.4556,NA,NA
SandFall-Win64-Shipping.exe,31024,0x13F96A7D0D0,DXGI,0,512,1,Hardware: Independent Flip,11237.0076,25.4061,25.1496,0.2565,16.1833,26.0429,24.7174,1.3255,42.2269,13.1313,-13.2617,11237.0076,0.0007,37.5797,NA
SandFall-Win64-Shipping.exe,31024,0x13F96A7D0D0,DXGI,0,512,1,Hardware: Independent Flip,11262.4137,0.3183,0.1707,0.1476,16.8201,0.1819,0.1774,0.0045,29.9521,11.1708,12.2748,11262.4137,12.9501,NA,NA
SandFall-Win64-Shipping.exe,31024,0x13F96A7D0D0,DXGI,0,512,1,Hardware: Independent Flip,11262.7320,23.2168,22.9679,0.2489,16.6837,24.1200,24.1111,0.0089,40.8046,13.2365,-10.8525,11262.7320,0.0009,34.9286,NA
SandFall-Win64-Shipping.exe,31024,0x13F96A7D0D0,DXGI,0,512,1,Hardware: Independent Flip,11285.9488,0.3091,0.1555,0.1536,17.5869,0.1934,0.1909,0.0025,30.8243,11.9438,9.9803,11285.9488,13.0440,NA,NA
SandFall-Win64-Shipping.exe,31024,0x13F96A7D0D0,DXGI,0,512,1,Hardware: Independent Flip,11286.2579,25.3274,25.0856,0.2418,17.4712,24.6744,24.5209,0.1535,42.4590,12.0324,-11.6347,11286.2579,0.3134,37.1049,NA
SandFall-Win64-Shipping.exe,31024,0x13F96A7D0D0,DXGI,0,512,1,Hardware: Independent Flip,11311.5853,0.3522,0.1544,0.1978,16.8182,0.1768,0.1725,0.0043,29.1640,12.4161,13.2950,11311.5853,12.1690,NA,NA
SandFall-Win64-Shipping.exe,31024,0x13F96A7D0D0,DXGI,0,512,1,Hardware: Independent Flip,11311.9375,24.4429,24.0689,0.3740,16.6428,24.2455,24.2365,0.0090,41.2279,11.9320,-12.0639,11311.9375,0.3396,34.5459,NA
SandFall-Win64-Shipping.exe,31024,0x13F96A7D0D0,DXGI,0,512,1,Hardware: Independent Flip,11336.3804,0.3887,0.1920,0.1967,16.4454,0.1493,0.1438,0.0055,28.7170,12.9399,12.5109,11336.3804,12.1223,NA,NA
SandFall-Win64-Shipping.exe,31024,0x13F96A7D0D0,DXGI,0,512,1,Hardware: Independent Flip,11336.7691,26.0470,25.7664,0.2806,16.2060,24.9501,24.4503,0.4998,41.2682,12.0697,-12.5512,11336.7691,0.1121,35.3880,NA
SandFall-Win64-Shipping.exe,31024,0x13F96A7D0D0,DXGI,0,512,1,Hardware: Independent Flip,11362.8161,0.3268,0.1657,0.1611,15.1091,0.2020,0.2020,0.0000,27.2909,13.2351,13.9773,11362.8161,11.9798,NA,NA
SandFall-Win64-Shipping.exe,31024,0x13F96A7D0D0,DXGI,0,512,1,Hardware: Independent Flip,11363.1429,25.3113,25.0635,0.2478,14.9843,25.2139,24.9228,0.2911,40.1992,12.4694,-12.9083,11363.1429,0.0010,35.7165,NA
SandFall-Win64-Shipping.exe,31024,0x13F96A7D0D0,DXGI,0,512,1,Hardware: Independent Flip,11388.4542,0.3775,0.1579,0.2196,14.8869,0.2052,0.2025,0.0027,27.3573,11.9791,12.8419,11388.4542,12.2652,NA,NA
SandFall-Win64-Shipping.exe,31024,0x13F96A7D0D0,DXGI,0,512,1,Hardware: Independent Flip,11388.8317,20.4927,20.2476,0.2451,14.7146,24.2436,24.2315,0.0121,38.9589,12.9414,-11.6016,11388.8317,0.0007,36.1795,NA
SandFall-Win64-Shipping.exe,31024,0x13F96A7D0D0,DXGI,0,512,1,Hardware: Independent Flip,11409.3244,0.3133,0.1602,0.1531,18.4655,0.2223,0.2201,0.0022,31.4076,12.0965,7.5513,11409.3244,12.7198,NA,NA
SandFall-Win64-Shipping.exe,31024,0x13F96A7D0D0,DXGI,0,512,1,Hardware: Independent Flip,11409.6377,27.4062,27.1695,0.2367,18.3745,24.8160,24.8067,0.0093,43.1908,12.4444,-11.7832,11409.6377,0.0003,38.2187,NA
SandFall-Win64-Shipping.exe,31024,0x13F96A7D0D0,DXGI,0,512,1,Hardware: Independent Flip,11437.0439,0.3011,0.1525,0.1486,15.7843,0.2165,0.2142,0.0023,28.2290,13.3993,14.9618,11437.0439,12.2282,NA,NA
SandFall-Win64-Shipping.exe,31024,0x13F96A7D0D0,DXGI,0,512,1,Hardware: Independent Flip,11437.3450,22.8969,22.6490,0.2479,15.6997,25.6267,25.6162,0.0105,41.3272,12.3105,-13.0982,11437.3450,0.0008,38.0614,NA
SandFall-Win64-Shipping.exe,31024,0x13F96A7D0D0,DXGI,0,512,1,Hardware: Independent Flip,11460.2419,0.3469,0.1773,0.1696,18.4295,0.2647,0.2625,0.0022,30.7408,13.1341,10.5864,11460.2419,12.0466,NA,NA
SandFall-Win64-Shipping.exe,31024,0x13F96A7D0D0,DXGI,0,512,1,Hardware: Independent Flip,11460.5888,22.3578,21.9521,0.4057,18.3473,25.1798,25.1680,0.0118,43.5280,12.9199,-12.7872,11460.5888,0.0009,39.5066,NA
SandFall-Win64-Shipping.exe,31024,0x13F96A7D0D0,DXGI,0,512,1,Hardware: Independent Flip,11482.9466,0.3318,0.1641,0.1677,21.1693,0.2210,0.2187,0.0023,34.0901,12.1698,9.4379,11482.9466,12.6998,NA,NA
SandFall-Win64-Shipping.exe,31024,0x13F96A7D0D0,DXGI,0,512,1,Hardware: Independent Flip,11483.2784,24.3282,24.0840,0.2442,21.0585,24.8690,24.8597,0.0093,45.9281,13.0088,-11.8380,11483.2784,0.0006,42.5714,NA
SandFall-Win64-Shipping.exe,31024,0x13F96A7D0D0,DXGI,0,512,1,Hardware: Independent Flip,11507.6066,0.3029,0.1527,0.1502,21.5993,0.2165,0.2165,0.0000,34.6087,12.6928,11.3194,11507.6066,12.7929,NA,NA
SandFall-Win64-Shipping.exe,31024,0x13F96A7D0D0,DXGI,0,512,1,Hardware: Independent Flip,11507.9095,23.9734,23.7270,0.2464,21.5129,25.4850,25.4778,0.0072,46.9986,12.7320,-12.3899,11507.9095,0.0007,48.2867,NA
SandFall-Win64-Shipping.exe,31024,0x13F96A7D0D0,DXGI,0,512,1,Hardware: Independent Flip,11531.8829,0.3297,0.1535,0.1762,23.0245,0.2150,0.2131,0.0019,35.7572,12.2381,11.2414,11531.8829,12.5177,NA,NA
SandFall-Win64-Shipping.exe,31024,0x13F96A7D0D0,DXGI,0,512,1,Hardware: Independent Flip,11532.2126,24.7717,24.5045,0.2672,22.9098,24.7550,24.7477,0.0073,47.6656,12.9615,-11.9084,11532.2126,0.0008,46.0736,NA
SandFall-Win64-Shipping.exe,31024,0x13F96A7D0D0,DXGI,0,512,1,Hardware: Independent Flip,11556.9843,0.3167,0.1581,0.1586,22.8931,0.2309,0.2281,0.0028,35.8554,12.2670,11.8102,11556.9843,12.7314,NA,NA
SandFall-Win64-Shipping.exe,31024,0x13F96A7D0D0,DXGI,0,512,1,Hardware: Independent Flip,11557.3010,25.9428,25.7000,0.2428,22.8073,24.9976,24.9928,0.0048,47.8057,12.6759,-11.9503,11557.3010,0.0008,41.4642,NA
SandFall-Win64-Shipping.exe,31024,0x13F96A7D0D0,DXGI,0,512,1,Hardware: Independent Flip,11583.2438,0.3064,0.1539,0.1525,21.8621,0.2651,0.2618,0.0033,34.5388,12.4041,13.2669,11583.2438,12.4116,NA,NA
SandFall-Win64-Shipping.exe,31024,0x13F96A7D0D0,DXGI,0,512,1,Hardware: Independent Flip,11583.5502,24.5996,24.2461,0.3535,21.8208,24.6759,24.6712,0.0047,46.6365,12.5359,-12.0977,11583.5502,0.1398,44.5641,NA
SandFall-Win64-Shipping.exe,31024,0x13F96A7D0D0,DXGI,0,512,1,Hardware: Independent Flip,11608.1498,0.3111,0.1555,0.1556,21.8971,0.2191,0.2172,0.0019,34.5728,12.3504,12.0637,11608.1498,12.4566,NA,NA
SandFall-Win64-Shipping.exe,31024,0x13F96A7D0D0,DXGI,0,512,1,Hardware: Independent Flip,11608.4609,24.6329,24.3872,0.2457,21.8051,24.5931,24.5832,0.0099,46.6121,12.6365,-12.0393,11608.4609,0.2139,40.4209,NA
SandFall-Win64-Shipping.exe,31024,0x13F96A7D0D0,DXGI,0,512,1,Hardware: Independent Flip,11633.0938,0.3027,0.1527,0.1500,21.7653,0.1756,0.1695,0.0061,34.6157,12.6175,11.9964,11633.0938,12.6748,NA,NA
SandFall-Win64-Shipping.exe,31024,0x13F96A7D0D0,DXGI,0,512,1,Hardware: Independent Flip,11633.3965,28.2944,28.0492,0.2452,21.6382,24.9179,24.9065,0.0114,46.9305,12.4607,-12.3148,11633.3965,0.3744,38.9076,NA
SandFall-Win64-Shipping.exe,31024,0x13F96A7D0D0,DXGI,0,512,1,Hardware: Independent Flip,11661.6909,0.3128,0.1606,0.1522,18.2617,0.2130,0.2114,0.0016,31.0968,12.3759,15.8337,11661.6909,12.6221,NA,NA
SandFall-Win64-Shipping.exe,31024,0x13F96A7D0D0,DXGI,0,512,1,Hardware: Independent Flip,11662.0037,26.2445,25.6064,0.6381,18.1619,24.6936,24.6862,0.0074,43.1599,12.5942,-12.0631,11662.0037,0.3044,39.5419,NA
SandFall-Win64-Shipping.exe,31024,0x13F96A7D0D0,DXGI,0,512,1,Hardware: Independent Flip,11688.2482,0.3586,0.1928,0.1658,16.6110,0.1679,0.1626,0.0053,29.5096,12.1018,13.6503,11688.2482,12.7307,NA,NA
SandFall-Win64-Shipping.exe,31024,0x13F96A7D0D0,DXGI,0,512,1,Hardware: Independent Flip,11688.6068,23.9953,23.7516,0.2437,16.4203,24.4077,24.3136,0.0941,41.2528,12.4446,-11.7432,11688.6068,0.4248,42.1038,NA
SandFall-Win64-Shipping.exe,31024,0x13F96A7D0D0,DXGI,0,512,1,Hardware: Independent Flip,11712.6021,0.3072,0.1524,0.1548,16.8327,0.1944,0.1927,0.0017,29.7021,12.0239,11.5507,11712.6021,12.6750,NA,NA
SandFall-Win64-Shipping.exe,31024,0x13F96A7D0D0,DXGI,0,512,1,Hardware: Independent Flip,11712.9093,23.4093,23.1648,0.2445,16.7199,24.0965,24.0857,0.0108,41.4188,12.2292,-11.7167,11712.9093,0.6024,49.7018,NA
SandFall-Win64-Shipping.exe,31024,0x13F96A7D0D0,DXGI,0,512,1,Hardware: Independent Flip,11736.3186,0.3119,0.1644,0.1475,17.4071,0.1928,0.1911,0.0017,30.2387,16.0573,11.1801,11736.3186,12.6388,NA,NA
SandFall-Win64-Shipping.exe,31024,0x13F96A7D0D0,DXGI,0,512,1,Hardware: Independent Flip,11736.6305,25.1008,24.8469,0.2539,17.2880,27.9789,27.9705,0.0084,45.9841,12.1289,-15.7454,11736.6305,0.7172,48.9088,NA
SandFall-Win64-Shipping.exe,31024,0x13F96A7D0D0,DXGI,0,512,1,Hardware: Independent Flip,11761.7313,0.3283,0.1589,0.1694,20.1661,0.2001,0.1985,0.0016,33.0122,14.7805,12.9719,11761.7313,12.6460,NA,NA
SandFall-Win64-Shipping.exe,31024,0x13F96A7D0D0,DXGI,0,512,1,Hardware: Independent Flip,11762.0596,25.8938,25.6424,0.2514,20.0379,27.4259,27.4125,0.0134,47.4644,14.0074,-14.4522,11762.0596,0.0006,45.0820,NA
SandFall-Win64-Shipping.exe,31024,0x13F96A7D0D0,DXGI,0,512,1,Hardware: Independent Flip,11787.9534,0.3212,0.1669,0.1543,21.5700,0.2168,0.2168,0.0000,35.5780,12.0721,11.8864,11787.9534,13.7912,NA,NA
SandFall-Win64-Shipping.exe,31024,0x13F96A7D0D0,DXGI,0,512,1,Hardware: Independent Flip,11788.2746,26.2702,26.0240,0.2462,21.4656,25.8624,25.8561,0.0063,47.3289,14.1102,-11.7509,11788.2746,0.0009,NA,NA
SandFall-Win64-Shipping.exe,31024,0x13F96A7D0D0,DXGI,0,512,1,Hardware: Independent Flip,11814.5448,0.3171,0.1585,0.1586,21.0578,0.2279,0.2261,0.0018,35.1689,10.0572,12.1600,11814.5448,13.8832,NA,NA
SandFall-Win64-Shipping.exe,31024,0x13F96A7D0D0,DXGI,0,512,1,Hardware: Independent Flip,11814.8619,22.9486,22.7002,0.2484,20.9686,23.9396,23.9318,0.0078,44.9090,13.0798,-9.7401,11814.8619,0.0008,49.2125,NA
SandFall-Win64-Shipping.exe,31024,0x13F96A7D0D0,DXGI,0,512,1,Hardware: Independent Flip,11837.8105,0.3040,0.1526,0.1514,21.9596,0.2317,0.2317,0.0000,35.0402,12.7375,9.8688,11837.8105,12.8489,NA,NA
SandFall-Win64-Shipping.exe,31024,0x13F96A7D0D0,DXGI,0,512,1,Hardware: Independent Flip,11838.1145,25.6578,25.4176,0.2402,21.8873,24.7302,24.7278,0.0024,47.4737,11.7857,-12.4335,11838.1145,0.8562,44.2776,NA
SandFall-Win64-Shipping.exe,31024,0x13F96A7D0D0,DXGI,0,512,1,Hardware: Independent Flip,11863.7723,0.3040,0.1513,0.1527,20.9597,0.2209,0.2192,0.0017,33.6016,12.0759,13.8721,11863.7723,12.4210,NA,NA
SandFall-Win64-Shipping.exe,31024,0x13F96A7D0D0,DXGI,0,512,1,Hardware: Independent Flip,11864.0763,22.9415,22.7038,0.2377,20.8766,24.1075,24.0962,0.0113,45.3735,12.0544,-11.7719,11864.0763,0.3894,50.8320,NA
SandFall-Win64-Shipping.exe,31024,0x13F96A7D0D0,DXGI,0,512,1,Hardware: Independent Flip,11887.0178,0.3028,0.1526,0.1502,22.0426,0.1804,0.1757,0.0047,34.4864,12.3637,10.8871,11887.0178,12.2634,NA,NA
SandFall-Win64-Shipping.exe,31024,0x13F96A7D0D0,DXGI,0,512,1,Hardware: Independent Flip,11887.3206,24.7791,24.5451,0.2340,21.9202,24.2413,24.2303,0.0110,46.5473,12.2734,-12.0609,11887.3206,0.3858,39.2550,NA
SandFall-Win64-Shipping.exe,31024,0x13F96A7D0D0,DXGI,0,512,1,Hardware: Independent Flip,11912.0997,0.3008,0.1514,0.1494,21.3824,0.1917,0.1871,0.0046,34.0416,12.5551,12.5057,11912.0997,12.4675,NA,NA
SandFall-Win64-Shipping.exe,31024,0x13F96A7D0D0,DXGI,0,512,1,Hardware: Independent Flip,11912.4005,25.2715,25.0239,0.2476,21.2733,24.6741,24.6053,0.0688,46.2959,12.2406,-12.2543,11912.4005,0.3485,41.0827,NA
SandFall-Win64-Shipping.exe,31024,0x13F96A7D0D0,DXGI,0,512,1,Hardware: Independent Flip,11937.6720,0.3116,0.1572,0.1544,20.6759,0.1948,0.1931,0.0017,33.2650,12.0124,13.0309,11937.6720,12.3943,NA,NA
SandFall-Win64-Shipping.exe,31024,0x13F96A7D0D0,DXGI,0,512,1,Hardware: Independent Flip,11937.9836,26.2170,25.9398,0.2772,20.5591,24.2096,24.1998,0.0098,44.9658,12.5327,-11.7008,11937.9836,0.1971,38.3370,NA
SandFall-Win64-Shipping.exe,31024,0x13F96A7D0D0,DXGI,0,512,1,Hardware: Independent Flip,11964.2006,0.8011,0.2005,0.6006,18.5517,0.2231,0.2216,0.0015,31.2815,12.4872,13.6843,11964.2006,12.5067,NA,NA
SandFall-Win64-Shipping.exe,31024,0x13F96A7D0D0,DXGI,0,512,1,Hardware: Independent Flip,11965.0017,24.5640,24.3145,0.2495,17.9737,24.5416,24.5313,0.0103,42.9676,12.2071,-11.6861,11965.0017,0.4523,39.3540,NA
SandFall-Win64-Shipping.exe,31024,0x13F96A7D0D0,DXGI,0,512,1,Hardware: Independent Flip,11989.5657,0.3005,0.1507,0.1498,17.9513,0.2072,0.2055,0.0017,30.6107,12.6403,12.3569,11989.5657,12.4522,NA,NA
SandFall-Win64-Shipping.exe,31024,0x13F96A7D0D0,DXGI,0,512,1,Hardware: Independent Flip,11989.8662,24.3315,24.0818,0.2497,17.8580,24.7828,24.7708,0.0120,42.9505,12.3421,-12.3398,11989.8662,0.3097,37.7080,NA
SandFall-Win64-Shipping.exe,31024,0x13F96A7D0D0,DXGI,0,512,1,Hardware: Independent Flip,12014.1977,0.3109,0.1546,0.1563,18.3093,0.1600,0.1583,0.0017,30.9611,13.5235,11.9894,12014.1977,12.4918,NA,NA
SandFall-Win64-Shipping.exe,31024,0x13F96A7D0D0,DXGI,0,512,1,Hardware: Independent Flip,12014.5086,28.5885,28.3287,0.2598,18.1584,25.8447,24.7565,1.0882,44.1737,12.5021,-13.2126,12014.5086,0.1706,39.0634,NA
SandFall-Win64-Shipping.exe,31024,0x13F96A7D0D0,DXGI,0,512,1,Hardware: Independent Flip,12043.0971,0.3205,0.1627,0.1578,15.4146,0.1912,0.1896,0.0016,28.0873,12.0856,16.0864,12043.0971,12.4815,NA,NA
SandFall-Win64-Shipping.exe,31024,0x13F96A7D0D0,DXGI,0,512,1,Hardware: Independent Flip,12043.4176,23.3680,23.1071,0.2609,15.2853,24.5664,24.0972,0.4692,39.8524,12.9611,-11.7651,12043.4176,0.0007,35.6562,NA
SandFall-Win64-Shipping.exe,31024,0x13F96A7D0D0,DXGI,0,512,1,Hardware: Independent Flip,12066.7856,0.3136,0.1506,0.1630,16.4837,0.1998,0.1974,0.0024,29.4455,12.1407,10.4069,12066.7856,12.7620,NA,NA
SandFall-Win64-Shipping.exe,31024,0x13F96A7D0D0,DXGI,0,512,1,Hardware: Independent Flip,12067.0992,24.7773,24.5131,0.2642,16.3699,24.8161,24.6873,0.1288,41.2726,12.5316,-11.8271,12067.0992,0.0866,36.4231,NA
SandFall-Win64-Shipping.exe,31024,0x13F96A7D0D0,DXGI,0,512,1,Hardware: Independent Flip,12091.8765,0.3147,0.1656,0.1491,16.4087,0.1825,0.1825,0.0000,29.0269,13.4914,12.2457,12091.8765,12.4357,NA,NA
SandFall-Win64-Shipping.exe,31024,0x13F96A7D0D0,DXGI,0,512,1,Hardware: Independent Flip,12092.1912,25.2751,25.0183,0.2568,16.2765,25.6357,24.1976,1.4381,42.2036,12.3041,-13.1767,12092.1912,0.2914,39.7769,NA
SandFall-Win64-Shipping.exe,31024,0x13F96A7D0D0,DXGI,0,512,1,Hardware: Independent Flip,12117.4663,0.3298,0.1564,0.1734,16.6371,0.1886,0.1867,0.0019,29.2326,12.5233,12.9710,12117.4663,12.4069,NA,NA
SandFall-Win64-Shipping.exe,31024,0x13F96A7D0D0,DXGI,0,512,1,Hardware: Independent Flip,12117.7961,24.1195,23.8670,0.2525,16.4959,24.9292,24.9162,0.0130,41.4261,12.8999,-12.1935,12117.7961,0.0010,41.6013,NA
SandFall-Win64-Shipping.exe,31024,0x13F96A7D0D0,DXGI,0,512,1,Hardware: Independent Flip,12141.9156,0.3081,0.1522,0.1559,17.3056,0.2160,0.2138,0.0022,30.2065,11.2557,11.2196,12141.9156,12.6849,NA,NA
SandFall-Win64-Shipping.exe,31024,0x13F96A7D0D0,DXGI,0,512,1,Hardware: Independent Flip,12142.2237,23.0138,22.7547,0.2591,17.2135,23.9400,23.9304,0.0096,41.1541,12.5816,-10.9476,12142.2237,0.0006,36.7592,NA
SandFall-Win64-Shipping.exe,31024,0x13F96A7D0D0,DXGI,0,512,1,Hardware: Independent Flip,12165.2375,0.3653,0.1827,0.1826,18.1397,0.2187,0.2187,0.0000,30.7219,12.3217,10.4322,12165.2375,12.3635,NA,NA
SandFall-Win64-Shipping.exe,31024,0x13F96A7D0D0,DXGI,0,512,1,Hardware: Independent Flip,12165.6028,24.4469,24.2089,0.2380,17.9931,24.1701,24.1607,0.0094,42.6783,11.9425,-11.9564,12165.6028,0.5151,36.6694,NA
SandFall-Win64-Shipping.exe,31024,0x13F96A7D0D0,DXGI,0,512,1,Hardware: Independent Flip,12190.0497,0.3034,0.1505,0.1529,17.7163,0.2027,0.1974,0.0053,30.1739,12.8649,12.5044,12190.0497,12.2549,NA,NA
SandFall-Win64-Shipping.exe,31024,0x13F96A7D0D0,DXGI,0,512,1,Hardware: Independent Flip,12190.3531,25.9005,25.6555,0.2450,17.6156,24.7845,24.5786,0.2059,42.7354,12.0330,-12.5615,12190.3531,0.3353,36.4743,NA
SandFall-Win64-Shipping.exe,31024,0x13F96A7D0D0,DXGI,0,512,1,Hardware: Independent Flip,12216.2536,0.3061,0.1515,0.1546,16.4996,0.2007,0.1991,0.0016,28.8679,12.4251,13.8675,12216.2536,12.1676,NA,NA
SandFall-Win64-Shipping.exe,31024,0x13F96A7D0D0,DXGI,0,512,1,Hardware: Independent Flip,12216.5597,23.1669,22.9145,0.2524,16.3942,24.5919,24.5811,0.0108,40.9869,12.4775,-12.1190,12216.5597,0.0008,39.9283,NA
SandFall-Win64-Shipping.exe,31024,0x13F96A7D0D0,DXGI,0,512,1,Hardware: Independent Flip,12239.7266,0.3197,0.1512,0.1685,17.8192,0.2773,0.2739,0.0034,30.2975,12.6957,10.6894,12239.7266,12.2010,NA,NA
SandFall-Win64-Shipping.exe,31024,0x13F96A7D0D0,DXGI,0,512,1,Hardware: Independent Flip,12240.0463,25.6806,25.4235,0.2571,17.7768,24.8958,24.8824,0.0134,42.6735,12.3720,-12.3760,12240.0463,0.0009,36.1088,NA
SandFall-Win64-Shipping.exe,31024,0x13F96A7D0D0,DXGI,0,512,1,Hardware: Independent Flip,12265.7269,0.3241,0.1630,0.1611,16.9920,0.2150,0.2132,0.0018,29.3649,11.7024,13.3086,12265.7269,12.1579,NA,NA
SandFall-Win64-Shipping.exe,31024,0x13F96A7D0D0,DXGI,0,512,1,Hardware: Independent Flip,12266.0510,23.6675,23.4053,0.2622,16.8829,23.8592,23.8511,0.0081,40.7432,12.5738,-11.3783,12266.0510,0.0011,35.1774,NA
SandFall-Win64-Shipping.exe,31024,0x13F96A7D0D0,DXGI,0,512,1,Hardware: Independent Flip,12289.7185,0.3185,0.1587,0.1598,17.0746,0.1922,0.1899,0.0023,29.6495,12.2620,11.0937,12289.7185,12.3827,NA,NA
SandFall-Win64-Shipping.exe,31024,0x13F96A7D0D0,DXGI,0,512,1,Hardware: Independent Flip,12290.0370,24.9809,24.6403,0.3406,16.9483,24.4681,23.9534,0.5147,41.5930,12.1975,-11.9435,12290.0370,0.1766,42.0147,NA
SandFall-Win64-Shipping.exe,31024,0x13F96A7D0D0,DXGI,0,512,1,Hardware: Independent Flip,12315.0179,0.4025,0.1814,0.2211,16.4355,0.2335,0.2335,0.0000,28.8096,12.1139,12.7834,12315.0179,12.1406,NA,NA
SandFall-Win64-Shipping.exe,31024,0x13F96A7D0D0,DXGI,0,512,1,Hardware: Independent Flip,12315.4204,23.2526,23.0076,0.2450,16.2665,24.1041,24.0973,0.0068,40.5210,12.2393,-11.7114,12315.4204,0.1504,40.3168,NA
SandFall-Win64-Shipping.exe,31024,0x13F96A7D0D0,DXGI,0,512,1,Hardware: Independent Flip,12338.6730,0.3080,0.1531,0.1549,17.1180,0.2067,0.2052,0.0015,29.5077,12.2102,11.0133,12338.6730,12.1830,NA,NA
SandFall-Win64-Shipping.exe,31024,0x13F96A7D0D0,DXGI,0,512,1,Hardware: Independent Flip,12338.9810,23.7619,23.5211,0.2408,17.0167,24.1686,24.1573,0.0113,41.4099,12.1277,-11.9022,12338.9810,0.2246,39.7777,NA
SandFall-Win64-Shipping.exe,31024,0x13F96A7D0D0,DXGI,0,512,1,Hardware: Independent Flip,12362.7429,0.2994,0.1520,0.1474,17.4234,0.1601,0.1585,0.0016,29.7757,12.1976,11.6342,12362.7429,12.1922,NA,NA
SandFall-Win64-Shipping.exe,31024,0x13F96A7D0D0,DXGI,0,512,1,Hardware: Independent Flip,12363.0423,24.6850,24.4301,0.2549,17.2841,24.1890,24.1809,0.0081,41.6739,12.1042,-11.8982,12363.0423,0.2008,35.1037,NA
SandFall-Win64-Shipping.exe,31024,0x13F96A7D0D0,DXGI,0,512,1,Hardware: Independent Flip,12387.7273,0.3102,0.1556,0.1546,16.7881,0.2110,0.2067,0.0043,29.0931,12.3925,12.5808,12387.7273,12.0940,NA,NA
SandFall-Win64-Shipping.exe,31024,0x13F96A7D0D0,DXGI,0,512,1,Hardware: Independent Flip,12388.0375,24.7366,24.4787,0.2579,16.6889,24.3357,23.8969,0.4388,41.1754,12.0965,-12.0823,12388.0375,0.1508,33.5957,NA
SandFall-Win64-Shipping.exe,31024,0x13F96A7D0D0,DXGI,0,512,1,Hardware: Independent Flip,12412.7741,0.3108,0.1548,0.1560,16.2880,0.2191,0.2172,0.0019,28.5353,12.6606,12.6401,12412.7741,12.0282,NA,NA
SandFall-Win64-Shipping.exe,31024,0x13F96A7D0D0,DXGI,0,512,1,Hardware: Independent Flip,12413.0849,24.3047,24.0572,0.2475,16.1963,24.6880,24.2501,0.4379,40.8851,12.2177,-12.3498,12413.0849,0.0008,35.3571,NA
SandFall-Win64-Shipping.exe,31024,0x13F96A7D0D0,DXGI,0,512,1,Hardware: Independent Flip,12437.3896,0.3154,0.1507,0.1647,16.5796,0.1917,0.1891,0.0026,28.7981,13.6332,12.0870,12437.3896,12.0268,NA,NA
SandFall-Win64-Shipping.exe,31024,0x13F96A7D0D0,DXGI,0,512,1,Hardware: Independent Flip,12437.7050,27.3103,27.0177,0.2926,16.4559,25.6594,24.7130,0.9464,42.1159,12.4774,-13.3178,12437.7050,0.0006,36.2090,NA
SandFall-Win64-Shipping.exe,31024,0x13F96A7D0D0,DXGI,0,512,1,Hardware: Independent Flip,12465.0153,0.3504,0.1661,0.1843,14.8050,0.2167,0.2167,0.0000,27.2830,12.3842,14.8329,12465.0153,12.2613,NA,NA
SandFall-Win64-Shipping.exe,31024,0x13F96A7D0D0,DXGI,0,512,1,Hardware: Independent Flip,12465.3657,20.6047,20.3520,0.2527,14.6713,24.6445,24.6012,0.0433,39.3168,13.0563,-12.0338,12465.3657,0.0010,36.0714,NA
SandFall-Win64-Shipping.exe,31024,0x13F96A7D0D0,DXGI,0,512,1,Hardware: Independent Flip,12485.9704,0.3082,0.1539,0.1543,18.7111,0.2180,0.2156,0.0024,31.7684,12.7003,7.5484,12485.9704,12.8393,NA,NA
SandFall-Win64-Shipping.exe,31024,0x13F96A7D0D0,DXGI,0,512,1,Hardware: Independent Flip,12486.2786,24.6055,24.2836,0.3219,18.6209,25.5391,25.5249,0.0142,44.1605,12.6896,-12.3921,12486.2786,0.0005,37.8250,NA
SandFall-Win64-Shipping.exe,31024,0x13F96A7D0D0,DXGI,0,512,1,Hardware: Independent Flip,12510.8841,0.3221,0.1649,0.1572,19.5545,0.2215,0.2215,0.0000,32.2446,14.0374,11.9159,12510.8841,12.4686,NA,NA
SandFall-Win64-Shipping.exe,31024,0x13F96A7D0D0,DXGI,0,512,1,Hardware: Independent Flip,12511.2062,25.8630,25.6051,0.2579,19.4539,26.5054,26.4913,0.0141,45.9599,12.7144,-13.7153,12511.2062,0.0006,39.5537,NA
SandFall-Win64-Shipping.exe,31024,0x13F96A7D0D0,DXGI,0,512,1,Hardware: Independent Flip,12537.0692,0.3032,0.1547,0.1485,20.0963,0.2139,0.2117,0.0022,32.8113,13.2099,13.1486,12537.0692,12.5011,NA,NA
SandFall-Win64-Shipping.exe,31024,0x13F96A7D0D0,DXGI,0,512,1,Hardware: Independent Flip,12537.3724,28.7890,28.5236,0.2654,20.0070,25.7101,25.7029,0.0072,45.7180,13.4598,-12.9067,12537.3724,0.0009,41.4768,NA
SandFall-Win64-Shipping.exe,31024,0x13F96A7D0D0,DXGI,0,512,1,Hardware: Independent Flip,12566.1614,0.3120,0.1549,0.1571,16.9281,0.2152,0.2123,0.0029,30.3888,12.4737,15.3292,12566.1614,13.2455,NA,NA
SandFall-Win64-Shipping.exe,31024,0x13F96A7D0D0,DXGI,0,512,1,Hardware: Independent Flip,12566.4734,19.8513,19.6106,0.2407,16.8313,25.7180,25.7123,0.0057,42.5505,13.3894,-12.1617,12566.4734,0.0012,42.4101,NA
SandFall-Win64-Shipping.exe,31024,0x13F96A7D0D0,DXGI,0,512,1,Hardware: Independent Flip,12586.3247,0.3046,0.1516,0.1530,22.6980,0.2239,0.2214,0.0025,36.0886,12.2360,6.4619,12586.3247,13.1667,NA,NA
SandFall-Win64-Shipping.exe,31024,0x13F96A7D0D0,DXGI,0,512,1,Hardware: Independent Flip,12586.6293,24.4803,24.2311,0.2492,22.6173,25.4020,25.3955,0.0065,48.0200,13.1825,-11.9314,12586.6293,0.0007,43.0326,NA
SandFall-Win64-Shipping.exe,31024,0x13F96A7D0D0,DXGI,0,512,1,Hardware: Independent Flip,12611.1096,0.3160,0.1672,0.1488,23.5390,0.2227,0.2227,0.0000,36.7222,11.5047,11.2978,12611.1096,12.9605,NA,NA
SandFall-Win64-Shipping.exe,31024,0x13F96A7D0D0,DXGI,0,512,1,Hardware: Independent Flip,12611.4256,26.6092,26.3639,0.2453,23.4457,24.4644,24.4576,0.0068,47.9109,13.0315,-11.1887,12611.4256,0.0008,51.7226,NA
SandFall-Win64-Shipping.exe,31024,0x13F96A7D0D0,DXGI,0,512,1,Hardware: Independent Flip,12638.0348,0.3240,0.1681,0.1559,21.3009,0.2181,0.2181,0.0000,34.3332,11.4506,13.5777,12638.0348,12.8142,NA,NA
SandFall-Win64-Shipping.exe,31024,0x13F96A7D0D0,DXGI,0,512,1,Hardware: Independent Flip,12638.3588,26.1671,25.9252,0.2419,21.1950,23.7363,23.7279,0.0084,45.4598,12.3738,-11.1266,12638.3588,0.5285,63.1590,NA
SandFall-Win64-Shipping.exe,31024,0x13F96A7D0D0,DXGI,0,512,1,Hardware: Independent Flip,12664.5259,0.3160,0.1572,0.1588,18.7642,0.2089,0.2071,0.0018,31.6665,11.4769,13.7933,12664.5259,12.6934,NA,NA
SandFall-Win64-Shipping.exe,31024,0x13F96A7D0D0,DXGI,0,512,1,Hardware: Independent Flip,12664.8419,21.5499,21.2983,0.2516,18.6571,23.1732,23.1614,0.0118,42.8274,11.9848,-11.1609,12664.8419,0.9971,44.0445,NA
SandFall-Win64-Shipping.exe,31024,0x13F96A7D0D0,DXGI,0,512,1,Hardware: Independent Flip,12686.3918,0.3046,0.1537,0.1509,20.2804,0.1734,0.1678,0.0056,33.2623,11.4671,9.5651,12686.3918,12.8085,NA,NA
SandFall-Win64-Shipping.exe,31024,0x13F96A7D0D0,DXGI,0,512,1,Hardware: Independent Flip,12686.6964,25.7336,25.4769,0.2567,20.1492,23.0119,23.0008,0.0111,44.4248,11.8028,-11.1625,12686.6964,1.2637,37.5054,NA
SandFall-Win64-Shipping.exe,31024,0x13F96A7D0D0,DXGI,0,512,1,Hardware: Independent Flip,12712.4300,0.3343,0.1710,0.1633,17.4275,0.2210,0.1793,0.0417,30.4940,12.9981,13.9308,12712.4300,12.8455,NA,NA
SandFall-Win64-Shipping.exe,31024,0x13F96A7D0D0,DXGI,0,512,1,Hardware: Independent Flip,12712.7643,25.8187,25.5767,0.2420,17.3142,24.4041,23.5098,0.8943,43.1578,11.5366,-12.6638,12712.7643,1.4395,35.2718,NA
SandFall-Win64-Shipping.exe,31024,0x13F96A7D0D0,DXGI,0,512,1,Hardware: Independent Flip,12738.5830,0.2966,0.1483,0.1483,15.8996,0.1575,0.1559,0.0016,28.8757,16.6336,14.2821,12738.5830,12.8186,NA,NA
SandFall-Win64-Shipping.exe,31024,0x13F96A7D0D0,DXGI,0,512,1,Hardware: Independent Flip,12738.8796,25.5012,25.1763,0.3249,15.7605,28.7329,26.1809,2.5520,45.2127,12.0930,-16.3370,12738.8796,0.7193,37.4679,NA
SandFall-Win64-Shipping.exe,31024,0x13F96A7D0D0,DXGI,0,512,1,Hardware: Independent Flip,12764.3808,0.3199,0.1656,0.1543,18.9922,0.2066,0.2050,0.0016,31.8045,13.2227,13.4082,12764.3808,12.6057,NA,NA
SandFall-Win64-Shipping.exe,31024,0x13F96A7D0D0,DXGI,0,512,1,Hardware: Independent Flip,12764.7007,24.8502,24.6033,0.2469,18.8789,25.8277,25.8151,0.0126,44.7073,14.0853,-12.9028,12764.7007,0.0007,NA,NA
SandFall-Win64-Shipping.exe,31024,0x13F96A7D0D0,DXGI,0,512,1,Hardware: Independent Flip,12789.5509,0.3107,0.1613,0.1494,19.8564,0.2345,0.2345,0.0000,33.9424,9.1122,10.7649,12789.5509,13.8515,NA,NA
SandFall-Win64-Shipping.exe,31024,0x13F96A7D0D0,DXGI,0,512,1,Hardware: Independent Flip,12789.8616,24.6854,24.4157,0.2697,19.7802,22.9627,22.9515,0.0112,42.7439,13.4955,-8.8015,12789.8616,0.0010,NA,NA
SandFall-Win64-Shipping.exe,31024,0x13F96A7D0D0,DXGI,0,512,1,Hardware: Independent Flip,12814.5470,0.3380,0.1517,0.1863,18.0575,0.1783,0.1744,0.0039,31.5540,10.2457,11.1899,12814.5470,13.3182,NA,NA
SandFall-Win64-Shipping.exe,31024,0x13F96A7D0D0,DXGI,0,512,1,Hardware: Independent Flip,12814.8850,23.4444,23.1833,0.2611,17.8978,22.5208,22.5126,0.0082,41.4617,11.1400,-9.9077,12814.8850,1.0431,40.6705,NA
SandFall-Win64-Shipping.exe,31024,0x13F96A7D0D0,DXGI,0,512,1,Hardware: Independent Flip,12838.3294,0.3071,0.1531,0.1540,16.9742,0.2036,0.2019,0.0017,29.1573,11.9943,12.3044,12838.3294,11.9795,NA,NA
SandFall-Win64-Shipping.exe,31024,0x13F96A7D0D0,DXGI,0,512,1,Hardware: Independent Flip,12838.6365,23.7225,23.4710,0.2515,16.8707,22.4731,22.4656,0.0075,40.8445,10.6030,-11.6872,12838.6365,1.5007,NA,NA
SandFall-Win64-Shipping.exe,31024,0x13F96A7D0D0,DXGI,0,512,1,Hardware: Independent Flip,12862.3590,0.3105,0.1560,0.1545,15.6213,0.1199,0.1153,0.0046,27.7250,12.0895,13.1195,12862.3590,11.9838,NA,NA
SandFall-Win64-Shipping.exe,31024,0x13F96A7D0D0,DXGI,0,512,1,Hardware: Independent Flip,12862.6695,23.5016,23.2535,0.2481,15.4307,23.2503,22.4680,0.7823,39.5040,10.9772,-11.7790,12862.6695,0.8230,NA,NA
SandFall-Win64-Shipping.exe,31024,0x13F96A7D0D0,DXGI,0,512,1,Hardware: Independent Flip,12886.1711,0.2992,0.1538,0.1454,15.1794,0.1767,0.1747,0.0020,26.9796,11.9417,12.5244,12886.1711,11.6235,NA,NA
SandFall-Win64-Shipping.exe,31024,0x13F96A7D0D0,DXGI,0,512,1,Hardware: Independent Flip,12886.4703,25.4822,25.2181,0.2641,15.0569,23.2903,21.9440,1.3463,38.6221,11.4625,-11.6425,12886.4703,0.2749,NA,NA
SandFall-Win64-Shipping.exe,31024,0x13F96A7D0D0,DXGI,0,512,1,Hardware: Independent Flip,12911.9525,0.3077,0.1551,0.1526,12.8650,0.1924,0.1869,0.0055,24.6024,11.9766,14.0197,12911.9525,11.5450,NA,NA
SandFall-Win64-Shipping.exe,31024,0x13F96A7D0D0,DXGI,0,512,1,Hardware: Independent Flip,12912.2602,20.5795,20.3292,0.2503,12.7497,23.4764,22.9656,0.5108,36.2713,11.6220,-11.6689,12912.2602,0.0452,NA,NA
SandFall-Win64-Shipping.exe,31024,0x13F96A7D0D0,DXGI,0,512,1,Hardware: Independent Flip,12932.8397,0.5384,0.1615,0.3769,15.6466,0.2292,0.2270,0.0022,27.3138,10.9830,8.9575,12932.8397,11.4380,NA,NA
SandFall-Win64-Shipping.exe,31024,0x13F96A7D0D0,DXGI,0,512,1,Hardware: Independent Flip,12933.3781,21.4715,21.2201,0.2514,15.3374,22.4203,22.4108,0.0095,37.7584,11.7228,-10.4446,12933.3781,0.0007,NA,NA
SandFall-Win64-Shipping.exe,31024,0x13F96A7D0D0,DXGI,0,512,1,Hardware: Independent Flip,12954.8496,0.3264,0.1699,0.1565,16.2862,0.1809,0.1779,0.0030,28.0097,11.2524,9.7487,12954.8496,11.5426,NA,NA
SandFall-Win64-Shipping.exe,31024,0x13F96A7D0D0,DXGI,0,512,1,Hardware: Independent Flip,12955.1760,23.3159,23.0592,0.2567,16.1407,22.5464,22.5306,0.0158,38.9357,11.2720,-10.9260,12955.1760,0.2486,NA,NA
SandFall-Win64-Shipping.exe,31024,0x13F96A7D0D0,DXGI,0,512,1,Hardware: Independent Flip,12978.4919,0.3039,0.1541,0.1498,15.3712,0.1957,0.1939,0.0018,26.8918,11.2974,12.0439,12978.4919,11.3249,NA,NA
SandFall-Win64-Shipping.exe,31024,0x13F96A7D0D0,DXGI,0,512,1,Hardware: Independent Flip,12978.7958,22.0054,21.7541,0.2513,15.2630,22.3591,22.3521,0.0070,37.8853,11.0705,-10.9935,12978.7958,0.2632,NA,NA
SandFall-Win64-Shipping.exe,31024,0x13F96A7D0D0,DXGI,0,512,1,Hardware: Independent Flip,13000.8012,0.3052,0.1545,0.1507,15.6167,0.1833,0.1775,0.0058,26.9504,12.9216,10.9349,13000.8012,11.1504,NA,NA
SandFall-Win64-Shipping.exe,31024,0x13F96A7D0D0,DXGI,0,512,1,Hardware: Independent Flip,13001.1064,23.8129,23.5338,0.2791,15.4948,23.9161,22.8062,1.1099,39.5668,11.2223,-12.6164,13001.1064,0.1559,NA,NA
SandFall-Win64-Shipping.exe,31024,0x13F96A7D0D0,DXGI,0,512,1,Hardware: Independent Flip,13024.9193,0.4233,0.2113,0.2120,15.5980,0.2194,0.2136,0.0058,26.9762,11.6761,12.5906,13024.9193,11.1588,NA,NA
SandFall-Win64-Shipping.exe,31024,0x13F96A7D0D0,DXGI,0,512,1,Hardware: Independent Flip,13025.3426,21.0817,20.8266,0.2551,15.3941,22.8338,22.8227,0.0111,38.2290,12.0311,-11.2528,13025.3426,0.0011,NA,NA
SandFall-Win64-Shipping.exe,31024,0x13F96A7D0D0,DXGI,0,512,1,Hardware: Independent Flip,13046.4243,0.3021,0.1520,0.1501,17.1462,0.2120,0.2120,0.0000,29.1784,11.2222,9.0506,13046.4243,11.8202,NA,NA
SandFall-Win64-Shipping.exe,31024,0x13F96A7D0D0,DXGI,0,512,1,Hardware: Independent Flip,13046.7264,22.7380,22.4879,0.2501,17.0561,23.0414,23.0282,0.0132,40.0985,11.8947,-10.9201,13046.7264,0.0010,NA,NA
SandFall-Win64-Shipping.exe,31024,0x13F96A7D0D0,DXGI,0,512,1,Hardware: Independent Flip,13069.4644,0.3196,0.1737,0.1459,17.3595,0.2303,0.2280,0.0023,29.2552,11.3014,10.8433,13069.4644,11.6654,NA,NA
SandFall-Win64-Shipping.exe,31024,0x13F96A7D0D0,DXGI,0,512,1,Hardware: Independent Flip,13069.7840,22.3961,22.1474,0.2487,17.2702,22.9661,22.9513,0.0148,40.2370,11.5547,-10.9818,13069.7840,0.0007,NA,NA
SandFall-Win64-Shipping.exe,31024,0x13F96A7D0D0,DXGI,0,512,1,Hardware: Independent Flip,13092.1801,0.3100,0.1617,0.1483,17.8402,0.2231,0.2231,0.0000,29.3956,12.4745,10.8414,13092.1801,11.3323,NA,NA
SandFall-Win64-Shipping.exe,31024,0x13F96A7D0D0,DXGI,0,512,1,Hardware: Independent Flip,13092.4901,22.5023,22.1644,0.3379,17.7533,23.8059,23.7949,0.0110,41.5601,11.4763,-12.1645,13092.4901,0.0009,NA,NA
SandFall-Win64-Shipping.exe,31024,0x13F96A7D0D0,DXGI,0,512,1,Hardware: Independent Flip,13114.9924,0.4215,0.2144,0.2071,19.0569,0.2643,0.2610,0.0033,30.5341,12.6704,11.0260,13114.9924,11.2129,NA,NA
SandFall-Win64-Shipping.exe,31024,0x13F96A7D0D0,DXGI,0,512,1,Hardware: Independent Flip,13115.4139,22.3020,22.0609,0.2411,18.8997,23.8826,23.8754,0.0072,42.7830,12.0015,-12.2489,13115.4139,0.0007,48.5715,NA
SandFall-Win64-Shipping.exe,31024,0x13F96A7D0D0,DXGI,0,512,1,Hardware: Independent Flip,13137.7159,0.3328,0.1537,0.1791,20.4803,0.1823,0.1774,0.0049,32.4825,12.0064,10.3005,13137.7159,11.8199,NA,NA
SandFall-Win64-Shipping.exe,31024,0x13F96A7D0D0,DXGI,0,512,1,Hardware: Independent Flip,13138.0487,22.6992,22.4450,0.2542,20.3298,23.8257,23.8175,0.0082,44.1561,12.4527,-11.6736,13138.0487,0.0006,53.5877,NA
SandFall-Win64-Shipping.exe,31024,0x13F96A7D0D0,DXGI,0,512,1,Hardware: Independent Flip,13160.7479,0.3124,0.1575,0.1549,21.4563,0.2281,0.2257,0.0024,33.9096,11.6202,10.2465,13160.7479,12.2252,NA,NA
SandFall-Win64-Shipping.exe,31024,0x13F96A7D0D0,DXGI,0,512,1,Hardware: Independent Flip,13161.0603,24.9725,24.6594,0.3131,21.3720,23.8445,23.8415,0.0030,45.2174,12.3144,-11.3078,13161.0603,0.0009,40.6256,NA
SandFall-Win64-Shipping.exe,31024,0x13F96A7D0D0,DXGI,0,512,1,Hardware: Independent Flip,13186.0328,0.3409,0.1776,0.1633,20.2440,0.2158,0.2134,0.0024,32.5593,11.5931,12.6581,13186.0328,12.0995,NA,NA
SandFall-Win64-Shipping.exe,31024,0x13F96A7D0D0,DXGI,0,512,1,Hardware: Independent Flip,13186.3737,23.9484,23.6730,0.2754,20.1189,23.6918,23.6852,0.0066,43.8115,12.1766,-11.2522,13186.3737,0.0008,44.5629,NA
SandFall-Win64-Shipping.exe,31024,0x13F96A7D0D0,DXGI,0,512,1,Hardware: Independent Flip,13210.3221,0.3722,0.2199,0.1523,19.8623,0.2258,0.2258,0.0000,32.0397,12.5180,11.7718,13210.3221,11.9516,NA,NA
SandFall-Win64-Shipping.exe,31024,0x13F96A7D0D0,DXGI,0,512,1,Hardware: Independent Flip,13210.6943,21.4070,21.1663,0.2407,19.7159,24.4691,24.4625,0.0066,44.1855,12.0676,-12.1458,13210.6943,0.0005,53.2625,NA
SandFall-Win64-Shipping.exe,31024,0x13F96A7D0D0,DXGI,0,512,1,Hardware: Independent Flip,13232.1013,0.3136,0.1534,0.1602,22.7780,0.2467,0.2443,0.0024,34.8461,12.7794,9.3394,13232.1013,11.8214,NA,NA
SandFall-Win64-Shipping.exe,31024,0x13F96A7D0D0,DXGI,0,512,1,Hardware: Independent Flip,13232.4149,24.2446,23.9911,0.2535,22.7111,24.6003,24.5939,0.0064,47.3119,12.4382,-12.4658,13232.4149,0.0005,NA,NA
SandFall-Win64-Shipping.exe,31024,0x13F96A7D0D0,DXGI,0,512,1,Hardware: Independent Flip,13256.6595,0.3316,0.1723,0.1593,23.0668,0.1762,0.1716,0.0046,35.5055,12.5421,11.8064,13256.6595,12.2625,NA,NA
SandFall-Win64-Shipping.exe,31024,0x13F96A7D0D0,DXGI,0,512,1,Hardware: Independent Flip,13256.9911,27.5594,27.3129,0.2465,22.9114,24.8039,24.8001,0.0038,47.7160,12.7511,-12.2105,13256.9911,0.0007,NA,NA
SandFall-Win64-Shipping.exe,31024,0x13F96A7D0D0,DXGI,0,512,1,Hardware: Independent Flip,13284.5505,0.3330,0.1647,0.1683,20.1559,0.2204,0.2185,0.0019,32.9077,11.9020,14.8083,13284.5505,12.5314,NA,NA
SandFall-Win64-Shipping.exe,31024,0x13F96A7D0D0,DXGI,0,512,1,Hardware: Independent Flip,13284.8835,23.4848,23.2392,0.2456,20.0433,24.4328,24.4258,0.0070,44.4767,12.7369,-11.5690,13284.8835,0.0006,NA,NA
SandFall-Win64-Shipping.exe,31024,0x13F96A7D0D0,DXGI,0,512,1,Hardware: Independent Flip,13308.3683,0.3173,0.1611,0.1562,20.9913,0.1771,0.1730,0.0041,33.7288,11.8347,10.7479,13308.3683,12.5604,NA,NA
SandFall-Win64-Shipping.exe,31024,0x13F96A7D0D0,DXGI,0,512,1,Hardware: Independent Flip,13308.6856,25.2254,24.9782,0.2472,20.8511,24.3942,24.3862,0.0080,45.2462,12.5224,-11.5174,13308.6856,0.0009,NA,NA
SandFall-Win64-Shipping.exe,31024,0x13F96A7D0D0,DXGI,0,512,1,Hardware: Independent Flip,13333.9110,0.3072,0.1569,0.1503,20.0199,0.2280,0.2280,0.0000,32.5432,12.6194,12.7030,13333.9110,12.2953,NA,NA
SandFall-Win64-Shipping.exe,31024,0x13F96A7D0D0,DXGI,0,512,1,Hardware: Independent Flip,13334.2182,20.9668,20.7074,0.2594,19.9407,24.6883,24.6801,0.0082,44.8554,12.3288,-12.3122,13334.2182,0.2264,61.6201,NA
SandFall-Win64-Shipping.exe,31024,0x13F96A7D0D0,DXGI,0,512,1,Hardware: Independent Flip,13355.1850,0.3217,0.1627,0.1590,23.6622,0.1811,0.1764,0.0047,36.2174,11.7411,8.6380,13355.1850,12.3741,NA,NA
SandFall-Win64-Shipping.exe,31024,0x13F96A7D0D0,DXGI,0,512,1,Hardware: Independent Flip,13355.5067,25.2201,24.9608,0.2593,23.5216,24.0278,23.9745,0.0533,47.6368,12.5755,-11.4194,13355.5067,0.0874,43.5338,NA
SandFall-Win64-Shipping.exe,31024,0x13F96A7D0D0,DXGI,0,512,1,Hardware: Independent Flip,13380.7268,0.3180,0.1693,0.1487,22.3293,0.3154,0.3126,0.0028,34.9922,12.2021,12.6446,13380.7268,12.3475,NA,NA
SandFall-Win64-Shipping.exe,31024,0x13F96A7D0D0,DXGI,0,512,1,Hardware: Independent Flip,13381.0448,31.1081,30.8693,0.2388,22.3267,24.0396,24.0293,0.0103,46.8763,12.2463,-11.8841,13381.0448,0.5100,41.3040,NA
SandFall-Win64-Shipping.exe,31024,0x13F96A7D0D0,DXGI,0,512,1,Hardware: Independent Flip,13412.1529,0.3042,0.1538,0.1504,15.2582,0.2134,0.2117,0.0017,28.0145,11.8747,18.8618,13412.1529,12.5429,NA,NA
SandFall-Win64-Shipping.exe,31024,0x13F96A7D0D0,DXGI,0,512,1,Hardware: Independent Flip,13412.4571,20.4187,20.0899,0.3288,15.1674,23.8761,23.8607,0.0154,39.5850,12.2626,-11.5705,13412.4571,0.5415,39.4254,NA
SandFall-Win64-Shipping.exe,31024,0x13F96A7D0D0,DXGI,0,512,1,Hardware: Independent Flip,13432.8758,0.3305,0.1762,0.1543,18.6248,0.1839,0.1784,0.0055,31.4289,12.1630,8.1561,13432.8758,12.6202,NA,NA
SandFall-Win64-Shipping.exe,31024,0x13F96A7D0D0,DXGI,0,512,1,Hardware: Independent Flip,13433.2063,24.8541,24.4256,0.4285,18.4782,24.0378,24.0287,0.0091,43.2614,12.1561,-11.8325,13433.2063,0.7454,36.8568,NA
SandFall-Win64-Shipping.exe,31024,0x13F96A7D0D0,DXGI,0,512,1,Hardware: Independent Flip,13458.0604,0.3228,0.1655,0.1573,17.6619,0.1737,0.1721,0.0016,30.5634,12.5144,12.6980,13458.0604,12.7278,NA,NA
SandFall-Win64-Shipping.exe,31024,0x13F96A7D0D0,DXGI,0,512,1,Hardware: Independent Flip,13458.3832,25.1977,24.9506,0.2471,17.5128,24.4925,24.0405,0.4520,42.7550,12.0617,-12.1916,13458.3832,0.7497,35.5229,NA
SandFall-Win64-Shipping.exe,31024,0x13F96A7D0D0,DXGI,0,512,1,Hardware: Independent Flip,13483.5809,0.3316,0.1648,0.1668,16.8076,0.2118,0.2054,0.0064,29.6190,13.7474,13.1360,13483.5809,12.5996,NA,NA
SandFall-Win64-Shipping.exe,31024,0x13F96A7D0D0,DXGI,0,512,1,Hardware: Independent Flip,13483.9125,25.2655,24.9846,0.2809,16.6878,25.8152,25.0020,0.8132,43.0348,12.2306,-13.4158,13483.9125,0.5318,35.3365,NA
SandFall-Win64-Shipping.exe,31024,0x13F96A7D0D0,DXGI,0,512,1,Hardware: Independent Flip,13509.1780,0.3281,0.1639,0.1642,17.2375,0.1804,0.1785,0.0019,29.9999,13.4054,13.0349,13509.1780,12.5820,NA,NA
SandFall-Win64-Shipping.exe,31024,0x13F96A7D0D0,DXGI,0,512,1,Hardware: Independent Flip,13509.5061,24.7629,24.5006,0.2623,17.0898,25.9868,25.5576,0.4292,43.0772,12.8421,-13.0773,13509.5061,0.0006,35.9711,NA
SandFall-Win64-Shipping.exe,31024,0x13F96A7D0D0,DXGI,0,512,1,Hardware: Independent Flip,13534.2690,0.3208,0.1609,0.1599,18.3137,0.2146,0.2123,0.0023,31.1564,12.2544,11.9208,13534.2690,12.6281,NA,NA
SandFall-Win64-Shipping.exe,31024,0x13F96A7D0D0,DXGI,0,512,1,Hardware: Independent Flip,13534.5898,24.5139,24.2303,0.2836,18.2075,24.8818,24.8694,0.0124,43.0900,13.0684,-11.9336,13534.5898,0.0007,36.0673,NA
SandFall-Win64-Shipping.exe,31024,0x13F96A7D0D0,DXGI,0,512,1,Hardware: Independent Flip,13559.1037,0.3192,0.1573,0.1619,18.5754,0.2041,0.2018,0.0023,31.6445,11.5545,11.4455,13559.1037,12.8650,NA,NA
SandFall-Win64-Shipping.exe,31024,0x13F96A7D0D0,DXGI,0,512,1,Hardware: Independent Flip,13559.4229,24.3369,24.0700,0.2669,18.4603,24.4191,24.4114,0.0077,42.8798,12.5981,-11.2353,13559.4229,0.0004,35.6885,NA
SandFall-Win64-Shipping.exe,31024,0x13F96A7D0D0,DXGI,0,512,1,Hardware: Independent Flip,13583.7598,0.2993,0.1523,0.1470,18.5425,0.2834,0.2811,0.0023,31.1410,12.6386,11.7388,13583.7598,12.3151,NA,NA
SandFall-Win64-Shipping.exe,31024,0x13F96A7D0D0,DXGI,0,512,1,Hardware: Independent Flip,13584.0591,26.1172,25.6112,0.5060,18.5266,24.5833,24.5754,0.0079,43.4803,12.1456,-12.3393,13584.0591,0.3704,35.9276,NA
SandFall-Win64-Shipping.exe,31024,0x13F96A7D0D0,DXGI,0,512,1,Hardware: Independent Flip,13610.1763,0.3349,0.1784,0.1565,16.9927,0.1488,0.1429,0.0059,29.5087,12.8529,13.9716,13610.1763,12.3672,NA,NA
SandFall-Win64-Shipping.exe,31024,0x13F96A7D0D0,DXGI,0,512,1,Hardware: Independent Flip,13610.5112,24.5517,24.2971,0.2546,16.8066,25.0822,24.5001,0.5821,42.0267,12.5049,-12.5180,13610.5112,0.1379,35.9262,NA
SandFall-Win64-Shipping.exe,31024,0x13F96A7D0D0,DXGI,0,512,1,Hardware: Independent Flip,13635.0629,0.3047,0.1552,0.1495,17.3371,0.1915,0.1899,0.0016,29.9799,13.4592,12.0468,13635.0629,12.4513,NA,NA
SandFall-Win64-Shipping.exe,31024,0x13F96A7D0D0,DXGI,0,512,1,Hardware: Independent Flip,13635.3676,25.5431,25.3007,0.2424,17.2239,25.9097,25.8982,0.0115,43.1344,12.6558,-13.1545,13635.3676,0.0008,36.8861,NA
SandFall-Win64-Shipping.exe,31024,0x13F96A7D0D0,DXGI,0,512,1,Hardware: Independent Flip,13660.9107,0.3148,0.1637,0.1511,17.5905,0.2123,0.2082,0.0041,30.2471,13.1179,12.8873,13660.9107,12.4443,NA,NA
SandFall-Win64-Shipping.exe,31024,0x13F96A7D0D0,DXGI,0,512,1,Hardware: Independent Flip,13661.2255,25.2797,24.9404,0.3393,17.4880,25.5611,25.2415,0.3196,43.0502,13.0350,-12.8031,13661.2255,0.0011,37.6640,NA
SandFall-Win64-Shipping.exe,31024,0x13F96A7D0D0,DXGI,0,512,1,Hardware: Independent Flip,13686.5052,0.4758,0.2580,0.2178,17.7694,0.2004,0.1975,0.0029,30.8055,11.7904,12.2447,13686.5052,12.8357,NA,NA
SandFall-Win64-Shipping.exe,31024,0x13F96A7D0D0,DXGI,0,512,1,Hardware: Independent Flip,13686.9810,24.8260,24.5503,0.2757,17.4940,24.6254,24.6132,0.0122,42.1201,13.1007,-11.3146,13686.9810,0.0007,36.4877,NA
SandFall-Win64-Shipping.exe,31024,0x13F96A7D0D0,DXGI,0,512,1,Hardware: Independent Flip,13711.8070,0.3007,0.1493,0.1514,17.2934,0.2066,0.2043,0.0023,30.3948,11.8541,11.7253,13711.8070,12.8948,NA,NA
SandFall-Win64-Shipping.exe,31024,0x13F96A7D0D0,DXGI,0,512,1,Hardware: Independent Flip,13712.1077,22.5495,22.3062,0.2433,17.1993,24.6188,24.6064,0.0124,41.9482,12.4239,-11.5534,13712.1077,0.1301,37.4433,NA
SandFall-Win64-Shipping.exe,31024,0x13F96A7D0D0,DXGI,0,512,1,Hardware: Independent Flip,13734.6572,0.3279,0.1548,0.1731,19.2686,0.2065,0.2043,0.0022,31.8226,12.9232,10.1256,13734.6572,12.3475,NA,NA
SandFall-Win64-Shipping.exe,31024,0x13F96A7D0D0,DXGI,0,512,1,Hardware: Independent Flip,13734.9851,25.4708,25.2205,0.2503,19.1472,24.8458,24.8351,0.0107,44.4179,12.3159,-12.5953,13734.9851,0.4249,42.7852,NA
SandFall-Win64-Shipping.exe,31024,0x13F96A7D0D0,DXGI,0,512,1,Hardware: Independent Flip,13760.4559,0.3086,0.1591,0.1495,18.5222,0.1778,0.1752,0.0026,31.2630,14.7443,13.1549,13760.4559,12.5630,NA,NA
SandFall-Win64-Shipping.exe,31024,0x13F96A7D0D0,DXGI,0,512,1,Hardware: Independent Flip,13760.7645,25.4316,25.1620,0.2696,18.3914,27.1754,27.1667,0.0087,45.6987,12.6330,-14.4357,13760.7645,0.1319,58.8381,NA
SandFall-Win64-Shipping.exe,31024,0x13F96A7D0D0,DXGI,0,512,1,Hardware: Independent Flip,13786.1961,0.3130,0.1634,0.1496,20.1352,0.1899,0.1860,0.0039,32.9001,14.4819,12.7986,13786.1961,12.5750,NA,NA
SandFall-Win64-Shipping.exe,31024,0x13F96A7D0D0,DXGI,0,512,1,Hardware: Independent Flip,13786.5091,25.4424,25.1823,0.2601,20.0121,27.0558,27.0389,0.0169,47.0690,13.5816,-14.1689,13786.5091,0.0011,40.9623,NA
SandFall-Win64-Shipping.exe,31024,0x13F96A7D0D0,DXGI,0,512,1,Hardware: Independent Flip,13811.9515,0.3236,0.1524,0.1712,21.6255,0.2218,0.2188,0.0030,35.2082,10.8168,11.8608,13811.9515,13.3609,NA,NA
SandFall-Win64-Shipping.exe,31024,0x13F96A7D0D0,DXGI,0,512,1,Hardware: Independent Flip,13812.2751,24.0397,23.7861,0.2536,21.5237,24.1770,24.1656,0.0114,45.7014,14.0110,-10.4932,13812.2751,0.0007,39.3563,NA
SandFall-Win64-Shipping.exe,31024,0x13F96A7D0D0,DXGI,0,512,1,Hardware: Independent Flip,13836.3148,0.3023,0.1517,0.1506,21.6610,0.2257,0.2234,0.0023,35.6727,10.3353,10.0287,13836.3148,13.7860,NA,NA
SandFall-Win64-Shipping.exe,31024,0x13F96A7D0D0,DXGI,0,512,1,Hardware: Independent Flip,13836.6171,24.3416,24.1022,0.2394,21.5844,23.9301,23.9171,0.0130,45.7057,12.4916,-10.0330,13836.6171,0.1912,50.6681,NA
SandFall-Win64-Shipping.exe,31024,0x13F96A7D0D0,DXGI,0,512,1,Hardware: Independent Flip,13860.9587,0.3028,0.1538,0.1490,21.1729,0.2008,0.1948,0.0060,33.8557,12.3541,11.8500,13860.9587,12.4820,NA,NA
SandFall-Win64-Shipping.exe,31024,0x13F96A7D0D0,DXGI,0,512,1,Hardware: Independent Flip,13861.2615,25.6810,25.1187,0.5623,21.0709,23.5671,23.5521,0.0150,45.9070,11.4243,-12.0513,13861.2615,1.2690,59.5478,NA
SandFall-Win64-Shipping.exe,31024,0x13F96A7D0D0,DXGI,0,512,1,Hardware: Independent Flip,13886.9425,0.3580,0.1852,0.1728,18.9570,0.2046,0.2029,0.0017,31.6503,12.2350,14.2567,13886.9425,12.4887,NA,NA
SandFall-Win64-Shipping.exe,31024,0x13F96A7D0D0,DXGI,0,512,1,Hardware: Independent Flip,13887.3005,23.9438,23.7061,0.2377,18.8036,23.9234,23.9125,0.0109,43.5273,11.6756,-11.8770,13887.3005,0.8003,44.2053,NA
SandFall-Win64-Shipping.exe,31024,0x13F96A7D0D0,DXGI,0,512,1,Hardware: Independent Flip,13911.2443,0.3007,0.1511,0.1496,18.7832,0.2109,0.2087,0.0022,31.2591,11.6899,12.2682,13911.2443,12.2650,NA,NA
SandFall-Win64-Shipping.exe,31024,0x13F96A7D0D0,DXGI,0,512,1,Hardware: Independent Flip,13911.5450,24.6312,24.3270,0.3042,18.6934,23.4275,23.4176,0.0099,42.6483,11.9164,-11.3892,13911.5450,0.5274,35.5736,NA
SandFall-Win64-Shipping.exe,31024,0x13F96A7D0D0,DXGI,0,512,1,Hardware: Independent Flip,13936.1762,0.3876,0.1913,0.1963,17.4897,0.2133,0.2118,0.0015,29.9335,12.3291,12.7148,13936.1762,12.2305,NA,NA
SandFall-Win64-Shipping.exe,31024,0x13F96A7D0D0,DXGI,0,512,1,Hardware: Independent Flip,13936.5638,24.6328,24.3746,0.2582,17.3154,23.9106,23.8020,0.1086,41.8750,11.8144,-11.9415,13936.5638,0.6490,36.8237,NA
SandFall-Win64-Shipping.exe,31024,0x13F96A7D0D0,DXGI,0,512,1,Hardware: Independent Flip,13961.1966,0.3040,0.1518,0.1522,16.5932,0.1650,0.1595,0.0055,29.0566,12.4946,12.8184,13961.1966,12.2984,NA,NA
SandFall-Win64-Shipping.exe,31024,0x13F96A7D0D0,DXGI,0,512,1,Hardware: Independent Flip,13961.5006,24.6833,24.4186,0.2647,16.4542,24.3866,23.4021,0.9845,41.2472,12.0002,-12.1906,13961.5006,0.4064,39.1340,NA
SandFall-Win64-Shipping.exe,31024,0x13F96A7D0D0,DXGI,0,512,1,Hardware: Independent Flip,13986.1839,0.3078,0.1551,0.1527,16.1575,0.1877,0.1857,0.0020,28.5641,12.2254,12.6831,13986.1839,12.2189,NA,NA
SandFall-Win64-Shipping.exe,31024,0x13F96A7D0D0,DXGI,0,512,1,Hardware: Independent Flip,13986.4917,23.9268,23.6706,0.2562,16.0374,24.2708,23.7594,0.5114,40.4817,12.2318,-11.9176,13986.4917,0.1735,39.3526,NA
SandFall-Win64-Shipping.exe,31024,0x13F96A7D0D0,DXGI,0,512,1,Hardware: Independent Flip,14010.4185,0.2976,0.1529,0.1447,16.3814,0.1860,0.1808,0.0052,28.7867,12.7013,11.6950,14010.4185,12.2193,NA,NA
SandFall-Win64-Shipping.exe,31024,0x13F96A7D0D0,DXGI,0,512,1,Hardware: Independent Flip,14010.7161,25.0123,24.7532,0.2591,16.2698,24.7421,23.1801,1.5620,41.1904,12.1287,-12.4037,14010.7161,0.1785,34.2868,NA
SandFall-Win64-Shipping.exe,31024,0x13F96A7D0D0,DXGI,0,512,1,Hardware: Independent Flip,14035.7284,0.3097,0.1592,0.1505,15.9996,0.1964,0.1947,0.0017,28.3068,13.2994,12.8836,14035.7284,12.1108,NA,NA
SandFall-Win64-Shipping.exe,31024,0x13F96A7D0D0,DXGI,0,512,1,Hardware: Independent Flip,14036.0381,24.8351,24.5941,0.2410,15.8863,25.4091,24.7786,0.6305,41.2965,12.3832,-12.9897,14036.0381,0.0011,34.7009,NA
SandFall-Win64-Shipping.exe,31024,0x13F96A7D0D0,DXGI,0,512,1,Hardware: Independent Flip,14060.8732,0.3077,0.1531,0.1546,16.4603,0.2027,0.2012,0.0015,28.8446,10.9665,12.4519,14060.8732,12.1816,NA,NA
SandFall-Win64-Shipping.exe,31024,0x13F96A7D0D0,DXGI,0,512,1,Hardware: Independent Flip,14061.1809,22.8228,22.5581,0.2647,16.3553,23.1469,23.1385,0.0084,39.5034,12.7263,-10.6588,14061.1809,0.0012,34.0711,NA
SandFall-Win64-Shipping.exe,31024,0x13F96A7D0D0,DXGI,0,512,1,Hardware: Independent Flip,14084.0037,0.3381,0.1608,0.1773,16.6794,0.1582,0.1539,0.0043,29.4069,12.4744,10.0965,14084.0037,12.5693,NA,NA
SandFall-Win64-Shipping.exe,31024,0x13F96A7D0D0,DXGI,0,512,1,Hardware: Independent Flip,14084.3418,25.0171,24.7443,0.2728,16.4995,24.7869,23.7354,1.0515,41.5432,11.8391,-12.1363,14084.3418,0.2568,35.2744,NA
SandFall-Win64-Shipping.exe,31024,0x13F96A7D0D0,DXGI,0,512,1,Hardware: Independent Flip,14109.3589,0.2995,0.1524,0.1471,16.2693,0.1515,0.1459,0.0056,28.3652,11.6808,13.1780,14109.3589,11.9444,NA,NA
SandFall-Win64-Shipping.exe,31024,0x13F96A7D0D0,DXGI,0,512,1,Hardware: Independent Flip,14109.6584,23.3998,23.1356,0.2642,16.1213,23.6244,23.5915,0.0329,39.7465,12.0092,-11.3813,14109.6584,0.0008,36.7573,NA
SandFall-Win64-Shipping.exe,31024,0x13F96A7D0D0,DXGI,0,512,1,Hardware: Independent Flip,14133.0582,0.3411,0.1646,0.1765,16.3459,0.1917,0.1898,0.0019,28.3559,13.4591,11.3906,14133.0582,11.8183,NA,NA
SandFall-Win64-Shipping.exe,31024,0x13F96A7D0D0,DXGI,0,512,1,Hardware: Independent Flip,14133.3993,24.6748,24.3198,0.3550,16.1965,25.1751,24.3246,0.8505,41.4739,12.0206,-13.1180,14133.3993,0.1023,37.2488,NA
SandFall-Win64-Shipping.exe,31024,0x13F96A7D0D0,DXGI,0,512,1,Hardware: Independent Flip,14158.0741,0.3103,0.1590,0.1513,16.6968,0.2217,0.2194,0.0023,28.8197,11.9784,12.6542,14158.0741,11.9012,NA,NA
SandFall-Win64-Shipping.exe,31024,0x13F96A7D0D0,DXGI,0,512,1,Hardware: Independent Flip,14158.3844,22.1684,21.9156,0.2528,16.6082,23.8791,23.8636,0.0155,40.4878,12.5659,-11.6681,14158.3844,0.0005,36.2595,NA
SandFall-Win64-Shipping.exe,31024,0x13F96A7D0D0,DXGI,0,512,1,Hardware: Independent Flip,14180.5528,0.3187,0.1674,0.1513,18.3189,0.2194,0.2169,0.0025,30.8853,11.5922,9.6025,14180.5528,12.3470,NA,NA
SandFall-Win64-Shipping.exe,31024,0x13F96A7D0D0,DXGI,0,512,1,Hardware: Independent Flip,14180.8715,23.5564,23.3095,0.2469,18.2196,23.9381,23.9248,0.0133,42.1588,12.2759,-11.2735,14180.8715,0.0011,35.4187,NA
SandFall-Win64-Shipping.exe,31024,0x13F96A7D0D0,DXGI,0,512,1,Hardware: Independent Flip,14204.4279,0.3044,0.1528,0.1516,18.6013,0.2220,0.2188,0.0032,30.8783,12.7684,11.2805,14204.4279,12.0550,NA,NA
SandFall-Win64-Shipping.exe,31024,0x13F96A7D0D0,DXGI,0,512,1,Hardware: Independent Flip,14204.7323,27.2331,26.9841,0.2490,18.5189,24.8229,24.8062,0.0167,43.3423,11.9206,-12.4640,14204.7323,0.0005,37.4628,NA
SandFall-Win64-Shipping.exe,31024,0x13F96A7D0D0,DXGI,0,512,1,Hardware: Independent Flip,14231.9654,0.2992,0.1539,0.1453,16.1087,0.2176,0.2176,0.0000,28.0298,12.4696,15.3125,14231.9654,11.7035,NA,NA
SandFall-Win64-Shipping.exe,31024,0x13F96A7D0D0,DXGI,0,512,1,Hardware: Independent Flip,14232.2646,20.8647,20.6263,0.2384,16.0271,24.1718,24.1583,0.0135,40.2002,12.4431,-12.1704,14232.2646,0.0013,36.8519,NA
SandFall-Win64-Shipping.exe,31024,0x13F96A7D0D0,DXGI,0,512,1,Hardware: Independent Flip,14253.1293,0.3333,0.1758,0.1575,19.3342,0.2152,0.2123,0.0029,31.7786,13.1687,8.4216,14253.1293,12.2292,NA,NA
SandFall-Win64-Shipping.exe,31024,0x13F96A7D0D0,DXGI,0,512,1,Hardware: Independent Flip,14253.4626,27.9651,27.7048,0.2603,19.2161,25.3968,25.3867,0.0101,44.6140,12.4696,-12.8354,14253.4626,0.0011,38.4244,NA
SandFall-Win64-Shipping.exe,31024,0x13F96A7D0D0,DXGI,0,512,1,Hardware: Independent Flip,14281.4277,0.3916,0.1665,0.2251,16.6478,0.2402,0.2371,0.0031,29.1185,12.4993,15.4955,14281.4277,12.2305,NA,NA
SandFall-Win64-Shipping.exe,31024,0x13F96A7D0D0,DXGI,0,512,1,Hardware: Independent Flip,14281.8193,21.0090,20.7351,0.2739,16.4964,24.7287,24.7161,0.0126,41.2262,12.8816,-12.1077,14281.8193,0.0011,41.4292,NA
SandFall-Win64-Shipping.exe,31024,0x13F96A7D0D0,DXGI,0,512,1,Hardware: Independent Flip,14302.8283,0.3376,0.1673,0.1703,20.2161,0.2242,0.2217,0.0025,33.0988,11.7652,8.1274,14302.8283,12.6585,NA,NA
SandFall-Win64-Shipping.exe,31024,0x13F96A7D0D0,DXGI,0,512,1,Hardware: Independent Flip,14303.1659,23.8220,23.5449,0.2771,20.1027,24.4227,24.4186,0.0041,44.5264,12.9182,-11.4276,14303.1659,0.0010,NA,NA
SandFall-Win64-Shipping.exe,31024,0x13F96A7D0D0,DXGI,0,512,1,Hardware: Independent Flip,14326.9879,0.3863,0.1720,0.2143,20.7034,0.2135,0.2109,0.0026,33.6226,11.7353,10.9038,14326.9879,12.7057,NA,NA
SandFall-Win64-Shipping.exe,31024,0x13F96A7D0D0,DXGI,0,512,1,Hardware: Independent Flip,14327.3742,23.2225,22.9695,0.2530,20.5306,24.4402,24.4325,0.0077,44.9716,12.3902,-11.3490,14327.3742,0.0008,NA,NA
SandFall-Win64-Shipping.exe,31024,0x13F96A7D0D0,DXGI,0,512,1,Hardware: Independent Flip,14350.5967,0.3155,0.1604,0.1551,21.7483,0.2199,0.2181,0.0018,34.1393,12.6379,10.8323,14350.5967,12.1711,NA,NA
SandFall-Win64-Shipping.exe,31024,0x13F96A7D0D0,DXGI,0,512,1,Hardware: Independent Flip,14350.9122,24.2190,23.8617,0.3573,21.6527,24.6142,24.6057,0.0085,46.4617,12.1755,-12.3224,14350.9122,0.1948,NA,NA
SandFall-Win64-Shipping.exe,31024,0x13F96A7D0D0,DXGI,0,512,1,Hardware: Independent Flip,14375.1312,0.3403,0.1591,0.1812,22.0479,0.2596,0.2570,0.0026,34.4182,12.5687,12.0435,14375.1312,12.1107,NA,NA
SandFall-Win64-Shipping.exe,31024,0x13F96A7D0D0,DXGI,0,512,1,Hardware: Independent Flip,14375.4715,26.5802,26.3349,0.2453,21.9672,24.6783,24.6682,0.0101,46.6466,12.5150,-12.2284,14375.4715,0.0011,NA,NA
SandFall-Win64-Shipping.exe,31024,0x13F96A7D0D0,DXGI,0,512,1,Hardware: Independent Flip,14402.0517,0.3075,0.1549,0.1526,20.0653,0.2318,0.2293,0.0025,32.5814,12.0937,14.0652,14402.0517,12.2843,NA,NA
SandFall-Win64-Shipping.exe,31024,0x13F96A7D0D0,DXGI,0,512,1,Hardware: Independent Flip,14402.3592,24.6853,24.4291,0.2562,19.9896,24.3776,24.3701,0.0075,44.3676,12.5883,-11.7862,14402.3592,0.0004,59.1025,NA
SandFall-Win64-Shipping.exe,31024,0x13F96A7D0D0,DXGI,0,512,1,Hardware: Independent Flip,14427.0445,0.3064,0.1552,0.1512,19.6819,0.2203,0.2180,0.0023,32.2706,11.8970,12.0970,14427.0445,12.3684,NA,NA
SandFall-Win64-Shipping.exe,31024,0x13F96A7D0D0,DXGI,0,512,1,Hardware: Independent Flip,14427.3509,22.3565,22.1111,0.2454,19.5958,24.0960,24.0824,0.0136,43.8612,12.4326,-11.5906,14427.3509,0.1694,56.5851,NA
SandFall-Win64-Shipping.exe,31024,0x13F96A7D0D0,DXGI,0,512,1,Hardware: Independent Flip,14449.7074,0.3033,0.1539,0.1494,21.3353,0.2255,0.2237,0.0018,33.9373,12.3707,9.9239,14449.7074,12.3765,NA,NA
SandFall-Win64-Shipping.exe,31024,0x13F96A7D0D0,DXGI,0,512,1,Hardware: Independent Flip,14450.0107,25.2733,24.9346,0.3387,21.2575,24.3042,24.2900,0.0142,46.0047,12.2311,-12.0674,14450.0107,0.4430,49.3950,NA
SandFall-Win64-Shipping.exe,31024,0x13F96A7D0D0,DXGI,0,512,1,Hardware: Independent Flip,14475.2840,0.3726,0.1917,0.1809,20.2884,0.2345,0.2325,0.0020,32.9625,12.2614,13.0422,14475.2840,12.4396,NA,NA
SandFall-Win64-Shipping.exe,31024,0x13F96A7D0D0,DXGI,0,512,1,Hardware: Independent Flip,14475.6566,25.2573,25.0077,0.2496,20.1503,24.3195,24.3079,0.0116,44.8513,12.3633,-11.8888,14475.6566,0.3815,37.8999,NA
SandFall-Win64-Shipping.exe,31024,0x13F96A7D0D0,DXGI,0,512,1,Hardware: Independent Flip,14500.9139,0.3128,0.1573,0.1555,19.2125,0.2057,0.2040,0.0017,31.9573,12.6027,12.8940,14500.9139,12.5391,NA,NA
SandFall-Win64-Shipping.exe,31024,0x13F96A7D0D0,DXGI,0,512,1,Hardware: Independent Flip,14501.2267,25.8843,25.6356,0.2487,19.1054,24.7044,24.6960,0.0084,44.2472,12.3184,-12.2899,14501.2267,0.4374,35.8597,NA
SandFall-Win64-Shipping.exe,31024,0x13F96A7D0D0,DXGI,0,512,1,Hardware: Independent Flip,14527.1110,0.3090,0.1590,0.1500,17.9255,0.1516,0.1447,0.0069,30.6813,12.4208,13.5659,14527.1110,12.6042,NA,NA
SandFall-Win64-Shipping.exe,31024,0x13F96A7D0D0,DXGI,0,512,1,Hardware: Independent Flip,14527.4200,25.6637,25.4183,0.2454,17.7681,24.7143,24.6955,0.0188,42.7931,12.3490,-12.1118,14527.4200,0.3107,35.5981,NA
SandFall-Win64-Shipping.exe,31024,0x13F96A7D0D0,DXGI,0,512,1,Hardware: Independent Flip,14553.0837,0.3071,0.1537,0.1534,16.8187,0.1909,0.1891,0.0018,29.4784,13.6752,13.3147,14553.0837,12.4688,NA,NA
SandFall-Win64-Shipping.exe,31024,0x13F96A7D0D0,DXGI,0,512,1,Hardware: Independent Flip,14553.3908,25.1062,24.7161,0.3901,16.7025,25.8599,25.5030,0.3569,42.8465,12.3617,-13.3681,14553.3908,0.2841,35.6248,NA
SandFall-Win64-Shipping.exe,31024,0x13F96A7D0D0,DXGI,0,512,1,Hardware: Independent Flip,14578.4970,0.4217,0.1842,0.2375,17.4562,0.1985,0.1925,0.0060,30.1020,14.8489,12.7445,14578.4970,12.4473,NA,NA
SandFall-Win64-Shipping.exe,31024,0x13F96A7D0D0,DXGI,0,512,1,Hardware: Independent Flip,14578.9187,26.3634,26.1048,0.2586,17.2330,27.2951,26.0727,1.2224,44.5292,12.9716,-14.4272,14578.9187,0.0011,37.8310,NA
SandFall-Win64-Shipping.exe,31024,0x13F96A7D0D0,DXGI,0,512,1,Hardware: Independent Flip,14605.2821,0.3279,0.1667,0.1612,18.1647,0.1666,0.1637,0.0029,31.1374,12.3206,13.3918,14605.2821,12.8061,NA,NA
SandFall-Win64-Shipping.exe,31024,0x13F96A7D0D0,DXGI,0,512,1,Hardware: Independent Flip,14605.6100,23.9336,23.6961,0.2375,18.0034,25.1256,25.1144,0.0112,43.1301,13.9564,-11.9927,14605.6100,0.0011,38.1253,NA
SandFall-Win64-Shipping.exe,31024,0x13F96A7D0D0,DXGI,0,512,1,Hardware: Independent Flip,14629.5436,0.3021,0.1521,0.1500,19.1954,0.2142,0.2142,0.0000,33.1529,11.4693,9.9772,14629.5436,13.7433,NA,NA
SandFall-Win64-Shipping.exe,31024,0x13F96A7D0D0,DXGI,0,512,1,Hardware: Independent Flip,14629.8457,26.9736,26.6633,0.3103,19.1075,25.2119,25.2045,0.0074,44.3201,13.1200,-11.1672,14629.8457,0.0007,39.5183,NA
SandFall-Win64-Shipping.exe,31024,0x13F96A7D0D0,DXGI,0,512,1,Hardware: Independent Flip,14656.8193,0.3964,0.2033,0.1931,17.3458,0.1851,0.1808,0.0043,30.4665,12.4309,13.8536,14656.8193,12.9356,NA,NA
SandFall-Win64-Shipping.exe,31024,0x13F96A7D0D0,DXGI,0,512,1,Hardware: Independent Flip,14657.2157,22.4325,22.1403,0.2922,17.1345,25.0479,25.0342,0.0137,42.5010,12.3837,-12.0345,14657.2157,0.3186,41.0921,NA
SandFall-Win64-Shipping.exe,31024,0x13F96A7D0D0,DXGI,0,512,1,Hardware: Independent Flip,14679.6482,0.3042,0.1514,0.1528,19.7499,0.2099,0.2081,0.0018,32.4522,12.8069,10.0488,14679.6482,12.4924,NA,NA
SandFall-Win64-Shipping.exe,31024,0x13F96A7D0D0,DXGI,0,512,1,Hardware: Independent Flip,14679.9524,25.3964,25.1136,0.2828,19.6556,24.9966,24.9816,0.0150,44.9549,12.5142,-12.5027,14679.9524,0.3027,39.0342,NA
SandFall-Win64-Shipping.exe,31024,0x13F96A7D0D0,DXGI,0,512,1,Hardware: Independent Flip,14705.3488,0.3432,0.1740,0.1692,19.2558,0.1918,0.1896,0.0022,32.0727,12.8301,12.8822,14705.3488,12.6251,NA,NA
SandFall-Win64-Shipping.exe,31024,0x13F96A7D0D0,DXGI,0,512,1,Hardware: Independent Flip,14705.6920,25.6936,25.4431,0.2505,19.1044,25.2954,25.2781,0.0173,44.5596,12.5809,-12.4869,14705.6920,0.1598,37.6366,NA
SandFall-Win64-Shipping.exe,31024,0x13F96A7D0D0,DXGI,0,512,1,Hardware: Independent Flip,14731.3856,0.3510,0.1712,0.1798,18.7062,0.2371,0.2342,0.0029,31.4469,12.9611,13.1127,14731.3856,12.5036,NA,NA
SandFall-Win64-Shipping.exe,31024,0x13F96A7D0D0,DXGI,0,512,1,Hardware: Independent Flip,14731.7366,25.4238,25.1749,0.2489,18.5923,25.4215,25.4094,0.0121,44.0570,12.7724,-12.6101,14731.7366,0.0432,38.1803,NA
SandFall-Win64-Shipping.exe,31024,0x13F96A7D0D0,DXGI,0,512,1,Hardware: Independent Flip,14757.1604,0.3034,0.1512,0.1522,18.5900,0.2205,0.2174,0.0031,31.4056,12.6946,12.6514,14757.1604,12.5951,NA,NA
SandFall-Win64-Shipping.exe,31024,0x13F96A7D0D0,DXGI,0,512,1,Hardware: Independent Flip,14757.4638,26.5402,26.1885,0.3517,18.5071,25.2887,25.2792,0.0095,43.7968,12.8678,-12.3912,14757.4638,0.0010,37.6459,NA
SandFall-Win64-Shipping.exe,31024,0x13F96A7D0D0,DXGI,0,512,1,Hardware: Independent Flip,14784.0040,0.4943,0.2746,0.2197,17.2556,0.2341,0.2310,0.0031,30.1244,15.6986,13.6724,14784.0040,12.6347,NA,NA
SandFall-Win64-Shipping.exe,31024,0x13F96A7D0D0,DXGI,0,512,1,Hardware: Independent Flip,14784.4983,24.9041,24.6165,0.2876,16.9954,28.3068,28.2944,0.0124,45.3287,12.8031,-15.2043,14784.4983,0.0265,40.2142,NA
SandFall-Win64-Shipping.exe,31024,0x13F96A7D0D0,DXGI,0,512,1,Hardware: Independent Flip,14809.4024,0.3580,0.1686,0.1894,20.3981,0.2124,0.2104,0.0020,33.2277,16.0613,12.1010,14809.4024,12.6172,NA,NA
SandFall-Win64-Shipping.exe,31024,0x13F96A7D0D0,DXGI,0,512,1,Hardware: Independent Flip,14809.7604,24.1468,23.9066,0.2402,20.2525,28.6769,28.6661,0.0108,48.9310,14.2825,-15.7033,14809.7604,0.0016,45.0775,NA
SandFall-Win64-Shipping.exe,31024,0x13F96A7D0D0,DXGI,0,512,1,Hardware: Independent Flip,14833.9072,0.3005,0.1499,0.1506,24.7826,0.2131,0.2098,0.0033,39.0667,10.7498,9.8643,14833.9072,14.0710,NA,NA
SandFall-Win64-Shipping.exe,31024,0x13F96A7D0D0,DXGI,0,512,1,Hardware: Independent Flip,14834.2077,25.0884,24.8540,0.2344,24.6952,24.8206,24.8181,0.0025,49.5160,14.4176,-10.4493,14834.2077,0.0002,43.1072,NA
SandFall-Win64-Shipping.exe,31024,0x13F96A7D0D0,DXGI,0,512,1,Hardware: Independent Flip,14859.2961,0.2977,0.1497,0.1480,24.4274,0.2212,0.2212,0.0000,38.8452,10.6763,10.6708,14859.2961,14.1966,NA,NA
SandFall-Win64-Shipping.exe,31024,0x13F96A7D0D0,DXGI,0,512,1,Hardware: Independent Flip,14859.5938,24.8549,24.5824,0.2725,24.3509,24.8718,24.8646,0.0072,49.2238,13.4316,-10.3786,14859.5938,0.0011,47.2020,NA
SandFall-Win64-Shipping.exe,31024,0x13F96A7D0D0,DXGI,0,512,1,Hardware: Independent Flip,14884.4487,0.3681,0.1973,0.1708,24.3678,0.1889,0.1847,0.0042,37.8005,12.3012,11.4233,14884.4487,13.2438,NA,NA
SandFall-Win64-Shipping.exe,31024,0x13F96A7D0D0,DXGI,0,512,1,Hardware: Independent Flip,14884.8168,29.0825,28.8306,0.2519,24.1886,24.6946,24.6826,0.0120,49.7336,12.0189,-11.9331,14884.8168,0.8504,47.9010,NA
SandFall-Win64-Shipping.exe,31024,0x13F96A7D0D0,DXGI,0,512,1,Hardware: Independent Flip,14913.8993,0.3167,0.1647,0.1520,19.8007,0.2209,0.2192,0.0017,32.6700,13.2890,17.0636,14913.8993,12.6484,NA,NA
SandFall-Win64-Shipping.exe,31024,0x13F96A7D0D0,DXGI,0,512,1,Hardware: Independent Flip,14914.2160,26.3958,26.1458,0.2500,19.7049,25.2204,25.2134,0.0070,45.6423,12.2613,-12.9723,14914.2160,0.7170,43.3461,NA
SandFall-Win64-Shipping.exe,31024,0x13F96A7D0D0,DXGI,0,512,1,Hardware: Independent Flip,14940.6118,0.3161,0.1646,0.1515,18.5295,0.2069,0.2052,0.0017,31.5078,11.4492,14.1345,14940.6118,12.7714,NA,NA
SandFall-Win64-Shipping.exe,31024,0x13F96A7D0D0,DXGI,0,512,1,Hardware: Independent Flip,14940.9279,20.8085,20.5562,0.2523,18.4203,24.0091,23.9988,0.0103,42.6409,12.7211,-11.1331,14940.9279,0.2115,NA,NA
SandFall-Win64-Shipping.exe,31024,0x13F96A7D0D0,DXGI,0,512,1,Hardware: Independent Flip,14961.7364,0.3001,0.1518,0.1483,21.6209,0.2253,0.2234,0.0019,34.5535,12.3241,8.0874,14961.7364,12.7073,NA,NA
SandFall-Win64-Shipping.exe,31024,0x13F96A7D0D0,DXGI,0,512,1,Hardware: Independent Flip,14962.0365,25.7581,25.5098,0.2483,21.5461,24.1865,24.1737,0.0128,46.5775,12.1477,-12.0240,14962.0365,0.8449,61.3237,NA
SandFall-Win64-Shipping.exe,31024,0x13F96A7D0D0,DXGI,0,512,1,Hardware: Independent Flip,14987.7946,0.3046,0.1563,0.1483,19.9745,0.1957,0.1938,0.0019,32.9671,12.1945,13.6104,14987.7946,12.7969,NA,NA
SandFall-Win64-Shipping.exe,31024,0x13F96A7D0D0,DXGI,0,512,1,Hardware: Independent Flip,14988.0992,25.0594,24.8060,0.2534,19.8656,24.2371,24.2250,0.0121,44.8570,12.2362,-11.8899,14988.0992,0.7543,54.9142,NA
SandFall-Win64-Shipping.exe,31024,0x13F96A7D0D0,DXGI,0,512,1,Hardware: Independent Flip,15013.1586,0.3391,0.1865,0.1526,19.0433,0.2200,0.2152,0.0048,32.0338,12.8805,12.8232,15013.1586,12.7705,NA,NA
SandFall-Win64-Shipping.exe,31024,0x13F96A7D0D0,DXGI,0,512,1,Hardware: Independent Flip,15013.4977,26.7995,26.5388,0.2607,18.9242,24.8673,24.4349,0.4324,44.5752,12.3197,-12.5414,15013.4977,0.7837,49.2670,NA
SandFall-Win64-Shipping.exe,31024,0x13F96A7D0D0,DXGI,0,512,1,Hardware: Independent Flip,15040.2972,0.3183,0.1713,0.1470,16.9920,0.1720,0.1679,0.0041,30.0954,12.5210,14.4798,15040.2972,12.9314,NA,NA
SandFall-Win64-Shipping.exe,31024,0x13F96A7D0D0,DXGI,0,512,1,Hardware: Independent Flip,15040.6155,25.3045,25.0326,0.2719,16.8457,24.9385,24.2300,0.7085,42.2981,12.4032,-12.2027,15040.6155,0.5139,NA,NA
SandFall-Win64-Shipping.exe,31024,0x13F96A7D0D0,DXGI,0,512,1,Hardware: Independent Flip,15065.9200,0.3074,0.1561,0.1513,16.4797,0.1616,0.1555,0.0061,29.3968,12.8434,12.9013,15065.9200,12.7555,NA,NA
SandFall-Win64-Shipping.exe,31024,0x13F96A7D0D0,DXGI,0,512,1,Hardware: Independent Flip,15066.2274,25.0961,24.8423,0.2538,16.3339,25.1336,24.2148,0.9188,41.9328,12.3568,-12.5360,15066.2274,0.4653,53.2349,NA
SandFall-Win64-Shipping.exe,31024,0x13F96A7D0D0,DXGI,0,512,1,Hardware: Independent Flip,15091.3235,0.3043,0.1504,0.1539,16.3714,0.1720,0.1664,0.0056,29.1935,13.5503,12.7393,15091.3235,12.6501,NA,NA
SandFall-Win64-Shipping.exe,31024,0x13F96A7D0D0,DXGI,0,512,1,Hardware: Independent Flip,15091.6278,26.4655,26.2120,0.2535,16.2391,25.9705,24.1233,1.8472,42.4395,12.5095,-13.2460,15091.6278,0.2299,48.4235,NA
SandFall-Win64-Shipping.exe,31024,0x13F96A7D0D0,DXGI,0,512,1,Hardware: Independent Flip,15118.0933,0.3161,0.1586,0.1575,15.7441,0.1810,0.1795,0.0015,28.4835,11.9394,13.9560,15118.0933,12.5584,NA,NA
SandFall-Win64-Shipping.exe,31024,0x13F96A7D0D0,DXGI,0,512,1,Hardware: Independent Flip,15118.4094,23.4220,23.1748,0.2472,15.6090,24.4969,24.0372,0.4597,40.1068,12.9677,-11.6233,15118.4094,0.0009,42.0984,NA
SandFall-Win64-Shipping.exe,31024,0x13F96A7D0D0,DXGI,0,512,1,Hardware: Independent Flip,15141.8314,0.3329,0.1752,0.1577,16.6839,0.1977,0.1923,0.0054,29.6525,14.2351,10.4543,15141.8314,12.7709,NA,NA
SandFall-Win64-Shipping.exe,31024,0x13F96A7D0D0,DXGI,0,512,1,Hardware: Independent Flip,15142.1643,27.3769,27.1238,0.2531,16.5487,26.7927,25.3040,1.4887,43.5547,12.3255,-13.9022,15142.1643,0.2133,37.1008,NA
SandFall-Win64-Shipping.exe,31024,0x13F96A7D0D0,DXGI,0,512,1,Hardware: Independent Flip,15169.5412,0.3089,0.1551,0.1538,15.9645,0.1879,0.1863,0.0016,28.5033,11.8345,15.0514,15169.5412,12.3509,NA,NA
SandFall-Win64-Shipping.exe,31024,0x13F96A7D0D0,DXGI,0,512,1,Hardware: Independent Flip,15169.8501,23.4389,23.1773,0.2616,15.8435,24.1843,24.1770,0.0073,40.0289,13.1573,-11.5256,15169.8501,0.0011,39.2603,NA
SandFall-Win64-Shipping.exe,31024,0x13F96A7D0D0,DXGI,0,512,1,Hardware: Independent Flip,15193.2890,0.4197,0.2334,0.1863,16.5889,0.2140,0.2118,0.0022,29.7473,11.5064,10.2816,15193.2890,12.9444,NA,NA
SandFall-Win64-Shipping.exe,31024,0x13F96A7D0D0,DXGI,0,512,1,Hardware: Independent Flip,15193.7087,23.0762,22.8319,0.2443,16.3832,24.4498,24.4380,0.0118,40.8340,12.4149,-11.0867,15193.7087,0.0010,39.9177,NA
SandFall-Win64-Shipping.exe,31024,0x13F96A7D0D0,DXGI,0,512,1,Hardware: Independent Flip,15216.7849,0.3187,0.1504,0.1683,17.7568,0.1950,0.1927,0.0023,30.1727,12.3014,10.6613,15216.7849,12.2209,NA,NA
SandFall-Win64-Shipping.exe,31024,0x13F96A7D0D0,DXGI,0,512,1,Hardware: Independent Flip,15217.1036,24.4307,24.1746,0.2561,17.6331,24.1735,24.1640,0.0095,42.1554,11.8973,-11.9827,15217.1036,0.3488,35.6456,NA
SandFall-Win64-Shipping.exe,31024,0x13F96A7D0D0,DXGI,0,512,1,Hardware: Independent Flip,15241.5343,0.2995,0.1536,0.1459,17.3759,0.2140,0.2140,0.0000,29.6220,12.4045,12.5334,15241.5343,12.0321,NA,NA
SandFall-Win64-Shipping.exe,31024,0x13F96A7D0D0,DXGI,0,512,1,Hardware: Independent Flip,15241.8338,24.2558,24.0114,0.2444,17.2904,24.2840,24.2757,0.0083,41.7270,12.2424,-12.1050,15241.8338,0.1526,36.9504,NA
SandFall-Win64-Shipping.exe,31024,0x13F96A7D0D0,DXGI,0,512,1,Hardware: Independent Flip,15266.0896,0.3173,0.1513,0.1660,17.3186,0.2530,0.2513,0.0017,29.7136,12.2444,12.0134,15266.0896,12.1420,NA,NA
SandFall-Win64-Shipping.exe,31024,0x13F96A7D0D0,DXGI,0,512,1,Hardware: Independent Flip,15266.4069,24.8549,24.6024,0.2525,17.2543,24.3064,24.2986,0.0078,41.6407,12.2159,-11.9271,15266.4069,0.0800,35.4336,NA
SandFall-Win64-Shipping.exe,31024,0x13F96A7D0D0,DXGI,0,512,1,Hardware: Independent Flip,15291.2618,0.3116,0.1604,0.1512,16.7058,0.2509,0.2464,0.0045,29.0017,15.9479,12.6390,15291.2618,12.0450,NA,NA
SandFall-Win64-Shipping.exe,31024,0x13F96A7D0D0,DXGI,0,512,1,Hardware: Independent Flip,15291.5734,25.3205,24.6989,0.6216,16.6451,27.9094,24.8952,3.0142,44.6380,12.2310,-15.6363,15291.5734,0.0835,43.5943,NA
SandFall-Win64-Shipping.exe,31024,0x13F96A7D0D0,DXGI,0,512,1,Hardware: Independent Flip,15316.8939,0.4555,0.2317,0.2238,19.2340,0.2687,0.2663,0.0024,31.5485,12.2179,13.0895,15316.8939,12.0458,NA,NA
SandFall-Win64-Shipping.exe,31024,0x13F96A7D0D0,DXGI,0,512,1,Hardware: Independent Flip,15317.3494,22.7429,22.4982,0.2447,19.0472,24.2633,24.2537,0.0096,43.3109,13.8184,-11.7624,15317.3494,0.0004,44.3636,NA
SandFall-Win64-Shipping.exe,31024,0x13F96A7D0D0,DXGI,0,512,1,Hardware: Independent Flip,15340.0923,0.3012,0.1529,0.1483,20.5676,0.2525,0.2490,0.0035,34.3864,10.7751,8.9245,15340.0923,13.5663,NA,NA
SandFall-Win64-Shipping.exe,31024,0x13F96A7D0D0,DXGI,0,512,1,Hardware: Independent Flip,15340.3935,24.0775,23.8313,0.2462,20.5189,24.3407,24.3241,0.0166,44.8603,13.3116,-10.4739,15340.3935,0.0007,38.2109,NA
SandFall-Win64-Shipping.exe,31024,0x13F96A7D0D0,DXGI,0,512,1,Hardware: Independent Flip,15364.4710,0.2975,0.1500,0.1475,20.7821,0.2354,0.2337,0.0017,34.0944,11.8526,10.7659,15364.4710,13.0769,NA,NA
SandFall-Win64-Shipping.exe,31024,0x13F96A7D0D0,DXGI,0,512,1,Hardware: Independent Flip,15364.7685,25.6640,25.4175,0.2465,20.7200,24.6621,24.6540,0.0081,45.6495,12.0516,-11.5551,15364.7685,0.2674,52.7425,NA
SandFall-Win64-Shipping.exe,31024,0x13F96A7D0D0,DXGI,0,512,1,Hardware: Independent Flip,15390.4325,0.3355,0.1681,0.1674,19.7181,0.1890,0.1867,0.0023,32.0371,12.7877,13.6124,15390.4325,12.1300,NA,NA
SandFall-Win64-Shipping.exe,31024,0x13F96A7D0D0,DXGI,0,512,1,Hardware: Independent Flip,15390.7680,27.0761,26.8020,0.2741,19.5716,24.5393,24.5267,0.0126,44.4893,11.9168,-12.4522,15390.7680,0.3784,38.6400,NA
SandFall-Win64-Shipping.exe,31024,0x13F96A7D0D0,DXGI,0,512,1,Hardware: Independent Flip,15417.8441,0.3347,0.1659,0.1688,17.0348,0.2118,0.2118,0.0000,29.3300,12.3455,15.1593,15417.8441,12.0834,NA,NA
SandFall-Win64-Shipping.exe,31024,0x13F96A7D0D0,DXGI,0,512,1,Hardware: Independent Flip,15418.1788,22.1443,21.8493,0.2950,16.9119,24.4279,24.4180,0.0099,41.3408,12.2925,-12.0108,15418.1788,0.0010,41.8971,NA
SandFall-Win64-Shipping.exe,31024,0x13F96A7D0D0,DXGI,0,512,1,Hardware: Independent Flip,15440.3231,0.3923,0.2121,0.1802,19.1955,0.2264,0.2264,0.0000,31.4890,13.2742,9.8518,15440.3231,12.0671,NA,NA
SandFall-Win64-Shipping.exe,31024,0x13F96A7D0D0,DXGI,0,512,1,Hardware: Independent Flip,15440.7154,23.6482,23.4086,0.2396,19.0296,25.3404,25.3358,0.0046,44.3709,12.4417,-12.8819,15440.7154,0.0009,43.4663,NA
SandFall-Win64-Shipping.exe,31024,0x13F96A7D0D0,DXGI,0,512,1,Hardware: Independent Flip,15464.3636,0.3228,0.1676,0.1552,20.7218,0.2358,0.2336,0.0022,33.1644,12.0560,11.2065,15464.3636,12.2068,NA,NA
SandFall-Win64-Shipping.exe,31024,0x13F96A7D0D0,DXGI,0,512,1,Hardware: Independent Flip,15464.6864,23.2051,22.9522,0.2529,20.6348,24.2617,24.2531,0.0086,44.8976,13.0231,-11.7332,15464.6864,0.0011,46.9597,NA
SandFall-Win64-Shipping.exe,31024,0x13F96A7D0D0,DXGI,0,512,1,Hardware: Independent Flip,15487.8915,0.3084,0.1566,0.1518,21.6914,0.2265,0.2242,0.0023,34.7156,11.6943,10.1820,15487.8915,12.7977,NA,NA
SandFall-Win64-Shipping.exe,31024,0x13F96A7D0D0,DXGI,0,512,1,Hardware: Independent Flip,15488.1999,25.5084,25.2718,0.2366,21.6095,24.4913,24.4800,0.0113,46.1015,12.5748,-11.3859,15488.1999,0.0007,43.6486,NA
SandFall-Win64-Shipping.exe,31024,0x13F96A7D0D0,DXGI,0,512,1,Hardware: Independent Flip,15513.7083,0.3013,0.1548,0.1465,20.5924,0.2114,0.2114,0.0000,33.1679,12.5068,12.9336,15513.7083,12.3641,NA,NA
SandFall-Win64-Shipping.exe,31024,0x13F96A7D0D0,DXGI,0,512,1,Hardware: Independent Flip,15514.0096,24.7098,24.4723,0.2375,20.5025,24.5106,24.4957,0.0149,45.3734,12.0952,-12.2055,15514.0096,0.3603,39.7682,NA
SandFall-Win64-Shipping.exe,31024,0x13F96A7D0D0,DXGI,0,512,1,Hardware: Independent Flip,15538.7194,0.2975,0.1484,0.1491,20.3033,0.1979,0.1962,0.0017,32.7588,12.1073,12.6146,15538.7194,12.2576,NA,NA
SandFall-Win64-Shipping.exe,31024,0x13F96A7D0D0,DXGI,0,512,1,Hardware: Independent Flip,15539.0169,25.7033,25.4013,0.3020,20.2037,24.1973,24.1836,0.0137,44.5686,12.4595,-11.8098,15539.0169,0.1676,50.9658,NA
SandFall-Win64-Shipping.exe,31024,0x13F96A7D0D0,DXGI,0,512,1,Hardware: Independent Flip,15564.7202,0.3705,0.1774,0.1931,18.6977,0.2175,0.2159,0.0016,31.3248,12.2012,13.2438,15564.7202,12.4096,NA,NA
SandFall-Win64-Shipping.exe,31024,0x13F96A7D0D0,DXGI,0,512,1,Hardware: Independent Flip,15565.0907,24.2637,24.0167,0.2470,18.5447,24.2564,24.2462,0.0102,43.1555,12.2226,-11.8307,15565.0907,0.3544,40.5906,NA
SandFall-Win64-Shipping.exe,31024,0x13F96A7D0D0,DXGI,0,512,1,Hardware: Independent Flip,15589.3544,0.3117,0.1546,0.1571,18.5374,0.1943,0.1926,0.0017,31.1144,12.4941,12.0411,15589.3544,12.3827,NA,NA
SandFall-Win64-Shipping.exe,31024,0x13F96A7D0D0,DXGI,0,512,1,Hardware: Independent Flip,15589.6661,25.1565,24.9056,0.2509,18.4200,24.5035,24.4928,0.0107,43.2968,12.2413,-12.1824,15589.6661,0.3733,39.3444,NA
SandFall-Win64-Shipping.exe,31024,0x13F96A7D0D0,DXGI,0,512,1,Hardware: Independent Flip,15614.8226,0.3243,0.1686,0.1557,17.7670,0.1915,0.1897,0.0018,30.3816,12.5730,12.9152,15614.8226,12.4231,NA,NA
SandFall-Win64-Shipping.exe,31024,0x13F96A7D0D0,DXGI,0,512,1,Hardware: Independent Flip,15615.1469,25.3838,25.1313,0.2525,17.6342,24.7419,24.5986,0.1433,42.6303,12.3746,-12.2487,15615.1469,0.2542,38.1568,NA
SandFall-Win64-Shipping.exe,31024,0x13F96A7D0D0,DXGI,0,512,1,Hardware: Independent Flip,15640.5307,0.3307,0.1691,0.1616,16.9923,0.2020,0.2003,0.0017,29.6211,12.9769,13.0092,15640.5307,12.4268,NA,NA
SandFall-Win64-Shipping.exe,31024,0x13F96A7D0D0,DXGI,0,512,1,Hardware: Independent Flip,15640.8614,25.2119,24.9577,0.2542,16.8636,25.2418,25.2331,0.0087,42.2673,12.4179,-12.6462,15640.8614,0.1619,37.5042,NA
SandFall-Win64-Shipping.exe,31024,0x13F96A7D0D0,DXGI,0,512,1,Hardware: Independent Flip,15666.0733,0.3128,0.1543,0.1585,16.8935,0.2130,0.2100,0.0030,29.4733,11.9685,12.7940,15666.0733,12.3668,NA,NA
SandFall-Win64-Shipping.exe,31024,0x13F96A7D0D0,DXGI,0,512,1,Hardware: Independent Flip,15666.3861,23.5152,23.2686,0.2466,16.7937,24.3345,24.3244,0.0101,41.1290,12.6536,-11.6557,15666.3861,0.0008,42.8849,NA
SandFall-Win64-Shipping.exe,31024,0x13F96A7D0D0,DXGI,0,512,1,Hardware: Independent Flip,15689.9013,0.3183,0.1528,0.1655,17.6130,0.1927,0.1873,0.0054,30.2674,12.1331,10.8616,15689.9013,12.4617,NA,NA
SandFall-Win64-Shipping.exe,31024,0x13F96A7D0D0,DXGI,0,512,1,Hardware: Independent Flip,15690.2196,25.0448,24.7837,0.2611,17.4874,24.3791,24.3659,0.0132,42.0822,12.3528,-11.8148,15690.2196,0.2157,36.6829,NA
SandFall-Win64-Shipping.exe,31024,0x13F96A7D0D0,DXGI,0,512,1,Hardware: Independent Flip,15715.2644,0.3276,0.1705,0.1571,16.8217,0.2240,0.2204,0.0036,29.3902,12.8500,12.6920,15715.2644,12.3445,NA,NA
SandFall-Win64-Shipping.exe,31024,0x13F96A7D0D0,DXGI,0,512,1,Hardware: Independent Flip,15715.5920,24.6150,24.3640,0.2510,16.7181,24.8718,24.6072,0.2646,41.9126,12.2184,-12.5224,15715.5920,0.3227,35.8912,NA
SandFall-Win64-Shipping.exe,31024,0x13F96A7D0D0,DXGI,0,512,1,Hardware: Independent Flip,15740.2070,0.3059,0.1539,0.1520,16.9749,0.1716,0.1676,0.0040,29.5160,12.9025,12.3966,15740.2070,12.3695,NA,NA
SandFall-Win64-Shipping.exe,31024,0x13F96A7D0D0,DXGI,0,512,1,Hardware: Independent Flip,15740.5129,25.1856,24.9151,0.2705,16.8406,25.2693,24.9365,0.3328,42.1126,12.5969,-12.5966,15740.5129,0.0027,37.0134,NA
SandFall-Win64-Shipping.exe,31024,0x13F96A7D0D0,DXGI,0,512,1,Hardware: Independent Flip,15765.6985,0.3166,0.1571,0.1595,16.9243,0.1864,0.1838,0.0026,29.5239,12.2802,12.5887,15765.6985,12.4132,NA,NA
SandFall-Win64-Shipping.exe,31024,0x13F96A7D0D0,DXGI,0,512,1,Hardware: Independent Flip,15766.0151,24.2833,24.0308,0.2525,16.7941,24.6928,24.6829,0.0099,41.4875,12.6695,-11.9636,15766.0151,0.0006,36.8893,NA
SandFall-Win64-Shipping.exe,31024,0x13F96A7D0D0,DXGI,0,512,1,Hardware: Independent Flip,15790.2984,0.3347,0.1789,0.1558,17.2036,0.2092,0.2092,0.0000,29.8737,15.3518,11.6138,15790.2984,12.4609,NA,NA
SandFall-Win64-Shipping.exe,31024,0x13F96A7D0D0,DXGI,0,512,1,Hardware: Independent Flip,15790.6331,25.2136,24.9480,0.2656,17.0781,27.8009,27.7891,0.0118,44.8908,12.4374,-15.0171,15790.6331,0.0118,38.9112,NA
SandFall-Win64-Shipping.exe,31024,0x13F96A7D0D0,DXGI,0,512,1,Hardware: Independent Flip,15815.8467,0.3159,0.1638,0.1521,19.6654,0.2337,0.2296,0.0041,32.1146,15.8169,12.7762,15815.8467,12.2155,NA,NA
SandFall-Win64-Shipping.exe,31024,0x13F96A7D0D0,DXGI,0,512,1,Hardware: Independent Flip,15816.1626,26.3017,26.0582,0.2435,19.5832,28.0312,28.0176,0.0136,47.6156,13.8807,-15.5010,15816.1626,0.0012,52.1555,NA
SandFall-Win64-Shipping.exe,31024,0x13F96A7D0D0,DXGI,0,512,1,Hardware: Independent Flip,15842.4643,0.3295,0.1603,0.1692,21.3127,0.2433,0.2399,0.0034,35.1946,12.8471,12.4210,15842.4643,13.6386,NA,NA
SandFall-Win64-Shipping.exe,31024,0x13F96A7D0D0,DXGI,0,512,1,Hardware: Independent Flip,15842.7938,29.2504,28.9795,0.2709,21.2265,26.4849,26.4791,0.0058,47.7122,13.9631,-12.5176,15842.7938,0.0008,NA,NA
SandFall-Win64-Shipping.exe,31024,0x13F96A7D0D0,DXGI,0,512,1,Hardware: Independent Flip,15872.0442,0.3207,0.1589,0.1618,18.4610,0.2156,0.2129,0.0027,32.4249,10.8720,15.2873,15872.0442,13.7483,NA,NA
SandFall-Win64-Shipping.exe,31024,0x13F96A7D0D0,DXGI,0,512,1,Hardware: Independent Flip,15872.3649,17.5628,17.3404,0.2224,18.3559,24.6196,24.6131,0.0065,42.9762,13.9371,-10.5513,15872.3649,0.0007,45.5154,NA
SandFall-Win64-Shipping.exe,31024,0x13F96A7D0D0,DXGI,0,512,1,Hardware: Independent Flip,15889.9277,0.3044,0.1538,0.1506,25.4127,0.2430,0.2401,0.0029,39.3505,10.3033,3.6257,15889.9277,13.6948,NA,NA
SandFall-Win64-Shipping.exe,31024,0x13F96A7D0D0,DXGI,0,512,1,Hardware: Independent Flip,15890.2321,24.9899,24.7288,0.2611,25.3513,23.9970,23.9912,0.0058,49.3494,12.8796,-9.9989,15890.2321,0.0011,45.9608,NA
SandFall-Win64-Shipping.exe,31024,0x13F96A7D0D0,DXGI,0,512,1,Hardware: Independent Flip,15915.2220,0.5586,0.3975,0.1611,24.3584,0.1822,0.1778,0.0044,37.2391,12.9577,12.1103,15915.2220,12.6985,NA,NA
SandFall-Win64-Shipping.exe,31024,0x13F96A7D0D0,DXGI,0,512,1,Hardware: Independent Flip,15915.7806,28.8962,28.6236,0.2726,23.9820,24.7727,24.7660,0.0067,49.6382,11.5964,-12.3991,15915.7806,0.8835,64.8211,NA
SandFall-Win64-Shipping.exe,31024,0x13F96A7D0D0,DXGI,0,512,1,Hardware: Independent Flip,15944.6768,0.3614,0.1781,0.1833,19.8585,0.2168,0.2146,0.0022,32.3384,12.5709,17.2998,15944.6768,12.2631,NA,NA
SandFall-Win64-Shipping.exe,31024,0x13F96A7D0D0,DXGI,0,512,1,Hardware: Independent Flip,15945.0382,24.4962,24.2374,0.2588,19.7139,24.6203,24.6133,0.0070,44.5479,12.2284,-12.2095,15945.0382,0.2137,58.2364,NA
SandFall-Win64-Shipping.exe,31024,0x13F96A7D0D0,DXGI,0,512,1,Hardware: Independent Flip,15969.5344,0.3242,0.1578,0.1664,19.8380,0.2204,0.2187,0.0017,32.2801,12.2060,12.2678,15969.5344,12.2217,NA,NA
SandFall-Win64-Shipping.exe,31024,0x13F96A7D0D0,DXGI,0,512,1,Hardware: Independent Flip,15969.8586,24.1971,23.9008,0.2963,19.7342,24.3883,24.3812,0.0071,44.1619,12.4824,-11.8818,15969.8586,0.0394,51.9391,NA
SandFall-Win64-Shipping.exe,31024,0x13F96A7D0D0,DXGI,0,512,1,Hardware: Independent Flip,15994.0557,0.3534,0.1774,0.1760,19.9254,0.2225,0.2200,0.0025,32.4472,12.0191,11.7147,15994.0557,12.2993,NA,NA
SandFall-Win64-Shipping.exe,31024,0x13F96A7D0D0,DXGI,0,512,1,Hardware: Independent Flip,15994.4091,21.7620,21.5230,0.2390,19.7945,24.1436,24.1365,0.0071,44.1129,12.4024,-11.6657,15994.4091,0.1748,45.6798,NA
SandFall-Win64-Shipping.exe,31024,0x13F96A7D0D0,DXGI,0,512,1,Hardware: Independent Flip,16016.1711,0.2956,0.1503,0.1453,22.1761,0.2324,0.2306,0.0018,34.7533,12.0639,9.3596,16016.1711,12.3448,NA,NA
SandFall-Win64-Shipping.exe,31024,0x13F96A7D0D0,DXGI,0,512,1,Hardware: Independent Flip,16016.4667,23.9081,23.6681,0.2400,22.1129,24.0339,24.0246,0.0093,46.5216,12.3454,-11.7683,16016.4667,0.3748,NA,NA
SandFall-Win64-Shipping.exe,31024,0x13F96A7D0D0,DXGI,0,512,1,Hardware: Independent Flip,16040.3748,0.3148,0.1653,0.1495,22.2387,0.2007,0.1991,0.0016,34.9589,12.4075,11.5627,16040.3748,12.5195,NA,NA
SandFall-Win64-Shipping.exe,31024,0x13F96A7D0D0,DXGI,0,512,1,Hardware: Independent Flip,16040.6896,29.8897,29.4411,0.4486,22.1246,24.4059,24.3979,0.0080,47.0516,12.2431,-12.0927,16040.6896,0.5211,59.1058,NA
SandFall-Win64-Shipping.exe,31024,0x13F96A7D0D0,DXGI,0,512,1,Hardware: Independent Flip,16070.5793,0.3444,0.1835,0.1609,16.6408,0.2273,0.2273,0.0000,29.4050,12.1424,17.6466,16070.5793,12.5369,NA,NA
SandFall-Win64-Shipping.exe,31024,0x13F96A7D0D0,DXGI,0,512,1,Hardware: Independent Flip,16070.9237,20.1093,19.8767,0.2326,16.5237,24.2342,24.2203,0.0139,41.2030,12.3480,-11.7980,16070.9237,0.4451,41.5005,NA
SandFall-Win64-Shipping.exe,31024,0x13F96A7D0D0,DXGI,0,512,1,Hardware: Independent Flip,16091.0330,0.2995,0.1520,0.1475,20.6486,0.2016,0.1997,0.0019,33.4417,12.1993,7.7613,16091.0330,12.5915,NA,NA
SandFall-Win64-Shipping.exe,31024,0x13F96A7D0D0,DXGI,0,512,1,Hardware: Independent Flip,16091.3325,26.1745,25.8993,0.2752,20.5507,24.2343,24.2210,0.0133,45.3415,12.2111,-11.8998,16091.3325,0.5565,38.0537,NA
SandFall-Win64-Shipping.exe,31024,0x13F96A7D0D0,DXGI,0,512,1,Hardware: Independent Flip,16117.5070,0.3237,0.1635,0.1602,18.6105,0.1668,0.1609,0.0059,31.3781,12.6624,13.9634,16117.5070,12.6008,NA,NA
SandFall-Win64-Shipping.exe,31024,0x13F96A7D0D0,DXGI,0,512,1,Hardware: Independent Flip,16117.8307,25.2674,25.0160,0.2514,18.4536,24.6882,24.6779,0.0103,43.7168,12.1611,-12.3387,16117.8307,0.5750,36.9336,NA
SandFall-Win64-Shipping.exe,31024,0x13F96A7D0D0,DXGI,0,512,1,Hardware: Independent Flip,16143.0981,0.3035,0.1537,0.1498,17.8744,0.1988,0.1972,0.0016,30.6105,12.4534,13.1063,16143.0981,12.5373,NA,NA
SandFall-Win64-Shipping.exe,31024,0x13F96A7D0D0,DXGI,0,512,1,Hardware: Independent Flip,16143.4016,25.2540,25.0089,0.2451,17.7697,24.6624,24.6554,0.0070,42.7604,12.4068,-12.1499,16143.4016,0.3283,35.5456,NA
SandFall-Win64-Shipping.exe,31024,0x13F96A7D0D0,DXGI,0,512,1,Hardware: Independent Flip,16168.6556,0.3079,0.1540,0.1539,17.1781,0.1903,0.1880,0.0023,29.9132,15.4051,12.8472,16168.6556,12.5448,NA,NA
SandFall-Win64-Shipping.exe,31024,0x13F96A7D0D0,DXGI,0,512,1,Hardware: Independent Flip,16168.9635,27.9239,27.6694,0.2545,17.0605,27.6255,25.5914,2.0341,45.0104,12.3481,-15.0972,16168.9635,0.3244,39.3583,NA
SandFall-Win64-Shipping.exe,31024,0x13F96A7D0D0,DXGI,0,512,1,Hardware: Independent Flip,16196.8874,0.3085,0.1562,0.1523,16.7621,0.1952,0.1936,0.0016,29.4346,12.3044,15.5758,16196.8874,12.4773,NA,NA
SandFall-Win64-Shipping.exe,31024,0x13F96A7D0D0,DXGI,0,512,1,Hardware: Independent Flip,16197.1959,22.8324,22.5911,0.2413,16.6488,24.7806,24.7674,0.0132,41.4305,13.8205,-11.9959,16197.1959,0.0011,38.0161,NA
SandFall-Win64-Shipping.exe,31024,0x13F96A7D0D0,DXGI,0,512,1,Hardware: Independent Flip,16220.0283,0.3061,0.1578,0.1483,18.5970,0.2203,0.2203,0.0000,32.4186,12.4669,9.0119,16220.0283,13.6013,NA,NA
SandFall-Win64-Shipping.exe,31024,0x13F96A7D0D0,DXGI,0,512,1,Hardware: Independent Flip,16220.3344,26.1221,25.8735,0.2486,18.5112,26.0678,26.0590,0.0088,44.5794,13.0875,-12.1608,16220.3344,0.0004,39.2694,NA
SandFall-Win64-Shipping.exe,31024,0x13F96A7D0D0,DXGI,0,512,1,Hardware: Independent Flip,16246.4565,0.3044,0.1542,0.1502,18.4569,0.1906,0.1862,0.0044,31.5448,11.7972,13.0346,16246.4565,12.8973,NA,NA
SandFall-Win64-Shipping.exe,31024,0x13F96A7D0D0,DXGI,0,512,1,Hardware: Independent Flip,16246.7609,22.6676,22.4146,0.2530,18.3431,24.6935,24.6808,0.0127,43.0376,12.7614,-11.4928,16246.7609,0.0010,62.1786,NA
SandFall-Win64-Shipping.exe,31024,0x13F96A7D0D0,DXGI,0,512,1,Hardware: Independent Flip,16269.4285,0.4813,0.1583,0.3230,20.3690,0.2150,0.2150,0.0000,33.1314,12.9719,9.9062,16269.4285,12.5474,NA,NA
SandFall-Win64-Shipping.exe,31024,0x13F96A7D0D0,DXGI,0,512,1,Hardware: Independent Flip,16269.9098,25.2218,24.9237,0.2981,20.1027,25.2262,25.1931,0.0331,45.6220,12.3957,-12.4906,16269.9098,0.2931,NA,NA
SandFall-Win64-Shipping.exe,31024,0x13F96A7D0D0,DXGI,0,512,1,Hardware: Independent Flip,16295.1316,0.3375,0.1613,0.1762,20.1071,0.1957,0.1939,0.0018,32.7959,13.4440,12.8261,16295.1316,12.4931,NA,NA
SandFall-Win64-Shipping.exe,31024,0x13F96A7D0D0,DXGI,0,512,1,Hardware: Independent Flip,16295.4691,26.2319,25.9795,0.2524,19.9653,25.9216,25.9067,0.0149,45.9024,12.5463,-13.1065,16295.4691,0.0155,40.7181,NA
SandFall-Win64-Shipping.exe,31024,0x13F96A7D0D0,DXGI,0,512,1,Hardware: Independent Flip,16321.7010,0.3001,0.1501,0.1500,19.6550,0.1834,0.1792,0.0042,32.2168,13.1246,13.6856,16321.7010,12.3784,NA,NA
SandFall-Win64-Shipping.exe,31024,0x13F96A7D0D0,DXGI,0,512,1,Hardware: Independent Flip,16322.0011,24.5355,24.2653,0.2702,19.5383,25.5020,25.4878,0.0142,45.0413,13.2725,-12.8245,16322.0011,0.0010,42.4215,NA
SandFall-Win64-Shipping.exe,31024,0x13F96A7D0D0,DXGI,0,512,1,Hardware: Independent Flip,16346.5366,0.3909,0.1566,0.2343,20.5048,0.2146,0.2126,0.0020,33.7783,11.6673,11.2630,16346.5366,13.0589,NA,NA
SandFall-Win64-Shipping.exe,31024,0x13F96A7D0D0,DXGI,0,512,1,Hardware: Independent Flip,16346.9275,25.6234,25.3368,0.2866,20.3285,24.7251,24.7138,0.0113,45.0547,13.1244,-11.2764,16346.9275,0.0011,41.3123,NA
SandFall-Win64-Shipping.exe,31024,0x13F96A7D0D0,DXGI,0,512,1,Hardware: Independent Flip,16372.5509,0.3261,0.1647,0.1614,19.4302,0.2114,0.2089,0.0025,32.5557,11.4677,12.4990,16372.5509,12.9141,NA,NA
SandFall-Win64-Shipping.exe,31024,0x13F96A7D0D0,DXGI,0,512,1,Hardware: Independent Flip,16372.8770,25.1781,24.7883,0.3898,19.3155,24.0494,24.0381,0.0113,43.6973,12.4421,-11.1416,16372.8770,0.3324,42.9493,NA
SandFall-Win64-Shipping.exe,31024,0x13F96A7D0D0,DXGI,0,512,1,Hardware: Independent Flip,16398.0551,0.4194,0.2102,0.2092,18.1868,0.2042,0.2024,0.0018,30.9613,12.7131,12.7360,16398.0551,12.5703,NA,NA
SandFall-Win64-Shipping.exe,31024,0x13F96A7D0D0,DXGI,0,512,1,Hardware: Independent Flip,16398.4745,23.8306,23.5844,0.2462,17.9716,24.4590,24.4093,0.0497,43.2550,12.0759,-12.2937,16398.4745,0.8244,41.1141,NA
SandFall-Win64-Shipping.exe,31024,0x13F96A7D0D0,DXGI,0,512,1,Hardware: Independent Flip,16422.3051,0.2991,0.1486,0.1505,18.6000,0.1720,0.1660,0.0060,31.5003,13.4418,11.7547,16422.3051,12.7283,NA,NA
SandFall-Win64-Shipping.exe,31024,0x13F96A7D0D0,DXGI,0,512,1,Hardware: Independent Flip,16422.6042,27.6325,27.3605,0.2720,18.4729,25.6551,24.1204,1.5347,44.6430,12.4341,-13.1427,16422.6042,0.5150,42.6208,NA
SandFall-Win64-Shipping.exe,31024,0x13F96A7D0D0,DXGI,0,512,1,Hardware: Independent Flip,16450.2367,0.3044,0.1522,0.1522,16.4955,0.2011,0.2011,0.0000,29.4446,11.7333,15.1984,16450.2367,12.7480,NA,NA
SandFall-Win64-Shipping.exe,31024,0x13F96A7D0D0,DXGI,0,512,1,Hardware: Independent Flip,16450.5411,22.9789,22.7386,0.2403,16.3922,24.4624,24.4493,0.0131,40.8735,12.8807,-11.4289,16450.5411,0.0189,NA,NA
SandFall-Win64-Shipping.exe,31024,0x13F96A7D0D0,DXGI,0,512,1,Hardware: Independent Flip,16473.5200,0.3268,0.1633,0.1635,17.8757,0.2082,0.2014,0.0068,30.7753,12.7117,10.0982,16473.5200,12.6914,NA,NA
SandFall-Win64-Shipping.exe,31024,0x13F96A7D0D0,DXGI,0,512,1,Hardware: Independent Flip,16473.8468,25.8761,25.6094,0.2667,17.7571,24.8117,24.2768,0.5349,43.1602,12.1266,-12.3849,16473.8468,0.5914,NA,NA
SandFall-Win64-Shipping.exe,31024,0x13F96A7D0D0,DXGI,0,512,1,Hardware: Independent Flip,16499.7229,0.3078,0.1521,0.1557,16.6927,0.1850,0.1796,0.0054,29.4107,13.0570,13.7495,16499.7229,12.5330,NA,NA
SandFall-Win64-Shipping.exe,31024,0x13F96A7D0D0,DXGI,0,512,1,Hardware: Independent Flip,16500.0307,25.1238,24.8190,0.3048,16.5699,25.2805,24.3502,0.9303,42.1599,12.3499,-12.7492,16500.0307,0.3095,NA,NA
SandFall-Win64-Shipping.exe,31024,0x13F96A7D0D0,DXGI,0,512,1,Hardware: Independent Flip,16525.1545,0.3940,0.1991,0.1949,16.7266,0.1846,0.1784,0.0062,29.3860,11.6685,12.7739,16525.1545,12.4748,NA,NA
SandFall-Win64-Shipping.exe,31024,0x13F96A7D0D0,DXGI,0,512,1,Hardware: Independent Flip,16525.5485,24.4004,24.1593,0.2411,16.5172,24.1424,23.8094,0.3330,40.6605,12.4883,-11.2745,16525.5485,0.0009,NA,NA
SandFall-Win64-Shipping.exe,31024,0x13F96A7D0D0,DXGI,0,512,1,Hardware: Independent Flip,16549.9489,0.2967,0.1502,0.1465,16.2592,0.1317,0.1248,0.0069,28.7484,14.3438,11.9121,16549.9489,12.3575,NA,NA
SandFall-Win64-Shipping.exe,31024,0x13F96A7D0D0,DXGI,0,512,1,Hardware: Independent Flip,16550.2456,26.0700,25.7981,0.2719,16.0942,26.2967,24.4667,1.8300,42.7955,12.0196,-14.0471,16550.2456,0.4046,41.4122,NA
SandFall-Win64-Shipping.exe,31024,0x13F96A7D0D0,DXGI,0,512,1,Hardware: Independent Flip,16576.3156,0.3059,0.1551,0.1508,16.3209,0.1757,0.1757,0.0000,28.7451,11.3138,14.0504,16576.3156,12.2485,NA,NA
SandFall-Win64-Shipping.exe,31024,0x13F96A7D0D0,DXGI,0,512,1,Hardware: Independent Flip,16576.6215,22.5890,22.3395,0.2495,16.1907,23.5618,23.5548,0.0070,39.7530,13.1234,-11.0079,16576.6215,0.0005,53.7456,NA
SandFall-Win64-Shipping.exe,31024,0x13F96A7D0D0,DXGI,0,512,1,Hardware: Independent Flip,16599.2105,0.3173,0.1548,0.1625,17.1635,0.2552,0.2519,0.0033,30.2874,11.2698,9.4656,16599.2105,12.8687,NA,NA
SandFall-Win64-Shipping.exe,31024,0x13F96A7D0D0,DXGI,0,512,1,Hardware: Independent Flip,16599.5278,24.5894,24.1429,0.4465,17.1014,23.9879,23.9731,0.0148,41.2399,12.1603,-10.9525,16599.5278,0.1506,NA,NA
SandFall-Win64-Shipping.exe,31024,0x13F96A7D0D0,DXGI,0,512,1,Hardware: Independent Flip,16624.1172,0.3538,0.1853,0.1685,16.4999,0.2001,0.1983,0.0018,28.8108,13.4261,12.4291,16624.1172,12.1108,NA,NA
SandFall-Win64-Shipping.exe,31024,0x13F96A7D0D0,DXGI,0,512,1,Hardware: Independent Flip,16624.4710,24.9147,24.6606,0.2541,16.3462,24.9363,24.3747,0.5616,41.8831,11.5752,-13.0723,16624.4710,0.6006,43.0803,NA
SandFall-Win64-Shipping.exe,31024,0x13F96A7D0D0,DXGI,0,512,1,Hardware: Independent Flip,16649.3857,0.3154,0.1554,0.1600,16.3678,0.2161,0.2145,0.0016,28.5436,12.1135,13.3395,16649.3857,11.9597,NA,NA
SandFall-Win64-Shipping.exe,31024,0x13F96A7D0D0,DXGI,0,512,1,Hardware: Independent Flip,16649.7011,22.9168,22.6773,0.2395,16.2685,24.0718,24.0633,0.0085,40.3417,12.5102,-11.7981,16649.7011,0.0014,35.4247,NA
SandFall-Win64-Shipping.exe,31024,0x13F96A7D0D0,DXGI,0,512,1,Hardware: Independent Flip,16672.6179,0.3194,0.1544,0.1650,17.4235,0.1978,0.1978,0.0000,29.9351,11.9341,10.4066,16672.6179,12.3138,NA,NA
SandFall-Win64-Shipping.exe,31024,0x13F96A7D0D0,DXGI,0,512,1,Hardware: Independent Flip,16672.9373,24.9267,24.6692,0.2575,17.3019,24.2471,24.0648,0.1823,41.5498,12.1832,-11.6147,16672.9373,0.0008,40.8653,NA
SandFall-Win64-Shipping.exe,31024,0x13F96A7D0D0,DXGI,0,512,1,Hardware: Independent Flip,16697.8640,0.3104,0.1543,0.1561,16.6223,0.2188,0.2166,0.0022,28.8063,12.2062,12.7435,16697.8640,11.9652,NA,NA
SandFall-Win64-Shipping.exe,31024,0x13F96A7D0D0,DXGI,0,512,1,Hardware: Independent Flip,16698.1744,24.1975,23.9452,0.2523,16.5307,24.1706,24.1595,0.0111,40.7021,12.1060,-11.8958,16698.1744,0.0008,38.7485,NA
SandFall-Win64-Shipping.exe,31024,0x13F96A7D0D0,DXGI,0,512,1,Hardware: Independent Flip,16722.3719,0.3023,0.1538,0.1485,16.5038,0.2145,0.2119,0.0026,28.6106,11.8711,12.0915,16722.3719,11.8923,NA,NA
SandFall-Win64-Shipping.exe,31024,0x13F96A7D0D0,DXGI,0,512,1,Hardware: Independent Flip,16722.6742,23.5893,23.2984,0.2909,16.4160,23.7628,23.7498,0.0130,40.1794,12.2277,-11.5688,16722.6742,0.0006,39.2355,NA
SandFall-Win64-Shipping.exe,31024,0x13F96A7D0D0,DXGI,0,512,1,Hardware: Independent Flip,16746.2635,0.3773,0.1966,0.1807,16.5895,0.2187,0.2187,0.0000,28.8178,12.3085,11.3616,16746.2635,12.0096,NA,NA
SandFall-Win64-Shipping.exe,31024,0x13F96A7D0D0,DXGI,0,512,1,Hardware: Independent Flip,16746.6408,23.6383,23.3864,0.2519,16.4309,24.2526,24.2439,0.0087,40.7490,12.0352,-11.9312,16746.6408,0.0655,34.7664,NA
SandFall-Win64-Shipping.exe,31024,0x13F96A7D0D0,DXGI,0,512,1,Hardware: Independent Flip,16770.2791,0.3026,0.1509,0.1517,17.0452,0.2390,0.2367,0.0023,29.1459,12.1277,11.6031,16770.2791,11.8617,NA,NA
SandFall-Win64-Shipping.exe,31024,0x13F96A7D0D0,DXGI,0,512,1,Hardware: Independent Flip,16770.5817,23.9890,23.7473,0.2417,16.9816,23.9884,23.9800,0.0084,40.9710,12.1979,-11.8251,16770.5817,0.0010,35.9368,NA
SandFall-Win64-Shipping.exe,31024,0x13F96A7D0D0,DXGI,0,512,1,Hardware: Independent Flip,16794.5707,0.3162,0.1516,0.1646,16.9810,0.1874,0.1833,0.0041,29.1799,15.8154,11.7911,16794.5707,12.0115,NA,NA
SandFall-Win64-Shipping.exe,31024,0x13F96A7D0D0,DXGI,0,512,1,Hardware: Independent Flip,16794.8869,23.9778,23.7400,0.2378,16.8522,27.8259,27.8109,0.0150,44.6791,12.1822,-15.4992,16794.8869,0.0010,38.9520,NA
SandFall-Win64-Shipping.exe,31024,0x13F96A7D0D0,DXGI,0,512,1,Hardware: Independent Flip,16818.8647,0.3361,0.1688,0.1673,20.7003,0.1805,0.1760,0.0045,32.8835,15.5867,11.7956,16818.8647,12.0027,NA,NA
SandFall-Win64-Shipping.exe,31024,0x13F96A7D0D0,DXGI,0,512,1,Hardware: Independent Flip,16819.2008,24.0810,23.8470,0.2340,20.5447,27.5884,27.5780,0.0104,48.1341,13.6030,-15.2506,16819.2008,0.0010,43.7210,NA
SandFall-Win64-Shipping.exe,31024,0x13F96A7D0D0,DXGI,0,512,1,Hardware: Independent Flip,16843.2818,0.3041,0.1543,0.1498,24.0521,0.2218,0.2186,0.0032,37.6561,12.0348,10.4780,16843.2818,13.3822,NA,NA
SandFall-Win64-Shipping.exe,31024,0x13F96A7D0D0,DXGI,0,512,1,Hardware: Independent Flip,16843.5859,24.3692,24.1264,0.2428,23.9698,25.4162,25.4101,0.0061,49.3868,13.6492,-11.7307,16843.5859,0.0008,43.3590,NA
SandFall-Win64-Shipping.exe,31024,0x13F96A7D0D0,DXGI,0,512,1,Hardware: Independent Flip,16867.9551,0.3533,0.1503,0.2030,25.0168,0.2230,0.2230,0.0000,38.6668,11.7058,10.7200,16867.9551,13.4270,NA,NA
SandFall-Win64-Shipping.exe,31024,0x13F96A7D0D0,DXGI,0,512,1,Hardware: Independent Flip,16868.3084,23.6470,23.4112,0.2358,24.8865,25.1322,25.1266,0.0056,50.0193,13.6430,-11.3525,16868.3084,0.0006,44.7130,NA
SandFall-Win64-Shipping.exe,31024,0x13F96A7D0D0,DXGI,0,512,1,Hardware: Independent Flip,16891.9554,0.3220,0.1680,0.1540,26.3717,0.1678,0.1658,0.0020,40.0153,12.0840,10.0040,16891.9554,13.4758,NA,NA
SandFall-Win64-Shipping.exe,31024,0x13F96A7D0D0,DXGI,0,512,1,Hardware: Independent Flip,16892.2774,29.2211,28.9633,0.2578,26.2175,25.5591,25.5558,0.0033,51.7773,13.5316,-11.7620,16892.2774,0.0007,46.4392,NA
SandFall-Win64-Shipping.exe,31024,0x13F96A7D0D0,DXGI,0,512,1,Hardware: Independent Flip,16921.4985,0.3209,0.1618,0.1591,22.5555,0.2295,0.2295,0.0000,36.0878,12.0493,15.6895,16921.4985,13.3028,NA,NA
SandFall-Win64-Shipping.exe,31024,0x13F96A7D0D0,DXGI,0,512,1,Hardware: Independent Flip,16921.8194,23.7291,23.4493,0.2798,22.4641,25.3510,25.3471,0.0039,47.8162,12.8152,-11.7284,16921.8194,0.0011,47.0237,NA
SandFall-Win64-Shipping.exe,31024,0x13F96A7D0D0,DXGI,0,512,1,Hardware: Independent Flip,16945.5485,0.3319,0.1712,0.1607,24.0860,0.2230,0.2211,0.0019,36.9023,12.6394,10.9139,16945.5485,12.5933,NA,NA
SandFall-Win64-Shipping.exe,31024,0x13F96A7D0D0,DXGI,0,512,1,Hardware: Independent Flip,16945.8804,26.4644,26.2236,0.2408,23.9771,25.2322,25.2262,0.0060,49.2098,12.5430,-12.3075,16945.8804,0.0005,64.3063,NA
SandFall-Win64-Shipping.exe,31024,0x13F96A7D0D0,DXGI,0,512,1,Hardware: Independent Flip,16972.3448,0.3170,0.1618,0.1552,22.7449,0.2240,0.2208,0.0032,35.2884,12.7803,13.9214,16972.3448,12.3195,NA,NA
SandFall-Win64-Shipping.exe,31024,0x13F96A7D0D0,DXGI,0,512,1,Hardware: Independent Flip,16972.6618,23.5447,23.0368,0.5079,22.6519,25.0988,25.0906,0.0082,47.7517,12.8619,-12.4633,16972.6618,0.0010,46.7956,NA
SandFall-Win64-Shipping.exe,31024,0x13F96A7D0D0,DXGI,0,512,1,Hardware: Independent Flip,16996.2065,0.3337,0.1827,0.1510,24.2060,0.2785,0.2750,0.0035,37.0689,12.5845,10.6828,16996.2065,12.5844,NA,NA
SandFall-Win64-Shipping.exe,31024,0x13F96A7D0D0,DXGI,0,512,1,Hardware: Independent Flip,16996.5402,25.0478,24.7401,0.3077,24.1508,25.1680,25.1611,0.0069,49.3197,13.0850,-12.2508,16996.5402,0.0009,50.2105,NA
SandFall-Win64-Shipping.exe,31024,0x13F96A7D0D0,DXGI,0,512,1,Hardware: Independent Flip,17021.5880,1.0269,0.8642,0.1627,24.2710,0.2095,0.2070,0.0025,37.3569,12.1680,11.9628,17021.5880,12.8764,NA,NA
SandFall-Win64-Shipping.exe,31024,0x13F96A7D0D0,DXGI,0,512,1,Hardware: Independent Flip,17022.6149,25.0678,24.8211,0.2467,23.4536,24.9330,24.9266,0.0064,48.4980,12.9926,-11.1411,17022.6149,0.1114,47.4590,NA
SandFall-Win64-Shipping.exe,31024,0x13F96A7D0D0,DXGI,0,512,1,Hardware: Independent Flip,17047.6827,0.3122,0.1644,0.1478,23.3188,0.2280,0.2256,0.0024,36.4228,12.9574,12.0752,17047.6827,12.8760,NA,NA
SandFall-Win64-Shipping.exe,31024,0x13F96A7D0D0,DXGI,0,512,1,Hardware: Independent Flip,17047.9949,26.1014,25.8463,0.2551,23.2346,25.3034,25.2974,0.0060,49.0680,12.6066,-12.6452,17047.9949,0.5300,NA,NA
SandFall-Win64-Shipping.exe,31024,0x13F96A7D0D0,DXGI,0,512,1,Hardware: Independent Flip,17074.0963,0.3146,0.1614,0.1532,22.4366,0.1975,0.1957,0.0018,35.5732,12.2615,13.4948,17074.0963,12.9391,NA,NA
SandFall-Win64-Shipping.exe,31024,0x13F96A7D0D0,DXGI,0,512,1,Hardware: Independent Flip,17074.4109,25.9492,25.4827,0.4665,22.3195,24.8371,24.8287,0.0084,47.5201,12.7837,-11.9469,17074.4109,0.3635,68.1294,NA
SandFall-Win64-Shipping.exe,31024,0x13F96A7D0D0,DXGI,0,512,1,Hardware: Independent Flip,17100.3601,0.3259,0.1695,0.1564,21.2074,0.2194,0.2175,0.0019,34.3546,12.5929,13.1655,17100.3601,12.9278,NA,NA
SandFall-Win64-Shipping.exe,31024,0x13F96A7D0D0,DXGI,0,512,1,Hardware: Independent Flip,17100.6860,27.9254,27.6719,0.2535,21.1009,24.8907,24.8849,0.0058,46.6216,12.5507,-12.2670,17100.6860,0.6300,62.7236,NA
SandFall-Win64-Shipping.exe,31024,0x13F96A7D0D0,DXGI,0,512,1,Hardware: Independent Flip,17128.6114,0.3093,0.1563,0.1530,18.0662,0.1919,0.1892,0.0027,31.2469,12.1900,15.3747,17128.6114,12.9888,NA,NA
SandFall-Win64-Shipping.exe,31024,0x13F96A7D0D0,DXGI,0,512,1,Hardware: Independent Flip,17128.9207,19.7655,19.5208,0.2447,17.9488,24.5632,24.5529,0.0103,43.1276,12.5436,-11.8807,17128.9207,0.6156,41.3970,NA
SandFall-Win64-Shipping.exe,31024,0x13F96A7D0D0,DXGI,0,512,1,Hardware: Independent Flip,17148.6862,0.3011,0.1503,0.1508,22.7465,0.2041,0.2041,0.0000,35.9057,12.3748,7.2219,17148.6862,12.9551,NA,NA
SandFall-Win64-Shipping.exe,31024,0x13F96A7D0D0,DXGI,0,512,1,Hardware: Independent Flip,17148.9873,26.0678,25.6936,0.3742,22.6495,24.5313,24.5192,0.0121,47.9794,12.4173,-12.0737,17148.9873,0.7986,50.3375,NA
SandFall-Win64-Shipping.exe,31024,0x13F96A7D0D0,DXGI,0,512,1,Hardware: Independent Flip,17175.0551,0.3251,0.1613,0.1638,21.1130,0.2077,0.2060,0.0017,34.3289,12.2894,13.6505,17175.0551,13.0082,NA,NA
SandFall-Win64-Shipping.exe,31024,0x13F96A7D0D0,DXGI,0,512,1,Hardware: Independent Flip,17175.3802,25.6511,25.3989,0.2522,20.9956,24.4696,24.4595,0.0101,46.2932,12.3268,-11.9643,17175.3802,0.8280,40.0543,NA
SandFall-Win64-Shipping.exe,31024,0x13F96A7D0D0,DXGI,0,512,1,Hardware: Independent Flip,17201.0313,0.3077,0.1553,0.1524,19.8141,0.2013,0.1997,0.0016,32.9689,12.5061,13.3243,17201.0313,12.9535,NA,NA
SandFall-Win64-Shipping.exe,31024,0x13F96A7D0D0,DXGI,0,512,1,Hardware: Independent Flip,17201.3390,26.2776,26.0239,0.2537,19.7077,24.6046,24.5974,0.0072,45.1673,12.2636,-12.1984,17201.3390,0.8550,43.8882,NA
SandFall-Win64-Shipping.exe,31024,0x13F96A7D0D0,DXGI,0,512,1,Hardware: Independent Flip,17227.6166,0.3149,0.1524,0.1625,18.0347,0.1922,0.1903,0.0019,31.1533,12.9189,14.0140,17227.6166,12.9264,NA,NA
SandFall-Win64-Shipping.exe,31024,0x13F96A7D0D0,DXGI,0,512,1,Hardware: Independent Flip,17227.9315,25.7213,25.4696,0.2517,17.9120,25.0985,25.0159,0.0826,43.7573,12.2902,-12.6040,17227.9315,0.7468,46.0516,NA
SandFall-Win64-Shipping.exe,31024,0x13F96A7D0D0,DXGI,0,512,1,Hardware: Independent Flip,17253.6528,0.8771,0.1756,0.7015,17.2892,0.1780,0.1760,0.0020,30.3262,12.8271,13.4311,17253.6528,12.8590,NA,NA
SandFall-Win64-Shipping.exe,31024,0x13F96A7D0D0,DXGI,0,512,1,Hardware: Independent Flip,17254.5299,24.8202,24.5528,0.2674,16.5901,25.2468,24.8023,0.4445,42.2762,12.5485,-11.9500,17254.5299,0.4393,43.1279,NA
SandFall-Win64-Shipping.exe,31024,0x13F96A7D0D0,DXGI,0,512,1,Hardware: Independent Flip,17279.3501,0.3354,0.1783,0.1571,17.0167,0.2146,0.2088,0.0058,30.0045,13.7583,12.2717,17279.3501,12.7732,NA,NA
SandFall-Win64-Shipping.exe,31024,0x13F96A7D0D0,DXGI,0,512,1,Hardware: Independent Flip,17279.6855,25.5804,25.3213,0.2591,16.8959,26.2271,25.4425,0.7846,43.4274,12.5849,-13.4229,17279.6855,0.3044,36.4952,NA
SandFall-Win64-Shipping.exe,31024,0x13F96A7D0D0,DXGI,0,512,1,Hardware: Independent Flip,17305.2659,0.3825,0.1968,0.1857,17.5426,0.2113,0.2065,0.0048,30.4319,13.0079,12.9955,17305.2659,12.6780,NA,NA
SandFall-Win64-Shipping.exe,31024,0x13F96A7D0D0,DXGI,0,512,1,Hardware: Independent Flip,17305.6484,25.3465,24.9837,0.3628,17.3714,25.6850,25.3557,0.3293,43.0573,13.0789,-12.6254,17305.6484,0.0009,35.0911,NA
SandFall-Win64-Shipping.exe,31024,0x13F96A7D0D0,DXGI,0,512,1,Hardware: Independent Flip,17330.9949,0.3479,0.1876,0.1603,17.7099,0.1686,0.1621,0.0065,30.7897,12.0514,12.2676,17330.9949,12.9112,NA,NA
SandFall-Win64-Shipping.exe,31024,0x13F96A7D0D0,DXGI,0,512,1,Hardware: Independent Flip,17331.3428,25.4254,25.1667,0.2587,17.5306,24.9622,24.5828,0.3794,42.4932,13.0402,-11.7035,17331.3428,0.0004,37.2173,NA
SandFall-Win64-Shipping.exe,31024,0x13F96A7D0D0,DXGI,0,512,1,Hardware: Independent Flip,17356.7682,0.3017,0.1537,0.1480,17.0674,0.1630,0.1561,0.0069,30.1080,11.7586,12.3852,17356.7682,12.8776,NA,NA
SandFall-Win64-Shipping.exe,31024,0x13F96A7D0D0,DXGI,0,512,1,Hardware: Independent Flip,17357.0699,25.0092,24.7695,0.2397,16.9287,24.4167,24.4085,0.0082,41.5649,12.4853,-11.4569,17357.0699,0.2195,35.0202,NA
SandFall-Win64-Shipping.exe,31024,0x13F96A7D0D0,DXGI,0,512,1,Hardware: Independent Flip,17382.0791,0.3072,0.1502,0.1570,16.3362,0.2357,0.2333,0.0024,29.0410,14.0558,12.5239,17382.0791,12.4691,NA,NA
SandFall-Win64-Shipping.exe,31024,0x13F96A7D0D0,DXGI,0,512,1,Hardware: Independent Flip,17382.3863,25.5221,24.9594,0.5627,16.2647,25.9517,24.8187,1.1330,42.7896,12.1167,-13.7486,17382.3863,0.5732,37.5609,NA
SandFall-Win64-Shipping.exe,31024,0x13F96A7D0D0,DXGI,0,512,1,Hardware: Independent Flip,17407.9084,0.3565,0.1835,0.1730,16.6943,0.1635,0.1581,0.0054,29.3842,12.2347,13.4054,17407.9084,12.5264,NA,NA
SandFall-Win64-Shipping.exe,31024,0x13F96A7D0D0,DXGI,0,512,1,Hardware: Independent Flip,17408.2649,24.7378,24.4805,0.2573,16.5013,24.7597,24.5170,0.2427,41.2624,13.0079,-11.8782,17408.2649,0.0014,34.9180,NA
SandFall-Win64-Shipping.exe,31024,0x13F96A7D0D0,DXGI,0,512,1,Hardware: Independent Flip,17433.0027,0.2995,0.1500,0.1495,16.5232,0.2058,0.2034,0.0024,29.5325,12.6053,11.7299,17433.0027,12.8035,NA,NA
SandFall-Win64-Shipping.exe,31024,0x13F96A7D0D0,DXGI,0,512,1,Hardware: Independent Flip,17433.3022,24.4229,24.1795,0.2434,16.4295,25.4078,25.0215,0.3863,41.8383,12.5581,-12.3058,17433.3022,0.0010,34.5217,NA
SandFall-Win64-Shipping.exe,31024,0x13F96A7D0D0,DXGI,0,512,1,Hardware: Independent Flip,17457.7251,0.3575,0.1771,0.1804,17.4144,0.1959,0.1940,0.0019,29.9735,13.4515,11.8648,17457.7251,12.3632,NA,NA
SandFall-Win64-Shipping.exe,31024,0x13F96A7D0D0,DXGI,0,512,1,Hardware: Independent Flip,17458.0826,25.1748,24.9379,0.2369,17.2528,25.8127,25.2936,0.5191,43.0675,12.5117,-13.0940,17458.0826,0.0020,35.5326,NA
SandFall-Win64-Shipping.exe,31024,0x13F96A7D0D0,DXGI,0,512,1,Hardware: Independent Flip,17483.2574,0.3480,0.1706,0.1774,17.8907,0.2092,0.2068,0.0024,30.4044,12.6916,12.6631,17483.2574,12.3045,NA,NA
SandFall-Win64-Shipping.exe,31024,0x13F96A7D0D0,DXGI,0,512,1,Hardware: Independent Flip,17483.6054,23.8230,23.5687,0.2543,17.7519,24.9954,24.9841,0.0113,42.7480,13.0212,-12.3436,17483.6054,0.0007,35.7375,NA
SandFall-Win64-Shipping.exe,31024,0x13F96A7D0D0,DXGI,0,512,1,Hardware: Independent Flip,17507.4284,0.3074,0.1540,0.1534,18.9243,0.2442,0.2412,0.0030,31.9462,12.3483,10.8018,17507.4284,12.7777,NA,NA
SandFall-Win64-Shipping.exe,31024,0x13F96A7D0D0,DXGI,0,512,1,Hardware: Independent Flip,17507.7358,26.3721,26.1125,0.2596,18.8611,25.1256,25.0833,0.0423,43.9871,12.8018,-12.0409,17507.7358,0.0004,36.6431,NA
SandFall-Win64-Shipping.exe,31024,0x13F96A7D0D0,DXGI,0,512,1,Hardware: Independent Flip,17534.1079,0.3331,0.1759,0.1572,17.6146,0.2375,0.2350,0.0025,30.4168,12.5338,13.5703,17534.1079,12.5647,NA,NA
SandFall-Win64-Shipping.exe,31024,0x13F96A7D0D0,DXGI,0,512,1,Hardware: Independent Flip,17534.4410,22.9696,22.6951,0.2745,17.5190,25.0972,25.0812,0.0160,42.6175,12.6147,-12.2007,17534.4410,0.0013,48.4383,NA
SandFall-Win64-Shipping.exe,31024,0x13F96A7D0D0,DXGI,0,512,1,Hardware: Independent Flip,17557.4106,0.3056,0.1550,0.1506,19.6466,0.1734,0.1661,0.0073,32.2626,12.2505,10.3549,17557.4106,12.4426,NA,NA
SandFall-Win64-Shipping.exe,31024,0x13F96A7D0D0,DXGI,0,512,1,Hardware: Independent Flip,17557.7162,25.3083,25.0645,0.2438,19.5144,24.6923,24.6774,0.0149,44.2075,12.6610,-11.9449,17557.7162,0.0008,39.3006,NA
SandFall-Win64-Shipping.exe,31024,0x13F96A7D0D0,DXGI,0,512,1,Hardware: Independent Flip,17583.0245,0.2999,0.1516,0.1483,18.8984,0.2022,0.1993,0.0029,31.5602,11.9375,12.6473,17583.0245,12.4596,NA,NA
SandFall-Win64-Shipping.exe,31024,0x13F96A7D0D0,DXGI,0,512,1,Hardware: Independent Flip,17583.3244,26.4563,26.2092,0.2471,18.8007,24.3872,24.3759,0.0113,43.1978,12.4671,-11.6376,17583.3244,0.0099,55.8861,NA
SandFall-Win64-Shipping.exe,31024,0x13F96A7D0D0,DXGI,0,512,1,Hardware: Independent Flip,17609.7807,0.3070,0.1561,0.1509,16.7316,0.2160,0.2160,0.0000,29.2086,12.5731,13.9892,17609.7807,12.2610,NA,NA
SandFall-Win64-Shipping.exe,31024,0x13F96A7D0D0,DXGI,0,512,1,Hardware: Independent Flip,17610.0877,21.2319,20.9839,0.2480,16.6406,24.5674,24.5541,0.0133,41.4747,12.2587,-12.2661,17610.0877,0.2667,51.9008,NA
SandFall-Win64-Shipping.exe,31024,0x13F96A7D0D0,DXGI,0,512,1,Hardware: Independent Flip,17631.3196,0.3358,0.1705,0.1653,19.9761,0.2066,0.2066,0.0000,32.5015,11.9581,8.9732,17631.3196,12.3188,NA,NA
SandFall-Win64-Shipping.exe,31024,0x13F96A7D0D0,DXGI,0,512,1,Hardware: Independent Flip,17631.6554,25.1667,24.9237,0.2430,19.8469,24.1556,24.1439,0.0117,44.1238,12.4184,-11.6223,17631.6554,0.1213,53.0795,NA
SandFall-Win64-Shipping.exe,31024,0x13F96A7D0D0,DXGI,0,512,1,Hardware: Independent Flip,17656.8221,0.3049,0.1531,0.1518,18.8358,0.2459,0.2459,0.0000,31.3755,12.2414,12.7483,17656.8221,12.2938,NA,NA
SandFall-Win64-Shipping.exe,31024,0x13F96A7D0D0,DXGI,0,512,1,Hardware: Independent Flip,17657.1270,24.7418,24.4931,0.2487,18.7768,24.1768,24.1641,0.0127,43.3120,12.1428,-11.9365,17657.1270,0.3584,46.9941,NA
SandFall-Win64-Shipping.exe,31024,0x13F96A7D0D0,DXGI,0,512,1,Hardware: Independent Flip,17681.8688,0.3018,0.1527,0.1491,18.2118,0.2061,0.2044,0.0017,30.7130,12.2327,12.5990,17681.8688,12.2951,NA,NA
SandFall-Win64-Shipping.exe,31024,0x13F96A7D0D0,DXGI,0,512,1,Hardware: Independent Flip,17682.1706,24.2172,23.9583,0.2589,18.1161,24.2146,24.2066,0.0080,42.6439,12.1543,-11.9309,17682.1706,0.3132,40.6079,NA
SandFall-Win64-Shipping.exe,31024,0x13F96A7D0D0,DXGI,0,512,1,Hardware: Independent Flip,17706.3878,0.3345,0.1708,0.1637,18.1135,0.1902,0.1871,0.0031,30.5810,16.4496,12.0629,17706.3878,12.2773,NA,NA
SandFall-Win64-Shipping.exe,31024,0x13F96A7D0D0,DXGI,0,512,1,Hardware: Independent Flip,17706.7223,29.8600,29.6172,0.2428,17.9692,28.4482,25.2357,3.2125,46.6961,12.1910,-16.1151,17706.7223,0.2787,NA,NA
SandFall-Win64-Shipping.exe,31024,0x13F96A7D0D0,DXGI,0,512,1,Hardware: Independent Flip,17736.5823,0.2977,0.1525,0.1452,16.5574,0.2060,0.2041,0.0019,29.0271,11.7756,17.6690,17736.5823,12.2637,NA,NA
SandFall-Win64-Shipping.exe,31024,0x13F96A7D0D0,DXGI,0,512,1,Hardware: Independent Flip,17736.8800,19.8543,19.6007,0.2536,16.4657,24.0384,24.0301,0.0083,40.5050,13.9088,-11.4779,17736.8800,0.0009,44.7619,NA
SandFall-Win64-Shipping.exe,31024,0x13F96A7D0D0,DXGI,0,512,1,Hardware: Independent Flip,17756.7343,0.2999,0.1518,0.1481,20.6498,0.2217,0.2189,0.0028,34.5595,10.0727,5.9455,17756.7343,13.6880,NA,NA
SandFall-Win64-Shipping.exe,31024,0x13F96A7D0D0,DXGI,0,512,1,Hardware: Independent Flip,17757.0342,24.6218,24.3791,0.2427,20.5716,23.7598,23.7481,0.0117,44.3323,13.1657,-9.7728,17757.0342,0.0009,NA,NA
SandFall-Win64-Shipping.exe,31024,0x13F96A7D0D0,DXGI,0,512,1,Hardware: Independent Flip,17781.6560,0.3098,0.1555,0.1543,19.7096,0.2638,0.2608,0.0030,32.8762,12.1468,11.4561,17781.6560,12.9028,NA,NA
SandFall-Win64-Shipping.exe,31024,0x13F96A7D0D0,DXGI,0,512,1,Hardware: Independent Flip,17781.9658,23.2787,23.0039,0.2748,19.6636,24.3140,24.3015,0.0125,44.7132,11.6069,-11.8370,17781.9658,0.7356,NA,NA
SandFall-Win64-Shipping.exe,31024,0x13F96A7D0D0,DXGI,0,512,1,Hardware: Independent Flip,17805.2445,0.3323,0.1591,0.1732,20.6989,0.2170,0.2153,0.0017,33.0414,15.2963,11.6718,17805.2445,12.1255,NA,NA
SandFall-Win64-Shipping.exe,31024,0x13F96A7D0D0,DXGI,0,512,1,Hardware: Independent Flip,17805.5768,25.3524,25.0901,0.2623,20.5836,26.9492,26.9347,0.0145,48.0054,11.9855,-14.9640,17805.5768,0.4726,NA,NA
SandFall-Win64-Shipping.exe,31024,0x13F96A7D0D0,DXGI,0,512,1,Hardware: Independent Flip,17830.9292,0.3290,0.1708,0.1582,22.1804,0.1703,0.1644,0.0059,34.6385,14.9370,13.3669,17830.9292,12.2878,NA,NA
SandFall-Win64-Shipping.exe,31024,0x13F96A7D0D0,DXGI,0,512,1,Hardware: Independent Flip,17831.2582,25.2273,24.9796,0.2477,22.0217,27.2244,27.2179,0.0065,49.2465,13.4547,-14.6080,17831.2582,0.0004,NA,NA
SandFall-Win64-Shipping.exe,31024,0x13F96A7D0D0,DXGI,0,512,1,Hardware: Independent Flip,17856.4855,0.3173,0.1612,0.1561,24.0188,0.2347,0.2347,0.0000,37.4739,11.7338,11.7726,17856.4855,13.2204,NA,NA
SandFall-Win64-Shipping.exe,31024,0x13F96A7D0D0,DXGI,0,512,1,Hardware: Independent Flip,17856.8028,23.1479,22.9233,0.2246,23.9362,24.9534,24.9476,0.0058,48.8904,13.7587,-11.4165,17856.8028,0.0008,NA,NA
SandFall-Win64-Shipping.exe,31024,0x13F96A7D0D0,DXGI,0,512,1,Hardware: Independent Flip,17879.9507,0.3302,0.1802,0.1500,25.7417,0.2232,0.2207,0.0025,39.5012,9.9092,9.3892,17879.9507,13.5363,NA,NA
SandFall-Win64-Shipping.exe,31024,0x13F96A7D0D0,DXGI,0,512,1,Hardware: Independent Flip,17880.2809,24.2868,24.0366,0.2502,25.6347,23.4453,23.4380,0.0073,49.0802,13.2848,-9.5790,17880.2809,0.0002,NA,NA
SandFall-Win64-Shipping.exe,31024,0x13F96A7D0D0,DXGI,0,512,1,Hardware: Independent Flip,17904.5677,0.3028,0.1524,0.1504,24.7932,0.2232,0.2203,0.0029,38.0782,12.0771,11.0020,17904.5677,13.0618,NA,NA
SandFall-Win64-Shipping.exe,31024,0x13F96A7D0D0,DXGI,0,512,1,Hardware: Independent Flip,17904.8705,25.3375,25.0798,0.2577,24.7136,24.4054,24.3996,0.0058,49.8525,11.6485,-11.7743,17904.8705,0.7335,NA,NA
SandFall-Win64-Shipping.exe,31024,0x13F96A7D0D0,DXGI,0,512,1,Hardware: Independent Flip,17930.2080,0.3409,0.1814,0.1595,23.7815,0.2148,0.2125,0.0023,36.1635,13.2157,13.6890,17930.2080,12.1672,NA,NA
SandFall-Win64-Shipping.exe,31024,0x13F96A7D0D0,DXGI,0,512,1,Hardware: Independent Flip,17930.5489,27.8854,27.6406,0.2448,23.6554,24.8545,24.8474,0.0071,49.0383,11.8570,-12.8748,17930.5489,0.5284,56.9611,NA
SandFall-Win64-Shipping.exe,31024,0x13F96A7D0D0,DXGI,0,512,1,Hardware: Independent Flip,17958.4343,0.3141,0.1631,0.1510,20.6245,0.2113,0.2096,0.0017,33.0099,12.6047,16.0284,17958.4343,12.1741,NA,NA
SandFall-Win64-Shipping.exe,31024,0x13F96A7D0D0,DXGI,0,512,1,Hardware: Independent Flip,17958.7484,24.7468,24.4914,0.2554,20.5217,24.7782,24.7720,0.0062,45.3005,12.5014,-12.2906,17958.7484,0.0006,59.3843,NA
SandFall-Win64-Shipping.exe,31024,0x13F96A7D0D0,DXGI,0,512,1,Hardware: Independent Flip,17983.4952,0.3137,0.1606,0.1531,20.5531,0.2302,0.2302,0.0000,33.0551,11.4265,12.2454,17983.4952,12.2718,NA,NA
SandFall-Win64-Shipping.exe,31024,0x13F96A7D0D0,DXGI,0,512,1,Hardware: Independent Flip,17983.8089,20.2868,19.9430,0.3438,20.4696,23.6978,23.6949,0.0029,44.1679,12.6106,-11.1128,17983.8089,0.0005,50.3528,NA
SandFall-Win64-Shipping.exe,31024,0x13F96A7D0D0,DXGI,0,512,1,Hardware: Independent Flip,18004.0957,0.4470,0.2852,0.1618,23.8806,0.2264,0.2235,0.0029,36.4917,11.9142,7.6762,18004.0957,12.3847,NA,NA
SandFall-Win64-Shipping.exe,31024,0x13F96A7D0D0,DXGI,0,512,1,Hardware: Independent Flip,18004.5427,24.4840,24.2265,0.2575,23.6600,23.9426,23.9318,0.0108,47.9589,12.2243,-11.4672,18004.5427,0.3563,47.8817,NA
SandFall-Win64-Shipping.exe,31024,0x13F96A7D0D0,DXGI,0,512,1,Hardware: Independent Flip,18029.0267,0.3308,0.1788,0.1520,23.1186,0.3293,0.3269,0.0024,35.6992,12.7534,12.2597,18029.0267,12.2513,NA,NA
SandFall-Win64-Shipping.exe,31024,0x13F96A7D0D0,DXGI,0,512,1,Hardware: Independent Flip,18029.3575,30.0795,29.8206,0.2589,23.1171,24.4877,24.4813,0.0064,48.1218,12.2231,-12.4226,18029.3575,0.5170,40.8652,NA
SandFall-Win64-Shipping.exe,31024,0x13F96A7D0D0,DXGI,0,512,1,Hardware: Independent Flip,18059.4370,0.3454,0.1840,0.1614,17.5253,0.2037,0.2020,0.0017,30.2654,12.1452,17.8564,18059.4370,12.5364,NA,NA
SandFall-Win64-Shipping.exe,31024,0x13F96A7D0D0,DXGI,0,512,1,Hardware: Independent Flip,18059.7824,28.5550,28.3145,0.2405,17.3836,24.4197,24.4106,0.0091,42.0652,12.5737,-11.7998,18059.7824,0.2619,38.2322,NA
SandFall-Win64-Shipping.exe,31024,0x13F96A7D0D0,DXGI,0,512,1,Hardware: Independent Flip,18088.3374,0.3145,0.1565,0.1580,13.2483,0.2209,0.2191,0.0018,26.0839,12.0649,15.9813,18088.3374,12.6147,NA,NA
SandFall-Win64-Shipping.exe,31024,0x13F96A7D0D0,DXGI,0,512,1,Hardware: Independent Flip,18088.6519,17.7296,17.4782,0.2514,13.1547,24.1931,24.1834,0.0097,37.8343,12.2395,-11.7504,18088.6519,0.4865,37.8691,NA
SandFall-Win64-Shipping.exe,31024,0x13F96A7D0D0,DXGI,0,512,1,Hardware: Independent Flip,18106.3815,0.3389,0.1774,0.1615,19.6182,0.2048,0.2032,0.0016,32.3442,13.0240,5.4901,18106.3815,12.5212,NA,NA
SandFall-Win64-Shipping.exe,31024,0x13F96A7D0D0,DXGI,0,512,1,Hardware: Independent Flip,18106.7204,25.3059,25.0617,0.2442,19.4841,24.9631,24.9460,0.0171,45.0293,12.1169,-12.6851,18106.7204,0.5821,38.1342,NA
SandFall-Win64-Shipping.exe,31024,0x13F96A7D0D0,DXGI,0,512,1,Hardware: Independent Flip,18132.0263,0.3137,0.1525,0.1612,19.1413,0.2198,0.2198,0.0000,31.8403,12.4253,13.1890,18132.0263,12.4792,NA,NA
SandFall-Win64-Shipping.exe,31024,0x13F96A7D0D0,DXGI,0,512,1,Hardware: Independent Flip,18132.3400,24.5255,24.2778,0.2477,19.0474,24.7705,24.7585,0.0120,43.9519,12.6145,-12.1116,18132.3400,0.1340,36.6769,NA
SandFall-Win64-Shipping.exe,31024,0x13F96A7D0D0,DXGI,0,512,1,Hardware: Independent Flip,18156.8655,0.2943,0.1474,0.1469,19.2924,0.2004,0.1957,0.0047,32.0409,12.4718,11.9110,18156.8655,12.5481,NA,NA
SandFall-Win64-Shipping.exe,31024,0x13F96A7D0D0,DXGI,0,512,1,Hardware: Independent Flip,18157.1598,25.5917,25.3226,0.2691,19.1985,24.7841,24.7736,0.0105,44.2184,12.5156,-12.1775,18157.1598,0.2358,36.7582,NA
SandFall-Win64-Shipping.exe,31024,0x13F96A7D0D0,DXGI,0,512,1,Hardware: Independent Flip,18182.7515,0.3125,0.1582,0.1543,18.3909,0.2028,0.2012,0.0016,31.1423,12.9504,13.0761,18182.7515,12.5486,NA,NA
SandFall-Win64-Shipping.exe,31024,0x13F96A7D0D0,DXGI,0,512,1,Hardware: Independent Flip,18183.0640,25.5022,25.2493,0.2529,18.2812,25.2335,25.2207,0.0128,43.7802,12.4166,-12.6379,18183.0640,0.2655,38.2260,NA
SandFall-Win64-Shipping.exe,31024,0x13F96A7D0D0,DXGI,0,512,1,Hardware: Independent Flip,18208.5662,0.3439,0.1583,0.1856,18.0125,0.2053,0.2037,0.0016,30.6946,12.7166,13.0856,18208.5662,12.4768,NA,NA
SandFall-Win64-Shipping.exe,31024,0x13F96A7D0D0,DXGI,0,512,1,Hardware: Independent Flip,18208.9101,24.0932,23.8549,0.2383,17.8739,25.1893,25.1813,0.0080,43.0673,12.7164,-12.3727,18208.9101,0.0041,36.3646,NA
SandFall-Win64-Shipping.exe,31024,0x13F96A7D0D0,DXGI,0,512,1,Hardware: Independent Flip,18233.0033,0.3002,0.1519,0.1483,18.9700,0.2167,0.2137,0.0030,31.6905,13.7460,11.3768,18233.0033,12.5038,NA,NA
SandFall-Win64-Shipping.exe,31024,0x13F96A7D0D0,DXGI,0,512,1,Hardware: Independent Flip,18233.3035,25.8867,25.6235,0.2632,18.8865,26.2495,26.2382,0.0113,45.1363,12.7227,-13.4458,18233.3035,0.0003,38.8248,NA
SandFall-Win64-Shipping.exe,31024,0x13F96A7D0D0,DXGI,0,512,1,Hardware: Independent Flip,18259.1902,0.3117,0.1553,0.1564,19.2493,0.2081,0.2057,0.0024,31.9723,12.4317,13.1640,18259.1902,12.5149,NA,NA
SandFall-Win64-Shipping.exe,31024,0x13F96A7D0D0,DXGI,0,512,1,Hardware: Independent Flip,18259.5019,25.0830,24.8066,0.2764,19.1457,24.9460,24.9318,0.0142,44.0923,13.2437,-12.1200,18259.5019,0.0006,38.9763,NA
SandFall-Win64-Shipping.exe,31024,0x13F96A7D0D0,DXGI,0,512,1,Hardware: Independent Flip,18284.5849,0.3725,0.1713,0.2012,19.0087,0.2092,0.2069,0.0023,32.2530,11.6149,11.8393,18284.5849,13.0351,NA,NA
SandFall-Win64-Shipping.exe,31024,0x13F96A7D0D0,DXGI,0,512,1,Hardware: Independent Flip,18284.9574,24.2739,23.9977,0.2762,18.8454,24.6489,24.6387,0.0102,43.4954,12.8935,-11.2424,18284.9574,0.0011,37.8338,NA
SandFall-Win64-Shipping.exe,31024,0x13F96A7D0D0,DXGI,0,512,1,Hardware: Independent Flip,18309.2313,0.3074,0.1575,0.1499,19.2204,0.1452,0.1437,0.0015,32.1150,12.7011,11.3804,18309.2313,12.7494,NA,NA
SandFall-Win64-Shipping.exe,31024,0x13F96A7D0D0,DXGI,0,512,1,Hardware: Independent Flip,18309.5387,27.5826,27.1461,0.4365,19.0582,24.9606,24.9528,0.0078,44.5087,12.2691,-12.3937,18309.5387,0.4899,37.3855,NA
SandFall-Win64-Shipping.exe,31024,0x13F96A7D0D0,DXGI,0,512,1,Hardware: Independent Flip,18337.1213,0.3516,0.1838,0.1678,16.4362,0.1560,0.1496,0.0064,29.1952,13.4519,15.3135,18337.1213,12.6030,NA,NA
SandFall-Win64-Shipping.exe,31024,0x13F96A7D0D0,DXGI,0,512,1,Hardware: Independent Flip,18337.4729,24.8067,24.5601,0.2466,16.2406,25.7636,25.3096,0.4540,42.2955,12.6771,-13.1003,18337.4729,0.2913,40.1470,NA
SandFall-Win64-Shipping.exe,31024,0x13F96A7D0D0,DXGI,0,512,1,Hardware: Independent Flip,18362.2796,0.3127,0.1557,0.1570,17.1975,0.1649,0.1633,0.0016,30.1659,12.9404,12.1296,18362.2796,12.8035,NA,NA
SandFall-Win64-Shipping.exe,31024,0x13F96A7D0D0,DXGI,0,512,1,Hardware: Independent Flip,18362.5923,25.5067,25.2486,0.2581,17.0497,25.7423,25.3221,0.4202,42.7936,12.9455,-12.6277,18362.5923,0.0016,37.7664,NA
SandFall-Win64-Shipping.exe,31024,0x13F96A7D0D0,DXGI,0,512,1,Hardware: Independent Flip,18388.0990,0.3244,0.1653,0.1591,17.2853,0.2895,0.2846,0.0049,30.2324,12.4147,12.5612,18388.0990,12.6576,NA,NA
SandFall-Win64-Shipping.exe,31024,0x13F96A7D0D0,DXGI,0,512,1,Hardware: Independent Flip,18388.4234,25.4969,25.2313,0.2656,17.2504,25.0710,24.8469,0.2241,42.3227,12.8612,-12.0903,18388.4234,0.0013,40.1214,NA
SandFall-Win64-Shipping.exe,31024,0x13F96A7D0D0,DXGI,0,512,1,Hardware: Independent Flip,18413.9203,0.3096,0.1554,0.1542,16.8245,0.2038,0.2012,0.0026,29.6870,12.1700,12.6357,18413.9203,12.6587,NA,NA
SandFall-Win64-Shipping.exe,31024,0x13F96A7D0D0,DXGI,0,512,1,Hardware: Independent Flip,18414.2299,24.0771,23.8362,0.2409,16.7187,24.7298,24.7209,0.0089,41.5474,12.6122,-11.8604,18414.2299,0.0989,41.1587,NA
SandFall-Win64-Shipping.exe,31024,0x13F96A7D0D0,DXGI,0,512,1,Hardware: Independent Flip,18438.3070,0.3185,0.1502,0.1683,17.3714,0.2028,0.1991,0.0037,30.0825,12.1559,11.4649,18438.3070,12.5083,NA,NA
SandFall-Win64-Shipping.exe,31024,0x13F96A7D0D0,DXGI,0,512,1,Hardware: Independent Flip,18438.6255,24.8449,24.5781,0.2668,17.2557,24.3283,24.2473,0.0810,41.9199,12.3418,-11.8374,18438.6255,0.3359,34.9275,NA
SandFall-Win64-Shipping.exe,31024,0x13F96A7D0D0,DXGI,0,512,1,Hardware: Independent Flip,18463.4704,0.3074,0.1529,0.1545,16.7391,0.1955,0.1955,0.0000,29.4168,14.5417,12.5031,18463.4704,12.4822,NA,NA
SandFall-Win64-Shipping.exe,31024,0x13F96A7D0D0,DXGI,0,512,1,Hardware: Independent Flip,18463.7778,26.6450,26.4049,0.2401,16.6272,26.5896,24.4734,2.1162,43.6511,12.2579,-14.2343,18463.7778,0.4343,35.8141,NA
SandFall-Win64-Shipping.exe,31024,0x13F96A7D0D0,DXGI,0,512,1,Hardware: Independent Flip,18490.4228,0.3317,0.1501,0.1816,16.5718,0.2124,0.2108,0.0016,29.2640,11.5859,14.3871,18490.4228,12.4798,NA,NA
SandFall-Win64-Shipping.exe,31024,0x13F96A7D0D0,DXGI,0,512,1,Hardware: Independent Flip,18490.7545,22.3386,22.1001,0.2385,16.4525,24.0650,24.0571,0.0079,40.5182,13.3343,-11.2542,18490.7545,0.0007,37.6544,NA
SandFall-Win64-Shipping.exe,31024,0x13F96A7D0D0,DXGI,0,512,1,Hardware: Independent Flip,18513.0931,0.2999,0.1518,0.1481,18.1789,0.2174,0.2120,0.0054,31.5139,13.5564,9.0043,18513.0931,13.1176,NA,NA
SandFall-Win64-Shipping.exe,31024,0x13F96A7D0D0,DXGI,0,512,1,Hardware: Independent Flip,18513.3930,27.3317,27.0659,0.2658,18.0964,26.5183,25.6915,0.8268,44.7704,12.4658,-13.2565,18513.3930,0.1557,53.5298,NA
SandFall-Win64-Shipping.exe,31024,0x13F96A7D0D0,DXGI,0,512,1,Hardware: Independent Flip,18540.7247,0.3066,0.1538,0.1528,17.2830,0.2006,0.1686,0.0320,29.9045,12.1619,14.8659,18540.7247,12.4209,NA,NA
SandFall-Win64-Shipping.exe,31024,0x13F96A7D0D0,DXGI,0,512,1,Hardware: Independent Flip,18541.0313,25.2542,24.9272,0.3270,17.1770,24.5819,24.5707,0.0112,41.7598,12.8901,-11.8553,18541.0313,0.0009,NA,NA
SandFall-Win64-Shipping.exe,31024,0x13F96A7D0D0,DXGI,0,512,1,Hardware: Independent Flip,18566.2855,0.4000,0.2305,0.1695,16.5047,0.2148,0.2125,0.0023,29.3957,11.8832,12.3641,18566.2855,12.6762,NA,NA
SandFall-Win64-Shipping.exe,31024,0x13F96A7D0D0,DXGI,0,512,1,Hardware: Independent Flip,18566.6855,22.1620,21.9240,0.2380,16.3195,24.5584,24.5485,0.0099,40.8789,12.4763,-11.4832,18566.6855,0.0010,NA,NA
SandFall-Win64-Shipping.exe,31024,0x13F96A7D0D0,DXGI,0,512,1,Hardware: Independent Flip,18588.8475,0.3033,0.1493,0.1540,18.7159,0.2184,0.2161,0.0023,31.1932,13.4192,9.6857,18588.8475,12.2589,NA,NA
SandFall-Win64-Shipping.exe,31024,0x13F96A7D0D0,DXGI,0,512,1,Hardware: Independent Flip,18589.1508,28.4032,28.1419,0.2613,18.6310,25.4276,25.4145,0.0131,44.3091,12.0854,-13.1159,18589.1508,0.2505,NA,NA
SandFall-Win64-Shipping.exe,31024,0x13F96A7D0D0,DXGI,0,512,1,Hardware: Independent Flip,18617.5540,0.3943,0.1614,0.2329,15.6554,0.2094,0.2094,0.0000,27.9913,12.5572,16.3178,18617.5540,12.1265,NA,NA
SandFall-Win64-Shipping.exe,31024,0x13F96A7D0D0,DXGI,0,512,1,Hardware: Independent Flip,18617.9483,21.3762,21.1371,0.2391,15.4705,24.6828,24.6680,0.0148,40.1542,12.9529,-12.1629,18617.9483,0.0009,40.4446,NA
SandFall-Win64-Shipping.exe,31024,0x13F96A7D0D0,DXGI,0,512,1,Hardware: Independent Flip,18639.3245,0.3062,0.1558,0.1504,18.7771,0.2458,0.2429,0.0029,31.7309,11.7367,8.4233,18639.3245,12.7080,NA,NA
SandFall-Win64-Shipping.exe,31024,0x13F96A7D0D0,DXGI,0,512,1,Hardware: Independent Flip,18639.6307,23.7105,23.4596,0.2509,18.7167,24.4443,24.4348,0.0095,43.1614,12.7022,-11.4305,18639.6307,0.0004,NA,NA
SandFall-Win64-Shipping.exe,31024,0x13F96A7D0D0,DXGI,0,512,1,Hardware: Independent Flip,18663.3412,0.3101,0.1515,0.1586,19.4505,0.1848,0.1808,0.0040,32.1531,12.3774,11.0083,18663.3412,12.5178,NA,NA
SandFall-Win64-Shipping.exe,31024,0x13F96A7D0D0,DXGI,0,512,1,Hardware: Independent Flip,18663.6513,24.9364,24.6841,0.2523,19.3252,24.6655,24.6538,0.0117,44.2204,12.2716,-12.0673,18663.6513,0.2297,NA,NA
SandFall-Win64-Shipping.exe,31024,0x13F96A7D0D0,DXGI,0,512,1,Hardware: Independent Flip,18688.5877,0.3004,0.1517,0.1487,19.0543,0.1955,0.1938,0.0017,31.5556,13.3370,12.6648,18688.5877,12.3058,NA,NA
SandFall-Win64-Shipping.exe,31024,0x13F96A7D0D0,DXGI,0,512,1,Hardware: Independent Flip,18688.8881,25.1972,24.9341,0.2631,18.9494,25.4550,25.4451,0.0099,44.5922,12.4912,-13.0366,18688.8881,0.1878,49.8431,NA
SandFall-Win64-Shipping.exe,31024,0x13F96A7D0D0,DXGI,0,512,1,Hardware: Independent Flip,18714.0853,0.3686,0.1677,0.2009,19.2072,0.2169,0.2149,0.0020,31.8862,11.9150,12.7060,18714.0853,12.4621,NA,NA
SandFall-Win64-Shipping.exe,31024,0x13F96A7D0D0,DXGI,0,512,1,Hardware: Independent Flip,18714.4539,24.7774,24.5287,0.2487,19.0555,24.3756,24.3643,0.0113,43.4326,12.8235,-11.5464,18714.4539,0.0015,43.4970,NA
SandFall-Win64-Shipping.exe,31024,0x13F96A7D0D0,DXGI,0,512,1,Hardware: Independent Flip,18739.2313,0.3108,0.1497,0.1611,18.6537,0.2585,0.2554,0.0031,31.4787,11.8647,11.9539,18739.2313,12.5665,NA,NA
SandFall-Win64-Shipping.exe,31024,0x13F96A7D0D0,DXGI,0,512,1,Hardware: Independent Flip,18739.5421,24.6600,24.4015,0.2585,18.6014,24.2420,24.1794,0.0626,43.0326,12.3788,-11.5539,18739.5421,0.1892,37.4226,NA
SandFall-Win64-Shipping.exe,31024,0x13F96A7D0D0,DXGI,0,512,1,Hardware: Independent Flip,18764.2021,0.3266,0.1591,0.1675,18.1834,0.2204,0.2188,0.0016,30.7514,12.6706,12.2812,18764.2021,12.3476,NA,NA
SandFall-Win64-Shipping.exe,31024,0x13F96A7D0D0,DXGI,0,512,1,Hardware: Independent Flip,18764.5287,25.1644,24.9258,0.2386,18.0772,24.5670,24.5566,0.0104,43.0954,12.1146,-12.3440,18764.5287,0.4512,NA,NA
SandFall-Win64-Shipping.exe,31024,0x13F96A7D0D0,DXGI,0,512,1,Hardware: Independent Flip,18789.6931,0.3260,0.1739,0.1521,17.4798,0.2110,0.2085,0.0025,30.0456,12.4835,13.0498,18789.6931,12.3548,NA,NA
SandFall-Win64-Shipping.exe,31024,0x13F96A7D0D0,DXGI,0,512,1,Hardware: Independent Flip,18790.0191,24.8528,24.6064,0.2464,17.3648,24.6511,24.6425,0.0086,42.2031,12.5419,-12.1575,18790.0191,0.1872,56.3141,NA
SandFall-Win64-Shipping.exe,31024,0x13F96A7D0D0,DXGI,0,512,1,Hardware: Independent Flip,18814.8719,0.3263,0.1606,0.1657,17.1631,0.2029,0.2013,0.0016,29.8922,12.9864,12.3109,18814.8719,12.5262,NA,NA
SandFall-Win64-Shipping.exe,31024,0x13F96A7D0D0,DXGI,0,512,1,Hardware: Independent Flip,18815.1982,25.0936,24.8415,0.2521,17.0397,25.3027,24.8623,0.4404,42.5523,12.3974,-12.6601,18815.1982,0.2099,51.0478,NA
SandFall-Win64-Shipping.exe,31024,0x13F96A7D0D0,DXGI,0,512,1,Hardware: Independent Flip,18840.2918,0.3160,0.1625,0.1535,17.2488,0.1866,0.1803,0.0063,29.8561,15.5053,12.6962,18840.2918,12.4207,NA,NA
SandFall-Win64-Shipping.exe,31024,0x13F96A7D0D0,DXGI,0,512,1,Hardware: Independent Flip,18840.6078,26.3454,26.0913,0.2541,17.1194,27.9243,27.7742,0.1501,45.0454,12.5996,-15.1893,18840.6078,0.0017,NA,NA
SandFall-Win64-Shipping.exe,31024,0x13F96A7D0D0,DXGI,0,512,1,Hardware: Independent Flip,18866.9532,0.3212,0.1674,0.1538,18.6983,0.2200,0.2175,0.0025,31.2996,15.5822,13.7458,18866.9532,12.3813,NA,NA
SandFall-Win64-Shipping.exe,31024,0x13F96A7D0D0,DXGI,0,512,1,Hardware: Independent Flip,18867.2744,23.4953,23.2566,0.2387,18.5971,27.9625,27.9507,0.0118,46.5606,14.0271,-15.2610,18867.2744,0.0010,61.0662,NA
SandFall-Win64-Shipping.exe,31024,0x13F96A7D0D0,DXGI,0,512,1,Hardware: Independent Flip,18890.7697,0.3027,0.1526,0.1501,23.0643,0.2296,0.2296,0.0000,37.0924,10.7371,9.4682,18890.7697,13.7985,NA,NA
SandFall-Win64-Shipping.exe,31024,0x13F96A7D0D0,DXGI,0,512,1,Hardware: Independent Flip,18891.0724,24.9687,24.7052,0.2635,22.9912,24.5351,24.4803,0.0548,47.5268,14.0204,-10.4344,18891.0724,0.0005,43.9471,NA
SandFall-Win64-Shipping.exe,31024,0x13F96A7D0D0,DXGI,0,512,1,Hardware: Independent Flip,18916.0411,0.3086,0.1594,0.1492,22.5576,0.2112,0.2086,0.0026,36.5785,10.4212,10.9483,18916.0411,13.8097,NA,NA
SandFall-Win64-Shipping.exe,31024,0x13F96A7D0D0,DXGI,0,512,1,Hardware: Independent Flip,18916.3497,24.5802,24.3373,0.2429,22.4602,24.2301,24.2211,0.0090,46.6911,13.2621,-10.1126,18916.3497,0.0008,39.4246,NA
SandFall-Win64-Shipping.exe,31024,0x13F96A7D0D0,DXGI,0,512,1,Hardware: Independent Flip,18940.9299,0.3052,0.1537,0.1515,22.1101,0.2170,0.2153,0.0017,35.3730,12.4590,11.3181,18940.9299,13.0459,NA,NA
SandFall-Win64-Shipping.exe,31024,0x13F96A7D0D0,DXGI,0,512,1,Hardware: Independent Flip,18941.2351,25.3438,25.1021,0.2417,22.0219,24.8341,24.8278,0.0063,47.5268,11.8090,-12.1538,18941.2351,0.6708,43.7201,NA
SandFall-Win64-Shipping.exe,31024,0x13F96A7D0D0,DXGI,0,512,1,Hardware: Independent Flip,18966.5789,0.3027,0.1534,0.1493,21.5122,0.2100,0.2082,0.0018,33.9920,13.1038,13.5348,18966.5789,12.2698,NA,NA
SandFall-Win64-Shipping.exe,31024,0x13F96A7D0D0,DXGI,0,512,1,Hardware: Independent Flip,18966.8816,24.8482,24.5833,0.2649,21.4195,25.0211,25.0150,0.0061,46.7931,12.0788,-12.8011,18966.8816,0.3525,41.0544,NA
SandFall-Win64-Shipping.exe,31024,0x13F96A7D0D0,DXGI,0,512,1,Hardware: Independent Flip,18991.7298,0.3108,0.1584,0.1524,21.5924,0.2140,0.2121,0.0019,34.0237,12.6608,12.7694,18991.7298,12.2173,NA,NA
SandFall-Win64-Shipping.exe,31024,0x13F96A7D0D0,DXGI,0,512,1,Hardware: Independent Flip,18992.0406,23.1062,22.8029,0.3033,21.4956,24.8772,24.8680,0.0092,46.3737,12.6051,-12.3500,18992.0406,0.0009,41.7896,NA
SandFall-Win64-Shipping.exe,31024,0x13F96A7D0D0,DXGI,0,512,1,Hardware: Independent Flip,19015.1468,0.3136,0.1582,0.1554,23.2666,0.2251,0.2251,0.0000,35.8726,11.9225,10.5011,19015.1468,12.3809,NA,NA
SandFall-Win64-Shipping.exe,31024,0x13F96A7D0D0,DXGI,0,512,1,Hardware: Independent Flip,19015.4604,25.3317,25.0711,0.2606,23.1781,24.3027,24.2932,0.0095,47.4815,12.7297,-11.6089,19015.4604,0.0007,41.3255,NA
SandFall-Win64-Shipping.exe,31024,0x13F96A7D0D0,DXGI,0,512,1,Hardware: Independent Flip,19040.7921,0.3076,0.1572,0.1504,22.1491,0.2265,0.2265,0.0000,34.8795,12.5095,12.6020,19040.7921,12.5039,NA,NA
SandFall-Win64-Shipping.exe,31024,0x13F96A7D0D0,DXGI,0,512,1,Hardware: Independent Flip,19041.0997,25.1783,24.9374,0.2409,22.0680,24.8258,24.8185,0.0073,47.0814,12.4830,-12.2019,19041.0997,0.1876,42.5288,NA
SandFall-Win64-Shipping.exe,31024,0x13F96A7D0D0,DXGI,0,512,1,Hardware: Independent Flip,19066.2780,0.3112,0.1559,0.1553,21.7155,0.2332,0.2312,0.0020,34.3861,12.2806,12.6953,19066.2780,12.4374,NA,NA
SandFall-Win64-Shipping.exe,31024,0x13F96A7D0D0,DXGI,0,512,1,Hardware: Independent Flip,19066.5892,24.8237,24.5813,0.2424,21.6375,24.5380,24.5235,0.0145,46.3555,12.5977,-11.9694,19066.5892,0.1800,41.3266,NA
SandFall-Win64-Shipping.exe,31024,0x13F96A7D0D0,DXGI,0,512,1,Hardware: Independent Flip,19091.4129,0.2999,0.1489,0.1510,21.3518,0.2333,0.2316,0.0017,34.1295,12.4430,12.2260,19091.4129,12.5444,NA,NA
SandFall-Win64-Shipping.exe,31024,0x13F96A7D0D0,DXGI,0,512,1,Hardware: Independent Flip,19091.7128,26.4925,26.1781,0.3144,21.2852,24.6426,24.6319,0.0107,46.2726,12.5036,-12.1431,19091.7128,0.3448,41.3543,NA
SandFall-Win64-Shipping.exe,31024,0x13F96A7D0D0,DXGI,0,512,1,Hardware: Independent Flip,19118.2053,0.3453,0.1799,0.1654,19.4353,0.1752,0.1712,0.0040,32.2837,12.0748,13.9889,19118.2053,12.6732,NA,NA
SandFall-Win64-Shipping.exe,31024,0x13F96A7D0D0,DXGI,0,512,1,Hardware: Independent Flip,19118.5506,24.3579,24.1086,0.2493,19.2652,24.3658,24.3551,0.0107,44.0132,12.4360,-11.7295,19118.5506,0.3822,45.9204,NA
SandFall-Win64-Shipping.exe,31024,0x13F96A7D0D0,DXGI,0,512,1,Hardware: Independent Flip,19142.9085,0.3364,0.1552,0.1812,19.2731,0.2036,0.2020,0.0016,32.0913,12.3674,11.9219,19142.9085,12.6146,NA,NA
SandFall-Win64-Shipping.exe,31024,0x13F96A7D0D0,DXGI,0,512,1,Hardware: Independent Flip,19143.2449,25.2203,24.9528,0.2675,19.1403,24.4121,24.3992,0.0129,44.1223,12.3083,-12.0310,19143.2449,0.5699,37.7525,NA
SandFall-Win64-Shipping.exe,31024,0x13F96A7D0D0,DXGI,0,512,1,Hardware: Independent Flip,19168.4652,0.3240,0.1552,0.1688,18.3321,0.1634,0.1618,0.0016,31.2103,12.6125,12.9120,19168.4652,12.7148,NA,NA
SandFall-Win64-Shipping.exe,31024,0x13F96A7D0D0,DXGI,0,512,1,Hardware: Independent Flip,19168.7892,25.6831,25.4366,0.2465,18.1715,24.7753,24.7656,0.0097,43.4988,12.2920,-12.2885,19168.7892,0.5520,37.6725,NA
SandFall-Win64-Shipping.exe,31024,0x13F96A7D0D0,DXGI,0,512,1,Hardware: Independent Flip,19194.4723,0.3495,0.1505,0.1990,17.2637,0.1822,0.1803,0.0019,30.1077,13.2135,13.3911,19194.4723,12.6618,NA,NA
SandFall-Win64-Shipping.exe,31024,0x13F96A7D0D0,DXGI,0,512,1,Hardware: Independent Flip,19194.8218,25.3191,25.0781,0.2410,17.0964,25.4687,24.8132,0.6555,42.9717,12.4281,-12.8640,19194.8218,0.4066,38.1787,NA
SandFall-Win64-Shipping.exe,31024,0x13F96A7D0D0,DXGI,0,512,1,Hardware: Independent Flip,19220.1409,0.3120,0.1514,0.1606,17.2460,0.1708,0.1690,0.0018,30.0807,12.4995,12.8910,19220.1409,12.6639,NA,NA
SandFall-Win64-Shipping.exe,31024,0x13F96A7D0D0,DXGI,0,512,1,Hardware: Independent Flip,19220.4529,25.1297,24.8311,0.2986,17.1048,25.1388,25.0530,0.0858,42.2682,12.7266,-12.1875,19220.4529,0.0246,36.0998,NA
SandFall-Win64-Shipping.exe,31024,0x13F96A7D0D0,DXGI,0,512,1,Hardware: Independent Flip,19245.5826,0.3169,0.1636,0.1533,17.1139,0.2119,0.2096,0.0023,29.8651,12.9863,12.4031,19245.5826,12.5393,NA,NA
SandFall-Win64-Shipping.exe,31024,0x13F96A7D0D0,DXGI,0,512,1,Hardware: Independent Flip,19245.8995,25.4750,25.2268,0.2482,17.0089,25.3805,24.7862,0.5943,42.5345,12.5523,-12.6694,19245.8995,0.1451,36.8161,NA
SandFall-Win64-Shipping.exe,31024,0x13F96A7D0D0,DXGI,0,512,1,Hardware: Independent Flip,19271.3745,0.3171,0.1592,0.1579,16.9144,0.1587,0.1535,0.0052,29.6118,15.9187,12.9227,19271.3745,12.5387,NA,NA
SandFall-Win64-Shipping.exe,31024,0x13F96A7D0D0,DXGI,0,512,1,Hardware: Independent Flip,19271.6916,27.5834,27.3174,0.2660,16.7560,28.4569,26.3589,2.0980,45.2134,12.7454,-15.6016,19271.6916,0.0005,38.2897,NA
SandFall-Win64-Shipping.exe,31024,0x13F96A7D0D0,DXGI,0,512,1,Hardware: Independent Flip,19299.2750,0.3112,0.1557,0.1555,17.6295,0.2184,0.2156,0.0028,30.3754,13.2097,14.8380,19299.2750,12.5275,NA,NA
SandFall-Win64-Shipping.exe,31024,0x13F96A7D0D0,DXGI,0,512,1,Hardware: Independent Flip,19299.5862,23.6847,23.4387,0.2460,17.5367,25.7360,25.7224,0.0136,43.2739,14.1411,-12.8985,19299.5862,0.0012,38.2437,NA
SandFall-Win64-Shipping.exe,31024,0x13F96A7D0D0,DXGI,0,512,1,Hardware: Independent Flip,19323.2709,0.3167,0.1646,0.1521,19.5880,0.2112,0.2088,0.0024,33.7303,11.8597,9.5436,19323.2709,13.9311,NA,NA
SandFall-Win64-Shipping.exe,31024,0x13F96A7D0D0,DXGI,0,512,1,Hardware: Independent Flip,19323.5876,24.4420,24.2000,0.2420,19.4825,25.7900,25.7814,0.0086,45.2733,13.8861,-11.5430,19323.5876,0.0008,39.2386,NA
SandFall-Win64-Shipping.exe,31024,0x13F96A7D0D0,DXGI,0,512,1,Hardware: Independent Flip,19348.0296,0.3397,0.1816,0.1581,20.8305,0.2218,0.2218,0.0000,34.7174,17.1319,10.5559,19348.0296,13.6651,NA,NA
SandFall-Win64-Shipping.exe,31024,0x13F96A7D0D0,DXGI,0,512,1,Hardware: Independent Flip,19348.3693,27.7806,27.4901,0.2905,20.7126,30.7965,28.1003,2.6962,51.5096,12.8379,-16.7922,19348.3693,0.0005,45.2589,NA
SandFall-Win64-Shipping.exe,31024,0x13F96A7D0D0,DXGI,0,512,1,Hardware: Independent Flip,19376.1499,0.3078,0.1568,0.1510,23.7285,0.2261,0.2261,0.0000,36.5669,12.9838,14.9427,19376.1499,12.6123,NA,NA
SandFall-Win64-Shipping.exe,31024,0x13F96A7D0D0,DXGI,0,512,1,Hardware: Independent Flip,19376.4577,23.0592,22.8214,0.2378,23.6468,25.5954,25.5882,0.0072,49.2429,14.3061,-12.6760,19376.4577,0.0007,48.0772,NA
SandFall-Win64-Shipping.exe,31024,0x13F96A7D0D0,DXGI,0,512,1,Hardware: Independent Flip,19399.5169,0.4635,0.1546,0.3089,26.1830,0.2242,0.2216,0.0026,40.4898,11.0112,8.7531,19399.5169,14.0826,NA,NA
SandFall-Win64-Shipping.exe,31024,0x13F96A7D0D0,DXGI,0,512,1,Hardware: Independent Flip,19399.9804,25.1211,24.8335,0.2876,25.9437,25.0932,25.0897,0.0035,51.0375,14.3318,-10.5477,19399.9804,0.0006,47.4006,NA
SandFall-Win64-Shipping.exe,31024,0x13F96A7D0D0,DXGI,0,512,1,Hardware: Independent Flip,19425.1015,0.4380,0.2020,0.2360,25.9158,0.1822,0.1773,0.0049,40.2482,12.0315,10.7893,19425.1015,14.1502,NA,NA
SandFall-Win64-Shipping.exe,31024,0x13F96A7D0D0,DXGI,0,512,1,Hardware: Independent Flip,19425.5395,30.7563,30.4350,0.3213,25.6600,26.1804,26.1719,0.0085,51.8417,12.9868,-11.5935,19425.5395,0.0013,45.7627,NA
SandFall-Win64-Shipping.exe,31024,0x13F96A7D0D0,DXGI,0,512,1,Hardware: Independent Flip,19456.2958,0.3950,0.2059,0.1891,21.0841,0.1784,0.1742,0.0042,34.0722,13.2336,17.7695,19456.2958,12.8097,NA,NA
SandFall-Win64-Shipping.exe,31024,0x13F96A7D0D0,DXGI,0,512,1,Hardware: Independent Flip,19456.6908,24.9847,24.7333,0.2514,20.8675,25.7097,25.6990,0.0107,46.9108,12.6006,-12.8386,19456.6908,0.3336,47.9766,NA
SandFall-Win64-Shipping.exe,31024,0x13F96A7D0D0,DXGI,0,512,1,Hardware: Independent Flip,19481.6755,0.3161,0.1652,0.1509,21.5925,0.1953,0.1935,0.0018,34.5267,12.8492,12.3841,19481.6755,12.7389,NA,NA
SandFall-Win64-Shipping.exe,31024,0x13F96A7D0D0,DXGI,0,512,1,Hardware: Independent Flip,19481.9916,28.0629,27.8135,0.2494,21.4717,25.5599,25.5527,0.0072,47.0598,13.2468,-12.5331,19481.9916,0.0282,44.4233,NA
SandFall-Win64-Shipping.exe,31024,0x13F96A7D0D0,DXGI,0,512,1,Hardware: Independent Flip,19510.0545,0.3415,0.1611,0.1804,18.9687,0.1838,0.1794,0.0044,32.2437,12.4774,14.8161,19510.0545,13.0912,NA,NA
SandFall-Win64-Shipping.exe,31024,0x13F96A7D0D0,DXGI,0,512,1,Hardware: Independent Flip,19510.3960,20.3147,20.0675,0.2472,18.8110,25.3347,25.3240,0.0107,44.3796,13.0782,-12.1359,19510.3960,0.2339,45.1524,NA
SandFall-Win64-Shipping.exe,31024,0x13F96A7D0D0,DXGI,0,512,1,Hardware: Independent Flip,19530.7107,0.3064,0.1584,0.1480,23.8310,0.1758,0.1700,0.0058,37.1431,13.8206,7.2365,19530.7107,13.1363,NA,NA
SandFall-Win64-Shipping.exe,31024,0x13F96A7D0D0,DXGI,0,512,1,Hardware: Independent Flip,19531.0171,27.0688,26.8062,0.2626,23.7004,26.4102,26.3960,0.0142,50.6573,12.9282,-13.5142,19531.0171,0.5467,48.0553,NA
SandFall-Win64-Shipping.exe,31024,0x13F96A7D0D0,DXGI,0,512,1,Hardware: Independent Flip,19558.0859,0.3132,0.1583,0.1549,23.0418,0.1994,0.1976,0.0018,36.5167,12.0559,14.1406,19558.0859,13.2755,NA,NA
SandFall-Win64-Shipping.exe,31024,0x13F96A7D0D0,DXGI,0,512,1,Hardware: Independent Flip,19558.3991,25.8114,25.5678,0.2436,22.9280,25.2250,25.2129,0.0121,48.2594,13.3785,-11.7427,19558.3991,0.1064,42.0375,NA
SandFall-Win64-Shipping.exe,31024,0x13F96A7D0D0,DXGI,0,512,1,Hardware: Independent Flip,19584.2105,0.3144,0.1680,0.1464,22.3416,0.2313,0.2313,0.0000,35.8265,12.9239,12.4329,19584.2105,13.2536,NA,NA
SandFall-Win64-Shipping.exe,31024,0x13F96A7D0D0,DXGI,0,512,1,Hardware: Independent Flip,19584.5249,31.0540,30.7869,0.2671,22.2585,25.3955,25.3827,0.0128,48.4360,12.7085,-12.6095,19584.5249,0.7820,44.3432,NA
SandFall-Win64-Shipping.exe,31024,0x13F96A7D0D0,DXGI,0,512,1,Hardware: Independent Flip,19615.5789,0.3448,0.1726,0.1722,16.6000,0.1952,0.1935,0.0017,30.0905,12.3053,18.3455,19615.5789,13.2953,NA,NA
SandFall-Win64-Shipping.exe,31024,0x13F96A7D0D0,DXGI,0,512,1,Hardware: Independent Flip,19615.9237,22.2933,22.0369,0.2564,16.4504,24.9223,24.9102,0.0121,42.0510,12.6941,-11.9605,19615.9237,0.6783,47.3482,NA
SandFall-Win64-Shipping.exe,31024,0x13F96A7D0D0,DXGI,0,512,1,Hardware: Independent Flip,19638.2170,0.3077,0.1540,0.1537,19.0794,0.1965,0.1948,0.0017,32.4518,12.5785,9.5992,19638.2170,13.1759,NA,NA
SandFall-Win64-Shipping.exe,31024,0x13F96A7D0D0,DXGI,0,512,1,Hardware: Independent Flip,19638.5247,25.7085,25.4579,0.2506,18.9682,24.8759,24.8625,0.0134,44.7226,12.6711,-12.2708,19638.5247,0.8785,NA,NA
SandFall-Win64-Shipping.exe,31024,0x13F96A7D0D0,DXGI,0,512,1,Hardware: Independent Flip,19664.2332,0.2959,0.1505,0.1454,18.1356,0.2158,0.2073,0.0085,31.6852,13.9926,13.0374,19664.2332,13.3338,NA,NA
SandFall-Win64-Shipping.exe,31024,0x13F96A7D0D0,DXGI,0,512,1,Hardware: Independent Flip,19664.5291,26.7119,26.4658,0.2461,18.0555,26.3963,25.6590,0.7373,45.3819,12.4620,-13.6967,19664.5291,0.9301,NA,NA
SandFall-Win64-Shipping.exe,31024,0x13F96A7D0D0,DXGI,0,512,1,Hardware: Independent Flip,19691.2410,0.3499,0.1514,0.1985,17.7399,0.2048,0.1622,0.0426,31.1320,12.4708,14.2499,19691.2410,13.1873,NA,NA
SandFall-Win64-Shipping.exe,31024,0x13F96A7D0D0,DXGI,0,512,1,Hardware: Independent Flip,19691.5909,26.1512,25.8946,0.2566,17.5948,25.4872,25.0134,0.4738,43.2529,13.1682,-12.1209,19691.5909,0.1709,NA,NA
SandFall-Win64-Shipping.exe,31024,0x13F96A7D0D0,DXGI,0,512,1,Hardware: Independent Flip,19717.7421,0.3075,0.1554,0.1521,16.9308,0.1938,0.1885,0.0053,30.2699,14.3502,12.9830,19717.7421,13.1453,NA,NA
SandFall-Win64-Shipping.exe,31024,0x13F96A7D0D0,DXGI,0,512,1,Hardware: Independent Flip,19718.0496,26.5253,26.2586,0.2667,16.8171,26.9764,25.1131,1.8633,44.3126,12.6299,-14.0427,19718.0496,0.5191,NA,NA
SandFall-Win64-Shipping.exe,31024,0x13F96A7D0D0,DXGI,0,512,1,Hardware: Independent Flip,19744.5749,0.3480,0.1627,0.1853,17.2682,0.2061,0.1997,0.0064,30.4172,11.9680,13.8954,19744.5749,12.9429,NA,NA
SandFall-Win64-Shipping.exe,31024,0x13F96A7D0D0,DXGI,0,512,1,Hardware: Independent Flip,19744.9229,24.8564,24.6082,0.2482,17.1263,24.9100,24.7902,0.1198,42.0372,13.3615,-11.6200,19744.9229,0.0009,35.3358,NA
SandFall-Win64-Shipping.exe,31024,0x13F96A7D0D0,DXGI,0,512,1,Hardware: Independent Flip,19769.7793,0.3242,0.1667,0.1575,17.1799,0.1902,0.1886,0.0016,30.5423,13.0783,11.4949,19769.7793,13.1722,NA,NA
SandFall-Win64-Shipping.exe,31024,0x13F96A7D0D0,DXGI,0,512,1,Hardware: Independent Flip,19770.1035,25.6109,25.3551,0.2558,17.0459,25.9233,25.0082,0.9151,43.2964,12.6822,-12.7541,19770.1035,0.3272,42.7777,NA
SandFall-Win64-Shipping.exe,31024,0x13F96A7D0D0,DXGI,0,512,1,Hardware: Independent Flip,19795.7144,0.3400,0.1701,0.1699,17.3583,0.1486,0.1446,0.0040,30.3677,12.8926,12.9287,19795.7144,12.8608,NA,NA
SandFall-Win64-Shipping.exe,31024,0x13F96A7D0D0,DXGI,0,512,1,Hardware: Independent Flip,19796.0544,25.3932,25.1385,0.2547,17.1669,25.6032,24.9083,0.6949,42.9203,12.7005,-12.5526,19796.0544,0.1502,42.3546,NA
SandFall-Win64-Shipping.exe,31024,0x13F96A7D0D0,DXGI,0,512,1,Hardware: Independent Flip,19821.4476,0.5318,0.3042,0.2276,17.3769,0.1637,0.1578,0.0059,30.2276,13.3032,12.6927,19821.4476,12.6870,NA,NA
SandFall-Win64-Shipping.exe,31024,0x13F96A7D0D0,DXGI,0,512,1,Hardware: Independent Flip,19821.9794,26.0234,25.7702,0.2532,17.0088,25.9283,25.0450,0.8833,42.9990,12.7007,-12.7714,19821.9794,0.0619,39.3402,NA
SandFall-Win64-Shipping.exe,31024,0x13F96A7D0D0,DXGI,0,512,1,Hardware: Independent Flip,19848.0028,0.3166,0.1711,0.1455,16.9137,0.2509,0.2485,0.0024,29.6763,15.0631,13.3227,19848.0028,12.5117,NA,NA
SandFall-Win64-Shipping.exe,31024,0x13F96A7D0D0,DXGI,0,512,1,Hardware: Independent Flip,19848.3194,24.5976,24.3180,0.2796,16.8480,27.5741,27.5633,0.0108,44.4228,12.8631,-14.7465,19848.3194,0.0007,40.1259,NA
SandFall-Win64-Shipping.exe,31024,0x13F96A7D0D0,DXGI,0,512,1,Hardware: Independent Flip,19872.9170,0.3187,0.1650,0.1537,19.8245,0.2628,0.2589,0.0039,32.6883,14.5656,11.7345,19872.9170,12.6010,NA,NA
SandFall-Win64-Shipping.exe,31024,0x13F96A7D0D0,DXGI,0,512,1,Hardware: Independent Flip,19873.2357,26.5782,26.3400,0.2382,19.7686,27.1658,27.1533,0.0125,46.9352,13.9546,-14.2469,19873.2357,0.0008,41.5567,NA
SandFall-Win64-Shipping.exe,31024,0x13F96A7D0D0,DXGI,0,512,1,Hardware: Independent Flip,19899.8139,0.3172,0.1534,0.1638,20.3562,0.2115,0.2083,0.0032,34.3116,12.3737,12.6236,19899.8139,13.7439,NA,NA
SandFall-Win64-Shipping.exe,31024,0x13F96A7D0D0,DXGI,0,512,1,Hardware: Independent Flip,19900.1311,23.4278,23.1876,0.2402,20.2505,26.1166,26.1104,0.0062,46.3681,14.0384,-12.0565,19900.1311,0.0010,44.8800,NA
SandFall-Win64-Shipping.exe,31024,0x13F96A7D0D0,DXGI,0,512,1,Hardware: Independent Flip,19923.5589,0.4099,0.1582,0.2517,22.9393,0.2215,0.2191,0.0024,36.9787,11.0053,9.3894,19923.5589,13.8179,NA,NA
SandFall-Win64-Shipping.exe,31024,0x13F96A7D0D0,DXGI,0,512,1,Hardware: Independent Flip,19923.9688,24.1479,23.9004,0.2475,22.7509,24.8225,24.8159,0.0066,47.5741,13.3638,-10.5954,19923.9688,0.0007,43.9259,NA
SandFall-Win64-Shipping.exe,31024,0x13F96A7D0D0,DXGI,0,512,1,Hardware: Independent Flip,19948.1167,0.3100,0.1625,0.1475,23.4255,0.2170,0.2151,0.0019,36.7900,12.1081,10.7841,19948.1167,13.1475,NA,NA
SandFall-Win64-Shipping.exe,31024,0x13F96A7D0D0,DXGI,0,512,1,Hardware: Independent Flip,19948.4267,25.0190,24.7794,0.2396,23.3325,24.9607,24.9524,0.0083,48.5881,12.1443,-11.7981,19948.4267,0.2949,47.3915,NA
SandFall-Win64-Shipping.exe,31024,0x13F96A7D0D0,DXGI,0,512,1,Hardware: Independent Flip,19973.4457,0.3220,0.1640,0.1580,23.2742,0.2065,0.2047,0.0018,35.7134,13.8450,12.8747,19973.4457,12.2327,NA,NA
SandFall-Win64-Shipping.exe,31024,0x13F96A7D0D0,DXGI,0,512,1,Hardware: Independent Flip,19973.7677,28.5198,28.2813,0.2385,23.1587,25.7565,25.7493,0.0072,49.2364,12.0428,-13.5230,19973.7677,0.3212,45.3863,NA
SandFall-Win64-Shipping.exe,31024,0x13F96A7D0D0,DXGI,0,512,1,Hardware: Independent Flip,20002.2875,0.3100,0.1619,0.1481,20.3954,0.1783,0.1728,0.0055,32.7594,13.7851,16.4770,20002.2875,12.1857,NA,NA
SandFall-Win64-Shipping.exe,31024,0x13F96A7D0D0,DXGI,0,512,1,Hardware: Independent Flip,20002.5975,26.5234,26.2657,0.2577,20.2637,25.9698,25.9606,0.0092,46.2345,13.0488,-13.4751,20002.5975,0.0010,45.2120,NA
SandFall-Win64-Shipping.exe,31024,0x13F96A7D0D0,DXGI,0,512,1,Hardware: Independent Flip,20029.1209,0.3527,0.1572,0.1955,19.7101,0.2169,0.2141,0.0028,32.7599,11.9695,13.4746,20029.1209,12.8329,NA,NA
SandFall-Win64-Shipping.exe,31024,0x13F96A7D0D0,DXGI,0,512,1,Hardware: Independent Flip,20029.4736,19.6656,19.4205,0.2451,19.5743,24.8010,24.7981,0.0029,44.3767,13.5447,-11.6168,20029.4736,0.0014,48.2226,NA
SandFall-Win64-Shipping.exe,31024,0x13F96A7D0D0,DXGI,0,512,1,Hardware: Independent Flip,20049.1392,0.2961,0.1512,0.1449,24.7097,0.1941,0.1852,0.0089,38.2558,14.3298,6.1209,20049.1392,13.3520,NA,NA
SandFall-Win64-Shipping.exe,31024,0x13F96A7D0D0,DXGI,0,512,1,Hardware: Independent Flip,20049.4353,35.8583,35.5183,0.3400,24.6077,27.6813,26.1326,1.5487,52.2895,12.9076,-14.0337,20049.4353,0.0005,54.1025,NA
SandFall-Win64-Shipping.exe,31024,0x13F96A7D0D0,DXGI,0,512,1,Hardware: Independent Flip,20085.2936,0.3730,0.1897,0.1833,16.4307,0.2339,0.2312,0.0027,29.3388,12.2939,22.9507,20085.2936,12.6742,NA,NA
SandFall-Win64-Shipping.exe,31024,0x13F96A7D0D0,DXGI,0,512,1,Hardware: Independent Flip,20085.6666,13.9748,13.7408,0.2340,16.2916,24.9674,24.9607,0.0067,41.2597,13.8694,-11.9209,20085.6666,0.0007,NA,NA
SandFall-Win64-Shipping.exe,31024,0x13F96A7D0D0,DXGI,0,512,1,Hardware: Independent Flip,20099.6414,0.3341,0.1568,0.1773,27.2842,0.2308,0.2281,0.0027,41.1543,11.1128,0.1054,20099.6414,13.6393,NA,NA
SandFall-Win64-Shipping.exe,31024,0x13F96A7D0D0,DXGI,0,512,1,Hardware: Independent Flip,20099.9755,25.8969,25.6210,0.2759,27.1809,24.7511,24.7453,0.0058,51.9330,13.3143,-10.7787,20099.9755,0.0010,53.6876,NA
SandFall-Win64-Shipping.exe,31024,0x13F96A7D0D0,DXGI,0,512,1,Hardware: Independent Flip,20125.8724,0.3208,0.1668,0.1540,26.0351,0.2131,0.2131,0.0000,39.3504,13.0264,12.5826,20125.8724,13.1022,NA,NA
SandFall-Win64-Shipping.exe,31024,0x13F96A7D0D0,DXGI,0,512,1,Hardware: Independent Flip,20126.1932,30.7572,30.4885,0.2687,25.9274,25.1890,25.1811,0.0079,52.0560,12.2662,-12.7056,20126.1932,0.9396,49.2666,NA
SandFall-Win64-Shipping.exe,31024,0x13F96A7D0D0,DXGI,0,512,1,Hardware: Independent Flip,20156.9504,0.3123,0.1621,0.1502,20.3592,0.2067,0.2048,0.0019,33.5650,12.7589,18.4910,20156.9504,12.9991,NA,NA
SandFall-Win64-Shipping.exe,31024,0x13F96A7D0D0,DXGI,0,512,1,Hardware: Independent Flip,20157.2627,25.9335,25.6843,0.2492,20.2536,25.1928,25.1829,0.0099,46.0116,12.5673,-12.4466,20157.2627,0.5652,NA,NA
SandFall-Win64-Shipping.exe,31024,0x13F96A7D0D0,DXGI,0,512,1,Hardware: Independent Flip,20183.1962,0.3235,0.1611,0.1624,19.5129,0.3495,0.3473,0.0022,32.6454,12.4754,13.3662,20183.1962,12.7830,NA,NA
SandFall-Win64-Shipping.exe,31024,0x13F96A7D0D0,DXGI,0,512,1,Hardware: Independent Flip,20183.5197,26.2964,26.0513,0.2451,19.5389,24.7854,24.7737,0.0117,44.7973,12.7442,-12.1519,20183.5197,0.4730,68.5765,NA
SandFall-Win64-Shipping.exe,31024,0x13F96A7D0D0,DXGI,0,512,1,Hardware: Independent Flip,20209.8161,0.3078,0.1586,0.1492,18.0279,0.2160,0.2142,0.0018,31.2451,11.8419,13.5522,20209.8161,13.0012,NA,NA
SandFall-Win64-Shipping.exe,31024,0x13F96A7D0D0,DXGI,0,512,1,Hardware: Independent Flip,20210.1239,22.9522,22.6815,0.2707,17.9361,24.2372,24.2239,0.0133,42.7792,12.5496,-11.5341,20210.1239,0.6059,62.4081,NA
SandFall-Win64-Shipping.exe,31024,0x13F96A7D0D0,DXGI,0,512,1,Hardware: Independent Flip,20233.0761,0.3553,0.1578,0.1975,19.2211,0.1985,0.1966,0.0019,32.3766,11.9710,10.4026,20233.0761,12.9570,NA,NA
SandFall-Win64-Shipping.exe,31024,0x13F96A7D0D0,DXGI,0,512,1,Hardware: Independent Flip,20233.4314,24.5978,24.3477,0.2501,19.0643,23.9592,23.9508,0.0084,43.9923,12.2513,-11.6157,20233.4314,0.9688,56.1102,NA
SandFall-Win64-Shipping.exe,31024,0x13F96A7D0D0,DXGI,0,512,1,Hardware: Independent Flip,20258.0292,0.3026,0.1520,0.1506,18.4257,0.1796,0.1741,0.0055,31.6458,12.8396,12.3465,20258.0292,13.0405,NA,NA
SandFall-Win64-Shipping.exe,31024,0x13F96A7D0D0,DXGI,0,512,1,Hardware: Independent Flip,20258.3318,26.9005,26.5696,0.3309,18.3027,24.7651,24.1699,0.5952,44.1828,12.1249,-12.5370,20258.3318,1.1150,50.5111,NA
SandFall-Win64-Shipping.exe,31024,0x13F96A7D0D0,DXGI,0,512,1,Hardware: Independent Flip,20285.2323,0.3240,0.1575,0.1665,16.1673,0.2005,0.1982,0.0023,29.4072,12.7184,14.7756,20285.2323,13.0394,NA,NA
SandFall-Win64-Shipping.exe,31024,0x13F96A7D0D0,DXGI,0,512,1,Hardware: Independent Flip,20285.5563,24.7559,24.4823,0.2736,16.0438,24.9944,23.9468,1.0476,41.8016,12.4136,-12.3944,20285.5563,0.7634,NA,NA
SandFall-Win64-Shipping.exe,31024,0x13F96A7D0D0,DXGI,0,512,1,Hardware: Independent Flip,20310.3122,0.3125,0.1607,0.1518,16.2823,0.1749,0.1692,0.0057,29.4593,13.7456,12.3423,20310.3122,13.0021,NA,NA
SandFall-Win64-Shipping.exe,31024,0x13F96A7D0D0,DXGI,0,512,1,Hardware: Independent Flip,20310.6247,25.5789,25.3308,0.2481,16.1447,26.1314,24.3293,1.8021,42.8924,12.4105,-13.4331,20310.6247,0.6163,55.3752,NA
SandFall-Win64-Shipping.exe,31024,0x13F96A7D0D0,DXGI,0,512,1,Hardware: Independent Flip,20336.2036,0.3395,0.1841,0.1554,16.6972,0.1532,0.1478,0.0054,29.7240,12.9493,13.1684,20336.2036,12.8736,NA,NA
SandFall-Win64-Shipping.exe,31024,0x13F96A7D0D0,DXGI,0,512,1,Hardware: Independent Flip,20336.5431,26.1468,25.9023,0.2445,16.5109,25.8222,24.7867,1.0355,42.3338,12.8569,-12.6098,20336.5431,0.0007,49.9992,NA
SandFall-Win64-Shipping.exe,31024,0x13F96A7D0D0,DXGI,0,512,1,Hardware: Independent Flip,20362.6899,0.3031,0.1512,0.1519,16.1863,0.2685,0.2652,0.0033,29.0439,12.5386,13.2899,20362.6899,12.5891,NA,NA
SandFall-Win64-Shipping.exe,31024,0x13F96A7D0D0,DXGI,0,512,1,Hardware: Independent Flip,20362.9930,23.7282,23.4627,0.2655,16.1517,25.1270,25.1170,0.0100,41.2794,12.7862,-12.2355,20362.9930,0.0007,35.6253,NA
SandFall-Win64-Shipping.exe,31024,0x13F96A7D0D0,DXGI,0,512,1,Hardware: Independent Flip,20386.7212,0.3624,0.1774,0.1850,17.5505,0.2459,0.2434,0.0025,30.3374,11.5813,10.9420,20386.7212,12.5410,NA,NA
SandFall-Win64-Shipping.exe,31024,0x13F96A7D0D0,DXGI,0,512,1,Hardware: Independent Flip,20387.0836,24.3517,24.1071,0.2446,17.4340,24.1161,24.1072,0.0089,41.5563,12.5076,-11.2189,20387.0836,0.0062,NA,NA
SandFall-Win64-Shipping.exe,31024,0x13F96A7D0D0,DXGI,0,512,1,Hardware: Independent Flip,20411.4353,0.3224,0.1544,0.1680,17.1984,0.2436,0.2406,0.0030,29.7122,12.9295,11.8441,20411.4353,12.2702,NA,NA
SandFall-Win64-Shipping.exe,31024,0x13F96A7D0D0,DXGI,0,512,1,Hardware: Independent Flip,20411.7577,25.6235,25.3738,0.2497,17.1196,24.7475,24.2621,0.4854,42.3193,11.9568,-12.6071,20411.7577,0.4522,NA,NA
SandFall-Win64-Shipping.exe,31024,0x13F96A7D0D0,DXGI,0,512,1,Hardware: Independent Flip,20437.3812,0.3090,0.1529,0.1561,16.2436,0.2068,0.2051,0.0017,28.6526,12.7474,13.6667,20437.3812,12.2022,NA,NA
SandFall-Win64-Shipping.exe,31024,0x13F96A7D0D0,DXGI,0,512,1,Hardware: Independent Flip,20437.6902,23.2375,22.9881,0.2494,16.1414,24.9489,24.9387,0.0102,41.0910,12.4428,-12.4384,20437.6902,0.0007,NA,NA
SandFall-Win64-Shipping.exe,31024,0x13F96A7D0D0,DXGI,0,512,1,Hardware: Independent Flip,20460.9277,0.3144,0.1656,0.1488,17.8528,0.2183,0.2154,0.0029,30.2963,12.4354,10.7947,20460.9277,12.2252,NA,NA
SandFall-Win64-Shipping.exe,31024,0x13F96A7D0D0,DXGI,0,512,1,Hardware: Independent Flip,20461.2421,26.1100,25.8471,0.2629,17.7567,24.6598,24.2402,0.4196,42.4173,12.5946,-12.1210,20461.2421,0.0008,NA,NA
SandFall-Win64-Shipping.exe,31024,0x13F96A7D0D0,DXGI,0,512,1,Hardware: Independent Flip,20487.3521,0.3093,0.1539,0.1554,16.3065,0.2171,0.2143,0.0028,28.9019,11.8366,13.5154,20487.3521,12.3783,NA,NA
SandFall-Win64-Shipping.exe,31024,0x13F96A7D0D0,DXGI,0,512,1,Hardware: Independent Flip,20487.6614,22.7010,22.4497,0.2513,16.2143,24.2142,24.2051,0.0091,40.4292,12.4951,-11.5273,20487.6614,0.0007,NA,NA
SandFall-Win64-Shipping.exe,31024,0x13F96A7D0D0,DXGI,0,512,1,Hardware: Independent Flip,20510.3624,0.3147,0.1555,0.1592,17.7275,0.2229,0.2205,0.0024,30.2233,12.3324,10.2059,20510.3624,12.2729,NA,NA
SandFall-Win64-Shipping.exe,31024,0x13F96A7D0D0,DXGI,0,512,1,Hardware: Independent Flip,20510.6771,24.0320,23.7811,0.2509,17.6357,24.4364,24.4267,0.0097,42.2410,12.1878,-12.0177,20510.6771,0.1689,NA,NA
SandFall-Win64-Shipping.exe,31024,0x13F96A7D0D0,DXGI,0,512,1,Hardware: Independent Flip,20534.7091,0.3194,0.1532,0.1662,18.0401,0.2134,0.2118,0.0016,30.3968,13.2526,11.8442,20534.7091,12.1433,NA,NA
SandFall-Win64-Shipping.exe,31024,0x13F96A7D0D0,DXGI,0,512,1,Hardware: Independent Flip,20535.0285,29.3192,29.0230,0.2962,17.9341,25.2915,24.8102,0.4813,43.3300,12.3273,-12.9332,20535.0285,0.1044,NA,NA
SandFall-Win64-Shipping.exe,31024,0x13F96A7D0D0,DXGI,0,512,1,Hardware: Independent Flip,20564.3477,0.3234,0.1677,0.1557,13.9064,0.2216,0.2193,0.0023,26.3381,12.5845,16.9919,20564.3477,12.2101,NA,NA
SandFall-Win64-Shipping.exe,31024,0x13F96A7D0D0,DXGI,0,512,1,Hardware: Independent Flip,20564.6711,21.1906,20.9283,0.2623,13.8046,24.7941,24.7840,0.0101,38.5992,12.7369,-12.2611,20564.6711,0.0005,NA,NA
SandFall-Win64-Shipping.exe,31024,0x13F96A7D0D0,DXGI,0,512,1,Hardware: Independent Flip,20585.8617,0.3198,0.1520,0.1678,17.4081,0.2113,0.2089,0.0024,30.1455,12.0589,8.4537,20585.8617,12.5261,NA,NA
SandFall-Win64-Shipping.exe,31024,0x13F96A7D0D0,DXGI,0,512,1,Hardware: Independent Flip,20586.1815,23.8715,23.6268,0.2447,17.2996,24.5841,24.5749,0.0092,41.8846,12.6442,-11.7391,20586.1815,0.0009,NA,NA
SandFall-Win64-Shipping.exe,31024,0x13F96A7D0D0,DXGI,0,512,1,Hardware: Independent Flip,20610.0530,0.3020,0.1530,0.1490,18.0122,0.2407,0.2407,0.0000,30.6573,12.3914,11.2273,20610.0530,12.4044,NA,NA
SandFall-Win64-Shipping.exe,31024,0x13F96A7D0D0,DXGI,0,512,1,Hardware: Independent Flip,20610.3550,25.6138,25.3330,0.2808,17.9509,24.7948,24.5776,0.2172,42.7467,12.4075,-12.0894,20610.3550,0.0010,NA,NA
SandFall-Win64-Shipping.exe,31024,0x13F96A7D0D0,DXGI,0,512,1,Hardware: Independent Flip,20635.9688,0.3226,0.1713,0.1513,17.1319,0.2186,0.2161,0.0025,29.5404,12.2301,13.2063,20635.9688,12.1899,NA,NA
SandFall-Win64-Shipping.exe,31024,0x13F96A7D0D0,DXGI,0,512,1,Hardware: Independent Flip,20636.2914,23.0002,22.7523,0.2479,17.0279,24.4191,24.4098,0.0093,41.4479,12.5084,-11.9075,20636.2914,0.0009,40.1132,NA
SandFall-Win64-Shipping.exe,31024,0x13F96A7D0D0,DXGI,0,512,1,Hardware: Independent Flip,20659.2916,0.3134,0.1535,0.1599,18.4468,0.2117,0.2117,0.0000,30.9561,12.2850,10.4918,20659.2916,12.2976,NA,NA
SandFall-Win64-Shipping.exe,31024,0x13F96A7D0D0,DXGI,0,512,1,Hardware: Independent Flip,20659.6050,24.9636,24.7188,0.2448,18.3451,24.4838,24.4741,0.0097,42.9277,12.4209,-11.9716,20659.6050,0.0988,NA,NA
SandFall-Win64-Shipping.exe,31024,0x13F96A7D0D0,DXGI,0,512,1,Hardware: Independent Flip,20684.5686,0.2999,0.1511,0.1488,17.8653,0.1648,0.1590,0.0058,30.3850,12.0766,12.5427,20684.5686,12.3549,NA,NA
SandFall-Win64-Shipping.exe,31024,0x13F96A7D0D0,DXGI,0,512,1,Hardware: Independent Flip,20684.8685,24.4419,24.1115,0.3304,17.7302,24.2547,24.2443,0.0104,42.1617,12.3425,-11.7767,20684.8685,0.1768,57.4073,NA
SandFall-Win64-Shipping.exe,31024,0x13F96A7D0D0,DXGI,0,512,1,Hardware: Independent Flip,20709.3104,0.3037,0.1540,0.1497,17.5430,0.2518,0.2518,0.0000,30.0623,12.4636,12.0994,20709.3104,12.2675,NA,NA
SandFall-Win64-Shipping.exe,31024,0x13F96A7D0D0,DXGI,0,512,1,Hardware: Independent Flip,20709.6141,24.9641,24.7213,0.2428,17.4911,24.4138,24.4052,0.0086,42.2222,12.2039,-12.1599,20709.6141,0.3173,NA,NA
SandFall-Win64-Shipping.exe,31024,0x13F96A7D0D0,DXGI,0,512,1,Hardware: Independent Flip,20734.5782,0.3258,0.1536,0.1722,16.9408,0.1796,0.1734,0.0062,29.4620,14.5495,12.7602,20734.5782,12.3416,NA,NA
SandFall-Win64-Shipping.exe,31024,0x13F96A7D0D0,DXGI,0,512,1,Hardware: Independent Flip,20734.9040,26.2863,26.0138,0.2725,16.7946,26.6927,24.9882,1.7045,43.6857,12.2627,-14.2237,20734.9040,0.1984,59.9668,NA
SandFall-Win64-Shipping.exe,31024,0x13F96A7D0D0,DXGI,0,512,1,Hardware: Independent Flip,20761.1903,0.3194,0.1701,0.1493,17.2010,0.2287,0.2270,0.0017,29.6621,13.1125,14.0236,20761.1903,12.2324,NA,NA
SandFall-Win64-Shipping.exe,31024,0x13F96A7D0D0,DXGI,0,512,1,Hardware: Independent Flip,20761.5097,22.9269,22.6509,0.2760,17.1103,25.3440,25.3313,0.0127,42.4552,13.4260,-12.7931,20761.5097,0.0009,42.3383,NA
SandFall-Win64-Shipping.exe,31024,0x13F96A7D0D0,DXGI,0,512,1,Hardware: Independent Flip,20784.4366,0.3070,0.1533,0.1537,19.5274,0.2183,0.2160,0.0023,32.9543,11.2641,9.5009,20784.4366,13.2086,NA,NA
SandFall-Win64-Shipping.exe,31024,0x13F96A7D0D0,DXGI,0,512,1,Hardware: Independent Flip,20784.7436,24.7462,24.4809,0.2653,19.4387,24.4718,24.4604,0.0114,43.9114,13.2476,-10.9571,20784.7436,0.0009,37.0324,NA
SandFall-Win64-Shipping.exe,31024,0x13F96A7D0D0,DXGI,0,512,1,Hardware: Independent Flip,20809.4898,0.3206,0.1544,0.1662,19.1643,0.2104,0.2081,0.0023,32.4128,13.3039,11.4986,20809.4898,13.0381,NA,NA
SandFall-Win64-Shipping.exe,31024,0x13F96A7D0D0,DXGI,0,512,1,Hardware: Independent Flip,20809.8104,25.9887,25.7021,0.2866,19.0541,26.1731,26.1638,0.0093,45.3961,12.2692,-12.9833,20809.8104,0.1689,38.5889,NA
SandFall-Win64-Shipping.exe,31024,0x13F96A7D0D0,DXGI,0,512,1,Hardware: Independent Flip,20835.7991,0.3115,0.1557,0.1558,19.2385,0.2022,0.1751,0.0271,31.6766,12.9992,13.7195,20835.7991,12.2359,NA,NA
SandFall-Win64-Shipping.exe,31024,0x13F96A7D0D0,DXGI,0,512,1,Hardware: Independent Flip,20836.1106,23.4362,23.1925,0.2437,19.1292,25.2345,25.2238,0.0107,44.3643,12.8162,-12.6877,20836.1106,0.0006,38.8591,NA
SandFall-Win64-Shipping.exe,31024,0x13F96A7D0D0,DXGI,0,512,1,Hardware: Independent Flip,20859.5468,0.3068,0.1560,0.1508,20.9275,0.2144,0.2121,0.0023,33.7443,14.8030,10.6200,20859.5468,12.6024,NA,NA
SandFall-Win64-Shipping.exe,31024,0x13F96A7D0D0,DXGI,0,512,1,Hardware: Independent Flip,20859.8536,25.1036,24.7701,0.3335,20.8351,27.4045,27.3938,0.0107,48.2405,13.0029,-14.4962,20859.8536,0.0009,43.4740,NA
SandFall-Win64-Shipping.exe,31024,0x13F96A7D0D0,DXGI,0,512,1,Hardware: Independent Flip,20884.9572,0.3668,0.1919,0.1749,23.1360,0.2113,0.2093,0.0020,36.1398,15.2706,12.1007,20884.9572,12.7925,NA,NA
SandFall-Win64-Shipping.exe,31024,0x13F96A7D0D0,DXGI,0,512,1,Hardware: Independent Flip,20885.3240,25.3334,25.0306,0.3028,22.9805,28.0623,28.0543,0.0080,51.0436,13.8773,-14.9038,20885.3240,0.0008,44.7510,NA
SandFall-Win64-Shipping.exe,31024,0x13F96A7D0D0,DXGI,0,512,1,Hardware: Independent Flip,20910.6574,0.4059,0.1991,0.2068,25.7094,0.2146,0.2112,0.0034,39.5875,11.9971,11.4561,20910.6574,13.6635,NA,NA
SandFall-Win64-Shipping.exe,31024,0x13F96A7D0D0,DXGI,0,512,1,Hardware: Independent Flip,20911.0633,25.4272,25.1380,0.2892,25.5181,25.6593,25.6541,0.0052,51.1787,14.3206,-11.5912,20911.0633,0.0013,44.6112,NA
SandFall-Win64-Shipping.exe,31024,0x13F96A7D0D0,DXGI,0,512,1,Hardware: Independent Flip,20936.4905,0.3925,0.2331,0.1594,25.7502,0.2258,0.2228,0.0030,40.0721,10.8755,11.1066,20936.4905,14.0961,NA,NA
SandFall-Win64-Shipping.exe,31024,0x13F96A7D0D0,DXGI,0,512,1,Hardware: Independent Flip,20936.8830,26.0950,25.8424,0.2526,25.5835,24.9707,24.9645,0.0062,50.5551,13.7236,-10.4830,20936.8830,0.0009,44.8152,NA
SandFall-Win64-Shipping.exe,31024,0x13F96A7D0D0,DXGI,0,512,1,Hardware: Independent Flip,20962.9780,0.3264,0.1672,0.1592,24.4592,0.2268,0.2240,0.0028,38.1837,12.5522,12.3714,20962.9780,13.4977,NA,NA
SandFall-Win64-Shipping.exe,31024,0x13F96A7D0D0,DXGI,0,512,1,Hardware: Independent Flip,20963.3044,28.3097,28.0569,0.2528,24.3596,25.5700,25.5632,0.0068,50.4095,12.2912,-12.2258,20963.3044,0.4799,69.8080,NA
SandFall-Win64-Shipping.exe,31024,0x13F96A7D0D0,DXGI,0,512,1,Hardware: Independent Flip,20991.6141,0.3199,0.1672,0.1527,21.6199,0.2128,0.2111,0.0017,34.3910,13.6491,16.0185,20991.6141,12.5583,NA,NA
SandFall-Win64-Shipping.exe,31024,0x13F96A7D0D0,DXGI,0,512,1,Hardware: Independent Flip,20991.9340,27.9285,27.6843,0.2442,21.5128,25.8515,25.8423,0.0092,47.7202,12.4911,-13.3292,20991.9340,0.3559,46.0357,NA
SandFall-Win64-Shipping.exe,31024,0x13F96A7D0D0,DXGI,0,512,1,Hardware: Independent Flip,21019.8625,0.2993,0.1524,0.1469,19.4358,0.1694,0.1646,0.0048,32.2828,12.2082,15.4374,21019.8625,12.6776,NA,NA
SandFall-Win64-Shipping.exe,31024,0x13F96A7D0D0,DXGI,0,512,1,Hardware: Independent Flip,21020.1618,18.4455,18.2059,0.2396,19.3059,24.8852,24.8816,0.0036,44.1917,13.0736,-11.9089,21020.1618,0.0006,46.7297,NA
SandFall-Win64-Shipping.exe,31024,0x13F96A7D0D0,DXGI,0,512,1,Hardware: Independent Flip,21038.6073,0.3304,0.1550,0.1754,25.7456,0.2144,0.2114,0.0030,38.8198,12.3817,5.3719,21038.6073,12.8598,NA,NA
SandFall-Win64-Shipping.exe,31024,0x13F96A7D0D0,DXGI,0,512,1,Hardware: Independent Flip,21038.9377,25.1797,24.9343,0.2454,25.6296,25.0448,25.0385,0.0063,50.8711,12.7907,-12.0513,21038.9377,0.1967,53.6317,NA
SandFall-Win64-Shipping.exe,31024,0x13F96A7D0D0,DXGI,0,512,1,Hardware: Independent Flip,21064.1174,0.5255,0.2942,0.2313,25.4947,0.2286,0.2265,0.0021,38.4821,12.9912,12.3890,21064.1174,12.7588,NA,NA
SandFall-Win64-Shipping.exe,31024,0x13F96A7D0D0,DXGI,0,512,1,Hardware: Independent Flip,21064.6429,29.7967,29.5382,0.2585,25.1978,25.3401,25.3318,0.0083,50.9478,12.6661,-12.4657,21064.6429,0.4099,48.6616,NA
SandFall-Win64-Shipping.exe,31024,0x13F96A7D0D0,DXGI,0,512,1,Hardware: Independent Flip,21094.4396,0.3090,0.1613,0.1477,20.7412,0.1587,0.1567,0.0020,33.8172,12.7852,17.1306,21094.4396,12.9173,NA,NA
SandFall-Win64-Shipping.exe,31024,0x13F96A7D0D0,DXGI,0,512,1,Hardware: Independent Flip,21094.7486,26.5185,26.2663,0.2522,20.5909,25.4379,25.4291,0.0088,46.2934,12.9566,-12.4762,21094.7486,0.2646,NA,NA
SandFall-Win64-Shipping.exe,31024,0x13F96A7D0D0,DXGI,0,512,1,Hardware: Independent Flip,21121.2671,0.3205,0.1635,0.1570,19.5103,0.2060,0.2041,0.0019,32.7315,12.1841,13.5619,21121.2671,13.0152,NA,NA
SandFall-Win64-Shipping.exe,31024,0x13F96A7D0D0,DXGI,0,512,1,Hardware: Independent Flip,21121.5876,26.7300,26.4860,0.2440,19.3958,24.8413,24.8334,0.0079,44.5951,12.9274,-11.8636,21121.5876,0.3580,53.1456,NA
SandFall-Win64-Shipping.exe,31024,0x13F96A7D0D0,DXGI,0,512,1,Hardware: Independent Flip,21148.3176,0.3023,0.1556,0.1467,17.5071,0.1996,0.1978,0.0018,30.7925,11.8310,13.8026,21148.3176,13.0858,NA,NA
SandFall-Win64-Shipping.exe,31024,0x13F96A7D0D0,DXGI,0,512,1,Hardware: Independent Flip,21148.6199,20.8379,20.5890,0.2489,17.4044,24.1788,24.1684,0.0104,42.3212,12.5375,-11.5287,21148.6199,0.7380,47.1413,NA
SandFall-Win64-Shipping.exe,31024,0x13F96A7D0D0,DXGI,0,512,1,Hardware: Independent Flip,21169.4578,0.3180,0.1666,0.1514,20.7453,0.2086,0.2068,0.0018,34.0208,12.7237,8.3004,21169.4578,13.0669,NA,NA
SandFall-Win64-Shipping.exe,31024,0x13F96A7D0D0,DXGI,0,512,1,Hardware: Independent Flip,21169.7758,26.6955,26.4477,0.2478,20.6359,24.6915,24.6816,0.0099,46.4265,12.2250,-12.4057,21169.7758,1.0991,41.6520,NA
SandFall-Win64-Shipping.exe,31024,0x13F96A7D0D0,DXGI,0,512,1,Hardware: Independent Flip,21196.4713,0.3014,0.1542,0.1472,18.6319,0.1718,0.1652,0.0066,31.9560,14.0094,14.4705,21196.4713,13.1523,NA,NA
SandFall-Win64-Shipping.exe,31024,0x13F96A7D0D0,DXGI,0,512,1,Hardware: Independent Flip,21196.7727,27.5607,27.3135,0.2472,18.5023,26.3016,25.4162,0.8854,45.6640,12.5163,-13.7080,21196.7727,0.8601,37.1209,NA
SandFall-Win64-Shipping.exe,31024,0x13F96A7D0D0,DXGI,0,512,1,Hardware: Independent Flip,21224.3334,0.3306,0.1550,0.1756,17.2432,0.2476,0.1875,0.0601,30.6196,12.4781,15.0444,21224.3334,13.1288,NA,NA
SandFall-Win64-Shipping.exe,31024,0x13F96A7D0D0,DXGI,0,512,1,Hardware: Independent Flip,21224.6640,25.8644,25.5984,0.2660,17.1602,25.4868,24.6800,0.8068,42.7671,13.1845,-12.1475,21224.6640,0.1201,35.8149,NA
SandFall-Win64-Shipping.exe,31024,0x13F96A7D0D0,DXGI,0,512,1,Hardware: Independent Flip,21250.5284,0.3457,0.1777,0.1680,16.7826,0.1361,0.1306,0.0055,30.0872,13.7168,12.6799,21250.5284,13.1685,NA,NA
SandFall-Win64-Shipping.exe,31024,0x13F96A7D0D0,DXGI,0,512,1,Hardware: Independent Flip,21250.8741,26.1418,25.9045,0.2373,16.5730,26.4106,24.4597,1.9509,43.4583,12.6153,-13.3711,21250.8741,0.4747,36.7146,NA
SandFall-Win64-Shipping.exe,31024,0x13F96A7D0D0,DXGI,0,512,1,Hardware: Independent Flip,21277.0159,0.3129,0.1657,0.1472,16.8418,0.2068,0.2021,0.0047,29.9318,13.1777,13.5265,21277.0159,12.8832,NA,NA
SandFall-Win64-Shipping.exe,31024,0x13F96A7D0D0,DXGI,0,512,1,Hardware: Independent Flip,21277.3288,25.8837,25.6310,0.2527,16.7357,26.0595,24.7788,1.2807,42.7966,13.0824,-12.8648,21277.3288,0.0014,37.5057,NA
SandFall-Win64-Shipping.exe,31024,0x13F96A7D0D0,DXGI,0,512,1,Hardware: Independent Flip,21303.2125,0.3087,0.1551,0.1536,16.9115,0.1805,0.1748,0.0057,29.9953,13.3810,12.8013,21303.2125,12.9033,NA,NA
SandFall-Win64-Shipping.exe,31024,0x13F96A7D0D0,DXGI,0,512,1,Hardware: Independent Flip,21303.5212,26.8827,26.6346,0.2481,16.7833,26.2835,24.6940,1.5895,43.0676,13.1468,-13.0723,21303.5212,0.0008,35.9445,NA
SandFall-Win64-Shipping.exe,31024,0x13F96A7D0D0,DXGI,0,512,1,Hardware: Independent Flip,21330.4039,0.3012,0.1516,0.1496,16.1841,0.1554,0.1539,0.0015,29.3317,12.7539,13.7359,21330.4039,12.9922,NA,NA
SandFall-Win64-Shipping.exe,31024,0x13F96A7D0D0,DXGI,0,512,1,Hardware: Independent Flip,21330.7051,25.1409,24.8659,0.2750,16.0383,25.7456,24.3254,1.4202,41.7844,13.0808,-12.4527,21330.7051,0.0005,39.8379,NA
SandFall-Win64-Shipping.exe,31024,0x13F96A7D0D0,DXGI,0,512,1,Hardware: Independent Flip,21355.8460,0.3384,0.1801,0.1583,16.6430,0.2012,0.1987,0.0025,29.7243,12.3356,12.0601,21355.8460,12.8801,NA,NA
SandFall-Win64-Shipping.exe,31024,0x13F96A7D0D0,DXGI,0,512,1,Hardware: Independent Flip,21356.1844,26.0280,25.7889,0.2391,16.5058,25.2148,25.2065,0.0083,41.7215,12.7948,-11.9972,21356.1844,0.0009,37.1942,NA
SandFall-Win64-Shipping.exe,31024,0x13F96A7D0D0,DXGI,0,512,1,Hardware: Independent Flip,21382.2124,0.3057,0.1553,0.1504,15.6926,0.1990,0.1972,0.0018,28.4883,12.4148,13.2332,21382.2124,12.5967,NA,NA
SandFall-Win64-Shipping.exe,31024,0x13F96A7D0D0,DXGI,0,512,1,Hardware: Independent Flip,21382.5181,23.4346,22.6770,0.7576,15.5859,24.9370,24.9259,0.0111,40.5974,12.4768,-12.1091,21382.5181,0.0745,38.4914,NA
SandFall-Win64-Shipping.exe,31024,0x13F96A7D0D0,DXGI,0,512,1,Hardware: Independent Flip,21405.9527,0.4076,0.1990,0.2086,17.0883,0.2745,0.2726,0.0019,29.6396,12.8999,10.9578,21405.9527,12.2768,NA,NA
SandFall-Win64-Shipping.exe,31024,0x13F96A7D0D0,DXGI,0,512,1,Hardware: Independent Flip,21406.3603,23.6306,23.3831,0.2475,16.9552,25.0632,25.0489,0.0143,42.1319,12.3913,-12.4923,21406.3603,0.1135,36.8684,NA
SandFall-Win64-Shipping.exe,31024,0x13F96A7D0D0,DXGI,0,512,1,Hardware: Independent Flip,21429.9909,0.3189,0.1605,0.1584,18.3878,0.2172,0.2172,0.0000,30.8926,12.3808,11.2393,21429.9909,12.2876,NA,NA
SandFall-Win64-Shipping.exe,31024,0x13F96A7D0D0,DXGI,0,512,1,Hardware: Independent Flip,21430.3098,23.5264,23.2816,0.2448,18.2861,24.6677,24.6539,0.0138,42.9545,12.5258,-12.0619,21430.3098,0.0007,37.3257,NA
SandFall-Win64-Shipping.exe,31024,0x13F96A7D0D0,DXGI,0,512,1,Hardware: Independent Flip,21453.8362,0.3093,0.1507,0.1586,19.4274,0.2129,0.2104,0.0025,31.9539,13.2166,11.0006,21453.8362,12.3136,NA,NA
SandFall-Win64-Shipping.exe,31024,0x13F96A7D0D0,DXGI,0,512,1,Hardware: Independent Flip,21454.1455,26.0823,25.8277,0.2546,19.3310,25.5290,25.5171,0.0119,44.8612,12.5248,-12.9073,21454.1455,0.0012,50.3447,NA
SandFall-Win64-Shipping.exe,31024,0x13F96A7D0D0,DXGI,0,512,1,Hardware: Independent Flip,21480.2278,0.3155,0.1620,0.1535,18.7777,0.2071,0.2046,0.0025,31.3037,13.2139,13.5575,21480.2278,12.3189,NA,NA
SandFall-Win64-Shipping.exe,31024,0x13F96A7D0D0,DXGI,0,512,1,Hardware: Independent Flip,21480.5433,23.5792,23.3263,0.2529,18.6693,25.5321,25.4854,0.0467,44.2021,12.8864,-12.8984,21480.5433,0.0007,58.0160,NA
SandFall-Win64-Shipping.exe,31024,0x13F96A7D0D0,DXGI,0,512,1,Hardware: Independent Flip,21504.1225,0.3103,0.1559,0.1544,20.6222,0.2260,0.2237,0.0023,33.5093,11.7806,10.6928,21504.1225,12.6611,NA,NA
SandFall-Win64-Shipping.exe,31024,0x13F96A7D0D0,DXGI,0,512,1,Hardware: Independent Flip,21504.4328,24.7234,24.4796,0.2438,20.5379,24.4411,24.4303,0.0108,44.9796,13.1247,-11.4703,21504.4328,0.0006,47.7787,NA
SandFall-Win64-Shipping.exe,31024,0x13F96A7D0D0,DXGI,0,512,1,Hardware: Independent Flip,21529.1562,0.3004,0.1524,0.1480,20.2556,0.2252,0.2252,0.0000,33.3809,11.9703,11.5987,21529.1562,12.9001,NA,NA
SandFall-Win64-Shipping.exe,31024,0x13F96A7D0D0,DXGI,0,512,1,Hardware: Independent Flip,21529.4566,24.4577,24.2069,0.2508,20.1804,24.8426,24.8300,0.0126,45.0508,12.4441,-11.6699,21529.4566,0.0278,NA,NA
SandFall-Win64-Shipping.exe,31024,0x13F96A7D0D0,DXGI,0,512,1,Hardware: Independent Flip,21553.9143,0.3039,0.1564,0.1475,20.5653,0.1741,0.1724,0.0017,33.0372,12.7826,12.0136,21553.9143,12.2978,NA,NA
SandFall-Win64-Shipping.exe,31024,0x13F96A7D0D0,DXGI,0,512,1,Hardware: Independent Flip,21554.2182,27.1152,26.8410,0.2742,20.4355,24.8039,24.7909,0.0130,45.5159,12.4051,-12.4787,21554.2182,0.2765,56.1533,NA
SandFall-Win64-Shipping.exe,31024,0x13F96A7D0D0,DXGI,0,512,1,Hardware: Independent Flip,21581.3334,0.3015,0.1541,0.1474,18.1242,0.2128,0.2108,0.0020,30.8058,12.0748,14.7101,21581.3334,12.4688,NA,NA
SandFall-Win64-Shipping.exe,31024,0x13F96A7D0D0,DXGI,0,512,1,Hardware: Independent Flip,21581.6349,22.7719,22.5201,0.2518,18.0355,24.4464,24.4375,0.0089,42.5791,12.6682,-11.7733,21581.6349,0.0972,49.8935,NA
SandFall-Win64-Shipping.exe,31024,0x13F96A7D0D0,DXGI,0,512,1,Hardware: Independent Flip,21604.4068,0.3552,0.1595,0.1957,19.7100,0.2815,0.2790,0.0025,32.4754,13.3910,10.1037,21604.4068,12.4839,NA,NA
SandFall-Win64-Shipping.exe,31024,0x13F96A7D0D0,DXGI,0,512,1,Hardware: Independent Flip,21604.7620,27.8526,27.6030,0.2496,19.6363,25.4740,25.1990,0.2750,45.5112,12.3010,-13.0358,21604.7620,0.4009,45.1748,NA
SandFall-Win64-Shipping.exe,31024,0x13F96A7D0D0,DXGI,0,512,1,Hardware: Independent Flip,21632.6146,0.3205,0.1536,0.1669,17.2577,0.2047,0.2030,0.0017,29.9596,12.8696,15.5516,21632.6146,12.4972,NA,NA
SandFall-Win64-Shipping.exe,31024,0x13F96A7D0D0,DXGI,0,512,1,Hardware: Independent Flip,21632.9351,23.2136,22.9511,0.2625,17.1419,25.3661,25.3543,0.0118,42.5087,12.8598,-12.5491,21632.9351,0.0007,38.8206,NA
SandFall-Win64-Shipping.exe,31024,0x13F96A7D0D0,DXGI,0,512,1,Hardware: Independent Flip,21656.1487,0.3161,0.1584,0.1577,19.2944,0.2416,0.2379,0.0037,32.1549,11.9273,10.3538,21656.1487,12.6189,NA,NA
SandFall-Win64-Shipping.exe,31024,0x13F96A7D0D0,DXGI,0,512,1,Hardware: Independent Flip,21656.4648,25.2178,24.9590,0.2588,19.2199,24.5452,24.4870,0.0582,43.7661,12.8863,-11.6112,21656.4648,0.0010,NA,NA
SandFall-Win64-Shipping.exe,31024,0x13F96A7D0D0,DXGI,0,512,1,Hardware: Independent Flip,21681.6826,0.3815,0.1657,0.2158,18.5473,0.2156,0.2133,0.0023,31.4346,13.3329,12.3315,21681.6826,12.6717,NA,NA
SandFall-Win64-Shipping.exe,31024,0x13F96A7D0D0,DXGI,0,512,1,Hardware: Independent Flip,21682.0641,24.7639,24.5013,0.2626,18.3814,25.7095,25.6962,0.0133,44.3860,12.3763,-12.9514,21682.0641,0.2951,59.8480,NA
SandFall-Win64-Shipping.exe,31024,0x13F96A7D0D0,DXGI,0,512,1,Hardware: Independent Flip,21706.8280,0.3208,0.1647,0.1561,19.3270,0.2034,0.2017,0.0017,31.9984,12.6671,12.3876,21706.8280,12.4680,NA,NA
SandFall-Win64-Shipping.exe,31024,0x13F96A7D0D0,DXGI,0,512,1,Hardware: Independent Flip,21707.1488,25.1709,24.9071,0.2638,19.2096,25.1347,25.1210,0.0137,44.3447,12.9272,-12.3463,21707.1488,0.0004,54.0980,NA
SandFall-Win64-Shipping.exe,31024,0x13F96A7D0D0,DXGI,0,512,1,Hardware: Independent Flip,21732.3197,0.3526,0.1534,0.1992,19.1734,0.1815,0.1775,0.0040,32.1010,12.2713,12.2437,21732.3197,12.7461,NA,NA
SandFall-Win64-Shipping.exe,31024,0x13F96A7D0D0,DXGI,0,512,1,Hardware: Independent Flip,21732.6723,25.2763,25.0224,0.2539,19.0023,25.0163,25.0042,0.0121,44.0197,12.8462,-11.9187,21732.6723,0.0011,48.5892,NA
SandFall-Win64-Shipping.exe,31024,0x13F96A7D0D0,DXGI,0,512,1,Hardware: Independent Flip,21757.9486,0.3014,0.1506,0.1508,18.7423,0.2180,0.2150,0.0030,31.5896,11.9301,12.4301,21757.9486,12.6293,NA,NA
SandFall-Win64-Shipping.exe,31024,0x13F96A7D0D0,DXGI,0,512,1,Hardware: Independent Flip,21758.2500,24.5575,24.3067,0.2508,18.6589,24.3584,24.3489,0.0095,43.2183,12.5104,-11.6287,21758.2500,0.2010,NA,NA
SandFall-Win64-Shipping.exe,31024,0x13F96A7D0D0,DXGI,0,512,1,Hardware: Independent Flip,21782.8075,0.3553,0.1820,0.1733,18.4598,0.2280,0.2280,0.0000,31.1712,12.8028,12.0471,21782.8075,12.4834,NA,NA
SandFall-Win64-Shipping.exe,31024,0x13F96A7D0D0,DXGI,0,512,1,Hardware: Independent Flip,21783.1628,26.4679,26.1709,0.2970,18.3325,24.7962,24.7875,0.0087,43.6187,12.3281,-12.4475,21783.1628,0.4900,52.5724,NA
SandFall-Win64-Shipping.exe,31024,0x13F96A7D0D0,DXGI,0,512,1,Hardware: Independent Flip,21809.6307,0.3043,0.1518,0.1525,16.6608,0.1305,0.1289,0.0016,29.4789,12.9910,14.1398,21809.6307,12.6876,NA,NA
SandFall-Win64-Shipping.exe,31024,0x13F96A7D0D0,DXGI,0,512,1,Hardware: Independent Flip,21809.9350,25.3896,25.0740,0.3156,16.4870,25.4212,24.5511,0.8701,42.1656,12.5310,-12.6867,21809.9350,0.2574,47.1360,NA
SandFall-Win64-Shipping.exe,31024,0x13F96A7D0D0,DXGI,0,512,1,Hardware: Independent Flip,21835.3246,0.3161,0.1589,0.1572,16.5186,0.1358,0.1315,0.0043,29.3070,12.6704,12.8586,21835.3246,12.6526,NA,NA
SandFall-Win64-Shipping.exe,31024,0x13F96A7D0D0,DXGI,0,512,1,Hardware: Independent Flip,21835.6407,24.7787,24.5291,0.2496,16.3383,25.2764,24.5600,0.7164,41.6613,12.7284,-12.3543,21835.6407,0.0466,41.5814,NA
SandFall-Win64-Shipping.exe,31024,0x13F96A7D0D0,DXGI,0,512,1,Hardware: Independent Flip,21860.4194,0.3430,0.1548,0.1882,16.8360,0.3125,0.3094,0.0031,29.6110,11.8596,12.0503,21860.4194,12.4625,NA,NA
SandFall-Win64-Shipping.exe,31024,0x13F96A7D0D0,DXGI,0,512,1,Hardware: Independent Flip,21860.7624,24.7895,24.5153,0.2742,16.8055,24.2341,23.9471,0.2870,41.1276,12.5683,-11.5166,21860.7624,0.0880,35.4105,NA
SandFall-Win64-Shipping.exe,31024,0x13F96A7D0D0,DXGI,0,512,1,Hardware: Independent Flip,21885.5519,0.3080,0.1559,0.1521,16.2501,0.1461,0.1421,0.0040,28.9064,15.7796,12.2212,21885.5519,12.5102,NA,NA
SandFall-Win64-Shipping.exe,31024,0x13F96A7D0D0,DXGI,0,512,1,Hardware: Independent Flip,21885.8599,25.8604,25.6114,0.2490,16.0882,27.8355,27.1209,0.7146,44.3780,12.2129,-15.4716,21885.8599,0.4543,NA,NA
SandFall-Win64-Shipping.exe,31024,0x13F96A7D0D0,DXGI,0,512,1,Hardware: Independent Flip,21911.7203,0.3397,0.1637,0.1760,18.0633,0.1776,0.1736,0.0040,30.7305,15.1784,13.6475,21911.7203,12.4896,NA,NA
SandFall-Win64-Shipping.exe,31024,0x13F96A7D0D0,DXGI,0,512,1,Hardware: Independent Flip,21912.0600,24.8304,24.5835,0.2469,17.9012,27.6671,27.6495,0.0176,45.5692,13.9086,-14.8387,21912.0600,0.0009,39.9513,NA
SandFall-Win64-Shipping.exe,31024,0x13F96A7D0D0,DXGI,0,512,1,Hardware: Independent Flip,21936.8904,0.3059,0.1517,0.1542,20.7379,0.2246,0.2212,0.0034,34.6474,11.2161,10.9218,21936.8904,13.6849,NA,NA
SandFall-Win64-Shipping.exe,31024,0x13F96A7D0D0,DXGI,0,512,1,Hardware: Independent Flip,21937.1963,24.0227,23.7710,0.2517,20.6566,24.9001,24.8934,0.0067,45.5576,13.9849,-10.9102,21937.1963,0.0009,NA,NA
SandFall-Win64-Shipping.exe,31024,0x13F96A7D0D0,DXGI,0,512,1,Hardware: Independent Flip,21961.2190,0.3051,0.1537,0.1514,21.5340,0.2230,0.2204,0.0026,35.5198,10.0613,10.0378,21961.2190,13.7628,NA,NA
SandFall-Win64-Shipping.exe,31024,0x13F96A7D0D0,DXGI,0,512,1,Hardware: Independent Flip,21961.5241,23.9451,23.6781,0.2670,21.4519,23.8232,23.8200,0.0032,45.2760,12.9368,-9.7562,21961.5241,0.0009,NA,NA
SandFall-Win64-Shipping.exe,31024,0x13F96A7D0D0,DXGI,0,512,1,Hardware: Independent Flip,21985.4692,0.3311,0.1630,0.1681,21.3300,0.2223,0.2197,0.0026,34.2677,12.4354,11.0083,21985.4692,12.7154,NA,NA
SandFall-Win64-Shipping.exe,31024,0x13F96A7D0D0,DXGI,0,512,1,Hardware: Independent Flip,21985.8003,23.9776,23.7275,0.2501,21.2212,24.3375,24.3296,0.0079,46.3720,11.4598,-12.1043,21985.8003,0.8133,NA,NA
SandFall-Win64-Shipping.exe,31024,0x13F96A7D0D0,DXGI,0,512,1,Hardware: Independent Flip,22009.7779,0.2999,0.1523,0.1476,21.5811,0.2106,0.2088,0.0018,33.8542,12.6965,12.5178,22009.7779,12.0625,NA,NA
SandFall-Win64-Shipping.exe,31024,0x13F96A7D0D0,DXGI,0,512,1,Hardware: Independent Flip,22010.0778,24.2816,24.0446,0.2370,21.4918,24.4269,24.4151,0.0118,46.2508,11.8826,-12.3966,22010.0778,0.3321,NA,NA
SandFall-Win64-Shipping.exe,31024,0x13F96A7D0D0,DXGI,0,512,1,Hardware: Independent Flip,22034.3594,0.3031,0.1533,0.1498,21.6371,0.1967,0.1950,0.0017,33.8518,11.8511,12.3990,22034.3594,12.0180,NA,NA
SandFall-Win64-Shipping.exe,31024,0x13F96A7D0D0,DXGI,0,512,1,Hardware: Independent Flip,22034.6625,24.1837,23.9454,0.2383,21.5307,23.8682,23.8610,0.0072,45.3998,12.3810,-11.5480,22034.6625,0.0009,NA,NA
SandFall-Win64-Shipping.exe,31024,0x13F96A7D0D0,DXGI,0,512,1,Hardware: Independent Flip,22058.8462,0.3059,0.1535,0.1524,21.2152,0.1829,0.1786,0.0043,33.5971,12.0906,11.8027,22058.8462,12.1990,NA,NA
SandFall-Win64-Shipping.exe,31024,0x13F96A7D0D0,DXGI,0,512,1,Hardware: Independent Flip,22059.1521,24.0933,23.8477,0.2456,21.0922,24.1132,24.1045,0.0087,45.3818,12.1512,-11.7847,22059.1521,0.1764,NA,NA
SandFall-Win64-Shipping.exe,31024,0x13F96A7D0D0,DXGI,0,512,1,Hardware: Independent Flip,22083.2454,0.3045,0.1525,0.1520,21.1121,0.2251,0.2233,0.0018,33.4397,12.4950,11.9421,22083.2454,12.1025,NA,NA
SandFall-Win64-Shipping.exe,31024,0x13F96A7D0D0,DXGI,0,512,1,Hardware: Independent Flip,22083.5499,25.7902,25.5412,0.2490,21.0327,24.3841,24.3722,0.0119,45.6302,12.2469,-12.1905,22083.5499,0.2134,NA,NA
SandFall-Win64-Shipping.exe,31024,0x13F96A7D0D0,DXGI,0,512,1,Hardware: Independent Flip,22109.3401,0.3096,0.1536,0.1560,19.6266,0.2451,0.2435,0.0016,32.0869,12.0844,13.5433,22109.3401,12.2152,NA,NA
SandFall-Win64-Shipping.exe,31024,0x13F96A7D0D0,DXGI,0,512,1,Hardware: Independent Flip,22109.6497,24.3944,24.1257,0.2687,19.5621,24.2140,24.2042,0.0098,43.8617,12.4487,-11.7748,22109.6497,0.0856,NA,NA
SandFall-Win64-Shipping.exe,31024,0x13F96A7D0D0,DXGI,0,512,1,Hardware: Independent Flip,22134.0441,0.3267,0.1738,0.1529,19.3817,0.2940,0.2913,0.0027,31.9160,12.8415,11.9457,22134.0441,12.2403,NA,NA
SandFall-Win64-Shipping.exe,31024,0x13F96A7D0D0,DXGI,0,512,1,Hardware: Independent Flip,22134.3708,24.0331,23.7836,0.2495,19.3490,24.8221,24.8112,0.0109,44.4308,12.2297,-12.5148,22134.3708,0.2597,NA,NA
SandFall-Win64-Shipping.exe,31024,0x13F96A7D0D0,DXGI,0,512,1,Hardware: Independent Flip,22158.4039,1.0452,0.1557,0.8895,20.1380,0.1764,0.1705,0.0059,32.6274,11.5660,11.8034,22158.4039,12.3130,NA,NA
SandFall-Win64-Shipping.exe,31024,0x13F96A7D0D0,DXGI,0,512,1,Hardware: Independent Flip,22159.4491,24.2688,24.0229,0.2459,19.2692,23.8780,23.8656,0.0124,43.1482,12.5542,-10.5208,22159.4491,0.0010,NA,NA
SandFall-Win64-Shipping.exe,31024,0x13F96A7D0D0,DXGI,0,512,1,Hardware: Independent Flip,22183.7179,0.3073,0.1526,0.1547,18.8784,0.2174,0.2174,0.0000,31.4336,12.4453,11.7146,22183.7179,12.3378,NA,NA
SandFall-Win64-Shipping.exe,31024,0x13F96A7D0D0,DXGI,0,512,1,Hardware: Independent Flip,22184.0252,25.1635,24.9061,0.2574,18.7885,24.3455,24.3342,0.0113,43.5716,12.1131,-12.1380,22184.0252,0.4376,NA,NA
SandFall-Win64-Shipping.exe,31024,0x13F96A7D0D0,DXGI,0,512,1,Hardware: Independent Flip,22209.1887,0.4068,0.2173,0.1895,17.9705,0.2019,0.2003,0.0016,30.5212,11.7967,13.0504,22209.1887,12.3488,NA,NA
SandFall-Win64-Shipping.exe,31024,0x13F96A7D0D0,DXGI,0,512,1,Hardware: Independent Flip,22209.5955,24.7351,24.4939,0.2412,17.7656,23.8655,23.8561,0.0094,41.9111,12.2653,-11.3899,22209.5955,0.2800,NA,NA
SandFall-Win64-Shipping.exe,31024,0x13F96A7D0D0,DXGI,0,512,1,Hardware: Independent Flip,22234.3306,0.5246,0.1545,0.3701,16.8960,0.1813,0.1745,0.0068,29.4413,13.5327,12.4698,22234.3306,12.3640,NA,NA
SandFall-Win64-Shipping.exe,31024,0x13F96A7D0D0,DXGI,0,512,1,Hardware: Independent Flip,22234.8552,27.7282,27.4647,0.2635,16.5527,25.3724,24.1747,1.1977,42.4494,12.0907,-13.0081,22234.8552,0.5243,NA,NA
SandFall-Win64-Shipping.exe,31024,0x13F96A7D0D0,DXGI,0,512,1,Hardware: Independent Flip,22262.5834,0.3069,0.1543,0.1526,14.1969,0.1993,0.1977,0.0016,26.8119,11.3857,15.6375,22262.5834,12.4157,NA,NA
SandFall-Win64-Shipping.exe,31024,0x13F96A7D0D0,DXGI,0,512,1,Hardware: Independent Flip,22262.8903,23.3763,23.1239,0.2524,14.0893,23.8002,23.6440,0.1562,37.8907,12.6860,-11.0788,22262.8903,0.0012,NA,NA
SandFall-Win64-Shipping.exe,31024,0x13F96A7D0D0,DXGI,0,512,1,Hardware: Independent Flip,22286.2666,0.3125,0.1563,0.1562,14.5132,0.2016,0.1986,0.0030,27.2004,12.6089,10.6903,22286.2666,12.4856,NA,NA
SandFall-Win64-Shipping.exe,31024,0x13F96A7D0D0,DXGI,0,512,1,Hardware: Independent Flip,22286.5791,22.5271,22.2833,0.2438,14.4023,24.6496,24.0866,0.5630,39.4968,12.0727,-12.2964,22286.5791,0.4449,NA,NA
SandFall-Win64-Shipping.exe,31024,0x13F96A7D0D0,DXGI,0,512,1,Hardware: Independent Flip,22309.1062,0.3118,0.1543,0.1575,16.5248,0.2212,0.2190,0.0022,29.0424,12.0990,10.4544,22309.1062,12.2964,NA,NA
SandFall-Win64-Shipping.exe,31024,0x13F96A7D0D0,DXGI,0,512,1,Hardware: Independent Flip,22309.4180,24.2040,23.9527,0.2513,16.4342,24.2132,23.9717,0.2415,40.8296,12.2533,-11.7872,22309.4180,0.1822,NA,NA
SandFall-Win64-Shipping.exe,31024,0x13F96A7D0D0,DXGI,0,512,1,Hardware: Independent Flip,22333.6220,0.3331,0.1689,0.1642,16.4434,0.1939,0.1921,0.0018,28.8789,12.9623,11.9507,22333.6220,12.2416,NA,NA
SandFall-Win64-Shipping.exe,31024,0x13F96A7D0D0,DXGI,0,512,1,Hardware: Independent Flip,22333.9551,24.5155,24.2693,0.2462,16.3042,24.9484,24.7581,0.1903,41.5081,12.0948,-12.6292,22333.9551,0.2555,NA,NA
SandFall-Win64-Shipping.exe,31024,0x13F96A7D0D0,DXGI,0,512,1,Hardware: Independent Flip,22358.4706,0.4195,0.2278,0.1917,16.7371,0.2036,0.1959,0.0077,29.0874,12.2720,12.4207,22358.4706,12.1467,NA,NA
SandFall-Win64-Shipping.exe,31024,0x13F96A7D0D0,DXGI,0,512,1,Hardware: Independent Flip,22358.8901,24.5842,24.2900,0.2942,16.5212,24.4175,24.1658,0.2517,40.9399,12.3580,-11.8525,22358.8901,0.0012,NA,NA
SandFall-Win64-Shipping.exe,31024,0x13F96A7D0D0,DXGI,0,512,1,Hardware: Independent Flip,22383.4743,0.3315,0.1718,0.1597,16.3545,0.1207,0.1167,0.0040,28.7137,13.0709,12.2262,22383.4743,12.2385,NA,NA
SandFall-Win64-Shipping.exe,31024,0x13F96A7D0D0,DXGI,0,512,1,Hardware: Independent Flip,22383.8058,25.2508,24.9870,0.2638,16.1437,25.3082,24.9520,0.3562,41.4531,12.3300,-12.7394,22383.8058,0.0012,NA,NA
SandFall-Win64-Shipping.exe,31024,0x13F96A7D0D0,DXGI,0,512,1,Hardware: Independent Flip,22409.0566,0.3078,0.1552,0.1526,16.2011,0.1860,0.1843,0.0017,28.5323,11.5634,12.9208,22409.0566,12.1452,NA,NA
SandFall-Win64-Shipping.exe,31024,0x13F96A7D0D0,DXGI,0,512,1,Hardware: Independent Flip,22409.3644,23.3733,23.1204,0.2529,16.0793,23.7076,23.6991,0.0085,39.7879,12.6766,-11.2556,22409.3644,0.0010,NA,NA
SandFall-Win64-Shipping.exe,31024,0x13F96A7D0D0,DXGI,0,512,1,Hardware: Independent Flip,22432.7377,0.3216,0.1571,0.1645,16.4136,0.2077,0.2055,0.0022,29.0912,11.5269,10.6967,22432.7377,12.4699,NA,NA
SandFall-Win64-Shipping.exe,31024,0x13F96A7D0D0,DXGI,0,512,1,Hardware: Independent Flip,22433.0593,23.4657,23.2174,0.2483,16.2997,23.9707,23.9645,0.0062,40.2965,12.2358,-11.2053,22433.0593,0.0261,NA,NA
SandFall-Win64-Shipping.exe,31024,0x13F96A7D0D0,DXGI,0,512,1,Hardware: Independent Flip,22456.5250,0.3169,0.1537,0.1632,16.8047,0.2217,0.2150,0.0067,29.0666,13.4486,11.2299,22456.5250,12.0402,NA,NA
SandFall-Win64-Shipping.exe,31024,0x13F96A7D0D0,DXGI,0,512,1,Hardware: Independent Flip,22456.8419,25.5859,25.3378,0.2481,16.7095,25.1006,23.9692,1.1314,42.1983,11.8027,-13.1317,22456.8419,0.3882,45.4098,NA
SandFall-Win64-Shipping.exe,31024,0x13F96A7D0D0,DXGI,0,512,1,Hardware: Independent Flip,22482.4278,0.3328,0.1779,0.1549,16.2242,0.1672,0.1623,0.0049,28.4151,12.4303,13.7832,22482.4278,12.0237,NA,NA
SandFall-Win64-Shipping.exe,31024,0x13F96A7D0D0,DXGI,0,512,1,Hardware: Independent Flip,22482.7606,23.9471,23.7068,0.2403,16.0586,24.4532,24.1769,0.2763,40.5126,12.6615,-12.0975,22482.7606,0.0008,NA,NA
SandFall-Win64-Shipping.exe,31024,0x13F96A7D0D0,DXGI,0,512,1,Hardware: Independent Flip,22506.7077,0.3034,0.1548,0.1486,16.5647,0.1928,0.1905,0.0023,29.2270,11.7343,11.2856,22506.7077,12.4695,NA,NA
SandFall-Win64-Shipping.exe,31024,0x13F96A7D0D0,DXGI,0,512,1,Hardware: Independent Flip,22507.0111,24.2293,23.9900,0.2393,16.4541,24.2027,23.8887,0.3140,40.6579,12.4585,-11.4309,22507.0111,0.0011,49.0377,NA
SandFall-Win64-Shipping.exe,31024,0x13F96A7D0D0,DXGI,0,512,1,Hardware: Independent Flip,22531.2404,0.3408,0.1534,0.1874,16.4275,0.2529,0.2496,0.0033,28.8871,12.6398,11.7708,22531.2404,12.2067,NA,NA
SandFall-Win64-Shipping.exe,31024,0x13F96A7D0D0,DXGI,0,512,1,Hardware: Independent Flip,22531.5812,24.0896,23.7406,0.3490,16.3396,24.8295,24.8206,0.0089,41.1861,12.1102,-12.2990,22531.5812,0.0170,NA,NA
SandFall-Win64-Shipping.exe,31024,0x13F96A7D0D0,DXGI,0,512,1,Hardware: Independent Flip,22555.6708,0.4506,0.1881,0.2625,17.0795,0.2036,0.2012,0.0024,29.2067,12.2600,11.9794,22555.6708,11.9236,NA,NA
SandFall-Win64-Shipping.exe,31024,0x13F96A7D0D0,DXGI,0,512,1,Hardware: Independent Flip,22556.1214,24.6360,24.3924,0.2436,16.8325,24.1829,24.1726,0.0103,41.0161,12.3511,-11.8094,22556.1214,0.0007,NA,NA
SandFall-Win64-Shipping.exe,31024,0x13F96A7D0D0,DXGI,0,512,1,Hardware: Independent Flip,22580.7574,0.3158,0.1635,0.1523,16.3794,0.2203,0.2203,0.0000,28.7312,11.7646,12.2849,22580.7574,12.1315,NA,NA
SandFall-Win64-Shipping.exe,31024,0x13F96A7D0D0,DXGI,0,512,1,Hardware: Independent Flip,22581.0732,24.5474,24.2671,0.2803,16.2839,23.8952,23.8882,0.0070,40.1800,12.3069,-11.4488,22581.0732,0.0009,39.5932,NA
SandFall-Win64-Shipping.exe,31024,0x13F96A7D0D0,DXGI,0,512,1,Hardware: Independent Flip,22605.6206,0.3169,0.1662,0.1507,15.6317,0.1997,0.1931,0.0066,27.9395,12.8091,12.2405,22605.6206,12.1081,NA,NA
SandFall-Win64-Shipping.exe,31024,0x13F96A7D0D0,DXGI,0,512,1,Hardware: Independent Flip,22605.9375,24.3814,24.1272,0.2542,15.5145,24.8873,23.6744,1.2129,40.4317,12.0218,-12.4922,22605.9375,0.0299,45.7386,NA
SandFall-Win64-Shipping.exe,31024,0x13F96A7D0D0,DXGI,0,512,1,Hardware: Independent Flip,22630.3189,0.3227,0.1746,0.1481,16.0204,0.2088,0.2064,0.0024,28.0721,12.4653,12.3596,22630.3189,11.8429,NA,NA
SandFall-Win64-Shipping.exe,31024,0x13F96A7D0D0,DXGI,0,512,1,Hardware: Independent Flip,22630.6416,21.4482,21.1740,0.2742,15.9065,24.3075,24.2549,0.0526,40.2147,12.5280,-12.1426,22630.6416,0.0007,NA,NA
SandFall-Win64-Shipping.exe,31024,0x13F96A7D0D0,DXGI,0,512,1,Hardware: Independent Flip,22652.0898,0.3052,0.1545,0.1507,18.7658,0.2153,0.2130,0.0023,31.2945,11.7113,8.9202,22652.0898,12.3134,NA,NA
SandFall-Win64-Shipping.exe,31024,0x13F96A7D0D0,DXGI,0,512,1,Hardware: Independent Flip,22652.3950,24.6909,24.4480,0.2429,18.6759,24.0237,24.0062,0.0175,42.7006,12.4901,-11.4061,22652.3950,0.0010,NA,NA
SandFall-Win64-Shipping.exe,31024,0x13F96A7D0D0,DXGI,0,512,1,Hardware: Independent Flip,22677.0859,0.2989,0.1497,0.1492,18.0087,0.2785,0.2761,0.0024,30.4998,11.9772,12.2008,22677.0859,12.2126,NA,NA
SandFall-Win64-Shipping.exe,31024,0x13F96A7D0D0,DXGI,0,512,1,Hardware: Independent Flip,22677.3848,23.2359,22.9811,0.2548,17.9883,24.1575,24.1452,0.0123,42.1781,12.0792,-11.6783,22677.3848,0.0323,NA,NA
SandFall-Win64-Shipping.exe,31024,0x13F96A7D0D0,DXGI,0,512,1,Hardware: Independent Flip,22700.6207,0.3420,0.1568,0.1852,18.9099,0.2625,0.2592,0.0033,31.0214,12.1687,11.1567,22700.6207,11.8490,NA,NA
SandFall-Win64-Shipping.exe,31024,0x13F96A7D0D0,DXGI,0,512,1,Hardware: Independent Flip,22700.9627,24.1251,23.8531,0.2720,18.8304,23.9227,23.9147,0.0080,42.8481,11.9328,-11.8267,22700.9627,0.0950,NA,NA
SandFall-Win64-Shipping.exe,31024,0x13F96A7D0D0,DXGI,0,512,1,Hardware: Independent Flip,22725.0878,0.3270,0.1737,0.1533,18.6280,0.2996,0.2972,0.0024,30.6558,12.2539,12.1923,22725.0878,11.7282,NA,NA
SandFall-Win64-Shipping.exe,31024,0x13F96A7D0D0,DXGI,0,512,1,Hardware: Independent Flip,22725.4148,22.3607,22.1045,0.2562,18.6006,23.9813,23.9709,0.0104,42.5827,12.0391,-11.9269,22725.4148,0.0008,NA,NA
SandFall-Win64-Shipping.exe,31024,0x13F96A7D0D0,DXGI,0,512,1,Hardware: Independent Flip,22747.7755,0.3143,0.1589,0.1554,20.2212,0.2137,0.2115,0.0022,32.2611,12.3220,10.3216,22747.7755,11.8262,NA,NA
SandFall-Win64-Shipping.exe,31024,0x13F96A7D0D0,DXGI,0,512,1,Hardware: Independent Flip,22748.0898,22.9028,22.6557,0.2471,20.1206,24.1472,24.1362,0.0110,44.2688,12.2122,-12.0077,22748.0898,0.0010,NA,NA
SandFall-Win64-Shipping.exe,31024,0x13F96A7D0D0,DXGI,0,512,1,Hardware: Independent Flip,22770.9926,0.3276,0.1532,0.1744,21.3650,0.2213,0.2213,0.0000,33.5782,12.6708,10.6906,22770.9926,11.9919,NA,NA
SandFall-Win64-Shipping.exe,31024,0x13F96A7D0D0,DXGI,0,512,1,Hardware: Independent Flip,22771.3202,27.0513,26.7995,0.2518,21.2587,24.6617,24.6544,0.0073,45.9214,12.3194,-12.3432,22771.3202,0.0010,NA,NA
SandFall-Win64-Shipping.exe,31024,0x13F96A7D0D0,DXGI,0,512,1,Hardware: Independent Flip,22798.3715,0.3003,0.1514,0.1489,18.8691,0.2187,0.2163,0.0024,31.1895,13.0013,14.7319,22798.3715,12.1017,NA,NA
SandFall-Win64-Shipping.exe,31024,0x13F96A7D0D0,DXGI,0,512,1,Hardware: Independent Flip,22798.6718,22.2051,21.9463,0.2588,18.7875,25.1024,25.0944,0.0080,43.8905,12.5349,-12.7010,22798.6718,0.0006,NA,NA
SandFall-Win64-Shipping.exe,31024,0x13F96A7D0D0,DXGI,0,512,1,Hardware: Independent Flip,22820.8769,0.3117,0.1611,0.1506,21.6848,0.2265,0.2239,0.0026,34.2203,11.7302,9.6702,22820.8769,12.3090,NA,NA
SandFall-Win64-Shipping.exe,31024,0x13F96A7D0D0,DXGI,0,512,1,Hardware: Independent Flip,22821.1886,23.2518,22.9988,0.2530,21.5996,24.0380,24.0352,0.0028,45.6388,12.8104,-11.4185,22821.1886,0.0012,42.1731,NA
SandFall-Win64-Shipping.exe,31024,0x13F96A7D0D0,DXGI,0,512,1,Hardware: Independent Flip,22844.4404,0.3035,0.1528,0.1507,22.3858,0.2718,0.2683,0.0035,35.1974,11.9042,10.4414,22844.4404,12.5398,NA,NA
SandFall-Win64-Shipping.exe,31024,0x13F96A7D0D0,DXGI,0,512,1,Hardware: Independent Flip,22844.7439,23.9843,23.7377,0.2466,22.3541,24.4431,24.4340,0.0091,46.7981,12.3746,-11.6007,22844.7439,0.0009,NA,NA
SandFall-Win64-Shipping.exe,31024,0x13F96A7D0D0,DXGI,0,512,1,Hardware: Independent Flip,22868.7282,0.3473,0.1906,0.1567,22.8129,0.2246,0.2228,0.0018,35.1884,12.9004,11.6097,22868.7282,12.1509,NA,NA
SandFall-Win64-Shipping.exe,31024,0x13F96A7D0D0,DXGI,0,512,1,Hardware: Independent Flip,22869.0755,29.1271,28.8799,0.2472,22.6902,24.9695,24.9630,0.0065,47.7415,12.3193,-12.5531,22869.0755,0.0818,NA,NA
SandFall-Win64-Shipping.exe,31024,0x13F96A7D0D0,DXGI,0,512,1,Hardware: Independent Flip,22898.2026,0.3086,0.1562,0.1524,18.5326,0.2922,0.2894,0.0028,30.9337,14.9429,16.8078,22898.2026,12.1089,NA,NA
SandFall-Win64-Shipping.exe,31024,0x13F96A7D0D0,DXGI,0,512,1,Hardware: Independent Flip,22898.5112,22.1587,21.9136,0.2451,18.5162,27.0512,27.0448,0.0064,45.5680,12.7815,-14.6343,22898.5112,0.0006,NA,NA
SandFall-Win64-Shipping.exe,31024,0x13F96A7D0D0,DXGI,0,512,1,Hardware: Independent Flip,22920.6699,0.3029,0.1520,0.1509,23.4087,0.2245,0.2217,0.0028,36.1908,15.0842,9.3772,22920.6699,12.5576,NA,NA
SandFall-Win64-Shipping.exe,31024,0x13F96A7D0D0,DXGI,0,512,1,Hardware: Independent Flip,22920.9728,23.4260,23.1674,0.2586,23.3303,27.6410,27.6319,0.0091,50.9721,13.8416,-14.7813,22920.9728,0.0008,NA,NA
SandFall-Win64-Shipping.exe,31024,0x13F96A7D0D0,DXGI,0,512,1,Hardware: Independent Flip,22944.3988,0.3234,0.1714,0.1520,27.5453,0.2590,0.2551,0.0039,41.3877,11.3231,9.5844,22944.3988,13.5834,NA,NA
SandFall-Win64-Shipping.exe,31024,0x13F96A7D0D0,DXGI,0,512,1,Hardware: Independent Flip,22944.7222,29.9348,29.6899,0.2449,27.4809,24.9057,24.8980,0.0077,52.3874,14.0987,-10.9997,22944.7222,0.0008,NA,NA
SandFall-Win64-Shipping.exe,31024,0x13F96A7D0D0,DXGI,0,512,1,Hardware: Independent Flip,22974.6570,0.3076,0.1576,0.1500,22.4518,0.2355,0.2355,0.0000,36.5513,10.3207,15.8361,22974.6570,13.8640,NA,NA
SandFall-Win64-Shipping.exe,31024,0x13F96A7D0D0,DXGI,0,512,1,Hardware: Independent Flip,22974.9646,19.8887,19.6291,0.2596,22.3797,24.1839,24.1775,0.0064,46.5644,13.3171,-10.0131,22974.9646,0.0008,45.9037,NA
SandFall-Win64-Shipping.exe,31024,0x13F96A7D0D0,DXGI,0,512,1,Hardware: Independent Flip,22994.8533,0.3049,0.1579,0.1470,26.6749,0.2535,0.2513,0.0022,39.9928,12.1227,6.5716,22994.8533,13.0644,NA,NA
SandFall-Win64-Shipping.exe,31024,0x13F96A7D0D0,DXGI,0,512,1,Hardware: Independent Flip,22995.1582,25.2714,25.0132,0.2582,26.6235,24.2758,24.2688,0.0070,51.8106,11.7658,-11.8178,22995.1582,0.9113,48.3480,NA
SandFall-Win64-Shipping.exe,31024,0x13F96A7D0D0,DXGI,0,512,1,Hardware: Independent Flip,23020.4296,0.3383,0.1789,0.1594,25.6279,0.2626,0.2600,0.0026,38.3050,13.2779,13.5056,23020.4296,12.4145,NA,NA
SandFall-Win64-Shipping.exe,31024,0x13F96A7D0D0,DXGI,0,512,1,Hardware: Independent Flip,23020.7679,28.8771,28.6299,0.2472,25.5522,24.9515,24.9419,0.0096,51.2446,11.9513,-12.9396,23020.7679,0.7409,NA,NA
SandFall-Win64-Shipping.exe,31024,0x13F96A7D0D0,DXGI,0,512,1,Hardware: Independent Flip,23049.6450,0.3183,0.1619,0.1564,21.6266,0.2176,0.2158,0.0018,34.3188,13.2056,16.9258,23049.6450,12.4746,NA,NA
SandFall-Win64-Shipping.exe,31024,0x13F96A7D0D0,DXGI,0,512,1,Hardware: Independent Flip,23049.9633,27.5885,27.3343,0.2542,21.5259,25.5951,25.5916,0.0035,47.2061,12.5851,-12.8873,23049.9633,0.0851,NA,NA
SandFall-Win64-Shipping.exe,31024,0x13F96A7D0D0,DXGI,0,512,1,Hardware: Independent Flip,23077.5518,0.3149,0.1653,0.1496,19.5325,0.2889,0.2864,0.0025,32.2027,13.3657,15.0034,23077.5518,12.3813,NA,NA
SandFall-Win64-Shipping.exe,31024,0x13F96A7D0D0,DXGI,0,512,1,Hardware: Independent Flip,23077.8667,24.1132,23.8788,0.2344,19.5065,25.7461,25.7397,0.0064,45.2535,12.9908,-13.0508,23077.8667,0.0009,NA,NA
SandFall-Win64-Shipping.exe,31024,0x13F96A7D0D0,DXGI,0,512,1,Hardware: Independent Flip,23101.9799,0.3025,0.1521,0.1504,21.1394,0.2237,0.2237,0.0000,34.1311,11.4866,11.1224,23101.9799,12.7680,NA,NA
SandFall-Win64-Shipping.exe,31024,0x13F96A7D0D0,DXGI,0,512,1,Hardware: Independent Flip,23102.2824,19.7801,19.5536,0.2265,21.0606,24.2546,24.2481,0.0065,45.3152,13.2354,-11.1841,23102.2824,NA,NA,NA
SandFall-Win64-Shipping.exe,31024,0x13F96A7D0D0,DXGI,0,512,1,Hardware: Independent Flip,23122.0625,0.3051,0.1561,0.1490,25.5351,0.2160,0.2132,0.0028,38.7705,12.6035,6.5447,23122.0625,13.0194,NA,NA
SandFall-Win64-Shipping.exe,31024,0x13F96A7D0D0,DXGI,0,512,1,Hardware: Independent Flip,23122.3676,27.0198,26.7641,0.2557,25.4460,25.1891,25.1772,0.0119,51.0689,12.5025,-12.2984,23122.3676,0.4338,NA,NA
SandFall-Win64-Shipping.exe,31024,0x13F96A7D0D0,DXGI,0,512,1,Hardware: Independent Flip,23149.3874,0.3250,0.1722,0.1528,23.6153,0.2130,0.2112,0.0018,36.5516,12.8625,14.5173,23149.3874,12.7233,NA,NA
SandFall-Win64-Shipping.exe,31024,0x13F96A7D0D0,DXGI,0,512,1,Hardware: Independent Flip,23149.7124,30.9634,30.7128,0.2506,23.5033,25.1962,25.1874,0.0088,49.0891,12.5470,-12.5375,23149.7124,0.3896,52.1665,NA
SandFall-Win64-Shipping.exe,31024,0x13F96A7D0D0,DXGI,0,512,1,Hardware: Independent Flip,23180.6758,0.3193,0.1643,0.1550,17.7361,0.2314,0.2284,0.0030,30.6727,12.7674,18.4164,23180.6758,12.7052,NA,NA
SandFall-Win64-Shipping.exe,31024,0x13F96A7D0D0,DXGI,0,512,1,Hardware: Independent Flip,23180.9951,26.2049,25.9540,0.2509,17.6482,25.2330,25.2241,0.0089,43.1208,13.0281,-12.4481,23180.9951,0.2396,44.4806,NA
SandFall-Win64-Shipping.exe,31024,0x13F96A7D0D0,DXGI,0,512,1,Hardware: Independent Flip,23207.2000,0.3193,0.1606,0.1587,16.6763,0.2087,0.2067,0.0020,29.9440,12.3112,13.1768,23207.2000,13.0590,NA,NA
SandFall-Win64-Shipping.exe,31024,0x13F96A7D0D0,DXGI,0,512,1,Hardware: Independent Flip,23207.5193,21.0471,20.7972,0.2499,16.5657,24.9901,24.9738,0.0163,41.9359,12.7449,-11.9919,23207.5193,0.3801,NA,NA
SandFall-Win64-Shipping.exe,31024,0x13F96A7D0D0,DXGI,0,512,1,Hardware: Independent Flip,23228.5664,0.3029,0.1519,0.1510,20.5087,0.2088,0.2072,0.0016,33.6337,12.9872,8.3022,23228.5664,12.9162,NA,NA
SandFall-Win64-Shipping.exe,31024,0x13F96A7D0D0,DXGI,0,512,1,Hardware: Independent Flip,23228.8693,26.4715,26.1211,0.3504,20.4146,25.2987,25.2917,0.0070,46.3180,12.5948,-12.6843,23228.8693,0.6047,39.5469,NA
SandFall-Win64-Shipping.exe,31024,0x13F96A7D0D0,DXGI,0,512,1,Hardware: Independent Flip,23255.3408,0.3385,0.1761,0.1624,19.2418,0.1657,0.1598,0.0059,32.4413,15.7888,13.8767,23255.3408,13.0338,NA,NA
SandFall-Win64-Shipping.exe,31024,0x13F96A7D0D0,DXGI,0,512,1,Hardware: Independent Flip,23255.6793,30.3003,30.0222,0.2781,19.0690,28.4042,25.0452,3.3590,47.8916,12.7929,-15.4503,23255.6793,0.4184,53.9446,NA
SandFall-Win64-Shipping.exe,31024,0x13F96A7D0D0,DXGI,0,512,1,Hardware: Independent Flip,23285.9796,0.3208,0.1555,0.1653,17.1729,0.2002,0.1984,0.0018,30.3842,11.7414,17.5074,23285.9796,13.0111,NA,NA
SandFall-Win64-Shipping.exe,31024,0x13F96A7D0D0,DXGI,0,512,1,Hardware: Independent Flip,23286.3004,21.6404,21.3943,0.2461,17.0523,24.7519,24.6579,0.0940,41.8048,14.2901,-11.4206,23286.3004,0.0006,44.4715,NA
SandFall-Win64-Shipping.exe,31024,0x13F96A7D0D0,DXGI,0,512,1,Hardware: Independent Flip,23307.9408,0.2996,0.1515,0.1481,20.1638,0.2088,0.2064,0.0024,34.4545,10.8352,7.3503,23307.9408,14.0819,NA,NA
SandFall-Win64-Shipping.exe,31024,0x13F96A7D0D0,DXGI,0,512,1,Hardware: Independent Flip,23308.2404,25.6372,25.3418,0.2954,20.0730,24.7386,24.7290,0.0096,44.9901,12.9594,-10.5356,23308.2404,0.1785,38.6075,NA
SandFall-Win64-Shipping.exe,31024,0x13F96A7D0D0,DXGI,0,512,1,Hardware: Independent Flip,23333.8776,0.3436,0.1547,0.1889,19.1744,0.2131,0.2111,0.0020,32.3123,13.4541,12.6778,23333.8776,12.9248,NA,NA
SandFall-Win64-Shipping.exe,31024,0x13F96A7D0D0,DXGI,0,512,1,Hardware: Independent Flip,23334.2212,26.6365,26.2934,0.3431,19.0439,25.1282,25.1216,0.0066,45.4228,11.8593,-13.1105,23334.2212,1.2507,39.0235,NA
SandFall-Win64-Shipping.exe,31024,0x13F96A7D0D0,DXGI,0,512,1,Hardware: Independent Flip,23360.8577,0.3183,0.1610,0.1573,17.5356,0.2170,0.2118,0.0052,30.6456,15.6979,14.7772,23360.8577,12.8930,NA,NA
SandFall-Win64-Shipping.exe,31024,0x13F96A7D0D0,DXGI,0,512,1,Hardware: Independent Flip,23361.1760,27.0094,26.7524,0.2570,17.4343,28.1306,26.9555,1.1751,46.0252,12.5434,-15.3796,23361.1760,0.4603,40.5751,NA
SandFall-Win64-Shipping.exe,31024,0x13F96A7D0D0,DXGI,0,512,1,Hardware: Independent Flip,23388.1854,0.3061,0.1544,0.1517,18.5555,0.1926,0.1910,0.0016,31.5592,14.6900,14.4660,23388.1854,12.8111,NA,NA
SandFall-Win64-Shipping.exe,31024,0x13F96A7D0D0,DXGI,0,512,1,Hardware: Independent Flip,23388.4915,23.6926,23.4502,0.2424,18.4420,27.5004,27.4926,0.0078,45.9431,13.9013,-14.3839,23388.4915,0.0007,41.8194,NA
SandFall-Win64-Shipping.exe,31024,0x13F96A7D0D0,DXGI,0,512,1,Hardware: Independent Flip,23412.1841,0.2972,0.1515,0.1457,22.2498,0.2202,0.2176,0.0026,36.1518,12.2810,9.7913,23412.1841,13.6818,NA,NA
SandFall-Win64-Shipping.exe,31024,0x13F96A7D0D0,DXGI,0,512,1,Hardware: Independent Flip,23412.4813,27.6098,27.3334,0.2764,22.1728,25.9623,25.9531,0.0092,48.1356,14.3055,-11.9838,23412.4813,0.0005,43.9950,NA
SandFall-Win64-Shipping.exe,31024,0x13F96A7D0D0,DXGI,0,512,1,Hardware: Independent Flip,23440.0911,0.3395,0.1554,0.1841,20.5253,0.1807,0.1765,0.0042,34.8313,10.9621,13.3043,23440.0911,14.1253,NA,NA
SandFall-Win64-Shipping.exe,31024,0x13F96A7D0D0,DXGI,0,512,1,Hardware: Independent Flip,23440.4306,22.8508,22.6044,0.2464,20.3665,25.0861,25.0772,0.0089,45.4539,13.3816,-10.6226,23440.4306,0.0013,42.2623,NA
SandFall-Win64-Shipping.exe,31024,0x13F96A7D0D0,DXGI,0,512,1,Hardware: Independent Flip,23463.2814,0.2928,0.1477,0.1451,22.6018,0.2145,0.2120,0.0025,35.9847,12.7507,9.4692,23463.2814,13.1684,NA,NA
SandFall-Win64-Shipping.exe,31024,0x13F96A7D0D0,DXGI,0,512,1,Hardware: Independent Flip,23463.5742,25.7791,25.5362,0.2429,22.5235,25.2462,25.2350,0.0112,48.4426,12.4565,-12.4579,23463.5742,0.6729,42.3944,NA
SandFall-Win64-Shipping.exe,31024,0x13F96A7D0D0,DXGI,0,512,1,Hardware: Independent Flip,23489.3533,0.3093,0.1564,0.1529,21.9906,0.2148,0.2131,0.0017,35.1200,13.2766,13.3226,23489.3533,12.9146,NA,NA
SandFall-Win64-Shipping.exe,31024,0x13F96A7D0D0,DXGI,0,512,1,Hardware: Independent Flip,23489.6626,27.3083,26.9809,0.3274,21.8961,25.6592,25.6484,0.0108,48.0873,12.8024,-12.9673,23489.6626,0.5320,41.4231,NA
SandFall-Win64-Shipping.exe,31024,0x13F96A7D0D0,DXGI,0,512,1,Hardware: Independent Flip,23516.9709,0.3242,0.1562,0.1680,20.2470,0.1981,0.1964,0.0017,33.5814,12.0964,14.5059,23516.9709,13.1363,NA,NA
SandFall-Win64-Shipping.exe,31024,0x13F96A7D0D0,DXGI,0,512,1,Hardware: Independent Flip,23517.2951,24.4396,24.1915,0.2481,20.1209,24.9285,24.9153,0.0132,45.3536,13.0525,-11.7722,23517.2951,0.3042,40.0289,NA
SandFall-Win64-Shipping.exe,31024,0x13F96A7D0D0,DXGI,0,512,1,Hardware: Independent Flip,23541.7347,0.3116,0.1522,0.1594,20.6098,0.2178,0.2178,0.0000,33.9665,12.8540,11.3871,23541.7347,13.1389,NA,NA
SandFall-Win64-Shipping.exe,31024,0x13F96A7D0D0,DXGI,0,512,1,Hardware: Independent Flip,23542.0463,28.8431,28.4836,0.3595,20.5160,25.2032,25.1898,0.0134,46.5089,12.4482,-12.5424,23542.0463,0.7897,42.9338,NA
SandFall-Win64-Shipping.exe,31024,0x13F96A7D0D0,DXGI,0,512,1,Hardware: Independent Flip,23570.8894,0.4101,0.2036,0.2065,16.8761,0.1904,0.1887,0.0017,30.1140,12.3493,16.3949,23570.8894,13.0475,NA,NA
SandFall-Win64-Shipping.exe,31024,0x13F96A7D0D0,DXGI,0,512,1,Hardware: Independent Flip,23571.2995,23.6448,23.3964,0.2484,16.6564,24.7992,24.7896,0.0096,42.0532,12.6313,-11.9392,23571.2995,0.5976,47.7127,NA
SandFall-Win64-Shipping.exe,31024,0x13F96A7D0D0,DXGI,0,512,1,Hardware: Independent Flip,23594.9443,0.3218,0.1628,0.1590,17.8108,0.1861,0.1820,0.0041,31.0397,14.4454,11.0135,23594.9443,13.0428,NA,NA
SandFall-Win64-Shipping.exe,31024,0x13F96A7D0D0,DXGI,0,512,1,Hardware: Independent Flip,23595.2661,27.0092,26.7603,0.2489,17.6751,26.7390,25.3870,1.3520,45.1633,12.5183,-14.1236,23595.2661,0.7492,51.8136,NA
SandFall-Win64-Shipping.exe,31024,0x13F96A7D0D0,DXGI,0,512,1,Hardware: Independent Flip,23622.2753,0.3344,0.1506,0.1838,17.4049,0.1631,0.1566,0.0065,30.6724,12.6663,14.4909,23622.2753,13.1044,NA,NA
SandFall-Win64-Shipping.exe,31024,0x13F96A7D0D0,DXGI,0,512,1,Hardware: Independent Flip,23622.6097,24.4216,24.1693,0.2523,17.2336,25.7698,25.7619,0.0079,43.0043,13.3097,-12.3319,23622.6097,0.0009,46.9833,NA
SandFall-Win64-Shipping.exe,31024,0x13F96A7D0D0,DXGI,0,512,1,Hardware: Independent Flip,23647.0313,0.3049,0.1550,0.1499,18.5818,0.1938,0.1918,0.0020,31.8924,12.2340,11.1119,23647.0313,13.1168,NA,NA
SandFall-Win64-Shipping.exe,31024,0x13F96A7D0D0,DXGI,0,512,1,Hardware: Independent Flip,23647.3362,26.1633,25.9160,0.2473,18.4707,25.1988,24.8438,0.3550,43.8215,13.0007,-11.9291,23647.3362,0.1520,56.4217,NA
SandFall-Win64-Shipping.exe,31024,0x13F96A7D0D0,DXGI,0,512,1,Hardware: Independent Flip,23673.4995,0.3340,0.1672,0.1668,17.5062,0.1663,0.1644,0.0019,30.6589,14.2325,13.1626,23673.4995,12.9864,NA,NA
SandFall-Win64-Shipping.exe,31024,0x13F96A7D0D0,DXGI,0,512,1,Hardware: Independent Flip,23673.8335,28.8558,28.5989,0.2569,17.3385,26.6831,24.8949,1.7882,44.5574,12.4698,-13.8985,23673.8335,0.5358,46.7557,NA
SandFall-Win64-Shipping.exe,31024,0x13F96A7D0D0,DXGI,0,512,1,Hardware: Independent Flip,23702.6893,0.3084,0.1576,0.1508,15.1658,0.1809,0.1789,0.0020,28.1714,14.0238,16.3860,23702.6893,12.8247,NA,NA
SandFall-Win64-Shipping.exe,31024,0x13F96A7D0D0,DXGI,0,512,1,Hardware: Independent Flip,23702.9977,26.6064,26.3646,0.2418,15.0383,26.8477,25.0576,1.7901,41.8868,13.3053,-13.7154,23702.9977,0.0008,48.6614,NA
SandFall-Win64-Shipping.exe,31024,0x13F96A7D0D0,DXGI,0,512,1,Hardware: Independent Flip,23729.6041,0.2973,0.1489,0.1484,15.2796,0.1990,0.1967,0.0023,28.5857,12.4798,13.3011,23729.6041,13.1071,NA,NA
SandFall-Win64-Shipping.exe,31024,0x13F96A7D0D0,DXGI,0,512,1,Hardware: Independent Flip,23729.9014,23.2289,22.9840,0.2449,15.1813,25.5855,25.1570,0.4285,40.7682,13.6822,-12.1825,23729.9014,0.0014,43.6968,NA
SandFall-Win64-Shipping.exe,31024,0x13F96A7D0D0,DXGI,0,512,1,Hardware: Independent Flip,23753.1303,0.3461,0.1578,0.1883,17.5379,0.2370,0.2346,0.0024,31.2215,11.8382,9.5467,23753.1303,13.4466,NA,NA
SandFall-Win64-Shipping.exe,31024,0x13F96A7D0D0,DXGI,0,512,1,Hardware: Independent Flip,23753.4764,25.0774,24.8270,0.2504,17.4288,25.2823,25.2743,0.0080,42.7136,12.9919,-11.4921,23753.4764,0.0025,38.4589,NA
SandFall-Win64-Shipping.exe,31024,0x13F96A7D0D0,DXGI,0,512,1,Hardware: Independent Flip,23778.5538,0.3156,0.1524,0.1632,17.6337,0.1536,0.1520,0.0016,30.6281,13.4749,12.0855,23778.5538,12.8408,NA,NA
SandFall-Win64-Shipping.exe,31024,0x13F96A7D0D0,DXGI,0,512,1,Hardware: Independent Flip,23778.8694,25.9863,25.6847,0.3016,17.4717,25.8944,25.1281,0.7663,43.7874,12.3518,-13.1593,23778.8694,0.4213,NA,NA
SandFall-Win64-Shipping.exe,31024,0x13F96A7D0D0,DXGI,0,512,1,Hardware: Independent Flip,23804.8557,0.4084,0.1832,0.2252,17.3798,0.1539,0.1494,0.0045,30.1529,12.4511,13.6345,23804.8557,12.6192,NA,NA
SandFall-Win64-Shipping.exe,31024,0x13F96A7D0D0,DXGI,0,512,1,Hardware: Independent Flip,23805.2641,24.3688,24.1218,0.2470,17.1253,25.0692,25.0606,0.0086,42.1956,12.8533,-12.0427,23805.2641,0.0011,58.9458,NA
SandFall-Win64-Shipping.exe,31024,0x13F96A7D0D0,DXGI,0,512,1,Hardware: Independent Flip,23829.6329,0.2998,0.1495,0.1503,17.8257,0.1892,0.1823,0.0069,30.6801,14.5153,11.5155,23829.6329,12.6652,NA,NA
SandFall-Win64-Shipping.exe,31024,0x13F96A7D0D0,DXGI,0,512,1,Hardware: Independent Flip,23829.9327,27.6553,27.3778,0.2775,17.7151,27.1168,25.0713,2.0455,44.8956,12.6560,-14.2155,23829.9327,0.0637,40.2382,NA
SandFall-Win64-Shipping.exe,31024,0x13F96A7D0D0,DXGI,0,512,1,Hardware: Independent Flip,23857.5880,0.3246,0.1625,0.1621,17.1766,0.2451,0.2433,0.0018,29.8963,13.6294,14.9993,23857.5880,12.4746,NA,NA
SandFall-Win64-Shipping.exe,31024,0x13F96A7D0D0,DXGI,0,512,1,Hardware: Independent Flip,23857.9126,22.3231,22.0635,0.2596,17.0971,26.1034,26.0912,0.0122,43.2011,13.5749,-13.3048,23857.9126,0.0006,NA,NA
SandFall-Win64-Shipping.exe,31024,0x13F96A7D0D0,DXGI,0,512,1,Hardware: Independent Flip,23880.2357,0.3184,0.1557,0.1627,20.8774,0.2644,0.2588,0.0056,34.4529,11.5169,8.7482,23880.2357,13.3111,NA,NA
SandFall-Win64-Shipping.exe,31024,0x13F96A7D0D0,DXGI,0,512,1,Hardware: Independent Flip,23880.5541,25.8970,25.6482,0.2488,20.8234,24.8274,24.8104,0.0170,45.6514,13.6032,-11.1985,23880.5541,0.0006,60.8265,NA
SandFall-Win64-Shipping.exe,31024,0x13F96A7D0D0,DXGI,0,512,1,Hardware: Independent Flip,23906.4511,0.3262,0.1550,0.1712,19.7538,0.2309,0.2288,0.0021,33.3576,12.8523,12.2938,23906.4511,13.3729,NA,NA
SandFall-Win64-Shipping.exe,31024,0x13F96A7D0D0,DXGI,0,512,1,Hardware: Independent Flip,23906.7773,25.3973,25.1036,0.2937,19.6585,26.0985,26.0880,0.0105,45.8837,12.5481,-12.5261,23906.7773,0.1267,56.5206,NA
SandFall-Win64-Shipping.exe,31024,0x13F96A7D0D0,DXGI,0,512,1,Hardware: Independent Flip,23932.1746,0.3157,0.1615,0.1542,20.3597,0.1891,0.1851,0.0040,33.0345,12.8320,12.8492,23932.1746,12.4857,NA,NA
SandFall-Win64-Shipping.exe,31024,0x13F96A7D0D0,DXGI,0,512,1,Hardware: Independent Flip,23932.4903,24.9089,24.6636,0.2453,20.2331,25.3170,25.3051,0.0119,45.5508,12.6387,-12.5163,23932.4903,0.0007,51.1736,NA
SandFall-Win64-Shipping.exe,31024,0x13F96A7D0D0,DXGI,0,512,1,Hardware: Independent Flip,23957.3992,0.6496,0.1521,0.4975,20.6412,0.2157,0.2133,0.0024,33.2806,12.4659,12.2702,23957.3992,12.4237,NA,NA
SandFall-Win64-Shipping.exe,31024,0x13F96A7D0D0,DXGI,0,512,1,Hardware: Independent Flip,23958.0488,26.7762,26.5280,0.2482,20.2073,24.8887,24.8797,0.0090,45.0969,12.8828,-11.8163,23958.0488,0.0009,45.5319,NA
SandFall-Win64-Shipping.exe,31024,0x13F96A7D0D0,DXGI,0,512,1,Hardware: Independent Flip,23984.8250,0.3269,0.1566,0.1703,18.3198,0.2126,0.2102,0.0024,31.2035,12.2769,13.8934,23984.8250,12.6711,NA,NA
SandFall-Win64-Shipping.exe,31024,0x13F96A7D0D0,DXGI,0,512,1,Hardware: Independent Flip,23985.1519,22.1220,21.8696,0.2524,18.2055,24.8954,24.8881,0.0073,43.1535,12.6589,-11.9500,23985.1519,0.0526,NA,NA
SandFall-Win64-Shipping.exe,31024,0x13F96A7D0D0,DXGI,0,512,1,Hardware: Independent Flip,24007.2739,0.3059,0.1532,0.1527,20.9789,0.2394,0.2371,0.0023,33.6904,13.1562,9.4631,24007.2739,12.4721,NA,NA
SandFall-Win64-Shipping.exe,31024,0x13F96A7D0D0,DXGI,0,512,1,Hardware: Independent Flip,24007.5798,24.5769,24.3331,0.2438,20.9124,25.3779,25.3697,0.0082,46.5407,12.5993,-12.8503,24007.5798,0.2504,65.7264,NA
SandFall-Win64-Shipping.exe,31024,0x13F96A7D0D0,DXGI,0,512,1,Hardware: Independent Flip,24032.1567,0.3048,0.1525,0.1523,21.7134,0.2007,0.1990,0.0017,34.5631,12.0344,11.9776,24032.1567,12.6490,NA,NA
SandFall-Win64-Shipping.exe,31024,0x13F96A7D0D0,DXGI,0,512,1,Hardware: Independent Flip,24032.4615,25.1653,24.9054,0.2599,21.6093,24.6825,24.6736,0.0089,46.2927,12.8920,-11.7296,24032.4615,0.0009,59.6142,NA
SandFall-Win64-Shipping.exe,31024,0x13F96A7D0D0,DXGI,0,512,1,Hardware: Independent Flip,24057.6268,0.3274,0.1744,0.1530,21.1265,0.2128,0.2105,0.0023,34.0194,12.6993,12.2733,24057.6268,12.6801,NA,NA
SandFall-Win64-Shipping.exe,31024,0x13F96A7D0D0,DXGI,0,512,1,Hardware: Independent Flip,24057.9542,24.9313,24.6913,0.2400,21.0119,24.9878,24.9201,0.0677,46.3913,12.4624,-12.3719,24057.9542,0.3916,NA,NA
SandFall-Win64-Shipping.exe,31024,0x13F96A7D0D0,DXGI,0,512,1,Hardware: Independent Flip,24082.8855,0.3117,0.1542,0.1575,21.0684,0.2112,0.2093,0.0019,33.9224,12.2203,12.4689,24082.8855,12.6428,NA,NA
SandFall-Win64-Shipping.exe,31024,0x13F96A7D0D0,DXGI,0,512,1,Hardware: Independent Flip,24083.1972,25.9256,25.6785,0.2471,20.9679,24.5844,24.5737,0.0107,45.8310,12.5987,-11.9086,24083.1972,0.2787,61.3960,NA
SandFall-Win64-Shipping.exe,31024,0x13F96A7D0D0,DXGI,0,512,1,Hardware: Independent Flip,24109.1228,0.3228,0.1675,0.1553,19.6267,0.2171,0.2155,0.0016,32.5041,13.6683,13.3269,24109.1228,12.6603,NA,NA
SandFall-Win64-Shipping.exe,31024,0x13F96A7D0D0,DXGI,0,512,1,Hardware: Independent Flip,24109.4456,26.4162,26.1384,0.2778,19.5210,25.8558,25.8429,0.0129,45.8496,12.5118,-13.3455,24109.4456,0.4728,59.2968,NA
SandFall-Win64-Shipping.exe,31024,0x13F96A7D0D0,DXGI,0,512,1,Hardware: Independent Flip,24135.8618,0.3281,0.1612,0.1669,18.9606,0.2118,0.2102,0.0016,31.9452,11.7378,13.9044,24135.8618,12.7728,NA,NA
SandFall-Win64-Shipping.exe,31024,0x13F96A7D0D0,DXGI,0,512,1,Hardware: Independent Flip,24136.1899,25.6496,25.3986,0.2510,18.8443,24.5095,24.5010,0.0085,43.3549,13.0246,-11.4097,24136.1899,0.0011,52.7711,NA
SandFall-Win64-Shipping.exe,31024,0x13F96A7D0D0,DXGI,0,512,1,Hardware: Independent Flip,24161.8395,0.3076,0.1607,0.1469,17.7042,0.2185,0.2185,0.0000,30.7299,12.4971,12.6250,24161.8395,12.8072,NA,NA
SandFall-Win64-Shipping.exe,31024,0x13F96A7D0D0,DXGI,0,512,1,Hardware: Independent Flip,24162.1471,25.1986,24.9392,0.2594,17.6151,24.7774,24.7697,0.0077,42.9194,12.3847,-12.1895,24162.1471,0.5269,47.5589,NA
SandFall-Win64-Shipping.exe,31024,0x13F96A7D0D0,DXGI,0,512,1,Hardware: Independent Flip,24187.3457,0.3469,0.1827,0.1642,17.1939,0.1631,0.1616,0.0015,30.1055,13.1869,12.8139,24187.3457,12.7485,NA,NA
SandFall-Win64-Shipping.exe,31024,0x13F96A7D0D0,DXGI,0,512,1,Hardware: Independent Flip,24187.6926,25.1227,24.8647,0.2580,17.0101,25.4532,24.9856,0.4676,42.9455,12.3761,-12.8400,24187.6926,0.4822,42.3882,NA
SandFall-Win64-Shipping.exe,31024,0x13F96A7D0D0,DXGI,0,512,1,Hardware: Independent Flip,24212.8153,0.3356,0.1543,0.1813,17.3406,0.2096,0.2079,0.0017,30.1989,13.2111,12.7466,24212.8153,12.6487,NA,NA
SandFall-Win64-Shipping.exe,31024,0x13F96A7D0D0,DXGI,0,512,1,Hardware: Independent Flip,24213.1509,26.0131,25.7611,0.2520,17.2146,25.7730,25.5912,0.1818,43.0744,12.8909,-12.8755,24213.1509,0.0868,37.1978,NA
SandFall-Win64-Shipping.exe,31024,0x13F96A7D0D0,DXGI,0,512,1,Hardware: Independent Flip,24239.1640,0.3145,0.1605,0.1540,16.9745,0.2798,0.2764,0.0034,29.9522,12.4389,13.1222,24239.1640,12.6979,NA,NA
SandFall-Win64-Shipping.exe,31024,0x13F96A7D0D0,DXGI,0,512,1,Hardware: Independent Flip,24239.4785,25.4039,25.1330,0.2709,16.9398,25.1365,24.6353,0.5012,42.0766,12.8522,-12.1244,24239.4785,0.0003,NA,NA
SandFall-Win64-Shipping.exe,31024,0x13F96A7D0D0,DXGI,0,512,1,Hardware: Independent Flip,24264.8824,0.5901,0.1608,0.4293,16.6724,0.1656,0.1585,0.0071,29.5249,14.6042,12.5517,24264.8824,12.6869,NA,NA
SandFall-Win64-Shipping.exe,31024,0x13F96A7D0D0,DXGI,0,512,1,Hardware: Independent Flip,24265.4725,26.4517,26.1785,0.2732,16.2479,27.1404,24.7923,2.3481,43.5390,12.6590,-14.0141,24265.4725,0.1507,43.3763,NA
SandFall-Win64-Shipping.exe,31024,0x13F96A7D0D0,DXGI,0,512,1,Hardware: Independent Flip,24291.9242,0.3313,0.1745,0.1568,16.9366,0.1568,0.1529,0.0039,29.7463,14.1334,13.7927,24291.9242,12.6529,NA,NA
SandFall-Win64-Shipping.exe,31024,0x13F96A7D0D0,DXGI,0,512,1,Hardware: Independent Flip,24292.2555,27.6759,27.4361,0.2398,16.7621,26.7850,25.0304,1.7546,43.5484,13.5660,-13.8021,24292.2555,0.0013,39.9266,NA
SandFall-Win64-Shipping.exe,31024,0x13F96A7D0D0,DXGI,0,512,1,Hardware: Independent Flip,24319.9314,0.3045,0.1539,0.1506,15.8712,0.1666,0.1645,0.0021,29.4385,12.8210,14.1099,24319.9314,13.4007,NA,NA
SandFall-Win64-Shipping.exe,31024,0x13F96A7D0D0,DXGI,0,512,1,Hardware: Independent Flip,24320.2359,25.0692,24.7973,0.2719,15.7333,26.2215,25.3132,0.9083,41.9550,13.9360,-12.5165,24320.2359,0.0002,NA,NA
SandFall-Win64-Shipping.exe,31024,0x13F96A7D0D0,DXGI,0,512,1,Hardware: Independent Flip,24345.3051,0.3902,0.1844,0.2058,16.8856,0.2221,0.2197,0.0024,30.8218,11.0705,11.1332,24345.3051,13.7141,NA,NA
SandFall-Win64-Shipping.exe,31024,0x13F96A7D0D0,DXGI,0,512,1,Hardware: Independent Flip,24345.6953,22.6858,22.4264,0.2594,16.7175,24.7833,24.7740,0.0093,41.5021,13.2683,-10.6803,24345.6953,0.0013,41.5652,NA
SandFall-Win64-Shipping.exe,31024,0x13F96A7D0D0,DXGI,0,512,1,Hardware: Independent Flip,24368.3811,0.3054,0.1546,0.1508,18.8150,0.2086,0.2061,0.0025,32.0846,12.4692,9.4175,24368.3811,13.0610,NA,NA
SandFall-Win64-Shipping.exe,31024,0x13F96A7D0D0,DXGI,0,512,1,Hardware: Independent Flip,24368.6865,26.1080,25.7786,0.3294,18.7182,25.0462,25.0328,0.0134,44.2484,12.1130,-12.1638,24368.6865,0.4840,39.3056,NA
SandFall-Win64-Shipping.exe,31024,0x13F96A7D0D0,DXGI,0,512,1,Hardware: Independent Flip,24394.7945,0.3761,0.1623,0.2138,17.6564,0.2178,0.2178,0.0000,30.2534,12.9619,13.9950,24394.7945,12.3792,NA,NA
SandFall-Win64-Shipping.exe,31024,0x13F96A7D0D0,DXGI,0,512,1,Hardware: Independent Flip,24395.1706,26.6656,26.4093,0.2563,17.4981,25.0256,25.0113,0.0143,42.8392,12.2035,-12.5858,24395.1706,0.3155,49.8589,NA
SandFall-Win64-Shipping.exe,31024,0x13F96A7D0D0,DXGI,0,512,1,Hardware: Independent Flip,24421.8362,0.3143,0.1621,0.1522,15.8581,0.1825,0.1808,0.0017,28.3771,13.3071,14.4621,24421.8362,12.3365,NA,NA
SandFall-Win64-Shipping.exe,31024,0x13F96A7D0D0,DXGI,0,512,1,Hardware: Independent Flip,24422.1505,22.1498,21.8313,0.3185,15.7263,25.6430,25.5943,0.0487,41.3699,12.6002,-12.9928,24422.1505,0.0006,44.6299,NA
SandFall-Win64-Shipping.exe,31024,0x13F96A7D0D0,DXGI,0,512,1,Hardware: Independent Flip,24444.3003,0.4046,0.1685,0.2361,19.2195,0.2207,0.2207,0.0000,31.8203,13.7277,9.5496,24444.3003,12.3801,NA,NA
SandFall-Win64-Shipping.exe,31024,0x13F96A7D0D0,DXGI,0,512,1,Hardware: Independent Flip,24444.7049,24.8233,24.5761,0.2472,19.0356,26.1069,26.0980,0.0089,45.1434,12.9271,-13.3231,24444.7049,0.0009,NA,NA
SandFall-Win64-Shipping.exe,31024,0x13F96A7D0D0,DXGI,0,512,1,Hardware: Independent Flip,24469.5282,0.3175,0.1583,0.1592,20.3192,0.2182,0.2155,0.0027,33.2472,12.3755,11.8962,24469.5282,12.7098,NA,NA
SandFall-Win64-Shipping.exe,31024,0x13F96A7D0D0,DXGI,0,512,1,Hardware: Independent Flip,24469.8457,24.5291,24.2708,0.2583,20.2199,25.0835,25.0748,0.0087,45.3052,13.4217,-12.0580,24469.8457,0.0018,65.4712,NA
SandFall-Win64-Shipping.exe,31024,0x13F96A7D0D0,DXGI,0,512,1,Hardware: Independent Flip,24494.3748,0.3053,0.1531,0.1522,20.7743,0.2753,0.2720,0.0033,34.1978,11.3961,11.1074,24494.3748,13.1482,NA,NA
SandFall-Win64-Shipping.exe,31024,0x13F96A7D0D0,DXGI,0,512,1,Hardware: Independent Flip,24494.6801,25.1655,24.9184,0.2471,20.7443,24.5435,24.5297,0.0138,45.2886,12.9579,-11.0908,24494.6801,0.0008,59.5515,NA
SandFall-Win64-Shipping.exe,31024,0x13F96A7D0D0,DXGI,0,512,1,Hardware: Independent Flip,24519.8456,0.3120,0.1542,0.1578,20.1223,0.2140,0.2140,0.0000,33.0810,13.7152,12.2076,24519.8456,12.7447,NA,NA
SandFall-Win64-Shipping.exe,31024,0x13F96A7D0D0,DXGI,0,512,1,Hardware: Independent Flip,24520.1576,27.8168,27.5622,0.2546,20.0243,26.0167,26.0053,0.0114,46.4842,12.2672,-13.4032,24520.1576,0.4432,NA,NA
SandFall-Win64-Shipping.exe,31024,0x13F96A7D0D0,DXGI,0,512,1,Hardware: Independent Flip,24547.9744,0.3114,0.1539,0.1575,18.2242,0.2025,0.2006,0.0019,30.9346,12.3686,15.5496,24547.9744,12.5079,NA,NA
SandFall-Win64-Shipping.exe,31024,0x13F96A7D0D0,DXGI,0,512,1,Hardware: Independent Flip,24548.2858,22.5910,22.3198,0.2712,18.1153,24.8758,24.8658,0.0100,42.9918,13.1432,-12.0572,24548.2858,0.0007,65.5933,NA
SandFall-Win64-Shipping.exe,31024,0x13F96A7D0D0,DXGI,0,512,1,Hardware: Independent Flip,24570.8768,0.3101,0.1565,0.1536,20.4001,0.2186,0.2162,0.0024,33.5440,12.1205,9.4478,24570.8768,12.9253,NA,NA
SandFall-Win64-Shipping.exe,31024,0x13F96A7D0D0,DXGI,0,512,1,Hardware: Independent Flip,24571.1869,24.6317,24.3751,0.2566,20.3086,24.9468,24.9350,0.0118,45.3544,12.7523,-11.8104,24571.1869,0.0990,NA,NA
SandFall-Win64-Shipping.exe,31024,0x13F96A7D0D0,DXGI,0,512,1,Hardware: Independent Flip,24595.8186,0.3088,0.1572,0.1516,20.6237,0.1628,0.1581,0.0047,33.4750,12.4994,11.8794,24595.8186,12.6885,NA,NA
SandFall-Win64-Shipping.exe,31024,0x13F96A7D0D0,DXGI,0,512,1,Hardware: Independent Flip,24596.1274,27.2733,27.0052,0.2681,20.4777,24.7653,24.7533,0.0120,45.6656,12.3509,-12.1906,24596.1274,0.4226,NA,NA
SandFall-Win64-Shipping.exe,31024,0x13F96A7D0D0,DXGI,0,512,1,Hardware: Independent Flip,24623.4007,0.3162,0.1593,0.1569,17.9697,0.2049,0.2032,0.0017,30.7432,13.1867,14.9224,24623.4007,12.5686,NA,NA
SandFall-Win64-Shipping.exe,31024,0x13F96A7D0D0,DXGI,0,512,1,Hardware: Independent Flip,24623.7169,27.5337,27.2795,0.2542,17.8584,25.3994,25.3871,0.0123,43.6137,12.6270,-12.8705,24623.7169,0.3559,NA,NA
SandFall-Win64-Shipping.exe,31024,0x13F96A7D0D0,DXGI,0,512,1,Hardware: Independent Flip,24651.2506,0.3230,0.1649,0.1581,15.7241,0.2037,0.2020,0.0017,28.7070,12.3753,14.9067,24651.2506,12.7792,NA,NA
SandFall-Win64-Shipping.exe,31024,0x13F96A7D0D0,DXGI,0,512,1,Hardware: Independent Flip,24651.5736,24.9940,24.7296,0.2644,15.6048,25.0686,25.0545,0.0141,40.7593,12.8079,-12.0523,24651.5736,0.0859,NA,NA
SandFall-Win64-Shipping.exe,31024,0x13F96A7D0D0,DXGI,0,512,1,Hardware: Independent Flip,24676.5676,0.3175,0.1599,0.1576,15.6794,0.2735,0.2711,0.0024,28.5732,12.8936,12.1861,24676.5676,12.6203,NA,NA
SandFall-Win64-Shipping.exe,31024,0x13F96A7D0D0,DXGI,0,512,1,Hardware: Independent Flip,24676.8851,22.0750,21.7990,0.2760,15.6354,25.2042,25.1936,0.0106,41.1493,12.5621,-12.5761,24676.8851,0.3097,NA,NA
SandFall-Win64-Shipping.exe,31024,0x13F96A7D0D0,DXGI,0,512,1,Hardware: Independent Flip,24698.9601,0.3212,0.1606,0.1606,18.7646,0.2133,0.2115,0.0018,31.6364,12.1344,9.5129,24698.9601,12.6585,NA,NA
SandFall-Win64-Shipping.exe,31024,0x13F96A7D0D0,DXGI,0,512,1,Hardware: Independent Flip,24699.2813,24.0587,23.8149,0.2438,18.6567,24.6446,24.6343,0.0103,43.4496,12.6907,-11.8132,24699.2813,0.1483,59.1020,NA
SandFall-Win64-Shipping.exe,31024,0x13F96A7D0D0,DXGI,0,512,1,Hardware: Independent Flip,24723.3400,0.3220,0.1685,0.1535,19.2426,0.2172,0.2156,0.0016,32.0816,13.3451,11.3680,24723.3400,12.6218,NA,NA
SandFall-Win64-Shipping.exe,31024,0x13F96A7D0D0,DXGI,0,512,1,Hardware: Independent Flip,24723.6620,25.7436,25.4953,0.2483,19.1378,25.5348,25.5227,0.0121,45.1047,12.4849,-13.0231,24723.6620,0.4321,61.1346,NA
SandFall-Win64-Shipping.exe,31024,0x13F96A7D0D0,DXGI,0,512,1,Hardware: Independent Flip,24749.4056,0.3072,0.1540,0.1532,18.9290,0.2074,0.2057,0.0017,31.8460,12.4087,13.2587,24749.4056,12.7096,NA,NA
SandFall-Win64-Shipping.exe,31024,0x13F96A7D0D0,DXGI,0,512,1,Hardware: Independent Flip,24749.7128,24.9879,24.7393,0.2486,18.8292,25.1080,25.0982,0.0098,43.9475,12.8638,-12.1015,24749.7128,0.0103,49.0273,NA
SandFall-Win64-Shipping.exe,31024,0x13F96A7D0D0,DXGI,0,512,1,Hardware: Independent Flip,24774.7007,0.3100,0.1571,0.1529,18.9493,0.2707,0.2675,0.0032,31.8234,13.3225,12.1241,24774.7007,12.6034,NA,NA
SandFall-Win64-Shipping.exe,31024,0x13F96A7D0D0,DXGI,0,512,1,Hardware: Independent Flip,24775.0107,25.9798,25.7223,0.2575,18.9100,25.6958,25.6825,0.0133,44.8359,12.6731,-13.0125,24775.0107,0.2301,NA,NA
SandFall-Win64-Shipping.exe,31024,0x13F96A7D0D0,DXGI,0,512,1,Hardware: Independent Flip,24800.9905,0.3308,0.1583,0.1725,18.6260,0.2334,0.2317,0.0017,31.5292,11.8168,13.3067,24800.9905,12.6698,NA,NA
SandFall-Win64-Shipping.exe,31024,0x13F96A7D0D0,DXGI,0,512,1,Hardware: Independent Flip,24801.3213,25.2772,25.0164,0.2608,18.5286,24.4853,24.4766,0.0087,43.0152,12.8802,-11.4860,24801.3213,0.0013,NA,NA
SandFall-Win64-Shipping.exe,31024,0x13F96A7D0D0,DXGI,0,512,1,Hardware: Independent Flip,24826.5985,0.3314,0.1622,0.1692,17.7367,0.1471,0.1400,0.0071,30.6182,12.6741,12.3970,24826.5985,12.7344,NA,NA
SandFall-Win64-Shipping.exe,31024,0x13F96A7D0D0,DXGI,0,512,1,Hardware: Independent Flip,24826.9299,25.6419,25.3664,0.2755,17.5524,25.0003,24.7493,0.2510,42.9609,12.4575,-12.3427,24826.9299,0.4082,47.2567,NA
SandFall-Win64-Shipping.exe,31024,0x13F96A7D0D0,DXGI,0,512,1,Hardware: Independent Flip,24852.5718,0.3189,0.1637,0.1552,16.9108,0.1493,0.1440,0.0053,29.7765,13.9991,13.1844,24852.5718,12.7164,NA,NA
SandFall-Win64-Shipping.exe,31024,0x13F96A7D0D0,DXGI,0,512,1,Hardware: Independent Flip,24852.8907,25.8003,25.5518,0.2485,16.7412,26.4003,25.1555,1.2448,43.4567,12.5224,-13.6802,24852.8907,0.3152,NA,NA
SandFall-Win64-Shipping.exe,31024,0x13F96A7D0D0,DXGI,0,512,1,Hardware: Independent Flip,24878.6910,0.3321,0.1790,0.1531,17.3412,0.1757,0.1740,0.0017,30.1788,12.2181,13.2779,24878.6910,12.6619,NA,NA
SandFall-Win64-Shipping.exe,31024,0x13F96A7D0D0,DXGI,0,512,1,Hardware: Independent Flip,24879.0231,24.6974,24.4473,0.2501,17.1848,24.8793,24.8719,0.0074,42.0648,13.3490,-11.8860,24879.0231,0.0007,58.4453,NA
SandFall-Win64-Shipping.exe,31024,0x13F96A7D0D0,DXGI,0,512,1,Hardware: Independent Flip,24903.7205,0.3276,0.1541,0.1735,17.3667,0.1962,0.1943,0.0019,30.7164,13.9755,11.3484,24903.7205,13.1535,NA,NA
SandFall-Win64-Shipping.exe,31024,0x13F96A7D0D0,DXGI,0,512,1,Hardware: Independent Flip,24904.0481,27.2169,26.9660,0.2509,17.2353,26.9987,26.2009,0.7978,44.3643,12.6418,-13.6479,24904.0481,0.1303,54.7870,NA
SandFall-Win64-Shipping.exe,31024,0x13F96A7D0D0,DXGI,0,512,1,Hardware: Independent Flip,24931.2650,0.3318,0.1731,0.1587,17.0171,0.2171,0.2155,0.0016,29.7892,13.5587,14.5751,24931.2650,12.5550,NA,NA
SandFall-Win64-Shipping.exe,31024,0x13F96A7D0D0,DXGI,0,512,1,Hardware: Independent Flip,24931.5968,23.2607,23.0196,0.2411,16.9024,26.1128,26.1008,0.0120,43.0161,13.2176,-13.2269,24931.5968,0.0009,NA,NA
SandFall-Win64-Shipping.exe,31024,0x13F96A7D0D0,DXGI,0,512,1,Hardware: Independent Flip,24954.8575,0.3601,0.1596,0.2005,19.7545,0.2099,0.2081,0.0018,32.9730,12.4903,10.0431,24954.8575,13.0086,NA,NA
SandFall-Win64-Shipping.exe,31024,0x13F96A7D0D0,DXGI,0,512,1,Hardware: Independent Flip,24955.2176,25.8813,25.6446,0.2367,19.6043,25.4983,25.4815,0.0168,45.1032,13.3798,-12.1302,24955.2176,0.0006,38.6991,NA
SandFall-Win64-Shipping.exe,31024,0x13F96A7D0D0,DXGI,0,512,1,Hardware: Independent Flip,24981.0989,0.3036,0.1521,0.1515,19.2213,0.2123,0.2100,0.0023,32.6017,11.7351,12.5015,24981.0989,13.1681,NA,NA
SandFall-Win64-Shipping.exe,31024,0x13F96A7D0D0,DXGI,0,512,1,Hardware: Independent Flip,24981.4025,24.1958,23.9208,0.2750,19.1300,24.9021,24.8845,0.0176,44.0332,12.8876,-11.4315,24981.4025,0.0011,40.8128,NA
SandFall-Win64-Shipping.exe,31024,0x13F96A7D0D0,DXGI,0,512,1,Hardware: Independent Flip,25005.5983,0.3271,0.1685,0.1586,19.8363,0.2446,0.2423,0.0023,32.7250,13.3853,11.3082,25005.5983,12.6441,NA,NA
SandFall-Win64-Shipping.exe,31024,0x13F96A7D0D0,DXGI,0,512,1,Hardware: Independent Flip,25005.9254,26.5016,26.2587,0.2429,19.7538,25.7663,25.7564,0.0099,45.7832,12.5357,-13.0582,25005.9254,0.2631,46.0754,NA
SandFall-Win64-Shipping.exe,31024,0x13F96A7D0D0,DXGI,0,512,1,Hardware: Independent Flip,25032.4270,0.3012,0.1516,0.1496,19.0185,0.2012,0.1991,0.0021,31.8173,12.7507,13.9659,25032.4270,12.5976,NA,NA
SandFall-Win64-Shipping.exe,31024,0x13F96A7D0D0,DXGI,0,512,1,Hardware: Independent Flip,25032.7282,24.0539,23.7969,0.2570,18.9185,25.3476,25.3357,0.0119,44.2668,12.9447,-12.4495,25032.7282,0.0007,43.0575,NA
SandFall-Win64-Shipping.exe,31024,0x13F96A7D0D0,DXGI,0,512,1,Hardware: Independent Flip,25056.7821,0.3089,0.1565,0.1524,20.2122,0.2158,0.2130,0.0028,33.1576,12.9045,11.1092,25056.7821,12.7296,NA,NA
SandFall-Win64-Shipping.exe,31024,0x13F96A7D0D0,DXGI,0,512,1,Hardware: Independent Flip,25057.0910,24.8105,24.5669,0.2436,20.1191,25.6335,25.6202,0.0133,45.7532,12.9086,-12.5956,25057.0910,0.0006,NA,NA
SandFall-Win64-Shipping.exe,31024,0x13F96A7D0D0,DXGI,0,512,1,Hardware: Independent Flip,25081.9015,0.3066,0.1570,0.1496,20.9421,0.2093,0.2071,0.0022,33.8513,12.7928,11.9019,25081.9015,12.6999,NA,NA
SandFall-Win64-Shipping.exe,31024,0x13F96A7D0D0,DXGI,0,512,1,Hardware: Independent Flip,25082.2081,25.4657,25.2232,0.2425,20.8448,25.4919,25.4806,0.0113,46.3375,12.8646,-12.4862,25082.2081,0.0008,63.8526,NA
SandFall-Win64-Shipping.exe,31024,0x13F96A7D0D0,DXGI,0,512,1,Hardware: Independent Flip,25107.6738,0.3038,0.1519,0.1519,20.8710,0.2107,0.2089,0.0018,33.7364,12.6595,12.6011,25107.6738,12.6547,NA,NA
SandFall-Win64-Shipping.exe,31024,0x13F96A7D0D0,DXGI,0,512,1,Hardware: Independent Flip,25107.9776,25.4477,25.1996,0.2481,20.7779,25.3132,25.3040,0.0092,46.0921,12.9958,-12.3557,25107.9776,0.0010,52.4075,NA
SandFall-Win64-Shipping.exe,31024,0x13F96A7D0D0,DXGI,0,512,1,Hardware: Independent Flip,25133.4253,0.3081,0.1530,0.1551,20.6434,0.2191,0.2191,0.0000,33.6402,12.2712,12.4519,25133.4253,12.7777,NA,NA
SandFall-Win64-Shipping.exe,31024,0x13F96A7D0D0,DXGI,0,512,1,Hardware: Independent Flip,25133.7334,25.3314,25.0888,0.2426,20.5544,24.9764,24.9591,0.0173,45.6033,12.8202,-11.9631,25133.7334,0.0725,40.7072,NA
SandFall-Win64-Shipping.exe,31024,0x13F96A7D0D0,DXGI,0,512,1,Hardware: Independent Flip,25159.0648,0.3059,0.1517,0.1542,20.1994,0.2690,0.2667,0.0023,33.0921,12.9566,12.5112,25159.0648,12.6237,NA,NA
SandFall-Win64-Shipping.exe,31024,0x13F96A7D0D0,DXGI,0,512,1,Hardware: Independent Flip,25159.3707,25.9089,25.6154,0.2935,20.1625,25.2244,25.2079,0.0165,45.7428,12.6089,-12.6507,25159.3707,0.3559,38.4898,NA
SandFall-Win64-Shipping.exe,31024,0x13F96A7D0D0,DXGI,0,512,1,Hardware: Independent Flip,25185.2796,0.3231,0.1606,0.1625,19.4780,0.2140,0.2120,0.0020,32.4428,12.4276,13.3000,25185.2796,12.7508,NA,NA
SandFall-Win64-Shipping.exe,31024,0x13F96A7D0D0,DXGI,0,512,1,Hardware: Independent Flip,25185.6027,26.3856,26.1363,0.2493,19.3689,24.9894,24.9791,0.0103,44.5473,12.8348,-12.1045,25185.6027,0.1890,40.5222,NA
SandFall-Win64-Shipping.exe,31024,0x13F96A7D0D0,DXGI,0,512,1,Hardware: Independent Flip,25211.9883,0.3018,0.1527,0.1491,17.9727,0.2113,0.2095,0.0018,30.9965,12.7934,13.5508,25211.9883,12.8125,NA,NA
SandFall-Win64-Shipping.exe,31024,0x13F96A7D0D0,DXGI,0,512,1,Hardware: Independent Flip,25212.2901,25.3258,25.0826,0.2432,17.8822,25.2145,25.2040,0.0105,43.4881,12.5967,-12.4916,25212.2901,0.3914,40.1514,NA
SandFall-Win64-Shipping.exe,31024,0x13F96A7D0D0,DXGI,0,512,1,Hardware: Independent Flip,25237.6159,0.3061,0.1522,0.1539,17.7709,0.2255,0.2234,0.0021,30.7590,12.5800,12.7291,25237.6159,12.7626,NA,NA
SandFall-Win64-Shipping.exe,31024,0x13F96A7D0D0,DXGI,0,512,1,Hardware: Independent Flip,25237.9220,25.1515,24.8982,0.2533,17.6903,25.0514,25.0447,0.0067,43.0329,12.6299,-12.2739,25237.9220,0.2912,39.3294,NA
SandFall-Win64-Shipping.exe,31024,0x13F96A7D0D0,DXGI,0,512,1,Hardware: Independent Flip,25263.0735,0.3051,0.1526,0.1525,17.5902,0.1894,0.1831,0.0063,30.5113,14.8341,12.5216,25263.0735,12.7317,NA,NA
SandFall-Win64-Shipping.exe,31024,0x13F96A7D0D0,DXGI,0,512,1,Hardware: Independent Flip,25263.3786,26.4326,26.1766,0.2560,17.4745,27.2436,26.4842,0.7594,45.0403,12.6051,-14.5290,25263.3786,0.3222,37.7974,NA
SandFall-Win64-Shipping.exe,31024,0x13F96A7D0D0,DXGI,0,512,1,Hardware: Independent Flip,25289.8112,0.3240,0.1633,0.1607,18.2855,0.2053,0.2036,0.0017,31.2128,12.6005,13.8275,25289.8112,12.7220,NA,NA
SandFall-Win64-Shipping.exe,31024,0x13F96A7D0D0,DXGI,0,512,1,Hardware: Independent Flip,25290.1352,24.1739,23.9332,0.2407,18.1668,25.3216,25.2727,0.0489,43.4893,13.6588,-12.2765,25290.1352,0.0009,37.9965,NA
SandFall-Win64-Shipping.exe,31024,0x13F96A7D0D0,DXGI,0,512,1,Hardware: Independent Flip,25314.3091,0.2999,0.1516,0.1483,19.3145,0.2122,0.2122,0.0000,32.9742,12.3056,10.5151,25314.3091,13.4475,NA,NA
SandFall-Win64-Shipping.exe,31024,0x13F96A7D0D0,DXGI,0,512,1,Hardware: Independent Flip,25314.6090,25.6490,25.3897,0.2593,19.2268,25.7522,25.7377,0.0145,44.9799,13.1167,-12.0057,25314.6090,0.0009,42.9669,NA
SandFall-Win64-Shipping.exe,31024,0x13F96A7D0D0,DXGI,0,512,1,Hardware: Independent Flip,25340.2580,0.2974,0.1508,0.1466,19.3300,0.2117,0.2093,0.0024,32.4476,12.0011,12.5323,25340.2580,12.9059,NA,NA
SandFall-Win64-Shipping.exe,31024,0x13F96A7D0D0,DXGI,0,512,1,Hardware: Independent Flip,25340.5554,26.1702,25.9230,0.2472,19.2443,24.7937,24.7846,0.0091,44.1513,12.6754,-11.7037,25340.5554,0.1133,58.6003,NA
SandFall-Win64-Shipping.exe,31024,0x13F96A7D0D0,DXGI,0,512,1,Hardware: Independent Flip,25366.7256,0.3061,0.1519,0.1542,17.8678,0.2215,0.2215,0.0000,30.6565,14.6825,13.4948,25366.7256,12.5672,NA,NA
SandFall-Win64-Shipping.exe,31024,0x13F96A7D0D0,DXGI,0,512,1,Hardware: Independent Flip,25367.0317,25.5743,25.3282,0.2461,17.7832,26.7899,26.7695,0.0204,45.0329,12.5217,-14.3764,25367.0317,0.4598,55.1837,NA
SandFall-Win64-Shipping.exe,31024,0x13F96A7D0D0,DXGI,0,512,1,Hardware: Independent Flip,25392.6060,0.3040,0.1561,0.1479,18.9988,0.1966,0.1943,0.0023,31.9803,12.1772,13.0526,25392.6060,12.7849,NA,NA
SandFall-Win64-Shipping.exe,31024,0x13F96A7D0D0,DXGI,0,512,1,Hardware: Independent Flip,25392.9100,28.3248,28.0550,0.2698,18.8914,24.9614,24.9501,0.0113,43.8535,13.4784,-11.8732,25392.9100,0.0007,51.1230,NA
SandFall-Win64-Shipping.exe,31024,0x13F96A7D0D0,DXGI,0,512,1,Hardware: Independent Flip,25421.2348,0.3113,0.1592,0.1521,15.5280,0.2037,0.2020,0.0017,29.0071,12.4204,14.8464,25421.2348,13.2754,NA,NA
SandFall-Win64-Shipping.exe,31024,0x13F96A7D0D0,DXGI,0,512,1,Hardware: Independent Flip,25421.5461,22.9180,22.6749,0.2431,15.4204,25.6841,25.6707,0.0134,41.1162,12.8230,-12.1091,25421.5461,0.0117,59.7089,NA
SandFall-Win64-Shipping.exe,31024,0x13F96A7D0D0,DXGI,0,512,1,Hardware: Independent Flip,25444.4641,0.3060,0.1530,0.1530,18.1865,0.1743,0.1693,0.0050,31.0212,18.6974,10.0950,25444.4641,12.6604,NA,NA
SandFall-Win64-Shipping.exe,31024,0x13F96A7D0D0,DXGI,0,512,1,Hardware: Independent Flip,25444.7701,26.1656,25.9375,0.2281,18.0548,31.1515,25.6812,5.4703,49.4126,12.5557,-18.3914,25444.7701,0.2063,60.4601,NA
SandFall-Win64-Shipping.exe,31024,0x13F96A7D0D0,DXGI,0,512,1,Hardware: Independent Flip,25470.9357,0.3050,0.1530,0.1520,23.0407,0.2487,0.2467,0.0020,35.8027,12.1816,13.6099,25470.9357,12.5133,NA,NA
SandFall-Win64-Shipping.exe,31024,0x13F96A7D0D0,DXGI,0,512,1,Hardware: Independent Flip,25471.2407,24.6165,24.0062,0.6103,22.9844,24.6938,24.6854,0.0084,47.6793,14.4691,-11.8766,25471.2407,0.0011,54.4076,NA
SandFall-Win64-Shipping.exe,31024,0x13F96A7D0D0,DXGI,0,512,1,Hardware: Independent Flip,25495.8572,0.3443,0.1730,0.1713,23.0617,0.2136,0.2117,0.0019,37.5319,10.1063,10.1474,25495.8572,14.2566,NA,NA
SandFall-Win64-Shipping.exe,31024,0x13F96A7D0D0,DXGI,0,512,1,Hardware: Independent Flip,25496.2015,25.3143,25.0701,0.2442,22.9310,24.3622,24.3548,0.0074,47.2939,14.3677,-9.7620,25496.2015,0.0007,48.2626,NA
SandFall-Win64-Shipping.exe,31024,0x13F96A7D0D0,DXGI,0,512,1,Hardware: Independent Flip,25521.5158,0.3025,0.1508,0.1517,21.9789,0.2278,0.2278,0.0000,36.3473,11.7729,10.9466,25521.5158,14.1406,NA,NA
SandFall-Win64-Shipping.exe,31024,0x13F96A7D0D0,DXGI,0,512,1,Hardware: Independent Flip,25521.8183,24.7587,24.5153,0.2434,21.9042,25.5149,25.5063,0.0086,47.8177,12.5282,-11.4704,25521.8183,0.3986,43.6512,NA
SandFall-Win64-Shipping.exe,31024,0x13F96A7D0D0,DXGI,0,512,1,Hardware: Independent Flip,25546.5770,0.3029,0.1540,0.1489,22.6604,0.2031,0.2010,0.0021,35.5872,13.0600,12.2305,25546.5770,12.7237,NA,NA
SandFall-Win64-Shipping.exe,31024,0x13F96A7D0D0,DXGI,0,512,1,Hardware: Independent Flip,25546.8799,26.9592,26.6664,0.2928,22.5606,24.9979,24.9903,0.0076,48.3443,12.0547,-12.7571,25546.8799,0.7858,66.5982,NA
SandFall-Win64-Shipping.exe,31024,0x13F96A7D0D0,DXGI,0,512,1,Hardware: Independent Flip,25573.8391,0.3336,0.1699,0.1637,20.5993,0.1667,0.1623,0.0044,33.4398,12.8292,14.9045,25573.8391,12.6738,NA,NA
SandFall-Win64-Shipping.exe,31024,0x13F96A7D0D0,DXGI,0,512,1,Hardware: Independent Flip,25574.1727,24.2387,23.9974,0.2413,20.4324,25.2098,25.2010,0.0088,45.9354,12.4483,-12.4956,25574.1727,0.2932,63.3734,NA
SandFall-Win64-Shipping.exe,31024,0x13F96A7D0D0,DXGI,0,512,1,Hardware: Independent Flip,25598.4114,0.3004,0.1513,0.1491,21.4035,0.2054,0.2037,0.0017,34.1450,12.3727,11.7904,25598.4114,12.5361,NA,NA
SandFall-Win64-Shipping.exe,31024,0x13F96A7D0D0,DXGI,0,512,1,Hardware: Independent Flip,25598.7118,24.9794,24.7387,0.2407,21.3085,24.7991,24.7565,0.0426,46.2173,12.6327,-12.0723,25598.7118,0.1097,59.2783,NA
SandFall-Win64-Shipping.exe,31024,0x13F96A7D0D0,DXGI,0,512,1,Hardware: Independent Flip,25623.6912,0.3225,0.1526,0.1699,21.1282,0.2989,0.2969,0.0020,33.8706,12.6372,12.3467,25623.6912,12.4435,NA,NA
SandFall-Win64-Shipping.exe,31024,0x13F96A7D0D0,DXGI,0,512,1,Hardware: Independent Flip,25624.0137,25.6099,25.3621,0.2478,21.1046,24.8357,24.8220,0.0137,46.1853,12.6710,-12.3147,25624.0137,0.2450,NA,NA
SandFall-Win64-Shipping.exe,31024,0x13F96A7D0D0,DXGI,0,512,1,Hardware: Independent Flip,25649.6236,0.3064,0.1557,0.1507,20.3304,0.2091,0.2073,0.0018,33.2464,12.2606,12.9389,25649.6236,12.7069,NA,NA
SandFall-Win64-Shipping.exe,31024,0x13F96A7D0D0,DXGI,0,512,1,Hardware: Independent Flip,25649.9300,24.4730,24.2269,0.2461,20.2331,24.6970,24.6821,0.0149,45.2006,12.6703,-11.9542,25649.9300,0.2705,NA,NA
SandFall-Win64-Shipping.exe,31024,0x13F96A7D0D0,DXGI,0,512,1,Hardware: Independent Flip,25674.4030,0.3022,0.1529,0.1493,20.4571,0.2156,0.2141,0.0015,33.3979,12.8310,11.8027,25674.4030,12.7252,NA,NA
SandFall-Win64-Shipping.exe,31024,0x13F96A7D0D0,DXGI,0,512,1,Hardware: Independent Flip,25674.7052,26.2168,25.9710,0.2458,20.3705,25.0740,25.0632,0.0108,45.9267,12.4739,-12.5288,25674.7052,0.4822,NA,NA
SandFall-Win64-Shipping.exe,31024,0x13F96A7D0D0,DXGI,0,512,1,Hardware: Independent Flip,25700.9220,0.3006,0.1538,0.1468,19.2277,0.2071,0.2054,0.0017,32.1838,12.2071,13.7429,25700.9220,12.7490,NA,NA
SandFall-Win64-Shipping.exe,31024,0x13F96A7D0D0,DXGI,0,512,1,Hardware: Independent Flip,25701.2226,26.7939,26.5376,0.2563,19.1342,24.6459,24.6380,0.0079,44.0903,12.6007,-11.9065,25701.2226,0.3102,NA,NA
SandFall-Win64-Shipping.exe,31024,0x13F96A7D0D0,DXGI,0,512,1,Hardware: Independent Flip,25728.0165,0.3243,0.1548,0.1695,16.9862,0.2022,0.1952,0.0070,29.8971,12.6959,14.1932,25728.0165,12.7087,NA,NA
SandFall-Win64-Shipping.exe,31024,0x13F96A7D0D0,DXGI,0,512,1,Hardware: Independent Flip,25728.3408,26.8952,26.6215,0.2737,16.8641,24.8924,24.8832,0.0092,42.2687,12.3724,-12.3716,25728.3408,0.5122,NA,NA
SandFall-Win64-Shipping.exe,31024,0x13F96A7D0D0,DXGI,0,512,1,Hardware: Independent Flip,25755.2360,0.3174,0.1599,0.1575,14.8613,0.1536,0.1520,0.0016,27.7459,13.5052,14.5228,25755.2360,12.7310,NA,NA
SandFall-Win64-Shipping.exe,31024,0x13F96A7D0D0,DXGI,0,512,1,Hardware: Independent Flip,25755.5534,23.5445,23.2879,0.2566,14.6975,25.8764,25.0268,0.8496,40.9337,12.4542,-13.1878,25755.5534,0.3598,40.8490,NA
SandFall-Win64-Shipping.exe,31024,0x13F96A7D0D0,DXGI,0,512,1,Hardware: Independent Flip,25779.0979,0.3292,0.1731,0.1561,17.0294,0.1701,0.1685,0.0016,29.8434,12.2768,11.0903,25779.0979,12.6439,NA,NA
SandFall-Win64-Shipping.exe,31024,0x13F96A7D0D0,DXGI,0,512,1,Hardware: Independent Flip,25779.4271,25.0745,24.8240,0.2505,16.8703,24.9199,24.5144,0.4055,41.7910,13.0146,-11.9476,25779.4271,0.0008,NA,NA
SandFall-Win64-Shipping.exe,31024,0x13F96A7D0D0,DXGI,0,512,1,Hardware: Independent Flip,25804.5016,0.3507,0.1569,0.1938,16.7157,0.1931,0.1905,0.0026,29.7311,12.1974,12.0599,25804.5016,12.8223,NA,NA
SandFall-Win64-Shipping.exe,31024,0x13F96A7D0D0,DXGI,0,512,1,Hardware: Independent Flip,25804.8523,24.2712,24.0166,0.2546,16.5581,24.8276,24.8202,0.0074,41.5778,12.6174,-11.8467,25804.8523,0.1921,NA,NA
SandFall-Win64-Shipping.exe,31024,0x13F96A7D0D0,DXGI,0,512,1,Hardware: Independent Flip,25829.1235,0.3103,0.1570,0.1533,17.1145,0.2016,0.1931,0.0085,29.9240,12.6249,11.6538,25829.1235,12.6079,NA,NA
SandFall-Win64-Shipping.exe,31024,0x13F96A7D0D0,DXGI,0,512,1,Hardware: Independent Flip,25829.4338,25.1116,24.8346,0.2770,17.0058,24.8300,24.6642,0.1658,42.2386,12.3407,-12.3146,25829.4338,0.4028,NA,NA
SandFall-Win64-Shipping.exe,31024,0x13F96A7D0D0,DXGI,0,512,1,Hardware: Independent Flip,25854.5454,0.4106,0.2110,0.1996,16.7242,0.1665,0.1617,0.0048,29.4677,13.2842,12.7709,25854.5454,12.5770,NA,NA
SandFall-Win64-Shipping.exe,31024,0x13F96A7D0D0,DXGI,0,512,1,Hardware: Independent Flip,25854.9560,25.4308,25.1360,0.2948,16.4801,25.6051,24.4633,1.1418,42.3413,12.4388,-12.8736,25854.9560,0.2561,NA,NA
SandFall-Win64-Shipping.exe,31024,0x13F96A7D0D0,DXGI,0,512,1,Hardware: Independent Flip,25880.3868,0.4049,0.1888,0.2161,16.6544,0.1973,0.1954,0.0019,29.3493,12.0134,12.9920,25880.3868,12.4976,NA,NA
SandFall-Win64-Shipping.exe,31024,0x13F96A7D0D0,DXGI,0,512,1,Hardware: Independent Flip,25880.7917,24.0511,23.8045,0.2466,16.4468,24.5089,24.3838,0.1251,40.9578,12.7225,-11.6085,25880.7917,0.0021,NA,NA
SandFall-Win64-Shipping.exe,31024,0x13F96A7D0D0,DXGI,0,512,1,Hardware: Independent Flip,25904.8428,0.3489,0.1563,0.1926,16.9046,0.2272,0.2251,0.0021,29.6292,12.5011,11.3286,25904.8428,12.4974,NA,NA
SandFall-Win64-Shipping.exe,31024,0x13F96A7D0D0,DXGI,0,512,1,Hardware: Independent Flip,25905.1917,26.4819,26.2325,0.2494,16.7829,24.8168,24.4516,0.3652,41.7814,12.3847,-12.1522,25905.1917,0.1817,NA,NA
SandFall-Win64-Shipping.exe,31024,0x13F96A7D0D0,DXGI,0,512,1,Hardware: Independent Flip,25931.6736,0.2989,0.1520,0.1469,15.1178,0.2165,0.2108,0.0057,27.6842,13.3096,14.0972,25931.6736,12.3499,NA,NA
SandFall-Win64-Shipping.exe,31024,0x13F96A7D0D0,DXGI,0,512,1,Hardware: Independent Flip,25931.9725,23.6101,23.3553,0.2548,15.0354,25.5428,24.5981,0.9447,40.6949,12.3501,-13.0107,25931.9725,0.1167,38.0375,NA
SandFall-Win64-Shipping.exe,31024,0x13F96A7D0D0,DXGI,0,512,1,Hardware: Independent Flip,25955.5826,0.3385,0.1562,0.1823,16.9681,0.4167,0.4105,0.0062,29.4349,15.2436,11.2600,25955.5826,12.0501,NA,NA
SandFall-Win64-Shipping.exe,31024,0x13F96A7D0D0,DXGI,0,512,1,Hardware: Independent Flip,25955.9211,26.3226,26.0718,0.2508,17.0463,27.2926,25.3125,1.9801,44.3400,12.7769,-14.9051,25955.9211,0.0011,38.6078,NA
SandFall-Win64-Shipping.exe,31024,0x13F96A7D0D0,DXGI,0,512,1,Hardware: Independent Flip,25982.2437,0.3069,0.1536,0.1533,18.0163,0.2193,0.2170,0.0023,30.7943,11.9538,13.5457,25982.2437,12.5587,NA,NA
SandFall-Win64-Shipping.exe,31024,0x13F96A7D0D0,DXGI,0,512,1,Hardware: Independent Flip,25982.5506,22.4306,22.1739,0.2567,17.9287,24.5111,24.4818,0.0293,42.4412,13.8216,-11.6469,25982.5506,0.0014,38.3710,NA
SandFall-Win64-Shipping.exe,31024,0x13F96A7D0D0,DXGI,0,512,1,Hardware: Independent Flip,26004.9812,0.3190,0.1629,0.1561,20.0092,0.2154,0.2131,0.0023,33.8322,11.7983,8.6090,26004.9812,13.6076,NA,NA
SandFall-Win64-Shipping.exe,31024,0x13F96A7D0D0,DXGI,0,512,1,Hardware: Independent Flip,26005.3002,25.3753,25.1297,0.2456,19.9056,25.4054,25.3969,0.0085,45.3115,13.0136,-11.4793,26005.3002,0.0005,44.9784,NA
SandFall-Win64-Shipping.exe,31024,0x13F96A7D0D0,DXGI,0,512,1,Hardware: Independent Flip,26030.6755,0.3236,0.1533,0.1703,19.9357,0.2188,0.2160,0.0028,32.9498,11.9666,12.3617,26030.6755,12.7953,NA,NA
SandFall-Win64-Shipping.exe,31024,0x13F96A7D0D0,DXGI,0,512,1,Hardware: Independent Flip,26030.9991,23.1921,22.9495,0.2426,19.8309,24.7612,24.7575,0.0037,44.5928,12.3958,-11.6430,26030.9991,0.0007,51.9197,NA
SandFall-Win64-Shipping.exe,31024,0x13F96A7D0D0,DXGI,0,512,1,Hardware: Independent Flip,26054.1912,0.2968,0.1509,0.1459,21.4000,0.2195,0.2172,0.0023,33.7965,12.4635,10.7963,26054.1912,12.1770,NA,NA
SandFall-Win64-Shipping.exe,31024,0x13F96A7D0D0,DXGI,0,512,1,Hardware: Independent Flip,26054.4880,23.7645,23.5170,0.2475,21.3227,24.5568,24.5493,0.0075,45.9632,12.2155,-12.1667,26054.4880,0.0837,NA,NA
SandFall-Win64-Shipping.exe,31024,0x13F96A7D0D0,DXGI,0,512,1,Hardware: Independent Flip,26078.2525,0.3047,0.1518,0.1529,22.1150,0.2907,0.2883,0.0024,34.4142,12.4682,11.5490,26078.2525,12.0085,NA,NA
SandFall-Win64-Shipping.exe,31024,0x13F96A7D0D0,DXGI,0,512,1,Hardware: Independent Flip,26078.5572,24.6137,24.3670,0.2467,22.1010,24.4765,24.4686,0.0079,46.5777,12.2819,-12.1635,26078.5572,0.0002,NA,NA
SandFall-Win64-Shipping.exe,31024,0x13F96A7D0D0,DXGI,0,512,1,Hardware: Independent Flip,26103.1709,0.3016,0.1526,0.1490,21.9638,0.2318,0.2293,0.0025,34.2459,12.2565,12.3318,26103.1709,12.0503,NA,NA
SandFall-Win64-Shipping.exe,31024,0x13F96A7D0D0,DXGI,0,512,1,Hardware: Independent Flip,26103.4725,25.5125,25.2686,0.2439,21.8940,24.3060,24.2986,0.0074,46.2008,12.6383,-11.9549,26103.4725,0.0008,54.7811,NA
SandFall-Win64-Shipping.exe,31024,0x13F96A7D0D0,DXGI,0,512,1,Hardware: Independent Flip,26128.9850,0.3022,0.1520,0.1502,20.6875,0.2244,0.2220,0.0024,33.3266,12.3548,12.8742,26128.9850,12.4147,NA,NA
SandFall-Win64-Shipping.exe,31024,0x13F96A7D0D0,DXGI,0,512,1,Hardware: Independent Flip,26129.2872,24.2657,24.0140,0.2517,20.6097,24.7411,24.7336,0.0075,45.3792,12.5133,-12.0526,26129.2872,0.0284,48.9815,NA
SandFall-Win64-Shipping.exe,31024,0x13F96A7D0D0,DXGI,0,512,1,Hardware: Independent Flip,26153.5529,0.3045,0.1553,0.1492,21.0851,0.2360,0.2360,0.0000,33.6268,12.6976,11.7524,26153.5529,12.3057,NA,NA
SandFall-Win64-Shipping.exe,31024,0x13F96A7D0D0,DXGI,0,512,1,Hardware: Independent Flip,26153.8574,24.4624,24.2164,0.2460,21.0166,24.8860,24.8776,0.0084,46.0199,12.4775,-12.3931,26153.8574,0.1173,63.1846,NA
SandFall-Win64-Shipping.exe,31024,0x13F96A7D0D0,DXGI,0,512,1,Hardware: Independent Flip,26178.3198,0.3047,0.1542,0.1505,21.4402,0.2446,0.2421,0.0025,34.0350,12.2735,11.9849,26178.3198,12.3502,NA,NA
SandFall-Win64-Shipping.exe,31024,0x13F96A7D0D0,DXGI,0,512,1,Hardware: Independent Flip,26178.6245,25.7437,25.4977,0.2460,21.3801,24.6080,24.5947,0.0133,46.0038,12.6164,-11.9688,26178.6245,0.0157,43.9995,NA
SandFall-Win64-Shipping.exe,31024,0x13F96A7D0D0,DXGI,0,512,1,Hardware: Independent Flip,26204.3682,0.3093,0.1561,0.1532,20.2444,0.2705,0.2669,0.0036,32.8765,12.5212,13.1273,26204.3682,12.3616,NA,NA
SandFall-Win64-Shipping.exe,31024,0x13F96A7D0D0,DXGI,0,512,1,Hardware: Independent Flip,26204.6775,25.6466,25.3807,0.2659,20.2056,24.6990,24.6888,0.0102,45.0884,12.4600,-12.2119,26204.6775,0.1838,44.1369,NA
SandFall-Win64-Shipping.exe,31024,0x13F96A7D0D0,DXGI,0,512,1,Hardware: Independent Flip,26230.3241,0.3178,0.1516,0.1662,19.2580,0.2203,0.2186,0.0017,31.9018,12.4462,13.1866,26230.3241,12.4235,NA,NA
SandFall-Win64-Shipping.exe,31024,0x13F96A7D0D0,DXGI,0,512,1,Hardware: Independent Flip,26230.6419,23.3034,23.0607,0.2427,19.1605,24.7120,24.6951,0.0169,44.0302,12.5408,-12.1284,26230.6419,0.1577,56.9356,NA
SandFall-Win64-Shipping.exe,31024,0x13F96A7D0D0,DXGI,0,512,1,Hardware: Independent Flip,26253.9453,0.3053,0.1551,0.1502,20.5691,0.2273,0.2257,0.0016,33.2676,12.5248,10.7626,26253.9453,12.4712,NA,NA
SandFall-Win64-Shipping.exe,31024,0x13F96A7D0D0,DXGI,0,512,1,Hardware: Independent Flip,26254.2506,26.2618,25.9370,0.3248,20.4911,24.7860,24.7735,0.0125,45.4871,12.5452,-12.2195,26254.2506,0.2100,63.1123,NA
SandFall-Win64-Shipping.exe,31024,0x13F96A7D0D0,DXGI,0,512,1,Hardware: Independent Flip,26280.5124,0.4144,0.2057,0.2087,19.0153,0.2527,0.2507,0.0020,31.7705,14.0051,13.7166,26280.5124,12.5025,NA,NA
SandFall-Win64-Shipping.exe,31024,0x13F96A7D0D0,DXGI,0,512,1,Hardware: Independent Flip,26280.9268,26.0853,25.7976,0.2877,18.8536,26.2810,26.2717,0.0093,45.3612,12.5046,-13.5907,26280.9268,0.2266,NA,NA
SandFall-Win64-Shipping.exe,31024,0x13F96A7D0D0,DXGI,0,512,1,Hardware: Independent Flip,26307.0121,0.3843,0.2234,0.1609,19.0493,0.1630,0.1574,0.0056,31.7805,12.3872,13.5807,26307.0121,12.5682,NA,NA
SandFall-Win64-Shipping.exe,31024,0x13F96A7D0D0,DXGI,0,512,1,Hardware: Independent Flip,26307.3964,26.6855,26.4311,0.2544,18.8280,24.9549,24.9442,0.0107,43.7834,13.2395,-12.0029,26307.3964,0.0005,NA,NA
SandFall-Win64-Shipping.exe,31024,0x13F96A7D0D0,DXGI,0,512,1,Hardware: Independent Flip,26334.0819,0.3456,0.1643,0.1813,17.0974,0.2754,0.2723,0.0031,30.3374,11.9276,13.4460,26334.0819,12.9646,NA,NA
SandFall-Win64-Shipping.exe,31024,0x13F96A7D0D0,DXGI,0,512,1,Hardware: Independent Flip,26334.4275,21.7158,21.4696,0.2462,17.0272,24.8914,24.8771,0.0143,41.9194,12.7789,-11.5820,26334.4275,0.0008,NA,NA
SandFall-Win64-Shipping.exe,31024,0x13F96A7D0D0,DXGI,0,512,1,Hardware: Independent Flip,26356.1433,0.5086,0.1834,0.3252,20.2028,0.2177,0.2177,0.0000,32.9825,12.3518,8.9369,26356.1433,12.5620,NA,NA
SandFall-Win64-Shipping.exe,31024,0x13F96A7D0D0,DXGI,0,512,1,Hardware: Independent Flip,26356.6519,29.4251,29.1683,0.2568,19.9119,24.6113,24.5982,0.0131,44.8257,12.4016,-11.8432,26356.6519,0.3025,NA,NA
SandFall-Win64-Shipping.exe,31024,0x13F96A7D0D0,DXGI,0,512,1,Hardware: Independent Flip,26386.0770,0.3061,0.1520,0.1541,15.0981,0.2073,0.2057,0.0016,27.8022,12.6257,17.0235,26386.0770,12.4968,NA,NA
SandFall-Win64-Shipping.exe,31024,0x13F96A7D0D0,DXGI,0,512,1,Hardware: Independent Flip,26386.3831,24.3146,24.0722,0.2424,14.9993,24.7905,24.7832,0.0073,40.1218,12.5668,-12.3196,26386.3831,0.3320,NA,NA
SandFall-Win64-Shipping.exe,31024,0x13F96A7D0D0,DXGI,0,512,1,Hardware: Independent Flip,26410.6977,0.3008,0.1531,0.1477,15.4752,0.1959,0.1942,0.0017,28.3740,12.6291,11.7478,26410.6977,12.7029,NA,NA
SandFall-Win64-Shipping.exe,31024,0x13F96A7D0D0,DXGI,0,512,1,Hardware: Independent Flip,26410.9985,22.7488,22.2291,0.5197,15.3703,25.0183,25.0054,0.0129,40.7023,12.4991,-12.3283,26410.9985,0.3137,45.0716,NA
SandFall-Win64-Shipping.exe,31024,0x13F96A7D0D0,DXGI,0,512,1,Hardware: Independent Flip,26433.7473,0.4182,0.2168,0.2014,17.6398,0.1464,0.1447,0.0017,30.4526,13.5670,10.2497,26433.7473,12.6664,NA,NA
SandFall-Win64-Shipping.exe,31024,0x13F96A7D0D0,DXGI,0,512,1,Hardware: Independent Flip,26434.1655,26.4623,26.1987,0.2636,17.3680,25.9681,25.3868,0.5813,43.6014,12.5597,-13.1488,26434.1655,0.2653,47.1391,NA
SandFall-Win64-Shipping.exe,31024,0x13F96A7D0D0,DXGI,0,512,1,Hardware: Independent Flip,26460.6278,0.3327,0.1554,0.1773,16.8738,0.1665,0.1622,0.0043,29.6988,18.3704,13.9026,26460.6278,12.6585,NA,NA
SandFall-Win64-Shipping.exe,31024,0x13F96A7D0D0,DXGI,0,512,1,Hardware: Independent Flip,26460.9605,26.4890,26.2234,0.2656,16.7076,31.0282,25.3540,5.6742,47.7365,12.9893,-18.0377,26460.9605,0.0007,45.0590,NA
SandFall-Win64-Shipping.exe,31024,0x13F96A7D0D0,DXGI,0,512,1,Hardware: Independent Flip,26487.4495,0.3220,0.1609,0.1611,21.2468,0.2305,0.2275,0.0030,34.2368,12.3348,13.4997,26487.4495,12.7595,NA,NA
SandFall-Win64-Shipping.exe,31024,0x13F96A7D0D0,DXGI,0,512,1,Hardware: Independent Flip,26487.7715,22.8528,22.5737,0.2791,21.1553,25.0937,25.0876,0.0061,46.2496,14.2178,-12.0128,26487.7715,0.0006,50.3876,NA
SandFall-Win64-Shipping.exe,31024,0x13F96A7D0D0,DXGI,0,512,1,Hardware: Independent Flip,26510.6243,0.3295,0.1748,0.1547,23.3962,0.2239,0.2214,0.0025,37.6146,10.8383,8.6350,26510.6243,13.9945,NA,NA
SandFall-Win64-Shipping.exe,31024,0x13F96A7D0D0,DXGI,0,512,1,Hardware: Independent Flip,26510.9538,24.7347,24.4570,0.2777,23.2906,24.8321,24.8254,0.0067,48.1234,14.1981,-10.5088,26510.9538,0.0007,58.4226,NA
SandFall-Win64-Shipping.exe,31024,0x13F96A7D0D0,DXGI,0,512,1,Hardware: Independent Flip,26535.6885,0.3155,0.1587,0.1568,23.3880,0.2501,0.2467,0.0034,37.5868,10.6224,10.5366,26535.6885,13.9487,NA,NA
SandFall-Win64-Shipping.exe,31024,0x13F96A7D0D0,DXGI,0,512,1,Hardware: Independent Flip,26536.0040,28.5845,28.3066,0.2779,23.3226,24.5701,24.5630,0.0071,47.8937,13.0922,-10.3069,26536.0040,0.0010,48.2641,NA
SandFall-Win64-Shipping.exe,31024,0x13F96A7D0D0,DXGI,0,512,1,Hardware: Independent Flip,26564.5885,0.4640,0.2718,0.1922,19.3082,0.3258,0.3239,0.0019,32.4014,13.6313,15.4923,26564.5885,12.7674,NA,NA
SandFall-Win64-Shipping.exe,31024,0x13F96A7D0D0,DXGI,0,512,1,Hardware: Independent Flip,26565.0525,26.9220,26.5449,0.3771,19.1700,25.5392,25.5329,0.0063,45.5687,11.7532,-13.1673,26565.0525,0.8595,45.9907,NA
SandFall-Win64-Shipping.exe,31024,0x13F96A7D0D0,DXGI,0,512,1,Hardware: Independent Flip,26591.9745,0.3400,0.1781,0.1619,17.7872,0.2199,0.2181,0.0018,30.3999,12.6289,15.1688,26591.9745,12.3928,NA,NA
SandFall-Win64-Shipping.exe,31024,0x13F96A7D0D0,DXGI,0,512,1,Hardware: Independent Flip,26592.3145,19.5378,19.2985,0.2393,17.6671,25.0199,25.0163,0.0036,42.6888,12.7053,-12.2889,26592.3145,0.0018,42.3797,NA
SandFall-Win64-Shipping.exe,31024,0x13F96A7D0D0,DXGI,0,512,1,Hardware: Independent Flip,26611.8523,0.2963,0.1500,0.1463,23.1492,0.2553,0.2528,0.0025,35.8563,12.9990,6.8325,26611.8523,12.4518,NA,NA
SandFall-Win64-Shipping.exe,31024,0x13F96A7D0D0,DXGI,0,512,1,Hardware: Independent Flip,26612.1486,27.0678,26.8316,0.2362,23.1082,25.4501,25.4423,0.0078,48.5590,12.7962,-12.7027,26612.1486,0.0007,43.0593,NA
SandFall-Win64-Shipping.exe,31024,0x13F96A7D0D0,DXGI,0,512,1,Hardware: Independent Flip,26639.2164,0.2983,0.1516,0.1467,21.4905,0.2282,0.2258,0.0024,34.2874,12.4412,14.2716,26639.2164,12.5687,NA,NA
SandFall-Win64-Shipping.exe,31024,0x13F96A7D0D0,DXGI,0,512,1,Hardware: Independent Flip,26639.5147,23.6757,23.4231,0.2526,21.4204,25.0091,25.0005,0.0086,46.4303,12.9460,-12.1429,26639.5147,0.0008,43.3198,NA
SandFall-Win64-Shipping.exe,31024,0x13F96A7D0D0,DXGI,0,512,1,Hardware: Independent Flip,26663.1904,0.3216,0.1698,0.1518,22.7538,0.2272,0.2242,0.0030,35.7006,13.6873,10.7297,26663.1904,12.7196,NA,NA
SandFall-Win64-Shipping.exe,31024,0x13F96A7D0D0,DXGI,0,512,1,Hardware: Independent Flip,26663.5120,31.8647,31.2012,0.6635,22.6594,26.3357,26.3292,0.0065,49.0663,12.8928,-13.3657,26663.5120,0.0712,42.9543,NA
SandFall-Win64-Shipping.exe,31024,0x13F96A7D0D0,DXGI,0,512,1,Hardware: Independent Flip,26695.3767,0.4382,0.1850,0.2532,17.1304,0.3016,0.2990,0.0026,30.0944,12.9415,18.9719,26695.3767,12.6624,NA,NA
SandFall-Win64-Shipping.exe,31024,0x13F96A7D0D0,DXGI,0,512,1,Hardware: Independent Flip,26695.8149,20.0496,19.7754,0.2742,16.9938,25.6031,25.5954,0.0077,42.5977,13.2905,-12.5033,26695.8149,0.0008,42.7822,NA
SandFall-Win64-Shipping.exe,31024,0x13F96A7D0D0,DXGI,0,512,1,Hardware: Independent Flip,26715.8645,0.3214,0.1635,0.1579,22.5473,0.1770,0.1730,0.0040,35.8386,13.6153,6.7591,26715.8645,13.1143,NA,NA
SandFall-Win64-Shipping.exe,31024,0x13F96A7D0D0,DXGI,0,512,1,Hardware: Independent Flip,26716.1859,26.3221,26.0782,0.2439,22.4029,26.7289,26.7217,0.0072,49.1325,13.2607,-13.2939,26716.1859,0.0007,42.6959,NA
SandFall-Win64-Shipping.exe,31024,0x13F96A7D0D0,DXGI,0,512,1,Hardware: Independent Flip,26742.5080,0.3069,0.1566,0.1503,22.8097,0.2169,0.2141,0.0028,36.0711,12.9818,13.0614,26742.5080,13.0445,NA,NA
SandFall-Win64-Shipping.exe,31024,0x13F96A7D0D0,DXGI,0,512,1,Hardware: Independent Flip,26742.8149,24.3774,24.1154,0.2620,22.7197,26.0259,26.0190,0.0069,48.7460,13.4386,-12.6749,26742.8149,0.0004,44.9386,NA
SandFall-Win64-Shipping.exe,31024,0x13F96A7D0D0,DXGI,0,512,1,Hardware: Independent Flip,26767.1923,0.3187,0.1639,0.1548,24.3682,0.2267,0.2239,0.0028,37.8072,11.8595,10.9388,26767.1923,13.2123,NA,NA
SandFall-Win64-Shipping.exe,31024,0x13F96A7D0D0,DXGI,0,512,1,Hardware: Independent Flip,26767.5110,26.5610,26.3095,0.2515,24.2762,25.0709,25.0629,0.0080,49.3480,13.4677,-11.5408,26767.5110,0.0009,42.2299,NA
SandFall-Win64-Shipping.exe,31024,0x13F96A7D0D0,DXGI,0,512,1,Hardware: Independent Flip,26794.0720,0.3181,0.1707,0.1474,22.7861,0.1841,0.1789,0.0052,36.2547,12.6012,13.0933,26794.0720,13.2845,NA,NA
SandFall-Win64-Shipping.exe,31024,0x13F96A7D0D0,DXGI,0,512,1,Hardware: Independent Flip,26794.3901,31.2823,30.9788,0.3035,22.6521,25.2483,25.2365,0.0118,48.5378,12.6724,-12.2831,26794.3901,0.6374,43.3089,NA
SandFall-Win64-Shipping.exe,31024,0x13F96A7D0D0,DXGI,0,512,1,Hardware: Independent Flip,26825.6724,0.3882,0.1842,0.2040,16.6181,0.2009,0.1993,0.0016,29.9279,13.2784,18.6099,26825.6724,13.1089,NA,NA
SandFall-Win64-Shipping.exe,31024,0x13F96A7D0D0,DXGI,0,512,1,Hardware: Independent Flip,26826.0606,22.4412,22.1105,0.3307,16.4308,25.7071,25.6965,0.0106,42.8181,12.8395,-12.8902,26826.0606,0.6802,41.2523,NA
SandFall-Win64-Shipping.exe,31024,0x13F96A7D0D0,DXGI,0,512,1,Hardware: Independent Flip,26848.5018,0.6679,0.1827,0.4852,19.6967,0.1872,0.1854,0.0018,33.2164,13.1912,9.6017,26848.5018,13.3325,NA,NA
SandFall-Win64-Shipping.exe,31024,0x13F96A7D0D0,DXGI,0,512,1,Hardware: Independent Flip,26849.1697,26.5569,26.2621,0.2948,19.2160,26.0548,26.0437,0.0111,45.7397,13.0435,-12.5233,26849.1697,0.4689,40.2545,NA
SandFall-Win64-Shipping.exe,31024,0x13F96A7D0D0,DXGI,0,512,1,Hardware: Independent Flip,26875.7266,0.3228,0.1634,0.1594,18.7139,0.1691,0.1626,0.0065,32.2263,12.2068,13.5134,26875.7266,13.3433,NA,NA
SandFall-Win64-Shipping.exe,31024,0x13F96A7D0D0,DXGI,0,512,1,Hardware: Independent Flip,26876.0494,25.9098,25.6656,0.2442,18.5602,25.1384,25.1286,0.0098,44.1103,12.9790,-11.8840,26876.0494,0.4117,41.1207,NA
SandFall-Win64-Shipping.exe,31024,0x13F96A7D0D0,DXGI,0,512,1,Hardware: Independent Flip,26901.9592,0.2968,0.1514,0.1454,17.7888,0.1758,0.1742,0.0016,31.1795,13.5423,12.9308,26901.9592,13.2149,NA,NA
SandFall-Win64-Shipping.exe,31024,0x13F96A7D0D0,DXGI,0,512,1,Hardware: Independent Flip,26902.2560,26.2394,25.9982,0.2412,17.6678,25.9511,25.8803,0.0708,44.4250,12.5109,-13.2455,26902.2560,0.8061,40.0562,NA
SandFall-Win64-Shipping.exe,31024,0x13F96A7D0D0,DXGI,0,512,1,Hardware: Independent Flip,26928.4954,0.4135,0.1819,0.2316,17.3795,0.1639,0.1590,0.0049,30.6965,14.0052,13.7285,26928.4954,13.1531,NA,NA
SandFall-Win64-Shipping.exe,31024,0x13F96A7D0D0,DXGI,0,512,1,Hardware: Independent Flip,26928.9089,26.3055,26.0196,0.2859,17.1299,26.8445,25.6969,1.1476,44.2882,12.9960,-13.5917,26928.9089,0.3138,39.5719,NA
SandFall-Win64-Shipping.exe,31024,0x13F96A7D0D0,DXGI,0,512,1,Hardware: Independent Flip,26955.2144,0.3392,0.1803,0.1589,17.6689,0.1702,0.1641,0.0061,30.9787,13.9882,13.3095,26955.2144,13.1396,NA,NA
SandFall-Win64-Shipping.exe,31024,0x13F96A7D0D0,DXGI,0,512,1,Hardware: Independent Flip,26955.5536,26.6582,26.3945,0.2637,17.4999,27.1268,26.2393,0.8875,44.6277,13.5076,-13.6490,26955.5536,0.0010,41.5223,NA
SandFall-Win64-Shipping.exe,31024,0x13F96A7D0D0,DXGI,0,512,1,Hardware: Independent Flip,26982.2118,0.3208,0.1643,0.1565,17.9685,0.1897,0.1873,0.0024,31.4771,12.0080,13.1506,26982.2118,13.3189,NA,NA
SandFall-Win64-Shipping.exe,31024,0x13F96A7D0D0,DXGI,0,512,1,Hardware: Independent Flip,26982.5326,26.1728,25.9129,0.2599,17.8374,25.3267,25.2758,0.0509,43.1643,13.6075,-11.6872,26982.5326,0.0002,45.0489,NA
SandFall-Win64-Shipping.exe,31024,0x13F96A7D0D0,DXGI,0,512,1,Hardware: Independent Flip,27008.7054,0.3289,0.1797,0.1492,16.9913,0.2313,0.2256,0.0057,30.5990,13.4407,12.5653,27008.7054,13.3764,NA,NA
SandFall-Win64-Shipping.exe,31024,0x13F96A7D0D0,DXGI,0,512,1,Hardware: Independent Flip,27009.0343,26.2471,25.9852,0.2619,16.8937,26.4633,25.8036,0.6597,43.7108,12.8209,-13.1118,27009.0343,0.3538,50.6662,NA
SandFall-Win64-Shipping.exe,31024,0x13F96A7D0D0,DXGI,0,512,1,Hardware: Independent Flip,27035.2814,0.3192,0.1661,0.1531,17.1099,0.1792,0.1776,0.0016,30.2846,12.0633,13.4262,27035.2814,12.9955,NA,NA
SandFall-Win64-Shipping.exe,31024,0x13F96A7D0D0,DXGI,0,512,1,Hardware: Independent Flip,27035.6006,24.6194,24.3756,0.2438,16.9699,25.0081,25.0000,0.0081,42.0287,13.0464,-11.7441,27035.6006,0.0507,41.0045,NA
SandFall-Win64-Shipping.exe,31024,0x13F96A7D0D0,DXGI,0,512,1,Hardware: Independent Flip,27060.2200,0.2954,0.1496,0.1458,17.3586,0.2109,0.2083,0.0026,30.4557,13.2380,11.5730,27060.2200,12.8862,NA,NA
SandFall-Win64-Shipping.exe,31024,0x13F96A7D0D0,DXGI,0,512,1,Hardware: Independent Flip,27060.5154,26.4901,26.1823,0.3078,17.2741,25.5734,24.4727,1.1007,43.3983,12.4676,-12.9426,27060.5154,0.5508,39.2647,NA
SandFall-Win64-Shipping.exe,31024,0x13F96A7D0D0,DXGI,0,512,1,Hardware: Independent Flip,27087.0055,0.3122,0.1557,0.1565,16.3574,0.1808,0.1749,0.0059,29.3758,13.9339,14.0225,27087.0055,12.8376,NA,NA
SandFall-Win64-Shipping.exe,31024,0x13F96A7D0D0,DXGI,0,512,1,Hardware: Independent Flip,27087.3177,25.1840,24.9241,0.2599,16.2260,26.5937,26.1841,0.4096,42.9975,12.7726,-13.6217,27087.3177,0.1778,42.6906,NA
SandFall-Win64-Shipping.exe,31024,0x13F96A7D0D0,DXGI,0,512,1,Hardware: Independent Flip,27112.5017,0.3350,0.1586,0.1764,17.6357,0.1752,0.1736,0.0016,30.5861,11.7640,12.4114,27112.5017,12.7752,NA,NA
SandFall-Win64-Shipping.exe,31024,0x13F96A7D0D0,DXGI,0,512,1,Hardware: Independent Flip,27112.8367,25.2046,24.9310,0.2736,17.4759,24.5384,24.4953,0.0431,42.0151,13.3518,-11.4290,27112.8367,0.0008,40.2241,NA
SandFall-Win64-Shipping.exe,31024,0x13F96A7D0D0,DXGI,0,512,1,Hardware: Independent Flip,27138.0413,0.3124,0.1514,0.1610,16.8097,0.1875,0.1852,0.0023,30.1623,12.3143,11.8528,27138.0413,13.1651,NA,NA
SandFall-Win64-Shipping.exe,31024,0x13F96A7D0D0,DXGI,0,512,1,Hardware: Independent Flip,27138.3537,24.8860,24.6068,0.2792,16.6848,25.1143,24.9825,0.1318,42.1642,12.4901,-12.0019,27138.3537,0.3651,NA,NA
SandFall-Win64-Shipping.exe,31024,0x13F96A7D0D0,DXGI,0,512,1,Hardware: Independent Flip,27163.2397,0.3060,0.1503,0.1557,16.9131,0.1843,0.1778,0.0065,29.7683,15.0321,12.3959,27163.2397,12.6709,NA,NA
SandFall-Win64-Shipping.exe,31024,0x13F96A7D0D0,DXGI,0,512,1,Hardware: Independent Flip,27163.5457,28.3522,28.1118,0.2404,16.7914,27.2386,24.2638,2.9748,44.4944,12.2068,-14.7261,27163.5457,0.4644,NA,NA
SandFall-Win64-Shipping.exe,31024,0x13F96A7D0D0,DXGI,0,512,1,Hardware: Independent Flip,27191.8979,0.3095,0.1544,0.1551,15.6778,0.1626,0.1566,0.0060,28.3490,15.4327,16.1454,27191.8979,12.5086,NA,NA
SandFall-Win64-Shipping.exe,31024,0x13F96A7D0D0,DXGI,0,512,1,Hardware: Independent Flip,27192.2074,27.1073,26.8488,0.2585,15.5309,27.9399,24.7014,3.2385,43.4722,13.7372,-15.1232,27192.2074,0.0014,53.0438,NA
SandFall-Win64-Shipping.exe,31024,0x13F96A7D0D0,DXGI,0,512,1,Hardware: Independent Flip,27219.3147,0.3094,0.1580,0.1514,16.3635,0.2096,0.2072,0.0024,30.1021,10.5788,13.3701,27219.3147,13.5290,NA,NA
SandFall-Win64-Shipping.exe,31024,0x13F96A7D0D0,DXGI,0,512,1,Hardware: Independent Flip,27219.6241,24.6126,24.3609,0.2517,16.2637,24.1068,24.0993,0.0075,40.3715,14.1199,-10.2694,27219.6241,0.0010,44.3560,NA
SandFall-Win64-Shipping.exe,31024,0x13F96A7D0D0,DXGI,0,512,1,Hardware: Independent Flip,27244.2367,0.3066,0.1551,0.1515,15.7579,0.2310,0.2276,0.0034,29.8788,11.3693,10.4927,27244.2367,13.8899,NA,NA
SandFall-Win64-Shipping.exe,31024,0x13F96A7D0D0,DXGI,0,512,1,Hardware: Independent Flip,27244.5433,24.0004,23.7466,0.2538,15.6823,25.2585,25.2439,0.0146,40.9415,12.6462,-11.0627,27244.5433,0.0007,44.8656,NA
SandFall-Win64-Shipping.exe,31024,0x13F96A7D0D0,DXGI,0,512,1,Hardware: Independent Flip,27268.5437,0.3051,0.1560,0.1491,16.9404,0.2606,0.2572,0.0034,29.5873,12.6999,11.3542,27268.5437,12.3863,NA,NA
SandFall-Win64-Shipping.exe,31024,0x13F96A7D0D0,DXGI,0,512,1,Hardware: Independent Flip,27268.8488,21.7441,21.4979,0.2462,16.8959,24.5285,24.5195,0.0090,41.9821,11.8571,-12.3948,27268.8488,0.5577,49.1957,NA
SandFall-Win64-Shipping.exe,31024,0x13F96A7D0D0,DXGI,0,512,1,Hardware: Independent Flip,27290.5929,0.3063,0.1549,0.1514,19.6803,0.1980,0.1960,0.0020,32.0951,12.2126,9.8870,27290.5929,12.2168,NA,NA
SandFall-Win64-Shipping.exe,31024,0x13F96A7D0D0,DXGI,0,512,1,Hardware: Independent Flip,27290.8992,23.7496,23.5062,0.2434,19.5720,24.2862,24.2817,0.0045,44.0014,12.1844,-11.9063,27290.8992,0.1432,NA,NA
SandFall-Win64-Shipping.exe,31024,0x13F96A7D0D0,DXGI,0,512,1,Hardware: Independent Flip,27314.6488,0.3077,0.1537,0.1540,20.1086,0.2191,0.2191,0.0000,32.4362,12.5206,11.5652,27314.6488,12.1085,NA,NA
SandFall-Win64-Shipping.exe,31024,0x13F96A7D0D0,DXGI,0,512,1,Hardware: Independent Flip,27314.9565,24.3353,24.0967,0.2386,20.0200,24.4915,24.4797,0.0118,44.6491,12.0519,-12.2129,27314.9565,0.1376,44.9801,NA
SandFall-Win64-Shipping.exe,31024,0x13F96A7D0D0,DXGI,0,512,1,Hardware: Independent Flip,27339.2918,0.3058,0.1543,0.1515,20.1762,0.2234,0.2218,0.0016,32.3657,12.4332,12.2834,27339.2918,11.9661,NA,NA
SandFall-Win64-Shipping.exe,31024,0x13F96A7D0D0,DXGI,0,512,1,Hardware: Independent Flip,27339.5976,23.9064,23.6590,0.2474,20.0938,24.3987,24.3891,0.0096,44.4931,12.4536,-12.1274,27339.5976,0.0006,44.4558,NA
SandFall-Win64-Shipping.exe,31024,0x13F96A7D0D0,DXGI,0,512,1,Hardware: Independent Flip,27363.5040,0.2996,0.1526,0.1470,20.5861,0.2239,0.2215,0.0024,33.0403,12.0219,11.4528,27363.5040,12.2303,NA,NA
SandFall-Win64-Shipping.exe,31024,0x13F96A7D0D0,DXGI,0,512,1,Hardware: Independent Flip,27363.8036,24.7747,24.5339,0.2408,20.5104,24.2511,24.2407,0.0104,44.7626,12.4438,-11.7223,27363.8036,0.0011,41.9440,NA
SandFall-Win64-Shipping.exe,31024,0x13F96A7D0D0,DXGI,0,512,1,Hardware: Independent Flip,27388.5783,0.3047,0.1499,0.1548,19.9868,0.2304,0.2284,0.0020,32.4317,12.9956,12.3309,27388.5783,12.2145,NA,NA
SandFall-Win64-Shipping.exe,31024,0x13F96A7D0D0,DXGI,0,512,1,Hardware: Independent Flip,27388.8830,24.8664,24.6291,0.2373,19.9125,25.1117,25.1035,0.0082,45.1226,12.2666,-12.6909,27388.8830,0.0984,40.3827,NA
SandFall-Win64-Shipping.exe,31024,0x13F96A7D0D0,DXGI,0,512,1,Hardware: Independent Flip,27413.7494,0.3000,0.1505,0.1495,20.1578,0.2572,0.2546,0.0026,32.5228,12.1951,12.5998,27413.7494,12.1078,NA,NA
SandFall-Win64-Shipping.exe,31024,0x13F96A7D0D0,DXGI,0,512,1,Hardware: Independent Flip,27414.0494,23.9586,23.6465,0.3121,20.1150,24.3020,24.2931,0.0089,44.4179,12.6746,-11.8951,27414.0494,0.0009,39.8326,NA
SandFall-Win64-Shipping.exe,31024,0x13F96A7D0D0,DXGI,0,512,1,Hardware: Independent Flip,27438.0080,0.3243,0.1515,0.1728,20.4584,0.2129,0.2129,0.0000,33.1339,12.3975,11.2840,27438.0080,12.4626,NA,NA
SandFall-Win64-Shipping.exe,31024,0x13F96A7D0D0,DXGI,0,512,1,Hardware: Independent Flip,27438.3323,25.3830,24.9145,0.4685,20.3470,24.8595,24.8492,0.0103,45.2071,12.4818,-12.0732,27438.3323,0.0006,41.9170,NA
SandFall-Win64-Shipping.exe,31024,0x13F96A7D0D0,DXGI,0,512,1,Hardware: Independent Flip,27463.7153,0.3346,0.1820,0.1526,19.8235,0.2235,0.2235,0.0000,32.3059,13.4243,12.9012,27463.7153,12.2589,NA,NA
SandFall-Win64-Shipping.exe,31024,0x13F96A7D0D0,DXGI,0,512,1,Hardware: Independent Flip,27464.0499,25.0785,24.8055,0.2730,19.7124,25.6827,25.6416,0.0411,45.3956,12.4703,-13.0897,27464.0499,0.0005,41.8178,NA
SandFall-Win64-Shipping.exe,31024,0x13F96A7D0D0,DXGI,0,512,1,Hardware: Independent Flip,27489.1284,0.3435,0.1546,0.1889,20.3166,0.2521,0.2499,0.0022,32.7874,12.2069,12.6082,27489.1284,12.2187,NA,NA
SandFall-Win64-Shipping.exe,31024,0x13F96A7D0D0,DXGI,0,512,1,Hardware: Independent Flip,27489.4719,24.9340,24.6831,0.2509,20.2252,24.4249,24.4182,0.0067,44.6508,13.0987,-11.8634,27489.4719,0.0007,47.4942,NA
SandFall-Win64-Shipping.exe,31024,0x13F96A7D0D0,DXGI,0,512,1,Hardware: Independent Flip,27514.4059,0.3182,0.1635,0.1547,19.7161,0.2114,0.2114,0.0000,32.8155,11.2572,11.8353,27514.4059,12.8880,NA,NA
SandFall-Win64-Shipping.exe,31024,0x13F96A7D0D0,DXGI,0,512,1,Hardware: Independent Flip,27514.7241,23.4877,23.2391,0.2486,19.6093,24.1451,24.1349,0.0102,43.7545,12.5997,-10.9390,27514.7241,0.0001,41.8198,NA
SandFall-Win64-Shipping.exe,31024,0x13F96A7D0D0,DXGI,0,512,1,Hardware: Independent Flip,27538.2118,0.3244,0.1558,0.1686,20.2667,0.1649,0.1591,0.0058,32.8665,12.1504,10.8880,27538.2118,12.4349,NA,NA
SandFall-Win64-Shipping.exe,31024,0x13F96A7D0D0,DXGI,0,512,1,Hardware: Independent Flip,27538.5362,27.5234,27.2537,0.2697,20.1072,24.0092,23.9923,0.0169,44.6925,12.0200,-11.8260,27538.5362,0.5761,NA,NA
SandFall-Win64-Shipping.exe,31024,0x13F96A7D0D0,DXGI,0,512,1,Hardware: Independent Flip,27566.0596,0.3356,0.1801,0.1555,16.5930,0.2041,0.2024,0.0017,29.1891,12.2746,15.5034,27566.0596,12.3920,NA,NA
SandFall-Win64-Shipping.exe,31024,0x13F96A7D0D0,DXGI,0,512,1,Hardware: Independent Flip,27566.3952,22.0823,21.8306,0.2517,16.4615,24.1493,24.1391,0.0102,41.1281,12.2096,-11.9390,27566.3952,0.5173,NA,NA
SandFall-Win64-Shipping.exe,31024,0x13F96A7D0D0,DXGI,0,512,1,Hardware: Independent Flip,27588.4775,0.3122,0.1568,0.1554,18.5285,0.2034,0.2018,0.0016,31.2554,12.4928,9.8727,27588.4775,12.5235,NA,NA
SandFall-Win64-Shipping.exe,31024,0x13F96A7D0D0,DXGI,0,512,1,Hardware: Independent Flip,27588.7897,25.1026,24.8601,0.2425,18.4197,24.5236,24.5082,0.0154,43.4360,12.1542,-12.1806,27588.7897,0.4927,NA,NA
SandFall-Win64-Shipping.exe,31024,0x13F96A7D0D0,DXGI,0,512,1,Hardware: Independent Flip,27613.8923,0.2989,0.1488,0.1501,17.8407,0.2279,0.2279,0.0000,30.4876,12.3991,12.9484,27613.8923,12.4190,NA,NA
SandFall-Win64-Shipping.exe,31024,0x13F96A7D0D0,DXGI,0,512,1,Hardware: Independent Flip,27614.1912,24.2464,23.9943,0.2521,17.7697,24.4883,24.4794,0.0089,42.5878,12.2326,-12.1002,27614.1912,0.3298,NA,NA
SandFall-Win64-Shipping.exe,31024,0x13F96A7D0D0,DXGI,0,512,1,Hardware: Independent Flip,27638.4376,0.3122,0.1676,0.1446,18.0116,0.2050,0.2035,0.0015,30.5740,11.7691,12.0138,27638.4376,12.3574,NA,NA
SandFall-Win64-Shipping.exe,31024,0x13F96A7D0D0,DXGI,0,512,1,Hardware: Independent Flip,27638.7498,24.3776,24.1183,0.2593,17.9044,23.8722,23.8604,0.0118,42.0309,12.2184,-11.4569,27638.7498,0.2543,NA,NA
SandFall-Win64-Shipping.exe,31024,0x13F96A7D0D0,DXGI,0,512,1,Hardware: Independent Flip,27663.1274,0.9463,0.1729,0.7734,17.3990,0.1798,0.1782,0.0016,29.8717,12.3186,12.1592,27663.1274,12.2929,NA,NA
SandFall-Win64-Shipping.exe,31024,0x13F96A7D0D0,DXGI,0,512,1,Hardware: Independent Flip,27664.0737,24.4248,24.1687,0.2561,16.6325,24.1243,23.7246,0.3997,41.2440,11.9299,-11.3723,27664.0737,0.4872,NA,NA
SandFall-Win64-Shipping.exe,31024,0x13F96A7D0D0,DXGI,0,512,1,Hardware: Independent Flip,27688.4985,0.3045,0.1552,0.1493,16.3320,0.1738,0.1722,0.0016,28.7491,13.2783,12.4949,27688.4985,12.2433,NA,NA
SandFall-Win64-Shipping.exe,31024,0x13F96A7D0D0,DXGI,0,512,1,Hardware: Independent Flip,27688.8030,25.4004,25.1527,0.2477,16.2013,25.2177,24.0512,1.1665,41.7229,12.1189,-12.9738,27688.8030,0.3039,38.8984,NA
SandFall-Win64-Shipping.exe,31024,0x13F96A7D0D0,DXGI,0,512,1,Hardware: Independent Flip,27714.2034,0.3023,0.1523,0.1500,16.0186,0.1753,0.1738,0.0015,28.4414,12.0547,13.2815,27714.2034,12.2475,NA,NA
SandFall-Win64-Shipping.exe,31024,0x13F96A7D0D0,DXGI,0,512,1,Hardware: Independent Flip,27714.5057,23.8350,23.5827,0.2523,15.8916,24.3015,23.8864,0.4151,40.1938,12.6717,-11.7524,27714.5057,0.0007,NA,NA
SandFall-Win64-Shipping.exe,31024,0x13F96A7D0D0,DXGI,0,512,1,Hardware: Independent Flip,27738.3407,0.3000,0.1514,0.1486,16.3581,0.1966,0.1943,0.0023,29.0305,11.5413,11.1633,27738.3407,12.4758,NA,NA
SandFall-Win64-Shipping.exe,31024,0x13F96A7D0D0,DXGI,0,512,1,Hardware: Independent Flip,27738.6407,24.0594,23.8128,0.2466,16.2547,23.9926,23.6940,0.2986,40.2718,12.2800,-11.2413,27738.6407,0.0245,NA,NA
SandFall-Win64-Shipping.exe,31024,0x13F96A7D0D0,DXGI,0,512,1,Hardware: Independent Flip,27762.7001,0.3144,0.1588,0.1556,16.1879,0.1994,0.1969,0.0025,28.4924,12.3166,11.7794,27762.7001,12.1051,NA,NA
SandFall-Win64-Shipping.exe,31024,0x13F96A7D0D0,DXGI,0,512,1,Hardware: Independent Flip,27763.0145,23.9942,23.7357,0.2585,16.0729,24.0229,23.6103,0.4126,40.4946,11.8115,-12.0022,27763.0145,0.3988,NA,NA
SandFall-Win64-Shipping.exe,31024,0x13F96A7D0D0,DXGI,0,512,1,Hardware: Independent Flip,27787.0087,0.3176,0.1611,0.1565,16.1016,0.1795,0.1779,0.0016,28.3119,13.4712,12.1827,27787.0087,12.0308,NA,NA
SandFall-Win64-Shipping.exe,31024,0x13F96A7D0D0,DXGI,0,512,1,Hardware: Independent Flip,27787.3263,25.4649,25.2225,0.2424,15.9635,25.3477,24.1259,1.2218,41.4655,11.9865,-13.1536,27787.3263,0.1543,37.1663,NA
SandFall-Win64-Shipping.exe,31024,0x13F96A7D0D0,DXGI,0,512,1,Hardware: Independent Flip,27812.7912,0.3094,0.1579,0.1515,15.8463,0.2316,0.2299,0.0017,27.9871,11.7522,13.4784,27812.7912,11.9092,NA,NA
SandFall-Win64-Shipping.exe,31024,0x13F96A7D0D0,DXGI,0,512,1,Hardware: Independent Flip,27813.1006,21.9468,21.6948,0.2520,15.7685,23.6601,23.6494,0.0107,39.4299,12.6444,-11.4428,27813.1006,0.0013,NA,NA
SandFall-Win64-Shipping.exe,31024,0x13F96A7D0D0,DXGI,0,512,1,Hardware: Independent Flip,27835.0474,0.3624,0.1846,0.1778,17.4818,0.2072,0.2049,0.0023,30.1275,12.7216,9.3024,27835.0474,12.4385,NA,NA
SandFall-Win64-Shipping.exe,31024,0x13F96A7D0D0,DXGI,0,512,1,Hardware: Independent Flip,27835.4098,28.2223,27.8915,0.3308,17.3266,25.1592,25.1454,0.0138,42.4867,12.1530,-12.3592,27835.4098,0.0009,42.2672,NA
SandFall-Win64-Shipping.exe,31024,0x13F96A7D0D0,DXGI,0,512,1,Hardware: Independent Flip,27863.6321,0.3162,0.1663,0.1499,14.2635,0.2181,0.2155,0.0026,26.4174,11.7115,16.0693,27863.6321,11.9358,NA,NA
SandFall-Win64-Shipping.exe,31024,0x13F96A7D0D0,DXGI,0,512,1,Hardware: Independent Flip,27863.9483,19.6910,19.4327,0.2583,14.1654,23.6473,23.6349,0.0124,37.8127,12.4046,-11.3953,27863.9483,NA,37.0722,NA
SandFall-Win64-Shipping.exe,31024,0x13F96A7D0D0,DXGI,0,512,1,Hardware: Independent Flip,27883.6393,0.3259,0.1542,0.1717,18.1217,0.2269,0.2253,0.0016,30.5263,11.9985,7.2864,27883.6393,12.1777,NA,NA
SandFall-Win64-Shipping.exe,31024,0x13F96A7D0D0,DXGI,0,512,1,Hardware: Independent Flip,27883.9652,24.3281,24.0879,0.2402,18.0227,24.1752,24.1622,0.0130,42.1989,12.1168,-11.6726,27883.9652,0.0010,38.5220,NA
SandFall-Win64-Shipping.exe,31024,0x13F96A7D0D0,DXGI,0,512,1,Hardware: Independent Flip,27908.2933,0.3034,0.1531,0.1503,17.8698,0.2182,0.2159,0.0023,29.9876,12.8289,12.2113,27908.2933,11.8996,NA,NA
SandFall-Win64-Shipping.exe,31024,0x13F96A7D0D0,DXGI,0,512,1,Hardware: Independent Flip,27908.5967,24.3841,24.1323,0.2518,17.7846,24.7277,24.7153,0.0124,42.5131,12.0262,-12.5255,27908.5967,0.0008,37.4864,NA
SandFall-Win64-Shipping.exe,31024,0x13F96A7D0D0,DXGI,0,512,1,Hardware: Independent Flip,27932.9808,0.3081,0.1574,0.1507,18.1282,0.2192,0.2168,0.0024,30.1552,13.3512,12.3579,27932.9808,11.8078,NA,NA
SandFall-Win64-Shipping.exe,31024,0x13F96A7D0D0,DXGI,0,512,1,Hardware: Independent Flip,27933.2889,24.1319,23.8798,0.2521,18.0393,25.1587,25.0975,0.0612,43.1983,12.6943,-13.0431,27933.2889,0.0003,38.8635,NA
SandFall-Win64-Shipping.exe,31024,0x13F96A7D0D0,DXGI,0,512,1,Hardware: Independent Flip,27957.4208,0.3763,0.1524,0.2239,19.0661,0.2328,0.2309,0.0019,31.7607,12.8164,11.4376,27957.4208,12.4618,NA,NA
SandFall-Win64-Shipping.exe,31024,0x13F96A7D0D0,DXGI,0,512,1,Hardware: Independent Flip,27957.7971,22.4528,22.2192,0.2336,18.9226,25.2769,25.2638,0.0131,44.2008,12.9274,-12.4401,27957.7971,0.0013,40.3728,NA
SandFall-Win64-Shipping.exe,31024,0x13F96A7D0D0,DXGI,0,512,1,Hardware: Independent Flip,27980.2499,0.3037,0.1536,0.1501,21.7467,0.2630,0.2582,0.0048,34.6754,16.7231,9.5254,27980.2499,12.6657,NA,NA
SandFall-Win64-Shipping.exe,31024,0x13F96A7D0D0,DXGI,0,512,1,Hardware: Independent Flip,27980.5536,26.6054,26.3640,0.2414,21.7060,29.3875,26.3347,3.0528,51.0948,12.9868,-16.4194,27980.5536,0.0013,44.9968,NA
SandFall-Win64-Shipping.exe,31024,0x13F96A7D0D0,DXGI,0,512,1,Hardware: Independent Flip,28007.1590,0.3058,0.1539,0.1519,24.4881,0.2181,0.2153,0.0028,37.4762,13.0377,13.6186,28007.1590,12.7700,NA,NA
SandFall-Win64-Shipping.exe,31024,0x13F96A7D0D0,DXGI,0,512,1,Hardware: Independent Flip,28007.4648,23.0711,22.8399,0.2312,24.4004,25.8067,25.8008,0.0059,50.2081,13.7472,-12.7319,28007.4648,0.0010,47.0461,NA
SandFall-Win64-Shipping.exe,31024,0x13F96A7D0D0,DXGI,0,512,1,Hardware: Independent Flip,28030.5359,0.3199,0.1703,0.1496,27.1360,0.2216,0.2216,0.0000,40.8842,12.5986,9.3239,28030.5359,13.5266,NA,NA
SandFall-Win64-Shipping.exe,31024,0x13F96A7D0D0,DXGI,0,512,1,Hardware: Independent Flip,28030.8558,29.4763,29.2223,0.2540,27.0377,26.1243,26.1183,0.0060,53.1629,13.9330,-12.2787,28030.8558,0.0009,48.3942,NA
SandFall-Win64-Shipping.exe,31024,0x13F96A7D0D0,DXGI,0,512,1,Hardware: Independent Flip,28060.3321,0.3093,0.1597,0.1496,23.6857,0.2283,0.2261,0.0022,37.6196,11.8035,15.5433,28060.3321,13.7056,NA,NA
SandFall-Win64-Shipping.exe,31024,0x13F96A7D0D0,DXGI,0,512,1,Hardware: Independent Flip,28060.6414,24.0298,23.7724,0.2574,23.6047,25.5084,25.5025,0.0059,49.1138,13.9310,-11.4942,28060.6414,0.0007,49.1285,NA
SandFall-Win64-Shipping.exe,31024,0x13F96A7D0D0,DXGI,0,512,1,Hardware: Independent Flip,28084.6712,0.3288,0.1711,0.1577,25.0833,0.2830,0.2794,0.0036,39.0150,12.5767,10.0988,28084.6712,13.6487,NA,NA
SandFall-Win64-Shipping.exe,31024,0x13F96A7D0D0,DXGI,0,512,1,Hardware: Independent Flip,28085.0000,25.4792,25.2277,0.2515,25.0375,26.2242,26.2215,0.0027,51.2629,13.4005,-12.2479,28085.0000,0.0012,58.6318,NA
SandFall-Win64-Shipping.exe,31024,0x13F96A7D0D0,DXGI,0,512,1,Hardware: Independent Flip,28110.4792,0.3769,0.1940,0.1829,25.7825,0.2131,0.2107,0.0024,39.1842,12.3194,12.0787,28110.4792,13.1886,NA,NA
SandFall-Win64-Shipping.exe,31024,0x13F96A7D0D0,DXGI,0,512,1,Hardware: Independent Flip,28110.8561,26.2560,26.0027,0.2533,25.6187,25.5073,25.5002,0.0071,51.1267,13.2194,-11.9425,28110.8561,0.0007,NA,NA
SandFall-Win64-Shipping.exe,31024,0x13F96A7D0D0,DXGI,0,512,1,Hardware: Independent Flip,28137.1121,0.3582,0.2072,0.1510,24.8700,0.1889,0.1839,0.0050,38.0901,12.9867,13.0366,28137.1121,13.0312,NA,NA
SandFall-Win64-Shipping.exe,31024,0x13F96A7D0D0,DXGI,0,512,1,Hardware: Independent Flip,28137.4703,24.8322,24.5509,0.2813,24.7007,25.8899,25.8846,0.0053,50.7186,13.0476,-12.6285,28137.4703,0.1280,NA,NA
SandFall-Win64-Shipping.exe,31024,0x13F96A7D0D0,DXGI,0,512,1,Hardware: Independent Flip,28162.3025,0.3160,0.1670,0.1490,25.7584,0.1844,0.1781,0.0063,38.9340,12.5164,11.7846,28162.3025,12.9912,NA,NA
SandFall-Win64-Shipping.exe,31024,0x13F96A7D0D0,DXGI,0,512,1,Hardware: Independent Flip,28162.6185,28.0909,27.8494,0.2415,25.6268,25.3409,25.3340,0.0069,51.1344,13.0997,-12.2004,28162.6185,0.1667,52.0937,NA
SandFall-Win64-Shipping.exe,31024,0x13F96A7D0D0,DXGI,0,512,1,Hardware: Independent Flip,28190.7094,0.3186,0.1636,0.1550,22.8768,0.2413,0.2393,0.0020,36.1432,12.6358,14.9912,28190.7094,13.0251,NA,NA
SandFall-Win64-Shipping.exe,31024,0x13F96A7D0D0,DXGI,0,512,1,Hardware: Independent Flip,28191.0280,23.6309,23.3703,0.2606,22.7995,25.1994,25.1920,0.0074,48.4604,12.9380,-12.3172,28191.0280,0.4615,71.8526,NA
SandFall-Win64-Shipping.exe,31024,0x13F96A7D0D0,DXGI,0,512,1,Hardware: Independent Flip,28214.6589,0.3303,0.1794,0.1509,24.3680,0.2090,0.2073,0.0017,37.7675,12.8041,10.6929,28214.6589,13.1905,NA,NA
SandFall-Win64-Shipping.exe,31024,0x13F96A7D0D0,DXGI,0,512,1,Hardware: Independent Flip,28214.9892,27.0589,26.8180,0.2409,24.2467,25.3610,25.3541,0.0069,50.2413,12.7304,-12.4738,28214.9892,0.6336,50.6037,NA
SandFall-Win64-Shipping.exe,31024,0x13F96A7D0D0,DXGI,0,512,1,Hardware: Independent Flip,28242.0481,0.3174,0.1648,0.1526,22.5488,0.2108,0.2090,0.0018,35.9128,13.0416,14.3285,28242.0481,13.1532,NA,NA
SandFall-Win64-Shipping.exe,31024,0x13F96A7D0D0,DXGI,0,512,1,Hardware: Independent Flip,28242.3655,28.6405,28.3954,0.2451,22.4422,25.5906,25.5837,0.0069,48.6370,12.8037,-12.7242,28242.3655,0.6042,49.3729,NA
SandFall-Win64-Shipping.exe,31024,0x13F96A7D0D0,DXGI,0,512,1,Hardware: Independent Flip,28271.0060,0.3069,0.1586,0.1483,19.3923,0.2116,0.2098,0.0018,32.8002,12.9425,15.8368,28271.0060,13.1963,NA,NA
SandFall-Win64-Shipping.exe,31024,0x13F96A7D0D0,DXGI,0,512,1,Hardware: Independent Flip,28271.3129,25.1730,24.8937,0.2793,19.2970,25.6441,25.6366,0.0075,45.4358,12.8693,-12.6356,28271.3129,0.4947,65.0873,NA
SandFall-Win64-Shipping.exe,31024,0x13F96A7D0D0,DXGI,0,512,1,Hardware: Independent Flip,28296.4859,0.3120,0.1592,0.1528,19.7681,0.2089,0.2070,0.0019,33.1321,12.0139,12.3037,28296.4859,13.1551,NA,NA
SandFall-Win64-Shipping.exe,31024,0x13F96A7D0D0,DXGI,0,512,1,Hardware: Independent Flip,28296.7979,21.1620,20.8992,0.2628,19.6650,24.6998,24.6904,0.0094,44.8340,12.8564,-11.7019,28296.7979,0.4692,45.9920,NA
SandFall-Win64-Shipping.exe,31024,0x13F96A7D0D0,DXGI,0,512,1,Hardware: Independent Flip,28317.9599,0.3164,0.1567,0.1597,23.2028,0.1703,0.1646,0.0057,36.5284,12.4493,8.3056,28317.9599,13.1553,NA,NA
SandFall-Win64-Shipping.exe,31024,0x13F96A7D0D0,DXGI,0,512,1,Hardware: Independent Flip,28318.2763,26.6978,26.4517,0.2461,23.0567,24.7006,24.6912,0.0094,48.6613,12.4300,-12.1329,28318.2763,0.9040,42.3079,NA
SandFall-Win64-Shipping.exe,31024,0x13F96A7D0D0,DXGI,0,512,1,Hardware: Independent Flip,28344.9741,0.3378,0.1642,0.1736,21.0595,0.2076,0.2059,0.0017,34.3935,12.8151,14.2678,28344.9741,13.1264,NA,NA
SandFall-Win64-Shipping.exe,31024,0x13F96A7D0D0,DXGI,0,512,1,Hardware: Independent Flip,28345.3119,25.1673,24.9134,0.2539,20.9293,25.0377,25.0215,0.0162,46.8708,12.4530,-12.4773,28345.3119,0.9038,41.5517,NA
SandFall-Win64-Shipping.exe,31024,0x13F96A7D0D0,DXGI,0,512,1,Hardware: Independent Flip,28370.4792,0.9723,0.1914,0.7809,20.7997,0.2179,0.2156,0.0023,34.1565,12.3754,12.7143,28370.4792,13.1389,NA,NA
SandFall-Win64-Shipping.exe,31024,0x13F96A7D0D0,DXGI,0,512,1,Hardware: Independent Flip,28371.4515,26.8504,26.6009,0.2495,20.0453,24.7792,24.7669,0.0123,45.5596,12.6372,-11.4031,28371.4515,0.7351,46.4782,NA
SandFall-Win64-Shipping.exe,31024,0x13F96A7D0D0,DXGI,0,512,1,Hardware: Independent Flip,28398.3019,0.3224,0.1551,0.1673,17.9741,0.1952,0.1883,0.0069,31.3464,13.9773,14.2132,28398.3019,13.1771,NA,NA
SandFall-Win64-Shipping.exe,31024,0x13F96A7D0D0,DXGI,0,512,1,Hardware: Independent Flip,28398.6243,27.9146,27.6609,0.2537,17.8469,26.2856,25.9718,0.3138,45.0013,12.3399,-13.6549,28398.6243,0.8688,42.3271,NA
SandFall-Win64-Shipping.exe,31024,0x13F96A7D0D0,DXGI,0,512,1,Hardware: Independent Flip,28426.5389,0.3027,0.1514,0.1513,16.2179,0.1721,0.1705,0.0016,29.4266,12.8993,15.5747,28426.5389,13.0366,NA,NA
SandFall-Win64-Shipping.exe,31024,0x13F96A7D0D0,DXGI,0,512,1,Hardware: Independent Flip,28426.8416,25.3718,25.1081,0.2637,16.0873,25.8764,24.9637,0.9127,42.0232,13.0368,-12.5966,28426.8416,0.0595,NA,NA
SandFall-Win64-Shipping.exe,31024,0x13F96A7D0D0,DXGI,0,512,1,Hardware: Independent Flip,28452.2134,0.3108,0.1586,0.1522,16.5919,0.2292,0.2267,0.0025,29.6882,12.1964,12.3350,28452.2134,12.8671,NA,NA
SandFall-Win64-Shipping.exe,31024,0x13F96A7D0D0,DXGI,0,512,1,Hardware: Independent Flip,28452.5242,23.6838,23.4339,0.2499,16.5103,24.9285,24.9206,0.0079,41.5738,12.9182,-11.8856,28452.5242,0.1350,62.0509,NA
SandFall-Win64-Shipping.exe,31024,0x13F96A7D0D0,DXGI,0,512,1,Hardware: Independent Flip,28476.2080,0.2990,0.1532,0.1458,17.7550,0.2103,0.2081,0.0022,30.8082,13.8550,10.7656,28476.2080,12.8429,NA,NA
SandFall-Win64-Shipping.exe,31024,0x13F96A7D0D0,DXGI,0,512,1,Hardware: Independent Flip,28476.5070,25.8544,25.6064,0.2480,17.6663,26.1861,25.8457,0.3404,44.3642,12.4476,-13.5560,28476.5070,0.5118,42.7271,NA
SandFall-Win64-Shipping.exe,31024,0x13F96A7D0D0,DXGI,0,512,1,Hardware: Independent Flip,28502.3614,0.3802,0.2011,0.1791,17.9980,0.1554,0.1534,0.0020,30.9574,12.4752,13.4068,28502.3614,12.8040,NA,NA
SandFall-Win64-Shipping.exe,31024,0x13F96A7D0D0,DXGI,0,512,1,Hardware: Independent Flip,28502.7416,25.5013,25.2394,0.2619,17.7732,25.2783,25.2660,0.0123,43.0524,13.1915,-12.0950,28502.7416,0.0009,36.8797,NA
SandFall-Win64-Shipping.exe,31024,0x13F96A7D0D0,DXGI,0,512,1,Hardware: Independent Flip,28528.2429,0.3251,0.1556,0.1695,17.5502,0.2069,0.2034,0.0035,30.7426,12.6787,12.3098,28528.2429,12.9855,NA,NA
SandFall-Win64-Shipping.exe,31024,0x13F96A7D0D0,DXGI,0,512,1,Hardware: Independent Flip,28528.5680,26.6418,26.2645,0.3773,17.4320,25.4934,25.1981,0.2953,43.0962,12.6907,-12.3536,28528.5680,0.1708,NA,NA
SandFall-Win64-Shipping.exe,31024,0x13F96A7D0D0,DXGI,0,512,1,Hardware: Independent Flip,28555.2098,0.3940,0.2095,0.1845,16.2836,0.1957,0.1941,0.0016,29.1451,13.0321,13.9511,28555.2098,12.6658,NA,NA
SandFall-Win64-Shipping.exe,31024,0x13F96A7D0D0,DXGI,0,512,1,Hardware: Independent Flip,28555.6038,24.1507,23.9098,0.2409,16.0853,25.5218,25.2489,0.2729,41.7832,12.5754,-12.6381,28555.6038,0.1761,57.7057,NA
SandFall-Win64-Shipping.exe,31024,0x13F96A7D0D0,DXGI,0,512,1,Hardware: Independent Flip,28579.7545,0.3164,0.1517,0.1647,17.4564,0.1876,0.1813,0.0063,30.2079,12.3783,11.5753,28579.7545,12.5639,NA,NA
SandFall-Win64-Shipping.exe,31024,0x13F96A7D0D0,DXGI,0,512,1,Hardware: Independent Flip,28580.0709,25.3528,25.0611,0.2917,17.3276,24.9413,24.9290,0.0123,42.2698,12.8012,-12.0619,28580.0709,0.0009,51.9078,NA
SandFall-Win64-Shipping.exe,31024,0x13F96A7D0D0,DXGI,0,512,1,Hardware: Independent Flip,28605.4237,0.3526,0.1565,0.1961,16.9161,0.2480,0.2451,0.0029,29.7182,12.5999,12.5516,28605.4237,12.5541,NA,NA
SandFall-Win64-Shipping.exe,31024,0x13F96A7D0D0,DXGI,0,512,1,Hardware: Independent Flip,28605.7763,24.1272,23.8803,0.2469,16.8115,25.0324,25.0245,0.0079,41.9655,12.5835,-12.2473,28605.7763,0.1216,46.5797,NA
SandFall-Win64-Shipping.exe,31024,0x13F96A7D0D0,DXGI,0,512,1,Hardware: Independent Flip,28629.9035,0.3213,0.1543,0.1670,17.7167,0.1495,0.1452,0.0043,30.4218,12.7969,11.5437,28629.9035,12.5556,NA,NA
SandFall-Win64-Shipping.exe,31024,0x13F96A7D0D0,DXGI,0,512,1,Hardware: Independent Flip,28630.2248,25.3777,25.1225,0.2552,17.5449,25.2208,25.1250,0.0958,42.8974,12.5749,-12.4756,28630.2248,0.1317,41.1412,NA
SandFall-Win64-Shipping.exe,31024,0x13F96A7D0D0,DXGI,0,512,1,Hardware: Independent Flip,28655.6025,0.3345,0.1730,0.1615,17.3880,0.1924,0.1909,0.0015,30.0946,13.0253,12.8028,28655.6025,12.5142,NA,NA
SandFall-Win64-Shipping.exe,31024,0x13F96A7D0D0,DXGI,0,512,1,Hardware: Independent Flip,28655.9370,25.6598,25.4001,0.2597,17.2459,25.5077,25.4975,0.0102,42.7854,12.6627,-12.6908,28655.9370,0.0318,NA,NA
SandFall-Win64-Shipping.exe,31024,0x13F96A7D0D0,DXGI,0,512,1,Hardware: Independent Flip,28681.5968,0.3120,0.1592,0.1528,17.0938,0.1506,0.1466,0.0040,29.7883,12.9246,12.9971,28681.5968,12.5439,NA,NA
SandFall-Win64-Shipping.exe,31024,0x13F96A7D0D0,DXGI,0,512,1,Hardware: Independent Flip,28681.9088,24.5285,24.2699,0.2586,16.9324,25.4678,25.4573,0.0105,42.4009,12.7461,-12.6126,28681.9088,0.0007,61.5449,NA
SandFall-Win64-Shipping.exe,31024,0x13F96A7D0D0,DXGI,0,512,1,Hardware: Independent Flip,28706.4373,0.3025,0.1524,0.1501,17.8717,0.2203,0.2179,0.0024,30.6185,12.2449,11.7824,28706.4373,12.5265,NA,NA
SandFall-Win64-Shipping.exe,31024,0x13F96A7D0D0,DXGI,0,512,1,Hardware: Independent Flip,28706.7398,25.1422,24.8927,0.2495,17.7895,24.7704,24.7624,0.0080,42.5609,12.8782,-11.9424,28706.7398,0.0010,40.5089,NA
SandFall-Win64-Shipping.exe,31024,0x13F96A7D0D0,DXGI,0,512,1,Hardware: Independent Flip,28731.8820,0.3077,0.1552,0.1525,17.4177,0.1975,0.1952,0.0023,30.2969,12.5388,12.2640,28731.8820,12.6817,NA,NA
SandFall-Win64-Shipping.exe,31024,0x13F96A7D0D0,DXGI,0,512,1,Hardware: Independent Flip,28732.1897,25.5369,25.2570,0.2799,17.3075,25.1712,24.9494,0.2218,42.5280,12.5749,-12.2311,28732.1897,0.0493,NA,NA
SandFall-Win64-Shipping.exe,31024,0x13F96A7D0D0,DXGI,0,512,1,Hardware: Independent Flip,28757.7266,0.3499,0.1748,0.1751,16.9418,0.2326,0.2292,0.0034,29.5660,12.7482,12.9620,28757.7266,12.3916,NA,NA
SandFall-Win64-Shipping.exe,31024,0x13F96A7D0D0,DXGI,0,512,1,Hardware: Independent Flip,28758.0765,24.9252,24.6841,0.2411,16.8245,25.0599,24.5940,0.4659,41.9643,12.6094,-12.3983,28758.0765,0.0799,60.4745,NA
SandFall-Win64-Shipping.exe,31024,0x13F96A7D0D0,DXGI,0,512,1,Hardware: Independent Flip,28783.0017,0.3247,0.1714,0.1533,16.9592,0.2752,0.2727,0.0025,29.6485,12.6058,12.3158,28783.0017,12.4141,NA,NA
SandFall-Win64-Shipping.exe,31024,0x13F96A7D0D0,DXGI,0,512,1,Hardware: Independent Flip,28783.3264,27.2057,26.9474,0.2583,16.9097,25.0032,24.9963,0.0069,41.9296,12.6945,-12.2811,28783.3264,0.0167,54.8990,NA
SandFall-Win64-Shipping.exe,31024,0x13F96A7D0D0,DXGI,0,512,1,Hardware: Independent Flip,28810.5321,0.3088,0.1567,0.1521,14.7072,0.2289,0.2254,0.0035,27.4184,13.0717,14.5112,28810.5321,12.4823,NA,NA
SandFall-Win64-Shipping.exe,31024,0x13F96A7D0D0,DXGI,0,512,1,Hardware: Independent Flip,28810.8409,22.6756,22.4323,0.2433,14.6273,25.5002,25.4371,0.0631,40.1813,12.5696,-12.7629,28810.8409,0.0538,49.9736,NA
SandFall-Win64-Shipping.exe,31024,0x13F96A7D0D0,DXGI,0,512,1,Hardware: Independent Flip,28833.5165,0.3183,0.1514,0.1669,17.4519,0.2206,0.2184,0.0022,30.0753,13.0467,10.1060,28833.5165,12.4028,NA,NA
SandFall-Win64-Shipping.exe,31024,0x13F96A7D0D0,DXGI,0,512,1,Hardware: Independent Flip,28833.8348,25.4595,25.2069,0.2526,17.3542,25.4485,25.1525,0.2960,42.8037,12.8037,-12.7284,28833.8348,0.0010,44.8062,NA
SandFall-Win64-Shipping.exe,31024,0x13F96A7D0D0,DXGI,0,512,1,Hardware: Independent Flip,28859.2943,0.3427,0.1774,0.1653,17.3432,0.2186,0.2186,0.0000,30.1479,12.1796,12.6558,28859.2943,12.5861,NA,NA
SandFall-Win64-Shipping.exe,31024,0x13F96A7D0D0,DXGI,0,512,1,Hardware: Independent Flip,28859.6370,23.9708,23.6986,0.2722,17.2191,24.7649,24.7527,0.0122,41.9848,12.8415,-11.8369,28859.6370,0.0008,39.0460,NA
SandFall-Win64-Shipping.exe,31024,0x13F96A7D0D0,DXGI,0,512,1,Hardware: Independent Flip,28883.6078,0.3044,0.1515,0.1529,18.0132,0.1916,0.1881,0.0035,30.8555,12.1101,11.1293,28883.6078,12.6507,NA,NA
SandFall-Win64-Shipping.exe,31024,0x13F96A7D0D0,DXGI,0,512,1,Hardware: Independent Flip,28883.9122,24.6797,24.4343,0.2454,17.9004,24.7596,24.7499,0.0097,42.6612,12.5360,-11.8057,28883.9122,0.0012,NA,NA
SandFall-Win64-Shipping.exe,31024,0x13F96A7D0D0,DXGI,0,512,1,Hardware: Independent Flip,28908.5919,0.6397,0.1910,0.4487,17.9803,0.2509,0.2476,0.0033,30.5175,12.8389,12.1437,28908.5919,12.2863,NA,NA
SandFall-Win64-Shipping.exe,31024,0x13F96A7D0D0,DXGI,0,512,1,Hardware: Independent Flip,28909.2316,24.3969,24.1353,0.2616,17.5915,24.9431,24.9307,0.0124,42.7167,12.4326,-12.1992,28909.2316,0.1821,58.5733,NA
SandFall-Win64-Shipping.exe,31024,0x13F96A7D0D0,DXGI,0,512,1,Hardware: Independent Flip,28933.6285,0.3265,0.1655,0.1610,18.1377,0.2214,0.2198,0.0016,30.7524,12.6426,11.9643,28933.6285,12.3933,NA,NA
SandFall-Win64-Shipping.exe,31024,0x13F96A7D0D0,DXGI,0,512,1,Hardware: Independent Flip,28933.9550,25.1412,24.8985,0.2427,18.0326,25.0348,25.0234,0.0114,43.0685,12.6111,-12.3161,28933.9550,0.0011,37.5958,NA
SandFall-Win64-Shipping.exe,31024,0x13F96A7D0D0,DXGI,0,512,1,Hardware: Independent Flip,28959.0962,0.3023,0.1532,0.1491,17.9262,0.2203,0.2179,0.0024,30.5384,12.3830,12.5301,28959.0962,12.3919,NA,NA
SandFall-Win64-Shipping.exe,31024,0x13F96A7D0D0,DXGI,0,512,1,Hardware: Independent Flip,28959.3985,24.4475,24.2007,0.2468,17.8442,24.7739,24.7622,0.0117,42.6191,12.5690,-12.0807,28959.3985,0.0010,NA,NA
SandFall-Win64-Shipping.exe,31024,0x13F96A7D0D0,DXGI,0,512,1,Hardware: Independent Flip,28983.8460,0.3073,0.1536,0.1537,18.1706,0.2215,0.2192,0.0023,30.7406,14.0854,11.8785,28983.8460,12.3485,NA,NA
SandFall-Win64-Shipping.exe,31024,0x13F96A7D0D0,DXGI,0,512,1,Hardware: Independent Flip,28984.1533,25.0424,24.7690,0.2734,18.0848,26.4096,26.3971,0.0125,44.5187,12.4934,-13.7781,28984.1533,0.0243,58.4839,NA
SandFall-Win64-Shipping.exe,31024,0x13F96A7D0D0,DXGI,0,512,1,Hardware: Independent Flip,29009.1957,0.3281,0.1727,0.1554,19.4520,0.2223,0.2223,0.0000,31.9697,12.6247,12.5490,29009.1957,12.2954,NA,NA
SandFall-Win64-Shipping.exe,31024,0x13F96A7D0D0,DXGI,0,512,1,Hardware: Independent Flip,29009.5238,25.1829,24.9328,0.2501,19.3462,24.9192,24.9079,0.0113,44.2663,13.3130,-12.2966,29009.5238,0.0009,52.8329,NA
SandFall-Win64-Shipping.exe,31024,0x13F96A7D0D0,DXGI,0,512,1,Hardware: Independent Flip,29034.7067,0.3015,0.1528,0.1487,19.0825,0.2494,0.2471,0.0023,32.3964,11.8915,11.8699,29034.7067,13.0645,NA,NA
SandFall-Win64-Shipping.exe,31024,0x13F96A7D0D0,DXGI,0,512,1,Hardware: Independent Flip,29035.0082,24.3489,24.1026,0.2463,19.0304,24.9552,24.9419,0.0133,43.9864,13.0063,-11.5900,29035.0082,0.0008,47.2989,NA
SandFall-Win64-Shipping.exe,31024,0x13F96A7D0D0,DXGI,0,512,1,Hardware: Independent Flip,29059.3571,0.3300,0.1795,0.1505,19.6367,0.2215,0.2192,0.0023,32.6438,12.3797,11.3426,29059.3571,12.7856,NA,NA
SandFall-Win64-Shipping.exe,31024,0x13F96A7D0D0,DXGI,0,512,1,Hardware: Independent Flip,29059.6871,24.4655,24.2144,0.2511,19.5282,25.0673,25.0566,0.0107,44.6935,12.4441,-12.0497,29059.6871,0.0980,47.7381,NA
SandFall-Win64-Shipping.exe,31024,0x13F96A7D0D0,DXGI,0,512,1,Hardware: Independent Flip,29084.1526,0.3049,0.1549,0.1500,20.1300,0.2781,0.2762,0.0019,32.6721,13.6651,12.0214,29084.1526,12.2640,NA,NA
SandFall-Win64-Shipping.exe,31024,0x13F96A7D0D0,DXGI,0,512,1,Hardware: Independent Flip,29084.4575,26.4539,26.1813,0.2726,20.1032,25.7905,25.7393,0.0512,46.0323,12.5604,-13.3602,29084.4575,0.1386,NA,NA
SandFall-Win64-Shipping.exe,31024,0x13F96A7D0D0,DXGI,0,512,1,Hardware: Independent Flip,29110.9114,0.3540,0.1570,0.1970,19.4398,0.2246,0.2227,0.0019,32.1388,12.1470,13.8935,29110.9114,12.4744,NA,NA
SandFall-Win64-Shipping.exe,31024,0x13F96A7D0D0,DXGI,0,512,1,Hardware: Independent Flip,29111.2654,23.3995,23.1507,0.2488,19.3104,24.6205,24.6086,0.0119,43.9318,13.0737,-11.7930,29111.2654,0.0009,NA,NA
SandFall-Win64-Shipping.exe,31024,0x13F96A7D0D0,DXGI,0,512,1,Hardware: Independent Flip,29134.6649,0.3039,0.1529,0.1510,20.5314,0.2158,0.2129,0.0029,33.6060,11.4963,10.3258,29134.6649,12.8588,NA,NA
SandFall-Win64-Shipping.exe,31024,0x13F96A7D0D0,DXGI,0,512,1,Hardware: Independent Flip,29134.9688,26.0855,25.8170,0.2685,20.4433,24.3194,24.3049,0.0145,44.7984,12.6082,-11.1924,29134.9688,0.0357,56.1124,NA
SandFall-Win64-Shipping.exe,31024,0x13F96A7D0D0,DXGI,0,512,1,Hardware: Independent Flip,29161.0543,0.3137,0.1635,0.1502,18.6772,0.2521,0.2487,0.0034,31.3211,12.8081,13.4773,29161.0543,12.3918,NA,NA
SandFall-Win64-Shipping.exe,31024,0x13F96A7D0D0,DXGI,0,512,1,Hardware: Independent Flip,29161.3680,24.3065,23.8844,0.4221,18.6156,24.5979,24.5850,0.0129,43.8155,12.0671,-12.4944,29161.3680,0.6020,NA,NA
SandFall-Win64-Shipping.exe,31024,0x13F96A7D0D0,DXGI,0,512,1,Hardware: Independent Flip,29185.6745,0.3952,0.2119,0.1833,18.9070,0.1989,0.1989,0.0000,31.5761,11.8338,12.2394,29185.6745,12.4702,NA,NA
SandFall-Win64-Shipping.exe,31024,0x13F96A7D0D0,DXGI,0,512,1,Hardware: Independent Flip,29186.0697,24.6083,24.3561,0.2522,18.7107,24.0665,24.0561,0.0104,43.0147,12.5746,-11.4386,29186.0697,0.2375,NA,NA
SandFall-Win64-Shipping.exe,31024,0x13F96A7D0D0,DXGI,0,512,1,Hardware: Independent Flip,29210.6780,0.3116,0.1579,0.1537,18.1689,0.2052,0.2035,0.0017,30.9810,12.3623,12.0337,29210.6780,12.6069,NA,NA
SandFall-Win64-Shipping.exe,31024,0x13F96A7D0D0,DXGI,0,512,1,Hardware: Independent Flip,29210.9896,25.3932,25.1447,0.2485,18.0625,24.3560,24.3471,0.0089,43.0317,12.0917,-12.0507,29210.9896,0.6132,NA,NA
SandFall-Win64-Shipping.exe,31024,0x13F96A7D0D0,DXGI,0,512,1,Hardware: Independent Flip,29236.3828,0.3059,0.1539,0.1520,17.0253,0.1736,0.1681,0.0055,29.7302,13.9627,13.3015,29236.3828,12.5313,NA,NA
SandFall-Win64-Shipping.exe,31024,0x13F96A7D0D0,DXGI,0,512,1,Hardware: Independent Flip,29236.6887,26.1771,25.6490,0.5281,16.8930,26.0064,24.7299,1.2765,43.3870,12.1171,-13.6568,29236.6887,0.4876,NA,NA
SandFall-Win64-Shipping.exe,31024,0x13F96A7D0D0,DXGI,0,512,1,Hardware: Independent Flip,29262.8658,0.3585,0.2032,0.1553,16.7223,0.1603,0.1546,0.0057,29.3270,12.5339,14.0600,29262.8658,12.4444,NA,NA
SandFall-Win64-Shipping.exe,31024,0x13F96A7D0D0,DXGI,0,512,1,Hardware: Independent Flip,29263.2243,23.9878,23.7415,0.2463,16.5241,24.9780,24.9658,0.0122,41.5024,12.9837,-12.1754,29263.2243,0.0003,51.0886,NA
SandFall-Win64-Shipping.exe,31024,0x13F96A7D0D0,DXGI,0,512,1,Hardware: Independent Flip,29287.2121,0.3030,0.1524,0.1506,17.5143,0.2131,0.2131,0.0000,30.4983,11.8433,11.0041,29287.2121,12.7709,NA,NA
SandFall-Win64-Shipping.exe,31024,0x13F96A7D0D0,DXGI,0,512,1,Hardware: Independent Flip,29287.5151,25.2090,24.9672,0.2418,17.4244,24.6130,24.6049,0.0081,42.0386,12.6601,-11.5403,29287.5151,0.0012,NA,NA
SandFall-Win64-Shipping.exe,31024,0x13F96A7D0D0,DXGI,0,512,1,Hardware: Independent Flip,29312.7241,0.3112,0.1612,0.1500,16.8284,0.2102,0.2086,0.0016,29.4897,12.2991,12.5489,29312.7241,12.4511,NA,NA
SandFall-Win64-Shipping.exe,31024,0x13F96A7D0D0,DXGI,0,512,1,Hardware: Independent Flip,29313.0353,24.0968,23.8376,0.2592,16.7274,24.5779,24.5709,0.0070,41.4776,12.2504,-11.9879,29313.0353,0.1723,NA,NA
SandFall-Win64-Shipping.exe,31024,0x13F96A7D0D0,DXGI,0,512,1,Hardware: Independent Flip,29337.1321,0.3067,0.1571,0.1496,17.2085,0.2387,0.2357,0.0030,29.6312,12.6375,11.8464,29337.1321,12.1840,NA,NA
SandFall-Win64-Shipping.exe,31024,0x13F96A7D0D0,DXGI,0,512,1,Hardware: Independent Flip,29337.4388,24.5604,24.3091,0.2513,17.1405,24.6693,24.6587,0.0106,41.9620,12.2397,-12.3308,29337.4388,0.1522,44.7658,NA
SandFall-Win64-Shipping.exe,31024,0x13F96A7D0D0,DXGI,0,512,1,Hardware: Independent Flip,29361.9992,0.3049,0.1549,0.1500,17.2494,0.2221,0.2204,0.0017,29.6413,12.3029,12.3207,29361.9992,12.1698,NA,NA
SandFall-Win64-Shipping.exe,31024,0x13F96A7D0D0,DXGI,0,512,1,Hardware: Independent Flip,29362.3041,24.5828,24.3043,0.2785,17.1666,24.4715,24.4590,0.0125,41.6393,12.4432,-11.9980,29362.3041,0.0012,39.2815,NA
SandFall-Win64-Shipping.exe,31024,0x13F96A7D0D0,DXGI,0,512,1,Hardware: Independent Flip,29386.8869,0.3515,0.1568,0.1947,17.0553,0.2059,0.2036,0.0023,29.4997,12.4230,12.1396,29386.8869,12.2385,NA,NA
SandFall-Win64-Shipping.exe,31024,0x13F96A7D0D0,DXGI,0,512,1,Hardware: Independent Flip,29387.2384,24.4368,24.1772,0.2596,16.9097,24.6557,24.6470,0.0087,41.5712,12.3712,-12.0715,29387.2384,0.0058,NA,NA
SandFall-Win64-Shipping.exe,31024,0x13F96A7D0D0,DXGI,0,512,1,Hardware: Independent Flip,29411.6752,0.3044,0.1528,0.1516,17.1286,0.2035,0.2012,0.0023,29.5056,12.7778,12.0656,29411.6752,12.1735,NA,NA
SandFall-Win64-Shipping.exe,31024,0x13F96A7D0D0,DXGI,0,512,1,Hardware: Independent Flip,29411.9796,24.0300,23.7782,0.2518,17.0277,24.9504,24.9408,0.0096,41.9790,12.4258,-12.4734,29411.9796,0.0009,NA,NA
SandFall-Win64-Shipping.exe,31024,0x13F96A7D0D0,DXGI,0,512,1,Hardware: Independent Flip,29436.0096,0.3064,0.1542,0.1522,17.9481,0.2189,0.2189,0.0000,30.3748,12.4194,11.6042,29436.0096,12.2078,NA,NA
SandFall-Win64-Shipping.exe,31024,0x13F96A7D0D0,DXGI,0,512,1,Hardware: Independent Flip,29436.3160,24.1377,23.8953,0.2424,17.8606,24.6262,24.6103,0.0159,42.4878,12.6180,-12.1130,29436.3160,0.0010,NA,NA
SandFall-Win64-Shipping.exe,31024,0x13F96A7D0D0,DXGI,0,512,1,Hardware: Independent Flip,29460.4537,0.3036,0.1539,0.1497,18.3491,0.2082,0.2060,0.0022,30.9681,12.3885,11.5197,29460.4537,12.4108,NA,NA
SandFall-Win64-Shipping.exe,31024,0x13F96A7D0D0,DXGI,0,512,1,Hardware: Independent Flip,29460.7573,24.4681,24.1793,0.2888,18.2537,24.7982,24.7873,0.0109,43.0530,12.5071,-12.0849,29460.7573,0.0011,NA,NA
SandFall-Win64-Shipping.exe,31024,0x13F96A7D0D0,DXGI,0,512,1,Hardware: Independent Flip,29485.2254,0.3263,0.1627,0.1636,18.5838,0.2212,0.2185,0.0027,31.0920,13.3228,11.9610,29485.2254,12.2870,NA,NA
SandFall-Win64-Shipping.exe,31024,0x13F96A7D0D0,DXGI,0,512,1,Hardware: Independent Flip,29485.5517,24.8952,24.6227,0.2725,18.4787,25.6090,25.6017,0.0073,44.0885,12.4718,-12.9965,29485.5517,0.0008,NA,NA
SandFall-Win64-Shipping.exe,31024,0x13F96A7D0D0,DXGI,0,512,1,Hardware: Independent Flip,29510.4469,0.3478,0.1654,0.1824,19.1925,0.2137,0.2113,0.0024,31.6651,13.1552,12.4234,29510.4469,12.2589,NA,NA
SandFall-Win64-Shipping.exe,31024,0x13F96A7D0D0,DXGI,0,512,1,Hardware: Independent Flip,29510.7947,25.4091,25.1311,0.2780,19.0584,25.4129,25.4046,0.0083,44.4725,12.9834,-12.8074,29510.7947,0.0012,NA,NA
SandFall-Win64-Shipping.exe,31024,0x13F96A7D0D0,DXGI,0,512,1,Hardware: Independent Flip,29536.2038,0.3138,0.1590,0.1548,19.0622,0.2579,0.2554,0.0025,32.0468,11.8440,12.4257,29536.2038,12.7267,NA,NA
SandFall-Win64-Shipping.exe,31024,0x13F96A7D0D0,DXGI,0,512,1,Hardware: Independent Flip,29536.5176,23.7444,23.4656,0.2788,19.0063,24.5701,24.5612,0.0089,43.5770,13.0562,-11.5302,29536.5176,0.0006,NA,NA
SandFall-Win64-Shipping.exe,31024,0x13F96A7D0D0,DXGI,0,512,1,Hardware: Independent Flip,29560.2620,0.3472,0.1840,0.1632,19.8320,0.1889,0.1847,0.0042,32.8888,11.8831,10.6882,29560.2620,12.8679,NA,NA
SandFall-Win64-Shipping.exe,31024,0x13F96A7D0D0,DXGI,0,512,1,Hardware: Independent Flip,29560.6092,24.2597,24.0151,0.2446,19.6737,24.7503,24.7379,0.0124,44.4247,12.5084,-11.5359,29560.6092,0.0007,NA,NA
SandFall-Win64-Shipping.exe,31024,0x13F96A7D0D0,DXGI,0,512,1,Hardware: Independent Flip,29584.8689,0.3173,0.1537,0.1636,20.1643,0.2316,0.2287,0.0029,32.6734,12.9842,11.7513,29584.8689,12.2775,NA,NA
SandFall-Win64-Shipping.exe,31024,0x13F96A7D0D0,DXGI,0,512,1,Hardware: Independent Flip,29585.1862,27.4804,27.2289,0.2515,20.0786,25.0395,25.0314,0.0081,45.3403,12.3748,-12.6669,29585.1862,0.2222,NA,NA
SandFall-Win64-Shipping.exe,31024,0x13F96A7D0D0,DXGI,0,512,1,Hardware: Independent Flip,29612.6666,0.3061,0.1522,0.1539,17.6377,0.1975,0.1956,0.0019,30.2347,12.4882,15.1056,29612.6666,12.3995,NA,NA
SandFall-Win64-Shipping.exe,31024,0x13F96A7D0D0,DXGI,0,512,1,Hardware: Independent Flip,29612.9727,21.9478,21.6985,0.2493,17.5291,24.8866,24.8760,0.0106,42.4168,12.6503,-12.1821,29612.9727,0.0011,NA,NA
SandFall-Win64-Shipping.exe,31024,0x13F96A7D0D0,DXGI,0,512,1,Hardware: Independent Flip,29634.9205,0.3143,0.1555,0.1588,20.4679,0.2275,0.2252,0.0023,33.1193,12.7749,9.2975,29634.9205,12.4239,NA,NA
SandFall-Win64-Shipping.exe,31024,0x13F96A7D0D0,DXGI,0,512,1,Hardware: Independent Flip,29635.2348,25.8980,25.6530,0.2450,20.3811,25.1980,25.1880,0.0100,45.5799,12.5379,-12.4606,29635.2348,0.0008,NA,NA
SandFall-Win64-Shipping.exe,31024,0x13F96A7D0D0,DXGI,0,512,1,Hardware: Independent Flip,29661.1328,0.3328,0.1796,0.1532,19.6811,0.2188,0.2166,0.0022,32.2198,12.8897,13.3601,29661.1328,12.3199,NA,NA
SandFall-Win64-Shipping.exe,31024,0x13F96A7D0D0,DXGI,0,512,1,Hardware: Independent Flip,29661.4656,24.4915,24.2243,0.2672,19.5671,25.2081,25.1980,0.0101,44.7767,12.7022,-12.5569,29661.4656,0.0015,NA,NA
SandFall-Win64-Shipping.exe,31024,0x13F96A7D0D0,DXGI,0,512,1,Hardware: Independent Flip,29685.9571,0.3768,0.2168,0.1600,20.2837,0.2092,0.2067,0.0025,32.9874,12.6704,11.7893,29685.9571,12.4945,NA,NA
SandFall-Win64-Shipping.exe,31024,0x13F96A7D0D0,DXGI,0,512,1,Hardware: Independent Flip,29686.3339,25.0941,24.8370,0.2571,20.1161,25.1646,25.1529,0.0117,45.2810,12.9040,-12.2936,29686.3339,0.0003,NA,NA
SandFall-Win64-Shipping.exe,31024,0x13F96A7D0D0,DXGI,0,512,1,Hardware: Independent Flip,29711.4280,0.3243,0.1540,0.1703,20.1866,0.2262,0.2243,0.0019,33.0909,12.1933,12.1901,29711.4280,12.6781,NA,NA
SandFall-Win64-Shipping.exe,31024,0x13F96A7D0D0,DXGI,0,512,1,Hardware: Independent Flip,29711.7523,23.8450,23.5907,0.2543,20.0885,24.8705,24.8612,0.0093,44.9599,12.8138,-11.8690,29711.7523,0.0009,NA,NA
SandFall-Win64-Shipping.exe,31024,0x13F96A7D0D0,DXGI,0,512,1,Hardware: Independent Flip,29735.5973,0.3112,0.1577,0.1535,21.1140,0.2153,0.2130,0.0023,33.9287,12.3763,11.0312,29735.5973,12.5994,NA,NA
SandFall-Win64-Shipping.exe,31024,0x13F96A7D0D0,DXGI,0,512,1,Hardware: Independent Flip,29735.9085,25.6663,25.4131,0.2532,21.0181,24.8531,24.8374,0.0157,45.9938,12.5980,-12.0651,29735.9085,0.1226,NA,NA
SandFall-Win64-Shipping.exe,31024,0x13F96A7D0D0,DXGI,0,512,1,Hardware: Independent Flip,29761.5748,0.3052,0.1520,0.1532,20.2049,0.2045,0.2028,0.0017,32.9255,12.5481,13.0683,29761.5748,12.5161,NA,NA
SandFall-Win64-Shipping.exe,31024,0x13F96A7D0D0,DXGI,0,512,1,Hardware: Independent Flip,29761.8800,25.5406,25.2978,0.2428,20.1042,24.8231,24.8091,0.0140,45.1684,12.5195,-12.2429,29761.8800,0.2411,NA,NA
SandFall-Win64-Shipping.exe,31024,0x13F96A7D0D0,DXGI,0,512,1,Hardware: Independent Flip,29787.4206,0.3208,0.1535,0.1673,19.3867,0.1972,0.1956,0.0016,32.1473,13.3109,13.0211,29787.4206,12.5634,NA,NA
SandFall-Win64-Shipping.exe,31024,0x13F96A7D0D0,DXGI,0,512,1,Hardware: Independent Flip,29787.7414,25.0423,24.7923,0.2500,19.2631,25.6390,25.6276,0.0114,45.1374,12.5405,-12.9901,29787.7414,0.2353,NA,NA
SandFall-Win64-Shipping.exe,31024,0x13F96A7D0D0,DXGI,0,512,1,Hardware: Independent Flip,29812.7837,0.3016,0.1514,0.1502,19.8598,0.1965,0.1948,0.0017,32.6356,12.6283,12.5018,29812.7837,12.5793,NA,NA
SandFall-Win64-Shipping.exe,31024,0x13F96A7D0D0,DXGI,0,512,1,Hardware: Independent Flip,29813.0853,26.2946,26.0373,0.2573,19.7547,25.2070,25.1938,0.0132,44.9623,12.8896,-12.3267,29813.0853,0.0006,NA,NA
SandFall-Win64-Shipping.exe,31024,0x13F96A7D0D0,DXGI,0,512,1,Hardware: Independent Flip,29839.3799,0.3032,0.1541,0.1491,18.6671,0.2171,0.2154,0.0017,31.5573,12.4297,13.4050,29839.3799,12.6731,NA,NA
SandFall-Win64-Shipping.exe,31024,0x13F96A7D0D0,DXGI,0,512,1,Hardware: Independent Flip,29839.6831,24.0605,23.8152,0.2453,18.5810,25.1023,25.0913,0.0110,43.6838,12.7410,-12.1265,29839.6831,0.0005,60.7349,NA
SandFall-Win64-Shipping.exe,31024,0x13F96A7D0D0,DXGI,0,512,1,Hardware: Independent Flip,29863.7436,0.3127,0.1540,0.1587,19.6228,0.2128,0.2105,0.0023,32.3643,12.7697,11.3195,29863.7436,12.5287,NA,NA
SandFall-Win64-Shipping.exe,31024,0x13F96A7D0D0,DXGI,0,512,1,Hardware: Independent Flip,29864.0563,25.2315,24.9470,0.2845,19.5229,25.1909,25.1777,0.0132,44.8213,12.5901,-12.4570,29864.0563,0.1075,NA,NA
SandFall-Win64-Shipping.exe,31024,0x13F96A7D0D0,DXGI,0,512,1,Hardware: Independent Flip,29889.2878,0.3165,0.1622,0.1543,19.4823,0.2290,0.2267,0.0023,32.1799,12.9659,12.6414,29889.2878,12.4686,NA,NA
SandFall-Win64-Shipping.exe,31024,0x13F96A7D0D0,DXGI,0,512,1,Hardware: Independent Flip,29889.6043,25.7444,25.4343,0.3101,19.3948,25.4106,25.4025,0.0081,44.8293,12.7881,-12.6494,29889.6043,0.0239,56.6994,NA
SandFall-Win64-Shipping.exe,31024,0x13F96A7D0D0,DXGI,0,512,1,Hardware: Independent Flip,29915.3487,0.3298,0.1697,0.1601,19.0610,0.2091,0.2091,0.0000,31.8730,12.4386,12.9563,29915.3487,12.6029,NA,NA
SandFall-Win64-Shipping.exe,31024,0x13F96A7D0D0,DXGI,0,512,1,Hardware: Independent Flip,29915.6785,25.0403,24.7943,0.2460,18.9403,25.0403,25.0269,0.0134,43.9818,12.8468,-12.1088,29915.6785,0.0012,NA,NA
SandFall-Win64-Shipping.exe,31024,0x13F96A7D0D0,DXGI,0,512,1,Hardware: Independent Flip,29940.7188,0.3055,0.1522,0.1533,18.9403,0.2120,0.2095,0.0025,31.7883,12.2800,12.1935,29940.7188,12.6360,NA,NA
SandFall-Win64-Shipping.exe,31024,0x13F96A7D0D0,DXGI,0,512,1,Hardware: Independent Flip,29941.0243,24.5934,24.3266,0.2668,18.8468,24.7864,24.7756,0.0108,43.7628,12.6243,-11.9745,29941.0243,0.1296,NA,NA
