Application,ProcessID,SwapChainAddress,PresentRuntime,SyncInterval,PresentFlags,AllowsTearing,PresentMode,CPUStartTime,FrameTime,CPUBusy,CPUWait,GPULatency,GPUTime,GPUBusy,GPUWait,DisplayLatency,DisplayedTime,AnimationError,AnimationTime,MsFlipDelay,AllInputToPhotonLatency,ClickToPhotonLatency
SandFall-Win64-Shipping.exe,19588,0x2EC4BC3AB90,DXGI,0,512,1,Hardware: Independent Flip,46.4515,0.5364,0.3292,0.2072,23.4694,0.1317,0.1317,0.0000,35.2887,12.8374,NA,46.4515,11.6876,NA,NA
SandFall-Win64-Shipping.exe,19588,0x2EC4BC3AB90,DXGI,0,512,1,Hardware: Independent Flip,46.9879,21.3418,21.0868,0.2550,23.0647,23.0320,23.0230,0.0090,47.5897,10.0343,-12.3010,46.9879,1.4930,NA,NA
SandFall-Win64-Shipping.exe,19588,0x2EC4BC3AB90,DXGI,0,512,1,Hardware: Independent Flip,68.3297,0.3560,0.1635,0.1925,24.7549,0.1270,0.1241,0.0029,36.2822,12.3402,11.3075,68.3297,11.4003,NA,NA
SandFall-Win64-Shipping.exe,19588,0x2EC4BC3AB90,DXGI,0,512,1,Hardware: Independent Flip,68.6857,22.7004,22.4508,0.2496,24.5259,22.6909,22.6811,0.0098,48.2664,9.6229,-11.9842,68.6857,1.0496,NA,NA
SandFall-Win64-Shipping.exe,19588,0x2EC4BC3AB90,DXGI,0,512,1,Hardware: Independent Flip,91.3861,0.3245,0.1682,0.1563,24.5164,0.1327,0.1304,0.0023,35.1889,14.2509,13.0775,91.3861,10.5398,NA,NA
SandFall-Win64-Shipping.exe,19588,0x2EC4BC3AB90,DXGI,0,512,1,Hardware: Independent Flip,91.7106,27.2923,27.0466,0.2457,24.3246,23.4518,23.4453,0.0065,49.1153,9.8948,-13.9264,91.7106,1.3389,NA,NA
SandFall-Win64-Shipping.exe,19588,0x2EC4BC3AB90,DXGI,0,512,1,Hardware: Independent Flip,119.0029,0.3146,0.1622,0.1524,20.4841,0.1370,0.1343,0.0027,31.7178,13.3493,17.3975,119.0029,11.0967,NA,NA
SandFall-Win64-Shipping.exe,19588,0x2EC4BC3AB90,DXGI,0,512,1,Hardware: Independent Flip,119.3175,19.1945,18.9507,0.2438,20.3065,23.2288,23.2213,0.0075,44.7525,9.7765,-13.0347,119.3175,1.2172,NA,NA
SandFall-Win64-Shipping.exe,19588,0x2EC4BC3AB90,DXGI,0,512,1,Hardware: Independent Flip,138.5120,0.3208,0.1642,0.1566,24.3408,0.1395,0.1361,0.0034,35.3345,13.8335,9.4180,138.5120,10.8542,NA,NA
SandFall-Win64-Shipping.exe,19588,0x2EC4BC3AB90,DXGI,0,512,1,Hardware: Independent Flip,138.8328,23.8720,23.6154,0.2566,24.1595,23.4024,23.3955,0.0069,48.8472,9.8245,-13.5127,138.8328,1.2853,NA,NA
SandFall-Win64-Shipping.exe,19588,0x2EC4BC3AB90,DXGI,0,512,1,Hardware: Independent Flip,162.7048,0.6262,0.4491,0.1771,23.6899,0.1244,0.1212,0.0032,34.7997,13.3106,14.0475,162.7048,10.9854,NA,NA
SandFall-Win64-Shipping.exe,19588,0x2EC4BC3AB90,DXGI,0,512,1,Hardware: Independent Flip,163.3310,22.7970,22.5541,0.2429,23.1881,23.0977,23.0900,0.0077,47.4841,9.7565,-12.6844,163.3310,1.1983,NA,NA
SandFall-Win64-Shipping.exe,19588,0x2EC4BC3AB90,DXGI,0,512,1,Hardware: Independent Flip,186.1280,0.6191,0.4401,0.1790,23.4888,0.1322,0.1285,0.0037,34.4436,13.5816,13.0405,186.1280,10.8226,NA,NA
SandFall-Win64-Shipping.exe,19588,0x2EC4BC3AB90,DXGI,0,512,1,Hardware: Independent Flip,186.7471,23.5259,23.2680,0.2579,23.0019,23.1684,23.1582,0.0102,47.4061,9.7937,-12.9625,186.7471,1.2358,NA,NA
SandFall-Win64-Shipping.exe,19588,0x2EC4BC3AB90,DXGI,0,512,1,Hardware: Independent Flip,210.2730,0.3628,0.2107,0.1521,22.6444,0.1512,0.1473,0.0039,33.6739,13.7872,13.7322,210.2730,10.8783,NA,NA
SandFall-Win64-Shipping.exe,19588,0x2EC4BC3AB90,DXGI,0,512,1,Hardware: Independent Flip,210.6358,22.5257,22.0911,0.4346,22.4328,23.4080,23.4038,0.0042,47.0983,9.8830,-13.4244,210.6358,1.2575,NA,NA
SandFall-Win64-Shipping.exe,19588,0x2EC4BC3AB90,DXGI,0,512,1,Hardware: Independent Flip,233.1615,0.3459,0.1760,0.1699,23.3151,0.1575,0.1533,0.0042,34.4556,14.9049,12.6427,233.1615,10.9830,NA,NA
SandFall-Win64-Shipping.exe,19588,0x2EC4BC3AB90,DXGI,0,512,1,Hardware: Independent Flip,233.5074,25.4891,24.7443,0.7448,23.1267,25.8876,25.8794,0.0082,49.0146,13.0317,-14.5590,233.5074,0.0003,NA,NA
SandFall-Win64-Shipping.exe,19588,0x2EC4BC3AB90,DXGI,0,512,1,Hardware: Independent Flip,258.9965,0.6482,0.2793,0.3689,23.5252,0.1029,0.1000,0.0029,36.5572,10.1680,12.4574,258.9965,12.9291,NA,NA
SandFall-Win64-Shipping.exe,19588,0x2EC4BC3AB90,DXGI,0,512,1,Hardware: Independent Flip,259.6447,21.7254,21.4845,0.2409,22.9799,23.0967,23.0919,0.0048,46.0770,13.0613,-9.5198,259.6447,0.0004,NA,NA
SandFall-Win64-Shipping.exe,19588,0x2EC4BC3AB90,DXGI,0,512,1,Hardware: Independent Flip,281.3701,0.3564,0.1767,0.1797,24.3512,0.1406,0.1374,0.0032,37.4129,10.0623,8.6641,281.3701,12.9211,NA,NA
SandFall-Win64-Shipping.exe,19588,0x2EC4BC3AB90,DXGI,0,512,1,Hardware: Independent Flip,281.7265,23.5287,23.2851,0.2436,24.1354,22.9825,22.9758,0.0067,47.1188,11.6774,-9.7059,281.7265,0.0009,NA,NA
SandFall-Win64-Shipping.exe,19588,0x2EC4BC3AB90,DXGI,0,512,1,Hardware: Independent Flip,305.2552,0.6273,0.1713,0.4560,23.5892,0.1127,0.1096,0.0031,35.2675,12.3055,11.8513,305.2552,11.5656,NA,NA
SandFall-Win64-Shipping.exe,19588,0x2EC4BC3AB90,DXGI,0,512,1,Hardware: Independent Flip,305.8825,24.6162,24.3602,0.2560,23.0746,23.2001,23.1929,0.0072,46.9457,10.9851,-11.6782,305.8825,0.6710,NA,NA
SandFall-Win64-Shipping.exe,19588,0x2EC4BC3AB90,DXGI,0,512,1,Hardware: Independent Flip,330.4987,0.3318,0.1762,0.1556,21.6585,0.1163,0.1139,0.0024,33.3146,11.3909,13.6311,330.4987,11.5398,NA,NA
SandFall-Win64-Shipping.exe,19588,0x2EC4BC3AB90,DXGI,0,512,1,Hardware: Independent Flip,330.8305,21.5539,21.0221,0.5318,21.4430,22.9103,22.8990,0.0113,44.3737,11.1012,-11.0591,330.8305,0.0204,NA,NA
SandFall-Win64-Shipping.exe,19588,0x2EC4BC3AB90,DXGI,0,512,1,Hardware: Independent Flip,352.3844,0.4771,0.2378,0.2393,22.7994,0.1216,0.1132,0.0084,33.9210,14.0141,10.4527,352.3844,11.0000,NA,NA
SandFall-Win64-Shipping.exe,19588,0x2EC4BC3AB90,DXGI,0,512,1,Hardware: Independent Flip,352.8615,22.7993,22.5287,0.2706,22.4439,25.0136,25.0016,0.0120,47.4580,12.6605,-13.5370,352.8615,0.0005,NA,NA
SandFall-Win64-Shipping.exe,19588,0x2EC4BC3AB90,DXGI,0,512,1,Hardware: Independent Flip,375.6608,0.4226,0.1925,0.2301,24.6582,0.1546,0.1523,0.0023,37.3192,10.9518,10.1388,375.6608,12.5064,NA,NA
SandFall-Win64-Shipping.exe,19588,0x2EC4BC3AB90,DXGI,0,512,1,Hardware: Independent Flip,376.0834,23.0257,22.7859,0.2398,24.3902,23.4576,23.4462,0.0114,47.8484,12.5882,-10.5292,376.0834,0.0006,NA,NA
SandFall-Win64-Shipping.exe,19588,0x2EC4BC3AB90,DXGI,0,512,1,Hardware: Independent Flip,399.1091,0.3530,0.1682,0.1848,24.8221,0.1569,0.1537,0.0032,37.4109,10.9829,10.4375,399.1091,12.4319,NA,NA
SandFall-Win64-Shipping.exe,19588,0x2EC4BC3AB90,DXGI,0,512,1,Hardware: Independent Flip,399.4621,25.9679,25.7181,0.2498,24.6260,23.4027,23.3864,0.0163,48.0408,11.7207,-10.6299,399.4621,0.0121,NA,NA
SandFall-Win64-Shipping.exe,19588,0x2EC4BC3AB90,DXGI,0,512,1,Hardware: Independent Flip,425.4300,0.3220,0.1670,0.1550,22.0608,0.1273,0.1239,0.0034,33.7936,12.2032,14.2472,425.4300,11.6055,NA,NA
SandFall-Win64-Shipping.exe,19588,0x2EC4BC3AB90,DXGI,0,512,1,Hardware: Independent Flip,425.7520,24.1558,23.9105,0.2453,21.8661,23.4079,23.3970,0.0109,45.6748,11.3381,-11.8812,425.7520,0.4008,NA,NA
SandFall-Win64-Shipping.exe,19588,0x2EC4BC3AB90,DXGI,0,512,1,Hardware: Independent Flip,449.9078,0.3215,0.1640,0.1575,21.1182,0.1218,0.1183,0.0035,32.8571,10.8641,12.8177,449.9078,11.6171,NA,NA
SandFall-Win64-Shipping.exe,19588,0x2EC4BC3AB90,DXGI,0,512,1,Hardware: Independent Flip,450.2293,20.5794,20.1738,0.4056,20.9185,22.4801,22.4725,0.0076,43.3997,11.0601,-10.5426,450.2293,0.0011,NA,NA
SandFall-Win64-Shipping.exe,19588,0x2EC4BC3AB90,DXGI,0,512,1,Hardware: Independent Flip,470.8087,0.7365,0.5176,0.2189,22.8192,0.1249,0.1227,0.0022,33.8804,11.4534,9.5193,470.8087,10.9363,NA,NA
SandFall-Win64-Shipping.exe,19588,0x2EC4BC3AB90,DXGI,0,512,1,Hardware: Independent Flip,471.5452,20.4040,20.1215,0.2825,22.2076,22.2817,22.2781,0.0036,44.5973,11.0828,-10.7169,471.5452,0.1080,NA,NA
SandFall-Win64-Shipping.exe,19588,0x2EC4BC3AB90,DXGI,0,512,1,Hardware: Independent Flip,491.9492,0.3558,0.1874,0.1684,24.0853,0.1443,0.1411,0.0032,35.2761,10.9089,9.3212,491.9492,11.0465,NA,NA
SandFall-Win64-Shipping.exe,19588,0x2EC4BC3AB90,DXGI,0,512,1,Hardware: Independent Flip,492.3050,26.5005,26.2089,0.2916,23.8738,21.9543,21.9462,0.0081,45.8292,11.0459,-10.5531,492.3050,0.0011,NA,NA
SandFall-Win64-Shipping.exe,19588,0x2EC4BC3AB90,DXGI,0,512,1,Hardware: Independent Flip,518.8055,0.3818,0.1782,0.2036,19.3276,0.1572,0.1572,0.0000,30.3746,11.2167,15.4546,518.8055,10.8898,NA,NA
SandFall-Win64-Shipping.exe,19588,0x2EC4BC3AB90,DXGI,0,512,1,Hardware: Independent Flip,519.1873,17.8677,17.6182,0.2495,19.1030,22.1048,22.0970,0.0078,41.2095,11.0594,-10.8349,519.1873,0.0017,NA,NA
SandFall-Win64-Shipping.exe,19588,0x2EC4BC3AB90,DXGI,0,512,1,Hardware: Independent Flip,537.0550,0.3249,0.1732,0.1517,23.3401,0.0957,0.0935,0.0022,34.4012,11.1010,6.8083,537.0550,10.9654,NA,NA
SandFall-Win64-Shipping.exe,19588,0x2EC4BC3AB90,DXGI,0,512,1,Hardware: Independent Flip,537.3799,26.8582,26.5992,0.2590,23.1109,22.0657,22.0598,0.0059,45.1773,11.1447,-10.7761,537.3799,0.0007,NA,NA
SandFall-Win64-Shipping.exe,19588,0x2EC4BC3AB90,DXGI,0,512,1,Hardware: Independent Flip,564.2381,0.3322,0.1680,0.1642,18.3184,0.1317,0.1317,0.0000,29.4638,11.2582,15.7135,564.2381,11.0137,NA,NA
SandFall-Win64-Shipping.exe,19588,0x2EC4BC3AB90,DXGI,0,512,1,Hardware: Independent Flip,564.5703,20.6079,20.3529,0.2550,18.1179,22.2709,22.2644,0.0065,40.3898,11.2009,-10.9260,564.5703,0.0010,NA,NA
SandFall-Win64-Shipping.exe,19588,0x2EC4BC3AB90,DXGI,0,512,1,Hardware: Independent Flip,585.1782,0.3198,0.1654,0.1544,19.7809,0.1058,0.1038,0.0020,30.9828,10.8271,9.4070,585.1782,11.0961,NA,NA
SandFall-Win64-Shipping.exe,19588,0x2EC4BC3AB90,DXGI,0,512,1,Hardware: Independent Flip,585.4980,23.2789,23.0335,0.2454,19.5669,21.9224,21.9148,0.0076,41.4901,11.0316,-10.5073,585.4980,0.0008,NA,NA
SandFall-Win64-Shipping.exe,19588,0x2EC4BC3AB90,DXGI,0,512,1,Hardware: Independent Flip,608.7769,0.3146,0.1598,0.1548,18.2104,0.0933,0.0916,0.0017,29.2428,11.1334,12.2473,608.7769,10.9391,NA,NA
SandFall-Win64-Shipping.exe,19588,0x2EC4BC3AB90,DXGI,0,512,1,Hardware: Independent Flip,609.0915,24.4772,24.2167,0.2605,17.9891,22.0138,22.0049,0.0089,40.0616,11.0056,-10.8188,609.0915,0.0587,NA,NA
SandFall-Win64-Shipping.exe,19588,0x2EC4BC3AB90,DXGI,0,512,1,Hardware: Independent Flip,633.5687,0.3478,0.1846,0.1632,15.5257,0.1550,0.1532,0.0018,26.5900,10.3800,13.4716,633.5687,10.9093,NA,NA
SandFall-Win64-Shipping.exe,19588,0x2EC4BC3AB90,DXGI,0,512,1,Hardware: Independent Flip,633.9165,19.4880,19.2325,0.2555,15.3329,21.2876,21.2771,0.0105,36.6222,10.6190,-10.0322,633.9165,0.0017,NA,NA
SandFall-Win64-Shipping.exe,19588,0x2EC4BC3AB90,DXGI,0,512,1,Hardware: Independent Flip,653.4045,0.3668,0.1570,0.2098,17.1325,0.0857,0.0841,0.0016,27.7532,10.5216,8.8690,653.4045,10.5350,NA,NA
SandFall-Win64-Shipping.exe,19588,0x2EC4BC3AB90,DXGI,0,512,1,Hardware: Independent Flip,653.7713,23.0258,22.7597,0.2661,16.8514,20.9099,20.9004,0.0095,37.9080,10.3227,-10.1548,653.7713,0.1467,NA,NA
SandFall-Win64-Shipping.exe,19588,0x2EC4BC3AB90,DXGI,0,512,1,Hardware: Independent Flip,676.7971,0.3595,0.1885,0.1710,14.7355,0.0862,0.0842,0.0020,25.2049,12.7124,12.7031,676.7971,10.3832,NA,NA
SandFall-Win64-Shipping.exe,19588,0x2EC4BC3AB90,DXGI,0,512,1,Hardware: Independent Flip,677.1566,24.1923,23.9502,0.2421,14.4622,23.0116,21.7200,1.2916,37.5578,11.3831,-12.3529,677.1566,0.0840,NA,NA
SandFall-Win64-Shipping.exe,19588,0x2EC4BC3AB90,DXGI,0,512,1,Hardware: Independent Flip,701.3489,0.3209,0.1672,0.1537,13.2815,0.0847,0.0792,0.0055,24.7486,11.3321,12.8092,701.3489,11.3824,NA,NA
SandFall-Win64-Shipping.exe,19588,0x2EC4BC3AB90,DXGI,0,512,1,Hardware: Independent Flip,701.6698,22.9611,22.6887,0.2724,13.0453,22.7134,20.9165,1.7969,35.7598,11.9170,-11.0112,701.6698,0.0011,NA,NA
SandFall-Win64-Shipping.exe,19588,0x2EC4BC3AB90,DXGI,0,512,1,Hardware: Independent Flip,724.6309,0.3148,0.1583,0.1565,12.7976,0.1268,0.1247,0.0021,24.7157,12.3199,11.0441,724.6309,11.7913,NA,NA
SandFall-Win64-Shipping.exe,19588,0x2EC4BC3AB90,DXGI,0,512,1,Hardware: Independent Flip,724.9457,23.3187,23.0731,0.2456,12.6096,24.1108,21.7123,2.3985,36.7208,12.3641,-12.0051,724.9457,0.0004,NA,NA
SandFall-Win64-Shipping.exe,19588,0x2EC4BC3AB90,DXGI,0,512,1,Hardware: Independent Flip,748.2644,0.3054,0.1531,0.1523,13.4017,0.0714,0.0664,0.0050,25.7662,11.5745,10.9546,748.2644,12.2931,NA,NA
SandFall-Win64-Shipping.exe,19588,0x2EC4BC3AB90,DXGI,0,512,1,Hardware: Independent Flip,748.5698,24.8450,24.6012,0.2438,13.1677,23.8670,21.8096,2.0574,37.0353,12.2331,-11.2691,748.5698,0.0006,NA,NA
SandFall-Win64-Shipping.exe,19588,0x2EC4BC3AB90,DXGI,0,512,1,Hardware: Independent Flip,773.4148,0.3137,0.1587,0.1550,12.1897,0.1862,0.1862,0.0000,24.4234,9.3524,12.6119,773.4148,12.0475,NA,NA
SandFall-Win64-Shipping.exe,19588,0x2EC4BC3AB90,DXGI,0,512,1,Hardware: Independent Flip,773.7285,20.2710,20.0005,0.2705,12.0622,21.3524,21.3372,0.0152,33.4621,10.6909,-9.0387,773.7285,0.0475,NA,NA
SandFall-Win64-Shipping.exe,19588,0x2EC4BC3AB90,DXGI,0,512,1,Hardware: Independent Flip,793.9995,0.3214,0.1618,0.1596,13.1436,0.1284,0.1262,0.0022,23.8820,13.2010,9.5801,793.9995,10.6100,NA,NA
SandFall-Win64-Shipping.exe,19588,0x2EC4BC3AB90,DXGI,0,512,1,Hardware: Independent Flip,794.3209,22.6568,22.3879,0.2689,12.9506,23.0718,21.9572,1.1146,36.7616,10.8179,-12.8796,794.3209,0.7392,NA,NA
SandFall-Win64-Shipping.exe,19588,0x2EC4BC3AB90,DXGI,0,512,1,Hardware: Independent Flip,816.9777,0.3277,0.1580,0.1697,13.3656,0.1037,0.1020,0.0017,24.9227,11.2305,11.8389,816.9777,11.4534,NA,NA
SandFall-Win64-Shipping.exe,19588,0x2EC4BC3AB90,DXGI,0,512,1,Hardware: Independent Flip,817.3054,22.4407,22.1793,0.2614,13.1416,22.6834,21.9861,0.6973,35.8255,11.4540,-10.9028,817.3054,0.0005,NA,NA
SandFall-Win64-Shipping.exe,19588,0x2EC4BC3AB90,DXGI,0,512,1,Hardware: Independent Flip,839.7461,0.3212,0.1619,0.1593,13.3843,0.1287,0.1265,0.0022,24.8388,10.6290,10.9867,839.7461,11.3258,NA,NA
SandFall-Win64-Shipping.exe,19588,0x2EC4BC3AB90,DXGI,0,512,1,Hardware: Independent Flip,840.0673,21.5679,21.2873,0.2806,13.1918,21.9540,21.9423,0.0117,35.1466,11.3268,-10.3078,840.0673,0.0008,NA,NA
SandFall-Win64-Shipping.exe,19588,0x2EC4BC3AB90,DXGI,0,512,1,Hardware: Independent Flip,861.6352,0.3146,0.1579,0.1567,13.5779,0.1408,0.1373,0.0035,24.9055,11.1858,10.2411,861.6352,11.1868,NA,NA
SandFall-Win64-Shipping.exe,19588,0x2EC4BC3AB90,DXGI,0,512,1,Hardware: Independent Flip,861.9498,21.1770,20.9350,0.2420,13.4041,22.3496,22.3407,0.0089,35.7767,11.1903,-10.8712,861.9498,0.0230,NA,NA
SandFall-Win64-Shipping.exe,19588,0x2EC4BC3AB90,DXGI,0,512,1,Hardware: Independent Flip,883.1268,0.3302,0.1713,0.1589,14.5767,0.1108,0.1085,0.0023,25.7900,12.2657,9.9867,883.1268,11.1025,NA,NA
SandFall-Win64-Shipping.exe,19588,0x2EC4BC3AB90,DXGI,0,512,1,Hardware: Independent Flip,883.4570,21.9042,21.6666,0.2376,14.3573,23.3152,23.3013,0.0139,37.7255,11.6519,-11.9355,883.4570,0.0530,NA,NA
SandFall-Win64-Shipping.exe,19588,0x2EC4BC3AB90,DXGI,0,512,1,Hardware: Independent Flip,905.3612,0.3051,0.1522,0.1529,15.7683,0.1054,0.1000,0.0054,27.4732,12.2537,10.2523,905.3612,11.5995,NA,NA
SandFall-Win64-Shipping.exe,19588,0x2EC4BC3AB90,DXGI,0,512,1,Hardware: Independent Flip,905.6663,21.5649,21.2827,0.2822,15.5686,23.8527,23.8434,0.0093,39.4218,12.1275,-11.9486,905.6663,0.0005,NA,NA
SandFall-Win64-Shipping.exe,19588,0x2EC4BC3AB90,DXGI,0,512,1,Hardware: Independent Flip,927.2312,0.3141,0.1608,0.1533,17.8564,0.1008,0.0983,0.0025,29.9844,11.4907,9.4374,927.2312,12.0272,NA,NA
SandFall-Win64-Shipping.exe,19588,0x2EC4BC3AB90,DXGI,0,512,1,Hardware: Independent Flip,927.5453,23.8851,23.6097,0.2754,17.6431,23.5169,23.5096,0.0073,41.1610,12.1035,-11.1766,927.5453,0.0010,NA,NA
SandFall-Win64-Shipping.exe,19588,0x2EC4BC3AB90,DXGI,0,512,1,Hardware: Independent Flip,951.4304,0.3105,0.1590,0.1515,17.2749,0.1383,0.1360,0.0023,29.3794,11.1581,11.7816,951.4304,11.9662,NA,NA
SandFall-Win64-Shipping.exe,19588,0x2EC4BC3AB90,DXGI,0,512,1,Hardware: Independent Flip,951.7409,19.6910,19.4168,0.2742,17.1027,23.1170,23.1102,0.0068,40.2270,11.5781,-10.8476,951.7409,0.0073,NA,NA
SandFall-Win64-Shipping.exe,19588,0x2EC4BC3AB90,DXGI,0,512,1,Hardware: Independent Flip,971.4319,0.3137,0.1592,0.1545,20.5287,0.1119,0.1100,0.0019,32.1141,12.4504,8.1129,971.4319,11.4735,NA,NA
SandFall-Win64-Shipping.exe,19588,0x2EC4BC3AB90,DXGI,0,512,1,Hardware: Independent Flip,971.7456,22.7236,22.4647,0.2589,20.3269,23.6926,23.6857,0.0069,44.2508,11.6519,-12.1367,971.7456,0.2313,NA,NA
SandFall-Win64-Shipping.exe,19588,0x2EC4BC3AB90,DXGI,0,512,1,Hardware: Independent Flip,994.4692,0.3292,0.1711,0.1581,21.2959,0.1227,0.1211,0.0016,33.1791,11.4336,11.0717,994.4692,11.7605,NA,NA
SandFall-Win64-Shipping.exe,19588,0x2EC4BC3AB90,DXGI,0,512,1,Hardware: Independent Flip,994.7984,27.0939,26.8355,0.2584,21.0894,23.1933,23.1867,0.0066,44.2835,11.6250,-11.1044,994.7984,0.0008,NA,NA
SandFall-Win64-Shipping.exe,19588,0x2EC4BC3AB90,DXGI,0,512,1,Hardware: Independent Flip,1021.8923,0.3771,0.2020,0.1751,17.1888,0.1154,0.1136,0.0018,28.8146,11.3402,15.4689,1021.8923,11.5104,NA,NA
SandFall-Win64-Shipping.exe,19588,0x2EC4BC3AB90,DXGI,0,512,1,Hardware: Independent Flip,1022.2694,24.3028,23.9938,0.3090,16.9271,22.8495,22.8434,0.0061,39.7777,11.5222,-10.9631,1022.2694,0.0011,NA,NA
SandFall-Win64-Shipping.exe,19588,0x2EC4BC3AB90,DXGI,0,512,1,Hardware: Independent Flip,1046.5722,0.4438,0.2379,0.2059,15.4738,0.1397,0.1397,0.0000,26.9971,12.4319,12.7806,1046.5722,11.3836,NA,NA
SandFall-Win64-Shipping.exe,19588,0x2EC4BC3AB90,DXGI,0,512,1,Hardware: Independent Flip,1047.0160,19.7659,19.4559,0.3100,15.1697,23.7699,23.7613,0.0086,38.9852,11.8999,-11.9881,1047.0160,0.0456,NA,NA
SandFall-Win64-Shipping.exe,19588,0x2EC4BC3AB90,DXGI,0,512,1,Hardware: Independent Flip,1066.7819,0.3097,0.1551,0.1546,19.1737,0.1716,0.1698,0.0018,31.1192,10.7781,7.8660,1066.7819,11.7739,NA,NA
SandFall-Win64-Shipping.exe,19588,0x2EC4BC3AB90,DXGI,0,512,1,Hardware: Independent Flip,1067.0916,22.1775,21.9149,0.2626,19.0356,22.5508,22.5393,0.0115,41.5876,11.4963,-10.4684,1067.0916,0.0012,NA,NA
SandFall-Win64-Shipping.exe,19588,0x2EC4BC3AB90,DXGI,0,512,1,Hardware: Independent Flip,1089.2691,0.3809,0.1747,0.2062,19.4089,0.1167,0.1144,0.0023,30.9064,11.2383,10.6812,1089.2691,11.3808,NA,NA
SandFall-Win64-Shipping.exe,19588,0x2EC4BC3AB90,DXGI,0,512,1,Hardware: Independent Flip,1089.6500,23.8813,23.5621,0.3192,19.1447,22.4589,22.4457,0.0132,41.7638,11.1372,-10.8574,1089.6500,0.1602,NA,NA
SandFall-Win64-Shipping.exe,19588,0x2EC4BC3AB90,DXGI,0,512,1,Hardware: Independent Flip,1113.5313,0.4334,0.2321,0.2013,17.7223,0.1124,0.1070,0.0054,29.0197,11.6698,12.7441,1113.5313,11.1850,NA,NA
SandFall-Win64-Shipping.exe,19588,0x2EC4BC3AB90,DXGI,0,512,1,Hardware: Independent Flip,1113.9647,23.8984,23.6389,0.2595,17.4013,22.7381,22.7269,0.0112,40.2561,11.1867,-11.2364,1113.9647,0.1167,NA,NA
SandFall-Win64-Shipping.exe,19588,0x2EC4BC3AB90,DXGI,0,512,1,Hardware: Independent Flip,1137.8631,0.3043,0.1528,0.1515,16.2410,0.1415,0.1380,0.0035,27.5444,11.1276,12.7117,1137.8631,11.1619,NA,NA
SandFall-Win64-Shipping.exe,19588,0x2EC4BC3AB90,DXGI,0,512,1,Hardware: Independent Flip,1138.1674,22.9309,22.6743,0.2566,16.0782,22.2888,22.2745,0.0143,38.3677,11.2187,-10.8233,1138.1674,0.0007,NA,NA
SandFall-Win64-Shipping.exe,19588,0x2EC4BC3AB90,DXGI,0,512,1,Hardware: Independent Flip,1161.0983,0.3404,0.1675,0.1729,15.4361,0.1005,0.0990,0.0015,26.6555,11.4436,11.7122,1161.0983,11.1189,NA,NA
SandFall-Win64-Shipping.exe,19588,0x2EC4BC3AB90,DXGI,0,512,1,Hardware: Independent Flip,1161.4387,26.0007,25.7343,0.2664,15.1962,22.5618,22.0272,0.5346,37.7587,11.3042,-11.1032,1161.4387,0.0007,NA,NA
SandFall-Win64-Shipping.exe,19588,0x2EC4BC3AB90,DXGI,0,512,1,Hardware: Independent Flip,1187.4394,0.3294,0.1620,0.1674,11.7573,0.2005,0.1938,0.0067,23.0622,13.9194,14.6965,1187.4394,11.1044,NA,NA
SandFall-Win64-Shipping.exe,19588,0x2EC4BC3AB90,DXGI,0,512,1,Hardware: Independent Flip,1187.7688,22.6501,22.3983,0.2518,11.6284,25.0236,22.5945,2.4291,36.6522,12.7044,-13.5900,1187.7688,0.0002,NA,NA
SandFall-Win64-Shipping.exe,19588,0x2EC4BC3AB90,DXGI,0,512,1,Hardware: Independent Flip,1210.4189,0.3137,0.1542,0.1595,14.0019,0.1334,0.1317,0.0017,26.7065,9.8304,9.9457,1210.4189,12.5712,NA,NA
SandFall-Win64-Shipping.exe,19588,0x2EC4BC3AB90,DXGI,0,512,1,Hardware: Independent Flip,1210.7326,20.9324,20.6830,0.2494,13.8216,22.4016,22.3858,0.0158,36.2232,11.9160,-9.5167,1210.7326,NA,NA,NA
SandFall-Win64-Shipping.exe,19588,0x2EC4BC3AB90,DXGI,0,512,1,Hardware: Independent Flip,1231.6650,0.3398,0.1635,0.1763,15.2908,0.1639,0.1615,0.0024,27.2068,12.7017,9.0164,1231.6650,11.7521,NA,NA
SandFall-Win64-Shipping.exe,19588,0x2EC4BC3AB90,DXGI,0,512,1,Hardware: Independent Flip,1232.0048,27.9475,27.6783,0.2692,15.1149,24.1022,22.8426,1.2596,39.5687,11.7725,-12.3619,1232.0048,0.3516,NA,NA
SandFall-Win64-Shipping.exe,19588,0x2EC4BC3AB90,DXGI,0,512,1,Hardware: Independent Flip,1259.9523,0.3270,0.1655,0.1615,11.2696,0.1127,0.1127,0.0000,23.3937,9.5485,16.1750,1259.9523,12.0114,NA,NA
SandFall-Win64-Shipping.exe,19588,0x2EC4BC3AB90,DXGI,0,512,1,Hardware: Independent Flip,1260.2793,17.5546,17.3026,0.2520,11.0553,21.5578,21.5429,0.0149,32.6152,10.7475,-9.2215,1260.2793,0.0021,NA,NA
SandFall-Win64-Shipping.exe,19588,0x2EC4BC3AB90,DXGI,0,512,1,Hardware: Independent Flip,1277.8339,0.3191,0.1584,0.1607,15.0585,0.1226,0.1203,0.0023,25.8081,11.7993,6.8071,1277.8339,10.6270,NA,NA
SandFall-Win64-Shipping.exe,19588,0x2EC4BC3AB90,DXGI,0,512,1,Hardware: Independent Flip,1278.1530,23.5261,23.2755,0.2506,14.8620,21.9329,21.2821,0.6508,37.2883,10.5267,-11.4802,1278.1530,0.4934,NA,NA
SandFall-Win64-Shipping.exe,19588,0x2EC4BC3AB90,DXGI,0,512,1,Hardware: Independent Flip,1301.6791,0.3438,0.1888,0.1550,13.2688,0.1018,0.1003,0.0015,24.2889,10.5018,12.9994,1301.6791,10.9183,NA,NA
SandFall-Win64-Shipping.exe,19588,0x2EC4BC3AB90,DXGI,0,512,1,Hardware: Independent Flip,1302.0229,20.8478,20.6084,0.2394,13.0268,21.4191,21.3439,0.0752,34.4469,10.5949,-10.1580,1302.0229,0.0010,NA,NA
SandFall-Win64-Shipping.exe,19588,0x2EC4BC3AB90,DXGI,0,512,1,Hardware: Independent Flip,1322.8707,0.3586,0.1552,0.2034,13.5981,0.0897,0.0839,0.0058,24.1940,12.7030,10.2529,1322.8707,10.5062,NA,NA
SandFall-Win64-Shipping.exe,19588,0x2EC4BC3AB90,DXGI,0,512,1,Hardware: Independent Flip,1323.2293,23.6051,23.3093,0.2958,13.3292,23.2092,21.3927,1.8165,36.5384,11.7447,-12.3444,1323.2293,NA,NA,NA
SandFall-Win64-Shipping.exe,19588,0x2EC4BC3AB90,DXGI,0,512,1,Hardware: Independent Flip,1346.8344,0.3499,0.1720,0.1779,12.9333,0.1309,0.1293,0.0016,24.6780,11.4311,11.8604,1346.8344,11.6138,NA,NA
SandFall-Win64-Shipping.exe,19588,0x2EC4BC3AB90,DXGI,0,512,1,Hardware: Independent Flip,1347.1843,21.9448,21.6889,0.2559,12.7143,23.0431,21.6639,1.3792,35.7592,12.1569,-11.0812,1347.1843,0.0018,NA,NA
SandFall-Win64-Shipping.exe,19588,0x2EC4BC3AB90,DXGI,0,512,1,Hardware: Independent Flip,1369.1291,0.3201,0.1530,0.1671,13.8126,0.1210,0.1179,0.0031,25.9713,10.4973,9.7879,1369.1291,12.0377,NA,NA
SandFall-Win64-Shipping.exe,19588,0x2EC4BC3AB90,DXGI,0,512,1,Hardware: Independent Flip,1369.4492,22.0548,21.7916,0.2632,13.6135,22.5340,21.9013,0.6327,36.1485,11.5104,-10.1772,1369.4492,0.0010,NA,NA
SandFall-Win64-Shipping.exe,19588,0x2EC4BC3AB90,DXGI,0,512,1,Hardware: Independent Flip,1391.5040,0.3259,0.1593,0.1666,14.0927,0.1063,0.1043,0.0020,25.6041,10.9200,10.5444,1391.5040,11.4051,NA,NA
SandFall-Win64-Shipping.exe,19588,0x2EC4BC3AB90,DXGI,0,512,1,Hardware: Independent Flip,1391.8299,22.0052,21.6987,0.3065,13.8731,22.0424,22.0298,0.0126,36.1982,10.8013,-10.5941,1391.8299,0.2827,NA,NA
SandFall-Win64-Shipping.exe,19588,0x2EC4BC3AB90,DXGI,0,512,1,Hardware: Independent Flip,1413.8351,0.3743,0.1850,0.1893,13.9103,0.1426,0.1405,0.0021,24.9943,11.4514,11.2039,1413.8351,10.9414,NA,NA
SandFall-Win64-Shipping.exe,19588,0x2EC4BC3AB90,DXGI,0,512,1,Hardware: Independent Flip,1414.2094,20.3690,20.1235,0.2455,13.6786,22.1616,22.1478,0.0138,36.0714,10.7349,-11.0771,1414.2094,0.2312,NA,NA
SandFall-Win64-Shipping.exe,19588,0x2EC4BC3AB90,DXGI,0,512,1,Hardware: Independent Flip,1434.5784,0.3154,0.1576,0.1578,15.4712,0.1193,0.1172,0.0021,26.4373,10.5855,9.6341,1434.5784,10.8468,NA,NA
SandFall-Win64-Shipping.exe,19588,0x2EC4BC3AB90,DXGI,0,512,1,Hardware: Independent Flip,1434.8938,22.6137,22.3466,0.2671,15.2751,21.4312,21.4175,0.0137,36.7074,10.7226,-10.2701,1434.8938,0.0011,NA,NA
SandFall-Win64-Shipping.exe,19588,0x2EC4BC3AB90,DXGI,0,512,1,Hardware: Independent Flip,1457.5075,0.5658,0.1862,0.3796,14.0926,0.0897,0.0880,0.0017,24.8163,11.3232,11.8911,1457.5075,10.6340,NA,NA
SandFall-Win64-Shipping.exe,19588,0x2EC4BC3AB90,DXGI,0,512,1,Hardware: Independent Flip,1458.0733,20.9526,20.6676,0.2850,13.6165,21.9564,21.9454,0.0110,35.5737,11.0081,-10.7574,1458.0733,0.0008,NA,NA
SandFall-Win64-Shipping.exe,19588,0x2EC4BC3AB90,DXGI,0,512,1,Hardware: Independent Flip,1479.0259,0.3300,0.1738,0.1562,14.6203,0.0899,0.0883,0.0016,25.6292,10.5148,9.9445,1479.0259,10.9190,NA,NA
SandFall-Win64-Shipping.exe,19588,0x2EC4BC3AB90,DXGI,0,512,1,Hardware: Independent Flip,1479.3559,21.3280,21.0729,0.2551,14.3802,21.4323,21.4203,0.0120,35.8140,10.9323,-10.1848,1479.3559,0.0015,NA,NA
SandFall-Win64-Shipping.exe,19588,0x2EC4BC3AB90,DXGI,0,512,1,Hardware: Independent Flip,1500.6839,0.3207,0.1569,0.1638,14.4845,0.2242,0.2215,0.0027,25.4183,11.0956,10.3957,1500.6839,10.7096,NA,NA
SandFall-Win64-Shipping.exe,19588,0x2EC4BC3AB90,DXGI,0,512,1,Hardware: Independent Flip,1501.0046,21.5455,21.3045,0.2410,14.3880,21.7824,21.7723,0.0101,36.1932,10.9206,-10.7749,1501.0046,0.0228,NA,NA
SandFall-Win64-Shipping.exe,19588,0x2EC4BC3AB90,DXGI,0,512,1,Hardware: Independent Flip,1522.5501,0.3044,0.1582,0.1462,14.6249,0.1114,0.1084,0.0030,25.5683,10.6373,10.6249,1522.5501,10.8320,NA,NA
SandFall-Win64-Shipping.exe,19588,0x2EC4BC3AB90,DXGI,0,512,1,Hardware: Independent Flip,1522.8545,24.6481,24.3235,0.3246,14.4319,21.4684,21.3861,0.0823,35.9012,10.7484,-10.3329,1522.8545,0.0009,NA,NA
SandFall-Win64-Shipping.exe,19588,0x2EC4BC3AB90,DXGI,0,512,1,Hardware: Independent Flip,1547.5026,0.3240,0.1633,0.1607,11.2522,0.0918,0.0898,0.0020,22.0015,10.7770,13.8997,1547.5026,10.6575,NA,NA
SandFall-Win64-Shipping.exe,19588,0x2EC4BC3AB90,DXGI,0,512,1,Hardware: Independent Flip,1547.8266,18.7251,18.4503,0.2748,11.0200,21.3755,21.3632,0.0123,32.4545,10.6892,-10.4530,1547.8266,0.0590,NA,NA
SandFall-Win64-Shipping.exe,19588,0x2EC4BC3AB90,DXGI,0,512,1,Hardware: Independent Flip,1566.5517,0.4933,0.2308,0.2625,13.6704,0.1410,0.1388,0.0022,24.4186,10.9603,8.0359,1566.5517,10.6072,NA,NA
SandFall-Win64-Shipping.exe,19588,0x2EC4BC3AB90,DXGI,0,512,1,Hardware: Independent Flip,1567.0450,20.5767,20.3065,0.2702,13.3181,21.5411,21.5315,0.0096,34.8856,10.7771,-10.4670,1567.0450,0.0264,NA,NA
SandFall-Win64-Shipping.exe,19588,0x2EC4BC3AB90,DXGI,0,512,1,Hardware: Independent Flip,1587.6217,0.3706,0.1970,0.1736,14.2825,0.1222,0.1200,0.0022,25.0860,11.8557,9.7996,1587.6217,10.6813,NA,NA
SandFall-Win64-Shipping.exe,19588,0x2EC4BC3AB90,DXGI,0,512,1,Hardware: Independent Flip,1587.9923,22.8615,22.6079,0.2536,14.0341,22.5359,22.1758,0.3601,36.5711,11.3654,-11.4851,1587.9923,0.0011,NA,NA
SandFall-Win64-Shipping.exe,19588,0x2EC4BC3AB90,DXGI,0,512,1,Hardware: Independent Flip,1610.8538,0.3706,0.2116,0.1590,13.7085,0.1269,0.1253,0.0016,25.0750,10.5999,11.4961,1610.8538,11.2396,NA,NA
SandFall-Win64-Shipping.exe,19588,0x2EC4BC3AB90,DXGI,0,512,1,Hardware: Independent Flip,1611.2244,20.6311,20.3871,0.2440,13.4648,21.8389,21.8263,0.0126,35.3043,11.3008,-10.2293,1611.2244,0.0006,NA,NA
SandFall-Win64-Shipping.exe,19588,0x2EC4BC3AB90,DXGI,0,512,1,Hardware: Independent Flip,1631.8555,0.3806,0.2092,0.1714,14.6726,0.1783,0.1757,0.0026,25.9740,10.6515,9.3303,1631.8555,11.1231,NA,NA
SandFall-Win64-Shipping.exe,19588,0x2EC4BC3AB90,DXGI,0,512,1,Hardware: Independent Flip,1632.2361,21.7616,21.4523,0.3093,14.4703,21.7598,21.7481,0.0117,36.2449,10.9097,-10.2709,1632.2361,0.0148,NA,NA
SandFall-Win64-Shipping.exe,19588,0x2EC4BC3AB90,DXGI,0,512,1,Hardware: Independent Flip,1653.9977,0.3710,0.1790,0.1920,14.4685,0.0910,0.0894,0.0016,25.3930,10.6526,10.8519,1653.9977,10.8335,NA,NA
SandFall-Win64-Shipping.exe,19588,0x2EC4BC3AB90,DXGI,0,512,1,Hardware: Independent Flip,1654.3687,20.9207,20.6691,0.2516,14.1885,21.3175,21.3023,0.0152,35.6746,10.5338,-10.2816,1654.3687,0.1686,NA,NA
SandFall-Win64-Shipping.exe,19588,0x2EC4BC3AB90,DXGI,0,512,1,Hardware: Independent Flip,1675.2894,0.3262,0.1586,0.1676,14.5853,0.1379,0.1358,0.0021,25.2877,11.2011,10.3869,1675.2894,10.5645,NA,NA
SandFall-Win64-Shipping.exe,19588,0x2EC4BC3AB90,DXGI,0,512,1,Hardware: Independent Flip,1675.6156,22.6877,22.4451,0.2426,14.3970,21.6490,21.6344,0.0146,36.1626,10.6328,-10.8749,1675.6156,0.1166,NA,NA
SandFall-Win64-Shipping.exe,19588,0x2EC4BC3AB90,DXGI,0,512,1,Hardware: Independent Flip,1698.3033,0.2994,0.1505,0.1489,13.3583,0.1372,0.1352,0.0020,24.1077,10.1467,12.0549,1698.3033,10.6122,NA,NA
SandFall-Win64-Shipping.exe,19588,0x2EC4BC3AB90,DXGI,0,512,1,Hardware: Independent Flip,1698.6027,20.0643,19.7894,0.2749,13.1961,20.7577,20.7507,0.0070,33.9550,10.4674,-9.8473,1698.6027,0.0012,NA,NA
SandFall-Win64-Shipping.exe,19588,0x2EC4BC3AB90,DXGI,0,512,1,Hardware: Independent Flip,1718.6670,0.3087,0.1599,0.1488,13.8895,0.0784,0.0764,0.0020,24.3581,11.8958,9.5969,1718.6670,10.3902,NA,NA
SandFall-Win64-Shipping.exe,19588,0x2EC4BC3AB90,DXGI,0,512,1,Hardware: Independent Flip,1718.9757,24.4179,24.1602,0.2577,13.6592,22.2297,21.4829,0.7468,35.9452,11.0818,-11.5871,1718.9757,0.0563,NA,NA
SandFall-Win64-Shipping.exe,19588,0x2EC4BC3AB90,DXGI,0,512,1,Hardware: Independent Flip,1743.3936,0.3093,0.1578,0.1515,11.4710,0.1002,0.0974,0.0028,22.6091,11.1399,13.3361,1743.3936,11.0379,NA,NA
SandFall-Win64-Shipping.exe,19588,0x2EC4BC3AB90,DXGI,0,512,1,Hardware: Independent Flip,1743.7029,19.8631,19.6168,0.2463,11.2619,22.1765,21.3863,0.7902,33.4397,11.3868,-10.8306,1743.7029,0.0013,NA,NA
SandFall-Win64-Shipping.exe,19588,0x2EC4BC3AB90,DXGI,0,512,1,Hardware: Independent Flip,1763.5660,0.3651,0.1597,0.2054,13.5753,0.0810,0.0788,0.0022,24.9634,10.0976,8.4763,1763.5660,11.3071,NA,NA
SandFall-Win64-Shipping.exe,19588,0x2EC4BC3AB90,DXGI,0,512,1,Hardware: Independent Flip,1763.9311,21.2373,20.9950,0.2423,13.2912,21.4038,21.2383,0.1655,34.6959,10.9011,-9.7325,1763.9311,0.0009,NA,NA
SandFall-Win64-Shipping.exe,19588,0x2EC4BC3AB90,DXGI,0,512,1,Hardware: Independent Flip,1785.1684,0.3787,0.2033,0.1754,13.4577,0.0832,0.0809,0.0023,24.3597,11.2553,10.3362,1785.1684,10.8188,NA,NA
SandFall-Win64-Shipping.exe,19588,0x2EC4BC3AB90,DXGI,0,512,1,Hardware: Independent Flip,1785.5471,21.1899,20.9117,0.2782,13.1622,21.8456,21.4126,0.4330,35.2363,10.7395,-10.8766,1785.5471,0.2285,NA,NA
SandFall-Win64-Shipping.exe,19588,0x2EC4BC3AB90,DXGI,0,512,1,Hardware: Independent Flip,1806.7370,0.4397,0.1833,0.2564,13.8179,0.1256,0.1241,0.0015,24.7859,11.3622,10.4504,1806.7370,10.8424,NA,NA
SandFall-Win64-Shipping.exe,19588,0x2EC4BC3AB90,DXGI,0,512,1,Hardware: Independent Flip,1807.1767,21.7023,21.3998,0.3025,13.5038,22.2034,21.8495,0.3539,35.7084,11.0644,-10.9225,1807.1767,0.0012,NA,NA
SandFall-Win64-Shipping.exe,19588,0x2EC4BC3AB90,DXGI,0,512,1,Hardware: Independent Flip,1828.8790,0.3441,0.1561,0.1880,14.0049,0.2023,0.2023,0.0000,25.0705,10.3824,10.6379,1828.8790,10.8633,NA,NA
SandFall-Win64-Shipping.exe,19588,0x2EC4BC3AB90,DXGI,0,512,1,Hardware: Independent Flip,1829.2231,21.0441,20.7590,0.2851,13.8631,21.2447,21.2292,0.0155,35.1088,10.8985,-10.0383,1829.2231,0.0010,NA,NA
SandFall-Win64-Shipping.exe,19588,0x2EC4BC3AB90,DXGI,0,512,1,Hardware: Independent Flip,1850.2672,0.3546,0.1850,0.1696,14.0637,0.1314,0.1293,0.0021,24.9632,10.6135,10.1456,1850.2672,10.7681,NA,NA
SandFall-Win64-Shipping.exe,19588,0x2EC4BC3AB90,DXGI,0,512,1,Hardware: Independent Flip,1850.6218,20.7697,20.4944,0.2753,13.8405,21.3256,21.3179,0.0077,35.2221,10.6240,-10.2589,1850.6218,0.0560,NA,NA
SandFall-Win64-Shipping.exe,19588,0x2EC4BC3AB90,DXGI,0,512,1,Hardware: Independent Flip,1871.3915,0.3560,0.1810,0.1750,14.3964,0.1161,0.1135,0.0026,25.0764,10.6572,10.1457,1871.3915,10.5639,NA,NA
SandFall-Win64-Shipping.exe,19588,0x2EC4BC3AB90,DXGI,0,512,1,Hardware: Independent Flip,1871.7475,20.6773,20.4308,0.2465,14.1565,21.1265,21.1179,0.0086,35.3776,10.5053,-10.3012,1871.7475,0.0946,NA,NA
SandFall-Win64-Shipping.exe,19588,0x2EC4BC3AB90,DXGI,0,512,1,Hardware: Independent Flip,1892.4248,0.3624,0.1969,0.1655,14.6057,0.1924,0.1896,0.0028,25.2056,11.4408,10.1720,1892.4248,10.4075,NA,NA
SandFall-Win64-Shipping.exe,19588,0x2EC4BC3AB90,DXGI,0,512,1,Hardware: Independent Flip,1892.7872,21.8162,21.5287,0.2875,14.4357,21.8218,21.8128,0.0090,36.2840,10.8459,-11.0784,1892.7872,0.0265,NA,NA
SandFall-Win64-Shipping.exe,19588,0x2EC4BC3AB90,DXGI,0,512,1,Hardware: Independent Flip,1914.6034,0.3440,0.1796,0.1644,14.4413,0.0948,0.0925,0.0023,25.3137,11.0565,10.9703,1914.6034,10.7776,NA,NA
SandFall-Win64-Shipping.exe,19588,0x2EC4BC3AB90,DXGI,0,512,1,Hardware: Independent Flip,1914.9474,20.6410,20.3942,0.2468,14.1921,21.8329,21.8205,0.0124,36.0262,11.1159,-10.7125,1914.9474,0.0012,NA,NA
SandFall-Win64-Shipping.exe,19588,0x2EC4BC3AB90,DXGI,0,512,1,Hardware: Independent Flip,1935.5884,0.3122,0.1598,0.1524,15.3840,0.1647,0.1616,0.0031,26.5011,11.3158,9.5251,1935.5884,10.9524,NA,NA
SandFall-Win64-Shipping.exe,19588,0x2EC4BC3AB90,DXGI,0,512,1,Hardware: Independent Flip,1935.9006,23.4035,23.1473,0.2562,15.2365,22.2673,22.2591,0.0082,37.5047,11.3374,-11.0036,1935.9006,0.0009,NA,NA
SandFall-Win64-Shipping.exe,19588,0x2EC4BC3AB90,DXGI,0,512,1,Hardware: Independent Flip,1959.3041,0.3237,0.1685,0.1552,14.1003,0.1419,0.1395,0.0024,25.4386,21.6754,12.0661,1959.3041,11.1964,NA,NA
SandFall-Win64-Shipping.exe,19588,0x2EC4BC3AB90,DXGI,0,512,1,Hardware: Independent Flip,1959.6278,22.1668,21.7879,0.3789,13.9185,32.8702,32.8630,0.0072,46.7903,16.6468,-21.3517,1959.6278,0.0016,NA,NA
SandFall-Win64-Shipping.exe,19588,0x2EC4BC3AB90,DXGI,0,512,1,Hardware: Independent Flip,1981.7946,0.3904,0.2083,0.1821,24.6219,0.1526,0.1503,0.0023,41.2703,10.0384,5.5200,1981.7946,16.4958,NA,NA
SandFall-Win64-Shipping.exe,19588,0x2EC4BC3AB90,DXGI,0,512,1,Hardware: Independent Flip,1982.1850,22.2636,22.0018,0.2618,24.3841,26.5333,26.5243,0.0090,50.9183,14.7924,-9.6480,1982.1850,0.0009,NA,NA
SandFall-Win64-Shipping.exe,19588,0x2EC4BC3AB90,DXGI,0,512,1,Hardware: Independent Flip,2004.4486,0.3608,0.1955,0.1653,28.6538,0.1510,0.1486,0.0024,43.4471,8.4716,7.4712,2004.4486,14.6423,NA,NA
SandFall-Win64-Shipping.exe,19588,0x2EC4BC3AB90,DXGI,0,512,1,Hardware: Independent Flip,2004.8094,26.9873,26.5384,0.4489,28.4440,23.1131,23.1029,0.0102,51.5579,11.8805,-8.1108,2004.8094,0.0008,NA,NA
SandFall-Win64-Shipping.exe,19588,0x2EC4BC3AB90,DXGI,0,512,1,Hardware: Independent Flip,2031.7967,0.8192,0.3950,0.4242,24.5698,0.1143,0.1113,0.0030,36.4511,14.1595,15.1068,2031.7967,11.7670,NA,NA
SandFall-Win64-Shipping.exe,19588,0x2EC4BC3AB90,DXGI,0,512,1,Hardware: Independent Flip,2032.6159,25.6971,25.4127,0.2844,23.8649,24.4962,24.4852,0.0110,49.7914,10.8808,-13.3403,2032.6159,1.4303,NA,NA
SandFall-Win64-Shipping.exe,19588,0x2EC4BC3AB90,DXGI,0,512,1,Hardware: Independent Flip,2058.3130,0.3828,0.2081,0.1747,22.6640,0.1351,0.1334,0.0017,34.9751,10.6191,14.8163,2058.3130,12.1760,NA,NA
SandFall-Win64-Shipping.exe,19588,0x2EC4BC3AB90,DXGI,0,512,1,Hardware: Independent Flip,2058.6958,25.7673,25.4892,0.2781,22.4163,22.7942,22.7772,0.0170,45.2114,10.9055,-10.2363,2058.6958,0.0009,NA,NA
SandFall-Win64-Shipping.exe,19588,0x2EC4BC3AB90,DXGI,0,512,1,Hardware: Independent Flip,2084.4631,0.3433,0.1807,0.1626,19.4432,0.1151,0.1133,0.0018,30.3496,13.3539,14.8618,2084.4631,10.7913,NA,NA
SandFall-Win64-Shipping.exe,19588,0x2EC4BC3AB90,DXGI,0,512,1,Hardware: Independent Flip,2084.8064,19.9167,19.6251,0.2916,19.2150,24.1443,24.1338,0.0105,43.3602,12.1898,-13.0106,2084.8064,0.0009,NA,NA
SandFall-Win64-Shipping.exe,19588,0x2EC4BC3AB90,DXGI,0,512,1,Hardware: Independent Flip,2104.7231,0.3360,0.1756,0.1604,23.4426,0.1408,0.1382,0.0026,35.6333,10.8546,7.7269,2104.7231,12.0499,NA,NA
SandFall-Win64-Shipping.exe,19588,0x2EC4BC3AB90,DXGI,0,512,1,Hardware: Independent Flip,2105.0591,21.8389,21.5722,0.2667,23.2474,22.9036,22.8974,0.0062,46.1519,12.1587,-10.5186,2105.0591,0.0009,NA,NA
SandFall-Win64-Shipping.exe,19588,0x2EC4BC3AB90,DXGI,0,512,1,Hardware: Independent Flip,2126.8980,0.3765,0.2077,0.1688,24.3121,0.1373,0.1348,0.0025,36.4717,10.0607,9.6802,2126.8980,12.0223,NA,NA
SandFall-Win64-Shipping.exe,19588,0x2EC4BC3AB90,DXGI,0,512,1,Hardware: Independent Flip,2127.2745,24.2174,23.5459,0.6715,24.0729,22.0825,22.0746,0.0079,46.1559,11.1178,-9.6842,2127.2745,0.0005,NA,NA
SandFall-Win64-Shipping.exe,19588,0x2EC4BC3AB90,DXGI,0,512,1,Hardware: Independent Flip,2151.4919,0.6181,0.3150,0.3031,21.9380,0.1523,0.1500,0.0023,33.0563,12.0770,13.0996,2151.4919,10.9660,NA,NA
SandFall-Win64-Shipping.exe,19588,0x2EC4BC3AB90,DXGI,0,512,1,Hardware: Independent Flip,2152.1100,20.4286,20.1755,0.2531,21.4722,22.5463,22.5418,0.0045,44.5152,10.8188,-11.4589,2152.1100,0.4967,NA,NA
SandFall-Win64-Shipping.exe,19588,0x2EC4BC3AB90,DXGI,0,512,1,Hardware: Independent Flip,2172.5386,0.3465,0.1874,0.1591,23.5899,0.1402,0.1376,0.0026,34.9054,11.0234,9.6098,2172.5386,11.1753,NA,NA
SandFall-Win64-Shipping.exe,19588,0x2EC4BC3AB90,DXGI,0,512,1,Hardware: Independent Flip,2172.8851,21.5012,21.2503,0.2509,23.3836,22.1987,22.1911,0.0076,45.5823,11.0294,-10.6769,2172.8851,NA,NA,NA
SandFall-Win64-Shipping.exe,19588,0x2EC4BC3AB90,DXGI,0,512,1,Hardware: Independent Flip,2194.3863,0.3274,0.1693,0.1581,24.0811,0.1490,0.1469,0.0021,35.1105,11.1887,10.4718,2194.3863,10.8804,NA,NA
SandFall-Win64-Shipping.exe,19588,0x2EC4BC3AB90,DXGI,0,512,1,Hardware: Independent Flip,2194.7137,22.0692,21.7673,0.3019,23.9027,22.0682,22.0639,0.0043,45.9718,11.1719,-10.8613,2194.7137,0.0009,NA,NA
SandFall-Win64-Shipping.exe,19588,0x2EC4BC3AB90,DXGI,0,512,1,Hardware: Independent Flip,2216.7829,0.3366,0.1665,0.1701,23.9017,0.1397,0.1365,0.0032,35.0745,12.2937,10.8973,2216.7829,11.0331,NA,NA
SandFall-Win64-Shipping.exe,19588,0x2EC4BC3AB90,DXGI,0,512,1,Hardware: Independent Flip,2217.1195,24.3396,23.9962,0.3434,23.7048,23.3258,23.3155,0.0103,47.0316,11.8040,-11.9571,2217.1195,0.0010,NA,NA
SandFall-Win64-Shipping.exe,19588,0x2EC4BC3AB90,DXGI,0,512,1,Hardware: Independent Flip,2241.4591,0.3630,0.1781,0.1849,22.6910,0.1130,0.1105,0.0025,34.4960,10.5402,12.5356,2241.4591,11.6920,NA,NA
SandFall-Win64-Shipping.exe,19588,0x2EC4BC3AB90,DXGI,0,512,1,Hardware: Independent Flip,2241.8221,23.8701,23.6233,0.2468,22.4410,22.2313,22.2268,0.0045,44.6732,11.4805,-10.1772,2241.8221,0.0009,NA,NA
SandFall-Win64-Shipping.exe,19588,0x2EC4BC3AB90,DXGI,0,512,1,Hardware: Independent Flip,2265.6922,0.3269,0.1657,0.1612,20.8022,0.1443,0.1424,0.0019,32.2836,11.0991,12.3896,2265.6922,11.3371,NA,NA
SandFall-Win64-Shipping.exe,19588,0x2EC4BC3AB90,DXGI,0,512,1,Hardware: Independent Flip,2266.0191,22.8397,22.5805,0.2592,20.6196,22.2955,22.2892,0.0063,43.0558,11.0515,-10.7722,2266.0191,0.1407,NA,NA
SandFall-Win64-Shipping.exe,19588,0x2EC4BC3AB90,DXGI,0,512,1,Hardware: Independent Flip,2288.8588,0.3358,0.1729,0.1629,20.0754,0.1293,0.1275,0.0018,31.2676,11.7454,11.7882,2288.8588,11.0629,NA,NA
SandFall-Win64-Shipping.exe,19588,0x2EC4BC3AB90,DXGI,0,512,1,Hardware: Independent Flip,2289.1946,22.7240,22.4751,0.2489,19.8689,22.6562,22.6495,0.0067,42.6772,11.1348,-11.4096,2289.1946,0.1521,NA,NA
SandFall-Win64-Shipping.exe,19588,0x2EC4BC3AB90,DXGI,0,512,1,Hardware: Independent Flip,2311.9186,0.3229,0.1663,0.1566,19.8011,0.1250,0.1230,0.0020,31.0880,11.2596,11.5892,2311.9186,11.1619,NA,NA
SandFall-Win64-Shipping.exe,19588,0x2EC4BC3AB90,DXGI,0,512,1,Hardware: Independent Flip,2312.2415,25.3866,25.0922,0.2944,19.6032,22.4210,22.4129,0.0081,42.0247,11.2751,-10.9367,2312.2415,0.0005,NA,NA
SandFall-Win64-Shipping.exe,19588,0x2EC4BC3AB90,DXGI,0,512,1,Hardware: Independent Flip,2337.6281,0.3392,0.1825,0.1567,16.6376,0.1050,0.1033,0.0017,27.9132,11.2993,14.1115,2337.6281,11.1706,NA,NA
SandFall-Win64-Shipping.exe,19588,0x2EC4BC3AB90,DXGI,0,512,1,Hardware: Independent Flip,2337.9673,22.7093,22.4592,0.2501,16.4034,22.4686,22.4620,0.0066,38.8733,11.3613,-10.9601,2337.9673,0.0013,NA,NA
SandFall-Win64-Shipping.exe,19588,0x2EC4BC3AB90,DXGI,0,512,1,Hardware: Independent Flip,2360.6766,0.3312,0.1711,0.1601,16.1627,0.1116,0.1098,0.0018,27.5253,10.5792,11.3480,2360.6766,11.2510,NA,NA
SandFall-Win64-Shipping.exe,19588,0x2EC4BC3AB90,DXGI,0,512,1,Hardware: Independent Flip,2361.0078,18.5314,18.2943,0.2371,15.9431,21.8292,21.8210,0.0082,37.7733,10.9718,-10.2480,2361.0078,0.0010,NA,NA
SandFall-Win64-Shipping.exe,19588,0x2EC4BC3AB90,DXGI,0,512,1,Hardware: Independent Flip,2379.5392,0.3148,0.1602,0.1546,19.2409,0.0900,0.0883,0.0017,30.2137,11.4673,7.5596,2379.5392,10.8828,NA,NA
SandFall-Win64-Shipping.exe,19588,0x2EC4BC3AB90,DXGI,0,512,1,Hardware: Independent Flip,2379.8540,23.5753,23.3333,0.2420,19.0161,22.1900,22.1765,0.0135,41.3662,10.9865,-11.1525,2379.8540,0.1601,NA,NA
SandFall-Win64-Shipping.exe,19588,0x2EC4BC3AB90,DXGI,0,512,1,Hardware: Independent Flip,2403.4293,0.3853,0.1783,0.2070,17.6308,0.1552,0.1530,0.0022,28.7774,11.5117,12.5888,2403.4293,10.9914,NA,NA
SandFall-Win64-Shipping.exe,19588,0x2EC4BC3AB90,DXGI,0,512,1,Hardware: Independent Flip,2403.8146,23.6877,23.4071,0.2806,17.4007,22.5024,22.4936,0.0088,39.9038,11.3169,-11.1264,2403.8146,0.0007,NA,NA
SandFall-Win64-Shipping.exe,19588,0x2EC4BC3AB90,DXGI,0,512,1,Hardware: Independent Flip,2427.5023,0.3306,0.1744,0.1562,16.2154,0.1255,0.1235,0.0020,27.5330,11.2758,12.3708,2427.5023,11.1921,NA,NA
SandFall-Win64-Shipping.exe,19588,0x2EC4BC3AB90,DXGI,0,512,1,Hardware: Independent Flip,2427.8329,22.5201,22.2718,0.2483,16.0103,22.4675,22.3697,0.0978,38.4782,11.4241,-10.9452,2427.8329,0.0004,NA,NA
SandFall-Win64-Shipping.exe,19588,0x2EC4BC3AB90,DXGI,0,512,1,Hardware: Independent Flip,2450.3530,0.3358,0.1675,0.1683,15.9577,0.0906,0.0891,0.0015,27.3822,11.2850,11.0960,2450.3530,11.3339,NA,NA
SandFall-Win64-Shipping.exe,19588,0x2EC4BC3AB90,DXGI,0,512,1,Hardware: Independent Flip,2450.6888,24.0013,23.7593,0.2420,15.7125,22.6182,22.1481,0.4701,38.3314,11.4159,-10.9492,2450.6888,0.0007,NA,NA
SandFall-Win64-Shipping.exe,19588,0x2EC4BC3AB90,DXGI,0,512,1,Hardware: Independent Flip,2474.6901,0.3211,0.1551,0.1660,14.3294,0.0936,0.0921,0.0015,25.7460,10.6290,12.5854,2474.6901,11.3230,NA,NA
SandFall-Win64-Shipping.exe,19588,0x2EC4BC3AB90,DXGI,0,512,1,Hardware: Independent Flip,2475.0112,21.6759,21.3375,0.3384,14.1019,21.9514,21.9437,0.0077,36.0539,11.0528,-10.3079,2475.0112,0.0006,NA,NA
SandFall-Win64-Shipping.exe,19588,0x2EC4BC3AB90,DXGI,0,512,1,Hardware: Independent Flip,2496.6871,0.3265,0.1664,0.1601,14.3774,0.1774,0.1750,0.0024,25.4308,12.3331,10.6231,2496.6871,10.8760,NA,NA
SandFall-Win64-Shipping.exe,19588,0x2EC4BC3AB90,DXGI,0,512,1,Hardware: Independent Flip,2497.0136,23.4343,23.1942,0.2401,14.2283,23.0381,21.7585,1.2796,37.4374,11.4168,-12.0066,2497.0136,0.1710,NA,NA
SandFall-Win64-Shipping.exe,19588,0x2EC4BC3AB90,DXGI,0,512,1,Hardware: Independent Flip,2520.4479,0.3231,0.1569,0.1662,13.8321,0.0603,0.0536,0.0067,25.4199,11.3226,12.0175,2520.4479,11.5275,NA,NA
SandFall-Win64-Shipping.exe,19588,0x2EC4BC3AB90,DXGI,0,512,1,Hardware: Independent Flip,2520.7710,22.3048,22.0564,0.2484,13.5693,22.8482,21.9755,0.8727,36.4194,11.5676,-10.9995,2520.7710,0.0019,NA,NA
SandFall-Win64-Shipping.exe,19588,0x2EC4BC3AB90,DXGI,0,512,1,Hardware: Independent Flip,2543.0758,0.3587,0.1590,0.1997,14.1127,0.2125,0.2104,0.0021,25.6822,14.8060,10.7372,2543.0758,11.3570,NA,NA
SandFall-Win64-Shipping.exe,19588,0x2EC4BC3AB90,DXGI,0,512,1,Hardware: Independent Flip,2543.4345,24.7150,24.4478,0.2672,13.9665,26.1626,24.3385,1.8241,40.1295,13.2883,-14.4473,2543.4345,0.0004,NA,NA
SandFall-Win64-Shipping.exe,19588,0x2EC4BC3AB90,DXGI,0,512,1,Hardware: Independent Flip,2568.1495,0.3128,0.1568,0.1560,15.4141,0.1099,0.1082,0.0017,28.7028,8.6742,11.4267,2568.1495,13.1788,NA,NA
SandFall-Win64-Shipping.exe,19588,0x2EC4BC3AB90,DXGI,0,512,1,Hardware: Independent Flip,2568.4623,21.1557,20.9085,0.2472,15.2112,21.8524,21.8415,0.0109,37.0642,11.8222,-8.3614,2568.4623,0.0006,NA,NA
SandFall-Win64-Shipping.exe,19588,0x2EC4BC3AB90,DXGI,0,512,1,Hardware: Independent Flip,2589.6180,0.3165,0.1637,0.1528,15.9079,0.1159,0.1143,0.0016,27.7307,10.8464,9.3335,2589.6180,11.7069,NA,NA
SandFall-Win64-Shipping.exe,19588,0x2EC4BC3AB90,DXGI,0,512,1,Hardware: Independent Flip,2589.9345,21.3063,21.0313,0.2750,15.7073,21.8442,21.8355,0.0087,38.2606,10.2558,-10.5299,2589.9345,0.7091,NA,NA
SandFall-Win64-Shipping.exe,19588,0x2EC4BC3AB90,DXGI,0,512,1,Hardware: Independent Flip,2611.2408,0.3443,0.1741,0.1702,16.2452,0.1009,0.0994,0.0015,27.2101,11.9112,11.0505,2611.2408,10.8640,NA,NA
SandFall-Win64-Shipping.exe,19588,0x2EC4BC3AB90,DXGI,0,512,1,Hardware: Independent Flip,2611.5851,21.1077,20.8540,0.2537,16.0018,22.3419,22.3329,0.0090,38.7770,10.4330,-11.5669,2611.5851,0.4333,NA,NA
SandFall-Win64-Shipping.exe,19588,0x2EC4BC3AB90,DXGI,0,512,1,Hardware: Independent Flip,2632.6928,0.3598,0.1848,0.1750,17.2360,0.1550,0.1534,0.0016,28.1023,11.1659,10.6747,2632.6928,10.7113,NA,NA
SandFall-Win64-Shipping.exe,19588,0x2EC4BC3AB90,DXGI,0,512,1,Hardware: Independent Flip,2633.0526,22.6027,22.3347,0.2680,17.0312,21.8764,21.8332,0.0432,38.9084,11.0301,-10.8061,2633.0526,0.0008,NA,NA
SandFall-Win64-Shipping.exe,19588,0x2EC4BC3AB90,DXGI,0,512,1,Hardware: Independent Flip,2655.6553,0.3280,0.1721,0.1559,16.3049,0.1011,0.0995,0.0016,27.3358,10.8896,11.5726,2655.6553,10.9298,NA,NA
SandFall-Win64-Shipping.exe,19588,0x2EC4BC3AB90,DXGI,0,512,1,Hardware: Independent Flip,2655.9833,21.9380,21.6270,0.3110,16.0780,21.8183,21.8095,0.0088,37.8974,11.2829,-10.5616,2655.9833,0.0011,NA,NA
SandFall-Win64-Shipping.exe,19588,0x2EC4BC3AB90,DXGI,0,512,1,Hardware: Independent Flip,2677.9213,0.3806,0.1935,0.1871,15.9583,0.0994,0.0978,0.0016,27.2423,10.5013,10.6551,2677.9213,11.1846,NA,NA
SandFall-Win64-Shipping.exe,19588,0x2EC4BC3AB90,DXGI,0,512,1,Hardware: Independent Flip,2678.3019,21.6675,21.4105,0.2570,15.6771,21.6847,21.6746,0.0101,37.3630,11.0045,-10.1207,2678.3019,0.0012,NA,NA
SandFall-Win64-Shipping.exe,19588,0x2EC4BC3AB90,DXGI,0,512,1,Hardware: Independent Flip,2699.9694,0.3103,0.1581,0.1522,15.6943,0.1076,0.1061,0.0015,26.7000,11.0051,10.6630,2699.9694,10.8981,NA,NA
SandFall-Win64-Shipping.exe,19588,0x2EC4BC3AB90,DXGI,0,512,1,Hardware: Independent Flip,2700.2797,21.5652,21.3079,0.2573,15.4916,21.7897,21.7772,0.0125,37.3948,10.8579,-10.6948,2700.2797,0.1135,NA,NA
SandFall-Win64-Shipping.exe,19588,0x2EC4BC3AB90,DXGI,0,512,1,Hardware: Independent Flip,2721.8449,0.3145,0.1592,0.1553,15.7161,0.1127,0.1086,0.0041,26.6875,10.8745,10.7073,2721.8449,10.8587,NA,NA
SandFall-Win64-Shipping.exe,19588,0x2EC4BC3AB90,DXGI,0,512,1,Hardware: Independent Flip,2722.1594,22.4891,22.2225,0.2666,15.5143,21.6965,21.6846,0.0119,37.2475,10.8060,-10.5600,2722.1594,0.0367,NA,NA
SandFall-Win64-Shipping.exe,19588,0x2EC4BC3AB90,DXGI,0,512,1,Hardware: Independent Flip,2744.6485,0.3504,0.1784,0.1720,14.7217,0.1369,0.1353,0.0016,25.5644,11.2700,11.6831,2744.6485,10.7058,NA,NA
SandFall-Win64-Shipping.exe,19588,0x2EC4BC3AB90,DXGI,0,512,1,Hardware: Independent Flip,2744.9989,22.6396,22.3804,0.2592,14.5082,21.9744,21.7401,0.2343,36.4840,11.0275,-10.9196,2744.9989,0.0014,NA,NA
SandFall-Win64-Shipping.exe,19588,0x2EC4BC3AB90,DXGI,0,512,1,Hardware: Independent Flip,2767.6385,0.3839,0.1774,0.2065,13.8430,0.1283,0.1266,0.0017,24.8719,10.6393,11.6121,2767.6385,10.9006,NA,NA
SandFall-Win64-Shipping.exe,19588,0x2EC4BC3AB90,DXGI,0,512,1,Hardware: Independent Flip,2768.0224,21.0036,20.7453,0.2583,13.5874,21.5399,21.5301,0.0098,35.1273,10.9126,-10.2554,2768.0224,NA,NA,NA
SandFall-Win64-Shipping.exe,19588,0x2EC4BC3AB90,DXGI,0,512,1,Hardware: Independent Flip,2789.0260,0.3298,0.1570,0.1728,14.1237,0.0924,0.0908,0.0016,25.0363,11.5911,10.0910,2789.0260,10.8202,NA,NA
SandFall-Win64-Shipping.exe,19588,0x2EC4BC3AB90,DXGI,0,512,1,Hardware: Independent Flip,2789.3558,22.7779,22.4036,0.3743,13.8863,22.3937,21.8598,0.5339,36.2976,11.2329,-11.2613,2789.3558,0.0176,NA,NA
SandFall-Win64-Shipping.exe,19588,0x2EC4BC3AB90,DXGI,0,512,1,Hardware: Independent Flip,2812.1337,0.3553,0.1793,0.1760,13.5021,0.0997,0.0977,0.0020,24.7526,11.5688,11.5450,2812.1337,11.1508,NA,NA
SandFall-Win64-Shipping.exe,19588,0x2EC4BC3AB90,DXGI,0,512,1,Hardware: Independent Flip,2812.4890,21.3590,21.0831,0.2759,13.2465,22.7185,22.4136,0.3049,35.9661,11.5132,-11.2135,2812.4890,0.0011,NA,NA
SandFall-Win64-Shipping.exe,19588,0x2EC4BC3AB90,DXGI,0,512,1,Hardware: Independent Flip,2833.8480,0.3572,0.1928,0.1644,14.6060,0.1305,0.1281,0.0024,26.1203,12.8682,9.8458,2833.8480,11.3838,NA,NA
SandFall-Win64-Shipping.exe,19588,0x2EC4BC3AB90,DXGI,0,512,1,Hardware: Independent Flip,2834.2052,23.3668,23.0267,0.3401,14.3793,24.2511,24.0522,0.1989,38.6313,12.3198,-12.5110,2834.2052,0.0009,NA,NA
SandFall-Win64-Shipping.exe,19588,0x2EC4BC3AB90,DXGI,0,512,1,Hardware: Independent Flip,2857.5720,0.3668,0.1879,0.1789,15.2636,0.1212,0.1184,0.0028,27.5843,9.4150,11.0470,2857.5720,12.1995,NA,NA
SandFall-Win64-Shipping.exe,19588,0x2EC4BC3AB90,DXGI,0,512,1,Hardware: Independent Flip,2857.9388,18.8853,18.6163,0.2690,15.0180,21.6135,21.6058,0.0077,36.6325,11.2670,-9.0482,2857.9388,0.0010,NA,NA
SandFall-Win64-Shipping.exe,19588,0x2EC4BC3AB90,DXGI,0,512,1,Hardware: Independent Flip,2876.8241,0.3974,0.2316,0.1658,17.7462,0.1124,0.1104,0.0020,29.0142,11.0498,7.6183,2876.8241,11.1556,NA,NA
SandFall-Win64-Shipping.exe,19588,0x2EC4BC3AB90,DXGI,0,512,1,Hardware: Independent Flip,2877.2215,22.2443,21.9466,0.2977,17.4612,21.7008,21.6926,0.0082,39.6666,10.4113,-10.6524,2877.2215,0.5046,NA,NA
SandFall-Win64-Shipping.exe,19588,0x2EC4BC3AB90,DXGI,0,512,1,Hardware: Independent Flip,2899.4658,0.3533,0.1638,0.1895,16.9177,0.1354,0.1333,0.0021,27.8336,10.6952,11.8330,2899.4658,10.7805,NA,NA
SandFall-Win64-Shipping.exe,19588,0x2EC4BC3AB90,DXGI,0,512,1,Hardware: Independent Flip,2899.8191,23.7048,23.4322,0.2726,16.6998,21.2856,21.2771,0.0085,38.1755,10.2643,-10.3419,2899.8191,0.1901,NA,NA
SandFall-Win64-Shipping.exe,19588,0x2EC4BC3AB90,DXGI,0,512,1,Hardware: Independent Flip,2923.5239,0.3807,0.2083,0.1724,14.2806,0.1237,0.1222,0.0015,24.7350,11.3167,13.4405,2923.5239,10.3307,NA,NA
SandFall-Win64-Shipping.exe,19588,0x2EC4BC3AB90,DXGI,0,512,1,Hardware: Independent Flip,2923.9046,20.1425,19.8857,0.2568,14.0236,21.6466,21.6351,0.0115,35.6710,10.7989,-10.9360,2923.9046,0.0008,NA,NA
SandFall-Win64-Shipping.exe,19588,0x2EC4BC3AB90,DXGI,0,512,1,Hardware: Independent Flip,2944.0471,0.3158,0.1604,0.1554,15.5277,0.1232,0.1211,0.0021,26.3274,13.7403,9.3436,2944.0471,10.6765,NA,NA
SandFall-Win64-Shipping.exe,19588,0x2EC4BC3AB90,DXGI,0,512,1,Hardware: Independent Flip,2944.3629,24.1703,23.9093,0.2610,15.3351,24.4158,24.4075,0.0083,39.7519,12.5553,-13.4245,2944.3629,0.0010,NA,NA
SandFall-Win64-Shipping.exe,19588,0x2EC4BC3AB90,DXGI,0,512,1,Hardware: Independent Flip,2968.5332,0.3257,0.1549,0.1708,15.5806,0.1437,0.1437,0.0000,28.1369,9.3912,11.6150,2968.5332,12.4126,NA,NA
SandFall-Win64-Shipping.exe,19588,0x2EC4BC3AB90,DXGI,0,512,1,Hardware: Independent Flip,2968.8589,20.3199,20.0307,0.2892,15.3986,21.8029,21.7618,0.0411,37.2024,11.7944,-9.0655,2968.8589,0.0009,NA,NA
SandFall-Win64-Shipping.exe,19588,0x2EC4BC3AB90,DXGI,0,512,1,Hardware: Independent Flip,2989.1788,0.3825,0.1697,0.2128,16.8816,0.1060,0.1043,0.0017,28.6769,10.5864,8.5255,2989.1788,11.6893,NA,NA
SandFall-Win64-Shipping.exe,19588,0x2EC4BC3AB90,DXGI,0,512,1,Hardware: Independent Flip,2989.5613,21.4777,20.9798,0.4979,16.6051,21.9435,21.9341,0.0094,38.8808,10.6916,-10.2039,2989.5613,0.3322,NA,NA
SandFall-Win64-Shipping.exe,19588,0x2EC4BC3AB90,DXGI,0,512,1,Hardware: Independent Flip,3011.0390,0.4008,0.2377,0.1631,17.0709,0.1337,0.1320,0.0017,28.0947,11.7614,10.7861,3011.0390,10.8901,NA,NA
SandFall-Win64-Shipping.exe,19588,0x2EC4BC3AB90,DXGI,0,512,1,Hardware: Independent Flip,3011.4398,21.2357,20.9845,0.2512,16.8038,22.2433,22.2338,0.0095,39.4553,10.5938,-11.3606,3011.4398,0.4082,NA,NA
SandFall-Win64-Shipping.exe,19588,0x2EC4BC3AB90,DXGI,0,512,1,Hardware: Independent Flip,3032.6755,0.3131,0.1571,0.1560,17.8114,0.1195,0.1178,0.0017,28.8134,11.2693,10.6419,3032.6755,10.8825,NA,NA
SandFall-Win64-Shipping.exe,19588,0x2EC4BC3AB90,DXGI,0,512,1,Hardware: Independent Flip,3032.9886,21.9742,21.7235,0.2507,17.6178,22.1510,22.1419,0.0091,39.7696,11.0407,-10.9562,3032.9886,0.0008,NA,NA
SandFall-Win64-Shipping.exe,19588,0x2EC4BC3AB90,DXGI,0,512,1,Hardware: Independent Flip,3054.9628,0.3384,0.1684,0.1700,17.7946,0.1140,0.1123,0.0017,28.8361,10.8788,10.9335,3054.9628,10.9275,NA,NA
SandFall-Win64-Shipping.exe,19588,0x2EC4BC3AB90,DXGI,0,512,1,Hardware: Independent Flip,3055.3012,23.0144,22.7611,0.2533,17.5702,21.8055,21.7976,0.0079,39.3765,11.1754,-10.5404,3055.3012,0.0008,NA,NA
SandFall-Win64-Shipping.exe,19588,0x2EC4BC3AB90,DXGI,0,512,1,Hardware: Independent Flip,3078.3156,0.3322,0.1633,0.1689,16.3613,0.1024,0.1006,0.0018,27.5375,10.5351,11.8390,3078.3156,11.0738,NA,NA
SandFall-Win64-Shipping.exe,19588,0x2EC4BC3AB90,DXGI,0,512,1,Hardware: Independent Flip,3078.6478,21.5941,21.3258,0.2683,16.1315,21.6075,21.5910,0.0165,37.7404,10.9030,-10.2029,3078.6478,0.0014,NA,NA
SandFall-Win64-Shipping.exe,19588,0x2EC4BC3AB90,DXGI,0,512,1,Hardware: Independent Flip,3100.2419,0.4062,0.2152,0.1910,16.1449,0.1272,0.1249,0.0023,27.0493,10.8473,10.6911,3100.2419,10.7772,NA,NA
SandFall-Win64-Shipping.exe,19588,0x2EC4BC3AB90,DXGI,0,512,1,Hardware: Independent Flip,3100.6481,22.8012,22.5340,0.2672,15.8659,21.5136,21.4992,0.0144,37.4904,10.7209,-10.4411,3100.6481,0.1109,NA,NA
SandFall-Win64-Shipping.exe,19588,0x2EC4BC3AB90,DXGI,0,512,1,Hardware: Independent Flip,3123.4493,0.4087,0.1979,0.2108,14.5783,0.1580,0.1564,0.0016,25.4101,11.3604,12.0803,3123.4493,10.6738,NA,NA
SandFall-Win64-Shipping.exe,19588,0x2EC4BC3AB90,DXGI,0,512,1,Hardware: Independent Flip,3123.8580,21.7264,21.4633,0.2631,14.3276,21.9808,21.9722,0.0086,36.3618,10.9303,-10.9517,3123.8580,0.0534,NA,NA
SandFall-Win64-Shipping.exe,19588,0x2EC4BC3AB90,DXGI,0,512,1,Hardware: Independent Flip,3145.5844,0.3725,0.1986,0.1739,14.5820,0.0984,0.0962,0.0022,25.5657,11.5279,10.7961,3145.5844,10.8853,NA,NA
SandFall-Win64-Shipping.exe,19588,0x2EC4BC3AB90,DXGI,0,512,1,Hardware: Independent Flip,3145.9569,22.7124,22.4207,0.2917,14.3079,22.4129,21.8271,0.5858,36.7211,11.3345,-11.1554,3145.9569,0.0003,NA,NA
SandFall-Win64-Shipping.exe,19588,0x2EC4BC3AB90,DXGI,0,512,1,Hardware: Independent Flip,3168.6693,0.3829,0.2036,0.1793,14.0084,0.1488,0.1465,0.0023,25.3432,10.8865,11.3779,3168.6693,11.1860,NA,NA
SandFall-Win64-Shipping.exe,19588,0x2EC4BC3AB90,DXGI,0,512,1,Hardware: Independent Flip,3169.0522,21.8254,21.5642,0.2612,13.7743,22.0716,21.5482,0.5234,35.8468,11.3531,-10.5036,3169.0522,0.0009,NA,NA
SandFall-Win64-Shipping.exe,19588,0x2EC4BC3AB90,DXGI,0,512,1,Hardware: Independent Flip,3190.8776,0.3916,0.1587,0.2329,14.0205,0.1314,0.1299,0.0015,25.3745,10.3603,10.4723,3190.8776,11.2226,NA,NA
SandFall-Win64-Shipping.exe,19588,0x2EC4BC3AB90,DXGI,0,512,1,Hardware: Independent Flip,3191.2692,21.2524,20.9835,0.2689,13.7603,21.5822,21.5695,0.0127,35.3432,10.8192,-9.9687,3191.2692,0.0007,NA,NA
SandFall-Win64-Shipping.exe,19588,0x2EC4BC3AB90,DXGI,0,512,1,Hardware: Independent Flip,3212.5216,0.3272,0.1669,0.1603,14.0901,0.1835,0.1819,0.0016,24.9100,12.9415,10.4332,3212.5216,10.6364,NA,NA
SandFall-Win64-Shipping.exe,19588,0x2EC4BC3AB90,DXGI,0,512,1,Hardware: Independent Flip,3212.8488,22.3935,22.1158,0.2777,13.9464,23.3595,22.6751,0.6844,37.5243,11.5411,-12.6143,3212.8488,0.2184,NA,NA
SandFall-Win64-Shipping.exe,19588,0x2EC4BC3AB90,DXGI,0,512,1,Hardware: Independent Flip,3235.2423,0.3453,0.1809,0.1644,14.9124,0.1499,0.1472,0.0027,26.6719,10.6957,10.8524,3235.2423,11.6096,NA,NA
SandFall-Win64-Shipping.exe,19588,0x2EC4BC3AB90,DXGI,0,512,1,Hardware: Independent Flip,3235.5876,23.0341,22.7769,0.2572,14.7170,22.3041,21.9556,0.3485,37.0223,11.5016,-10.3504,3235.5876,0.0012,NA,NA
SandFall-Win64-Shipping.exe,19588,0x2EC4BC3AB90,DXGI,0,512,1,Hardware: Independent Flip,3258.6217,0.3986,0.2050,0.1936,13.9870,0.1217,0.1197,0.0020,25.4898,10.4412,11.5325,3258.6217,11.3811,NA,NA
SandFall-Win64-Shipping.exe,19588,0x2EC4BC3AB90,DXGI,0,512,1,Hardware: Independent Flip,3259.0203,20.5765,20.3222,0.2543,13.7101,21.8216,21.8060,0.0156,35.5324,11.0213,-10.0426,3259.0203,0.0007,NA,NA
SandFall-Win64-Shipping.exe,19588,0x2EC4BC3AB90,DXGI,0,512,1,Hardware: Independent Flip,3279.5968,0.3188,0.1627,0.1561,14.9552,0.1332,0.1332,0.0000,25.9772,11.2509,9.5552,3279.5968,10.8888,NA,NA
SandFall-Win64-Shipping.exe,19588,0x2EC4BC3AB90,DXGI,0,512,1,Hardware: Independent Flip,3279.9156,21.3380,21.0765,0.2615,14.7696,21.9004,21.8900,0.0104,36.9093,10.7695,-10.9321,3279.9156,0.2393,NA,NA
SandFall-Win64-Shipping.exe,19588,0x2EC4BC3AB90,DXGI,0,512,1,Hardware: Independent Flip,3301.2536,0.3602,0.1775,0.1827,15.3320,0.1336,0.1315,0.0021,26.3408,10.7740,10.5685,3301.2536,10.8752,NA,NA
SandFall-Win64-Shipping.exe,19588,0x2EC4BC3AB90,DXGI,0,512,1,Hardware: Independent Flip,3301.6138,21.7684,21.5171,0.2513,15.1054,21.6393,21.6280,0.0113,36.7546,10.7142,-10.4138,3301.6138,0.0099,NA,NA
SandFall-Win64-Shipping.exe,19588,0x2EC4BC3AB90,DXGI,0,512,1,Hardware: Independent Flip,3323.3822,0.3677,0.1852,0.1825,14.9763,0.0742,0.0726,0.0016,25.7004,18.8889,11.0542,3323.3822,10.6499,NA,NA
SandFall-Win64-Shipping.exe,19588,0x2EC4BC3AB90,DXGI,0,512,1,Hardware: Independent Flip,3323.7499,24.4508,24.1859,0.2649,14.6828,29.5383,28.5071,1.0312,44.2216,14.7712,-18.5212,3323.7499,0.0005,NA,NA
SandFall-Win64-Shipping.exe,19588,0x2EC4BC3AB90,DXGI,0,512,1,Hardware: Independent Flip,3348.2007,0.3890,0.2147,0.1743,19.7703,0.1206,0.1188,0.0018,34.5420,9.7995,9.6796,3348.2007,14.6511,NA,NA
SandFall-Win64-Shipping.exe,19588,0x2EC4BC3AB90,DXGI,0,512,1,Hardware: Independent Flip,3348.5897,21.6936,21.4463,0.2473,19.5019,24.4495,24.4431,0.0064,43.9525,13.7896,-9.4105,3348.5897,0.0011,NA,NA
SandFall-Win64-Shipping.exe,19588,0x2EC4BC3AB90,DXGI,0,512,1,Hardware: Independent Flip,3370.2833,0.3143,0.1566,0.1577,22.2578,0.1586,0.1586,0.0000,36.0485,7.9553,7.9040,3370.2833,13.6321,NA,NA
SandFall-Win64-Shipping.exe,19588,0x2EC4BC3AB90,DXGI,0,512,1,Hardware: Independent Flip,3370.5976,20.1478,19.9097,0.2381,22.1021,21.5873,21.5790,0.0083,43.6895,10.8823,-7.6410,3370.5976,0.0001,NA,NA
SandFall-Win64-Shipping.exe,19588,0x2EC4BC3AB90,DXGI,0,512,1,Hardware: Independent Flip,3390.7454,0.3470,0.1675,0.1795,23.5416,0.1126,0.1098,0.0028,34.4240,11.3099,9.2655,3390.7454,10.7698,NA,NA
SandFall-Win64-Shipping.exe,19588,0x2EC4BC3AB90,DXGI,0,512,1,Hardware: Independent Flip,3391.0924,25.3044,25.0454,0.2590,23.3072,21.0723,21.0675,0.0048,45.3869,9.5973,-10.9629,3391.0924,1.0074,NA,NA
SandFall-Win64-Shipping.exe,19588,0x2EC4BC3AB90,DXGI,0,512,1,Hardware: Independent Flip,3416.3968,0.3656,0.1682,0.1974,19.0751,0.1377,0.1350,0.0027,29.6798,10.6952,15.7071,3416.3968,10.4670,NA,NA
SandFall-Win64-Shipping.exe,19588,0x2EC4BC3AB90,DXGI,0,512,1,Hardware: Independent Flip,3416.7624,20.7172,20.4494,0.2678,18.8472,21.0013,20.9972,0.0041,40.0094,9.8365,-10.3296,3416.7624,0.1609,NA,NA
SandFall-Win64-Shipping.exe,19588,0x2EC4BC3AB90,DXGI,0,512,1,Hardware: Independent Flip,3437.4796,0.3277,0.1697,0.1580,19.1313,0.1668,0.1644,0.0024,29.1287,10.5617,10.8807,3437.4796,9.8306,NA,NA
SandFall-Win64-Shipping.exe,19588,0x2EC4BC3AB90,DXGI,0,512,1,Hardware: Independent Flip,3437.8073,23.9046,23.6554,0.2492,18.9704,20.3915,20.3811,0.0104,39.3627,10.4320,-10.2340,3437.8073,0.0008,NA,NA
SandFall-Win64-Shipping.exe,19588,0x2EC4BC3AB90,DXGI,0,512,1,Hardware: Independent Flip,3461.7119,0.3240,0.1631,0.1609,15.4573,0.1663,0.1663,0.0000,25.8901,10.7745,13.4726,3461.7119,10.2665,NA,NA
SandFall-Win64-Shipping.exe,19588,0x2EC4BC3AB90,DXGI,0,512,1,Hardware: Independent Flip,3462.0359,23.6535,23.3989,0.2546,15.2996,21.0410,20.9915,0.0495,36.3406,10.9026,-10.4505,3462.0359,NA,NA,NA
SandFall-Win64-Shipping.exe,19588,0x2EC4BC3AB90,DXGI,0,512,1,Hardware: Independent Flip,3485.6894,0.3154,0.1629,0.1525,12.6871,0.1390,0.1374,0.0016,23.5897,9.0191,12.7509,3485.6894,10.7636,NA,NA
SandFall-Win64-Shipping.exe,19588,0x2EC4BC3AB90,DXGI,0,512,1,Hardware: Independent Flip,3486.0048,18.0976,17.8357,0.2619,12.5107,19.7815,19.7748,0.0067,32.2934,10.1305,-8.7037,3486.0048,0.0012,NA,NA
SandFall-Win64-Shipping.exe,19588,0x2EC4BC3AB90,DXGI,0,512,1,Hardware: Independent Flip,3504.1024,0.3099,0.1547,0.1552,14.1946,0.0725,0.0665,0.0060,24.3263,13.1403,7.9671,3504.1024,10.0592,NA,NA
SandFall-Win64-Shipping.exe,19588,0x2EC4BC3AB90,DXGI,0,512,1,Hardware: Independent Flip,3504.4123,24.1068,23.8636,0.2432,13.9572,22.8701,20.4534,2.4167,37.1567,11.1586,-12.8304,3504.4123,0.3294,NA,NA
SandFall-Win64-Shipping.exe,19588,0x2EC4BC3AB90,DXGI,0,512,1,Hardware: Independent Flip,3528.5191,0.3051,0.1538,0.1513,12.7205,0.1046,0.1031,0.0015,24.2085,9.7616,12.9482,3528.5191,11.3834,NA,NA
SandFall-Win64-Shipping.exe,19588,0x2EC4BC3AB90,DXGI,0,512,1,Hardware: Independent Flip,3528.8242,20.9573,20.6705,0.2868,12.5200,21.1442,20.3711,0.7731,33.6650,11.1032,-9.4565,3528.8242,0.0008,NA,NA
SandFall-Win64-Shipping.exe,19588,0x2EC4BC3AB90,DXGI,0,512,1,Hardware: Independent Flip,3549.7815,0.3380,0.1796,0.1584,12.7069,0.1099,0.0998,0.0101,23.8109,11.4369,9.8541,3549.7815,10.9941,NA,NA
SandFall-Win64-Shipping.exe,19588,0x2EC4BC3AB90,DXGI,0,512,1,Hardware: Independent Flip,3550.1195,22.2756,22.0088,0.2668,12.4788,22.4266,20.2332,2.1934,34.9098,11.2548,-11.0989,3550.1195,0.0044,NA,NA
SandFall-Win64-Shipping.exe,19588,0x2EC4BC3AB90,DXGI,0,512,1,Hardware: Independent Flip,3572.3951,0.3157,0.1602,0.1555,12.6298,0.1198,0.1183,0.0015,23.8890,9.4517,11.0208,3572.3951,11.1394,NA,NA
SandFall-Win64-Shipping.exe,19588,0x2EC4BC3AB90,DXGI,0,512,1,Hardware: Independent Flip,3572.7108,20.6231,20.3817,0.2414,12.4339,20.5901,19.8773,0.7128,33.0250,10.3960,-9.1360,3572.7108,0.0010,NA,NA
SandFall-Win64-Shipping.exe,19588,0x2EC4BC3AB90,DXGI,0,512,1,Hardware: Independent Flip,3593.3339,0.3551,0.1923,0.1628,12.4009,0.0801,0.0746,0.0055,22.7979,12.8090,10.2271,3593.3339,10.3169,NA,NA
SandFall-Win64-Shipping.exe,19588,0x2EC4BC3AB90,DXGI,0,512,1,Hardware: Independent Flip,3593.6890,21.9851,21.7418,0.2433,12.1259,22.7392,20.7049,2.0343,35.2518,11.0082,-12.4539,3593.6890,0.3867,NA,NA
SandFall-Win64-Shipping.exe,19588,0x2EC4BC3AB90,DXGI,0,512,1,Hardware: Independent Flip,3615.6741,0.3157,0.1599,0.1558,12.8800,0.1031,0.1014,0.0017,24.2749,8.4082,10.9769,3615.6741,11.2918,NA,NA
SandFall-Win64-Shipping.exe,19588,0x2EC4BC3AB90,DXGI,0,512,1,Hardware: Independent Flip,3615.9898,19.7871,19.5127,0.2744,12.6674,19.6997,19.6905,0.0092,32.3674,10.1881,-8.0925,3615.9898,0.0003,NA,NA
SandFall-Win64-Shipping.exe,19588,0x2EC4BC3AB90,DXGI,0,512,1,Hardware: Independent Flip,3635.7769,0.3168,0.1565,0.1603,12.5800,0.0806,0.0790,0.0016,22.7684,11.1881,9.5990,3635.7769,10.1078,NA,NA
SandFall-Win64-Shipping.exe,19588,0x2EC4BC3AB90,DXGI,0,512,1,Hardware: Independent Flip,3636.0937,20.8481,20.2171,0.6310,12.3438,20.9062,20.2092,0.6970,33.6397,10.0822,-10.8713,3636.0937,0.3897,NA,NA
SandFall-Win64-Shipping.exe,19588,0x2EC4BC3AB90,DXGI,0,512,1,Hardware: Independent Flip,3656.9418,0.5604,0.2842,0.2762,12.4019,0.0975,0.0959,0.0016,22.8738,9.7151,10.7659,3656.9418,10.3744,NA,NA
SandFall-Win64-Shipping.exe,19588,0x2EC4BC3AB90,DXGI,0,512,1,Hardware: Independent Flip,3657.5022,19.2597,18.9762,0.2835,11.9390,20.0886,20.0768,0.0118,32.0285,10.0048,-9.1547,3657.5022,0.0009,NA,NA
SandFall-Win64-Shipping.exe,19588,0x2EC4BC3AB90,DXGI,0,512,1,Hardware: Independent Flip,3676.7619,0.3586,0.1854,0.1732,12.7679,0.0763,0.0747,0.0016,22.7736,10.3539,9.2549,3676.7619,9.9294,NA,NA
SandFall-Win64-Shipping.exe,19588,0x2EC4BC3AB90,DXGI,0,512,1,Hardware: Independent Flip,3677.1205,20.4291,20.1735,0.2556,12.4856,20.2735,19.8426,0.4309,32.7689,10.1346,-9.9953,3677.1205,0.0098,NA,NA
SandFall-Win64-Shipping.exe,19588,0x2EC4BC3AB90,DXGI,0,512,1,Hardware: Independent Flip,3697.5496,0.3104,0.1567,0.1537,12.3300,0.0967,0.0947,0.0020,22.4744,10.7747,10.2945,3697.5496,10.0477,NA,NA
SandFall-Win64-Shipping.exe,19588,0x2EC4BC3AB90,DXGI,0,512,1,Hardware: Independent Flip,3697.8600,19.9086,19.6605,0.2481,12.1163,20.8216,20.4118,0.4098,32.9387,10.5455,-10.4643,3697.8600,0.0008,NA,NA
SandFall-Win64-Shipping.exe,19588,0x2EC4BC3AB90,DXGI,0,512,1,Hardware: Independent Flip,3717.7686,0.4894,0.1735,0.3159,13.0293,0.1873,0.1873,0.0000,23.5756,9.8840,9.3631,3717.7686,10.3590,NA,NA
SandFall-Win64-Shipping.exe,19588,0x2EC4BC3AB90,DXGI,0,512,1,Hardware: Independent Flip,3718.2580,19.6622,19.3594,0.3028,12.7272,20.2422,20.2327,0.0095,32.9702,10.3842,-9.3946,3718.2580,0.0008,NA,NA
SandFall-Win64-Shipping.exe,19588,0x2EC4BC3AB90,DXGI,0,512,1,Hardware: Independent Flip,3737.9202,0.3597,0.1788,0.1809,13.3072,0.1198,0.1177,0.0021,23.6922,9.6018,9.2780,3737.9202,10.2652,NA,NA
SandFall-Win64-Shipping.exe,19588,0x2EC4BC3AB90,DXGI,0,512,1,Hardware: Independent Flip,3738.2799,19.5402,19.2869,0.2533,13.0673,19.8299,19.8191,0.0108,32.9343,9.8730,-9.2421,3738.2799,0.0371,NA,NA
SandFall-Win64-Shipping.exe,19588,0x2EC4BC3AB90,DXGI,0,512,1,Hardware: Independent Flip,3757.8201,0.3018,0.1504,0.1514,13.3570,0.1175,0.1152,0.0023,23.2671,10.5764,9.6672,3757.8201,9.7926,NA,NA
SandFall-Win64-Shipping.exe,19588,0x2EC4BC3AB90,DXGI,0,512,1,Hardware: Independent Flip,3758.1219,19.3628,19.1225,0.2403,13.1727,20.1377,20.1260,0.0117,33.5417,9.8554,-10.2746,3758.1219,0.2313,NA,NA
SandFall-Win64-Shipping.exe,19588,0x2EC4BC3AB90,DXGI,0,512,1,Hardware: Independent Flip,3777.4847,0.3163,0.1481,0.1682,13.9476,0.0911,0.0895,0.0016,24.0343,9.7564,9.5074,3777.4847,9.9956,NA,NA
SandFall-Win64-Shipping.exe,19588,0x2EC4BC3AB90,DXGI,0,512,1,Hardware: Independent Flip,3777.8010,19.7377,19.4249,0.3128,13.7224,19.7515,19.7427,0.0088,33.4744,9.8798,-9.4401,3777.8010,0.0005,NA,NA
SandFall-Win64-Shipping.exe,19588,0x2EC4BC3AB90,DXGI,0,512,1,Hardware: Independent Flip,3797.5387,0.3273,0.1658,0.1615,13.7362,0.1130,0.1113,0.0017,23.6165,10.8567,9.8579,3797.5387,9.7673,NA,NA
SandFall-Win64-Shipping.exe,19588,0x2EC4BC3AB90,DXGI,0,512,1,Hardware: Independent Flip,3797.8660,19.6724,19.4157,0.2567,13.5219,20.6234,20.6139,0.0095,34.1459,10.3353,-10.5294,3797.8660,0.0006,NA,NA
SandFall-Win64-Shipping.exe,19588,0x2EC4BC3AB90,DXGI,0,512,1,Hardware: Independent Flip,3817.5384,0.3406,0.1670,0.1736,14.4729,0.1024,0.1007,0.0017,24.8088,9.4946,9.3371,3817.5384,10.2335,NA,NA
SandFall-Win64-Shipping.exe,19588,0x2EC4BC3AB90,DXGI,0,512,1,Hardware: Independent Flip,3817.8790,19.4805,19.2251,0.2554,14.2347,19.7278,19.7171,0.0107,33.9628,10.1162,-9.1540,3817.8790,0.0003,NA,NA
SandFall-Win64-Shipping.exe,19588,0x2EC4BC3AB90,DXGI,0,512,1,Hardware: Independent Flip,3837.3595,0.4860,0.2800,0.2060,14.4820,0.1170,0.1150,0.0020,24.5985,9.7153,9.3643,3837.3595,9.9995,NA,NA
SandFall-Win64-Shipping.exe,19588,0x2EC4BC3AB90,DXGI,0,512,1,Hardware: Independent Flip,3837.8455,20.3557,20.0714,0.2843,14.1130,19.6339,19.6257,0.0082,33.8278,9.8000,-9.2293,3837.8455,0.0809,NA,NA
SandFall-Win64-Shipping.exe,19588,0x2EC4BC3AB90,DXGI,0,512,1,Hardware: Independent Flip,3858.2012,0.3867,0.2206,0.1661,13.3912,0.1482,0.1482,0.0000,23.2721,10.4290,10.5557,3858.2012,9.7327,NA,NA
SandFall-Win64-Shipping.exe,19588,0x2EC4BC3AB90,DXGI,0,512,1,Hardware: Independent Flip,3858.5879,18.7550,18.4444,0.3106,13.1527,20.0232,20.0141,0.0091,33.3144,9.8876,-10.0423,3858.5879,0.1385,NA,NA
SandFall-Win64-Shipping.exe,19588,0x2EC4BC3AB90,DXGI,0,512,1,Hardware: Independent Flip,3877.3429,0.3461,0.1667,0.1794,14.4209,0.0972,0.0956,0.0016,24.4470,9.9725,8.8674,3877.3429,9.9289,NA,NA
SandFall-Win64-Shipping.exe,19588,0x2EC4BC3AB90,DXGI,0,512,1,Hardware: Independent Flip,3877.6890,20.6850,20.4086,0.2764,14.1720,19.9007,19.8912,0.0095,34.0734,9.9632,-9.6264,3877.6890,0.0007,NA,NA
SandFall-Win64-Shipping.exe,19588,0x2EC4BC3AB90,DXGI,0,512,1,Hardware: Independent Flip,3898.3740,0.3431,0.1691,0.1740,13.3877,0.0896,0.0880,0.0016,23.3516,9.9679,10.7218,3898.3740,9.8743,NA,NA
SandFall-Win64-Shipping.exe,19588,0x2EC4BC3AB90,DXGI,0,512,1,Hardware: Independent Flip,3898.7171,19.8661,19.5715,0.2946,13.1342,19.8415,19.8295,0.0120,32.9764,10.0042,-9.6248,3898.7171,0.0007,NA,NA
SandFall-Win64-Shipping.exe,19588,0x2EC4BC3AB90,DXGI,0,512,1,Hardware: Independent Flip,3918.5832,0.3195,0.1608,0.1587,13.1096,0.0895,0.0880,0.0015,23.1145,9.9155,9.8619,3918.5832,9.9154,NA,NA
SandFall-Win64-Shipping.exe,19588,0x2EC4BC3AB90,DXGI,0,512,1,Hardware: Independent Flip,3918.9027,19.1306,18.8893,0.2413,12.8796,19.8303,19.8182,0.0121,32.7105,10.0134,-9.5960,3918.9027,0.0006,NA,NA
SandFall-Win64-Shipping.exe,19588,0x2EC4BC3AB90,DXGI,0,512,1,Hardware: Independent Flip,3938.0333,0.3367,0.1593,0.1774,13.5793,0.1298,0.1283,0.0015,23.5933,10.0448,9.1172,3938.0333,9.8842,NA,NA
SandFall-Win64-Shipping.exe,19588,0x2EC4BC3AB90,DXGI,0,512,1,Hardware: Independent Flip,3938.3700,20.2680,20.0022,0.2658,13.3724,19.9282,19.9160,0.0122,33.3014,10.0347,-9.7081,3938.3700,0.0008,NA,NA
SandFall-Win64-Shipping.exe,19588,0x2EC4BC3AB90,DXGI,0,512,1,Hardware: Independent Flip,3958.6380,0.3254,0.1619,0.1635,13.0326,0.1646,0.1597,0.0049,23.0681,10.3831,10.2333,3958.6380,9.8709,NA,NA
SandFall-Win64-Shipping.exe,19588,0x2EC4BC3AB90,DXGI,0,512,1,Hardware: Independent Flip,3958.9634,19.7995,19.5306,0.2689,12.8718,20.2535,20.2431,0.0104,33.1258,10.1903,-10.0577,3958.9634,0.0005,NA,NA
SandFall-Win64-Shipping.exe,19588,0x2EC4BC3AB90,DXGI,0,512,1,Hardware: Independent Flip,3978.7629,0.3250,0.1584,0.1666,13.3258,0.0916,0.0900,0.0016,23.5166,10.2321,9.6092,3978.7629,10.0992,NA,NA
SandFall-Win64-Shipping.exe,19588,0x2EC4BC3AB90,DXGI,0,512,1,Hardware: Independent Flip,3979.0879,20.2480,19.9992,0.2488,13.0924,20.3305,20.3237,0.0068,33.4237,10.3402,-9.9071,3979.0879,0.0008,NA,NA
SandFall-Win64-Shipping.exe,19588,0x2EC4BC3AB90,DXGI,0,512,1,Hardware: Independent Flip,3999.3359,0.3291,0.1712,0.1579,13.1749,0.1288,0.1267,0.0021,23.5159,10.5480,9.9078,3999.3359,10.2122,NA,NA
SandFall-Win64-Shipping.exe,19588,0x2EC4BC3AB90,DXGI,0,512,1,Hardware: Independent Flip,3999.6650,19.8390,19.5771,0.2619,12.9746,20.7593,20.7484,0.0109,33.7348,10.5231,-10.2189,3999.6650,0.0009,NA,NA
SandFall-Win64-Shipping.exe,19588,0x2EC4BC3AB90,DXGI,0,512,1,Hardware: Independent Flip,4019.5040,0.3136,0.1593,0.1543,13.8949,0.1013,0.0962,0.0051,24.4189,9.6261,9.3159,4019.5040,10.4227,NA,NA
SandFall-Win64-Shipping.exe,19588,0x2EC4BC3AB90,DXGI,0,512,1,Hardware: Independent Flip,4019.8176,19.5638,19.2008,0.3630,13.6826,20.0477,20.0402,0.0075,33.7314,10.1858,-9.3125,4019.8176,0.0011,NA,NA
SandFall-Win64-Shipping.exe,19588,0x2EC4BC3AB90,DXGI,0,512,1,Hardware: Independent Flip,4039.3814,0.3275,0.1732,0.1543,14.1665,0.1424,0.1424,0.0000,24.3534,10.2197,9.3780,4039.3814,10.0445,NA,NA
SandFall-Win64-Shipping.exe,19588,0x2EC4BC3AB90,DXGI,0,512,1,Hardware: Independent Flip,4039.7089,19.5287,19.2700,0.2587,13.9814,20.1234,20.1141,0.0093,34.2456,10.0035,-9.8922,4039.7089,0.1408,NA,NA
SandFall-Win64-Shipping.exe,19588,0x2EC4BC3AB90,DXGI,0,512,1,Hardware: Independent Flip,4059.2376,0.3822,0.1823,0.1999,14.5761,0.1473,0.1451,0.0022,24.7204,9.7246,9.5252,4059.2376,9.9970,NA,NA
SandFall-Win64-Shipping.exe,19588,0x2EC4BC3AB90,DXGI,0,512,1,Hardware: Independent Flip,4059.6198,19.9364,19.6507,0.2857,14.3412,19.6926,19.6842,0.0084,34.0628,9.8156,-9.3424,4059.6198,0.0290,NA,NA
SandFall-Win64-Shipping.exe,19588,0x2EC4BC3AB90,DXGI,0,512,1,Hardware: Independent Flip,4079.5562,0.3518,0.1757,0.1761,14.0974,0.1562,0.1521,0.0041,23.9420,10.2108,10.1208,4079.5562,9.6884,NA,NA
SandFall-Win64-Shipping.exe,19588,0x2EC4BC3AB90,DXGI,0,512,1,Hardware: Independent Flip,4079.9080,22.9295,22.6550,0.2745,13.9018,19.8259,19.8143,0.0116,33.8010,9.8520,-9.8590,4079.9080,0.0733,NA,NA
SandFall-Win64-Shipping.exe,19588,0x2EC4BC3AB90,DXGI,0,512,1,Hardware: Independent Flip,4102.8375,0.3379,0.1656,0.1723,10.7982,0.1546,0.1521,0.0025,20.7235,10.3802,13.0775,4102.8375,9.7707,NA,NA
SandFall-Win64-Shipping.exe,19588,0x2EC4BC3AB90,DXGI,0,512,1,Hardware: Independent Flip,4103.1754,19.3088,19.0563,0.2525,10.6149,20.1504,20.1380,0.0124,30.7658,10.1732,-10.0423,4103.1754,0.0005,NA,NA
SandFall-Win64-Shipping.exe,19588,0x2EC4BC3AB90,DXGI,0,512,1,Hardware: Independent Flip,4122.4842,0.3546,0.1656,0.1890,11.4565,0.1357,0.1339,0.0018,21.6302,10.1072,9.1356,4122.4842,10.0380,NA,NA
SandFall-Win64-Shipping.exe,19588,0x2EC4BC3AB90,DXGI,0,512,1,Hardware: Independent Flip,4122.8388,18.3710,18.1262,0.2448,11.2376,20.1439,20.1348,0.0091,31.3828,10.3240,-9.7526,4122.8388,0.0013,NA,NA
SandFall-Win64-Shipping.exe,19588,0x2EC4BC3AB90,DXGI,0,512,1,Hardware: Independent Flip,4141.2098,0.3081,0.1530,0.1551,13.0105,0.1454,0.1438,0.0016,23.3358,9.5984,8.0470,4141.2098,10.1799,NA,NA
SandFall-Win64-Shipping.exe,19588,0x2EC4BC3AB90,DXGI,0,512,1,Hardware: Independent Flip,4141.5179,23.0764,22.7300,0.3464,12.8478,19.7779,19.7668,0.0111,32.6261,10.0480,-9.2903,4141.5179,0.0004,NA,NA
SandFall-Win64-Shipping.exe,19588,0x2EC4BC3AB90,DXGI,0,512,1,Hardware: Independent Flip,4164.5943,0.3869,0.2032,0.1837,9.5493,0.1260,0.1243,0.0017,19.5977,10.2319,13.0284,4164.5943,9.9224,NA,NA
SandFall-Win64-Shipping.exe,19588,0x2EC4BC3AB90,DXGI,0,512,1,Hardware: Independent Flip,4164.9812,15.9912,15.7496,0.2416,9.2884,20.0434,20.0342,0.0092,29.4427,9.9651,-9.8450,4164.9812,0.1109,NA,NA
SandFall-Win64-Shipping.exe,19588,0x2EC4BC3AB90,DXGI,0,512,1,Hardware: Independent Flip,4180.9724,0.3518,0.1896,0.1622,13.3406,0.1604,0.1604,0.0000,23.4166,10.0241,6.0261,4180.9724,9.9156,NA,NA
SandFall-Win64-Shipping.exe,19588,0x2EC4BC3AB90,DXGI,0,512,1,Hardware: Independent Flip,4181.3242,21.4428,21.1852,0.2576,13.1492,19.9392,19.9299,0.0093,33.0889,9.9652,-9.6723,4181.3242,0.0005,NA,NA
SandFall-Win64-Shipping.exe,19588,0x2EC4BC3AB90,DXGI,0,512,1,Hardware: Independent Flip,4202.7670,0.3372,0.1731,0.1641,11.6456,0.1001,0.0986,0.0015,21.6113,10.6175,11.4776,4202.7670,9.8656,NA,NA
SandFall-Win64-Shipping.exe,19588,0x2EC4BC3AB90,DXGI,0,512,1,Hardware: Independent Flip,4203.1042,17.7717,17.4958,0.2759,11.4085,20.4822,20.4753,0.0069,31.8916,10.3335,-10.2803,4203.1042,0.0009,NA,NA
SandFall-Win64-Shipping.exe,19588,0x2EC4BC3AB90,DXGI,0,512,1,Hardware: Independent Flip,4220.8759,0.3867,0.2209,0.1658,14.1190,0.1287,0.1270,0.0017,24.4534,9.7181,7.4382,4220.8759,10.2057,NA,NA
SandFall-Win64-Shipping.exe,19588,0x2EC4BC3AB90,DXGI,0,512,1,Hardware: Independent Flip,4221.2626,20.0424,19.7844,0.2580,13.8610,19.9232,19.9145,0.0087,33.7848,10.1346,-9.3314,4221.2626,0.0006,NA,NA
SandFall-Win64-Shipping.exe,19588,0x2EC4BC3AB90,DXGI,0,512,1,Hardware: Independent Flip,4241.3050,0.3939,0.1873,0.2066,13.7418,0.0897,0.0880,0.0017,23.8770,9.9575,9.9078,4241.3050,10.0455,NA,NA
SandFall-Win64-Shipping.exe,19588,0x2EC4BC3AB90,DXGI,0,512,1,Hardware: Independent Flip,4241.6989,19.6907,19.4424,0.2483,13.4376,19.9552,19.9440,0.0112,33.4406,9.9939,-9.5636,4241.6989,0.0478,NA,NA
SandFall-Win64-Shipping.exe,19588,0x2EC4BC3AB90,DXGI,0,512,1,Hardware: Independent Flip,4261.3896,0.3134,0.1585,0.1549,13.7021,0.1405,0.1388,0.0017,23.7438,9.9582,9.6968,4261.3896,9.9012,NA,NA
SandFall-Win64-Shipping.exe,19588,0x2EC4BC3AB90,DXGI,0,512,1,Hardware: Independent Flip,4261.7030,19.5696,19.3192,0.2504,13.5292,19.7870,19.7737,0.0133,33.3886,9.8410,-9.6448,4261.7030,0.0724,NA,NA
SandFall-Win64-Shipping.exe,19588,0x2EC4BC3AB90,DXGI,0,512,1,Hardware: Independent Flip,4281.2726,0.3133,0.1593,0.1540,13.7466,0.1191,0.1191,0.0000,23.6600,10.1862,9.7286,4281.2726,9.7943,NA,NA
SandFall-Win64-Shipping.exe,19588,0x2EC4BC3AB90,DXGI,0,512,1,Hardware: Independent Flip,4281.5859,20.4429,20.1834,0.2595,13.5524,19.9423,19.9339,0.0084,33.5329,9.9572,-9.8729,4281.5859,0.0382,NA,NA
SandFall-Win64-Shipping.exe,19588,0x2EC4BC3AB90,DXGI,0,512,1,Hardware: Independent Flip,4302.0288,0.7022,0.1689,0.5333,13.0518,0.1471,0.1453,0.0018,23.0472,10.1068,10.4857,4302.0288,9.8483,NA,NA
SandFall-Win64-Shipping.exe,19588,0x2EC4BC3AB90,DXGI,0,512,1,Hardware: Independent Flip,4302.7310,18.9018,18.6564,0.2454,12.4967,19.9543,19.9418,0.0125,32.4518,10.0920,-9.4046,4302.7310,0.0008,NA,NA
SandFall-Win64-Shipping.exe,19588,0x2EC4BC3AB90,DXGI,0,512,1,Hardware: Independent Flip,4321.6328,0.3521,0.1583,0.1938,13.5492,0.1984,0.1984,0.0000,23.6420,10.1393,8.8098,4321.6328,9.8944,NA,NA
SandFall-Win64-Shipping.exe,19588,0x2EC4BC3AB90,DXGI,0,512,1,Hardware: Independent Flip,4321.9849,20.0223,19.7426,0.2797,13.3955,20.0332,20.0185,0.0147,33.4292,10.2019,-9.7872,4321.9849,0.0005,NA,NA
SandFall-Win64-Shipping.exe,19588,0x2EC4BC3AB90,DXGI,0,512,1,Hardware: Independent Flip,4342.0072,0.3277,0.1583,0.1694,13.4064,0.1350,0.1329,0.0021,23.6088,10.1448,9.8204,4342.0072,10.0674,NA,NA
SandFall-Win64-Shipping.exe,19588,0x2EC4BC3AB90,DXGI,0,512,1,Hardware: Independent Flip,4342.3349,20.3705,20.0951,0.2754,13.2137,20.2113,20.2026,0.0087,33.4259,10.2140,-9.8171,4342.3349,0.0009,NA,NA
SandFall-Win64-Shipping.exe,19588,0x2EC4BC3AB90,DXGI,0,512,1,Hardware: Independent Flip,4362.7054,0.3167,0.1583,0.1584,13.0545,0.0856,0.0840,0.0016,23.2694,10.1215,10.1565,4362.7054,10.1293,NA,NA
SandFall-Win64-Shipping.exe,19588,0x2EC4BC3AB90,DXGI,0,512,1,Hardware: Independent Flip,4363.0221,20.5469,20.3021,0.2448,12.8234,20.2498,19.8923,0.3575,33.0742,10.2000,-9.8048,4363.0221,0.0010,NA,NA
SandFall-Win64-Shipping.exe,19588,0x2EC4BC3AB90,DXGI,0,512,1,Hardware: Independent Flip,4383.5690,0.3151,0.1584,0.1567,12.5263,0.1237,0.1218,0.0019,22.7273,9.8966,10.3469,4383.5690,10.0773,NA,NA
SandFall-Win64-Shipping.exe,19588,0x2EC4BC3AB90,DXGI,0,512,1,Hardware: Independent Flip,4383.8841,18.5042,18.2527,0.2515,12.3349,19.9732,19.9646,0.0086,32.3088,10.0108,-9.5815,4383.8841,0.0007,NA,NA
SandFall-Win64-Shipping.exe,19588,0x2EC4BC3AB90,DXGI,0,512,1,Hardware: Independent Flip,4402.3883,0.3309,0.1593,0.1716,13.8039,0.0961,0.0945,0.0016,23.8154,10.9153,8.4934,4402.3883,9.9154,NA,NA
SandFall-Win64-Shipping.exe,19588,0x2EC4BC3AB90,DXGI,0,512,1,Hardware: Independent Flip,4402.7192,19.7574,19.4997,0.2577,13.5691,20.7749,20.7673,0.0076,34.3998,10.3583,-10.5844,4402.7192,0.0558,NA,NA
SandFall-Win64-Shipping.exe,19588,0x2EC4BC3AB90,DXGI,0,512,1,Hardware: Independent Flip,4422.4766,0.3129,0.1544,0.1585,14.5866,0.1488,0.1465,0.0023,25.0007,9.9921,9.3991,4422.4766,10.2653,NA,NA
SandFall-Win64-Shipping.exe,19588,0x2EC4BC3AB90,DXGI,0,512,1,Hardware: Independent Flip,4422.7895,21.2390,20.9458,0.2932,14.4225,20.2567,20.2488,0.0079,34.6799,10.3355,-9.6792,4422.7895,0.0007,NA,NA
SandFall-Win64-Shipping.exe,19588,0x2EC4BC3AB90,DXGI,0,512,1,Hardware: Independent Flip,4444.0285,0.3109,0.1563,0.1546,13.4402,0.0981,0.0966,0.0015,23.7764,9.7641,10.9035,4444.0285,10.2381,NA,NA
SandFall-Win64-Shipping.exe,19588,0x2EC4BC3AB90,DXGI,0,512,1,Hardware: Independent Flip,4444.3394,19.2254,18.9341,0.2913,13.2274,20.0012,19.9918,0.0094,33.2296,9.9899,-9.4532,4444.3394,0.0010,NA,NA
SandFall-Win64-Shipping.exe,19588,0x2EC4BC3AB90,DXGI,0,512,1,Hardware: Independent Flip,4463.5648,0.3237,0.1629,0.1608,14.0032,0.0948,0.0929,0.0019,23.9941,10.6023,9.2355,4463.5648,9.8961,NA,NA
SandFall-Win64-Shipping.exe,19588,0x2EC4BC3AB90,DXGI,0,512,1,Hardware: Independent Flip,4463.8885,22.7069,22.4515,0.2554,13.7743,20.3607,20.3558,0.0049,34.2727,10.0527,-10.2786,4463.8885,0.1377,NA,NA
SandFall-Win64-Shipping.exe,19588,0x2EC4BC3AB90,DXGI,0,512,1,Hardware: Independent Flip,4486.5954,0.4818,0.2192,0.2626,11.4281,0.3445,0.3386,0.0059,21.6185,9.9429,12.6542,4486.5954,9.8459,NA,NA
SandFall-Win64-Shipping.exe,19588,0x2EC4BC3AB90,DXGI,0,512,1,Hardware: Independent Flip,4487.0772,17.1230,16.8607,0.2623,11.2908,19.7879,19.7769,0.0110,31.0796,10.0983,-9.4611,4487.0772,0.0009,NA,NA
SandFall-Win64-Shipping.exe,19588,0x2EC4BC3AB90,DXGI,0,512,1,Hardware: Independent Flip,4504.2002,0.3412,0.1879,0.1533,13.9557,0.1350,0.1350,0.0000,24.0549,10.1609,7.0247,4504.2002,9.9642,NA,NA
SandFall-Win64-Shipping.exe,19588,0x2EC4BC3AB90,DXGI,0,512,1,Hardware: Independent Flip,4504.5414,22.9413,22.6805,0.2608,13.7495,20.1243,20.1171,0.0072,33.8746,10.1519,-9.8197,4504.5414,0.0008,NA,NA
SandFall-Win64-Shipping.exe,19588,0x2EC4BC3AB90,DXGI,0,512,1,Hardware: Independent Flip,4527.4827,0.3277,0.1626,0.1651,10.9325,0.1397,0.1381,0.0016,21.0852,10.0428,12.7894,4527.4827,10.0130,NA,NA
SandFall-Win64-Shipping.exe,19588,0x2EC4BC3AB90,DXGI,0,512,1,Hardware: Independent Flip,4527.8104,16.1816,15.9406,0.2410,10.7445,20.0547,20.0468,0.0079,30.8003,10.0807,-9.7151,4527.8104,0.0011,NA,NA
SandFall-Win64-Shipping.exe,19588,0x2EC4BC3AB90,DXGI,0,512,1,Hardware: Independent Flip,4543.9920,0.3139,0.1589,0.1550,14.6176,0.0864,0.0848,0.0016,24.6994,9.9775,6.1009,4543.9920,9.9954,NA,NA
SandFall-Win64-Shipping.exe,19588,0x2EC4BC3AB90,DXGI,0,512,1,Hardware: Independent Flip,4544.3059,23.0743,22.8242,0.2501,14.3901,19.9722,19.9654,0.0068,34.3630,9.9861,-9.6636,4544.3059,0.0007,NA,NA
SandFall-Win64-Shipping.exe,19588,0x2EC4BC3AB90,DXGI,0,512,1,Hardware: Independent Flip,4567.3802,0.3067,0.1561,0.1506,11.2880,0.0891,0.0874,0.0017,21.2748,9.7724,13.0882,4567.3802,9.8977,NA,NA
SandFall-Win64-Shipping.exe,19588,0x2EC4BC3AB90,DXGI,0,512,1,Hardware: Independent Flip,4567.6869,17.2190,16.9790,0.2400,11.0704,19.6472,19.6389,0.0083,30.7405,9.8590,-9.4657,4567.6869,0.0229,NA,NA
SandFall-Win64-Shipping.exe,19588,0x2EC4BC3AB90,DXGI,0,512,1,Hardware: Independent Flip,4584.9059,0.3128,0.1561,0.1567,13.4986,0.1355,0.1340,0.0015,23.3805,10.0227,7.3600,4584.9059,9.7464,NA,NA
SandFall-Win64-Shipping.exe,19588,0x2EC4BC3AB90,DXGI,0,512,1,Hardware: Independent Flip,4585.2187,20.0831,19.8344,0.2487,13.3213,19.6966,19.6817,0.0149,33.0904,9.8247,-9.7099,4585.2187,0.0725,NA,NA
SandFall-Win64-Shipping.exe,19588,0x2EC4BC3AB90,DXGI,0,512,1,Hardware: Independent Flip,4605.3018,0.3056,0.1527,0.1529,12.9348,0.1345,0.1328,0.0017,22.8320,10.7240,10.2584,4605.3018,9.7627,NA,NA
SandFall-Win64-Shipping.exe,19588,0x2EC4BC3AB90,DXGI,0,512,1,Hardware: Independent Flip,4605.6074,20.0676,19.7817,0.2859,12.7637,20.4854,20.4779,0.0075,33.2504,10.2405,-10.4184,4605.6074,0.0013,NA,NA
SandFall-Win64-Shipping.exe,19588,0x2EC4BC3AB90,DXGI,0,512,1,Hardware: Independent Flip,4625.6750,0.3396,0.1698,0.1698,13.1815,0.1077,0.1061,0.0016,23.4233,9.8047,9.8271,4625.6750,10.1341,NA,NA
SandFall-Win64-Shipping.exe,19588,0x2EC4BC3AB90,DXGI,0,512,1,Hardware: Independent Flip,4626.0146,19.2703,19.0233,0.2470,12.9496,19.9380,19.9263,0.0117,32.8884,10.2674,-9.4651,4626.0146,0.0008,NA,NA
SandFall-Win64-Shipping.exe,19588,0x2EC4BC3AB90,DXGI,0,512,1,Hardware: Independent Flip,4645.2849,0.3092,0.1515,0.1577,13.6173,0.2168,0.2150,0.0018,23.8855,9.9502,9.0029,4645.2849,10.0514,NA,NA
SandFall-Win64-Shipping.exe,19588,0x2EC4BC3AB90,DXGI,0,512,1,Hardware: Independent Flip,4645.5941,20.0662,19.8174,0.2488,13.5249,20.0010,19.9910,0.0100,33.5265,10.1306,-9.6410,4645.5941,0.0006,NA,NA
SandFall-Win64-Shipping.exe,19588,0x2EC4BC3AB90,DXGI,0,512,1,Hardware: Independent Flip,4665.6603,0.3588,0.2002,0.1586,13.4597,0.1264,0.1247,0.0017,23.5909,10.3890,9.9356,4665.6603,10.0048,NA,NA
SandFall-Win64-Shipping.exe,19588,0x2EC4BC3AB90,DXGI,0,512,1,Hardware: Independent Flip,4666.0191,19.6299,19.3746,0.2553,13.2273,20.3485,20.3402,0.0083,33.6211,10.1873,-10.0302,4666.0191,0.0453,NA,NA
SandFall-Win64-Shipping.exe,19588,0x2EC4BC3AB90,DXGI,0,512,1,Hardware: Independent Flip,4685.6490,0.3415,0.1550,0.1865,13.9459,0.1524,0.1524,0.0000,24.1785,10.1691,9.4426,4685.6490,10.0802,NA,NA
SandFall-Win64-Shipping.exe,19588,0x2EC4BC3AB90,DXGI,0,512,1,Hardware: Independent Flip,4685.9905,20.3806,20.0607,0.3199,13.7568,20.2486,20.2403,0.0083,34.0061,10.2204,-9.8276,4685.9905,0.0007,NA,NA
SandFall-Win64-Shipping.exe,19588,0x2EC4BC3AB90,DXGI,0,512,1,Hardware: Independent Flip,4706.3711,0.4431,0.2622,0.1809,13.6248,0.1250,0.1234,0.0016,23.8459,10.1183,10.1602,4706.3711,10.0961,NA,NA
SandFall-Win64-Shipping.exe,19588,0x2EC4BC3AB90,DXGI,0,512,1,Hardware: Independent Flip,4706.8142,20.3124,20.0135,0.2989,13.3067,20.2134,20.2045,0.0089,33.5211,10.2082,-9.6752,4706.8142,0.0010,NA,NA
SandFall-Win64-Shipping.exe,19588,0x2EC4BC3AB90,DXGI,0,512,1,Hardware: Independent Flip,4727.1266,0.3208,0.1624,0.1584,13.2077,0.1304,0.1304,0.0000,23.4169,10.0788,10.1042,4727.1266,10.0788,NA,NA
SandFall-Win64-Shipping.exe,19588,0x2EC4BC3AB90,DXGI,0,512,1,Hardware: Independent Flip,4727.4474,18.9653,18.6443,0.3210,13.0173,20.1567,20.1459,0.0108,33.1749,10.0781,-9.7580,4727.4474,0.0009,NA,NA
SandFall-Win64-Shipping.exe,19588,0x2EC4BC3AB90,DXGI,0,512,1,Hardware: Independent Flip,4746.4127,0.3591,0.1771,0.1820,14.2087,0.0880,0.0864,0.0016,24.2877,9.8547,8.8872,4746.4127,9.9910,NA,NA
SandFall-Win64-Shipping.exe,19588,0x2EC4BC3AB90,DXGI,0,512,1,Hardware: Independent Flip,4746.7718,21.7737,21.4887,0.2850,13.9376,19.8303,19.8206,0.0097,33.7833,9.9615,-9.4956,4746.7718,0.0154,NA,NA
SandFall-Win64-Shipping.exe,19588,0x2EC4BC3AB90,DXGI,0,512,1,Hardware: Independent Flip,4768.5455,0.3114,0.1568,0.1546,11.9942,0.1295,0.1295,0.0000,21.9711,10.1829,11.8122,4768.5455,9.8474,NA,NA
SandFall-Win64-Shipping.exe,19588,0x2EC4BC3AB90,DXGI,0,512,1,Hardware: Independent Flip,4768.8569,17.8935,17.6359,0.2576,11.8123,19.9663,19.9524,0.0139,31.8426,9.9718,-9.8715,4768.8569,0.0640,NA,NA
SandFall-Win64-Shipping.exe,19588,0x2EC4BC3AB90,DXGI,0,512,1,Hardware: Independent Flip,4786.7504,0.3130,0.1582,0.1548,13.8851,0.1357,0.1334,0.0023,23.9209,10.6502,7.9217,4786.7504,9.9001,NA,NA
SandFall-Win64-Shipping.exe,19588,0x2EC4BC3AB90,DXGI,0,512,1,Hardware: Independent Flip,4787.0634,20.8727,20.6298,0.2429,13.7078,20.5494,20.5404,0.0090,34.2581,10.3381,-10.3372,4787.0634,0.0009,NA,NA
SandFall-Win64-Shipping.exe,19588,0x2EC4BC3AB90,DXGI,0,512,1,Hardware: Independent Flip,4807.9361,0.3019,0.1512,0.1507,13.3845,0.2290,0.2269,0.0021,23.7235,10.3675,10.5346,4807.9361,10.1100,NA,NA
SandFall-Win64-Shipping.exe,19588,0x2EC4BC3AB90,DXGI,0,512,1,Hardware: Independent Flip,4808.2380,19.4225,19.1373,0.2852,13.3116,20.4768,20.4675,0.0093,33.7891,10.5547,-10.0656,4808.2380,0.0007,NA,NA
SandFall-Win64-Shipping.exe,19588,0x2EC4BC3AB90,DXGI,0,512,1,Hardware: Independent Flip,4827.6605,0.3884,0.1973,0.1911,14.3659,0.2034,0.2034,0.0000,24.9213,9.6186,8.8678,4827.6605,10.3520,NA,NA
SandFall-Win64-Shipping.exe,19588,0x2EC4BC3AB90,DXGI,0,512,1,Hardware: Independent Flip,4828.0489,20.1698,19.8893,0.2805,14.1809,19.9699,19.9573,0.0126,34.1515,10.2121,-9.2302,4828.0489,0.0007,NA,NA
SandFall-Win64-Shipping.exe,19588,0x2EC4BC3AB90,DXGI,0,512,1,Hardware: Independent Flip,4848.2187,0.3416,0.1694,0.1722,13.9810,0.1301,0.1301,0.0000,24.1938,9.9454,9.9577,4848.2187,10.0827,NA,NA
SandFall-Win64-Shipping.exe,19588,0x2EC4BC3AB90,DXGI,0,512,1,Hardware: Independent Flip,4848.5603,19.9748,19.7255,0.2493,13.7695,19.8789,19.8704,0.0085,33.7976,9.8699,-9.6038,4848.5603,0.1492,NA,NA
SandFall-Win64-Shipping.exe,19588,0x2EC4BC3AB90,DXGI,0,512,1,Hardware: Independent Flip,4868.5351,0.3133,0.1578,0.1555,13.6736,0.1634,0.1616,0.0018,23.6927,10.2682,10.1049,4868.5351,9.8557,NA,NA
SandFall-Win64-Shipping.exe,19588,0x2EC4BC3AB90,DXGI,0,512,1,Hardware: Independent Flip,4868.8484,20.0610,19.8167,0.2443,13.5237,20.0128,20.0051,0.0077,33.6476,9.8951,-9.9549,4868.8484,0.1111,NA,NA
SandFall-Win64-Shipping.exe,19588,0x2EC4BC3AB90,DXGI,0,512,1,Hardware: Independent Flip,4888.9094,0.3798,0.2145,0.1653,13.4755,0.1534,0.1509,0.0025,23.4817,10.2279,10.1659,4888.9094,9.8528,NA,NA
SandFall-Win64-Shipping.exe,19588,0x2EC4BC3AB90,DXGI,0,512,1,Hardware: Independent Flip,4889.2892,19.9581,19.6728,0.2853,13.2491,20.0797,20.0650,0.0147,33.3298,10.0901,-9.8481,4889.2892,0.0010,NA,NA
SandFall-Win64-Shipping.exe,19588,0x2EC4BC3AB90,DXGI,0,512,1,Hardware: Independent Flip,4909.2473,0.3274,0.1627,0.1647,13.3707,0.0921,0.0905,0.0016,23.4618,10.0935,9.8680,4909.2473,9.9990,NA,NA
SandFall-Win64-Shipping.exe,19588,0x2EC4BC3AB90,DXGI,0,512,1,Hardware: Independent Flip,4909.5747,19.9611,19.6865,0.2746,13.1354,20.0919,20.0780,0.0139,33.2279,10.1520,-9.7661,4909.5747,0.0006,NA,NA
SandFall-Win64-Shipping.exe,19588,0x2EC4BC3AB90,DXGI,0,512,1,Hardware: Independent Flip,4929.5358,0.3423,0.1756,0.1667,13.2662,0.0887,0.0863,0.0024,23.4188,9.5129,9.8091,4929.5358,10.0639,NA,NA
SandFall-Win64-Shipping.exe,19588,0x2EC4BC3AB90,DXGI,0,512,1,Hardware: Independent Flip,4929.8781,22.9048,22.6341,0.2707,13.0126,19.5755,19.3829,0.1926,32.5894,9.9196,-9.1706,4929.8781,0.0013,NA,NA
SandFall-Win64-Shipping.exe,19588,0x2EC4BC3AB90,DXGI,0,512,1,Hardware: Independent Flip,4952.7829,0.3798,0.1888,0.1910,9.6833,0.1892,0.1892,0.0000,19.6042,10.4413,12.9852,4952.7829,9.7317,NA,NA
SandFall-Win64-Shipping.exe,19588,0x2EC4BC3AB90,DXGI,0,512,1,Hardware: Independent Flip,4953.1627,16.6941,16.4392,0.2549,9.4927,20.0567,20.0435,0.0132,29.6657,9.9201,-10.0615,4953.1627,0.1163,NA,NA
SandFall-Win64-Shipping.exe,19588,0x2EC4BC3AB90,DXGI,0,512,1,Hardware: Independent Flip,4969.8568,0.3001,0.1526,0.1475,12.8553,0.1563,0.1543,0.0020,22.8917,11.0112,6.7740,4969.8568,9.8801,NA,NA
SandFall-Win64-Shipping.exe,19588,0x2EC4BC3AB90,DXGI,0,512,1,Hardware: Independent Flip,4970.1569,22.8817,22.5798,0.3019,12.7115,20.8902,20.2953,0.5949,33.6028,10.5671,-10.7111,4970.1569,0.0011,NA,NA
SandFall-Win64-Shipping.exe,19588,0x2EC4BC3AB90,DXGI,0,512,1,Hardware: Independent Flip,4993.0386,0.3256,0.1653,0.1603,10.7200,0.1880,0.1880,0.0000,21.2882,9.7395,12.3146,4993.0386,10.3802,NA,NA
SandFall-Win64-Shipping.exe,19588,0x2EC4BC3AB90,DXGI,0,512,1,Hardware: Independent Flip,4993.3642,19.6374,19.3924,0.2450,10.5824,20.1189,19.9109,0.2080,30.7021,10.4703,-9.4139,4993.3642,0.0008,NA,NA
SandFall-Win64-Shipping.exe,19588,0x2EC4BC3AB90,DXGI,0,512,1,Hardware: Independent Flip,5013.0016,0.3081,0.1548,0.1533,11.0639,0.1292,0.1292,0.0000,21.5350,10.2999,9.1671,5013.0016,10.3419,NA,NA
SandFall-Win64-Shipping.exe,19588,0x2EC4BC3AB90,DXGI,0,512,1,Hardware: Independent Flip,5013.3097,16.9776,16.7390,0.2386,10.8850,20.6154,20.6058,0.0096,31.5268,10.3403,-9.9918,5013.3097,0.0264,NA,NA
SandFall-Win64-Shipping.exe,19588,0x2EC4BC3AB90,DXGI,0,512,1,Hardware: Independent Flip,5030.2873,0.3159,0.1667,0.1492,14.5228,0.1341,0.1341,0.0000,24.8895,10.2988,6.6373,5030.2873,10.2326,NA,NA
SandFall-Win64-Shipping.exe,19588,0x2EC4BC3AB90,DXGI,0,512,1,Hardware: Independent Flip,5030.6032,21.5146,21.2602,0.2544,14.3410,20.4807,20.4737,0.0070,34.8724,10.2361,-9.9829,5030.6032,0.0507,NA,NA
SandFall-Win64-Shipping.exe,19588,0x2EC4BC3AB90,DXGI,0,512,1,Hardware: Independent Flip,5052.1178,0.3324,0.1743,0.1581,13.3071,0.1122,0.1074,0.0048,23.5939,9.9778,11.2785,5052.1178,10.1746,NA,NA
SandFall-Win64-Shipping.exe,19588,0x2EC4BC3AB90,DXGI,0,512,1,Hardware: Independent Flip,5052.4502,18.4131,18.1694,0.2437,13.0869,20.1238,20.1136,0.0102,33.2393,10.0040,-9.6454,5052.4502,0.0286,NA,NA
SandFall-Win64-Shipping.exe,19588,0x2EC4BC3AB90,DXGI,0,512,1,Hardware: Independent Flip,5070.8633,0.6349,0.1867,0.4482,14.7976,0.1122,0.1106,0.0016,24.8302,10.3700,8.4091,5070.8633,9.9204,NA,NA
SandFall-Win64-Shipping.exe,19588,0x2EC4BC3AB90,DXGI,0,512,1,Hardware: Independent Flip,5071.4982,20.8769,20.6282,0.2487,14.2749,20.2045,20.1933,0.0112,34.5653,10.0697,-9.7351,5071.4982,0.0859,NA,NA
SandFall-Win64-Shipping.exe,19588,0x2EC4BC3AB90,DXGI,0,512,1,Hardware: Independent Flip,5092.3751,0.3865,0.2208,0.1657,13.6025,0.1476,0.1459,0.0017,23.7581,9.6639,10.8072,5092.3751,10.0080,NA,NA
SandFall-Win64-Shipping.exe,19588,0x2EC4BC3AB90,DXGI,0,512,1,Hardware: Independent Flip,5092.7616,17.7467,17.4966,0.2501,13.3636,19.6709,19.6620,0.0089,33.0355,9.9110,-9.2774,5092.7616,0.0010,NA,NA
SandFall-Win64-Shipping.exe,19588,0x2EC4BC3AB90,DXGI,0,512,1,Hardware: Independent Flip,5110.5083,0.3580,0.1581,0.1999,15.2878,0.1380,0.1380,0.0000,25.1998,9.9990,7.8357,5110.5083,9.7740,NA,NA
SandFall-Win64-Shipping.exe,19588,0x2EC4BC3AB90,DXGI,0,512,1,Hardware: Independent Flip,5110.8663,21.0365,20.7497,0.2868,15.0678,19.7252,19.7166,0.0086,34.8408,9.8770,-9.6410,5110.8663,0.0478,NA,NA
SandFall-Win64-Shipping.exe,19588,0x2EC4BC3AB90,DXGI,0,512,1,Hardware: Independent Flip,5131.9028,0.3227,0.1620,0.1607,13.7565,0.1087,0.1043,0.0044,23.6813,10.0146,11.1595,5131.9028,9.8161,NA,NA
SandFall-Win64-Shipping.exe,19588,0x2EC4BC3AB90,DXGI,0,512,1,Hardware: Independent Flip,5132.2255,19.3329,19.0526,0.2803,13.5425,19.8303,19.8213,0.0090,33.3732,9.9431,-9.6919,5132.2255,0.0004,NA,NA
SandFall-Win64-Shipping.exe,19588,0x2EC4BC3AB90,DXGI,0,512,1,Hardware: Independent Flip,5151.5584,0.3431,0.1763,0.1668,14.0399,0.1384,0.1384,0.0000,23.9834,10.1559,9.3898,5151.5584,9.8051,NA,NA
SandFall-Win64-Shipping.exe,19588,0x2EC4BC3AB90,DXGI,0,512,1,Hardware: Independent Flip,5151.9015,19.7326,19.4458,0.2868,13.8352,19.9601,19.9527,0.0074,33.7962,10.0400,-9.8128,5151.9015,0.0009,NA,NA
SandFall-Win64-Shipping.exe,19588,0x2EC4BC3AB90,DXGI,0,512,1,Hardware: Independent Flip,5171.6341,0.3330,0.1742,0.1588,14.0627,0.0930,0.0914,0.0016,24.1036,10.1145,9.6926,5171.6341,9.9479,NA,NA
SandFall-Win64-Shipping.exe,19588,0x2EC4BC3AB90,DXGI,0,512,1,Hardware: Independent Flip,5171.9671,19.9598,19.6940,0.2658,13.8227,20.0619,20.0532,0.0087,33.8851,10.1842,-9.7815,5171.9671,0.0005,NA,NA
SandFall-Win64-Shipping.exe,19588,0x2EC4BC3AB90,DXGI,0,512,1,Hardware: Independent Flip,5191.9269,0.3159,0.1613,0.1546,13.9248,0.1291,0.1275,0.0016,24.1095,10.8215,9.7756,5191.9269,10.0556,NA,NA
SandFall-Win64-Shipping.exe,19588,0x2EC4BC3AB90,DXGI,0,512,1,Hardware: Independent Flip,5192.2428,19.9653,19.6820,0.2833,13.7380,20.8758,20.8655,0.0103,34.6151,10.5193,-10.5056,5192.2428,0.0013,NA,NA
SandFall-Win64-Shipping.exe,19588,0x2EC4BC3AB90,DXGI,0,512,1,Hardware: Independent Flip,5212.2081,0.3712,0.1664,0.2048,14.6485,0.1390,0.1366,0.0024,25.1691,9.5568,9.4460,5212.2081,10.3816,NA,NA
SandFall-Win64-Shipping.exe,19588,0x2EC4BC3AB90,DXGI,0,512,1,Hardware: Independent Flip,5212.5793,18.8467,18.6035,0.2432,14.4163,19.9378,19.9250,0.0128,34.3547,10.2642,-9.1856,5212.5793,0.0006,NA,NA
SandFall-Win64-Shipping.exe,19588,0x2EC4BC3AB90,DXGI,0,512,1,Hardware: Independent Flip,5231.4260,0.3045,0.1536,0.1509,15.5074,0.2174,0.2174,0.0000,25.7722,9.9925,8.5825,5231.4260,10.0474,NA,NA
SandFall-Win64-Shipping.exe,19588,0x2EC4BC3AB90,DXGI,0,512,1,Hardware: Independent Flip,5231.7305,20.4774,20.2207,0.2567,15.4203,19.9208,19.9134,0.0074,35.4602,9.9447,-9.6880,5231.7305,0.1191,NA,NA
SandFall-Win64-Shipping.exe,19588,0x2EC4BC3AB90,DXGI,0,512,1,Hardware: Independent Flip,5252.2079,0.3260,0.1533,0.1727,14.8637,0.1220,0.1204,0.0016,24.9275,9.9389,10.5327,5252.2079,9.9418,NA,NA
SandFall-Win64-Shipping.exe,19588,0x2EC4BC3AB90,DXGI,0,512,1,Hardware: Independent Flip,5252.5339,20.7067,20.4260,0.2807,14.6597,19.7780,19.7684,0.0096,34.5404,9.7474,-9.6129,5252.5339,0.1027,NA,NA
SandFall-Win64-Shipping.exe,19588,0x2EC4BC3AB90,DXGI,0,512,1,Hardware: Independent Flip,5273.2406,0.3130,0.1569,0.1561,13.7310,0.1545,0.1527,0.0018,23.5811,10.0047,10.9593,5273.2406,9.6956,NA,NA
SandFall-Win64-Shipping.exe,19588,0x2EC4BC3AB90,DXGI,0,512,1,Hardware: Independent Flip,5273.5536,20.2896,20.0205,0.2691,13.5725,19.6695,19.6585,0.0110,33.2728,9.8368,-9.6917,5273.5536,0.0308,NA,NA
SandFall-Win64-Shipping.exe,19588,0x2EC4BC3AB90,DXGI,0,512,1,Hardware: Independent Flip,5293.8432,0.3279,0.1702,0.1577,12.9524,0.1439,0.1423,0.0016,22.8200,10.0257,10.4528,5293.8432,9.7237,NA,NA
SandFall-Win64-Shipping.exe,19588,0x2EC4BC3AB90,DXGI,0,512,1,Hardware: Independent Flip,5294.1711,19.5720,19.3248,0.2472,12.7684,19.7484,19.7398,0.0086,32.5178,9.9692,-9.6978,5294.1711,0.0010,NA,NA
SandFall-Win64-Shipping.exe,19588,0x2EC4BC3AB90,DXGI,0,512,1,Hardware: Independent Flip,5313.7431,0.3830,0.2032,0.1798,12.9448,0.1318,0.1300,0.0018,22.9150,10.1507,9.6028,5313.7431,9.8384,NA,NA
SandFall-Win64-Shipping.exe,19588,0x2EC4BC3AB90,DXGI,0,512,1,Hardware: Independent Flip,5314.1261,19.7167,19.4625,0.2542,12.6936,19.9876,19.9760,0.0116,32.6827,10.1433,-9.7677,5314.1261,0.0015,NA,NA
SandFall-Win64-Shipping.exe,19588,0x2EC4BC3AB90,DXGI,0,512,1,Hardware: Independent Flip,5333.8428,0.3023,0.1515,0.1508,12.9645,0.1315,0.1293,0.0022,23.1093,9.9291,9.5734,5333.8428,10.0133,NA,NA
SandFall-Win64-Shipping.exe,19588,0x2EC4BC3AB90,DXGI,0,512,1,Hardware: Independent Flip,5334.1451,19.8298,19.5707,0.2591,12.7937,19.9408,19.9293,0.0115,32.7361,10.0677,-9.6268,5334.1451,0.0016,NA,NA
SandFall-Win64-Shipping.exe,19588,0x2EC4BC3AB90,DXGI,0,512,1,Hardware: Independent Flip,5353.9749,0.3289,0.1631,0.1658,12.9047,0.0920,0.0902,0.0018,22.9740,9.9503,9.7621,5353.9749,9.9773,NA,NA
SandFall-Win64-Shipping.exe,19588,0x2EC4BC3AB90,DXGI,0,512,1,Hardware: Independent Flip,5354.3038,20.0927,19.8461,0.2466,12.6678,19.9269,19.9084,0.0185,32.5954,10.0485,-9.6214,5354.3038,0.0007,NA,NA
SandFall-Win64-Shipping.exe,19588,0x2EC4BC3AB90,DXGI,0,512,1,Hardware: Independent Flip,5374.3965,0.3157,0.1600,0.1557,12.5020,0.1319,0.1302,0.0017,22.5512,10.2054,10.0442,5374.3965,9.9173,NA,NA
SandFall-Win64-Shipping.exe,19588,0x2EC4BC3AB90,DXGI,0,512,1,Hardware: Independent Flip,5374.7122,19.6329,19.1404,0.4925,12.3182,20.1049,20.0925,0.0124,32.4409,10.0912,-9.8897,5374.7122,0.0178,NA,NA
SandFall-Win64-Shipping.exe,19588,0x2EC4BC3AB90,DXGI,0,512,1,Hardware: Independent Flip,5394.3451,0.3272,0.1670,0.1602,12.7902,0.1411,0.1395,0.0016,22.8992,10.7368,9.5417,5394.3451,9.9679,NA,NA
SandFall-Win64-Shipping.exe,19588,0x2EC4BC3AB90,DXGI,0,512,1,Hardware: Independent Flip,5394.6723,20.2371,19.9921,0.2450,12.6041,20.7038,20.6949,0.0089,33.3088,10.4419,-10.4096,5394.6723,0.0009,NA,NA
SandFall-Win64-Shipping.exe,19588,0x2EC4BC3AB90,DXGI,0,512,1,Hardware: Independent Flip,5414.9094,0.3182,0.1579,0.1603,13.0708,0.1458,0.1441,0.0017,23.5136,9.5451,9.7952,5414.9094,10.2970,NA,NA
SandFall-Win64-Shipping.exe,19588,0x2EC4BC3AB90,DXGI,0,512,1,Hardware: Independent Flip,5415.2276,19.3493,19.1025,0.2468,12.8984,19.8409,19.8275,0.0134,32.7405,10.1870,-9.2269,5415.2276,0.0012,NA,NA
SandFall-Win64-Shipping.exe,19588,0x2EC4BC3AB90,DXGI,0,512,1,Hardware: Independent Flip,5434.5769,0.3511,0.1950,0.1561,13.3900,0.1881,0.1881,0.0000,23.5782,10.3480,9.1623,5434.5769,10.0001,NA,NA
SandFall-Win64-Shipping.exe,19588,0x2EC4BC3AB90,DXGI,0,512,1,Hardware: Independent Flip,5434.9280,19.9468,19.6765,0.2703,13.2270,20.2425,20.2314,0.0111,33.5751,10.1022,-9.9969,5434.9280,0.1056,NA,NA
SandFall-Win64-Shipping.exe,19588,0x2EC4BC3AB90,DXGI,0,512,1,Hardware: Independent Flip,5454.8748,0.3254,0.1598,0.1656,13.5227,0.1370,0.1349,0.0021,23.7305,9.9348,9.8446,5454.8748,10.0708,NA,NA
SandFall-Win64-Shipping.exe,19588,0x2EC4BC3AB90,DXGI,0,512,1,Hardware: Independent Flip,5455.2002,19.8269,19.5848,0.2421,13.3343,20.0049,19.9952,0.0097,33.3399,10.0207,-9.6094,5455.2002,0.0007,NA,NA
SandFall-Win64-Shipping.exe,19588,0x2EC4BC3AB90,DXGI,0,512,1,Hardware: Independent Flip,5475.0271,0.3511,0.1926,0.1585,13.5123,0.1506,0.1486,0.0020,23.5337,10.0524,9.8062,5475.0271,9.8708,NA,NA
SandFall-Win64-Shipping.exe,19588,0x2EC4BC3AB90,DXGI,0,512,1,Hardware: Independent Flip,5475.3782,19.8959,19.6164,0.2795,13.3118,19.9054,19.8848,0.0206,33.2350,10.0040,-9.7013,5475.3782,0.0178,NA,NA
SandFall-Win64-Shipping.exe,19588,0x2EC4BC3AB90,DXGI,0,512,1,Hardware: Independent Flip,5495.2741,0.3167,0.1609,0.1558,13.3213,0.1829,0.1829,0.0000,23.3431,10.2052,9.8919,5495.2741,9.8389,NA,NA
SandFall-Win64-Shipping.exe,19588,0x2EC4BC3AB90,DXGI,0,512,1,Hardware: Independent Flip,5495.5908,20.0020,19.7542,0.2478,13.1875,20.0429,20.0309,0.0120,33.2316,10.1077,-9.8885,5495.5908,0.0012,NA,NA
SandFall-Win64-Shipping.exe,19588,0x2EC4BC3AB90,DXGI,0,512,1,Hardware: Independent Flip,5515.5928,0.3650,0.2059,0.1591,13.2284,0.1260,0.1244,0.0016,23.3373,9.8746,9.8943,5515.5928,9.9829,NA,NA
SandFall-Win64-Shipping.exe,19588,0x2EC4BC3AB90,DXGI,0,512,1,Hardware: Independent Flip,5515.9578,19.2902,19.0366,0.2536,12.9894,19.8565,19.8477,0.0088,32.8469,10.0580,-9.5096,5515.9578,0.0010,NA,NA
SandFall-Win64-Shipping.exe,19588,0x2EC4BC3AB90,DXGI,0,512,1,Hardware: Independent Flip,5535.2480,0.3522,0.1583,0.1939,13.5557,0.1958,0.1958,0.0000,23.6147,9.5753,9.2322,5535.2480,9.8632,NA,NA
SandFall-Win64-Shipping.exe,19588,0x2EC4BC3AB90,DXGI,0,512,1,Hardware: Independent Flip,5535.6002,20.2359,19.9910,0.2449,13.3993,19.4377,19.4203,0.0174,32.8378,9.8100,-9.2231,5535.6002,0.0008,NA,NA
SandFall-Win64-Shipping.exe,19588,0x2EC4BC3AB90,DXGI,0,512,1,Hardware: Independent Flip,5555.8361,0.3412,0.1729,0.1683,12.6011,0.1256,0.1234,0.0022,22.4119,10.8215,10.4259,5555.8361,9.6852,NA,NA
SandFall-Win64-Shipping.exe,19588,0x2EC4BC3AB90,DXGI,0,512,1,Hardware: Independent Flip,5556.1773,19.9435,19.6955,0.2480,12.3855,20.4098,20.3361,0.0737,32.8922,10.1222,-10.4803,5556.1773,0.0969,NA,NA
SandFall-Win64-Shipping.exe,19588,0x2EC4BC3AB90,DXGI,0,512,1,Hardware: Independent Flip,5576.1208,0.3330,0.1610,0.1720,12.8518,0.1387,0.1365,0.0022,23.0709,9.6330,9.8213,5576.1208,10.0804,NA,NA
SandFall-Win64-Shipping.exe,19588,0x2EC4BC3AB90,DXGI,0,512,1,Hardware: Independent Flip,5576.4538,18.9795,18.7301,0.2494,12.6575,19.7126,19.6992,0.0134,32.3709,10.0991,-9.3000,5576.4538,0.0008,NA,NA
SandFall-Win64-Shipping.exe,19588,0x2EC4BC3AB90,DXGI,0,512,1,Hardware: Independent Flip,5595.4333,0.3347,0.1570,0.1777,13.3906,0.1867,0.1867,0.0000,23.4905,10.2198,8.8804,5595.4333,9.9132,NA,NA
SandFall-Win64-Shipping.exe,19588,0x2EC4BC3AB90,DXGI,0,512,1,Hardware: Independent Flip,5595.7680,20.4393,20.1477,0.2916,13.2426,20.1315,20.1214,0.0101,33.3756,10.1493,-9.8851,5595.7680,0.0015,NA,NA
SandFall-Win64-Shipping.exe,19588,0x2EC4BC3AB90,DXGI,0,512,1,Hardware: Independent Flip,5616.2073,0.3336,0.1647,0.1689,12.9348,0.1353,0.1353,0.0000,23.0856,9.8352,10.2900,5616.2073,10.0155,NA,NA
SandFall-Win64-Shipping.exe,19588,0x2EC4BC3AB90,DXGI,0,512,1,Hardware: Independent Flip,5616.5409,19.1386,18.8936,0.2450,12.7365,19.8499,19.8385,0.0114,32.5872,10.0396,-9.5016,5616.5409,0.0008,NA,NA
SandFall-Win64-Shipping.exe,19588,0x2EC4BC3AB90,DXGI,0,512,1,Hardware: Independent Flip,5635.6795,0.3525,0.1895,0.1630,13.4478,0.1234,0.1217,0.0017,23.4882,9.7431,9.0990,5635.6795,9.9170,NA,NA
SandFall-Win64-Shipping.exe,19588,0x2EC4BC3AB90,DXGI,0,512,1,Hardware: Independent Flip,5636.0320,19.7725,19.4715,0.3010,13.2187,19.6261,19.6148,0.0113,32.8788,9.7546,-9.3906,5636.0320,0.0340,NA,NA
SandFall-Win64-Shipping.exe,19588,0x2EC4BC3AB90,DXGI,0,512,1,Hardware: Independent Flip,5655.8045,0.3443,0.1776,0.1667,13.0723,0.0856,0.0840,0.0016,22.8609,10.4078,10.0179,5655.8045,9.7030,NA,NA
SandFall-Win64-Shipping.exe,19588,0x2EC4BC3AB90,DXGI,0,512,1,Hardware: Independent Flip,5656.1488,19.4609,19.2023,0.2586,12.8136,20.0110,20.0033,0.0077,32.9244,9.9700,-10.0635,5656.1488,0.0998,NA,NA
SandFall-Win64-Shipping.exe,19588,0x2EC4BC3AB90,DXGI,0,512,1,Hardware: Independent Flip,5675.6097,0.3057,0.1554,0.1503,13.3637,0.1162,0.1118,0.0044,23.4335,10.3252,9.4909,5675.6097,9.9536,NA,NA
SandFall-Win64-Shipping.exe,19588,0x2EC4BC3AB90,DXGI,0,512,1,Hardware: Independent Flip,5675.9154,20.6030,20.3176,0.2854,13.1742,20.2782,20.2692,0.0090,33.4530,10.2644,-10.0195,5675.9154,0.0006,NA,NA
SandFall-Win64-Shipping.exe,19588,0x2EC4BC3AB90,DXGI,0,512,1,Hardware: Independent Flip,5696.5184,0.3428,0.1634,0.1794,12.8494,0.1939,0.1939,0.0000,23.1144,9.9470,10.3386,5696.5184,10.0711,NA,NA
SandFall-Win64-Shipping.exe,19588,0x2EC4BC3AB90,DXGI,0,512,1,Hardware: Independent Flip,5696.8612,19.3382,19.0512,0.2870,12.7005,20.0175,20.0091,0.0084,32.7186,10.2124,-9.6042,5696.8612,0.0006,NA,NA
SandFall-Win64-Shipping.exe,19588,0x2EC4BC3AB90,DXGI,0,512,1,Hardware: Independent Flip,5716.1994,0.3408,0.1758,0.1650,13.3798,0.0874,0.0859,0.0015,23.5928,10.0006,9.1258,5716.1994,10.1256,NA,NA
SandFall-Win64-Shipping.exe,19588,0x2EC4BC3AB90,DXGI,0,512,1,Hardware: Independent Flip,5716.5402,19.4262,19.1754,0.2508,13.1264,20.1255,20.1166,0.0089,33.2526,10.0999,-9.6598,5716.5402,0.0007,NA,NA
SandFall-Win64-Shipping.exe,19588,0x2EC4BC3AB90,DXGI,0,512,1,Hardware: Independent Flip,5735.9664,0.3646,0.1629,0.2017,13.8257,0.0744,0.0729,0.0015,23.9263,26.0947,9.3263,5735.9664,10.0262,NA,NA
SandFall-Win64-Shipping.exe,19588,0x2EC4BC3AB90,DXGI,0,512,1,Hardware: Independent Flip,5736.3310,23.3757,23.1334,0.2423,13.5355,36.1198,35.0570,1.0628,49.6564,18.1075,-25.7301,5736.3310,0.0011,NA,NA
SandFall-Win64-Shipping.exe,19588,0x2EC4BC3AB90,DXGI,0,512,1,Hardware: Independent Flip,5759.7067,0.3418,0.1590,0.1828,26.2796,0.1905,0.1863,0.0042,44.3882,5.1090,5.2682,5759.7067,17.9181,NA,NA
SandFall-Win64-Shipping.exe,19588,0x2EC4BC3AB90,DXGI,0,512,1,Hardware: Independent Flip,5760.0485,24.1686,23.8890,0.2796,26.1283,23.0263,23.0145,0.0118,49.1554,11.5625,-4.7672,5760.0485,0.0008,NA,NA
SandFall-Win64-Shipping.exe,19588,0x2EC4BC3AB90,DXGI,0,512,1,Hardware: Independent Flip,5784.2171,0.3650,0.1857,0.1793,24.9860,0.1460,0.1432,0.0028,36.5493,10.7712,12.6061,5784.2171,11.4173,NA,NA
SandFall-Win64-Shipping.exe,19588,0x2EC4BC3AB90,DXGI,0,512,1,Hardware: Independent Flip,5784.5821,22.9759,22.7092,0.2667,24.7670,21.1506,21.1342,0.0164,46.9555,9.5975,-10.4062,5784.5821,1.0379,NA,NA
SandFall-Win64-Shipping.exe,19588,0x2EC4BC3AB90,DXGI,0,512,1,Hardware: Independent Flip,5807.5580,0.3356,0.1749,0.1607,22.9417,0.1267,0.1241,0.0026,33.5771,13.6755,13.3784,5807.5580,10.5087,NA,NA
SandFall-Win64-Shipping.exe,19588,0x2EC4BC3AB90,DXGI,0,512,1,Hardware: Independent Flip,5807.8936,22.9552,22.4645,0.4907,22.7328,22.9671,22.9595,0.0076,46.9170,9.7524,-13.3399,5807.8936,1.2171,NA,NA
SandFall-Win64-Shipping.exe,19588,0x2EC4BC3AB90,DXGI,0,512,1,Hardware: Independent Flip,5830.8488,0.4373,0.2163,0.2210,22.7447,0.1351,0.1318,0.0033,33.7142,11.7425,13.2028,5830.8488,10.8344,NA,NA
SandFall-Win64-Shipping.exe,19588,0x2EC4BC3AB90,DXGI,0,512,1,Hardware: Independent Flip,5831.2861,23.0902,22.7956,0.2946,22.4425,21.7058,21.6939,0.0119,45.0194,9.4309,-11.3052,5831.2861,0.8711,NA,NA
SandFall-Win64-Shipping.exe,19588,0x2EC4BC3AB90,DXGI,0,512,1,Hardware: Independent Flip,5854.3763,0.3627,0.2019,0.1608,21.0581,0.1530,0.1495,0.0035,31.3601,12.2543,13.6593,5854.3763,10.1490,NA,NA
SandFall-Win64-Shipping.exe,19588,0x2EC4BC3AB90,DXGI,0,512,1,Hardware: Independent Flip,5854.7390,20.2598,20.0062,0.2536,20.8484,21.4950,21.4884,0.0066,43.2517,9.4819,-11.8916,5854.7390,0.9083,NA,NA
SandFall-Win64-Shipping.exe,19588,0x2EC4BC3AB90,DXGI,0,512,1,Hardware: Independent Flip,5874.9988,0.6129,0.1615,0.4514,22.0836,0.1946,0.1922,0.0024,32.4738,12.1417,10.7779,5874.9988,10.1956,NA,NA
SandFall-Win64-Shipping.exe,19588,0x2EC4BC3AB90,DXGI,0,512,1,Hardware: Independent Flip,5875.6117,23.5007,23.1874,0.3133,21.6653,21.4476,21.4366,0.0110,44.0026,9.4507,-11.5288,5875.6117,0.8897,NA,NA
SandFall-Win64-Shipping.exe,19588,0x2EC4BC3AB90,DXGI,0,512,1,Hardware: Independent Flip,5899.1124,0.3496,0.1767,0.1729,19.6122,0.1568,0.1535,0.0033,29.9526,12.2130,14.0500,5899.1124,10.1836,NA,NA
SandFall-Win64-Shipping.exe,19588,0x2EC4BC3AB90,DXGI,0,512,1,Hardware: Independent Flip,5899.4620,19.4879,18.9212,0.5667,19.4194,21.4969,21.4874,0.0095,41.8160,9.4606,-11.8634,5899.4620,0.8997,NA,NA
SandFall-Win64-Shipping.exe,19588,0x2EC4BC3AB90,DXGI,0,512,1,Hardware: Independent Flip,5918.9499,0.4359,0.2455,0.1904,21.4284,0.1365,0.1334,0.0031,31.7887,12.3015,10.0273,5918.9499,10.2238,NA,NA
SandFall-Win64-Shipping.exe,19588,0x2EC4BC3AB90,DXGI,0,512,1,Hardware: Independent Flip,5919.3858,20.6170,20.3647,0.2523,21.1290,21.6080,21.5997,0.0083,43.6543,9.4660,-11.8656,5919.3858,0.9173,NA,NA
SandFall-Win64-Shipping.exe,19588,0x2EC4BC3AB90,DXGI,0,512,1,Hardware: Independent Flip,5940.0028,0.6757,0.2103,0.4654,22.1200,0.1455,0.1424,0.0031,32.5033,11.5357,11.1510,5940.0028,10.2378,NA,NA
SandFall-Win64-Shipping.exe,19588,0x2EC4BC3AB90,DXGI,0,512,1,Hardware: Independent Flip,5940.6785,21.2971,21.0201,0.2770,21.5898,21.7733,21.7642,0.0091,43.3633,10.5453,-10.8600,5940.6785,0.0002,NA,NA
SandFall-Win64-Shipping.exe,19588,0x2EC4BC3AB90,DXGI,0,512,1,Hardware: Independent Flip,5961.9756,0.6793,0.4865,0.1928,22.0660,0.1186,0.1164,0.0022,32.6115,10.8818,10.7518,5961.9756,10.4269,NA,NA
SandFall-Win64-Shipping.exe,19588,0x2EC4BC3AB90,DXGI,0,512,1,Hardware: Independent Flip,5962.6549,20.3145,19.8778,0.4367,21.5053,21.3086,21.3039,0.0047,42.8140,11.6988,-10.2025,5962.6549,0.0001,NA,NA
SandFall-Win64-Shipping.exe,19588,0x2EC4BC3AB90,DXGI,0,512,1,Hardware: Independent Flip,5982.9694,0.7249,0.3303,0.3946,22.4994,0.1936,0.1895,0.0041,34.1983,10.3980,8.6157,5982.9694,11.5053,NA,NA
SandFall-Win64-Shipping.exe,19588,0x2EC4BC3AB90,DXGI,0,512,1,Hardware: Independent Flip,5983.6943,20.9729,20.6593,0.3136,21.9681,21.9021,21.8978,0.0043,43.8714,12.2286,-9.6731,5983.6943,0.0012,NA,NA
SandFall-Win64-Shipping.exe,19588,0x2EC4BC3AB90,DXGI,0,512,1,Hardware: Independent Flip,6004.6672,0.3846,0.2047,0.1799,22.8973,0.1334,0.1310,0.0024,35.1271,9.4982,8.7443,6004.6672,12.0964,NA,NA
SandFall-Win64-Shipping.exe,19588,0x2EC4BC3AB90,DXGI,0,512,1,Hardware: Independent Flip,6005.0518,20.9494,20.6704,0.2790,22.6461,21.5936,21.5896,0.0040,44.2407,11.4248,-9.1136,6005.0518,0.0010,NA,NA
SandFall-Win64-Shipping.exe,19588,0x2EC4BC3AB90,DXGI,0,512,1,Hardware: Independent Flip,6026.0012,0.3538,0.1840,0.1698,23.2903,0.2448,0.2419,0.0029,34.7161,10.9567,9.5246,6026.0012,11.1810,NA,NA
SandFall-Win64-Shipping.exe,19588,0x2EC4BC3AB90,DXGI,0,512,1,Hardware: Independent Flip,6026.3550,22.6099,22.3388,0.2711,23.1813,21.3235,21.3210,0.0025,45.3190,9.9645,-10.6029,6026.3550,0.8142,NA,NA
SandFall-Win64-Shipping.exe,19588,0x2EC4BC3AB90,DXGI,0,512,1,Hardware: Independent Flip,6048.9649,0.6209,0.1871,0.4338,21.8949,0.1002,0.0950,0.0052,32.6736,11.4451,12.6454,6048.9649,10.6785,NA,NA
SandFall-Win64-Shipping.exe,19588,0x2EC4BC3AB90,DXGI,0,512,1,Hardware: Independent Flip,6049.5858,20.7623,20.5113,0.2510,21.3742,21.2778,21.2677,0.0101,43.4978,9.4049,-10.8242,6049.5858,0.8458,NA,NA
SandFall-Win64-Shipping.exe,19588,0x2EC4BC3AB90,DXGI,0,512,1,Hardware: Independent Flip,6070.3481,0.5679,0.1924,0.3755,21.8897,0.1787,0.1766,0.0021,32.1404,11.2337,11.3574,6070.3481,10.0720,NA,NA
SandFall-Win64-Shipping.exe,19588,0x2EC4BC3AB90,DXGI,0,512,1,Hardware: Independent Flip,6070.9160,19.6921,19.4210,0.2711,21.5005,20.9778,20.9738,0.0040,42.8062,9.8011,-10.6658,6070.9160,0.3279,NA,NA
SandFall-Win64-Shipping.exe,19588,0x2EC4BC3AB90,DXGI,0,512,1,Hardware: Independent Flip,6090.6081,0.3438,0.1875,0.1563,22.7862,0.1404,0.1372,0.0032,32.9152,11.4271,9.8910,6090.6081,9.9886,NA,NA
SandFall-Win64-Shipping.exe,19588,0x2EC4BC3AB90,DXGI,0,512,1,Hardware: Independent Flip,6090.9519,22.7025,22.2949,0.4076,22.5828,21.4149,21.4101,0.0048,43.9985,11.1762,-11.0833,6090.9519,0.0008,NA,NA
SandFall-Win64-Shipping.exe,19588,0x2EC4BC3AB90,DXGI,0,512,1,Hardware: Independent Flip,6113.6544,0.4055,0.2238,0.1817,21.2952,0.1553,0.1527,0.0026,32.4722,10.8771,11.5263,6113.6544,11.0217,NA,NA
SandFall-Win64-Shipping.exe,19588,0x2EC4BC3AB90,DXGI,0,512,1,Hardware: Independent Flip,6114.0599,23.0506,22.7464,0.3042,21.0450,21.8983,21.8897,0.0086,42.9438,12.1807,-10.4716,6114.0599,0.0005,NA,NA
SandFall-Win64-Shipping.exe,19588,0x2EC4BC3AB90,DXGI,0,512,1,Hardware: Independent Flip,6137.1105,0.4844,0.2555,0.2289,19.8927,0.1149,0.1129,0.0020,32.0739,9.1711,10.8699,6137.1105,12.0663,NA,NA
SandFall-Win64-Shipping.exe,19588,0x2EC4BC3AB90,DXGI,0,512,1,Hardware: Independent Flip,6137.5949,21.1378,20.8748,0.2630,19.5232,21.2368,21.2322,0.0046,40.7606,11.7413,-8.6867,6137.5949,0.0006,NA,NA
SandFall-Win64-Shipping.exe,19588,0x2EC4BC3AB90,DXGI,0,512,1,Hardware: Independent Flip,6158.7327,0.3454,0.1744,0.1710,19.6222,0.2138,0.2138,0.0000,31.3641,10.2846,9.3965,6158.7327,11.5281,NA,NA
SandFall-Win64-Shipping.exe,19588,0x2EC4BC3AB90,DXGI,0,512,1,Hardware: Independent Flip,6159.0781,20.3140,19.9916,0.3224,19.4906,21.5281,21.5213,0.0068,41.3033,10.5588,-9.9392,6159.0781,0.2846,NA,NA
SandFall-Win64-Shipping.exe,19588,0x2EC4BC3AB90,DXGI,0,512,1,Hardware: Independent Flip,6179.3921,0.3982,0.2071,0.1911,20.7047,0.1193,0.1168,0.0025,31.5481,12.2243,9.7552,6179.3921,10.7241,NA,NA
SandFall-Win64-Shipping.exe,19588,0x2EC4BC3AB90,DXGI,0,512,1,Hardware: Independent Flip,6179.7903,22.3303,22.0803,0.2500,20.4258,21.9348,21.9276,0.0072,43.3742,9.8528,-11.8261,6179.7903,1.0136,NA,NA
SandFall-Win64-Shipping.exe,19588,0x2EC4BC3AB90,DXGI,0,512,1,Hardware: Independent Flip,6202.1206,0.3280,0.1666,0.1614,20.0303,0.1250,0.1226,0.0024,30.8967,12.0286,12.4775,6202.1206,10.7414,NA,NA
SandFall-Win64-Shipping.exe,19588,0x2EC4BC3AB90,DXGI,0,512,1,Hardware: Independent Flip,6202.4486,21.7496,21.5016,0.2480,19.8273,22.5677,22.5602,0.0075,42.5973,10.6364,-11.7006,6202.4486,0.2023,NA,NA
SandFall-Win64-Shipping.exe,19588,0x2EC4BC3AB90,DXGI,0,512,1,Hardware: Independent Flip,6224.1982,0.3985,0.1906,0.2079,20.6454,0.1367,0.1348,0.0019,31.4841,11.1738,11.1132,6224.1982,10.7020,NA,NA
SandFall-Win64-Shipping.exe,19588,0x2EC4BC3AB90,DXGI,0,512,1,Hardware: Independent Flip,6224.5967,21.7643,21.4619,0.3024,20.3836,21.8753,21.8707,0.0046,42.2594,11.7733,-10.7753,6224.5967,0.0005,NA,NA
SandFall-Win64-Shipping.exe,19588,0x2EC4BC3AB90,DXGI,0,512,1,Hardware: Independent Flip,6246.3610,0.3612,0.1793,0.1819,20.4946,0.1667,0.1648,0.0019,32.2684,10.5518,9.9910,6246.3610,11.6071,NA,NA
SandFall-Win64-Shipping.exe,19588,0x2EC4BC3AB90,DXGI,0,512,1,Hardware: Independent Flip,6246.7222,22.7783,22.5205,0.2578,20.3001,22.1581,22.1531,0.0050,42.4590,12.2617,-10.1906,6246.7222,0.0008,NA,NA
SandFall-Win64-Shipping.exe,19588,0x2EC4BC3AB90,DXGI,0,512,1,Hardware: Independent Flip,6269.5005,0.3219,0.1659,0.1560,19.6799,0.1206,0.1188,0.0018,31.9424,10.2769,10.5166,6269.5005,12.1419,NA,NA
SandFall-Win64-Shipping.exe,19588,0x2EC4BC3AB90,DXGI,0,512,1,Hardware: Independent Flip,6269.8224,21.9983,21.7460,0.2523,19.4786,22.4181,22.4093,0.0088,41.8974,11.7739,-9.9550,6269.8224,0.0007,NA,NA
SandFall-Win64-Shipping.exe,19588,0x2EC4BC3AB90,DXGI,0,512,1,Hardware: Independent Flip,6291.8207,0.3237,0.1667,0.1570,19.8984,0.1276,0.1244,0.0032,31.6730,11.7136,10.2244,6291.8207,11.6470,NA,NA
SandFall-Win64-Shipping.exe,19588,0x2EC4BC3AB90,DXGI,0,512,1,Hardware: Independent Flip,6292.1444,23.7509,23.5105,0.2404,19.7023,22.9016,22.8967,0.0049,43.0629,11.0455,-11.3899,6292.1444,0.4590,NA,NA
SandFall-Win64-Shipping.exe,19588,0x2EC4BC3AB90,DXGI,0,512,1,Hardware: Independent Flip,6315.8953,0.3182,0.1657,0.1525,18.8530,0.1006,0.0985,0.0021,30.3575,12.8886,12.7054,6315.8953,11.4039,NA,NA
SandFall-Win64-Shipping.exe,19588,0x2EC4BC3AB90,DXGI,0,512,1,Hardware: Independent Flip,6316.2135,24.6940,24.3698,0.3242,18.6354,23.7873,23.7831,0.0042,42.9279,11.2099,-12.5704,6316.2135,0.5052,NA,NA
SandFall-Win64-Shipping.exe,19588,0x2EC4BC3AB90,DXGI,0,512,1,Hardware: Independent Flip,6340.9075,0.3502,0.1771,0.1731,17.7287,0.1323,0.1305,0.0018,29.4438,13.8145,13.4841,6340.9075,11.5828,NA,NA
SandFall-Win64-Shipping.exe,19588,0x2EC4BC3AB90,DXGI,0,512,1,Hardware: Independent Flip,6341.2577,23.6867,23.4264,0.2603,17.5108,25.3966,25.3891,0.0075,42.9081,12.9077,-13.4643,6341.2577,0.0007,NA,NA
SandFall-Win64-Shipping.exe,19588,0x2EC4BC3AB90,DXGI,0,512,1,Hardware: Independent Flip,6364.9444,0.3467,0.1648,0.1819,19.2207,0.1377,0.1342,0.0035,32.1291,9.6036,10.7790,6364.9444,12.7707,NA,NA
SandFall-Win64-Shipping.exe,19588,0x2EC4BC3AB90,DXGI,0,512,1,Hardware: Independent Flip,6365.2911,17.1235,16.8940,0.2295,19.0117,22.3737,22.3698,0.0039,41.3860,12.5142,-9.2569,6365.2911,0.0006,NA,NA
SandFall-Win64-Shipping.exe,19588,0x2EC4BC3AB90,DXGI,0,512,1,Hardware: Independent Flip,6382.4146,0.3488,0.1732,0.1756,24.2619,0.1091,0.1061,0.0030,36.7767,10.0496,4.6093,6382.4146,12.4057,NA,NA
SandFall-Win64-Shipping.exe,19588,0x2EC4BC3AB90,DXGI,0,512,1,Hardware: Independent Flip,6382.7634,28.1381,27.8820,0.2561,24.0222,22.4551,22.4474,0.0077,46.4775,11.3477,-9.7008,6382.7634,0.0002,NA,NA
SandFall-Win64-Shipping.exe,19588,0x2EC4BC3AB90,DXGI,0,512,1,Hardware: Independent Flip,6410.9015,0.3426,0.1823,0.1603,18.3392,0.2011,0.2011,0.0000,29.6871,13.6662,16.7904,6410.9015,11.1468,NA,NA
SandFall-Win64-Shipping.exe,19588,0x2EC4BC3AB90,DXGI,0,512,1,Hardware: Independent Flip,6411.2441,23.9847,23.6867,0.2980,18.1977,23.6326,23.6251,0.0075,43.0107,10.7105,-13.3236,6411.2441,1.1804,NA,NA
SandFall-Win64-Shipping.exe,19588,0x2EC4BC3AB90,DXGI,0,512,1,Hardware: Independent Flip,6435.2288,0.3887,0.2022,0.1865,17.8456,0.1242,0.1212,0.0030,29.7365,9.9221,13.2742,6435.2288,11.7667,NA,NA
SandFall-Win64-Shipping.exe,19588,0x2EC4BC3AB90,DXGI,0,512,1,Hardware: Independent Flip,6435.6175,21.9260,21.6547,0.2713,17.5811,21.6670,21.6583,0.0087,39.2699,10.2188,-9.5334,6435.6175,0.0218,NA,NA
SandFall-Win64-Shipping.exe,19588,0x2EC4BC3AB90,DXGI,0,512,1,Hardware: Independent Flip,6457.5435,0.3682,0.1877,0.1805,17.3221,0.0893,0.0876,0.0017,27.5627,11.8548,11.7072,6457.5435,10.1513,NA,NA
SandFall-Win64-Shipping.exe,19588,0x2EC4BC3AB90,DXGI,0,512,1,Hardware: Independent Flip,6457.9117,24.1954,23.9295,0.2659,17.0432,21.5552,21.5483,0.0069,39.0493,10.3747,-11.4866,6457.9117,0.4509,NA,NA
SandFall-Win64-Shipping.exe,19588,0x2EC4BC3AB90,DXGI,0,512,1,Hardware: Independent Flip,6482.1071,0.3237,0.1651,0.1586,14.4030,0.1602,0.1577,0.0025,25.2286,10.3347,13.8207,6482.1071,10.6654,NA,NA
SandFall-Win64-Shipping.exe,19588,0x2EC4BC3AB90,DXGI,0,512,1,Hardware: Independent Flip,6482.4308,18.7071,18.3902,0.3169,14.2395,20.9985,20.9865,0.0120,35.2396,10.6805,-10.0110,6482.4308,0.0016,NA,NA
SandFall-Win64-Shipping.exe,19588,0x2EC4BC3AB90,DXGI,0,512,1,Hardware: Independent Flip,6501.1379,0.3256,0.1674,0.1582,16.5309,0.1176,0.1156,0.0020,27.2130,12.0376,8.0266,6501.1379,10.5645,NA,NA
SandFall-Win64-Shipping.exe,19588,0x2EC4BC3AB90,DXGI,0,512,1,Hardware: Independent Flip,6501.4635,25.3125,25.0450,0.2675,16.3229,22.6012,21.5719,1.0293,38.9250,11.6762,-11.7120,6501.4635,0.0009,NA,NA
SandFall-Win64-Shipping.exe,19588,0x2EC4BC3AB90,DXGI,0,512,1,Hardware: Independent Flip,6526.7760,0.3462,0.1649,0.1813,13.6116,0.1091,0.1043,0.0048,25.2887,10.7135,13.6363,6526.7760,11.5680,NA,NA
SandFall-Win64-Shipping.exe,19588,0x2EC4BC3AB90,DXGI,0,512,1,Hardware: Independent Flip,6527.1222,22.9816,22.7128,0.2688,13.3745,22.2806,20.8391,1.4415,35.6560,12.1701,-10.3673,6527.1222,0.0009,NA,NA
SandFall-Win64-Shipping.exe,19588,0x2EC4BC3AB90,DXGI,0,512,1,Hardware: Independent Flip,6550.1038,0.3109,0.1582,0.1527,12.6735,0.0838,0.0768,0.0070,24.8445,12.3270,10.8115,6550.1038,12.0872,NA,NA
SandFall-Win64-Shipping.exe,19588,0x2EC4BC3AB90,DXGI,0,512,1,Hardware: Independent Flip,6550.4147,23.6661,23.3326,0.3335,12.4464,24.4128,21.9023,2.5105,36.8606,12.7416,-12.0161,6550.4147,0.0014,NA,NA
SandFall-Win64-Shipping.exe,19588,0x2EC4BC3AB90,DXGI,0,512,1,Hardware: Independent Flip,6574.0808,0.4077,0.1693,0.2384,13.1931,0.1960,0.1942,0.0018,25.9361,8.0386,10.9245,6574.0808,12.5470,NA,NA
SandFall-Win64-Shipping.exe,19588,0x2EC4BC3AB90,DXGI,0,512,1,Hardware: Independent Flip,6574.4885,20.9252,20.6798,0.2454,12.9814,20.5841,20.2986,0.2855,33.5670,10.9813,-7.6309,6574.4885,0.0015,NA,NA
SandFall-Win64-Shipping.exe,19588,0x2EC4BC3AB90,DXGI,0,512,1,Hardware: Independent Flip,6595.4137,0.3715,0.2094,0.1621,12.6403,0.1090,0.1005,0.0085,23.6231,14.4538,9.9439,6595.4137,10.8738,NA,NA
SandFall-Win64-Shipping.exe,19588,0x2EC4BC3AB90,DXGI,0,512,1,Hardware: Independent Flip,6595.7852,23.6041,23.2536,0.3505,12.3778,23.8269,20.7254,3.1015,37.7054,10.4546,-14.0823,6595.7852,1.5007,NA,NA
SandFall-Win64-Shipping.exe,19588,0x2EC4BC3AB90,DXGI,0,512,1,Hardware: Independent Flip,6619.3893,0.3220,0.1656,0.1564,12.6006,0.0791,0.0774,0.0017,24.5559,8.9786,13.1495,6619.3893,11.8762,NA,NA
SandFall-Win64-Shipping.exe,19588,0x2EC4BC3AB90,DXGI,0,512,1,Hardware: Independent Flip,6619.7113,21.1896,20.9466,0.2430,12.3577,20.8538,19.8521,1.0017,33.2125,9.9530,-8.6566,6619.7113,0.0010,NA,NA
SandFall-Win64-Shipping.exe,19588,0x2EC4BC3AB90,DXGI,0,512,1,Hardware: Independent Flip,6640.9009,0.3132,0.1563,0.1569,12.0219,0.0886,0.0820,0.0066,21.9759,12.7519,11.2366,6640.9009,9.8654,NA,NA
SandFall-Win64-Shipping.exe,19588,0x2EC4BC3AB90,DXGI,0,512,1,Hardware: Independent Flip,6641.2141,22.1450,21.8967,0.2483,11.7973,22.1468,19.6626,2.4842,34.4146,10.6376,-12.4387,6641.2141,0.4705,NA,NA
SandFall-Win64-Shipping.exe,19588,0x2EC4BC3AB90,DXGI,0,512,1,Hardware: Independent Flip,6663.3591,0.3142,0.1586,0.1556,11.7991,0.0808,0.0792,0.0016,22.9072,13.2869,11.5074,6663.3591,11.0273,NA,NA
SandFall-Win64-Shipping.exe,19588,0x2EC4BC3AB90,DXGI,0,512,1,Hardware: Independent Flip,6663.6733,21.7616,21.5108,0.2508,11.5657,24.3137,22.5003,1.8134,35.8799,12.8741,-12.9727,6663.6733,0.0005,NA,NA
SandFall-Win64-Shipping.exe,19588,0x2EC4BC3AB90,DXGI,0,512,1,Hardware: Independent Flip,6685.4349,0.3313,0.1757,0.1556,14.1178,0.1397,0.1374,0.0023,26.9924,6.7735,8.8875,6685.4349,12.7349,NA,NA
SandFall-Win64-Shipping.exe,19588,0x2EC4BC3AB90,DXGI,0,512,1,Hardware: Independent Flip,6685.7662,19.7553,19.4931,0.2622,13.9262,19.5075,19.4982,0.0093,33.4346,9.8161,-6.4422,6685.7662,0.0009,NA,NA
SandFall-Win64-Shipping.exe,19588,0x2EC4BC3AB90,DXGI,0,512,1,Hardware: Independent Flip,6705.5215,0.3392,0.1795,0.1597,13.6784,0.1309,0.1291,0.0018,23.4954,9.9004,9.9392,6705.5215,9.6861,NA,NA
SandFall-Win64-Shipping.exe,19588,0x2EC4BC3AB90,DXGI,0,512,1,Hardware: Independent Flip,6705.8607,20.5926,20.3210,0.2716,13.4701,19.5618,19.5488,0.0130,33.0566,9.7702,-9.5612,6705.8607,0.0247,NA,NA
SandFall-Win64-Shipping.exe,19588,0x2EC4BC3AB90,DXGI,0,512,1,Hardware: Independent Flip,6726.4533,0.3429,0.1699,0.1730,12.4393,0.1027,0.1006,0.0021,22.2342,9.9701,10.8224,6726.4533,9.6922,NA,NA
SandFall-Win64-Shipping.exe,19588,0x2EC4BC3AB90,DXGI,0,512,1,Hardware: Independent Flip,6726.7962,20.3376,19.9503,0.3873,12.1991,19.6606,19.3791,0.2815,31.8614,10.4566,-9.6272,6726.7962,0.0017,NA,NA
SandFall-Win64-Shipping.exe,19588,0x2EC4BC3AB90,DXGI,0,512,1,Hardware: Independent Flip,6747.1338,0.3622,0.1947,0.1675,11.5221,0.1007,0.0989,0.0018,21.9804,10.8026,9.8810,6747.1338,10.3576,NA,NA
SandFall-Win64-Shipping.exe,19588,0x2EC4BC3AB90,DXGI,0,512,1,Hardware: Independent Flip,6747.4960,23.1910,22.9414,0.2496,11.2606,21.1593,19.3919,1.7674,32.4208,11.3715,-10.4404,6747.4960,0.0009,NA,NA
SandFall-Win64-Shipping.exe,19588,0x2EC4BC3AB90,DXGI,0,512,1,Hardware: Independent Flip,6770.6870,0.3155,0.1575,0.1580,9.2289,0.0815,0.0798,0.0017,20.6013,7.8670,11.8195,6770.6870,11.2909,NA,NA
SandFall-Win64-Shipping.exe,19588,0x2EC4BC3AB90,DXGI,0,512,1,Hardware: Independent Flip,6771.0025,16.9397,16.6935,0.2462,8.9949,19.1569,18.8870,0.2699,28.1528,10.0897,-7.5515,6771.0025,0.0010,NA,NA
SandFall-Win64-Shipping.exe,19588,0x2EC4BC3AB90,DXGI,0,512,1,Hardware: Independent Flip,6787.9422,0.3223,0.1577,0.1646,11.2121,0.0710,0.0653,0.0057,21.3028,12.2621,6.8500,6787.9422,10.0197,NA,NA
SandFall-Win64-Shipping.exe,19588,0x2EC4BC3AB90,DXGI,0,512,1,Hardware: Independent Flip,6788.2645,21.4532,21.1963,0.2569,10.9608,21.6887,19.4753,2.2134,33.2426,10.2751,-11.9398,6788.2645,0.5931,NA,NA
SandFall-Win64-Shipping.exe,19588,0x2EC4BC3AB90,DXGI,0,512,1,Hardware: Independent Flip,6809.7177,0.3111,0.1573,0.1538,11.1963,0.0817,0.0801,0.0016,22.0645,8.8171,11.1781,6809.7177,10.7865,NA,NA
SandFall-Win64-Shipping.exe,19588,0x2EC4BC3AB90,DXGI,0,512,1,Hardware: Independent Flip,6810.0288,18.9843,18.7046,0.2797,10.9669,19.6028,19.5886,0.0142,30.5705,9.9792,-8.5060,6810.0288,0.0008,NA,NA
SandFall-Win64-Shipping.exe,19588,0x2EC4BC3AB90,DXGI,0,512,1,Hardware: Independent Flip,6829.0131,0.3229,0.1612,0.1617,11.5854,0.1085,0.1062,0.0023,21.5654,9.2570,9.0051,6829.0131,9.8715,NA,NA
SandFall-Win64-Shipping.exe,19588,0x2EC4BC3AB90,DXGI,0,512,1,Hardware: Independent Flip,6829.3360,19.2139,18.9601,0.2538,11.3710,19.0941,18.9641,0.1300,30.4995,9.5042,-8.9341,6829.3360,0.0344,NA,NA
SandFall-Win64-Shipping.exe,19588,0x2EC4BC3AB90,DXGI,0,512,1,Hardware: Independent Flip,6848.5499,0.3226,0.1581,0.1645,11.2512,0.1018,0.0986,0.0032,20.7898,11.4078,9.7097,6848.5499,9.4368,NA,NA
SandFall-Win64-Shipping.exe,19588,0x2EC4BC3AB90,DXGI,0,512,1,Hardware: Independent Flip,6848.8725,19.8509,19.5972,0.2537,11.0304,20.4213,19.3819,1.0394,31.8750,9.8406,-11.0852,6848.8725,0.4233,NA,NA
SandFall-Win64-Shipping.exe,19588,0x2EC4BC3AB90,DXGI,0,512,1,Hardware: Independent Flip,6868.7234,0.3061,0.1560,0.1501,11.6008,0.1263,0.1239,0.0024,21.8647,9.2511,10.0103,6868.7234,10.1376,NA,NA
SandFall-Win64-Shipping.exe,19588,0x2EC4BC3AB90,DXGI,0,512,1,Hardware: Independent Flip,6869.0295,18.6963,18.4336,0.2627,11.4210,19.3877,19.3800,0.0077,30.8097,9.9751,-8.9450,6869.0295,0.0010,NA,NA
SandFall-Win64-Shipping.exe,19588,0x2EC4BC3AB90,DXGI,0,512,1,Hardware: Independent Flip,6887.7258,0.3012,0.1526,0.1486,12.1124,0.0981,0.0966,0.0015,22.0885,9.4141,8.7212,6887.7258,9.8780,NA,NA
SandFall-Win64-Shipping.exe,19588,0x2EC4BC3AB90,DXGI,0,512,1,Hardware: Independent Flip,6888.0270,18.4886,18.2126,0.2760,11.9093,19.2911,19.2818,0.0093,31.2014,9.8926,-9.1129,6888.0270,0.0010,NA,NA
SandFall-Win64-Shipping.exe,19588,0x2EC4BC3AB90,DXGI,0,512,1,Hardware: Independent Flip,6906.5156,0.4061,0.2093,0.1968,12.7118,0.1424,0.1424,0.0000,22.6054,10.1719,8.5960,6906.5156,9.7512,NA,NA
SandFall-Win64-Shipping.exe,19588,0x2EC4BC3AB90,DXGI,0,512,1,Hardware: Independent Flip,6906.9217,19.4497,19.1854,0.2643,12.4481,19.8410,19.8321,0.0089,32.3712,9.8846,-9.7658,6906.9217,0.0821,NA,NA
SandFall-Win64-Shipping.exe,19588,0x2EC4BC3AB90,DXGI,0,512,1,Hardware: Independent Flip,6926.3714,0.3232,0.1558,0.1674,12.8394,0.1653,0.1629,0.0024,22.8061,9.4239,9.5651,6926.3714,9.8014,NA,NA
SandFall-Win64-Shipping.exe,19588,0x2EC4BC3AB90,DXGI,0,512,1,Hardware: Independent Flip,6926.6946,19.0376,18.7934,0.2442,12.6815,19.2242,19.2142,0.0100,31.9068,9.7085,-9.1007,6926.6946,0.0011,NA,NA
SandFall-Win64-Shipping.exe,19588,0x2EC4BC3AB90,DXGI,0,512,1,Hardware: Independent Flip,6945.7322,0.3138,0.1547,0.1591,12.8681,0.1944,0.1944,0.0000,22.5777,9.6279,9.3291,6945.7322,9.5152,NA,NA
SandFall-Win64-Shipping.exe,19588,0x2EC4BC3AB90,DXGI,0,512,1,Hardware: Independent Flip,6946.0460,19.9551,19.6642,0.2909,12.7487,18.9660,18.9554,0.0106,31.8918,9.3349,-9.3141,6946.0460,0.1771,NA,NA
SandFall-Win64-Shipping.exe,19588,0x2EC4BC3AB90,DXGI,0,512,1,Hardware: Independent Flip,6966.0011,0.3498,0.1662,0.1836,11.7596,0.1098,0.1076,0.0022,21.2716,9.6798,10.6202,6966.0011,9.4022,NA,NA
SandFall-Win64-Shipping.exe,19588,0x2EC4BC3AB90,DXGI,0,512,1,Hardware: Independent Flip,6966.3509,19.4104,19.1626,0.2478,11.5196,18.8497,18.8397,0.0100,30.6016,9.1566,-9.3300,6966.3509,0.2323,NA,NA
SandFall-Win64-Shipping.exe,19588,0x2EC4BC3AB90,DXGI,0,512,1,Hardware: Independent Flip,6985.7613,0.3166,0.1584,0.1582,10.9589,0.1360,0.1341,0.0019,20.3478,9.7150,10.2538,6985.7613,9.2529,NA,NA
SandFall-Win64-Shipping.exe,19588,0x2EC4BC3AB90,DXGI,0,512,1,Hardware: Independent Flip,6986.0779,17.3680,17.1021,0.2659,10.7783,18.8752,18.8626,0.0126,29.7462,9.2779,-9.3984,6986.0779,0.0927,NA,NA
SandFall-Win64-Shipping.exe,19588,0x2EC4BC3AB90,DXGI,0,512,1,Hardware: Independent Flip,7003.4459,0.3620,0.2007,0.1613,12.2855,0.1162,0.1162,0.0000,21.6561,11.0096,8.0901,7003.4459,9.2544,NA,NA
SandFall-Win64-Shipping.exe,19588,0x2EC4BC3AB90,DXGI,0,512,1,Hardware: Independent Flip,7003.8079,23.2080,22.9026,0.3054,12.0397,20.2633,19.8989,0.3644,32.3037,10.2297,-10.6476,7003.8079,0.0007,NA,NA
SandFall-Win64-Shipping.exe,19588,0x2EC4BC3AB90,DXGI,0,512,1,Hardware: Independent Flip,7027.0159,0.4055,0.2104,0.1951,9.0950,0.0956,0.0940,0.0016,19.3254,9.6143,12.9783,7027.0159,10.1348,NA,NA
SandFall-Win64-Shipping.exe,19588,0x2EC4BC3AB90,DXGI,0,512,1,Hardware: Independent Flip,7027.4214,16.6837,16.4424,0.2413,8.7851,19.7482,19.7400,0.0082,28.5342,10.5537,-9.2088,7027.4214,0.0009,NA,NA
SandFall-Win64-Shipping.exe,19588,0x2EC4BC3AB90,DXGI,0,512,1,Hardware: Independent Flip,7044.1051,0.3435,0.1704,0.1731,11.8496,0.1104,0.1082,0.0022,22.4042,8.8223,6.1300,7044.1051,10.4442,NA,NA
SandFall-Win64-Shipping.exe,19588,0x2EC4BC3AB90,DXGI,0,512,1,Hardware: Independent Flip,7044.4486,17.1851,16.9436,0.2415,11.6165,19.2655,19.2568,0.0087,30.8830,10.2642,-8.4788,7044.4486,0.0010,NA,NA
SandFall-Win64-Shipping.exe,19588,0x2EC4BC3AB90,DXGI,0,512,1,Hardware: Independent Flip,7061.6337,0.3681,0.1753,0.1928,13.6969,0.1445,0.1421,0.0024,23.9621,9.0522,6.9209,7061.6337,10.1207,NA,NA
SandFall-Win64-Shipping.exe,19588,0x2EC4BC3AB90,DXGI,0,512,1,Hardware: Independent Flip,7062.0018,18.8672,18.6155,0.2517,13.4733,18.9817,18.9722,0.0095,32.6462,9.3643,-8.6841,7062.0018,0.1912,NA,NA
SandFall-Win64-Shipping.exe,19588,0x2EC4BC3AB90,DXGI,0,512,1,Hardware: Independent Flip,7080.8690,0.3592,0.1737,0.1855,13.5878,0.1555,0.1555,0.0000,23.1433,9.9821,9.5029,7080.8690,9.4000,NA,NA
SandFall-Win64-Shipping.exe,19588,0x2EC4BC3AB90,DXGI,0,512,1,Hardware: Independent Flip,7081.2282,18.5547,18.3146,0.2401,13.3841,18.9518,18.9414,0.0104,32.7662,8.9727,-9.6229,7081.2282,0.4303,NA,NA
SandFall-Win64-Shipping.exe,19588,0x2EC4BC3AB90,DXGI,0,512,1,Hardware: Independent Flip,7099.7829,0.3255,0.1567,0.1688,13.7812,0.1412,0.1383,0.0029,23.1842,9.9833,9.5820,7099.7829,9.2618,NA,NA
SandFall-Win64-Shipping.exe,19588,0x2EC4BC3AB90,DXGI,0,512,1,Hardware: Independent Flip,7100.1084,20.1047,19.8485,0.2562,13.5969,18.8820,18.8742,0.0078,32.8420,8.9258,-9.6578,7100.1084,0.3631,NA,NA
SandFall-Win64-Shipping.exe,19588,0x2EC4BC3AB90,DXGI,0,512,1,Hardware: Independent Flip,7120.2131,0.3556,0.1683,0.1873,12.3742,0.1002,0.0980,0.0022,21.6631,9.3190,11.1789,7120.2131,9.1887,NA,NA
SandFall-Win64-Shipping.exe,19588,0x2EC4BC3AB90,DXGI,0,512,1,Hardware: Independent Flip,7120.5687,20.9639,20.7098,0.2541,12.1188,18.4831,18.4701,0.0130,30.6265,9.0868,-8.9634,7120.5687,0.0246,NA,NA
SandFall-Win64-Shipping.exe,19588,0x2EC4BC3AB90,DXGI,0,512,1,Hardware: Independent Flip,7141.5326,0.3373,0.1703,0.1670,9.6380,0.1559,0.1536,0.0023,18.7494,10.2306,11.8771,7141.5326,8.9555,NA,NA
SandFall-Win64-Shipping.exe,19588,0x2EC4BC3AB90,DXGI,0,512,1,Hardware: Independent Flip,7141.8699,16.7435,16.4821,0.2614,9.4566,19.1850,19.1717,0.0133,28.6427,9.8048,-9.8933,7141.8699,0.0011,NA,NA
SandFall-Win64-Shipping.exe,19588,0x2EC4BC3AB90,DXGI,0,512,1,Hardware: Independent Flip,7158.6134,0.3155,0.1588,0.1567,11.8981,0.1272,0.1256,0.0016,21.7040,9.4065,6.9387,7158.6134,9.6787,NA,NA
SandFall-Win64-Shipping.exe,19588,0x2EC4BC3AB90,DXGI,0,512,1,Hardware: Independent Flip,7158.9289,18.8086,18.4814,0.3272,11.7098,19.0840,19.0716,0.0124,30.7950,10.1087,-9.0910,7158.9289,0.0012,NA,NA
SandFall-Win64-Shipping.exe,19588,0x2EC4BC3AB90,DXGI,0,512,1,Hardware: Independent Flip,7177.7375,0.3497,0.1795,0.1702,11.9852,0.1268,0.1247,0.0021,22.0951,8.7766,8.6999,7177.7375,9.9831,NA,NA
SandFall-Win64-Shipping.exe,19588,0x2EC4BC3AB90,DXGI,0,512,1,Hardware: Independent Flip,7178.0872,19.5197,19.2213,0.2984,11.7623,18.7580,18.7451,0.0129,30.5220,9.7731,-8.4269,7178.0872,0.0017,NA,NA
SandFall-Win64-Shipping.exe,19588,0x2EC4BC3AB90,DXGI,0,512,1,Hardware: Independent Flip,7197.6069,0.3922,0.1901,0.2021,11.0006,0.0832,0.0809,0.0023,20.7754,10.0835,9.7466,7197.6069,9.6916,NA,NA
SandFall-Win64-Shipping.exe,19588,0x2EC4BC3AB90,DXGI,0,512,1,Hardware: Independent Flip,7197.9991,19.0356,18.7197,0.3159,10.6916,19.6519,19.3753,0.2766,30.4667,9.7635,-9.6913,7197.9991,0.1232,NA,NA
SandFall-Win64-Shipping.exe,19588,0x2EC4BC3AB90,DXGI,0,512,1,Hardware: Independent Flip,7217.0347,0.3268,0.1687,0.1581,11.3079,0.1611,0.1588,0.0023,21.1946,9.1364,9.2721,7217.0347,9.7256,NA,NA
SandFall-Win64-Shipping.exe,19588,0x2EC4BC3AB90,DXGI,0,512,1,Hardware: Independent Flip,7217.3615,18.3283,18.0703,0.2580,11.1422,18.8607,18.8483,0.0124,30.0042,9.4613,-8.8096,7217.3615,0.0013,NA,NA
SandFall-Win64-Shipping.exe,19588,0x2EC4BC3AB90,DXGI,0,512,1,Hardware: Independent Flip,7235.6898,0.3196,0.1600,0.1596,11.6746,0.2568,0.2568,0.0000,21.1372,9.6739,8.8670,7235.6898,9.2058,NA,NA
SandFall-Win64-Shipping.exe,19588,0x2EC4BC3AB90,DXGI,0,512,1,Hardware: Independent Flip,7236.0094,19.7472,19.4788,0.2684,11.6118,18.5870,18.4885,0.0985,30.4915,9.1224,-9.3543,7236.0094,0.2927,NA,NA
SandFall-Win64-Shipping.exe,19588,0x2EC4BC3AB90,DXGI,0,512,1,Hardware: Independent Flip,7255.7566,0.3333,0.1689,0.1644,10.4516,0.1184,0.1162,0.0022,19.8667,9.6761,10.6248,7255.7566,9.2967,NA,NA
SandFall-Win64-Shipping.exe,19588,0x2EC4BC3AB90,DXGI,0,512,1,Hardware: Independent Flip,7256.0899,17.7692,17.5309,0.2383,10.2367,18.7984,18.7899,0.0085,29.2095,9.1308,-9.3428,7256.0899,0.1744,NA,NA
SandFall-Win64-Shipping.exe,19588,0x2EC4BC3AB90,DXGI,0,512,1,Hardware: Independent Flip,7273.8591,0.3106,0.1559,0.1547,11.2659,0.1197,0.1137,0.0060,20.5711,9.4116,8.6384,7273.8591,9.1855,NA,NA
SandFall-Win64-Shipping.exe,19588,0x2EC4BC3AB90,DXGI,0,512,1,Hardware: Independent Flip,7274.1697,18.8692,18.6154,0.2538,11.0750,18.5962,18.4807,0.1155,29.6721,9.3064,-9.1010,7274.1697,0.0009,NA,NA
SandFall-Win64-Shipping.exe,19588,0x2EC4BC3AB90,DXGI,0,512,1,Hardware: Independent Flip,7293.0389,0.3129,0.1562,0.1567,10.8020,0.0724,0.0702,0.0022,20.1093,10.8431,9.5628,7293.0389,9.2349,NA,NA
SandFall-Win64-Shipping.exe,19588,0x2EC4BC3AB90,DXGI,0,512,1,Hardware: Independent Flip,7293.3518,19.5839,19.3409,0.2430,10.5615,20.0768,18.8200,1.2568,30.6395,10.2620,-10.5302,7293.3518,0.0012,NA,NA
SandFall-Win64-Shipping.exe,19588,0x2EC4BC3AB90,DXGI,0,512,1,Hardware: Independent Flip,7312.9357,0.3371,0.1590,0.1781,11.0544,0.0901,0.0880,0.0021,21.3176,10.2305,9.3219,7312.9357,10.1731,NA,NA
SandFall-Win64-Shipping.exe,19588,0x2EC4BC3AB90,DXGI,0,512,1,Hardware: Independent Flip,7313.2728,19.6661,19.4082,0.2579,10.8074,20.4029,19.4962,0.9067,31.2110,11.0893,-9.8934,7313.2728,0.0007,NA,NA
SandFall-Win64-Shipping.exe,19588,0x2EC4BC3AB90,DXGI,0,512,1,Hardware: Independent Flip,7332.9389,0.3253,0.1611,0.1642,11.5442,0.1004,0.0952,0.0052,22.6342,8.3312,8.5768,7332.9389,10.9896,NA,NA
SandFall-Win64-Shipping.exe,19588,0x2EC4BC3AB90,DXGI,0,512,1,Hardware: Independent Flip,7333.2642,17.1112,16.8455,0.2657,11.3193,19.3202,19.3125,0.0077,30.6401,10.1875,-8.0059,7333.2642,0.0006,NA,NA
SandFall-Win64-Shipping.exe,19588,0x2EC4BC3AB90,DXGI,0,512,1,Hardware: Independent Flip,7350.3754,0.3687,0.2026,0.1661,13.5283,0.1056,0.1033,0.0023,23.7164,9.2649,6.9237,7350.3754,10.0825,NA,NA
SandFall-Win64-Shipping.exe,19588,0x2EC4BC3AB90,DXGI,0,512,1,Hardware: Independent Flip,7350.7441,18.9538,18.6779,0.2759,13.2652,18.9512,18.9406,0.0106,32.6126,9.1483,-8.8962,7350.7441,0.3962,NA,NA
SandFall-Win64-Shipping.exe,19588,0x2EC4BC3AB90,DXGI,0,512,1,Hardware: Independent Flip,7369.6979,0.4061,0.2285,0.1776,13.2626,0.1415,0.1399,0.0016,22.8071,9.8910,9.8055,7369.6979,9.4030,NA,NA
SandFall-Win64-Shipping.exe,19588,0x2EC4BC3AB90,DXGI,0,512,1,Hardware: Independent Flip,7370.1040,18.0581,17.8217,0.2364,12.9980,18.9209,18.9129,0.0080,32.2920,8.9358,-9.4849,7370.1040,0.3731,NA,NA
SandFall-Win64-Shipping.exe,19588,0x2EC4BC3AB90,DXGI,0,512,1,Hardware: Independent Flip,7388.1621,0.3238,0.1589,0.1649,13.8608,0.0737,0.0687,0.0050,23.1697,9.7658,9.1223,7388.1621,9.2352,NA,NA
SandFall-Win64-Shipping.exe,19588,0x2EC4BC3AB90,DXGI,0,512,1,Hardware: Independent Flip,7388.4859,21.6495,21.3842,0.2653,13.6107,18.6934,18.6861,0.0073,32.6117,8.8694,-9.4420,7388.4859,0.3076,NA,NA
SandFall-Win64-Shipping.exe,19588,0x2EC4BC3AB90,DXGI,0,512,1,Hardware: Independent Flip,7410.1354,0.3424,0.1659,0.1765,10.6546,0.1094,0.1094,0.0000,19.8316,9.9993,12.7801,7410.1354,9.0676,NA,NA
SandFall-Win64-Shipping.exe,19588,0x2EC4BC3AB90,DXGI,0,512,1,Hardware: Independent Flip,7410.4778,16.7904,16.5340,0.2564,10.4216,18.9655,18.9553,0.0102,29.4885,9.2800,-9.6569,7410.4778,0.1014,NA,NA
SandFall-Win64-Shipping.exe,19588,0x2EC4BC3AB90,DXGI,0,512,1,Hardware: Independent Flip,7427.2682,0.3115,0.1567,0.1548,12.5967,0.1747,0.1542,0.0205,21.9781,10.1002,7.5104,7427.2682,9.2067,NA,NA
SandFall-Win64-Shipping.exe,19588,0x2EC4BC3AB90,DXGI,0,512,1,Hardware: Independent Flip,7427.5797,17.2765,17.0311,0.2454,12.4599,19.3058,19.2976,0.0082,31.7668,10.1291,-9.7887,7427.5797,0.0011,NA,NA
SandFall-Win64-Shipping.exe,19588,0x2EC4BC3AB90,DXGI,0,512,1,Hardware: Independent Flip,7444.8562,0.3513,0.1732,0.1781,14.4892,0.1441,0.1414,0.0027,24.6194,8.5503,7.1474,7444.8562,9.9861,NA,NA
SandFall-Win64-Shipping.exe,19588,0x2EC4BC3AB90,DXGI,0,512,1,Hardware: Independent Flip,7445.2075,18.2851,18.0252,0.2599,14.2820,18.5356,18.5255,0.0101,32.8184,9.7110,-8.1990,7445.2075,0.0008,NA,NA
SandFall-Win64-Shipping.exe,19588,0x2EC4BC3AB90,DXGI,0,512,1,Hardware: Independent Flip,7463.4926,0.3069,0.1524,0.1545,14.5325,0.1439,0.1439,0.0000,24.2443,8.7282,8.5741,7463.4926,9.5679,NA,NA
SandFall-Win64-Shipping.exe,19588,0x2EC4BC3AB90,DXGI,0,512,1,Hardware: Independent Flip,7463.7995,19.3188,19.0580,0.2608,14.3695,18.2952,18.2858,0.0094,32.6656,9.3045,-8.4213,7463.7995,0.0009,NA,NA
SandFall-Win64-Shipping.exe,19588,0x2EC4BC3AB90,DXGI,0,512,1,Hardware: Independent Flip,7483.1183,0.3222,0.1546,0.1676,13.3459,0.1532,0.1509,0.0023,22.6513,10.3573,10.0143,7483.1183,9.1522,NA,NA
SandFall-Win64-Shipping.exe,19588,0x2EC4BC3AB90,DXGI,0,512,1,Hardware: Independent Flip,7483.4405,19.2349,18.9860,0.2489,13.1769,19.1266,19.1180,0.0086,32.6864,9.1783,-10.0351,7483.4405,0.3829,NA,NA
SandFall-Win64-Shipping.exe,19588,0x2EC4BC3AB90,DXGI,0,512,1,Hardware: Independent Flip,7502.6754,0.3117,0.1550,0.1567,13.0686,0.1119,0.1091,0.0028,22.6298,12.4356,10.0566,7502.6754,9.4493,NA,NA
SandFall-Win64-Shipping.exe,19588,0x2EC4BC3AB90,DXGI,0,512,1,Hardware: Independent Flip,7502.9871,20.9549,20.7140,0.2409,12.8688,21.8839,21.8738,0.0101,34.7537,10.9033,-12.1239,7502.9871,0.0010,NA,NA
SandFall-Win64-Shipping.exe,19588,0x2EC4BC3AB90,DXGI,0,512,1,Hardware: Independent Flip,7523.9420,0.3229,0.1592,0.1637,13.7978,0.1485,0.1455,0.0030,24.7021,11.2385,10.0516,7523.9420,10.7558,NA,NA
SandFall-Win64-Shipping.exe,19588,0x2EC4BC3AB90,DXGI,0,512,1,Hardware: Independent Flip,7524.2649,18.1991,17.9548,0.2443,13.6234,21.9936,21.9845,0.0091,35.6177,12.2813,-10.9156,7524.2649,0.0007,NA,NA
SandFall-Win64-Shipping.exe,19588,0x2EC4BC3AB90,DXGI,0,512,1,Hardware: Independent Flip,7542.4640,0.3044,0.1511,0.1533,17.4179,0.1396,0.1363,0.0033,29.6999,6.8005,5.9178,7542.4640,12.1424,NA,NA
SandFall-Win64-Shipping.exe,19588,0x2EC4BC3AB90,DXGI,0,512,1,Hardware: Independent Flip,7542.7684,17.7679,17.4476,0.3203,17.2531,18.9420,18.9382,0.0038,36.1960,9.4844,-6.4961,7542.7684,0.0009,NA,NA
SandFall-Win64-Shipping.exe,19588,0x2EC4BC3AB90,DXGI,0,512,1,Hardware: Independent Flip,7560.5363,0.3655,0.1951,0.1704,18.4272,0.1491,0.1454,0.0037,27.9125,10.5612,8.2835,7560.5363,9.3362,NA,NA
SandFall-Win64-Shipping.exe,19588,0x2EC4BC3AB90,DXGI,0,512,1,Hardware: Independent Flip,7560.9018,18.8613,18.5045,0.3568,18.2108,19.7963,19.7877,0.0086,38.1082,9.8876,-10.1957,7560.9018,0.1011,NA,NA
SandFall-Win64-Shipping.exe,19588,0x2EC4BC3AB90,DXGI,0,512,1,Hardware: Independent Flip,7579.7631,0.3540,0.1768,0.1772,19.1458,0.1096,0.1053,0.0043,29.1345,9.9233,8.9737,7579.7631,9.8791,NA,NA
SandFall-Win64-Shipping.exe,19588,0x2EC4BC3AB90,DXGI,0,512,1,Hardware: Independent Flip,7580.1171,23.2627,22.9815,0.2812,18.9014,19.8017,19.7941,0.0076,38.7038,10.5238,-9.5693,7580.1171,0.0007,NA,NA
SandFall-Win64-Shipping.exe,19588,0x2EC4BC3AB90,DXGI,0,512,1,Hardware: Independent Flip,7603.3798,0.3649,0.1984,0.1665,15.4404,0.1201,0.1178,0.0023,25.9649,9.7517,12.7389,7603.3798,10.4044,NA,NA
SandFall-Win64-Shipping.exe,19588,0x2EC4BC3AB90,DXGI,0,512,1,Hardware: Independent Flip,7603.7447,20.7192,20.4579,0.2613,15.1956,20.1549,20.1486,0.0063,35.3517,10.8128,-9.3868,7603.7447,0.0012,NA,NA
SandFall-Win64-Shipping.exe,19588,0x2EC4BC3AB90,DXGI,0,512,1,Hardware: Independent Flip,7624.4639,0.3338,0.1724,0.1614,14.6313,0.1418,0.1395,0.0023,25.4453,8.8552,9.9064,7624.4639,10.6722,NA,NA
SandFall-Win64-Shipping.exe,19588,0x2EC4BC3AB90,DXGI,0,512,1,Hardware: Independent Flip,7624.7977,21.0398,20.7516,0.2882,14.4393,19.5264,19.5190,0.0074,33.9667,10.2632,-8.5214,7624.7977,0.0010,NA,NA
SandFall-Win64-Shipping.exe,19588,0x2EC4BC3AB90,DXGI,0,512,1,Hardware: Independent Flip,7645.8375,0.3764,0.2012,0.1752,12.9259,0.1445,0.1445,0.0000,23.1901,9.2532,10.7766,7645.8375,10.1197,NA,NA
SandFall-Win64-Shipping.exe,19588,0x2EC4BC3AB90,DXGI,0,512,1,Hardware: Independent Flip,7646.2139,15.2345,14.9889,0.2456,12.6940,18.9020,18.8921,0.0099,32.0669,9.0465,-8.8768,7646.2139,0.4709,NA,NA
SandFall-Win64-Shipping.exe,19588,0x2EC4BC3AB90,DXGI,0,512,1,Hardware: Independent Flip,7661.4484,0.3088,0.1541,0.1547,16.3615,0.1313,0.1284,0.0029,25.8789,10.1660,6.1880,7661.4484,9.3861,NA,NA
SandFall-Win64-Shipping.exe,19588,0x2EC4BC3AB90,DXGI,0,512,1,Hardware: Independent Flip,7661.7572,20.2303,19.9532,0.2771,16.1840,19.1518,19.1428,0.0090,35.7361,8.9339,-9.8572,7661.7572,0.4003,NA,NA
SandFall-Win64-Shipping.exe,19588,0x2EC4BC3AB90,DXGI,0,512,1,Hardware: Independent Flip,7681.9875,0.3408,0.1677,0.1731,15.1055,0.1318,0.1288,0.0030,24.4397,10.4980,11.2964,7681.9875,9.2024,NA,NA
SandFall-Win64-Shipping.exe,19588,0x2EC4BC3AB90,DXGI,0,512,1,Hardware: Independent Flip,7682.3283,19.8591,19.6244,0.2347,14.8965,19.2480,19.2398,0.0082,34.5969,8.9781,-10.1572,7682.3283,0.4524,NA,NA
SandFall-Win64-Shipping.exe,19588,0x2EC4BC3AB90,DXGI,0,512,1,Hardware: Independent Flip,7702.1874,0.3354,0.1611,0.1743,14.2854,0.0906,0.0881,0.0025,23.7159,9.9208,10.8810,7702.1874,9.3399,NA,NA
SandFall-Win64-Shipping.exe,19588,0x2EC4BC3AB90,DXGI,0,512,1,Hardware: Independent Flip,7702.5228,21.5569,21.3050,0.2519,14.0406,19.2597,19.2438,0.0159,33.3013,9.6451,-9.5854,7702.5228,0.0010,NA,NA
SandFall-Win64-Shipping.exe,19588,0x2EC4BC3AB90,DXGI,0,512,1,Hardware: Independent Flip,7724.0797,0.3033,0.1515,0.1518,11.7434,0.1629,0.1585,0.0044,21.3895,9.6284,11.9118,7724.0797,9.4832,NA,NA
SandFall-Win64-Shipping.exe,19588,0x2EC4BC3AB90,DXGI,0,512,1,Hardware: Independent Flip,7724.3830,19.3019,19.0595,0.2424,11.6030,19.1112,19.1002,0.0110,30.7146,10.0821,-9.3251,7724.3830,0.0004,NA,NA
SandFall-Win64-Shipping.exe,19588,0x2EC4BC3AB90,DXGI,0,512,1,Hardware: Independent Flip,7743.6849,0.3500,0.1545,0.1955,11.4123,0.1032,0.0996,0.0036,21.4948,10.0791,9.2198,7743.6849,9.9793,NA,NA
SandFall-Win64-Shipping.exe,19588,0x2EC4BC3AB90,DXGI,0,512,1,Hardware: Independent Flip,7744.0349,20.4582,20.2168,0.2414,11.1655,20.0579,19.0880,0.9699,31.2239,10.7124,-9.7291,7744.0349,0.0005,NA,NA
SandFall-Win64-Shipping.exe,19588,0x2EC4BC3AB90,DXGI,0,512,1,Hardware: Independent Flip,7764.4931,0.3254,0.1694,0.1560,10.7652,0.1146,0.1125,0.0021,21.4781,9.1726,9.7458,7764.4931,10.5983,NA,NA
SandFall-Win64-Shipping.exe,19588,0x2EC4BC3AB90,DXGI,0,512,1,Hardware: Independent Flip,7764.8185,19.2248,18.9758,0.2490,10.5544,19.7700,19.0090,0.7610,30.3253,10.5566,-8.8472,7764.8185,0.0009,NA,NA
SandFall-Win64-Shipping.exe,19588,0x2EC4BC3AB90,DXGI,0,512,1,Hardware: Independent Flip,7784.0433,0.3110,0.1570,0.1540,11.0996,0.0945,0.0929,0.0016,21.6571,10.8196,8.6682,7784.0433,10.4630,NA,NA
SandFall-Win64-Shipping.exe,19588,0x2EC4BC3AB90,DXGI,0,512,1,Hardware: Independent Flip,7784.3543,20.5994,20.3325,0.2669,10.8831,21.1507,19.4011,1.7496,32.1657,10.4728,-10.5086,7784.3543,0.1319,NA,NA
SandFall-Win64-Shipping.exe,19588,0x2EC4BC3AB90,DXGI,0,512,1,Hardware: Independent Flip,7804.9537,0.3597,0.1682,0.1915,11.4344,0.1350,0.1320,0.0030,22.0391,9.2753,10.1266,7804.9537,10.4697,NA,NA
SandFall-Win64-Shipping.exe,19588,0x2EC4BC3AB90,DXGI,0,512,1,Hardware: Independent Flip,7805.3134,19.4860,19.2451,0.2409,11.2097,19.7368,19.7264,0.0104,30.9547,9.8220,-8.9156,7805.3134,0.0082,NA,NA
SandFall-Win64-Shipping.exe,19588,0x2EC4BC3AB90,DXGI,0,512,1,Hardware: Independent Flip,7824.7994,0.3318,0.1730,0.1588,11.4605,0.1262,0.1235,0.0027,21.2907,8.9567,9.6640,7824.7994,9.7040,NA,NA
SandFall-Win64-Shipping.exe,19588,0x2EC4BC3AB90,DXGI,0,512,1,Hardware: Independent Flip,7825.1312,18.0327,17.7829,0.2498,11.2549,18.3312,18.3173,0.0139,29.9156,8.9023,-8.6249,7825.1312,0.3295,NA,NA
SandFall-Win64-Shipping.exe,19588,0x2EC4BC3AB90,DXGI,0,512,1,Hardware: Independent Flip,7843.1639,0.3121,0.1567,0.1554,11.5534,0.1100,0.1078,0.0022,20.7852,11.2594,9.1304,7843.1639,9.1218,NA,NA
SandFall-Win64-Shipping.exe,19588,0x2EC4BC3AB90,DXGI,0,512,1,Hardware: Independent Flip,7843.4760,20.1492,19.8863,0.2629,11.3513,19.7811,18.9351,0.8460,31.7325,9.1732,-10.9473,7843.4760,0.6001,NA,NA
SandFall-Win64-Shipping.exe,19588,0x2EC4BC3AB90,DXGI,0,512,1,Hardware: Independent Flip,7863.6252,0.3553,0.1568,0.1985,10.9832,0.1092,0.1075,0.0017,20.7565,9.7382,10.9760,7863.6252,9.6641,NA,NA
SandFall-Win64-Shipping.exe,19588,0x2EC4BC3AB90,DXGI,0,512,1,Hardware: Independent Flip,7863.9805,19.0841,18.8329,0.2512,10.7371,19.4009,19.0827,0.3182,30.1394,9.5709,-9.3829,7863.9805,0.0014,NA,NA
SandFall-Win64-Shipping.exe,19588,0x2EC4BC3AB90,DXGI,0,512,1,Hardware: Independent Flip,7883.0646,0.3134,0.1559,0.1575,11.0539,0.1324,0.1302,0.0022,20.6262,9.5254,9.5132,7883.0646,9.4399,NA,NA
SandFall-Win64-Shipping.exe,19588,0x2EC4BC3AB90,DXGI,0,512,1,Hardware: Independent Flip,7883.3780,18.5332,18.2922,0.2410,10.8729,18.9644,18.9518,0.0126,29.8382,9.9025,-9.2120,7883.3780,0.0009,NA,NA
SandFall-Win64-Shipping.exe,19588,0x2EC4BC3AB90,DXGI,0,512,1,Hardware: Independent Flip,7901.9112,0.3085,0.1534,0.1551,11.3041,0.1015,0.0984,0.0031,21.2075,10.6247,8.6307,7901.9112,9.8019,NA,NA
SandFall-Win64-Shipping.exe,19588,0x2EC4BC3AB90,DXGI,0,512,1,Hardware: Independent Flip,7902.2197,20.6208,20.3741,0.2467,11.0971,20.4259,19.7062,0.7197,31.5237,10.6215,-10.3162,7902.2197,0.0007,NA,NA
SandFall-Win64-Shipping.exe,19588,0x2EC4BC3AB90,DXGI,0,512,1,Hardware: Independent Flip,7922.8405,0.3324,0.1718,0.1606,10.9022,0.0932,0.0911,0.0021,21.5244,8.4166,9.9993,7922.8405,10.5290,NA,NA
SandFall-Win64-Shipping.exe,19588,0x2EC4BC3AB90,DXGI,0,512,1,Hardware: Independent Flip,7923.1729,17.6166,17.3640,0.2526,10.6630,18.9448,18.9326,0.0122,29.6086,9.9867,-8.0842,7923.1729,0.0008,NA,NA
SandFall-Win64-Shipping.exe,19588,0x2EC4BC3AB90,DXGI,0,512,1,Hardware: Independent Flip,7940.7895,0.3157,0.1599,0.1558,11.9912,0.1465,0.1421,0.0044,21.9787,9.5644,7.6299,7940.7895,9.8410,NA,NA
SandFall-Win64-Shipping.exe,19588,0x2EC4BC3AB90,DXGI,0,512,1,Hardware: Independent Flip,7941.1052,19.6367,19.3908,0.2459,11.8220,19.0392,19.0294,0.0098,31.2274,9.2230,-9.2487,7941.1052,0.3662,NA,NA
SandFall-Win64-Shipping.exe,19588,0x2EC4BC3AB90,DXGI,0,512,1,Hardware: Independent Flip,7960.7419,0.3118,0.1562,0.1556,11.2245,0.1120,0.1102,0.0018,20.8137,10.2679,10.4137,7960.7419,9.4772,NA,NA
SandFall-Win64-Shipping.exe,19588,0x2EC4BC3AB90,DXGI,0,512,1,Hardware: Independent Flip,7961.0537,18.6249,18.3477,0.2772,11.0247,19.2852,19.2759,0.0093,30.7698,9.0064,-9.9561,7961.0537,0.4599,NA,NA
SandFall-Win64-Shipping.exe,19588,0x2EC4BC3AB90,DXGI,0,512,1,Hardware: Independent Flip,7979.6786,0.3182,0.1605,0.1577,11.6850,0.0985,0.0968,0.0017,21.1513,9.7857,9.6185,7979.6786,9.3678,NA,NA
SandFall-Win64-Shipping.exe,19588,0x2EC4BC3AB90,DXGI,0,512,1,Hardware: Independent Flip,7979.9968,17.1822,16.9097,0.2725,11.4653,19.0823,19.0734,0.0089,30.6188,9.2775,-9.4675,7979.9968,0.0712,NA,NA
SandFall-Win64-Shipping.exe,19588,0x2EC4BC3AB90,DXGI,0,512,1,Hardware: Independent Flip,7997.1790,0.3787,0.2114,0.1673,13.3654,0.1195,0.1176,0.0019,22.7141,10.0808,7.9047,7997.1790,9.2292,NA,NA
SandFall-Win64-Shipping.exe,19588,0x2EC4BC3AB90,DXGI,0,512,1,Hardware: Independent Flip,7997.5577,19.3177,19.0062,0.3115,13.1062,19.3090,19.2995,0.0095,32.4162,9.9702,-9.7021,7997.5577,0.0010,NA,NA
SandFall-Win64-Shipping.exe,19588,0x2EC4BC3AB90,DXGI,0,512,1,Hardware: Independent Flip,8016.8754,0.3800,0.1782,0.2018,13.0975,0.1449,0.1449,0.0000,23.0687,9.2169,9.3475,8016.8754,9.8263,NA,NA
SandFall-Win64-Shipping.exe,19588,0x2EC4BC3AB90,DXGI,0,512,1,Hardware: Independent Flip,8017.2554,18.3028,18.0338,0.2690,12.8624,19.0426,19.0377,0.0049,31.9056,10.0327,-8.8369,8017.2554,0.0006,NA,NA
SandFall-Win64-Shipping.exe,19588,0x2EC4BC3AB90,DXGI,0,512,1,Hardware: Independent Flip,8035.5582,0.3483,0.1769,0.1714,13.6022,0.2173,0.2154,0.0019,23.6355,8.7506,8.2701,8035.5582,9.8160,NA,NA
SandFall-Win64-Shipping.exe,19588,0x2EC4BC3AB90,DXGI,0,512,1,Hardware: Independent Flip,8035.9065,18.9583,18.6997,0.2586,13.4712,18.5658,18.5586,0.0072,32.0378,9.7148,-8.4023,8035.9065,0.0008,NA,NA
SandFall-Win64-Shipping.exe,19588,0x2EC4BC3AB90,DXGI,0,512,1,Hardware: Independent Flip,8054.8648,0.3295,0.1678,0.1617,13.0787,0.1317,0.1317,0.0000,22.7943,9.5445,9.2435,8054.8648,9.5839,NA,NA
SandFall-Win64-Shipping.exe,19588,0x2EC4BC3AB90,DXGI,0,512,1,Hardware: Independent Flip,8055.1943,19.1959,18.8863,0.3096,12.8809,18.8041,18.7930,0.0111,32.0093,9.1127,-9.2150,8055.1943,0.3243,NA,NA
SandFall-Win64-Shipping.exe,19588,0x2EC4BC3AB90,DXGI,0,512,1,Hardware: Independent Flip,8074.3902,0.3169,0.1614,0.1555,12.4891,0.1207,0.1185,0.0022,21.9261,9.6668,10.0832,8074.3902,9.3163,NA,NA
SandFall-Win64-Shipping.exe,19588,0x2EC4BC3AB90,DXGI,0,512,1,Hardware: Independent Flip,8074.7071,19.6270,19.3793,0.2477,12.2929,18.6564,18.6484,0.0080,31.2760,8.9006,-9.3499,8074.7071,0.3267,NA,NA
SandFall-Win64-Shipping.exe,19588,0x2EC4BC3AB90,DXGI,0,512,1,Hardware: Independent Flip,8094.3341,0.3358,0.1759,0.1599,11.3223,0.1108,0.1091,0.0017,20.5496,9.5235,10.7264,8094.3341,9.1165,NA,NA
SandFall-Win64-Shipping.exe,19588,0x2EC4BC3AB90,DXGI,0,512,1,Hardware: Independent Flip,8094.6699,17.8652,17.5967,0.2685,11.0973,18.4896,18.4780,0.0116,29.7373,8.9783,-9.1877,8094.6699,0.1504,NA,NA
SandFall-Win64-Shipping.exe,19588,0x2EC4BC3AB90,DXGI,0,512,1,Hardware: Independent Flip,8112.5351,0.3282,0.1624,0.1658,11.7217,0.1239,0.1166,0.0073,20.8504,11.4271,8.8869,8112.5351,9.0048,NA,NA
SandFall-Win64-Shipping.exe,19588,0x2EC4BC3AB90,DXGI,0,512,1,Hardware: Independent Flip,8112.8633,21.3860,21.1279,0.2581,11.5174,20.4305,19.1370,1.2935,31.9493,10.2728,-11.0989,8112.8633,0.0014,NA,NA
SandFall-Win64-Shipping.exe,19588,0x2EC4BC3AB90,DXGI,0,512,1,Hardware: Independent Flip,8134.2493,0.3403,0.1779,0.1624,10.5619,0.1235,0.1213,0.0022,20.8361,9.2311,11.1132,8134.2493,10.1507,NA,NA
SandFall-Win64-Shipping.exe,19588,0x2EC4BC3AB90,DXGI,0,512,1,Hardware: Independent Flip,8134.5896,17.2753,17.0349,0.2404,10.3451,19.3806,19.3725,0.0081,29.7269,10.3112,-8.8908,8134.5896,0.0012,NA,NA
SandFall-Win64-Shipping.exe,19588,0x2EC4BC3AB90,DXGI,0,512,1,Hardware: Independent Flip,8151.8649,0.3717,0.1684,0.2033,12.4504,0.0992,0.0973,0.0019,22.7628,8.3561,6.9641,8151.8649,10.2132,NA,NA
SandFall-Win64-Shipping.exe,19588,0x2EC4BC3AB90,DXGI,0,512,1,Hardware: Independent Flip,8152.2366,18.1778,17.9206,0.2572,12.1779,18.5684,18.5569,0.0115,30.7472,9.6641,-7.9844,8152.2366,0.0009,NA,NA
SandFall-Win64-Shipping.exe,19588,0x2EC4BC3AB90,DXGI,0,512,1,Hardware: Independent Flip,8170.4144,0.3901,0.1613,0.2288,12.5685,0.0935,0.0920,0.0015,22.2335,9.0918,8.5137,8170.4144,9.5715,NA,NA
SandFall-Win64-Shipping.exe,19588,0x2EC4BC3AB90,DXGI,0,512,1,Hardware: Independent Flip,8170.8045,19.4354,19.1599,0.2755,12.2719,18.4827,18.4708,0.0119,30.9352,9.1165,-8.7017,8170.8045,0.1806,NA,NA
SandFall-Win64-Shipping.exe,19588,0x2EC4BC3AB90,DXGI,0,512,1,Hardware: Independent Flip,8190.2399,0.3301,0.1637,0.1664,11.3192,0.1039,0.1023,0.0016,20.6163,11.6777,10.3189,8190.2399,9.1932,NA,NA
SandFall-Win64-Shipping.exe,19588,0x2EC4BC3AB90,DXGI,0,512,1,Hardware: Independent Flip,8190.5700,21.4688,21.1642,0.3046,11.0930,20.3953,19.0863,1.3090,31.9639,9.6573,-11.3476,8190.5700,0.4756,NA,NA
SandFall-Win64-Shipping.exe,19588,0x2EC4BC3AB90,DXGI,0,512,1,Hardware: Independent Flip,8212.0388,0.4842,0.1846,0.2996,10.0195,0.0955,0.0934,0.0021,20.1524,9.9973,11.8115,8212.0388,10.0374,NA,NA
SandFall-Win64-Shipping.exe,19588,0x2EC4BC3AB90,DXGI,0,512,1,Hardware: Independent Flip,8212.5230,17.1379,16.8833,0.2546,9.6308,20.0337,20.0265,0.0072,29.6655,10.4532,-9.5131,8212.5230,0.0010,NA,NA
SandFall-Win64-Shipping.exe,19588,0x2EC4BC3AB90,DXGI,0,512,1,Hardware: Independent Flip,8229.6609,0.3271,0.1619,0.1652,12.5266,0.2072,0.2072,0.0000,22.9808,8.6100,6.6847,8229.6609,10.2470,NA,NA
SandFall-Win64-Shipping.exe,19588,0x2EC4BC3AB90,DXGI,0,512,1,Hardware: Independent Flip,8229.9880,18.1281,17.7861,0.3420,12.4067,18.8564,18.8466,0.0098,31.2637,9.9991,-8.2829,8229.9880,0.0006,NA,NA
SandFall-Win64-Shipping.exe,19588,0x2EC4BC3AB90,DXGI,0,512,1,Hardware: Independent Flip,8248.1161,0.3382,0.1756,0.1626,13.1350,0.1498,0.1498,0.0000,23.1347,9.0871,8.1290,8248.1161,9.8499,NA,NA
SandFall-Win64-Shipping.exe,19588,0x2EC4BC3AB90,DXGI,0,512,1,Hardware: Independent Flip,8248.4543,18.5395,18.2158,0.3237,12.9466,18.9365,18.9316,0.0049,31.8836,9.5169,-8.7489,8248.4543,0.0005,NA,NA
SandFall-Win64-Shipping.exe,19588,0x2EC4BC3AB90,DXGI,0,512,1,Hardware: Independent Flip,8266.9938,0.3706,0.1875,0.1831,13.3436,0.1034,0.1012,0.0022,22.8610,9.8960,9.0226,8266.9938,9.4140,NA,NA
SandFall-Win64-Shipping.exe,19588,0x2EC4BC3AB90,DXGI,0,512,1,Hardware: Independent Flip,8267.3644,19.6690,19.3620,0.3070,13.0764,18.9056,18.9012,0.0044,32.3864,9.1179,-9.5254,8267.3644,0.4044,NA,NA
SandFall-Win64-Shipping.exe,19588,0x2EC4BC3AB90,DXGI,0,512,1,Hardware: Independent Flip,8287.0334,0.3624,0.1809,0.1815,12.3130,0.1317,0.1295,0.0022,21.8353,10.9825,10.5511,8287.0334,9.3906,NA,NA
SandFall-Win64-Shipping.exe,19588,0x2EC4BC3AB90,DXGI,0,512,1,Hardware: Independent Flip,8287.3958,18.4730,18.2279,0.2451,12.0823,20.1354,20.1151,0.0203,32.4554,9.6679,-10.6201,8287.3958,0.2377,NA,NA
SandFall-Win64-Shipping.exe,19588,0x2EC4BC3AB90,DXGI,0,512,1,Hardware: Independent Flip,8305.8688,0.3310,0.1610,0.1700,13.7447,0.1132,0.1109,0.0023,23.6503,9.8391,8.8051,8305.8688,9.7924,NA,NA
SandFall-Win64-Shipping.exe,19588,0x2EC4BC3AB90,DXGI,0,512,1,Hardware: Independent Flip,8306.1998,19.1000,18.8541,0.2459,13.5269,19.6310,19.6200,0.0110,33.1584,10.2478,-9.5081,8306.1998,0.0005,NA,NA
SandFall-Win64-Shipping.exe,19588,0x2EC4BC3AB90,DXGI,0,512,1,Hardware: Independent Flip,8325.2998,0.4199,0.1674,0.2525,14.0579,0.1037,0.1010,0.0027,24.3062,8.9061,8.8522,8325.2998,10.1446,NA,NA
SandFall-Win64-Shipping.exe,19588,0x2EC4BC3AB90,DXGI,0,512,1,Hardware: Independent Flip,8325.7197,17.2962,17.0502,0.2460,13.7417,19.0499,19.0414,0.0085,32.7924,10.0306,-8.4862,8325.7197,0.0008,NA,NA
SandFall-Win64-Shipping.exe,19588,0x2EC4BC3AB90,DXGI,0,512,1,Hardware: Independent Flip,8343.0159,0.3045,0.1508,0.1537,15.4954,0.1057,0.1033,0.0024,25.5268,11.7533,7.2656,8343.0159,9.9257,NA,NA
SandFall-Win64-Shipping.exe,19588,0x2EC4BC3AB90,DXGI,0,512,1,Hardware: Independent Flip,8343.3204,21.0570,20.7655,0.2915,15.2966,21.6782,21.6691,0.0091,36.9756,10.9410,-11.4488,8343.3204,0.0008,NA,NA
SandFall-Win64-Shipping.exe,19588,0x2EC4BC3AB90,DXGI,0,512,1,Hardware: Independent Flip,8364.3774,0.3410,0.1780,0.1630,15.9178,0.1331,0.1299,0.0032,26.8596,8.4487,10.1160,8364.3774,10.8087,NA,NA
SandFall-Win64-Shipping.exe,19588,0x2EC4BC3AB90,DXGI,0,512,1,Hardware: Independent Flip,8364.7184,17.0735,16.8325,0.2410,15.7099,19.2568,19.2512,0.0056,34.9673,10.2329,-8.1077,8364.7184,0.0006,NA,NA
SandFall-Win64-Shipping.exe,19588,0x2EC4BC3AB90,DXGI,0,512,1,Hardware: Independent Flip,8381.7919,0.3065,0.1555,0.1510,17.8932,0.1835,0.1810,0.0025,28.1267,9.6483,6.8406,8381.7919,10.0500,NA,NA
SandFall-Win64-Shipping.exe,19588,0x2EC4BC3AB90,DXGI,0,512,1,Hardware: Independent Flip,8382.0984,21.1937,20.9493,0.2444,17.7702,19.3575,19.3478,0.0097,37.4685,9.4031,-9.3418,8382.0984,0.3408,NA,NA
SandFall-Win64-Shipping.exe,19588,0x2EC4BC3AB90,DXGI,0,512,1,Hardware: Independent Flip,8403.2921,0.3391,0.1704,0.1687,15.9340,0.1120,0.1102,0.0018,25.6779,10.0785,11.7906,8403.2921,9.6319,NA,NA
SandFall-Win64-Shipping.exe,19588,0x2EC4BC3AB90,DXGI,0,512,1,Hardware: Independent Flip,8403.6312,21.7045,21.4411,0.2634,15.7069,19.2466,19.2408,0.0058,35.4173,9.0203,-9.7394,8403.6312,0.4638,NA,NA
SandFall-Win64-Shipping.exe,19588,0x2EC4BC3AB90,DXGI,0,512,1,Hardware: Independent Flip,8425.3357,0.3552,0.1813,0.1739,13.2490,0.1263,0.1231,0.0032,22.7331,10.1235,12.6842,8425.3357,9.3578,NA,NA
SandFall-Win64-Shipping.exe,19588,0x2EC4BC3AB90,DXGI,0,512,1,Hardware: Independent Flip,8425.6909,16.0786,15.8343,0.2443,13.0201,19.1586,19.1455,0.0131,32.5014,9.0913,-9.7683,8425.6909,0.3227,NA,NA
SandFall-Win64-Shipping.exe,19588,0x2EC4BC3AB90,DXGI,0,512,1,Hardware: Independent Flip,8441.7695,0.3127,0.1530,0.1597,16.1001,0.1225,0.1202,0.0023,25.5141,9.5051,6.9873,8441.7695,9.2915,NA,NA
SandFall-Win64-Shipping.exe,19588,0x2EC4BC3AB90,DXGI,0,512,1,Hardware: Independent Flip,8442.0822,20.4589,20.1973,0.2616,15.9099,18.7955,18.7862,0.0093,34.7065,9.4254,-9.1924,8442.0822,0.0011,NA,NA
SandFall-Win64-Shipping.exe,19588,0x2EC4BC3AB90,DXGI,0,512,1,Hardware: Independent Flip,8462.5411,0.3300,0.1722,0.1578,14.2465,0.1387,0.1364,0.0023,23.6730,9.8221,11.0335,8462.5411,9.2878,NA,NA
SandFall-Win64-Shipping.exe,19588,0x2EC4BC3AB90,DXGI,0,512,1,Hardware: Independent Flip,8462.8711,19.1852,18.9382,0.2470,14.0552,19.1088,19.0974,0.0114,33.1651,10.0386,-9.4921,8462.8711,0.0011,NA,NA
SandFall-Win64-Shipping.exe,19588,0x2EC4BC3AB90,DXGI,0,512,1,Hardware: Independent Flip,8482.0563,0.3104,0.1508,0.1596,13.9788,0.2234,0.2234,0.0000,24.0185,10.0879,9.1466,8482.0563,9.8163,NA,NA
SandFall-Win64-Shipping.exe,19588,0x2EC4BC3AB90,DXGI,0,512,1,Hardware: Independent Flip,8482.3667,22.8391,22.5853,0.2538,13.8918,19.9034,19.8933,0.0101,33.7960,10.6450,-9.7775,8482.3667,0.0008,NA,NA
SandFall-Win64-Shipping.exe,19588,0x2EC4BC3AB90,DXGI,0,512,1,Hardware: Independent Flip,8505.2058,0.3527,0.1884,0.1643,10.9561,0.1345,0.1325,0.0020,21.6019,8.1336,12.1941,8505.2058,10.5113,NA,NA
SandFall-Win64-Shipping.exe,19588,0x2EC4BC3AB90,DXGI,0,512,1,Hardware: Independent Flip,8505.5585,17.2017,16.9579,0.2438,10.7379,18.6440,18.6344,0.0096,29.3828,9.7071,-7.7809,8505.5585,0.0009,NA,NA
SandFall-Win64-Shipping.exe,19588,0x2EC4BC3AB90,DXGI,0,512,1,Hardware: Independent Flip,8522.7602,0.3890,0.2152,0.1738,12.1802,0.1089,0.1059,0.0030,21.8882,11.2549,7.4946,8522.7602,9.5991,NA,NA
SandFall-Win64-Shipping.exe,19588,0x2EC4BC3AB90,DXGI,0,512,1,Hardware: Independent Flip,8523.1492,20.9200,20.6731,0.2469,11.9001,20.3399,19.3254,1.0145,32.7541,9.7251,-10.8659,8523.1492,0.5141,NA,NA
SandFall-Win64-Shipping.exe,19588,0x2EC4BC3AB90,DXGI,0,512,1,Hardware: Independent Flip,8544.0692,0.3363,0.1564,0.1799,11.3200,0.0997,0.0976,0.0021,21.5592,11.3571,11.1949,8544.0692,10.1395,NA,NA
SandFall-Win64-Shipping.exe,19588,0x2EC4BC3AB90,DXGI,0,512,1,Hardware: Independent Flip,8544.4055,20.0815,19.8487,0.2328,11.0834,21.4956,20.1539,1.3417,32.5800,10.8489,-11.0208,8544.4055,0.0010,NA,NA
SandFall-Win64-Shipping.exe,19588,0x2EC4BC3AB90,DXGI,0,512,1,Hardware: Independent Flip,8564.4870,0.2991,0.1494,0.1497,12.4975,0.2426,0.2403,0.0023,23.3474,8.8206,9.2326,8564.4870,10.6073,NA,NA
SandFall-Win64-Shipping.exe,19588,0x2EC4BC3AB90,DXGI,0,512,1,Hardware: Independent Flip,8564.7861,18.7196,18.4389,0.2807,12.4410,19.4272,19.4180,0.0092,31.8689,10.4820,-8.5215,8564.7861,0.0007,NA,NA
SandFall-Win64-Shipping.exe,19588,0x2EC4BC3AB90,DXGI,0,512,1,Hardware: Independent Flip,8583.5057,0.3437,0.1869,0.1568,13.1486,0.1302,0.1285,0.0017,23.6313,8.4607,8.2376,8583.5057,10.3525,NA,NA
SandFall-Win64-Shipping.exe,19588,0x2EC4BC3AB90,DXGI,0,512,1,Hardware: Independent Flip,8583.8494,19.7244,19.4689,0.2555,12.9351,18.8128,18.8046,0.0082,31.7483,9.6166,-8.1170,8583.8494,0.0004,NA,NA
SandFall-Win64-Shipping.exe,19588,0x2EC4BC3AB90,DXGI,0,512,1,Hardware: Independent Flip,8603.5738,0.3142,0.1567,0.1575,12.0235,0.2154,0.2130,0.0024,21.6405,10.1745,10.1078,8603.5738,9.4016,NA,NA
SandFall-Win64-Shipping.exe,19588,0x2EC4BC3AB90,DXGI,0,512,1,Hardware: Independent Flip,8603.8880,18.7770,18.5206,0.2564,11.9247,19.0541,19.0430,0.0111,31.5008,9.0804,-9.8603,8603.8880,0.5220,NA,NA
SandFall-Win64-Shipping.exe,19588,0x2EC4BC3AB90,DXGI,0,512,1,Hardware: Independent Flip,8622.6650,0.3112,0.1556,0.1556,12.2018,0.1221,0.1199,0.0022,21.8042,9.2742,9.6966,8622.6650,9.4803,NA,NA
SandFall-Win64-Shipping.exe,19588,0x2EC4BC3AB90,DXGI,0,512,1,Hardware: Independent Flip,8622.9762,18.9035,18.6369,0.2666,12.0127,18.5127,18.4994,0.0133,30.7672,8.8157,-8.9630,8622.9762,0.2418,NA,NA
SandFall-Win64-Shipping.exe,19588,0x2EC4BC3AB90,DXGI,0,512,1,Hardware: Independent Flip,8641.8797,0.3152,0.1570,0.1582,11.6219,0.1344,0.1324,0.0020,20.6794,10.0670,10.0878,8641.8797,8.9231,NA,NA
SandFall-Win64-Shipping.exe,19588,0x2EC4BC3AB90,DXGI,0,512,1,Hardware: Independent Flip,8642.1949,19.1984,18.9563,0.2421,11.4411,18.6464,18.6364,0.0100,30.4312,8.9177,-9.7518,8642.1949,0.3437,NA,NA
SandFall-Win64-Shipping.exe,19588,0x2EC4BC3AB90,DXGI,0,512,1,Hardware: Independent Flip,8661.3933,0.3155,0.1612,0.1543,10.8891,0.0911,0.0869,0.0042,20.1505,10.1239,10.2807,8661.3933,9.1703,NA,NA
SandFall-Win64-Shipping.exe,19588,0x2EC4BC3AB90,DXGI,0,512,1,Hardware: Independent Flip,8661.7088,18.6111,18.3572,0.2539,10.6647,19.2933,18.9128,0.3805,29.9589,9.6525,-9.8084,8661.7088,0.0009,NA,NA
SandFall-Win64-Shipping.exe,19588,0x2EC4BC3AB90,DXGI,0,512,1,Hardware: Independent Flip,8680.3199,0.3153,0.1578,0.1575,11.3469,0.1902,0.1902,0.0000,21.0003,10.3761,8.9586,8680.3199,9.4632,NA,NA
SandFall-Win64-Shipping.exe,19588,0x2EC4BC3AB90,DXGI,0,512,1,Hardware: Independent Flip,8680.6352,19.3251,19.0746,0.2505,11.2218,19.8388,19.1818,0.6570,31.0611,10.6313,-10.0608,8680.6352,0.0005,NA,NA
SandFall-Win64-Shipping.exe,19588,0x2EC4BC3AB90,DXGI,0,512,1,Hardware: Independent Flip,8699.9603,0.3909,0.1761,0.2148,11.7355,0.1222,0.1201,0.0021,22.3673,8.7517,8.6938,8699.9603,10.5096,NA,NA
SandFall-Win64-Shipping.exe,19588,0x2EC4BC3AB90,DXGI,0,512,1,Hardware: Independent Flip,8700.3512,18.8605,18.6040,0.2565,11.4668,19.2607,19.2476,0.0131,30.7281,10.2472,-8.3608,8700.3512,0.0006,NA,NA
SandFall-Win64-Shipping.exe,19588,0x2EC4BC3AB90,DXGI,0,512,1,Hardware: Independent Flip,8719.2117,0.3091,0.1504,0.1587,11.8670,0.1392,0.1369,0.0023,22.1148,9.3115,8.6133,8719.2117,10.1086,NA,NA
SandFall-Win64-Shipping.exe,19588,0x2EC4BC3AB90,DXGI,0,512,1,Hardware: Independent Flip,8719.5208,19.3209,19.0685,0.2524,11.6971,19.4194,19.4040,0.0154,31.1172,9.9348,-9.0024,8719.5208,0.0007,NA,NA
SandFall-Win64-Shipping.exe,19588,0x2EC4BC3AB90,DXGI,0,512,1,Hardware: Independent Flip,8738.8417,0.3332,0.1618,0.1714,11.7956,0.1935,0.1935,0.0000,21.7311,9.1482,9.3861,8738.8417,9.7420,NA,NA
SandFall-Win64-Shipping.exe,19588,0x2EC4BC3AB90,DXGI,0,512,1,Hardware: Independent Flip,8739.1749,18.0392,17.7680,0.2712,11.6559,18.5867,18.5735,0.0132,30.5461,9.0797,-8.8150,8739.1749,0.3035,NA,NA
SandFall-Win64-Shipping.exe,19588,0x2EC4BC3AB90,DXGI,0,512,1,Hardware: Independent Flip,8757.2141,0.3724,0.1974,0.1750,12.2034,0.1144,0.1129,0.0015,21.5866,9.6086,8.9595,8757.2141,9.2688,NA,NA
SandFall-Win64-Shipping.exe,19588,0x2EC4BC3AB90,DXGI,0,512,1,Hardware: Independent Flip,8757.5865,19.1152,18.8654,0.2498,11.9454,18.5724,18.5590,0.0134,30.8228,8.8783,-9.2362,8757.5865,0.3050,NA,NA
SandFall-Win64-Shipping.exe,19588,0x2EC4BC3AB90,DXGI,0,512,1,Hardware: Independent Flip,8776.7017,0.3786,0.2110,0.1676,11.4026,0.1162,0.1147,0.0015,20.5859,10.0354,10.2369,8776.7017,9.0671,NA,NA
SandFall-Win64-Shipping.exe,19588,0x2EC4BC3AB90,DXGI,0,512,1,Hardware: Independent Flip,8777.0803,18.0272,17.7874,0.2398,11.1402,18.7553,18.7432,0.0121,30.2427,8.9028,-9.6568,8777.0803,0.3472,NA,NA
SandFall-Win64-Shipping.exe,19588,0x2EC4BC3AB90,DXGI,0,512,1,Hardware: Independent Flip,8795.1075,0.3073,0.1527,0.1546,11.8683,0.0988,0.0988,0.0000,21.1183,10.5531,9.1244,8795.1075,9.1512,NA,NA
SandFall-Win64-Shipping.exe,19588,0x2EC4BC3AB90,DXGI,0,512,1,Hardware: Independent Flip,8795.4148,19.8887,19.6306,0.2581,11.6598,19.7021,19.2914,0.4107,31.3641,9.7692,-10.2458,8795.4148,0.0022,NA,NA
SandFall-Win64-Shipping.exe,19588,0x2EC4BC3AB90,DXGI,0,512,1,Hardware: Independent Flip,8815.3035,0.3204,0.1577,0.1627,11.4732,0.0871,0.0855,0.0016,21.2446,9.6707,10.1195,8815.3035,9.6843,NA,NA
SandFall-Win64-Shipping.exe,19588,0x2EC4BC3AB90,DXGI,0,512,1,Hardware: Independent Flip,8815.6239,18.8380,18.5830,0.2550,11.2399,19.3539,19.3456,0.0083,30.5949,10.3212,-9.3503,8815.6239,0.0011,NA,NA
SandFall-Win64-Shipping.exe,19588,0x2EC4BC3AB90,DXGI,0,512,1,Hardware: Independent Flip,8834.4619,0.3162,0.1575,0.1587,11.7558,0.1339,0.1339,0.0000,22.0781,8.7167,8.5168,8834.4619,10.1884,NA,NA
SandFall-Win64-Shipping.exe,19588,0x2EC4BC3AB90,DXGI,0,512,1,Hardware: Independent Flip,8834.7781,18.7866,18.5319,0.2547,11.5735,18.9041,18.8970,0.0071,30.4786,9.9412,-8.4005,8834.7781,0.0010,NA,NA
SandFall-Win64-Shipping.exe,19588,0x2EC4BC3AB90,DXGI,0,512,1,Hardware: Independent Flip,8853.5647,0.3413,0.1593,0.1820,11.6910,0.0980,0.0964,0.0016,21.6332,8.7260,8.8454,8853.5647,9.8442,NA,NA
SandFall-Win64-Shipping.exe,19588,0x2EC4BC3AB90,DXGI,0,512,1,Hardware: Independent Flip,8853.9060,19.8758,19.5952,0.2806,11.4477,18.5693,18.5568,0.0125,30.0179,9.3350,-8.3847,8853.9060,0.0009,NA,NA
SandFall-Win64-Shipping.exe,19588,0x2EC4BC3AB90,DXGI,0,512,1,Hardware: Independent Flip,8873.7818,0.3453,0.1719,0.1734,10.1412,0.1131,0.1109,0.0022,19.4771,10.4532,10.5408,8873.7818,9.2228,NA,NA
SandFall-Win64-Shipping.exe,19588,0x2EC4BC3AB90,DXGI,0,512,1,Hardware: Independent Flip,8874.1271,17.5009,17.2485,0.2524,9.9090,19.1417,19.1298,0.0119,29.5850,9.1095,-10.1079,8874.1271,0.5343,NA,NA
SandFall-Win64-Shipping.exe,19588,0x2EC4BC3AB90,DXGI,0,512,1,Hardware: Independent Flip,8891.6280,0.3051,0.1529,0.1522,11.5498,0.1556,0.1525,0.0031,21.1936,9.5260,8.3914,8891.6280,9.4882,NA,NA
SandFall-Win64-Shipping.exe,19588,0x2EC4BC3AB90,DXGI,0,512,1,Hardware: Independent Flip,8891.9331,18.4711,18.1980,0.2731,11.4003,18.9920,18.9776,0.0144,30.4145,9.2704,-9.2209,8891.9331,0.0222,NA,NA
SandFall-Win64-Shipping.exe,19588,0x2EC4BC3AB90,DXGI,0,512,1,Hardware: Independent Flip,8910.4042,0.3216,0.1620,0.1596,11.9212,0.1414,0.1391,0.0023,21.2138,9.4247,9.2007,8910.4042,9.1512,NA,NA
SandFall-Win64-Shipping.exe,19588,0x2EC4BC3AB90,DXGI,0,512,1,Hardware: Independent Flip,8910.7258,19.3300,19.0839,0.2461,11.7410,18.5748,18.5635,0.0113,30.3169,9.4875,-9.1031,8910.7258,0.0011,NA,NA
SandFall-Win64-Shipping.exe,19588,0x2EC4BC3AB90,DXGI,0,512,1,Hardware: Independent Flip,8930.0558,0.3120,0.1560,0.1560,10.9858,0.0902,0.0880,0.0022,20.4744,9.5627,9.8425,8930.0558,9.3984,NA,NA
SandFall-Win64-Shipping.exe,19588,0x2EC4BC3AB90,DXGI,0,512,1,Hardware: Independent Flip,8930.3678,18.6793,18.4205,0.2588,10.7640,18.9603,18.9038,0.0565,29.7251,9.7836,-9.2507,8930.3678,0.0008,NA,NA
SandFall-Win64-Shipping.exe,19588,0x2EC4BC3AB90,DXGI,0,512,1,Hardware: Independent Flip,8949.0471,0.3585,0.1609,0.1976,11.0450,0.1271,0.1247,0.0024,20.8294,9.4520,8.8957,8949.0471,9.6573,NA,NA
SandFall-Win64-Shipping.exe,19588,0x2EC4BC3AB90,DXGI,0,512,1,Hardware: Independent Flip,8949.4056,18.3785,18.1353,0.2432,10.8136,19.1077,19.0881,0.0196,29.9229,9.7293,-9.0935,8949.4056,0.0016,NA,NA
SandFall-Win64-Shipping.exe,19588,0x2EC4BC3AB90,DXGI,0,512,1,Hardware: Independent Flip,8967.7841,0.3148,0.1571,0.1577,11.5428,0.1092,0.1071,0.0021,21.2737,9.6304,8.6492,8967.7841,9.6217,NA,NA
SandFall-Win64-Shipping.exe,19588,0x2EC4BC3AB90,DXGI,0,512,1,Hardware: Independent Flip,8968.0989,19.1822,18.9245,0.2577,11.3372,19.2513,19.2437,0.0076,30.5893,9.8280,-9.3156,8968.0989,0.0008,NA,NA
SandFall-Win64-Shipping.exe,19588,0x2EC4BC3AB90,DXGI,0,512,1,Hardware: Independent Flip,8987.2811,0.3074,0.1537,0.1537,11.4063,0.2243,0.2223,0.0020,21.2351,9.3568,9.3542,8987.2811,9.6045,NA,NA
SandFall-Win64-Shipping.exe,19588,0x2EC4BC3AB90,DXGI,0,512,1,Hardware: Independent Flip,8987.5885,17.8055,17.5264,0.2791,11.3232,18.9610,18.9540,0.0070,30.2845,9.6024,-9.0494,8987.5885,0.0003,NA,NA
SandFall-Win64-Shipping.exe,19588,0x2EC4BC3AB90,DXGI,0,512,1,Hardware: Independent Flip,9005.3940,0.3610,0.1957,0.1653,12.4787,0.1933,0.1933,0.0000,22.0814,9.3302,8.2031,9005.3940,9.4094,NA,NA
SandFall-Win64-Shipping.exe,19588,0x2EC4BC3AB90,DXGI,0,512,1,Hardware: Independent Flip,9005.7550,19.2004,18.9319,0.2685,12.3110,18.5349,18.5226,0.0123,31.0506,9.1535,-8.9692,9005.7550,0.2047,NA,NA
SandFall-Win64-Shipping.exe,19588,0x2EC4BC3AB90,DXGI,0,512,1,Hardware: Independent Flip,9024.9554,0.3237,0.1681,0.1556,11.6455,0.1366,0.1344,0.0022,21.0037,9.8898,10.0469,9024.9554,9.2216,NA,NA
SandFall-Win64-Shipping.exe,19588,0x2EC4BC3AB90,DXGI,0,512,1,Hardware: Independent Flip,9025.2791,17.9781,17.6891,0.2890,11.4584,18.7747,18.7677,0.0070,30.5698,8.9810,-9.5661,9025.2791,0.3367,NA,NA
SandFall-Win64-Shipping.exe,19588,0x2EC4BC3AB90,DXGI,0,512,1,Hardware: Independent Flip,9043.2572,0.3173,0.1596,0.1577,12.2550,0.1335,0.1309,0.0026,21.5727,9.8581,8.9971,9043.2572,9.1842,NA,NA
SandFall-Win64-Shipping.exe,19588,0x2EC4BC3AB90,DXGI,0,512,1,Hardware: Independent Flip,9043.5745,18.9530,18.7174,0.2356,12.0712,19.0417,19.0330,0.0087,31.1135,9.3974,-9.5408,9043.5745,0.0006,NA,NA
SandFall-Win64-Shipping.exe,19588,0x2EC4BC3AB90,DXGI,0,512,1,Hardware: Independent Flip,9062.5275,0.3333,0.1737,0.1596,12.1599,0.1054,0.1038,0.0016,21.5579,8.9990,9.5556,9062.5275,9.2926,NA,NA
SandFall-Win64-Shipping.exe,19588,0x2EC4BC3AB90,DXGI,0,512,1,Hardware: Independent Flip,9062.8608,18.1947,17.9450,0.2497,11.9320,18.2906,18.2764,0.0142,30.2236,9.5204,-8.6657,9062.8608,0.0010,NA,NA
SandFall-Win64-Shipping.exe,19588,0x2EC4BC3AB90,DXGI,0,512,1,Hardware: Independent Flip,9081.0555,0.3657,0.1989,0.1668,12.0279,0.1298,0.1298,0.0000,21.5493,8.9419,8.6743,9081.0555,9.3916,NA,NA
SandFall-Win64-Shipping.exe,19588,0x2EC4BC3AB90,DXGI,0,512,1,Hardware: Independent Flip,9081.4212,18.5557,18.3103,0.2454,11.7920,18.3322,18.3223,0.0099,30.1255,9.4285,-8.5762,9081.4212,0.0013,NA,NA
SandFall-Win64-Shipping.exe,19588,0x2EC4BC3AB90,DXGI,0,512,1,Hardware: Independent Flip,9099.9769,0.5930,0.2140,0.3790,11.5685,0.1091,0.1074,0.0017,20.9983,9.3349,9.1272,9099.9769,9.3207,NA,NA
SandFall-Win64-Shipping.exe,19588,0x2EC4BC3AB90,DXGI,0,512,1,Hardware: Independent Flip,9100.5699,19.1184,18.8622,0.2562,11.0846,18.6172,18.6048,0.0124,29.7402,9.3306,-8.7419,9100.5699,0.0384,NA,NA
SandFall-Win64-Shipping.exe,19588,0x2EC4BC3AB90,DXGI,0,512,1,Hardware: Independent Flip,9119.6883,0.3367,0.1607,0.1760,10.5834,0.1401,0.1377,0.0024,19.9524,9.9452,9.7878,9119.6883,9.2289,NA,NA
SandFall-Win64-Shipping.exe,19588,0x2EC4BC3AB90,DXGI,0,512,1,Hardware: Independent Flip,9120.0250,18.2464,17.9961,0.2503,10.3868,19.0810,19.0666,0.0144,29.5609,9.4915,-9.6085,9120.0250,0.0931,NA,NA
SandFall-Win64-Shipping.exe,19588,0x2EC4BC3AB90,DXGI,0,512,1,Hardware: Independent Flip,9138.2714,0.3185,0.1554,0.1631,11.2214,0.1350,0.1335,0.0015,20.8060,8.9108,8.7549,9138.2714,9.4496,NA,NA
SandFall-Win64-Shipping.exe,19588,0x2EC4BC3AB90,DXGI,0,512,1,Hardware: Independent Flip,9138.5899,18.6630,18.4046,0.2584,11.0379,18.3596,18.2840,0.0756,29.3983,9.3183,-8.5923,9138.5899,0.0008,NA,NA
SandFall-Win64-Shipping.exe,19588,0x2EC4BC3AB90,DXGI,0,512,1,Hardware: Independent Flip,9157.2529,0.3097,0.1530,0.1567,10.7345,0.0938,0.0919,0.0019,20.0536,9.0126,9.3447,9157.2529,9.2253,NA,NA
SandFall-Win64-Shipping.exe,19588,0x2EC4BC3AB90,DXGI,0,512,1,Hardware: Independent Flip,9157.5626,17.8237,17.5711,0.2526,10.5186,18.1283,18.1139,0.0144,28.7565,9.0257,-8.7029,9157.5626,0.1096,NA,NA
SandFall-Win64-Shipping.exe,19588,0x2EC4BC3AB90,DXGI,0,512,1,Hardware: Independent Flip,9175.3863,0.3139,0.1588,0.1551,10.8232,0.1775,0.1756,0.0019,19.9585,9.3569,8.7980,9175.3863,8.9578,NA,NA
SandFall-Win64-Shipping.exe,19588,0x2EC4BC3AB90,DXGI,0,512,1,Hardware: Independent Flip,9175.7002,18.0711,17.8317,0.2394,10.6868,18.0750,18.0678,0.0072,29.0015,8.7907,-9.0430,9175.7002,0.2397,NA,NA
SandFall-Win64-Shipping.exe,19588,0x2EC4BC3AB90,DXGI,0,512,1,Hardware: Independent Flip,9193.7713,0.3152,0.1580,0.1572,10.6907,0.0682,0.0665,0.0017,19.7211,11.3140,9.2804,9193.7713,8.9622,NA,NA
SandFall-Win64-Shipping.exe,19588,0x2EC4BC3AB90,DXGI,0,512,1,Hardware: Independent Flip,9194.0865,19.5666,19.2923,0.2743,10.4437,20.1476,18.7733,1.3743,30.7199,9.8857,-10.9988,9194.0865,0.1286,NA,NA
SandFall-Win64-Shipping.exe,19588,0x2EC4BC3AB90,DXGI,0,512,1,Hardware: Independent Flip,9213.6531,0.3464,0.1581,0.1883,11.0247,0.1462,0.1447,0.0015,21.0390,8.2207,9.6809,9213.6531,9.8681,NA,NA
SandFall-Win64-Shipping.exe,19588,0x2EC4BC3AB90,DXGI,0,512,1,Hardware: Independent Flip,9213.9995,18.2067,17.9628,0.2439,10.8245,18.0881,18.0727,0.0154,28.9133,9.2801,-7.8743,9213.9995,0.0007,NA,NA
SandFall-Win64-Shipping.exe,19588,0x2EC4BC3AB90,DXGI,0,512,1,Hardware: Independent Flip,9232.2062,0.3193,0.1570,0.1623,10.7059,0.1240,0.1223,0.0017,19.9867,9.8330,8.9266,9232.2062,9.1568,NA,NA
SandFall-Win64-Shipping.exe,19588,0x2EC4BC3AB90,DXGI,0,512,1,Hardware: Independent Flip,9232.5255,18.5326,18.2840,0.2486,10.5106,18.9890,18.9707,0.0183,29.5004,9.8960,-9.5137,9232.5255,0.0008,NA,NA
SandFall-Win64-Shipping.exe,19588,0x2EC4BC3AB90,DXGI,0,512,1,Hardware: Independent Flip,9251.0581,0.3230,0.1544,0.1686,10.9670,0.1873,0.1873,0.0000,20.8638,8.4077,8.6366,9251.0581,9.7095,NA,NA
SandFall-Win64-Shipping.exe,19588,0x2EC4BC3AB90,DXGI,0,512,1,Hardware: Independent Flip,9251.3811,17.8263,17.5454,0.2809,10.8313,18.1162,18.1061,0.0101,28.9485,9.3163,-8.0847,9251.3811,0.0010,NA,NA
SandFall-Win64-Shipping.exe,19588,0x2EC4BC3AB90,DXGI,0,512,1,Hardware: Independent Flip,9269.2074,0.3738,0.2053,0.1685,11.1212,0.0909,0.0893,0.0016,20.4385,9.0814,8.5100,9269.2074,9.2264,NA,NA
SandFall-Win64-Shipping.exe,19588,0x2EC4BC3AB90,DXGI,0,512,1,Hardware: Independent Flip,9269.5812,17.7307,17.4670,0.2637,10.8383,18.2335,18.2255,0.0080,29.1461,9.0935,-8.7076,9269.5812,0.0743,NA,NA
SandFall-Win64-Shipping.exe,19588,0x2EC4BC3AB90,DXGI,0,512,1,Hardware: Independent Flip,9287.3119,0.3194,0.1566,0.1628,11.3411,0.1422,0.1422,0.0000,20.5089,9.2670,8.6372,9287.3119,9.0256,NA,NA
SandFall-Win64-Shipping.exe,19588,0x2EC4BC3AB90,DXGI,0,512,1,Hardware: Independent Flip,9287.6313,17.6600,17.4178,0.2422,11.1639,18.0656,18.0558,0.0098,29.4565,8.8408,-8.9476,9287.6313,0.2270,NA,NA
SandFall-Win64-Shipping.exe,19588,0x2EC4BC3AB90,DXGI,0,512,1,Hardware: Independent Flip,9305.2913,0.3096,0.1573,0.1523,11.5695,0.1408,0.1385,0.0023,20.6373,9.6080,8.8192,9305.2913,8.9270,NA,NA
SandFall-Win64-Shipping.exe,19588,0x2EC4BC3AB90,DXGI,0,512,1,Hardware: Independent Flip,9305.6009,18.3881,18.1489,0.2392,11.4007,18.3789,18.3677,0.0112,29.9357,8.9667,-9.2984,9305.6009,0.1561,NA,NA
SandFall-Win64-Shipping.exe,19588,0x2EC4BC3AB90,DXGI,0,512,1,Hardware: Independent Flip,9323.9890,0.3129,0.1551,0.1578,11.3915,0.0956,0.0935,0.0021,20.5143,9.7161,9.4214,9323.9890,9.0272,NA,NA
SandFall-Win64-Shipping.exe,19588,0x2EC4BC3AB90,DXGI,0,512,1,Hardware: Independent Flip,9324.3019,18.1500,17.9040,0.2460,11.1742,18.7428,18.7285,0.0143,29.9175,9.5574,-9.4032,9324.3019,0.0005,NA,NA
SandFall-Win64-Shipping.exe,19588,0x2EC4BC3AB90,DXGI,0,512,1,Hardware: Independent Flip,9342.4519,0.3031,0.1547,0.1484,11.7670,0.1681,0.1634,0.0047,21.3249,9.4493,8.5926,9342.4519,9.3898,NA,NA
SandFall-Win64-Shipping.exe,19588,0x2EC4BC3AB90,DXGI,0,512,1,Hardware: Independent Flip,9342.7550,19.3756,19.1120,0.2636,11.6320,18.8384,18.7644,0.0740,30.4711,9.9575,-9.1462,9342.7550,0.0007,NA,NA
SandFall-Win64-Shipping.exe,19588,0x2EC4BC3AB90,DXGI,0,512,1,Hardware: Independent Flip,9362.1306,0.3236,0.1599,0.1637,11.0948,0.1523,0.1501,0.0022,21.0530,9.7879,9.4181,9362.1306,9.8059,NA,NA
SandFall-Win64-Shipping.exe,19588,0x2EC4BC3AB90,DXGI,0,512,1,Hardware: Independent Flip,9362.4542,17.8567,17.5767,0.2800,10.9235,19.5933,19.5858,0.0075,30.5173,10.3735,-9.4643,9362.4542,0.0005,NA,NA
SandFall-Win64-Shipping.exe,19588,0x2EC4BC3AB90,DXGI,0,512,1,Hardware: Independent Flip,9380.3109,0.3269,0.1680,0.1589,12.6601,0.0928,0.0906,0.0022,23.0341,11.6249,7.4832,9380.3109,10.2812,NA,NA
SandFall-Win64-Shipping.exe,19588,0x2EC4BC3AB90,DXGI,0,512,1,Hardware: Independent Flip,9380.6378,18.7258,18.4715,0.2543,12.4260,21.9050,21.8949,0.0101,34.3321,11.4420,-11.2980,9380.6378,0.0011,NA,NA
SandFall-Win64-Shipping.exe,19588,0x2EC4BC3AB90,DXGI,0,512,1,Hardware: Independent Flip,9399.3636,0.3484,0.1841,0.1643,15.6052,0.1016,0.0990,0.0026,27.0483,8.0218,7.2838,9399.3636,11.3415,NA,NA
SandFall-Win64-Shipping.exe,19588,0x2EC4BC3AB90,DXGI,0,512,1,Hardware: Independent Flip,9399.7120,16.9879,16.7240,0.2639,15.3584,19.3629,19.3552,0.0077,34.7217,10.2486,-7.6734,9399.7120,0.0004,NA,NA
SandFall-Win64-Shipping.exe,19588,0x2EC4BC3AB90,DXGI,0,512,1,Hardware: Independent Flip,9416.6999,0.3663,0.1942,0.1721,17.7334,0.1143,0.1121,0.0022,27.9824,9.3388,6.7393,9416.6999,10.1347,NA,NA
SandFall-Win64-Shipping.exe,19588,0x2EC4BC3AB90,DXGI,0,512,1,Hardware: Independent Flip,9417.0662,20.1754,19.9144,0.2610,17.4814,18.9978,18.9884,0.0094,36.9549,9.0961,-8.9725,9417.0662,0.4757,NA,NA
SandFall-Win64-Shipping.exe,19588,0x2EC4BC3AB90,DXGI,0,512,1,Hardware: Independent Flip,9437.2416,0.3574,0.1794,0.1780,16.3038,0.1511,0.1488,0.0023,25.8756,11.8271,11.0793,9437.2416,9.4207,NA,NA
SandFall-Win64-Shipping.exe,19588,0x2EC4BC3AB90,DXGI,0,512,1,Hardware: Independent Flip,9437.5990,22.8330,22.5574,0.2756,16.0975,20.4999,20.4913,0.0086,37.3453,9.3056,-11.4697,9437.5990,0.7479,NA,NA
SandFall-Win64-Shipping.exe,19588,0x2EC4BC3AB90,DXGI,0,512,1,Hardware: Independent Flip,9460.4320,0.4490,0.2550,0.1940,13.7644,0.1453,0.1424,0.0029,23.8179,9.7897,13.5274,9460.4320,9.9082,NA,NA
SandFall-Win64-Shipping.exe,19588,0x2EC4BC3AB90,DXGI,0,512,1,Hardware: Independent Flip,9460.8810,17.7432,17.4629,0.2803,13.4607,19.6969,19.6924,0.0045,33.1586,10.0347,-9.3407,9460.8810,0.0010,NA,NA
SandFall-Win64-Shipping.exe,19588,0x2EC4BC3AB90,DXGI,0,512,1,Hardware: Independent Flip,9478.6242,0.3629,0.1812,0.1817,15.4144,0.1357,0.1357,0.0000,25.4501,9.8580,7.7085,9478.6242,9.9000,NA,NA
SandFall-Win64-Shipping.exe,19588,0x2EC4BC3AB90,DXGI,0,512,1,Hardware: Independent Flip,9478.9871,18.8801,18.5832,0.2969,15.1872,19.7571,19.7525,0.0046,34.9452,10.6131,-9.4951,9478.9871,0.0009,NA,NA
SandFall-Win64-Shipping.exe,19588,0x2EC4BC3AB90,DXGI,0,512,1,Hardware: Independent Flip,9497.8672,0.4113,0.2286,0.1827,16.0642,0.1498,0.1498,0.0000,26.6782,9.0916,8.2670,9497.8672,10.4642,NA,NA
SandFall-Win64-Shipping.exe,19588,0x2EC4BC3AB90,DXGI,0,512,1,Hardware: Independent Flip,9498.2785,20.3345,20.0532,0.2813,15.8027,19.5549,19.5478,0.0071,35.3585,10.4098,-8.6803,9498.2785,0.0009,NA,NA
SandFall-Win64-Shipping.exe,19588,0x2EC4BC3AB90,DXGI,0,512,1,Hardware: Independent Flip,9518.6130,0.3507,0.1784,0.1723,15.0231,0.0907,0.0889,0.0018,25.4338,8.6273,9.9247,9518.6130,10.3200,NA,NA
SandFall-Win64-Shipping.exe,19588,0x2EC4BC3AB90,DXGI,0,512,1,Hardware: Independent Flip,9518.9637,18.8349,18.5745,0.2604,14.7631,18.9281,18.9215,0.0066,33.7104,9.4726,-8.2766,9518.9637,0.0192,NA,NA
SandFall-Win64-Shipping.exe,19588,0x2EC4BC3AB90,DXGI,0,512,1,Hardware: Independent Flip,9537.7986,0.3457,0.1705,0.1752,14.8563,0.1034,0.1014,0.0020,24.3481,10.8286,9.3623,9537.7986,9.3884,NA,NA
SandFall-Win64-Shipping.exe,19588,0x2EC4BC3AB90,DXGI,0,512,1,Hardware: Independent Flip,9538.1443,19.2980,19.0402,0.2578,14.6140,19.5878,19.5793,0.0085,34.8310,9.1909,-10.4829,9538.1443,0.6292,NA,NA
SandFall-Win64-Shipping.exe,19588,0x2EC4BC3AB90,DXGI,0,512,1,Hardware: Independent Flip,9557.4423,0.3236,0.1619,0.1617,14.9038,0.1273,0.1255,0.0018,24.7239,9.9348,10.1071,9557.4423,9.6928,NA,NA
SandFall-Win64-Shipping.exe,19588,0x2EC4BC3AB90,DXGI,0,512,1,Hardware: Independent Flip,9557.7659,20.3274,20.1000,0.2274,14.7075,19.3488,19.3420,0.0068,34.3351,9.1240,-9.6112,9557.7659,0.2788,NA,NA
SandFall-Win64-Shipping.exe,19588,0x2EC4BC3AB90,DXGI,0,512,1,Hardware: Independent Flip,9578.0933,0.3296,0.1586,0.1710,13.7289,0.1263,0.1245,0.0018,23.1317,9.4979,11.2034,9578.0933,9.2765,NA,NA
SandFall-Win64-Shipping.exe,19588,0x2EC4BC3AB90,DXGI,0,512,1,Hardware: Independent Flip,9578.4229,15.6833,15.4372,0.2461,13.5256,18.7734,18.7667,0.0067,32.3000,9.3173,-9.1683,9578.4229,0.0010,NA,NA
SandFall-Win64-Shipping.exe,19588,0x2EC4BC3AB90,DXGI,0,512,1,Hardware: Independent Flip,9594.1062,0.3085,0.1560,0.1525,16.6157,0.1025,0.1007,0.0018,25.9340,9.6020,6.3660,9594.1062,9.2158,NA,NA
SandFall-Win64-Shipping.exe,19588,0x2EC4BC3AB90,DXGI,0,512,1,Hardware: Independent Flip,9594.4147,19.4854,19.2330,0.2524,16.4097,18.8169,18.8031,0.0138,35.2275,9.6754,-9.2935,9594.4147,0.0009,NA,NA
SandFall-Win64-Shipping.exe,19588,0x2EC4BC3AB90,DXGI,0,512,1,Hardware: Independent Flip,9613.9001,0.3349,0.1727,0.1622,15.7412,0.0958,0.0943,0.0015,25.4175,9.2269,9.8100,9613.9001,9.5805,NA,NA
SandFall-Win64-Shipping.exe,19588,0x2EC4BC3AB90,DXGI,0,512,1,Hardware: Independent Flip,9614.2350,24.6414,24.3641,0.2773,15.5021,18.8066,18.8001,0.0065,34.3095,9.7679,-8.8920,9614.2350,0.0008,NA,NA
SandFall-Win64-Shipping.exe,19588,0x2EC4BC3AB90,DXGI,0,512,1,Hardware: Independent Flip,9638.8764,0.3450,0.1739,0.1711,9.6673,0.1083,0.1067,0.0016,19.4360,8.9317,14.8735,9638.8764,9.6604,NA,NA
SandFall-Win64-Shipping.exe,19588,0x2EC4BC3AB90,DXGI,0,512,1,Hardware: Independent Flip,9639.2214,16.2863,15.9830,0.3033,9.4306,18.5915,18.5801,0.0114,28.0227,9.4820,-8.5867,9639.2214,0.0006,NA,NA
SandFall-Win64-Shipping.exe,19588,0x2EC4BC3AB90,DXGI,0,512,1,Hardware: Independent Flip,9655.5077,0.3301,0.1623,0.1678,11.7358,0.1041,0.0990,0.0051,21.2184,11.4049,6.8043,9655.5077,9.3785,NA,NA
SandFall-Win64-Shipping.exe,19588,0x2EC4BC3AB90,DXGI,0,512,1,Hardware: Independent Flip,9655.8378,20.4032,20.1593,0.2439,11.5098,20.4913,19.2224,1.2689,32.2932,9.9744,-11.0748,9655.8378,0.2921,NA,NA
SandFall-Win64-Shipping.exe,19588,0x2EC4BC3AB90,DXGI,0,512,1,Hardware: Independent Flip,9676.2410,0.3679,0.2026,0.1653,11.5979,0.0761,0.0741,0.0020,21.8644,8.8232,10.4288,9676.2410,10.1904,NA,NA
SandFall-Win64-Shipping.exe,19588,0x2EC4BC3AB90,DXGI,0,512,1,Hardware: Independent Flip,9676.6089,19.1635,18.9150,0.2485,11.3061,19.0126,18.5977,0.4149,30.3197,9.7492,-8.4553,9676.6089,0.0010,NA,NA
SandFall-Win64-Shipping.exe,19588,0x2EC4BC3AB90,DXGI,0,512,1,Hardware: Independent Flip,9695.7724,0.3173,0.1585,0.1588,11.1552,0.0978,0.0958,0.0020,20.9054,9.8826,9.4143,9695.7724,9.6524,NA,NA
SandFall-Win64-Shipping.exe,19588,0x2EC4BC3AB90,DXGI,0,512,1,Hardware: Independent Flip,9696.0897,19.7870,19.5374,0.2496,10.9357,19.5345,18.8321,0.7024,30.4707,9.8912,-9.5653,9696.0897,0.0005,NA,NA
SandFall-Win64-Shipping.exe,19588,0x2EC4BC3AB90,DXGI,0,512,1,Hardware: Independent Flip,9715.8767,0.3271,0.1632,0.1639,10.6832,0.1317,0.1317,0.0000,20.5749,8.6496,9.8958,9715.8767,9.7600,NA,NA
SandFall-Win64-Shipping.exe,19588,0x2EC4BC3AB90,DXGI,0,512,1,Hardware: Independent Flip,9716.2038,18.3654,18.1240,0.2414,10.4878,18.4086,18.0730,0.3356,28.8974,9.3476,-8.3225,9716.2038,0.0010,NA,NA
SandFall-Win64-Shipping.exe,19588,0x2EC4BC3AB90,DXGI,0,512,1,Hardware: Independent Flip,9734.5692,0.3160,0.1572,0.1588,10.5310,0.0915,0.0889,0.0026,19.8796,11.0892,9.0178,9734.5692,9.2571,NA,NA
SandFall-Win64-Shipping.exe,19588,0x2EC4BC3AB90,DXGI,0,512,1,Hardware: Independent Flip,9734.8852,19.3732,19.1037,0.2695,10.3065,19.8568,18.4886,1.3682,30.6528,9.4754,-10.7732,9734.8852,0.4895,NA,NA
SandFall-Win64-Shipping.exe,19588,0x2EC4BC3AB90,DXGI,0,512,1,Hardware: Independent Flip,9754.2584,0.3522,0.1866,0.1656,10.7901,0.1639,0.1618,0.0021,20.7550,8.9941,9.8978,9754.2584,9.8010,NA,NA
SandFall-Win64-Shipping.exe,19588,0x2EC4BC3AB90,DXGI,0,512,1,Hardware: Independent Flip,9754.6106,18.6248,18.3798,0.2450,10.6018,18.7948,18.1658,0.6290,29.3969,9.4989,-8.6419,9754.6106,0.0003,NA,NA
SandFall-Win64-Shipping.exe,19588,0x2EC4BC3AB90,DXGI,0,512,1,Hardware: Independent Flip,9773.2354,0.3009,0.1515,0.1494,10.7718,0.1021,0.0998,0.0023,20.2710,9.4802,9.1259,9773.2354,9.3971,NA,NA
SandFall-Win64-Shipping.exe,19588,0x2EC4BC3AB90,DXGI,0,512,1,Hardware: Independent Flip,9773.5363,19.0101,18.7083,0.3018,10.5730,18.8770,18.2357,0.6413,29.4503,9.5381,-9.1793,9773.5363,0.0003,NA,NA
SandFall-Win64-Shipping.exe,19588,0x2EC4BC3AB90,DXGI,0,512,1,Hardware: Independent Flip,9792.5464,0.3926,0.1961,0.1965,10.4399,0.1725,0.1709,0.0016,19.9783,9.9438,9.4720,9792.5464,9.3659,NA,NA
SandFall-Win64-Shipping.exe,19588,0x2EC4BC3AB90,DXGI,0,512,1,Hardware: Independent Flip,9792.9390,18.8746,18.6282,0.2464,10.2198,19.3089,18.9392,0.3697,29.5295,9.8323,-9.5512,9792.9390,0.0008,NA,NA
SandFall-Win64-Shipping.exe,19588,0x2EC4BC3AB90,DXGI,0,512,1,Hardware: Independent Flip,9811.8136,0.3124,0.1571,0.1553,10.6541,0.1886,0.1886,0.0000,20.4872,8.1621,9.0423,9811.8136,9.6445,NA,NA
SandFall-Win64-Shipping.exe,19588,0x2EC4BC3AB90,DXGI,0,512,1,Hardware: Independent Flip,9812.1260,17.1574,16.8926,0.2648,10.5303,17.8061,17.7938,0.0123,28.3369,9.1941,-7.8497,9812.1260,0.0005,NA,NA
SandFall-Win64-Shipping.exe,19588,0x2EC4BC3AB90,DXGI,0,512,1,Hardware: Independent Flip,9829.2834,0.3164,0.1606,0.1558,11.1790,0.1233,0.1233,0.0000,20.3736,10.1868,7.9633,9829.2834,9.0713,NA,NA
SandFall-Win64-Shipping.exe,19588,0x2EC4BC3AB90,DXGI,0,512,1,Hardware: Independent Flip,9829.5998,21.6158,21.3158,0.3000,10.9859,18.8144,18.0357,0.7787,30.2440,9.0187,-9.8704,9829.5998,0.4437,NA,NA
SandFall-Win64-Shipping.exe,19588,0x2EC4BC3AB90,DXGI,0,512,1,Hardware: Independent Flip,9851.2156,0.3396,0.1661,0.1735,8.1845,0.1306,0.1287,0.0019,17.6469,8.9584,12.5971,9851.2156,9.3318,NA,NA
SandFall-Win64-Shipping.exe,19588,0x2EC4BC3AB90,DXGI,0,512,1,Hardware: Independent Flip,9851.5552,18.4975,18.2290,0.2685,7.9755,18.2895,17.8453,0.4442,26.2657,9.0957,-8.6188,9851.5552,0.0007,NA,NA
SandFall-Win64-Shipping.exe,19588,0x2EC4BC3AB90,DXGI,0,512,1,Hardware: Independent Flip,9870.0527,0.3369,0.1607,0.1762,7.7675,0.1858,0.1858,0.0000,16.8639,8.8360,9.4018,9870.0527,8.9106,NA,NA
SandFall-Win64-Shipping.exe,19588,0x2EC4BC3AB90,DXGI,0,512,1,Hardware: Independent Flip,9870.3896,14.6184,14.3748,0.2436,7.6164,17.7459,17.7317,0.0142,25.3630,9.0494,-8.4991,9870.3896,0.0007,NA,NA
SandFall-Win64-Shipping.exe,19588,0x2EC4BC3AB90,DXGI,0,512,1,Hardware: Independent Flip,9885.0080,0.3173,0.1575,0.1598,10.7439,0.1820,0.1820,0.0000,19.7940,9.7138,5.5690,9885.0080,8.8681,NA,NA
SandFall-Win64-Shipping.exe,19588,0x2EC4BC3AB90,DXGI,0,512,1,Hardware: Independent Flip,9885.3253,19.0735,18.8101,0.2634,10.6086,18.5624,18.3902,0.1722,29.1905,9.3456,-9.3965,9885.3253,0.0195,NA,NA
SandFall-Win64-Shipping.exe,19588,0x2EC4BC3AB90,DXGI,0,512,1,Hardware: Independent Flip,9904.3988,0.3373,0.1610,0.1763,10.0975,0.1260,0.1240,0.0020,19.4626,8.7759,9.7279,9904.3988,9.2391,NA,NA
SandFall-Win64-Shipping.exe,19588,0x2EC4BC3AB90,DXGI,0,512,1,Hardware: Independent Flip,9904.7361,17.3289,17.0725,0.2564,9.8862,18.0140,18.0068,0.0072,27.9012,9.2915,-8.4386,9904.7361,0.0010,NA,NA
SandFall-Win64-Shipping.exe,19588,0x2EC4BC3AB90,DXGI,0,512,1,Hardware: Independent Flip,9922.0650,0.3227,0.1563,0.1664,10.5713,0.1364,0.1364,0.0000,19.8638,8.9567,8.0374,9922.0650,9.1561,NA,NA
SandFall-Win64-Shipping.exe,19588,0x2EC4BC3AB90,DXGI,0,512,1,Hardware: Independent Flip,9922.3877,16.8486,16.5602,0.2884,10.3850,18.1118,18.0990,0.0128,28.4978,9.1569,-8.6340,9922.3877,0.0010,NA,NA
SandFall-Win64-Shipping.exe,19588,0x2EC4BC3AB90,DXGI,0,512,1,Hardware: Independent Flip,9939.2363,0.3285,0.1598,0.1687,11.6482,0.1019,0.0963,0.0056,20.8061,9.9716,7.6917,9939.2363,9.0560,NA,NA
SandFall-Win64-Shipping.exe,19588,0x2EC4BC3AB90,DXGI,0,512,1,Hardware: Independent Flip,9939.5648,18.5712,18.3010,0.2702,11.4216,18.9181,18.9071,0.0110,30.4492,9.3741,-9.6431,9939.5648,0.1095,NA,NA
SandFall-Win64-Shipping.exe,19588,0x2EC4BC3AB90,DXGI,0,512,1,Hardware: Independent Flip,9958.1360,0.3100,0.1515,0.1585,11.7685,0.1384,0.1368,0.0016,21.2521,9.2979,9.1971,9958.1360,9.3452,NA,NA
SandFall-Win64-Shipping.exe,19588,0x2EC4BC3AB90,DXGI,0,512,1,Hardware: Independent Flip,9958.4460,17.4448,17.1621,0.2827,11.5969,18.6425,18.6016,0.0409,30.2400,9.5268,-8.9879,9958.4460,0.0006,NA,NA
SandFall-Win64-Shipping.exe,19588,0x2EC4BC3AB90,DXGI,0,512,1,Hardware: Independent Flip,9975.8908,0.3343,0.1785,0.1558,12.7946,0.1113,0.1096,0.0017,22.3220,8.9081,7.9180,9975.8908,9.4161,NA,NA
SandFall-Win64-Shipping.exe,19588,0x2EC4BC3AB90,DXGI,0,512,1,Hardware: Independent Flip,9976.2251,17.4591,17.2217,0.2374,12.5716,18.3233,18.3112,0.0121,30.8958,9.4115,-8.5738,9976.2251,0.0009,NA,NA
SandFall-Win64-Shipping.exe,19588,0x2EC4BC3AB90,DXGI,0,512,1,Hardware: Independent Flip,9993.6842,0.3144,0.1566,0.1578,13.4358,0.1317,0.1300,0.0017,22.8482,9.8343,8.0476,9993.6842,9.2807,NA,NA
SandFall-Win64-Shipping.exe,19588,0x2EC4BC3AB90,DXGI,0,512,1,Hardware: Independent Flip,9993.9986,20.8149,20.5457,0.2692,13.2531,18.9751,18.9644,0.0107,32.3681,9.4286,-9.5199,9993.9986,0.1399,NA,NA
SandFall-Win64-Shipping.exe,19588,0x2EC4BC3AB90,DXGI,0,512,1,Hardware: Independent Flip,10014.8135,0.3473,0.1710,0.1763,11.4133,0.1412,0.1393,0.0019,20.9818,8.8978,11.3863,10014.8135,9.4273,NA,NA
SandFall-Win64-Shipping.exe,19588,0x2EC4BC3AB90,DXGI,0,512,1,Hardware: Independent Flip,10015.1608,15.4229,15.1759,0.2470,11.2072,18.3243,18.3144,0.0099,29.5323,9.1589,-8.5505,10015.1608,0.0008,NA,NA
SandFall-Win64-Shipping.exe,19588,0x2EC4BC3AB90,DXGI,0,512,1,Hardware: Independent Flip,10030.5837,0.3383,0.1802,0.1581,14.1086,0.0995,0.0975,0.0020,23.2683,9.4595,6.2640,10030.5837,9.0602,NA,NA
SandFall-Win64-Shipping.exe,19588,0x2EC4BC3AB90,DXGI,0,512,1,Hardware: Independent Flip,10030.9220,18.1957,17.9221,0.2736,13.8698,18.3171,18.3058,0.0113,32.3895,8.9902,-9.1212,10030.9220,0.2026,NA,NA
SandFall-Win64-Shipping.exe,19588,0x2EC4BC3AB90,DXGI,0,512,1,Hardware: Independent Flip,10049.1177,0.3246,0.1576,0.1670,13.9912,0.1485,0.1457,0.0028,23.1840,9.5365,9.2055,10049.1177,9.0443,NA,NA
SandFall-Win64-Shipping.exe,19588,0x2EC4BC3AB90,DXGI,0,512,1,Hardware: Independent Flip,10049.4423,18.4290,18.1931,0.2359,13.8151,18.5014,18.4845,0.0169,32.3959,9.1480,-9.2119,10049.4423,0.0794,NA,NA
SandFall-Win64-Shipping.exe,19588,0x2EC4BC3AB90,DXGI,0,512,1,Hardware: Independent Flip,10067.8713,0.3050,0.1514,0.1536,13.8875,0.1704,0.1704,0.0000,23.1149,9.0155,9.2810,10067.8713,9.0570,NA,NA
SandFall-Win64-Shipping.exe,19588,0x2EC4BC3AB90,DXGI,0,512,1,Hardware: Independent Flip,10068.1763,19.4032,19.0265,0.3767,13.7529,18.0718,18.0656,0.0062,31.8254,9.1866,-8.7105,10068.1763,0.0007,NA,NA
SandFall-Win64-Shipping.exe,19588,0x2EC4BC3AB90,DXGI,0,512,1,Hardware: Independent Flip,10087.5795,0.3252,0.1648,0.1604,12.4215,0.1030,0.1012,0.0018,21.6088,8.8064,10.2166,10087.5795,9.0843,NA,NA
SandFall-Win64-Shipping.exe,19588,0x2EC4BC3AB90,DXGI,0,512,1,Hardware: Independent Flip,10087.9047,16.3847,16.1177,0.2670,12.1993,17.8897,17.8742,0.0155,30.0900,9.0842,-8.4812,10087.9047,0.0010,NA,NA
SandFall-Win64-Shipping.exe,19588,0x2EC4BC3AB90,DXGI,0,512,1,Hardware: Independent Flip,10104.2894,0.3253,0.1610,0.1643,13.7043,0.1203,0.1186,0.0017,22.7895,9.4545,7.3005,10104.2894,8.9649,NA,NA
SandFall-Win64-Shipping.exe,19588,0x2EC4BC3AB90,DXGI,0,512,1,Hardware: Independent Flip,10104.6147,20.5514,20.2671,0.2843,13.4993,18.3151,18.3059,0.0092,31.9187,9.1146,-9.1292,10104.6147,0.1043,NA,NA
SandFall-Win64-Shipping.exe,19588,0x2EC4BC3AB90,DXGI,0,512,1,Hardware: Independent Flip,10125.1661,0.3239,0.1599,0.1640,11.2630,0.1352,0.1329,0.0023,20.4819,9.1032,11.4368,10125.1661,9.0837,NA,NA
SandFall-Win64-Shipping.exe,19588,0x2EC4BC3AB90,DXGI,0,512,1,Hardware: Independent Flip,10125.4900,19.6482,19.3820,0.2662,11.0743,18.1864,18.1731,0.0133,29.2612,9.1360,-8.7793,10125.4900,0.0005,NA,NA
SandFall-Win64-Shipping.exe,19588,0x2EC4BC3AB90,DXGI,0,512,1,Hardware: Independent Flip,10145.1382,0.3946,0.2006,0.1940,9.6125,0.0916,0.0900,0.0016,18.7490,8.8344,10.5122,10145.1382,9.0449,NA,NA
SandFall-Win64-Shipping.exe,19588,0x2EC4BC3AB90,DXGI,0,512,1,Hardware: Independent Flip,10145.5328,17.9893,17.6696,0.3197,9.3095,17.8788,17.7830,0.0958,27.1888,9.0576,-8.4398,10145.5328,0.0005,NA,NA
SandFall-Win64-Shipping.exe,19588,0x2EC4BC3AB90,DXGI,0,512,1,Hardware: Independent Flip,10163.5221,0.3340,0.1592,0.1748,9.1990,0.1918,0.1918,0.0000,18.2571,9.7172,8.9317,10163.5221,8.8663,NA,NA
SandFall-Win64-Shipping.exe,19588,0x2EC4BC3AB90,DXGI,0,512,1,Hardware: Independent Flip,10163.8561,17.4502,17.1252,0.3250,9.0568,18.4985,18.4850,0.0135,27.6403,9.2311,-9.3832,10163.8561,0.0850,NA,NA
SandFall-Win64-Shipping.exe,19588,0x2EC4BC3AB90,DXGI,0,512,1,Hardware: Independent Flip,10181.3063,0.3806,0.1843,0.1963,10.1051,0.1109,0.1092,0.0017,19.4212,8.9291,8.2191,10181.3063,9.2052,NA,NA
SandFall-Win64-Shipping.exe,19588,0x2EC4BC3AB90,DXGI,0,512,1,Hardware: Independent Flip,10181.6869,16.7731,16.5060,0.2671,9.8354,18.1334,18.1190,0.0144,27.9697,9.2814,-8.5485,10181.6869,0.0009,NA,NA
SandFall-Win64-Shipping.exe,19588,0x2EC4BC3AB90,DXGI,0,512,1,Hardware: Independent Flip,10198.4600,0.3283,0.1633,0.1650,11.1957,0.0846,0.0831,0.0015,20.4780,10.1135,7.4917,10198.4600,9.1977,NA,NA
SandFall-Win64-Shipping.exe,19588,0x2EC4BC3AB90,DXGI,0,512,1,Hardware: Independent Flip,10198.7883,19.7008,19.4462,0.2546,10.9520,19.3101,18.7103,0.5998,30.2632,9.7318,-9.7852,10198.7883,0.0011,NA,NA
SandFall-Win64-Shipping.exe,19588,0x2EC4BC3AB90,DXGI,0,512,1,Hardware: Independent Flip,10218.4891,0.3178,0.1571,0.1607,10.5613,0.1322,0.1299,0.0023,20.2942,8.2284,9.9690,10218.4891,9.6007,NA,NA
SandFall-Win64-Shipping.exe,19588,0x2EC4BC3AB90,DXGI,0,512,1,Hardware: Independent Flip,10218.8069,15.8745,15.6308,0.2437,10.3757,17.8282,17.8120,0.0162,28.2048,9.1926,-7.9106,10218.8069,0.0009,NA,NA
SandFall-Win64-Shipping.exe,19588,0x2EC4BC3AB90,DXGI,0,512,1,Hardware: Independent Flip,10234.6814,0.3081,0.1533,0.1548,12.3294,0.1032,0.1015,0.0017,21.5229,9.2567,6.6819,10234.6814,9.0903,NA,NA
SandFall-Win64-Shipping.exe,19588,0x2EC4BC3AB90,DXGI,0,512,1,Hardware: Independent Flip,10234.9895,19.6398,19.2889,0.3509,12.1245,18.1284,18.1181,0.0103,30.4715,8.8913,-8.9486,10234.9895,0.2186,NA,NA
SandFall-Win64-Shipping.exe,19588,0x2EC4BC3AB90,DXGI,0,512,1,Hardware: Independent Flip,10254.6293,0.4005,0.2056,0.1949,10.6131,0.1312,0.1291,0.0021,19.7230,9.0655,10.7485,10254.6293,8.9787,NA,NA
SandFall-Win64-Shipping.exe,19588,0x2EC4BC3AB90,DXGI,0,512,1,Hardware: Independent Flip,10255.0298,18.5700,18.2697,0.3003,10.3438,17.9101,17.8966,0.0135,28.3880,8.7711,-8.6650,10255.0298,0.1341,NA,NA
SandFall-Win64-Shipping.exe,19588,0x2EC4BC3AB90,DXGI,0,512,1,Hardware: Independent Flip,10273.5998,0.3758,0.1906,0.1852,9.6839,0.1610,0.1593,0.0017,18.5891,9.1680,9.7989,10273.5998,8.7442,NA,NA
SandFall-Win64-Shipping.exe,19588,0x2EC4BC3AB90,DXGI,0,512,1,Hardware: Independent Flip,10273.9756,16.1249,15.8820,0.2429,9.4691,17.8597,17.8504,0.0093,27.3813,8.8643,-8.7922,10273.9756,0.0525,NA,NA
SandFall-Win64-Shipping.exe,19588,0x2EC4BC3AB90,DXGI,0,512,1,Hardware: Independent Flip,10290.1005,0.3432,0.1583,0.1849,11.2039,0.1204,0.1188,0.0016,20.1207,9.2482,7.2606,10290.1005,8.7964,NA,NA
SandFall-Win64-Shipping.exe,19588,0x2EC4BC3AB90,DXGI,0,512,1,Hardware: Independent Flip,10290.4437,17.5815,17.3427,0.2388,10.9811,18.0438,18.0331,0.0107,29.0257,9.1243,-8.9050,10290.4437,0.0008,NA,NA
SandFall-Win64-Shipping.exe,19588,0x2EC4BC3AB90,DXGI,0,512,1,Hardware: Independent Flip,10308.0252,0.3389,0.1683,0.1706,11.4434,0.1157,0.1134,0.0023,20.5685,9.0657,8.4572,10308.0252,9.0094,NA,NA
SandFall-Win64-Shipping.exe,19588,0x2EC4BC3AB90,DXGI,0,512,1,Hardware: Independent Flip,10308.3641,17.5032,17.2136,0.2896,11.2202,18.0746,18.0618,0.0128,29.2953,9.3772,-8.7268,10308.3641,0.0005,NA,NA
SandFall-Win64-Shipping.exe,19588,0x2EC4BC3AB90,DXGI,0,512,1,Hardware: Independent Flip,10325.8673,0.3054,0.1531,0.1523,11.7916,0.1575,0.1531,0.0044,21.1693,9.3900,8.1260,10325.8673,9.2202,NA,NA
SandFall-Win64-Shipping.exe,19588,0x2EC4BC3AB90,DXGI,0,512,1,Hardware: Independent Flip,10326.1727,17.5998,17.3460,0.2538,11.6437,18.6093,18.5972,0.0121,30.2539,9.5877,-9.0846,10326.1727,0.0009,NA,NA
SandFall-Win64-Shipping.exe,19588,0x2EC4BC3AB90,DXGI,0,512,1,Hardware: Independent Flip,10343.7725,0.3280,0.1572,0.1708,12.6532,0.0878,0.0857,0.0021,22.2418,9.9259,8.0121,10343.7725,9.5008,NA,NA
SandFall-Win64-Shipping.exe,19588,0x2EC4BC3AB90,DXGI,0,512,1,Hardware: Independent Flip,10344.1005,19.0004,18.7462,0.2542,12.4130,19.4258,19.4155,0.0103,31.8397,10.0133,-9.5979,10344.1005,0.0009,NA,NA
SandFall-Win64-Shipping.exe,19588,0x2EC4BC3AB90,DXGI,0,512,1,Hardware: Independent Flip,10363.1009,0.3216,0.1562,0.1654,12.8384,0.1076,0.1059,0.0017,22.8526,8.5644,8.9871,10363.1009,9.9066,NA,NA
SandFall-Win64-Shipping.exe,19588,0x2EC4BC3AB90,DXGI,0,512,1,Hardware: Independent Flip,10363.4225,17.5680,17.3152,0.2528,12.6244,18.4702,18.4604,0.0098,31.0954,9.6058,-8.2428,10363.4225,0.0008,NA,NA
SandFall-Win64-Shipping.exe,19588,0x2EC4BC3AB90,DXGI,0,512,1,Hardware: Independent Flip,10380.9905,0.3441,0.1676,0.1765,13.5266,0.1186,0.1161,0.0025,23.1332,8.8020,7.9622,10380.9905,9.4880,NA,NA
SandFall-Win64-Shipping.exe,19588,0x2EC4BC3AB90,DXGI,0,512,1,Hardware: Independent Flip,10381.3346,17.1720,16.8751,0.2969,13.3011,18.0382,18.0304,0.0078,31.5911,8.8138,-8.4579,10381.3346,0.2518,NA,NA
SandFall-Win64-Shipping.exe,19588,0x2EC4BC3AB90,DXGI,0,512,1,Hardware: Independent Flip,10398.5066,0.3360,0.1704,0.1656,14.1673,0.1101,0.1085,0.0016,23.2329,10.7429,8.3582,10398.5066,8.9555,NA,NA
SandFall-Win64-Shipping.exe,19588,0x2EC4BC3AB90,DXGI,0,512,1,Hardware: Independent Flip,10398.8426,18.9822,18.7128,0.2694,13.9414,19.2197,19.2140,0.0057,33.6398,9.0428,-10.4069,10398.8426,0.4787,NA,NA
SandFall-Win64-Shipping.exe,19588,0x2EC4BC3AB90,DXGI,0,512,1,Hardware: Independent Flip,10417.8248,0.3386,0.1703,0.1683,14.1789,0.1045,0.1045,0.0000,23.7004,8.9567,9.9394,10417.8248,9.4170,NA,NA
SandFall-Win64-Shipping.exe,19588,0x2EC4BC3AB90,DXGI,0,512,1,Hardware: Independent Flip,10418.1634,17.2559,17.0115,0.2444,13.9448,18.3727,18.3638,0.0089,32.3185,9.2091,-8.6181,10418.1634,0.0010,NA,NA
SandFall-Win64-Shipping.exe,19588,0x2EC4BC3AB90,DXGI,0,512,1,Hardware: Independent Flip,10435.4193,0.3146,0.1615,0.1531,15.0616,0.1457,0.1457,0.0000,24.2717,9.7011,8.0468,10435.4193,9.0644,NA,NA
SandFall-Win64-Shipping.exe,19588,0x2EC4BC3AB90,DXGI,0,512,1,Hardware: Independent Flip,10435.7339,19.2275,18.9671,0.2604,14.8927,18.7646,18.7534,0.0112,33.6582,9.5944,-9.3865,10435.7339,0.0009,NA,NA
SandFall-Win64-Shipping.exe,19588,0x2EC4BC3AB90,DXGI,0,512,1,Hardware: Independent Flip,10454.9614,0.3103,0.1581,0.1522,14.4298,0.0960,0.0941,0.0019,24.0251,8.8567,9.6331,10454.9614,9.4993,NA,NA
SandFall-Win64-Shipping.exe,19588,0x2EC4BC3AB90,DXGI,0,512,1,Hardware: Independent Flip,10455.2717,17.8454,17.5985,0.2469,14.2155,18.3551,18.3435,0.0116,32.5715,9.5032,-8.5464,10455.2717,0.0009,NA,NA
SandFall-Win64-Shipping.exe,19588,0x2EC4BC3AB90,DXGI,0,512,1,Hardware: Independent Flip,10473.1171,0.3411,0.1553,0.1858,14.7252,0.1238,0.1215,0.0023,24.2293,9.0482,8.3422,10473.1171,9.3803,NA,NA
SandFall-Win64-Shipping.exe,19588,0x2EC4BC3AB90,DXGI,0,512,1,Hardware: Independent Flip,10473.4582,19.5693,19.3244,0.2449,14.5079,18.4264,18.4168,0.0096,32.9364,9.3154,-8.7071,10473.4582,0.0021,NA,NA
SandFall-Win64-Shipping.exe,19588,0x2EC4BC3AB90,DXGI,0,512,1,Hardware: Independent Flip,10493.0275,0.3072,0.1530,0.1542,13.3650,0.2545,0.2524,0.0021,22.6825,9.9422,10.2539,10493.0275,9.0630,NA,NA
SandFall-Win64-Shipping.exe,19588,0x2EC4BC3AB90,DXGI,0,512,1,Hardware: Independent Flip,10493.3347,20.8849,20.6116,0.2733,13.3123,18.8242,18.8143,0.0099,32.3175,9.3031,-9.6350,10493.3347,0.1810,NA,NA
SandFall-Win64-Shipping.exe,19588,0x2EC4BC3AB90,DXGI,0,512,1,Hardware: Independent Flip,10514.2196,0.3268,0.1638,0.1630,11.2516,0.1041,0.1020,0.0021,20.7357,9.6257,11.5818,10514.2196,9.3800,NA,NA
SandFall-Win64-Shipping.exe,19588,0x2EC4BC3AB90,DXGI,0,512,1,Hardware: Independent Flip,10514.5464,16.1428,15.8818,0.2610,11.0289,19.0047,18.9960,0.0087,30.0346,9.5076,-9.2989,10514.5464,0.0010,NA,NA
SandFall-Win64-Shipping.exe,19588,0x2EC4BC3AB90,DXGI,0,512,1,Hardware: Independent Flip,10530.6892,0.3420,0.1705,0.1715,13.8908,0.0921,0.0899,0.0022,23.3994,9.0601,6.6352,10530.6892,9.4165,NA,NA
SandFall-Win64-Shipping.exe,19588,0x2EC4BC3AB90,DXGI,0,512,1,Hardware: Independent Flip,10531.0312,18.5171,18.2458,0.2713,13.6409,18.4757,18.4649,0.0108,32.1175,9.4600,-8.7181,10531.0312,0.0009,NA,NA
SandFall-Win64-Shipping.exe,19588,0x2EC4BC3AB90,DXGI,0,512,1,Hardware: Independent Flip,10549.5483,0.3830,0.1611,0.2219,13.5995,0.1295,0.1273,0.0022,23.0604,8.8415,9.0571,10549.5483,9.3314,NA,NA
SandFall-Win64-Shipping.exe,19588,0x2EC4BC3AB90,DXGI,0,512,1,Hardware: Independent Flip,10549.9313,18.1638,17.9076,0.2562,13.3460,18.1479,18.1371,0.0108,31.5189,9.1332,-8.4585,10549.9313,0.0250,NA,NA
SandFall-Win64-Shipping.exe,19588,0x2EC4BC3AB90,DXGI,0,512,1,Hardware: Independent Flip,10568.0951,0.3137,0.1587,0.1550,13.3301,0.3159,0.3142,0.0017,22.4883,9.9795,9.0306,10568.0951,8.8423,NA,NA
SandFall-Win64-Shipping.exe,19588,0x2EC4BC3AB90,DXGI,0,512,1,Hardware: Independent Flip,10568.4088,20.6127,20.3628,0.2499,13.3323,18.4693,18.4596,0.0097,32.1541,8.9870,-9.6658,10568.4088,0.3525,NA,NA
SandFall-Win64-Shipping.exe,19588,0x2EC4BC3AB90,DXGI,0,512,1,Hardware: Independent Flip,10589.0215,0.3118,0.1571,0.1547,11.1889,0.0867,0.0851,0.0016,20.5284,9.0940,11.6257,10589.0215,9.2528,NA,NA
SandFall-Win64-Shipping.exe,19588,0x2EC4BC3AB90,DXGI,0,512,1,Hardware: Independent Flip,10589.3333,18.0145,17.6236,0.3909,10.9638,18.3458,18.3360,0.0098,29.3106,9.0986,-8.7822,10589.3333,0.0010,NA,NA
SandFall-Win64-Shipping.exe,19588,0x2EC4BC3AB90,DXGI,0,512,1,Hardware: Independent Flip,10607.3478,0.3801,0.2155,0.1646,11.2951,0.1585,0.1541,0.0044,20.3947,10.1018,8.9159,10607.3478,8.9411,NA,NA
SandFall-Win64-Shipping.exe,19588,0x2EC4BC3AB90,DXGI,0,512,1,Hardware: Independent Flip,10607.7279,18.3478,18.0552,0.2926,11.0735,19.0423,19.0344,0.0079,30.1164,9.6530,-9.7217,10607.7279,0.0006,NA,NA
SandFall-Win64-Shipping.exe,19588,0x2EC4BC3AB90,DXGI,0,512,1,Hardware: Independent Flip,10626.0757,0.3737,0.1636,0.2101,11.7680,0.0989,0.0971,0.0018,21.4216,9.2156,8.6948,10626.0757,9.5547,NA,NA
SandFall-Win64-Shipping.exe,19588,0x2EC4BC3AB90,DXGI,0,512,1,Hardware: Independent Flip,10626.4494,17.9655,17.7129,0.2526,11.4932,18.7695,18.7609,0.0086,30.2635,9.8796,-8.8419,10626.4494,0.0008,NA,NA
SandFall-Win64-Shipping.exe,19588,0x2EC4BC3AB90,DXGI,0,512,1,Hardware: Independent Flip,10644.4149,0.3222,0.1578,0.1644,12.2972,0.2573,0.2573,0.0000,22.1776,8.6858,8.0859,10644.4149,9.6231,NA,NA
SandFall-Win64-Shipping.exe,19588,0x2EC4BC3AB90,DXGI,0,512,1,Hardware: Independent Flip,10644.7371,22.3947,22.0683,0.3264,12.2323,18.3080,17.9551,0.3529,30.5412,9.6216,-8.3636,10644.7371,0.0009,NA,NA
SandFall-Win64-Shipping.exe,19588,0x2EC4BC3AB90,DXGI,0,512,1,Hardware: Independent Flip,10667.1318,0.3551,0.1755,0.1796,8.1456,0.1201,0.1184,0.0017,17.7681,9.3390,12.7731,10667.1318,9.5024,NA,NA
SandFall-Win64-Shipping.exe,19588,0x2EC4BC3AB90,DXGI,0,512,1,Hardware: Independent Flip,10667.4869,15.1980,14.9536,0.2444,7.9106,18.6638,18.6529,0.0109,26.7520,9.2078,-8.9839,10667.4869,0.1776,NA,NA
SandFall-Win64-Shipping.exe,19588,0x2EC4BC3AB90,DXGI,0,512,1,Hardware: Independent Flip,10682.6849,0.3105,0.1581,0.1524,11.3764,0.1093,0.1077,0.0016,20.7618,10.0032,5.9902,10682.6849,9.2761,NA,NA
SandFall-Win64-Shipping.exe,19588,0x2EC4BC3AB90,DXGI,0,512,1,Hardware: Independent Flip,10682.9954,19.1249,18.8763,0.2486,11.1752,18.9619,18.8497,0.1122,30.4545,9.1221,-9.6927,10682.9954,0.3174,NA,NA
SandFall-Win64-Shipping.exe,19588,0x2EC4BC3AB90,DXGI,0,512,1,Hardware: Independent Flip,10702.1203,0.3158,0.1601,0.1557,11.0122,0.1128,0.1112,0.0016,20.4517,9.4298,10.0028,10702.1203,9.3267,NA,NA
SandFall-Win64-Shipping.exe,19588,0x2EC4BC3AB90,DXGI,0,512,1,Hardware: Independent Flip,10702.4361,17.3636,17.0909,0.2727,10.8092,18.7554,18.7414,0.0140,29.5657,9.3416,-9.1140,10702.4361,0.0011,NA,NA
SandFall-Win64-Shipping.exe,19588,0x2EC4BC3AB90,DXGI,0,512,1,Hardware: Independent Flip,10719.7997,0.3195,0.1619,0.1576,12.2010,0.1859,0.1859,0.0000,21.5437,9.0461,8.0220,10719.7997,9.1568,NA,NA
SandFall-Win64-Shipping.exe,19588,0x2EC4BC3AB90,DXGI,0,512,1,Hardware: Independent Flip,10720.1192,18.9285,18.6880,0.2405,12.0674,18.2022,18.1896,0.0126,30.2703,9.3534,-8.7266,10720.1192,0.0007,NA,NA
SandFall-Win64-Shipping.exe,19588,0x2EC4BC3AB90,DXGI,0,512,1,Hardware: Independent Flip,10739.0477,0.3095,0.1557,0.1538,11.3411,0.0820,0.0797,0.0023,20.6952,8.9663,9.5751,10739.0477,9.2721,NA,NA
SandFall-Win64-Shipping.exe,19588,0x2EC4BC3AB90,DXGI,0,512,1,Hardware: Independent Flip,10739.3572,18.5098,18.2650,0.2448,11.1136,18.2371,18.1475,0.0896,29.3520,9.1878,-8.6568,10739.3572,0.0013,NA,NA
SandFall-Win64-Shipping.exe,19588,0x2EC4BC3AB90,DXGI,0,512,1,Hardware: Independent Flip,10757.8670,0.3127,0.1567,0.1560,10.8409,0.1079,0.1001,0.0078,20.0300,15.6696,9.3220,10757.8670,9.0812,NA,NA
SandFall-Win64-Shipping.exe,19588,0x2EC4BC3AB90,DXGI,0,512,1,Hardware: Independent Flip,10758.1797,25.2425,24.9758,0.2667,10.6361,24.6115,18.4422,6.1693,35.3869,12.2572,-15.3569,10758.1797,0.1393,NA,NA
SandFall-Win64-Shipping.exe,19588,0x2EC4BC3AB90,DXGI,0,512,1,Hardware: Independent Flip,10783.4222,0.3139,0.1593,0.1546,10.0051,0.1526,0.1509,0.0017,22.4016,5.7698,12.9853,10783.4222,12.2439,NA,NA
SandFall-Win64-Shipping.exe,19588,0x2EC4BC3AB90,DXGI,0,512,1,Hardware: Independent Flip,10783.7361,12.8718,12.5998,0.2720,9.8438,18.0128,18.0045,0.0083,27.8575,8.9716,-5.4559,10783.7361,0.0009,NA,NA
SandFall-Win64-Shipping.exe,19588,0x2EC4BC3AB90,DXGI,0,512,1,Hardware: Independent Flip,10796.6079,0.4276,0.2384,0.1892,14.9848,0.1260,0.1243,0.0017,23.9573,10.1898,3.9002,10796.6079,8.8465,NA,NA
SandFall-Win64-Shipping.exe,19588,0x2EC4BC3AB90,DXGI,0,512,1,Hardware: Independent Flip,10797.0355,17.8807,17.6377,0.2430,14.6832,19.0357,19.0284,0.0073,33.7195,10.0877,-9.7622,10797.0355,0.0006,NA,NA
SandFall-Win64-Shipping.exe,19588,0x2EC4BC3AB90,DXGI,0,512,1,Hardware: Independent Flip,10814.9162,0.3109,0.1572,0.1537,15.8382,0.1489,0.1469,0.0020,25.9265,8.6264,7.7930,10814.9162,9.9394,NA,NA
SandFall-Win64-Shipping.exe,19588,0x2EC4BC3AB90,DXGI,0,512,1,Hardware: Independent Flip,10815.2271,18.6689,18.4265,0.2424,15.6762,18.5652,18.5558,0.0094,34.2420,9.7357,-8.3155,10815.2271,0.0006,NA,NA
SandFall-Win64-Shipping.exe,19588,0x2EC4BC3AB90,DXGI,0,512,1,Hardware: Independent Flip,10833.8960,0.3584,0.1936,0.1648,15.5725,0.1859,0.1859,0.0000,25.3088,8.7267,8.9332,10833.8960,9.5504,NA,NA
SandFall-Win64-Shipping.exe,19588,0x2EC4BC3AB90,DXGI,0,512,1,Hardware: Independent Flip,10834.2544,21.0350,20.7108,0.3242,15.4000,18.2762,18.2709,0.0053,33.6771,9.4896,-8.3683,10834.2544,0.0009,NA,NA
SandFall-Win64-Shipping.exe,19588,0x2EC4BC3AB90,DXGI,0,512,1,Hardware: Independent Flip,10855.2894,0.3753,0.1878,0.1875,12.6412,0.0929,0.0911,0.0018,22.1317,8.8728,11.5454,10855.2894,9.3976,NA,NA
SandFall-Win64-Shipping.exe,19588,0x2EC4BC3AB90,DXGI,0,512,1,Hardware: Independent Flip,10855.6647,15.0678,14.7640,0.3038,12.3588,18.2235,18.2130,0.0105,30.6292,9.0995,-8.4975,10855.6647,0.0469,NA,NA
SandFall-Win64-Shipping.exe,19588,0x2EC4BC3AB90,DXGI,0,512,1,Hardware: Independent Flip,10870.7325,0.3926,0.1959,0.1967,15.5145,0.1422,0.1403,0.0019,24.6609,9.6232,5.9683,10870.7325,9.0042,NA,NA
SandFall-Win64-Shipping.exe,19588,0x2EC4BC3AB90,DXGI,0,512,1,Hardware: Independent Flip,10871.1251,17.9083,17.6600,0.2483,15.2641,18.3153,18.3071,0.0082,33.8915,8.8761,-9.2306,10871.1251,0.3121,NA,NA
SandFall-Win64-Shipping.exe,19588,0x2EC4BC3AB90,DXGI,0,512,1,Hardware: Independent Flip,10889.0334,0.3175,0.1603,0.1572,15.6711,0.1233,0.1214,0.0019,24.8593,9.2305,9.0322,10889.0334,9.0649,NA,NA
SandFall-Win64-Shipping.exe,19588,0x2EC4BC3AB90,DXGI,0,512,1,Hardware: Independent Flip,10889.3509,17.4880,17.2164,0.2716,15.4769,18.1641,18.1564,0.0077,33.7723,8.8360,-8.9130,10889.3509,0.1313,NA,NA
SandFall-Win64-Shipping.exe,19588,0x2EC4BC3AB90,DXGI,0,512,1,Hardware: Independent Flip,10906.8389,0.3280,0.1730,0.1550,16.1530,0.1452,0.1436,0.0016,25.1203,9.6541,8.6520,10906.8389,8.8221,NA,NA
SandFall-Win64-Shipping.exe,19588,0x2EC4BC3AB90,DXGI,0,512,1,Hardware: Independent Flip,10907.1669,23.2520,22.9748,0.2772,15.9702,18.4754,18.4685,0.0069,34.4464,9.2105,-9.3261,10907.1669,0.0008,NA,NA
SandFall-Win64-Shipping.exe,19588,0x2EC4BC3AB90,DXGI,0,512,1,Hardware: Independent Flip,10930.4189,0.3313,0.1689,0.1624,11.1936,0.0932,0.0914,0.0018,20.4049,8.8513,14.0415,10930.4189,9.1181,NA,NA
SandFall-Win64-Shipping.exe,19588,0x2EC4BC3AB90,DXGI,0,512,1,Hardware: Independent Flip,10930.7502,14.5541,14.2507,0.3034,10.9555,17.9689,17.9634,0.0055,28.9249,9.2371,-8.5200,10930.7502,0.0005,NA,NA
SandFall-Win64-Shipping.exe,19588,0x2EC4BC3AB90,DXGI,0,512,1,Hardware: Independent Flip,10945.3043,0.3553,0.1790,0.1763,14.3703,0.1069,0.1050,0.0019,23.6079,8.7583,5.3170,10945.3043,9.1307,NA,NA
SandFall-Win64-Shipping.exe,19588,0x2EC4BC3AB90,DXGI,0,512,1,Hardware: Independent Flip,10945.6596,18.8940,18.6472,0.2468,14.1219,17.8880,17.8791,0.0089,32.0109,9.0730,-8.4030,10945.6596,0.0010,NA,NA
SandFall-Win64-Shipping.exe,19588,0x2EC4BC3AB90,DXGI,0,512,1,Hardware: Independent Flip,10964.5536,0.3100,0.1577,0.1523,13.1159,0.1153,0.1135,0.0018,22.1899,8.2430,9.8210,10964.5536,8.9587,NA,NA
SandFall-Win64-Shipping.exe,19588,0x2EC4BC3AB90,DXGI,0,512,1,Hardware: Independent Flip,10964.8636,17.5529,17.3061,0.2468,12.9212,17.2008,17.1917,0.0091,30.1229,8.6872,-7.9330,10964.8636,0.0009,NA,NA
SandFall-Win64-Shipping.exe,19588,0x2EC4BC3AB90,DXGI,0,512,1,Hardware: Independent Flip,10982.4165,0.3261,0.1598,0.1663,12.5691,0.1298,0.1283,0.0015,21.2572,8.7914,8.8657,10982.4165,8.5583,NA,NA
SandFall-Win64-Shipping.exe,19588,0x2EC4BC3AB90,DXGI,0,512,1,Hardware: Independent Flip,10982.7426,18.9840,18.7220,0.2620,12.3728,17.2894,17.2822,0.0072,29.7225,8.6135,-8.4653,10982.7426,0.0603,NA,NA
SandFall-Win64-Shipping.exe,19588,0x2EC4BC3AB90,DXGI,0,512,1,Hardware: Independent Flip,11001.7266,0.3146,0.1601,0.1545,10.6782,0.1061,0.1043,0.0018,19.3520,9.8738,10.3705,11001.7266,8.5677,NA,NA
SandFall-Win64-Shipping.exe,19588,0x2EC4BC3AB90,DXGI,0,512,1,Hardware: Independent Flip,11002.0412,18.8271,18.5313,0.2958,10.4697,18.1754,17.5337,0.6417,28.9112,8.8251,-9.5592,11002.0412,0.2661,NA,NA
SandFall-Win64-Shipping.exe,19588,0x2EC4BC3AB90,DXGI,0,512,1,Hardware: Independent Flip,11020.8683,0.3686,0.1653,0.2033,9.8180,0.0745,0.0692,0.0053,18.9092,10.4821,10.0020,11020.8683,9.0167,NA,NA
SandFall-Win64-Shipping.exe,19588,0x2EC4BC3AB90,DXGI,0,512,1,Hardware: Independent Flip,11021.2369,19.2887,19.0187,0.2700,9.5239,19.4981,17.6565,1.8416,29.0227,9.8933,-10.1135,11021.2369,0.0007,NA,NA
SandFall-Win64-Shipping.exe,19588,0x2EC4BC3AB90,DXGI,0,512,1,Hardware: Independent Flip,11040.5256,0.3828,0.1860,0.1968,9.7333,0.1873,0.1873,0.0000,19.6273,8.4591,9.3954,11040.5256,9.7067,NA,NA
SandFall-Win64-Shipping.exe,19588,0x2EC4BC3AB90,DXGI,0,512,1,Hardware: Independent Flip,11040.9084,17.9638,17.7064,0.2574,9.5378,18.1638,18.1543,0.0095,27.7036,9.3896,-8.0763,11040.9084,0.0020,NA,NA
SandFall-Win64-Shipping.exe,19588,0x2EC4BC3AB90,DXGI,0,512,1,Hardware: Independent Flip,11058.8722,0.3251,0.1622,0.1629,9.7378,0.0994,0.0973,0.0021,19.1294,9.6789,8.5742,11058.8722,9.2922,NA,NA
SandFall-Win64-Shipping.exe,19588,0x2EC4BC3AB90,DXGI,0,512,1,Hardware: Independent Flip,11059.1973,18.7506,18.5085,0.2421,9.5121,18.9701,17.2758,1.6943,28.4832,9.8377,-9.3538,11059.1973,0.0010,NA,NA
SandFall-Win64-Shipping.exe,19588,0x2EC4BC3AB90,DXGI,0,512,1,Hardware: Independent Flip,11077.9479,0.3506,0.1726,0.1780,9.7316,0.1160,0.1139,0.0021,19.5703,8.4061,8.9129,11077.9479,9.7227,NA,NA
SandFall-Win64-Shipping.exe,19588,0x2EC4BC3AB90,DXGI,0,512,1,Hardware: Independent Flip,11078.2985,17.5859,17.3254,0.2605,9.4970,18.1283,17.7030,0.4253,27.6258,9.4003,-8.0555,11078.2985,0.0005,NA,NA
SandFall-Win64-Shipping.exe,19588,0x2EC4BC3AB90,DXGI,0,512,1,Hardware: Independent Flip,11095.8844,0.3675,0.1789,0.1886,10.0394,0.1062,0.1046,0.0016,19.4402,8.0179,8.1856,11095.8844,9.2946,NA,NA
SandFall-Win64-Shipping.exe,19588,0x2EC4BC3AB90,DXGI,0,512,1,Hardware: Independent Flip,11096.2519,16.6378,16.3631,0.2747,9.7781,17.3109,17.3044,0.0065,27.0906,8.6827,-7.6504,11096.2519,0.0016,NA,NA
SandFall-Win64-Shipping.exe,19588,0x2EC4BC3AB90,DXGI,0,512,1,Hardware: Independent Flip,11112.8897,0.3144,0.1569,0.1575,10.4512,0.1014,0.0990,0.0024,19.1355,10.8404,7.9551,11112.8897,8.5829,NA,NA
SandFall-Win64-Shipping.exe,19588,0x2EC4BC3AB90,DXGI,0,512,1,Hardware: Independent Flip,11113.2041,19.5953,19.3266,0.2687,10.2382,18.9483,17.3713,1.5770,29.6615,9.0492,-10.5260,11113.2041,0.4750,NA,NA
SandFall-Win64-Shipping.exe,19588,0x2EC4BC3AB90,DXGI,0,512,1,Hardware: Independent Flip,11132.7994,0.3707,0.1774,0.1933,9.5912,0.1247,0.1226,0.0021,19.1154,8.4140,10.5461,11132.7994,9.3995,NA,NA
SandFall-Win64-Shipping.exe,19588,0x2EC4BC3AB90,DXGI,0,512,1,Hardware: Independent Flip,11133.1701,15.9309,15.6287,0.3022,9.3452,17.8125,17.8047,0.0078,27.1587,8.6896,-8.0433,11133.1701,0.0010,NA,NA
SandFall-Win64-Shipping.exe,19588,0x2EC4BC3AB90,DXGI,0,512,1,Hardware: Independent Flip,11149.1010,0.3286,0.1709,0.1577,11.2268,0.1162,0.1144,0.0018,19.9174,8.6976,7.2413,11149.1010,8.5744,NA,NA
SandFall-Win64-Shipping.exe,19588,0x2EC4BC3AB90,DXGI,0,512,1,Hardware: Independent Flip,11149.4296,16.5635,16.3240,0.2395,11.0144,17.2716,17.2649,0.0067,28.2864,8.7497,-8.3690,11149.4296,0.0004,NA,NA
SandFall-Win64-Shipping.exe,19588,0x2EC4BC3AB90,DXGI,0,512,1,Hardware: Independent Flip,11165.9931,0.3622,0.1986,0.1636,11.7225,0.1023,0.1006,0.0017,20.4726,8.0572,7.8138,11165.9931,8.6478,NA,NA
SandFall-Win64-Shipping.exe,19588,0x2EC4BC3AB90,DXGI,0,512,1,Hardware: Independent Flip,11166.3553,17.2274,16.9581,0.2693,11.4626,16.7041,16.6928,0.0113,28.1676,8.4075,-7.6950,11166.3553,0.0009,NA,NA
SandFall-Win64-Shipping.exe,19588,0x2EC4BC3AB90,DXGI,0,512,1,Hardware: Independent Flip,11183.5827,0.3207,0.1632,0.1575,10.9393,0.1392,0.1374,0.0018,19.3477,9.0034,8.8199,11183.5827,8.2692,NA,NA
SandFall-Win64-Shipping.exe,19588,0x2EC4BC3AB90,DXGI,0,512,1,Hardware: Independent Flip,11183.9034,17.1296,16.8746,0.2550,10.7578,17.2226,17.2102,0.0124,28.0304,8.6238,-8.6827,11183.9034,0.0500,NA,NA
SandFall-Win64-Shipping.exe,19588,0x2EC4BC3AB90,DXGI,0,512,1,Hardware: Independent Flip,11201.0330,0.3201,0.1636,0.1565,10.8508,0.1097,0.1060,0.0037,19.5246,9.0553,8.5058,11201.0330,8.5641,NA,NA
SandFall-Win64-Shipping.exe,19588,0x2EC4BC3AB90,DXGI,0,512,1,Hardware: Independent Flip,11201.3531,17.5947,17.3511,0.2436,10.6404,17.6188,17.6121,0.0067,28.2598,8.8887,-8.7352,11201.3531,0.0006,NA,NA
SandFall-Win64-Shipping.exe,19588,0x2EC4BC3AB90,DXGI,0,512,1,Hardware: Independent Flip,11218.9478,0.3124,0.1580,0.1544,10.6645,0.0759,0.0736,0.0023,19.5538,9.4586,8.7060,11218.9478,8.8134,NA,NA
SandFall-Win64-Shipping.exe,19588,0x2EC4BC3AB90,DXGI,0,512,1,Hardware: Independent Flip,11219.2602,18.7566,18.4781,0.2785,10.4280,18.2711,17.4361,0.8350,28.7000,9.4895,-9.1462,11219.2602,0.0009,NA,NA
SandFall-Win64-Shipping.exe,19588,0x2EC4BC3AB90,DXGI,0,512,1,Hardware: Independent Flip,11238.0168,0.3186,0.1609,0.1577,9.9425,0.1949,0.1949,0.0000,19.4329,8.5157,9.2671,11238.0168,9.2955,NA,NA
SandFall-Win64-Shipping.exe,19588,0x2EC4BC3AB90,DXGI,0,512,1,Hardware: Independent Flip,11238.3354,17.3198,17.0554,0.2644,9.8188,17.8101,17.8035,0.0066,27.6300,9.1825,-8.1971,11238.3354,0.0011,NA,NA
SandFall-Win64-Shipping.exe,19588,0x2EC4BC3AB90,DXGI,0,512,1,Hardware: Independent Flip,11255.6552,0.3255,0.1633,0.1622,10.3091,0.1186,0.1170,0.0016,19.4927,8.0571,8.1373,11255.6552,9.0650,NA,NA
SandFall-Win64-Shipping.exe,19588,0x2EC4BC3AB90,DXGI,0,512,1,Hardware: Independent Flip,11255.9807,15.7432,15.4970,0.2462,10.1022,17.1210,17.1139,0.0071,27.2243,8.6169,-7.7316,11255.9807,0.0011,NA,NA
SandFall-Win64-Shipping.exe,19588,0x2EC4BC3AB90,DXGI,0,512,1,Hardware: Independent Flip,11271.7239,0.3412,0.1828,0.1584,11.4800,0.1384,0.1384,0.0000,20.0980,8.7461,7.1263,11271.7239,8.4796,NA,NA
SandFall-Win64-Shipping.exe,19588,0x2EC4BC3AB90,DXGI,0,512,1,Hardware: Independent Flip,11272.0651,17.1339,16.8568,0.2771,11.2772,17.1880,17.1804,0.0076,28.5029,8.5991,-8.4049,11272.0651,0.0377,NA,NA
SandFall-Win64-Shipping.exe,19588,0x2EC4BC3AB90,DXGI,0,512,1,Hardware: Independent Flip,11289.1990,0.3289,0.1707,0.1582,11.3313,0.1195,0.1179,0.0016,19.9681,8.8055,8.5348,11289.1990,8.5173,NA,NA
SandFall-Win64-Shipping.exe,19588,0x2EC4BC3AB90,DXGI,0,512,1,Hardware: Independent Flip,11289.5279,17.0906,16.7815,0.3091,11.1219,17.2716,17.2645,0.0071,28.4447,8.6248,-8.4766,11289.5279,0.0512,NA,NA
SandFall-Win64-Shipping.exe,19588,0x2EC4BC3AB90,DXGI,0,512,1,Hardware: Independent Flip,11306.6185,0.3567,0.1816,0.1751,11.3029,0.1067,0.1029,0.0038,19.9789,8.7008,8.4658,11306.6185,8.5693,NA,NA
SandFall-Win64-Shipping.exe,19588,0x2EC4BC3AB90,DXGI,0,512,1,Hardware: Independent Flip,11306.9752,17.1523,16.9042,0.2481,11.0529,17.2505,17.2400,0.0105,28.3230,8.6270,-8.3441,11306.9752,0.0196,NA,NA
SandFall-Win64-Shipping.exe,19588,0x2EC4BC3AB90,DXGI,0,512,1,Hardware: Independent Flip,11324.1275,0.3017,0.1537,0.1480,11.1511,0.1008,0.0963,0.0045,19.7977,8.8267,8.5253,11324.1275,8.5458,NA,NA
SandFall-Win64-Shipping.exe,19588,0x2EC4BC3AB90,DXGI,0,512,1,Hardware: Independent Flip,11324.4292,17.9509,17.6960,0.2549,10.9502,17.3715,17.3625,0.0090,28.3227,8.7324,-8.5250,11324.4292,0.0010,NA,NA
SandFall-Win64-Shipping.exe,19588,0x2EC4BC3AB90,DXGI,0,512,1,Hardware: Independent Flip,11342.3801,0.3287,0.1702,0.1585,10.3708,0.1867,0.1867,0.0000,19.1042,8.5554,9.2185,11342.3801,8.5467,NA,NA
SandFall-Win64-Shipping.exe,19588,0x2EC4BC3AB90,DXGI,0,512,1,Hardware: Independent Flip,11342.7088,16.9171,16.6721,0.2450,10.2288,17.1016,17.0913,0.0103,27.3309,8.6667,-8.2267,11342.7088,0.0005,NA,NA
SandFall-Win64-Shipping.exe,19588,0x2EC4BC3AB90,DXGI,0,512,1,Hardware: Independent Flip,11359.6259,0.3134,0.1597,0.1537,10.4133,0.1242,0.1242,0.0000,19.0805,8.6543,8.2504,11359.6259,8.5430,NA,NA
SandFall-Win64-Shipping.exe,19588,0x2EC4BC3AB90,DXGI,0,512,1,Hardware: Independent Flip,11359.9393,17.3300,17.0646,0.2654,10.2241,17.1963,17.1803,0.0160,27.4214,8.6484,-8.3409,11359.9393,0.0010,NA,NA
SandFall-Win64-Shipping.exe,19588,0x2EC4BC3AB90,DXGI,0,512,1,Hardware: Independent Flip,11377.2693,0.3515,0.1900,0.1615,10.0904,0.0878,0.0862,0.0016,18.7398,8.5698,8.6816,11377.2693,8.5616,NA,NA
SandFall-Win64-Shipping.exe,19588,0x2EC4BC3AB90,DXGI,0,512,1,Hardware: Independent Flip,11377.6208,16.9700,16.7322,0.2378,9.8267,17.1308,17.1235,0.0073,26.9581,8.5909,-8.2183,11377.6208,0.0006,NA,NA
SandFall-Win64-Shipping.exe,19588,0x2EC4BC3AB90,DXGI,0,512,1,Hardware: Independent Flip,11394.5908,0.3088,0.1547,0.1541,9.9875,0.0830,0.0814,0.0016,18.5790,9.2553,8.3791,11394.5908,8.5085,NA,NA
SandFall-Win64-Shipping.exe,19588,0x2EC4BC3AB90,DXGI,0,512,1,Hardware: Independent Flip,11394.8996,17.4304,17.1848,0.2456,9.7617,17.7628,17.7406,0.0222,27.5255,8.9278,-8.9465,11394.8996,0.0010,NA,NA
SandFall-Win64-Shipping.exe,19588,0x2EC4BC3AB90,DXGI,0,512,1,Hardware: Independent Flip,11412.3300,0.3287,0.1572,0.1715,10.0941,0.1911,0.1911,0.0000,19.0229,8.3648,8.5026,11412.3300,8.7377,NA,NA
SandFall-Win64-Shipping.exe,19588,0x2EC4BC3AB90,DXGI,0,512,1,Hardware: Independent Flip,11412.6587,17.3378,17.0822,0.2556,9.9565,17.1017,17.0884,0.0133,27.0590,8.6082,-8.0361,11412.6587,0.0008,NA,NA
SandFall-Win64-Shipping.exe,19588,0x2EC4BC3AB90,DXGI,0,512,1,Hardware: Independent Flip,11429.9965,0.3384,0.1758,0.1626,9.7204,0.0741,0.0725,0.0016,18.3294,9.6126,8.7296,11429.9965,8.5349,NA,NA
SandFall-Win64-Shipping.exe,19588,0x2EC4BC3AB90,DXGI,0,512,1,Hardware: Independent Flip,11430.3349,17.5558,17.2992,0.2566,9.4561,18.1466,17.8353,0.3113,27.6036,9.1110,-9.2742,11430.3349,0.0009,NA,NA
SandFall-Win64-Shipping.exe,19588,0x2EC4BC3AB90,DXGI,0,512,1,Hardware: Independent Flip,11447.8907,0.3065,0.1536,0.1529,10.0469,0.0903,0.0885,0.0018,19.1588,8.4924,8.4448,11447.8907,9.0216,NA,NA
SandFall-Win64-Shipping.exe,19588,0x2EC4BC3AB90,DXGI,0,512,1,Hardware: Independent Flip,11448.1972,16.9473,16.7050,0.2423,9.8307,17.5132,17.5029,0.0103,27.3447,8.8444,-8.1859,11448.1972,0.0008,NA,NA
SandFall-Win64-Shipping.exe,19588,0x2EC4BC3AB90,DXGI,0,512,1,Hardware: Independent Flip,11465.1445,0.3073,0.1543,0.1530,10.3966,0.1880,0.1864,0.0016,19.2418,8.5536,8.1029,11465.1445,8.6572,NA,NA
SandFall-Win64-Shipping.exe,19588,0x2EC4BC3AB90,DXGI,0,512,1,Hardware: Independent Flip,11465.4518,17.1775,16.9352,0.2423,10.2773,17.2104,17.1977,0.0127,27.4881,8.7355,-8.2463,11465.4518,0.0004,NA,NA
SandFall-Win64-Shipping.exe,19588,0x2EC4BC3AB90,DXGI,0,512,1,Hardware: Independent Flip,11482.6293,0.3145,0.1566,0.1579,10.3102,0.0864,0.0848,0.0016,19.0461,8.5540,8.4420,11482.6293,8.6495,NA,NA
SandFall-Win64-Shipping.exe,19588,0x2EC4BC3AB90,DXGI,0,512,1,Hardware: Independent Flip,11482.9438,17.0502,16.8022,0.2480,10.0821,17.2031,17.1929,0.0102,27.2856,8.6324,-8.2395,11482.9438,0.0004,NA,NA
SandFall-Win64-Shipping.exe,19588,0x2EC4BC3AB90,DXGI,0,512,1,Hardware: Independent Flip,11499.9940,0.3193,0.1583,0.1610,10.2350,0.1010,0.0987,0.0023,18.8678,9.3580,8.4178,11499.9940,8.5318,NA,NA
SandFall-Win64-Shipping.exe,19588,0x2EC4BC3AB90,DXGI,0,512,1,Hardware: Independent Flip,11500.3133,17.9778,17.7238,0.2540,10.0167,17.8128,17.4011,0.4117,27.9065,8.8909,-9.0387,11500.3133,0.0770,NA,NA
SandFall-Win64-Shipping.exe,19588,0x2EC4BC3AB90,DXGI,0,512,1,Hardware: Independent Flip,11518.2911,0.3504,0.1743,0.1761,9.8517,0.1328,0.1310,0.0018,18.8196,8.5380,9.0869,11518.2911,8.8351,NA,NA
SandFall-Win64-Shipping.exe,19588,0x2EC4BC3AB90,DXGI,0,512,1,Hardware: Independent Flip,11518.6415,16.3963,16.1510,0.2453,9.6341,17.3722,17.3603,0.0119,27.0072,8.7198,-8.1876,11518.6415,0.0009,NA,NA
SandFall-Win64-Shipping.exe,19588,0x2EC4BC3AB90,DXGI,0,512,1,Hardware: Independent Flip,11535.0378,0.3135,0.1565,0.1570,10.6100,0.1420,0.1395,0.0025,19.3307,8.8246,7.6765,11535.0378,8.5787,NA,NA
SandFall-Win64-Shipping.exe,19588,0x2EC4BC3AB90,DXGI,0,512,1,Hardware: Independent Flip,11535.3513,17.9422,17.6987,0.2435,10.4385,17.4026,17.3961,0.0065,27.8418,8.8770,-8.5111,11535.3513,0.0007,NA,NA
SandFall-Win64-Shipping.exe,19588,0x2EC4BC3AB90,DXGI,0,512,1,Hardware: Independent Flip,11553.2935,0.3325,0.1530,0.1795,9.8989,0.1870,0.1870,0.0000,18.7766,8.3482,9.0652,11553.2935,8.6907,NA,NA
SandFall-Win64-Shipping.exe,19588,0x2EC4BC3AB90,DXGI,0,512,1,Hardware: Independent Flip,11553.6260,16.4588,16.2012,0.2576,9.7534,17.0380,17.0263,0.0117,26.7923,8.5361,-8.0157,11553.6260,0.0009,NA,NA
SandFall-Win64-Shipping.exe,19588,0x2EC4BC3AB90,DXGI,0,512,1,Hardware: Independent Flip,11570.0848,0.3190,0.1602,0.1588,10.3326,0.0904,0.0873,0.0031,18.8696,8.6876,7.9227,11570.0848,8.4466,NA,NA
SandFall-Win64-Shipping.exe,19588,0x2EC4BC3AB90,DXGI,0,512,1,Hardware: Independent Flip,11570.4038,16.9862,16.7249,0.2613,10.1040,17.1176,17.1048,0.0128,27.2382,8.5821,-8.3686,11570.4038,0.0166,NA,NA
SandFall-Win64-Shipping.exe,19588,0x2EC4BC3AB90,DXGI,0,512,1,Hardware: Independent Flip,11587.3900,0.3328,0.1738,0.1590,10.2354,0.1256,0.1234,0.0022,18.8341,9.0740,8.4041,11587.3900,8.4731,NA,NA
SandFall-Win64-Shipping.exe,19588,0x2EC4BC3AB90,DXGI,0,512,1,Hardware: Independent Flip,11587.7228,17.4177,17.1886,0.2291,10.0282,17.4949,17.4812,0.0137,27.5753,8.7547,-8.7412,11587.7228,0.0522,NA,NA
SandFall-Win64-Shipping.exe,19588,0x2EC4BC3AB90,DXGI,0,512,1,Hardware: Independent Flip,11605.1405,0.3008,0.1539,0.1469,10.1054,0.1327,0.1307,0.0020,18.9123,8.5648,8.6630,11605.1405,8.6742,NA,NA
SandFall-Win64-Shipping.exe,19588,0x2EC4BC3AB90,DXGI,0,512,1,Hardware: Independent Flip,11605.4413,16.9645,16.6919,0.2726,9.9373,17.2379,17.2307,0.0072,27.1763,8.6898,-8.2640,11605.4413,0.0011,NA,NA
SandFall-Win64-Shipping.exe,19588,0x2EC4BC3AB90,DXGI,0,512,1,Hardware: Independent Flip,11622.4058,0.3309,0.1646,0.1663,10.2107,0.0981,0.0937,0.0044,18.9016,8.2302,8.2747,11622.4058,8.5928,NA,NA
SandFall-Win64-Shipping.exe,19588,0x2EC4BC3AB90,DXGI,0,512,1,Hardware: Independent Flip,11622.7367,16.8277,16.5831,0.2446,9.9779,16.8224,16.8080,0.0144,26.8009,8.5571,-7.8993,11622.7367,0.0006,NA,NA
SandFall-Win64-Shipping.exe,19588,0x2EC4BC3AB90,DXGI,0,512,1,Hardware: Independent Flip,11639.5644,0.3228,0.1600,0.1628,9.9726,0.2160,0.2160,0.0000,18.5303,8.4727,8.2706,11639.5644,8.3417,NA,NA
SandFall-Win64-Shipping.exe,19588,0x2EC4BC3AB90,DXGI,0,512,1,Hardware: Independent Flip,11639.8872,16.9901,16.7041,0.2860,9.8658,16.7508,16.7431,0.0077,26.6802,8.3241,-8.1499,11639.8872,0.0636,NA,NA
SandFall-Win64-Shipping.exe,19588,0x2EC4BC3AB90,DXGI,0,512,1,Hardware: Independent Flip,11656.8773,0.3914,0.2043,0.1871,9.6265,0.0788,0.0772,0.0016,18.0142,9.2261,8.6660,11656.8773,8.3089,NA,NA
SandFall-Win64-Shipping.exe,19588,0x2EC4BC3AB90,DXGI,0,512,1,Hardware: Independent Flip,11657.2687,17.0148,16.7194,0.2954,9.3139,17.4556,17.1318,0.3238,26.8489,8.6793,-8.8347,11657.2687,0.0794,NA,NA
SandFall-Win64-Shipping.exe,19588,0x2EC4BC3AB90,DXGI,0,512,1,Hardware: Independent Flip,11674.2835,0.3609,0.1901,0.1708,9.7547,0.1674,0.1654,0.0020,18.5134,8.6526,8.3355,11674.2835,8.5913,NA,NA
SandFall-Win64-Shipping.exe,19588,0x2EC4BC3AB90,DXGI,0,512,1,Hardware: Independent Flip,11674.6444,16.8058,16.5665,0.2393,9.5612,17.2436,17.2375,0.0061,26.8051,8.6016,-8.2917,11674.6444,0.0003,NA,NA
SandFall-Win64-Shipping.exe,19588,0x2EC4BC3AB90,DXGI,0,512,1,Hardware: Independent Flip,11691.4502,0.3277,0.1591,0.1686,9.9990,0.0915,0.0839,0.0076,18.6009,11.2735,8.2042,11691.4502,8.5104,NA,NA
SandFall-Win64-Shipping.exe,19588,0x2EC4BC3AB90,DXGI,0,512,1,Hardware: Independent Flip,11691.7779,20.0153,19.7163,0.2990,9.7628,19.7828,17.4221,2.3607,29.5467,10.2565,-10.9458,11691.7779,0.0011,NA,NA
SandFall-Win64-Shipping.exe,19588,0x2EC4BC3AB90,DXGI,0,512,1,Hardware: Independent Flip,11711.7932,0.3646,0.1877,0.1769,9.5303,0.1351,0.1334,0.0017,19.7879,7.3326,9.7588,11711.7932,10.1225,NA,NA
SandFall-Win64-Shipping.exe,19588,0x2EC4BC3AB90,DXGI,0,512,1,Hardware: Independent Flip,11712.1578,16.4493,16.1284,0.3209,9.3008,17.4541,17.4465,0.0076,26.7559,8.7676,-6.9680,11712.1578,0.0010,NA,NA
SandFall-Win64-Shipping.exe,19588,0x2EC4BC3AB90,DXGI,0,512,1,Hardware: Independent Flip,11728.6071,0.3530,0.1774,0.1756,10.3056,0.1219,0.1202,0.0017,19.0742,8.4159,7.6817,11728.6071,8.6467,NA,NA
SandFall-Win64-Shipping.exe,19588,0x2EC4BC3AB90,DXGI,0,512,1,Hardware: Independent Flip,11728.9601,15.2525,14.9734,0.2791,10.0745,17.0619,17.0496,0.0123,27.1371,8.5903,-8.0629,11728.9601,0.0007,NA,NA
SandFall-Win64-Shipping.exe,19588,0x2EC4BC3AB90,DXGI,0,512,1,Hardware: Independent Flip,11744.2126,0.3732,0.2130,0.1602,11.8839,0.1488,0.1471,0.0017,20.4749,8.3896,6.6622,11744.2126,8.4422,NA,NA
SandFall-Win64-Shipping.exe,19588,0x2EC4BC3AB90,DXGI,0,512,1,Hardware: Independent Flip,11744.5858,16.1388,15.8973,0.2415,11.6595,16.8307,16.8245,0.0062,28.4913,8.4635,-8.0164,11744.5858,0.0011,NA,NA
SandFall-Win64-Shipping.exe,19588,0x2EC4BC3AB90,DXGI,0,512,1,Hardware: Independent Flip,11760.7246,0.3342,0.1649,0.1693,12.3514,0.1247,0.1230,0.0017,20.8160,8.8357,7.6753,11760.7246,8.3399,NA,NA
SandFall-Win64-Shipping.exe,19588,0x2EC4BC3AB90,DXGI,0,512,1,Hardware: Independent Flip,11761.0588,17.5197,17.2411,0.2786,12.1419,17.1748,17.1682,0.0066,29.3175,8.6254,-8.5015,11761.0588,0.0008,NA,NA
SandFall-Win64-Shipping.exe,19588,0x2EC4BC3AB90,DXGI,0,512,1,Hardware: Independent Flip,11778.5785,0.4306,0.2150,0.2156,11.7970,0.0902,0.0882,0.0020,20.4232,8.3941,8.8943,11778.5785,8.5360,NA,NA
SandFall-Win64-Shipping.exe,19588,0x2EC4BC3AB90,DXGI,0,512,1,Hardware: Independent Flip,11779.0091,15.6697,15.4302,0.2395,11.4566,16.9294,16.9230,0.0064,28.3867,9.3083,-7.9635,11779.0091,0.0007,NA,NA
SandFall-Win64-Shipping.exe,19588,0x2EC4BC3AB90,DXGI,0,512,1,Hardware: Independent Flip,11794.6788,0.3009,0.1517,0.1492,12.7163,0.1234,0.1216,0.0018,22.0253,8.1504,6.3614,11794.6788,9.1856,NA,NA
SandFall-Win64-Shipping.exe,19588,0x2EC4BC3AB90,DXGI,0,512,1,Hardware: Independent Flip,11794.9797,17.5378,17.2776,0.2602,12.5388,17.3355,17.3286,0.0069,29.8748,8.8383,-7.8495,11794.9797,0.0005,NA,NA
SandFall-Win64-Shipping.exe,19588,0x2EC4BC3AB90,DXGI,0,512,1,Hardware: Independent Flip,11812.5175,0.3464,0.1868,0.1596,12.3365,0.1337,0.1314,0.0023,21.1753,8.7589,8.6995,11812.5175,8.7051,NA,NA
SandFall-Win64-Shipping.exe,19588,0x2EC4BC3AB90,DXGI,0,512,1,Hardware: Independent Flip,11812.8639,17.3578,17.1040,0.2538,12.1238,17.4631,17.4554,0.0077,29.5878,8.8582,-8.4125,11812.8639,0.0009,NA,NA
SandFall-Win64-Shipping.exe,19588,0x2EC4BC3AB90,DXGI,0,512,1,Hardware: Independent Flip,11830.2217,0.3194,0.1602,0.1592,12.2291,0.1161,0.1138,0.0023,21.0882,8.7128,8.4996,11830.2217,8.7430,NA,NA
SandFall-Win64-Shipping.exe,19588,0x2EC4BC3AB90,DXGI,0,512,1,Hardware: Independent Flip,11830.5411,16.5924,16.3382,0.2542,12.0258,17.4548,17.4513,0.0035,29.4816,8.8200,-8.3934,11830.5411,0.0010,NA,NA
SandFall-Win64-Shipping.exe,19588,0x2EC4BC3AB90,DXGI,0,512,1,Hardware: Independent Flip,11847.1335,0.3750,0.1932,0.1818,12.8882,0.1027,0.1005,0.0022,21.7092,11.3386,7.7724,11847.1335,8.7183,NA,NA
SandFall-Win64-Shipping.exe,19588,0x2EC4BC3AB90,DXGI,0,512,1,Hardware: Independent Flip,11847.5085,18.7182,18.4381,0.2801,12.6159,20.0565,20.0498,0.0067,32.6728,10.2864,-10.9636,11847.5085,0.0004,NA,NA
SandFall-Win64-Shipping.exe,19588,0x2EC4BC3AB90,DXGI,0,512,1,Hardware: Independent Flip,11866.2267,0.4256,0.2395,0.1861,13.9542,0.1310,0.1310,0.0000,24.2410,7.3271,8.4318,11866.2267,10.1558,NA,NA
SandFall-Win64-Shipping.exe,19588,0x2EC4BC3AB90,DXGI,0,512,1,Hardware: Independent Flip,11866.6523,15.4989,15.2616,0.2373,13.6596,17.4818,17.4759,0.0059,31.1425,8.7991,-6.9015,11866.6523,0.0011,NA,NA
SandFall-Win64-Shipping.exe,19588,0x2EC4BC3AB90,DXGI,0,512,1,Hardware: Independent Flip,11882.1512,0.3094,0.1575,0.1519,15.6425,0.1452,0.1425,0.0027,24.4427,8.7430,6.6998,11882.1512,8.6550,NA,NA
SandFall-Win64-Shipping.exe,19588,0x2EC4BC3AB90,DXGI,0,512,1,Hardware: Independent Flip,11882.4606,17.1794,16.9205,0.2589,15.4783,17.3967,17.3940,0.0027,32.8763,8.8564,-8.4336,11882.4606,0.0013,NA,NA
SandFall-Win64-Shipping.exe,19588,0x2EC4BC3AB90,DXGI,0,512,1,Hardware: Independent Flip,11899.6400,0.3313,0.1723,0.1590,15.6956,0.1542,0.1542,0.0000,24.5533,9.2307,8.3230,11899.6400,8.7035,NA,NA
SandFall-Win64-Shipping.exe,19588,0x2EC4BC3AB90,DXGI,0,512,1,Hardware: Independent Flip,11899.9713,21.3500,21.0793,0.2707,15.5185,17.9331,17.9236,0.0095,33.4527,9.2151,-8.8994,11899.9713,0.0011,NA,NA
SandFall-Win64-Shipping.exe,19588,0x2EC4BC3AB90,DXGI,0,512,1,Hardware: Independent Flip,11921.3213,0.3445,0.1695,0.1750,12.1016,0.1307,0.1286,0.0021,21.3178,8.6986,12.1349,11921.3213,9.0855,NA,NA
SandFall-Win64-Shipping.exe,19588,0x2EC4BC3AB90,DXGI,0,512,1,Hardware: Independent Flip,11921.6658,19.3564,19.0856,0.2708,11.8878,17.7831,17.7750,0.0081,29.6719,9.1158,-8.3541,11921.6658,0.0010,NA,NA
SandFall-Win64-Shipping.exe,19588,0x2EC4BC3AB90,DXGI,0,512,1,Hardware: Independent Flip,11941.0222,0.3433,0.1628,0.1805,10.3145,0.1145,0.1118,0.0027,19.4313,8.0215,10.2406,11941.0222,9.0023,NA,NA
SandFall-Win64-Shipping.exe,19588,0x2EC4BC3AB90,DXGI,0,512,1,Hardware: Independent Flip,11941.3655,13.5497,13.2535,0.2962,10.0857,17.0229,17.0198,0.0031,27.1095,8.5714,-7.6782,11941.3655,0.0009,NA,NA
SandFall-Win64-Shipping.exe,19588,0x2EC4BC3AB90,DXGI,0,512,1,Hardware: Independent Flip,11954.9152,0.3548,0.1732,0.1816,13.5589,0.1470,0.1447,0.0023,22.1312,8.9625,4.9783,11954.9152,8.4253,NA,NA
SandFall-Win64-Shipping.exe,19588,0x2EC4BC3AB90,DXGI,0,512,1,Hardware: Independent Flip,11955.2700,18.3633,18.0729,0.2904,13.3511,17.3876,17.3801,0.0075,30.7389,8.8380,-8.6077,11955.2700,0.0002,NA,NA
SandFall-Win64-Shipping.exe,19588,0x2EC4BC3AB90,DXGI,0,512,1,Hardware: Independent Flip,11973.6333,0.3777,0.1892,0.1885,12.3754,0.1380,0.1380,0.0000,21.2136,8.9533,9.5253,11973.6333,8.7002,NA,NA
SandFall-Win64-Shipping.exe,19588,0x2EC4BC3AB90,DXGI,0,512,1,Hardware: Independent Flip,11974.0110,18.2701,18.0195,0.2506,12.1357,17.6529,17.6465,0.0064,29.7892,8.9530,-8.5756,11974.0110,0.0006,NA,NA
SandFall-Win64-Shipping.exe,19588,0x2EC4BC3AB90,DXGI,0,512,1,Hardware: Independent Flip,11992.2811,0.3606,0.1848,0.1758,11.5185,0.0922,0.0901,0.0021,20.4721,8.4782,9.3171,11992.2811,8.8614,NA,NA
SandFall-Win64-Shipping.exe,19588,0x2EC4BC3AB90,DXGI,0,512,1,Hardware: Independent Flip,11992.6417,17.9819,17.7377,0.2442,11.2501,17.3384,17.3278,0.0106,28.5897,8.7695,-8.1176,11992.6417,0.0012,NA,NA
SandFall-Win64-Shipping.exe,19588,0x2EC4BC3AB90,DXGI,0,512,1,Hardware: Independent Flip,12010.6236,0.3105,0.1547,0.1558,10.6066,0.1307,0.1286,0.0021,19.3773,9.1353,9.2124,12010.6236,8.6400,NA,NA
SandFall-Win64-Shipping.exe,19588,0x2EC4BC3AB90,DXGI,0,512,1,Hardware: Independent Flip,12010.9341,18.1006,17.8464,0.2542,10.4268,17.7744,17.7626,0.0118,28.2021,9.1005,-8.8248,12010.9341,0.0009,NA,NA
SandFall-Win64-Shipping.exe,19588,0x2EC4BC3AB90,DXGI,0,512,1,Hardware: Independent Flip,12029.0347,0.3033,0.1548,0.1485,10.1006,0.1235,0.1235,0.0000,19.2020,7.7744,9.0001,12029.0347,8.9779,NA,NA
SandFall-Win64-Shipping.exe,19588,0x2EC4BC3AB90,DXGI,0,512,1,Hardware: Independent Flip,12029.3380,17.3448,17.0727,0.2721,9.9208,16.7518,16.7445,0.0073,26.6731,8.4278,-7.4711,12029.3380,0.0005,NA,NA
SandFall-Win64-Shipping.exe,19588,0x2EC4BC3AB90,DXGI,0,512,1,Hardware: Independent Flip,12046.6828,0.3446,0.1851,0.1595,9.3278,0.1108,0.1050,0.0058,17.7561,10.8461,8.9170,12046.6828,8.3175,NA,NA
SandFall-Win64-Shipping.exe,19588,0x2EC4BC3AB90,DXGI,0,512,1,Hardware: Independent Flip,12047.0274,18.2977,18.0498,0.2479,9.0940,19.1169,17.4276,1.6893,28.2576,9.5362,-10.5015,12047.0274,0.0467,NA,NA
SandFall-Win64-Shipping.exe,19588,0x2EC4BC3AB90,DXGI,0,512,1,Hardware: Independent Flip,12065.3251,0.3552,0.1862,0.1690,9.9132,0.1444,0.1426,0.0018,19.4961,6.9443,8.7615,12065.3251,9.4385,NA,NA
SandFall-Win64-Shipping.exe,19588,0x2EC4BC3AB90,DXGI,0,512,1,Hardware: Independent Flip,12065.6803,17.1916,16.9447,0.2469,9.7024,16.3824,16.3736,0.0088,26.0852,8.2273,-6.5891,12065.6803,0.0004,NA,NA
SandFall-Win64-Shipping.exe,19588,0x2EC4BC3AB90,DXGI,0,512,1,Hardware: Independent Flip,12082.8719,0.4965,0.2118,0.2847,8.8932,0.1043,0.0967,0.0076,17.1209,11.7458,8.9643,12082.8719,8.1234,NA,NA
SandFall-Win64-Shipping.exe,19588,0x2EC4BC3AB90,DXGI,0,512,1,Hardware: Independent Flip,12083.3684,19.1103,18.8716,0.2387,8.5010,19.8682,17.9117,1.9565,28.3702,10.2765,-11.2493,12083.3684,0.0010,NA,NA
SandFall-Win64-Shipping.exe,19588,0x2EC4BC3AB90,DXGI,0,512,1,Hardware: Independent Flip,12102.4787,0.3175,0.1608,0.1567,9.2589,0.1084,0.1061,0.0023,19.5364,7.8839,8.8338,12102.4787,10.1691,NA,NA
SandFall-Win64-Shipping.exe,19588,0x2EC4BC3AB90,DXGI,0,512,1,Hardware: Independent Flip,12102.7962,19.2372,18.9378,0.2994,9.0498,18.0522,17.4490,0.6032,27.1028,9.3492,-7.5664,12102.7962,0.0008,NA,NA
SandFall-Win64-Shipping.exe,19588,0x2EC4BC3AB90,DXGI,0,512,1,Hardware: Independent Flip,12122.0334,0.3837,0.2099,0.1738,7.8648,0.1418,0.1391,0.0027,17.2148,7.9534,9.8880,12122.0334,9.2082,NA,NA
SandFall-Win64-Shipping.exe,19588,0x2EC4BC3AB90,DXGI,0,512,1,Hardware: Independent Flip,12122.4171,14.7269,14.4765,0.2504,7.6229,17.1607,17.1502,0.0105,24.7845,8.5922,-7.5697,12122.4171,0.0009,NA,NA
SandFall-Win64-Shipping.exe,19588,0x2EC4BC3AB90,DXGI,0,512,1,Hardware: Independent Flip,12137.1440,0.3469,0.1777,0.1692,10.0567,0.0906,0.0890,0.0016,18.6498,8.4163,6.1347,12137.1440,8.5025,NA,NA
SandFall-Win64-Shipping.exe,19588,0x2EC4BC3AB90,DXGI,0,512,1,Hardware: Independent Flip,12137.4909,16.0668,15.8084,0.2584,9.8004,16.9180,16.9057,0.0123,26.7192,8.4955,-8.0694,12137.4909,0.0008,NA,NA
SandFall-Win64-Shipping.exe,19588,0x2EC4BC3AB90,DXGI,0,512,1,Hardware: Independent Flip,12153.5577,0.3138,0.1587,0.1551,10.6516,0.1003,0.0981,0.0022,19.1479,9.4765,7.5713,12153.5577,8.3960,NA,NA
SandFall-Win64-Shipping.exe,19588,0x2EC4BC3AB90,DXGI,0,512,1,Hardware: Independent Flip,12153.8715,18.5686,18.3037,0.2649,10.4381,17.8715,17.5282,0.3433,28.3106,9.0319,-9.1627,12153.8715,0.0010,NA,NA
SandFall-Win64-Shipping.exe,19588,0x2EC4BC3AB90,DXGI,0,512,1,Hardware: Independent Flip,12172.4401,0.3251,0.1592,0.1659,9.7410,0.2175,0.2157,0.0018,18.7739,8.0761,9.5367,12172.4401,8.8154,NA,NA
SandFall-Win64-Shipping.exe,19588,0x2EC4BC3AB90,DXGI,0,512,1,Hardware: Independent Flip,12172.7652,15.7446,15.4912,0.2534,9.6334,16.8901,16.8834,0.0067,26.5249,8.5219,-7.7510,12172.7652,0.0014,NA,NA
SandFall-Win64-Shipping.exe,19588,0x2EC4BC3AB90,DXGI,0,512,1,Hardware: Independent Flip,12188.5098,0.3170,0.1601,0.1569,10.7789,0.1229,0.1213,0.0016,19.3022,8.0340,7.2227,12188.5098,8.4004,NA,NA
SandFall-Win64-Shipping.exe,19588,0x2EC4BC3AB90,DXGI,0,512,1,Hardware: Independent Flip,12188.8268,16.7173,16.4629,0.2544,10.5848,16.4337,16.4248,0.0089,27.0192,8.2218,-7.7170,12188.8268,0.0007,NA,NA
SandFall-Win64-Shipping.exe,19588,0x2EC4BC3AB90,DXGI,0,512,1,Hardware: Independent Flip,12205.5441,0.3167,0.1564,0.1603,10.3012,0.1194,0.1171,0.0023,18.5237,8.6015,8.4955,12205.5441,8.1031,NA,NA
SandFall-Win64-Shipping.exe,19588,0x2EC4BC3AB90,DXGI,0,512,1,Hardware: Independent Flip,12205.8608,17.5168,17.2491,0.2677,10.1039,16.7036,16.6910,0.0126,26.8085,8.4227,-8.2848,12205.8608,0.0010,NA,NA
SandFall-Win64-Shipping.exe,19588,0x2EC4BC3AB90,DXGI,0,512,1,Hardware: Independent Flip,12223.3776,0.4007,0.2050,0.1957,9.2907,0.1264,0.1248,0.0016,17.7144,8.4106,9.0941,12223.3776,8.2973,NA,NA
SandFall-Win64-Shipping.exe,19588,0x2EC4BC3AB90,DXGI,0,512,1,Hardware: Independent Flip,12223.7783,16.2171,15.9338,0.2833,9.0164,16.7074,16.6956,0.0118,25.7243,8.4100,-8.0099,12223.7783,0.0005,NA,NA
SandFall-Win64-Shipping.exe,19588,0x2EC4BC3AB90,DXGI,0,512,1,Hardware: Independent Flip,12239.9954,0.3317,0.1719,0.1598,9.5067,0.2028,0.2028,0.0000,17.9172,9.4414,7.8071,12239.9954,8.2077,NA,NA
SandFall-Win64-Shipping.exe,19588,0x2EC4BC3AB90,DXGI,0,512,1,Hardware: Independent Flip,12240.3271,17.4523,17.1522,0.3001,9.3778,17.6475,17.6316,0.0159,27.0269,9.0299,-9.1097,12240.3271,0.0016,NA,NA
SandFall-Win64-Shipping.exe,19588,0x2EC4BC3AB90,DXGI,0,512,1,Hardware: Independent Flip,12257.7794,0.3882,0.1964,0.1918,9.5730,0.1187,0.1164,0.0023,18.6045,8.8648,8.4224,12257.7794,8.9128,NA,NA
SandFall-Win64-Shipping.exe,19588,0x2EC4BC3AB90,DXGI,0,512,1,Hardware: Independent Flip,12258.1676,18.4590,18.0789,0.3801,9.3035,17.7768,17.4187,0.3581,27.0811,9.0982,-8.4766,12258.1676,0.0008,NA,NA
SandFall-Win64-Shipping.exe,19588,0x2EC4BC3AB90,DXGI,0,512,1,Hardware: Independent Flip,12276.6266,0.4632,0.1991,0.2641,8.6213,0.1070,0.1051,0.0019,17.7203,7.9165,9.3608,12276.6266,8.9920,NA,NA
SandFall-Win64-Shipping.exe,19588,0x2EC4BC3AB90,DXGI,0,512,1,Hardware: Independent Flip,12277.0898,15.9684,15.6584,0.3100,8.2651,16.9079,16.7582,0.1497,25.1736,8.4930,-7.4533,12277.0898,0.0006,NA,NA
SandFall-Win64-Shipping.exe,19588,0x2EC4BC3AB90,DXGI,0,512,1,Hardware: Independent Flip,12293.0582,0.3764,0.2065,0.1699,9.2046,0.1143,0.1127,0.0016,17.6982,8.5702,7.4754,12293.0582,8.3793,NA,NA
SandFall-Win64-Shipping.exe,19588,0x2EC4BC3AB90,DXGI,0,512,1,Hardware: Independent Flip,12293.4346,17.0290,16.7301,0.2989,8.9425,16.9483,16.9377,0.0106,25.8920,8.7562,-8.1938,12293.4346,0.0012,NA,NA
SandFall-Win64-Shipping.exe,19588,0x2EC4BC3AB90,DXGI,0,512,1,Hardware: Independent Flip,12310.4636,0.3571,0.1740,0.1831,8.8618,0.0972,0.0949,0.0023,17.6192,8.6626,8.2728,12310.4636,8.6602,NA,NA
SandFall-Win64-Shipping.exe,19588,0x2EC4BC3AB90,DXGI,0,512,1,Hardware: Independent Flip,12310.8207,15.3710,15.1214,0.2496,8.6019,17.3217,17.3066,0.0151,25.9247,8.7090,-8.3055,12310.8207,0.0011,NA,NA
SandFall-Win64-Shipping.exe,19588,0x2EC4BC3AB90,DXGI,0,512,1,Hardware: Independent Flip,12326.1917,0.3627,0.1910,0.1717,10.5526,0.0938,0.0920,0.0018,19.2627,8.5598,6.6620,12326.1917,8.6163,NA,NA
SandFall-Win64-Shipping.exe,19588,0x2EC4BC3AB90,DXGI,0,512,1,Hardware: Independent Flip,12326.5544,17.9669,17.5887,0.3782,10.2837,17.1751,17.1622,0.0129,27.4598,8.6459,-8.1971,12326.5544,0.0010,NA,NA
SandFall-Win64-Shipping.exe,19588,0x2EC4BC3AB90,DXGI,0,512,1,Hardware: Independent Flip,12344.5213,0.4957,0.2203,0.2754,9.4919,0.1033,0.1008,0.0025,18.1388,8.7584,9.3210,12344.5213,8.5436,NA,NA
SandFall-Win64-Shipping.exe,19588,0x2EC4BC3AB90,DXGI,0,512,1,Hardware: Independent Flip,12345.0170,16.2675,16.0067,0.2608,9.0995,17.3012,17.2904,0.0108,26.4015,8.6866,-8.2627,12345.0170,0.0008,NA,NA
SandFall-Win64-Shipping.exe,19588,0x2EC4BC3AB90,DXGI,0,512,1,Hardware: Independent Flip,12361.2845,0.3400,0.1643,0.1757,10.1332,0.1152,0.1125,0.0027,18.8206,8.6738,7.5809,12361.2845,8.5722,NA,NA
SandFall-Win64-Shipping.exe,19588,0x2EC4BC3AB90,DXGI,0,512,1,Hardware: Independent Flip,12361.6245,16.2852,16.0269,0.2583,9.9084,17.2454,17.2380,0.0074,27.1544,8.6851,-8.3338,12361.6245,0.0006,NA,NA
SandFall-Win64-Shipping.exe,19588,0x2EC4BC3AB90,DXGI,0,512,1,Hardware: Independent Flip,12377.9097,0.3176,0.1585,0.1591,10.8686,0.1001,0.0985,0.0016,19.5543,7.9522,7.6001,12377.9097,8.5856,NA,NA
SandFall-Win64-Shipping.exe,19588,0x2EC4BC3AB90,DXGI,0,512,1,Hardware: Independent Flip,12378.2273,15.4592,15.2114,0.2478,10.6511,16.5372,16.5295,0.0077,27.1889,8.3307,-7.6346,12378.2273,0.0006,NA,NA
SandFall-Win64-Shipping.exe,19588,0x2EC4BC3AB90,DXGI,0,512,1,Hardware: Independent Flip,12393.6865,0.3496,0.1828,0.1668,11.7291,0.1306,0.1289,0.0017,20.0604,8.8679,7.1285,12393.6865,8.2007,NA,NA
SandFall-Win64-Shipping.exe,19588,0x2EC4BC3AB90,DXGI,0,512,1,Hardware: Independent Flip,12394.0361,18.4757,18.2132,0.2625,11.5101,17.0674,17.0565,0.0109,28.5787,8.5497,-8.5183,12394.0361,0.0012,NA,NA
SandFall-Win64-Shipping.exe,19588,0x2EC4BC3AB90,DXGI,0,512,1,Hardware: Independent Flip,12412.5118,0.3249,0.1601,0.1648,10.1018,0.1281,0.1259,0.0022,18.6527,8.6483,9.9260,12412.5118,8.4228,NA,NA
SandFall-Win64-Shipping.exe,19588,0x2EC4BC3AB90,DXGI,0,512,1,Hardware: Independent Flip,12412.8367,16.4670,16.2068,0.2602,9.9050,17.0703,17.0585,0.0118,26.9761,8.5654,-8.3234,12412.8367,0.0008,NA,NA
SandFall-Win64-Shipping.exe,19588,0x2EC4BC3AB90,DXGI,0,512,1,Hardware: Independent Flip,12429.3037,0.3248,0.1607,0.1641,10.5083,0.0988,0.0971,0.0017,19.0745,8.2939,7.9016,12429.3037,8.4674,NA,NA
SandFall-Win64-Shipping.exe,19588,0x2EC4BC3AB90,DXGI,0,512,1,Hardware: Independent Flip,12429.6285,19.5795,19.3064,0.2731,10.2823,16.7602,16.7511,0.0091,27.0436,8.4645,-7.9691,12429.6285,0.0011,NA,NA
SandFall-Win64-Shipping.exe,19588,0x2EC4BC3AB90,DXGI,0,512,1,Hardware: Independent Flip,12449.2080,0.3252,0.1633,0.1619,7.4630,0.0938,0.0919,0.0019,15.9286,9.0443,11.1150,12449.2080,8.3718,NA,NA
SandFall-Win64-Shipping.exe,19588,0x2EC4BC3AB90,DXGI,0,512,1,Hardware: Independent Flip,12449.5332,17.5620,17.2851,0.2769,7.2316,17.3588,16.9126,0.4462,24.6477,8.6549,-8.7191,12449.5332,0.0573,NA,NA
SandFall-Win64-Shipping.exe,19588,0x2EC4BC3AB90,DXGI,0,512,1,Hardware: Independent Flip,12467.0952,0.4194,0.1758,0.2436,7.0284,0.1027,0.1010,0.0017,15.7406,8.1419,8.9071,12467.0952,8.6095,NA,NA
SandFall-Win64-Shipping.exe,19588,0x2EC4BC3AB90,DXGI,0,512,1,Hardware: Independent Flip,12467.5146,13.4394,13.1934,0.2460,6.7117,16.7505,16.7410,0.0095,23.4631,8.3956,-7.7225,12467.5146,0.0009,NA,NA
SandFall-Win64-Shipping.exe,19588,0x2EC4BC3AB90,DXGI,0,512,1,Hardware: Independent Flip,12480.9540,0.3266,0.1685,0.1581,10.0228,0.1297,0.1281,0.0016,18.4193,8.5303,5.0438,12480.9540,8.2668,NA,NA
SandFall-Win64-Shipping.exe,19588,0x2EC4BC3AB90,DXGI,0,512,1,Hardware: Independent Flip,12481.2806,17.2939,16.8948,0.3991,9.8259,16.7967,16.7593,0.0374,26.6230,8.4587,-8.2037,12481.2806,0.0004,NA,NA
SandFall-Win64-Shipping.exe,19588,0x2EC4BC3AB90,DXGI,0,512,1,Hardware: Independent Flip,12498.5745,0.3628,0.1900,0.1728,9.3287,0.0874,0.0858,0.0016,17.7878,8.8526,8.8352,12498.5745,8.3717,NA,NA
SandFall-Win64-Shipping.exe,19588,0x2EC4BC3AB90,DXGI,0,512,1,Hardware: Independent Flip,12498.9373,16.6449,16.3986,0.2463,9.0533,17.2230,17.2113,0.0117,26.2776,8.6331,-8.4898,12498.9373,0.0013,NA,NA
SandFall-Win64-Shipping.exe,19588,0x2EC4BC3AB90,DXGI,0,512,1,Hardware: Independent Flip,12515.5822,0.3410,0.1525,0.1885,9.6314,0.1033,0.1012,0.0021,18.2658,8.5463,8.0118,12515.5822,8.5311,NA,NA
SandFall-Win64-Shipping.exe,19588,0x2EC4BC3AB90,DXGI,0,512,1,Hardware: Independent Flip,12515.9232,17.8002,17.5214,0.2788,9.3937,17.0767,16.8595,0.2172,26.4711,8.5858,-8.2053,12515.9232,0.0007,NA,NA
SandFall-Win64-Shipping.exe,19588,0x2EC4BC3AB90,DXGI,0,512,1,Hardware: Independent Flip,12533.7234,0.3574,0.1808,0.1766,8.6702,0.0856,0.0836,0.0020,17.2567,8.6864,9.2144,12533.7234,8.5009,NA,NA
SandFall-Win64-Shipping.exe,19588,0x2EC4BC3AB90,DXGI,0,512,1,Hardware: Independent Flip,12534.0808,16.1113,15.8274,0.2839,8.3984,17.1866,17.1766,0.0100,25.5857,8.5953,-8.3290,12534.0808,0.0007,NA,NA
SandFall-Win64-Shipping.exe,19588,0x2EC4BC3AB90,DXGI,0,512,1,Hardware: Independent Flip,12550.1921,0.3198,0.1612,0.1586,9.4737,0.1102,0.1081,0.0021,18.0697,9.3357,7.5160,12550.1921,8.4858,NA,NA
SandFall-Win64-Shipping.exe,19588,0x2EC4BC3AB90,DXGI,0,512,1,Hardware: Independent Flip,12550.5119,17.3545,17.0952,0.2593,9.2641,17.8205,17.8112,0.0093,27.0856,9.0930,-9.0159,12550.5119,0.0010,NA,NA
SandFall-Win64-Shipping.exe,19588,0x2EC4BC3AB90,DXGI,0,512,1,Hardware: Independent Flip,12567.8664,0.4188,0.2132,0.2056,9.7301,0.0909,0.0894,0.0015,18.8241,7.8314,8.2615,12567.8664,9.0031,NA,NA
SandFall-Win64-Shipping.exe,19588,0x2EC4BC3AB90,DXGI,0,512,1,Hardware: Independent Flip,12568.2852,15.7296,15.4822,0.2474,9.4022,16.8338,16.8257,0.0081,26.2367,8.4787,-7.4126,12568.2852,0.0007,NA,NA
SandFall-Win64-Shipping.exe,19588,0x2EC4BC3AB90,DXGI,0,512,1,Hardware: Independent Flip,12584.0148,0.3116,0.1554,0.1562,10.5064,0.1260,0.1260,0.0000,18.9858,8.8428,7.2509,12584.0148,8.3534,NA,NA
SandFall-Win64-Shipping.exe,19588,0x2EC4BC3AB90,DXGI,0,512,1,Hardware: Independent Flip,12584.3264,17.1542,16.8828,0.2714,10.3208,17.1952,17.1793,0.0159,27.5170,8.6521,-8.5312,12584.3264,0.0010,NA,NA
SandFall-Win64-Shipping.exe,19588,0x2EC4BC3AB90,DXGI,0,512,1,Hardware: Independent Flip,12601.4806,0.3480,0.1755,0.1725,10.3618,0.2755,0.2737,0.0018,19.0149,9.2763,8.5021,12601.4806,8.3776,NA,NA
SandFall-Win64-Shipping.exe,19588,0x2EC4BC3AB90,DXGI,0,512,1,Hardware: Independent Flip,12601.8286,16.9193,16.6709,0.2484,10.2893,17.6537,17.6478,0.0059,27.9432,9.1644,-8.9283,12601.8286,0.0002,NA,NA
SandFall-Win64-Shipping.exe,19588,0x2EC4BC3AB90,DXGI,0,512,1,Hardware: Independent Flip,12618.7479,0.3545,0.1580,0.1965,11.0237,0.1338,0.1338,0.0000,20.1883,7.8350,7.7549,12618.7479,9.0308,NA,NA
SandFall-Win64-Shipping.exe,19588,0x2EC4BC3AB90,DXGI,0,512,1,Hardware: Independent Flip,12619.1024,16.7352,16.4909,0.2443,10.8030,16.8648,16.8558,0.0090,27.6688,8.4908,-7.4805,12619.1024,0.0010,NA,NA
SandFall-Win64-Shipping.exe,19588,0x2EC4BC3AB90,DXGI,0,512,1,Hardware: Independent Flip,12635.8376,0.3238,0.1585,0.1653,10.9326,0.1099,0.1055,0.0044,19.4244,8.4885,8.2444,12635.8376,8.3819,NA,NA
SandFall-Win64-Shipping.exe,19588,0x2EC4BC3AB90,DXGI,0,512,1,Hardware: Independent Flip,12636.1614,16.7882,16.5175,0.2707,10.7187,16.8695,16.8579,0.0116,27.5891,8.4312,-8.1647,12636.1614,0.0009,NA,NA
SandFall-Win64-Shipping.exe,19588,0x2EC4BC3AB90,DXGI,0,512,1,Hardware: Independent Flip,12652.9496,0.3230,0.1647,0.1583,10.8000,0.0883,0.0862,0.0021,19.2321,8.7580,8.3570,12652.9496,8.3438,NA,NA
SandFall-Win64-Shipping.exe,19588,0x2EC4BC3AB90,DXGI,0,512,1,Hardware: Independent Flip,12653.2726,18.5624,18.2960,0.2664,10.5653,17.1011,17.0919,0.0092,27.6671,8.5445,-8.4350,12653.2726,0.0007,NA,NA
SandFall-Win64-Shipping.exe,19588,0x2EC4BC3AB90,DXGI,0,512,1,Hardware: Independent Flip,12671.8350,0.3157,0.1592,0.1565,9.1040,0.0960,0.0938,0.0022,17.6492,8.5947,10.0179,12671.8350,8.4492,NA,NA
SandFall-Win64-Shipping.exe,19588,0x2EC4BC3AB90,DXGI,0,512,1,Hardware: Independent Flip,12672.1507,16.3287,16.0011,0.3276,8.8843,17.0421,17.0336,0.0085,25.9282,8.8223,-8.2790,12672.1507,0.0018,NA,NA
SandFall-Win64-Shipping.exe,19588,0x2EC4BC3AB90,DXGI,0,512,1,Hardware: Independent Flip,12688.4794,0.3465,0.1648,0.1817,9.5977,0.0983,0.0961,0.0022,18.4218,8.2942,7.5064,12688.4794,8.7258,NA,NA
SandFall-Win64-Shipping.exe,19588,0x2EC4BC3AB90,DXGI,0,512,1,Hardware: Independent Flip,12688.8259,15.6965,15.4479,0.2486,9.3495,17.0186,17.0055,0.0131,26.3695,8.8209,-7.9477,12688.8259,0.0014,NA,NA
SandFall-Win64-Shipping.exe,19588,0x2EC4BC3AB90,DXGI,0,512,1,Hardware: Independent Flip,12704.5224,0.3159,0.1593,0.1566,10.6716,0.1157,0.1128,0.0029,19.4939,8.4381,6.8756,12704.5224,8.7066,NA,NA
SandFall-Win64-Shipping.exe,19588,0x2EC4BC3AB90,DXGI,0,512,1,Hardware: Independent Flip,12704.8383,16.9594,16.6929,0.2665,10.4714,17.1440,17.1356,0.0084,27.6161,8.6712,-8.1222,12704.8383,0.0007,NA,NA
SandFall-Win64-Shipping.exe,19588,0x2EC4BC3AB90,DXGI,0,512,1,Hardware: Independent Flip,12721.7977,0.3135,0.1585,0.1550,10.6560,0.1331,0.1331,0.0000,19.3279,8.0093,8.2882,12721.7977,8.5388,NA,NA
SandFall-Win64-Shipping.exe,19588,0x2EC4BC3AB90,DXGI,0,512,1,Hardware: Independent Flip,12722.1112,16.4049,16.1571,0.2478,10.4756,16.5470,16.5345,0.0125,27.0237,8.3327,-7.6958,12722.1112,0.0011,NA,NA
SandFall-Win64-Shipping.exe,19588,0x2EC4BC3AB90,DXGI,0,512,1,Hardware: Independent Flip,12738.5161,0.3146,0.1571,0.1575,10.6177,0.1633,0.1607,0.0026,18.9515,9.1326,8.0722,12738.5161,8.1705,NA,NA
SandFall-Win64-Shipping.exe,19588,0x2EC4BC3AB90,DXGI,0,512,1,Hardware: Independent Flip,12738.8307,17.2691,17.0235,0.2456,10.4664,17.2422,17.2313,0.0109,27.7695,8.6362,-8.8180,12738.8307,0.0609,NA,NA
SandFall-Win64-Shipping.exe,19588,0x2EC4BC3AB90,DXGI,0,512,1,Hardware: Independent Flip,12756.0998,0.3518,0.1589,0.1929,10.4395,0.1564,0.1546,0.0018,19.1366,8.2206,8.6329,12756.0998,8.5407,NA,NA
SandFall-Win64-Shipping.exe,19588,0x2EC4BC3AB90,DXGI,0,512,1,Hardware: Independent Flip,12756.4516,16.3325,16.0831,0.2494,10.2441,16.7604,16.7444,0.0160,27.0054,8.3728,-7.8688,12756.4516,0.0009,NA,NA
SandFall-Win64-Shipping.exe,19588,0x2EC4BC3AB90,DXGI,0,512,1,Hardware: Independent Flip,12772.7841,0.3065,0.1552,0.1513,10.6720,0.0960,0.0930,0.0030,19.0457,9.8042,7.9597,12772.7841,8.2777,NA,NA
SandFall-Win64-Shipping.exe,19588,0x2EC4BC3AB90,DXGI,0,512,1,Hardware: Independent Flip,12773.0906,20.6051,20.3209,0.2842,10.4615,17.8962,16.9811,0.9151,28.5434,8.8194,-9.4977,12773.0906,0.1857,NA,NA
SandFall-Win64-Shipping.exe,19588,0x2EC4BC3AB90,DXGI,0,512,1,Hardware: Independent Flip,12793.6957,0.3528,0.1727,0.1801,7.7526,0.1257,0.1257,0.0000,16.7577,7.8351,11.7857,12793.6957,8.8794,NA,NA
SandFall-Win64-Shipping.exe,19588,0x2EC4BC3AB90,DXGI,0,512,1,Hardware: Independent Flip,12794.0485,15.0220,14.7493,0.2727,7.5255,16.7133,16.7052,0.0081,24.2400,8.3175,-7.4823,12794.0485,0.0012,NA,NA
SandFall-Win64-Shipping.exe,19588,0x2EC4BC3AB90,DXGI,0,512,1,Hardware: Independent Flip,12809.0705,0.3254,0.1632,0.1622,9.2168,0.1093,0.1049,0.0044,17.5355,9.0448,6.7045,12809.0705,8.2094,NA,NA
SandFall-Win64-Shipping.exe,19588,0x2EC4BC3AB90,DXGI,0,512,1,Hardware: Independent Flip,12809.3959,15.5058,15.2591,0.2467,9.0007,17.2537,17.2431,0.0106,26.2549,8.7233,-8.7194,12809.3959,0.0005,NA,NA
SandFall-Win64-Shipping.exe,19588,0x2EC4BC3AB90,DXGI,0,512,1,Hardware: Independent Flip,12824.9017,0.3220,0.1621,0.1599,10.7486,0.1230,0.1211,0.0019,19.4724,7.7211,6.7825,12824.9017,8.6008,NA,NA
SandFall-Win64-Shipping.exe,19588,0x2EC4BC3AB90,DXGI,0,512,1,Hardware: Independent Flip,12825.2237,17.3804,17.1298,0.2506,10.5496,16.3212,16.3123,0.0089,26.8715,8.2139,-7.3991,12825.2237,0.0007,NA,NA
SandFall-Win64-Shipping.exe,19588,0x2EC4BC3AB90,DXGI,0,512,1,Hardware: Independent Flip,12842.6041,0.3303,0.1596,0.1707,9.4904,0.1376,0.1376,0.0000,17.7050,9.1347,9.1665,12842.6041,8.0770,NA,NA
SandFall-Win64-Shipping.exe,19588,0x2EC4BC3AB90,DXGI,0,512,1,Hardware: Independent Flip,12842.9344,16.6969,16.3909,0.3060,9.2977,17.2106,17.2011,0.0095,26.5094,8.6173,-8.8044,12842.9344,0.0011,NA,NA
SandFall-Win64-Shipping.exe,19588,0x2EC4BC3AB90,DXGI,0,512,1,Hardware: Independent Flip,12859.6313,0.3637,0.1859,0.1778,9.8114,0.0958,0.0941,0.0017,18.4298,7.9646,8.0796,12859.6313,8.5226,NA,NA
SandFall-Win64-Shipping.exe,19588,0x2EC4BC3AB90,DXGI,0,512,1,Hardware: Independent Flip,12859.9950,15.8066,15.5681,0.2385,9.5435,16.4866,16.4751,0.0115,26.0307,8.3109,-7.6009,12859.9950,0.0006,NA,NA
SandFall-Win64-Shipping.exe,19588,0x2EC4BC3AB90,DXGI,0,512,1,Hardware: Independent Flip,12875.8016,0.3106,0.1571,0.1535,10.2235,0.1353,0.1353,0.0000,18.5350,9.0270,7.4957,12875.8016,8.1762,NA,NA
SandFall-Win64-Shipping.exe,19588,0x2EC4BC3AB90,DXGI,0,512,1,Hardware: Independent Flip,12876.1122,18.7936,18.4903,0.3033,10.0482,17.2023,16.8710,0.3313,27.2514,8.6859,-8.7164,12876.1122,0.0009,NA,NA
SandFall-Win64-Shipping.exe,19588,0x2EC4BC3AB90,DXGI,0,512,1,Hardware: Independent Flip,12894.9058,0.3369,0.1647,0.1722,8.4569,0.1046,0.1030,0.0016,17.1437,8.2616,10.1077,12894.9058,8.5822,NA,NA
SandFall-Win64-Shipping.exe,19588,0x2EC4BC3AB90,DXGI,0,512,1,Hardware: Independent Flip,12895.2427,15.8405,15.5337,0.3068,8.2246,16.8431,16.8299,0.0132,25.0684,8.4028,-7.9247,12895.2427,0.0007,NA,NA
SandFall-Win64-Shipping.exe,19588,0x2EC4BC3AB90,DXGI,0,512,1,Hardware: Independent Flip,12911.0832,0.4411,0.1806,0.2605,9.2272,0.1070,0.1048,0.0022,17.6307,8.7829,7.4377,12911.0832,8.2965,NA,NA
SandFall-Win64-Shipping.exe,19588,0x2EC4BC3AB90,DXGI,0,512,1,Hardware: Independent Flip,12911.5243,17.3014,16.9054,0.3960,8.8931,17.0785,16.6433,0.4352,25.9725,8.5371,-8.3418,12911.5243,0.0009,NA,NA
SandFall-Win64-Shipping.exe,19588,0x2EC4BC3AB90,DXGI,0,512,1,Hardware: Independent Flip,12928.8257,0.3709,0.1930,0.1779,8.6702,0.0788,0.0770,0.0018,17.2082,9.2909,8.7643,12928.8257,8.4592,NA,NA
SandFall-Win64-Shipping.exe,19588,0x2EC4BC3AB90,DXGI,0,512,1,Hardware: Independent Flip,12929.1966,17.0198,16.7313,0.2885,8.3781,17.7495,16.9859,0.7636,26.1282,9.0348,-8.9200,12929.1966,0.0006,NA,NA
SandFall-Win64-Shipping.exe,19588,0x2EC4BC3AB90,DXGI,0,512,1,Hardware: Independent Flip,12946.2164,0.4378,0.2060,0.2318,9.1078,0.0877,0.0852,0.0025,18.1432,8.9748,7.9850,12946.2164,8.9477,NA,NA
SandFall-Win64-Shipping.exe,19588,0x2EC4BC3AB90,DXGI,0,512,1,Hardware: Independent Flip,12946.6542,18.1429,17.8507,0.2922,8.7577,17.9217,17.2701,0.6516,26.6802,9.1620,-8.5370,12946.6542,0.0008,NA,NA
SandFall-Win64-Shipping.exe,19588,0x2EC4BC3AB90,DXGI,0,512,1,Hardware: Independent Flip,12964.7971,0.3366,0.1759,0.1607,8.5365,0.0891,0.0874,0.0017,17.6993,7.6960,8.9809,12964.7971,9.0737,NA,NA
SandFall-Win64-Shipping.exe,19588,0x2EC4BC3AB90,DXGI,0,512,1,Hardware: Independent Flip,12965.1337,14.8358,14.5541,0.2817,8.2890,16.7690,16.7623,0.0067,25.0587,8.3821,-7.3594,12965.1337,0.0007,NA,NA
SandFall-Win64-Shipping.exe,19588,0x2EC4BC3AB90,DXGI,0,512,1,Hardware: Independent Flip,12979.9695,0.3343,0.1675,0.1668,10.2222,0.1139,0.1119,0.0020,18.6050,8.6482,6.4537,12979.9695,8.2689,NA,NA
SandFall-Win64-Shipping.exe,19588,0x2EC4BC3AB90,DXGI,0,512,1,Hardware: Independent Flip,12980.3038,19.3852,19.1121,0.2731,10.0018,16.9156,16.9060,0.0096,26.9189,8.4662,-8.3139,12980.3038,0.0015,NA,NA
SandFall-Win64-Shipping.exe,19588,0x2EC4BC3AB90,DXGI,0,512,1,Hardware: Independent Flip,12999.6890,0.3908,0.1816,0.2092,7.5322,0.1286,0.1263,0.0023,15.9999,10.4791,10.9190,12999.6890,8.3391,NA,NA
SandFall-Win64-Shipping.exe,19588,0x2EC4BC3AB90,DXGI,0,512,1,Hardware: Independent Flip,13000.0798,12.1981,11.9308,0.2673,7.2700,18.8172,18.8115,0.0057,26.0882,9.5714,-10.0883,13000.0798,0.0010,NA,NA
SandFall-Win64-Shipping.exe,19588,0x2EC4BC3AB90,DXGI,0,512,1,Hardware: Independent Flip,13012.2779,0.3300,0.1646,0.1654,13.8891,0.1226,0.1209,0.0017,23.4615,12.7097,2.6267,13012.2779,9.4498,NA,NA
SandFall-Win64-Shipping.exe,19588,0x2EC4BC3AB90,DXGI,0,512,1,Hardware: Independent Flip,13012.6079,16.7638,16.4999,0.2639,13.6817,22.1588,22.1559,0.0029,35.8412,12.1597,-12.3797,13012.6079,0.0007,NA,NA
SandFall-Win64-Shipping.exe,19588,0x2EC4BC3AB90,DXGI,0,512,1,Hardware: Independent Flip,13029.3717,0.3392,0.1691,0.1701,19.0767,0.1204,0.1183,0.0021,31.2371,8.6025,4.6041,13029.3717,12.0400,NA,NA
SandFall-Win64-Shipping.exe,19588,0x2EC4BC3AB90,DXGI,0,512,1,Hardware: Independent Flip,13029.7109,17.0156,16.7216,0.2940,18.8579,20.6416,20.6353,0.0063,39.5004,11.2974,-8.2633,13029.7109,0.0009,NA,NA
SandFall-Win64-Shipping.exe,19588,0x2EC4BC3AB90,DXGI,0,512,1,Hardware: Independent Flip,13046.7265,0.4324,0.2226,0.2098,22.4839,0.0775,0.0723,0.0052,33.7822,8.6978,5.7182,13046.7265,11.2208,NA,NA
SandFall-Win64-Shipping.exe,19588,0x2EC4BC3AB90,DXGI,0,512,1,Hardware: Independent Flip,13047.1589,21.6957,21.2919,0.4038,22.1290,19.9181,19.9104,0.0077,42.0476,10.6906,-8.2654,13047.1589,0.0005,NA,NA
SandFall-Win64-Shipping.exe,19588,0x2EC4BC3AB90,DXGI,0,512,1,Hardware: Independent Flip,13068.8546,0.6427,0.1937,0.4490,20.3514,0.0945,0.0877,0.0068,31.0425,9.2081,11.0051,13068.8546,10.5966,NA,NA
SandFall-Win64-Shipping.exe,19588,0x2EC4BC3AB90,DXGI,0,512,1,Hardware: Independent Flip,13069.4973,21.7121,21.4635,0.2486,19.8032,19.3920,19.3775,0.0145,39.6079,9.3064,-8.5654,13069.4973,0.4127,NA,NA
SandFall-Win64-Shipping.exe,19588,0x2EC4BC3AB90,DXGI,0,512,1,Hardware: Independent Flip,13091.2094,0.3186,0.1638,0.1548,17.4831,0.1342,0.1324,0.0018,27.2022,11.2772,12.4057,13091.2094,9.5849,NA,NA
SandFall-Win64-Shipping.exe,19588,0x2EC4BC3AB90,DXGI,0,512,1,Hardware: Independent Flip,13091.5280,19.8629,19.5597,0.3032,17.2987,20.1843,20.1750,0.0093,38.1608,9.2132,-10.9586,13091.5280,0.6778,NA,NA
SandFall-Win64-Shipping.exe,19588,0x2EC4BC3AB90,DXGI,0,512,1,Hardware: Independent Flip,13111.3909,0.4363,0.2209,0.2154,17.6201,0.1482,0.1460,0.0022,27.5111,38.9580,10.6497,13111.3909,9.7428,NA,NA
SandFall-Win64-Shipping.exe,19588,0x2EC4BC3AB90,DXGI,0,512,1,Hardware: Independent Flip,13111.8272,32.7420,32.3665,0.3755,17.3320,47.2002,22.2869,24.9133,66.0328,23.2709,-38.5217,13111.8272,1.5006,NA,NA
SandFall-Win64-Shipping.exe,19588,0x2EC4BC3AB90,DXGI,0,512,1,Hardware: Independent Flip,13144.5692,0.8188,0.3339,0.4849,31.7902,0.1543,0.1513,0.0030,NA,NA,9.4711,13144.5692,24.6172,NA,NA
SandFall-Win64-Shipping.exe,19588,0x2EC4BC3AB90,DXGI,0,512,1,Hardware: Independent Flip,13145.3880,29.1941,28.9570,0.2371,31.1257,19.0489,19.0399,0.0090,55.7429,3.3030,NA,13145.3880,5.5683,NA,NA
SandFall-Win64-Shipping.exe,19588,0x2EC4BC3AB90,DXGI,0,512,1,Hardware: Independent Flip,13174.5821,0.4444,0.1989,0.2455,20.9805,0.0935,0.0875,0.0060,29.8518,9.0786,25.8911,13174.5821,8.7778,NA,NA
SandFall-Win64-Shipping.exe,19588,0x2EC4BC3AB90,DXGI,0,512,1,Hardware: Independent Flip,13175.0265,19.1318,18.8906,0.2412,20.6296,17.8561,17.8467,0.0094,38.4860,8.9663,-8.6342,13175.0265,0.0003,NA,NA
SandFall-Win64-Shipping.exe,19588,0x2EC4BC3AB90,DXGI,0,512,1,Hardware: Independent Flip,13194.1583,0.3117,0.1541,0.1576,19.3539,0.1041,0.0989,0.0052,28.3205,9.4121,10.1655,13194.1583,8.8625,NA,NA
SandFall-Win64-Shipping.exe,19588,0x2EC4BC3AB90,DXGI,0,512,1,Hardware: Independent Flip,13194.4700,19.7378,19.4695,0.2683,19.1463,18.2737,18.2609,0.0128,37.4209,9.1240,-9.1004,13194.4700,0.0009,NA,NA
SandFall-Win64-Shipping.exe,19588,0x2EC4BC3AB90,DXGI,0,512,1,Hardware: Independent Flip,13214.2078,0.3791,0.2009,0.1782,17.6822,0.1422,0.1397,0.0025,26.8071,10.0996,10.6138,13214.2078,8.9827,NA,NA
SandFall-Win64-Shipping.exe,19588,0x2EC4BC3AB90,DXGI,0,512,1,Hardware: Independent Flip,13214.5869,20.3547,20.1034,0.2513,17.4453,19.0811,19.0707,0.0104,36.5276,9.6246,-9.7205,13214.5869,0.0012,NA,NA
SandFall-Win64-Shipping.exe,19588,0x2EC4BC3AB90,DXGI,0,512,1,Hardware: Independent Flip,13234.9416,0.3319,0.1671,0.1648,16.1717,0.1624,0.1605,0.0019,25.7975,8.8937,10.7301,13234.9416,9.4634,NA,NA
SandFall-Win64-Shipping.exe,19588,0x2EC4BC3AB90,DXGI,0,512,1,Hardware: Independent Flip,13235.2735,17.5716,17.2997,0.2719,16.0022,18.3564,18.3488,0.0076,34.3593,9.2293,-8.5618,13235.2735,0.0007,NA,NA
SandFall-Win64-Shipping.exe,19588,0x2EC4BC3AB90,DXGI,0,512,1,Hardware: Independent Flip,13252.8451,0.3716,0.1936,0.1780,16.7870,0.1447,0.1429,0.0018,26.0170,13.3919,8.3423,13252.8451,9.0853,NA,NA
SandFall-Win64-Shipping.exe,19588,0x2EC4BC3AB90,DXGI,0,512,1,Hardware: Independent Flip,13253.2167,18.7923,18.5361,0.2562,16.5601,21.3825,21.3730,0.0095,39.0373,9.6692,-13.0203,13253.2167,1.0947,NA,NA
SandFall-Win64-Shipping.exe,19588,0x2EC4BC3AB90,DXGI,0,512,1,Hardware: Independent Flip,13272.0090,0.4106,0.1876,0.2230,19.1503,0.1516,0.1495,0.0021,29.9142,8.1776,9.1231,13272.0090,10.6123,NA,NA
SandFall-Win64-Shipping.exe,19588,0x2EC4BC3AB90,DXGI,0,512,1,Hardware: Independent Flip,13272.4196,20.6400,20.4003,0.2397,18.8913,18.7893,18.7797,0.0096,37.6812,8.8430,-7.7670,13272.4196,0.0006,NA,NA
SandFall-Win64-Shipping.exe,19588,0x2EC4BC3AB90,DXGI,0,512,1,Hardware: Independent Flip,13293.0596,0.3255,0.1664,0.1591,17.0406,0.1131,0.1111,0.0020,25.8842,10.7438,11.7970,13293.0596,8.7305,NA,NA
SandFall-Win64-Shipping.exe,19588,0x2EC4BC3AB90,DXGI,0,512,1,Hardware: Independent Flip,13293.3851,18.7044,18.4584,0.2460,16.8282,18.9827,18.9772,0.0055,36.3025,9.0518,-10.4183,13293.3851,0.4916,NA,NA
SandFall-Win64-Shipping.exe,19588,0x2EC4BC3AB90,DXGI,0,512,1,Hardware: Independent Flip,13312.0895,0.3246,0.1666,0.1580,17.1065,0.1146,0.1127,0.0019,26.6499,10.0853,9.6526,13312.0895,9.4288,NA,NA
SandFall-Win64-Shipping.exe,19588,0x2EC4BC3AB90,DXGI,0,512,1,Hardware: Independent Flip,13312.4141,18.2254,17.9095,0.3159,16.8965,19.1211,19.1160,0.0051,36.4106,8.9376,-9.7607,13312.4141,0.3930,NA,NA
SandFall-Win64-Shipping.exe,19588,0x2EC4BC3AB90,DXGI,0,512,1,Hardware: Independent Flip,13330.6395,0.3500,0.1708,0.1792,17.7922,0.1250,0.1224,0.0026,27.1228,10.6107,9.2878,13330.6395,9.2056,NA,NA
SandFall-Win64-Shipping.exe,19588,0x2EC4BC3AB90,DXGI,0,512,1,Hardware: Independent Flip,13330.9895,19.2034,18.9418,0.2616,17.5672,19.3425,19.3378,0.0047,37.3835,9.0004,-10.2607,13330.9895,0.4738,NA,NA
SandFall-Win64-Shipping.exe,19588,0x2EC4BC3AB90,DXGI,0,512,1,Hardware: Independent Flip,13350.1929,0.3953,0.1905,0.2048,17.7063,0.1138,0.1119,0.0019,27.1805,9.6057,10.2030,13350.1929,9.3604,NA,NA
SandFall-Win64-Shipping.exe,19588,0x2EC4BC3AB90,DXGI,0,512,1,Hardware: Independent Flip,13350.5882,17.5369,17.0875,0.4494,17.4248,18.6727,18.6681,0.0046,36.3909,8.8470,-9.2104,13350.5882,0.2934,NA,NA
SandFall-Win64-Shipping.exe,19588,0x2EC4BC3AB90,DXGI,0,512,1,Hardware: Independent Flip,13368.1251,0.3768,0.1788,0.1980,18.5606,0.1767,0.1740,0.0027,27.7010,10.7081,8.6899,13368.1251,8.9637,NA,NA
SandFall-Win64-Shipping.exe,19588,0x2EC4BC3AB90,DXGI,0,512,1,Hardware: Independent Flip,13368.5019,19.1319,18.7923,0.3396,18.3605,19.3256,19.3193,0.0063,38.0323,9.2369,-10.3313,13368.5019,0.3462,NA,NA
SandFall-Win64-Shipping.exe,19588,0x2EC4BC3AB90,DXGI,0,512,1,Hardware: Independent Flip,13387.6338,0.3593,0.1895,0.1698,18.5542,0.1733,0.1697,0.0036,28.1373,9.5270,9.8950,13387.6338,9.4098,NA,NA
SandFall-Win64-Shipping.exe,19588,0x2EC4BC3AB90,DXGI,0,512,1,Hardware: Independent Flip,13387.9931,19.9322,19.6293,0.3029,18.3682,18.9362,18.9289,0.0073,37.3050,9.7011,-9.1677,13387.9931,0.0006,NA,NA
SandFall-Win64-Shipping.exe,19588,0x2EC4BC3AB90,DXGI,0,512,1,Hardware: Independent Flip,13407.9253,0.3850,0.2038,0.1812,17.3722,0.1559,0.1531,0.0028,27.0739,9.4457,10.2311,13407.9253,9.5458,NA,NA
SandFall-Win64-Shipping.exe,19588,0x2EC4BC3AB90,DXGI,0,512,1,Hardware: Independent Flip,13408.3103,17.9344,17.6329,0.3015,17.1431,18.9907,18.9861,0.0046,36.1346,9.8134,-9.0607,13408.3103,0.0008,NA,NA
SandFall-Win64-Shipping.exe,19588,0x2EC4BC3AB90,DXGI,0,512,1,Hardware: Independent Flip,13426.2447,0.3844,0.2044,0.1800,18.1994,0.1240,0.1216,0.0024,28.0136,9.7066,8.1210,13426.2447,9.6902,NA,NA
SandFall-Win64-Shipping.exe,19588,0x2EC4BC3AB90,DXGI,0,512,1,Hardware: Independent Flip,13426.6291,19.1164,18.8663,0.2501,17.9390,19.3964,19.3892,0.0072,37.3358,9.8391,-9.3222,13426.6291,0.0004,NA,NA
SandFall-Win64-Shipping.exe,19588,0x2EC4BC3AB90,DXGI,0,512,1,Hardware: Independent Flip,13445.7455,0.3337,0.1698,0.1639,18.2190,0.1600,0.1555,0.0045,28.0585,11.7879,9.2773,13445.7455,9.6795,NA,NA
SandFall-Win64-Shipping.exe,19588,0x2EC4BC3AB90,DXGI,0,512,1,Hardware: Independent Flip,13446.0792,21.1914,20.6763,0.5151,18.0453,21.4669,21.4576,0.0093,39.5127,10.7812,-11.4542,13446.0792,0.0005,NA,NA
SandFall-Win64-Shipping.exe,19588,0x2EC4BC3AB90,DXGI,0,512,1,Hardware: Independent Flip,13467.2706,0.3561,0.1880,0.1681,18.3208,0.1237,0.1211,0.0026,29.1025,8.2911,10.4102,13467.2706,10.6580,NA,NA
SandFall-Win64-Shipping.exe,19588,0x2EC4BC3AB90,DXGI,0,512,1,Hardware: Independent Flip,13467.6267,17.3906,17.0522,0.3384,18.0884,18.9486,18.9425,0.0061,37.0375,9.9680,-7.9350,13467.6267,0.0005,NA,NA
SandFall-Win64-Shipping.exe,19588,0x2EC4BC3AB90,DXGI,0,512,1,Hardware: Independent Flip,13485.0173,0.3743,0.1885,0.1858,19.6464,0.1130,0.1107,0.0023,29.6149,9.5386,7.4226,13485.0173,9.8555,NA,NA
SandFall-Win64-Shipping.exe,19588,0x2EC4BC3AB90,DXGI,0,512,1,Hardware: Independent Flip,13485.3916,23.0506,22.6696,0.3810,19.3851,19.1138,19.1089,0.0049,38.7792,9.3434,-9.1643,13485.3916,0.2803,NA,NA
SandFall-Win64-Shipping.exe,19588,0x2EC4BC3AB90,DXGI,0,512,1,Hardware: Independent Flip,13508.4422,0.4959,0.3112,0.1847,15.4483,0.1346,0.1328,0.0018,25.0720,9.8628,13.7072,13508.4422,9.4891,NA,NA
SandFall-Win64-Shipping.exe,19588,0x2EC4BC3AB90,DXGI,0,512,1,Hardware: Independent Flip,13508.9381,16.7494,16.4970,0.2524,15.0870,19.1619,19.1534,0.0085,34.4389,9.2786,-9.3669,13508.9381,0.1900,NA,NA
SandFall-Win64-Shipping.exe,19588,0x2EC4BC3AB90,DXGI,0,512,1,Hardware: Independent Flip,13525.6875,0.3250,0.1691,0.1559,17.4995,0.1549,0.1526,0.0023,26.9681,10.1535,7.4708,13525.6875,9.3137,NA,NA
SandFall-Win64-Shipping.exe,19588,0x2EC4BC3AB90,DXGI,0,512,1,Hardware: Independent Flip,13526.0125,19.1590,18.9058,0.2532,17.3294,19.4661,19.4579,0.0082,36.7966,9.7995,-9.8285,13526.0125,0.0011,NA,NA
SandFall-Win64-Shipping.exe,19588,0x2EC4BC3AB90,DXGI,0,512,1,Hardware: Independent Flip,13545.1715,0.3341,0.1730,0.1611,17.6365,0.1520,0.1500,0.0020,27.4371,9.8145,9.3595,13545.1715,9.6486,NA,NA
SandFall-Win64-Shipping.exe,19588,0x2EC4BC3AB90,DXGI,0,512,1,Hardware: Independent Flip,13545.5056,19.1515,18.9089,0.2426,17.4544,19.4625,19.4521,0.0104,36.9175,10.0329,-9.4804,13545.5056,0.0006,NA,NA
SandFall-Win64-Shipping.exe,19588,0x2EC4BC3AB90,DXGI,0,512,1,Hardware: Independent Flip,13564.6571,0.3156,0.1629,0.1527,17.7654,0.1472,0.1447,0.0025,27.7989,8.9302,9.1186,13564.6571,9.8863,NA,NA
SandFall-Win64-Shipping.exe,19588,0x2EC4BC3AB90,DXGI,0,512,1,Hardware: Independent Flip,13564.9727,18.9948,18.7385,0.2563,17.5970,18.8160,18.8110,0.0050,36.4135,9.6553,-8.6146,13564.9727,0.0005,NA,NA
SandFall-Win64-Shipping.exe,19588,0x2EC4BC3AB90,DXGI,0,512,1,Hardware: Independent Flip,13583.9675,0.3181,0.1632,0.1549,17.4182,0.1417,0.1393,0.0024,27.0740,9.3435,9.3395,13583.9675,9.5141,NA,NA
SandFall-Win64-Shipping.exe,19588,0x2EC4BC3AB90,DXGI,0,512,1,Hardware: Independent Flip,13584.2856,20.8509,20.5648,0.2861,17.2418,18.6758,18.6668,0.0090,36.0994,9.2210,-9.0254,13584.2856,0.1818,NA,NA
SandFall-Win64-Shipping.exe,19588,0x2EC4BC3AB90,DXGI,0,512,1,Hardware: Independent Flip,13605.1365,0.7320,0.2896,0.4424,15.0667,0.1488,0.1471,0.0017,24.4695,9.5159,11.6299,13605.1365,9.2540,NA,NA
SandFall-Win64-Shipping.exe,19588,0x2EC4BC3AB90,DXGI,0,512,1,Hardware: Independent Flip,13605.8685,19.8392,19.5722,0.2670,14.4835,18.6396,18.6283,0.0113,33.2534,9.1448,-8.7839,13605.8685,0.1303,NA,NA
SandFall-Win64-Shipping.exe,19588,0x2EC4BC3AB90,DXGI,0,512,1,Hardware: Independent Flip,13625.7077,0.3904,0.1919,0.1985,13.2839,0.1277,0.1252,0.0025,22.5590,9.0302,10.6944,13625.7077,9.1474,NA,NA
SandFall-Win64-Shipping.exe,19588,0x2EC4BC3AB90,DXGI,0,512,1,Hardware: Independent Flip,13626.0981,15.0638,14.8172,0.2466,13.0212,18.1768,18.1647,0.0121,31.1988,9.0706,-8.6398,13626.0981,0.0008,NA,NA
SandFall-Win64-Shipping.exe,19588,0x2EC4BC3AB90,DXGI,0,512,1,Hardware: Independent Flip,13641.1619,0.3346,0.1660,0.1686,16.1342,0.1093,0.1076,0.0017,25.2056,8.4865,5.9932,13641.1619,8.9621,NA,NA
SandFall-Win64-Shipping.exe,19588,0x2EC4BC3AB90,DXGI,0,512,1,Hardware: Independent Flip,13641.4965,20.5012,20.1725,0.3287,15.9089,17.4465,17.4419,0.0046,33.3575,8.7429,-8.1519,13641.4965,0.0021,NA,NA
SandFall-Win64-Shipping.exe,19588,0x2EC4BC3AB90,DXGI,0,512,1,Hardware: Independent Flip,13661.9977,0.6001,0.2354,0.3647,12.8542,0.1173,0.1149,0.0024,21.5992,9.5768,11.7583,13661.9977,8.6277,NA,NA
SandFall-Win64-Shipping.exe,19588,0x2EC4BC3AB90,DXGI,0,512,1,Hardware: Independent Flip,13662.5978,14.8430,14.5533,0.2897,12.3714,18.0694,18.0626,0.0068,30.5759,8.8942,-8.9767,13662.5978,0.1351,NA,NA
SandFall-Win64-Shipping.exe,19588,0x2EC4BC3AB90,DXGI,0,512,1,Hardware: Independent Flip,13677.4408,0.3289,0.1714,0.1575,15.5978,0.1410,0.1379,0.0031,24.6271,8.6528,5.9488,13677.4408,8.8883,NA,NA
SandFall-Win64-Shipping.exe,19588,0x2EC4BC3AB90,DXGI,0,512,1,Hardware: Independent Flip,13677.7697,16.8402,16.5571,0.2831,15.4099,17.5400,17.5304,0.0096,32.9510,8.8944,-8.3239,13677.7697,0.0011,NA,NA
SandFall-Win64-Shipping.exe,19588,0x2EC4BC3AB90,DXGI,0,512,1,Hardware: Independent Flip,13694.6099,0.3379,0.1724,0.1655,16.1097,0.1655,0.1628,0.0027,25.0052,8.4475,7.9458,13694.6099,8.7300,NA,NA
SandFall-Win64-Shipping.exe,19588,0x2EC4BC3AB90,DXGI,0,512,1,Hardware: Independent Flip,13694.9478,17.5810,17.2227,0.3583,15.9373,17.1766,17.1682,0.0084,33.1148,8.6983,-8.1096,13694.9478,0.0009,NA,NA
SandFall-Win64-Shipping.exe,19588,0x2EC4BC3AB90,DXGI,0,512,1,Hardware: Independent Flip,13712.5288,0.6796,0.1995,0.4801,15.5329,0.2435,0.2409,0.0026,24.2321,8.8520,8.8827,13712.5288,8.4557,NA,NA
SandFall-Win64-Shipping.exe,19588,0x2EC4BC3AB90,DXGI,0,512,1,Hardware: Independent Flip,13713.2084,18.4369,18.1455,0.2914,15.0968,17.2490,17.2444,0.0046,32.4045,8.6812,-8.1724,13713.2084,0.0587,NA,NA
SandFall-Win64-Shipping.exe,19588,0x2EC4BC3AB90,DXGI,0,512,1,Hardware: Independent Flip,13731.6453,0.4358,0.2375,0.1983,13.9089,0.1110,0.1058,0.0052,22.6488,8.9798,9.7557,13731.6453,8.6289,NA,NA
SandFall-Win64-Shipping.exe,19588,0x2EC4BC3AB90,DXGI,0,512,1,Hardware: Independent Flip,13732.0811,19.0029,18.6857,0.3172,13.5841,17.6081,17.6015,0.0066,31.1928,8.7849,-8.5440,13732.0811,0.0006,NA,NA
SandFall-Win64-Shipping.exe,19588,0x2EC4BC3AB90,DXGI,0,512,1,Hardware: Independent Flip,13751.0840,0.3681,0.1979,0.1702,12.1893,0.1005,0.0988,0.0017,20.9748,8.4007,10.2180,13751.0840,8.6850,NA,NA
SandFall-Win64-Shipping.exe,19588,0x2EC4BC3AB90,DXGI,0,512,1,Hardware: Independent Flip,13751.4521,19.4090,19.0917,0.3173,11.9217,17.0850,17.0772,0.0078,29.0074,8.6040,-8.0326,13751.4521,0.0007,NA,NA
SandFall-Win64-Shipping.exe,19588,0x2EC4BC3AB90,DXGI,0,512,1,Hardware: Independent Flip,13770.8611,0.3779,0.1874,0.1905,9.5977,0.1033,0.1015,0.0018,18.2024,8.1010,10.8050,13770.8611,8.5014,NA,NA
SandFall-Win64-Shipping.exe,19588,0x2EC4BC3AB90,DXGI,0,512,1,Hardware: Independent Flip,13771.2390,13.4586,13.2126,0.2460,9.3231,16.6016,16.5916,0.0100,25.9255,8.3041,-7.7231,13771.2390,0.0008,NA,NA
SandFall-Win64-Shipping.exe,19588,0x2EC4BC3AB90,DXGI,0,512,1,Hardware: Independent Flip,13784.6976,0.3144,0.1519,0.1625,12.4661,0.0992,0.0975,0.0017,20.7710,8.5260,5.1545,13784.6976,8.2057,NA,NA
SandFall-Win64-Shipping.exe,19588,0x2EC4BC3AB90,DXGI,0,512,1,Hardware: Independent Flip,13785.0120,19.1305,18.8228,0.3077,12.2509,16.7305,16.7231,0.0074,28.9826,8.3660,-8.2116,13785.0120,0.0012,NA,NA
SandFall-Win64-Shipping.exe,19588,0x2EC4BC3AB90,DXGI,0,512,1,Hardware: Independent Flip,13804.1425,0.3666,0.2008,0.1658,9.8509,0.0735,0.0718,0.0017,18.2181,10.6052,10.7645,13804.1425,8.2937,NA,NA
SandFall-Win64-Shipping.exe,19588,0x2EC4BC3AB90,DXGI,0,512,1,Hardware: Independent Flip,13804.5091,19.0079,18.7217,0.2862,9.5578,18.8455,17.6269,1.2186,28.4567,9.4207,-10.2386,13804.5091,0.0534,NA,NA
SandFall-Win64-Shipping.exe,19588,0x2EC4BC3AB90,DXGI,0,512,1,Hardware: Independent Flip,13823.5170,0.3236,0.1615,0.1621,9.3954,0.1101,0.1057,0.0044,18.8695,11.4859,9.5872,13823.5170,9.3640,NA,NA
SandFall-Win64-Shipping.exe,19588,0x2EC4BC3AB90,DXGI,0,512,1,Hardware: Independent Flip,13823.8406,19.1414,18.8887,0.2527,9.1819,20.8488,19.6505,1.1983,30.0318,10.9028,-11.1623,13823.8406,0.0011,NA,NA
SandFall-Win64-Shipping.exe,19588,0x2EC4BC3AB90,DXGI,0,512,1,Hardware: Independent Flip,13842.9820,0.3314,0.1628,0.1686,10.8893,0.1117,0.1089,0.0028,21.7932,8.5448,8.2386,13842.9820,10.7922,NA,NA
SandFall-Win64-Shipping.exe,19588,0x2EC4BC3AB90,DXGI,0,512,1,Hardware: Independent Flip,13843.3134,16.9648,16.7115,0.2533,10.6696,19.3362,19.3255,0.0107,30.0066,10.3073,-8.2134,13843.3134,0.0008,NA,NA
SandFall-Win64-Shipping.exe,19588,0x2EC4BC3AB90,DXGI,0,512,1,Hardware: Independent Flip,13860.2782,0.3346,0.1597,0.1749,13.0410,0.1313,0.1297,0.0016,23.3491,9.1158,6.6575,13860.2782,10.1768,NA,NA
SandFall-Win64-Shipping.exe,19588,0x2EC4BC3AB90,DXGI,0,512,1,Hardware: Independent Flip,13860.6128,19.1595,18.8758,0.2837,12.8377,19.2040,19.1984,0.0056,32.1303,9.5530,-8.7812,13860.6128,0.0886,NA,NA
SandFall-Win64-Shipping.exe,19588,0x2EC4BC3AB90,DXGI,0,512,1,Hardware: Independent Flip,13879.7723,0.3286,0.1677,0.1609,12.8822,0.1505,0.1479,0.0026,22.5238,7.4168,9.6065,13879.7723,9.4911,NA,NA
SandFall-Win64-Shipping.exe,19588,0x2EC4BC3AB90,DXGI,0,512,1,Hardware: Independent Flip,13880.1009,16.5324,16.2574,0.2750,12.7041,16.9071,16.8961,0.0110,29.6120,8.4794,-7.0882,13880.1009,0.0008,NA,NA
SandFall-Win64-Shipping.exe,19588,0x2EC4BC3AB90,DXGI,0,512,1,Hardware: Independent Flip,13896.6333,0.3814,0.1652,0.2162,13.0788,0.1013,0.0963,0.0050,21.5590,9.0721,8.0530,13896.6333,8.3789,NA,NA
SandFall-Win64-Shipping.exe,19588,0x2EC4BC3AB90,DXGI,0,512,1,Hardware: Independent Flip,13897.0147,17.6077,17.3371,0.2706,12.7987,17.4498,17.4425,0.0073,30.2497,8.7119,-8.6907,13897.0147,0.0012,NA,NA
SandFall-Win64-Shipping.exe,19588,0x2EC4BC3AB90,DXGI,0,512,1,Hardware: Independent Flip,13914.6224,0.3539,0.1810,0.1729,12.6408,0.1001,0.0979,0.0022,21.3539,8.7244,8.8958,13914.6224,8.6130,NA,NA
SandFall-Win64-Shipping.exe,19588,0x2EC4BC3AB90,DXGI,0,512,1,Hardware: Independent Flip,13914.9763,18.6278,18.3853,0.2425,12.3870,17.2775,17.2643,0.0132,29.7244,8.6215,-8.3705,13914.9763,0.0599,NA,NA
SandFall-Win64-Shipping.exe,19588,0x2EC4BC3AB90,DXGI,0,512,1,Hardware: Independent Flip,13933.6041,0.3126,0.1569,0.1557,11.0367,0.1445,0.1429,0.0016,19.7181,8.9423,10.0063,13933.6041,8.5369,NA,NA
SandFall-Win64-Shipping.exe,19588,0x2EC4BC3AB90,DXGI,0,512,1,Hardware: Independent Flip,13933.9167,18.5243,18.2458,0.2785,10.8686,17.4118,17.3973,0.0145,28.3478,8.5669,-8.6297,13933.9167,0.0674,NA,NA
SandFall-Win64-Shipping.exe,19588,0x2EC4BC3AB90,DXGI,0,512,1,Hardware: Independent Flip,13952.4410,0.3410,0.1737,0.1673,9.7561,0.0824,0.0803,0.0021,18.3904,9.0137,9.9574,13952.4410,8.5519,NA,NA
SandFall-Win64-Shipping.exe,19588,0x2EC4BC3AB90,DXGI,0,512,1,Hardware: Independent Flip,13952.7820,17.3562,17.0614,0.2948,9.4975,17.4684,17.2364,0.2320,27.0631,8.6773,-8.6727,13952.7820,0.0972,NA,NA
SandFall-Win64-Shipping.exe,19588,0x2EC4BC3AB90,DXGI,0,512,1,Hardware: Independent Flip,13970.1382,0.3395,0.1760,0.1635,9.6097,0.0946,0.0932,0.0014,18.3842,10.0495,8.6789,13970.1382,8.6799,NA,NA
SandFall-Win64-Shipping.exe,19588,0x2EC4BC3AB90,DXGI,0,512,1,Hardware: Independent Flip,13970.4777,17.9744,17.6348,0.3396,9.3648,18.5350,17.9427,0.5923,28.0942,9.0436,-9.7100,13970.4777,0.1944,NA,NA
SandFall-Win64-Shipping.exe,19588,0x2EC4BC3AB90,DXGI,0,512,1,Hardware: Independent Flip,13988.4521,0.3571,0.1873,0.1698,9.9254,0.0932,0.0932,0.0000,19.1634,9.0050,8.9308,13988.4521,9.1448,NA,NA
SandFall-Win64-Shipping.exe,19588,0x2EC4BC3AB90,DXGI,0,512,1,Hardware: Independent Flip,13988.8092,17.7576,17.4957,0.2619,9.6615,18.1488,17.5136,0.6352,27.8113,9.2497,-8.6479,13988.8092,0.0010,NA,NA
SandFall-Win64-Shipping.exe,19588,0x2EC4BC3AB90,DXGI,0,512,1,Hardware: Independent Flip,14006.5668,0.4179,0.1914,0.2265,10.0527,0.1802,0.1802,0.0000,19.3034,9.0446,8.5079,14006.5668,9.0705,NA,NA
SandFall-Win64-Shipping.exe,19588,0x2EC4BC3AB90,DXGI,0,512,1,Hardware: Independent Flip,14006.9847,17.6225,17.3569,0.2656,9.8150,18.1142,17.7409,0.3733,27.9301,9.2817,-8.6267,14006.9847,0.0009,NA,NA
SandFall-Win64-Shipping.exe,19588,0x2EC4BC3AB90,DXGI,0,512,1,Hardware: Independent Flip,14024.6072,0.3498,0.1700,0.1798,10.3067,0.0877,0.0857,0.0020,19.5893,7.7424,8.3408,14024.6072,9.1949,NA,NA
SandFall-Win64-Shipping.exe,19588,0x2EC4BC3AB90,DXGI,0,512,1,Hardware: Independent Flip,14024.9570,18.1753,17.9211,0.2542,10.0446,16.9367,16.9237,0.0130,26.9819,8.5012,-7.3926,14024.9570,0.0006,NA,NA
SandFall-Win64-Shipping.exe,19588,0x2EC4BC3AB90,DXGI,0,512,1,Hardware: Independent Flip,14043.1323,0.3431,0.1774,0.1657,8.8060,0.1935,0.1910,0.0025,17.3078,9.9691,9.6741,14043.1323,8.3083,NA,NA
SandFall-Win64-Shipping.exe,19588,0x2EC4BC3AB90,DXGI,0,512,1,Hardware: Independent Flip,14043.4754,16.9579,16.6813,0.2766,8.6564,18.2765,17.4597,0.8168,26.9338,9.2124,-9.6260,14043.4754,0.0009,NA,NA
SandFall-Win64-Shipping.exe,19588,0x2EC4BC3AB90,DXGI,0,512,1,Hardware: Independent Flip,14060.4333,0.3226,0.1614,0.1612,9.9750,0.0835,0.0811,0.0024,19.1883,9.3092,7.7455,14060.4333,9.1298,NA,NA
SandFall-Win64-Shipping.exe,19588,0x2EC4BC3AB90,DXGI,0,512,1,Hardware: Independent Flip,14060.7559,18.0302,17.7622,0.2680,9.7359,18.4386,17.7198,0.7188,28.1749,9.4614,-8.9866,14060.7559,0.0004,NA,NA
SandFall-Win64-Shipping.exe,19588,0x2EC4BC3AB90,DXGI,0,512,1,Hardware: Independent Flip,14078.7861,0.3835,0.2030,0.1805,10.1443,0.1949,0.1949,0.0000,19.6061,8.5787,8.5688,14078.7861,9.2669,NA,NA
SandFall-Win64-Shipping.exe,19588,0x2EC4BC3AB90,DXGI,0,512,1,Hardware: Independent Flip,14079.1696,19.9089,19.6515,0.2574,9.9557,17.8447,17.7759,0.0688,27.8013,9.0723,-8.1952,14079.1696,0.0009,NA,NA
SandFall-Win64-Shipping.exe,19588,0x2EC4BC3AB90,DXGI,0,512,1,Hardware: Independent Flip,14099.0785,0.3183,0.1607,0.1576,7.8915,0.0833,0.0811,0.0022,16.9647,9.6011,10.8366,14099.0785,8.9899,NA,NA
SandFall-Win64-Shipping.exe,19588,0x2EC4BC3AB90,DXGI,0,512,1,Hardware: Independent Flip,14099.3968,16.1246,15.8277,0.2969,7.6565,18.4419,18.0965,0.3454,26.2475,9.1172,-9.2828,14099.3968,0.1491,NA,NA
SandFall-Win64-Shipping.exe,19588,0x2EC4BC3AB90,DXGI,0,512,1,Hardware: Independent Flip,14115.5214,0.3321,0.1700,0.1621,9.9738,0.1059,0.1059,0.0000,19.2401,9.6042,7.0074,14115.5214,9.1604,NA,NA
SandFall-Win64-Shipping.exe,19588,0x2EC4BC3AB90,DXGI,0,512,1,Hardware: Independent Flip,14115.8535,20.6346,20.3409,0.2937,9.7476,18.7637,18.2098,0.5539,28.5122,9.4322,-9.2721,14115.8535,0.0009,NA,NA
SandFall-Win64-Shipping.exe,19588,0x2EC4BC3AB90,DXGI,0,512,1,Hardware: Independent Flip,14136.4881,0.4036,0.1820,0.2216,7.8767,0.1460,0.1437,0.0023,17.3098,8.6087,11.2024,14136.4881,9.2871,NA,NA
SandFall-Win64-Shipping.exe,19588,0x2EC4BC3AB90,DXGI,0,512,1,Hardware: Independent Flip,14136.8917,13.5039,13.2537,0.2502,7.6191,17.8949,17.8845,0.0104,25.5149,9.1297,-8.2051,14136.8917,0.0009,NA,NA
SandFall-Win64-Shipping.exe,19588,0x2EC4BC3AB90,DXGI,0,512,1,Hardware: Independent Flip,14150.3956,0.3335,0.1721,0.1614,12.0101,0.1003,0.0988,0.0015,21.1407,9.0937,4.3742,14150.3956,9.0303,NA,NA
SandFall-Win64-Shipping.exe,19588,0x2EC4BC3AB90,DXGI,0,512,1,Hardware: Independent Flip,14150.7291,17.8865,17.6038,0.2827,11.7769,18.0162,18.0081,0.0081,29.9009,8.9635,-8.7602,14150.7291,0.1078,NA,NA
SandFall-Win64-Shipping.exe,19588,0x2EC4BC3AB90,DXGI,0,512,1,Hardware: Independent Flip,14168.6156,0.3138,0.1568,0.1570,11.9066,0.1513,0.1513,0.0000,20.9779,8.3083,8.9230,14168.6156,8.9200,NA,NA
SandFall-Win64-Shipping.exe,19588,0x2EC4BC3AB90,DXGI,0,512,1,Hardware: Independent Flip,14168.9294,17.3170,17.0367,0.2803,11.7441,17.2271,17.2166,0.0105,28.9724,8.6250,-7.9945,14168.9294,0.0012,NA,NA
SandFall-Win64-Shipping.exe,19588,0x2EC4BC3AB90,DXGI,0,512,1,Hardware: Independent Flip,14186.2464,0.3553,0.1732,0.1821,11.6542,0.1417,0.1400,0.0017,20.2804,9.4533,8.6920,14186.2464,8.4845,NA,NA
SandFall-Win64-Shipping.exe,19588,0x2EC4BC3AB90,DXGI,0,512,1,Hardware: Independent Flip,14186.6017,17.6049,17.3372,0.2677,11.4406,17.7562,17.7423,0.0139,29.3784,8.7589,-9.0980,14186.6017,0.1816,NA,NA
SandFall-Win64-Shipping.exe,19588,0x2EC4BC3AB90,DXGI,0,512,1,Hardware: Independent Flip,14204.2066,0.3319,0.1652,0.1667,11.5919,0.1130,0.1105,0.0025,20.5324,9.0022,8.8460,14204.2066,8.8275,NA,NA
SandFall-Win64-Shipping.exe,19588,0x2EC4BC3AB90,DXGI,0,512,1,Hardware: Independent Flip,14204.5385,19.7724,19.3851,0.3873,11.3730,17.8290,17.6766,0.1524,29.2027,9.0224,-8.6703,14204.5385,0.0007,NA,NA
SandFall-Win64-Shipping.exe,19588,0x2EC4BC3AB90,DXGI,0,512,1,Hardware: Independent Flip,14224.3109,0.3992,0.1934,0.2058,9.4296,0.1312,0.1291,0.0021,18.4527,8.7582,10.7500,14224.3109,8.8919,NA,NA
SandFall-Win64-Shipping.exe,19588,0x2EC4BC3AB90,DXGI,0,512,1,Hardware: Independent Flip,14224.7101,16.8385,16.5382,0.3003,9.1616,17.6491,17.6370,0.0121,26.8117,8.9534,-8.3590,14224.7101,0.0010,NA,NA
SandFall-Win64-Shipping.exe,19588,0x2EC4BC3AB90,DXGI,0,512,1,Hardware: Independent Flip,14241.5486,0.3843,0.1941,0.1902,9.9722,0.0828,0.0811,0.0017,18.9266,10.3948,7.8851,14241.5486,8.8716,NA,NA
SandFall-Win64-Shipping.exe,19588,0x2EC4BC3AB90,DXGI,0,512,1,Hardware: Independent Flip,14241.9329,19.9394,19.6486,0.2908,9.6707,19.2652,17.8479,1.4173,28.9371,9.7223,-10.0105,14241.9329,0.0012,NA,NA
SandFall-Win64-Shipping.exe,19588,0x2EC4BC3AB90,DXGI,0,512,1,Hardware: Independent Flip,14261.8723,0.4253,0.2026,0.2227,8.9965,0.1203,0.1187,0.0016,18.7200,8.3821,10.2171,14261.8723,9.6032,NA,NA
SandFall-Win64-Shipping.exe,19588,0x2EC4BC3AB90,DXGI,0,512,1,Hardware: Independent Flip,14262.2976,16.9872,16.6777,0.3095,8.6915,17.9843,17.7650,0.2193,26.6768,9.1684,-7.9568,14262.2976,0.0010,NA,NA
SandFall-Win64-Shipping.exe,19588,0x2EC4BC3AB90,DXGI,0,512,1,Hardware: Independent Flip,14279.2848,0.3462,0.1856,0.1606,9.6886,0.0966,0.0933,0.0033,18.8580,8.7170,7.8188,14279.2848,9.0728,NA,NA
SandFall-Win64-Shipping.exe,19588,0x2EC4BC3AB90,DXGI,0,512,1,Hardware: Independent Flip,14279.6310,16.3086,16.0613,0.2473,9.4390,17.7391,17.7294,0.0097,27.2288,8.8887,-8.3708,14279.6310,0.0507,NA,NA
SandFall-Win64-Shipping.exe,19588,0x2EC4BC3AB90,DXGI,0,512,1,Hardware: Independent Flip,14295.9396,0.3214,0.1605,0.1609,10.8695,0.1137,0.1096,0.0041,19.8089,8.8773,7.4199,14295.9396,8.8257,NA,NA
SandFall-Win64-Shipping.exe,19588,0x2EC4BC3AB90,DXGI,0,512,1,Hardware: Independent Flip,14296.2610,17.0546,16.8090,0.2456,10.6618,17.5815,17.5715,0.0100,28.3648,8.6956,-8.5559,14296.2610,0.1215,NA,NA
SandFall-Win64-Shipping.exe,19588,0x2EC4BC3AB90,DXGI,0,512,1,Hardware: Independent Flip,14313.3156,0.3412,0.1870,0.1542,11.1887,0.1165,0.1144,0.0021,20.0058,8.6019,8.3590,14313.3156,8.7006,NA,NA
SandFall-Win64-Shipping.exe,19588,0x2EC4BC3AB90,DXGI,0,512,1,Hardware: Independent Flip,14313.6568,17.2669,17.0238,0.2431,10.9640,17.2822,17.2680,0.0142,28.2665,8.5613,-8.2607,14313.6568,0.0203,NA,NA
SandFall-Win64-Shipping.exe,19588,0x2EC4BC3AB90,DXGI,0,512,1,Hardware: Independent Flip,14330.9237,0.3110,0.1563,0.1547,10.9793,0.0982,0.0965,0.0017,19.5609,8.7982,8.7056,14330.9237,8.4834,NA,NA
SandFall-Win64-Shipping.exe,19588,0x2EC4BC3AB90,DXGI,0,512,1,Hardware: Independent Flip,14331.2347,18.6104,18.3402,0.2702,10.7665,17.2356,17.2227,0.0129,28.0481,8.6198,-8.4872,14331.2347,0.0460,NA,NA
SandFall-Win64-Shipping.exe,19588,0x2EC4BC3AB90,DXGI,0,512,1,Hardware: Independent Flip,14349.8451,0.3204,0.1610,0.1594,9.3917,0.1296,0.1296,0.0000,18.0575,10.7090,9.9906,14349.8451,8.5362,NA,NA
SandFall-Win64-Shipping.exe,19588,0x2EC4BC3AB90,DXGI,0,512,1,Hardware: Independent Flip,14350.1655,18.8251,18.5342,0.2909,9.2009,19.2444,17.3856,1.8588,28.4461,9.6666,-10.3886,14350.1655,0.0008,NA,NA
SandFall-Win64-Shipping.exe,19588,0x2EC4BC3AB90,DXGI,0,512,1,Hardware: Independent Flip,14368.9906,0.3586,0.1761,0.1825,9.6202,0.1234,0.1216,0.0018,19.2876,7.4423,9.1585,14368.9906,9.5440,NA,NA
SandFall-Win64-Shipping.exe,19588,0x2EC4BC3AB90,DXGI,0,512,1,Hardware: Independent Flip,14369.3492,16.1075,15.8645,0.2430,9.3850,16.9855,16.9708,0.0147,26.3713,8.5454,-7.0837,14369.3492,0.0008,NA,NA
SandFall-Win64-Shipping.exe,19588,0x2EC4BC3AB90,DXGI,0,512,1,Hardware: Independent Flip,14385.4567,0.3387,0.1579,0.1808,10.2630,0.1181,0.1158,0.0023,18.8092,8.7128,7.5621,14385.4567,8.4281,NA,NA
SandFall-Win64-Shipping.exe,19588,0x2EC4BC3AB90,DXGI,0,512,1,Hardware: Independent Flip,14385.7954,17.8740,17.5792,0.2948,10.0424,17.1400,17.0212,0.1188,27.1833,8.6183,-8.3741,14385.7954,0.0009,NA,NA
SandFall-Win64-Shipping.exe,19588,0x2EC4BC3AB90,DXGI,0,512,1,Hardware: Independent Flip,14403.6694,0.3376,0.1603,0.1773,9.3084,0.0968,0.0952,0.0016,17.9276,10.2164,9.2557,14403.6694,8.5224,NA,NA
SandFall-Win64-Shipping.exe,19588,0x2EC4BC3AB90,DXGI,0,512,1,Hardware: Independent Flip,14404.0070,17.7598,17.4655,0.2943,9.0676,18.7378,18.0763,0.6615,27.8064,9.8269,-9.8788,14404.0070,0.0010,NA,NA
SandFall-Win64-Shipping.exe,19588,0x2EC4BC3AB90,DXGI,0,512,1,Hardware: Independent Flip,14421.7668,0.3351,0.1729,0.1622,10.0456,0.1436,0.1417,0.0019,19.8735,7.5749,7.9329,14421.7668,9.6843,NA,NA
SandFall-Win64-Shipping.exe,19588,0x2EC4BC3AB90,DXGI,0,512,1,Hardware: Independent Flip,14422.1019,17.5518,17.2442,0.3076,9.8541,17.2578,17.2459,0.0119,27.1133,8.6295,-7.2398,14422.1019,0.0014,NA,NA
SandFall-Win64-Shipping.exe,19588,0x2EC4BC3AB90,DXGI,0,512,1,Hardware: Independent Flip,14439.6537,0.3436,0.1795,0.1641,9.5601,0.0885,0.0869,0.0016,18.1910,9.4008,8.9223,14439.6537,8.5424,NA,NA
SandFall-Win64-Shipping.exe,19588,0x2EC4BC3AB90,DXGI,0,512,1,Hardware: Independent Flip,14439.9973,17.3828,17.0959,0.2869,9.3050,17.9420,17.8179,0.1241,27.2482,9.2024,-9.0572,14439.9973,0.0012,NA,NA
SandFall-Win64-Shipping.exe,19588,0x2EC4BC3AB90,DXGI,0,512,1,Hardware: Independent Flip,14457.3801,0.3231,0.1590,0.1641,9.8642,0.0796,0.0780,0.0016,19.0678,8.6496,8.1804,14457.3801,9.1240,NA,NA
SandFall-Win64-Shipping.exe,19588,0x2EC4BC3AB90,DXGI,0,512,1,Hardware: Independent Flip,14457.7032,17.5852,17.3015,0.2837,9.6207,17.7725,17.4463,0.3262,27.3943,9.1133,-8.3265,14457.7032,0.0011,NA,NA
SandFall-Win64-Shipping.exe,19588,0x2EC4BC3AB90,DXGI,0,512,1,Hardware: Independent Flip,14475.2884,0.3975,0.2087,0.1888,9.8080,0.1246,0.1246,0.0000,18.9224,8.7184,8.4719,14475.2884,8.9898,NA,NA
SandFall-Win64-Shipping.exe,19588,0x2EC4BC3AB90,DXGI,0,512,1,Hardware: Independent Flip,14475.6859,16.8586,16.6134,0.2452,9.5351,17.7072,17.6964,0.0108,27.2433,9.0342,-8.3209,14475.6859,0.0010,NA,NA
SandFall-Win64-Shipping.exe,19588,0x2EC4BC3AB90,DXGI,0,512,1,Hardware: Independent Flip,14492.5445,0.3613,0.1756,0.1857,10.3837,0.0960,0.0944,0.0016,19.4189,8.8799,7.8244,14492.5445,8.9392,NA,NA
SandFall-Win64-Shipping.exe,19588,0x2EC4BC3AB90,DXGI,0,512,1,Hardware: Independent Flip,14492.9058,18.8218,18.5456,0.2762,10.1184,17.8181,17.7861,0.0320,27.9375,9.1557,-8.5186,14492.9058,0.0010,NA,NA
SandFall-Win64-Shipping.exe,19588,0x2EC4BC3AB90,DXGI,0,512,1,Hardware: Independent Flip,14511.7276,0.3269,0.1657,0.1612,9.1147,0.2167,0.2149,0.0018,18.2714,8.6278,9.6661,14511.7276,8.9400,NA,NA
SandFall-Win64-Shipping.exe,19588,0x2EC4BC3AB90,DXGI,0,512,1,Hardware: Independent Flip,14512.0545,15.9714,15.6367,0.3347,9.0045,17.5670,17.5598,0.0072,26.5723,8.9753,-8.3009,14512.0545,0.0008,NA,NA
SandFall-Win64-Shipping.exe,19588,0x2EC4BC3AB90,DXGI,0,512,1,Hardware: Independent Flip,14528.0259,0.3298,0.1614,0.1684,10.6001,0.1257,0.1257,0.0000,19.5762,8.9101,6.9961,14528.0259,8.8504,NA,NA
SandFall-Win64-Shipping.exe,19588,0x2EC4BC3AB90,DXGI,0,512,1,Hardware: Independent Flip,14528.3557,19.6019,19.3260,0.2759,10.3960,17.6995,17.6895,0.0100,28.1565,8.8182,-8.5803,14528.3557,0.0610,NA,NA
SandFall-Win64-Shipping.exe,19588,0x2EC4BC3AB90,DXGI,0,512,1,Hardware: Independent Flip,14547.9576,0.3929,0.2163,0.1766,8.4936,0.1358,0.1358,0.0000,17.3728,8.9391,10.7837,14547.9576,8.7434,NA,NA
SandFall-Win64-Shipping.exe,19588,0x2EC4BC3AB90,DXGI,0,512,1,Hardware: Independent Flip,14548.3505,15.8151,15.5489,0.2662,8.2365,17.6430,17.6354,0.0076,25.9190,8.8033,-8.5462,14548.3505,0.0395,NA,NA
SandFall-Win64-Shipping.exe,19588,0x2EC4BC3AB90,DXGI,0,512,1,Hardware: Independent Flip,14564.1656,0.3468,0.1872,0.1596,10.0644,0.1223,0.1208,0.0015,18.9072,11.9752,7.0118,14564.1656,8.7205,NA,NA
SandFall-Win64-Shipping.exe,19588,0x2EC4BC3AB90,DXGI,0,512,1,Hardware: Independent Flip,14564.5124,18.3385,18.0573,0.2812,9.8399,20.6951,20.6876,0.0075,30.5356,10.3474,-11.6284,14564.5124,0.0006,NA,NA
SandFall-Win64-Shipping.exe,19588,0x2EC4BC3AB90,DXGI,0,512,1,Hardware: Independent Flip,14582.8509,0.4115,0.2028,0.2087,12.1965,0.1193,0.1170,0.0023,22.5445,7.1643,7.9911,14582.8509,10.2287,NA,NA
SandFall-Win64-Shipping.exe,19588,0x2EC4BC3AB90,DXGI,0,512,1,Hardware: Independent Flip,14583.2624,16.3182,16.0717,0.2465,11.9043,17.3922,17.3861,0.0061,29.2973,8.7624,-6.7528,14583.2624,0.0008,NA,NA
SandFall-Win64-Shipping.exe,19588,0x2EC4BC3AB90,DXGI,0,512,1,Hardware: Independent Flip,14599.5806,0.3183,0.1610,0.1573,12.9783,0.1921,0.1901,0.0020,21.7415,9.7779,7.5558,14599.5806,8.5711,NA,NA
SandFall-Win64-Shipping.exe,19588,0x2EC4BC3AB90,DXGI,0,512,1,Hardware: Independent Flip,14599.8989,17.1048,16.7987,0.3061,12.8521,18.3479,18.3414,0.0065,31.2011,9.5306,-9.4596,14599.8989,0.0011,NA,NA
SandFall-Win64-Shipping.exe,19588,0x2EC4BC3AB90,DXGI,0,512,1,Hardware: Independent Flip,14617.0037,0.3351,0.1652,0.1699,14.0952,0.1050,0.1033,0.0017,23.6269,11.2112,7.5742,14617.0037,9.4267,NA,NA
SandFall-Win64-Shipping.exe,19588,0x2EC4BC3AB90,DXGI,0,512,1,Hardware: Independent Flip,14617.3388,16.9590,16.6949,0.2641,13.8651,20.6368,20.6275,0.0093,34.5030,10.8466,-10.8761,14617.3388,0.0011,NA,NA
SandFall-Win64-Shipping.exe,19588,0x2EC4BC3AB90,DXGI,0,512,1,Hardware: Independent Flip,14634.2978,0.3740,0.1587,0.2153,17.5429,0.1078,0.1060,0.0018,28.3906,6.7853,6.1124,14634.2978,10.7399,NA,NA
SandFall-Win64-Shipping.exe,19588,0x2EC4BC3AB90,DXGI,0,512,1,Hardware: Independent Flip,14634.6718,21.4634,21.1860,0.2774,17.2767,17.5247,17.5175,0.0072,34.8019,8.8304,-6.4113,14634.6718,0.0005,NA,NA
SandFall-Win64-Shipping.exe,19588,0x2EC4BC3AB90,DXGI,0,512,1,Hardware: Independent Flip,14656.1352,0.3508,0.1798,0.1710,13.3380,0.1442,0.1442,0.0000,22.1689,8.6622,12.6330,14656.1352,8.6867,NA,NA
SandFall-Win64-Shipping.exe,19588,0x2EC4BC3AB90,DXGI,0,512,1,Hardware: Independent Flip,14656.4860,18.6394,18.3861,0.2533,13.1314,17.3482,17.3394,0.0088,30.4803,8.7364,-8.3114,14656.4860,0.0007,NA,NA
SandFall-Win64-Shipping.exe,19588,0x2EC4BC3AB90,DXGI,0,512,1,Hardware: Independent Flip,14675.1254,0.3534,0.1592,0.1942,11.8402,0.1469,0.1452,0.0017,20.5773,9.0503,9.9030,14675.1254,8.5902,NA,NA
SandFall-Win64-Shipping.exe,19588,0x2EC4BC3AB90,DXGI,0,512,1,Hardware: Independent Flip,14675.4788,16.7415,16.4713,0.2702,11.6337,17.6401,17.6321,0.0080,29.2742,9.0420,-8.6969,14675.4788,0.0004,NA,NA
SandFall-Win64-Shipping.exe,19588,0x2EC4BC3AB90,DXGI,0,512,1,Hardware: Independent Flip,14692.2203,0.3739,0.1724,0.2015,12.5323,0.1411,0.1395,0.0016,21.5747,8.8848,7.6995,14692.2203,8.9013,NA,NA
SandFall-Win64-Shipping.exe,19588,0x2EC4BC3AB90,DXGI,0,512,1,Hardware: Independent Flip,14692.5942,17.9884,17.7261,0.2623,12.2995,17.7852,17.7714,0.0138,30.0856,9.1450,-8.5109,14692.5942,0.0009,NA,NA
SandFall-Win64-Shipping.exe,19588,0x2EC4BC3AB90,DXGI,0,512,1,Hardware: Independent Flip,14710.5826,0.3277,0.1751,0.1526,12.0963,0.1551,0.1534,0.0017,21.2422,8.6850,8.8434,14710.5826,8.9908,NA,NA
SandFall-Win64-Shipping.exe,19588,0x2EC4BC3AB90,DXGI,0,512,1,Hardware: Independent Flip,14710.9103,19.9521,19.6801,0.2720,11.9237,17.6746,17.4575,0.2171,29.5995,9.0057,-8.3573,14710.9103,0.0012,NA,NA
SandFall-Win64-Shipping.exe,19588,0x2EC4BC3AB90,DXGI,0,512,1,Hardware: Independent Flip,14730.8624,0.3480,0.1760,0.1720,9.6462,0.0498,0.0483,0.0015,18.6531,10.8568,10.9464,14730.8624,8.9571,NA,NA
SandFall-Win64-Shipping.exe,19588,0x2EC4BC3AB90,DXGI,0,512,1,Hardware: Independent Flip,14731.2104,21.8196,21.5217,0.2979,9.3480,19.8129,17.9166,1.8963,29.1619,10.1443,-10.5088,14731.2104,0.0010,NA,NA
SandFall-Win64-Shipping.exe,19588,0x2EC4BC3AB90,DXGI,0,512,1,Hardware: Independent Flip,14753.0300,0.4079,0.2097,0.1982,7.3413,0.0897,0.0880,0.0017,17.4866,8.8093,11.6753,14753.0300,10.0556,NA,NA
SandFall-Win64-Shipping.exe,19588,0x2EC4BC3AB90,DXGI,0,512,1,Hardware: Independent Flip,14753.4379,18.5406,18.2038,0.3368,7.0231,18.8639,17.6258,1.2381,25.8880,9.9351,-8.4014,14753.4379,0.0010,NA,NA
SandFall-Win64-Shipping.exe,19588,0x2EC4BC3AB90,DXGI,0,512,1,Hardware: Independent Flip,14771.9785,0.3801,0.2003,0.1798,7.3464,0.2001,0.2001,0.0000,17.2825,8.5645,8.6055,14771.9785,9.7360,NA,NA
SandFall-Win64-Shipping.exe,19588,0x2EC4BC3AB90,DXGI,0,512,1,Hardware: Independent Flip,14772.3586,14.6377,14.3731,0.2646,7.1664,18.2997,18.2897,0.0100,25.4669,9.2381,-8.1844,14772.3586,0.0008,NA,NA
SandFall-Win64-Shipping.exe,19588,0x2EC4BC3AB90,DXGI,0,512,1,Hardware: Independent Flip,14786.9963,0.3535,0.1798,0.1737,10.8284,0.0934,0.0911,0.0023,20.0673,9.5577,5.3996,14786.9963,9.1455,NA,NA
SandFall-Win64-Shipping.exe,19588,0x2EC4BC3AB90,DXGI,0,512,1,Hardware: Independent Flip,14787.3498,18.5530,18.1218,0.4312,10.5683,18.3960,18.3822,0.0138,29.2715,8.9130,-9.2042,14787.3498,0.3072,NA,NA
SandFall-Win64-Shipping.exe,19588,0x2EC4BC3AB90,DXGI,0,512,1,Hardware: Independent Flip,14805.9028,0.4150,0.1922,0.2228,10.4113,0.1812,0.1786,0.0026,19.6315,10.5116,9.6400,14805.9028,9.0390,NA,NA
SandFall-Win64-Shipping.exe,19588,0x2EC4BC3AB90,DXGI,0,512,1,Hardware: Independent Flip,14806.3178,19.0068,18.7491,0.2577,10.1775,19.5347,18.8533,0.6814,29.7281,9.7709,-10.0966,14806.3178,0.0159,NA,NA
SandFall-Win64-Shipping.exe,19588,0x2EC4BC3AB90,DXGI,0,512,1,Hardware: Independent Flip,14825.3246,0.3669,0.1621,0.2048,10.7054,0.3699,0.3457,0.0242,20.4922,14.3082,9.2359,14825.3246,9.4169,NA,NA
SandFall-Win64-Shipping.exe,19588,0x2EC4BC3AB90,DXGI,0,512,1,Hardware: Independent Flip,14825.6915,28.0851,27.7421,0.3430,10.7084,23.7249,20.1232,3.6017,34.4335,12.4354,-13.9413,14825.6915,0.0002,NA,NA
SandFall-Win64-Shipping.exe,19588,0x2EC4BC3AB90,DXGI,0,512,1,Hardware: Independent Flip,14853.7766,0.5078,0.2842,0.2236,6.3482,0.1395,0.1395,0.0000,18.7838,6.0196,15.6497,14853.7766,12.2961,NA,NA
SandFall-Win64-Shipping.exe,19588,0x2EC4BC3AB90,DXGI,0,512,1,Hardware: Independent Flip,14854.2844,8.1432,7.8741,0.2691,5.9799,18.3153,18.3078,0.0075,24.2956,9.2188,-5.5118,14854.2844,0.0004,NA,NA
SandFall-Win64-Shipping.exe,19588,0x2EC4BC3AB90,DXGI,0,512,1,Hardware: Independent Flip,14862.4276,0.3285,0.1696,0.1589,16.1520,0.1497,0.1497,0.0000,25.3712,10.0410,-1.0756,14862.4276,9.0695,NA,NA
SandFall-Win64-Shipping.exe,19588,0x2EC4BC3AB90,DXGI,0,512,1,Hardware: Independent Flip,14862.7561,17.1886,16.9358,0.2528,15.9732,19.1098,19.1026,0.0072,35.0837,10.0481,-9.7125,14862.7561,0.0007,NA,NA
SandFall-Win64-Shipping.exe,19588,0x2EC4BC3AB90,DXGI,0,512,1,Hardware: Independent Flip,14879.9447,0.3907,0.1673,0.2234,17.8944,0.1038,0.1017,0.0021,27.9432,9.5729,7.1405,14879.9447,9.9450,NA,NA
SandFall-Win64-Shipping.exe,19588,0x2EC4BC3AB90,DXGI,0,512,1,Hardware: Independent Flip,14880.3354,17.0932,16.8230,0.2702,17.6075,19.5177,19.5072,0.0105,37.1254,10.4276,-9.1822,14880.3354,0.0002,NA,NA
SandFall-Win64-Shipping.exe,19588,0x2EC4BC3AB90,DXGI,0,512,1,Hardware: Independent Flip,14897.4286,0.5762,0.1742,0.4020,20.0320,0.2858,0.2814,0.0044,30.4598,14.3831,6.6656,14897.4286,10.1420,NA,NA
SandFall-Win64-Shipping.exe,19588,0x2EC4BC3AB90,DXGI,0,512,1,Hardware: Independent Flip,14898.0048,24.6713,24.3783,0.2930,19.7416,24.5247,20.6190,3.9057,44.2667,12.6033,-13.8069,14898.0048,0.0004,NA,NA
SandFall-Win64-Shipping.exe,19588,0x2EC4BC3AB90,DXGI,0,512,1,Hardware: Independent Flip,14922.6761,0.5554,0.1743,0.3811,19.5950,0.1581,0.1549,0.0032,32.1987,7.4353,12.0680,14922.6761,12.4456,NA,NA
SandFall-Win64-Shipping.exe,19588,0x2EC4BC3AB90,DXGI,0,512,1,Hardware: Independent Flip,14923.2315,22.3233,21.9777,0.3456,19.1977,19.8797,19.8689,0.0108,39.0786,10.6735,-6.8799,14923.2315,0.0012,NA,NA
SandFall-Win64-Shipping.exe,19588,0x2EC4BC3AB90,DXGI,0,512,1,Hardware: Independent Flip,14945.5548,0.4173,0.2314,0.1859,16.7541,0.1640,0.1615,0.0025,27.4288,12.0433,11.6498,14945.5548,10.5107,NA,NA
SandFall-Win64-Shipping.exe,19588,0x2EC4BC3AB90,DXGI,0,512,1,Hardware: Independent Flip,14945.9721,22.1580,21.8998,0.2582,16.5008,22.5532,22.5424,0.0108,39.0548,11.7860,-11.6260,14945.9721,0.0008,NA,NA
SandFall-Win64-Shipping.exe,19588,0x2EC4BC3AB90,DXGI,0,512,1,Hardware: Independent Flip,14968.1301,0.3152,0.1571,0.1581,16.8960,0.1596,0.1569,0.0027,28.6828,7.7012,10.3720,14968.1301,11.6272,NA,NA
SandFall-Win64-Shipping.exe,19588,0x2EC4BC3AB90,DXGI,0,512,1,Hardware: Independent Flip,14968.4453,15.5016,15.1521,0.3495,16.7404,19.3278,19.3193,0.0085,36.0688,10.2190,-7.3860,14968.4453,0.0006,NA,NA
SandFall-Win64-Shipping.exe,19588,0x2EC4BC3AB90,DXGI,0,512,1,Hardware: Independent Flip,14983.9469,0.3697,0.2057,0.1640,20.5666,0.1204,0.1181,0.0023,30.7862,9.6163,5.2826,14983.9469,10.0992,NA,NA
SandFall-Win64-Shipping.exe,19588,0x2EC4BC3AB90,DXGI,0,512,1,Hardware: Independent Flip,14984.3166,24.3771,23.9733,0.4038,20.3173,19.6512,19.6422,0.0090,40.0328,9.8183,-9.2466,14984.3166,0.0643,NA,NA
SandFall-Win64-Shipping.exe,19588,0x2EC4BC3AB90,DXGI,0,512,1,Hardware: Independent Flip,15008.6937,0.4088,0.2288,0.1800,15.5914,0.1419,0.1419,0.0000,25.4740,10.4598,14.5588,15008.6937,9.7407,NA,NA
SandFall-Win64-Shipping.exe,19588,0x2EC4BC3AB90,DXGI,0,512,1,Hardware: Independent Flip,15009.1025,17.7909,17.5333,0.2576,15.3245,20.0187,20.0084,0.0103,35.5250,9.8359,-10.0510,15009.1025,0.1818,NA,NA
SandFall-Win64-Shipping.exe,19588,0x2EC4BC3AB90,DXGI,0,512,1,Hardware: Independent Flip,15026.8934,0.3248,0.1678,0.1570,17.5523,0.1648,0.1618,0.0030,27.5700,10.2571,7.9550,15026.8934,9.8529,NA,NA
SandFall-Win64-Shipping.exe,19588,0x2EC4BC3AB90,DXGI,0,512,1,Hardware: Independent Flip,15027.2182,19.4865,19.2251,0.2614,17.3923,20.1093,20.0993,0.0100,37.5023,10.0651,-9.9323,15027.2182,0.0007,NA,NA
SandFall-Win64-Shipping.exe,19588,0x2EC4BC3AB90,DXGI,0,512,1,Hardware: Independent Flip,15046.7047,0.3440,0.1758,0.1682,18.0151,0.1567,0.1541,0.0026,28.0809,10.2565,9.4214,15046.7047,9.9091,NA,NA
SandFall-Win64-Shipping.exe,19588,0x2EC4BC3AB90,DXGI,0,512,1,Hardware: Independent Flip,15047.0487,20.5952,20.3475,0.2477,17.8278,20.1650,20.1579,0.0071,37.9934,10.3093,-9.9125,15047.0487,0.0006,NA,NA
SandFall-Win64-Shipping.exe,19588,0x2EC4BC3AB90,DXGI,0,512,1,Hardware: Independent Flip,15067.6439,0.3202,0.1655,0.1547,17.3976,0.1250,0.1230,0.0020,27.7075,12.7641,10.2859,15067.6439,10.1849,NA,NA
SandFall-Win64-Shipping.exe,19588,0x2EC4BC3AB90,DXGI,0,512,1,Hardware: Independent Flip,15067.9641,24.2911,23.9292,0.3619,17.2024,22.9451,22.9379,0.0072,40.1514,11.6190,-12.4439,15067.9641,0.0039,NA,NA
SandFall-Win64-Shipping.exe,19588,0x2EC4BC3AB90,DXGI,0,512,1,Hardware: Independent Flip,15092.2552,0.4006,0.2157,0.1849,15.8564,0.1807,0.1783,0.0024,27.4793,8.9506,12.6721,15092.2552,11.4422,NA,NA
SandFall-Win64-Shipping.exe,19588,0x2EC4BC3AB90,DXGI,0,512,1,Hardware: Independent Flip,15092.6558,16.0914,15.7071,0.3843,15.6365,20.3908,20.3820,0.0088,36.0293,10.9182,-8.5500,15092.6558,0.0020,NA,NA
SandFall-Win64-Shipping.exe,19588,0x2EC4BC3AB90,DXGI,0,512,1,Hardware: Independent Flip,15108.7472,0.3723,0.2065,0.1658,19.9359,0.1124,0.1103,0.0021,30.8561,10.0586,5.1732,15108.7472,10.8078,NA,NA
SandFall-Win64-Shipping.exe,19588,0x2EC4BC3AB90,DXGI,0,512,1,Hardware: Independent Flip,15109.1195,22.9540,22.6996,0.2544,19.6760,20.5586,20.5452,0.0134,40.5424,10.0419,-9.6863,15109.1195,0.3078,NA,NA
SandFall-Win64-Shipping.exe,19588,0x2EC4BC3AB90,DXGI,0,512,1,Hardware: Independent Flip,15132.0735,0.3375,0.1771,0.1604,17.2806,0.1265,0.1238,0.0027,27.6303,10.7029,12.9121,15132.0735,10.2232,NA,NA
SandFall-Win64-Shipping.exe,19588,0x2EC4BC3AB90,DXGI,0,512,1,Hardware: Independent Flip,15132.4110,21.9201,21.5082,0.4119,17.0696,20.6158,20.6044,0.0114,37.9957,9.8208,-10.3654,15132.4110,0.3103,NA,NA
SandFall-Win64-Shipping.exe,19588,0x2EC4BC3AB90,DXGI,0,512,1,Hardware: Independent Flip,15154.3311,0.3994,0.2059,0.1935,15.7653,0.1061,0.1039,0.0022,25.8964,10.8864,12.0993,15154.3311,10.0250,NA,NA
SandFall-Win64-Shipping.exe,19588,0x2EC4BC3AB90,DXGI,0,512,1,Hardware: Independent Flip,15154.7305,19.3609,18.6963,0.6646,15.4720,20.9103,20.9015,0.0088,36.3834,10.4008,-10.4870,15154.7305,0.0011,NA,NA
SandFall-Win64-Shipping.exe,19588,0x2EC4BC3AB90,DXGI,0,512,1,Hardware: Independent Flip,15174.0914,1.0158,0.4571,0.5587,17.0214,0.1109,0.1089,0.0020,27.4233,10.1654,8.9601,15174.0914,10.2910,NA,NA
SandFall-Win64-Shipping.exe,19588,0x2EC4BC3AB90,DXGI,0,512,1,Hardware: Independent Flip,15175.1072,18.2154,17.7783,0.4371,16.1165,20.4558,20.4490,0.0068,36.5729,10.5074,-9.1496,15175.1072,0.0006,NA,NA
SandFall-Win64-Shipping.exe,19588,0x2EC4BC3AB90,DXGI,0,512,1,Hardware: Independent Flip,15193.3226,0.5084,0.2689,0.2395,18.3569,0.1118,0.1098,0.0020,28.8649,11.9998,7.7080,15193.3226,10.3962,NA,NA
SandFall-Win64-Shipping.exe,19588,0x2EC4BC3AB90,DXGI,0,512,1,Hardware: Independent Flip,15193.8310,20.6583,20.3467,0.3116,17.9603,22.3953,22.3848,0.0105,40.3563,11.3212,-11.4914,15193.8310,0.0007,NA,NA
SandFall-Win64-Shipping.exe,19588,0x2EC4BC3AB90,DXGI,0,512,1,Hardware: Independent Flip,15214.4893,0.3860,0.2267,0.1593,19.6973,0.0993,0.0978,0.0015,31.0192,10.0304,9.3371,15214.4893,11.2226,NA,NA
SandFall-Win64-Shipping.exe,19588,0x2EC4BC3AB90,DXGI,0,512,1,Hardware: Independent Flip,15214.8753,30.6154,30.2965,0.3189,19.4106,21.2517,21.2424,0.0093,40.6636,11.0482,-9.6444,15214.8753,0.0013,NA,NA
SandFall-Win64-Shipping.exe,19588,0x2EC4BC3AB90,DXGI,0,512,1,Hardware: Independent Flip,15245.4907,0.5237,0.3432,0.1805,10.0469,0.1090,0.1062,0.0028,21.0964,9.6794,19.5672,15245.4907,10.9405,NA,NA
SandFall-Win64-Shipping.exe,19588,0x2EC4BC3AB90,DXGI,0,512,1,Hardware: Independent Flip,15246.0144,16.8233,16.5321,0.2912,9.6322,20.5120,20.5073,0.0047,30.2521,10.1832,-9.1557,15246.0144,0.1079,NA,NA
SandFall-Win64-Shipping.exe,19588,0x2EC4BC3AB90,DXGI,0,512,1,Hardware: Independent Flip,15262.8377,0.3740,0.1834,0.1906,13.3209,0.1666,0.1641,0.0025,23.6120,9.8779,6.6401,15262.8377,10.1245,NA,NA
SandFall-Win64-Shipping.exe,19588,0x2EC4BC3AB90,DXGI,0,512,1,Hardware: Independent Flip,15263.2117,11.2762,10.9938,0.2824,13.1135,19.6132,19.6039,0.0093,33.1159,9.4017,-9.5039,15263.2117,0.3892,NA,NA
SandFall-Win64-Shipping.exe,19588,0x2EC4BC3AB90,DXGI,0,512,1,Hardware: Independent Flip,15274.4879,0.3784,0.2121,0.1663,21.4505,0.1420,0.1387,0.0033,31.2414,9.9456,1.8745,15274.4879,9.6489,NA,NA
SandFall-Win64-Shipping.exe,19588,0x2EC4BC3AB90,DXGI,0,512,1,Hardware: Independent Flip,15274.8663,22.0177,21.5235,0.4942,21.2141,19.4044,19.3981,0.0063,40.8086,9.4001,-9.5672,15274.8663,0.1901,NA,NA
SandFall-Win64-Shipping.exe,19588,0x2EC4BC3AB90,DXGI,0,512,1,Hardware: Independent Flip,15296.8840,0.5101,0.3102,0.1999,18.6008,0.1429,0.1408,0.0021,28.1910,11.0341,12.6176,15296.8840,9.4473,NA,NA
SandFall-Win64-Shipping.exe,19588,0x2EC4BC3AB90,DXGI,0,512,1,Hardware: Independent Flip,15297.3941,27.2689,26.9173,0.3516,18.2336,20.4805,20.4748,0.0057,38.7150,10.2928,-10.5240,15297.3941,0.0009,NA,NA
SandFall-Win64-Shipping.exe,19588,0x2EC4BC3AB90,DXGI,0,512,1,Hardware: Independent Flip,15324.6630,0.4153,0.1963,0.2190,11.4452,0.1526,0.1497,0.0029,21.7389,9.6595,16.9761,15324.6630,10.1411,NA,NA
SandFall-Win64-Shipping.exe,19588,0x2EC4BC3AB90,DXGI,0,512,1,Hardware: Independent Flip,15325.0783,23.2409,22.7182,0.5227,11.1825,19.7999,19.7936,0.0063,30.9831,10.4391,-9.2442,15325.0783,0.0007,NA,NA
SandFall-Win64-Shipping.exe,19588,0x2EC4BC3AB90,DXGI,0,512,1,Hardware: Independent Flip,15348.3192,0.5643,0.2584,0.3059,7.7415,0.1344,0.1344,0.0000,18.1813,10.1371,12.8018,15348.3192,10.3054,NA,NA
SandFall-Win64-Shipping.exe,19588,0x2EC4BC3AB90,DXGI,0,512,1,Hardware: Independent Flip,15348.8835,13.1533,12.8407,0.3126,7.3116,20.4421,20.4329,0.0092,27.7541,10.3824,-9.5728,15348.8835,0.0004,NA,NA
SandFall-Win64-Shipping.exe,19588,0x2EC4BC3AB90,DXGI,0,512,1,Hardware: Independent Flip,15362.0368,0.4121,0.1823,0.2298,14.6004,0.1322,0.1305,0.0017,24.9832,9.3332,2.7709,15362.0368,10.2506,NA,NA
SandFall-Win64-Shipping.exe,19588,0x2EC4BC3AB90,DXGI,0,512,1,Hardware: Independent Flip,15362.4489,21.2409,20.9516,0.2893,14.3205,19.5764,19.5679,0.0085,33.9043,9.8435,-8.9211,15362.4489,0.0074,NA,NA
SandFall-Win64-Shipping.exe,19588,0x2EC4BC3AB90,DXGI,0,512,1,Hardware: Independent Flip,15383.6898,0.3989,0.2273,0.1716,12.6560,0.2251,0.2251,0.0000,22.5069,10.1150,11.3974,15383.6898,9.6258,NA,NA
SandFall-Win64-Shipping.exe,19588,0x2EC4BC3AB90,DXGI,0,512,1,Hardware: Independent Flip,15384.0887,20.5977,20.3437,0.2540,12.4822,19.4933,19.4824,0.0109,32.2230,9.5653,-9.7161,15384.0887,0.2475,NA,NA
SandFall-Win64-Shipping.exe,19588,0x2EC4BC3AB90,DXGI,0,512,1,Hardware: Independent Flip,15404.6864,0.3196,0.1587,0.1609,11.3778,0.0931,0.0915,0.0016,21.1906,10.5827,11.0324,15404.6864,9.7197,NA,NA
SandFall-Win64-Shipping.exe,19588,0x2EC4BC3AB90,DXGI,0,512,1,Hardware: Independent Flip,15405.0060,20.5730,20.3275,0.2455,11.1513,20.3009,19.9189,0.3820,31.4537,10.0367,-10.2631,15405.0060,0.0015,NA,NA
SandFall-Win64-Shipping.exe,19588,0x2EC4BC3AB90,DXGI,0,512,1,Hardware: Independent Flip,15425.5790,0.3483,0.1767,0.1716,10.8792,0.0880,0.0861,0.0019,20.9174,9.6442,10.5363,15425.5790,9.9502,NA,NA
SandFall-Win64-Shipping.exe,19588,0x2EC4BC3AB90,DXGI,0,512,1,Hardware: Independent Flip,15425.9273,19.9038,19.6340,0.2698,10.6189,19.5935,18.6521,0.9414,30.2133,10.0574,-9.2959,15425.9273,0.0009,NA,NA
SandFall-Win64-Shipping.exe,19588,0x2EC4BC3AB90,DXGI,0,512,1,Hardware: Independent Flip,15445.8311,0.3151,0.1599,0.1552,10.3086,0.0821,0.0763,0.0058,20.3669,12.0378,9.8464,15445.8311,9.9762,NA,NA
SandFall-Win64-Shipping.exe,19588,0x2EC4BC3AB90,DXGI,0,512,1,Hardware: Independent Flip,15446.1462,21.3222,21.0789,0.2433,10.0756,22.0121,19.1753,2.8368,32.0896,11.0117,-11.7227,15446.1462,0.0019,NA,NA
SandFall-Win64-Shipping.exe,19588,0x2EC4BC3AB90,DXGI,0,512,1,Hardware: Independent Flip,15467.4684,0.3063,0.1512,0.1551,10.7655,0.0823,0.0801,0.0022,21.7791,8.3757,10.3105,15467.4684,10.9313,NA,NA
SandFall-Win64-Shipping.exe,19588,0x2EC4BC3AB90,DXGI,0,512,1,Hardware: Independent Flip,15467.7747,19.2115,18.9239,0.2876,10.5415,19.3056,19.1233,0.1823,29.8485,10.1622,-8.0694,15467.7747,0.0014,NA,NA
SandFall-Win64-Shipping.exe,19588,0x2EC4BC3AB90,DXGI,0,512,1,Hardware: Independent Flip,15486.9862,0.3377,0.1756,0.1621,10.6356,0.0777,0.0722,0.0055,20.7992,12.8148,9.0493,15486.9862,10.0859,NA,NA
SandFall-Win64-Shipping.exe,19588,0x2EC4BC3AB90,DXGI,0,512,1,Hardware: Independent Flip,15487.3239,21.8789,21.6158,0.2631,10.3756,22.4974,19.9050,2.5924,33.2763,10.8831,-12.4771,15487.3239,0.4033,NA,NA
SandFall-Win64-Shipping.exe,19588,0x2EC4BC3AB90,DXGI,0,512,1,Hardware: Independent Flip,15509.2028,0.3391,0.1599,0.1792,10.9941,0.1689,0.1667,0.0022,22.2805,9.8653,10.9958,15509.2028,11.1175,NA,NA
SandFall-Win64-Shipping.exe,19588,0x2EC4BC3AB90,DXGI,0,512,1,Hardware: Independent Flip,15509.5419,24.9243,24.5800,0.3443,10.8239,20.9822,19.6446,1.3376,31.8067,10.9200,-9.5262,15509.5419,0.0006,NA,NA
SandFall-Win64-Shipping.exe,19588,0x2EC4BC3AB90,DXGI,0,512,1,Hardware: Independent Flip,15534.4662,0.5333,0.2383,0.2950,6.8818,0.2234,0.2216,0.0018,17.8024,8.4772,14.0043,15534.4662,10.6972,NA,NA
SandFall-Win64-Shipping.exe,19588,0x2EC4BC3AB90,DXGI,0,512,1,Hardware: Independent Flip,15534.9995,14.1607,13.8605,0.3002,6.5719,19.1736,19.1488,0.0248,25.7463,9.7184,-7.9439,15534.9995,0.0008,NA,NA
SandFall-Win64-Shipping.exe,19588,0x2EC4BC3AB90,DXGI,0,512,1,Hardware: Independent Flip,15549.1602,0.3629,0.1982,0.1647,11.5848,0.1333,0.1305,0.0028,21.3040,10.6968,4.4423,15549.1602,9.5859,NA,NA
SandFall-Win64-Shipping.exe,19588,0x2EC4BC3AB90,DXGI,0,512,1,Hardware: Independent Flip,15549.5231,19.6920,19.3618,0.3302,11.3552,19.7103,19.6973,0.0130,31.6379,9.3287,-10.3339,15549.5231,0.5724,NA,NA
SandFall-Win64-Shipping.exe,19588,0x2EC4BC3AB90,DXGI,0,512,1,Hardware: Independent Flip,15569.2151,0.3243,0.1643,0.1600,11.3735,0.1187,0.1172,0.0015,21.2746,9.7597,10.3633,15569.2151,9.7824,NA,NA
SandFall-Win64-Shipping.exe,19588,0x2EC4BC3AB90,DXGI,0,512,1,Hardware: Independent Flip,15569.5394,18.1753,17.9200,0.2553,11.1679,19.5413,19.5322,0.0091,30.7100,9.5921,-9.4354,15569.5394,0.0008,NA,NA
SandFall-Win64-Shipping.exe,19588,0x2EC4BC3AB90,DXGI,0,512,1,Hardware: Independent Flip,15587.7147,0.3822,0.2027,0.1795,12.5339,0.0942,0.0924,0.0018,22.1268,10.8576,8.5832,15587.7147,9.4987,NA,NA
SandFall-Win64-Shipping.exe,19588,0x2EC4BC3AB90,DXGI,0,512,1,Hardware: Independent Flip,15588.0969,19.5647,19.2843,0.2804,12.2459,20.3552,20.3447,0.0105,32.6022,10.3990,-10.4754,15588.0969,0.0011,NA,NA
SandFall-Win64-Shipping.exe,19588,0x2EC4BC3AB90,DXGI,0,512,1,Hardware: Independent Flip,15607.6616,0.3137,0.1593,0.1544,13.0364,0.1359,0.1344,0.0015,23.4365,9.3987,9.1657,15607.6616,10.2642,NA,NA
SandFall-Win64-Shipping.exe,19588,0x2EC4BC3AB90,DXGI,0,512,1,Hardware: Independent Flip,15607.9753,19.8875,19.6165,0.2710,12.8586,19.6624,19.6531,0.0093,32.5215,10.2256,-9.0850,15607.9753,0.0005,NA,NA
SandFall-Win64-Shipping.exe,19588,0x2EC4BC3AB90,DXGI,0,512,1,Hardware: Independent Flip,15627.8628,0.4656,0.2649,0.2007,12.6335,0.1014,0.0998,0.0016,22.8596,10.0229,9.6619,15627.8628,10.1247,NA,NA
SandFall-Win64-Shipping.exe,19588,0x2EC4BC3AB90,DXGI,0,512,1,Hardware: Independent Flip,15628.3284,18.0252,17.7772,0.2480,12.2693,20.1159,20.1021,0.0138,32.4169,10.0976,-9.5573,15628.3284,0.0317,NA,NA
SandFall-Win64-Shipping.exe,19588,0x2EC4BC3AB90,DXGI,0,512,1,Hardware: Independent Flip,15646.3536,0.3806,0.1958,0.1848,14.3600,0.1340,0.1340,0.0000,24.4893,10.0655,7.9276,15646.3536,9.9953,NA,NA
SandFall-Win64-Shipping.exe,19588,0x2EC4BC3AB90,DXGI,0,512,1,Hardware: Independent Flip,15646.7342,22.8241,22.5641,0.2600,14.1134,19.9849,19.9772,0.0077,34.1742,9.9350,-9.6849,15646.7342,0.0759,NA,NA
SandFall-Win64-Shipping.exe,19588,0x2EC4BC3AB90,DXGI,0,512,1,Hardware: Independent Flip,15669.5583,0.4113,0.1636,0.2477,11.2742,0.1580,0.1551,0.0029,21.2851,10.0397,12.8891,15669.5583,9.8529,NA,NA
SandFall-Win64-Shipping.exe,19588,0x2EC4BC3AB90,DXGI,0,512,1,Hardware: Independent Flip,15669.9696,18.7340,18.4012,0.3328,11.0209,19.8557,19.8424,0.0133,30.9135,9.9378,-9.6284,15669.9696,0.0369,NA,NA
SandFall-Win64-Shipping.exe,19588,0x2EC4BC3AB90,DXGI,0,512,1,Hardware: Independent Flip,15688.7036,0.3516,0.1876,0.1640,12.1426,0.1940,0.1922,0.0018,22.1173,9.8231,8.7962,15688.7036,9.7807,NA,NA
SandFall-Win64-Shipping.exe,19588,0x2EC4BC3AB90,DXGI,0,512,1,Hardware: Independent Flip,15689.0552,19.3196,19.0293,0.2903,11.9850,19.6029,19.5920,0.0109,31.5888,9.8789,-9.4715,15689.0552,0.0009,NA,NA
SandFall-Win64-Shipping.exe,19588,0x2EC4BC3AB90,DXGI,0,512,1,Hardware: Independent Flip,15708.3748,0.3329,0.1572,0.1757,12.2683,0.1262,0.1244,0.0018,22.1481,9.9824,9.4407,15708.3748,9.7536,NA,NA
SandFall-Win64-Shipping.exe,19588,0x2EC4BC3AB90,DXGI,0,512,1,Hardware: Independent Flip,15708.7077,20.7280,20.4346,0.2934,12.0616,19.7343,19.7247,0.0096,31.7976,9.8565,-9.6495,15708.7077,0.0017,NA,NA
SandFall-Win64-Shipping.exe,19588,0x2EC4BC3AB90,DXGI,0,512,1,Hardware: Independent Flip,15729.4357,0.4026,0.2214,0.1812,11.0679,0.0722,0.0705,0.0017,20.9261,11.9937,10.8715,15729.4357,9.7860,NA,NA
SandFall-Win64-Shipping.exe,19588,0x2EC4BC3AB90,DXGI,0,512,1,Hardware: Independent Flip,15729.8383,20.9243,20.6441,0.2802,10.7375,21.7786,20.2069,1.5717,32.5172,10.9746,-11.5911,15729.8383,0.0011,NA,NA
SandFall-Win64-Shipping.exe,19588,0x2EC4BC3AB90,DXGI,0,512,1,Hardware: Independent Flip,15750.7626,0.3364,0.1688,0.1676,11.5918,0.1429,0.1429,0.0000,22.5675,9.0796,9.9497,15750.7626,10.8328,NA,NA
SandFall-Win64-Shipping.exe,19588,0x2EC4BC3AB90,DXGI,0,512,1,Hardware: Independent Flip,15751.0990,17.4685,17.2149,0.2536,11.3983,19.9119,19.8998,0.0121,31.3107,10.5821,-8.7432,15751.0990,0.0005,NA,NA
SandFall-Win64-Shipping.exe,19588,0x2EC4BC3AB90,DXGI,0,512,1,Hardware: Independent Flip,15768.5675,0.3279,0.1588,0.1691,13.8417,0.1266,0.1249,0.0017,24.4243,9.5896,6.8864,15768.5675,10.4560,NA,NA
SandFall-Win64-Shipping.exe,19588,0x2EC4BC3AB90,DXGI,0,512,1,Hardware: Independent Flip,15768.8954,20.7024,20.4454,0.2570,13.6404,19.8692,19.8615,0.0077,33.6860,9.8140,-9.2617,15768.8954,0.1764,NA,NA
SandFall-Win64-Shipping.exe,19588,0x2EC4BC3AB90,DXGI,0,512,1,Hardware: Independent Flip,15789.5978,0.4098,0.1607,0.2491,12.8072,0.1296,0.1269,0.0027,22.7976,10.4950,10.8884,15789.5978,9.8608,NA,NA
SandFall-Win64-Shipping.exe,19588,0x2EC4BC3AB90,DXGI,0,512,1,Hardware: Independent Flip,15790.0076,18.3916,18.1480,0.2436,12.5270,20.0567,20.0529,0.0038,32.8828,9.6810,-10.0852,15790.0076,0.2991,NA,NA
SandFall-Win64-Shipping.exe,19588,0x2EC4BC3AB90,DXGI,0,512,1,Hardware: Independent Flip,15808.3992,0.3263,0.1560,0.1703,14.1921,0.1303,0.1303,0.0000,24.1722,9.9461,8.7106,15808.3992,9.8498,NA,NA
SandFall-Win64-Shipping.exe,19588,0x2EC4BC3AB90,DXGI,0,512,1,Hardware: Independent Flip,15808.7255,19.6215,19.3731,0.2484,13.9961,19.7950,19.7878,0.0072,33.7920,9.8192,-9.6198,15808.7255,0.0009,NA,NA
SandFall-Win64-Shipping.exe,19588,0x2EC4BC3AB90,DXGI,0,512,1,Hardware: Independent Flip,15828.3470,0.3117,0.1604,0.1513,14.1696,0.0987,0.0970,0.0017,23.9897,9.9201,9.8023,15828.3470,9.7214,NA,NA
SandFall-Win64-Shipping.exe,19588,0x2EC4BC3AB90,DXGI,0,512,1,Hardware: Independent Flip,15828.6587,20.0237,19.7567,0.2670,13.9566,19.6402,19.6321,0.0081,33.5981,9.9996,-9.6084,15828.6587,0.0013,NA,NA
SandFall-Win64-Shipping.exe,19588,0x2EC4BC3AB90,DXGI,0,512,1,Hardware: Independent Flip,15848.6824,0.3308,0.1603,0.1705,13.5731,0.1287,0.1269,0.0018,23.5740,9.8573,10.0241,15848.6824,9.8722,NA,NA
SandFall-Win64-Shipping.exe,19588,0x2EC4BC3AB90,DXGI,0,512,1,Hardware: Independent Flip,15849.0132,20.6063,20.3355,0.2708,13.3710,19.7286,19.7149,0.0137,33.1005,10.0132,-9.5265,15849.0132,0.0009,NA,NA
SandFall-Win64-Shipping.exe,19588,0x2EC4BC3AB90,DXGI,0,512,1,Hardware: Independent Flip,15869.6195,0.3259,0.1588,0.1671,12.4933,0.1911,0.1911,0.0000,22.5074,10.4496,10.5931,15869.6195,9.8230,NA,NA
SandFall-Win64-Shipping.exe,19588,0x2EC4BC3AB90,DXGI,0,512,1,Hardware: Independent Flip,15869.9454,21.6517,21.4021,0.2496,12.3585,20.2722,19.9407,0.3315,32.6311,10.2600,-10.1237,15869.9454,0.0004,NA,NA
SandFall-Win64-Shipping.exe,19588,0x2EC4BC3AB90,DXGI,0,512,1,Hardware: Independent Flip,15891.5971,0.3407,0.1777,0.1630,10.9790,0.1959,0.1959,0.0000,21.2394,10.3341,11.3917,15891.5971,10.0645,NA,NA
SandFall-Win64-Shipping.exe,19588,0x2EC4BC3AB90,DXGI,0,512,1,Hardware: Independent Flip,15891.9378,19.0442,18.7684,0.2758,10.8342,20.3978,20.3890,0.0088,31.2328,10.4353,-9.9934,15891.9378,0.0008,NA,NA
SandFall-Win64-Shipping.exe,19588,0x2EC4BC3AB90,DXGI,0,512,1,Hardware: Independent Flip,15910.9820,0.3135,0.1624,0.1511,12.1878,0.1935,0.1935,0.0000,22.6239,10.1569,8.6089,15910.9820,10.2426,NA,NA
SandFall-Win64-Shipping.exe,19588,0x2EC4BC3AB90,DXGI,0,512,1,Hardware: Independent Flip,15911.2955,20.0654,19.8233,0.2421,12.0678,20.3983,20.3892,0.0091,32.4673,10.3692,-9.8434,15911.2955,0.0012,NA,NA
SandFall-Win64-Shipping.exe,19588,0x2EC4BC3AB90,DXGI,0,512,1,Hardware: Independent Flip,15931.3609,0.3025,0.1517,0.1508,12.4007,0.1121,0.1095,0.0026,22.7711,9.8901,9.6962,15931.3609,10.2583,NA,NA
SandFall-Win64-Shipping.exe,19588,0x2EC4BC3AB90,DXGI,0,512,1,Hardware: Independent Flip,15931.6634,20.2449,19.9987,0.2462,12.2103,20.1481,20.1401,0.0080,32.3587,10.1328,-9.5876,15931.6634,0.0003,NA,NA
SandFall-Win64-Shipping.exe,19588,0x2EC4BC3AB90,DXGI,0,512,1,Hardware: Independent Flip,15951.9083,0.3302,0.1570,0.1732,12.1135,0.1362,0.1336,0.0026,22.2466,10.0735,10.1121,15951.9083,9.9969,NA,NA
SandFall-Win64-Shipping.exe,19588,0x2EC4BC3AB90,DXGI,0,512,1,Hardware: Independent Flip,15952.2385,19.2639,19.0108,0.2531,11.9195,19.9674,19.9555,0.0119,31.9899,9.9451,-9.7433,15952.2385,0.1030,NA,NA
SandFall-Win64-Shipping.exe,19588,0x2EC4BC3AB90,DXGI,0,512,1,Hardware: Independent Flip,15971.5024,0.3180,0.1613,0.1567,12.6230,0.2000,0.1977,0.0023,22.6711,10.2509,9.3188,15971.5024,9.8481,NA,NA
SandFall-Win64-Shipping.exe,19588,0x2EC4BC3AB90,DXGI,0,512,1,Hardware: Independent Flip,15971.8204,20.3543,20.1092,0.2451,12.5050,20.0534,20.0400,0.0134,32.6040,9.9428,-9.9329,15971.8204,0.0456,NA,NA
SandFall-Win64-Shipping.exe,19588,0x2EC4BC3AB90,DXGI,0,512,1,Hardware: Independent Flip,15992.1747,0.3018,0.1520,0.1498,12.2041,0.0802,0.0779,0.0023,22.1925,10.1303,10.4115,15992.1747,9.9082,NA,NA
SandFall-Win64-Shipping.exe,19588,0x2EC4BC3AB90,DXGI,0,512,1,Hardware: Independent Flip,15992.4765,20.7225,20.4754,0.2471,11.9825,20.0382,20.0204,0.0178,32.0210,10.0662,-9.8285,15992.4765,0.0003,NA,NA
SandFall-Win64-Shipping.exe,19588,0x2EC4BC3AB90,DXGI,0,512,1,Hardware: Independent Flip,16013.1990,0.3087,0.1554,0.1533,11.2982,0.0933,0.0910,0.0023,21.3647,10.0043,10.6563,16013.1990,9.9732,NA,NA
SandFall-Win64-Shipping.exe,19588,0x2EC4BC3AB90,DXGI,0,512,1,Hardware: Independent Flip,16013.5077,19.5184,19.2608,0.2576,11.0828,19.9769,19.8691,0.1078,31.0603,10.0661,-9.6956,16013.5077,0.0006,NA,NA
SandFall-Win64-Shipping.exe,19588,0x2EC4BC3AB90,DXGI,0,512,1,Hardware: Independent Flip,16033.0261,0.3228,0.1582,0.1646,11.5413,0.0771,0.0747,0.0024,21.6080,15.4062,9.4523,16033.0261,9.9896,NA,NA
SandFall-Win64-Shipping.exe,19588,0x2EC4BC3AB90,DXGI,0,512,1,Hardware: Independent Flip,16033.3489,23.1401,22.8764,0.2637,11.2956,25.3948,23.0457,2.3491,36.6914,12.7713,-15.0834,16033.3489,0.0010,NA,NA
SandFall-Win64-Shipping.exe,19588,0x2EC4BC3AB90,DXGI,0,512,1,Hardware: Independent Flip,16056.4890,0.3233,0.1620,0.1613,13.5503,0.1355,0.1338,0.0017,26.3226,7.4905,10.3688,16056.4890,12.6368,NA,NA
SandFall-Win64-Shipping.exe,19588,0x2EC4BC3AB90,DXGI,0,512,1,Hardware: Independent Flip,16056.8123,17.9286,17.6758,0.2528,13.3625,20.1264,20.1183,0.0081,33.4898,10.8959,-7.1672,16056.8123,0.0009,NA,NA
SandFall-Win64-Shipping.exe,19588,0x2EC4BC3AB90,DXGI,0,512,1,Hardware: Independent Flip,16074.7409,0.3844,0.2100,0.1744,15.5603,0.1358,0.1358,0.0000,26.4571,9.2748,7.0327,16074.7409,10.7610,NA,NA
SandFall-Win64-Shipping.exe,19588,0x2EC4BC3AB90,DXGI,0,512,1,Hardware: Independent Flip,16075.1253,20.2506,19.9880,0.2626,15.3117,20.0349,20.0245,0.0104,35.3475,10.5500,-8.8904,16075.1253,0.0009,NA,NA
SandFall-Win64-Shipping.exe,19588,0x2EC4BC3AB90,DXGI,0,512,1,Hardware: Independent Flip,16095.3759,0.3784,0.1946,0.1838,15.0960,0.0915,0.0892,0.0023,25.6469,9.9169,9.7006,16095.3759,10.4594,NA,NA
SandFall-Win64-Shipping.exe,19588,0x2EC4BC3AB90,DXGI,0,512,1,Hardware: Independent Flip,16095.7543,21.0231,20.7708,0.2523,14.8091,20.2406,20.2283,0.0123,35.1854,9.9894,-9.5385,16095.7543,0.1357,NA,NA
SandFall-Win64-Shipping.exe,19588,0x2EC4BC3AB90,DXGI,0,512,1,Hardware: Independent Flip,16116.7774,0.4056,0.2139,0.1917,14.0266,0.1145,0.1126,0.0019,24.1517,10.7214,11.0337,16116.7774,10.0106,NA,NA
SandFall-Win64-Shipping.exe,19588,0x2EC4BC3AB90,DXGI,0,512,1,Hardware: Independent Flip,16117.1830,23.1529,22.8800,0.2729,13.7355,20.5175,20.5106,0.0069,34.4675,10.0317,-10.3158,16117.1830,0.2145,NA,NA
SandFall-Win64-Shipping.exe,19588,0x2EC4BC3AB90,DXGI,0,512,1,Hardware: Independent Flip,16140.3359,0.3514,0.1875,0.1639,11.1001,0.1220,0.1220,0.0000,21.3463,9.8257,13.1212,16140.3359,10.1242,NA,NA
SandFall-Win64-Shipping.exe,19588,0x2EC4BC3AB90,DXGI,0,512,1,Hardware: Independent Flip,16140.6873,17.5071,17.1593,0.3478,10.8707,19.9477,19.9349,0.0128,30.8206,10.0453,-9.4743,16140.6873,0.0022,NA,NA
SandFall-Win64-Shipping.exe,19588,0x2EC4BC3AB90,DXGI,0,512,1,Hardware: Independent Flip,16158.1944,0.3428,0.1719,0.1709,13.3113,0.1161,0.1139,0.0022,23.3588,13.6754,7.4618,16158.1944,9.9314,NA,NA
SandFall-Win64-Shipping.exe,19588,0x2EC4BC3AB90,DXGI,0,512,1,Hardware: Independent Flip,16158.5372,22.7606,22.5154,0.2452,13.0846,23.6058,22.8237,0.7821,36.6914,11.7948,-13.3326,16158.5372,0.0010,NA,NA
SandFall-Win64-Shipping.exe,19588,0x2EC4BC3AB90,DXGI,0,512,1,Hardware: Independent Flip,16181.2978,0.3176,0.1593,0.1583,13.9298,0.2208,0.2189,0.0019,25.7256,8.3100,10.9658,16181.2978,11.5750,NA,NA
SandFall-Win64-Shipping.exe,19588,0x2EC4BC3AB90,DXGI,0,512,1,Hardware: Independent Flip,16181.6154,19.4088,19.1633,0.2455,13.8330,19.8843,19.8810,0.0033,33.7180,10.7584,-7.9924,16181.6154,0.0007,NA,NA
SandFall-Win64-Shipping.exe,19588,0x2EC4BC3AB90,DXGI,0,512,1,Hardware: Independent Flip,16201.0242,0.3152,0.1577,0.1575,14.3085,0.0956,0.0934,0.0022,25.0676,10.2613,8.6504,16201.0242,10.6635,NA,NA
SandFall-Win64-Shipping.exe,19588,0x2EC4BC3AB90,DXGI,0,512,1,Hardware: Independent Flip,16201.3394,20.3531,20.0999,0.2532,14.0889,20.6553,20.6508,0.0045,35.0137,10.0986,-9.9461,16201.3394,0.2695,NA,NA
SandFall-Win64-Shipping.exe,19588,0x2EC4BC3AB90,DXGI,0,512,1,Hardware: Independent Flip,16221.6925,0.3247,0.1674,0.1573,14.3911,0.1196,0.1172,0.0024,24.7592,9.7864,10.2545,16221.6925,10.2485,NA,NA
SandFall-Win64-Shipping.exe,19588,0x2EC4BC3AB90,DXGI,0,512,1,Hardware: Independent Flip,16222.0172,18.6843,18.4325,0.2518,14.1860,19.8256,19.8158,0.0098,34.2209,9.6278,-9.4617,16222.0172,0.2093,NA,NA
SandFall-Win64-Shipping.exe,19588,0x2EC4BC3AB90,DXGI,0,512,1,Hardware: Independent Flip,16240.7015,0.3713,0.2027,0.1686,15.3273,0.1416,0.1399,0.0017,25.1644,9.8340,9.0565,16240.7015,9.6955,NA,NA
SandFall-Win64-Shipping.exe,19588,0x2EC4BC3AB90,DXGI,0,512,1,Hardware: Independent Flip,16241.0728,21.9608,21.7030,0.2578,15.0976,19.3886,19.3747,0.0139,34.6271,9.5331,-9.4627,16241.0728,0.1409,NA,NA
SandFall-Win64-Shipping.exe,19588,0x2EC4BC3AB90,DXGI,0,512,1,Hardware: Independent Flip,16263.0336,0.3113,0.1563,0.1550,12.5254,0.1588,0.1568,0.0020,22.1994,10.3184,12.4277,16263.0336,9.5152,NA,NA
SandFall-Win64-Shipping.exe,19588,0x2EC4BC3AB90,DXGI,0,512,1,Hardware: Independent Flip,16263.3449,20.6935,20.4405,0.2530,12.3729,19.8330,19.8240,0.0090,32.2065,9.9218,-10.0071,16263.3449,0.0006,NA,NA
SandFall-Win64-Shipping.exe,19588,0x2EC4BC3AB90,DXGI,0,512,1,Hardware: Independent Flip,16284.0384,0.3106,0.1580,0.1526,11.5124,0.1190,0.1168,0.0022,21.4348,10.8230,10.7717,16284.0384,9.8034,NA,NA
SandFall-Win64-Shipping.exe,19588,0x2EC4BC3AB90,DXGI,0,512,1,Hardware: Independent Flip,16284.3490,20.4242,20.1841,0.2401,11.3208,20.6260,19.6145,1.0115,31.9472,10.5301,-10.5124,16284.3490,0.0004,NA,NA
SandFall-Win64-Shipping.exe,19588,0x2EC4BC3AB90,DXGI,0,512,1,Hardware: Independent Flip,16304.7732,0.3170,0.1599,0.1571,11.5226,0.1034,0.1007,0.0027,22.0531,10.9948,9.8941,16304.7732,10.4271,NA,NA
SandFall-Win64-Shipping.exe,19588,0x2EC4BC3AB90,DXGI,0,512,1,Hardware: Independent Flip,16305.0902,21.0751,20.8309,0.2442,11.3090,21.4210,20.2083,1.2127,32.7309,11.0455,-10.6778,16305.0902,0.0009,NA,NA
SandFall-Win64-Shipping.exe,19588,0x2EC4BC3AB90,DXGI,0,512,1,Hardware: Independent Flip,16326.1653,0.3204,0.1595,0.1609,11.6549,0.1910,0.1894,0.0016,22.7013,9.4922,10.0296,16326.1653,10.8554,NA,NA
SandFall-Win64-Shipping.exe,19588,0x2EC4BC3AB90,DXGI,0,512,1,Hardware: Independent Flip,16326.4857,20.4206,20.1610,0.2596,11.5255,20.3465,19.8478,0.4987,31.8731,10.5234,-9.1718,16326.4857,0.0011,NA,NA
SandFall-Win64-Shipping.exe,19588,0x2EC4BC3AB90,DXGI,0,512,1,Hardware: Independent Flip,16346.9063,0.3716,0.2093,0.1623,11.4514,0.1896,0.1878,0.0018,21.9759,10.7879,9.8972,16346.9063,10.3349,NA,NA
SandFall-Win64-Shipping.exe,19588,0x2EC4BC3AB90,DXGI,0,512,1,Hardware: Independent Flip,16347.2779,20.7157,20.4679,0.2478,11.2694,20.8802,20.1861,0.6941,32.3922,10.2907,-10.4163,16347.2779,0.2426,NA,NA
SandFall-Win64-Shipping.exe,19588,0x2EC4BC3AB90,DXGI,0,512,1,Hardware: Independent Flip,16367.9936,0.3187,0.1607,0.1580,11.4339,0.0940,0.0940,0.0000,21.9672,10.4897,10.4250,16367.9936,10.4393,NA,NA
SandFall-Win64-Shipping.exe,19588,0x2EC4BC3AB90,DXGI,0,512,1,Hardware: Independent Flip,16368.3123,21.5930,21.3437,0.2493,11.2092,20.9189,19.7346,1.1843,32.1382,10.3712,-10.1710,16368.3123,0.0101,NA,NA
SandFall-Win64-Shipping.exe,19588,0x2EC4BC3AB90,DXGI,0,512,1,Hardware: Independent Flip,16389.9053,0.3461,0.1647,0.1814,10.5351,0.1153,0.1129,0.0024,20.9164,11.1647,11.2218,16389.9053,10.2660,NA,NA
SandFall-Win64-Shipping.exe,19588,0x2EC4BC3AB90,DXGI,0,512,1,Hardware: Independent Flip,16390.2514,22.9421,22.6410,0.3011,10.3043,21.4296,20.0764,1.3532,31.7350,10.7469,-10.8186,16390.2514,0.0011,NA,NA
SandFall-Win64-Shipping.exe,19588,0x2EC4BC3AB90,DXGI,0,512,1,Hardware: Independent Flip,16413.1935,0.3446,0.1750,0.1696,8.7918,0.2069,0.2043,0.0026,19.5398,9.5970,12.1952,16413.1935,10.5411,NA,NA
SandFall-Win64-Shipping.exe,19588,0x2EC4BC3AB90,DXGI,0,512,1,Hardware: Independent Flip,16413.5381,16.4353,16.1435,0.2918,8.6541,20.1372,20.1271,0.0101,28.7922,10.4262,-9.2524,16413.5381,0.0009,NA,NA
SandFall-Win64-Shipping.exe,19588,0x2EC4BC3AB90,DXGI,0,512,1,Hardware: Independent Flip,16429.9734,0.3389,0.1591,0.1798,12.3560,0.1379,0.1379,0.0000,22.7831,9.8767,6.0091,16429.9734,10.2892,NA,NA
SandFall-Win64-Shipping.exe,19588,0x2EC4BC3AB90,DXGI,0,512,1,Hardware: Independent Flip,16430.3123,18.7290,18.4608,0.2682,12.1550,20.0055,19.9956,0.0099,32.3209,9.9280,-9.5378,16430.3123,0.1604,NA,NA
SandFall-Win64-Shipping.exe,19588,0x2EC4BC3AB90,DXGI,0,512,1,Hardware: Independent Flip,16449.0413,0.3299,0.1715,0.1584,13.4315,0.1677,0.1661,0.0016,23.5199,9.8775,8.8010,16449.0413,9.9207,NA,NA
SandFall-Win64-Shipping.exe,19588,0x2EC4BC3AB90,DXGI,0,512,1,Hardware: Independent Flip,16449.3712,21.7084,21.4399,0.2685,13.2693,19.6166,19.6055,0.0111,33.0675,9.6463,-9.5476,16449.3712,0.1816,NA,NA
SandFall-Win64-Shipping.exe,19588,0x2EC4BC3AB90,DXGI,0,512,1,Hardware: Independent Flip,16471.0796,0.3271,0.1560,0.1711,11.1775,0.1886,0.1859,0.0027,21.0054,10.3205,12.0621,16471.0796,9.6393,NA,NA
SandFall-Win64-Shipping.exe,19588,0x2EC4BC3AB90,DXGI,0,512,1,Hardware: Independent Flip,16471.4067,17.9765,17.7079,0.2686,11.0390,19.9063,19.8976,0.0087,30.9988,9.8783,-9.9934,16471.4067,0.0535,NA,NA
SandFall-Win64-Shipping.exe,19588,0x2EC4BC3AB90,DXGI,0,512,1,Hardware: Independent Flip,16489.3832,0.3593,0.1622,0.1971,12.9688,0.1202,0.1202,0.0000,22.9006,9.7891,8.0982,16489.3832,9.8116,NA,NA
SandFall-Win64-Shipping.exe,19588,0x2EC4BC3AB90,DXGI,0,512,1,Hardware: Independent Flip,16489.7425,20.6676,20.4205,0.2471,12.7297,19.6000,19.5917,0.0083,32.3304,9.9287,-9.4298,16489.7425,0.0007,NA,NA
SandFall-Win64-Shipping.exe,19588,0x2EC4BC3AB90,DXGI,0,512,1,Hardware: Independent Flip,16510.4101,0.3163,0.1543,0.1620,11.6621,0.0936,0.0914,0.0022,21.5915,10.2764,10.7389,16510.4101,9.8358,NA,NA
SandFall-Win64-Shipping.exe,19588,0x2EC4BC3AB90,DXGI,0,512,1,Hardware: Independent Flip,16510.7264,19.2245,18.9455,0.2790,11.4394,20.1114,20.1031,0.0083,31.5516,10.1150,-9.9601,16510.7264,0.0008,NA,NA
SandFall-Win64-Shipping.exe,19588,0x2EC4BC3AB90,DXGI,0,512,1,Hardware: Independent Flip,16529.9509,0.3324,0.1601,0.1723,12.3263,0.1056,0.1040,0.0016,22.4421,9.6753,9.1095,16529.9509,10.0102,NA,NA
SandFall-Win64-Shipping.exe,19588,0x2EC4BC3AB90,DXGI,0,512,1,Hardware: Independent Flip,16530.2833,19.4740,19.0998,0.3742,12.0995,19.6844,19.6750,0.0094,31.7850,10.0323,-9.3429,16530.2833,0.0011,NA,NA
SandFall-Win64-Shipping.exe,19588,0x2EC4BC3AB90,DXGI,0,512,1,Hardware: Independent Flip,16549.7573,0.3480,0.1691,0.1789,12.3099,0.1026,0.0982,0.0044,22.3433,9.9613,9.4417,16549.7573,9.9308,NA,NA
SandFall-Win64-Shipping.exe,19588,0x2EC4BC3AB90,DXGI,0,512,1,Hardware: Independent Flip,16550.1053,19.6971,19.4245,0.2726,12.0645,19.8549,19.8379,0.0170,31.9566,9.9349,-9.6133,16550.1053,0.0372,NA,NA
SandFall-Win64-Shipping.exe,19588,0x2EC4BC3AB90,DXGI,0,512,1,Hardware: Independent Flip,16569.8024,0.3374,0.1765,0.1609,12.2223,0.1379,0.1358,0.0021,22.1944,10.9408,9.7622,16569.8024,9.8342,NA,NA
SandFall-Win64-Shipping.exe,19588,0x2EC4BC3AB90,DXGI,0,512,1,Hardware: Independent Flip,16570.1398,20.6028,20.3528,0.2500,12.0228,20.7464,20.7388,0.0076,32.7978,10.3865,-10.6034,16570.1398,0.0286,NA,NA
SandFall-Win64-Shipping.exe,19588,0x2EC4BC3AB90,DXGI,0,512,1,Hardware: Independent Flip,16590.7426,0.3171,0.1602,0.1569,12.1664,0.1261,0.1239,0.0022,22.5815,9.7065,10.2163,16590.7426,10.2890,NA,NA
SandFall-Win64-Shipping.exe,19588,0x2EC4BC3AB90,DXGI,0,512,1,Hardware: Independent Flip,16591.0597,19.0156,18.7738,0.2418,11.9754,19.9945,19.9837,0.0108,31.9709,10.2821,-9.3894,16591.0597,0.0010,NA,NA
SandFall-Win64-Shipping.exe,19588,0x2EC4BC3AB90,DXGI,0,512,1,Hardware: Independent Flip,16610.0753,0.3316,0.1536,0.1780,12.9543,0.1303,0.1303,0.0000,23.2374,12.7119,8.7335,16610.0753,10.1528,NA,NA
SandFall-Win64-Shipping.exe,19588,0x2EC4BC3AB90,DXGI,0,512,1,Hardware: Independent Flip,16610.4069,21.8676,21.6109,0.2567,12.7530,22.8415,22.8388,0.0027,35.6177,11.3895,-12.3803,16610.4069,0.0232,NA,NA
SandFall-Win64-Shipping.exe,19588,0x2EC4BC3AB90,DXGI,0,512,1,Hardware: Independent Flip,16632.2745,0.3157,0.1598,0.1559,13.7269,0.1100,0.1071,0.0029,25.1396,8.8829,10.4781,16632.2745,11.3027,NA,NA
SandFall-Win64-Shipping.exe,19588,0x2EC4BC3AB90,DXGI,0,512,1,Hardware: Independent Flip,16632.5902,18.3317,18.0527,0.2790,13.5212,20.1848,20.1757,0.0091,33.7068,10.6922,-8.5672,16632.5902,0.0008,NA,NA
SandFall-Win64-Shipping.exe,19588,0x2EC4BC3AB90,DXGI,0,512,1,Hardware: Independent Flip,16650.9219,0.3147,0.1614,0.1533,15.3743,0.1070,0.1052,0.0018,26.0673,9.7306,7.6395,16650.9219,10.5860,NA,NA
SandFall-Win64-Shipping.exe,19588,0x2EC4BC3AB90,DXGI,0,512,1,Hardware: Independent Flip,16651.2366,21.0733,20.8225,0.2508,15.1666,19.9844,19.9771,0.0073,35.4832,9.7240,-9.4159,16651.2366,0.3322,NA,NA
SandFall-Win64-Shipping.exe,19588,0x2EC4BC3AB90,DXGI,0,512,1,Hardware: Independent Flip,16672.3099,0.3453,0.1634,0.1819,14.0777,0.1503,0.1483,0.0020,24.1339,9.6701,11.3493,16672.3099,9.9059,NA,NA
SandFall-Win64-Shipping.exe,19588,0x2EC4BC3AB90,DXGI,0,512,1,Hardware: Independent Flip,16672.6552,21.9220,21.6600,0.2620,13.8827,19.2385,19.1949,0.0436,33.4587,9.1665,-9.3248,16672.6552,0.3375,NA,NA
SandFall-Win64-Shipping.exe,19588,0x2EC4BC3AB90,DXGI,0,512,1,Hardware: Independent Flip,16694.5772,0.3565,0.1607,0.1958,11.1992,0.1082,0.1066,0.0016,20.7032,10.4598,12.7555,16694.5772,9.3958,NA,NA
SandFall-Win64-Shipping.exe,19588,0x2EC4BC3AB90,DXGI,0,512,1,Hardware: Independent Flip,16694.9337,17.6768,17.4183,0.2585,10.9509,19.7500,19.7371,0.0129,30.8065,9.6546,-10.1033,16694.9337,0.1056,NA,NA
SandFall-Win64-Shipping.exe,19588,0x2EC4BC3AB90,DXGI,0,512,1,Hardware: Independent Flip,16712.6105,0.3156,0.1591,0.1565,13.0241,0.1440,0.1424,0.0016,22.7843,10.3984,8.0222,16712.6105,9.6162,NA,NA
SandFall-Win64-Shipping.exe,19588,0x2EC4BC3AB90,DXGI,0,512,1,Hardware: Independent Flip,16712.9261,20.9288,20.6769,0.2519,12.8525,20.0130,19.9939,0.0191,32.8671,10.3074,-10.0828,16712.9261,0.0016,NA,NA
SandFall-Win64-Shipping.exe,19588,0x2EC4BC3AB90,DXGI,0,512,1,Hardware: Independent Flip,16733.8549,0.3374,0.1612,0.1762,11.9367,0.0615,0.0615,0.0000,22.2457,10.7986,10.6214,16733.8549,10.2475,NA,NA
SandFall-Win64-Shipping.exe,19588,0x2EC4BC3AB90,DXGI,0,512,1,Hardware: Independent Flip,16734.1923,23.9442,23.6623,0.2819,11.6608,21.0453,19.7761,1.2692,32.7069,10.8949,-10.4612,16734.1923,0.0008,NA,NA
SandFall-Win64-Shipping.exe,19588,0x2EC4BC3AB90,DXGI,0,512,1,Hardware: Independent Flip,16758.1365,0.3579,0.1764,0.1815,8.7619,0.1320,0.1304,0.0016,19.6576,9.1129,13.0493,16758.1365,10.7637,NA,NA
SandFall-Win64-Shipping.exe,19588,0x2EC4BC3AB90,DXGI,0,512,1,Hardware: Independent Flip,16758.4944,16.4020,16.1541,0.2479,8.5360,19.8758,19.8688,0.0070,28.4126,10.3116,-8.7550,16758.4944,0.0008,NA,NA
SandFall-Win64-Shipping.exe,19588,0x2EC4BC3AB90,DXGI,0,512,1,Hardware: Independent Flip,16774.8964,0.3164,0.1593,0.1571,12.0098,0.1394,0.1394,0.0000,22.3222,10.6419,6.0904,16774.8964,10.1730,NA,NA
SandFall-Win64-Shipping.exe,19588,0x2EC4BC3AB90,DXGI,0,512,1,Hardware: Independent Flip,16775.2128,20.2491,19.9774,0.2717,11.8328,20.5508,20.5378,0.0130,32.6477,9.9977,-10.3255,16775.2128,0.2641,NA,NA
SandFall-Win64-Shipping.exe,19588,0x2EC4BC3AB90,DXGI,0,512,1,Hardware: Independent Flip,16795.4619,0.3122,0.1583,0.1539,12.1345,0.0980,0.0963,0.0017,22.3963,10.2112,10.2514,16795.4619,10.1638,NA,NA
SandFall-Win64-Shipping.exe,19588,0x2EC4BC3AB90,DXGI,0,512,1,Hardware: Independent Flip,16795.7741,19.7134,19.4566,0.2568,11.9203,20.3742,20.3662,0.0080,32.2953,10.1250,-9.8990,16795.7741,0.0008,NA,NA
SandFall-Win64-Shipping.exe,19588,0x2EC4BC3AB90,DXGI,0,512,1,Hardware: Independent Flip,16815.4875,0.3325,0.1659,0.1666,12.5811,0.1342,0.1326,0.0016,22.7069,10.0897,9.5884,16815.4875,9.9916,NA,NA
SandFall-Win64-Shipping.exe,19588,0x2EC4BC3AB90,DXGI,0,512,1,Hardware: Independent Flip,16815.8200,20.0070,19.7402,0.2668,12.3828,20.0811,20.0727,0.0084,32.4641,10.1651,-9.7572,16815.8200,0.0002,NA,NA
SandFall-Win64-Shipping.exe,19588,0x2EC4BC3AB90,DXGI,0,512,1,Hardware: Independent Flip,16835.8270,0.3224,0.1584,0.1640,12.4569,0.1587,0.1548,0.0039,22.6222,10.2619,9.8419,16835.8270,10.0066,NA,NA
SandFall-Win64-Shipping.exe,19588,0x2EC4BC3AB90,DXGI,0,512,1,Hardware: Independent Flip,16836.1494,20.9565,20.6231,0.3334,12.2932,20.2680,20.2552,0.0128,32.5617,10.2583,-9.9395,16836.1494,0.0005,NA,NA
SandFall-Win64-Shipping.exe,19588,0x2EC4BC3AB90,DXGI,0,512,1,Hardware: Independent Flip,16857.1059,0.3174,0.1615,0.1559,11.6047,0.1339,0.1319,0.0020,21.8635,10.3304,10.6982,16857.1059,10.1249,NA,NA
SandFall-Win64-Shipping.exe,19588,0x2EC4BC3AB90,DXGI,0,512,1,Hardware: Independent Flip,16857.4233,18.7477,18.5106,0.2371,11.4212,20.4545,20.4408,0.0137,31.8765,10.3545,-10.0130,16857.4233,0.0008,NA,NA
SandFall-Win64-Shipping.exe,19588,0x2EC4BC3AB90,DXGI,0,512,1,Hardware: Independent Flip,16876.1710,0.3512,0.1596,0.1916,13.1280,0.1242,0.1226,0.0016,23.4833,10.1603,8.3932,16876.1710,10.2311,NA,NA
SandFall-Win64-Shipping.exe,19588,0x2EC4BC3AB90,DXGI,0,512,1,Hardware: Independent Flip,16876.5222,21.0020,20.7391,0.2629,12.9010,20.3903,20.3811,0.0092,33.2924,10.3235,-9.8091,16876.5222,0.0011,NA,NA
SandFall-Win64-Shipping.exe,19588,0x2EC4BC3AB90,DXGI,0,512,1,Hardware: Independent Flip,16897.5242,0.3395,0.1797,0.1598,12.2893,0.1336,0.1336,0.0000,22.6139,10.5974,10.6785,16897.5242,10.1910,NA,NA
SandFall-Win64-Shipping.exe,19588,0x2EC4BC3AB90,DXGI,0,512,1,Hardware: Independent Flip,16897.8637,19.9158,19.6695,0.2463,12.0834,20.7872,20.7681,0.0191,32.8718,10.4165,-10.2579,16897.8637,0.0012,NA,NA
SandFall-Win64-Shipping.exe,19588,0x2EC4BC3AB90,DXGI,0,512,1,Hardware: Independent Flip,16917.7795,0.3360,0.1844,0.1516,12.9548,0.1061,0.1040,0.0021,23.3725,9.6818,9.4993,16917.7795,10.3116,NA,NA
SandFall-Win64-Shipping.exe,19588,0x2EC4BC3AB90,DXGI,0,512,1,Hardware: Independent Flip,16918.1155,20.9173,20.6658,0.2515,12.7249,19.9923,19.9814,0.0109,32.7183,10.1458,-9.3458,16918.1155,0.0011,NA,NA
SandFall-Win64-Shipping.exe,19588,0x2EC4BC3AB90,DXGI,0,512,1,Hardware: Independent Flip,16939.0328,0.3244,0.1622,0.1622,11.7999,0.2164,0.2147,0.0017,21.9468,10.7565,10.7715,16939.0328,9.9305,NA,NA
SandFall-Win64-Shipping.exe,19588,0x2EC4BC3AB90,DXGI,0,512,1,Hardware: Independent Flip,16939.3572,18.8768,18.6036,0.2732,11.6919,20.5624,20.5505,0.0119,32.3789,10.2782,-10.4321,16939.3572,0.1246,NA,NA
SandFall-Win64-Shipping.exe,19588,0x2EC4BC3AB90,DXGI,0,512,1,Hardware: Independent Flip,16958.2340,0.3798,0.2189,0.1609,13.3775,0.1385,0.1368,0.0017,23.7803,10.4827,8.5986,16958.2340,10.2643,NA,NA
SandFall-Win64-Shipping.exe,19588,0x2EC4BC3AB90,DXGI,0,512,1,Hardware: Independent Flip,16958.6138,22.4045,22.1578,0.2467,13.1362,20.7462,20.7364,0.0098,33.8832,10.4895,-10.1029,16958.6138,0.0008,NA,NA
SandFall-Win64-Shipping.exe,19588,0x2EC4BC3AB90,DXGI,0,512,1,Hardware: Independent Flip,16981.0183,0.3135,0.1582,0.1553,11.4779,0.1895,0.1895,0.0000,21.9682,9.8294,11.9150,16981.0183,10.3008,NA,NA
SandFall-Win64-Shipping.exe,19588,0x2EC4BC3AB90,DXGI,0,512,1,Hardware: Independent Flip,16981.3318,18.5714,18.3121,0.2593,11.3539,20.1297,20.1198,0.0099,31.4841,10.2940,-9.5159,16981.3318,0.0005,NA,NA
SandFall-Win64-Shipping.exe,19588,0x2EC4BC3AB90,DXGI,0,512,1,Hardware: Independent Flip,16999.9032,0.3146,0.1574,0.1572,12.9122,0.1576,0.1536,0.0040,23.2067,10.4166,8.2774,16999.9032,10.1369,NA,NA
SandFall-Win64-Shipping.exe,19588,0x2EC4BC3AB90,DXGI,0,512,1,Hardware: Independent Flip,17000.2178,20.3133,20.0288,0.2845,12.7552,20.4834,20.4709,0.0125,33.3087,10.1755,-10.1020,17000.2178,0.0701,NA,NA
SandFall-Win64-Shipping.exe,19588,0x2EC4BC3AB90,DXGI,0,512,1,Hardware: Independent Flip,17020.5311,0.3252,0.1665,0.1587,12.9253,0.1160,0.1138,0.0022,23.1709,9.8683,10.1378,17020.5311,10.1296,NA,NA
SandFall-Win64-Shipping.exe,19588,0x2EC4BC3AB90,DXGI,0,512,1,Hardware: Independent Flip,17020.8563,19.3849,19.0667,0.3182,12.7161,19.9935,19.9790,0.0145,32.7140,10.0316,-9.5431,17020.8563,0.0044,NA,NA
SandFall-Win64-Shipping.exe,19588,0x2EC4BC3AB90,DXGI,0,512,1,Hardware: Independent Flip,17040.2412,0.3337,0.1708,0.1629,13.3247,0.1338,0.1323,0.0015,23.3607,10.8189,9.3533,17040.2412,9.9022,NA,NA
SandFall-Win64-Shipping.exe,19588,0x2EC4BC3AB90,DXGI,0,512,1,Hardware: Independent Flip,17040.5749,20.9119,20.6544,0.2575,13.1248,20.6486,20.6376,0.0110,33.8459,10.3049,-10.4852,17040.5749,0.0725,NA,NA
SandFall-Win64-Shipping.exe,19588,0x2EC4BC3AB90,DXGI,0,512,1,Hardware: Independent Flip,17061.4868,0.3684,0.2050,0.1634,12.8615,0.1104,0.1063,0.0041,23.2389,10.0118,10.6070,17061.4868,10.2670,NA,NA
SandFall-Win64-Shipping.exe,19588,0x2EC4BC3AB90,DXGI,0,512,1,Hardware: Independent Flip,17061.8552,20.1176,19.8610,0.2566,12.6035,20.2778,20.2655,0.0123,32.8823,10.3254,-9.6434,17061.8552,0.0010,NA,NA
SandFall-Win64-Shipping.exe,19588,0x2EC4BC3AB90,DXGI,0,512,1,Hardware: Independent Flip,17081.9728,0.4289,0.2479,0.1810,12.7637,0.1386,0.1363,0.0023,23.0901,9.7432,9.7922,17081.9728,10.1878,NA,NA
SandFall-Win64-Shipping.exe,19588,0x2EC4BC3AB90,DXGI,0,512,1,Hardware: Independent Flip,17082.4017,20.4556,20.2105,0.2451,12.4734,19.9300,19.9172,0.0128,32.4044,9.9905,-9.3143,17082.4017,0.0010,NA,NA
SandFall-Win64-Shipping.exe,19588,0x2EC4BC3AB90,DXGI,0,512,1,Hardware: Independent Flip,17102.8573,0.3154,0.1598,0.1556,11.9478,0.0846,0.0830,0.0016,21.9393,12.8151,10.4651,17102.8573,9.9069,NA,NA
SandFall-Win64-Shipping.exe,19588,0x2EC4BC3AB90,DXGI,0,512,1,Hardware: Independent Flip,17103.1727,25.7080,25.4241,0.2839,11.7170,22.6055,20.6367,1.9688,34.4390,11.2457,-12.4997,17103.1727,0.1165,NA,NA
SandFall-Win64-Shipping.exe,19588,0x2EC4BC3AB90,DXGI,0,512,1,Hardware: Independent Flip,17128.8807,0.4285,0.2031,0.2254,8.6145,0.1206,0.1191,0.0015,19.9767,8.9149,14.4623,17128.8807,11.2416,NA,NA
SandFall-Win64-Shipping.exe,19588,0x2EC4BC3AB90,DXGI,0,512,1,Hardware: Independent Flip,17129.3092,17.0718,16.7958,0.2760,8.3066,20.1552,20.1475,0.0077,28.4631,10.7322,-8.4864,17129.3092,0.0013,NA,NA
SandFall-Win64-Shipping.exe,19588,0x2EC4BC3AB90,DXGI,0,512,1,Hardware: Independent Flip,17146.3810,0.3312,0.1670,0.1642,11.3900,0.1962,0.1962,0.0000,22.1235,9.7180,6.3396,17146.3810,10.5373,NA,NA
SandFall-Win64-Shipping.exe,19588,0x2EC4BC3AB90,DXGI,0,512,1,Hardware: Independent Flip,17146.7122,20.1601,19.8913,0.2688,11.2550,20.0210,20.0129,0.0081,31.5103,9.8471,-9.3868,17146.7122,0.2343,NA,NA
SandFall-Win64-Shipping.exe,19588,0x2EC4BC3AB90,DXGI,0,512,1,Hardware: Independent Flip,17166.8723,0.3348,0.1670,0.1678,11.1159,0.0771,0.0721,0.0050,21.1973,11.0302,10.3130,17166.8723,10.0043,NA,NA
SandFall-Win64-Shipping.exe,19588,0x2EC4BC3AB90,DXGI,0,512,1,Hardware: Independent Flip,17167.2071,17.8332,17.5654,0.2678,10.8582,20.7130,20.7033,0.0097,31.8927,9.9135,-10.6954,17167.2071,0.3215,NA,NA
SandFall-Win64-Shipping.exe,19588,0x2EC4BC3AB90,DXGI,0,512,1,Hardware: Independent Flip,17185.0403,0.3443,0.1785,0.1658,13.7380,0.0939,0.0923,0.0016,23.9730,9.9822,7.9197,17185.0403,10.1411,NA,NA
SandFall-Win64-Shipping.exe,19588,0x2EC4BC3AB90,DXGI,0,512,1,Hardware: Independent Flip,17185.3846,20.0960,19.7802,0.3158,13.4876,20.1224,20.1138,0.0086,33.6109,10.1099,-9.6379,17185.3846,0.0009,NA,NA
SandFall-Win64-Shipping.exe,19588,0x2EC4BC3AB90,DXGI,0,512,1,Hardware: Independent Flip,17205.4806,0.3281,0.1726,0.1555,13.5140,0.1339,0.1312,0.0027,23.6248,9.8209,9.9861,17205.4806,9.9769,NA,NA
SandFall-Win64-Shipping.exe,19588,0x2EC4BC3AB90,DXGI,0,512,1,Hardware: Independent Flip,17205.8087,20.8358,20.5571,0.2787,13.3198,19.7969,19.7862,0.0107,33.1176,10.0556,-9.4928,17205.8087,0.0009,NA,NA
SandFall-Win64-Shipping.exe,19588,0x2EC4BC3AB90,DXGI,0,512,1,Hardware: Independent Flip,17226.6445,0.3538,0.1713,0.1825,12.2809,0.1087,0.1065,0.0022,22.3374,10.9654,10.7802,17226.6445,9.9478,NA,NA
SandFall-Win64-Shipping.exe,19588,0x2EC4BC3AB90,DXGI,0,512,1,Hardware: Independent Flip,17226.9983,20.4166,20.1481,0.2685,12.0358,20.9126,20.8977,0.0149,32.9490,10.4781,-10.6116,17226.9983,0.0006,NA,NA
SandFall-Win64-Shipping.exe,19588,0x2EC4BC3AB90,DXGI,0,512,1,Hardware: Independent Flip,17247.4149,0.3105,0.1567,0.1538,12.5318,0.0793,0.0776,0.0017,23.0105,9.9857,9.9385,17247.4149,10.3994,NA,NA
SandFall-Win64-Shipping.exe,19588,0x2EC4BC3AB90,DXGI,0,512,1,Hardware: Independent Flip,17247.7254,21.1656,20.9095,0.2561,12.3006,20.3843,20.2222,0.1621,32.6857,10.4781,-9.6752,17247.7254,0.0008,NA,NA
SandFall-Win64-Shipping.exe,19588,0x2EC4BC3AB90,DXGI,0,512,1,Hardware: Independent Flip,17268.8910,0.3535,0.1931,0.1604,11.5193,0.1933,0.1933,0.0000,21.9982,9.5314,10.6875,17268.8910,10.2856,NA,NA
SandFall-Win64-Shipping.exe,19588,0x2EC4BC3AB90,DXGI,0,512,1,Hardware: Independent Flip,17269.2445,20.8932,20.6122,0.2810,11.3591,19.8161,19.6643,0.1518,31.1761,10.0037,-9.1779,17269.2445,0.0009,NA,NA
SandFall-Win64-Shipping.exe,19588,0x2EC4BC3AB90,DXGI,0,512,1,Hardware: Independent Flip,17290.1377,0.3459,0.1725,0.1734,10.2820,0.1328,0.1312,0.0016,20.2866,10.1848,10.8895,17290.1377,9.8718,NA,NA
SandFall-Win64-Shipping.exe,19588,0x2EC4BC3AB90,DXGI,0,512,1,Hardware: Independent Flip,17290.4836,17.5310,17.2831,0.2479,10.0689,19.8444,19.8324,0.0120,30.1255,9.7651,-9.8389,17290.4836,0.2122,NA,NA
SandFall-Win64-Shipping.exe,19588,0x2EC4BC3AB90,DXGI,0,512,1,Hardware: Independent Flip,17308.0146,0.3114,0.1572,0.1542,12.3823,0.1226,0.1210,0.0016,22.3596,10.6486,7.7659,17308.0146,9.8547,NA,NA
SandFall-Win64-Shipping.exe,19588,0x2EC4BC3AB90,DXGI,0,512,1,Hardware: Independent Flip,17308.3260,21.1230,20.8707,0.2523,12.1935,20.4906,20.1418,0.3488,32.6968,10.1807,-10.3372,17308.3260,0.0127,NA,NA
SandFall-Win64-Shipping.exe,19588,0x2EC4BC3AB90,DXGI,0,512,1,Hardware: Independent Flip,17329.4490,0.3121,0.1577,0.1544,11.5611,0.1346,0.1327,0.0019,21.7545,9.6662,10.9423,17329.4490,10.0588,NA,NA
SandFall-Win64-Shipping.exe,19588,0x2EC4BC3AB90,DXGI,0,512,1,Hardware: Independent Flip,17329.7611,20.3063,20.0514,0.2549,11.3836,19.7239,19.7093,0.0146,31.1086,10.1371,-9.3541,17329.7611,0.0011,NA,NA
SandFall-Win64-Shipping.exe,19588,0x2EC4BC3AB90,DXGI,0,512,1,Hardware: Independent Flip,17350.0674,0.3222,0.1589,0.1633,10.8012,0.1135,0.1117,0.0018,20.9394,10.8850,10.1692,17350.0674,10.0247,NA,NA
SandFall-Win64-Shipping.exe,19588,0x2EC4BC3AB90,DXGI,0,512,1,Hardware: Independent Flip,17350.3896,19.3988,19.1431,0.2557,10.5925,20.9082,20.5501,0.3581,31.5022,10.5004,-10.5628,17350.3896,0.0015,NA,NA
SandFall-Win64-Shipping.exe,19588,0x2EC4BC3AB90,DXGI,0,512,1,Hardware: Independent Flip,17369.7884,0.3208,0.1679,0.1529,12.1019,0.1109,0.1093,0.0016,22.6038,9.8428,8.8984,17369.7884,10.3910,NA,NA
SandFall-Win64-Shipping.exe,19588,0x2EC4BC3AB90,DXGI,0,512,1,Hardware: Independent Flip,17370.1092,20.4847,20.2160,0.2687,11.8920,20.2329,20.0082,0.2247,32.1258,10.3049,-9.5220,17370.1092,0.0009,NA,NA
SandFall-Win64-Shipping.exe,19588,0x2EC4BC3AB90,DXGI,0,512,1,Hardware: Independent Flip,17390.5939,0.3094,0.1587,0.1507,11.6402,0.0934,0.0917,0.0017,21.9460,9.6173,10.1798,17390.5939,10.2124,NA,NA
SandFall-Win64-Shipping.exe,19588,0x2EC4BC3AB90,DXGI,0,512,1,Hardware: Independent Flip,17390.9033,19.4203,19.1714,0.2489,11.4242,19.7735,19.7566,0.0169,31.2539,9.8912,-9.3079,17390.9033,0.0562,NA,NA
SandFall-Win64-Shipping.exe,19588,0x2EC4BC3AB90,DXGI,0,512,1,Hardware: Independent Flip,17410.3236,0.3254,0.1590,0.1664,11.7774,0.1129,0.1114,0.0015,21.7248,10.4446,9.5291,17410.3236,9.8345,NA,NA
SandFall-Win64-Shipping.exe,19588,0x2EC4BC3AB90,DXGI,0,512,1,Hardware: Independent Flip,17410.6490,20.2278,19.9802,0.2476,11.5649,20.0749,19.5312,0.5437,31.8440,9.8557,-10.1192,17410.6490,0.2042,NA,NA
SandFall-Win64-Shipping.exe,19588,0x2EC4BC3AB90,DXGI,0,512,1,Hardware: Independent Flip,17430.8768,0.3119,0.1574,0.1545,11.4120,0.1388,0.1365,0.0023,21.4719,10.0956,10.3721,17430.8768,9.9211,NA,NA
SandFall-Win64-Shipping.exe,19588,0x2EC4BC3AB90,DXGI,0,512,1,Hardware: Independent Flip,17431.1887,19.5416,19.2782,0.2634,11.2389,20.0158,20.0009,0.0149,31.2556,10.0524,-9.7837,17431.1887,0.0009,NA,NA
SandFall-Win64-Shipping.exe,19588,0x2EC4BC3AB90,DXGI,0,512,1,Hardware: Independent Flip,17450.7303,0.3450,0.1792,0.1658,11.7131,0.1327,0.1327,0.0000,21.7664,9.7004,9.4892,17450.7303,9.9206,NA,NA
SandFall-Win64-Shipping.exe,19588,0x2EC4BC3AB90,DXGI,0,512,1,Hardware: Independent Flip,17451.0753,18.9481,18.6807,0.2674,11.5008,19.6196,19.6068,0.0128,31.1218,9.9459,-9.3554,17451.0753,0.0014,NA,NA
SandFall-Win64-Shipping.exe,19588,0x2EC4BC3AB90,DXGI,0,512,1,Hardware: Independent Flip,17470.0234,0.3312,0.1712,0.1600,12.1723,0.1201,0.1178,0.0023,22.1196,9.7649,9.0022,17470.0234,9.8272,NA,NA
SandFall-Win64-Shipping.exe,19588,0x2EC4BC3AB90,DXGI,0,512,1,Hardware: Independent Flip,17470.3546,20.1586,19.9026,0.2560,11.9612,19.5783,19.5652,0.0131,31.5533,9.8434,-9.4337,17470.3546,0.0138,NA,NA
SandFall-Win64-Shipping.exe,19588,0x2EC4BC3AB90,DXGI,0,512,1,Hardware: Independent Flip,17490.5132,0.3235,0.1682,0.1553,11.3809,0.1138,0.1119,0.0019,21.2381,10.6313,10.3152,17490.5132,9.7434,NA,NA
SandFall-Win64-Shipping.exe,19588,0x2EC4BC3AB90,DXGI,0,512,1,Hardware: Independent Flip,17490.8367,19.9562,19.6595,0.2967,11.1712,20.3266,20.3135,0.0131,31.5459,10.1596,-10.3078,17490.8367,0.0481,NA,NA
SandFall-Win64-Shipping.exe,19588,0x2EC4BC3AB90,DXGI,0,512,1,Hardware: Independent Flip,17510.7929,0.3185,0.1615,0.1570,11.5416,0.1431,0.1415,0.0016,21.7493,10.1986,9.7966,17510.7929,10.0646,NA,NA
SandFall-Win64-Shipping.exe,19588,0x2EC4BC3AB90,DXGI,0,512,1,Hardware: Independent Flip,17511.1114,20.0698,19.8233,0.2465,11.3662,20.2623,20.1160,0.1463,31.6294,10.3133,-9.8801,17511.1114,0.0009,NA,NA
SandFall-Win64-Shipping.exe,19588,0x2EC4BC3AB90,DXGI,0,512,1,Hardware: Independent Flip,17531.1812,0.3123,0.1562,0.1561,11.5587,0.1099,0.1083,0.0016,21.8729,9.7287,9.7565,17531.1812,10.2043,NA,NA
SandFall-Win64-Shipping.exe,19588,0x2EC4BC3AB90,DXGI,0,512,1,Hardware: Independent Flip,17531.4935,19.3693,19.1015,0.2678,11.3563,19.9323,19.9203,0.0120,31.2893,10.1443,-9.4164,17531.4935,0.0007,NA,NA
SandFall-Win64-Shipping.exe,19588,0x2EC4BC3AB90,DXGI,0,512,1,Hardware: Independent Flip,17550.8628,0.3396,0.1638,0.1758,11.9193,0.1284,0.1268,0.0016,22.0643,9.9137,9.2250,17550.8628,10.0166,NA,NA
SandFall-Win64-Shipping.exe,19588,0x2EC4BC3AB90,DXGI,0,512,1,Hardware: Independent Flip,17551.2024,19.1946,18.9066,0.2880,11.7081,19.8549,19.8462,0.0087,31.6384,9.9090,-9.5741,17551.2024,0.0754,NA,NA
SandFall-Win64-Shipping.exe,19588,0x2EC4BC3AB90,DXGI,0,512,1,Hardware: Independent Flip,17570.3970,0.3389,0.1793,0.1596,12.3684,0.1373,0.1358,0.0015,22.3528,11.0262,9.2856,17570.3970,9.8471,NA,NA
SandFall-Win64-Shipping.exe,19588,0x2EC4BC3AB90,DXGI,0,512,1,Hardware: Independent Flip,17570.7359,21.2424,20.9854,0.2570,12.1668,20.7926,19.9879,0.8047,33.0401,10.3410,-10.6873,17570.7359,0.0807,NA,NA
SandFall-Win64-Shipping.exe,19588,0x2EC4BC3AB90,DXGI,0,512,1,Hardware: Independent Flip,17591.9783,0.3125,0.1582,0.1543,11.7170,0.1405,0.1388,0.0017,22.1387,9.6487,10.9014,17591.9783,10.2812,NA,NA
SandFall-Win64-Shipping.exe,19588,0x2EC4BC3AB90,DXGI,0,512,1,Hardware: Independent Flip,17592.2908,18.9777,18.7332,0.2445,11.5450,19.9281,19.9180,0.0101,31.4749,10.2382,-9.3362,17592.2908,0.0018,NA,NA
SandFall-Win64-Shipping.exe,19588,0x2EC4BC3AB90,DXGI,0,512,1,Hardware: Independent Flip,17611.2685,0.3258,0.1544,0.1714,12.4954,0.2157,0.2137,0.0020,22.7354,9.8799,8.7395,17611.2685,10.0243,NA,NA
SandFall-Win64-Shipping.exe,19588,0x2EC4BC3AB90,DXGI,0,512,1,Hardware: Independent Flip,17611.5943,18.7016,18.4336,0.2680,12.3853,19.8803,19.8709,0.0094,32.2895,10.0179,-9.5541,17611.5943,0.0239,NA,NA
SandFall-Win64-Shipping.exe,19588,0x2EC4BC3AB90,DXGI,0,512,1,Hardware: Independent Flip,17630.2959,0.3738,0.2001,0.1737,13.5640,0.1349,0.1349,0.0000,23.6058,9.8441,8.6837,17630.2959,9.9069,NA,NA
SandFall-Win64-Shipping.exe,19588,0x2EC4BC3AB90,DXGI,0,512,1,Hardware: Independent Flip,17630.6697,19.9371,19.6395,0.2976,13.3251,19.6539,19.6448,0.0091,33.0761,9.7780,-9.4703,17630.6697,0.0971,NA,NA
SandFall-Win64-Shipping.exe,19588,0x2EC4BC3AB90,DXGI,0,512,1,Hardware: Independent Flip,17650.6068,0.3296,0.1687,0.1609,13.0419,0.1576,0.1360,0.0216,22.9170,10.7300,10.1591,17650.6068,9.7175,NA,NA
SandFall-Win64-Shipping.exe,19588,0x2EC4BC3AB90,DXGI,0,512,1,Hardware: Independent Flip,17650.9364,19.0262,18.7848,0.2414,12.8699,20.3745,20.3619,0.0126,33.3174,10.1136,-10.4004,17650.9364,0.0730,NA,NA
SandFall-Win64-Shipping.exe,19588,0x2EC4BC3AB90,DXGI,0,512,1,Hardware: Independent Flip,17669.9626,0.3443,0.1571,0.1872,14.2182,0.1668,0.1632,0.0036,24.4048,10.0794,8.9126,17669.9626,10.0198,NA,NA
SandFall-Win64-Shipping.exe,19588,0x2EC4BC3AB90,DXGI,0,512,1,Hardware: Independent Flip,17670.3069,19.7342,19.4854,0.2488,14.0407,20.0984,20.0912,0.0072,34.1399,10.3113,-9.7351,17670.3069,0.0008,NA,NA
SandFall-Win64-Shipping.exe,19588,0x2EC4BC3AB90,DXGI,0,512,1,Hardware: Independent Flip,17690.0411,0.3196,0.1525,0.1671,14.4049,0.1458,0.1432,0.0026,24.7170,10.4788,9.4229,17690.0411,10.1663,NA,NA
SandFall-Win64-Shipping.exe,19588,0x2EC4BC3AB90,DXGI,0,512,1,Hardware: Independent Flip,17690.3607,18.9274,18.6109,0.3165,14.2311,20.6441,20.6370,0.0071,34.8762,10.4410,-10.1592,17690.3607,0.0010,NA,NA
SandFall-Win64-Shipping.exe,19588,0x2EC4BC3AB90,DXGI,0,512,1,Hardware: Independent Flip,17709.2881,0.3251,0.1652,0.1599,15.9478,0.1059,0.1041,0.0018,26.3898,9.2633,8.4864,17709.2881,10.3361,NA,NA
SandFall-Win64-Shipping.exe,19588,0x2EC4BC3AB90,DXGI,0,512,1,Hardware: Independent Flip,17709.6132,20.0173,19.7594,0.2579,15.7286,19.5989,19.5910,0.0079,35.3280,9.9289,-8.9382,17709.6132,0.0005,NA,NA
SandFall-Win64-Shipping.exe,19588,0x2EC4BC3AB90,DXGI,0,512,1,Hardware: Independent Flip,17729.6305,0.3821,0.2121,0.1700,15.3102,0.1019,0.1003,0.0016,25.2396,10.1126,10.0884,17729.6305,9.8275,NA,NA
SandFall-Win64-Shipping.exe,19588,0x2EC4BC3AB90,DXGI,0,512,1,Hardware: Independent Flip,17730.0126,23.2196,22.9462,0.2734,15.0300,19.7034,19.6954,0.0080,34.9701,9.6766,-9.7305,17730.0126,0.2367,NA,NA
SandFall-Win64-Shipping.exe,19588,0x2EC4BC3AB90,DXGI,0,512,1,Hardware: Independent Flip,17753.2322,0.3317,0.1717,0.1600,11.5138,0.1456,0.1438,0.0018,21.4271,11.2128,13.5430,17753.2322,9.7677,NA,NA
SandFall-Win64-Shipping.exe,19588,0x2EC4BC3AB90,DXGI,0,512,1,Hardware: Independent Flip,17753.5639,16.8310,16.5512,0.2798,11.3277,20.9544,20.9470,0.0074,32.3082,10.3480,-10.8811,17753.5639,0.0261,NA,NA
SandFall-Win64-Shipping.exe,19588,0x2EC4BC3AB90,DXGI,0,512,1,Hardware: Independent Flip,17770.3949,0.3597,0.1819,0.1778,15.4511,0.1229,0.1211,0.0018,25.8252,9.3737,6.4830,17770.3949,10.2512,NA,NA
SandFall-Win64-Shipping.exe,19588,0x2EC4BC3AB90,DXGI,0,512,1,Hardware: Independent Flip,17770.7546,20.0881,19.8409,0.2472,15.2143,19.6241,19.6152,0.0089,34.8392,10.2362,-9.0140,17770.7546,0.0008,NA,NA
SandFall-Win64-Shipping.exe,19588,0x2EC4BC3AB90,DXGI,0,512,1,Hardware: Independent Flip,17790.8427,0.3080,0.1533,0.1547,14.7503,0.1478,0.1478,0.0000,24.9873,9.5734,9.8519,17790.8427,10.0892,NA,NA
SandFall-Win64-Shipping.exe,19588,0x2EC4BC3AB90,DXGI,0,512,1,Hardware: Independent Flip,17791.1507,20.1950,19.9451,0.2499,14.5901,19.6141,19.6051,0.0090,34.2527,9.8259,-9.2654,17791.1507,0.0485,NA,NA
SandFall-Win64-Shipping.exe,19588,0x2EC4BC3AB90,DXGI,0,512,1,Hardware: Independent Flip,17811.3457,0.3162,0.1570,0.1592,14.0092,0.1523,0.1523,0.0000,23.8836,10.5309,10.3691,17811.3457,9.7221,NA,NA
SandFall-Win64-Shipping.exe,19588,0x2EC4BC3AB90,DXGI,0,512,1,Hardware: Independent Flip,17811.6619,20.6379,20.3705,0.2674,13.8453,20.0686,20.0602,0.0084,34.0983,9.8769,-10.2147,17811.6619,0.1844,NA,NA
SandFall-Win64-Shipping.exe,19588,0x2EC4BC3AB90,DXGI,0,512,1,Hardware: Independent Flip,17832.2998,0.3797,0.2189,0.1608,13.2760,0.1183,0.1183,0.0000,23.3373,9.8976,10.7610,17832.2998,9.9430,NA,NA
SandFall-Win64-Shipping.exe,19588,0x2EC4BC3AB90,DXGI,0,512,1,Hardware: Independent Flip,17832.6795,19.6529,19.3919,0.2610,13.0146,19.8396,19.8311,0.0085,32.8552,9.9423,-9.5179,17832.6795,0.0010,NA,NA
SandFall-Win64-Shipping.exe,19588,0x2EC4BC3AB90,DXGI,0,512,1,Hardware: Independent Flip,17852.3324,0.3723,0.1653,0.2070,13.2013,0.0958,0.0943,0.0015,23.1446,9.9999,9.7106,17852.3324,9.8475,NA,NA
SandFall-Win64-Shipping.exe,19588,0x2EC4BC3AB90,DXGI,0,512,1,Hardware: Independent Flip,17852.7047,19.6538,19.3956,0.2582,12.9248,19.8468,19.8393,0.0075,32.7722,10.0536,-9.6276,17852.7047,0.0006,NA,NA
SandFall-Win64-Shipping.exe,19588,0x2EC4BC3AB90,DXGI,0,512,1,Hardware: Independent Flip,17872.3585,0.3171,0.1608,0.1563,13.1178,0.1326,0.1306,0.0020,23.1720,9.9868,9.6002,17872.3585,9.9216,NA,NA
SandFall-Win64-Shipping.exe,19588,0x2EC4BC3AB90,DXGI,0,512,1,Hardware: Independent Flip,17872.6756,20.2143,19.9343,0.2800,12.9333,19.9075,19.8981,0.0094,32.8417,10.0711,-9.6697,17872.6756,0.0009,NA,NA
SandFall-Win64-Shipping.exe,19588,0x2EC4BC3AB90,DXGI,0,512,1,Hardware: Independent Flip,17892.8899,0.3414,0.1714,0.1700,12.6265,0.1314,0.1314,0.0000,22.6985,10.7483,10.1432,17892.8899,9.9406,NA,NA
SandFall-Win64-Shipping.exe,19588,0x2EC4BC3AB90,DXGI,0,512,1,Hardware: Independent Flip,17893.2313,20.3708,20.0974,0.2734,12.4165,20.6885,20.6793,0.0092,33.1054,10.4411,-10.4069,17893.2313,0.0004,NA,NA
SandFall-Win64-Shipping.exe,19588,0x2EC4BC3AB90,DXGI,0,512,1,Hardware: Independent Flip,17913.6021,0.3656,0.1568,0.2088,12.7342,0.1350,0.1328,0.0022,23.1757,9.6878,9.9297,17913.6021,10.3065,NA,NA
SandFall-Win64-Shipping.exe,19588,0x2EC4BC3AB90,DXGI,0,512,1,Hardware: Independent Flip,17913.9677,21.5215,21.2772,0.2443,12.5036,19.9933,19.7536,0.2397,32.4979,10.2018,-9.3222,17913.9677,0.0010,NA,NA
SandFall-Win64-Shipping.exe,19588,0x2EC4BC3AB90,DXGI,0,512,1,Hardware: Independent Flip,17935.4892,0.3104,0.1548,0.1556,10.9754,0.0920,0.0901,0.0019,21.1782,10.7018,11.3197,17935.4892,10.1108,NA,NA
SandFall-Win64-Shipping.exe,19588,0x2EC4BC3AB90,DXGI,0,512,1,Hardware: Independent Flip,17935.7996,22.0493,21.7465,0.3028,10.7570,20.7425,20.2860,0.4565,31.5696,10.3614,-10.3914,17935.7996,0.0701,NA,NA
SandFall-Win64-Shipping.exe,19588,0x2EC4BC3AB90,DXGI,0,512,1,Hardware: Independent Flip,17957.8489,0.3413,0.1663,0.1750,9.4502,0.1610,0.1593,0.0017,19.8817,10.0653,11.6879,17957.8489,10.2705,NA,NA
SandFall-Win64-Shipping.exe,19588,0x2EC4BC3AB90,DXGI,0,512,1,Hardware: Independent Flip,17958.1902,18.2260,17.9781,0.2479,9.2699,20.3346,20.3255,0.0091,29.6057,10.2514,-9.7240,17958.1902,0.0012,NA,NA
SandFall-Win64-Shipping.exe,19588,0x2EC4BC3AB90,DXGI,0,512,1,Hardware: Independent Flip,17976.4162,0.3224,0.1594,0.1630,11.3785,0.2237,0.2215,0.0022,21.6311,11.4235,7.9746,17976.4162,10.0289,NA,NA
SandFall-Win64-Shipping.exe,19588,0x2EC4BC3AB90,DXGI,0,512,1,Hardware: Independent Flip,17976.7386,20.9992,20.7320,0.2672,11.2798,21.4374,20.1608,1.2766,32.7322,10.8255,-11.1011,17976.7386,0.0150,NA,NA
SandFall-Win64-Shipping.exe,19588,0x2EC4BC3AB90,DXGI,0,512,1,Hardware: Independent Flip,17997.7378,0.3428,0.1610,0.1818,11.7180,0.1360,0.1340,0.0020,22.5585,12.1075,10.1737,17997.7378,10.7045,NA,NA
SandFall-Win64-Shipping.exe,19588,0x2EC4BC3AB90,DXGI,0,512,1,Hardware: Independent Flip,17998.0806,19.3914,19.1026,0.2888,11.5112,22.8115,22.8032,0.0083,34.3232,11.6975,-11.7647,17998.0806,0.0005,NA,NA
SandFall-Win64-Shipping.exe,19588,0x2EC4BC3AB90,DXGI,0,512,1,Hardware: Independent Flip,18017.4720,0.3327,0.1619,0.1708,14.9313,0.0940,0.0922,0.0018,26.6293,8.6823,7.6939,18017.4720,11.6040,NA,NA
SandFall-Win64-Shipping.exe,19588,0x2EC4BC3AB90,DXGI,0,512,1,Hardware: Independent Flip,18017.8047,18.5401,18.2922,0.2479,14.6926,20.2860,20.2781,0.0079,34.9789,10.6242,-8.3496,18017.8047,0.0003,NA,NA
SandFall-Win64-Shipping.exe,19588,0x2EC4BC3AB90,DXGI,0,512,1,Hardware: Independent Flip,18036.3448,0.3954,0.2054,0.1900,16.4385,0.1469,0.1442,0.0027,27.0630,9.5913,7.9159,18036.3448,10.4776,NA,NA
SandFall-Win64-Shipping.exe,19588,0x2EC4BC3AB90,DXGI,0,512,1,Hardware: Independent Flip,18036.7402,20.6287,20.2607,0.3680,16.1900,19.5618,19.5544,0.0074,36.2589,9.3410,-9.1959,18036.7402,0.5071,NA,NA
SandFall-Win64-Shipping.exe,19588,0x2EC4BC3AB90,DXGI,0,512,1,Hardware: Independent Flip,18057.3689,0.3314,0.1703,0.1611,15.1231,0.1178,0.1154,0.0024,24.9712,10.9701,11.2877,18057.3689,9.7303,NA,NA
SandFall-Win64-Shipping.exe,19588,0x2EC4BC3AB90,DXGI,0,512,1,Hardware: Independent Flip,18057.7003,18.5952,18.3501,0.2451,14.9095,20.3053,20.2982,0.0071,35.6099,9.5439,-10.6387,18057.7003,0.3951,NA,NA
SandFall-Win64-Shipping.exe,19588,0x2EC4BC3AB90,DXGI,0,512,1,Hardware: Independent Flip,18076.2955,0.3618,0.1746,0.1872,16.6196,0.1192,0.1192,0.0000,26.5586,10.0534,9.0513,18076.2955,9.8198,NA,NA
SandFall-Win64-Shipping.exe,19588,0x2EC4BC3AB90,DXGI,0,512,1,Hardware: Independent Flip,18076.6573,23.0864,22.8257,0.2607,16.3770,19.8713,19.8581,0.0132,36.2502,10.0523,-9.6916,18076.6573,0.0019,NA,NA
SandFall-Win64-Shipping.exe,19588,0x2EC4BC3AB90,DXGI,0,512,1,Hardware: Independent Flip,18099.7437,0.3100,0.1573,0.1527,13.1619,0.1387,0.1364,0.0023,23.2161,9.9965,13.0341,18099.7437,9.9155,NA,NA
SandFall-Win64-Shipping.exe,19588,0x2EC4BC3AB90,DXGI,0,512,1,Hardware: Independent Flip,18100.0537,18.8579,18.6150,0.2429,12.9906,19.9114,19.9022,0.0092,32.9026,10.2756,-9.6865,18100.0537,0.0006,NA,NA
SandFall-Win64-Shipping.exe,19588,0x2EC4BC3AB90,DXGI,0,512,1,Hardware: Independent Flip,18118.9116,0.3576,0.1731,0.1845,14.0441,0.1279,0.1247,0.0032,24.3203,10.1070,8.5823,18118.9116,10.1483,NA,NA
SandFall-Win64-Shipping.exe,19588,0x2EC4BC3AB90,DXGI,0,512,1,Hardware: Independent Flip,18119.2692,20.5552,20.3112,0.2440,13.8144,20.2548,20.2464,0.0084,34.0697,10.3393,-9.7494,18119.2692,0.0005,NA,NA
SandFall-Win64-Shipping.exe,19588,0x2EC4BC3AB90,DXGI,0,512,1,Hardware: Independent Flip,18139.8244,0.3035,0.1532,0.1503,13.5140,0.1404,0.1404,0.0000,23.8538,9.6043,10.2159,18139.8244,10.1994,NA,NA
SandFall-Win64-Shipping.exe,19588,0x2EC4BC3AB90,DXGI,0,512,1,Hardware: Independent Flip,18140.1279,20.0222,19.7686,0.2536,13.3509,19.8026,19.7924,0.0102,33.1546,10.0027,-9.3008,18140.1279,0.0011,NA,NA
SandFall-Win64-Shipping.exe,19588,0x2EC4BC3AB90,DXGI,0,512,1,Hardware: Independent Flip,18160.1501,0.3026,0.1532,0.1494,13.1313,0.1299,0.1282,0.0017,23.1351,10.8039,10.0195,18160.1501,9.8739,NA,NA
SandFall-Win64-Shipping.exe,19588,0x2EC4BC3AB90,DXGI,0,512,1,Hardware: Independent Flip,18160.4527,20.4457,20.1953,0.2504,12.9586,20.5370,20.5238,0.0132,33.6364,10.2053,-10.5013,18160.4527,0.1408,NA,NA
SandFall-Win64-Shipping.exe,19588,0x2EC4BC3AB90,DXGI,0,512,1,Hardware: Independent Flip,18180.8984,0.3347,0.1571,0.1776,13.0499,0.1630,0.1609,0.0021,23.3960,10.6409,10.2404,18180.8984,10.1831,NA,NA
SandFall-Win64-Shipping.exe,19588,0x2EC4BC3AB90,DXGI,0,512,1,Hardware: Independent Flip,18181.2331,24.1130,23.8387,0.2743,12.8782,20.8229,20.3942,0.4287,33.7022,10.5733,-10.3062,18181.2331,0.0011,NA,NA
SandFall-Win64-Shipping.exe,19588,0x2EC4BC3AB90,DXGI,0,512,1,Hardware: Independent Flip,18205.3461,0.3424,0.1771,0.1653,9.5881,0.1312,0.1295,0.0017,20.1625,9.6784,13.5397,18205.3461,10.4432,NA,NA
SandFall-Win64-Shipping.exe,19588,0x2EC4BC3AB90,DXGI,0,512,1,Hardware: Independent Flip,18205.6885,17.5459,17.2913,0.2546,9.3769,20.1208,20.1120,0.0088,29.4985,10.3328,-9.3360,18205.6885,0.0008,NA,NA
SandFall-Win64-Shipping.exe,19588,0x2EC4BC3AB90,DXGI,0,512,1,Hardware: Independent Flip,18223.2344,0.3305,0.1741,0.1564,11.9518,0.1869,0.1869,0.0000,22.2854,10.6402,7.2131,18223.2344,10.1467,NA,NA
SandFall-Win64-Shipping.exe,19588,0x2EC4BC3AB90,DXGI,0,512,1,Hardware: Independent Flip,18223.5649,20.0562,19.7721,0.2841,11.8082,20.6952,20.6875,0.0077,32.5951,10.3420,-10.3097,18223.5649,0.0917,NA,NA
SandFall-Win64-Shipping.exe,19588,0x2EC4BC3AB90,DXGI,0,512,1,Hardware: Independent Flip,18243.6211,0.3175,0.1639,0.1536,12.4472,0.1621,0.1602,0.0019,22.8809,10.2487,9.7142,18243.6211,10.2716,NA,NA
SandFall-Win64-Shipping.exe,19588,0x2EC4BC3AB90,DXGI,0,512,1,Hardware: Independent Flip,18243.9386,19.9217,19.6482,0.2735,12.2918,20.5194,20.5073,0.0121,32.8121,10.2540,-9.9312,18243.9386,0.0009,NA,NA
SandFall-Win64-Shipping.exe,19588,0x2EC4BC3AB90,DXGI,0,512,1,Hardware: Independent Flip,18263.8603,0.4441,0.1648,0.2793,12.8895,0.0887,0.0864,0.0023,23.1444,10.2258,9.6677,18263.8603,10.1662,NA,NA
SandFall-Win64-Shipping.exe,19588,0x2EC4BC3AB90,DXGI,0,512,1,Hardware: Independent Flip,18264.3044,22.6605,22.3125,0.3480,12.5341,20.3911,20.3076,0.0835,32.9261,10.2183,-9.7817,18264.3044,0.0009,NA,NA
SandFall-Win64-Shipping.exe,19588,0x2EC4BC3AB90,DXGI,0,512,1,Hardware: Independent Flip,18286.9649,0.5095,0.2996,0.2099,10.2647,0.1061,0.1040,0.0021,20.4839,11.1875,12.4422,18286.9649,10.1131,NA,NA
SandFall-Win64-Shipping.exe,19588,0x2EC4BC3AB90,DXGI,0,512,1,Hardware: Independent Flip,18287.4744,21.1486,20.7901,0.3585,9.8613,21.2996,20.5769,0.7227,31.1619,10.7010,-10.6780,18287.4744,0.0010,NA,NA
SandFall-Win64-Shipping.exe,19588,0x2EC4BC3AB90,DXGI,0,512,1,Hardware: Independent Flip,18308.6230,0.3398,0.1691,0.1707,10.0123,0.1173,0.1173,0.0000,20.7143,8.9783,10.4476,18308.6230,10.5847,NA,NA
SandFall-Win64-Shipping.exe,19588,0x2EC4BC3AB90,DXGI,0,512,1,Hardware: Independent Flip,18308.9628,18.3866,18.0975,0.2891,9.7898,19.5622,19.5538,0.0084,29.3528,10.0454,-8.6385,18308.9628,0.0008,NA,NA
SandFall-Win64-Shipping.exe,19588,0x2EC4BC3AB90,DXGI,0,512,1,Hardware: Independent Flip,18327.3494,0.3304,0.1684,0.1620,10.9654,0.1372,0.1350,0.0022,21.0116,10.1245,8.3412,18327.3494,9.9090,NA,NA
SandFall-Win64-Shipping.exe,19588,0x2EC4BC3AB90,DXGI,0,512,1,Hardware: Independent Flip,18327.6798,18.5988,18.3281,0.2707,10.7722,19.7419,19.7309,0.0110,30.8057,9.6281,-9.7941,18327.6798,0.2916,NA,NA
SandFall-Win64-Shipping.exe,19588,0x2EC4BC3AB90,DXGI,0,512,1,Hardware: Independent Flip,18346.2786,0.3362,0.1638,0.1724,11.9153,0.0933,0.0917,0.0016,21.8350,9.5600,8.9707,18346.2786,9.8264,NA,NA
SandFall-Win64-Shipping.exe,19588,0x2EC4BC3AB90,DXGI,0,512,1,Hardware: Independent Flip,18346.6148,19.5325,19.2900,0.2425,11.6724,19.3162,19.3006,0.0156,31.0588,9.4548,-9.2238,18346.6148,0.0702,NA,NA
SandFall-Win64-Shipping.exe,19588,0x2EC4BC3AB90,DXGI,0,512,1,Hardware: Independent Flip,18366.1473,0.3166,0.1606,0.1560,11.4561,0.1297,0.1274,0.0023,20.9811,11.9595,10.0777,18366.1473,9.3953,NA,NA
SandFall-Win64-Shipping.exe,19588,0x2EC4BC3AB90,DXGI,0,512,1,Hardware: Independent Flip,18366.4639,22.9255,22.6488,0.2767,11.2692,21.3039,20.1684,1.1355,32.6240,10.6375,-11.6429,18366.4639,0.0509,NA,NA
SandFall-Win64-Shipping.exe,19588,0x2EC4BC3AB90,DXGI,0,512,1,Hardware: Independent Flip,18389.3894,0.3892,0.1904,0.1988,9.6476,0.1121,0.1078,0.0043,20.3360,9.3075,12.2880,18389.3894,10.5763,NA,NA
SandFall-Win64-Shipping.exe,19588,0x2EC4BC3AB90,DXGI,0,512,1,Hardware: Independent Flip,18389.7786,17.5138,17.2421,0.2717,9.3705,19.8830,19.8680,0.0150,29.2543,10.5153,-8.9183,18389.7786,0.0008,NA,NA
SandFall-Win64-Shipping.exe,19588,0x2EC4BC3AB90,DXGI,0,512,1,Hardware: Independent Flip,18407.2924,0.3087,0.1550,0.1537,11.7397,0.0900,0.0878,0.0022,22.2558,9.9453,6.9985,18407.2924,10.4261,NA,NA
SandFall-Win64-Shipping.exe,19588,0x2EC4BC3AB90,DXGI,0,512,1,Hardware: Independent Flip,18407.6011,21.4407,21.1394,0.3013,11.5210,20.3559,20.3473,0.0086,31.8924,10.2188,-9.6366,18407.6011,0.0155,NA,NA
SandFall-Win64-Shipping.exe,19588,0x2EC4BC3AB90,DXGI,0,512,1,Hardware: Independent Flip,18429.0418,0.3710,0.1638,0.2072,10.4362,0.1311,0.1289,0.0022,20.6705,10.2145,11.2219,18429.0418,10.1032,NA,NA
SandFall-Win64-Shipping.exe,19588,0x2EC4BC3AB90,DXGI,0,512,1,Hardware: Independent Flip,18429.4128,19.5825,19.2818,0.3007,10.1963,20.1655,20.1520,0.0135,30.5140,9.9511,-9.8435,18429.4128,0.1522,NA,NA
SandFall-Win64-Shipping.exe,19588,0x2EC4BC3AB90,DXGI,0,512,1,Hardware: Independent Flip,18448.9953,0.3925,0.2163,0.1762,10.7793,0.1056,0.1056,0.0000,20.8826,9.2541,9.6314,18448.9953,9.9977,NA,NA
SandFall-Win64-Shipping.exe,19588,0x2EC4BC3AB90,DXGI,0,512,1,Hardware: Independent Flip,18449.3878,17.5602,17.2696,0.2906,10.4924,19.2034,19.1925,0.0109,29.7442,9.5124,-8.8616,18449.3878,0.0484,NA,NA
SandFall-Win64-Shipping.exe,19588,0x2EC4BC3AB90,DXGI,0,512,1,Hardware: Independent Flip,18466.9480,0.3341,0.1632,0.1709,12.1356,0.1199,0.1184,0.0015,21.6964,10.7427,8.0478,18466.9480,9.4409,NA,NA
SandFall-Win64-Shipping.exe,19588,0x2EC4BC3AB90,DXGI,0,512,1,Hardware: Independent Flip,18467.2821,19.2058,18.9337,0.2721,11.9214,19.9879,19.9759,0.0120,32.1050,9.8200,-10.4086,18467.2821,0.1957,NA,NA
SandFall-Win64-Shipping.exe,19588,0x2EC4BC3AB90,DXGI,0,512,1,Hardware: Independent Flip,18486.4879,0.3973,0.1633,0.2340,12.7035,0.1834,0.1813,0.0021,22.7192,10.9631,9.3858,18486.4879,9.8323,NA,NA
SandFall-Win64-Shipping.exe,19588,0x2EC4BC3AB90,DXGI,0,512,1,Hardware: Independent Flip,18486.8852,21.9428,21.6912,0.2516,12.4896,20.7946,20.7867,0.0079,33.2850,10.6045,-10.5658,18486.8852,0.0008,NA,NA
SandFall-Win64-Shipping.exe,19588,0x2EC4BC3AB90,DXGI,0,512,1,Hardware: Independent Flip,18508.8280,0.3342,0.1588,0.1754,11.3414,0.1061,0.1041,0.0020,21.9467,10.2184,11.3383,18508.8280,10.4992,NA,NA
SandFall-Win64-Shipping.exe,19588,0x2EC4BC3AB90,DXGI,0,512,1,Hardware: Independent Flip,18509.1622,19.5228,19.2438,0.2790,11.1133,20.7170,20.7038,0.0132,31.8309,10.7846,-9.8842,18509.1622,0.0006,NA,NA
SandFall-Win64-Shipping.exe,19588,0x2EC4BC3AB90,DXGI,0,512,1,Hardware: Independent Flip,18528.6850,0.3208,0.1627,0.1581,12.3075,0.1551,0.1519,0.0032,23.0927,9.6290,8.7382,18528.6850,10.6301,NA,NA
SandFall-Win64-Shipping.exe,19588,0x2EC4BC3AB90,DXGI,0,512,1,Hardware: Independent Flip,18529.0058,19.9934,19.7301,0.2633,12.1418,20.2583,20.2475,0.0108,32.4009,10.2829,-9.3082,18529.0058,0.0008,NA,NA
SandFall-Win64-Shipping.exe,19588,0x2EC4BC3AB90,DXGI,0,512,1,Hardware: Independent Flip,18548.9992,0.3390,0.1668,0.1722,12.4067,0.0926,0.0907,0.0019,22.6904,9.6394,9.7105,18548.9992,10.1911,NA,NA
SandFall-Win64-Shipping.exe,19588,0x2EC4BC3AB90,DXGI,0,512,1,Hardware: Independent Flip,18549.3382,18.1528,17.9043,0.2485,12.1603,19.6107,19.6012,0.0095,31.9908,9.6265,-9.3004,18549.3382,0.2198,NA,NA
SandFall-Win64-Shipping.exe,19588,0x2EC4BC3AB90,DXGI,0,512,1,Hardware: Independent Flip,18567.4910,0.3640,0.1761,0.1879,13.6182,0.1244,0.1228,0.0016,23.4645,10.1291,8.5263,18567.4910,9.7219,NA,NA
SandFall-Win64-Shipping.exe,19588,0x2EC4BC3AB90,DXGI,0,512,1,Hardware: Independent Flip,18567.8550,19.5310,19.0618,0.4692,13.3786,19.6144,19.6007,0.0137,33.2296,9.4970,-9.7651,18567.8550,0.2366,NA,NA
SandFall-Win64-Shipping.exe,19588,0x2EC4BC3AB90,DXGI,0,512,1,Hardware: Independent Flip,18587.3860,0.3515,0.1921,0.1594,13.4620,0.1212,0.1184,0.0028,23.1956,10.5022,10.0340,18587.3860,9.6124,NA,NA
SandFall-Win64-Shipping.exe,19588,0x2EC4BC3AB90,DXGI,0,512,1,Hardware: Independent Flip,18587.7375,21.6908,21.4337,0.2571,13.2317,20.1136,20.1038,0.0098,33.3463,10.0510,-10.1507,18587.7375,0.0010,NA,NA
SandFall-Win64-Shipping.exe,19588,0x2EC4BC3AB90,DXGI,0,512,1,Hardware: Independent Flip,18609.4283,0.3158,0.1626,0.1532,11.6545,0.1978,0.1978,0.0000,21.7065,9.8351,11.6398,18609.4283,9.8542,NA,NA
SandFall-Win64-Shipping.exe,19588,0x2EC4BC3AB90,DXGI,0,512,1,Hardware: Independent Flip,18609.7441,19.2099,18.9496,0.2603,11.5365,19.6885,19.6781,0.0104,31.2258,10.1960,-9.5193,18609.7441,0.0008,NA,NA
SandFall-Win64-Shipping.exe,19588,0x2EC4BC3AB90,DXGI,0,512,1,Hardware: Independent Flip,18628.9540,0.3175,0.1583,0.1592,12.0151,0.0914,0.0899,0.0015,22.2119,10.8668,9.0139,18628.9540,10.1054,NA,NA
SandFall-Win64-Shipping.exe,19588,0x2EC4BC3AB90,DXGI,0,512,1,Hardware: Independent Flip,18629.2715,23.8031,23.4956,0.3075,11.7890,20.9714,20.6053,0.3661,32.7612,10.5659,-10.5493,18629.2715,0.0008,NA,NA
SandFall-Win64-Shipping.exe,19588,0x2EC4BC3AB90,DXGI,0,512,1,Hardware: Independent Flip,18653.0746,0.3536,0.1783,0.1753,8.9573,0.1228,0.1206,0.0022,19.5240,9.6997,13.2372,18653.0746,10.4439,NA,NA
SandFall-Win64-Shipping.exe,19588,0x2EC4BC3AB90,DXGI,0,512,1,Hardware: Independent Flip,18653.4282,15.9807,15.7203,0.2604,8.7265,20.1429,20.1324,0.0105,28.8701,10.2980,-9.3461,18653.4282,0.0007,NA,NA
SandFall-Win64-Shipping.exe,19588,0x2EC4BC3AB90,DXGI,0,512,1,Hardware: Independent Flip,18669.4089,0.3508,0.1583,0.1925,12.8887,0.0945,0.0920,0.0025,23.1874,10.2714,5.6827,18669.4089,10.2042,NA,NA
SandFall-Win64-Shipping.exe,19588,0x2EC4BC3AB90,DXGI,0,512,1,Hardware: Independent Flip,18669.7597,20.7829,20.5294,0.2535,12.6324,20.3682,20.3576,0.0106,33.1080,10.1233,-9.9206,18669.7597,0.1074,NA,NA
SandFall-Win64-Shipping.exe,19588,0x2EC4BC3AB90,DXGI,0,512,1,Hardware: Independent Flip,18690.5426,0.3302,0.1762,0.1540,12.2177,0.1224,0.1208,0.0016,22.4484,10.0992,10.6596,18690.5426,10.1083,NA,NA
SandFall-Win64-Shipping.exe,19588,0x2EC4BC3AB90,DXGI,0,512,1,Hardware: Independent Flip,18690.8728,18.9222,18.6669,0.2553,12.0099,20.1539,20.1443,0.0096,32.2174,10.0118,-9.7690,18690.8728,0.0536,NA,NA
SandFall-Win64-Shipping.exe,19588,0x2EC4BC3AB90,DXGI,0,512,1,Hardware: Independent Flip,18709.7950,0.4883,0.1590,0.3293,13.2416,0.1240,0.1221,0.0019,23.3070,9.5639,8.9104,18709.7950,9.9414,NA,NA
SandFall-Win64-Shipping.exe,19588,0x2EC4BC3AB90,DXGI,0,512,1,Hardware: Independent Flip,18710.2833,19.7279,19.4798,0.2481,12.8773,19.4760,19.4661,0.0099,32.3826,9.7440,-9.0756,18710.2833,0.0293,NA,NA
SandFall-Win64-Shipping.exe,19588,0x2EC4BC3AB90,DXGI,0,512,1,Hardware: Independent Flip,18730.0112,0.3500,0.1625,0.1875,12.6254,0.1955,0.1955,0.0000,22.3987,10.7253,9.9839,18730.0112,9.5778,NA,NA
SandFall-Win64-Shipping.exe,19588,0x2EC4BC3AB90,DXGI,0,512,1,Hardware: Independent Flip,18730.3612,21.5772,21.3232,0.2540,12.4709,20.1727,20.1541,0.0186,32.7740,10.0307,-10.3753,18730.3612,0.1304,NA,NA
SandFall-Win64-Shipping.exe,19588,0x2EC4BC3AB90,DXGI,0,512,1,Hardware: Independent Flip,18751.9384,0.3448,0.1830,0.1618,11.0664,0.1676,0.1653,0.0023,21.2275,9.9985,11.5465,18751.9384,9.9935,NA,NA
SandFall-Win64-Shipping.exe,19588,0x2EC4BC3AB90,DXGI,0,512,1,Hardware: Independent Flip,18752.2832,19.2249,18.9702,0.2547,10.8892,19.9911,19.9823,0.0088,30.8812,10.2160,-9.6537,18752.2832,0.0009,NA,NA
SandFall-Win64-Shipping.exe,19588,0x2EC4BC3AB90,DXGI,0,512,1,Hardware: Independent Flip,18771.5081,0.3314,0.1696,0.1618,11.6554,0.1945,0.1945,0.0000,21.8723,10.0796,9.0089,18771.5081,10.0224,NA,NA
SandFall-Win64-Shipping.exe,19588,0x2EC4BC3AB90,DXGI,0,512,1,Hardware: Independent Flip,18771.8395,21.9399,21.6795,0.2604,11.5185,20.1011,20.0911,0.0100,31.6205,10.2122,-9.7482,18771.8395,0.0009,NA,NA
SandFall-Win64-Shipping.exe,19588,0x2EC4BC3AB90,DXGI,0,512,1,Hardware: Independent Flip,18793.7794,0.3298,0.1694,0.1604,9.6797,0.1248,0.1215,0.0033,19.8928,9.7143,11.7277,18793.7794,10.0883,NA,NA
SandFall-Win64-Shipping.exe,19588,0x2EC4BC3AB90,DXGI,0,512,1,Hardware: Independent Flip,18794.1092,17.4642,17.2207,0.2435,9.4747,19.8020,19.7924,0.0096,29.2773,10.0142,-9.3845,18794.1092,0.0006,NA,NA
SandFall-Win64-Shipping.exe,19588,0x2EC4BC3AB90,DXGI,0,512,1,Hardware: Independent Flip,18811.5734,0.3373,0.1613,0.1760,11.8125,0.1033,0.0986,0.0047,21.8273,10.0290,7.4500,18811.5734,9.9115,NA,NA
SandFall-Win64-Shipping.exe,19588,0x2EC4BC3AB90,DXGI,0,512,1,Hardware: Independent Flip,18811.9107,19.7444,19.4778,0.2666,11.5785,19.8482,19.8379,0.0103,31.5190,9.8544,-9.6917,18811.9107,0.0923,NA,NA
SandFall-Win64-Shipping.exe,19588,0x2EC4BC3AB90,DXGI,0,512,1,Hardware: Independent Flip,18831.6551,0.3307,0.1737,0.1570,11.6823,0.1149,0.1129,0.0020,21.6290,11.0327,9.8900,18831.6551,9.8318,NA,NA
SandFall-Win64-Shipping.exe,19588,0x2EC4BC3AB90,DXGI,0,512,1,Hardware: Independent Flip,18831.9858,22.8474,22.5764,0.2710,11.4665,20.8349,20.1548,0.6801,32.3310,10.4003,-10.7020,18831.9858,0.0296,NA,NA
SandFall-Win64-Shipping.exe,19588,0x2EC4BC3AB90,DXGI,0,512,1,Hardware: Independent Flip,18854.8332,0.3206,0.1640,0.1566,9.4540,0.1960,0.1960,0.0000,19.8839,9.5296,12.4471,18854.8332,10.2339,NA,NA
SandFall-Win64-Shipping.exe,19588,0x2EC4BC3AB90,DXGI,0,512,1,Hardware: Independent Flip,18855.1538,17.0759,16.8268,0.2491,9.3294,19.7623,19.7501,0.0122,29.0929,10.2326,-9.2090,18855.1538,0.0012,NA,NA
SandFall-Win64-Shipping.exe,19588,0x2EC4BC3AB90,DXGI,0,512,1,Hardware: Independent Flip,18872.2297,0.3151,0.1592,0.1559,12.0158,0.1827,0.1827,0.0000,22.2496,10.6196,6.8433,18872.2297,10.0511,NA,NA
SandFall-Win64-Shipping.exe,19588,0x2EC4BC3AB90,DXGI,0,512,1,Hardware: Independent Flip,18872.5448,20.2320,19.9451,0.2869,11.8834,20.6144,20.6041,0.0103,32.5541,10.3357,-10.3045,18872.5448,0.0563,NA,NA
SandFall-Win64-Shipping.exe,19588,0x2EC4BC3AB90,DXGI,0,512,1,Hardware: Independent Flip,18892.7768,0.3150,0.1595,0.1555,12.2658,0.1351,0.1336,0.0015,22.6578,9.1726,9.8963,18892.7768,10.2569,NA,NA
SandFall-Win64-Shipping.exe,19588,0x2EC4BC3AB90,DXGI,0,512,1,Hardware: Independent Flip,18893.0918,19.7388,19.4799,0.2589,12.0859,19.4285,19.4147,0.0138,31.5154,9.7698,-8.8576,18893.0918,0.0010,NA,NA
SandFall-Win64-Shipping.exe,19588,0x2EC4BC3AB90,DXGI,0,512,1,Hardware: Independent Flip,18912.8306,0.3190,0.1592,0.1598,11.7756,0.0923,0.0906,0.0017,21.5464,10.2630,9.9690,18912.8306,9.6785,NA,NA
SandFall-Win64-Shipping.exe,19588,0x2EC4BC3AB90,DXGI,0,512,1,Hardware: Independent Flip,18913.1496,19.6896,19.4441,0.2455,11.5489,19.7020,19.6881,0.0139,31.4904,9.6552,-9.9440,18913.1496,0.2395,NA,NA
SandFall-Win64-Shipping.exe,19588,0x2EC4BC3AB90,DXGI,0,512,1,Hardware: Independent Flip,18932.8392,0.3043,0.1555,0.1488,11.5613,0.0972,0.0972,0.0000,21.4560,10.1293,10.0344,18932.8392,9.7975,NA,NA
SandFall-Win64-Shipping.exe,19588,0x2EC4BC3AB90,DXGI,0,512,1,Hardware: Independent Flip,18933.1435,19.6482,19.3906,0.2576,11.3542,19.9260,19.7083,0.2177,31.2810,9.8686,-9.8250,18933.1435,0.0008,NA,NA
SandFall-Win64-Shipping.exe,19588,0x2EC4BC3AB90,DXGI,0,512,1,Hardware: Independent Flip,18952.7917,0.3202,0.1601,0.1601,11.6320,0.0994,0.0978,0.0016,21.5014,9.7701,9.7796,18952.7917,9.7700,NA,NA
SandFall-Win64-Shipping.exe,19588,0x2EC4BC3AB90,DXGI,0,512,1,Hardware: Independent Flip,18953.1119,19.5255,19.2711,0.2544,11.4112,19.5395,19.5282,0.0113,30.9513,9.9854,-9.4499,18953.1119,0.0006,NA,NA
SandFall-Win64-Shipping.exe,19588,0x2EC4BC3AB90,DXGI,0,512,1,Hardware: Independent Flip,18972.6374,0.4351,0.2709,0.1642,11.4252,0.0967,0.0925,0.0042,21.4112,9.4812,9.5401,18972.6374,9.8893,NA,NA
SandFall-Win64-Shipping.exe,19588,0x2EC4BC3AB90,DXGI,0,512,1,Hardware: Independent Flip,18973.0725,19.5263,19.2805,0.2458,11.0868,19.3698,19.3457,0.0241,30.4573,9.7868,-9.0461,18973.0725,0.0007,NA,NA
SandFall-Win64-Shipping.exe,19588,0x2EC4BC3AB90,DXGI,0,512,1,Hardware: Independent Flip,18992.5988,0.3026,0.1533,0.1493,10.9303,0.1152,0.1152,0.0000,20.7178,11.8089,9.7395,18992.5988,9.6723,NA,NA
SandFall-Win64-Shipping.exe,19588,0x2EC4BC3AB90,DXGI,0,512,1,Hardware: Independent Flip,18992.9014,20.4308,20.1816,0.2492,10.7429,21.4057,20.2958,1.1099,32.2241,10.6755,-11.5063,18992.9014,0.0755,NA,NA
SandFall-Win64-Shipping.exe,19588,0x2EC4BC3AB90,DXGI,0,512,1,Hardware: Independent Flip,19013.3322,0.3406,0.1743,0.1663,11.7178,0.1094,0.1055,0.0039,22.4688,9.1456,9.7553,19013.3322,10.6416,NA,NA
SandFall-Win64-Shipping.exe,19588,0x2EC4BC3AB90,DXGI,0,512,1,Hardware: Independent Flip,19013.6728,19.9300,19.6207,0.3093,11.4866,19.7866,19.7774,0.0092,31.2738,10.3854,-8.8050,19013.6728,0.0006,NA,NA
SandFall-Win64-Shipping.exe,19588,0x2EC4BC3AB90,DXGI,0,512,1,Hardware: Independent Flip,19033.6028,0.3087,0.1569,0.1518,11.3432,0.1361,0.1361,0.0000,21.7292,9.5096,9.5446,19033.6028,10.2499,NA,NA
SandFall-Win64-Shipping.exe,19588,0x2EC4BC3AB90,DXGI,0,512,1,Hardware: Independent Flip,19033.9115,19.3593,19.1101,0.2492,11.1706,19.6402,19.6311,0.0091,30.9301,9.7623,-9.2009,19033.9115,0.1193,NA,NA
SandFall-Win64-Shipping.exe,19588,0x2EC4BC3AB90,DXGI,0,512,1,Hardware: Independent Flip,19053.2708,0.3108,0.1584,0.1524,11.4515,0.1736,0.1719,0.0017,21.3331,10.2858,9.5970,19053.2708,9.7080,NA,NA
SandFall-Win64-Shipping.exe,19588,0x2EC4BC3AB90,DXGI,0,512,1,Hardware: Independent Flip,19053.5816,19.2088,18.9585,0.2503,11.3143,19.7404,19.7320,0.0084,31.3081,9.6174,-9.9750,19053.5816,0.2534,NA,NA
SandFall-Win64-Shipping.exe,19588,0x2EC4BC3AB90,DXGI,0,512,1,Hardware: Independent Flip,19072.7904,0.3112,0.1550,0.1562,11.8459,0.0984,0.0961,0.0023,21.7167,10.0875,9.5914,19072.7904,9.7724,NA,NA
SandFall-Win64-Shipping.exe,19588,0x2EC4BC3AB90,DXGI,0,512,1,Hardware: Independent Flip,19073.1016,19.1352,18.8964,0.2388,11.6331,19.8593,19.8505,0.0088,31.4930,9.9128,-9.7763,19073.1016,0.0006,NA,NA
SandFall-Win64-Shipping.exe,19588,0x2EC4BC3AB90,DXGI,0,512,1,Hardware: Independent Flip,19092.2368,0.3334,0.1753,0.1581,12.3572,0.1946,0.1946,0.0000,22.2706,10.9154,9.2224,19092.2368,9.7188,NA,NA
SandFall-Win64-Shipping.exe,19588,0x2EC4BC3AB90,DXGI,0,512,1,Hardware: Independent Flip,19092.5702,20.6202,20.2755,0.3447,12.2184,20.6331,20.6250,0.0081,32.8526,10.5172,-10.5820,19092.5702,0.0011,NA,NA
SandFall-Win64-Shipping.exe,19588,0x2EC4BC3AB90,DXGI,0,512,1,Hardware: Independent Flip,19113.1904,0.4148,0.2099,0.2049,12.2313,0.0999,0.0974,0.0025,22.7496,9.3577,10.1030,19113.1904,10.4184,NA,NA
SandFall-Win64-Shipping.exe,19588,0x2EC4BC3AB90,DXGI,0,512,1,Hardware: Independent Flip,19113.6052,19.6233,19.3717,0.2516,11.9164,19.7754,19.7670,0.0084,31.6925,10.2954,-8.9429,19113.6052,0.0007,NA,NA
SandFall-Win64-Shipping.exe,19588,0x2EC4BC3AB90,DXGI,0,512,1,Hardware: Independent Flip,19133.2285,0.3229,0.1618,0.1611,12.0685,0.1420,0.1404,0.0016,22.3646,10.0722,9.3279,19133.2285,10.1541,NA,NA
SandFall-Win64-Shipping.exe,19588,0x2EC4BC3AB90,DXGI,0,512,1,Hardware: Independent Flip,19133.5514,20.3728,20.1110,0.2618,11.8876,20.1202,20.1111,0.0091,32.1139,10.0202,-9.7493,19133.5514,0.1061,NA,NA
SandFall-Win64-Shipping.exe,19588,0x2EC4BC3AB90,DXGI,0,512,1,Hardware: Independent Flip,19153.9242,0.3050,0.1533,0.1517,11.6350,0.1402,0.1386,0.0016,21.7613,9.9988,10.3526,19153.9242,9.9861,NA,NA
SandFall-Win64-Shipping.exe,19588,0x2EC4BC3AB90,DXGI,0,512,1,Hardware: Independent Flip,19154.2292,20.0962,19.7850,0.3112,11.4702,19.8982,19.8912,0.0070,31.4551,9.8533,-9.6938,19154.2292,0.0867,NA,NA
SandFall-Win64-Shipping.exe,19588,0x2EC4BC3AB90,DXGI,0,512,1,Hardware: Independent Flip,19174.3254,0.3802,0.1818,0.1984,11.2722,0.1413,0.1389,0.0024,21.2122,13.2954,10.2429,19174.3254,9.7987,NA,NA
SandFall-Win64-Shipping.exe,19588,0x2EC4BC3AB90,DXGI,0,512,1,Hardware: Independent Flip,19174.7056,19.5212,19.2565,0.2647,11.0333,23.0597,23.0550,0.0047,34.1274,11.5034,-12.9152,19174.7056,0.0344,NA,NA
SandFall-Win64-Shipping.exe,19588,0x2EC4BC3AB90,DXGI,0,512,1,Hardware: Independent Flip,19194.2268,0.3217,0.1625,0.1592,14.5718,0.1492,0.1468,0.0024,26.1096,8.7636,8.0178,19194.2268,11.3886,NA,NA
SandFall-Win64-Shipping.exe,19588,0x2EC4BC3AB90,DXGI,0,512,1,Hardware: Independent Flip,19194.5485,19.0917,18.7886,0.3031,14.3993,20.1517,20.1455,0.0062,34.5515,10.9109,-8.4419,19194.5485,0.0005,NA,NA
SandFall-Win64-Shipping.exe,19588,0x2EC4BC3AB90,DXGI,0,512,1,Hardware: Independent Flip,19213.6402,0.3357,0.1728,0.1629,15.4593,0.1932,0.1932,0.0000,26.3707,9.6478,8.1808,19213.6402,10.7182,NA,NA
SandFall-Win64-Shipping.exe,19588,0x2EC4BC3AB90,DXGI,0,512,1,Hardware: Independent Flip,19213.9759,17.9107,17.6670,0.2437,15.3168,20.1509,20.1442,0.0067,35.6828,9.9229,-9.3121,19213.9759,0.2151,NA,NA
SandFall-Win64-Shipping.exe,19588,0x2EC4BC3AB90,DXGI,0,512,1,Hardware: Independent Flip,19231.8866,0.3115,0.1568,0.1547,17.5570,0.1374,0.1350,0.0024,27.6950,10.8326,7.9878,19231.8866,10.0006,NA,NA
SandFall-Win64-Shipping.exe,19588,0x2EC4BC3AB90,DXGI,0,512,1,Hardware: Independent Flip,19232.1981,21.1906,20.9369,0.2537,17.3829,20.4541,20.4464,0.0077,38.2161,9.7671,-10.5211,19232.1981,0.3791,NA,NA
SandFall-Win64-Shipping.exe,19588,0x2EC4BC3AB90,DXGI,0,512,1,Hardware: Independent Flip,19253.3887,0.3831,0.2096,0.1735,16.6464,0.1084,0.1060,0.0024,26.7926,12.7139,11.4235,19253.3887,10.0378,NA,NA
SandFall-Win64-Shipping.exe,19588,0x2EC4BC3AB90,DXGI,0,512,1,Hardware: Independent Flip,19253.7718,29.9765,29.6929,0.2836,16.3717,22.7508,22.7435,0.0073,39.1234,11.3638,-12.3308,19253.7718,0.0009,NA,NA
SandFall-Win64-Shipping.exe,19588,0x2EC4BC3AB90,DXGI,0,512,1,Hardware: Independent Flip,19283.7483,0.3756,0.1679,0.2077,9.1460,0.1029,0.0983,0.0046,20.5107,9.1384,18.6127,19283.7483,11.2618,NA,NA
SandFall-Win64-Shipping.exe,19588,0x2EC4BC3AB90,DXGI,0,512,1,Hardware: Independent Flip,19284.1239,11.3916,11.1470,0.2446,8.8733,20.3991,20.3920,0.0071,29.2735,11.0170,-8.7628,19284.1239,0.0011,NA,NA
SandFall-Win64-Shipping.exe,19588,0x2EC4BC3AB90,DXGI,0,512,1,Hardware: Independent Flip,19295.5155,0.3064,0.1558,0.1506,17.8808,0.1197,0.1180,0.0017,28.8989,9.5202,0.3746,19295.5155,10.8984,NA,NA
SandFall-Win64-Shipping.exe,19588,0x2EC4BC3AB90,DXGI,0,512,1,Hardware: Independent Flip,19295.8219,19.5820,19.3306,0.2514,17.6941,20.2805,20.2748,0.0057,38.1127,10.0693,-9.2138,19295.8219,0.1381,NA,NA
SandFall-Win64-Shipping.exe,19588,0x2EC4BC3AB90,DXGI,0,512,1,Hardware: Independent Flip,19315.4039,0.3282,0.1715,0.1567,18.3926,0.1312,0.1312,0.0000,28.6000,10.4151,9.5127,19315.4039,10.0762,NA,NA
SandFall-Win64-Shipping.exe,19588,0x2EC4BC3AB90,DXGI,0,512,1,Hardware: Independent Flip,19315.7321,21.0911,20.8367,0.2544,18.1956,20.0690,20.0649,0.0041,38.6869,9.6050,-10.0869,19315.7321,0.4223,NA,NA
SandFall-Win64-Shipping.exe,19588,0x2EC4BC3AB90,DXGI,0,512,1,Hardware: Independent Flip,19336.8232,0.4045,0.2298,0.1747,17.1735,0.1504,0.1475,0.0029,27.2008,10.8484,11.4861,19336.8232,9.8769,NA,NA
SandFall-Win64-Shipping.exe,19588,0x2EC4BC3AB90,DXGI,0,512,1,Hardware: Independent Flip,19337.2277,27.7513,27.4660,0.2853,16.9194,20.7073,20.7031,0.0042,37.6447,10.1933,-10.4439,19337.2277,0.0180,NA,NA
SandFall-Win64-Shipping.exe,19588,0x2EC4BC3AB90,DXGI,0,512,1,Hardware: Independent Flip,19364.9790,0.3341,0.1626,0.1715,9.8754,0.2022,0.2022,0.0000,20.0867,9.8623,17.5580,19364.9790,10.0091,NA,NA
SandFall-Win64-Shipping.exe,19588,0x2EC4BC3AB90,DXGI,0,512,1,Hardware: Independent Flip,19365.3131,16.0385,15.7864,0.2521,9.7435,19.8707,19.8612,0.0095,29.6149,10.2698,-9.5282,19365.3131,0.0007,NA,NA
SandFall-Win64-Shipping.exe,19588,0x2EC4BC3AB90,DXGI,0,512,1,Hardware: Independent Flip,19381.3516,0.3062,0.1531,0.1531,13.5757,0.0924,0.0903,0.0021,23.8462,9.9096,5.7687,19381.3516,10.1781,NA,NA
SandFall-Win64-Shipping.exe,19588,0x2EC4BC3AB90,DXGI,0,512,1,Hardware: Independent Flip,19381.6578,21.1631,20.9173,0.2458,13.3619,20.0868,20.0756,0.0112,33.4496,10.1880,-9.6034,19381.6578,0.0009,NA,NA
SandFall-Win64-Shipping.exe,19588,0x2EC4BC3AB90,DXGI,0,512,1,Hardware: Independent Flip,19402.8209,0.3174,0.1604,0.1570,12.2856,0.1908,0.1908,0.0000,22.4745,9.9778,10.9751,19402.8209,9.9981,NA,NA
SandFall-Win64-Shipping.exe,19588,0x2EC4BC3AB90,DXGI,0,512,1,Hardware: Independent Flip,19403.1383,21.2662,21.0087,0.2575,12.1590,19.9424,19.8911,0.0513,32.1349,9.9643,-9.6604,19403.1383,0.0335,NA,NA
SandFall-Win64-Shipping.exe,19588,0x2EC4BC3AB90,DXGI,0,512,1,Hardware: Independent Flip,19424.4045,0.3211,0.1672,0.1539,10.8352,0.0962,0.0925,0.0037,20.8330,11.2044,11.3019,19424.4045,9.9016,NA,NA
SandFall-Win64-Shipping.exe,19588,0x2EC4BC3AB90,DXGI,0,512,1,Hardware: Independent Flip,19424.7256,19.9688,19.6808,0.2880,10.6103,21.0306,19.9494,1.0812,31.7163,10.4827,-10.8833,19424.7256,0.0754,NA,NA
SandFall-Win64-Shipping.exe,19588,0x2EC4BC3AB90,DXGI,0,512,1,Hardware: Independent Flip,19444.6944,0.3101,0.1578,0.1523,11.6721,0.1198,0.1177,0.0021,22.2302,11.5216,9.4861,19444.6944,10.4383,NA,NA
SandFall-Win64-Shipping.exe,19588,0x2EC4BC3AB90,DXGI,0,512,1,Hardware: Independent Flip,19445.0045,21.3282,21.0871,0.2411,11.4818,21.9595,20.5249,1.4346,33.4417,11.2004,-11.2115,19445.0045,0.0004,NA,NA
SandFall-Win64-Shipping.exe,19588,0x2EC4BC3AB90,DXGI,0,512,1,Hardware: Independent Flip,19466.3327,0.3174,0.1583,0.1591,12.1131,0.0798,0.0775,0.0023,23.3139,9.5856,10.1278,19466.3327,11.1210,NA,NA
SandFall-Win64-Shipping.exe,19588,0x2EC4BC3AB90,DXGI,0,512,1,Hardware: Independent Flip,19466.6501,21.1630,20.8473,0.3157,11.8755,20.7055,19.9546,0.7509,32.5821,10.7720,-9.2682,19466.6501,0.0011,NA,NA
SandFall-Win64-Shipping.exe,19588,0x2EC4BC3AB90,DXGI,0,512,1,Hardware: Independent Flip,19487.8131,0.4161,0.1987,0.2174,11.4180,0.0764,0.0737,0.0027,22.1911,12.6908,10.3910,19487.8131,10.6967,NA,NA
SandFall-Win64-Shipping.exe,19588,0x2EC4BC3AB90,DXGI,0,512,1,Hardware: Independent Flip,19488.2292,22.2501,21.9820,0.2681,11.0783,23.1918,22.0780,1.1138,34.4658,11.4459,-12.2747,19488.2292,0.1957,NA,NA
SandFall-Win64-Shipping.exe,19588,0x2EC4BC3AB90,DXGI,0,512,1,Hardware: Independent Flip,19510.4793,0.3166,0.1588,0.1578,12.0200,0.1385,0.1351,0.0034,23.6616,7.8496,10.8042,19510.4793,11.5031,NA,NA
SandFall-Win64-Shipping.exe,19588,0x2EC4BC3AB90,DXGI,0,512,1,Hardware: Independent Flip,19510.7959,19.0401,18.7907,0.2494,11.8419,19.3515,19.3440,0.0075,31.1946,10.0379,-7.5330,19510.7959,0.0012,NA,NA
SandFall-Win64-Shipping.exe,19588,0x2EC4BC3AB90,DXGI,0,512,1,Hardware: Independent Flip,19529.8360,0.3217,0.1620,0.1597,12.1533,0.1282,0.1257,0.0025,22.1924,9.8676,9.0022,19529.8360,9.9109,NA,NA
SandFall-Win64-Shipping.exe,19588,0x2EC4BC3AB90,DXGI,0,512,1,Hardware: Independent Flip,19530.1577,19.3867,19.0956,0.2911,11.9598,19.5939,19.5842,0.0097,31.7383,9.6770,-9.5459,19530.1577,0.1846,NA,NA
SandFall-Win64-Shipping.exe,19588,0x2EC4BC3AB90,DXGI,0,512,1,Hardware: Independent Flip,19549.5444,0.3256,0.1617,0.1639,12.1670,0.1237,0.1221,0.0016,22.0286,9.6656,9.7097,19549.5444,9.7379,NA,NA
SandFall-Win64-Shipping.exe,19588,0x2EC4BC3AB90,DXGI,0,512,1,Hardware: Independent Flip,19549.8700,19.3406,19.0860,0.2546,11.9651,19.3088,19.2986,0.0102,31.3686,9.4934,-9.3400,19549.8700,0.0947,NA,NA
SandFall-Win64-Shipping.exe,19588,0x2EC4BC3AB90,DXGI,0,512,1,Hardware: Independent Flip,19569.2106,0.3077,0.1563,0.1514,11.9333,0.1405,0.1377,0.0028,21.5214,9.9240,9.8472,19569.2106,9.4476,NA,NA
SandFall-Win64-Shipping.exe,19588,0x2EC4BC3AB90,DXGI,0,512,1,Hardware: Independent Flip,19569.5183,20.9350,20.6840,0.2510,11.7661,19.3343,18.8552,0.4791,31.1377,9.6573,-9.6163,19569.5183,0.0373,NA,NA
SandFall-Win64-Shipping.exe,19588,0x2EC4BC3AB90,DXGI,0,512,1,Hardware: Independent Flip,19590.4533,0.3873,0.1701,0.2172,10.1654,0.1244,0.1228,0.0016,19.8600,11.8883,11.2777,19590.4533,9.5702,NA,NA
SandFall-Win64-Shipping.exe,19588,0x2EC4BC3AB90,DXGI,0,512,1,Hardware: Independent Flip,19590.8406,20.1874,19.9450,0.2424,9.9025,21.4575,19.5060,1.9515,31.3610,10.8510,-11.5010,19590.8406,0.0010,NA,NA
SandFall-Win64-Shipping.exe,19588,0x2EC4BC3AB90,DXGI,0,512,1,Hardware: Independent Flip,19611.0280,0.3388,0.1553,0.1835,11.1726,0.1201,0.1183,0.0018,22.0246,8.9764,9.3364,19611.0280,10.7319,NA,NA
SandFall-Win64-Shipping.exe,19588,0x2EC4BC3AB90,DXGI,0,512,1,Hardware: Independent Flip,19611.3668,22.5356,22.2446,0.2910,10.9539,19.7076,18.8136,0.8940,30.6622,10.5174,-8.6376,19611.3668,0.0007,NA,NA
SandFall-Win64-Shipping.exe,19588,0x2EC4BC3AB90,DXGI,0,512,1,Hardware: Independent Flip,19633.9024,0.3497,0.1806,0.1691,8.1259,0.1099,0.1083,0.0016,18.6440,9.9133,12.0182,19633.9024,10.4082,NA,NA
SandFall-Win64-Shipping.exe,19588,0x2EC4BC3AB90,DXGI,0,512,1,Hardware: Independent Flip,19634.2521,17.7516,17.4994,0.2522,7.8861,20.1801,18.7210,1.4591,28.2076,10.0204,-9.5636,19634.2521,0.1414,NA,NA
SandFall-Win64-Shipping.exe,19588,0x2EC4BC3AB90,DXGI,0,512,1,Hardware: Independent Flip,19652.0037,0.3255,0.1595,0.1660,10.3146,0.1425,0.1407,0.0018,20.4764,9.0547,7.7312,19652.0037,10.0193,NA,NA
SandFall-Win64-Shipping.exe,19588,0x2EC4BC3AB90,DXGI,0,512,1,Hardware: Independent Flip,19652.3292,18.2302,17.9900,0.2402,10.1316,18.8835,18.8709,0.0126,29.2056,9.2182,-8.7292,19652.3292,0.1905,NA,NA
SandFall-Win64-Shipping.exe,19588,0x2EC4BC3AB90,DXGI,0,512,1,Hardware: Independent Flip,19670.5594,0.3488,0.1568,0.1920,10.7849,0.0952,0.0931,0.0021,20.1936,10.7191,9.0120,19670.5594,9.3135,NA,NA
SandFall-Win64-Shipping.exe,19588,0x2EC4BC3AB90,DXGI,0,512,1,Hardware: Independent Flip,19670.9082,19.3323,19.0774,0.2549,10.5313,19.7441,19.1393,0.6048,30.5639,9.5398,-10.3703,19670.9082,0.2885,NA,NA
SandFall-Win64-Shipping.exe,19588,0x2EC4BC3AB90,DXGI,0,512,1,Hardware: Independent Flip,19690.2405,0.3075,0.1562,0.1513,10.9431,0.1173,0.1157,0.0016,20.7714,10.5709,9.7925,19690.2405,9.7110,NA,NA
SandFall-Win64-Shipping.exe,19588,0x2EC4BC3AB90,DXGI,0,512,1,Hardware: Independent Flip,19690.5480,19.8151,19.5530,0.2621,10.7529,20.2810,19.5883,0.6927,31.0348,10.3395,-10.2634,19690.5480,0.0009,NA,NA
SandFall-Win64-Shipping.exe,19588,0x2EC4BC3AB90,DXGI,0,512,1,Hardware: Independent Flip,19710.3631,0.3389,0.1683,0.1706,11.2188,0.1243,0.1223,0.0020,21.5592,9.6994,9.4756,19710.3631,10.2161,NA,NA
SandFall-Win64-Shipping.exe,19588,0x2EC4BC3AB90,DXGI,0,512,1,Hardware: Independent Flip,19710.7020,22.0472,21.7591,0.2881,11.0042,19.9146,19.0471,0.8675,30.9197,10.4024,-9.3605,19710.7020,0.0009,NA,NA
SandFall-Win64-Shipping.exe,19588,0x2EC4BC3AB90,DXGI,0,512,1,Hardware: Independent Flip,19732.7492,0.3404,0.1645,0.1759,8.8716,0.1180,0.1164,0.0016,19.2749,8.8911,11.6448,19732.7492,10.2853,NA,NA
SandFall-Win64-Shipping.exe,19588,0x2EC4BC3AB90,DXGI,0,512,1,Hardware: Independent Flip,19733.0896,14.7845,14.4866,0.2979,8.6492,19.1758,19.1637,0.0121,27.8256,9.6582,-8.5507,19733.0896,0.0006,NA,NA
SandFall-Win64-Shipping.exe,19588,0x2EC4BC3AB90,DXGI,0,512,1,Hardware: Independent Flip,19747.8741,0.3899,0.2277,0.1622,13.0405,0.0954,0.0935,0.0019,22.6993,9.5817,5.1263,19747.8741,9.5634,NA,NA
SandFall-Win64-Shipping.exe,19588,0x2EC4BC3AB90,DXGI,0,512,1,Hardware: Independent Flip,19748.2640,19.1598,18.8651,0.2947,12.7460,18.8070,18.7985,0.0085,31.8911,9.1088,-9.1918,19748.2640,0.3381,NA,NA
SandFall-Win64-Shipping.exe,19588,0x2EC4BC3AB90,DXGI,0,512,1,Hardware: Independent Flip,19767.4238,0.3331,0.1699,0.1632,12.3932,0.0991,0.0991,0.0000,21.8401,12.0880,10.0510,19767.4238,9.3478,NA,NA
SandFall-Win64-Shipping.exe,19588,0x2EC4BC3AB90,DXGI,0,512,1,Hardware: Independent Flip,19767.7569,20.1266,19.8213,0.3053,12.1592,21.3139,21.3077,0.0062,33.5950,10.3946,-11.7549,19767.7569,0.1219,NA,NA
SandFall-Win64-Shipping.exe,19588,0x2EC4BC3AB90,DXGI,0,512,1,Hardware: Independent Flip,19787.8835,0.3451,0.1707,0.1744,13.3465,0.1397,0.1397,0.0000,23.8630,8.1058,9.7320,19787.8835,10.3768,NA,NA
SandFall-Win64-Shipping.exe,19588,0x2EC4BC3AB90,DXGI,0,512,1,Hardware: Independent Flip,19788.2286,16.9171,16.6341,0.2830,13.1411,18.4815,18.4730,0.0085,31.6237,9.5831,-7.7607,19788.2286,0.0011,NA,NA
SandFall-Win64-Shipping.exe,19588,0x2EC4BC3AB90,DXGI,0,512,1,Hardware: Independent Flip,19805.1457,0.3687,0.1610,0.2077,14.7055,0.1493,0.1475,0.0018,24.2897,9.5902,7.3340,19805.1457,9.4349,NA,NA
SandFall-Win64-Shipping.exe,19588,0x2EC4BC3AB90,DXGI,0,512,1,Hardware: Independent Flip,19805.5144,21.3257,20.8541,0.4716,14.4861,19.0247,19.0174,0.0073,33.5112,9.7795,-9.2215,19805.5144,0.0004,NA,NA
SandFall-Win64-Shipping.exe,19588,0x2EC4BC3AB90,DXGI,0,512,1,Hardware: Independent Flip,19826.8401,0.3980,0.1951,0.2029,12.1851,0.1622,0.1596,0.0026,21.9650,9.1891,11.5462,19826.8401,9.6177,NA,NA
SandFall-Win64-Shipping.exe,19588,0x2EC4BC3AB90,DXGI,0,512,1,Hardware: Independent Flip,19827.2381,15.3550,15.0957,0.2593,11.9493,18.8062,18.7982,0.0080,30.7561,9.5482,-8.7911,19827.2381,0.0006,NA,NA
SandFall-Win64-Shipping.exe,19588,0x2EC4BC3AB90,DXGI,0,512,1,Hardware: Independent Flip,19842.5931,0.3648,0.1962,0.1686,15.4005,0.0952,0.0936,0.0016,24.9493,9.2375,5.8068,19842.5931,9.4536,NA,NA
SandFall-Win64-Shipping.exe,19588,0x2EC4BC3AB90,DXGI,0,512,1,Hardware: Independent Flip,19842.9579,23.9138,23.5880,0.3258,15.1309,18.6185,18.6110,0.0075,33.8220,9.2933,-8.8727,19842.9579,0.0726,NA,NA
SandFall-Win64-Shipping.exe,19588,0x2EC4BC3AB90,DXGI,0,512,1,Hardware: Independent Flip,19866.8717,0.4207,0.1933,0.2274,9.8356,0.1683,0.1665,0.0018,19.2015,9.6952,14.6205,19866.8717,9.1976,NA,NA
SandFall-Win64-Shipping.exe,19588,0x2EC4BC3AB90,DXGI,0,512,1,Hardware: Independent Flip,19867.2924,15.8142,15.5215,0.2927,9.5832,18.7845,18.7727,0.0118,28.4760,9.3253,-9.2745,19867.2924,0.1083,NA,NA
SandFall-Win64-Shipping.exe,19588,0x2EC4BC3AB90,DXGI,0,512,1,Hardware: Independent Flip,19883.1066,0.3272,0.1683,0.1589,12.5535,0.1484,0.1468,0.0016,21.9871,9.7916,6.4889,19883.1066,9.2852,NA,NA
SandFall-Win64-Shipping.exe,19588,0x2EC4BC3AB90,DXGI,0,512,1,Hardware: Independent Flip,19883.4338,18.6190,18.3414,0.2776,12.3747,19.0763,19.0650,0.0113,31.4515,9.5584,-9.4644,19883.4338,0.0005,NA,NA
SandFall-Win64-Shipping.exe,19588,0x2EC4BC3AB90,DXGI,0,512,1,Hardware: Independent Flip,19902.0528,0.3202,0.1691,0.1511,12.8320,0.0971,0.0954,0.0017,22.3909,9.8793,9.0606,19902.0528,9.4618,NA,NA
SandFall-Win64-Shipping.exe,19588,0x2EC4BC3AB90,DXGI,0,512,1,Hardware: Independent Flip,19902.3730,19.6009,19.3540,0.2469,12.6089,19.3402,19.3308,0.0094,31.9500,9.8286,-9.5591,19902.3730,0.0009,NA,NA
SandFall-Win64-Shipping.exe,19588,0x2EC4BC3AB90,DXGI,0,512,1,Hardware: Independent Flip,19921.9739,0.3399,0.1805,0.1594,12.3482,0.0925,0.0909,0.0016,22.1777,9.0120,9.7723,19921.9739,9.7370,NA,NA
SandFall-Win64-Shipping.exe,19588,0x2EC4BC3AB90,DXGI,0,512,1,Hardware: Independent Flip,19922.3138,18.6736,18.3878,0.2858,12.1008,18.7485,18.7399,0.0086,30.8498,9.5912,-8.6721,19922.3138,0.0005,NA,NA
SandFall-Win64-Shipping.exe,19588,0x2EC4BC3AB90,DXGI,0,512,1,Hardware: Independent Flip,19940.9874,0.3789,0.1688,0.2101,12.1757,0.1576,0.1538,0.0038,21.7674,12.0090,9.0824,19940.9874,9.4341,NA,NA
SandFall-Win64-Shipping.exe,19588,0x2EC4BC3AB90,DXGI,0,512,1,Hardware: Independent Flip,19941.3663,20.2040,19.9560,0.2480,11.9544,21.3294,21.3190,0.0104,33.3975,10.5653,-11.6301,19941.3663,0.1137,NA,NA
SandFall-Win64-Shipping.exe,19588,0x2EC4BC3AB90,DXGI,0,512,1,Hardware: Independent Flip,19961.5703,0.3136,0.1599,0.1537,13.0798,0.1835,0.1817,0.0018,23.7588,8.4340,9.6387,19961.5703,10.4955,NA,NA
SandFall-Win64-Shipping.exe,19588,0x2EC4BC3AB90,DXGI,0,512,1,Hardware: Independent Flip,19961.8839,18.8789,18.6166,0.2623,12.9497,18.9289,18.9211,0.0078,31.8792,9.9257,-8.1204,19961.8839,0.0006,NA,NA
SandFall-Win64-Shipping.exe,19588,0x2EC4BC3AB90,DXGI,0,512,1,Hardware: Independent Flip,19980.7628,0.3978,0.2039,0.1939,12.9997,0.0920,0.0904,0.0016,22.9260,8.7347,8.9532,19980.7628,9.8343,NA,NA
SandFall-Win64-Shipping.exe,19588,0x2EC4BC3AB90,DXGI,0,512,1,Hardware: Independent Flip,19981.1606,22.2144,21.8993,0.3151,12.6939,18.3760,18.3327,0.0433,31.2629,9.0319,-8.3369,19981.1606,0.1930,NA,NA
SandFall-Win64-Shipping.exe,19588,0x2EC4BC3AB90,DXGI,0,512,1,Hardware: Independent Flip,20003.3750,0.3641,0.1821,0.1820,8.8555,0.0919,0.0903,0.0016,18.0804,9.8122,13.1825,20003.3750,9.1330,NA,NA
SandFall-Win64-Shipping.exe,19588,0x2EC4BC3AB90,DXGI,0,512,1,Hardware: Independent Flip,20003.7391,15.7681,15.5094,0.2587,8.5833,18.6062,18.5932,0.0130,27.5285,8.9145,-9.4481,20003.7391,0.3390,NA,NA
SandFall-Win64-Shipping.exe,19588,0x2EC4BC3AB90,DXGI,0,512,1,Hardware: Independent Flip,20019.5072,0.3254,0.1613,0.1641,11.4214,0.1586,0.1566,0.0020,20.6749,9.4091,6.8536,20019.5072,9.0949,NA,NA
SandFall-Win64-Shipping.exe,19588,0x2EC4BC3AB90,DXGI,0,512,1,Hardware: Independent Flip,20019.8326,19.2067,18.9576,0.2491,11.2546,18.5019,18.4926,0.0093,29.7586,9.1840,-9.0837,20019.8326,0.0021,NA,NA
SandFall-Win64-Shipping.exe,19588,0x2EC4BC3AB90,DXGI,0,512,1,Hardware: Independent Flip,20039.0393,0.3375,0.1569,0.1806,10.5498,0.1041,0.0943,0.0098,19.7359,12.0393,10.0227,20039.0393,9.0820,NA,NA
SandFall-Win64-Shipping.exe,19588,0x2EC4BC3AB90,DXGI,0,512,1,Hardware: Independent Flip,20039.3768,20.3767,20.1030,0.2737,10.3164,21.1207,19.3507,1.7700,31.4377,10.8041,-11.7018,20039.3768,0.0006,NA,NA
SandFall-Win64-Shipping.exe,19588,0x2EC4BC3AB90,DXGI,0,512,1,Hardware: Independent Flip,20059.7535,0.3140,0.1589,0.1551,11.0604,0.1372,0.1355,0.0017,21.8651,8.2850,9.5726,20059.7535,10.6675,NA,NA
SandFall-Win64-Shipping.exe,19588,0x2EC4BC3AB90,DXGI,0,512,1,Hardware: Independent Flip,20060.0675,18.1013,17.8335,0.2678,10.8836,18.9514,18.9389,0.0125,29.8361,9.9628,-7.9710,20060.0675,0.0011,NA,NA
SandFall-Win64-Shipping.exe,19588,0x2EC4BC3AB90,DXGI,0,512,1,Hardware: Independent Flip,20078.1688,0.3598,0.1670,0.1928,11.7337,0.0916,0.0899,0.0017,21.6976,8.9639,8.1385,20078.1688,9.8723,NA,NA
SandFall-Win64-Shipping.exe,19588,0x2EC4BC3AB90,DXGI,0,512,1,Hardware: Independent Flip,20078.5286,20.6981,20.3991,0.2990,11.4655,18.8355,18.3576,0.4779,30.3017,9.5085,-8.6041,20078.5286,0.0007,NA,NA
SandFall-Win64-Shipping.exe,19588,0x2EC4BC3AB90,DXGI,0,512,1,Hardware: Independent Flip,20099.2267,0.3612,0.1832,0.1780,9.6029,0.1912,0.1912,0.0000,19.1121,9.6270,11.1896,20099.2267,9.3180,NA,NA
SandFall-Win64-Shipping.exe,19588,0x2EC4BC3AB90,DXGI,0,512,1,Hardware: Independent Flip,20099.5879,19.9645,19.6131,0.3514,9.4329,18.7302,18.7165,0.0137,28.3779,9.2162,-9.2658,20099.5879,0.2148,NA,NA
SandFall-Win64-Shipping.exe,19588,0x2EC4BC3AB90,DXGI,0,512,1,Hardware: Independent Flip,20119.5524,0.3704,0.1879,0.1825,8.1986,0.0769,0.0752,0.0017,17.6296,9.7413,10.7483,20119.5524,9.3541,NA,NA
SandFall-Win64-Shipping.exe,19588,0x2EC4BC3AB90,DXGI,0,512,1,Hardware: Independent Flip,20119.9228,16.4864,16.2195,0.2669,7.9051,19.0666,18.3585,0.7081,27.0005,9.3538,-9.3709,20119.9228,0.0288,NA,NA
SandFall-Win64-Shipping.exe,19588,0x2EC4BC3AB90,DXGI,0,512,1,Hardware: Independent Flip,20136.4092,0.3336,0.1686,0.1650,10.4853,0.0963,0.0947,0.0016,19.8679,8.7011,7.1326,20136.4092,9.2863,NA,NA
SandFall-Win64-Shipping.exe,19588,0x2EC4BC3AB90,DXGI,0,512,1,Hardware: Independent Flip,20136.7428,18.0331,17.7968,0.2363,10.2480,17.9867,17.8941,0.0926,28.2354,9.1502,-8.3675,20136.7428,0.0007,NA,NA
SandFall-Win64-Shipping.exe,19588,0x2EC4BC3AB90,DXGI,0,512,1,Hardware: Independent Flip,20154.7759,0.3322,0.1763,0.1559,10.2016,0.1756,0.1756,0.0000,19.3525,10.7688,8.8829,20154.7759,8.9753,NA,NA
SandFall-Win64-Shipping.exe,19588,0x2EC4BC3AB90,DXGI,0,512,1,Hardware: Independent Flip,20155.1081,20.8371,20.5508,0.2863,10.0450,19.6409,18.1411,1.4998,29.7891,9.7976,-10.4366,20155.1081,0.1032,NA,NA
SandFall-Win64-Shipping.exe,19588,0x2EC4BC3AB90,DXGI,0,512,1,Hardware: Independent Flip,20175.9452,0.3417,0.1720,0.1697,8.8488,0.1397,0.1382,0.0015,18.7496,8.3660,11.0395,20175.9452,9.7611,NA,NA
SandFall-Win64-Shipping.exe,19588,0x2EC4BC3AB90,DXGI,0,512,1,Hardware: Independent Flip,20176.2869,16.4483,16.1959,0.2524,8.6468,18.1264,18.1099,0.0165,26.7739,9.2477,-8.0243,20176.2869,0.0007,NA,NA
SandFall-Win64-Shipping.exe,19588,0x2EC4BC3AB90,DXGI,0,512,1,Hardware: Independent Flip,20192.7352,0.3092,0.1544,0.1548,10.3249,0.1198,0.1174,0.0024,19.5733,8.9586,7.2006,20192.7352,9.1286,NA,NA
SandFall-Win64-Shipping.exe,19588,0x2EC4BC3AB90,DXGI,0,512,1,Hardware: Independent Flip,20193.0444,17.8127,17.5703,0.2424,10.1355,17.9920,17.9797,0.0123,28.2227,8.9394,-8.6494,20193.0444,0.0952,NA,NA
SandFall-Win64-Shipping.exe,19588,0x2EC4BC3AB90,DXGI,0,512,1,Hardware: Independent Flip,20210.8571,0.3117,0.1531,0.1586,10.3148,0.1084,0.1059,0.0025,19.3494,10.6801,8.8733,20210.8571,8.9262,NA,NA
SandFall-Win64-Shipping.exe,19588,0x2EC4BC3AB90,DXGI,0,512,1,Hardware: Independent Flip,20211.1688,19.2974,19.0281,0.2693,10.1115,19.4869,18.2692,1.2177,29.7178,9.6570,-10.3684,20211.1688,0.1194,NA,NA
SandFall-Win64-Shipping.exe,19588,0x2EC4BC3AB90,DXGI,0,512,1,Hardware: Independent Flip,20230.4662,0.3262,0.1626,0.1636,10.3010,0.1399,0.1382,0.0017,20.0774,8.6369,9.6404,20230.4662,9.6365,NA,NA
SandFall-Win64-Shipping.exe,19588,0x2EC4BC3AB90,DXGI,0,512,1,Hardware: Independent Flip,20230.7924,21.0205,20.7249,0.2956,10.1147,18.2727,17.9175,0.3552,28.3881,9.3647,-8.3107,20230.7924,0.0007,NA,NA
SandFall-Win64-Shipping.exe,19588,0x2EC4BC3AB90,DXGI,0,512,1,Hardware: Independent Flip,20251.8129,0.3385,0.1685,0.1700,7.3669,0.0920,0.0904,0.0016,16.7323,8.6015,11.6558,20251.8129,9.2734,NA,NA
SandFall-Win64-Shipping.exe,19588,0x2EC4BC3AB90,DXGI,0,512,1,Hardware: Independent Flip,20252.1514,14.9476,14.6243,0.3233,7.1204,17.8741,17.8668,0.0073,24.9953,9.0154,-8.2630,20252.1514,0.0008,NA,NA
SandFall-Win64-Shipping.exe,19588,0x2EC4BC3AB90,DXGI,0,512,1,Hardware: Independent Flip,20267.0990,0.3711,0.1825,0.1886,10.0469,0.1915,0.1915,0.0000,19.0631,9.5303,5.9322,20267.0990,8.8247,NA,NA
SandFall-Win64-Shipping.exe,19588,0x2EC4BC3AB90,DXGI,0,512,1,Hardware: Independent Flip,20267.4701,17.4672,17.2117,0.2555,9.8673,18.1868,18.1769,0.0099,28.2223,9.0365,-9.1592,20267.4701,0.1682,NA,NA
SandFall-Win64-Shipping.exe,19588,0x2EC4BC3AB90,DXGI,0,512,1,Hardware: Independent Flip,20284.9373,0.3307,0.1620,0.1687,10.5869,0.1693,0.1677,0.0016,19.7916,8.6361,8.4307,20284.9373,9.0354,NA,NA
SandFall-Win64-Shipping.exe,19588,0x2EC4BC3AB90,DXGI,0,512,1,Hardware: Independent Flip,20285.2680,16.7764,16.5265,0.2499,10.4255,17.6706,17.6565,0.0141,28.0970,8.9105,-8.3054,20285.2680,0.0009,NA,NA
SandFall-Win64-Shipping.exe,19588,0x2EC4BC3AB90,DXGI,0,512,1,Hardware: Independent Flip,20302.0444,0.3443,0.1682,0.1761,11.3197,0.1608,0.1568,0.0040,20.2311,9.8688,7.8659,20302.0444,8.7506,NA,NA
SandFall-Win64-Shipping.exe,19588,0x2EC4BC3AB90,DXGI,0,512,1,Hardware: Independent Flip,20302.3887,17.8764,17.6049,0.2715,11.1362,18.5931,18.5803,0.0128,29.7556,9.2785,-9.5245,20302.3887,0.0263,NA,NA
SandFall-Win64-Shipping.exe,19588,0x2EC4BC3AB90,DXGI,0,512,1,Hardware: Independent Flip,20320.2651,0.3993,0.2230,0.1763,11.8529,0.1014,0.0996,0.0018,21.1577,8.5575,8.5979,20320.2651,9.2034,NA,NA
SandFall-Win64-Shipping.exe,19588,0x2EC4BC3AB90,DXGI,0,512,1,Hardware: Independent Flip,20320.6644,17.2883,17.0403,0.2480,11.5550,17.7601,17.7530,0.0071,29.3159,9.0718,-8.1582,20320.6644,0.0008,NA,NA
SandFall-Win64-Shipping.exe,19588,0x2EC4BC3AB90,DXGI,0,512,1,Hardware: Independent Flip,20337.9527,0.3361,0.1565,0.1796,12.0268,0.0924,0.0908,0.0016,21.0994,8.5277,8.2165,20337.9527,8.9802,NA,NA
SandFall-Win64-Shipping.exe,19588,0x2EC4BC3AB90,DXGI,0,512,1,Hardware: Independent Flip,20338.2888,18.6104,18.3446,0.2658,11.7831,17.4654,17.4525,0.0129,29.2910,8.7301,-8.1916,20338.2888,0.0425,NA,NA
SandFall-Win64-Shipping.exe,19588,0x2EC4BC3AB90,DXGI,0,512,1,Hardware: Independent Flip,20356.8992,0.3616,0.1892,0.1724,10.6381,0.0823,0.0786,0.0037,19.4107,9.3756,9.8803,20356.8992,8.6903,NA,NA
SandFall-Win64-Shipping.exe,19588,0x2EC4BC3AB90,DXGI,0,512,1,Hardware: Independent Flip,20357.2608,19.3181,19.0362,0.2819,10.3588,17.9086,17.5190,0.3896,28.4247,8.8309,-9.0140,20357.2608,0.1573,NA,NA
SandFall-Win64-Shipping.exe,19588,0x2EC4BC3AB90,DXGI,0,512,1,Hardware: Independent Flip,20376.5789,0.3392,0.1657,0.1735,8.9493,0.1569,0.1569,0.0000,17.9375,8.5314,10.4872,20376.5789,8.8313,NA,NA
SandFall-Win64-Shipping.exe,19588,0x2EC4BC3AB90,DXGI,0,512,1,Hardware: Independent Flip,20376.9181,15.4224,15.1730,0.2494,8.7670,17.3621,17.3533,0.0088,26.1297,8.7243,-8.1922,20376.9181,0.0006,NA,NA
SandFall-Win64-Shipping.exe,19588,0x2EC4BC3AB90,DXGI,0,512,1,Hardware: Independent Flip,20392.3405,0.3065,0.1563,0.1502,10.7067,0.1280,0.1264,0.0016,19.4316,8.7425,6.6981,20392.3405,8.5969,NA,NA
SandFall-Win64-Shipping.exe,19588,0x2EC4BC3AB90,DXGI,0,512,1,Hardware: Independent Flip,20392.6470,17.7203,17.4702,0.2501,10.5282,17.3385,17.3273,0.0112,27.8676,8.7186,-8.4360,20392.6470,0.0009,NA,NA
SandFall-Win64-Shipping.exe,19588,0x2EC4BC3AB90,DXGI,0,512,1,Hardware: Independent Flip,20410.3673,0.3124,0.1581,0.1543,10.1464,0.0982,0.0966,0.0016,18.8659,9.0709,9.0017,20410.3673,8.6213,NA,NA
SandFall-Win64-Shipping.exe,19588,0x2EC4BC3AB90,DXGI,0,512,1,Hardware: Independent Flip,20410.6797,17.7252,17.4841,0.2411,9.9322,17.6913,17.5894,0.1019,27.6244,8.9010,-8.7585,20410.6797,0.0009,NA,NA
SandFall-Win64-Shipping.exe,19588,0x2EC4BC3AB90,DXGI,0,512,1,Hardware: Independent Flip,20428.4049,0.3271,0.1598,0.1673,9.8983,0.0947,0.0930,0.0017,18.8002,8.6616,8.8242,20428.4049,8.8072,NA,NA
SandFall-Win64-Shipping.exe,19588,0x2EC4BC3AB90,DXGI,0,512,1,Hardware: Independent Flip,20428.7320,16.9434,16.6855,0.2579,9.6659,17.4676,17.4547,0.0129,27.1347,8.8380,-8.3345,20428.7320,0.0012,NA,NA
SandFall-Win64-Shipping.exe,19588,0x2EC4BC3AB90,DXGI,0,512,1,Hardware: Independent Flip,20445.6754,0.3286,0.1626,0.1660,10.1901,0.1012,0.0988,0.0024,19.0293,9.2484,8.1054,20445.6754,8.7380,NA,NA
SandFall-Win64-Shipping.exe,19588,0x2EC4BC3AB90,DXGI,0,512,1,Hardware: Independent Flip,20446.0040,18.2091,17.9471,0.2620,9.9627,17.9856,17.2664,0.7192,27.9491,9.0625,-8.9198,20446.0040,0.0008,NA,NA
SandFall-Win64-Shipping.exe,19588,0x2EC4BC3AB90,DXGI,0,512,1,Hardware: Independent Flip,20464.2131,0.3465,0.1681,0.1784,9.7392,0.1940,0.1940,0.0000,18.8025,8.4637,9.1466,20464.2131,8.8693,NA,NA
SandFall-Win64-Shipping.exe,19588,0x2EC4BC3AB90,DXGI,0,512,1,Hardware: Independent Flip,20464.5596,17.4909,17.2206,0.2703,9.5867,17.3321,17.3216,0.0105,26.9197,8.8468,-8.1172,20464.5596,0.0009,NA,NA
SandFall-Win64-Shipping.exe,19588,0x2EC4BC3AB90,DXGI,0,512,1,Hardware: Independent Flip,20482.0505,0.3534,0.1631,0.1903,9.4279,0.1081,0.1064,0.0017,18.2756,10.0316,8.6441,20482.0505,8.7396,NA,NA
SandFall-Win64-Shipping.exe,19588,0x2EC4BC3AB90,DXGI,0,512,1,Hardware: Independent Flip,20482.4039,19.4433,19.1718,0.2715,9.1826,18.7121,17.5661,1.1460,27.9538,9.3437,-9.6782,20482.4039,0.0591,NA,NA
SandFall-Win64-Shipping.exe,19588,0x2EC4BC3AB90,DXGI,0,512,1,Hardware: Independent Flip,20501.8472,0.3695,0.1728,0.1967,8.4514,0.1340,0.1315,0.0025,17.8542,7.9645,10.0996,20501.8472,9.2688,NA,NA
SandFall-Win64-Shipping.exe,19588,0x2EC4BC3AB90,DXGI,0,512,1,Hardware: Independent Flip,20502.2167,17.1212,16.7354,0.3858,8.2159,17.2314,17.2172,0.0142,25.4492,8.6191,-7.5950,20502.2167,0.0019,NA,NA
SandFall-Win64-Shipping.exe,19588,0x2EC4BC3AB90,DXGI,0,512,1,Hardware: Independent Flip,20519.3379,0.3570,0.1846,0.1724,8.3261,0.1049,0.1026,0.0023,16.9471,9.4427,8.5021,20519.3379,8.5161,NA,NA
SandFall-Win64-Shipping.exe,19588,0x2EC4BC3AB90,DXGI,0,512,1,Hardware: Independent Flip,20519.6949,16.2019,15.9122,0.2897,8.0740,17.9581,17.4044,0.5537,26.0328,9.1425,-9.0857,20519.6949,0.0007,NA,NA
SandFall-Win64-Shipping.exe,19588,0x2EC4BC3AB90,DXGI,0,512,1,Hardware: Independent Flip,20535.8968,0.3790,0.2032,0.1758,9.8302,0.1271,0.1247,0.0024,18.9734,8.5867,7.0594,20535.8968,9.0161,NA,NA
SandFall-Win64-Shipping.exe,19588,0x2EC4BC3AB90,DXGI,0,512,1,Hardware: Independent Flip,20536.2758,16.3177,16.0645,0.2532,9.5783,17.6022,17.5910,0.0112,27.1811,8.9931,-8.2077,20536.2758,0.0006,NA,NA
SandFall-Win64-Shipping.exe,19588,0x2EC4BC3AB90,DXGI,0,512,1,Hardware: Independent Flip,20552.5935,0.3253,0.1638,0.1615,10.8628,0.0962,0.0945,0.0017,19.8565,8.4721,7.3246,20552.5935,8.8975,NA,NA
SandFall-Win64-Shipping.exe,19588,0x2EC4BC3AB90,DXGI,0,512,1,Hardware: Independent Flip,20552.9188,16.9489,16.6501,0.2988,10.6337,17.3688,17.3618,0.0070,28.0033,8.7752,-8.1468,20552.9188,0.0008,NA,NA
SandFall-Win64-Shipping.exe,19588,0x2EC4BC3AB90,DXGI,0,512,1,Hardware: Independent Flip,20569.8677,0.3439,0.1766,0.1673,11.0536,0.1180,0.1158,0.0022,19.8296,8.8326,8.1737,20569.8677,8.6580,NA,NA
SandFall-Win64-Shipping.exe,19588,0x2EC4BC3AB90,DXGI,0,512,1,Hardware: Independent Flip,20570.2116,18.1940,17.8333,0.3607,10.8277,17.4426,17.4284,0.0142,28.3183,8.7204,-8.4887,20570.2116,0.0480,NA,NA
SandFall-Win64-Shipping.exe,19588,0x2EC4BC3AB90,DXGI,0,512,1,Hardware: Independent Flip,20588.4056,0.3624,0.1713,0.1911,10.0763,0.1117,0.1117,0.0000,18.8447,8.7849,9.4736,20588.4056,8.6567,NA,NA
SandFall-Win64-Shipping.exe,19588,0x2EC4BC3AB90,DXGI,0,512,1,Hardware: Independent Flip,20588.7680,17.1735,16.9035,0.2700,9.8256,17.4291,17.4219,0.0072,27.2672,8.7334,-8.4225,20588.7680,0.0125,NA,NA
SandFall-Win64-Shipping.exe,19588,0x2EC4BC3AB90,DXGI,0,512,1,Hardware: Independent Flip,20605.9415,0.3594,0.1734,0.1860,10.0812,0.1383,0.1383,0.0000,18.8271,10.8415,8.4401,20605.9415,8.6076,NA,NA
SandFall-Win64-Shipping.exe,19588,0x2EC4BC3AB90,DXGI,0,512,1,Hardware: Independent Flip,20606.3009,16.7686,16.4879,0.2807,9.8601,19.4481,19.4387,0.0094,29.3092,9.7987,-10.4821,20606.3009,0.0010,NA,NA
SandFall-Win64-Shipping.exe,19588,0x2EC4BC3AB90,DXGI,0,512,1,Hardware: Independent Flip,20623.0695,0.3387,0.1663,0.1724,12.5396,0.2054,0.2054,0.0000,22.3393,8.3681,6.9699,20623.0695,9.5943,NA,NA
SandFall-Win64-Shipping.exe,19588,0x2EC4BC3AB90,DXGI,0,512,1,Hardware: Independent Flip,20623.4082,17.9740,17.6510,0.3230,12.4063,17.9616,17.9551,0.0065,30.3687,9.2629,-8.0294,20623.4082,0.0008,NA,NA
SandFall-Win64-Shipping.exe,19588,0x2EC4BC3AB90,DXGI,0,512,1,Hardware: Independent Flip,20641.3822,0.4020,0.1838,0.2182,12.3939,0.1074,0.1056,0.0018,21.6576,8.7515,8.7111,20641.3822,9.1563,NA,NA
SandFall-Win64-Shipping.exe,19588,0x2EC4BC3AB90,DXGI,0,512,1,Hardware: Independent Flip,20641.7842,15.6196,15.3001,0.3195,12.0993,17.9068,17.8987,0.0081,30.0071,9.1056,-8.3495,20641.7842,0.0010,NA,NA
SandFall-Win64-Shipping.exe,19588,0x2EC4BC3AB90,DXGI,0,512,1,Hardware: Independent Flip,20657.4038,0.3846,0.2013,0.1833,14.3865,0.1419,0.1399,0.0020,23.4931,9.0932,6.5140,20657.4038,8.9647,NA,NA
SandFall-Win64-Shipping.exe,19588,0x2EC4BC3AB90,DXGI,0,512,1,Hardware: Independent Flip,20657.7884,16.5359,16.2552,0.2807,14.1438,17.9822,17.9769,0.0053,32.2017,8.9780,-8.7086,20657.7884,0.0757,NA,NA
SandFall-Win64-Shipping.exe,19588,0x2EC4BC3AB90,DXGI,0,512,1,Hardware: Independent Flip,20674.3243,0.3806,0.1802,0.2004,15.5901,0.1556,0.1537,0.0019,24.6438,9.5208,7.5579,20674.3243,8.8981,NA,NA
SandFall-Win64-Shipping.exe,19588,0x2EC4BC3AB90,DXGI,0,512,1,Hardware: Independent Flip,20674.7049,22.9573,22.6494,0.3079,15.3651,18.3929,18.3885,0.0044,33.7840,9.1395,-9.1402,20674.7049,0.0260,NA,NA
SandFall-Win64-Shipping.exe,19588,0x2EC4BC3AB90,DXGI,0,512,1,Hardware: Independent Flip,20697.6622,0.3649,0.1931,0.1718,10.8007,0.1057,0.1039,0.0018,19.9662,9.0623,13.8178,20697.6622,9.0598,NA,NA
SandFall-Win64-Shipping.exe,19588,0x2EC4BC3AB90,DXGI,0,512,1,Hardware: Independent Flip,20698.0271,13.3453,13.0997,0.2456,10.5415,18.1215,18.1150,0.0065,28.6636,9.1453,-8.6974,20698.0271,0.0006,NA,NA
SandFall-Win64-Shipping.exe,19588,0x2EC4BC3AB90,DXGI,0,512,1,Hardware: Independent Flip,20711.3724,0.3338,0.1672,0.1666,15.3177,0.1181,0.1163,0.0018,24.4636,9.3197,4.2000,20711.3724,9.0278,NA,NA
SandFall-Win64-Shipping.exe,19588,0x2EC4BC3AB90,DXGI,0,512,1,Hardware: Independent Flip,20711.7062,19.3164,19.0321,0.2843,15.1020,18.3466,18.3361,0.0105,33.4495,9.2372,-8.9859,20711.7062,0.0009,NA,NA
SandFall-Win64-Shipping.exe,19588,0x2EC4BC3AB90,DXGI,0,512,1,Hardware: Independent Flip,20731.0226,0.3565,0.1687,0.1878,14.1322,0.1089,0.1071,0.0018,23.3703,8.9291,10.0792,20731.0226,9.1292,NA,NA
SandFall-Win64-Shipping.exe,19588,0x2EC4BC3AB90,DXGI,0,512,1,Hardware: Independent Flip,20731.3791,16.5140,16.2632,0.2508,13.8846,18.0577,18.0492,0.0085,31.9429,9.1526,-8.5726,20731.3791,0.0006,NA,NA
SandFall-Win64-Shipping.exe,19588,0x2EC4BC3AB90,DXGI,0,512,1,Hardware: Independent Flip,20747.8931,0.3355,0.1751,0.1604,15.4283,0.2030,0.2030,0.0000,24.5815,9.4586,7.3614,20747.8931,8.9502,NA,NA
SandFall-Win64-Shipping.exe,19588,0x2EC4BC3AB90,DXGI,0,512,1,Hardware: Independent Flip,20748.2286,22.8194,22.5439,0.2755,15.2958,18.3739,18.3655,0.0084,33.7046,9.2448,-9.1231,20748.2286,0.0349,NA,NA
SandFall-Win64-Shipping.exe,19588,0x2EC4BC3AB90,DXGI,0,512,1,Hardware: Independent Flip,20771.0480,0.3336,0.1702,0.1634,10.8503,0.1489,0.1463,0.0026,20.1300,11.6485,13.5746,20771.0480,9.1308,NA,NA
SandFall-Win64-Shipping.exe,19588,0x2EC4BC3AB90,DXGI,0,512,1,Hardware: Independent Flip,20771.3816,15.5295,15.2460,0.2835,10.6656,20.7785,20.7694,0.0091,31.4449,10.5068,-11.3149,20771.3816,0.0008,NA,NA
SandFall-Win64-Shipping.exe,19588,0x2EC4BC3AB90,DXGI,0,512,1,Hardware: Independent Flip,20786.9111,0.3457,0.1790,0.1667,15.9146,0.1487,0.1462,0.0025,26.4222,7.5366,5.0227,20786.9111,10.3589,NA,NA
SandFall-Win64-Shipping.exe,19588,0x2EC4BC3AB90,DXGI,0,512,1,Hardware: Independent Flip,20787.2568,17.2259,16.9896,0.2363,15.7176,17.8946,17.8858,0.0088,33.6131,9.0121,-7.1909,20787.2568,0.0009,NA,NA
SandFall-Win64-Shipping.exe,19588,0x2EC4BC3AB90,DXGI,0,512,1,Hardware: Independent Flip,20804.4827,0.3038,0.1519,0.1519,16.3863,0.1472,0.1454,0.0018,25.3993,9.7816,8.2138,20804.4827,8.8658,NA,NA
SandFall-Win64-Shipping.exe,19588,0x2EC4BC3AB90,DXGI,0,512,1,Hardware: Independent Flip,20804.7865,19.6621,19.3750,0.2871,16.2297,18.6464,18.6399,0.0065,34.8771,9.7972,-9.4778,20804.7865,0.0010,NA,NA
SandFall-Win64-Shipping.exe,19588,0x2EC4BC3AB90,DXGI,0,512,1,Hardware: Independent Flip,20824.4486,0.3700,0.1960,0.1740,15.2140,0.1445,0.1427,0.0018,25.0122,10.2486,9.8649,20824.4486,9.6537,NA,NA
SandFall-Win64-Shipping.exe,19588,0x2EC4BC3AB90,DXGI,0,512,1,Hardware: Independent Flip,20824.8186,23.1161,22.5520,0.5641,14.9885,19.9014,19.8945,0.0069,34.8908,10.5844,-9.8786,20824.8186,0.0009,NA,NA
SandFall-Win64-Shipping.exe,19588,0x2EC4BC3AB90,DXGI,0,512,1,Hardware: Independent Flip,20847.9347,0.4377,0.2530,0.1847,11.7738,0.1165,0.1144,0.0021,22.3591,7.4896,12.5317,20847.9347,10.4688,NA,NA
SandFall-Win64-Shipping.exe,19588,0x2EC4BC3AB90,DXGI,0,512,1,Hardware: Independent Flip,20848.3724,14.9146,14.6396,0.2750,11.4526,17.9575,17.9516,0.0059,29.4110,9.0226,-7.0519,20848.3724,0.0009,NA,NA
SandFall-Win64-Shipping.exe,19588,0x2EC4BC3AB90,DXGI,0,512,1,Hardware: Independent Flip,20863.2870,0.3436,0.1656,0.1780,14.4955,0.1211,0.1194,0.0017,23.5190,9.4549,5.8920,20863.2870,8.9024,NA,NA
SandFall-Win64-Shipping.exe,19588,0x2EC4BC3AB90,DXGI,0,512,1,Hardware: Independent Flip,20863.6306,20.1307,19.8416,0.2891,14.2730,18.3566,18.3458,0.0108,32.6303,9.4954,-9.1113,20863.6306,0.0007,NA,NA
SandFall-Win64-Shipping.exe,19588,0x2EC4BC3AB90,DXGI,0,512,1,Hardware: Independent Flip,20883.7613,0.4027,0.1953,0.2074,12.4989,0.1034,0.1017,0.0017,21.9950,9.1093,10.6353,20883.7613,9.3927,NA,NA
SandFall-Win64-Shipping.exe,19588,0x2EC4BC3AB90,DXGI,0,512,1,Hardware: Independent Flip,20884.1640,17.6658,17.4122,0.2536,12.1996,18.5013,18.4926,0.0087,30.7016,9.6152,-8.7066,20884.1640,0.0007,NA,NA
SandFall-Win64-Shipping.exe,19588,0x2EC4BC3AB90,DXGI,0,512,1,Hardware: Independent Flip,20901.8298,0.3735,0.1991,0.1744,13.0351,0.1390,0.1390,0.0000,22.6510,9.4805,8.0506,20901.8298,9.4769,NA,NA
SandFall-Win64-Shipping.exe,19588,0x2EC4BC3AB90,DXGI,0,512,1,Hardware: Independent Flip,20902.2033,23.4222,23.0688,0.3534,12.8006,18.9564,18.9430,0.0134,31.7580,9.6017,-9.1070,20902.2033,0.0010,NA,NA
SandFall-Win64-Shipping.exe,19588,0x2EC4BC3AB90,DXGI,0,512,1,Hardware: Independent Flip,20925.6255,0.3793,0.2000,0.1793,8.3348,0.1912,0.1912,0.0000,17.9375,9.9502,13.8205,20925.6255,9.4115,NA,NA
SandFall-Win64-Shipping.exe,19588,0x2EC4BC3AB90,DXGI,0,512,1,Hardware: Independent Flip,20926.0048,16.1399,15.8948,0.2451,8.1467,19.3606,19.3530,0.0076,27.5084,9.7835,-9.5709,20926.0048,0.0011,NA,NA
SandFall-Win64-Shipping.exe,19588,0x2EC4BC3AB90,DXGI,0,512,1,Hardware: Independent Flip,20942.1447,0.3347,0.1610,0.1737,11.3674,0.1324,0.1305,0.0019,21.1520,9.3490,6.3564,20942.1447,9.6522,NA,NA
SandFall-Win64-Shipping.exe,19588,0x2EC4BC3AB90,DXGI,0,512,1,Hardware: Independent Flip,20942.4794,18.6264,18.3723,0.2541,11.1651,19.0001,18.9882,0.0119,30.1663,9.6721,-9.0143,20942.4794,0.0011,NA,NA
SandFall-Win64-Shipping.exe,19588,0x2EC4BC3AB90,DXGI,0,512,1,Hardware: Independent Flip,20961.1058,0.3192,0.1606,0.1586,11.5388,0.1539,0.1508,0.0031,21.2120,9.8251,8.9543,20961.1058,9.5193,NA,NA
SandFall-Win64-Shipping.exe,19588,0x2EC4BC3AB90,DXGI,0,512,1,Hardware: Independent Flip,20961.4250,19.3598,19.1119,0.2479,11.3735,19.3142,19.2996,0.0146,30.7179,9.6830,-9.5059,20961.4250,0.0302,NA,NA
SandFall-Win64-Shipping.exe,19588,0x2EC4BC3AB90,DXGI,0,512,1,Hardware: Independent Flip,20980.7848,0.4032,0.1583,0.2449,11.3279,0.0857,0.0842,0.0015,21.0411,9.8833,9.6768,20980.7848,9.6275,NA,NA
SandFall-Win64-Shipping.exe,19588,0x2EC4BC3AB90,DXGI,0,512,1,Hardware: Independent Flip,20981.1880,19.2151,18.9588,0.2563,11.0104,19.5101,19.4951,0.0150,30.5212,9.8056,-9.4801,20981.1880,0.0007,NA,NA
SandFall-Win64-Shipping.exe,19588,0x2EC4BC3AB90,DXGI,0,512,1,Hardware: Independent Flip,21000.4031,0.4395,0.2729,0.1666,11.3054,0.1279,0.1264,0.0015,21.1117,9.8810,9.4095,21000.4031,9.6784,NA,NA
SandFall-Win64-Shipping.exe,19588,0x2EC4BC3AB90,DXGI,0,512,1,Hardware: Independent Flip,21000.8426,19.2709,19.0259,0.2450,10.9938,19.5585,19.5495,0.0090,30.5532,9.9074,-9.4415,21000.8426,0.0009,NA,NA
SandFall-Win64-Shipping.exe,19588,0x2EC4BC3AB90,DXGI,0,512,1,Hardware: Independent Flip,21020.1135,0.3163,0.1591,0.1572,11.2814,0.1299,0.1280,0.0019,21.1897,10.0060,9.3635,21020.1135,9.7784,NA,NA
SandFall-Win64-Shipping.exe,19588,0x2EC4BC3AB90,DXGI,0,512,1,Hardware: Independent Flip,21020.4298,18.7296,18.4686,0.2610,11.0950,19.7838,19.7678,0.0160,30.8794,10.0126,-9.6897,21020.4298,0.0006,NA,NA
SandFall-Win64-Shipping.exe,19588,0x2EC4BC3AB90,DXGI,0,512,1,Hardware: Independent Flip,21039.1594,0.3148,0.1600,0.1548,12.1492,0.1160,0.1145,0.0015,22.1624,10.0025,8.7170,21039.1594,9.8972,NA,NA
SandFall-Win64-Shipping.exe,19588,0x2EC4BC3AB90,DXGI,0,512,1,Hardware: Independent Flip,21039.4742,20.7899,20.5258,0.2641,11.9504,19.8986,19.8902,0.0084,31.8501,10.0866,-9.6877,21039.4742,0.0011,NA,NA
SandFall-Win64-Shipping.exe,19588,0x2EC4BC3AB90,DXGI,0,512,1,Hardware: Independent Flip,21060.2641,0.3319,0.1627,0.1692,11.0591,0.2009,0.2009,0.0000,21.1468,10.0494,10.7033,21060.2641,9.8868,NA,NA
SandFall-Win64-Shipping.exe,19588,0x2EC4BC3AB90,DXGI,0,512,1,Hardware: Independent Flip,21060.5960,18.5446,18.2563,0.2883,10.9281,19.9357,19.9261,0.0096,30.8643,10.1147,-9.7175,21060.5960,0.0005,NA,NA
SandFall-Win64-Shipping.exe,19588,0x2EC4BC3AB90,DXGI,0,512,1,Hardware: Independent Flip,21079.1406,0.3336,0.1651,0.1685,12.3192,0.1396,0.1396,0.0000,22.4344,10.0789,8.4299,21079.1406,9.9756,NA,NA
SandFall-Win64-Shipping.exe,19588,0x2EC4BC3AB90,DXGI,0,512,1,Hardware: Independent Flip,21079.4742,18.4716,18.1885,0.2831,12.1252,20.0537,20.0448,0.0089,32.1797,10.0782,-9.7453,21079.4742,0.0008,NA,NA
SandFall-Win64-Shipping.exe,19588,0x2EC4BC3AB90,DXGI,0,512,1,Hardware: Independent Flip,21097.9458,0.3182,0.1638,0.1544,13.7073,0.1042,0.1026,0.0016,23.7863,10.0627,8.3934,21097.9458,9.9748,NA,NA
SandFall-Win64-Shipping.exe,19588,0x2EC4BC3AB90,DXGI,0,512,1,Hardware: Independent Flip,21098.2640,19.9608,19.6636,0.2972,13.4933,20.0368,20.0247,0.0121,33.5308,10.1045,-9.7445,21098.2640,0.0007,NA,NA
SandFall-Win64-Shipping.exe,19588,0x2EC4BC3AB90,DXGI,0,512,1,Hardware: Independent Flip,21118.2248,0.3135,0.1572,0.1563,13.5693,0.1371,0.1355,0.0016,23.6745,10.3711,9.8563,21118.2248,9.9681,NA,NA
SandFall-Win64-Shipping.exe,19588,0x2EC4BC3AB90,DXGI,0,512,1,Hardware: Independent Flip,21118.5383,19.2388,18.9873,0.2515,13.3929,20.3383,20.3296,0.0087,33.7321,10.2521,-10.0576,21118.5383,0.0009,NA,NA
SandFall-Win64-Shipping.exe,19588,0x2EC4BC3AB90,DXGI,0,512,1,Hardware: Independent Flip,21137.7771,0.3235,0.1632,0.1603,14.4924,0.1447,0.1447,0.0000,24.7454,9.7482,8.9867,21137.7771,10.1083,NA,NA
SandFall-Win64-Shipping.exe,19588,0x2EC4BC3AB90,DXGI,0,512,1,Hardware: Independent Flip,21138.1006,20.6979,20.4273,0.2706,14.3136,19.8559,19.8472,0.0087,34.1701,10.0930,-9.4247,21138.1006,0.0006,NA,NA
SandFall-Win64-Shipping.exe,19588,0x2EC4BC3AB90,DXGI,0,512,1,Hardware: Independent Flip,21158.7985,0.3209,0.1576,0.1633,13.4716,0.2053,0.2053,0.0000,23.5652,10.2917,10.6049,21158.7985,9.8883,NA,NA
SandFall-Win64-Shipping.exe,19588,0x2EC4BC3AB90,DXGI,0,512,1,Hardware: Independent Flip,21159.1194,19.2893,19.0195,0.2698,13.3560,20.1259,20.1170,0.0089,33.5360,10.1046,-9.9708,21159.1194,0.0541,NA,NA
SandFall-Win64-Shipping.exe,19588,0x2EC4BC3AB90,DXGI,0,512,1,Hardware: Independent Flip,21178.4087,0.3327,0.1538,0.1789,14.1926,0.1306,0.1288,0.0018,24.3513,10.2598,9.1847,21178.4087,10.0281,NA,NA
SandFall-Win64-Shipping.exe,19588,0x2EC4BC3AB90,DXGI,0,512,1,Hardware: Independent Flip,21178.7414,19.1997,18.9199,0.2798,13.9905,20.2876,20.2787,0.0089,34.2784,10.1282,-9.9271,21178.7414,0.0003,NA,NA
SandFall-Win64-Shipping.exe,19588,0x2EC4BC3AB90,DXGI,0,512,1,Hardware: Independent Flip,21197.9411,0.3131,0.1581,0.1550,15.0784,0.1291,0.1273,0.0018,25.2069,10.4022,9.0715,21197.9411,9.9994,NA,NA
SandFall-Win64-Shipping.exe,19588,0x2EC4BC3AB90,DXGI,0,512,1,Hardware: Independent Flip,21198.2542,20.6876,20.4366,0.2510,14.8944,20.4006,20.3927,0.0079,35.2960,10.3082,-10.0891,21198.2542,0.0010,NA,NA
SandFall-Win64-Shipping.exe,19588,0x2EC4BC3AB90,DXGI,0,512,1,Hardware: Independent Flip,21218.9418,0.3458,0.1725,0.1733,14.6074,0.1134,0.1116,0.0018,24.9166,10.4726,10.3794,21218.9418,10.1958,NA,NA
SandFall-Win64-Shipping.exe,19588,0x2EC4BC3AB90,DXGI,0,512,1,Hardware: Independent Flip,21219.2876,19.3204,19.0572,0.2632,14.3750,20.6676,20.6608,0.0068,35.0434,10.4372,-10.1268,21219.2876,0.0008,NA,NA
SandFall-Win64-Shipping.exe,19588,0x2EC4BC3AB90,DXGI,0,512,1,Hardware: Independent Flip,21238.6080,0.3562,0.1943,0.1619,15.7222,0.1050,0.1033,0.0017,26.1602,10.1264,8.8832,21238.6080,10.3330,NA,NA
SandFall-Win64-Shipping.exe,19588,0x2EC4BC3AB90,DXGI,0,512,1,Hardware: Independent Flip,21238.9642,20.2230,19.9145,0.3085,15.4710,20.4586,20.4498,0.0088,35.9304,10.3873,-9.7702,21238.9642,0.0008,NA,NA
SandFall-Win64-Shipping.exe,19588,0x2EC4BC3AB90,DXGI,0,512,1,Hardware: Independent Flip,21259.1872,0.5035,0.1599,0.3436,15.7066,0.1413,0.1395,0.0018,26.0947,10.2103,9.8357,21259.1872,10.2468,NA,NA
SandFall-Win64-Shipping.exe,19588,0x2EC4BC3AB90,DXGI,0,512,1,Hardware: Independent Flip,21259.6907,21.2990,21.0501,0.2489,15.3444,20.4360,20.4266,0.0094,35.8015,10.2620,-9.7068,21259.6907,0.0211,NA,NA
SandFall-Win64-Shipping.exe,19588,0x2EC4BC3AB90,DXGI,0,512,1,Hardware: Independent Flip,21280.9897,0.3127,0.1576,0.1551,14.4814,0.1305,0.1286,0.0019,24.7645,10.4602,11.0370,21280.9897,10.1526,NA,NA
SandFall-Win64-Shipping.exe,19588,0x2EC4BC3AB90,DXGI,0,512,1,Hardware: Independent Flip,21281.3024,20.2158,19.9598,0.2560,14.2992,20.5582,20.5462,0.0120,34.9120,10.2292,-10.1475,21281.3024,0.0546,NA,NA
SandFall-Win64-Shipping.exe,19588,0x2EC4BC3AB90,DXGI,0,512,1,Hardware: Independent Flip,21301.5182,0.3007,0.1541,0.1466,14.6416,0.1654,0.1628,0.0026,24.9254,10.3860,9.9866,21301.5182,10.1184,NA,NA
SandFall-Win64-Shipping.exe,19588,0x2EC4BC3AB90,DXGI,0,512,1,Hardware: Independent Flip,21301.8189,21.9868,21.6829,0.3039,14.5063,20.5036,20.4937,0.0099,35.0107,10.3377,-10.0853,21301.8189,0.0008,NA,NA
SandFall-Win64-Shipping.exe,19588,0x2EC4BC3AB90,DXGI,0,512,1,Hardware: Independent Flip,21323.8057,0.5105,0.1843,0.3262,13.0231,0.2050,0.2050,0.0000,23.3616,10.7534,11.6491,21323.8057,10.1335,NA,NA
SandFall-Win64-Shipping.exe,19588,0x2EC4BC3AB90,DXGI,0,512,1,Hardware: Independent Flip,21324.3162,19.6770,19.4192,0.2578,12.7176,20.8860,20.8814,0.0046,33.6045,10.6039,-10.2429,21324.3162,0.0009,NA,NA
SandFall-Win64-Shipping.exe,19588,0x2EC4BC3AB90,DXGI,0,512,1,Hardware: Independent Flip,21343.9932,0.3512,0.1844,0.1668,13.9266,0.1395,0.1373,0.0022,24.5314,10.4828,9.0731,21343.9932,10.4653,NA,NA
SandFall-Win64-Shipping.exe,19588,0x2EC4BC3AB90,DXGI,0,512,1,Hardware: Independent Flip,21344.3444,19.8559,19.5779,0.2780,13.7149,20.9471,20.9104,0.0367,34.6630,10.6946,-10.1316,21344.3444,0.0010,NA,NA
SandFall-Win64-Shipping.exe,19588,0x2EC4BC3AB90,DXGI,0,512,1,Hardware: Independent Flip,21364.2003,0.5500,0.1719,0.3781,14.8061,0.2148,0.2148,0.0000,25.5017,10.5332,9.1613,21364.2003,10.4808,NA,NA
SandFall-Win64-Shipping.exe,19588,0x2EC4BC3AB90,DXGI,0,512,1,Hardware: Independent Flip,21364.7503,23.8504,23.5722,0.2782,14.4709,21.0128,21.0086,0.0042,35.4849,10.6738,-9.9832,21364.7503,0.0012,NA,NA
SandFall-Win64-Shipping.exe,19588,0x2EC4BC3AB90,DXGI,0,512,1,Hardware: Independent Flip,21388.6007,0.3235,0.1593,0.1642,11.6333,0.1513,0.1498,0.0015,22.3083,14.2135,13.1766,21388.6007,10.5237,NA,NA
SandFall-Win64-Shipping.exe,19588,0x2EC4BC3AB90,DXGI,0,512,1,Hardware: Independent Flip,21388.9242,18.7835,18.4867,0.2968,11.4611,24.7367,24.7292,0.0075,36.1983,12.3794,-13.8900,21388.9242,0.0005,NA,NA
SandFall-Win64-Shipping.exe,19588,0x2EC4BC3AB90,DXGI,0,512,1,Hardware: Independent Flip,21407.7077,0.3901,0.1867,0.2034,17.4143,0.1094,0.1069,0.0025,29.7942,10.3115,6.4041,21407.7077,12.2705,NA,NA
SandFall-Win64-Shipping.exe,19588,0x2EC4BC3AB90,DXGI,0,512,1,Hardware: Independent Flip,21408.0978,19.1804,18.9318,0.2486,17.1336,22.5810,22.5773,0.0037,39.7156,12.1926,-9.9214,21408.0978,0.0010,NA,NA
SandFall-Win64-Shipping.exe,19588,0x2EC4BC3AB90,DXGI,0,512,1,Hardware: Independent Flip,21427.2782,0.3066,0.1531,0.1535,20.5342,0.1147,0.1130,0.0017,32.7278,8.0411,6.9878,21427.2782,12.0789,NA,NA
SandFall-Win64-Shipping.exe,19588,0x2EC4BC3AB90,DXGI,0,512,1,Hardware: Independent Flip,21427.5848,24.2761,23.8993,0.3768,20.3423,20.1191,20.1133,0.0058,40.4623,10.0782,-7.7345,21427.5848,0.0009,NA,NA
SandFall-Win64-Shipping.exe,19588,0x2EC4BC3AB90,DXGI,0,512,1,Hardware: Independent Flip,21451.8609,0.3995,0.1903,0.2092,16.1853,0.1064,0.1045,0.0019,26.2644,11.2501,14.1979,21451.8609,9.9727,NA,NA
SandFall-Win64-Shipping.exe,19588,0x2EC4BC3AB90,DXGI,0,512,1,Hardware: Independent Flip,21452.2604,22.7438,22.4428,0.3010,15.8922,20.4282,20.4216,0.0066,37.1150,9.4831,-10.8506,21452.2604,0.7946,NA,NA
SandFall-Win64-Shipping.exe,19588,0x2EC4BC3AB90,DXGI,0,512,1,Hardware: Independent Flip,21475.0042,0.3653,0.1879,0.1774,13.5766,0.2567,0.2549,0.0018,23.8543,9.8715,13.2607,21475.0042,10.0210,NA,NA
SandFall-Win64-Shipping.exe,19588,0x2EC4BC3AB90,DXGI,0,512,1,Hardware: Independent Flip,21475.3695,21.2917,21.0139,0.2778,13.4680,19.8919,19.8830,0.0089,33.3605,9.7499,-9.5062,21475.3695,0.0006,NA,NA
SandFall-Win64-Shipping.exe,19588,0x2EC4BC3AB90,DXGI,0,512,1,Hardware: Independent Flip,21496.6612,0.3411,0.1698,0.1713,12.0682,0.1381,0.1381,0.0000,21.8187,9.6903,11.5418,21496.6612,9.6124,NA,NA
SandFall-Win64-Shipping.exe,19588,0x2EC4BC3AB90,DXGI,0,512,1,Hardware: Independent Flip,21497.0023,19.5051,19.2391,0.2660,11.8652,19.3025,19.2878,0.0147,31.1679,9.8647,-9.3492,21497.0023,0.0002,NA,NA
SandFall-Win64-Shipping.exe,19588,0x2EC4BC3AB90,DXGI,0,512,1,Hardware: Independent Flip,21516.5074,0.3560,0.1911,0.1649,11.6626,0.1242,0.1220,0.0022,21.5275,10.8109,9.6404,21516.5074,9.7407,NA,NA
SandFall-Win64-Shipping.exe,19588,0x2EC4BC3AB90,DXGI,0,512,1,Hardware: Independent Flip,21516.8634,23.9343,23.6338,0.3005,11.4308,20.5506,19.2278,1.3228,31.9824,10.4027,-10.4549,21516.8634,0.0010,NA,NA
SandFall-Win64-Shipping.exe,19588,0x2EC4BC3AB90,DXGI,0,512,1,Hardware: Independent Flip,21540.7977,0.3508,0.1777,0.1731,8.0471,0.0914,0.0867,0.0047,18.4508,10.8294,13.5316,21540.7977,10.3123,NA,NA
SandFall-Win64-Shipping.exe,19588,0x2EC4BC3AB90,DXGI,0,512,1,Hardware: Independent Flip,21541.1485,18.4867,18.2204,0.2663,7.7877,21.1405,19.3438,1.7967,28.9294,10.9046,-10.4786,21541.1485,0.0012,NA,NA
SandFall-Win64-Shipping.exe,19588,0x2EC4BC3AB90,DXGI,0,512,1,Hardware: Independent Flip,21559.6352,0.3382,0.1756,0.1626,10.4415,0.0847,0.0797,0.0050,21.3473,11.9372,7.5821,21559.6352,10.8211,NA,NA
SandFall-Win64-Shipping.exe,19588,0x2EC4BC3AB90,DXGI,0,512,1,Hardware: Independent Flip,21559.9734,22.6920,22.4168,0.2752,10.1880,22.7573,19.1975,3.5598,32.9463,11.6909,-11.5990,21559.9734,0.0010,NA,NA
SandFall-Win64-Shipping.exe,19588,0x2EC4BC3AB90,DXGI,0,512,1,Hardware: Independent Flip,21582.6654,0.3261,0.1613,0.1648,10.2533,0.1169,0.1150,0.0019,21.9452,8.1377,11.0011,21582.6654,11.5750,NA,NA
SandFall-Win64-Shipping.exe,19588,0x2EC4BC3AB90,DXGI,0,512,1,Hardware: Independent Flip,21582.9915,18.6354,18.3987,0.2367,10.0441,19.7120,19.3395,0.3725,29.7568,10.3001,-7.8116,21582.9915,0.0007,NA,NA
SandFall-Win64-Shipping.exe,19588,0x2EC4BC3AB90,DXGI,0,512,1,Hardware: Independent Flip,21601.6269,0.3183,0.1612,0.1571,11.1207,0.0874,0.0833,0.0041,21.4215,11.7312,8.3353,21601.6269,10.2134,NA,NA
SandFall-Win64-Shipping.exe,19588,0x2EC4BC3AB90,DXGI,0,512,1,Hardware: Independent Flip,21601.9452,21.4171,21.1555,0.2616,10.8898,21.4780,19.4901,1.9879,32.8344,10.2971,-11.4129,21601.9452,0.4666,NA,NA
SandFall-Win64-Shipping.exe,19588,0x2EC4BC3AB90,DXGI,0,512,1,Hardware: Independent Flip,21623.3623,0.3615,0.1953,0.1662,10.9507,0.0906,0.0889,0.0017,21.7144,9.7771,11.1200,21623.3623,10.6731,NA,NA
SandFall-Win64-Shipping.exe,19588,0x2EC4BC3AB90,DXGI,0,512,1,Hardware: Independent Flip,21623.7238,20.6827,20.3951,0.2876,10.6798,20.4492,19.1031,1.3461,31.1300,10.2169,-9.4156,21623.7238,0.0010,NA,NA
SandFall-Win64-Shipping.exe,19588,0x2EC4BC3AB90,DXGI,0,512,1,Hardware: Independent Flip,21644.4065,0.3343,0.1774,0.1569,10.4463,0.0717,0.0701,0.0016,20.6642,10.7343,10.4658,21644.4065,10.1462,NA,NA
SandFall-Win64-Shipping.exe,19588,0x2EC4BC3AB90,DXGI,0,512,1,Hardware: Independent Flip,21644.7408,20.0929,19.8391,0.2538,10.1837,20.8730,20.1341,0.7389,31.0642,10.4364,-10.4000,21644.7408,0.0075,NA,NA
SandFall-Win64-Shipping.exe,19588,0x2EC4BC3AB90,DXGI,0,512,1,Hardware: Independent Flip,21664.8337,0.3557,0.1621,0.1936,10.9638,0.1146,0.1131,0.0015,21.4077,8.5792,9.6565,21664.8337,10.3293,NA,NA
SandFall-Win64-Shipping.exe,19588,0x2EC4BC3AB90,DXGI,0,512,1,Hardware: Independent Flip,21665.1894,17.1448,16.8937,0.2511,10.7227,18.9077,18.8929,0.0148,29.6312,9.5912,-8.2235,21665.1894,0.0008,NA,NA
SandFall-Win64-Shipping.exe,19588,0x2EC4BC3AB90,DXGI,0,512,1,Hardware: Independent Flip,21682.3342,0.3430,0.1853,0.1577,12.4856,0.0975,0.0959,0.0016,22.0776,9.9706,7.5536,21682.3342,9.4945,NA,NA
SandFall-Win64-Shipping.exe,19588,0x2EC4BC3AB90,DXGI,0,512,1,Hardware: Independent Flip,21682.6772,20.1579,19.9133,0.2446,12.2401,19.0699,19.0594,0.0105,31.7052,9.1980,-9.6276,21682.6772,0.3952,NA,NA
SandFall-Win64-Shipping.exe,19588,0x2EC4BC3AB90,DXGI,0,512,1,Hardware: Independent Flip,21702.8351,0.3283,0.1598,0.1685,11.1521,0.1393,0.1377,0.0016,20.7453,9.5116,10.9599,21702.8351,9.4539,NA,NA
SandFall-Win64-Shipping.exe,19588,0x2EC4BC3AB90,DXGI,0,512,1,Hardware: Independent Flip,21703.1634,18.8035,18.5555,0.2480,10.9631,18.9525,18.9415,0.0110,29.9286,9.3293,-9.1833,21703.1634,0.0130,NA,NA
SandFall-Win64-Shipping.exe,19588,0x2EC4BC3AB90,DXGI,0,512,1,Hardware: Independent Flip,21721.9669,0.3108,0.1541,0.1567,11.1121,0.1406,0.1406,0.0000,20.4544,10.5911,9.4742,21721.9669,9.2017,NA,NA
SandFall-Win64-Shipping.exe,19588,0x2EC4BC3AB90,DXGI,0,512,1,Hardware: Independent Flip,21722.2777,19.3982,19.0959,0.3023,10.9419,19.7922,19.7849,0.0073,30.7347,10.0017,-10.2803,21722.2777,0.0006,NA,NA
SandFall-Win64-Shipping.exe,19588,0x2EC4BC3AB90,DXGI,0,512,1,Hardware: Independent Flip,21741.6759,0.3979,0.1689,0.2290,11.3359,0.1031,0.1015,0.0016,21.3382,8.9834,9.3965,21741.6759,9.8992,NA,NA
SandFall-Win64-Shipping.exe,19588,0x2EC4BC3AB90,DXGI,0,512,1,Hardware: Independent Flip,21742.0738,19.4483,19.1646,0.2837,11.0411,18.8821,18.8677,0.0144,29.9237,9.8694,-8.5855,21742.0738,0.0005,NA,NA
SandFall-Win64-Shipping.exe,19588,0x2EC4BC3AB90,DXGI,0,512,1,Hardware: Independent Flip,21761.5221,0.3774,0.1830,0.1944,10.4749,0.1896,0.1896,0.0000,20.3448,9.3865,9.5789,21761.5221,9.6803,NA,NA
SandFall-Win64-Shipping.exe,19588,0x2EC4BC3AB90,DXGI,0,512,1,Hardware: Independent Flip,21761.8995,18.0412,17.7961,0.2451,10.2871,19.0155,19.0023,0.0132,29.3539,9.5425,-9.0091,21761.8995,0.0513,NA,NA
SandFall-Win64-Shipping.exe,19588,0x2EC4BC3AB90,DXGI,0,512,1,Hardware: Independent Flip,21779.9407,0.3091,0.1557,0.1534,11.2614,0.1101,0.1061,0.0040,20.8552,9.7896,8.4987,21779.9407,9.4837,NA,NA
SandFall-Win64-Shipping.exe,19588,0x2EC4BC3AB90,DXGI,0,512,1,Hardware: Independent Flip,21780.2498,19.3586,19.0533,0.3053,11.0624,19.1330,19.1174,0.0156,30.3357,9.4047,-9.4805,21780.2498,0.1403,NA,NA
SandFall-Win64-Shipping.exe,19588,0x2EC4BC3AB90,DXGI,0,512,1,Hardware: Independent Flip,21799.6084,0.3709,0.1664,0.2045,10.8368,0.0812,0.0791,0.0021,20.3818,10.5725,9.9539,21799.6084,9.4638,NA,NA
SandFall-Win64-Shipping.exe,19588,0x2EC4BC3AB90,DXGI,0,512,1,Hardware: Independent Flip,21799.9793,20.1499,19.8508,0.2991,10.5471,20.0358,19.1977,0.8381,30.5834,9.9609,-10.2016,21799.9793,0.0005,NA,NA
SandFall-Win64-Shipping.exe,19588,0x2EC4BC3AB90,DXGI,0,512,1,Hardware: Independent Flip,21820.1292,0.3672,0.1857,0.1815,10.4330,0.0954,0.0937,0.0017,20.3944,9.8825,10.1890,21820.1292,9.8660,NA,NA
SandFall-Win64-Shipping.exe,19588,0x2EC4BC3AB90,DXGI,0,512,1,Hardware: Independent Flip,21820.4964,17.5058,17.2562,0.2496,10.1612,19.7473,19.7368,0.0105,29.9097,10.2269,-9.5153,21820.4964,0.0012,NA,NA
SandFall-Win64-Shipping.exe,19588,0x2EC4BC3AB90,DXGI,0,512,1,Hardware: Independent Flip,21838.0022,0.3027,0.1530,0.1497,12.4027,0.1941,0.1941,0.0000,22.6308,9.1057,7.2789,21838.0022,10.0340,NA,NA
SandFall-Win64-Shipping.exe,19588,0x2EC4BC3AB90,DXGI,0,512,1,Hardware: Independent Flip,21838.3049,20.1056,19.8524,0.2532,12.2941,19.1388,19.1304,0.0084,31.4338,9.7990,-8.8030,21838.3049,0.0009,NA,NA
SandFall-Win64-Shipping.exe,19588,0x2EC4BC3AB90,DXGI,0,512,1,Hardware: Independent Flip,21858.4105,0.3216,0.1585,0.1631,11.3273,0.1933,0.1933,0.0000,21.1272,9.8637,10.3066,21858.4105,9.6066,NA,NA
SandFall-Win64-Shipping.exe,19588,0x2EC4BC3AB90,DXGI,0,512,1,Hardware: Independent Flip,21858.7321,18.7341,18.4458,0.2883,11.1990,19.2791,19.2705,0.0086,30.6693,9.5173,-9.5421,21858.7321,0.1912,NA,NA
SandFall-Win64-Shipping.exe,19588,0x2EC4BC3AB90,DXGI,0,512,1,Hardware: Independent Flip,21877.4662,0.3966,0.2029,0.1937,11.7440,0.1175,0.1175,0.0000,21.4525,9.8388,9.2168,21877.4662,9.5910,NA,NA
SandFall-Win64-Shipping.exe,19588,0x2EC4BC3AB90,DXGI,0,512,1,Hardware: Independent Flip,21877.8628,18.0667,17.8245,0.2422,11.4649,19.3896,19.3770,0.0126,30.8947,9.5406,-9.4422,21877.8628,0.0402,NA,NA
SandFall-Win64-Shipping.exe,19588,0x2EC4BC3AB90,DXGI,0,512,1,Hardware: Independent Flip,21895.9295,0.3187,0.1556,0.1631,12.7878,0.1217,0.1196,0.0021,22.3686,9.8138,8.5261,21895.9295,9.4591,NA,NA
SandFall-Win64-Shipping.exe,19588,0x2EC4BC3AB90,DXGI,0,512,1,Hardware: Independent Flip,21896.2482,18.9217,18.6557,0.2660,12.5908,19.2719,19.2636,0.0083,31.8637,9.7414,-9.4951,21896.2482,0.0010,NA,NA
SandFall-Win64-Shipping.exe,19588,0x2EC4BC3AB90,DXGI,0,512,1,Hardware: Independent Flip,21915.1699,0.3240,0.1653,0.1587,12.9410,0.1983,0.1983,0.0000,22.6834,10.1910,9.1803,21915.1699,9.5441,NA,NA
SandFall-Win64-Shipping.exe,19588,0x2EC4BC3AB90,DXGI,0,512,1,Hardware: Independent Flip,21915.4939,19.5638,19.3104,0.2534,12.8153,19.7344,19.7267,0.0077,32.5504,10.0586,-9.8670,21915.4939,0.0007,NA,NA
SandFall-Win64-Shipping.exe,19588,0x2EC4BC3AB90,DXGI,0,512,1,Hardware: Independent Flip,21935.0577,0.4126,0.1561,0.2565,12.9859,0.1975,0.1975,0.0000,23.0452,9.9600,9.5052,21935.0577,9.8618,NA,NA
SandFall-Win64-Shipping.exe,19588,0x2EC4BC3AB90,DXGI,0,512,1,Hardware: Independent Flip,21935.4703,19.9497,19.6488,0.3009,12.7708,19.8208,19.8112,0.0096,32.5926,10.1856,-9.5474,21935.4703,0.0010,NA,NA
SandFall-Win64-Shipping.exe,19588,0x2EC4BC3AB90,DXGI,0,512,1,Hardware: Independent Flip,21955.4200,0.3713,0.2074,0.1639,12.6419,0.2084,0.2084,0.0000,22.8285,9.7690,9.7641,21955.4200,9.9782,NA,NA
SandFall-Win64-Shipping.exe,19588,0x2EC4BC3AB90,DXGI,0,512,1,Hardware: Independent Flip,21955.7913,18.8112,18.5291,0.2821,12.4790,19.7464,19.7382,0.0082,32.2262,10.0594,-9.3977,21955.7913,0.0008,NA,NA
SandFall-Win64-Shipping.exe,19588,0x2EC4BC3AB90,DXGI,0,512,1,Hardware: Independent Flip,21974.6025,0.3298,0.1708,0.1590,13.4142,0.1457,0.1457,0.0000,23.4744,9.9355,8.7518,21974.6025,9.9145,NA,NA
SandFall-Win64-Shipping.exe,19588,0x2EC4BC3AB90,DXGI,0,512,1,Hardware: Independent Flip,21974.9323,19.4545,19.1252,0.3293,13.2301,19.8124,19.8046,0.0078,33.0801,9.9340,-9.6057,21974.9323,0.0376,NA,NA
SandFall-Win64-Shipping.exe,19588,0x2EC4BC3AB90,DXGI,0,512,1,Hardware: Independent Flip,21994.3868,0.3677,0.1842,0.1835,13.5880,0.1496,0.1481,0.0015,23.5596,10.5436,9.5205,21994.3868,9.8220,NA,NA
SandFall-Win64-Shipping.exe,19588,0x2EC4BC3AB90,DXGI,0,512,1,Hardware: Independent Flip,21994.7545,19.9149,19.6500,0.2649,13.3699,20.3228,20.3138,0.0090,33.7355,10.1671,-10.1759,21994.7545,0.0428,NA,NA
SandFall-Win64-Shipping.exe,19588,0x2EC4BC3AB90,DXGI,0,512,1,Hardware: Independent Flip,22014.6694,0.3587,0.1872,0.1715,13.7778,0.1615,0.1593,0.0022,23.9877,9.9430,9.7478,22014.6694,10.0484,NA,NA
SandFall-Win64-Shipping.exe,19588,0x2EC4BC3AB90,DXGI,0,512,1,Hardware: Independent Flip,22015.0281,19.6049,19.3540,0.2509,13.5806,19.9909,19.9836,0.0073,33.5720,10.1837,-9.5843,22015.0281,0.0005,NA,NA
SandFall-Win64-Shipping.exe,19588,0x2EC4BC3AB90,DXGI,0,512,1,Hardware: Independent Flip,22034.6330,0.3509,0.1586,0.1923,13.9666,0.1555,0.1526,0.0029,24.1508,10.0926,9.4212,22034.6330,10.0287,NA,NA
SandFall-Win64-Shipping.exe,19588,0x2EC4BC3AB90,DXGI,0,512,1,Hardware: Independent Flip,22034.9839,19.5944,19.3021,0.2923,13.7712,20.1202,20.1105,0.0097,33.8925,10.1058,-9.7417,22034.9839,0.0011,NA,NA
SandFall-Win64-Shipping.exe,19588,0x2EC4BC3AB90,DXGI,0,512,1,Hardware: Independent Flip,22054.5783,0.3876,0.1846,0.2030,14.2970,0.1052,0.1034,0.0018,24.4039,9.6600,9.4886,22054.5783,10.0017,NA,NA
SandFall-Win64-Shipping.exe,19588,0x2EC4BC3AB90,DXGI,0,512,1,Hardware: Independent Flip,22054.9659,19.2922,19.0519,0.2403,14.0146,19.6610,19.6518,0.0092,33.6763,9.9058,-9.2724,22054.9659,0.0007,NA,NA
SandFall-Win64-Shipping.exe,19588,0x2EC4BC3AB90,DXGI,0,512,1,Hardware: Independent Flip,22074.2581,0.3360,0.1571,0.1789,14.3834,0.2011,0.2011,0.0000,24.2899,9.7676,9.3864,22074.2581,9.7054,NA,NA
SandFall-Win64-Shipping.exe,19588,0x2EC4BC3AB90,DXGI,0,512,1,Hardware: Independent Flip,22074.5941,22.1203,21.8229,0.2974,14.2485,19.3746,19.3349,0.0397,33.7215,9.6468,-9.4316,22074.5941,0.0984,NA,NA
SandFall-Win64-Shipping.exe,19588,0x2EC4BC3AB90,DXGI,0,512,1,Hardware: Independent Flip,22096.7144,0.3805,0.1811,0.1994,11.5028,0.1386,0.1368,0.0018,21.2480,9.6386,12.4735,22096.7144,9.6066,NA,NA
SandFall-Win64-Shipping.exe,19588,0x2EC4BC3AB90,DXGI,0,512,1,Hardware: Independent Flip,22097.0949,17.5983,17.3023,0.2960,11.2609,19.1746,19.1639,0.0107,30.5061,9.5433,-9.2581,22097.0949,0.0706,NA,NA
SandFall-Win64-Shipping.exe,19588,0x2EC4BC3AB90,DXGI,0,512,1,Hardware: Independent Flip,22114.6932,0.3339,0.1748,0.1591,12.8372,0.1639,0.1611,0.0028,22.4511,10.3273,8.0550,22114.6932,9.4500,NA,NA
SandFall-Win64-Shipping.exe,19588,0x2EC4BC3AB90,DXGI,0,512,1,Hardware: Independent Flip,22115.0271,20.6953,20.4496,0.2457,12.6672,19.7507,19.7333,0.0174,32.4445,9.8895,-9.9934,22115.0271,0.0266,NA,NA
SandFall-Win64-Shipping.exe,19588,0x2EC4BC3AB90,DXGI,0,512,1,Hardware: Independent Flip,22135.7224,0.3289,0.1568,0.1721,11.7226,0.1839,0.1839,0.0000,21.6387,9.6515,10.8058,22135.7224,9.7322,NA,NA
SandFall-Win64-Shipping.exe,19588,0x2EC4BC3AB90,DXGI,0,512,1,Hardware: Independent Flip,22136.0513,19.8235,19.5451,0.2784,11.5776,19.3822,19.3728,0.0094,30.9613,9.9484,-9.3226,22136.0513,0.0015,NA,NA
SandFall-Win64-Shipping.exe,19588,0x2EC4BC3AB90,DXGI,0,512,1,Hardware: Independent Flip,22155.8748,0.3196,0.1613,0.1583,11.1363,0.1529,0.1487,0.0042,21.0862,10.4287,9.8751,22155.8748,9.7970,NA,NA
SandFall-Win64-Shipping.exe,19588,0x2EC4BC3AB90,DXGI,0,512,1,Hardware: Independent Flip,22156.1944,20.5822,20.2319,0.3503,10.9696,20.2251,19.9200,0.3051,31.1953,10.1788,-10.1091,22156.1944,0.0006,NA,NA
SandFall-Win64-Shipping.exe,19588,0x2EC4BC3AB90,DXGI,0,512,1,Hardware: Independent Flip,22176.7766,0.3920,0.1654,0.2266,10.6125,0.1120,0.1089,0.0031,20.7919,10.4117,10.4034,22176.7766,10.0674,NA,NA
SandFall-Win64-Shipping.exe,19588,0x2EC4BC3AB90,DXGI,0,512,1,Hardware: Independent Flip,22177.1686,20.3009,20.0176,0.2833,10.3325,20.4782,20.1110,0.3672,30.8116,10.4150,-10.0197,22177.1686,0.0009,NA,NA
SandFall-Win64-Shipping.exe,19588,0x2EC4BC3AB90,DXGI,0,512,1,Hardware: Independent Flip,22197.4695,0.3584,0.1698,0.1886,10.5098,0.0961,0.0939,0.0022,20.9257,9.7839,9.8859,22197.4695,10.3198,NA,NA
SandFall-Win64-Shipping.exe,19588,0x2EC4BC3AB90,DXGI,0,512,1,Hardware: Independent Flip,22197.8279,20.7677,20.4922,0.2755,10.2475,20.1029,19.5082,0.5947,30.3512,10.2615,-9.4255,22197.8279,0.0008,NA,NA
SandFall-Win64-Shipping.exe,19588,0x2EC4BC3AB90,DXGI,0,512,1,Hardware: Independent Flip,22218.5956,0.3085,0.1556,0.1529,9.5827,0.1357,0.1357,0.0000,19.8450,9.5467,10.5062,22218.5956,10.1266,NA,NA
SandFall-Win64-Shipping.exe,19588,0x2EC4BC3AB90,DXGI,0,512,1,Hardware: Independent Flip,22218.9041,17.9914,17.7182,0.2732,9.4099,19.6006,19.5919,0.0087,29.0832,9.7620,-9.2382,22218.9041,0.0727,NA,NA
SandFall-Win64-Shipping.exe,19588,0x2EC4BC3AB90,DXGI,0,512,1,Hardware: Independent Flip,22236.8955,0.3778,0.2031,0.1747,11.0191,0.1285,0.1259,0.0026,20.8538,10.6966,8.2294,22236.8955,9.7062,NA,NA
SandFall-Win64-Shipping.exe,19588,0x2EC4BC3AB90,DXGI,0,512,1,Hardware: Independent Flip,22237.2733,20.1356,19.7686,0.3670,10.7698,20.1959,19.9821,0.2138,31.1726,9.9215,-10.3188,22237.2733,0.2069,NA,NA
SandFall-Win64-Shipping.exe,19588,0x2EC4BC3AB90,DXGI,0,512,1,Hardware: Independent Flip,22257.4089,0.3895,0.1929,0.1966,10.8301,0.1395,0.1370,0.0025,20.9585,9.2769,10.2141,22257.4089,9.9889,NA,NA
SandFall-Win64-Shipping.exe,19588,0x2EC4BC3AB90,DXGI,0,512,1,Hardware: Independent Flip,22257.7984,18.1632,17.9183,0.2449,10.5801,19.2642,19.2552,0.0090,29.8459,9.7026,-8.8874,22257.7984,0.0016,NA,NA
SandFall-Win64-Shipping.exe,19588,0x2EC4BC3AB90,DXGI,0,512,1,Hardware: Independent Flip,22275.9616,0.3154,0.1579,0.1575,11.6811,0.0965,0.0938,0.0027,21.3853,10.5186,8.4606,22275.9616,9.6077,NA,NA
SandFall-Win64-Shipping.exe,19588,0x2EC4BC3AB90,DXGI,0,512,1,Hardware: Independent Flip,22276.2770,21.1751,20.8901,0.2850,11.4622,20.0700,20.0625,0.0075,31.5885,10.0413,-10.2032,22276.2770,0.0563,NA,NA
SandFall-Win64-Shipping.exe,19588,0x2EC4BC3AB90,DXGI,0,512,1,Hardware: Independent Flip,22297.4521,0.3742,0.2002,0.1740,10.3571,0.1541,0.1526,0.0015,20.4547,9.6304,11.1338,22297.4521,9.9435,NA,NA
SandFall-Win64-Shipping.exe,19588,0x2EC4BC3AB90,DXGI,0,512,1,Hardware: Independent Flip,22297.8263,17.8399,17.5734,0.2665,10.1370,19.5728,19.5616,0.0112,29.7109,9.9461,-9.2562,22297.8263,0.0011,NA,NA
SandFall-Win64-Shipping.exe,19588,0x2EC4BC3AB90,DXGI,0,512,1,Hardware: Independent Flip,22315.6662,0.3288,0.1711,0.1577,11.8699,0.1376,0.1348,0.0028,21.8171,9.2773,7.8938,22315.6662,9.8096,NA,NA
SandFall-Win64-Shipping.exe,19588,0x2EC4BC3AB90,DXGI,0,512,1,Hardware: Independent Flip,22315.9950,20.0558,19.7971,0.2587,11.6787,19.0859,19.0682,0.0177,30.7656,9.5701,-8.9485,22315.9950,0.0010,NA,NA
SandFall-Win64-Shipping.exe,19588,0x2EC4BC3AB90,DXGI,0,512,1,Hardware: Independent Flip,22336.0508,0.3505,0.1568,0.1937,10.7088,0.0914,0.0897,0.0017,20.2799,10.2770,10.4857,22336.0508,9.4797,NA,NA
SandFall-Win64-Shipping.exe,19588,0x2EC4BC3AB90,DXGI,0,512,1,Hardware: Independent Flip,22336.4013,19.1735,18.9359,0.2376,10.4497,19.5991,19.0567,0.5424,30.2064,9.6977,-9.9265,22336.4013,0.1576,NA,NA
SandFall-Win64-Shipping.exe,19588,0x2EC4BC3AB90,DXGI,0,512,1,Hardware: Independent Flip,22355.5748,0.3030,0.1529,0.1501,10.8753,0.1220,0.1199,0.0021,20.7306,13.7610,9.4758,22355.5748,9.7333,NA,NA
SandFall-Win64-Shipping.exe,19588,0x2EC4BC3AB90,DXGI,0,512,1,Hardware: Independent Flip,22355.8778,22.0563,21.7866,0.2697,10.6943,23.4937,22.3851,1.1086,34.1886,11.7789,-13.4580,22355.8778,0.0006,NA,NA
SandFall-Win64-Shipping.exe,19588,0x2EC4BC3AB90,DXGI,0,512,1,Hardware: Independent Flip,22377.9341,0.3251,0.1646,0.1605,12.1317,0.1062,0.1042,0.0020,23.9112,10.6343,10.2774,22377.9341,11.6733,NA,NA
SandFall-Win64-Shipping.exe,19588,0x2EC4BC3AB90,DXGI,0,512,1,Hardware: Independent Flip,22378.2592,18.9600,18.6364,0.3236,11.9128,22.3069,22.2988,0.0081,34.2204,12.2286,-10.3092,22378.2592,0.0007,NA,NA
SandFall-Win64-Shipping.exe,19588,0x2EC4BC3AB90,DXGI,0,512,1,Hardware: Independent Flip,22397.2192,0.3829,0.1892,0.1937,15.2597,0.1056,0.1038,0.0018,27.4890,7.1303,6.7314,22397.2192,12.1237,NA,NA
SandFall-Win64-Shipping.exe,19588,0x2EC4BC3AB90,DXGI,0,512,1,Hardware: Independent Flip,22397.6021,18.5231,18.1718,0.3513,14.9824,19.2530,19.2441,0.0089,34.2364,9.9472,-6.7474,22397.6021,0.0010,NA,NA
SandFall-Win64-Shipping.exe,19588,0x2EC4BC3AB90,DXGI,0,512,1,Hardware: Independent Flip,22416.1252,0.5250,0.2583,0.2667,15.7123,0.1043,0.0992,0.0051,25.6605,9.3330,8.5759,22416.1252,9.8439,NA,NA
SandFall-Win64-Shipping.exe,19588,0x2EC4BC3AB90,DXGI,0,512,1,Hardware: Independent Flip,22416.6502,21.6307,21.3503,0.2804,15.2916,19.1761,19.1662,0.0099,34.4685,9.6489,-8.8080,22416.6502,0.0008,NA,NA
SandFall-Win64-Shipping.exe,19588,0x2EC4BC3AB90,DXGI,0,512,1,Hardware: Independent Flip,22438.2809,0.4316,0.1683,0.2633,12.8370,0.1169,0.1144,0.0025,22.4867,9.8502,11.9818,22438.2809,9.5328,NA,NA
SandFall-Win64-Shipping.exe,19588,0x2EC4BC3AB90,DXGI,0,512,1,Hardware: Independent Flip,22438.7125,16.5828,16.2989,0.2839,12.5223,19.2662,19.2631,0.0031,31.9053,9.5806,-9.4186,22438.7125,0.1168,NA,NA
SandFall-Win64-Shipping.exe,19588,0x2EC4BC3AB90,DXGI,0,512,1,Hardware: Independent Flip,22455.2953,0.3234,0.1634,0.1600,15.2057,0.1777,0.1754,0.0023,24.9031,9.8503,7.0022,22455.2953,9.5197,NA,NA
SandFall-Win64-Shipping.exe,19588,0x2EC4BC3AB90,DXGI,0,512,1,Hardware: Independent Flip,22455.6187,21.0794,20.7793,0.3001,15.0600,19.3694,19.3603,0.0091,34.4300,9.7232,-9.5269,22455.6187,0.0006,NA,NA
SandFall-Win64-Shipping.exe,19588,0x2EC4BC3AB90,DXGI,0,512,1,Hardware: Independent Flip,22476.6981,0.3586,0.1736,0.1850,13.3500,0.1589,0.1543,0.0046,23.0738,9.9353,11.3562,22476.6981,9.5649,NA,NA
SandFall-Win64-Shipping.exe,19588,0x2EC4BC3AB90,DXGI,0,512,1,Hardware: Independent Flip,22477.0567,19.9207,19.6400,0.2807,13.1503,19.4996,19.4880,0.0116,32.6505,9.8430,-9.5767,22477.0567,0.0006,NA,NA
SandFall-Win64-Shipping.exe,19588,0x2EC4BC3AB90,DXGI,0,512,1,Hardware: Independent Flip,22496.9774,0.3834,0.2111,0.1723,12.7292,0.1230,0.1206,0.0024,22.5728,10.1899,10.0777,22496.9774,9.7206,NA,NA
SandFall-Win64-Shipping.exe,19588,0x2EC4BC3AB90,DXGI,0,512,1,Hardware: Independent Flip,22497.3608,20.4016,20.0870,0.3146,12.4688,19.9101,19.8998,0.0103,32.3793,10.1087,-9.8065,22497.3608,0.0004,NA,NA
SandFall-Win64-Shipping.exe,19588,0x2EC4BC3AB90,DXGI,0,512,1,Hardware: Independent Flip,22517.7624,0.3539,0.1786,0.1753,11.9773,0.0963,0.0938,0.0025,22.0864,9.3124,10.2929,22517.7624,10.0128,NA,NA
SandFall-Win64-Shipping.exe,19588,0x2EC4BC3AB90,DXGI,0,512,1,Hardware: Independent Flip,22518.1163,19.3639,19.0940,0.2699,11.7197,19.3241,19.3091,0.0150,31.0449,9.8500,-8.9585,22518.1163,0.0011,NA,NA
SandFall-Win64-Shipping.exe,19588,0x2EC4BC3AB90,DXGI,0,512,1,Hardware: Independent Flip,22537.4802,0.3194,0.1636,0.1558,11.6799,0.1198,0.1176,0.0022,21.5310,9.9612,9.5139,22537.4802,9.7313,NA,NA
SandFall-Win64-Shipping.exe,19588,0x2EC4BC3AB90,DXGI,0,512,1,Hardware: Independent Flip,22537.7996,20.8160,20.5579,0.2581,11.4803,19.5804,19.1890,0.3914,31.1728,9.7300,-9.6418,22537.7996,0.1121,NA,NA
SandFall-Win64-Shipping.exe,19588,0x2EC4BC3AB90,DXGI,0,512,1,Hardware: Independent Flip,22558.6156,0.3781,0.1955,0.1826,10.2447,0.1549,0.1326,0.0223,20.0868,9.9516,11.0860,22558.6156,9.6872,NA,NA
SandFall-Win64-Shipping.exe,19588,0x2EC4BC3AB90,DXGI,0,512,1,Hardware: Independent Flip,22558.9937,19.3116,19.0536,0.2580,10.0215,19.6315,19.1718,0.4597,29.6603,9.8225,-9.5735,22558.9937,0.0073,NA,NA
SandFall-Win64-Shipping.exe,19588,0x2EC4BC3AB90,DXGI,0,512,1,Hardware: Independent Flip,22578.3053,0.3970,0.2322,0.1648,10.3414,0.1091,0.1075,0.0016,20.1712,12.5662,9.4891,22578.3053,9.7207,NA,NA
SandFall-Win64-Shipping.exe,19588,0x2EC4BC3AB90,DXGI,0,512,1,Hardware: Independent Flip,22578.7023,22.4645,22.1839,0.2806,10.0535,22.2864,19.7786,2.5078,32.3404,11.2186,-12.1692,22578.7023,0.0005,NA,NA
SandFall-Win64-Shipping.exe,19588,0x2EC4BC3AB90,DXGI,0,512,1,Hardware: Independent Flip,22601.1668,0.3260,0.1659,0.1601,9.8754,0.0848,0.0833,0.0015,21.0945,9.6590,11.2459,22601.1668,11.1343,NA,NA
SandFall-Win64-Shipping.exe,19588,0x2EC4BC3AB90,DXGI,0,512,1,Hardware: Independent Flip,22601.4928,19.3904,19.1322,0.2582,9.6342,20.7931,19.5093,1.2838,30.4275,11.1282,-9.3330,22601.4928,0.0002,NA,NA
SandFall-Win64-Shipping.exe,19588,0x2EC4BC3AB90,DXGI,0,512,1,Hardware: Independent Flip,22620.8832,0.3659,0.1707,0.1952,11.0369,0.1003,0.0987,0.0016,22.1653,8.0712,8.2622,22620.8832,11.0281,NA,NA
SandFall-Win64-Shipping.exe,19588,0x2EC4BC3AB90,DXGI,0,512,1,Hardware: Independent Flip,22621.2491,20.4474,20.1432,0.3042,10.7713,19.0984,19.0881,0.0103,29.8706,9.6076,-7.7053,22621.2491,0.0009,NA,NA
SandFall-Win64-Shipping.exe,19588,0x2EC4BC3AB90,DXGI,0,512,1,Hardware: Independent Flip,22641.6965,0.3382,0.1750,0.1632,9.4223,0.1288,0.1273,0.0015,19.0308,10.3929,10.8398,22641.6965,9.4797,NA,NA
SandFall-Win64-Shipping.exe,19588,0x2EC4BC3AB90,DXGI,0,512,1,Hardware: Independent Flip,22642.0347,17.6411,17.3594,0.2817,9.2129,19.3518,19.3200,0.0318,29.0855,9.1913,-10.0547,22642.0347,0.5208,NA,NA
SandFall-Win64-Shipping.exe,19588,0x2EC4BC3AB90,DXGI,0,512,1,Hardware: Independent Flip,22659.6758,0.3724,0.1946,0.1778,10.9236,0.0936,0.0936,0.0000,20.6357,10.0650,8.4498,22659.6758,9.6185,NA,NA
SandFall-Win64-Shipping.exe,19588,0x2EC4BC3AB90,DXGI,0,512,1,Hardware: Independent Flip,22660.0482,19.9373,19.6054,0.3319,10.6448,19.6825,19.4443,0.2382,30.3283,9.6390,-9.6926,22660.0482,0.0010,NA,NA
SandFall-Win64-Shipping.exe,19588,0x2EC4BC3AB90,DXGI,0,512,1,Hardware: Independent Flip,22679.9855,0.3768,0.1752,0.2016,10.3900,0.1113,0.1075,0.0038,20.0300,9.9334,10.2983,22679.9855,9.5287,NA,NA
SandFall-Win64-Shipping.exe,19588,0x2EC4BC3AB90,DXGI,0,512,1,Hardware: Independent Flip,22680.3623,17.1562,16.8850,0.2712,10.1245,19.4612,19.4523,0.0089,29.5866,10.0540,-9.5566,22680.3623,0.0009,NA,NA
SandFall-Win64-Shipping.exe,19588,0x2EC4BC3AB90,DXGI,0,512,1,Hardware: Independent Flip,22697.5185,0.3287,0.1653,0.1634,12.4295,0.1428,0.1393,0.0035,22.4844,9.7090,7.1022,22697.5185,9.9121,NA,NA
SandFall-Win64-Shipping.exe,19588,0x2EC4BC3AB90,DXGI,0,512,1,Hardware: Independent Flip,22697.8472,19.1025,18.7599,0.3426,12.2436,19.6207,19.6101,0.0106,31.8647,10.0883,-9.3803,22697.8472,0.0004,NA,NA
SandFall-Win64-Shipping.exe,19588,0x2EC4BC3AB90,DXGI,0,512,1,Hardware: Independent Flip,22716.9497,0.3755,0.1790,0.1965,12.7618,0.1424,0.1424,0.0000,22.8505,10.6875,9.0142,22716.9497,9.9463,NA,NA
SandFall-Win64-Shipping.exe,19588,0x2EC4BC3AB90,DXGI,0,512,1,Hardware: Independent Flip,22717.3252,18.9477,18.7014,0.2463,12.5287,20.6331,20.6282,0.0049,33.1625,10.3872,-10.3120,22717.3252,0.0007,NA,NA
SandFall-Win64-Shipping.exe,19588,0x2EC4BC3AB90,DXGI,0,512,1,Hardware: Independent Flip,22736.2729,0.3515,0.1558,0.1957,14.2141,0.1030,0.1013,0.0017,24.6020,9.8850,8.5605,22736.2729,10.2849,NA,NA
SandFall-Win64-Shipping.exe,19588,0x2EC4BC3AB90,DXGI,0,512,1,Hardware: Independent Flip,22736.6244,19.1275,18.8777,0.2498,13.9656,20.1690,20.1572,0.0118,34.1355,10.2814,-9.5335,22736.6244,0.0009,NA,NA
SandFall-Win64-Shipping.exe,19588,0x2EC4BC3AB90,DXGI,0,512,1,Hardware: Independent Flip,22755.7519,0.3249,0.1654,0.1595,15.0071,0.1172,0.1149,0.0023,25.2894,9.0242,8.8461,22755.7519,10.1651,NA,NA
SandFall-Win64-Shipping.exe,19588,0x2EC4BC3AB90,DXGI,0,512,1,Hardware: Independent Flip,22756.0768,22.8539,22.5905,0.2634,14.7994,19.1603,19.1530,0.0073,33.9887,9.5519,-8.6993,22756.0768,0.0290,NA,NA
SandFall-Win64-Shipping.exe,19588,0x2EC4BC3AB90,DXGI,0,512,1,Hardware: Independent Flip,22778.9307,0.3514,0.1735,0.1779,11.1058,0.1032,0.1015,0.0017,20.6867,10.8738,13.3020,22778.9307,9.4777,NA,NA
SandFall-Win64-Shipping.exe,19588,0x2EC4BC3AB90,DXGI,0,512,1,Hardware: Independent Flip,22779.2821,15.4068,15.1238,0.2830,10.8576,20.0112,19.9988,0.0124,31.2091,9.7176,-10.5224,22779.2821,0.3403,NA,NA
SandFall-Win64-Shipping.exe,19588,0x2EC4BC3AB90,DXGI,0,512,1,Hardware: Independent Flip,22794.6889,0.3376,0.1725,0.1651,15.4620,0.1455,0.1437,0.0018,25.5199,9.3562,5.6892,22794.6889,9.9124,NA,NA
SandFall-Win64-Shipping.exe,19588,0x2EC4BC3AB90,DXGI,0,512,1,Hardware: Independent Flip,22795.0265,19.8362,19.5769,0.2593,15.2699,19.2679,19.2636,0.0043,34.5385,9.7596,-9.0186,22795.0265,0.0007,NA,NA
SandFall-Win64-Shipping.exe,19588,0x2EC4BC3AB90,DXGI,0,512,1,Hardware: Independent Flip,22814.8627,0.4003,0.1742,0.2261,14.7016,0.1440,0.1440,0.0000,24.4619,9.9487,10.0766,22814.8627,9.6163,NA,NA
SandFall-Win64-Shipping.exe,19588,0x2EC4BC3AB90,DXGI,0,512,1,Hardware: Independent Flip,22815.2630,19.6233,19.3764,0.2469,14.4453,19.5640,19.5568,0.0072,34.0103,9.8434,-9.5484,22815.2630,0.0010,NA,NA
SandFall-Win64-Shipping.exe,19588,0x2EC4BC3AB90,DXGI,0,512,1,Hardware: Independent Flip,22834.8863,0.3173,0.1588,0.1585,14.3860,0.1200,0.1182,0.0018,24.2304,8.9652,9.7799,22834.8863,9.7244,NA,NA
SandFall-Win64-Shipping.exe,19588,0x2EC4BC3AB90,DXGI,0,512,1,Hardware: Independent Flip,22835.2036,19.7125,19.4611,0.2514,14.1887,18.6889,18.6790,0.0099,32.8783,9.4942,-8.6479,22835.2036,0.0007,NA,NA
SandFall-Win64-Shipping.exe,19588,0x2EC4BC3AB90,DXGI,0,512,1,Hardware: Independent Flip,22854.9161,0.3535,0.1912,0.1623,13.1651,0.1359,0.1359,0.0000,22.6600,9.8786,10.2183,22854.9161,9.3590,NA,NA
SandFall-Win64-Shipping.exe,19588,0x2EC4BC3AB90,DXGI,0,512,1,Hardware: Independent Flip,22855.2696,20.0806,19.8299,0.2507,12.9475,19.0690,19.0565,0.0125,32.1851,9.4268,-9.5251,22855.2696,0.1686,NA,NA
SandFall-Win64-Shipping.exe,19588,0x2EC4BC3AB90,DXGI,0,512,1,Hardware: Independent Flip,22875.3502,0.3137,0.1585,0.1552,11.9359,0.1412,0.1397,0.0015,21.5313,9.5471,10.6538,22875.3502,9.4542,NA,NA
SandFall-Win64-Shipping.exe,19588,0x2EC4BC3AB90,DXGI,0,512,1,Hardware: Independent Flip,22875.6639,19.8572,19.6014,0.2558,11.7634,19.0002,18.9881,0.0121,30.7647,9.5317,-9.2334,22875.6639,0.0011,NA,NA
SandFall-Win64-Shipping.exe,19588,0x2EC4BC3AB90,DXGI,0,512,1,Hardware: Independent Flip,22895.5211,0.3299,0.1560,0.1739,10.9064,0.1813,0.1813,0.0000,20.4392,10.9290,10.3255,22895.5211,9.3515,NA,NA
SandFall-Win64-Shipping.exe,19588,0x2EC4BC3AB90,DXGI,0,512,1,Hardware: Independent Flip,22895.8510,20.0642,19.8178,0.2464,10.7578,20.2798,19.0858,1.1940,31.0383,10.3014,-10.5991,22895.8510,0.0007,NA,NA
SandFall-Win64-Shipping.exe,19588,0x2EC4BC3AB90,DXGI,0,512,1,Hardware: Independent Flip,22915.9152,0.3441,0.1833,0.1608,10.9734,0.1261,0.1261,0.0000,21.2755,9.0112,9.7628,22915.9152,10.1760,NA,NA
SandFall-Win64-Shipping.exe,19588,0x2EC4BC3AB90,DXGI,0,512,1,Hardware: Independent Flip,22916.2593,19.2492,18.9944,0.2548,10.7554,19.1862,18.8000,0.3862,29.9426,10.0640,-8.6671,22916.2593,0.0010,NA,NA
SandFall-Win64-Shipping.exe,19588,0x2EC4BC3AB90,DXGI,0,512,1,Hardware: Independent Flip,22935.5085,0.3117,0.1575,0.1542,10.6924,0.1139,0.1077,0.0062,20.7574,10.7952,9.1852,22935.5085,9.9511,NA,NA
SandFall-Win64-Shipping.exe,19588,0x2EC4BC3AB90,DXGI,0,512,1,Hardware: Independent Flip,22935.8202,20.1495,19.8959,0.2536,10.4946,20.6545,19.2954,1.3591,31.2409,10.2661,-10.4835,22935.8202,0.0918,NA,NA
SandFall-Win64-Shipping.exe,19588,0x2EC4BC3AB90,DXGI,0,512,1,Hardware: Independent Flip,22955.9697,0.3216,0.1552,0.1664,10.9996,0.1251,0.1251,0.0000,21.3575,8.8542,9.8834,22955.9697,10.2328,NA,NA
SandFall-Win64-Shipping.exe,19588,0x2EC4BC3AB90,DXGI,0,512,1,Hardware: Independent Flip,22956.2913,19.2391,18.9803,0.2588,10.8031,19.0865,19.0486,0.0379,29.8901,9.5865,-8.5326,22956.2913,0.0005,NA,NA
SandFall-Win64-Shipping.exe,19588,0x2EC4BC3AB90,DXGI,0,512,1,Hardware: Independent Flip,22975.5304,0.3385,0.1581,0.1804,10.6505,0.0853,0.0831,0.0022,20.2375,11.7992,9.6526,22975.5304,9.5017,NA,NA
SandFall-Win64-Shipping.exe,19588,0x2EC4BC3AB90,DXGI,0,512,1,Hardware: Independent Flip,22975.8689,20.8507,20.5132,0.3375,10.3973,21.0203,19.6324,1.3879,31.6982,10.2570,-11.4607,22975.8689,0.2806,NA,NA
SandFall-Win64-Shipping.exe,19588,0x2EC4BC3AB90,DXGI,0,512,1,Hardware: Independent Flip,22996.7196,0.4082,0.1829,0.2253,10.5669,0.1318,0.1294,0.0024,21.1045,8.5544,10.5937,22996.7196,10.4058,NA,NA
SandFall-Win64-Shipping.exe,19588,0x2EC4BC3AB90,DXGI,0,512,1,Hardware: Independent Flip,22997.1278,21.4453,21.1136,0.3317,10.2905,18.9597,18.9155,0.0442,29.2507,9.7945,-8.1462,22997.1278,0.0005,NA,NA
SandFall-Win64-Shipping.exe,19588,0x2EC4BC3AB90,DXGI,0,512,1,Hardware: Independent Flip,23018.5731,0.3309,0.1705,0.1604,7.8049,0.1073,0.1058,0.0015,17.5999,9.7187,11.6508,23018.5731,9.6877,NA,NA
SandFall-Win64-Shipping.exe,19588,0x2EC4BC3AB90,DXGI,0,512,1,Hardware: Independent Flip,23018.9040,16.9418,16.6752,0.2666,7.5813,19.2275,19.2192,0.0083,26.9877,9.5151,-9.3878,23018.9040,0.1789,NA,NA
SandFall-Win64-Shipping.exe,19588,0x2EC4BC3AB90,DXGI,0,512,1,Hardware: Independent Flip,23035.8458,0.3172,0.1594,0.1578,9.8670,0.1795,0.1772,0.0023,19.5610,9.9849,7.4267,23035.8458,9.5145,NA,NA
SandFall-Win64-Shipping.exe,19588,0x2EC4BC3AB90,DXGI,0,512,1,Hardware: Independent Flip,23036.1630,20.9923,20.6791,0.3132,9.7293,19.4298,19.4214,0.0084,29.2287,9.6391,-9.6677,23036.1630,0.0696,NA,NA
SandFall-Win64-Shipping.exe,19588,0x2EC4BC3AB90,DXGI,0,512,1,Hardware: Independent Flip,23057.1553,0.3830,0.1782,0.2048,8.1668,0.1639,0.1614,0.0025,17.8755,9.6655,11.3532,23057.1553,9.5448,NA,NA
SandFall-Win64-Shipping.exe,19588,0x2EC4BC3AB90,DXGI,0,512,1,Hardware: Independent Flip,23057.5383,14.9004,14.6377,0.2627,7.9477,19.2098,19.2028,0.0070,27.1580,9.7198,-9.2825,23057.5383,0.0005,NA,NA
SandFall-Win64-Shipping.exe,19588,0x2EC4BC3AB90,DXGI,0,512,1,Hardware: Independent Flip,23072.4387,0.3339,0.1637,0.1702,12.2571,0.1007,0.0991,0.0016,21.9774,9.6700,5.1806,23072.4387,9.6196,NA,NA
SandFall-Win64-Shipping.exe,19588,0x2EC4BC3AB90,DXGI,0,512,1,Hardware: Independent Flip,23072.7726,18.3029,18.0509,0.2520,12.0239,19.2889,19.2802,0.0087,31.3135,9.7083,-9.3361,23072.7726,0.0007,NA,NA
SandFall-Win64-Shipping.exe,19588,0x2EC4BC3AB90,DXGI,0,512,1,Hardware: Independent Flip,23091.0755,0.3585,0.1598,0.1987,13.0099,0.0997,0.0976,0.0021,22.7189,9.9518,8.5946,23091.0755,9.6093,NA,NA
SandFall-Win64-Shipping.exe,19588,0x2EC4BC3AB90,DXGI,0,512,1,Hardware: Independent Flip,23091.4340,20.7756,20.4574,0.3182,12.7511,19.5602,19.5463,0.0139,32.3122,9.8230,-9.5933,23091.4340,0.0009,NA,NA
SandFall-Win64-Shipping.exe,19588,0x2EC4BC3AB90,DXGI,0,512,1,Hardware: Independent Flip,23112.2096,0.5117,0.2551,0.2566,11.5357,0.1259,0.1230,0.0029,21.3596,10.6557,10.9526,23112.2096,9.6980,NA,NA
SandFall-Win64-Shipping.exe,19588,0x2EC4BC3AB90,DXGI,0,512,1,Hardware: Independent Flip,23112.7213,18.8043,18.5328,0.2715,11.1499,20.3528,20.3410,0.0118,31.5036,10.2747,-10.1440,23112.7213,0.0009,NA,NA
SandFall-Win64-Shipping.exe,19588,0x2EC4BC3AB90,DXGI,0,512,1,Hardware: Independent Flip,23131.5256,0.3675,0.1953,0.1722,12.6984,0.1198,0.1164,0.0034,22.9740,9.0693,8.5296,23131.5256,10.1558,NA,NA
SandFall-Win64-Shipping.exe,19588,0x2EC4BC3AB90,DXGI,0,512,1,Hardware: Independent Flip,23131.8931,17.6439,17.3716,0.2723,12.4507,19.2245,19.2204,0.0041,31.6758,9.8739,-8.7018,23131.8931,0.0006,NA,NA
SandFall-Win64-Shipping.exe,19588,0x2EC4BC3AB90,DXGI,0,512,1,Hardware: Independent Flip,23149.5370,0.3447,0.1638,0.1809,14.0313,0.1028,0.1010,0.0018,23.9058,9.8415,7.7700,23149.5370,9.7717,NA,NA
SandFall-Win64-Shipping.exe,19588,0x2EC4BC3AB90,DXGI,0,512,1,Hardware: Independent Flip,23149.8817,18.7837,18.5336,0.2501,13.7894,19.4337,19.4286,0.0051,33.4026,9.5803,-9.4968,23149.8817,0.1795,NA,NA
SandFall-Win64-Shipping.exe,19588,0x2EC4BC3AB90,DXGI,0,512,1,Hardware: Independent Flip,23168.6654,0.3178,0.1595,0.1583,14.4394,0.1202,0.1202,0.0000,24.1992,10.6647,9.2034,23168.6654,9.6396,NA,NA
SandFall-Win64-Shipping.exe,19588,0x2EC4BC3AB90,DXGI,0,512,1,Hardware: Independent Flip,23168.9832,19.9887,19.7422,0.2465,14.2418,20.2339,20.2251,0.0088,34.5461,10.0179,-10.3469,23168.9832,0.0704,NA,NA
SandFall-Win64-Shipping.exe,19588,0x2EC4BC3AB90,DXGI,0,512,1,Hardware: Independent Flip,23188.9719,0.3120,0.1572,0.1548,14.4870,0.1696,0.1678,0.0018,24.5753,9.6737,9.9708,23188.9719,9.9187,NA,NA
SandFall-Win64-Shipping.exe,19588,0x2EC4BC3AB90,DXGI,0,512,1,Hardware: Independent Flip,23189.2839,22.8828,22.6131,0.2697,14.3446,19.5917,19.5836,0.0081,33.9370,10.0833,-9.3617,23189.2839,0.0007,NA,NA
SandFall-Win64-Shipping.exe,19588,0x2EC4BC3AB90,DXGI,0,512,1,Hardware: Independent Flip,23212.1667,0.3621,0.1705,0.1916,11.0535,0.1987,0.1964,0.0023,21.1375,9.6585,12.7995,23212.1667,9.8853,NA,NA
SandFall-Win64-Shipping.exe,19588,0x2EC4BC3AB90,DXGI,0,512,1,Hardware: Independent Flip,23212.5288,16.6478,16.3662,0.2816,10.8901,19.5428,19.5362,0.0066,30.4339,9.8534,-9.2964,23212.5288,0.0010,NA,NA
SandFall-Win64-Shipping.exe,19588,0x2EC4BC3AB90,DXGI,0,512,1,Hardware: Independent Flip,23229.1766,0.3980,0.2217,0.1763,13.7851,0.1008,0.0991,0.0017,23.6395,9.8908,6.7944,23229.1766,9.7536,NA,NA
SandFall-Win64-Shipping.exe,19588,0x2EC4BC3AB90,DXGI,0,512,1,Hardware: Independent Flip,23229.5746,20.8737,20.6149,0.2588,13.4879,19.5713,19.5677,0.0036,33.1323,9.6583,-9.4928,23229.5746,0.0731,NA,NA
SandFall-Win64-Shipping.exe,19588,0x2EC4BC3AB90,DXGI,0,512,1,Hardware: Independent Flip,23250.4483,0.3448,0.1714,0.1734,12.1855,0.1053,0.1026,0.0027,21.9169,10.4693,11.2154,23250.4483,9.6261,NA,NA
SandFall-Win64-Shipping.exe,19588,0x2EC4BC3AB90,DXGI,0,512,1,Hardware: Independent Flip,23250.7931,17.7353,17.4498,0.2855,11.9460,20.0529,20.0441,0.0088,32.0414,10.0131,-10.1245,23250.7931,0.0425,NA,NA
SandFall-Win64-Shipping.exe,19588,0x2EC4BC3AB90,DXGI,0,512,1,Hardware: Independent Flip,23268.5284,0.3607,0.1807,0.1800,14.2636,0.1354,0.1329,0.0025,24.3192,10.0712,7.7222,23268.5284,9.9202,NA,NA
SandFall-Win64-Shipping.exe,19588,0x2EC4BC3AB90,DXGI,0,512,1,Hardware: Independent Flip,23268.8891,20.0628,19.8219,0.2409,14.0383,19.9909,19.9827,0.0082,34.0297,10.1710,-9.7105,23268.8891,0.0005,NA,NA
SandFall-Win64-Shipping.exe,19588,0x2EC4BC3AB90,DXGI,0,512,1,Hardware: Independent Flip,23288.9519,0.3570,0.1832,0.1738,13.9664,0.1154,0.1137,0.0017,24.1379,9.1696,9.8918,23288.9519,10.0561,NA,NA
SandFall-Win64-Shipping.exe,19588,0x2EC4BC3AB90,DXGI,0,512,1,Hardware: Independent Flip,23289.3089,19.3568,19.1076,0.2492,13.7248,19.2252,19.2162,0.0090,32.9505,9.7074,-8.8126,23289.3089,0.0005,NA,NA
SandFall-Win64-Shipping.exe,19588,0x2EC4BC3AB90,DXGI,0,512,1,Hardware: Independent Flip,23308.6657,0.3182,0.1583,0.1599,13.5932,0.1223,0.1201,0.0022,23.3011,10.0749,9.6494,23308.6657,9.5856,NA,NA
SandFall-Win64-Shipping.exe,19588,0x2EC4BC3AB90,DXGI,0,512,1,Hardware: Independent Flip,23308.9839,20.0490,19.7986,0.2504,13.3973,19.4645,19.4510,0.0135,33.0578,9.6149,-9.7567,23308.9839,0.1960,NA,NA
SandFall-Win64-Shipping.exe,19588,0x2EC4BC3AB90,DXGI,0,512,1,Hardware: Independent Flip,23329.0329,0.3855,0.2136,0.1719,12.8128,0.1151,0.1134,0.0017,22.6237,10.4303,10.4341,23329.0329,9.6958,NA,NA
SandFall-Win64-Shipping.exe,19588,0x2EC4BC3AB90,DXGI,0,512,1,Hardware: Independent Flip,23329.4184,22.6742,22.3273,0.3469,12.5424,20.1251,19.4889,0.6362,32.6685,9.9812,-10.0448,23329.4184,0.0010,NA,NA
SandFall-Win64-Shipping.exe,19588,0x2EC4BC3AB90,DXGI,0,512,1,Hardware: Independent Flip,23352.0926,0.3388,0.1744,0.1644,9.9933,0.1042,0.1013,0.0029,19.9755,13.4863,12.6930,23352.0926,9.8780,NA,NA
SandFall-Win64-Shipping.exe,19588,0x2EC4BC3AB90,DXGI,0,512,1,Hardware: Independent Flip,23352.4314,21.8969,21.5631,0.3338,9.7587,23.3637,22.1178,1.2459,33.1230,11.9808,-13.1475,23352.4314,0.0006,NA,NA
SandFall-Win64-Shipping.exe,19588,0x2EC4BC3AB90,DXGI,0,512,1,Hardware: Independent Flip,23374.3283,0.4290,0.2077,0.2213,11.2255,0.1444,0.1426,0.0018,23.2069,7.4264,9.9161,23374.3283,11.8370,NA,NA
SandFall-Win64-Shipping.exe,19588,0x2EC4BC3AB90,DXGI,0,512,1,Hardware: Independent Flip,23374.7573,16.3871,16.1395,0.2476,10.9409,19.2623,19.2534,0.0089,30.2043,10.2524,-6.9974,23374.7573,0.0011,NA,NA
SandFall-Win64-Shipping.exe,19588,0x2EC4BC3AB90,DXGI,0,512,1,Hardware: Independent Flip,23391.1444,0.3236,0.1595,0.1641,13.8161,0.1518,0.1499,0.0019,24.0696,9.2381,6.1347,23391.1444,10.1017,NA,NA
SandFall-Win64-Shipping.exe,19588,0x2EC4BC3AB90,DXGI,0,512,1,Hardware: Independent Flip,23391.4680,18.5571,18.2875,0.2696,13.6443,19.3388,19.3302,0.0086,32.9841,10.2405,-8.9145,23391.4680,0.0010,NA,NA
SandFall-Win64-Shipping.exe,19588,0x2EC4BC3AB90,DXGI,0,512,1,Hardware: Independent Flip,23410.0251,0.3206,0.1568,0.1638,14.4260,0.1399,0.1379,0.0020,24.6675,9.1553,8.3166,23410.0251,10.1016,NA,NA
SandFall-Win64-Shipping.exe,19588,0x2EC4BC3AB90,DXGI,0,512,1,Hardware: Independent Flip,23410.3457,19.4775,19.2334,0.2441,14.2453,19.2565,19.2480,0.0085,33.5022,9.6683,-8.8347,23410.3457,0.0004,NA,NA
SandFall-Win64-Shipping.exe,19588,0x2EC4BC3AB90,DXGI,0,512,1,Hardware: Independent Flip,23429.8232,0.3269,0.1588,0.1681,14.0243,0.1092,0.1077,0.0015,23.6930,9.8169,9.8092,23429.8232,9.5595,NA,NA
SandFall-Win64-Shipping.exe,19588,0x2EC4BC3AB90,DXGI,0,512,1,Hardware: Independent Flip,23430.1501,20.7645,20.5014,0.2631,13.8066,19.1285,19.1157,0.0128,33.1830,9.3587,-9.4900,23430.1501,0.2479,NA,NA
SandFall-Win64-Shipping.exe,19588,0x2EC4BC3AB90,DXGI,0,512,1,Hardware: Independent Flip,23450.9146,0.3187,0.1598,0.1589,12.1706,0.1008,0.0984,0.0024,21.7772,9.9873,11.4058,23450.9146,9.5058,NA,NA
SandFall-Win64-Shipping.exe,19588,0x2EC4BC3AB90,DXGI,0,512,1,Hardware: Independent Flip,23451.2333,19.9898,19.7326,0.2572,11.9527,19.4558,19.4433,0.0125,31.4458,9.6143,-9.6686,23451.2333,0.0373,NA,NA
SandFall-Win64-Shipping.exe,19588,0x2EC4BC3AB90,DXGI,0,512,1,Hardware: Independent Flip,23471.2231,0.3128,0.1573,0.1555,11.4187,0.1250,0.1235,0.0015,21.0703,10.0637,10.3755,23471.2231,9.5266,NA,NA
SandFall-Win64-Shipping.exe,19588,0x2EC4BC3AB90,DXGI,0,512,1,Hardware: Independent Flip,23471.5359,19.7642,19.5228,0.2414,11.2309,19.5898,19.2628,0.3270,30.8212,9.9258,-9.7509,23471.5359,0.0005,NA,NA
SandFall-Win64-Shipping.exe,19588,0x2EC4BC3AB90,DXGI,0,512,1,Hardware: Independent Flip,23491.3001,0.3173,0.1596,0.1577,11.0565,0.1133,0.1113,0.0020,20.9828,10.1903,9.8384,23491.3001,9.8130,NA,NA
SandFall-Win64-Shipping.exe,19588,0x2EC4BC3AB90,DXGI,0,512,1,Hardware: Independent Flip,23491.6174,21.4748,21.1812,0.2936,10.8525,20.0028,19.0119,0.9909,30.8558,10.2614,-9.8730,23491.6174,0.0005,NA,NA
SandFall-Win64-Shipping.exe,19588,0x2EC4BC3AB90,DXGI,0,512,1,Hardware: Independent Flip,23513.0922,0.3368,0.1691,0.1677,9.3805,0.1958,0.1958,0.0000,19.6424,8.7692,11.2134,23513.0922,10.0661,NA,NA
SandFall-Win64-Shipping.exe,19588,0x2EC4BC3AB90,DXGI,0,512,1,Hardware: Independent Flip,23513.4290,17.0898,16.8443,0.2455,9.2395,18.8345,18.8246,0.0099,28.0748,9.6835,-8.4324,23513.4290,0.0008,NA,NA
SandFall-Win64-Shipping.exe,19588,0x2EC4BC3AB90,DXGI,0,512,1,Hardware: Independent Flip,23530.5188,0.3097,0.1560,0.1537,10.9842,0.1689,0.1689,0.0000,20.6685,11.5398,7.4063,23530.5188,9.5154,NA,NA
SandFall-Win64-Shipping.exe,19588,0x2EC4BC3AB90,DXGI,0,512,1,Hardware: Independent Flip,23530.8285,20.5293,20.2513,0.2780,10.8434,20.7910,19.4126,1.3784,31.8986,10.1301,-11.2301,23530.8285,0.2642,NA,NA
SandFall-Win64-Shipping.exe,19588,0x2EC4BC3AB90,DXGI,0,512,1,Hardware: Independent Flip,23551.3578,0.3169,0.1612,0.1557,11.1051,0.0842,0.0827,0.0015,21.4994,9.2886,10.3992,23551.3578,10.3101,NA,NA
SandFall-Win64-Shipping.exe,19588,0x2EC4BC3AB90,DXGI,0,512,1,Hardware: Independent Flip,23551.6747,19.3643,19.1020,0.2623,10.8724,19.5978,19.4599,0.1379,30.4711,10.0726,-8.9717,23551.6747,0.0009,NA,NA
SandFall-Win64-Shipping.exe,19588,0x2EC4BC3AB90,DXGI,0,512,1,Hardware: Independent Flip,23571.0390,0.3235,0.1638,0.1597,11.1059,0.0930,0.0913,0.0017,21.1794,8.9636,9.2917,23571.0390,9.9805,NA,NA
SandFall-Win64-Shipping.exe,19588,0x2EC4BC3AB90,DXGI,0,512,1,Hardware: Independent Flip,23571.3625,19.0860,18.8383,0.2477,10.8754,18.9205,18.9074,0.0131,29.8195,9.4454,-8.6401,23571.3625,0.0236,NA,NA
SandFall-Win64-Shipping.exe,19588,0x2EC4BC3AB90,DXGI,0,512,1,Hardware: Independent Flip,23590.4485,0.3150,0.1600,0.1550,10.7099,0.1053,0.1032,0.0021,20.1789,9.9911,9.6406,23590.4485,9.3637,NA,NA
SandFall-Win64-Shipping.exe,19588,0x2EC4BC3AB90,DXGI,0,512,1,Hardware: Independent Flip,23590.7635,18.8673,18.6058,0.2615,10.5002,19.0579,18.9273,0.1306,29.8550,9.2624,-9.6761,23590.7635,0.2969,NA,NA
SandFall-Win64-Shipping.exe,19588,0x2EC4BC3AB90,DXGI,0,512,1,Hardware: Independent Flip,23609.6308,0.3300,0.1564,0.1736,10.6908,0.0795,0.0779,0.0016,20.2501,10.2340,9.6049,23609.6308,9.4798,NA,NA
SandFall-Win64-Shipping.exe,19588,0x2EC4BC3AB90,DXGI,0,512,1,Hardware: Independent Flip,23609.9608,19.0090,18.7515,0.2575,10.4403,19.7130,19.3717,0.3413,30.1541,9.7111,-9.9040,23609.9608,0.0008,NA,NA
SandFall-Win64-Shipping.exe,19588,0x2EC4BC3AB90,DXGI,0,512,1,Hardware: Independent Flip,23628.9698,0.3092,0.1528,0.1564,11.1443,0.0819,0.0803,0.0016,20.8562,9.5661,9.2979,23628.9698,9.6300,NA,NA
SandFall-Win64-Shipping.exe,19588,0x2EC4BC3AB90,DXGI,0,512,1,Hardware: Independent Flip,23629.2790,19.9364,19.6519,0.2845,10.9170,19.1952,18.9635,0.2317,30.1131,9.9267,-9.2569,23629.2790,0.0009,NA,NA
SandFall-Win64-Shipping.exe,19588,0x2EC4BC3AB90,DXGI,0,512,1,Hardware: Independent Flip,23649.2154,0.3682,0.2029,0.1653,10.1758,0.1058,0.1002,0.0056,20.1034,21.5824,10.0097,23649.2154,9.8218,NA,NA
SandFall-Win64-Shipping.exe,19588,0x2EC4BC3AB90,DXGI,0,512,1,Hardware: Independent Flip,23649.5836,23.1515,22.8805,0.2710,9.9134,31.4034,28.2645,3.1389,41.3176,15.8145,-21.2142,23649.5836,0.0008,NA,NA
SandFall-Win64-Shipping.exe,19588,0x2EC4BC3AB90,DXGI,0,512,1,Hardware: Independent Flip,23672.7351,0.3724,0.1932,0.1792,18.1653,0.1210,0.1180,0.0030,33.9806,8.9669,7.3370,23672.7351,15.6943,NA,NA
SandFall-Win64-Shipping.exe,19588,0x2EC4BC3AB90,DXGI,0,512,1,Hardware: Independent Flip,23673.1075,16.1151,15.8143,0.3008,17.9139,24.6605,24.6532,0.0073,42.5751,13.8960,-8.5945,23673.1075,0.0007,NA,NA
SandFall-Win64-Shipping.exe,19588,0x2EC4BC3AB90,DXGI,0,512,1,Hardware: Independent Flip,23689.2226,0.4032,0.1886,0.2146,26.4593,0.1057,0.0998,0.0059,40.3560,6.9573,2.2191,23689.2226,13.7910,NA,NA
SandFall-Win64-Shipping.exe,19588,0x2EC4BC3AB90,DXGI,0,512,1,Hardware: Independent Flip,23689.6258,24.7001,24.4468,0.2533,26.1618,20.7474,20.7350,0.0124,46.9101,10.9466,-6.5541,23689.6258,0.0009,NA,NA
SandFall-Win64-Shipping.exe,19588,0x2EC4BC3AB90,DXGI,0,512,1,Hardware: Independent Flip,23714.3259,0.3348,0.1737,0.1611,22.2091,0.2022,0.1994,0.0028,33.1566,10.4605,13.7535,23714.3259,10.7453,NA,NA
SandFall-Win64-Shipping.exe,19588,0x2EC4BC3AB90,DXGI,0,512,1,Hardware: Independent Flip,23714.6607,23.8821,23.5481,0.3340,22.0765,21.1328,21.1263,0.0065,43.2823,10.5726,-10.1257,23714.6607,0.0730,NA,NA
SandFall-Win64-Shipping.exe,19588,0x2EC4BC3AB90,DXGI,0,512,1,Hardware: Independent Flip,23738.5428,0.3503,0.1796,0.1707,19.3272,0.1546,0.1527,0.0019,29.9728,10.8280,13.3095,23738.5428,10.4910,NA,NA
SandFall-Win64-Shipping.exe,19588,0x2EC4BC3AB90,DXGI,0,512,1,Hardware: Independent Flip,23738.8931,21.4118,21.1568,0.2550,19.1315,21.1724,21.1671,0.0053,40.4505,10.4521,-10.4777,23738.8931,0.1466,NA,NA
SandFall-Win64-Shipping.exe,19588,0x2EC4BC3AB90,DXGI,0,512,1,Hardware: Independent Flip,23760.3049,0.3288,0.1656,0.1632,18.8921,0.0848,0.0797,0.0051,29.4908,10.5941,10.9597,23760.3049,10.5139,NA,NA
SandFall-Win64-Shipping.exe,19588,0x2EC4BC3AB90,DXGI,0,512,1,Hardware: Independent Flip,23760.6337,20.5736,20.3300,0.2436,18.6481,21.1076,21.0892,0.0184,39.7561,10.4964,-10.2653,23760.6337,0.0004,NA,NA
SandFall-Win64-Shipping.exe,19588,0x2EC4BC3AB90,DXGI,0,512,1,Hardware: Independent Flip,23781.2073,0.3174,0.1649,0.1525,19.1821,0.1506,0.1468,0.0038,29.6789,10.8733,10.0772,23781.2073,10.3462,NA,NA
SandFall-Win64-Shipping.exe,19588,0x2EC4BC3AB90,DXGI,0,512,1,Hardware: Independent Flip,23781.5247,20.9166,20.6719,0.2447,19.0153,21.2186,21.2060,0.0126,40.2348,10.7523,-10.5559,23781.5247,0.0009,NA,NA
SandFall-Win64-Shipping.exe,19588,0x2EC4BC3AB90,DXGI,0,512,1,Hardware: Independent Flip,23802.4413,0.3165,0.1628,0.1537,19.3173,0.1508,0.1490,0.0018,30.0705,10.3448,10.1643,23802.4413,10.6024,NA,NA
SandFall-Win64-Shipping.exe,19588,0x2EC4BC3AB90,DXGI,0,512,1,Hardware: Independent Flip,23802.7578,20.8538,20.6112,0.2426,19.1516,20.9465,20.9366,0.0099,40.0988,10.6772,-10.0283,23802.7578,0.0007,NA,NA
SandFall-Win64-Shipping.exe,19588,0x2EC4BC3AB90,DXGI,0,512,1,Hardware: Independent Flip,23823.6116,0.3096,0.1606,0.1490,19.2443,0.1516,0.1491,0.0025,29.9222,10.4787,10.1766,23823.6116,10.5263,NA,NA
SandFall-Win64-Shipping.exe,19588,0x2EC4BC3AB90,DXGI,0,512,1,Hardware: Independent Flip,23823.9212,20.4924,20.2205,0.2719,19.0863,20.9878,20.9777,0.0101,40.0913,10.4744,-10.1691,23823.9212,0.0172,NA,NA
SandFall-Win64-Shipping.exe,19588,0x2EC4BC3AB90,DXGI,0,512,1,Hardware: Independent Flip,23844.4136,0.3291,0.1721,0.1570,19.5817,0.1552,0.1505,0.0047,30.0733,10.6892,10.0180,23844.4136,10.3364,NA,NA
SandFall-Win64-Shipping.exe,19588,0x2EC4BC3AB90,DXGI,0,512,1,Hardware: Independent Flip,23844.7427,20.8324,20.5337,0.2987,19.4078,20.9772,20.9683,0.0089,40.4334,10.4961,-10.3601,23844.7427,0.0484,NA,NA
SandFall-Win64-Shipping.exe,19588,0x2EC4BC3AB90,DXGI,0,512,1,Hardware: Independent Flip,23865.5751,0.3302,0.1721,0.1581,19.5526,0.1711,0.1690,0.0021,30.0971,10.1135,10.3363,23865.5751,10.3734,NA,NA
SandFall-Win64-Shipping.exe,19588,0x2EC4BC3AB90,DXGI,0,512,1,Hardware: Independent Flip,23865.9053,20.9192,20.4454,0.4738,19.3935,20.4859,20.4819,0.0040,39.8804,10.2901,-9.7833,23865.9053,0.0010,NA,NA
SandFall-Win64-Shipping.exe,19588,0x2EC4BC3AB90,DXGI,0,512,1,Hardware: Independent Flip,23886.8245,0.5397,0.2958,0.2439,18.9602,0.1392,0.1367,0.0025,29.2513,10.6068,10.6291,23886.8245,10.1519,NA,NA
SandFall-Win64-Shipping.exe,19588,0x2EC4BC3AB90,DXGI,0,512,1,Hardware: Independent Flip,23887.3642,19.2005,18.8517,0.3488,18.5597,20.6831,20.6777,0.0054,39.3184,10.3148,-10.0671,23887.3642,0.0756,NA,NA
SandFall-Win64-Shipping.exe,19588,0x2EC4BC3AB90,DXGI,0,512,1,Hardware: Independent Flip,23906.5647,0.4739,0.2765,0.1974,20.0423,0.1437,0.1215,0.0222,30.4327,10.4396,8.8857,23906.5647,10.2467,NA,NA
SandFall-Win64-Shipping.exe,19588,0x2EC4BC3AB90,DXGI,0,512,1,Hardware: Independent Flip,23907.0386,20.0954,19.7263,0.3691,19.7121,20.6856,20.6830,0.0026,40.3984,10.4135,-9.9657,23907.0386,0.0007,NA,NA
SandFall-Win64-Shipping.exe,19588,0x2EC4BC3AB90,DXGI,0,512,1,Hardware: Independent Flip,23927.1340,0.6174,0.3080,0.3094,20.3023,0.1697,0.1640,0.0057,30.7165,10.7059,9.6819,23927.1340,10.2445,NA,NA
SandFall-Win64-Shipping.exe,19588,0x2EC4BC3AB90,DXGI,0,512,1,Hardware: Independent Flip,23927.7514,20.7514,20.4237,0.3277,19.8546,20.9495,20.9448,0.0047,40.8050,10.6338,-10.0885,23927.7514,0.0009,NA,NA
SandFall-Win64-Shipping.exe,19588,0x2EC4BC3AB90,DXGI,0,512,1,Hardware: Independent Flip,23948.5028,0.3687,0.1988,0.1699,20.0527,0.1805,0.1779,0.0026,30.6874,10.3316,10.1176,23948.5028,10.4542,NA,NA
SandFall-Win64-Shipping.exe,19588,0x2EC4BC3AB90,DXGI,0,512,1,Hardware: Independent Flip,23948.8715,21.1864,20.9192,0.2672,19.8645,20.7849,20.7774,0.0075,40.6503,10.6047,-9.9629,23948.8715,0.0009,NA,NA
SandFall-Win64-Shipping.exe,19588,0x2EC4BC3AB90,DXGI,0,512,1,Hardware: Independent Flip,23970.0579,0.3495,0.1778,0.1717,19.4630,0.1434,0.1434,0.0000,30.0686,10.2421,10.5817,23970.0579,10.4622,NA,NA
SandFall-Win64-Shipping.exe,19588,0x2EC4BC3AB90,DXGI,0,512,1,Hardware: Independent Flip,23970.4074,22.2694,22.0071,0.2623,19.2569,20.7033,20.6982,0.0051,39.9612,10.3597,-9.8926,23970.4074,0.0010,NA,NA
SandFall-Win64-Shipping.exe,19588,0x2EC4BC3AB90,DXGI,0,512,1,Hardware: Independent Flip,23992.6768,0.3862,0.1831,0.2031,17.6908,0.1063,0.1044,0.0019,28.0515,10.6100,11.9097,23992.6768,10.2544,NA,NA
SandFall-Win64-Shipping.exe,19588,0x2EC4BC3AB90,DXGI,0,512,1,Hardware: Independent Flip,23993.0630,22.3088,21.8998,0.4090,17.4109,20.7862,20.7822,0.0040,38.2753,10.3560,-10.2238,23993.0630,0.0782,NA,NA
SandFall-Win64-Shipping.exe,19588,0x2EC4BC3AB90,DXGI,0,512,1,Hardware: Independent Flip,24015.3718,0.4081,0.2085,0.1996,15.8883,0.1659,0.1637,0.0022,26.3225,10.7775,11.9528,24015.3718,10.2683,NA,NA
SandFall-Win64-Shipping.exe,19588,0x2EC4BC3AB90,DXGI,0,512,1,Hardware: Independent Flip,24015.7799,20.6732,20.3894,0.2838,15.6461,21.0448,21.0376,0.0072,36.6919,10.5576,-10.3694,24015.7799,0.0010,NA,NA
SandFall-Win64-Shipping.exe,19588,0x2EC4BC3AB90,DXGI,0,512,1,Hardware: Independent Flip,24036.4531,0.4105,0.2283,0.1822,16.0177,0.1297,0.1273,0.0024,26.5763,10.6969,10.1156,24036.4531,10.4289,NA,NA
SandFall-Win64-Shipping.exe,19588,0x2EC4BC3AB90,DXGI,0,512,1,Hardware: Independent Flip,24036.8636,27.6209,27.1410,0.4799,15.7369,21.1246,21.1177,0.0069,36.8627,10.6873,-10.2864,24036.8636,0.0012,NA,NA
SandFall-Win64-Shipping.exe,19588,0x2EC4BC3AB90,DXGI,0,512,1,Hardware: Independent Flip,24064.4845,0.4156,0.1993,0.2163,9.2406,0.1120,0.1099,0.0021,19.9291,9.4724,16.9336,24064.4845,10.5765,NA,NA
SandFall-Win64-Shipping.exe,19588,0x2EC4BC3AB90,DXGI,0,512,1,Hardware: Independent Flip,24064.9001,10.8230,10.5890,0.2340,8.9370,20.0488,20.0394,0.0094,28.9859,10.1985,-9.0568,24064.9001,0.0001,NA,NA
SandFall-Win64-Shipping.exe,19588,0x2EC4BC3AB90,DXGI,0,512,1,Hardware: Independent Flip,24075.7231,0.3263,0.1602,0.1661,18.1628,0.2027,0.2027,0.0000,28.3614,10.4174,0.6245,24075.7231,9.9959,NA,NA
SandFall-Win64-Shipping.exe,19588,0x2EC4BC3AB90,DXGI,0,512,1,Hardware: Independent Flip,24076.0494,21.1811,20.8776,0.3035,18.0392,20.1709,20.1178,0.0531,38.4525,9.8824,-10.0911,24076.0494,0.2424,NA,NA
SandFall-Win64-Shipping.exe,19588,0x2EC4BC3AB90,DXGI,0,512,1,Hardware: Independent Flip,24097.2305,0.3348,0.1678,0.1670,17.0290,0.1205,0.1182,0.0023,27.1538,10.2163,11.2987,24097.2305,10.0043,NA,NA
SandFall-Win64-Shipping.exe,19588,0x2EC4BC3AB90,DXGI,0,512,1,Hardware: Independent Flip,24097.5653,25.3648,25.0602,0.3046,16.8147,20.2024,20.1785,0.0239,37.0353,9.9607,-9.8815,24097.5653,0.0182,NA,NA
SandFall-Win64-Shipping.exe,19588,0x2EC4BC3AB90,DXGI,0,512,1,Hardware: Independent Flip,24122.9301,0.3983,0.2085,0.1898,11.6523,0.1169,0.1149,0.0020,21.6312,10.2364,15.4041,24122.9301,9.8620,NA,NA
SandFall-Win64-Shipping.exe,19588,0x2EC4BC3AB90,DXGI,0,512,1,Hardware: Independent Flip,24123.3284,18.2442,17.9897,0.2545,11.3709,20.0977,20.0886,0.0091,31.4693,10.1246,-9.8381,24123.3284,0.0007,NA,NA
SandFall-Win64-Shipping.exe,19588,0x2EC4BC3AB90,DXGI,0,512,1,Hardware: Independent Flip,24141.5726,0.3088,0.1573,0.1515,13.2244,0.0763,0.0745,0.0018,23.3497,11.0906,8.1196,24141.5726,10.0490,NA,NA
SandFall-Win64-Shipping.exe,19588,0x2EC4BC3AB90,DXGI,0,512,1,Hardware: Independent Flip,24141.8814,21.9345,21.6959,0.2386,12.9919,21.1391,20.4307,0.7084,34.1315,10.7169,-10.7818,24141.8814,0.0005,NA,NA
SandFall-Win64-Shipping.exe,19588,0x2EC4BC3AB90,DXGI,0,512,1,Hardware: Independent Flip,24163.8159,0.3067,0.1532,0.1535,12.1965,0.1131,0.1115,0.0016,22.9139,10.2440,11.2176,24163.8159,10.6043,NA,NA
SandFall-Win64-Shipping.exe,19588,0x2EC4BC3AB90,DXGI,0,512,1,Hardware: Independent Flip,24164.1226,21.1634,20.9203,0.2431,12.0029,20.8471,20.2622,0.5849,32.8512,10.7340,-9.9373,24164.1226,0.0012,NA,NA
SandFall-Win64-Shipping.exe,19588,0x2EC4BC3AB90,DXGI,0,512,1,Hardware: Independent Flip,24185.2860,0.3157,0.1546,0.1611,11.6866,0.0939,0.0917,0.0022,22.4218,10.3516,10.4294,24185.2860,10.6413,NA,NA
SandFall-Win64-Shipping.exe,19588,0x2EC4BC3AB90,DXGI,0,512,1,Hardware: Independent Flip,24185.6017,20.7557,20.5006,0.2551,11.4648,20.9913,20.3166,0.6747,32.4577,10.5541,-10.0359,24185.6017,0.0016,NA,NA
SandFall-Win64-Shipping.exe,19588,0x2EC4BC3AB90,DXGI,0,512,1,Hardware: Independent Flip,24206.3574,0.3467,0.1736,0.1731,11.7004,0.0959,0.0900,0.0059,22.2561,11.6268,10.2016,24206.3574,10.4598,NA,NA
SandFall-Win64-Shipping.exe,19588,0x2EC4BC3AB90,DXGI,0,512,1,Hardware: Independent Flip,24206.7041,21.9369,21.6914,0.2455,11.4496,22.0243,20.0787,1.9456,33.5362,11.0028,-11.2801,24206.7041,0.0623,NA,NA
SandFall-Win64-Shipping.exe,19588,0x2EC4BC3AB90,DXGI,0,512,1,Hardware: Independent Flip,24228.6410,0.3046,0.1550,0.1496,11.5370,0.1436,0.1420,0.0016,22.6021,9.9453,10.9341,24228.6410,10.9215,NA,NA
SandFall-Win64-Shipping.exe,19588,0x2EC4BC3AB90,DXGI,0,512,1,Hardware: Independent Flip,24228.9456,20.6708,20.4171,0.2537,11.3760,20.8660,20.2897,0.5763,32.2428,10.7085,-9.6407,24228.9456,0.0008,NA,NA
SandFall-Win64-Shipping.exe,19588,0x2EC4BC3AB90,DXGI,0,512,1,Hardware: Independent Flip,24249.6164,0.3433,0.1832,0.1601,11.5712,0.1368,0.1351,0.0017,22.2805,10.2116,9.9623,24249.6164,10.5725,NA,NA
SandFall-Win64-Shipping.exe,19588,0x2EC4BC3AB90,DXGI,0,512,1,Hardware: Independent Flip,24249.9597,20.2009,19.9461,0.2548,11.3647,20.6618,20.4654,0.1964,32.1488,10.2726,-9.8683,24249.9597,0.1223,NA,NA
SandFall-Win64-Shipping.exe,19588,0x2EC4BC3AB90,DXGI,0,512,1,Hardware: Independent Flip,24270.1606,0.3716,0.1746,0.1970,11.8256,0.3045,0.3028,0.0017,22.2205,11.0099,9.9283,24270.1606,10.0904,NA,NA
SandFall-Win64-Shipping.exe,19588,0x2EC4BC3AB90,DXGI,0,512,1,Hardware: Independent Flip,24270.5322,20.7836,20.5370,0.2466,11.7585,20.9452,20.3414,0.6038,32.8588,10.4041,-10.6383,24270.5322,0.1551,NA,NA
SandFall-Win64-Shipping.exe,19588,0x2EC4BC3AB90,DXGI,0,512,1,Hardware: Independent Flip,24291.3158,0.6172,0.1578,0.4594,11.9201,0.1217,0.1202,0.0015,22.4793,9.7242,10.3795,24291.3158,10.4375,NA,NA
SandFall-Win64-Shipping.exe,19588,0x2EC4BC3AB90,DXGI,0,512,1,Hardware: Independent Flip,24291.9330,20.7156,20.4693,0.2463,11.4246,20.1604,20.0276,0.1328,31.5863,10.1455,-9.1070,24291.9330,0.0013,NA,NA
SandFall-Win64-Shipping.exe,19588,0x2EC4BC3AB90,DXGI,0,512,1,Hardware: Independent Flip,24312.6486,0.3110,0.1579,0.1531,10.8694,0.1071,0.1052,0.0019,21.0162,10.2228,10.5701,24312.6486,10.0397,NA,NA
SandFall-Win64-Shipping.exe,19588,0x2EC4BC3AB90,DXGI,0,512,1,Hardware: Independent Flip,24312.9596,19.1407,18.8754,0.2653,10.6655,20.1810,20.1709,0.0101,30.9280,10.0732,-9.9118,24312.9596,0.0815,NA,NA
SandFall-Win64-Shipping.exe,19588,0x2EC4BC3AB90,DXGI,0,512,1,Hardware: Independent Flip,24332.1003,0.3385,0.1700,0.1685,11.7058,0.1238,0.1028,0.0210,21.8605,10.7645,9.0675,24332.1003,10.0309,NA,NA
SandFall-Win64-Shipping.exe,19588,0x2EC4BC3AB90,DXGI,0,512,1,Hardware: Independent Flip,24332.4388,20.5003,20.2599,0.2404,11.4911,20.7827,20.2729,0.5098,32.2865,10.3442,-10.4260,24332.4388,0.0127,NA,NA
SandFall-Win64-Shipping.exe,19588,0x2EC4BC3AB90,DXGI,0,512,1,Hardware: Independent Flip,24352.9391,0.4729,0.2307,0.2422,11.7735,0.1160,0.1137,0.0023,22.1304,10.7768,10.1561,24352.9391,10.2409,NA,NA
SandFall-Win64-Shipping.exe,19588,0x2EC4BC3AB90,DXGI,0,512,1,Hardware: Independent Flip,24353.4120,21.5940,21.3446,0.2494,11.4166,21.0166,20.2802,0.7364,32.4343,10.7368,-10.3039,24353.4120,0.0011,NA,NA
SandFall-Win64-Shipping.exe,19588,0x2EC4BC3AB90,DXGI,0,512,1,Hardware: Independent Flip,24375.0060,0.3465,0.1848,0.1617,10.8392,0.1332,0.1332,0.0000,21.5771,9.4597,10.8572,24375.0060,10.6047,NA,NA
SandFall-Win64-Shipping.exe,19588,0x2EC4BC3AB90,DXGI,0,512,1,Hardware: Independent Flip,24375.3525,18.5406,18.2878,0.2528,10.6259,20.0635,20.0483,0.0152,30.6903,10.3017,-9.1132,24375.3525,0.0009,NA,NA
SandFall-Win64-Shipping.exe,19588,0x2EC4BC3AB90,DXGI,0,512,1,Hardware: Independent Flip,24393.8931,0.3556,0.1591,0.1965,12.1488,0.1349,0.1349,0.0000,22.4514,10.1141,8.2389,24393.8931,10.1677,NA,NA
SandFall-Win64-Shipping.exe,19588,0x2EC4BC3AB90,DXGI,0,512,1,Hardware: Independent Flip,24394.2487,19.8395,19.5943,0.2452,11.9281,20.0858,20.0723,0.0135,32.2099,9.9081,-9.7585,24394.2487,0.1960,NA,NA
SandFall-Win64-Shipping.exe,19588,0x2EC4BC3AB90,DXGI,0,512,1,Hardware: Independent Flip,24414.0882,0.3212,0.1547,0.1665,12.1744,0.1432,0.1411,0.0021,22.2785,10.0348,9.9314,24414.0882,9.9609,NA,NA
SandFall-Win64-Shipping.exe,19588,0x2EC4BC3AB90,DXGI,0,512,1,Hardware: Independent Flip,24414.4094,19.6480,19.4029,0.2451,11.9964,19.8982,19.8867,0.0115,31.9921,9.8179,-9.7136,24414.4094,0.0975,NA,NA
SandFall-Win64-Shipping.exe,19588,0x2EC4BC3AB90,DXGI,0,512,1,Hardware: Independent Flip,24434.0574,0.3095,0.1561,0.1534,12.2466,0.1435,0.1418,0.0017,22.1620,10.3111,9.8301,24434.0574,9.7719,NA,NA
SandFall-Win64-Shipping.exe,19588,0x2EC4BC3AB90,DXGI,0,512,1,Hardware: Independent Flip,24434.3669,23.5658,23.2325,0.3333,12.0806,20.0821,19.8761,0.2060,32.1636,10.0617,-10.0016,24434.3669,0.0009,NA,NA
SandFall-Win64-Shipping.exe,19588,0x2EC4BC3AB90,DXGI,0,512,1,Hardware: Independent Flip,24457.9327,0.3431,0.1683,0.1748,8.5969,0.1420,0.1403,0.0017,18.6595,10.0875,13.5041,24457.9327,9.9206,NA,NA
SandFall-Win64-Shipping.exe,19588,0x2EC4BC3AB90,DXGI,0,512,1,Hardware: Independent Flip,24458.2758,16.4645,16.2166,0.2479,8.3958,20.0070,19.9970,0.0100,28.4039,10.2109,-9.7444,24458.2758,0.0011,NA,NA
SandFall-Win64-Shipping.exe,19588,0x2EC4BC3AB90,DXGI,0,512,1,Hardware: Independent Flip,24474.7403,0.3375,0.1732,0.1643,11.9383,0.1337,0.1337,0.0000,22.1503,10.1698,6.2536,24474.7403,10.0783,NA,NA
SandFall-Win64-Shipping.exe,19588,0x2EC4BC3AB90,DXGI,0,512,1,Hardware: Independent Flip,24475.0778,19.6240,19.3780,0.2460,11.7345,20.2469,20.2349,0.0120,31.9826,10.2131,-9.8323,24475.0778,0.0012,NA,NA
SandFall-Win64-Shipping.exe,19588,0x2EC4BC3AB90,DXGI,0,512,1,Hardware: Independent Flip,24494.7018,0.3146,0.1564,0.1582,12.3574,0.1375,0.1348,0.0027,22.5717,10.0013,9.4109,24494.7018,10.0768,NA,NA
SandFall-Win64-Shipping.exe,19588,0x2EC4BC3AB90,DXGI,0,512,1,Hardware: Independent Flip,24495.0164,20.1298,19.8893,0.2405,12.1803,20.0771,20.0663,0.0108,32.2584,10.1092,-9.6867,24495.0164,0.0010,NA,NA
SandFall-Win64-Shipping.exe,19588,0x2EC4BC3AB90,DXGI,0,512,1,Hardware: Independent Flip,24515.1462,0.3118,0.1576,0.1542,12.1276,0.2434,0.2407,0.0027,22.2378,10.0974,10.0206,24515.1462,9.8668,NA,NA
SandFall-Win64-Shipping.exe,19588,0x2EC4BC3AB90,DXGI,0,512,1,Hardware: Independent Flip,24515.4580,20.0210,19.7673,0.2537,12.0592,19.9347,19.9247,0.0100,32.0234,10.0543,-9.7856,24515.4580,0.0295,NA,NA
SandFall-Win64-Shipping.exe,19588,0x2EC4BC3AB90,DXGI,0,512,1,Hardware: Independent Flip,24535.4790,0.3357,0.1763,0.1594,11.9729,0.1121,0.1105,0.0016,22.0567,11.3097,9.9667,24535.4790,9.9717,NA,NA
SandFall-Win64-Shipping.exe,19588,0x2EC4BC3AB90,DXGI,0,512,1,Hardware: Independent Flip,24535.8147,22.6223,22.3649,0.2574,11.7493,21.2519,20.1531,1.0988,33.0307,10.5948,-10.9740,24535.8147,0.0295,NA,NA
SandFall-Win64-Shipping.exe,19588,0x2EC4BC3AB90,DXGI,0,512,1,Hardware: Independent Flip,24558.4370,0.3253,0.1591,0.1662,10.3789,0.1322,0.1299,0.0023,21.0032,9.4360,12.0275,24558.4370,10.4921,NA,NA
SandFall-Win64-Shipping.exe,19588,0x2EC4BC3AB90,DXGI,0,512,1,Hardware: Independent Flip,24558.7623,18.1616,17.9106,0.2510,10.1858,19.9275,19.9160,0.0115,30.1139,10.3185,-9.1107,24558.7623,0.0006,NA,NA
SandFall-Win64-Shipping.exe,19588,0x2EC4BC3AB90,DXGI,0,512,1,Hardware: Independent Flip,24576.9239,0.3944,0.1986,0.1958,11.9517,0.1327,0.1311,0.0016,22.2708,10.6670,7.8431,24576.9239,10.1864,NA,NA
SandFall-Win64-Shipping.exe,19588,0x2EC4BC3AB90,DXGI,0,512,1,Hardware: Independent Flip,24577.3183,23.4133,23.1420,0.2713,11.6900,20.7260,19.9872,0.7388,32.5434,10.2964,-10.2726,24577.3183,0.1274,NA,NA
SandFall-Win64-Shipping.exe,19588,0x2EC4BC3AB90,DXGI,0,512,1,Hardware: Independent Flip,24600.7316,0.3319,0.1652,0.1667,9.0027,0.1408,0.1408,0.0000,19.4265,9.7405,13.1169,24600.7316,10.2830,NA,NA
SandFall-Win64-Shipping.exe,19588,0x2EC4BC3AB90,DXGI,0,512,1,Hardware: Independent Flip,24601.0635,16.7012,16.4501,0.2511,8.8116,20.0211,20.0124,0.0087,28.8351,9.9693,-9.4086,24601.0635,0.0024,NA,NA
SandFall-Win64-Shipping.exe,19588,0x2EC4BC3AB90,DXGI,0,512,1,Hardware: Independent Flip,24617.7647,0.3207,0.1610,0.1597,12.1315,0.1226,0.1205,0.0021,22.1032,10.2124,6.7319,24617.7647,9.8491,NA,NA
SandFall-Win64-Shipping.exe,19588,0x2EC4BC3AB90,DXGI,0,512,1,Hardware: Independent Flip,24618.0854,20.4063,20.1437,0.2626,11.9334,19.9611,19.9447,0.0164,31.9949,9.9257,-9.8917,24618.0854,0.1004,NA,NA
SandFall-Win64-Shipping.exe,19588,0x2EC4BC3AB90,DXGI,0,512,1,Hardware: Independent Flip,24638.4917,0.3767,0.1972,0.1795,11.4882,0.1141,0.1126,0.0015,21.5143,10.3179,10.4806,24638.4917,9.9120,NA,NA
SandFall-Win64-Shipping.exe,19588,0x2EC4BC3AB90,DXGI,0,512,1,Hardware: Independent Flip,24638.8684,19.6124,19.3205,0.2919,11.2256,20.2289,20.1836,0.0453,31.4555,10.1376,-9.9412,24638.8684,0.0010,NA,NA
SandFall-Win64-Shipping.exe,19588,0x2EC4BC3AB90,DXGI,0,512,1,Hardware: Independent Flip,24658.4808,0.3324,0.1593,0.1731,11.8421,0.1300,0.1300,0.0000,21.9807,9.8845,9.4748,24658.4808,10.0086,NA,NA
SandFall-Win64-Shipping.exe,19588,0x2EC4BC3AB90,DXGI,0,512,1,Hardware: Independent Flip,24658.8132,19.8032,19.5466,0.2566,11.6397,19.8923,19.8844,0.0079,31.5328,10.0432,-9.5521,24658.8132,0.0008,NA,NA
SandFall-Win64-Shipping.exe,19588,0x2EC4BC3AB90,DXGI,0,512,1,Hardware: Independent Flip,24678.6164,0.3053,0.1555,0.1498,11.7288,0.1171,0.1151,0.0020,21.7728,10.1938,9.7600,24678.6164,9.9269,NA,NA
SandFall-Win64-Shipping.exe,19588,0x2EC4BC3AB90,DXGI,0,512,1,Hardware: Independent Flip,24678.9217,20.0698,19.7585,0.3113,11.5406,20.1195,20.1081,0.0114,31.6613,10.1421,-9.8885,24678.9217,0.0012,NA,NA
SandFall-Win64-Shipping.exe,19588,0x2EC4BC3AB90,DXGI,0,512,1,Hardware: Independent Flip,24698.9915,0.3562,0.1645,0.1917,11.5903,0.1187,0.1167,0.0020,21.7336,12.9542,9.9277,24698.9915,10.0246,NA,NA
SandFall-Win64-Shipping.exe,19588,0x2EC4BC3AB90,DXGI,0,512,1,Hardware: Independent Flip,24699.3477,20.7121,20.4287,0.2834,11.3528,22.9778,22.6420,0.3358,34.3316,11.5902,-12.5980,24699.3477,0.0010,NA,NA
SandFall-Win64-Shipping.exe,19588,0x2EC4BC3AB90,DXGI,0,512,1,Hardware: Independent Flip,24720.0598,0.3222,0.1653,0.1569,13.6185,0.1033,0.0985,0.0048,25.2097,8.6767,9.1219,24720.0598,11.4879,NA,NA
SandFall-Win64-Shipping.exe,19588,0x2EC4BC3AB90,DXGI,0,512,1,Hardware: Independent Flip,24720.3820,18.4403,18.1541,0.2862,13.3996,20.1640,20.1559,0.0081,33.5642,10.8785,-8.3545,24720.3820,0.0006,NA,NA
SandFall-Win64-Shipping.exe,19588,0x2EC4BC3AB90,DXGI,0,512,1,Hardware: Independent Flip,24738.8223,0.3346,0.1761,0.1585,15.1233,0.1438,0.1420,0.0018,26.0024,9.7791,7.5618,24738.8223,10.7353,NA,NA
SandFall-Win64-Shipping.exe,19588,0x2EC4BC3AB90,DXGI,0,512,1,Hardware: Independent Flip,24739.1569,19.8502,19.6036,0.2466,14.9325,20.1818,20.1759,0.0059,35.4469,9.8044,-9.4445,24739.1569,0.3326,NA,NA
SandFall-Win64-Shipping.exe,19588,0x2EC4BC3AB90,DXGI,0,512,1,Hardware: Independent Flip,24759.0071,0.3044,0.1525,0.1519,15.2641,0.1141,0.1141,0.0000,25.4011,10.7533,10.0458,24759.0071,10.0229,NA,NA
SandFall-Win64-Shipping.exe,19588,0x2EC4BC3AB90,DXGI,0,512,1,Hardware: Independent Flip,24759.3115,19.6559,19.3966,0.2593,15.0738,20.4136,20.4069,0.0067,35.8500,9.7324,-10.4489,24759.3115,0.3626,NA,NA
SandFall-Win64-Shipping.exe,19588,0x2EC4BC3AB90,DXGI,0,512,1,Hardware: Independent Flip,24778.9674,0.3012,0.1518,0.1494,15.8315,0.1574,0.1558,0.0016,25.9265,10.1936,9.9235,24778.9674,9.9376,NA,NA
SandFall-Win64-Shipping.exe,19588,0x2EC4BC3AB90,DXGI,0,512,1,Hardware: Independent Flip,24779.2686,20.9380,20.6827,0.2553,15.6877,20.1302,20.1189,0.0113,35.8189,10.0314,-9.8924,24779.2686,0.0010,NA,NA
SandFall-Win64-Shipping.exe,19588,0x2EC4BC3AB90,DXGI,0,512,1,Hardware: Independent Flip,24800.2066,0.3030,0.1553,0.1477,14.8799,0.1092,0.1075,0.0017,24.9123,10.2477,10.9066,24800.2066,9.9232,NA,NA
SandFall-Win64-Shipping.exe,19588,0x2EC4BC3AB90,DXGI,0,512,1,Hardware: Independent Flip,24800.5096,20.6525,20.3808,0.2717,14.6861,20.1700,20.1610,0.0090,34.8570,10.2928,-9.9447,24800.5096,0.0009,NA,NA
SandFall-Win64-Shipping.exe,19588,0x2EC4BC3AB90,DXGI,0,512,1,Hardware: Independent Flip,24821.1621,0.3358,0.1751,0.1607,14.2036,0.1042,0.1025,0.0017,24.4973,9.7657,10.3597,24821.1621,10.1895,NA,NA
SandFall-Win64-Shipping.exe,19588,0x2EC4BC3AB90,DXGI,0,512,1,Hardware: Independent Flip,24821.4979,20.1176,19.8651,0.2525,13.9720,19.9542,19.9442,0.0100,33.9272,10.1975,-9.4299,24821.4979,0.0010,NA,NA
SandFall-Win64-Shipping.exe,19588,0x2EC4BC3AB90,DXGI,0,512,1,Hardware: Independent Flip,24841.6155,0.3133,0.1597,0.1536,13.8086,0.1385,0.1385,0.0000,24.0071,9.9081,9.9201,24841.6155,10.0600,NA,NA
SandFall-Win64-Shipping.exe,19588,0x2EC4BC3AB90,DXGI,0,512,1,Hardware: Independent Flip,24841.9288,21.2507,21.0015,0.2492,13.6338,19.9228,19.9119,0.0109,33.6019,9.9535,-9.5948,24841.9288,0.0453,NA,NA
SandFall-Win64-Shipping.exe,19588,0x2EC4BC3AB90,DXGI,0,512,1,Hardware: Independent Flip,24863.1795,0.3075,0.1550,0.1525,12.3059,0.1504,0.1482,0.0022,22.3047,10.3882,11.2972,24863.1795,9.8484,NA,NA
SandFall-Win64-Shipping.exe,19588,0x2EC4BC3AB90,DXGI,0,512,1,Hardware: Independent Flip,24863.4870,20.7389,20.4764,0.2625,12.1488,20.1418,20.1288,0.0130,32.3854,10.0311,-10.0807,24863.4870,0.0948,NA,NA
SandFall-Win64-Shipping.exe,19588,0x2EC4BC3AB90,DXGI,0,512,1,Hardware: Independent Flip,24884.2259,0.3464,0.1582,0.1882,11.5517,0.1520,0.1503,0.0017,21.6776,10.0885,10.7078,24884.2259,9.9739,NA,NA
SandFall-Win64-Shipping.exe,19588,0x2EC4BC3AB90,DXGI,0,512,1,Hardware: Independent Flip,24884.5723,19.5659,19.3229,0.2430,11.3573,20.0618,20.0523,0.0095,31.4197,10.0902,-9.7421,24884.5723,0.0006,NA,NA
SandFall-Win64-Shipping.exe,19588,0x2EC4BC3AB90,DXGI,0,512,1,Hardware: Independent Flip,24904.1382,0.3210,0.1526,0.1684,11.8532,0.0930,0.0914,0.0016,21.9440,10.1850,9.4757,24904.1382,9.9978,NA,NA
SandFall-Win64-Shipping.exe,19588,0x2EC4BC3AB90,DXGI,0,512,1,Hardware: Independent Flip,24904.4592,20.1721,19.9188,0.2533,11.6252,20.1818,19.8541,0.3277,31.8080,10.1601,-9.8640,24904.4592,0.0010,NA,NA
SandFall-Win64-Shipping.exe,19588,0x2EC4BC3AB90,DXGI,0,512,1,Hardware: Independent Flip,24924.6313,0.3302,0.1746,0.1556,11.6349,0.1038,0.1017,0.0021,21.7960,10.6585,10.0120,24924.6313,10.0573,NA,NA
SandFall-Win64-Shipping.exe,19588,0x2EC4BC3AB90,DXGI,0,512,1,Hardware: Independent Flip,24924.9615,20.5069,20.2421,0.2648,11.4085,20.7152,20.0370,0.6782,32.1243,10.4337,-10.3283,24924.9615,0.0006,NA,NA
SandFall-Win64-Shipping.exe,19588,0x2EC4BC3AB90,DXGI,0,512,1,Hardware: Independent Flip,24945.4684,0.3329,0.1618,0.1711,11.6168,0.1138,0.1118,0.0020,22.0511,10.2869,10.0732,24945.4684,10.3205,NA,NA
SandFall-Win64-Shipping.exe,19588,0x2EC4BC3AB90,DXGI,0,512,1,Hardware: Independent Flip,24945.8013,20.1405,19.8944,0.2461,11.3977,20.6068,19.8867,0.7201,32.0051,10.5347,-9.9540,24945.8013,0.0006,NA,NA
SandFall-Win64-Shipping.exe,19588,0x2EC4BC3AB90,DXGI,0,512,1,Hardware: Independent Flip,24965.9418,0.3113,0.1553,0.1560,11.8640,0.2019,0.2019,0.0000,22.3993,9.7610,9.6058,24965.9418,10.3334,NA,NA
SandFall-Win64-Shipping.exe,19588,0x2EC4BC3AB90,DXGI,0,512,1,Hardware: Independent Flip,24966.2531,19.7021,19.4430,0.2591,11.7546,20.0938,20.0787,0.0151,31.8490,10.1508,-9.4497,24966.2531,0.0006,NA,NA
SandFall-Win64-Shipping.exe,19588,0x2EC4BC3AB90,DXGI,0,512,1,Hardware: Independent Flip,24985.9552,0.3841,0.1567,0.2274,12.1463,0.1021,0.1000,0.0021,22.2977,10.4221,9.5513,24985.9552,10.0493,NA,NA
SandFall-Win64-Shipping.exe,19588,0x2EC4BC3AB90,DXGI,0,512,1,Hardware: Independent Flip,24986.3393,20.3536,20.0612,0.2924,11.8643,20.3166,20.1186,0.1980,32.3357,10.0095,-10.0380,24986.3393,0.1548,NA,NA
SandFall-Win64-Shipping.exe,19588,0x2EC4BC3AB90,DXGI,0,512,1,Hardware: Independent Flip,25006.6929,0.3222,0.1621,0.1601,11.8273,0.1106,0.1090,0.0016,21.9916,10.2494,10.3441,25006.6929,10.0537,NA,NA
SandFall-Win64-Shipping.exe,19588,0x2EC4BC3AB90,DXGI,0,512,1,Hardware: Independent Flip,25007.0151,20.1233,19.8547,0.2686,11.6157,20.3024,19.9853,0.3171,31.9188,10.1548,-9.9272,25007.0151,0.0007,NA,NA
SandFall-Win64-Shipping.exe,19588,0x2EC4BC3AB90,DXGI,0,512,1,Hardware: Independent Flip,25027.1384,0.3199,0.1606,0.1593,11.7948,0.1920,0.1920,0.0000,21.9503,9.8343,9.9685,25027.1384,9.9635,NA,NA
SandFall-Win64-Shipping.exe,19588,0x2EC4BC3AB90,DXGI,0,512,1,Hardware: Independent Flip,25027.4583,19.6830,19.3782,0.3048,11.6669,19.7973,19.7854,0.0119,31.4647,10.0698,-9.5144,25027.4583,0.0005,NA,NA
SandFall-Win64-Shipping.exe,19588,0x2EC4BC3AB90,DXGI,0,512,1,Hardware: Independent Flip,25047.1413,0.3678,0.2007,0.1671,11.7812,0.1395,0.1379,0.0016,21.8515,11.0961,9.6132,25047.1413,9.9308,NA,NA
SandFall-Win64-Shipping.exe,19588,0x2EC4BC3AB90,DXGI,0,512,1,Hardware: Independent Flip,25047.5091,21.0027,20.7493,0.2534,11.5529,21.0087,20.1581,0.8506,32.5798,10.5484,-10.7283,25047.5091,0.0182,NA,NA
SandFall-Win64-Shipping.exe,19588,0x2EC4BC3AB90,DXGI,0,512,1,Hardware: Independent Flip,25068.5118,0.3379,0.1540,0.1839,11.5589,0.1336,0.1321,0.0015,22.1255,9.6040,10.4543,25068.5118,10.4330,NA,NA
SandFall-Win64-Shipping.exe,19588,0x2EC4BC3AB90,DXGI,0,512,1,Hardware: Independent Flip,25068.8497,22.6143,22.0848,0.5295,11.3546,20.0362,20.0268,0.0094,31.3916,10.2902,-9.2661,25068.8497,0.0008,NA,NA
SandFall-Win64-Shipping.exe,19588,0x2EC4BC3AB90,DXGI,0,512,1,Hardware: Independent Flip,25091.4640,0.3699,0.2023,0.1676,8.7765,0.1049,0.1031,0.0018,19.0675,10.0938,12.3241,25091.4640,10.1861,NA,NA
SandFall-Win64-Shipping.exe,19588,0x2EC4BC3AB90,DXGI,0,512,1,Hardware: Independent Flip,25091.8339,15.7711,15.5322,0.2389,8.5115,20.1829,20.1758,0.0071,28.7914,10.0515,-9.7239,25091.8339,0.0970,NA,NA
SandFall-Win64-Shipping.exe,19588,0x2EC4BC3AB90,DXGI,0,512,1,Hardware: Independent Flip,25107.6050,0.3021,0.1509,0.1512,12.9233,0.1654,0.1654,0.0000,23.0718,10.6897,5.7196,25107.6050,9.9831,NA,NA
SandFall-Win64-Shipping.exe,19588,0x2EC4BC3AB90,DXGI,0,512,1,Hardware: Independent Flip,25107.9071,23.3526,23.0449,0.3077,12.7866,20.5918,20.1355,0.4563,33.4594,10.2235,-10.3876,25107.9071,0.0810,NA,NA
SandFall-Win64-Shipping.exe,19588,0x2EC4BC3AB90,DXGI,0,512,1,Hardware: Independent Flip,25131.2597,0.3356,0.1677,0.1679,10.0258,0.1386,0.1371,0.0015,20.3303,9.5268,13.1291,25131.2597,10.1659,NA,NA
SandFall-Win64-Shipping.exe,19588,0x2EC4BC3AB90,DXGI,0,512,1,Hardware: Independent Flip,25131.5953,16.3644,16.1120,0.2524,9.8288,19.6921,19.6851,0.0070,29.5215,10.0082,-9.1912,25131.5953,0.0006,NA,NA
SandFall-Win64-Shipping.exe,19588,0x2EC4BC3AB90,DXGI,0,512,1,Hardware: Independent Flip,25147.9597,0.3122,0.1525,0.1597,13.1565,0.1367,0.1367,0.0000,23.1653,10.0852,6.3562,25147.9597,9.8721,NA,NA
SandFall-Win64-Shipping.exe,19588,0x2EC4BC3AB90,DXGI,0,512,1,Hardware: Independent Flip,25148.2719,19.8093,19.4984,0.3109,12.9810,19.8706,19.8629,0.0077,32.9383,9.8916,-9.7730,25148.2719,0.0867,NA,NA
SandFall-Win64-Shipping.exe,19588,0x2EC4BC3AB90,DXGI,0,512,1,Hardware: Independent Flip,25168.0812,0.3517,0.1834,0.1683,13.0423,0.1279,0.1263,0.0016,23.0206,10.1883,9.9177,25168.0812,9.8504,NA,NA
SandFall-Win64-Shipping.exe,19588,0x2EC4BC3AB90,DXGI,0,512,1,Hardware: Independent Flip,25168.4329,19.6354,19.3899,0.2455,12.8185,20.0285,20.0209,0.0076,32.8572,9.9488,-9.8366,25168.4329,0.0102,NA,NA
SandFall-Win64-Shipping.exe,19588,0x2EC4BC3AB90,DXGI,0,512,1,Hardware: Independent Flip,25188.0683,0.3041,0.1520,0.1521,13.2116,0.1161,0.1140,0.0021,23.1706,10.0280,9.6866,25188.0683,9.8429,NA,NA
SandFall-Win64-Shipping.exe,19588,0x2EC4BC3AB90,DXGI,0,512,1,Hardware: Independent Flip,25188.3724,20.5813,20.3247,0.2566,13.0236,19.8700,19.8607,0.0093,32.8945,10.0390,-9.7239,25188.3724,0.0009,NA,NA
SandFall-Win64-Shipping.exe,19588,0x2EC4BC3AB90,DXGI,0,512,1,Hardware: Independent Flip,25208.9537,0.3165,0.1633,0.1532,12.3123,0.0941,0.0923,0.0018,22.3522,9.9070,10.5423,25208.9537,9.9458,NA,NA
SandFall-Win64-Shipping.exe,19588,0x2EC4BC3AB90,DXGI,0,512,1,Hardware: Independent Flip,25209.2702,19.4051,19.1431,0.2620,12.0899,19.8518,19.8383,0.0135,31.9427,10.0133,-9.5905,25209.2702,0.0010,NA,NA
SandFall-Win64-Shipping.exe,19588,0x2EC4BC3AB90,DXGI,0,512,1,Hardware: Independent Flip,25228.6753,0.3101,0.1529,0.1572,12.5366,0.1127,0.1111,0.0016,22.5509,10.2479,9.3918,25228.6753,9.9016,NA,NA
SandFall-Win64-Shipping.exe,19588,0x2EC4BC3AB90,DXGI,0,512,1,Hardware: Independent Flip,25228.9854,20.4756,20.2133,0.2623,12.3392,20.1489,20.1359,0.0130,32.4887,10.0849,-9.9378,25228.9854,0.0006,NA,NA
SandFall-Win64-Shipping.exe,19588,0x2EC4BC3AB90,DXGI,0,512,1,Hardware: Independent Flip,25249.4610,0.3706,0.1806,0.1900,12.0125,0.1073,0.1051,0.0022,22.0980,10.0914,10.3907,25249.4610,9.9782,NA,NA
SandFall-Win64-Shipping.exe,19588,0x2EC4BC3AB90,DXGI,0,512,1,Hardware: Independent Flip,25249.8316,20.1197,19.8560,0.2637,11.7492,20.0692,19.9375,0.1317,31.8188,10.1071,-9.7208,25249.8316,0.0004,NA,NA
SandFall-Win64-Shipping.exe,19588,0x2EC4BC3AB90,DXGI,0,512,1,Hardware: Independent Flip,25269.9513,0.3236,0.1571,0.1665,11.6987,0.0955,0.0938,0.0017,21.8062,10.1231,10.0126,25269.9513,10.0120,NA,NA
SandFall-Win64-Shipping.exe,19588,0x2EC4BC3AB90,DXGI,0,512,1,Hardware: Independent Flip,25270.2749,18.9811,18.7329,0.2482,11.4706,20.1342,20.1223,0.0119,31.6057,10.1694,-9.7995,25270.2749,0.0009,NA,NA
SandFall-Win64-Shipping.exe,19588,0x2EC4BC3AB90,DXGI,0,512,1,Hardware: Independent Flip,25289.2560,0.3269,0.1678,0.1591,12.6237,0.1427,0.1409,0.0018,22.7940,10.0407,8.8117,25289.2560,10.0276,NA,NA
SandFall-Win64-Shipping.exe,19588,0x2EC4BC3AB90,DXGI,0,512,1,Hardware: Independent Flip,25289.5829,20.6567,20.3816,0.2751,12.4395,20.0671,20.0554,0.0117,32.5078,10.1137,-9.7138,25289.5829,0.0012,NA,NA
SandFall-Win64-Shipping.exe,19588,0x2EC4BC3AB90,DXGI,0,512,1,Hardware: Independent Flip,25310.2396,0.3252,0.1665,0.1587,11.8499,0.1174,0.1158,0.0016,21.9648,10.0848,10.5430,25310.2396,9.9975,NA,NA
SandFall-Win64-Shipping.exe,19588,0x2EC4BC3AB90,DXGI,0,512,1,Hardware: Independent Flip,25310.5648,19.5612,19.3182,0.2430,11.6421,20.0811,20.0688,0.0123,31.7244,10.0975,-9.7596,25310.5648,0.0012,NA,NA
SandFall-Win64-Shipping.exe,19588,0x2EC4BC3AB90,DXGI,0,512,1,Hardware: Independent Flip,25330.1260,0.3309,0.1581,0.1728,12.1620,0.1322,0.1303,0.0019,22.2607,9.8743,9.4637,25330.1260,9.9665,NA,NA
SandFall-Win64-Shipping.exe,19588,0x2EC4BC3AB90,DXGI,0,512,1,Hardware: Independent Flip,25330.4569,19.7122,19.4656,0.2466,11.9633,19.8401,19.8241,0.0160,31.8041,9.9250,-9.5434,25330.4569,0.0007,NA,NA
SandFall-Win64-Shipping.exe,19588,0x2EC4BC3AB90,DXGI,0,512,1,Hardware: Independent Flip,25350.1691,0.3155,0.1552,0.1603,12.0912,0.0924,0.0907,0.0017,22.0169,10.1366,9.7872,25350.1691,9.8333,NA,NA
SandFall-Win64-Shipping.exe,19588,0x2EC4BC3AB90,DXGI,0,512,1,Hardware: Independent Flip,25350.4846,20.2378,19.9802,0.2576,11.8681,19.9242,19.9147,0.0095,31.8380,9.9795,-9.8211,25350.4846,0.0457,NA,NA
SandFall-Win64-Shipping.exe,19588,0x2EC4BC3AB90,DXGI,0,512,1,Hardware: Independent Flip,25370.7224,0.3312,0.1622,0.1690,11.5545,0.1411,0.1395,0.0016,21.5797,10.4692,10.2583,25370.7224,9.8841,NA,NA
SandFall-Win64-Shipping.exe,19588,0x2EC4BC3AB90,DXGI,0,512,1,Hardware: Independent Flip,25371.0536,19.6748,19.4320,0.2428,11.3644,20.3522,20.3393,0.0129,31.7177,10.1997,-10.1380,25371.0536,0.0011,NA,NA
SandFall-Win64-Shipping.exe,19588,0x2EC4BC3AB90,DXGI,0,512,1,Hardware: Independent Flip,25390.7284,0.3134,0.1494,0.1640,12.0418,0.0960,0.0940,0.0020,22.2426,10.5824,9.4751,25390.7284,10.1048,NA,NA
SandFall-Win64-Shipping.exe,19588,0x2EC4BC3AB90,DXGI,0,512,1,Hardware: Independent Flip,25391.0418,23.7805,23.4401,0.3404,11.8244,20.6863,20.0256,0.6607,32.5116,10.4796,-10.2690,25391.0418,0.0009,NA,NA
SandFall-Win64-Shipping.exe,19588,0x2EC4BC3AB90,DXGI,0,512,1,Hardware: Independent Flip,25414.8223,0.3835,0.1801,0.2034,8.7302,0.0901,0.0884,0.0017,19.2107,9.5149,13.3009,25414.8223,10.3904,NA,NA
SandFall-Win64-Shipping.exe,19588,0x2EC4BC3AB90,DXGI,0,512,1,Hardware: Independent Flip,25415.2058,16.3128,16.0580,0.2548,8.4368,19.9045,19.8974,0.0071,28.3421,10.1242,-9.1314,25415.2058,0.0008,NA,NA
SandFall-Win64-Shipping.exe,19588,0x2EC4BC3AB90,DXGI,0,512,1,Hardware: Independent Flip,25431.5186,0.3130,0.1551,0.1579,12.0285,0.0956,0.0940,0.0016,22.1535,9.9463,6.1886,25431.5186,10.0294,NA,NA
SandFall-Win64-Shipping.exe,19588,0x2EC4BC3AB90,DXGI,0,512,1,Hardware: Independent Flip,25431.8316,18.7518,18.5001,0.2517,11.8111,19.8183,19.8106,0.0077,31.7868,9.8121,-9.6333,25431.8316,0.1574,NA,NA
SandFall-Win64-Shipping.exe,19588,0x2EC4BC3AB90,DXGI,0,512,1,Hardware: Independent Flip,25450.5834,0.3139,0.1602,0.1537,12.8776,0.1236,0.1236,0.0000,22.8471,10.2813,8.9397,25450.5834,9.8459,NA,NA
SandFall-Win64-Shipping.exe,19588,0x2EC4BC3AB90,DXGI,0,512,1,Hardware: Independent Flip,25450.8973,20.0551,19.7843,0.2708,12.6873,20.0300,20.0215,0.0085,32.8145,9.9138,-9.9674,25450.8973,0.0972,NA,NA
SandFall-Win64-Shipping.exe,19588,0x2EC4BC3AB90,DXGI,0,512,1,Hardware: Independent Flip,25470.9524,0.3142,0.1580,0.1562,12.6622,0.1118,0.1075,0.0043,22.6732,10.0556,10.1413,25470.9524,9.8992,NA,NA
SandFall-Win64-Shipping.exe,19588,0x2EC4BC3AB90,DXGI,0,512,1,Hardware: Independent Flip,25471.2666,19.7360,19.4107,0.3253,12.4598,19.9540,19.9423,0.0117,32.4146,10.0320,-9.7414,25471.2666,0.0008,NA,NA
SandFall-Win64-Shipping.exe,19588,0x2EC4BC3AB90,DXGI,0,512,1,Hardware: Independent Flip,25491.0026,0.3748,0.1780,0.1968,12.6778,0.0959,0.0943,0.0016,22.7106,9.9510,9.7040,25491.0026,9.9369,NA,NA
SandFall-Win64-Shipping.exe,19588,0x2EC4BC3AB90,DXGI,0,512,1,Hardware: Independent Flip,25491.3774,19.4653,19.2105,0.2548,12.3989,19.8869,19.8810,0.0059,32.2868,10.0528,-9.5762,25491.3774,0.0010,NA,NA
SandFall-Win64-Shipping.exe,19588,0x2EC4BC3AB90,DXGI,0,512,1,Hardware: Independent Flip,25510.8427,0.3178,0.1598,0.1580,12.8205,0.1208,0.1184,0.0024,22.8743,10.0789,9.4125,25510.8427,9.9330,NA,NA
SandFall-Win64-Shipping.exe,19588,0x2EC4BC3AB90,DXGI,0,512,1,Hardware: Independent Flip,25511.1605,19.7362,19.4832,0.2530,12.6235,20.0110,19.9964,0.0146,32.6354,10.0676,-9.7611,25511.1605,0.0009,NA,NA
SandFall-Win64-Shipping.exe,19588,0x2EC4BC3AB90,DXGI,0,512,1,Hardware: Independent Flip,25530.8967,0.3053,0.1534,0.1519,12.8983,0.0960,0.0943,0.0017,22.9668,9.9680,9.6686,25530.8967,9.9725,NA,NA
SandFall-Win64-Shipping.exe,19588,0x2EC4BC3AB90,DXGI,0,512,1,Hardware: Independent Flip,25531.2020,19.9960,19.7461,0.2499,12.6890,19.9397,19.9338,0.0059,32.6295,10.0605,-9.6627,25531.2020,0.0008,NA,NA
SandFall-Win64-Shipping.exe,19588,0x2EC4BC3AB90,DXGI,0,512,1,Hardware: Independent Flip,25551.1980,0.3053,0.1534,0.1519,12.6327,0.1293,0.1276,0.0017,22.6940,10.2638,9.9355,25551.1980,9.9320,NA,NA
SandFall-Win64-Shipping.exe,19588,0x2EC4BC3AB90,DXGI,0,512,1,Hardware: Independent Flip,25551.5033,19.7201,19.4573,0.2628,12.4567,20.1952,20.1885,0.0067,32.6525,10.1661,-9.9585,25551.5033,0.0006,NA,NA
SandFall-Win64-Shipping.exe,19588,0x2EC4BC3AB90,DXGI,0,512,1,Hardware: Independent Flip,25571.2234,0.3168,0.1583,0.1585,12.9318,0.1398,0.1398,0.0000,23.0985,9.9336,9.5540,25571.2234,10.0269,NA,NA
SandFall-Win64-Shipping.exe,19588,0x2EC4BC3AB90,DXGI,0,512,1,Hardware: Independent Flip,25571.5402,19.7444,19.4842,0.2602,12.7548,19.9595,19.9461,0.0134,32.7153,10.1208,-9.6168,25571.5402,0.0010,NA,NA
SandFall-Win64-Shipping.exe,19588,0x2EC4BC3AB90,DXGI,0,512,1,Hardware: Independent Flip,25591.2846,0.3110,0.1573,0.1537,12.9699,0.1942,0.1942,0.0000,23.0917,10.0613,9.6236,25591.2846,9.9276,NA,NA
SandFall-Win64-Shipping.exe,19588,0x2EC4BC3AB90,DXGI,0,512,1,Hardware: Independent Flip,25591.5956,20.6253,20.3633,0.2620,12.8531,19.9881,19.9779,0.0102,32.8420,10.0390,-9.7503,25591.5956,0.0008,NA,NA
SandFall-Win64-Shipping.exe,19588,0x2EC4BC3AB90,DXGI,0,512,1,Hardware: Independent Flip,25612.2209,0.3133,0.1605,0.1528,12.2159,0.1024,0.1005,0.0019,22.2557,10.0226,10.5863,25612.2209,9.9374,NA,NA
SandFall-Win64-Shipping.exe,19588,0x2EC4BC3AB90,DXGI,0,512,1,Hardware: Independent Flip,25612.5342,19.2502,19.0081,0.2421,12.0050,19.9590,19.9476,0.0114,31.9650,10.0427,-9.7093,25612.5342,0.0010,NA,NA
SandFall-Win64-Shipping.exe,19588,0x2EC4BC3AB90,DXGI,0,512,1,Hardware: Independent Flip,25631.7844,0.3014,0.1523,0.1491,12.7138,0.1524,0.1524,0.0000,22.7575,10.0617,9.2075,25631.7844,9.8913,NA,NA
SandFall-Win64-Shipping.exe,19588,0x2EC4BC3AB90,DXGI,0,512,1,Hardware: Independent Flip,25632.0858,20.0774,19.8291,0.2483,12.5648,19.9522,19.9409,0.0113,32.5178,10.0380,-9.7603,25632.0858,0.0008,NA,NA
SandFall-Win64-Shipping.exe,19588,0x2EC4BC3AB90,DXGI,0,512,1,Hardware: Independent Flip,25652.1632,0.3159,0.1591,0.1568,12.4396,0.1969,0.1951,0.0018,22.4784,10.2075,10.0394,25652.1632,9.8419,NA,NA
SandFall-Win64-Shipping.exe,19588,0x2EC4BC3AB90,DXGI,0,512,1,Hardware: Independent Flip,25652.4791,19.8499,19.6067,0.2432,12.3206,20.0485,20.0402,0.0083,32.3700,10.1509,-9.8916,25652.4791,0.0009,NA,NA
SandFall-Win64-Shipping.exe,19588,0x2EC4BC3AB90,DXGI,0,512,1,Hardware: Independent Flip,25672.3290,0.3137,0.1589,0.1548,12.5192,0.1326,0.1326,0.0000,22.6710,9.7615,9.6990,25672.3290,10.0192,NA,NA
SandFall-Win64-Shipping.exe,19588,0x2EC4BC3AB90,DXGI,0,512,1,Hardware: Independent Flip,25672.6427,22.0991,21.8253,0.2738,12.3381,19.7798,19.7721,0.0077,32.1188,10.0233,-9.4478,25672.6427,0.0009,NA,NA
SandFall-Win64-Shipping.exe,19588,0x2EC4BC3AB90,DXGI,0,512,1,Hardware: Independent Flip,25694.7418,0.3378,0.1611,0.1767,10.0188,0.1921,0.1921,0.0000,20.0430,10.0112,12.0758,25694.7418,9.8321,NA,NA
SandFall-Win64-Shipping.exe,19588,0x2EC4BC3AB90,DXGI,0,512,1,Hardware: Independent Flip,25695.0796,20.1261,19.8691,0.2570,9.8731,19.8055,19.7915,0.0140,29.7164,9.9525,-9.6734,25695.0796,0.0378,NA,NA
SandFall-Win64-Shipping.exe,19588,0x2EC4BC3AB90,DXGI,0,512,1,Hardware: Independent Flip,25715.2057,0.3262,0.1576,0.1686,9.5525,0.1360,0.1344,0.0016,19.5428,10.3009,10.1736,25715.2057,9.8543,NA,NA
SandFall-Win64-Shipping.exe,19588,0x2EC4BC3AB90,DXGI,0,512,1,Hardware: Independent Flip,25715.5319,17.8179,17.5550,0.2629,9.3623,20.1377,19.9434,0.1943,29.5175,10.0920,-9.9747,25715.5319,0.0175,NA,NA
SandFall-Win64-Shipping.exe,19588,0x2EC4BC3AB90,DXGI,0,512,1,Hardware: Independent Flip,25733.3498,0.3147,0.1596,0.1551,11.6821,0.0999,0.0958,0.0041,21.7916,9.9106,7.7259,25733.3498,10.0096,NA,NA
SandFall-Win64-Shipping.exe,19588,0x2EC4BC3AB90,DXGI,0,512,1,Hardware: Independent Flip,25733.6645,19.7412,19.4261,0.3151,11.4673,19.9186,19.9056,0.0130,31.3875,10.0454,-9.5959,25733.6645,0.0016,NA,NA
SandFall-Win64-Shipping.exe,19588,0x2EC4BC3AB90,DXGI,0,512,1,Hardware: Independent Flip,25753.4057,0.3833,0.1944,0.1889,11.6447,0.0848,0.0833,0.0015,21.6917,15.9874,9.6958,25753.4057,9.9622,NA,NA
SandFall-Win64-Shipping.exe,19588,0x2EC4BC3AB90,DXGI,0,512,1,Hardware: Independent Flip,25753.7890,21.4837,21.2233,0.2604,11.3462,25.9487,24.7476,1.2011,37.2958,12.9888,-15.6041,25753.7890,0.0009,NA,NA
SandFall-Win64-Shipping.exe,19588,0x2EC4BC3AB90,DXGI,0,512,1,Hardware: Independent Flip,25775.2727,0.3155,0.1598,0.1557,15.8112,0.1334,0.1312,0.0022,28.8009,10.0260,8.4949,25775.2727,12.8563,NA,NA
SandFall-Win64-Shipping.exe,19588,0x2EC4BC3AB90,DXGI,0,512,1,Hardware: Independent Flip,25775.5882,18.2151,17.9797,0.2354,15.6291,22.8813,22.8792,0.0021,38.5114,12.9304,-9.7105,25775.5882,0.0010,NA,NA
SandFall-Win64-Shipping.exe,19588,0x2EC4BC3AB90,DXGI,0,512,1,Hardware: Independent Flip,25793.8033,0.3257,0.1558,0.1699,20.2953,0.1503,0.1477,0.0026,33.2267,8.0403,5.2847,25793.8033,12.7811,NA,NA
SandFall-Win64-Shipping.exe,19588,0x2EC4BC3AB90,DXGI,0,512,1,Hardware: Independent Flip,25794.1290,21.5361,21.2750,0.2611,20.1199,20.8214,20.8189,0.0025,40.9413,10.4674,-7.7146,25794.1290,NA,NA,NA
SandFall-Win64-Shipping.exe,19588,0x2EC4BC3AB90,DXGI,0,512,1,Hardware: Independent Flip,25815.6651,0.3390,0.1769,0.1621,19.4052,0.1073,0.1041,0.0032,29.8726,10.9681,11.0687,25815.6651,10.3601,NA,NA
SandFall-Win64-Shipping.exe,19588,0x2EC4BC3AB90,DXGI,0,512,1,Hardware: Independent Flip,25816.0041,24.2458,23.9154,0.3304,19.1735,20.4688,20.4644,0.0044,40.5017,9.4225,-10.6291,25816.0041,0.8594,NA,NA
SandFall-Win64-Shipping.exe,19588,0x2EC4BC3AB90,DXGI,0,512,1,Hardware: Independent Flip,25840.2499,0.3664,0.1963,0.1701,15.3965,0.1149,0.1131,0.0018,25.6784,10.5964,14.8233,25840.2499,10.1670,NA,NA
SandFall-Win64-Shipping.exe,19588,0x2EC4BC3AB90,DXGI,0,512,1,Hardware: Independent Flip,25840.6163,20.4987,20.2237,0.2750,15.1450,20.6281,20.6226,0.0055,35.9084,9.7797,-10.2300,25840.6163,0.1353,NA,NA
SandFall-Win64-Shipping.exe,19588,0x2EC4BC3AB90,DXGI,0,512,1,Hardware: Independent Flip,25861.1150,0.3778,0.1847,0.1931,15.2744,0.1644,0.1621,0.0023,25.1894,10.4000,10.7190,25861.1150,9.7506,NA,NA
SandFall-Win64-Shipping.exe,19588,0x2EC4BC3AB90,DXGI,0,512,1,Hardware: Independent Flip,25861.4928,24.8219,24.4515,0.3704,15.0610,20.1497,20.1442,0.0055,35.2116,10.3397,-10.0222,25861.4928,0.0009,NA,NA
SandFall-Win64-Shipping.exe,19588,0x2EC4BC3AB90,DXGI,0,512,1,Hardware: Independent Flip,25886.3147,0.9882,0.6498,0.3384,10.3888,0.1500,0.1500,0.0000,20.7294,9.7471,14.4822,25886.3147,10.1906,NA,NA
SandFall-Win64-Shipping.exe,19588,0x2EC4BC3AB90,DXGI,0,512,1,Hardware: Independent Flip,25887.3029,12.3348,12.0903,0.2445,9.5506,19.9375,19.9313,0.0062,29.4883,10.3292,-8.7589,25887.3029,0.0002,NA,NA
SandFall-Win64-Shipping.exe,19588,0x2EC4BC3AB90,DXGI,0,512,1,Hardware: Independent Flip,25899.6377,0.3092,0.1599,0.1493,17.1533,0.1736,0.1718,0.0018,27.4827,9.7555,2.0056,25899.6377,10.1558,NA,NA
SandFall-Win64-Shipping.exe,19588,0x2EC4BC3AB90,DXGI,0,512,1,Hardware: Independent Flip,25899.9469,21.3941,21.1237,0.2704,17.0177,19.9104,19.9026,0.0078,36.9290,10.0098,-9.4463,25899.9469,0.0009,NA,NA
SandFall-Win64-Shipping.exe,19588,0x2EC4BC3AB90,DXGI,0,512,1,Hardware: Independent Flip,25921.3410,0.3746,0.1909,0.1837,15.5340,0.1206,0.1188,0.0018,25.5447,10.1276,11.3843,25921.3410,9.8901,NA,NA
SandFall-Win64-Shipping.exe,19588,0x2EC4BC3AB90,DXGI,0,512,1,Hardware: Independent Flip,25921.7156,21.6238,21.3197,0.3041,15.2800,19.9014,19.8906,0.0108,35.2977,9.8775,-9.7530,25921.7156,0.1163,NA,NA
SandFall-Win64-Shipping.exe,19588,0x2EC4BC3AB90,DXGI,0,512,1,Hardware: Independent Flip,25943.3394,0.3270,0.1598,0.1672,13.5576,0.1556,0.1536,0.0020,23.5514,10.2986,11.7463,25943.3394,9.8382,NA,NA
SandFall-Win64-Shipping.exe,19588,0x2EC4BC3AB90,DXGI,0,512,1,Hardware: Independent Flip,25943.6664,24.3059,23.9765,0.3294,13.3862,20.1182,20.1060,0.0122,33.5230,10.0241,-9.9716,25943.6664,0.0186,NA,NA
SandFall-Win64-Shipping.exe,19588,0x2EC4BC3AB90,DXGI,0,512,1,Hardware: Independent Flip,25967.9723,0.4151,0.2129,0.2022,9.1985,0.0981,0.0966,0.0015,19.2412,9.6213,14.2818,25967.9723,9.9446,NA,NA
SandFall-Win64-Shipping.exe,19588,0x2EC4BC3AB90,DXGI,0,512,1,Hardware: Independent Flip,25968.3874,16.9150,16.6439,0.2711,8.8815,19.5648,19.5569,0.0079,28.4474,9.9214,-9.2062,25968.3874,0.0011,NA,NA
SandFall-Win64-Shipping.exe,19588,0x2EC4BC3AB90,DXGI,0,512,1,Hardware: Independent Flip,25985.3024,0.4444,0.1604,0.2840,11.5313,0.1088,0.1040,0.0048,21.4538,11.8374,6.9936,25985.3024,9.8137,NA,NA
SandFall-Win64-Shipping.exe,19588,0x2EC4BC3AB90,DXGI,0,512,1,Hardware: Independent Flip,25985.7468,21.2182,20.9260,0.2922,11.1957,21.6108,19.8190,1.7918,32.8468,10.8082,-11.3930,25985.7468,0.0403,NA,NA
SandFall-Win64-Shipping.exe,19588,0x2EC4BC3AB90,DXGI,0,512,1,Hardware: Independent Flip,26006.9650,0.3480,0.1735,0.1745,11.5883,0.1304,0.1288,0.0016,22.4368,9.6167,10.4100,26006.9650,10.7181,NA,NA
SandFall-Win64-Shipping.exe,19588,0x2EC4BC3AB90,DXGI,0,512,1,Hardware: Independent Flip,26007.3130,20.1944,19.9403,0.2541,11.3707,20.3341,19.6347,0.6994,31.7055,10.6320,-9.2687,26007.3130,0.0007,NA,NA
SandFall-Win64-Shipping.exe,19588,0x2EC4BC3AB90,DXGI,0,512,1,Hardware: Independent Flip,26027.5074,0.3147,0.1574,0.1573,11.5104,0.0859,0.0843,0.0016,22.1431,10.0023,9.5624,26027.5074,10.5468,NA,NA
SandFall-Win64-Shipping.exe,19588,0x2EC4BC3AB90,DXGI,0,512,1,Hardware: Independent Flip,26027.8221,20.4140,20.1197,0.2943,11.2816,20.4958,19.8764,0.6194,31.8307,10.2149,-9.6876,26027.8221,0.0533,NA,NA
SandFall-Win64-Shipping.exe,19588,0x2EC4BC3AB90,DXGI,0,512,1,Hardware: Independent Flip,26048.2361,0.3862,0.2292,0.1570,11.3634,0.1078,0.1078,0.0000,21.6316,11.0728,10.1991,26048.2361,10.1604,NA,NA
SandFall-Win64-Shipping.exe,19588,0x2EC4BC3AB90,DXGI,0,512,1,Hardware: Independent Flip,26048.6223,19.9648,19.7125,0.2523,11.0850,21.0487,20.2172,0.8315,32.3182,10.3696,-10.6866,26048.6223,0.1845,NA,NA
SandFall-Win64-Shipping.exe,19588,0x2EC4BC3AB90,DXGI,0,512,1,Hardware: Independent Flip,26068.5871,0.3139,0.1583,0.1556,12.1689,0.1365,0.1345,0.0020,22.7230,9.1862,9.5952,26068.5871,10.4176,NA,NA
SandFall-Win64-Shipping.exe,19588,0x2EC4BC3AB90,DXGI,0,512,1,Hardware: Independent Flip,26068.9010,19.6989,19.4532,0.2457,11.9915,19.6031,19.5926,0.0105,31.5953,9.8654,-8.8723,26068.9010,0.0007,NA,NA
SandFall-Win64-Shipping.exe,19588,0x2EC4BC3AB90,DXGI,0,512,1,Hardware: Independent Flip,26088.5999,0.3000,0.1510,0.1490,11.8957,0.0948,0.0931,0.0017,21.7618,10.4860,9.8335,26088.5999,9.7713,NA,NA
SandFall-Win64-Shipping.exe,19588,0x2EC4BC3AB90,DXGI,0,512,1,Hardware: Independent Flip,26088.8999,19.5830,19.3387,0.2443,11.6905,20.0534,20.0436,0.0098,31.9478,9.8521,-10.1860,26088.8999,0.2039,NA,NA
SandFall-Win64-Shipping.exe,19588,0x2EC4BC3AB90,DXGI,0,512,1,Hardware: Independent Flip,26108.4829,0.3168,0.1591,0.1577,12.1609,0.1100,0.1079,0.0021,22.2169,10.8922,9.7309,26108.4829,9.9460,NA,NA
SandFall-Win64-Shipping.exe,19588,0x2EC4BC3AB90,DXGI,0,512,1,Hardware: Independent Flip,26108.7997,21.4494,21.1877,0.2617,11.9541,20.8371,19.6060,1.2311,32.7923,10.4625,-10.5754,26108.7997,0.0011,NA,NA
SandFall-Win64-Shipping.exe,19588,0x2EC4BC3AB90,DXGI,0,512,1,Hardware: Independent Flip,26130.2491,0.3359,0.1610,0.1749,11.3418,0.1360,0.1341,0.0019,21.8054,9.3606,10.9869,26130.2491,10.3276,NA,NA
SandFall-Win64-Shipping.exe,19588,0x2EC4BC3AB90,DXGI,0,512,1,Hardware: Independent Flip,26130.5850,18.1871,17.9424,0.2447,11.1419,19.6875,19.6807,0.0068,30.8301,10.1459,-9.0247,26130.5850,0.0007,NA,NA
SandFall-Win64-Shipping.exe,19588,0x2EC4BC3AB90,DXGI,0,512,1,Hardware: Independent Flip,26148.7721,0.3105,0.1566,0.1539,12.6423,0.0937,0.0920,0.0017,22.7889,10.1225,8.0412,26148.7721,10.0529,NA,NA
SandFall-Win64-Shipping.exe,19588,0x2EC4BC3AB90,DXGI,0,512,1,Hardware: Independent Flip,26149.0826,19.1905,18.9415,0.2490,12.4255,20.0643,20.0505,0.0138,32.6009,9.9708,-9.8120,26149.0826,0.1111,NA,NA
SandFall-Win64-Shipping.exe,19588,0x2EC4BC3AB90,DXGI,0,512,1,Hardware: Independent Flip,26168.2731,0.3038,0.1524,0.1514,13.2993,0.1449,0.1432,0.0017,23.3812,9.9848,9.2197,26168.2731,9.9370,NA,NA
SandFall-Win64-Shipping.exe,19588,0x2EC4BC3AB90,DXGI,0,512,1,Hardware: Independent Flip,26168.5769,19.1162,18.8408,0.2754,13.1404,19.8683,19.8586,0.0097,33.0622,9.8757,-9.6810,26168.5769,0.0535,NA,NA
SandFall-Win64-Shipping.exe,19588,0x2EC4BC3AB90,DXGI,0,512,1,Hardware: Independent Flip,26187.6931,0.3435,0.1599,0.1836,13.8925,0.1247,0.1230,0.0017,23.8217,9.8111,9.2405,26187.6931,9.8045,NA,NA
SandFall-Win64-Shipping.exe,19588,0x2EC4BC3AB90,DXGI,0,512,1,Hardware: Independent Flip,26188.0366,20.3258,20.0092,0.3166,13.6737,19.5952,19.5492,0.0460,33.2893,9.7800,-9.4676,26188.0366,0.0204,NA,NA
SandFall-Win64-Shipping.exe,19588,0x2EC4BC3AB90,DXGI,0,512,1,Hardware: Independent Flip,26208.3624,0.3833,0.1922,0.1911,12.9431,0.1044,0.1028,0.0016,22.7435,10.1079,10.5458,26208.3624,9.6960,NA,NA
SandFall-Win64-Shipping.exe,19588,0x2EC4BC3AB90,DXGI,0,512,1,Hardware: Independent Flip,26208.7457,19.6485,19.3829,0.2656,12.6642,19.7751,19.7640,0.0111,32.4681,9.9043,-9.7246,26208.7457,0.0288,NA,NA
SandFall-Win64-Shipping.exe,19588,0x2EC4BC3AB90,DXGI,0,512,1,Hardware: Independent Flip,26228.3942,0.3217,0.1614,0.1603,12.7908,0.1412,0.1390,0.0022,22.7239,9.8720,9.7442,26228.3942,9.7919,NA,NA
SandFall-Win64-Shipping.exe,19588,0x2EC4BC3AB90,DXGI,0,512,1,Hardware: Independent Flip,26228.7159,19.6753,19.4247,0.2506,12.6103,19.6625,19.6533,0.0092,32.2742,9.9003,-9.5503,26228.7159,0.0014,NA,NA
SandFall-Win64-Shipping.exe,19588,0x2EC4BC3AB90,DXGI,0,512,1,Hardware: Independent Flip,26248.3912,0.3109,0.1580,0.1529,12.5975,0.1332,0.1311,0.0021,22.4992,10.0581,9.7750,26248.3912,9.7685,NA,NA
SandFall-Win64-Shipping.exe,19588,0x2EC4BC3AB90,DXGI,0,512,1,Hardware: Independent Flip,26248.7021,18.5928,18.2861,0.3067,12.4198,19.8255,19.8179,0.0076,32.2464,10.0228,-9.7472,26248.7021,0.0011,NA,NA
SandFall-Win64-Shipping.exe,19588,0x2EC4BC3AB90,DXGI,0,512,1,Hardware: Independent Flip,26267.2949,0.3119,0.1582,0.1537,13.6525,0.2269,0.2240,0.0029,23.6764,10.0577,8.5700,26267.2949,9.7970,NA,NA
SandFall-Win64-Shipping.exe,19588,0x2EC4BC3AB90,DXGI,0,512,1,Hardware: Independent Flip,26267.6068,20.2476,19.9845,0.2631,13.5675,19.8541,19.8423,0.0118,33.4222,10.1082,-9.7458,26267.6068,0.0006,NA,NA
SandFall-Win64-Shipping.exe,19588,0x2EC4BC3AB90,DXGI,0,512,1,Hardware: Independent Flip,26287.8544,0.3171,0.1602,0.1569,13.1740,0.1360,0.1360,0.0000,23.2828,10.2869,10.1394,26287.8544,9.9728,NA,NA
SandFall-Win64-Shipping.exe,19588,0x2EC4BC3AB90,DXGI,0,512,1,Hardware: Independent Flip,26288.1715,21.1643,20.9167,0.2476,12.9929,20.2592,20.2515,0.0077,33.2526,10.1956,-9.9698,26288.1715,0.0005,NA,NA
SandFall-Win64-Shipping.exe,19588,0x2EC4BC3AB90,DXGI,0,512,1,Hardware: Independent Flip,26309.3358,0.3744,0.1824,0.1920,12.0878,0.1093,0.1077,0.0016,22.2839,10.0080,10.9687,26309.3358,10.0868,NA,NA
SandFall-Win64-Shipping.exe,19588,0x2EC4BC3AB90,DXGI,0,512,1,Hardware: Independent Flip,26309.7102,18.0219,17.7670,0.2549,11.8227,20.0939,20.0839,0.0100,31.9175,10.1670,-9.6336,26309.7102,0.0009,NA,NA
SandFall-Win64-Shipping.exe,19588,0x2EC4BC3AB90,DXGI,0,512,1,Hardware: Independent Flip,26327.7321,0.3579,0.1934,0.1645,13.8947,0.1142,0.1123,0.0019,24.0626,10.0854,7.8549,26327.7321,10.0537,NA,NA
SandFall-Win64-Shipping.exe,19588,0x2EC4BC3AB90,DXGI,0,512,1,Hardware: Independent Flip,26328.0900,19.4353,19.1227,0.3126,13.6510,20.1383,20.1300,0.0083,33.7901,10.0781,-9.7275,26328.0900,0.0008,NA,NA
SandFall-Win64-Shipping.exe,19588,0x2EC4BC3AB90,DXGI,0,512,1,Hardware: Independent Flip,26347.5253,0.3223,0.1643,0.1580,14.3540,0.1047,0.1029,0.0018,24.4329,9.7777,9.3572,26347.5253,9.9742,NA,NA
SandFall-Win64-Shipping.exe,19588,0x2EC4BC3AB90,DXGI,0,512,1,Hardware: Independent Flip,26347.8476,19.6063,19.2200,0.3863,14.1364,19.7370,19.7287,0.0083,33.8883,9.9192,-9.4554,26347.8476,0.0149,NA,NA
SandFall-Win64-Shipping.exe,19588,0x2EC4BC3AB90,DXGI,0,512,1,Hardware: Independent Flip,26367.4539,0.4096,0.2420,0.1676,14.2671,0.2010,0.2010,0.0000,24.2012,9.8325,9.6871,26367.4539,9.7331,NA,NA
SandFall-Win64-Shipping.exe,19588,0x2EC4BC3AB90,DXGI,0,512,1,Hardware: Independent Flip,26367.8635,19.8245,19.5702,0.2543,14.0585,19.4846,19.4738,0.0108,33.6241,9.7456,-9.4229,26367.8635,0.0810,NA,NA
SandFall-Win64-Shipping.exe,19588,0x2EC4BC3AB90,DXGI,0,512,1,Hardware: Independent Flip,26387.6880,0.3423,0.1601,0.1822,13.7186,0.1448,0.1247,0.0201,23.5452,10.2715,10.0789,26387.6880,9.6818,NA,NA
SandFall-Win64-Shipping.exe,19588,0x2EC4BC3AB90,DXGI,0,512,1,Hardware: Independent Flip,26388.0303,20.9182,20.6431,0.2751,13.5211,19.9079,19.8997,0.0082,33.4744,9.9362,-9.9292,26388.0303,0.0454,NA,NA
SandFall-Win64-Shipping.exe,19588,0x2EC4BC3AB90,DXGI,0,512,1,Hardware: Independent Flip,26408.9485,0.3251,0.1643,0.1608,12.5108,0.1568,0.1568,0.0000,22.4924,10.1763,10.9820,26408.9485,9.8248,NA,NA
SandFall-Win64-Shipping.exe,19588,0x2EC4BC3AB90,DXGI,0,512,1,Hardware: Independent Flip,26409.2736,20.0783,19.8245,0.2538,12.3425,19.9999,19.9893,0.0106,32.3436,10.1609,-9.8512,26409.2736,0.0012,NA,NA
SandFall-Win64-Shipping.exe,19588,0x2EC4BC3AB90,DXGI,0,512,1,Hardware: Independent Flip,26429.3519,0.3123,0.1586,0.1537,12.2641,0.1384,0.1368,0.0016,22.4262,9.6731,9.9174,26429.3519,10.0237,NA,NA
SandFall-Win64-Shipping.exe,19588,0x2EC4BC3AB90,DXGI,0,512,1,Hardware: Independent Flip,26429.6642,21.0365,20.7717,0.2648,12.0902,19.6963,19.6886,0.0077,31.7870,10.0462,-9.3608,26429.6642,0.0005,NA,NA
SandFall-Win64-Shipping.exe,19588,0x2EC4BC3AB90,DXGI,0,512,1,Hardware: Independent Flip,26450.7007,0.4628,0.2068,0.2560,10.7500,0.1997,0.1997,0.0000,20.7967,10.2201,10.9903,26450.7007,9.8470,NA,NA
SandFall-Win64-Shipping.exe,19588,0x2EC4BC3AB90,DXGI,0,512,1,Hardware: Independent Flip,26451.1635,17.6795,17.4308,0.2487,10.4869,20.0323,20.0258,0.0065,30.5540,10.0744,-9.7573,26451.1635,0.0348,NA,NA
SandFall-Win64-Shipping.exe,19588,0x2EC4BC3AB90,DXGI,0,512,1,Hardware: Independent Flip,26468.8430,0.3221,0.1623,0.1598,12.8397,0.1424,0.1403,0.0021,22.9489,9.6772,7.6051,26468.8430,9.9668,NA,NA
SandFall-Win64-Shipping.exe,19588,0x2EC4BC3AB90,DXGI,0,512,1,Hardware: Independent Flip,26469.1651,19.3808,19.1204,0.2604,12.6600,19.6433,19.6354,0.0079,32.3040,9.8991,-9.3551,26469.1651,0.0007,NA,NA
SandFall-Win64-Shipping.exe,19588,0x2EC4BC3AB90,DXGI,0,512,1,Hardware: Independent Flip,26488.5459,0.3159,0.1572,0.1587,12.9225,0.1022,0.0973,0.0049,22.8223,10.4973,9.4817,26488.5459,9.7976,NA,NA
SandFall-Win64-Shipping.exe,19588,0x2EC4BC3AB90,DXGI,0,512,1,Hardware: Independent Flip,26488.8618,19.8821,19.6347,0.2474,12.7088,20.2328,20.2213,0.0115,33.0037,10.0991,-10.1814,26488.8618,0.0621,NA,NA
SandFall-Win64-Shipping.exe,19588,0x2EC4BC3AB90,DXGI,0,512,1,Hardware: Independent Flip,26508.7439,0.3154,0.1583,0.1571,13.0595,0.1627,0.1609,0.0018,23.2207,10.4008,9.7830,26508.7439,9.9985,NA,NA
SandFall-Win64-Shipping.exe,19588,0x2EC4BC3AB90,DXGI,0,512,1,Hardware: Independent Flip,26509.0593,19.7690,19.5208,0.2482,12.9068,20.3989,20.3917,0.0072,33.3061,10.2944,-10.0854,26509.0593,0.0004,NA,NA
SandFall-Win64-Shipping.exe,19588,0x2EC4BC3AB90,DXGI,0,512,1,Hardware: Independent Flip,26528.8283,0.3044,0.1527,0.1517,13.5367,0.0919,0.0903,0.0016,23.8315,9.7024,9.4746,26528.8283,10.2029,NA,NA
SandFall-Win64-Shipping.exe,19588,0x2EC4BC3AB90,DXGI,0,512,1,Hardware: Independent Flip,26529.1327,20.0784,19.8113,0.2671,13.3242,19.9046,19.8963,0.0083,33.2295,10.1053,-9.3980,26529.1327,0.0007,NA,NA
SandFall-Win64-Shipping.exe,19588,0x2EC4BC3AB90,DXGI,0,512,1,Hardware: Independent Flip,26549.2111,0.3161,0.1571,0.1590,13.1504,0.0933,0.0914,0.0019,23.2564,10.1421,9.9731,26549.2111,10.0127,NA,NA
SandFall-Win64-Shipping.exe,19588,0x2EC4BC3AB90,DXGI,0,512,1,Hardware: Independent Flip,26549.5272,20.1354,19.8862,0.2492,12.9276,20.0800,20.0723,0.0077,33.0824,10.0030,-9.8260,26549.5272,0.0748,NA,NA
SandFall-Win64-Shipping.exe,19588,0x2EC4BC3AB90,DXGI,0,512,1,Hardware: Independent Flip,26569.6626,0.3219,0.1611,0.1608,12.8722,0.1567,0.1547,0.0020,22.9500,9.8819,10.1324,26569.6626,9.9211,NA,NA
SandFall-Win64-Shipping.exe,19588,0x2EC4BC3AB90,DXGI,0,512,1,Hardware: Independent Flip,26569.9845,19.2710,19.0164,0.2546,12.7070,19.7712,19.7605,0.0107,32.5100,9.8337,-9.5600,26569.9845,0.0318,NA,NA
SandFall-Win64-Shipping.exe,19588,0x2EC4BC3AB90,DXGI,0,512,1,Hardware: Independent Flip,26589.2555,0.3124,0.1572,0.1552,13.2072,0.1027,0.1009,0.0018,23.0727,10.3577,9.4373,26589.2555,9.7628,NA,NA
SandFall-Win64-Shipping.exe,19588,0x2EC4BC3AB90,DXGI,0,512,1,Hardware: Independent Flip,26589.5679,20.2569,20.0135,0.2434,12.9975,20.0614,20.0491,0.0123,33.1180,9.9187,-10.0453,26589.5679,0.0591,NA,NA
SandFall-Win64-Shipping.exe,19588,0x2EC4BC3AB90,DXGI,0,512,1,Hardware: Independent Flip,26609.8248,0.3040,0.1545,0.1495,12.8020,0.1147,0.1123,0.0024,22.7798,10.0957,10.3382,26609.8248,9.8631,NA,NA
SandFall-Win64-Shipping.exe,19588,0x2EC4BC3AB90,DXGI,0,512,1,Hardware: Independent Flip,26610.1288,20.8856,20.6393,0.2463,12.6127,19.9582,19.9311,0.0271,32.5715,10.0430,-9.7917,26610.1288,0.0006,NA,NA
SandFall-Win64-Shipping.exe,19588,0x2EC4BC3AB90,DXGI,0,512,1,Hardware: Independent Flip,26631.0144,0.3215,0.1732,0.1483,11.6853,0.1208,0.1187,0.0021,21.7289,9.9819,10.8426,26631.0144,9.9228,NA,NA
SandFall-Win64-Shipping.exe,19588,0x2EC4BC3AB90,DXGI,0,512,1,Hardware: Independent Flip,26631.3359,19.6106,19.3639,0.2467,11.4846,19.9041,19.8930,0.0111,31.3893,10.1129,-9.6604,26631.3359,0.0006,NA,NA
SandFall-Win64-Shipping.exe,19588,0x2EC4BC3AB90,DXGI,0,512,1,Hardware: Independent Flip,26650.9465,0.3524,0.1787,0.1737,11.7781,0.1909,0.1909,0.0000,21.8916,10.1708,9.4977,26650.9465,9.9226,NA,NA
SandFall-Win64-Shipping.exe,19588,0x2EC4BC3AB90,DXGI,0,512,1,Hardware: Independent Flip,26651.2989,20.9919,20.7447,0.2472,11.6166,20.0927,19.8374,0.2553,31.7100,10.1354,-9.8184,26651.2989,0.0007,NA,NA
SandFall-Win64-Shipping.exe,19588,0x2EC4BC3AB90,DXGI,0,512,1,Hardware: Independent Flip,26672.2908,0.3361,0.1588,0.1773,10.7174,0.1105,0.1088,0.0017,20.8535,9.8343,10.8565,26672.2908,10.0256,NA,NA
SandFall-Win64-Shipping.exe,19588,0x2EC4BC3AB90,DXGI,0,512,1,Hardware: Independent Flip,26672.6269,18.3892,18.1413,0.2479,10.4918,19.8593,19.8483,0.0110,30.3517,10.0363,-9.4982,26672.6269,0.0006,NA,NA
SandFall-Win64-Shipping.exe,19588,0x2EC4BC3AB90,DXGI,0,512,1,Hardware: Independent Flip,26691.0161,0.3220,0.1600,0.1620,11.9619,0.1926,0.1926,0.0000,21.9988,10.0621,8.3529,26691.0161,9.8443,NA,NA
SandFall-Win64-Shipping.exe,19588,0x2EC4BC3AB90,DXGI,0,512,1,Hardware: Independent Flip,26691.3381,19.4846,19.2376,0.2470,11.8325,19.8718,19.8605,0.0113,31.7389,9.9899,-9.7401,26691.3381,0.0346,NA,NA
SandFall-Win64-Shipping.exe,19588,0x2EC4BC3AB90,DXGI,0,512,1,Hardware: Independent Flip,26710.8227,0.3215,0.1595,0.1620,12.2197,0.1499,0.1480,0.0019,22.2442,9.8674,9.4947,26710.8227,9.8746,NA,NA
SandFall-Win64-Shipping.exe,19588,0x2EC4BC3AB90,DXGI,0,512,1,Hardware: Independent Flip,26711.1442,19.7591,19.5099,0.2492,12.0481,19.7378,19.7236,0.0142,31.7901,9.9161,-9.5459,26711.1442,0.0042,NA,NA
SandFall-Win64-Shipping.exe,19588,0x2EC4BC3AB90,DXGI,0,512,1,Hardware: Independent Flip,26730.9033,0.3225,0.1607,0.1618,12.0268,0.1295,0.1278,0.0017,21.9471,9.9950,9.8430,26730.9033,9.7908,NA,NA
SandFall-Win64-Shipping.exe,19588,0x2EC4BC3AB90,DXGI,0,512,1,Hardware: Independent Flip,26731.2258,19.6380,19.3913,0.2467,11.8338,19.7679,19.7579,0.0100,31.6196,9.9217,-9.6725,26731.2258,0.0179,NA,NA
SandFall-Win64-Shipping.exe,19588,0x2EC4BC3AB90,DXGI,0,512,1,Hardware: Independent Flip,26750.8638,0.3397,0.1560,0.1837,11.9637,0.1576,0.1537,0.0039,21.9033,10.0523,9.7163,26750.8638,9.7820,NA,NA
SandFall-Win64-Shipping.exe,19588,0x2EC4BC3AB90,DXGI,0,512,1,Hardware: Independent Flip,26751.2035,19.4569,19.1952,0.2617,11.7816,19.8334,19.8201,0.0133,31.6159,9.9363,-9.7126,26751.2035,0.0009,NA,NA
SandFall-Win64-Shipping.exe,19588,0x2EC4BC3AB90,DXGI,0,512,1,Hardware: Independent Flip,26770.6604,0.3218,0.1591,0.1627,12.1581,0.0941,0.0926,0.0015,22.0953,9.9285,9.5206,26770.6604,9.8431,NA,NA
SandFall-Win64-Shipping.exe,19588,0x2EC4BC3AB90,DXGI,0,512,1,Hardware: Independent Flip,26770.9822,19.3968,19.1562,0.2406,11.9304,19.7710,19.7582,0.0128,31.7020,9.9537,-9.6067,26770.9822,0.0006,NA,NA
SandFall-Win64-Shipping.exe,19588,0x2EC4BC3AB90,DXGI,0,512,1,Hardware: Independent Flip,26790.3790,0.3195,0.1619,0.1576,12.3046,0.1120,0.1091,0.0029,22.2589,10.3166,9.4431,26790.3790,9.8423,NA,NA
SandFall-Win64-Shipping.exe,19588,0x2EC4BC3AB90,DXGI,0,512,1,Hardware: Independent Flip,26790.6985,20.6124,20.3596,0.2528,12.0971,20.1580,20.1006,0.0574,32.2560,10.1740,-9.9971,26790.6985,0.0009,NA,NA
SandFall-Win64-Shipping.exe,19588,0x2EC4BC3AB90,DXGI,0,512,1,Hardware: Independent Flip,26811.3109,0.3040,0.1544,0.1496,11.6427,0.1120,0.1104,0.0016,21.8176,10.4512,10.4384,26811.3109,10.0629,NA,NA
SandFall-Win64-Shipping.exe,19588,0x2EC4BC3AB90,DXGI,0,512,1,Hardware: Independent Flip,26811.6149,20.4526,20.2051,0.2475,11.4507,20.5136,20.0421,0.4715,31.9648,10.4276,-10.1472,26811.6149,0.0005,NA,NA
SandFall-Win64-Shipping.exe,19588,0x2EC4BC3AB90,DXGI,0,512,1,Hardware: Independent Flip,26832.0675,0.3369,0.1739,0.1630,11.5117,0.1965,0.1965,0.0000,21.9398,9.7957,10.0250,26832.0675,10.2316,NA,NA
SandFall-Win64-Shipping.exe,19588,0x2EC4BC3AB90,DXGI,0,512,1,Hardware: Independent Flip,26832.4044,18.6279,18.3805,0.2474,11.3713,20.0268,20.0181,0.0087,31.3986,10.2185,-9.4588,26832.4044,0.0005,NA,NA
SandFall-Win64-Shipping.exe,19588,0x2EC4BC3AB90,DXGI,0,512,1,Hardware: Independent Flip,26851.0323,0.3087,0.1550,0.1537,12.7702,0.1084,0.1065,0.0019,22.9892,9.8052,8.4094,26851.0323,10.1106,NA,NA
SandFall-Win64-Shipping.exe,19588,0x2EC4BC3AB90,DXGI,0,512,1,Hardware: Independent Flip,26851.3410,19.5138,19.2539,0.2599,12.5699,19.8455,19.8352,0.0103,32.4857,9.8926,-9.4965,26851.3410,0.0703,NA,NA
SandFall-Win64-Shipping.exe,19588,0x2EC4BC3AB90,DXGI,0,512,1,Hardware: Independent Flip,26870.8548,0.3143,0.1605,0.1538,12.9016,0.1419,0.1419,0.0000,22.8645,10.2581,9.6212,26870.8548,9.8210,NA,NA
SandFall-Win64-Shipping.exe,19588,0x2EC4BC3AB90,DXGI,0,512,1,Hardware: Independent Flip,26871.1691,19.5079,19.2538,0.2541,12.7292,19.9466,19.9384,0.0082,32.8083,9.8769,-9.9438,26871.1691,0.1325,NA,NA
SandFall-Win64-Shipping.exe,19588,0x2EC4BC3AB90,DXGI,0,512,1,Hardware: Independent Flip,26890.6770,0.3128,0.1572,0.1556,13.1679,0.1325,0.1325,0.0000,23.1773,10.2476,9.6310,26890.6770,9.8769,NA,NA
SandFall-Win64-Shipping.exe,19588,0x2EC4BC3AB90,DXGI,0,512,1,Hardware: Independent Flip,26890.9898,19.5682,19.3111,0.2571,12.9876,20.1237,20.1154,0.0083,33.1121,10.0551,-9.9348,26890.9898,0.0008,NA,NA
SandFall-Win64-Shipping.exe,19588,0x2EC4BC3AB90,DXGI,0,512,1,Hardware: Independent Flip,26910.5580,0.3234,0.1656,0.1578,13.5431,0.0995,0.0979,0.0016,23.5990,9.6462,9.5131,26910.5580,9.9564,NA,NA
SandFall-Win64-Shipping.exe,19588,0x2EC4BC3AB90,DXGI,0,512,1,Hardware: Independent Flip,26910.8814,19.6378,19.3440,0.2938,13.3192,19.6019,19.5952,0.0067,32.9218,9.9965,-9.3228,26910.8814,0.0007,NA,NA
SandFall-Win64-Shipping.exe,19588,0x2EC4BC3AB90,DXGI,0,512,1,Hardware: Independent Flip,26930.5192,0.3298,0.1587,0.1711,13.2833,0.1362,0.1362,0.0000,23.2805,9.9135,9.6413,26930.5192,9.8610,NA,NA
SandFall-Win64-Shipping.exe,19588,0x2EC4BC3AB90,DXGI,0,512,1,Hardware: Independent Flip,26930.8490,19.7774,19.5236,0.2538,13.0897,19.7510,19.7431,0.0079,32.8642,9.9125,-9.5837,26930.8490,0.0235,NA,NA
SandFall-Win64-Shipping.exe,19588,0x2EC4BC3AB90,DXGI,0,512,1,Hardware: Independent Flip,26950.6264,0.3151,0.1579,0.1572,13.0633,0.2290,0.2272,0.0018,22.9993,10.3760,9.8649,26950.6264,9.7070,NA,NA
SandFall-Win64-Shipping.exe,19588,0x2EC4BC3AB90,DXGI,0,512,1,Hardware: Independent Flip,26950.9415,19.6483,19.3939,0.2544,12.9772,20.0532,20.0460,0.0072,33.0602,10.1384,-10.0609,26950.9415,0.0298,NA,NA
SandFall-Win64-Shipping.exe,19588,0x2EC4BC3AB90,DXGI,0,512,1,Hardware: Independent Flip,26970.5898,0.3023,0.1525,0.1498,13.3821,0.2269,0.2269,0.0000,23.5503,9.4633,9.5099,26970.5898,9.9413,NA,NA
SandFall-Win64-Shipping.exe,19588,0x2EC4BC3AB90,DXGI,0,512,1,Hardware: Independent Flip,26970.8921,19.9156,19.6670,0.2486,13.3067,19.4043,19.3974,0.0069,32.7113,9.9379,-9.1610,26970.8921,0.0003,NA,NA
SandFall-Win64-Shipping.exe,19588,0x2EC4BC3AB90,DXGI,0,512,1,Hardware: Independent Flip,26990.8077,0.3159,0.1612,0.1547,12.7954,0.1339,0.1339,0.0000,22.7336,9.9456,9.9777,26990.8077,9.8043,NA,NA
SandFall-Win64-Shipping.exe,19588,0x2EC4BC3AB90,DXGI,0,512,1,Hardware: Independent Flip,26991.1236,19.5530,19.3077,0.2453,12.6134,19.7101,19.7023,0.0078,32.3633,9.8589,-9.6297,26991.1236,0.0398,NA,NA
SandFall-Win64-Shipping.exe,19588,0x2EC4BC3AB90,DXGI,0,512,1,Hardware: Independent Flip,27010.6766,0.3132,0.1559,0.1573,12.7705,0.1223,0.1206,0.0017,22.6692,9.7411,9.6941,27010.6766,9.7764,NA,NA
SandFall-Win64-Shipping.exe,19588,0x2EC4BC3AB90,DXGI,0,512,1,Hardware: Independent Flip,27010.9898,19.8108,19.5687,0.2421,12.5796,19.5051,19.4938,0.0113,32.0971,9.7793,-9.4279,27010.9898,0.0124,NA,NA
SandFall-Win64-Shipping.exe,19588,0x2EC4BC3AB90,DXGI,0,512,1,Hardware: Independent Flip,27030.8006,0.3044,0.1537,0.1507,12.2739,0.1300,0.1281,0.0019,22.0656,9.9230,10.0315,27030.8006,9.6617,NA,NA
SandFall-Win64-Shipping.exe,19588,0x2EC4BC3AB90,DXGI,0,512,1,Hardware: Independent Flip,27031.1050,19.6046,19.3426,0.2620,12.0995,19.5610,19.5504,0.0106,31.6842,9.8079,-9.6186,27031.1050,0.0237,NA,NA
SandFall-Win64-Shipping.exe,19588,0x2EC4BC3AB90,DXGI,0,512,1,Hardware: Independent Flip,27050.7096,0.3181,0.1589,0.1592,12.0559,0.2158,0.2139,0.0019,21.8875,10.0593,9.7967,27050.7096,9.6158,NA,NA
SandFall-Win64-Shipping.exe,19588,0x2EC4BC3AB90,DXGI,0,512,1,Hardware: Independent Flip,27051.0277,19.4159,19.1662,0.2497,11.9536,19.6742,19.6624,0.0118,31.6287,9.9599,-9.7412,27051.0277,0.0009,NA,NA
SandFall-Win64-Shipping.exe,19588,0x2EC4BC3AB90,DXGI,0,512,1,Hardware: Independent Flip,27070.4436,0.3188,0.1597,0.1591,12.2119,0.1945,0.1945,0.0000,22.1727,10.0363,9.4560,27070.4436,9.7663,NA,NA
SandFall-Win64-Shipping.exe,19588,0x2EC4BC3AB90,DXGI,0,512,1,Hardware: Independent Flip,27070.7624,19.9808,19.7171,0.2637,12.0876,19.8017,19.7901,0.0116,31.8902,10.0287,-9.7175,27070.7624,0.0009,NA,NA
SandFall-Win64-Shipping.exe,19588,0x2EC4BC3AB90,DXGI,0,512,1,Hardware: Independent Flip,27090.7432,0.3414,0.1678,0.1736,11.9085,0.0957,0.0941,0.0016,21.9381,9.8741,9.9521,27090.7432,9.9339,NA,NA
SandFall-Win64-Shipping.exe,19588,0x2EC4BC3AB90,DXGI,0,512,1,Hardware: Independent Flip,27091.0846,19.3109,19.0682,0.2427,11.6628,19.8071,19.7999,0.0072,31.4708,9.9858,-9.5327,27091.0846,0.0009,NA,NA
SandFall-Win64-Shipping.exe,19588,0x2EC4BC3AB90,DXGI,0,512,1,Hardware: Independent Flip,27110.3955,0.3104,0.1566,0.1538,12.1590,0.0921,0.0843,0.0078,22.1457,12.4451,9.3251,27110.3955,9.8946,NA,NA
SandFall-Win64-Shipping.exe,19588,0x2EC4BC3AB90,DXGI,0,512,1,Hardware: Independent Flip,27110.7059,25.7726,25.4895,0.2831,11.9407,22.3390,19.9119,2.4271,34.2804,11.1734,-12.1347,27110.7059,0.0007,NA,NA
SandFall-Win64-Shipping.exe,19588,0x2EC4BC3AB90,DXGI,0,512,1,Hardware: Independent Flip,27136.4785,0.4311,0.1964,0.2347,8.5071,0.1009,0.0993,0.0016,19.6812,8.5930,14.5992,27136.4785,11.0732,NA,NA
SandFall-Win64-Shipping.exe,19588,0x2EC4BC3AB90,DXGI,0,512,1,Hardware: Independent Flip,27136.9096,13.7304,13.4586,0.2718,8.1769,19.6659,19.6586,0.0073,27.8431,10.4514,-8.1619,27136.9096,0.0003,NA,NA
SandFall-Win64-Shipping.exe,19588,0x2EC4BC3AB90,DXGI,0,512,1,Hardware: Independent Flip,27150.6400,0.3385,0.1791,0.1594,14.1124,0.1024,0.1007,0.0017,24.5641,10.0268,3.2790,27150.6400,10.3493,NA,NA
SandFall-Win64-Shipping.exe,19588,0x2EC4BC3AB90,DXGI,0,512,1,Hardware: Independent Flip,27150.9785,19.8423,19.5873,0.2550,13.8763,20.0383,20.0315,0.0068,34.2524,9.7274,-9.6883,27150.9785,0.3378,NA,NA
SandFall-Win64-Shipping.exe,19588,0x2EC4BC3AB90,DXGI,0,512,1,Hardware: Independent Flip,27170.8208,0.3059,0.1528,0.1531,14.0723,0.1055,0.1038,0.0017,24.1375,9.9669,10.1149,27170.8208,9.9597,NA,NA
SandFall-Win64-Shipping.exe,19588,0x2EC4BC3AB90,DXGI,0,512,1,Hardware: Independent Flip,27171.1267,18.7612,18.5055,0.2557,13.8719,19.7197,19.7094,0.0103,33.7985,9.5169,-9.6610,27171.1267,0.2069,NA,NA
SandFall-Win64-Shipping.exe,19588,0x2EC4BC3AB90,DXGI,0,512,1,Hardware: Independent Flip,27189.8879,0.3916,0.1792,0.2124,14.8304,0.1165,0.1145,0.0020,24.5542,9.8999,9.2443,27189.8879,9.6073,NA,NA
SandFall-Win64-Shipping.exe,19588,0x2EC4BC3AB90,DXGI,0,512,1,Hardware: Independent Flip,27190.2795,19.5933,19.3505,0.2428,14.5553,19.5000,19.4927,0.0073,34.0625,9.6602,-9.5083,27190.2795,0.0072,NA,NA
SandFall-Win64-Shipping.exe,19588,0x2EC4BC3AB90,DXGI,0,512,1,Hardware: Independent Flip,27209.8728,0.3413,0.1730,0.1683,14.4620,0.1134,0.1116,0.0018,24.1294,10.0338,9.9331,27209.8728,9.5540,NA,NA
SandFall-Win64-Shipping.exe,19588,0x2EC4BC3AB90,DXGI,0,512,1,Hardware: Independent Flip,27210.2141,19.8223,19.4487,0.3736,14.2341,19.5865,19.5752,0.0113,33.8219,9.9498,-9.6925,27210.2141,0.0013,NA,NA
SandFall-Win64-Shipping.exe,19588,0x2EC4BC3AB90,DXGI,0,512,1,Hardware: Independent Flip,27230.0364,0.4190,0.2299,0.1891,13.9983,0.1240,0.1221,0.0019,23.9494,9.8665,9.8725,27230.0364,9.8271,NA,NA
SandFall-Win64-Shipping.exe,19588,0x2EC4BC3AB90,DXGI,0,512,1,Hardware: Independent Flip,27230.4554,21.3988,21.0911,0.3077,13.7033,19.6926,19.6865,0.0061,33.3969,10.0593,-9.4475,27230.4554,0.0010,NA,NA
SandFall-Win64-Shipping.exe,19588,0x2EC4BC3AB90,DXGI,0,512,1,Hardware: Independent Flip,27251.8542,0.3870,0.1743,0.2127,11.9971,0.1547,0.1547,0.0000,22.0574,9.6978,11.3395,27251.8542,9.9056,NA,NA
SandFall-Win64-Shipping.exe,19588,0x2EC4BC3AB90,DXGI,0,512,1,Hardware: Independent Flip,27252.2412,17.9065,17.6050,0.3015,11.7648,19.6028,19.5967,0.0061,31.3682,9.9524,-9.3108,27252.2412,0.0006,NA,NA
SandFall-Win64-Shipping.exe,19588,0x2EC4BC3AB90,DXGI,0,512,1,Hardware: Independent Flip,27270.1477,0.3480,0.1712,0.1768,13.4611,0.1031,0.0984,0.0047,23.4141,10.1297,7.9541,27270.1477,9.8499,NA,NA
SandFall-Win64-Shipping.exe,19588,0x2EC4BC3AB90,DXGI,0,512,1,Hardware: Independent Flip,27270.4957,18.8384,18.5819,0.2565,13.2162,19.9560,19.9482,0.0078,33.1958,9.9984,-9.7817,27270.4957,0.0236,NA,NA
SandFall-Win64-Shipping.exe,19588,0x2EC4BC3AB90,DXGI,0,512,1,Hardware: Independent Flip,27289.3341,0.3459,0.1751,0.1708,14.3338,0.1458,0.1458,0.0000,24.3558,9.4728,8.8400,27289.3341,9.8762,NA,NA
SandFall-Win64-Shipping.exe,19588,0x2EC4BC3AB90,DXGI,0,512,1,Hardware: Independent Flip,27289.6800,18.8183,18.5672,0.2511,14.1337,19.3479,19.3407,0.0072,33.4827,9.7663,-9.1269,27289.6800,0.0011,NA,NA
SandFall-Win64-Shipping.exe,19588,0x2EC4BC3AB90,DXGI,0,512,1,Hardware: Independent Flip,27308.4983,0.3330,0.1594,0.1736,14.6633,0.1578,0.1560,0.0018,24.4307,10.3917,9.0520,27308.4983,9.6096,NA,NA
SandFall-Win64-Shipping.exe,19588,0x2EC4BC3AB90,DXGI,0,512,1,Hardware: Independent Flip,27308.8313,20.5305,20.2753,0.2552,14.4881,19.9066,19.9004,0.0062,34.4894,9.9305,-10.0587,27308.8313,0.0947,NA,NA
SandFall-Win64-Shipping.exe,19588,0x2EC4BC3AB90,DXGI,0,512,1,Hardware: Independent Flip,27329.3618,0.3956,0.2362,0.1594,13.8642,0.0940,0.0899,0.0041,23.8894,9.7778,10.6000,27329.3618,9.9312,NA,NA
SandFall-Win64-Shipping.exe,19588,0x2EC4BC3AB90,DXGI,0,512,1,Hardware: Independent Flip,27329.7574,19.8169,19.5731,0.2438,13.5626,19.7084,19.7011,0.0073,33.2716,9.9775,-9.3822,27329.7574,0.0006,NA,NA
SandFall-Win64-Shipping.exe,19588,0x2EC4BC3AB90,DXGI,0,512,1,Hardware: Independent Flip,27349.5743,0.3609,0.2009,0.1600,13.4541,0.1433,0.1433,0.0000,23.4322,9.8991,9.8394,27349.5743,9.8348,NA,NA
SandFall-Win64-Shipping.exe,19588,0x2EC4BC3AB90,DXGI,0,512,1,Hardware: Independent Flip,27349.9352,19.7345,19.4839,0.2506,13.2365,19.7329,19.7251,0.0078,32.9704,9.9497,-9.5382,27349.9352,0.0010,NA,NA
SandFall-Win64-Shipping.exe,19588,0x2EC4BC3AB90,DXGI,0,512,1,Hardware: Independent Flip,27369.6697,0.3358,0.1616,0.1742,13.2349,0.1167,0.1151,0.0016,23.1856,9.8337,9.7848,27369.6697,9.8340,NA,NA
SandFall-Win64-Shipping.exe,19588,0x2EC4BC3AB90,DXGI,0,512,1,Hardware: Independent Flip,27370.0055,18.8717,18.6048,0.2669,13.0158,19.6668,19.6602,0.0066,32.6835,9.8507,-9.4979,27370.0055,0.0009,NA,NA
SandFall-Win64-Shipping.exe,19588,0x2EC4BC3AB90,DXGI,0,512,1,Hardware: Independent Flip,27388.8772,0.3684,0.1599,0.2085,13.8109,0.0971,0.0955,0.0016,23.6625,9.7900,9.0210,27388.8772,9.7545,NA,NA
SandFall-Win64-Shipping.exe,19588,0x2EC4BC3AB90,DXGI,0,512,1,Hardware: Independent Flip,27389.2456,20.1674,19.9221,0.2453,13.5396,19.5321,19.5244,0.0077,33.0841,9.7829,-9.4216,27389.2456,0.0124,NA,NA
SandFall-Win64-Shipping.exe,19588,0x2EC4BC3AB90,DXGI,0,512,1,Hardware: Independent Flip,27409.4130,0.3318,0.1756,0.1562,12.9043,0.1034,0.1019,0.0015,22.6996,10.0641,10.3845,27409.4130,9.6919,NA,NA
SandFall-Win64-Shipping.exe,19588,0x2EC4BC3AB90,DXGI,0,512,1,Hardware: Independent Flip,27409.7448,22.6032,22.2526,0.3506,12.6759,19.7326,19.6328,0.0998,32.4319,9.8927,-9.7323,27409.7448,0.0234,NA,NA
SandFall-Win64-Shipping.exe,19588,0x2EC4BC3AB90,DXGI,0,512,1,Hardware: Independent Flip,27432.3480,0.3314,0.1691,0.1623,9.8053,0.1302,0.1286,0.0016,19.7214,10.0720,12.7105,27432.3480,9.7859,NA,NA
SandFall-Win64-Shipping.exe,19588,0x2EC4BC3AB90,DXGI,0,512,1,Hardware: Independent Flip,27432.6794,17.1185,16.8710,0.2475,9.6041,19.8569,19.8503,0.0066,29.4620,10.0286,-9.7406,27432.6794,0.0010,NA,NA
SandFall-Win64-Shipping.exe,19588,0x2EC4BC3AB90,DXGI,0,512,1,Hardware: Independent Flip,27449.7979,0.3106,0.1561,0.1545,12.3425,0.1935,0.1935,0.0000,22.3721,9.8099,7.0899,27449.7979,9.8361,NA,NA
SandFall-Win64-Shipping.exe,19588,0x2EC4BC3AB90,DXGI,0,512,1,Hardware: Independent Flip,27450.1085,19.1707,18.9311,0.2396,12.2254,19.6451,19.6343,0.0108,31.8714,9.9413,-9.4993,27450.1085,0.0009,NA,NA
SandFall-Win64-Shipping.exe,19588,0x2EC4BC3AB90,DXGI,0,512,1,Hardware: Independent Flip,27469.2792,0.2999,0.1533,0.1466,12.6998,0.0906,0.0889,0.0017,22.6420,9.5617,9.2294,27469.2792,9.8516,NA,NA
SandFall-Win64-Shipping.exe,19588,0x2EC4BC3AB90,DXGI,0,512,1,Hardware: Independent Flip,27469.5791,20.0011,19.7559,0.2452,12.4905,19.4127,19.4009,0.0118,31.9038,9.7056,-9.2618,27469.5791,0.0006,NA,NA
SandFall-Win64-Shipping.exe,19588,0x2EC4BC3AB90,DXGI,0,512,1,Hardware: Independent Flip,27489.5802,0.4599,0.1760,0.2839,11.9021,0.0919,0.0900,0.0019,21.6083,10.0334,10.2955,27489.5802,9.6143,NA,NA
SandFall-Win64-Shipping.exe,19588,0x2EC4BC3AB90,DXGI,0,512,1,Hardware: Independent Flip,27490.0401,19.2213,18.9658,0.2555,11.5341,19.5528,19.5418,0.0110,31.1818,9.7423,-9.5735,27490.0401,0.0949,NA,NA
SandFall-Win64-Shipping.exe,19588,0x2EC4BC3AB90,DXGI,0,512,1,Hardware: Independent Flip,27509.2614,0.3126,0.1569,0.1557,11.8656,0.1548,0.1334,0.0214,21.7028,10.4915,9.4790,27509.2614,9.6824,NA,NA
SandFall-Win64-Shipping.exe,19588,0x2EC4BC3AB90,DXGI,0,512,1,Hardware: Independent Flip,27509.5740,20.0879,19.8212,0.2667,11.7078,20.1733,20.0683,0.1050,31.8817,10.1534,-10.1789,27509.5740,0.0006,NA,NA
SandFall-Win64-Shipping.exe,19588,0x2EC4BC3AB90,DXGI,0,512,1,Hardware: Independent Flip,27529.6619,0.3803,0.1887,0.1916,11.7932,0.1202,0.1202,0.0000,21.9472,9.5477,9.9345,27529.6619,10.0338,NA,NA
SandFall-Win64-Shipping.exe,19588,0x2EC4BC3AB90,DXGI,0,512,1,Hardware: Independent Flip,27530.0422,19.6476,19.4022,0.2454,11.5331,19.5808,19.4316,0.1492,31.1146,10.0768,-9.1674,27530.0422,0.0007,NA,NA
SandFall-Win64-Shipping.exe,19588,0x2EC4BC3AB90,DXGI,0,512,1,Hardware: Independent Flip,27549.6898,0.3546,0.1793,0.1753,11.4663,0.2201,0.2180,0.0021,21.5438,9.7370,9.5708,27549.6898,9.8574,NA,NA
SandFall-Win64-Shipping.exe,19588,0x2EC4BC3AB90,DXGI,0,512,1,Hardware: Independent Flip,27550.0444,19.2588,19.0010,0.2578,11.3318,19.5818,19.5737,0.0081,30.9262,9.8796,-9.3824,27550.0444,0.0126,NA,NA
SandFall-Win64-Shipping.exe,19588,0x2EC4BC3AB90,DXGI,0,512,1,Hardware: Independent Flip,27569.3032,0.3345,0.1568,0.1777,11.6548,0.1901,0.1901,0.0000,21.5470,9.9193,9.3792,27569.3032,9.7021,NA,NA
SandFall-Win64-Shipping.exe,19588,0x2EC4BC3AB90,DXGI,0,512,1,Hardware: Independent Flip,27569.6377,19.3929,19.1467,0.2462,11.5104,19.5433,19.5312,0.0121,31.1318,9.7572,-9.5848,27569.6377,0.0781,NA,NA
SandFall-Win64-Shipping.exe,19588,0x2EC4BC3AB90,DXGI,0,512,1,Hardware: Independent Flip,27589.0306,0.3399,0.1710,0.1689,11.6608,0.1130,0.1130,0.0000,21.4961,10.7255,9.6357,27589.0306,9.7223,NA,NA
SandFall-Win64-Shipping.exe,19588,0x2EC4BC3AB90,DXGI,0,512,1,Hardware: Independent Flip,27589.3705,20.0503,19.7727,0.2776,11.4339,20.4297,20.0841,0.3456,31.8817,10.2138,-10.3856,27589.3705,0.0181,NA,NA
SandFall-Win64-Shipping.exe,19588,0x2EC4BC3AB90,DXGI,0,512,1,Hardware: Independent Flip,27609.4208,0.3529,0.1702,0.1827,11.8133,0.1944,0.1944,0.0000,22.0452,9.6298,9.8365,27609.4208,10.0375,NA,NA
SandFall-Win64-Shipping.exe,19588,0x2EC4BC3AB90,DXGI,0,512,1,Hardware: Independent Flip,27609.7737,19.2830,18.9505,0.3325,11.6548,19.6666,19.6603,0.0063,31.3221,10.1543,-9.2769,27609.7737,0.0007,NA,NA
SandFall-Win64-Shipping.exe,19588,0x2EC4BC3AB90,DXGI,0,512,1,Hardware: Independent Flip,27629.0567,0.3984,0.1990,0.1994,12.0384,0.1361,0.1361,0.0000,22.1934,9.7872,9.1287,27629.0567,10.0189,NA,NA
SandFall-Win64-Shipping.exe,19588,0x2EC4BC3AB90,DXGI,0,512,1,Hardware: Independent Flip,27629.4551,19.3458,19.1027,0.2431,11.7761,19.7968,19.7869,0.0099,31.5822,9.9492,-9.3888,27629.4551,0.0093,NA,NA
SandFall-Win64-Shipping.exe,19588,0x2EC4BC3AB90,DXGI,0,512,1,Hardware: Independent Flip,27648.8009,0.3061,0.1555,0.1506,12.2271,0.1896,0.1896,0.0000,22.1856,9.8814,9.3966,27648.8009,9.7689,NA,NA
SandFall-Win64-Shipping.exe,19588,0x2EC4BC3AB90,DXGI,0,512,1,Hardware: Independent Flip,27649.1070,19.6111,19.3662,0.2449,12.1106,19.5669,19.5563,0.0106,31.7609,9.7846,-9.5753,27649.1070,0.0834,NA,NA
SandFall-Win64-Shipping.exe,19588,0x2EC4BC3AB90,DXGI,0,512,1,Hardware: Independent Flip,27668.7181,0.3159,0.1594,0.1565,12.0664,0.1587,0.1565,0.0022,21.9344,10.1682,9.8265,27668.7181,9.7093,NA,NA
SandFall-Win64-Shipping.exe,19588,0x2EC4BC3AB90,DXGI,0,512,1,Hardware: Independent Flip,27669.0340,18.9306,18.6898,0.2408,11.9092,19.8348,19.8235,0.0113,31.7867,9.9064,-9.8523,27669.0340,0.0427,NA,NA
SandFall-Win64-Shipping.exe,19588,0x2EC4BC3AB90,DXGI,0,512,1,Hardware: Independent Flip,27687.9646,0.3043,0.1533,0.1510,12.8134,0.1490,0.1473,0.0017,22.7625,9.9870,9.0242,27687.9646,9.8001,NA,NA
SandFall-Win64-Shipping.exe,19588,0x2EC4BC3AB90,DXGI,0,512,1,Hardware: Independent Flip,27688.2689,19.6083,19.3313,0.2770,12.6581,19.7861,19.7789,0.0072,32.4452,9.9765,-9.6827,27688.2689,0.0010,NA,NA
SandFall-Win64-Shipping.exe,19588,0x2EC4BC3AB90,DXGI,0,512,1,Hardware: Independent Flip,27707.8772,0.3180,0.1631,0.1549,12.8359,0.1239,0.1220,0.0019,22.8134,9.8107,9.6318,27707.8772,9.8536,NA,NA
SandFall-Win64-Shipping.exe,19588,0x2EC4BC3AB90,DXGI,0,512,1,Hardware: Independent Flip,27708.1952,19.5712,19.3181,0.2531,12.6418,19.6633,19.6537,0.0096,32.3061,9.9793,-9.4927,27708.1952,0.0010,NA,NA
SandFall-Win64-Shipping.exe,19588,0x2EC4BC3AB90,DXGI,0,512,1,Hardware: Independent Flip,27727.7664,0.3255,0.1620,0.1635,12.7339,0.1364,0.1348,0.0016,22.7142,9.7809,9.5919,27727.7664,9.8439,NA,NA
SandFall-Win64-Shipping.exe,19588,0x2EC4BC3AB90,DXGI,0,512,1,Hardware: Independent Flip,27728.0919,19.8157,19.5656,0.2501,12.5448,19.6239,19.6158,0.0081,32.1696,9.8860,-9.4554,27728.0919,0.0009,NA,NA
SandFall-Win64-Shipping.exe,19588,0x2EC4BC3AB90,DXGI,0,512,1,Hardware: Independent Flip,27747.9076,0.3014,0.1535,0.1479,12.3530,0.1045,0.0999,0.0046,22.2399,10.2806,9.9297,27747.9076,9.7824,NA,NA
SandFall-Win64-Shipping.exe,19588,0x2EC4BC3AB90,DXGI,0,512,1,Hardware: Independent Flip,27748.2090,19.4574,19.1792,0.2782,12.1561,20.0395,20.0331,0.0064,32.2191,10.0400,-9.9792,27748.2090,0.0235,NA,NA
SandFall-Win64-Shipping.exe,19588,0x2EC4BC3AB90,DXGI,0,512,1,Hardware: Independent Flip,27767.6664,0.3219,0.1622,0.1597,12.7382,0.1323,0.1323,0.0000,22.8017,9.8270,9.4174,27767.6664,9.9312,NA,NA
SandFall-Win64-Shipping.exe,19588,0x2EC4BC3AB90,DXGI,0,512,1,Hardware: Independent Flip,27767.9883,19.6234,19.3536,0.2698,12.5486,19.7572,19.7497,0.0075,32.3068,10.0167,-9.5051,27767.9883,0.0010,NA,NA
SandFall-Win64-Shipping.exe,19588,0x2EC4BC3AB90,DXGI,0,512,1,Hardware: Independent Flip,27787.6117,0.3215,0.1626,0.1589,12.6824,0.1481,0.1465,0.0016,22.7001,9.7901,9.6067,27787.6117,9.8696,NA,NA
SandFall-Win64-Shipping.exe,19588,0x2EC4BC3AB90,DXGI,0,512,1,Hardware: Independent Flip,27787.9332,19.7903,19.5213,0.2690,12.5090,19.6593,19.6502,0.0091,32.1687,9.8700,-9.4686,27787.9332,0.0004,NA,NA
SandFall-Win64-Shipping.exe,19588,0x2EC4BC3AB90,DXGI,0,512,1,Hardware: Independent Flip,27807.7235,0.3254,0.1586,0.1668,12.3780,0.1061,0.1045,0.0016,22.2484,10.3726,9.9203,27807.7235,9.7643,NA,NA
SandFall-Win64-Shipping.exe,19588,0x2EC4BC3AB90,DXGI,0,512,1,Hardware: Independent Flip,27808.0489,19.2819,19.0320,0.2499,12.1587,20.0942,20.0831,0.0111,32.2956,9.9802,-10.0472,27808.0489,0.0427,NA,NA
SandFall-Win64-Shipping.exe,19588,0x2EC4BC3AB90,DXGI,0,512,1,Hardware: Independent Flip,27827.3308,0.3157,0.1585,0.1572,12.9710,0.1300,0.1277,0.0023,22.9939,9.6327,9.3017,27827.3308,9.8929,NA,NA
SandFall-Win64-Shipping.exe,19588,0x2EC4BC3AB90,DXGI,0,512,1,Hardware: Independent Flip,27827.6465,21.4509,21.1435,0.3074,12.7853,19.5249,19.5161,0.0088,32.3109,9.9153,-9.3170,27827.6465,0.0007,NA,NA
SandFall-Win64-Shipping.exe,19588,0x2EC4BC3AB90,DXGI,0,512,1,Hardware: Independent Flip,27849.0974,0.3316,0.1601,0.1715,10.8593,0.1297,0.1278,0.0019,20.7753,10.6976,11.5356,27849.0974,9.7863,NA,NA
SandFall-Win64-Shipping.exe,19588,0x2EC4BC3AB90,DXGI,0,512,1,Hardware: Independent Flip,27849.4290,18.0161,17.7183,0.2978,10.6574,20.4522,20.4421,0.0101,31.1413,10.1778,-10.3660,27849.4290,0.0317,NA,NA
SandFall-Win64-Shipping.exe,19588,0x2EC4BC3AB90,DXGI,0,512,1,Hardware: Independent Flip,27867.4451,0.3170,0.1599,0.1571,13.0935,0.1237,0.1216,0.0021,23.3030,9.6703,7.8383,27867.4451,10.0858,NA,NA
SandFall-Win64-Shipping.exe,19588,0x2EC4BC3AB90,DXGI,0,512,1,Hardware: Independent Flip,27867.7621,19.3427,19.0907,0.2520,12.9002,19.7557,19.7494,0.0063,32.6563,10.1130,-9.3533,27867.7621,0.0004,NA,NA
SandFall-Win64-Shipping.exe,19588,0x2EC4BC3AB90,DXGI,0,512,1,Hardware: Independent Flip,27887.1048,0.4168,0.2017,0.2151,13.3132,0.1289,0.1273,0.0016,23.4266,9.8971,9.2297,27887.1048,9.9845,NA,NA
SandFall-Win64-Shipping.exe,19588,0x2EC4BC3AB90,DXGI,0,512,1,Hardware: Independent Flip,27887.5216,19.7053,19.4370,0.2683,13.0253,19.8450,19.8372,0.0078,32.9069,9.9418,-9.4803,27887.5216,0.0366,NA,NA
SandFall-Win64-Shipping.exe,19588,0x2EC4BC3AB90,DXGI,0,512,1,Hardware: Independent Flip,27907.2269,0.3395,0.1811,0.1584,13.1650,0.1913,0.1890,0.0023,23.1434,10.6994,9.7635,27907.2269,9.7871,NA,NA
SandFall-Win64-Shipping.exe,19588,0x2EC4BC3AB90,DXGI,0,512,1,Hardware: Independent Flip,27907.5664,19.7603,19.4582,0.3021,13.0168,20.4196,20.4065,0.0131,33.5033,10.1745,-10.3599,27907.5664,0.0669,NA,NA
SandFall-Win64-Shipping.exe,19588,0x2EC4BC3AB90,DXGI,0,512,1,Hardware: Independent Flip,27927.3267,0.3266,0.1730,0.1536,13.6761,0.1208,0.1191,0.0017,23.9175,9.4944,9.5858,27927.3267,10.1206,NA,NA
SandFall-Win64-Shipping.exe,19588,0x2EC4BC3AB90,DXGI,0,512,1,Hardware: Independent Flip,27927.6533,19.7948,19.5123,0.2825,13.4703,19.6140,19.6043,0.0097,33.0853,9.9987,-9.1678,27927.6533,0.0010,NA,NA
SandFall-Win64-Shipping.exe,19588,0x2EC4BC3AB90,DXGI,0,512,1,Hardware: Independent Flip,27947.4481,0.3316,0.1622,0.1694,13.2895,0.1349,0.1349,0.0000,23.2892,10.0057,9.7961,27947.4481,9.8648,NA,NA
SandFall-Win64-Shipping.exe,19588,0x2EC4BC3AB90,DXGI,0,512,1,Hardware: Independent Flip,27947.7797,19.6731,19.3975,0.2756,13.0928,19.7953,19.7878,0.0075,32.9633,9.8146,-9.6741,27947.7797,0.0752,NA,NA
SandFall-Win64-Shipping.exe,19588,0x2EC4BC3AB90,DXGI,0,512,1,Hardware: Independent Flip,27967.4528,0.3303,0.1660,0.1643,13.2150,0.1217,0.1195,0.0022,23.1048,10.1264,9.8585,27967.4528,9.7681,NA,NA
SandFall-Win64-Shipping.exe,19588,0x2EC4BC3AB90,DXGI,0,512,1,Hardware: Independent Flip,27967.7831,19.4276,19.1463,0.2813,13.0064,19.8601,19.8520,0.0081,32.9009,9.9335,-9.7961,27967.7831,0.0344,NA,NA
SandFall-Win64-Shipping.exe,19588,0x2EC4BC3AB90,DXGI,0,512,1,Hardware: Independent Flip,27987.2107,0.3251,0.1650,0.1601,13.4389,0.1012,0.0965,0.0047,23.4068,9.9655,9.4941,27987.2107,9.8667,NA,NA
SandFall-Win64-Shipping.exe,19588,0x2EC4BC3AB90,DXGI,0,512,1,Hardware: Independent Flip,27987.5358,20.3056,20.0105,0.2951,13.2150,19.8315,19.8204,0.0111,33.0472,9.9943,-9.6404,27987.5358,0.0007,NA,NA
SandFall-Win64-Shipping.exe,19588,0x2EC4BC3AB90,DXGI,0,512,1,Hardware: Independent Flip,28007.8414,0.3251,0.1655,0.1596,12.7409,0.1304,0.1282,0.0022,22.7359,10.3811,10.3113,28007.8414,9.8646,NA,NA
SandFall-Win64-Shipping.exe,19588,0x2EC4BC3AB90,DXGI,0,512,1,Hardware: Independent Flip,28008.1665,20.4167,20.1626,0.2541,12.5462,20.2454,20.2373,0.0081,32.7919,10.2306,-10.0560,28008.1665,0.0003,NA,NA
SandFall-Win64-Shipping.exe,19588,0x2EC4BC3AB90,DXGI,0,512,1,Hardware: Independent Flip,28028.5832,0.3083,0.1554,0.1529,12.3749,0.1390,0.1390,0.0000,22.6058,9.3894,10.1861,28028.5832,10.0919,NA,NA
SandFall-Win64-Shipping.exe,19588,0x2EC4BC3AB90,DXGI,0,512,1,Hardware: Independent Flip,28028.8915,19.0553,18.7924,0.2629,12.2056,19.4807,19.4728,0.0079,31.6869,9.8837,-9.0811,28028.8915,0.0006,NA,NA
SandFall-Win64-Shipping.exe,19588,0x2EC4BC3AB90,DXGI,0,512,1,Hardware: Independent Flip,28047.9468,0.3102,0.1578,0.1524,12.6310,0.0935,0.0918,0.0017,22.5153,10.2912,9.1716,28047.9468,9.7908,NA,NA
SandFall-Win64-Shipping.exe,19588,0x2EC4BC3AB90,DXGI,0,512,1,Hardware: Independent Flip,28048.2570,19.4898,19.2285,0.2613,12.4143,19.9495,19.9420,0.0075,32.4963,9.9041,-9.9810,28048.2570,0.1325,NA,NA
SandFall-Win64-Shipping.exe,19588,0x2EC4BC3AB90,DXGI,0,512,1,Hardware: Independent Flip,28067.7468,0.3162,0.1584,0.1578,12.8740,0.1680,0.1680,0.0000,22.9106,10.5438,9.5857,28067.7468,9.8686,NA,NA
SandFall-Win64-Shipping.exe,19588,0x2EC4BC3AB90,DXGI,0,512,1,Hardware: Independent Flip,28068.0630,20.0530,19.8026,0.2504,12.7258,20.4114,20.4046,0.0068,33.1382,10.2072,-10.2276,28068.0630,0.0010,NA,NA
SandFall-Win64-Shipping.exe,19588,0x2EC4BC3AB90,DXGI,0,512,1,Hardware: Independent Flip,28088.1160,0.3255,0.1565,0.1690,13.0842,0.0987,0.0971,0.0016,23.2924,9.8205,9.8458,28088.1160,10.1095,NA,NA
SandFall-Win64-Shipping.exe,19588,0x2EC4BC3AB90,DXGI,0,512,1,Hardware: Independent Flip,28088.4415,19.5457,19.2996,0.2461,12.8574,19.9293,19.9189,0.0104,32.7874,10.1815,-9.4950,28088.4415,0.0007,NA,NA
SandFall-Win64-Shipping.exe,19588,0x2EC4BC3AB90,DXGI,0,512,1,Hardware: Independent Flip,28107.9872,0.3289,0.1683,0.1606,13.2410,0.1006,0.0985,0.0021,23.4232,10.7792,9.3642,28107.9872,10.0816,NA,NA
SandFall-Win64-Shipping.exe,19588,0x2EC4BC3AB90,DXGI,0,512,1,Hardware: Independent Flip,28108.3161,22.2078,21.8629,0.3449,13.0127,20.8599,20.0980,0.7619,33.8735,10.4917,-10.4503,28108.3161,0.0009,NA,NA
SandFall-Win64-Shipping.exe,19588,0x2EC4BC3AB90,DXGI,0,512,1,Hardware: Independent Flip,28130.5239,0.3268,0.1729,0.1539,11.6648,0.1368,0.1352,0.0016,22.1574,9.8615,11.7161,28130.5239,10.3558,NA,NA
SandFall-Win64-Shipping.exe,19588,0x2EC4BC3AB90,DXGI,0,512,1,Hardware: Independent Flip,28130.8507,17.9304,17.6818,0.2486,11.4748,20.2167,20.2100,0.0067,31.6921,10.2710,-9.5347,28130.8507,0.0006,NA,NA
SandFall-Win64-Shipping.exe,19588,0x2EC4BC3AB90,DXGI,0,512,1,Hardware: Independent Flip,28148.7811,0.3213,0.1695,0.1518,13.7611,0.1030,0.1013,0.0017,24.0327,9.9693,7.6594,28148.7811,10.1686,NA,NA
SandFall-Win64-Shipping.exe,19588,0x2EC4BC3AB90,DXGI,0,512,1,Hardware: Independent Flip,28149.1024,19.6307,19.3766,0.2541,13.5428,20.0733,20.0647,0.0086,33.6807,10.0390,-9.6480,28149.1024,0.0646,NA,NA
SandFall-Win64-Shipping.exe,19588,0x2EC4BC3AB90,DXGI,0,512,1,Hardware: Independent Flip,28168.7331,0.3197,0.1552,0.1645,13.9854,0.2369,0.2351,0.0018,24.0890,10.2383,9.5917,28168.7331,9.8667,NA,NA
SandFall-Win64-Shipping.exe,19588,0x2EC4BC3AB90,DXGI,0,512,1,Hardware: Independent Flip,28169.0528,19.6216,19.3228,0.2988,13.9026,19.9967,19.9888,0.0079,34.0076,9.9672,-9.9186,28169.0528,0.1083,NA,NA
SandFall-Win64-Shipping.exe,19588,0x2EC4BC3AB90,DXGI,0,512,1,Hardware: Independent Flip,28188.6744,0.3375,0.1788,0.1587,14.2777,0.1718,0.1702,0.0016,24.3532,9.6290,9.6544,28188.6744,9.9037,NA,NA
SandFall-Win64-Shipping.exe,19588,0x2EC4BC3AB90,DXGI,0,512,1,Hardware: Independent Flip,28189.0119,20.1419,19.8497,0.2922,14.1120,19.5318,19.5219,0.0099,33.6447,9.8064,-9.2915,28189.0119,0.0009,NA,NA
SandFall-Win64-Shipping.exe,19588,0x2EC4BC3AB90,DXGI,0,512,1,Hardware: Independent Flip,28209.1538,0.3498,0.1608,0.1890,13.5019,0.1368,0.1352,0.0016,23.3092,10.1081,10.3355,28209.1538,9.6705,NA,NA
SandFall-Win64-Shipping.exe,19588,0x2EC4BC3AB90,DXGI,0,512,1,Hardware: Independent Flip,28209.5036,19.8338,19.5767,0.2571,13.2889,19.7196,19.7118,0.0078,33.0675,9.8617,-9.7583,28209.5036,0.0590,NA,NA
SandFall-Win64-Shipping.exe,19588,0x2EC4BC3AB90,DXGI,0,512,1,Hardware: Independent Flip,28229.3374,0.3411,0.1758,0.1653,13.1747,0.1089,0.1048,0.0041,23.0954,10.4849,9.9721,28229.3374,9.8118,NA,NA
SandFall-Win64-Shipping.exe,19588,0x2EC4BC3AB90,DXGI,0,512,1,Hardware: Independent Flip,28229.6785,20.5151,20.2572,0.2579,12.9425,20.2959,20.2872,0.0087,33.2392,10.2213,-10.1438,28229.6785,0.0008,NA,NA
SandFall-Win64-Shipping.exe,19588,0x2EC4BC3AB90,DXGI,0,512,1,Hardware: Independent Flip,28250.1936,0.3175,0.1600,0.1575,12.7233,0.1014,0.0967,0.0047,22.9454,9.5950,10.2938,28250.1936,10.1207,NA,NA
SandFall-Win64-Shipping.exe,19588,0x2EC4BC3AB90,DXGI,0,512,1,Hardware: Independent Flip,28250.5111,19.2839,19.0152,0.2687,12.5072,19.7148,19.6997,0.0151,32.2229,10.1078,-9.2775,28250.5111,0.0009,NA,NA
SandFall-Win64-Shipping.exe,19588,0x2EC4BC3AB90,DXGI,0,512,1,Hardware: Independent Flip,28269.7950,0.3216,0.1633,0.1583,12.9381,0.1332,0.1316,0.0016,23.0468,10.1373,9.1761,28269.7950,9.9755,NA,NA
SandFall-Win64-Shipping.exe,19588,0x2EC4BC3AB90,DXGI,0,512,1,Hardware: Independent Flip,28270.1166,20.7527,20.5085,0.2442,12.7497,20.0811,20.0745,0.0066,32.8625,10.0705,-9.8157,28270.1166,0.0317,NA,NA
SandFall-Win64-Shipping.exe,19588,0x2EC4BC3AB90,DXGI,0,512,1,Hardware: Independent Flip,28290.8693,0.3565,0.1561,0.2004,12.0781,0.1479,0.1463,0.0016,22.1803,9.8848,10.6822,28290.8693,9.9543,NA,NA
SandFall-Win64-Shipping.exe,19588,0x2EC4BC3AB90,DXGI,0,512,1,Hardware: Independent Flip,28291.2258,19.0975,18.8526,0.2449,11.8695,19.8345,19.8277,0.0068,31.7086,9.9007,-9.5283,28291.2258,0.0046,NA,NA
SandFall-Win64-Shipping.exe,19588,0x2EC4BC3AB90,DXGI,0,512,1,Hardware: Independent Flip,28310.3233,0.3152,0.1575,0.1577,12.6065,0.1176,0.1157,0.0019,22.5118,10.9680,9.1968,28310.3233,9.7877,NA,NA
SandFall-Win64-Shipping.exe,19588,0x2EC4BC3AB90,DXGI,0,512,1,Hardware: Independent Flip,28310.6385,19.6299,19.3687,0.2612,12.4089,20.7162,20.7103,0.0059,33.1646,10.3714,-10.6528,28310.6385,0.0395,NA,NA
SandFall-Win64-Shipping.exe,19588,0x2EC4BC3AB90,DXGI,0,512,1,Hardware: Independent Flip,28330.2684,0.3226,0.1649,0.1577,13.4952,0.1169,0.1154,0.0015,23.9061,9.8134,9.2585,28330.2684,10.2940,NA,NA
SandFall-Win64-Shipping.exe,19588,0x2EC4BC3AB90,DXGI,0,512,1,Hardware: Independent Flip,28330.5910,20.1920,19.9333,0.2587,13.2895,20.1063,20.0994,0.0069,33.3969,10.2891,-9.4908,28330.5910,0.0011,NA,NA
SandFall-Win64-Shipping.exe,19588,0x2EC4BC3AB90,DXGI,0,512,1,Hardware: Independent Flip,28350.7830,0.3943,0.2141,0.1802,13.2038,0.1062,0.1045,0.0017,23.4940,9.7835,9.9029,28350.7830,10.1840,NA,NA
SandFall-Win64-Shipping.exe,19588,0x2EC4BC3AB90,DXGI,0,512,1,Hardware: Independent Flip,28351.1773,20.1604,19.9153,0.2451,12.9157,19.9552,19.9492,0.0060,32.8832,10.0267,-9.3892,28351.1773,0.0123,NA,NA
SandFall-Win64-Shipping.exe,19588,0x2EC4BC3AB90,DXGI,0,512,1,Hardware: Independent Flip,28371.3377,0.3137,0.1564,0.1573,12.7105,0.1519,0.1498,0.0021,22.7495,10.0915,10.1337,28371.3377,9.8871,NA,NA
SandFall-Win64-Shipping.exe,19588,0x2EC4BC3AB90,DXGI,0,512,1,Hardware: Independent Flip,28371.6514,19.1013,18.8490,0.2523,12.5487,19.8514,19.8440,0.0074,32.5273,9.8620,-9.7778,28371.6514,0.1272,NA,NA
SandFall-Win64-Shipping.exe,19588,0x2EC4BC3AB90,DXGI,0,512,1,Hardware: Independent Flip,28390.7527,0.3040,0.1553,0.1487,13.2988,0.1288,0.1288,0.0000,23.2880,10.0879,9.2393,28390.7527,9.8604,NA,NA
SandFall-Win64-Shipping.exe,19588,0x2EC4BC3AB90,DXGI,0,512,1,Hardware: Independent Flip,28391.0567,20.0445,19.7821,0.2624,13.1236,19.9304,19.9214,0.0090,33.0719,9.9498,-9.7839,28391.0567,0.0179,NA,NA
SandFall-Win64-Shipping.exe,19588,0x2EC4BC3AB90,DXGI,0,512,1,Hardware: Independent Flip,28411.1012,0.3119,0.1591,0.1528,13.0095,0.1433,0.1419,0.0014,22.9772,10.1136,10.0947,28411.1012,9.8244,NA,NA
SandFall-Win64-Shipping.exe,19588,0x2EC4BC3AB90,DXGI,0,512,1,Hardware: Independent Flip,28411.4131,21.3453,21.0854,0.2599,12.8409,19.9370,19.9285,0.0085,32.7789,10.0371,-9.8017,28411.4131,0.0010,NA,NA
SandFall-Win64-Shipping.exe,19588,0x2EC4BC3AB90,DXGI,0,512,1,Hardware: Independent Flip,28432.7584,0.3564,0.1806,0.1758,11.4326,0.1310,0.1286,0.0024,21.4707,10.2373,11.3082,28432.7584,9.9071,NA,NA
SandFall-Win64-Shipping.exe,19588,0x2EC4BC3AB90,DXGI,0,512,1,Hardware: Independent Flip,28433.1148,18.5076,18.2609,0.2467,11.2072,20.1434,20.1358,0.0076,31.3516,10.2360,-9.8809,28433.1148,0.0010,NA,NA
SandFall-Win64-Shipping.exe,19588,0x2EC4BC3AB90,DXGI,0,512,1,Hardware: Independent Flip,28451.6224,0.3036,0.1512,0.1524,12.8430,0.2209,0.2189,0.0020,23.0800,9.6266,8.2716,28451.6224,10.0161,NA,NA
SandFall-Win64-Shipping.exe,19588,0x2EC4BC3AB90,DXGI,0,512,1,Hardware: Independent Flip,28451.9260,19.7938,19.5401,0.2537,12.7603,19.6421,19.6317,0.0104,32.4030,10.0340,-9.3230,28451.9260,0.0006,NA,NA
SandFall-Win64-Shipping.exe,19588,0x2EC4BC3AB90,DXGI,0,512,1,Hardware: Independent Flip,28471.7198,0.3175,0.1612,0.1563,12.6086,0.1501,0.1485,0.0016,22.6432,10.1739,9.7598,28471.7198,9.8845,NA,NA
SandFall-Win64-Shipping.exe,19588,0x2EC4BC3AB90,DXGI,0,512,1,Hardware: Independent Flip,28472.0373,20.4855,20.2383,0.2472,12.4412,19.9800,19.9713,0.0087,32.4996,9.9798,-9.8564,28472.0373,0.0784,NA,NA
SandFall-Win64-Shipping.exe,19588,0x2EC4BC3AB90,DXGI,0,512,1,Hardware: Independent Flip,28492.5228,0.3474,0.1865,0.1609,11.9357,0.1634,0.1613,0.0021,21.9939,10.0724,10.5057,28492.5228,9.8948,NA,NA
SandFall-Win64-Shipping.exe,19588,0x2EC4BC3AB90,DXGI,0,512,1,Hardware: Independent Flip,28492.8702,19.1177,18.8714,0.2463,11.7517,19.9663,19.9543,0.0120,31.7189,10.0339,-9.7250,28492.8702,0.0009,NA,NA
SandFall-Win64-Shipping.exe,19588,0x2EC4BC3AB90,DXGI,0,512,1,Hardware: Independent Flip,28511.9879,0.3107,0.1565,0.1542,12.6003,0.1270,0.1248,0.0022,22.6351,10.4335,9.0838,28511.9879,9.9078,NA,NA
SandFall-Win64-Shipping.exe,19588,0x2EC4BC3AB90,DXGI,0,512,1,Hardware: Independent Flip,28512.2986,20.6284,20.3820,0.2464,12.4166,20.3407,20.3321,0.0086,32.7579,10.2441,-10.1228,28512.2986,0.0006,NA,NA
SandFall-Win64-Shipping.exe,19588,0x2EC4BC3AB90,DXGI,0,512,1,Hardware: Independent Flip,28532.9270,0.3305,0.1717,0.1588,12.1289,0.0935,0.0919,0.0016,22.3736,9.7166,10.3843,28532.9270,10.1512,NA,NA
SandFall-Win64-Shipping.exe,19588,0x2EC4BC3AB90,DXGI,0,512,1,Hardware: Independent Flip,28533.2575,19.2493,18.9973,0.2520,11.8919,19.8668,19.8581,0.0087,31.7597,10.1188,-9.3861,28533.2575,0.0010,NA,NA
SandFall-Win64-Shipping.exe,19588,0x2EC4BC3AB90,DXGI,0,512,1,Hardware: Independent Flip,28552.5068,0.3111,0.1571,0.1540,12.5094,0.1962,0.1962,0.0000,22.6292,10.1104,9.1305,28552.5068,9.9236,NA,NA
SandFall-Win64-Shipping.exe,19588,0x2EC4BC3AB90,DXGI,0,512,1,Hardware: Independent Flip,28552.8179,19.9565,19.7142,0.2423,12.3945,19.9859,19.9748,0.0111,32.4285,10.0050,-9.7993,28552.8179,0.0481,NA,NA
SandFall-Win64-Shipping.exe,19588,0x2EC4BC3AB90,DXGI,0,512,1,Hardware: Independent Flip,28572.7744,0.3149,0.1589,0.1560,12.4239,0.1130,0.1114,0.0016,22.4770,9.9011,9.9515,28572.7744,9.9401,NA,NA
SandFall-Win64-Shipping.exe,19588,0x2EC4BC3AB90,DXGI,0,512,1,Hardware: Independent Flip,28573.0893,19.5367,19.2890,0.2477,12.2220,19.8179,19.8068,0.0111,32.0632,9.9235,-9.5862,28573.0893,0.0233,NA,NA
SandFall-Win64-Shipping.exe,19588,0x2EC4BC3AB90,DXGI,0,512,1,Hardware: Independent Flip,28592.6260,0.3148,0.1580,0.1568,12.5032,0.1309,0.1292,0.0017,22.4500,9.9113,9.6132,28592.6260,9.8159,NA,NA
SandFall-Win64-Shipping.exe,19588,0x2EC4BC3AB90,DXGI,0,512,1,Hardware: Independent Flip,28592.9408,20.1785,19.9279,0.2506,12.3193,19.6877,19.6753,0.0124,32.0465,9.8510,-9.5965,28592.9408,0.0395,NA,NA
SandFall-Win64-Shipping.exe,19588,0x2EC4BC3AB90,DXGI,0,512,1,Hardware: Independent Flip,28613.1193,0.2996,0.1543,0.1453,11.8285,0.1478,0.1463,0.0015,21.7190,10.0620,10.3275,28613.1193,9.7427,NA,NA
SandFall-Win64-Shipping.exe,19588,0x2EC4BC3AB90,DXGI,0,512,1,Hardware: Independent Flip,28613.4189,21.2061,20.9319,0.2742,11.6767,19.7865,19.7739,0.0126,31.4814,9.8496,-9.7624,28613.4189,0.0182,NA,NA
SandFall-Win64-Shipping.exe,19588,0x2EC4BC3AB90,DXGI,0,512,1,Hardware: Independent Flip,28634.6250,0.3418,0.1658,0.1760,10.2571,0.0854,0.0837,0.0017,20.1249,11.3133,11.3565,28634.6250,9.7824,NA,NA
SandFall-Win64-Shipping.exe,19588,0x2EC4BC3AB90,DXGI,0,512,1,Hardware: Independent Flip,28634.9668,20.8741,20.6050,0.2691,10.0007,21.0952,19.7915,1.3037,31.0964,10.6457,-10.9715,28634.9668,0.0005,NA,NA
SandFall-Win64-Shipping.exe,19588,0x2EC4BC3AB90,DXGI,0,512,1,Hardware: Independent Flip,28655.8409,0.4049,0.1801,0.2248,10.2218,0.1289,0.1289,0.0000,20.8680,9.2515,10.2284,28655.8409,10.5173,NA,NA
SandFall-Win64-Shipping.exe,19588,0x2EC4BC3AB90,DXGI,0,512,1,Hardware: Independent Flip,28656.2458,16.8927,16.6430,0.2497,9.9458,19.7683,19.7624,0.0059,29.7146,10.3369,-8.8466,28656.2458,0.0005,NA,NA
SandFall-Win64-Shipping.exe,19588,0x2EC4BC3AB90,DXGI,0,512,1,Hardware: Independent Flip,28673.1385,0.3153,0.1621,0.1532,12.8214,0.1504,0.1488,0.0016,23.1588,10.0964,6.5558,28673.1385,10.1870,NA,NA
SandFall-Win64-Shipping.exe,19588,0x2EC4BC3AB90,DXGI,0,512,1,Hardware: Independent Flip,28673.4538,20.2230,19.9677,0.2553,12.6565,20.1538,20.1461,0.0077,32.9399,9.9964,-9.7811,28673.4538,0.1296,NA,NA
SandFall-Win64-Shipping.exe,19588,0x2EC4BC3AB90,DXGI,0,512,1,Hardware: Independent Flip,28693.6768,0.3176,0.1582,0.1594,12.5873,0.0702,0.0663,0.0039,22.7133,9.6738,10.2266,28693.6768,10.0558,NA,NA
SandFall-Win64-Shipping.exe,19588,0x2EC4BC3AB90,DXGI,0,512,1,Hardware: Independent Flip,28693.9944,19.1551,18.9094,0.2457,12.3399,19.6296,19.6223,0.0073,32.0695,9.6844,-9.3562,28693.9944,0.1000,NA,NA
SandFall-Win64-Shipping.exe,19588,0x2EC4BC3AB90,DXGI,0,512,1,Hardware: Independent Flip,28713.1495,0.3112,0.1553,0.1559,12.8144,0.1384,0.1384,0.0000,22.5988,10.6258,9.4707,28713.1495,9.6460,NA,NA
SandFall-Win64-Shipping.exe,19588,0x2EC4BC3AB90,DXGI,0,512,1,Hardware: Independent Flip,28713.4607,24.0029,23.6128,0.3901,12.6416,20.1610,20.1540,0.0070,32.9134,9.9821,-10.3146,28713.4607,0.1108,NA,NA
SandFall-Win64-Shipping.exe,19588,0x2EC4BC3AB90,DXGI,0,512,1,Hardware: Independent Flip,28737.4636,0.4390,0.2321,0.2069,8.7997,0.1395,0.1378,0.0017,18.8926,10.4437,14.0208,28737.4636,9.9534,NA,NA
SandFall-Win64-Shipping.exe,19588,0x2EC4BC3AB90,DXGI,0,512,1,Hardware: Independent Flip,28737.9026,15.8372,15.5839,0.2533,8.5002,20.3958,20.3876,0.0082,28.8973,10.4064,-10.0047,28737.9026,0.0013,NA,NA
SandFall-Win64-Shipping.exe,19588,0x2EC4BC3AB90,DXGI,0,512,1,Hardware: Independent Flip,28753.7398,0.3064,0.1529,0.1535,13.0588,0.2162,0.2162,0.0000,23.4665,9.7536,5.4308,28753.7398,10.1915,NA,NA
SandFall-Win64-Shipping.exe,19588,0x2EC4BC3AB90,DXGI,0,512,1,Hardware: Independent Flip,28754.0462,19.2322,18.9592,0.2730,12.9686,19.9436,19.9359,0.0077,32.9137,10.3134,-9.4472,28754.0462,0.0015,NA,NA
SandFall-Win64-Shipping.exe,19588,0x2EC4BC3AB90,DXGI,0,512,1,Hardware: Independent Flip,28773.2784,0.3345,0.1773,0.1572,13.6800,0.1459,0.1459,0.0000,23.9949,9.7379,8.9188,28773.2784,10.1690,NA,NA
SandFall-Win64-Shipping.exe,19588,0x2EC4BC3AB90,DXGI,0,512,1,Hardware: Independent Flip,28773.6129,19.0806,18.8021,0.2785,13.4914,19.8864,19.8798,0.0066,33.3983,9.9887,-9.4034,28773.6129,0.0205,NA,NA
SandFall-Win64-Shipping.exe,19588,0x2EC4BC3AB90,DXGI,0,512,1,Hardware: Independent Flip,28792.6935,0.3253,0.1654,0.1599,14.2972,0.1398,0.1398,0.0000,24.3064,10.1703,9.0919,28792.6935,9.8694,NA,NA
SandFall-Win64-Shipping.exe,19588,0x2EC4BC3AB90,DXGI,0,512,1,Hardware: Independent Flip,28793.0188,23.3345,23.0236,0.3109,14.1117,19.8934,19.8869,0.0065,34.1514,9.8579,-9.8450,28793.0188,0.1463,NA,NA
SandFall-Win64-Shipping.exe,19588,0x2EC4BC3AB90,DXGI,0,512,1,Hardware: Independent Flip,28816.3533,0.4092,0.1931,0.2161,10.6706,0.2121,0.2096,0.0025,20.6748,9.8939,13.4766,28816.3533,9.7921,NA,NA
SandFall-Win64-Shipping.exe,19588,0x2EC4BC3AB90,DXGI,0,512,1,Hardware: Independent Flip,28816.7625,16.2958,16.0422,0.2536,10.4735,19.6849,19.6746,0.0103,30.1595,9.8759,-9.4847,28816.7625,0.0011,NA,NA
SandFall-Win64-Shipping.exe,19588,0x2EC4BC3AB90,DXGI,0,512,1,Hardware: Independent Flip,28833.0583,0.3652,0.1562,0.2090,13.8626,0.2061,0.2061,0.0000,23.7396,11.0471,6.4199,28833.0583,9.6709,NA,NA
SandFall-Win64-Shipping.exe,19588,0x2EC4BC3AB90,DXGI,0,512,1,Hardware: Independent Flip,28833.4235,20.4701,20.2332,0.2369,13.7035,20.7174,20.7112,0.0062,34.4215,10.4861,-10.6819,28833.4235,0.0006,NA,NA
SandFall-Win64-Shipping.exe,19588,0x2EC4BC3AB90,DXGI,0,512,1,Hardware: Independent Flip,28853.8936,0.3021,0.1512,0.1509,13.9508,0.1403,0.1385,0.0018,24.4375,9.5093,9.9840,28853.8936,10.3464,NA,NA
SandFall-Win64-Shipping.exe,19588,0x2EC4BC3AB90,DXGI,0,512,1,Hardware: Independent Flip,28854.1957,19.9048,19.4899,0.4149,13.7890,19.8544,19.8473,0.0071,33.6447,10.3189,-9.2072,28854.1957,0.0013,NA,NA
SandFall-Win64-Shipping.exe,19588,0x2EC4BC3AB90,DXGI,0,512,1,Hardware: Independent Flip,28874.1005,0.3464,0.1620,0.1844,13.7386,0.1431,0.1407,0.0024,24.0588,10.0070,9.5859,28874.1005,10.1771,NA,NA
SandFall-Win64-Shipping.exe,19588,0x2EC4BC3AB90,DXGI,0,512,1,Hardware: Independent Flip,28874.4469,19.6525,19.3752,0.2773,13.5353,20.1278,20.1213,0.0065,33.7194,10.0734,-9.6606,28874.4469,0.0563,NA,NA
SandFall-Win64-Shipping.exe,19588,0x2EC4BC3AB90,DXGI,0,512,1,Hardware: Independent Flip,28894.0994,0.4162,0.1617,0.2545,14.0106,0.1617,0.1601,0.0016,24.1403,10.2907,9.5791,28894.0994,9.9680,NA,NA
SandFall-Win64-Shipping.exe,19588,0x2EC4BC3AB90,DXGI,0,512,1,Hardware: Independent Flip,28894.5156,19.8114,19.5541,0.2573,13.7561,20.1614,20.1530,0.0084,34.0148,10.0485,-9.8745,28894.5156,0.0973,NA,NA
SandFall-Win64-Shipping.exe,19588,0x2EC4BC3AB90,DXGI,0,512,1,Hardware: Independent Flip,28914.3270,0.3531,0.1575,0.1956,14.1061,0.1122,0.1080,0.0042,24.2519,24.1601,9.7629,28914.3270,10.0336,NA,NA
SandFall-Win64-Shipping.exe,19588,0x2EC4BC3AB90,DXGI,0,512,1,Hardware: Independent Flip,28914.6801,23.9577,23.6199,0.3378,13.8652,34.1913,33.2762,0.9151,48.0589,17.0518,-23.8070,28914.6801,0.0024,NA,NA
SandFall-Win64-Shipping.exe,19588,0x2EC4BC3AB90,DXGI,0,512,1,Hardware: Independent Flip,28938.6378,0.3553,0.1846,0.1707,24.0988,0.1800,0.1766,0.0034,41.1530,6.6538,6.9059,28938.6378,16.8742,NA,NA
SandFall-Win64-Shipping.exe,19588,0x2EC4BC3AB90,DXGI,0,512,1,Hardware: Independent Flip,28938.9931,25.1696,24.5479,0.6217,23.9235,23.5272,23.5132,0.0140,47.4515,23.5107,-6.2985,28938.9931,0.0008,NA,NA
SandFall-Win64-Shipping.exe,19588,0x2EC4BC3AB90,DXGI,0,512,1,Hardware: Independent Flip,28964.1627,20.8179,20.5518,0.2661,22.2811,23.5115,23.5042,0.0073,45.7926,23.5339,1.6589,28964.1627,NA,NA,NA
SandFall-Win64-Shipping.exe,19588,0x2EC4BC3AB90,DXGI,0,512,1,Hardware: Independent Flip,28984.9806,23.3479,23.0988,0.2491,24.9747,22.2796,22.2746,0.0050,48.5086,23.0636,-2.7160,28984.9806,1.2543,NA,NA
SandFall-Win64-Shipping.exe,19588,0x2EC4BC3AB90,DXGI,0,512,1,Hardware: Independent Flip,29008.3285,0.3160,0.1637,0.1523,23.9064,0.1614,0.1593,0.0021,48.2243,0.0279,0.2843,29008.3285,24.1565,NA,NA
SandFall-Win64-Shipping.exe,19588,0x2EC4BC3AB90,DXGI,0,512,1,Hardware: Independent Flip,29008.6445,25.2401,24.9673,0.2728,23.7518,21.3401,21.3236,0.0165,47.9362,7.9913,0.2881,29008.6445,2.8443,NA,NA
SandFall-Win64-Shipping.exe,19588,0x2EC4BC3AB90,DXGI,0,512,1,Hardware: Independent Flip,29033.8846,0.3260,0.1724,0.1536,19.8518,0.1323,0.1300,0.0023,30.6874,9.4941,17.2488,29033.8846,10.7033,NA,NA
SandFall-Win64-Shipping.exe,19588,0x2EC4BC3AB90,DXGI,0,512,1,Hardware: Independent Flip,29034.2106,20.1773,19.9186,0.2587,19.6581,20.1965,20.1864,0.0101,39.8555,10.9468,-9.1681,29034.2106,0.0009,NA,NA
SandFall-Win64-Shipping.exe,19588,0x2EC4BC3AB90,DXGI,0,512,1,Hardware: Independent Flip,29054.3879,0.3538,0.1831,0.1707,19.6773,0.1301,0.1283,0.0018,30.6250,9.5427,9.2305,29054.3879,10.8176,NA,NA
SandFall-Win64-Shipping.exe,19588,0x2EC4BC3AB90,DXGI,0,512,1,Hardware: Independent Flip,29054.7417,20.8192,20.5530,0.2662,19.4536,20.3594,20.3514,0.0080,39.8139,11.0341,-9.1889,29054.7417,0.0009,NA,NA
SandFall-Win64-Shipping.exe,19588,0x2EC4BC3AB90,DXGI,0,512,1,Hardware: Independent Flip,29075.5609,0.3361,0.1731,0.1630,18.9938,0.1231,0.1195,0.0036,30.0288,9.7080,9.7851,29075.5609,10.9119,NA,NA
SandFall-Win64-Shipping.exe,19588,0x2EC4BC3AB90,DXGI,0,512,1,Hardware: Independent Flip,29075.8970,18.8832,18.3032,0.5800,18.7808,20.6193,20.6153,0.0040,39.4007,11.2232,-9.3719,29075.8970,0.0006,NA,NA
SandFall-Win64-Shipping.exe,19588,0x2EC4BC3AB90,DXGI,0,512,1,Hardware: Independent Flip,29094.7802,0.4654,0.2288,0.2366,20.5169,0.1382,0.1357,0.0025,31.7407,9.3762,7.6600,29094.7802,11.0856,NA,NA
SandFall-Win64-Shipping.exe,19588,0x2EC4BC3AB90,DXGI,0,512,1,Hardware: Independent Flip,29095.2456,19.6886,19.3121,0.3765,20.1897,20.4612,20.4564,0.0048,40.6515,11.1731,-8.9108,29095.2456,0.0006,NA,NA
SandFall-Win64-Shipping.exe,19588,0x2EC4BC3AB90,DXGI,0,512,1,Hardware: Independent Flip,29114.9342,0.7797,0.5230,0.2567,20.9623,0.1751,0.1727,0.0024,32.1360,9.4869,8.5155,29114.9342,10.9986,NA,NA
SandFall-Win64-Shipping.exe,19588,0x2EC4BC3AB90,DXGI,0,512,1,Hardware: Independent Flip,29115.7139,20.9514,20.6236,0.3278,20.3577,20.4848,20.4791,0.0057,40.8432,11.1249,-8.7072,29115.7139,0.0007,NA,NA
SandFall-Win64-Shipping.exe,19588,0x2EC4BC3AB90,DXGI,0,512,1,Hardware: Independent Flip,29136.6653,0.4839,0.1941,0.2898,19.8911,0.1273,0.1253,0.0020,31.0167,9.5488,9.8265,29136.6653,10.9983,NA,NA
SandFall-Win64-Shipping.exe,19588,0x2EC4BC3AB90,DXGI,0,512,1,Hardware: Independent Flip,29137.1492,20.7560,20.4862,0.2698,19.5345,20.5467,20.5421,0.0046,40.0816,11.1437,-9.0649,29137.1492,0.0004,NA,NA
SandFall-Win64-Shipping.exe,19588,0x2EC4BC3AB90,DXGI,0,512,1,Hardware: Independent Flip,29157.9052,0.3609,0.1871,0.1738,19.3252,0.1756,0.1737,0.0019,30.4693,10.3552,9.6123,29157.9052,10.9685,NA,NA
SandFall-Win64-Shipping.exe,19588,0x2EC4BC3AB90,DXGI,0,512,1,Hardware: Independent Flip,29158.2661,20.4742,20.1972,0.2770,19.1399,21.3229,21.3155,0.0074,40.4636,10.7225,-9.9943,29158.2661,0.0008,NA,NA
SandFall-Win64-Shipping.exe,19588,0x2EC4BC3AB90,DXGI,0,512,1,Hardware: Independent Flip,29178.7403,0.3334,0.1740,0.1594,19.9886,0.1123,0.1104,0.0019,30.7119,9.6904,9.7517,29178.7403,10.6110,NA,NA
SandFall-Win64-Shipping.exe,19588,0x2EC4BC3AB90,DXGI,0,512,1,Hardware: Independent Flip,29179.0737,21.3122,21.0616,0.2506,19.7675,20.1274,20.1232,0.0042,40.0689,9.9313,-9.3570,29179.0737,0.1740,NA,NA
SandFall-Win64-Shipping.exe,19588,0x2EC4BC3AB90,DXGI,0,512,1,Hardware: Independent Flip,29200.3859,0.3325,0.1690,0.1635,18.5827,0.1318,0.1318,0.0000,28.6880,10.7318,11.3809,29200.3859,9.9735,NA,NA
SandFall-Win64-Shipping.exe,19588,0x2EC4BC3AB90,DXGI,0,512,1,Hardware: Independent Flip,29200.7184,21.3470,21.1067,0.2403,18.3820,20.3865,20.3790,0.0075,39.0873,9.8341,-10.3993,29200.7184,0.3188,NA,NA
SandFall-Win64-Shipping.exe,19588,0x2EC4BC3AB90,DXGI,0,512,1,Hardware: Independent Flip,29222.0654,0.3369,0.1662,0.1707,17.4215,0.1444,0.1422,0.0022,27.5744,10.2425,11.5129,29222.0654,10.0085,NA,NA
SandFall-Win64-Shipping.exe,19588,0x2EC4BC3AB90,DXGI,0,512,1,Hardware: Independent Flip,29222.4023,21.8034,21.5091,0.2943,17.2290,20.2504,20.2461,0.0043,37.4800,10.0970,-9.9056,29222.4023,0.0006,NA,NA
SandFall-Win64-Shipping.exe,19588,0x2EC4BC3AB90,DXGI,0,512,1,Hardware: Independent Flip,29244.2057,0.3936,0.2010,0.1926,15.6760,0.1080,0.1062,0.0018,25.7736,10.5659,11.7064,29244.2057,9.9896,NA,NA
SandFall-Win64-Shipping.exe,19588,0x2EC4BC3AB90,DXGI,0,512,1,Hardware: Independent Flip,29244.5993,20.8201,20.5614,0.2587,15.3904,20.5548,20.5483,0.0065,35.9459,10.4712,-10.1723,29244.5993,0.0007,NA,NA
SandFall-Win64-Shipping.exe,19588,0x2EC4BC3AB90,DXGI,0,512,1,Hardware: Independent Flip,29265.4194,0.3240,0.1678,0.1562,15.1251,0.1176,0.1157,0.0019,25.5970,10.0026,10.3489,29265.4194,10.3543,NA,NA
SandFall-Win64-Shipping.exe,19588,0x2EC4BC3AB90,DXGI,0,512,1,Hardware: Independent Flip,29265.7434,21.6205,21.3570,0.2635,14.9187,20.3563,20.3452,0.0111,35.2756,10.4454,-9.6786,29265.7434,0.0006,NA,NA
SandFall-Win64-Shipping.exe,19588,0x2EC4BC3AB90,DXGI,0,512,1,Hardware: Independent Flip,29287.3639,0.3645,0.1862,0.1783,13.6545,0.1432,0.1415,0.0017,24.1005,9.4445,11.1751,29287.3639,10.3028,NA,NA
SandFall-Win64-Shipping.exe,19588,0x2EC4BC3AB90,DXGI,0,512,1,Hardware: Independent Flip,29287.7284,17.3259,17.0460,0.2799,13.4332,19.7457,19.7345,0.0112,33.1805,9.9356,-9.0800,29287.7284,0.0016,NA,NA
SandFall-Win64-Shipping.exe,19588,0x2EC4BC3AB90,DXGI,0,512,1,Hardware: Independent Flip,29305.0543,0.3691,0.2012,0.1679,15.8530,0.1718,0.1702,0.0016,25.7902,10.2081,7.3903,29305.0543,9.7654,NA,NA
SandFall-Win64-Shipping.exe,19588,0x2EC4BC3AB90,DXGI,0,512,1,Hardware: Independent Flip,29305.4234,21.5922,21.2878,0.3044,15.6557,19.7454,19.7349,0.0105,35.6292,9.7218,-9.8390,29305.4234,0.2281,NA,NA
SandFall-Win64-Shipping.exe,19588,0x2EC4BC3AB90,DXGI,0,512,1,Hardware: Independent Flip,29327.0156,0.3457,0.1814,0.1643,13.8089,0.1478,0.1478,0.0000,23.7588,10.3520,11.8704,29327.0156,9.8021,NA,NA
SandFall-Win64-Shipping.exe,19588,0x2EC4BC3AB90,DXGI,0,512,1,Hardware: Independent Flip,29327.3613,20.4257,20.1777,0.2480,13.6110,20.1529,20.1371,0.0158,33.7651,9.9475,-10.0063,29327.3613,0.0012,NA,NA
SandFall-Win64-Shipping.exe,19588,0x2EC4BC3AB90,DXGI,0,512,1,Hardware: Independent Flip,29347.7870,0.3067,0.1554,0.1513,13.3382,0.0834,0.0818,0.0016,23.2869,10.9621,10.4782,29347.7870,9.8653,NA,NA
SandFall-Win64-Shipping.exe,19588,0x2EC4BC3AB90,DXGI,0,512,1,Hardware: Independent Flip,29348.0937,21.7246,21.4631,0.2615,13.1149,20.8261,20.4831,0.3430,33.9423,10.5933,-10.6554,29348.0937,0.0013,NA,NA
SandFall-Win64-Shipping.exe,19588,0x2EC4BC3AB90,DXGI,0,512,1,Hardware: Independent Flip,29369.8183,0.3150,0.1574,0.1576,12.2164,0.1041,0.1018,0.0023,22.8110,9.3256,11.1313,29369.8183,10.4905,NA,NA
SandFall-Win64-Shipping.exe,19588,0x2EC4BC3AB90,DXGI,0,512,1,Hardware: Independent Flip,29370.1333,20.0034,19.7564,0.2470,12.0055,19.8158,19.6891,0.1267,31.8216,10.3059,-9.0106,29370.1333,0.0003,NA,NA
SandFall-Win64-Shipping.exe,19588,0x2EC4BC3AB90,DXGI,0,512,1,Hardware: Independent Flip,29390.1367,0.3019,0.1502,0.1517,11.8179,0.1077,0.1061,0.0016,22.1241,11.2204,9.6975,29390.1367,10.1985,NA,NA
SandFall-Win64-Shipping.exe,19588,0x2EC4BC3AB90,DXGI,0,512,1,Hardware: Independent Flip,29390.4386,21.0165,20.7580,0.2585,11.6237,21.2879,19.9869,1.3010,33.0426,10.5338,-10.9185,29390.4386,0.1310,NA,NA
SandFall-Win64-Shipping.exe,19588,0x2EC4BC3AB90,DXGI,0,512,1,Hardware: Independent Flip,29411.4551,0.4218,0.1566,0.2652,11.8951,0.1038,0.1022,0.0016,22.5599,10.4459,10.4827,29411.4551,10.5610,NA,NA
SandFall-Win64-Shipping.exe,19588,0x2EC4BC3AB90,DXGI,0,512,1,Hardware: Independent Flip,29411.8769,21.9169,21.6412,0.2757,11.5771,21.0069,20.1900,0.8169,32.5840,10.6403,-10.0241,29411.8769,NA,NA,NA
SandFall-Win64-Shipping.exe,19588,0x2EC4BC3AB90,DXGI,0,512,1,Hardware: Independent Flip,29433.7938,0.3342,0.1593,0.1749,10.6671,0.0971,0.0954,0.0017,21.3074,9.4670,11.2766,29433.7938,10.5432,NA,NA
SandFall-Win64-Shipping.exe,19588,0x2EC4BC3AB90,DXGI,0,512,1,Hardware: Independent Flip,29434.1280,18.4931,18.2518,0.2413,10.4300,20.0092,19.7588,0.2504,30.4402,10.1404,-9.1328,29434.1280,0.0010,NA,NA
SandFall-Win64-Shipping.exe,19588,0x2EC4BC3AB90,DXGI,0,512,1,Hardware: Independent Flip,29452.6211,0.3325,0.1646,0.1679,11.9461,0.0750,0.0750,0.0000,22.0875,10.9701,8.3527,29452.6211,10.0664,NA,NA
SandFall-Win64-Shipping.exe,19588,0x2EC4BC3AB90,DXGI,0,512,1,Hardware: Independent Flip,29452.9536,20.3291,20.0556,0.2735,11.6886,20.8052,20.0352,0.7700,32.7251,10.1850,-10.6376,29452.9536,0.2313,NA,NA
SandFall-Win64-Shipping.exe,19588,0x2EC4BC3AB90,DXGI,0,512,1,Hardware: Independent Flip,29473.2827,0.5882,0.1911,0.3971,12.1647,0.0941,0.0925,0.0016,22.5810,9.3274,10.1441,29473.2827,10.3222,NA,NA
SandFall-Win64-Shipping.exe,19588,0x2EC4BC3AB90,DXGI,0,512,1,Hardware: Independent Flip,29473.8709,19.6331,19.3845,0.2486,11.6706,19.6487,19.6391,0.0096,31.3202,9.8963,-8.7392,29473.8709,0.0009,NA,NA
SandFall-Win64-Shipping.exe,19588,0x2EC4BC3AB90,DXGI,0,512,1,Hardware: Independent Flip,29493.5040,0.3141,0.1607,0.1534,11.6862,0.1168,0.1146,0.0022,21.5834,10.4090,9.7368,29493.5040,9.7804,NA,NA
SandFall-Win64-Shipping.exe,19588,0x2EC4BC3AB90,DXGI,0,512,1,Hardware: Independent Flip,29493.8181,19.3334,19.0914,0.2420,11.4889,20.0619,20.0512,0.0107,31.6783,9.9734,-10.0949,29493.8181,0.1275,NA,NA
SandFall-Win64-Shipping.exe,19588,0x2EC4BC3AB90,DXGI,0,512,1,Hardware: Independent Flip,29513.1515,0.3065,0.1569,0.1496,12.2174,0.1267,0.1253,0.0014,22.3183,9.7657,9.3600,29513.1515,9.9742,NA,NA
SandFall-Win64-Shipping.exe,19588,0x2EC4BC3AB90,DXGI,0,512,1,Hardware: Independent Flip,29513.4580,19.7102,19.4649,0.2453,12.0376,19.7390,19.7281,0.0109,31.7775,9.9528,-9.4592,29513.4580,0.0009,NA,NA
SandFall-Win64-Shipping.exe,19588,0x2EC4BC3AB90,DXGI,0,512,1,Hardware: Independent Flip,29533.1682,0.3142,0.1566,0.1576,12.0664,0.1913,0.1913,0.0000,22.0201,10.2650,9.7574,29533.1682,9.7624,NA,NA
SandFall-Win64-Shipping.exe,19588,0x2EC4BC3AB90,DXGI,0,512,1,Hardware: Independent Flip,29533.4824,19.5749,19.3076,0.2673,11.9435,20.0264,20.0132,0.0132,31.9709,10.1275,-9.9508,29533.4824,0.0010,NA,NA
SandFall-Win64-Shipping.exe,19588,0x2EC4BC3AB90,DXGI,0,512,1,Hardware: Independent Flip,29553.0573,0.3143,0.1576,0.1567,12.3950,0.1380,0.1362,0.0018,22.5235,10.1572,9.4474,29553.0573,9.9905,NA,NA
SandFall-Win64-Shipping.exe,19588,0x2EC4BC3AB90,DXGI,0,512,1,Hardware: Independent Flip,29553.3716,19.3957,19.1542,0.2415,12.2187,20.1472,20.1345,0.0127,32.3664,10.2514,-9.8429,29553.3716,0.0005,NA,NA
SandFall-Win64-Shipping.exe,19588,0x2EC4BC3AB90,DXGI,0,512,1,Hardware: Independent Flip,29572.7673,0.3301,0.1719,0.1582,12.9702,0.1910,0.1910,0.0000,23.2221,9.7848,9.1443,29572.7673,10.0609,NA,NA
SandFall-Win64-Shipping.exe,19588,0x2EC4BC3AB90,DXGI,0,512,1,Hardware: Independent Flip,29573.0974,22.9935,22.7240,0.2695,12.8311,19.8453,19.6897,0.1556,32.6768,10.0962,-9.4547,29573.0974,0.0004,NA,NA
SandFall-Win64-Shipping.exe,19588,0x2EC4BC3AB90,DXGI,0,512,1,Hardware: Independent Flip,29596.0909,0.5567,0.1796,0.3771,9.6829,0.1351,0.1327,0.0024,19.7795,10.0589,12.8973,29596.0909,9.9615,NA,NA
SandFall-Win64-Shipping.exe,19588,0x2EC4BC3AB90,DXGI,0,512,1,Hardware: Independent Flip,29596.6476,17.0163,16.7425,0.2738,9.2613,19.9697,19.9622,0.0075,29.2817,9.9945,-9.5022,29596.6476,0.0507,NA,NA
SandFall-Win64-Shipping.exe,19588,0x2EC4BC3AB90,DXGI,0,512,1,Hardware: Independent Flip,29613.6639,0.3186,0.1618,0.1568,12.2147,0.1476,0.1460,0.0016,22.2599,9.8905,7.0218,29613.6639,9.8976,NA,NA
SandFall-Win64-Shipping.exe,19588,0x2EC4BC3AB90,DXGI,0,512,1,Hardware: Independent Flip,29613.9825,18.9050,18.6478,0.2572,12.0437,19.7647,19.7558,0.0089,31.8318,9.8236,-9.5719,29613.9825,0.0234,NA,NA
SandFall-Win64-Shipping.exe,19588,0x2EC4BC3AB90,DXGI,0,512,1,Hardware: Independent Flip,29632.8875,0.3325,0.1643,0.1682,12.9034,0.1240,0.1218,0.0022,22.7504,10.3278,9.0814,29632.8875,9.7230,NA,NA
SandFall-Win64-Shipping.exe,19588,0x2EC4BC3AB90,DXGI,0,512,1,Hardware: Independent Flip,29633.2200,19.5334,19.2797,0.2537,12.6949,20.0082,19.9904,0.0178,32.7457,10.0322,-9.9953,29633.2200,0.0426,NA,NA
SandFall-Win64-Shipping.exe,19588,0x2EC4BC3AB90,DXGI,0,512,1,Hardware: Independent Flip,29652.7534,0.3079,0.1523,0.1556,13.1697,0.1515,0.1492,0.0023,23.2445,10.3800,9.5012,29652.7534,9.9233,NA,NA
SandFall-Win64-Shipping.exe,19588,0x2EC4BC3AB90,DXGI,0,512,1,Hardware: Independent Flip,29653.0613,20.1802,19.9089,0.2713,13.0133,20.3024,20.2949,0.0075,33.3166,10.2370,-10.0721,29653.0613,0.0009,NA,NA
SandFall-Win64-Shipping.exe,19588,0x2EC4BC3AB90,DXGI,0,512,1,Hardware: Independent Flip,29673.2415,0.3084,0.1553,0.1531,13.1355,0.0937,0.0920,0.0017,23.3734,9.6358,9.9432,29673.2415,10.1442,NA,NA
SandFall-Win64-Shipping.exe,19588,0x2EC4BC3AB90,DXGI,0,512,1,Hardware: Independent Flip,29673.5499,20.5071,20.2598,0.2473,12.9208,19.7793,19.7719,0.0074,32.7008,10.0337,-9.3274,29673.5499,0.0007,NA,NA
SandFall-Win64-Shipping.exe,19588,0x2EC4BC3AB90,DXGI,0,512,1,Hardware: Independent Flip,29694.0570,0.3035,0.1535,0.1500,12.1930,0.0997,0.0981,0.0016,22.2274,9.8530,10.4734,29694.0570,9.9347,NA,NA
SandFall-Win64-Shipping.exe,19588,0x2EC4BC3AB90,DXGI,0,512,1,Hardware: Independent Flip,29694.3605,18.2905,18.0373,0.2532,11.9892,19.7121,19.6995,0.0126,31.7769,9.8435,-9.5495,29694.3605,0.0756,NA,NA
SandFall-Win64-Shipping.exe,19588,0x2EC4BC3AB90,DXGI,0,512,1,Hardware: Independent Flip,29712.6510,0.3117,0.1595,0.1522,13.4108,0.1400,0.1376,0.0024,23.3299,10.2280,8.4470,29712.6510,9.7791,NA,NA
SandFall-Win64-Shipping.exe,19588,0x2EC4BC3AB90,DXGI,0,512,1,Hardware: Independent Flip,29712.9627,20.0215,19.7511,0.2704,13.2391,19.9288,19.9214,0.0074,33.2462,9.8914,-9.9163,29712.9627,0.0783,NA,NA
SandFall-Win64-Shipping.exe,19588,0x2EC4BC3AB90,DXGI,0,512,1,Hardware: Independent Flip,29732.9842,0.3273,0.1668,0.1605,13.1464,0.1291,0.1276,0.0015,23.1161,9.7773,10.1301,29732.9842,9.8406,NA,NA
SandFall-Win64-Shipping.exe,19588,0x2EC4BC3AB90,DXGI,0,512,1,Hardware: Independent Flip,29733.3115,19.1858,18.9218,0.2640,12.9482,19.6173,19.6105,0.0068,32.5661,9.9037,-9.4500,29733.3115,0.0006,NA,NA
SandFall-Win64-Shipping.exe,19588,0x2EC4BC3AB90,DXGI,0,512,1,Hardware: Independent Flip,29752.4973,0.3066,0.1529,0.1537,13.3797,0.1993,0.1993,0.0000,23.2840,10.2453,9.2821,29752.4973,9.7050,NA,NA
SandFall-Win64-Shipping.exe,19588,0x2EC4BC3AB90,DXGI,0,512,1,Hardware: Independent Flip,29752.8039,20.0341,19.7841,0.2500,13.2724,19.9495,19.9409,0.0086,33.2227,10.0121,-9.9387,29752.8039,0.0008,NA,NA
SandFall-Win64-Shipping.exe,19588,0x2EC4BC3AB90,DXGI,0,512,1,Hardware: Independent Flip,29772.8380,0.3669,0.2075,0.1594,13.1878,0.0979,0.0963,0.0016,23.2007,9.8216,10.0220,29772.8380,9.9150,NA,NA
SandFall-Win64-Shipping.exe,19588,0x2EC4BC3AB90,DXGI,0,512,1,Hardware: Independent Flip,29773.2049,19.4463,19.1515,0.2948,12.9188,19.7359,19.7286,0.0073,32.6554,9.9745,-9.4547,29773.2049,0.0007,NA,NA
SandFall-Win64-Shipping.exe,19588,0x2EC4BC3AB90,DXGI,0,512,1,Hardware: Independent Flip,29792.6512,0.3280,0.1672,0.1608,13.2084,0.0913,0.0898,0.0015,23.1836,10.3721,9.4718,29792.6512,9.8839,NA,NA
SandFall-Win64-Shipping.exe,19588,0x2EC4BC3AB90,DXGI,0,512,1,Hardware: Independent Flip,29792.9792,22.3229,22.0662,0.2567,12.9717,20.2543,20.2432,0.0111,33.2277,10.1337,-10.0441,29792.9792,0.0017,NA,NA
SandFall-Win64-Shipping.exe,19588,0x2EC4BC3AB90,DXGI,0,512,1,Hardware: Independent Flip,29815.3021,0.3274,0.1652,0.1622,10.9031,0.0955,0.0939,0.0016,21.0385,9.9092,12.1892,29815.3021,10.0399,NA,NA
SandFall-Win64-Shipping.exe,19588,0x2EC4BC3AB90,DXGI,0,512,1,Hardware: Independent Flip,29815.6295,16.8347,16.5804,0.2543,10.6712,19.9478,19.9361,0.0117,30.6203,10.1287,-9.5818,29815.6295,0.0013,NA,NA
SandFall-Win64-Shipping.exe,19588,0x2EC4BC3AB90,DXGI,0,512,1,Hardware: Independent Flip,29832.4642,0.3074,0.1539,0.1535,13.7843,0.1371,0.1371,0.0000,23.9143,10.1096,6.7060,29832.4642,9.9929,NA,NA
SandFall-Win64-Shipping.exe,19588,0x2EC4BC3AB90,DXGI,0,512,1,Hardware: Independent Flip,29832.7716,20.0730,19.8223,0.2507,13.6140,20.1014,20.0909,0.0105,33.7165,10.0424,-9.8022,29832.7716,0.0011,NA,NA
SandFall-Win64-Shipping.exe,19588,0x2EC4BC3AB90,DXGI,0,512,1,Hardware: Independent Flip,29852.8446,0.3552,0.1571,0.1981,13.6424,0.0975,0.0960,0.0015,23.6859,10.1016,10.0306,29852.8446,9.9460,NA,NA
SandFall-Win64-Shipping.exe,19588,0x2EC4BC3AB90,DXGI,0,512,1,Hardware: Independent Flip,29853.1998,20.1830,19.8468,0.3362,13.3847,20.0466,20.0391,0.0075,33.4323,10.0569,-9.7464,29853.1998,0.0010,NA,NA
SandFall-Win64-Shipping.exe,19588,0x2EC4BC3AB90,DXGI,0,512,1,Hardware: Independent Flip,29873.3828,0.3303,0.1621,0.1682,13.2483,0.1178,0.1162,0.0016,23.3062,9.8335,10.1261,29873.3828,9.9401,NA,NA
SandFall-Win64-Shipping.exe,19588,0x2EC4BC3AB90,DXGI,0,512,1,Hardware: Independent Flip,29873.7131,19.0627,18.7961,0.2666,13.0358,19.7727,19.7628,0.0099,32.8094,9.8995,-9.5032,29873.7131,0.0009,NA,NA
SandFall-Win64-Shipping.exe,19588,0x2EC4BC3AB90,DXGI,0,512,1,Hardware: Independent Flip,29892.7758,0.3073,0.1573,0.1500,13.7458,0.0986,0.0970,0.0016,23.6462,10.7708,9.1632,29892.7758,9.8018,NA,NA
SandFall-Win64-Shipping.exe,19588,0x2EC4BC3AB90,DXGI,0,512,1,Hardware: Independent Flip,29893.0831,20.1443,19.8948,0.2495,13.5371,20.5294,20.5207,0.0087,34.1097,10.1956,-10.4635,29893.0831,0.0432,NA,NA
SandFall-Win64-Shipping.exe,19588,0x2EC4BC3AB90,DXGI,0,512,1,Hardware: Independent Flip,29913.2274,0.3570,0.1735,0.1835,13.9222,0.1100,0.1083,0.0017,24.1610,9.2838,9.9487,29913.2274,10.1288,NA,NA
SandFall-Win64-Shipping.exe,19588,0x2EC4BC3AB90,DXGI,0,512,1,Hardware: Independent Flip,29913.5844,18.9176,18.6330,0.2846,13.6752,19.4121,19.4026,0.0095,33.0878,9.9057,-8.9268,29913.5844,0.0005,NA,NA
SandFall-Win64-Shipping.exe,19588,0x2EC4BC3AB90,DXGI,0,512,1,Hardware: Independent Flip,29932.5020,0.3714,0.2039,0.1675,14.1697,0.1128,0.1108,0.0020,24.0759,9.6000,9.0119,29932.5020,9.7934,NA,NA
SandFall-Win64-Shipping.exe,19588,0x2EC4BC3AB90,DXGI,0,512,1,Hardware: Independent Flip,29932.8734,20.0745,19.8065,0.2680,13.9111,19.2495,19.2390,0.0105,33.3045,9.4866,-9.2286,29932.8734,0.1439,NA,NA
SandFall-Win64-Shipping.exe,19588,0x2EC4BC3AB90,DXGI,0,512,1,Hardware: Independent Flip,29952.9479,0.3436,0.1827,0.1609,13.0861,0.1207,0.1191,0.0016,22.7166,10.9349,10.5879,29952.9479,9.5098,NA,NA
SandFall-Win64-Shipping.exe,19588,0x2EC4BC3AB90,DXGI,0,512,1,Hardware: Independent Flip,29953.2915,19.1401,18.8363,0.3038,12.8632,20.3117,20.3023,0.0094,33.3079,10.0519,-10.5913,29953.2915,0.1330,NA,NA
