Application,ProcessID,SwapChainAddress,PresentRuntime,SyncInterval,PresentFlags,AllowsTearing,PresentMode,CPUStartTime,FrameTime,CPUBusy,CPUWait,GPULatency,GPUTime,GPUBusy,GPUWait,DisplayLatency,DisplayedTime,AnimationError,AnimationTime,MsFlipDelay,AllInputToPhotonLatency,ClickToPhotonLatency
SandFall-Win64-Shipping.exe,31024,0x13F96A7D0D0,DXGI,0,512,1,Hardware: Independent Flip,73.4790,0.3098,0.1596,0.1502,34.4517,0.2142,0.2070,0.0072,50.8066,16.1995,NA,73.4790,16.1407,NA,NA
SandFall-Win64-Shipping.exe,31024,0x13F96A7D0D0,DXGI,0,512,1,Hardware: Independent Flip,73.7888,31.8344,31.5745,0.2599,34.3561,30.8393,30.8352,0.0041,66.6963,14.9867,-15.8897,73.7888,1.5009,53.5347,NA
SandFall-Win64-Shipping.exe,31024,0x13F96A7D0D0,DXGI,0,512,1,Hardware: Independent Flip,105.6232,0.3141,0.1662,0.1479,33.3610,0.1905,0.1851,0.0054,49.8486,16.3132,16.8477,105.6232,16.2971,NA,NA
SandFall-Win64-Shipping.exe,31024,0x13F96A7D0D0,DXGI,0,512,1,Hardware: Independent Flip,105.9373,30.3225,30.0710,0.2515,33.2374,31.1092,31.1030,0.0062,65.8477,15.7746,-15.9991,105.9373,1.5011,NA,NA
SandFall-Win64-Shipping.exe,31024,0x13F96A7D0D0,DXGI,0,512,1,Hardware: Independent Flip,136.2598,0.3090,0.1609,0.1481,34.0241,0.1467,0.1398,0.0069,51.2998,15.8584,14.5479,136.2598,17.1290,NA,NA
SandFall-Win64-Shipping.exe,31024,0x13F96A7D0D0,DXGI,0,512,1,Hardware: Independent Flip,136.5688,31.2823,30.9464,0.3359,33.8618,31.4867,31.4810,0.0057,66.8492,18.4210,-15.5494,136.5688,1.5007,NA,NA
SandFall-Win64-Shipping.exe,31024,0x13F96A7D0D0,DXGI,0,512,1,Hardware: Independent Flip,167.8511,0.4123,0.2145,0.1978,34.0662,0.2214,0.2194,0.0020,53.9879,12.9240,12.8613,167.8511,19.7003,NA,NA
SandFall-Win64-Shipping.exe,31024,0x13F96A7D0D0,DXGI,0,512,1,Hardware: Independent Flip,168.2634,30.9117,30.6626,0.2491,33.8753,31.1234,31.1187,0.0047,66.4996,16.4950,-12.5117,168.2634,1.5009,NA,NA
SandFall-Win64-Shipping.exe,31024,0x13F96A7D0D0,DXGI,0,512,1,Hardware: Independent Flip,199.1751,0.3156,0.1630,0.1526,34.0870,0.2211,0.2185,0.0026,52.0829,14.9231,14.4167,199.1751,17.7748,NA,NA
SandFall-Win64-Shipping.exe,31024,0x13F96A7D0D0,DXGI,0,512,1,Hardware: Independent Flip,199.4907,31.8043,31.5003,0.3040,33.9925,31.1969,31.1874,0.0095,66.6904,16.0479,-14.6075,199.4907,1.5010,NA,NA
SandFall-Win64-Shipping.exe,31024,0x13F96A7D0D0,DXGI,0,512,1,Hardware: Independent Flip,231.2950,0.4523,0.2303,0.2220,33.3851,0.1756,0.1696,0.0060,50.9340,15.3173,15.7564,231.2950,17.3733,NA,NA
SandFall-Win64-Shipping.exe,31024,0x13F96A7D0D0,DXGI,0,512,1,Hardware: Independent Flip,231.7473,35.2942,35.0447,0.2495,33.1084,31.1891,31.1830,0.0061,65.7990,15.6260,-14.8650,231.7473,1.5015,NA,NA
SandFall-Win64-Shipping.exe,31024,0x13F96A7D0D0,DXGI,0,512,1,Hardware: Independent Flip,267.0415,0.3161,0.1624,0.1537,29.0033,0.2069,0.2048,0.0021,46.1308,15.8802,19.6682,267.0415,16.9206,NA,NA
SandFall-Win64-Shipping.exe,31024,0x13F96A7D0D0,DXGI,0,512,1,Hardware: Independent Flip,267.3576,35.1115,34.8510,0.2605,28.8941,31.2998,31.2891,0.0107,61.6949,15.3538,-15.5641,267.3576,1.5010,NA,NA
SandFall-Win64-Shipping.exe,31024,0x13F96A7D0D0,DXGI,0,512,1,Hardware: Independent Flip,302.4691,0.3296,0.1732,0.1564,25.0824,0.2277,0.2257,0.0020,41.9372,15.6046,19.7577,302.4691,16.6271,NA,NA
SandFall-Win64-Shipping.exe,31024,0x13F96A7D0D0,DXGI,0,512,1,Hardware: Independent Flip,302.7987,29.4635,29.2160,0.2475,24.9805,30.7309,30.7235,0.0074,57.2122,15.1387,-15.2750,302.7987,1.5008,NA,NA
SandFall-Win64-Shipping.exe,31024,0x13F96A7D0D0,DXGI,0,512,1,Hardware: Independent Flip,332.2622,0.3025,0.1553,0.1472,26.2479,0.2037,0.2018,0.0019,42.8874,15.8321,14.3248,332.2622,16.4358,NA,NA
SandFall-Win64-Shipping.exe,31024,0x13F96A7D0D0,DXGI,0,512,1,Hardware: Independent Flip,332.5647,30.0168,29.7641,0.2527,26.1491,30.7670,30.7560,0.0110,58.4170,15.0618,-15.5296,332.5647,1.5009,NA,NA
SandFall-Win64-Shipping.exe,31024,0x13F96A7D0D0,DXGI,0,512,1,Hardware: Independent Flip,362.5815,0.3013,0.1540,0.1473,26.8993,0.1748,0.1686,0.0062,43.4620,16.1248,14.9550,362.5815,16.3879,NA,NA
SandFall-Win64-Shipping.exe,31024,0x13F96A7D0D0,DXGI,0,512,1,Hardware: Independent Flip,362.8828,32.9546,32.6972,0.2574,26.7728,31.0112,30.9942,0.0170,59.2855,14.9921,-15.8235,362.8828,1.5015,NA,NA
SandFall-Win64-Shipping.exe,31024,0x13F96A7D0D0,DXGI,0,512,1,Hardware: Independent Flip,395.8374,0.3346,0.1759,0.1587,24.8294,0.1991,0.1968,0.0023,41.3230,19.5854,17.9625,395.8374,16.2945,NA,NA
SandFall-Win64-Shipping.exe,31024,0x13F96A7D0D0,DXGI,0,512,1,Hardware: Independent Flip,396.1720,32.0920,31.8330,0.2590,24.6939,34.3791,34.3273,0.0518,60.5738,14.9409,-19.2508,396.1720,1.5008,NA,NA
SandFall-Win64-Shipping.exe,31024,0x13F96A7D0D0,DXGI,0,512,1,Hardware: Independent Flip,428.2640,0.3521,0.1987,0.1534,26.9810,0.2032,0.2016,0.0016,43.4227,21.1022,17.1511,428.2640,16.2385,NA,NA
SandFall-Win64-Shipping.exe,31024,0x13F96A7D0D0,DXGI,0,512,1,Hardware: Independent Flip,428.6161,34.1296,33.8151,0.3145,26.8321,35.8399,35.8312,0.0087,64.1728,14.8311,-20.7501,428.6161,1.5008,NA,NA
SandFall-Win64-Shipping.exe,31024,0x13F96A7D0D0,DXGI,0,512,1,Hardware: Independent Flip,462.7457,0.3799,0.2175,0.1624,28.5424,0.1857,0.1838,0.0019,44.8743,15.7429,19.2985,462.7457,16.1462,NA,NA
SandFall-Win64-Shipping.exe,31024,0x13F96A7D0D0,DXGI,0,512,1,Hardware: Independent Flip,463.1256,31.0112,30.7385,0.2727,28.3482,30.3880,30.3807,0.0073,60.2373,14.7159,-15.3630,463.1256,1.5011,NA,NA
SandFall-Win64-Shipping.exe,31024,0x13F96A7D0D0,DXGI,0,512,1,Hardware: Independent Flip,494.1368,0.3217,0.1620,0.1597,27.7250,0.2033,0.2013,0.0020,43.9420,16.5549,16.2953,494.1368,16.0137,NA,NA
SandFall-Win64-Shipping.exe,31024,0x13F96A7D0D0,DXGI,0,512,1,Hardware: Independent Flip,494.4585,30.5063,30.2413,0.2650,27.6066,31.0672,31.0569,0.0103,60.1752,14.6750,-16.2332,494.4585,1.5014,51.6996,NA
SandFall-Win64-Shipping.exe,31024,0x13F96A7D0D0,DXGI,0,512,1,Hardware: Independent Flip,524.9648,0.3196,0.1647,0.1549,28.1675,0.1676,0.1630,0.0046,44.3439,15.9367,15.8313,524.9648,16.0088,NA,NA
SandFall-Win64-Shipping.exe,31024,0x13F96A7D0D0,DXGI,0,512,1,Hardware: Independent Flip,525.2844,33.4228,33.1288,0.2940,28.0155,30.4449,30.4321,0.0128,59.9610,14.6293,-15.6171,525.2844,1.5006,51.3161,NA
SandFall-Win64-Shipping.exe,31024,0x13F96A7D0D0,DXGI,0,512,1,Hardware: Independent Flip,558.7072,0.3293,0.1667,0.1626,25.0376,0.2811,0.2175,0.0636,41.1675,18.4914,18.7935,558.7072,15.8488,NA,NA
SandFall-Win64-Shipping.exe,31024,0x13F96A7D0D0,DXGI,0,512,1,Hardware: Independent Flip,559.0365,35.6884,35.4309,0.2575,24.9894,32.8393,31.6926,1.1467,59.3296,14.8614,-18.1621,559.0365,1.5009,47.4370,NA
SandFall-Win64-Shipping.exe,31024,0x13F96A7D0D0,DXGI,0,512,1,Hardware: Independent Flip,594.7249,0.3121,0.1601,0.1520,22.1403,0.1771,0.1709,0.0062,38.5026,17.2838,20.8270,594.7249,16.1852,NA,NA
SandFall-Win64-Shipping.exe,31024,0x13F96A7D0D0,DXGI,0,512,1,Hardware: Independent Flip,595.0370,28.5575,28.3068,0.2507,22.0053,31.9679,31.9547,0.0132,55.4743,14.6214,-16.9717,595.0370,1.5011,46.5870,NA
SandFall-Win64-Shipping.exe,31024,0x13F96A7D0D0,DXGI,0,512,1,Hardware: Independent Flip,623.5945,0.3035,0.1539,0.1496,25.4157,0.2036,0.2013,0.0023,41.5382,16.4470,13.9361,623.5945,15.9189,NA,NA
SandFall-Win64-Shipping.exe,31024,0x13F96A7D0D0,DXGI,0,512,1,Hardware: Independent Flip,623.8980,31.9893,31.7387,0.2506,25.3158,31.1003,31.0885,0.0118,57.6817,14.9126,-16.1435,623.8980,1.2656,45.6228,NA
SandFall-Win64-Shipping.exe,31024,0x13F96A7D0D0,DXGI,0,512,1,Hardware: Independent Flip,655.8873,0.3043,0.1544,0.1499,24.4268,0.2025,0.2008,0.0017,40.6050,16.4877,17.0767,655.8873,15.9757,NA,NA
SandFall-Win64-Shipping.exe,31024,0x13F96A7D0D0,DXGI,0,512,1,Hardware: Independent Flip,656.1916,31.5324,31.2455,0.2869,24.3250,31.9559,31.9404,0.0155,56.7884,15.5721,-16.1834,656.1916,0.5075,45.0553,NA
SandFall-Win64-Shipping.exe,31024,0x13F96A7D0D0,DXGI,0,512,1,Hardware: Independent Flip,687.7240,0.4170,0.1625,0.2545,24.7485,0.2086,0.2066,0.0020,40.8281,15.8470,15.9603,687.7240,15.8710,NA,NA
SandFall-Win64-Shipping.exe,31024,0x13F96A7D0D0,DXGI,0,512,1,Hardware: Independent Flip,688.1410,31.4812,31.2364,0.2448,24.5401,31.6619,31.6463,0.0156,56.2581,16.0334,-15.4300,688.1410,0.0561,43.4725,NA
SandFall-Win64-Shipping.exe,31024,0x13F96A7D0D0,DXGI,0,512,1,Hardware: Independent Flip,719.6222,0.3089,0.1562,0.1527,24.7208,0.2297,0.2266,0.0031,40.8103,15.2714,15.4478,719.6222,15.8598,NA,NA
SandFall-Win64-Shipping.exe,31024,0x13F96A7D0D0,DXGI,0,512,1,Hardware: Independent Flip,719.9311,31.2378,30.9392,0.2986,24.6416,30.9773,30.9648,0.0125,55.7728,15.9355,-14.9625,719.9311,0.1539,44.7752,NA
SandFall-Win64-Shipping.exe,31024,0x13F96A7D0D0,DXGI,0,512,1,Hardware: Independent Flip,751.1689,0.3415,0.1583,0.1832,24.3811,0.2511,0.2447,0.0064,40.4705,16.7600,15.3023,751.1689,15.8383,NA,NA
SandFall-Win64-Shipping.exe,31024,0x13F96A7D0D0,DXGI,0,512,1,Hardware: Independent Flip,751.5104,33.4054,33.1041,0.3013,24.2907,32.0940,31.5272,0.5668,56.8890,15.5648,-16.4185,751.5104,0.5043,45.4701,NA
SandFall-Win64-Shipping.exe,31024,0x13F96A7D0D0,DXGI,0,512,1,Hardware: Independent Flip,784.9158,0.3460,0.1792,0.1668,22.9793,0.1528,0.1508,0.0020,39.0484,17.0712,17.8406,784.9158,15.9163,NA,NA
SandFall-Win64-Shipping.exe,31024,0x13F96A7D0D0,DXGI,0,512,1,Hardware: Independent Flip,785.2618,32.9005,32.6423,0.2582,22.7861,32.9864,32.3691,0.6173,55.7736,16.2093,-16.7252,785.2618,0.0011,60.1012,NA
SandFall-Win64-Shipping.exe,31024,0x13F96A7D0D0,DXGI,0,512,1,Hardware: Independent Flip,818.1623,0.3193,0.1618,0.1575,22.8720,0.1148,0.1107,0.0041,39.0824,14.4690,16.6912,818.1623,16.0956,NA,NA
SandFall-Win64-Shipping.exe,31024,0x13F96A7D0D0,DXGI,0,512,1,Hardware: Independent Flip,818.4816,31.0605,30.8175,0.2430,22.6675,30.5639,30.5528,0.0111,53.2321,16.6113,-14.1497,818.4816,0.0007,NA,NA
SandFall-Win64-Shipping.exe,31024,0x13F96A7D0D0,DXGI,0,512,1,Hardware: Independent Flip,849.5421,0.3155,0.1578,0.1577,22.1709,0.1973,0.1947,0.0026,38.7829,15.1175,14.4492,849.5421,16.4147,NA,NA
SandFall-Win64-Shipping.exe,31024,0x13F96A7D0D0,DXGI,0,512,1,Hardware: Independent Flip,849.8576,30.5173,30.2242,0.2931,22.0527,30.9788,30.9698,0.0090,53.5849,15.4536,-14.8020,849.8576,0.5534,NA,NA
SandFall-Win64-Shipping.exe,31024,0x13F96A7D0D0,DXGI,0,512,1,Hardware: Independent Flip,880.3749,0.3306,0.1768,0.1538,22.5142,0.1347,0.1347,0.0000,38.5212,18.6268,15.0637,880.3749,15.8723,NA,NA
SandFall-Win64-Shipping.exe,31024,0x13F96A7D0D0,DXGI,0,512,1,Hardware: Independent Flip,880.7055,31.7722,31.5280,0.2442,22.3183,33.7576,33.1413,0.6163,56.8174,15.2893,-18.2962,880.7055,0.7415,NA,NA
SandFall-Win64-Shipping.exe,31024,0x13F96A7D0D0,DXGI,0,512,1,Hardware: Independent Flip,912.4777,0.3027,0.1531,0.1496,24.3037,0.2132,0.2117,0.0015,40.3345,18.1492,16.4829,912.4777,15.8176,NA,NA
SandFall-Win64-Shipping.exe,31024,0x13F96A7D0D0,DXGI,0,512,1,Hardware: Independent Flip,912.7804,31.1603,30.8941,0.2662,24.2142,33.9656,33.9236,0.0420,58.1810,17.0162,-17.8465,912.7804,0.0012,57.0210,NA
SandFall-Win64-Shipping.exe,31024,0x13F96A7D0D0,DXGI,0,512,1,Hardware: Independent Flip,943.9407,0.3121,0.1605,0.1516,27.0195,0.2148,0.2120,0.0028,44.0369,14.1550,14.1441,943.9407,16.8026,NA,NA
SandFall-Win64-Shipping.exe,31024,0x13F96A7D0D0,DXGI,0,512,1,Hardware: Independent Flip,944.2528,33.0563,32.7817,0.2746,26.9222,30.9568,30.9473,0.0095,57.8798,17.4022,-13.8429,944.2528,0.0008,NA,NA
SandFall-Win64-Shipping.exe,31024,0x13F96A7D0D0,DXGI,0,512,1,Hardware: Independent Flip,977.3091,0.3077,0.1566,0.1511,24.8227,0.1869,0.1826,0.0043,42.2257,13.2538,15.6541,977.3091,17.2161,NA,NA
SandFall-Win64-Shipping.exe,31024,0x13F96A7D0D0,DXGI,0,512,1,Hardware: Independent Flip,977.6168,29.4771,29.2220,0.2551,24.7019,30.3616,30.3421,0.0195,55.1718,15.7897,-12.9461,977.6168,0.1083,NA,NA
SandFall-Win64-Shipping.exe,31024,0x13F96A7D0D0,DXGI,0,512,1,Hardware: Independent Flip,1007.0939,0.3325,0.1803,0.1522,25.5864,0.2931,0.2907,0.0024,41.4844,16.0759,13.6874,1007.0939,15.6049,NA,NA
SandFall-Win64-Shipping.exe,31024,0x13F96A7D0D0,DXGI,0,512,1,Hardware: Independent Flip,1007.4264,31.3612,31.1151,0.2461,25.5470,30.2968,30.2828,0.0140,57.2278,14.3436,-15.7434,1007.4264,1.3840,NA,NA
SandFall-Win64-Shipping.exe,31024,0x13F96A7D0D0,DXGI,0,512,1,Hardware: Independent Flip,1038.7876,0.3080,0.1586,0.1494,24.4826,0.1629,0.1575,0.0054,40.2102,15.4624,17.0176,1038.7876,15.5647,NA,NA
SandFall-Win64-Shipping.exe,31024,0x13F96A7D0D0,DXGI,0,512,1,Hardware: Independent Flip,1039.0956,30.9910,30.7061,0.2849,24.3375,30.5008,30.4793,0.0215,55.3646,15.0335,-15.1544,1039.0956,0.5263,46.5186,NA
SandFall-Win64-Shipping.exe,31024,0x13F96A7D0D0,DXGI,0,512,1,Hardware: Independent Flip,1070.0866,0.3384,0.1706,0.1678,23.8473,0.2130,0.2062,0.0068,39.4071,16.3654,15.9575,1070.0866,15.3468,NA,NA
SandFall-Win64-Shipping.exe,31024,0x13F96A7D0D0,DXGI,0,512,1,Hardware: Independent Flip,1070.4250,33.0793,32.8276,0.2517,23.7219,31.3966,30.6662,0.7304,55.4341,15.2894,-16.0270,1070.4250,0.3156,NA,NA
SandFall-Win64-Shipping.exe,31024,0x13F96A7D0D0,DXGI,0,512,1,Hardware: Independent Flip,1103.5043,0.3036,0.1532,0.1504,22.0392,0.1917,0.1901,0.0016,37.6442,14.4867,17.7899,1103.5043,15.4133,NA,NA
SandFall-Win64-Shipping.exe,31024,0x13F96A7D0D0,DXGI,0,512,1,Hardware: Independent Flip,1103.8079,29.8567,29.5977,0.2590,21.9273,29.8988,29.8906,0.0082,51.8273,15.8403,-14.1831,1103.8079,0.0012,NA,NA
SandFall-Win64-Shipping.exe,31024,0x13F96A7D0D0,DXGI,0,512,1,Hardware: Independent Flip,1133.6646,0.3183,0.1549,0.1634,21.9694,0.2030,0.2030,0.0000,37.8109,17.5684,14.0164,1133.6646,15.6385,NA,NA
SandFall-Win64-Shipping.exe,31024,0x13F96A7D0D0,DXGI,0,512,1,Hardware: Independent Flip,1133.9829,31.9670,31.6731,0.2939,21.8541,32.7675,32.0398,0.7277,55.0610,15.2078,-17.2501,1133.9829,0.4394,NA,NA
SandFall-Win64-Shipping.exe,31024,0x13F96A7D0D0,DXGI,0,512,1,Hardware: Independent Flip,1165.9499,0.3129,0.1548,0.1581,22.6546,0.2162,0.2145,0.0017,38.3018,15.8219,16.7592,1165.9499,15.4310,NA,NA
SandFall-Win64-Shipping.exe,31024,0x13F96A7D0D0,DXGI,0,512,1,Hardware: Independent Flip,1166.2628,30.3663,30.1020,0.2643,22.5579,31.2519,31.2349,0.0170,53.8108,16.3657,-15.5090,1166.2628,0.0010,NA,NA
SandFall-Win64-Shipping.exe,31024,0x13F96A7D0D0,DXGI,0,512,1,Hardware: Independent Flip,1196.6291,0.3082,0.1561,0.1521,23.4435,0.2122,0.2105,0.0017,39.8102,14.6286,14.0006,1196.6291,16.1545,NA,NA
SandFall-Win64-Shipping.exe,31024,0x13F96A7D0D0,DXGI,0,512,1,Hardware: Independent Flip,1196.9373,29.7051,29.4375,0.2676,23.3475,30.7820,30.7688,0.0132,54.1306,16.1327,-14.3204,1196.9373,0.0011,NA,NA
SandFall-Win64-Shipping.exe,31024,0x13F96A7D0D0,DXGI,0,512,1,Hardware: Independent Flip,1226.6424,0.3120,0.1625,0.1495,24.4244,0.2125,0.2101,0.0024,40.5582,15.2199,13.5724,1226.6424,15.9213,NA,NA
SandFall-Win64-Shipping.exe,31024,0x13F96A7D0D0,DXGI,0,512,1,Hardware: Independent Flip,1226.9544,30.5630,30.3005,0.2625,24.3249,30.8846,30.8771,0.0075,55.4661,15.2101,-14.9079,1226.9544,0.2566,NA,NA
SandFall-Win64-Shipping.exe,31024,0x13F96A7D0D0,DXGI,0,512,1,Hardware: Independent Flip,1257.5174,0.3118,0.1575,0.1543,24.6465,0.1693,0.1677,0.0016,40.1132,15.7094,15.3529,1257.5174,15.2974,NA,NA
SandFall-Win64-Shipping.exe,31024,0x13F96A7D0D0,DXGI,0,512,1,Hardware: Independent Flip,1257.8292,32.2036,31.9584,0.2452,24.5040,30.7408,30.7322,0.0086,55.5108,15.4893,-15.3976,1257.8292,0.2660,NA,NA
SandFall-Win64-Shipping.exe,31024,0x13F96A7D0D0,DXGI,0,512,1,Hardware: Independent Flip,1290.0328,0.3439,0.1754,0.1685,23.0412,0.2018,0.1628,0.0390,38.7965,16.7801,16.7143,1290.0328,15.5535,NA,NA
SandFall-Win64-Shipping.exe,31024,0x13F96A7D0D0,DXGI,0,512,1,Hardware: Independent Flip,1290.3767,33.7481,33.4196,0.3285,22.8991,32.1661,30.5507,1.6154,55.2327,15.5948,-16.4362,1290.3767,0.1675,NA,NA
SandFall-Win64-Shipping.exe,31024,0x13F96A7D0D0,DXGI,0,512,1,Hardware: Independent Flip,1324.1248,0.4005,0.1989,0.2016,21.3171,0.2124,0.2106,0.0018,37.0794,14.6381,18.1533,1324.1248,15.5499,NA,NA
SandFall-Win64-Shipping.exe,31024,0x13F96A7D0D0,DXGI,0,512,1,Hardware: Independent Flip,1324.5253,27.9010,27.6471,0.2539,21.1290,30.1872,30.1753,0.0119,51.3170,16.1754,-14.2376,1324.5253,0.0008,NA,NA
SandFall-Win64-Shipping.exe,31024,0x13F96A7D0D0,DXGI,0,512,1,Hardware: Independent Flip,1352.4263,0.3133,0.1546,0.1587,23.4152,0.1973,0.1957,0.0016,39.5914,14.8867,11.7256,1352.4263,15.9789,NA,NA
SandFall-Win64-Shipping.exe,31024,0x13F96A7D0D0,DXGI,0,512,1,Hardware: Independent Flip,1352.7396,32.1723,31.5440,0.6283,23.2992,30.5369,30.5272,0.0097,54.1648,15.4587,-14.5734,1352.7396,0.3287,NA,NA
SandFall-Win64-Shipping.exe,31024,0x13F96A7D0D0,DXGI,0,512,1,Hardware: Independent Flip,1384.9119,0.5228,0.2428,0.2800,21.6638,0.2236,0.2218,0.0018,37.4512,18.7455,16.7136,1384.9119,15.5638,NA,NA
SandFall-Win64-Shipping.exe,31024,0x13F96A7D0D0,DXGI,0,512,1,Hardware: Independent Flip,1385.4347,30.3276,29.7085,0.6191,21.3646,33.6881,33.6791,0.0090,55.6739,15.1362,-18.2227,1385.4347,0.6212,NA,NA
SandFall-Win64-Shipping.exe,31024,0x13F96A7D0D0,DXGI,0,512,1,Hardware: Independent Flip,1415.7623,0.3429,0.1796,0.1633,24.7251,0.1908,0.1891,0.0017,40.4825,18.7996,15.1914,1415.7623,15.5666,NA,NA
SandFall-Win64-Shipping.exe,31024,0x13F96A7D0D0,DXGI,0,512,1,Hardware: Independent Flip,1416.1052,31.7619,31.4677,0.2942,24.5730,34.3649,34.3522,0.0127,58.9392,16.8438,-18.4567,1416.1052,0.0013,NA,NA
SandFall-Win64-Shipping.exe,31024,0x13F96A7D0D0,DXGI,0,512,1,Hardware: Independent Flip,1447.8671,0.3419,0.1727,0.1692,27.1760,0.2901,0.2854,0.0047,44.0211,25.3555,14.9181,1447.8671,16.5550,NA,NA
SandFall-Win64-Shipping.exe,31024,0x13F96A7D0D0,DXGI,0,512,1,Hardware: Independent Flip,1448.2090,30.0177,29.7495,0.2682,27.1242,41.9099,41.9028,0.0071,69.0347,15.5211,-25.0136,1448.2090,0.0006,NA,NA
SandFall-Win64-Shipping.exe,31024,0x13F96A7D0D0,DXGI,0,512,1,Hardware: Independent Flip,1478.2267,0.3264,0.1641,0.1623,39.0164,0.2200,0.2178,0.0022,54.5381,16.6057,14.4966,1478.2267,15.3017,NA,NA
SandFall-Win64-Shipping.exe,31024,0x13F96A7D0D0,DXGI,0,512,1,Hardware: Independent Flip,1478.5531,35.8994,35.6523,0.2471,38.9100,30.4066,30.4017,0.0049,70.8174,14.0519,-16.2793,1478.5531,1.5008,NA,NA
SandFall-Win64-Shipping.exe,31024,0x13F96A7D0D0,DXGI,0,512,1,Hardware: Independent Flip,1514.4525,0.3177,0.1673,0.1504,33.4172,0.2119,0.2100,0.0019,48.9699,16.4743,21.8475,1514.4525,15.3408,NA,NA
SandFall-Win64-Shipping.exe,31024,0x13F96A7D0D0,DXGI,0,512,1,Hardware: Independent Flip,1514.7702,30.3829,30.1327,0.2502,33.3114,30.3145,30.3030,0.0115,65.1265,14.0986,-16.1566,1514.7702,1.5006,NA,NA
SandFall-Win64-Shipping.exe,31024,0x13F96A7D0D0,DXGI,0,512,1,Hardware: Independent Flip,1545.1531,0.3550,0.1623,0.1927,33.2430,0.2271,0.2244,0.0027,48.8422,16.4474,16.2843,1545.1531,15.3721,NA,NA
SandFall-Win64-Shipping.exe,31024,0x13F96A7D0D0,DXGI,0,512,1,Hardware: Independent Flip,1545.5081,30.1802,29.9200,0.2602,33.1151,30.3187,30.3114,0.0073,64.9346,14.0774,-16.0924,1545.5081,1.5008,NA,NA
SandFall-Win64-Shipping.exe,31024,0x13F96A7D0D0,DXGI,0,512,1,Hardware: Independent Flip,1575.6883,0.3115,0.1637,0.1478,33.2536,0.1799,0.1736,0.0063,48.8318,16.3520,16.1028,1575.6883,15.3983,NA,NA
SandFall-Win64-Shipping.exe,31024,0x13F96A7D0D0,DXGI,0,512,1,Hardware: Independent Flip,1575.9998,30.8539,30.6095,0.2444,33.1220,30.2495,30.2390,0.0105,64.8723,14.0222,-16.0405,1575.9998,1.5008,NA,NA
SandFall-Win64-Shipping.exe,31024,0x13F96A7D0D0,DXGI,0,512,1,Hardware: Independent Flip,1606.8537,0.3122,0.1568,0.1554,32.5176,0.1655,0.1595,0.0060,48.0406,17.7039,16.8317,1606.8537,15.3575,NA,NA
SandFall-Win64-Shipping.exe,31024,0x13F96A7D0D0,DXGI,0,512,1,Hardware: Independent Flip,1607.1659,34.2603,34.0048,0.2555,32.3709,31.5605,31.5515,0.0090,65.4323,15.9517,-17.3917,1607.1659,1.5009,NA,NA
SandFall-Win64-Shipping.exe,31024,0x13F96A7D0D0,DXGI,0,512,1,Hardware: Independent Flip,1641.4262,0.3259,0.1621,0.1638,29.6711,0.1941,0.1923,0.0018,47.1237,14.4479,18.3086,1641.4262,17.2585,NA,NA
SandFall-Win64-Shipping.exe,31024,0x13F96A7D0D0,DXGI,0,512,1,Hardware: Independent Flip,1641.7521,33.6187,33.3700,0.2487,29.5393,30.5110,30.5004,0.0106,61.2457,15.7277,-14.1220,1641.7521,1.1954,NA,NA
SandFall-Win64-Shipping.exe,31024,0x13F96A7D0D0,DXGI,0,512,1,Hardware: Independent Flip,1675.3708,0.3159,0.1640,0.1519,26.4316,0.1730,0.1672,0.0058,43.3547,14.8471,17.8910,1675.3708,16.7501,NA,NA
SandFall-Win64-Shipping.exe,31024,0x13F96A7D0D0,DXGI,0,512,1,Hardware: Independent Flip,1675.6867,32.5676,32.2226,0.3450,26.2887,30.0964,30.0866,0.0098,57.8859,14.8702,-14.5312,1675.6867,1.5008,NA,NA
SandFall-Win64-Shipping.exe,31024,0x13F96A7D0D0,DXGI,0,512,1,Hardware: Independent Flip,1708.2543,0.3869,0.1986,0.1883,23.8175,0.2171,0.2153,0.0018,40.1885,15.4265,17.6974,1708.2543,16.1539,NA,NA
SandFall-Win64-Shipping.exe,31024,0x13F96A7D0D0,DXGI,0,512,1,Hardware: Independent Flip,1708.6412,26.7860,26.5438,0.2422,23.6477,30.0789,30.0662,0.0127,55.2281,14.6969,-15.0396,1708.6412,1.5015,NA,NA
SandFall-Win64-Shipping.exe,31024,0x13F96A7D0D0,DXGI,0,512,1,Hardware: Independent Flip,1735.4272,0.3102,0.1557,0.1545,26.9406,0.2247,0.2230,0.0017,43.1390,15.2551,12.0891,1735.4272,15.9737,NA,NA
SandFall-Win64-Shipping.exe,31024,0x13F96A7D0D0,DXGI,0,512,1,Hardware: Independent Flip,1735.7374,31.9920,31.7392,0.2528,26.8551,29.7276,29.7151,0.0125,58.0839,14.7620,-14.9449,1735.7374,1.5012,45.8985,NA
SandFall-Win64-Shipping.exe,31024,0x13F96A7D0D0,DXGI,0,512,1,Hardware: Independent Flip,1767.7294,0.3806,0.1744,0.2062,24.5907,0.1823,0.1760,0.0063,40.8539,15.6990,17.2300,1767.7294,16.0809,NA,NA
SandFall-Win64-Shipping.exe,31024,0x13F96A7D0D0,DXGI,0,512,1,Hardware: Independent Flip,1768.1100,33.3850,33.0884,0.2966,24.3924,30.2787,29.9370,0.3417,56.1723,14.6385,-15.3184,1768.1100,1.5012,41.3614,NA
SandFall-Win64-Shipping.exe,31024,0x13F96A7D0D0,DXGI,0,512,1,Hardware: Independent Flip,1801.4950,0.3280,0.1752,0.1528,21.2861,0.1681,0.1638,0.0043,37.4258,17.8158,18.7465,1801.4950,15.9716,NA,NA
SandFall-Win64-Shipping.exe,31024,0x13F96A7D0D0,DXGI,0,512,1,Hardware: Independent Flip,1801.8230,31.7824,31.5280,0.2544,21.1262,32.3771,30.7331,1.6440,54.9136,14.5427,-17.4878,1801.8230,1.4103,41.8107,NA
SandFall-Win64-Shipping.exe,31024,0x13F96A7D0D0,DXGI,0,512,1,Hardware: Independent Flip,1833.6054,0.3208,0.1589,0.1619,21.7209,0.1471,0.1415,0.0056,37.6739,18.1895,17.2397,1833.6054,15.8059,NA,NA
SandFall-Win64-Shipping.exe,31024,0x13F96A7D0D0,DXGI,0,512,1,Hardware: Independent Flip,1833.9262,33.5087,33.2707,0.2380,21.5472,33.9947,31.0811,2.9136,55.5426,15.9997,-17.8687,1833.9262,0.0007,42.5076,NA
SandFall-Win64-Shipping.exe,31024,0x13F96A7D0D0,DXGI,0,512,1,Hardware: Independent Flip,1867.4349,0.3239,0.1593,0.1646,22.0332,0.2058,0.2058,0.0000,38.0336,16.8367,17.5090,1867.4349,15.7946,NA,NA
SandFall-Win64-Shipping.exe,31024,0x13F96A7D0D0,DXGI,0,512,1,Hardware: Independent Flip,1867.7588,30.2747,30.0168,0.2579,21.9151,32.6304,32.6211,0.0093,54.5464,17.2047,-16.5128,1867.7588,0.0009,44.3785,NA
SandFall-Win64-Shipping.exe,31024,0x13F96A7D0D0,DXGI,0,512,1,Hardware: Independent Flip,1898.0335,0.3102,0.1565,0.1537,24.2708,0.2155,0.2155,0.0000,41.4764,17.8134,13.0700,1898.0335,16.9901,NA,NA
SandFall-Win64-Shipping.exe,31024,0x13F96A7D0D0,DXGI,0,512,1,Hardware: Independent Flip,1898.3437,30.9829,30.6983,0.2846,24.1761,34.8024,34.7956,0.0068,58.9796,17.0927,-17.5032,1898.3437,0.0011,49.3965,NA
SandFall-Win64-Shipping.exe,31024,0x13F96A7D0D0,DXGI,0,512,1,Hardware: Independent Flip,1929.3266,0.3190,0.1621,0.1569,27.9956,0.2088,0.2068,0.0020,45.0894,17.5782,13.8902,1929.3266,16.8850,NA,NA
SandFall-Win64-Shipping.exe,31024,0x13F96A7D0D0,DXGI,0,512,1,Hardware: Independent Flip,1929.6456,29.5980,29.3226,0.2754,27.8854,34.4624,34.4530,0.0094,62.3486,17.0497,-17.2592,1929.6456,0.0008,55.0679,NA
SandFall-Win64-Shipping.exe,31024,0x13F96A7D0D0,DXGI,0,512,1,Hardware: Independent Flip,1959.2436,0.3277,0.1611,0.1666,32.7498,0.1894,0.1866,0.0028,49.8003,17.6646,12.5483,1959.2436,16.8611,NA,NA
SandFall-Win64-Shipping.exe,31024,0x13F96A7D0D0,DXGI,0,512,1,Hardware: Independent Flip,1959.5713,32.7056,32.2291,0.4765,32.6115,34.5249,34.5170,0.0079,67.1372,17.0451,-17.3369,1959.5713,0.0008,58.7790,NA
SandFall-Win64-Shipping.exe,31024,0x13F96A7D0D0,DXGI,0,512,1,Hardware: Independent Flip,1992.2769,0.3218,0.1663,0.1555,34.4308,0.2259,0.2224,0.0035,51.4767,14.5432,15.6605,1992.2769,16.8200,NA,NA
SandFall-Win64-Shipping.exe,31024,0x13F96A7D0D0,DXGI,0,512,1,Hardware: Independent Flip,1992.5987,31.3862,31.0969,0.2893,34.3349,31.3627,31.3560,0.0067,65.6981,17.2670,-14.2214,1992.5987,0.0005,55.3274,NA
SandFall-Win64-Shipping.exe,31024,0x13F96A7D0D0,DXGI,0,512,1,Hardware: Independent Flip,2023.9849,0.3194,0.1693,0.1501,34.3114,0.2617,0.2594,0.0023,51.5789,14.2810,14.1192,2023.9849,17.0058,NA,NA
SandFall-Win64-Shipping.exe,31024,0x13F96A7D0D0,DXGI,0,512,1,Hardware: Independent Flip,2024.3043,34.7434,34.4914,0.2520,34.2537,31.2864,31.2767,0.0097,65.5405,17.3338,-13.9616,2024.3043,0.0004,55.9195,NA
SandFall-Win64-Shipping.exe,31024,0x13F96A7D0D0,DXGI,0,512,1,Hardware: Independent Flip,2059.0477,0.3285,0.1654,0.1631,30.7967,0.2184,0.2157,0.0027,48.1309,14.6946,17.4096,2059.0477,17.1158,NA,NA
SandFall-Win64-Shipping.exe,31024,0x13F96A7D0D0,DXGI,0,512,1,Hardware: Independent Flip,2059.3762,30.9734,30.7229,0.2505,30.6866,31.8100,31.8017,0.0083,62.4970,16.4593,-14.3661,2059.3762,0.0004,55.9427,NA
SandFall-Win64-Shipping.exe,31024,0x13F96A7D0D0,DXGI,0,512,1,Hardware: Independent Flip,2090.3496,0.3887,0.2279,0.1608,31.5232,0.2641,0.2603,0.0038,47.9829,17.3669,14.5141,2090.3496,16.1956,NA,NA
SandFall-Win64-Shipping.exe,31024,0x13F96A7D0D0,DXGI,0,512,1,Hardware: Independent Flip,2090.7383,33.3847,33.0876,0.2971,31.3986,32.8746,32.8660,0.0086,64.9611,15.6202,-16.9782,2090.7383,0.6879,56.7700,NA
SandFall-Win64-Shipping.exe,31024,0x13F96A7D0D0,DXGI,0,512,1,Hardware: Independent Flip,2124.1230,0.3061,0.1582,0.1479,30.8885,0.2146,0.2127,0.0019,47.1966,17.3584,17.7645,2124.1230,16.0935,NA,NA
SandFall-Win64-Shipping.exe,31024,0x13F96A7D0D0,DXGI,0,512,1,Hardware: Independent Flip,2124.4291,32.3365,32.0605,0.2760,30.7970,33.2234,33.2160,0.0074,64.2489,16.2225,-17.0523,2124.4291,0.2285,56.7435,NA
SandFall-Win64-Shipping.exe,31024,0x13F96A7D0D0,DXGI,0,512,1,Hardware: Independent Flip,2156.7656,0.3277,0.1695,0.1582,31.6839,0.2278,0.2259,0.0019,48.1349,15.8790,16.1140,2156.7656,16.2232,NA,NA
SandFall-Win64-Shipping.exe,31024,0x13F96A7D0D0,DXGI,0,512,1,Hardware: Independent Flip,2157.0933,33.5008,33.1863,0.3145,31.5840,32.1012,32.0935,0.0077,63.6862,17.0300,-15.5513,2157.0933,0.0010,60.8468,NA
SandFall-Win64-Shipping.exe,31024,0x13F96A7D0D0,DXGI,0,512,1,Hardware: Independent Flip,2190.5941,0.3658,0.1837,0.1821,30.1844,0.2526,0.2490,0.0036,47.2154,14.3212,16.4708,2190.5941,16.7784,NA,NA
SandFall-Win64-Shipping.exe,31024,0x13F96A7D0D0,DXGI,0,512,1,Hardware: Independent Flip,2190.9599,29.9466,29.6527,0.2939,30.0712,31.0989,31.0887,0.0102,61.1708,16.9229,-13.9554,2190.9599,0.0007,84.1855,NA
SandFall-Win64-Shipping.exe,31024,0x13F96A7D0D0,DXGI,0,512,1,Hardware: Independent Flip,2220.9065,0.4180,0.2656,0.1524,31.2235,0.2110,0.2083,0.0027,48.1471,14.2114,13.0237,2220.9065,16.7126,NA,NA
SandFall-Win64-Shipping.exe,31024,0x13F96A7D0D0,DXGI,0,512,1,Hardware: Independent Flip,2221.3245,32.5795,32.2909,0.2886,31.0165,30.0750,30.0663,0.0087,61.9405,15.8224,-13.7934,2221.3245,0.8490,54.3329,NA
SandFall-Win64-Shipping.exe,31024,0x13F96A7D0D0,DXGI,0,512,1,Hardware: Independent Flip,2253.9040,0.3161,0.1618,0.1543,28.5120,0.2034,0.2009,0.0025,45.1834,16.9074,16.7571,2253.9040,16.4680,NA,NA
SandFall-Win64-Shipping.exe,31024,0x13F96A7D0D0,DXGI,0,512,1,Hardware: Independent Flip,2254.2201,36.3318,36.0487,0.2831,28.3993,31.8749,31.8675,0.0074,61.7747,15.3678,-16.5913,2254.2201,1.5005,57.0512,NA
SandFall-Win64-Shipping.exe,31024,0x13F96A7D0D0,DXGI,0,512,1,Hardware: Independent Flip,2290.5519,0.3434,0.1791,0.1643,23.9424,0.1913,0.1890,0.0023,40.8107,14.6960,20.9640,2290.5519,16.6770,NA,NA
SandFall-Win64-Shipping.exe,31024,0x13F96A7D0D0,DXGI,0,512,1,Hardware: Independent Flip,2290.8953,30.2079,29.9405,0.2674,23.7903,29.8719,29.8595,0.0124,55.1633,15.3148,-14.3526,2290.8953,1.5011,54.1253,NA
SandFall-Win64-Shipping.exe,31024,0x13F96A7D0D0,DXGI,0,512,1,Hardware: Independent Flip,2321.1032,0.3363,0.1652,0.1711,23.4543,0.2008,0.1987,0.0021,40.2702,14.7552,14.8931,2321.1032,16.6151,NA,NA
SandFall-Win64-Shipping.exe,31024,0x13F96A7D0D0,DXGI,0,512,1,Hardware: Independent Flip,2321.4395,28.4059,28.1498,0.2561,23.3188,29.8695,29.8514,0.0181,54.6891,15.1003,-14.4189,2321.4395,1.5008,54.1922,NA
SandFall-Win64-Shipping.exe,31024,0x13F96A7D0D0,DXGI,0,512,1,Hardware: Independent Flip,2349.8454,0.3214,0.1531,0.1683,24.7824,0.2013,0.1996,0.0017,41.3835,15.4936,13.3056,2349.8454,16.3998,NA,NA
SandFall-Win64-Shipping.exe,31024,0x13F96A7D0D0,DXGI,0,512,1,Hardware: Independent Flip,2350.1668,31.7289,31.4754,0.2535,24.6623,30.3928,30.3778,0.0150,56.5557,14.8379,-15.1722,2350.1668,1.5006,45.7886,NA
SandFall-Win64-Shipping.exe,31024,0x13F96A7D0D0,DXGI,0,512,1,Hardware: Independent Flip,2381.8957,0.3003,0.1512,0.1491,23.3262,0.1693,0.1638,0.0055,39.6647,18.0494,16.8910,2381.8957,16.1692,NA,NA
SandFall-Win64-Shipping.exe,31024,0x13F96A7D0D0,DXGI,0,512,1,Hardware: Independent Flip,2382.1960,33.2300,32.9713,0.2587,23.1952,32.7172,31.3386,1.3786,57.4138,14.9225,-17.7491,2382.1960,1.5014,42.6827,NA
SandFall-Win64-Shipping.exe,31024,0x13F96A7D0D0,DXGI,0,512,1,Hardware: Independent Flip,2415.4260,0.3142,0.1636,0.1506,22.6824,0.1788,0.1737,0.0051,39.1063,19.8116,18.3075,2415.4260,16.2451,NA,NA
SandFall-Win64-Shipping.exe,31024,0x13F96A7D0D0,DXGI,0,512,1,Hardware: Independent Flip,2415.7402,32.8354,32.5910,0.2444,22.5470,35.5467,34.9196,0.6271,58.6037,15.6398,-19.4974,2415.7402,0.5100,47.4176,NA
SandFall-Win64-Shipping.exe,31024,0x13F96A7D0D0,DXGI,0,512,1,Hardware: Independent Flip,2448.5756,0.3017,0.1522,0.1495,25.2583,0.2058,0.2042,0.0016,41.4081,15.0113,17.1956,2448.5756,15.9440,NA,NA
SandFall-Win64-Shipping.exe,31024,0x13F96A7D0D0,DXGI,0,512,1,Hardware: Independent Flip,2448.8773,30.3293,30.0483,0.2810,25.1624,30.9545,30.9423,0.0122,56.1177,17.4534,-14.7096,2448.8773,0.0008,48.0687,NA
SandFall-Win64-Shipping.exe,31024,0x13F96A7D0D0,DXGI,0,512,1,Hardware: Independent Flip,2479.2066,0.3039,0.1532,0.1507,25.7876,0.2625,0.2596,0.0029,43.2418,14.0328,12.8759,2479.2066,17.1917,NA,NA
SandFall-Win64-Shipping.exe,31024,0x13F96A7D0D0,DXGI,0,512,1,Hardware: Independent Flip,2479.5105,32.1298,31.8441,0.2857,25.7462,31.2236,31.2059,0.0177,56.9707,17.4041,-13.7289,2479.5105,0.0009,44.5465,NA
SandFall-Win64-Shipping.exe,31024,0x13F96A7D0D0,DXGI,0,512,1,Hardware: Independent Flip,2511.6403,0.3480,0.1610,0.1870,24.8400,0.2139,0.2111,0.0028,42.2450,13.1080,14.7257,2511.6403,17.1911,NA,NA
SandFall-Win64-Shipping.exe,31024,0x13F96A7D0D0,DXGI,0,512,1,Hardware: Independent Flip,2511.9883,31.7376,31.4780,0.2596,24.7059,30.2188,30.2072,0.0116,55.0050,15.6802,-12.7600,2511.9883,0.0803,44.0621,NA
SandFall-Win64-Shipping.exe,31024,0x13F96A7D0D0,DXGI,0,512,1,Hardware: Independent Flip,2543.7259,0.3124,0.1559,0.1565,23.1871,0.3156,0.3116,0.0040,38.9476,16.4448,16.0574,2543.7259,15.4449,NA,NA
SandFall-Win64-Shipping.exe,31024,0x13F96A7D0D0,DXGI,0,512,1,Hardware: Independent Flip,2544.0383,30.2012,29.8665,0.3347,23.1903,30.3886,30.3791,0.0095,55.0800,14.1014,-16.1324,2544.0383,1.5011,43.1914,NA
SandFall-Win64-Shipping.exe,31024,0x13F96A7D0D0,DXGI,0,512,1,Hardware: Independent Flip,2574.2395,0.3082,0.1577,0.1505,23.3777,0.1736,0.1720,0.0016,38.9802,16.3666,16.0998,2574.2395,15.4289,NA,NA
SandFall-Win64-Shipping.exe,31024,0x13F96A7D0D0,DXGI,0,512,1,Hardware: Independent Flip,2574.5477,31.5699,31.2788,0.2911,23.2431,30.2944,30.2848,0.0096,55.0386,13.9118,-16.0584,2574.5477,1.5011,42.6556,NA
SandFall-Win64-Shipping.exe,31024,0x13F96A7D0D0,DXGI,0,512,1,Hardware: Independent Flip,2606.1176,0.3149,0.1643,0.1506,21.9676,0.1663,0.1623,0.0040,37.3805,17.7474,17.6581,2606.1176,15.2466,NA,NA
SandFall-Win64-Shipping.exe,31024,0x13F96A7D0D0,DXGI,0,512,1,Hardware: Independent Flip,2606.4325,32.0110,31.7418,0.2692,21.8190,32.2622,32.2441,0.0181,54.8130,14.8223,-17.4325,2606.4325,0.7318,43.3185,NA
SandFall-Win64-Shipping.exe,31024,0x13F96A7D0D0,DXGI,0,512,1,Hardware: Independent Flip,2638.4435,0.3042,0.1531,0.1511,22.0702,0.2381,0.2347,0.0034,37.6243,15.3628,17.1887,2638.4435,15.3160,NA,NA
SandFall-Win64-Shipping.exe,31024,0x13F96A7D0D0,DXGI,0,512,1,Hardware: Independent Flip,2638.7477,28.7638,28.5010,0.2628,22.0041,30.6779,30.6659,0.0120,52.6829,16.6858,-15.0586,2638.7477,0.0009,42.5022,NA
SandFall-Win64-Shipping.exe,31024,0x13F96A7D0D0,DXGI,0,512,1,Hardware: Independent Flip,2667.5115,0.3162,0.1554,0.1608,23.9182,0.2995,0.2961,0.0034,40.6049,14.8734,12.0780,2667.5115,16.3872,NA,NA
SandFall-Win64-Shipping.exe,31024,0x13F96A7D0D0,DXGI,0,512,1,Hardware: Independent Flip,2667.8277,32.2146,31.9479,0.2667,23.9015,31.2596,31.2462,0.0134,55.1621,16.9890,-14.5572,2667.8277,0.0010,43.0332,NA
SandFall-Win64-Shipping.exe,31024,0x13F96A7D0D0,DXGI,0,512,1,Hardware: Independent Flip,2700.0423,0.3228,0.1549,0.1679,22.9465,0.2032,0.2010,0.0022,39.9365,14.8136,15.2256,2700.0423,16.7868,NA,NA
SandFall-Win64-Shipping.exe,31024,0x13F96A7D0D0,DXGI,0,512,1,Hardware: Independent Flip,2700.3651,29.9545,29.5115,0.4430,22.8269,31.5994,31.5874,0.0120,54.4273,16.0750,-14.4908,2700.3651,0.0010,43.8634,NA
SandFall-Win64-Shipping.exe,31024,0x13F96A7D0D0,DXGI,0,512,1,Hardware: Independent Flip,2730.3196,0.3468,0.1831,0.1637,24.4718,0.1689,0.1622,0.0067,40.5478,16.3692,13.8795,2730.3196,15.9071,NA,NA
SandFall-Win64-Shipping.exe,31024,0x13F96A7D0D0,DXGI,0,512,1,Hardware: Independent Flip,2730.6664,31.6020,31.3553,0.2467,24.2939,31.7662,31.7550,0.0112,56.5702,15.2680,-16.0224,2730.6664,0.5101,44.3122,NA
SandFall-Win64-Shipping.exe,31024,0x13F96A7D0D0,DXGI,0,512,1,Hardware: Independent Flip,2762.2684,0.3204,0.1561,0.1643,24.4581,0.2080,0.2046,0.0034,40.2362,15.8568,16.3340,2762.2684,15.5701,NA,NA
SandFall-Win64-Shipping.exe,31024,0x13F96A7D0D0,DXGI,0,512,1,Hardware: Independent Flip,2762.5888,30.2537,29.9920,0.2617,24.3457,31.0686,31.0508,0.0178,55.7726,15.2802,-15.5364,2762.5888,0.3583,58.4216,NA
SandFall-Win64-Shipping.exe,31024,0x13F96A7D0D0,DXGI,0,512,1,Hardware: Independent Flip,2792.8425,0.3649,0.1861,0.1788,25.1606,0.1935,0.1919,0.0016,40.7991,13.9965,14.9735,2792.8425,15.4450,NA,NA
SandFall-Win64-Shipping.exe,31024,0x13F96A7D0D0,DXGI,0,512,1,Hardware: Independent Flip,2793.2074,30.5459,30.2991,0.2468,24.9892,29.3703,29.3572,0.0131,54.4307,15.6636,-13.6316,2793.2074,0.0712,NA,NA
SandFall-Win64-Shipping.exe,31024,0x13F96A7D0D0,DXGI,0,512,1,Hardware: Independent Flip,2823.7533,0.3428,0.1880,0.1548,23.8136,0.2417,0.2387,0.0030,39.5484,14.2662,14.8823,2823.7533,15.4931,NA,NA
SandFall-Win64-Shipping.exe,31024,0x13F96A7D0D0,DXGI,0,512,1,Hardware: Independent Flip,2824.0961,30.5552,30.2980,0.2572,23.7125,29.0423,29.0317,0.0106,53.4718,15.0590,-13.9234,2824.0961,0.7170,NA,NA
SandFall-Win64-Shipping.exe,31024,0x13F96A7D0D0,DXGI,0,512,1,Hardware: Independent Flip,2854.6513,0.3166,0.1636,0.1530,22.1996,0.1566,0.1516,0.0050,37.9756,17.9918,15.4962,2854.6513,15.6194,NA,NA
SandFall-Win64-Shipping.exe,31024,0x13F96A7D0D0,DXGI,0,512,1,Hardware: Independent Flip,2854.9679,32.8036,32.5597,0.2439,22.0396,32.1843,30.6548,1.5295,55.6508,14.4596,-17.6752,2854.9679,1.4269,NA,NA
SandFall-Win64-Shipping.exe,31024,0x13F96A7D0D0,DXGI,0,512,1,Hardware: Independent Flip,2887.7715,0.3280,0.1766,0.1514,21.4203,0.1637,0.1621,0.0016,37.3068,13.9783,18.3440,2887.7715,15.7228,NA,NA
SandFall-Win64-Shipping.exe,31024,0x13F96A7D0D0,DXGI,0,512,1,Hardware: Independent Flip,2888.0995,30.6832,30.3942,0.2890,21.2560,29.6997,28.8446,0.8551,50.9571,15.8889,-13.6503,2888.0995,0.0014,NA,NA
SandFall-Win64-Shipping.exe,31024,0x13F96A7D0D0,DXGI,0,512,1,Hardware: Independent Flip,2918.7827,0.3159,0.1524,0.1635,20.2725,0.1910,0.1856,0.0054,36.1628,19.8603,14.7943,2918.7827,15.6993,NA,NA
SandFall-Win64-Shipping.exe,31024,0x13F96A7D0D0,DXGI,0,512,1,Hardware: Independent Flip,2919.0986,32.9535,32.7082,0.2453,20.1476,35.3477,33.2431,2.1046,55.7072,15.4008,-19.5444,2919.0986,0.2119,NA,NA
SandFall-Win64-Shipping.exe,31024,0x13F96A7D0D0,DXGI,0,512,1,Hardware: Independent Flip,2952.0521,0.3259,0.1531,0.1728,22.5418,0.2228,0.2213,0.0015,38.1545,17.1455,17.5527,2952.0521,15.3899,NA,NA
SandFall-Win64-Shipping.exe,31024,0x13F96A7D0D0,DXGI,0,512,1,Hardware: Independent Flip,2952.3780,28.0623,27.7924,0.2699,22.4387,32.5345,32.5203,0.0142,54.9741,16.8578,-16.8196,2952.3780,0.0009,NA,NA
SandFall-Win64-Shipping.exe,31024,0x13F96A7D0D0,DXGI,0,512,1,Hardware: Independent Flip,2980.4403,0.3346,0.1656,0.1690,26.9109,0.2148,0.2123,0.0025,43.7696,12.3369,11.2045,2980.4403,16.6439,NA,NA
SandFall-Win64-Shipping.exe,31024,0x13F96A7D0D0,DXGI,0,512,1,Hardware: Independent Flip,2980.7749,30.2335,29.9909,0.2426,26.7911,28.9803,28.9718,0.0085,55.7719,16.8789,-12.0023,2980.7749,0.0005,NA,NA
SandFall-Win64-Shipping.exe,31024,0x13F96A7D0D0,DXGI,0,512,1,Hardware: Independent Flip,3011.0084,0.3138,0.1544,0.1594,25.5379,0.2201,0.2177,0.0024,42.4173,12.3876,13.3546,3011.0084,16.6593,NA,NA
SandFall-Win64-Shipping.exe,31024,0x13F96A7D0D0,DXGI,0,512,1,Hardware: Independent Flip,3011.3222,29.4156,29.1406,0.2750,25.4442,29.0463,29.0283,0.0180,54.4911,15.5056,-12.0738,3011.3222,0.0006,NA,NA
SandFall-Win64-Shipping.exe,31024,0x13F96A7D0D0,DXGI,0,512,1,Hardware: Independent Flip,3040.7378,0.3189,0.1600,0.1589,25.0749,0.2077,0.2058,0.0019,40.5811,15.1571,13.9100,3040.7378,15.2985,NA,NA
SandFall-Win64-Shipping.exe,31024,0x13F96A7D0D0,DXGI,0,512,1,Hardware: Independent Flip,3041.0567,30.0639,29.7434,0.3205,24.9637,28.9546,28.9403,0.0143,55.4193,13.6953,-14.8382,3041.0567,1.5010,NA,NA
SandFall-Win64-Shipping.exe,31024,0x13F96A7D0D0,DXGI,0,512,1,Hardware: Independent Flip,3071.1206,0.3346,0.1536,0.1810,23.8544,0.2243,0.2216,0.0027,39.0507,15.5152,16.3686,3071.1206,14.9720,NA,NA
SandFall-Win64-Shipping.exe,31024,0x13F96A7D0D0,DXGI,0,512,1,Hardware: Independent Flip,3071.4552,29.6088,29.3295,0.2793,23.7441,28.9866,28.9755,0.0111,54.2313,13.4380,-15.1806,3071.4552,1.5006,NA,NA
SandFall-Win64-Shipping.exe,31024,0x13F96A7D0D0,DXGI,0,512,1,Hardware: Independent Flip,3101.0640,0.3327,0.1587,0.1740,23.1219,0.2028,0.2011,0.0017,38.0605,15.2615,16.1708,3101.0640,14.7358,NA,NA
SandFall-Win64-Shipping.exe,31024,0x13F96A7D0D0,DXGI,0,512,1,Hardware: Independent Flip,3101.3967,29.3628,29.0906,0.2722,22.9920,28.9318,28.9217,0.0101,52.9893,13.8341,-14.9288,3101.3967,1.0655,NA,NA
SandFall-Win64-Shipping.exe,31024,0x13F96A7D0D0,DXGI,0,512,1,Hardware: Independent Flip,3130.7595,0.3266,0.1690,0.1576,22.5610,0.1975,0.1959,0.0016,37.4606,14.9800,15.5287,3130.7595,14.7021,NA,NA
SandFall-Win64-Shipping.exe,31024,0x13F96A7D0D0,DXGI,0,512,1,Hardware: Independent Flip,3131.0861,30.3412,30.0330,0.3082,22.4319,29.5199,29.5089,0.0110,52.1140,14.7482,-14.6534,3131.0861,0.1622,NA,NA
SandFall-Win64-Shipping.exe,31024,0x13F96A7D0D0,DXGI,0,512,1,Hardware: Independent Flip,3161.4273,0.3181,0.1655,0.1526,21.6106,0.2154,0.2139,0.0015,36.5210,14.5943,15.5930,3161.4273,14.6950,NA,NA
SandFall-Win64-Shipping.exe,31024,0x13F96A7D0D0,DXGI,0,512,1,Hardware: Independent Flip,3161.7454,29.4872,29.2229,0.2643,21.5079,29.2880,29.2772,0.0108,50.7972,15.3001,-14.2762,3161.7454,0.0013,NA,NA
SandFall-Win64-Shipping.exe,31024,0x13F96A7D0D0,DXGI,0,512,1,Hardware: Independent Flip,3191.2326,0.3218,0.1598,0.1620,21.3087,0.1960,0.1938,0.0022,36.6101,13.6065,14.1871,3191.2326,15.1054,NA,NA
SandFall-Win64-Shipping.exe,31024,0x13F96A7D0D0,DXGI,0,512,1,Hardware: Independent Flip,3191.5544,29.2161,28.9549,0.2612,21.1829,28.7111,28.7006,0.0105,49.8948,15.2101,-13.2847,3191.5544,0.0008,NA,NA
SandFall-Win64-Shipping.exe,31024,0x13F96A7D0D0,DXGI,0,512,1,Hardware: Independent Flip,3220.7705,0.3148,0.1586,0.1562,20.6779,0.2000,0.1984,0.0016,35.8888,14.9527,14.0060,3220.7705,15.0109,NA,NA
SandFall-Win64-Shipping.exe,31024,0x13F96A7D0D0,DXGI,0,512,1,Hardware: Independent Flip,3221.0853,29.5457,29.2746,0.2711,20.5631,29.4612,29.0146,0.4466,50.5267,14.3669,-14.6379,3221.0853,0.5024,43.6767,NA
SandFall-Win64-Shipping.exe,31024,0x13F96A7D0D0,DXGI,0,512,1,Hardware: Independent Flip,3250.6310,0.3293,0.1541,0.1752,20.4786,0.1602,0.1586,0.0016,35.3479,16.3340,15.1788,3250.6310,14.7091,NA,NA
SandFall-Win64-Shipping.exe,31024,0x13F96A7D0D0,DXGI,0,512,1,Hardware: Independent Flip,3250.9603,29.7509,29.4720,0.2789,20.3095,30.4168,29.6762,0.7406,51.3526,14.3115,-16.0047,3250.9603,0.6263,NA,NA
SandFall-Win64-Shipping.exe,31024,0x13F96A7D0D0,DXGI,0,512,1,Hardware: Independent Flip,3280.7112,0.3342,0.1672,0.1670,20.9754,0.1877,0.1862,0.0015,35.9132,14.1480,15.4394,3280.7112,14.7501,NA,NA
SandFall-Win64-Shipping.exe,31024,0x13F96A7D0D0,DXGI,0,512,1,Hardware: Independent Flip,3281.0454,28.6760,28.4178,0.2582,20.8289,28.8976,28.8876,0.0100,49.7270,15.2629,-13.8138,3281.0454,0.0005,NA,NA
SandFall-Win64-Shipping.exe,31024,0x13F96A7D0D0,DXGI,0,512,1,Hardware: Independent Flip,3309.7214,0.3196,0.1549,0.1647,21.0505,0.2508,0.2442,0.0066,36.3139,13.7023,13.4131,3309.7214,15.0126,NA,NA
SandFall-Win64-Shipping.exe,31024,0x13F96A7D0D0,DXGI,0,512,1,Hardware: Independent Flip,3310.0410,29.2486,29.0048,0.2438,20.9817,28.7134,28.5965,0.1169,49.6966,15.0691,-13.3827,3310.0410,0.0015,59.8024,NA
SandFall-Win64-Shipping.exe,31024,0x13F96A7D0D0,DXGI,0,512,1,Hardware: Independent Flip,3339.2896,0.3190,0.1520,0.1670,20.4465,0.1930,0.1862,0.0068,35.5171,16.5955,14.1795,3339.2896,14.8776,NA,NA
SandFall-Win64-Shipping.exe,31024,0x13F96A7D0D0,DXGI,0,512,1,Hardware: Independent Flip,3339.6086,30.0872,29.8294,0.2578,20.3205,30.9833,29.5009,1.4824,51.7936,14.2535,-16.2765,3339.6086,0.4898,NA,NA
SandFall-Win64-Shipping.exe,31024,0x13F96A7D0D0,DXGI,0,512,1,Hardware: Independent Flip,3369.6958,0.3019,0.1539,0.1480,21.2166,0.1838,0.1838,0.0000,35.9599,15.7779,15.8337,3369.6958,14.5595,NA,NA
SandFall-Win64-Shipping.exe,31024,0x13F96A7D0D0,DXGI,0,512,1,Hardware: Independent Flip,3369.9977,31.6923,31.4476,0.2447,21.0985,30.3369,29.8988,0.4381,51.4359,15.0873,-15.4760,3369.9977,0.0005,48.4602,NA
SandFall-Win64-Shipping.exe,31024,0x13F96A7D0D0,DXGI,0,512,1,Hardware: Independent Flip,3401.6900,0.3094,0.1554,0.1540,19.7431,0.2182,0.2182,0.0000,34.8309,13.7165,16.6050,3401.6900,14.8696,NA,NA
SandFall-Win64-Shipping.exe,31024,0x13F96A7D0D0,DXGI,0,512,1,Hardware: Independent Flip,3401.9994,29.4845,29.2204,0.2641,19.6519,28.5854,28.5707,0.0147,48.2380,15.7737,-13.4071,3401.9994,0.0007,NA,NA
SandFall-Win64-Shipping.exe,31024,0x13F96A7D0D0,DXGI,0,512,1,Hardware: Independent Flip,3431.4839,0.3070,0.1560,0.1510,18.7528,0.2770,0.2734,0.0036,34.5272,15.9707,13.7108,3431.4839,15.4974,NA,NA
SandFall-Win64-Shipping.exe,31024,0x13F96A7D0D0,DXGI,0,512,1,Hardware: Independent Flip,3431.7909,25.9672,25.7146,0.2526,18.7228,31.4671,31.4542,0.0129,50.1909,14.9957,-15.6637,3431.7909,0.0010,NA,NA
SandFall-Win64-Shipping.exe,31024,0x13F96A7D0D0,DXGI,0,512,1,Hardware: Independent Flip,3457.7581,0.3045,0.1539,0.1506,24.2227,0.2132,0.2110,0.0022,39.2194,17.8172,10.9715,3457.7581,14.7835,NA,NA
SandFall-Win64-Shipping.exe,31024,0x13F96A7D0D0,DXGI,0,512,1,Hardware: Independent Flip,3458.0626,29.6597,29.3988,0.2609,24.1314,32.5998,32.5943,0.0055,56.7321,15.1716,-17.5127,3458.0626,0.0009,NA,NA
SandFall-Win64-Shipping.exe,31024,0x13F96A7D0D0,DXGI,0,512,1,Hardware: Independent Flip,3487.7223,0.3109,0.1548,0.1561,27.0715,0.2224,0.2204,0.0020,42.2440,13.4449,14.4881,3487.7223,14.9501,NA,NA
SandFall-Win64-Shipping.exe,31024,0x13F96A7D0D0,DXGI,0,512,1,Hardware: Independent Flip,3488.0332,29.4596,29.2086,0.2510,26.9830,28.3943,28.3852,0.0091,55.3780,16.2496,-13.1340,3488.0332,0.0007,NA,NA
SandFall-Win64-Shipping.exe,31024,0x13F96A7D0D0,DXGI,0,512,1,Hardware: Independent Flip,3517.4928,0.3038,0.1539,0.1499,25.9177,0.2302,0.2302,0.0000,42.1680,12.5333,13.2100,3517.4928,16.0201,NA,NA
SandFall-Win64-Shipping.exe,31024,0x13F96A7D0D0,DXGI,0,512,1,Hardware: Independent Flip,3517.7966,28.9215,28.6804,0.2411,25.8441,28.5524,28.5409,0.0115,54.3975,15.6911,-12.2295,3517.7966,0.0010,72.1988,NA
SandFall-Win64-Shipping.exe,31024,0x13F96A7D0D0,DXGI,0,512,1,Hardware: Independent Flip,3546.7181,0.3065,0.1507,0.1558,25.4750,0.2245,0.2245,0.0000,41.1671,13.3601,13.2304,3546.7181,15.4676,NA,NA
SandFall-Win64-Shipping.exe,31024,0x13F96A7D0D0,DXGI,0,512,1,Hardware: Independent Flip,3547.0246,29.0660,28.8149,0.2511,25.3930,28.0660,28.0571,0.0089,54.2207,13.7563,-13.0536,3547.0246,0.7617,NA,NA
SandFall-Win64-Shipping.exe,31024,0x13F96A7D0D0,DXGI,0,512,1,Hardware: Independent Flip,3576.0906,0.3067,0.1540,0.1527,24.3930,0.2426,0.2426,0.0000,38.9110,16.0617,15.3097,3576.0906,14.2754,NA,NA
SandFall-Win64-Shipping.exe,31024,0x13F96A7D0D0,DXGI,0,512,1,Hardware: Independent Flip,3576.3973,27.9061,27.6622,0.2439,24.3289,28.8366,28.8317,0.0049,54.6660,13.0321,-15.7550,3576.3973,1.5005,NA,NA
SandFall-Win64-Shipping.exe,31024,0x13F96A7D0D0,DXGI,0,512,1,Hardware: Independent Flip,3604.3034,0.3132,0.1556,0.1576,25.2594,0.1916,0.1892,0.0024,39.7920,15.3875,14.8740,3604.3034,14.3410,NA,NA
SandFall-Win64-Shipping.exe,31024,0x13F96A7D0D0,DXGI,0,512,1,Hardware: Independent Flip,3604.6166,28.9194,28.6660,0.2534,25.1378,28.9498,28.9455,0.0043,54.8663,13.7339,-15.0743,3604.6166,0.7787,NA,NA
SandFall-Win64-Shipping.exe,31024,0x13F96A7D0D0,DXGI,0,512,1,Hardware: Independent Flip,3633.5360,0.3058,0.1506,0.1552,25.1682,0.2110,0.2093,0.0017,39.6808,14.5708,15.1855,3633.5360,14.3016,NA,NA
SandFall-Win64-Shipping.exe,31024,0x13F96A7D0D0,DXGI,0,512,1,Hardware: Independent Flip,3633.8418,29.0292,28.7794,0.2498,25.0734,28.8717,28.8675,0.0042,53.9458,15.0118,-14.2650,3633.8418,0.0007,48.8499,NA
SandFall-Win64-Shipping.exe,31024,0x13F96A7D0D0,DXGI,0,512,1,Hardware: Independent Flip,3662.8710,0.3477,0.1572,0.1905,24.9159,0.2334,0.2300,0.0034,39.9284,13.7300,14.0174,3662.8710,14.7791,NA,NA
SandFall-Win64-Shipping.exe,31024,0x13F96A7D0D0,DXGI,0,512,1,Hardware: Independent Flip,3663.2187,28.0411,27.5891,0.4520,24.8016,28.5079,28.4934,0.0145,53.3107,15.4126,-13.3823,3663.2187,0.0012,44.5998,NA
SandFall-Win64-Shipping.exe,31024,0x13F96A7D0D0,DXGI,0,512,1,Hardware: Independent Flip,3691.2598,0.3370,0.1751,0.1619,25.2684,0.2754,0.2721,0.0033,40.6822,14.4720,12.6285,3691.2598,15.1384,NA,NA
SandFall-Win64-Shipping.exe,31024,0x13F96A7D0D0,DXGI,0,512,1,Hardware: Independent Flip,3691.5968,31.2955,31.0393,0.2562,25.2068,29.6093,29.5887,0.0206,54.8172,14.8896,-14.1350,3691.5968,0.0011,43.4867,NA
SandFall-Win64-Shipping.exe,31024,0x13F96A7D0D0,DXGI,0,512,1,Hardware: Independent Flip,3722.8923,0.3083,0.1564,0.1519,23.5206,0.2226,0.2199,0.0027,38.4113,16.1925,16.4059,3722.8923,14.6681,NA,NA
SandFall-Win64-Shipping.exe,31024,0x13F96A7D0D0,DXGI,0,512,1,Hardware: Independent Flip,3723.2006,28.0521,27.7508,0.3013,23.4349,30.5953,30.5861,0.0092,54.2955,14.5458,-15.8842,3723.2006,0.2653,45.5334,NA
SandFall-Win64-Shipping.exe,31024,0x13F96A7D0D0,DXGI,0,512,1,Hardware: Independent Flip,3751.2527,0.3369,0.1605,0.1764,25.9781,0.2003,0.1980,0.0023,40.7892,16.2767,13.5063,3751.2527,14.6108,NA,NA
SandFall-Win64-Shipping.exe,31024,0x13F96A7D0D0,DXGI,0,512,1,Hardware: Independent Flip,3751.5896,32.4694,32.1149,0.3545,25.8415,30.8867,30.8776,0.0091,56.7290,15.2425,-15.9398,3751.5896,0.0008,45.3928,NA
SandFall-Win64-Shipping.exe,31024,0x13F96A7D0D0,DXGI,0,512,1,Hardware: Independent Flip,3784.0590,0.3844,0.1985,0.1859,24.2588,0.2176,0.2142,0.0034,39.5021,15.6759,17.2269,3784.0590,15.0257,NA,NA
SandFall-Win64-Shipping.exe,31024,0x13F96A7D0D0,DXGI,0,512,1,Hardware: Independent Flip,3784.4434,25.8241,25.5814,0.2427,24.0920,30.7006,30.6924,0.0082,54.7936,16.0801,-15.2915,3784.4434,0.0010,47.3111,NA
SandFall-Win64-Shipping.exe,31024,0x13F96A7D0D0,DXGI,0,512,1,Hardware: Independent Flip,3810.2675,0.3197,0.1589,0.1608,28.9685,0.1968,0.1968,0.0000,45.0496,23.3234,9.7440,3810.2675,15.8843,NA,NA
SandFall-Win64-Shipping.exe,31024,0x13F96A7D0D0,DXGI,0,512,1,Hardware: Independent Flip,3810.5872,44.9529,44.6603,0.2926,28.8456,39.2071,31.8638,7.3433,68.0533,16.4606,-23.0037,3810.5872,0.0006,26.7143,NA
SandFall-Win64-Shipping.exe,31024,0x13F96A7D0D0,DXGI,0,512,1,Hardware: Independent Flip,3855.5401,0.3303,0.1674,0.1629,23.0998,0.2320,0.2279,0.0041,39.5610,14.5327,28.4923,3855.5401,16.2292,NA,NA
SandFall-Win64-Shipping.exe,31024,0x13F96A7D0D0,DXGI,0,512,1,Hardware: Independent Flip,3855.8704,20.0529,19.8193,0.2336,23.0015,30.7615,30.7542,0.0073,53.7634,16.6283,-14.2024,3855.8704,0.0004,NA,NA
SandFall-Win64-Shipping.exe,31024,0x13F96A7D0D0,DXGI,0,512,1,Hardware: Independent Flip,3875.9233,0.3034,0.1563,0.1471,33.7101,0.2800,0.2754,0.0046,50.3388,14.0574,3.4246,3875.9233,16.3487,NA,NA
SandFall-Win64-Shipping.exe,31024,0x13F96A7D0D0,DXGI,0,512,1,Hardware: Independent Flip,3876.2267,30.7247,30.4733,0.2514,33.6867,30.4054,30.3967,0.0087,64.0928,16.7355,-13.7540,3876.2267,0.0007,57.3908,NA
SandFall-Win64-Shipping.exe,31024,0x13F96A7D0D0,DXGI,0,512,1,Hardware: Independent Flip,3906.9514,0.3347,0.1757,0.1590,33.3674,0.2682,0.2646,0.0036,50.1036,16.6649,13.9892,3906.9514,16.4680,NA,NA
SandFall-Win64-Shipping.exe,31024,0x13F96A7D0D0,DXGI,0,512,1,Hardware: Independent Flip,3907.2861,30.6974,30.1798,0.5176,33.3009,33.1326,33.1253,0.0073,66.4338,16.7471,-16.3302,3907.2861,0.0003,60.7947,NA
SandFall-Win64-Shipping.exe,31024,0x13F96A7D0D0,DXGI,0,512,1,Hardware: Independent Flip,3937.9835,0.3283,0.1792,0.1491,35.7361,0.1880,0.1832,0.0048,52.4835,18.0511,13.9503,3937.9835,16.5594,NA,NA
SandFall-Win64-Shipping.exe,31024,0x13F96A7D0D0,DXGI,0,512,1,Hardware: Independent Flip,3938.3118,31.8753,31.6287,0.2466,35.5958,34.6097,34.6002,0.0095,70.2063,16.8639,-17.7228,3938.3118,0.0008,64.5906,NA
SandFall-Win64-Shipping.exe,31024,0x13F96A7D0D0,DXGI,0,512,1,Hardware: Independent Flip,3970.1871,0.3223,0.1643,0.1580,38.3302,0.2343,0.2297,0.0046,55.1949,13.7539,15.0114,3970.1871,16.6304,NA,NA
SandFall-Win64-Shipping.exe,31024,0x13F96A7D0D0,DXGI,0,512,1,Hardware: Independent Flip,3970.5094,34.5949,34.3175,0.2774,38.2422,30.3835,30.3771,0.0064,68.6265,17.1359,-13.4316,3970.5094,0.0008,65.2078,NA
SandFall-Win64-Shipping.exe,31024,0x13F96A7D0D0,DXGI,0,512,1,Hardware: Independent Flip,4005.1043,0.3080,0.1638,0.1442,34.0308,0.2226,0.2192,0.0034,51.1675,15.0082,17.4590,4005.1043,16.9141,NA,NA
SandFall-Win64-Shipping.exe,31024,0x13F96A7D0D0,DXGI,0,512,1,Hardware: Independent Flip,4005.4123,30.9811,30.7449,0.2362,33.9454,31.9210,31.9141,0.0069,65.8677,17.0047,-14.7002,4005.4123,0.0013,65.3494,NA
SandFall-Win64-Shipping.exe,31024,0x13F96A7D0D0,DXGI,0,512,1,Hardware: Independent Flip,4036.3934,0.3159,0.1625,0.1534,34.8853,0.2416,0.2381,0.0035,51.8913,16.2127,13.9764,4036.3934,16.7644,NA,NA
SandFall-Win64-Shipping.exe,31024,0x13F96A7D0D0,DXGI,0,512,1,Hardware: Independent Flip,4036.7093,31.9044,31.6556,0.2488,34.8110,32.9762,32.9671,0.0091,67.7881,16.6746,-15.8968,4036.7093,0.0009,68.5698,NA
SandFall-Win64-Shipping.exe,31024,0x13F96A7D0D0,DXGI,0,512,1,Hardware: Independent Flip,4068.6137,0.3170,0.1687,0.1483,35.8828,0.2587,0.2537,0.0050,52.5583,14.3600,15.2298,4068.6137,16.4168,NA,NA
SandFall-Win64-Shipping.exe,31024,0x13F96A7D0D0,DXGI,0,512,1,Hardware: Independent Flip,4068.9307,33.0995,32.8237,0.2758,35.8245,30.7765,30.7701,0.0064,66.6013,16.3086,-14.0430,4068.9307,0.0003,35.6013,NA
SandFall-Win64-Shipping.exe,31024,0x13F96A7D0D0,DXGI,0,512,1,Hardware: Independent Flip,4102.0302,0.3401,0.1725,0.1676,33.5015,0.2248,0.2220,0.0028,49.8104,19.3096,16.7909,4102.0302,16.0841,NA,NA
SandFall-Win64-Shipping.exe,31024,0x13F96A7D0D0,DXGI,0,512,1,Hardware: Independent Flip,4102.3703,30.5554,30.2476,0.3078,33.3862,34.8809,34.8722,0.0087,68.7799,15.1606,-18.9695,4102.3703,0.5128,39.1903,NA
SandFall-Win64-Shipping.exe,31024,0x13F96A7D0D0,DXGI,0,512,1,Hardware: Independent Flip,4132.9257,0.3209,0.1733,0.1476,37.7117,0.2178,0.2145,0.0033,53.3851,17.3982,15.3948,4132.9257,15.4556,NA,NA
SandFall-Win64-Shipping.exe,31024,0x13F96A7D0D0,DXGI,0,512,1,Hardware: Independent Flip,4133.2466,35.1472,34.8490,0.2982,37.6086,32.8525,32.8457,0.0068,70.4624,16.6717,-17.0773,4133.2466,0.0013,39.7749,NA
SandFall-Win64-Shipping.exe,31024,0x13F96A7D0D0,DXGI,0,512,1,Hardware: Independent Flip,4168.3938,0.3630,0.1881,0.1749,35.3139,0.2242,0.2210,0.0032,51.9869,17.2252,18.4755,4168.3938,16.4488,NA,NA
SandFall-Win64-Shipping.exe,31024,0x13F96A7D0D0,DXGI,0,512,1,Hardware: Independent Flip,4168.7568,32.6619,32.3775,0.2844,35.1751,33.6732,33.6561,0.0171,68.8491,17.4680,-16.8622,4168.7568,0.0008,40.6786,NA
SandFall-Win64-Shipping.exe,31024,0x13F96A7D0D0,DXGI,0,512,1,Hardware: Independent Flip,4201.4187,0.3411,0.1795,0.1616,36.1864,0.2390,0.2390,0.0000,53.6552,14.2597,15.1939,4201.4187,17.2298,NA,NA
SandFall-Win64-Shipping.exe,31024,0x13F96A7D0D0,DXGI,0,512,1,Hardware: Independent Flip,4201.7598,33.9055,33.4857,0.4198,36.0843,31.4886,31.4786,0.0100,67.5738,17.7983,-13.9186,4201.7598,0.0009,45.4100,NA
SandFall-Win64-Shipping.exe,31024,0x13F96A7D0D0,DXGI,0,512,1,Hardware: Independent Flip,4235.6653,0.3918,0.1932,0.1986,33.6674,0.2140,0.2113,0.0027,51.4666,14.2520,16.1072,4235.6653,17.5852,NA,NA
SandFall-Win64-Shipping.exe,31024,0x13F96A7D0D0,DXGI,0,512,1,Hardware: Independent Flip,4236.0571,31.2754,30.7628,0.5126,33.4896,31.8368,31.8298,0.0070,65.3268,16.9837,-13.8602,4236.0571,0.0004,65.4449,NA
SandFall-Win64-Shipping.exe,31024,0x13F96A7D0D0,DXGI,0,512,1,Hardware: Independent Flip,4267.3325,0.4353,0.2461,0.1892,34.0510,0.2822,0.2799,0.0023,51.0351,16.2280,14.2917,4267.3325,16.7019,NA,NA
SandFall-Win64-Shipping.exe,31024,0x13F96A7D0D0,DXGI,0,512,1,Hardware: Independent Flip,4267.7678,31.1145,30.8519,0.2626,33.8979,31.9555,31.9479,0.0076,66.8278,15.2302,-15.7927,4267.7678,0.9744,41.6608,NA
SandFall-Win64-Shipping.exe,31024,0x13F96A7D0D0,DXGI,0,512,1,Hardware: Independent Flip,4298.8823,0.3399,0.1790,0.1609,34.7389,0.1428,0.1366,0.0062,50.9435,16.7975,15.8843,4298.8823,16.0618,NA,NA
SandFall-Win64-Shipping.exe,31024,0x13F96A7D0D0,DXGI,0,512,1,Hardware: Independent Flip,4299.2222,31.8833,31.5965,0.2868,34.5418,31.5066,31.5010,0.0056,67.4011,15.4801,-16.4576,4299.2222,1.3527,NA,NA
SandFall-Win64-Shipping.exe,31024,0x13F96A7D0D0,DXGI,0,512,1,Hardware: Independent Flip,4331.1055,0.3409,0.1775,0.1634,34.1651,0.2240,0.2220,0.0020,50.9979,16.7133,16.4032,4331.1055,16.6088,NA,NA
SandFall-Win64-Shipping.exe,31024,0x13F96A7D0D0,DXGI,0,512,1,Hardware: Independent Flip,4331.4464,31.1967,30.9448,0.2519,34.0482,32.7437,32.7364,0.0073,67.3703,16.5418,-16.3724,4331.4464,0.5784,NA,NA
SandFall-Win64-Shipping.exe,31024,0x13F96A7D0D0,DXGI,0,512,1,Hardware: Independent Flip,4362.6431,0.3174,0.1623,0.1551,35.5952,0.1614,0.1544,0.0070,52.7154,14.6371,14.6549,4362.6431,16.9588,NA,NA
SandFall-Win64-Shipping.exe,31024,0x13F96A7D0D0,DXGI,0,512,1,Hardware: Independent Flip,4362.9605,32.6457,32.3858,0.2599,35.4392,31.5950,31.5881,0.0069,67.0351,16.9096,-14.3197,4362.9605,0.0009,NA,NA
SandFall-Win64-Shipping.exe,31024,0x13F96A7D0D0,DXGI,0,512,1,Hardware: Independent Flip,4395.6062,0.3171,0.1695,0.1476,34.3885,0.2133,0.2112,0.0021,51.2990,15.6795,15.7361,4395.6062,16.6972,NA,NA
SandFall-Win64-Shipping.exe,31024,0x13F96A7D0D0,DXGI,0,512,1,Hardware: Independent Flip,4395.9233,31.4049,31.1607,0.2442,34.2847,31.4517,31.4437,0.0080,66.6614,15.8714,-15.3624,4395.9233,0.9250,NA,NA
SandFall-Win64-Shipping.exe,31024,0x13F96A7D0D0,DXGI,0,512,1,Hardware: Independent Flip,4427.3282,0.3238,0.1716,0.1522,34.3315,0.2027,0.2004,0.0023,51.1279,19.7351,15.5335,4427.3282,16.5937,NA,NA
SandFall-Win64-Shipping.exe,31024,0x13F96A7D0D0,DXGI,0,512,1,Hardware: Independent Flip,4427.6520,31.3646,31.1077,0.2569,34.2104,34.8279,34.8207,0.0072,70.5392,15.2909,-19.4113,4427.6520,1.5009,NA,NA
SandFall-Win64-Shipping.exe,31024,0x13F96A7D0D0,DXGI,0,512,1,Hardware: Independent Flip,4459.0166,0.3187,0.1689,0.1498,37.6737,0.2112,0.2093,0.0019,54.4655,17.7993,16.0737,4459.0166,16.5806,NA,NA
SandFall-Win64-Shipping.exe,31024,0x13F96A7D0D0,DXGI,0,512,1,Hardware: Independent Flip,4459.3353,35.1207,34.8882,0.2325,37.5662,34.3794,34.3748,0.0046,71.9461,17.1078,-17.4806,4459.3353,0.0005,NA,NA
SandFall-Win64-Shipping.exe,31024,0x13F96A7D0D0,DXGI,0,512,1,Hardware: Independent Flip,4494.4560,0.3866,0.2270,0.1596,36.8249,0.1864,0.1817,0.0047,53.9332,13.2804,18.0129,4494.4560,16.9219,NA,NA
SandFall-Win64-Shipping.exe,31024,0x13F96A7D0D0,DXGI,0,512,1,Hardware: Independent Flip,4494.8426,33.6332,33.3852,0.2480,36.6247,30.2012,30.1936,0.0076,66.8270,18.3050,-12.8938,4494.8426,0.0011,NA,NA
SandFall-Win64-Shipping.exe,31024,0x13F96A7D0D0,DXGI,0,512,1,Hardware: Independent Flip,4528.4758,0.3077,0.1626,0.1451,33.1927,0.2223,0.2197,0.0026,51.4988,15.6430,15.3282,4528.4758,18.0838,NA,NA
SandFall-Win64-Shipping.exe,31024,0x13F96A7D0D0,DXGI,0,512,1,Hardware: Independent Flip,4528.7835,30.2551,30.0045,0.2506,33.1073,33.4814,33.4784,0.0030,66.8341,16.4895,-15.3353,4528.7835,0.2454,NA,NA
SandFall-Win64-Shipping.exe,31024,0x13F96A7D0D0,DXGI,0,512,1,Hardware: Independent Flip,4559.0386,0.3265,0.1674,0.1591,36.3336,0.2205,0.2187,0.0018,53.0685,16.8339,13.7656,4559.0386,16.5144,NA,NA
SandFall-Win64-Shipping.exe,31024,0x13F96A7D0D0,DXGI,0,512,1,Hardware: Independent Flip,4559.3651,33.2821,33.0269,0.2552,36.2276,31.8475,31.8427,0.0048,69.5759,15.2000,-16.5074,4559.3651,1.5008,67.0072,NA
SandFall-Win64-Shipping.exe,31024,0x13F96A7D0D0,DXGI,0,512,1,Hardware: Independent Flip,4592.6472,0.3074,0.1619,0.1455,34.7930,0.2157,0.2134,0.0023,51.4938,18.0425,18.0821,4592.6472,16.4851,NA,NA
SandFall-Win64-Shipping.exe,31024,0x13F96A7D0D0,DXGI,0,512,1,Hardware: Independent Flip,4592.9546,31.7745,31.5317,0.2428,34.7013,33.1176,33.1148,0.0028,69.2289,15.2764,-17.7351,4592.9546,1.4100,65.2507,NA
SandFall-Win64-Shipping.exe,31024,0x13F96A7D0D0,DXGI,0,512,1,Hardware: Independent Flip,4624.7291,0.3800,0.1633,0.2167,36.0444,0.2135,0.2113,0.0022,52.7308,15.8238,16.4981,4624.7291,16.4729,NA,NA
SandFall-Win64-Shipping.exe,31024,0x13F96A7D0D0,DXGI,0,512,1,Hardware: Independent Flip,4625.1091,32.9145,32.6683,0.2462,35.8779,32.2961,32.2931,0.0030,68.1746,16.5541,-15.4438,4625.1091,0.0006,62.3549,NA
SandFall-Win64-Shipping.exe,31024,0x13F96A7D0D0,DXGI,0,512,1,Hardware: Independent Flip,4658.0236,0.3150,0.1636,0.1514,35.2595,0.2186,0.2159,0.0027,51.8142,16.5204,16.3604,4658.0236,16.3361,NA,NA
SandFall-Win64-Shipping.exe,31024,0x13F96A7D0D0,DXGI,0,512,1,Hardware: Independent Flip,4658.3386,32.5247,32.0729,0.4518,35.1631,32.8559,32.8471,0.0088,68.0196,16.6508,-16.2054,4658.3386,0.0006,62.4270,NA
SandFall-Win64-Shipping.exe,31024,0x13F96A7D0D0,DXGI,0,512,1,Hardware: Independent Flip,4690.8633,0.3458,0.1795,0.1663,35.4943,0.2190,0.2165,0.0025,52.1457,17.3797,15.8739,4690.8633,16.4324,NA,NA
SandFall-Win64-Shipping.exe,31024,0x13F96A7D0D0,DXGI,0,512,1,Hardware: Independent Flip,4691.2091,32.5369,32.2788,0.2581,35.3675,33.8117,33.8089,0.0028,69.1796,17.0934,-17.0339,4691.2091,0.0004,73.4597,NA
SandFall-Win64-Shipping.exe,31024,0x13F96A7D0D0,DXGI,0,512,1,Hardware: Independent Flip,4723.7460,0.3175,0.1644,0.1531,36.6423,0.2292,0.2272,0.0020,53.7361,19.1626,15.4435,4723.7460,16.8646,NA,NA
SandFall-Win64-Shipping.exe,31024,0x13F96A7D0D0,DXGI,0,512,1,Hardware: Independent Flip,4724.0635,33.6268,33.3801,0.2467,36.5540,36.0263,36.0232,0.0031,72.5812,17.5058,-18.8451,4724.0635,0.0009,NA,NA
SandFall-Win64-Shipping.exe,31024,0x13F96A7D0D0,DXGI,0,512,1,Hardware: Independent Flip,4757.6903,0.3153,0.1639,0.1514,38.9535,0.2185,0.2150,0.0035,56.4602,13.9787,16.1210,4757.6903,17.2882,NA,NA
SandFall-Win64-Shipping.exe,31024,0x13F96A7D0D0,DXGI,0,512,1,Hardware: Independent Flip,4758.0056,35.9946,35.7383,0.2563,38.8567,31.2662,31.2607,0.0055,70.1236,18.5730,-13.6634,4758.0056,0.0007,NA,NA
SandFall-Win64-Shipping.exe,31024,0x13F96A7D0D0,DXGI,0,512,1,Hardware: Independent Flip,4794.0002,0.3157,0.1634,0.1523,34.1283,0.1842,0.1791,0.0051,52.7020,13.5406,17.4216,4794.0002,18.3895,NA,NA
SandFall-Win64-Shipping.exe,31024,0x13F96A7D0D0,DXGI,0,512,1,Hardware: Independent Flip,4794.3159,31.1264,30.8675,0.2589,33.9968,31.9018,31.8957,0.0061,65.9269,17.0158,-13.2249,4794.3159,0.0283,NA,NA
SandFall-Win64-Shipping.exe,31024,0x13F96A7D0D0,DXGI,0,512,1,Hardware: Independent Flip,4825.4423,0.3191,0.1633,0.1558,34.7722,0.2472,0.2472,0.0000,51.8163,17.1896,14.1106,4825.4423,16.7969,NA,NA
SandFall-Win64-Shipping.exe,31024,0x13F96A7D0D0,DXGI,0,512,1,Hardware: Independent Flip,4825.7614,31.7568,31.5124,0.2444,34.7003,32.4861,32.4775,0.0086,68.6868,15.5813,-16.8705,4825.7614,1.5004,NA,NA
SandFall-Win64-Shipping.exe,31024,0x13F96A7D0D0,DXGI,0,512,1,Hardware: Independent Flip,4857.5182,0.3053,0.1599,0.1454,35.4296,0.2206,0.2179,0.0027,52.5113,16.6884,16.1755,4857.5182,16.8611,NA,NA
SandFall-Win64-Shipping.exe,31024,0x13F96A7D0D0,DXGI,0,512,1,Hardware: Independent Flip,4857.8235,33.0464,32.7877,0.2587,35.3449,32.0487,32.0460,0.0027,68.8944,15.8183,-16.3831,4857.8235,1.5008,NA,NA
SandFall-Win64-Shipping.exe,31024,0x13F96A7D0D0,DXGI,0,512,1,Hardware: Independent Flip,4890.8699,0.3503,0.1833,0.1670,34.3472,0.2203,0.2180,0.0023,51.6663,15.1099,17.2281,4890.8699,17.0988,NA,NA
SandFall-Win64-Shipping.exe,31024,0x13F96A7D0D0,DXGI,0,512,1,Hardware: Independent Flip,4891.2202,34.5324,34.2552,0.2772,34.2172,30.7082,30.7007,0.0075,66.4259,16.3491,-14.7596,4891.2202,1.5005,NA,NA
SandFall-Win64-Shipping.exe,31024,0x13F96A7D0D0,DXGI,0,512,1,Hardware: Independent Flip,4925.7526,0.3646,0.1733,0.1913,30.3930,0.2103,0.2081,0.0022,48.2426,24.3651,18.1833,4925.7526,17.6393,NA,NA
SandFall-Win64-Shipping.exe,31024,0x13F96A7D0D0,DXGI,0,512,1,Hardware: Independent Flip,4926.1172,34.8596,34.5952,0.2644,30.2387,41.6015,41.5971,0.0044,72.2431,17.0446,-24.0005,4926.1172,0.4029,NA,NA
SandFall-Win64-Shipping.exe,31024,0x13F96A7D0D0,DXGI,0,512,1,Hardware: Independent Flip,4960.9768,0.3262,0.1687,0.1575,36.9806,0.2045,0.2019,0.0026,54.4281,16.1277,17.8150,4960.9768,17.2430,NA,NA
SandFall-Win64-Shipping.exe,31024,0x13F96A7D0D0,DXGI,0,512,1,Hardware: Independent Flip,4961.3030,34.8605,34.5662,0.2943,36.8589,33.3698,33.3671,0.0027,70.2296,18.7395,-15.8015,4961.3030,0.0009,NA,NA
SandFall-Win64-Shipping.exe,31024,0x13F96A7D0D0,DXGI,0,512,1,Hardware: Independent Flip,4996.1635,0.3427,0.1715,0.1712,35.3682,0.2221,0.2189,0.0032,54.1086,11.9864,16.1210,4996.1635,18.5183,NA,NA
SandFall-Win64-Shipping.exe,31024,0x13F96A7D0D0,DXGI,0,512,1,Hardware: Independent Flip,4996.5062,33.4754,33.2273,0.2481,35.2476,30.5036,30.4968,0.0068,65.7523,18.3741,-11.6437,4996.5062,0.0011,NA,NA
SandFall-Win64-Shipping.exe,31024,0x13F96A7D0D0,DXGI,0,512,1,Hardware: Independent Flip,5029.9816,0.3215,0.1662,0.1553,32.2758,0.2184,0.2157,0.0027,50.6510,14.3735,15.1013,5029.9816,18.1568,NA,NA
SandFall-Win64-Shipping.exe,31024,0x13F96A7D0D0,DXGI,0,512,1,Hardware: Independent Flip,5030.3031,33.9492,33.6821,0.2671,32.1727,31.0295,31.0213,0.0082,64.7030,15.5851,-14.0520,5030.3031,1.5008,NA,NA
SandFall-Win64-Shipping.exe,31024,0x13F96A7D0D0,DXGI,0,512,1,Hardware: Independent Flip,5064.2523,0.3191,0.1658,0.1533,29.2530,0.2273,0.2252,0.0021,46.3389,15.7904,18.3641,5064.2523,16.8586,NA,NA
SandFall-Win64-Shipping.exe,31024,0x13F96A7D0D0,DXGI,0,512,1,Hardware: Independent Flip,5064.5714,34.7049,34.4556,0.2493,29.1612,31.1485,31.1406,0.0079,61.8102,15.3084,-15.4713,5064.5714,1.5005,NA,NA
SandFall-Win64-Shipping.exe,31024,0x13F96A7D0D0,DXGI,0,512,1,Hardware: Independent Flip,5099.2763,0.3166,0.1628,0.1538,25.6048,0.2284,0.2264,0.0020,42.4137,15.2788,19.3965,5099.2763,16.5805,NA,NA
SandFall-Win64-Shipping.exe,31024,0x13F96A7D0D0,DXGI,0,512,1,Hardware: Independent Flip,5099.5929,32.1795,31.9174,0.2621,25.5166,30.3581,30.3433,0.0148,57.3759,16.0765,-14.9622,5099.5929,1.5012,NA,NA
SandFall-Win64-Shipping.exe,31024,0x13F96A7D0D0,DXGI,0,512,1,Hardware: Independent Flip,5131.7724,0.3114,0.1552,0.1562,23.6952,0.1660,0.1604,0.0056,41.2729,14.5166,16.1030,5131.7724,17.4117,NA,NA
SandFall-Win64-Shipping.exe,31024,0x13F96A7D0D0,DXGI,0,512,1,Hardware: Independent Flip,5132.0838,30.6741,30.3884,0.2857,23.5498,30.4273,30.4194,0.0079,55.4781,15.6162,-14.2052,5132.0838,1.5010,NA,NA
SandFall-Win64-Shipping.exe,31024,0x13F96A7D0D0,DXGI,0,512,1,Hardware: Independent Flip,5162.7579,0.3491,0.1651,0.1840,23.3030,0.1689,0.1620,0.0069,40.4202,17.8122,15.0579,5162.7579,16.9483,NA,NA
SandFall-Win64-Shipping.exe,31024,0x13F96A7D0D0,DXGI,0,512,1,Hardware: Independent Flip,5163.1070,34.2963,34.0441,0.2522,23.1228,33.2597,30.7802,2.4795,57.8833,15.4174,-17.4631,5163.1070,1.5008,NA,NA
SandFall-Win64-Shipping.exe,31024,0x13F96A7D0D0,DXGI,0,512,1,Hardware: Independent Flip,5197.4033,0.4033,0.1548,0.2485,22.0862,0.1703,0.1651,0.0052,39.0044,17.5457,18.8789,5197.4033,16.7479,NA,NA
SandFall-Win64-Shipping.exe,31024,0x13F96A7D0D0,DXGI,0,512,1,Hardware: Independent Flip,5197.8066,32.4421,32.1124,0.3297,21.8532,32.7923,31.1020,1.6903,56.1468,15.2743,-17.1424,5197.8066,1.5013,43.0245,NA
SandFall-Win64-Shipping.exe,31024,0x13F96A7D0D0,DXGI,0,512,1,Hardware: Independent Flip,5230.2487,0.3563,0.1694,0.1869,22.2034,0.1664,0.1613,0.0051,38.9790,17.7495,17.1678,5230.2487,16.6092,NA,NA
SandFall-Win64-Shipping.exe,31024,0x13F96A7D0D0,DXGI,0,512,1,Hardware: Independent Flip,5230.6050,32.3172,32.0635,0.2537,22.0135,32.8577,31.2719,1.5858,56.3722,15.0213,-17.3932,5230.6050,1.5010,42.0137,NA
SandFall-Win64-Shipping.exe,31024,0x13F96A7D0D0,DXGI,0,512,1,Hardware: Independent Flip,5262.9222,0.3055,0.1545,0.1510,22.5540,0.1775,0.1719,0.0056,39.0763,18.8864,17.2959,5262.9222,16.3448,NA,NA
SandFall-Win64-Shipping.exe,31024,0x13F96A7D0D0,DXGI,0,512,1,Hardware: Independent Flip,5263.2277,33.7279,33.4840,0.2439,22.4260,33.7822,31.9827,1.7995,57.6572,14.8871,-18.5809,5263.2277,1.4490,42.9539,NA
SandFall-Win64-Shipping.exe,31024,0x13F96A7D0D0,DXGI,0,512,1,Hardware: Independent Flip,5296.9556,0.3062,0.1527,0.1535,22.4803,0.1600,0.1526,0.0074,38.8164,17.0746,18.8408,5296.9556,16.1761,NA,NA
SandFall-Win64-Shipping.exe,31024,0x13F96A7D0D0,DXGI,0,512,1,Hardware: Independent Flip,5297.2618,32.5164,32.2525,0.2639,22.3341,33.2507,31.9873,1.2634,55.5848,16.7079,-16.7684,5297.2618,NA,41.9138,NA
SandFall-Win64-Shipping.exe,31024,0x13F96A7D0D0,DXGI,0,512,1,Hardware: Independent Flip,5329.7782,0.3985,0.1584,0.2401,23.0684,0.2628,0.2588,0.0040,39.7763,18.1819,15.8085,5329.7782,16.4451,NA,NA
SandFall-Win64-Shipping.exe,31024,0x13F96A7D0D0,DXGI,0,512,1,Hardware: Independent Flip,5330.1767,31.4469,31.1628,0.2841,22.9327,34.6260,34.6150,0.0110,57.5597,17.5819,-17.7834,5330.1767,0.0010,44.8078,NA
SandFall-Win64-Shipping.exe,31024,0x13F96A7D0D0,DXGI,0,512,1,Hardware: Independent Flip,5361.6236,0.3195,0.1596,0.1599,26.1118,0.1814,0.1772,0.0042,43.6947,15.3748,13.8650,5361.6236,17.4015,NA,NA
SandFall-Win64-Shipping.exe,31024,0x13F96A7D0D0,DXGI,0,512,1,Hardware: Independent Flip,5361.9431,32.1718,31.9099,0.2619,25.9737,32.7756,32.7644,0.0112,58.7500,17.5253,-15.0553,5361.9431,0.0007,45.7656,NA
SandFall-Win64-Shipping.exe,31024,0x13F96A7D0D0,DXGI,0,512,1,Hardware: Independent Flip,5394.1149,0.3283,0.1524,0.1759,26.5775,0.2365,0.2333,0.0032,44.1035,14.9600,14.6465,5394.1149,17.2895,NA,NA
SandFall-Win64-Shipping.exe,31024,0x13F96A7D0D0,DXGI,0,512,1,Hardware: Independent Flip,5394.4432,31.9664,31.7215,0.2449,26.4857,32.2488,32.2362,0.0126,58.7352,17.2921,-14.6317,5394.4432,0.0007,47.2483,NA
SandFall-Win64-Shipping.exe,31024,0x13F96A7D0D0,DXGI,0,512,1,Hardware: Independent Flip,5426.4096,0.3044,0.1511,0.1533,26.7681,0.2155,0.2155,0.0000,44.0609,21.2691,14.6743,5426.4096,17.0773,NA,NA
SandFall-Win64-Shipping.exe,31024,0x13F96A7D0D0,DXGI,0,512,1,Hardware: Independent Flip,5426.7140,37.3965,37.1325,0.2640,26.6792,38.3232,38.0572,0.2660,65.0256,16.0553,-20.9647,5426.7140,0.0232,53.8136,NA
SandFall-Win64-Shipping.exe,31024,0x13F96A7D0D0,DXGI,0,512,1,Hardware: Independent Flip,5464.1105,0.3221,0.1603,0.1618,27.6059,0.2182,0.2146,0.0036,43.6844,22.4293,21.3412,5464.1105,15.8603,NA,NA
SandFall-Win64-Shipping.exe,31024,0x13F96A7D0D0,DXGI,0,512,1,Hardware: Independent Flip,5464.4326,36.0792,35.7512,0.3280,27.5020,38.2889,38.2821,0.0068,65.7916,18.0758,-22.1072,5464.4326,0.0007,60.2962,NA
SandFall-Win64-Shipping.exe,31024,0x13F96A7D0D0,DXGI,0,512,1,Hardware: Independent Flip,5500.5118,0.4549,0.2537,0.2012,29.7117,0.2423,0.2383,0.0040,47.7882,19.0768,18.0034,5500.5118,17.8342,NA,NA
SandFall-Win64-Shipping.exe,31024,0x13F96A7D0D0,DXGI,0,512,1,Hardware: Independent Flip,5500.9667,30.2837,29.9473,0.3364,29.4991,36.9090,36.9048,0.0042,66.4101,17.9303,-18.6219,5500.9667,0.0020,64.4455,NA
SandFall-Win64-Shipping.exe,31024,0x13F96A7D0D0,DXGI,0,512,1,Hardware: Independent Flip,5531.2504,0.3114,0.1569,0.1545,36.1244,0.3373,0.3346,0.0027,54.0567,20.6929,12.3534,5531.2504,17.5950,NA,NA
SandFall-Win64-Shipping.exe,31024,0x13F96A7D0D0,DXGI,0,512,1,Hardware: Independent Flip,5531.5618,32.9729,32.7394,0.2335,36.1503,38.2876,38.2807,0.0069,74.4382,17.9935,-20.3815,5531.5618,0.0003,69.0690,NA
SandFall-Win64-Shipping.exe,31024,0x13F96A7D0D0,DXGI,0,512,1,Hardware: Independent Flip,5564.5347,0.3387,0.1878,0.1509,41.4650,0.2320,0.2293,0.0027,59.4588,15.0551,14.9794,5564.5347,17.7618,NA,NA
SandFall-Win64-Shipping.exe,31024,0x13F96A7D0D0,DXGI,0,512,1,Hardware: Independent Flip,5564.8734,38.2184,37.9585,0.2599,41.3583,32.8159,32.8058,0.0101,74.1752,18.5350,-14.7164,5564.8734,0.0010,68.1193,NA
SandFall-Win64-Shipping.exe,31024,0x13F96A7D0D0,DXGI,0,512,1,Hardware: Independent Flip,5603.0918,0.3130,0.1574,0.1556,35.9558,0.2113,0.2084,0.0029,54.4918,16.3796,19.6834,5603.0918,18.3247,NA,NA
SandFall-Win64-Shipping.exe,31024,0x13F96A7D0D0,DXGI,0,512,1,Hardware: Independent Flip,5603.4048,32.8927,32.6518,0.2409,35.8541,34.7031,34.6962,0.0069,70.5584,18.5286,-16.0666,5603.4048,0.0012,69.0370,NA
SandFall-Win64-Shipping.exe,31024,0x13F96A7D0D0,DXGI,0,512,1,Hardware: Independent Flip,5636.2975,0.3216,0.1693,0.1523,37.6645,0.2230,0.2208,0.0022,56.1943,17.4460,14.3641,5636.2975,18.3068,NA,NA
SandFall-Win64-Shipping.exe,31024,0x13F96A7D0D0,DXGI,0,512,1,Hardware: Independent Flip,5636.6191,34.7077,34.4405,0.2672,37.5659,35.7519,35.7443,0.0076,73.3187,18.6200,-17.1244,5636.6191,0.0009,69.0076,NA
SandFall-Win64-Shipping.exe,31024,0x13F96A7D0D0,DXGI,0,512,1,Hardware: Independent Flip,5671.3268,0.3472,0.1697,0.1775,38.6101,0.2171,0.2143,0.0028,57.2310,16.1869,16.0877,5671.3268,18.4038,NA,NA
SandFall-Win64-Shipping.exe,31024,0x13F96A7D0D0,DXGI,0,512,1,Hardware: Independent Flip,5671.6740,35.5793,35.3213,0.2580,38.4800,34.5899,34.5834,0.0065,73.0707,18.8447,-15.8397,5671.6740,0.0008,69.8137,NA
SandFall-Win64-Shipping.exe,31024,0x13F96A7D0D0,DXGI,0,512,1,Hardware: Independent Flip,5707.2533,0.3145,0.1634,0.1511,37.4906,0.2191,0.2191,0.0000,56.3361,15.8353,16.7346,5707.2533,18.6264,NA,NA
SandFall-Win64-Shipping.exe,31024,0x13F96A7D0D0,DXGI,0,512,1,Hardware: Independent Flip,5707.5678,34.5013,34.2352,0.2661,37.3952,34.4609,34.4557,0.0052,71.8569,19.2370,-15.5208,5707.5678,0.0008,68.4864,NA
SandFall-Win64-Shipping.exe,31024,0x13F96A7D0D0,DXGI,0,512,1,Hardware: Independent Flip,5742.0691,0.3208,0.1626,0.1582,37.3548,0.2150,0.2124,0.0026,56.5926,17.7143,15.2643,5742.0691,19.0228,NA,NA
SandFall-Win64-Shipping.exe,31024,0x13F96A7D0D0,DXGI,0,512,1,Hardware: Independent Flip,5742.3899,34.3614,34.1107,0.2507,37.2490,36.7363,36.7277,0.0086,73.9861,18.9539,-17.3935,5742.3899,0.0008,72.4460,NA
SandFall-Win64-Shipping.exe,31024,0x13F96A7D0D0,DXGI,0,512,1,Hardware: Independent Flip,5776.7513,0.3245,0.1665,0.1580,39.6239,0.2179,0.2149,0.0030,58.5786,15.7363,15.4075,5776.7513,18.7368,NA,NA
SandFall-Win64-Shipping.exe,31024,0x13F96A7D0D0,DXGI,0,512,1,Hardware: Independent Flip,5777.0758,37.0054,36.6779,0.3275,39.5173,34.4716,34.4617,0.0099,73.9904,18.3723,-15.4118,5777.0758,0.0015,85.0892,NA
SandFall-Win64-Shipping.exe,31024,0x13F96A7D0D0,DXGI,0,512,1,Hardware: Independent Flip,5814.0812,0.3897,0.2044,0.1853,36.9835,0.2187,0.2158,0.0029,55.3573,16.2607,18.6331,5814.0812,18.1551,NA,NA
SandFall-Win64-Shipping.exe,31024,0x13F96A7D0D0,DXGI,0,512,1,Hardware: Independent Flip,5814.4709,33.9187,33.6754,0.2433,36.8125,33.4059,33.4011,0.0048,71.2283,17.1004,-15.8710,5814.4709,1.0099,88.3408,NA
SandFall-Win64-Shipping.exe,31024,0x13F96A7D0D0,DXGI,0,512,1,Hardware: Independent Flip,5848.3896,0.3115,0.1656,0.1459,36.2997,0.1878,0.1832,0.0046,54.4100,17.2629,16.8183,5848.3896,17.9225,NA,NA
SandFall-Win64-Shipping.exe,31024,0x13F96A7D0D0,DXGI,0,512,1,Hardware: Independent Flip,5848.7011,37.8117,37.5378,0.2739,36.1760,33.6845,33.6787,0.0058,71.3614,16.5362,-16.9514,5848.7011,1.5009,68.1205,NA
SandFall-Win64-Shipping.exe,31024,0x13F96A7D0D0,DXGI,0,512,1,Hardware: Independent Flip,5886.5128,0.3668,0.1650,0.2018,32.0488,0.2091,0.2068,0.0023,50.0859,17.7305,21.2755,5886.5128,17.8280,NA,NA
SandFall-Win64-Shipping.exe,31024,0x13F96A7D0D0,DXGI,0,512,1,Hardware: Independent Flip,5886.8796,31.0395,30.8055,0.2340,31.8911,34.0577,34.0496,0.0081,67.4496,16.5207,-17.3637,5886.8796,1.5008,64.5835,NA
SandFall-Win64-Shipping.exe,31024,0x13F96A7D0D0,DXGI,0,512,1,Hardware: Independent Flip,5917.9191,0.3168,0.1640,0.1528,34.9093,0.2091,0.2065,0.0026,52.9308,15.3740,14.5188,5917.9191,17.8124,NA,NA
SandFall-Win64-Shipping.exe,31024,0x13F96A7D0D0,DXGI,0,512,1,Hardware: Independent Flip,5918.2359,34.6923,34.3663,0.3260,34.8016,31.7905,31.7842,0.0063,67.9880,16.8552,-15.0572,5918.2359,1.3959,63.2535,NA
SandFall-Win64-Shipping.exe,31024,0x13F96A7D0D0,DXGI,0,512,1,Hardware: Independent Flip,5952.9282,0.4060,0.2530,0.1530,31.8998,0.2017,0.1996,0.0021,50.1509,20.3856,17.8371,5952.9282,18.0494,NA,NA
SandFall-Win64-Shipping.exe,31024,0x13F96A7D0D0,DXGI,0,512,1,Hardware: Independent Flip,5953.3342,36.1612,35.9155,0.2457,31.6955,36.9344,36.9230,0.0114,70.1305,16.7905,-19.9796,5953.3342,1.5006,NA,NA
SandFall-Win64-Shipping.exe,31024,0x13F96A7D0D0,DXGI,0,512,1,Hardware: Independent Flip,5989.4954,0.3124,0.1593,0.1531,32.4687,0.2117,0.2096,0.0021,50.7598,19.3889,19.3707,5989.4954,18.0794,NA,NA
SandFall-Win64-Shipping.exe,31024,0x13F96A7D0D0,DXGI,0,512,1,Hardware: Independent Flip,5989.8078,37.5154,37.2598,0.2556,32.3680,37.2566,37.2470,0.0096,69.8363,17.7465,-19.0765,5989.8078,0.2117,62.3923,NA
SandFall-Win64-Shipping.exe,31024,0x13F96A7D0D0,DXGI,0,512,1,Hardware: Independent Flip,6027.3232,0.3219,0.1648,0.1571,32.1092,0.1707,0.1653,0.0054,50.0674,17.8663,19.7689,6027.3232,17.7875,NA,NA
SandFall-Win64-Shipping.exe,31024,0x13F96A7D0D0,DXGI,0,512,1,Hardware: Independent Flip,6027.6451,34.1901,33.9296,0.2605,31.9580,35.6532,35.6414,0.0118,67.6118,19.0193,-17.5444,6027.6451,0.0006,67.2589,NA
SandFall-Win64-Shipping.exe,31024,0x13F96A7D0D0,DXGI,0,512,1,Hardware: Independent Flip,6061.8352,0.3120,0.1560,0.1560,33.4211,0.2214,0.2214,0.0000,52.4410,12.9550,15.1708,6061.8352,18.7985,NA,NA
SandFall-Win64-Shipping.exe,31024,0x13F96A7D0D0,DXGI,0,512,1,Hardware: Independent Flip,6062.1472,30.1648,29.9170,0.2478,33.3305,31.7530,31.7454,0.0076,65.0840,18.7134,-12.6430,6062.1472,0.0005,68.4635,NA
SandFall-Win64-Shipping.exe,31024,0x13F96A7D0D0,DXGI,0,512,1,Hardware: Independent Flip,6092.3120,0.3677,0.2046,0.1631,34.9187,0.2167,0.2143,0.0024,53.6326,13.6057,11.4514,6092.3120,18.4972,NA,NA
SandFall-Win64-Shipping.exe,31024,0x13F96A7D0D0,DXGI,0,512,1,Hardware: Independent Flip,6092.6797,34.7868,34.3703,0.4165,34.7677,30.6023,30.5951,0.0072,66.8706,15.8738,-13.2380,6092.6797,1.5006,56.6141,NA
SandFall-Win64-Shipping.exe,31024,0x13F96A7D0D0,DXGI,0,512,1,Hardware: Independent Flip,6127.4665,0.3254,0.1716,0.1538,30.5832,0.3254,0.3233,0.0021,47.9576,18.8905,18.9130,6127.4665,17.0490,NA,NA
SandFall-Win64-Shipping.exe,31024,0x13F96A7D0D0,DXGI,0,512,1,Hardware: Independent Flip,6127.7919,39.3000,38.9996,0.3004,30.5832,34.4386,34.4293,0.0093,66.5227,15.8480,-18.5651,6127.7919,1.5009,58.3715,NA
SandFall-Win64-Shipping.exe,31024,0x13F96A7D0D0,DXGI,0,512,1,Hardware: Independent Flip,6167.0919,0.4363,0.2325,0.2038,25.7218,0.1961,0.1945,0.0016,43.0707,15.6865,23.4520,6167.0919,17.1528,NA,NA
SandFall-Win64-Shipping.exe,31024,0x13F96A7D0D0,DXGI,0,512,1,Hardware: Independent Flip,6167.5282,33.5543,33.2742,0.2801,25.4816,31.3384,31.3264,0.0120,58.3209,15.7600,-15.2502,6167.5282,1.5009,52.9215,NA
SandFall-Win64-Shipping.exe,31024,0x13F96A7D0D0,DXGI,0,512,1,Hardware: Independent Flip,6201.0825,0.3587,0.1703,0.1884,23.2657,0.2218,0.2201,0.0017,40.5266,18.3157,17.7943,6201.0825,17.0391,NA,NA
SandFall-Win64-Shipping.exe,31024,0x13F96A7D0D0,DXGI,0,512,1,Hardware: Independent Flip,6201.4412,29.8579,29.5945,0.2634,23.1288,33.8537,33.8010,0.0527,58.4836,15.5675,-17.9570,6201.4412,1.5011,52.9953,NA
SandFall-Win64-Shipping.exe,31024,0x13F96A7D0D0,DXGI,0,512,1,Hardware: Independent Flip,6231.2991,0.3090,0.1566,0.1524,27.1246,0.2203,0.2182,0.0021,44.1932,19.7525,14.2904,6231.2991,16.8483,NA,NA
SandFall-Win64-Shipping.exe,31024,0x13F96A7D0D0,DXGI,0,512,1,Hardware: Independent Flip,6231.6081,34.8042,34.5539,0.2503,27.0359,35.0999,35.0890,0.0109,63.6367,15.3016,-19.4435,6231.6081,1.5009,53.3113,NA
SandFall-Win64-Shipping.exe,31024,0x13F96A7D0D0,DXGI,0,512,1,Hardware: Independent Flip,6266.4123,0.3095,0.1550,0.1545,27.3316,0.2234,0.2217,0.0017,44.1341,21.0505,19.5026,6266.4123,16.5791,NA,NA
SandFall-Win64-Shipping.exe,31024,0x13F96A7D0D0,DXGI,0,512,1,Hardware: Independent Flip,6266.7218,34.0926,33.7462,0.3464,27.2455,37.6287,37.6216,0.0071,64.8751,17.5666,-20.7410,6266.7218,0.0009,55.6691,NA
SandFall-Win64-Shipping.exe,31024,0x13F96A7D0D0,DXGI,0,512,1,Hardware: Independent Flip,6300.8144,0.3731,0.1695,0.2036,30.7816,0.1817,0.1776,0.0041,48.3491,21.2017,16.5260,6300.8144,17.3858,NA,NA
SandFall-Win64-Shipping.exe,31024,0x13F96A7D0D0,DXGI,0,512,1,Hardware: Independent Flip,6301.1875,33.6558,33.4093,0.2465,30.5902,38.5870,38.5819,0.0051,69.1777,18.4658,-20.8286,6301.1875,0.0005,60.4024,NA
SandFall-Win64-Shipping.exe,31024,0x13F96A7D0D0,DXGI,0,512,1,Hardware: Independent Flip,6334.8433,0.3175,0.1608,0.1567,35.5214,0.2152,0.2127,0.0025,53.9877,17.1844,15.1900,6334.8433,18.2511,NA,NA
SandFall-Win64-Shipping.exe,31024,0x13F96A7D0D0,DXGI,0,512,1,Hardware: Independent Flip,6335.1608,32.9309,32.6559,0.2750,35.4191,35.4344,35.4301,0.0043,70.8546,18.6996,-16.8669,6335.1608,0.0011,62.0822,NA
SandFall-Win64-Shipping.exe,31024,0x13F96A7D0D0,DXGI,0,512,1,Hardware: Independent Flip,6368.0917,0.3243,0.1690,0.1553,37.9226,0.2193,0.2167,0.0026,56.6233,16.5611,14.2313,6368.0917,18.4814,NA,NA
SandFall-Win64-Shipping.exe,31024,0x13F96A7D0D0,DXGI,0,512,1,Hardware: Independent Flip,6368.4160,40.0925,39.8448,0.2477,37.8176,35.0414,35.0367,0.0047,72.8601,18.9960,-16.2368,6368.4160,0.0011,66.3506,NA
SandFall-Win64-Shipping.exe,31024,0x13F96A7D0D0,DXGI,0,512,1,Hardware: Independent Flip,6408.5085,0.3078,0.1594,0.1484,32.7665,0.2219,0.2191,0.0028,51.7636,16.2376,21.0965,6408.5085,18.7752,NA,NA
SandFall-Win64-Shipping.exe,31024,0x13F96A7D0D0,DXGI,0,512,1,Hardware: Independent Flip,6408.8163,34.9604,34.3003,0.6601,32.6806,35.0124,35.0043,0.0081,67.6934,18.9143,-15.9298,6408.8163,0.0004,62.5689,NA
SandFall-Win64-Shipping.exe,31024,0x13F96A7D0D0,DXGI,0,512,1,Hardware: Independent Flip,6443.7767,0.4461,0.1866,0.2595,32.7326,0.2219,0.2219,0.0000,51.6473,19.0393,16.0461,6443.7767,18.6928,NA,NA
SandFall-Win64-Shipping.exe,31024,0x13F96A7D0D0,DXGI,0,512,1,Hardware: Independent Flip,6444.2228,34.6961,34.4399,0.2562,32.5084,37.7313,37.7236,0.0077,70.2405,20.0910,-18.5932,6444.2228,0.0008,70.5243,NA
SandFall-Win64-Shipping.exe,31024,0x13F96A7D0D0,DXGI,0,512,1,Hardware: Independent Flip,6478.9189,0.3185,0.1616,0.1569,35.5436,0.2397,0.2372,0.0025,55.6354,19.0429,14.6051,6478.9189,19.8521,NA,NA
SandFall-Win64-Shipping.exe,31024,0x13F96A7D0D0,DXGI,0,512,1,Hardware: Independent Flip,6479.2374,37.8699,37.6099,0.2600,35.4648,38.8944,38.8880,0.0064,74.3598,20.0184,-18.7244,6479.2374,0.0006,NA,NA
SandFall-Win64-Shipping.exe,31024,0x13F96A7D0D0,DXGI,0,512,1,Hardware: Independent Flip,6517.1073,0.3652,0.1965,0.1687,36.4893,0.2315,0.2272,0.0043,56.5083,16.1220,17.8515,6517.1073,19.7875,NA,NA
SandFall-Win64-Shipping.exe,31024,0x13F96A7D0D0,DXGI,0,512,1,Hardware: Independent Flip,6517.4725,34.7972,34.5635,0.2337,36.3556,35.9084,35.9013,0.0071,72.2651,19.9735,-15.7568,6517.4725,0.0011,NA,NA
SandFall-Win64-Shipping.exe,31024,0x13F96A7D0D0,DXGI,0,512,1,Hardware: Independent Flip,6552.2697,0.3697,0.1683,0.2014,37.4668,0.2264,0.2231,0.0033,57.4414,19.0088,14.8237,6552.2697,19.7482,NA,NA
SandFall-Win64-Shipping.exe,31024,0x13F96A7D0D0,DXGI,0,512,1,Hardware: Independent Flip,6552.6394,36.8995,36.6292,0.2703,37.3235,38.4362,38.4337,0.0025,76.0805,18.1208,-18.6391,6552.6394,0.3208,NA,NA
SandFall-Win64-Shipping.exe,31024,0x13F96A7D0D0,DXGI,0,512,1,Hardware: Independent Flip,6589.5389,0.5012,0.2574,0.2438,38.8602,0.2042,0.2021,0.0021,57.3018,17.6524,18.7787,6589.5389,18.2374,NA,NA
SandFall-Win64-Shipping.exe,31024,0x13F96A7D0D0,DXGI,0,512,1,Hardware: Independent Flip,6590.0401,38.1507,37.8993,0.2514,38.5632,35.0912,35.0880,0.0032,74.4530,17.6712,-17.1512,6590.0401,0.7986,NA,NA
SandFall-Win64-Shipping.exe,31024,0x13F96A7D0D0,DXGI,0,512,1,Hardware: Independent Flip,6628.1908,0.4941,0.2435,0.2506,35.5037,0.2203,0.2175,0.0028,53.9735,18.1899,20.4795,6628.1908,18.2495,NA,NA
SandFall-Win64-Shipping.exe,31024,0x13F96A7D0D0,DXGI,0,512,1,Hardware: Independent Flip,6628.6849,35.9077,35.6518,0.2559,35.2299,35.3983,35.3881,0.0102,71.6693,17.3868,-17.6958,6628.6849,1.0411,NA,NA
SandFall-Win64-Shipping.exe,31024,0x13F96A7D0D0,DXGI,0,512,1,Hardware: Independent Flip,6664.5926,0.4210,0.2291,0.1919,34.7205,0.1716,0.1650,0.0066,53.1484,17.0556,18.5209,6664.5926,18.2563,NA,NA
SandFall-Win64-Shipping.exe,31024,0x13F96A7D0D0,DXGI,0,512,1,Hardware: Independent Flip,6665.0136,32.9628,32.7394,0.2234,34.4711,34.5209,34.5143,0.0066,69.7830,17.5498,-16.6346,6665.0136,0.7910,NA,NA
SandFall-Win64-Shipping.exe,31024,0x13F96A7D0D0,DXGI,0,512,1,Hardware: Independent Flip,6697.9764,0.3483,0.1601,0.1882,36.0292,0.2099,0.2078,0.0021,54.3700,19.0895,15.4130,6697.9764,18.1309,NA,NA
SandFall-Win64-Shipping.exe,31024,0x13F96A7D0D0,DXGI,0,512,1,Hardware: Independent Flip,6698.3247,37.9245,37.6288,0.2957,35.8908,36.2543,36.2461,0.0082,73.1112,17.3755,-18.7412,6698.3247,0.9661,NA,NA
SandFall-Win64-Shipping.exe,31024,0x13F96A7D0D0,DXGI,0,512,1,Hardware: Independent Flip,6736.2492,0.3413,0.1810,0.1603,34.2206,0.2194,0.2176,0.0018,52.5622,15.8634,20.5490,6736.2492,18.1222,NA,NA
SandFall-Win64-Shipping.exe,31024,0x13F96A7D0D0,DXGI,0,512,1,Hardware: Independent Flip,6736.5905,35.5697,35.3133,0.2564,34.0987,33.7794,33.7749,0.0045,68.0843,18.1847,-15.5221,6736.5905,0.2062,NA,NA
SandFall-Win64-Shipping.exe,31024,0x13F96A7D0D0,DXGI,0,512,1,Hardware: Independent Flip,6772.1602,0.3188,0.1618,0.1570,32.3084,0.2280,0.2257,0.0023,50.6993,16.9895,17.3850,6772.1602,18.1629,NA,NA
SandFall-Win64-Shipping.exe,31024,0x13F96A7D0D0,DXGI,0,512,1,Hardware: Independent Flip,6772.4790,36.9114,36.6464,0.2650,32.2176,34.1818,34.1765,0.0053,67.3700,17.5587,-16.6707,6772.4790,0.9706,NA,NA
SandFall-Win64-Shipping.exe,31024,0x13F96A7D0D0,DXGI,0,512,1,Hardware: Independent Flip,6809.3904,0.3178,0.1624,0.1554,29.4880,0.1949,0.1931,0.0018,48.0173,17.8032,19.3527,6809.3904,18.3344,NA,NA
SandFall-Win64-Shipping.exe,31024,0x13F96A7D0D0,DXGI,0,512,1,Hardware: Independent Flip,6809.7082,36.0453,35.8008,0.2445,29.3651,34.6366,34.6264,0.0102,65.5027,16.9315,-17.4854,6809.7082,1.5010,NA,NA
SandFall-Win64-Shipping.exe,31024,0x13F96A7D0D0,DXGI,0,512,1,Hardware: Independent Flip,6845.7535,0.3315,0.1571,0.1744,27.9564,0.1676,0.1628,0.0048,46.3889,18.0612,19.1138,6845.7535,18.2649,NA,NA
SandFall-Win64-Shipping.exe,31024,0x13F96A7D0D0,DXGI,0,512,1,Hardware: Independent Flip,6846.0850,33.1260,32.8739,0.2521,27.7925,34.8812,34.8644,0.0168,64.1186,17.2365,-17.7297,6846.0850,1.4449,NA,NA
SandFall-Win64-Shipping.exe,31024,0x13F96A7D0D0,DXGI,0,512,1,Hardware: Independent Flip,6879.2110,0.3082,0.1531,0.1551,29.5477,0.2003,0.1942,0.0061,48.2291,17.2945,15.8895,6879.2110,18.4811,NA,NA
SandFall-Win64-Shipping.exe,31024,0x13F96A7D0D0,DXGI,0,512,1,Hardware: Independent Flip,6879.5192,36.2664,36.0098,0.2566,29.4398,34.8877,34.8656,0.0221,65.2154,17.5360,-16.9863,6879.5192,0.8879,NA,NA
SandFall-Win64-Shipping.exe,31024,0x13F96A7D0D0,DXGI,0,512,1,Hardware: Independent Flip,6915.7856,0.3351,0.1552,0.1799,28.0611,0.1666,0.1595,0.0071,46.4850,20.1207,18.7304,6915.7856,18.2573,NA,NA
SandFall-Win64-Shipping.exe,31024,0x13F96A7D0D0,DXGI,0,512,1,Hardware: Independent Flip,6916.1207,37.5440,37.2709,0.2731,27.8926,37.5077,37.4901,0.0176,66.2706,17.4621,-19.7856,6916.1207,0.8703,NA,NA
SandFall-Win64-Shipping.exe,31024,0x13F96A7D0D0,DXGI,0,512,1,Hardware: Independent Flip,6953.6647,0.3329,0.1552,0.1777,27.8563,0.1623,0.1576,0.0047,46.1887,22.5853,20.0819,6953.6647,18.1701,NA,NA
SandFall-Win64-Shipping.exe,31024,0x13F96A7D0D0,DXGI,0,512,1,Hardware: Independent Flip,6953.9976,35.9407,35.6876,0.2531,27.6857,40.7551,40.7436,0.0115,68.4411,18.7116,-22.2524,6953.9976,0.0003,56.4854,NA
SandFall-Win64-Shipping.exe,31024,0x13F96A7D0D0,DXGI,0,512,1,Hardware: Independent Flip,6989.9383,0.3353,0.1770,0.1583,32.5001,0.2938,0.2919,0.0019,51.2120,21.3704,17.2291,6989.9383,18.4181,NA,NA
SandFall-Win64-Shipping.exe,31024,0x13F96A7D0D0,DXGI,0,512,1,Hardware: Independent Flip,6990.2736,36.6531,36.4028,0.2503,32.4586,39.7875,39.7817,0.0058,72.2471,19.7900,-21.0351,6990.2736,0.0010,NA,NA
SandFall-Win64-Shipping.exe,31024,0x13F96A7D0D0,DXGI,0,512,1,Hardware: Independent Flip,7026.9267,0.3021,0.1536,0.1485,35.5930,0.2213,0.2177,0.0036,55.3840,19.0125,16.8631,7026.9267,19.5697,NA,NA
SandFall-Win64-Shipping.exe,31024,0x13F96A7D0D0,DXGI,0,512,1,Hardware: Independent Flip,7027.2288,34.0766,33.8359,0.2407,35.5122,38.5816,38.5791,0.0025,74.0944,19.7258,-18.7104,7027.2288,0.0006,89.2441,NA
SandFall-Win64-Shipping.exe,31024,0x13F96A7D0D0,DXGI,0,512,1,Hardware: Independent Flip,7061.3054,0.3088,0.1552,0.1536,40.0172,0.2385,0.2385,0.0000,59.7436,15.9792,14.3508,7061.3054,19.4879,NA,NA
SandFall-Win64-Shipping.exe,31024,0x13F96A7D0D0,DXGI,0,512,1,Hardware: Independent Flip,7061.6142,37.6607,37.4130,0.2477,39.9469,35.4659,35.4595,0.0064,75.4140,20.1062,-15.6704,7061.6142,0.0012,63.4595,NA
SandFall-Win64-Shipping.exe,31024,0x13F96A7D0D0,DXGI,0,512,1,Hardware: Independent Flip,7099.2749,0.3055,0.1523,0.1532,37.7521,0.2252,0.2216,0.0036,57.8595,15.2147,17.5545,7099.2749,19.8822,NA,NA
SandFall-Win64-Shipping.exe,31024,0x13F96A7D0D0,DXGI,0,512,1,Hardware: Independent Flip,7099.5804,37.9556,37.7097,0.2459,37.6718,35.0960,35.0389,0.0571,72.7687,20.0007,-14.9092,7099.5804,0.0009,68.0243,NA
SandFall-Win64-Shipping.exe,31024,0x13F96A7D0D0,DXGI,0,512,1,Hardware: Independent Flip,7137.5360,0.3500,0.1733,0.1767,34.8122,0.2119,0.2093,0.0026,54.8138,15.4861,17.9549,7137.5360,19.7897,NA,NA
SandFall-Win64-Shipping.exe,31024,0x13F96A7D0D0,DXGI,0,512,1,Hardware: Independent Flip,7137.8860,42.5390,42.2420,0.2970,34.6741,34.9548,34.9466,0.0082,69.9499,18.5414,-15.1361,7137.8860,0.3210,71.8879,NA
SandFall-Win64-Shipping.exe,31024,0x13F96A7D0D0,DXGI,0,512,1,Hardware: Independent Flip,7180.4250,0.3987,0.2263,0.1724,27.0899,0.1969,0.1951,0.0018,45.9523,16.8502,23.9976,7180.4250,18.6655,NA,NA
SandFall-Win64-Shipping.exe,31024,0x13F96A7D0D0,DXGI,0,512,1,Hardware: Independent Flip,7180.8237,34.0204,33.7519,0.2685,26.8881,34.0151,34.0052,0.0099,62.4038,16.9846,-16.4515,7180.8237,1.5006,NA,NA
SandFall-Win64-Shipping.exe,31024,0x13F96A7D0D0,DXGI,0,512,1,Hardware: Independent Flip,7214.8441,0.3083,0.1593,0.1490,26.8828,0.2068,0.2051,0.0017,45.3680,16.7200,17.0358,7214.8441,18.2784,NA,NA
SandFall-Win64-Shipping.exe,31024,0x13F96A7D0D0,DXGI,0,512,1,Hardware: Independent Flip,7215.1524,32.1408,31.8822,0.2586,26.7813,33.4974,33.4830,0.0144,61.7797,16.9632,-16.4117,7215.1524,1.5010,NA,NA
SandFall-Win64-Shipping.exe,31024,0x13F96A7D0D0,DXGI,0,512,1,Hardware: Independent Flip,7247.2932,0.3197,0.1539,0.1658,28.1379,0.1880,0.1864,0.0016,46.6021,16.7934,15.1776,7247.2932,18.2762,NA,NA
SandFall-Win64-Shipping.exe,31024,0x13F96A7D0D0,DXGI,0,512,1,Hardware: Independent Flip,7247.6129,36.8407,36.5902,0.2505,28.0062,33.5686,33.5599,0.0087,63.0758,16.9837,-16.4737,7247.6129,1.5010,NA,NA
SandFall-Win64-Shipping.exe,31024,0x13F96A7D0D0,DXGI,0,512,1,Hardware: Independent Flip,7284.4536,0.3081,0.1517,0.1564,24.7341,0.1742,0.1721,0.0021,43.2188,19.9952,19.8570,7284.4536,18.3105,NA,NA
SandFall-Win64-Shipping.exe,31024,0x13F96A7D0D0,DXGI,0,512,1,Hardware: Independent Flip,7284.7617,36.5257,36.1868,0.3389,24.6002,36.8049,34.2205,2.5844,62.9059,16.9784,-19.6871,7284.7617,1.5008,NA,NA
SandFall-Win64-Shipping.exe,31024,0x13F96A7D0D0,DXGI,0,512,1,Hardware: Independent Flip,7321.2874,0.3216,0.1610,0.1606,24.8794,0.1749,0.1701,0.0048,43.3586,19.4434,19.5473,7321.2874,18.3043,NA,NA
SandFall-Win64-Shipping.exe,31024,0x13F96A7D0D0,DXGI,0,512,1,Hardware: Independent Flip,7321.6090,36.6711,36.4215,0.2496,24.7327,36.2464,34.1815,2.0649,62.4804,16.7613,-19.1218,7321.6090,1.5013,NA,NA
SandFall-Win64-Shipping.exe,31024,0x13F96A7D0D0,DXGI,0,512,1,Hardware: Independent Flip,7358.2801,0.3151,0.1608,0.1543,24.3080,0.1625,0.1575,0.0050,42.5706,18.7591,19.9098,7358.2801,18.1001,NA,NA
SandFall-Win64-Shipping.exe,31024,0x13F96A7D0D0,DXGI,0,512,1,Hardware: Independent Flip,7358.5952,36.0198,35.7595,0.2603,24.1554,35.9013,33.9854,1.9159,61.0146,17.0710,-18.4440,7358.5952,0.9579,NA,NA
SandFall-Win64-Shipping.exe,31024,0x13F96A7D0D0,DXGI,0,512,1,Hardware: Independent Flip,7394.6150,0.3200,0.1619,0.1581,24.0369,0.1673,0.1623,0.0050,42.0658,17.0103,18.9488,7394.6150,17.8616,NA,NA
SandFall-Win64-Shipping.exe,31024,0x13F96A7D0D0,DXGI,0,512,1,Hardware: Independent Flip,7394.9350,34.5821,34.3331,0.2490,23.8842,34.8706,34.0881,0.7825,58.7561,17.8841,-16.6903,7394.9350,0.0013,NA,NA
SandFall-Win64-Shipping.exe,31024,0x13F96A7D0D0,DXGI,0,512,1,Hardware: Independent Flip,7429.5171,0.3154,0.1589,0.1565,24.1727,0.1893,0.1837,0.0056,42.0581,17.9593,16.6980,7429.5171,17.6961,NA,NA
SandFall-Win64-Shipping.exe,31024,0x13F96A7D0D0,DXGI,0,512,1,Hardware: Independent Flip,7429.8325,34.8494,34.5901,0.2593,24.0466,35.6472,34.1013,1.5459,59.7020,17.7208,-17.6439,7429.8325,0.0082,NA,NA
SandFall-Win64-Shipping.exe,31024,0x13F96A7D0D0,DXGI,0,512,1,Hardware: Independent Flip,7464.6819,0.3080,0.1538,0.1542,24.8444,0.2268,0.2193,0.0075,42.5734,20.8089,17.1286,7464.6819,17.5022,NA,NA
SandFall-Win64-Shipping.exe,31024,0x13F96A7D0D0,DXGI,0,512,1,Hardware: Independent Flip,7464.9899,35.2493,34.9997,0.2496,24.7632,38.3105,37.5347,0.7758,63.0743,17.6573,-20.5009,7464.9899,0.0006,NA,NA
SandFall-Win64-Shipping.exe,31024,0x13F96A7D0D0,DXGI,0,512,1,Hardware: Independent Flip,7500.2392,0.3544,0.1549,0.1995,27.8244,0.2219,0.2188,0.0031,45.4823,20.8832,17.5920,7500.2392,17.4360,NA,NA
SandFall-Win64-Shipping.exe,31024,0x13F96A7D0D0,DXGI,0,512,1,Hardware: Independent Flip,7500.5936,34.9288,34.6443,0.2845,27.6919,38.3183,38.3021,0.0162,66.0111,18.9816,-20.5288,7500.5936,0.0009,NA,NA
SandFall-Win64-Shipping.exe,31024,0x13F96A7D0D0,DXGI,0,512,1,Hardware: Independent Flip,7535.5224,0.3364,0.1711,0.1653,31.0814,0.2313,0.2313,0.0000,50.0639,18.7092,15.9472,7535.5224,18.7512,NA,NA
SandFall-Win64-Shipping.exe,31024,0x13F96A7D0D0,DXGI,0,512,1,Hardware: Independent Flip,7535.8588,34.1205,33.8569,0.2636,30.9763,37.4596,37.4553,0.0043,68.4367,18.9213,-18.3728,7535.8588,0.0008,NA,NA
SandFall-Win64-Shipping.exe,31024,0x13F96A7D0D0,DXGI,0,512,1,Hardware: Independent Flip,7569.9793,0.3177,0.1594,0.1583,34.3154,0.2262,0.2232,0.0030,53.2375,16.4593,15.1992,7569.9793,18.6959,NA,NA
SandFall-Win64-Shipping.exe,31024,0x13F96A7D0D0,DXGI,0,512,1,Hardware: Independent Flip,7570.2970,34.8373,34.5798,0.2575,34.2239,35.1545,35.1478,0.0067,69.3791,18.8814,-16.1416,7570.2970,0.0007,77.7292,NA
SandFall-Win64-Shipping.exe,31024,0x13F96A7D0D0,DXGI,0,512,1,Hardware: Independent Flip,7605.1343,0.3000,0.1518,0.1482,34.5411,0.2402,0.2402,0.0000,53.4232,16.8217,15.9559,7605.1343,18.6419,NA,NA
SandFall-Win64-Shipping.exe,31024,0x13F96A7D0D0,DXGI,0,512,1,Hardware: Independent Flip,7605.4343,35.9039,35.6379,0.2660,34.4813,35.4628,35.4584,0.0044,69.9449,18.9211,-16.5217,7605.4343,0.0008,68.4026,NA
SandFall-Win64-Shipping.exe,31024,0x13F96A7D0D0,DXGI,0,512,1,Hardware: Independent Flip,7641.3382,0.3280,0.1725,0.1555,34.0402,0.2142,0.2111,0.0031,52.9621,16.8544,16.9828,7641.3382,18.7077,NA,NA
SandFall-Win64-Shipping.exe,31024,0x13F96A7D0D0,DXGI,0,512,1,Hardware: Independent Flip,7641.6662,39.1238,38.8392,0.2846,33.9264,35.5609,35.5550,0.0059,69.4885,18.2341,-16.5264,7641.6662,0.0012,57.2166,NA
SandFall-Win64-Shipping.exe,31024,0x13F96A7D0D0,DXGI,0,512,1,Hardware: Independent Flip,7680.7900,0.4282,0.1679,0.2603,30.3635,0.2431,0.2404,0.0027,48.5988,19.3000,20.8897,7680.7900,17.9922,NA,NA
SandFall-Win64-Shipping.exe,31024,0x13F96A7D0D0,DXGI,0,512,1,Hardware: Independent Flip,7681.2182,33.6384,33.3657,0.2727,30.1784,37.1654,37.1589,0.0065,67.4706,17.1459,-18.8718,7681.2182,0.1268,67.7371,NA
SandFall-Win64-Shipping.exe,31024,0x13F96A7D0D0,DXGI,0,512,1,Hardware: Independent Flip,7714.8566,0.3448,0.1708,0.1740,33.7054,0.2297,0.2271,0.0026,50.9781,16.3500,16.4925,7714.8566,17.0430,NA,NA
SandFall-Win64-Shipping.exe,31024,0x13F96A7D0D0,DXGI,0,512,1,Hardware: Independent Flip,7715.2014,33.8084,33.4033,0.4051,33.5903,33.3922,33.3851,0.0071,66.9833,17.8672,-16.0052,7715.2014,0.0008,NA,NA
SandFall-Win64-Shipping.exe,31024,0x13F96A7D0D0,DXGI,0,512,1,Hardware: Independent Flip,7749.0098,0.3472,0.1641,0.1831,33.1741,0.2285,0.2265,0.0020,51.0421,16.9574,15.9412,7749.0098,17.6395,NA,NA
SandFall-Win64-Shipping.exe,31024,0x13F96A7D0D0,DXGI,0,512,1,Hardware: Independent Flip,7749.3570,37.0014,36.7561,0.2453,33.0554,34.5959,34.5893,0.0066,67.6523,17.8787,-16.6102,7749.3570,0.0010,80.0684,NA
SandFall-Win64-Shipping.exe,31024,0x13F96A7D0D0,DXGI,0,512,1,Hardware: Independent Flip,7786.3584,0.3102,0.1593,0.1509,30.6499,0.2281,0.2281,0.0000,48.5296,17.3877,19.1227,7786.3584,17.6516,NA,NA
SandFall-Win64-Shipping.exe,31024,0x13F96A7D0D0,DXGI,0,512,1,Hardware: Independent Flip,7786.6686,34.3490,34.0817,0.2673,30.5678,34.6221,34.6139,0.0082,65.6071,17.7306,-17.0775,7786.6686,0.4172,64.3348,NA
SandFall-Win64-Shipping.exe,31024,0x13F96A7D0D0,DXGI,0,512,1,Hardware: Independent Flip,7821.0176,0.3394,0.1703,0.1691,30.8409,0.2288,0.2288,0.0000,48.9887,17.2532,16.6184,7821.0176,17.9190,NA,NA
SandFall-Win64-Shipping.exe,31024,0x13F96A7D0D0,DXGI,0,512,1,Hardware: Independent Flip,7821.3570,36.0966,35.8534,0.2432,30.7303,34.5141,34.5060,0.0081,65.9025,17.9610,-16.9138,7821.3570,0.6581,NA,NA
SandFall-Win64-Shipping.exe,31024,0x13F96A7D0D0,DXGI,0,512,1,Hardware: Independent Flip,7857.4536,0.4156,0.1634,0.2522,29.1478,0.3373,0.3349,0.0024,47.7669,16.1550,18.1356,7857.4536,18.2818,NA,NA
SandFall-Win64-Shipping.exe,31024,0x13F96A7D0D0,DXGI,0,512,1,Hardware: Independent Flip,7857.8692,37.5390,37.2861,0.2529,29.0695,33.5310,33.5213,0.0097,63.5063,17.3790,-15.7394,7857.8692,0.9058,58.4427,NA
SandFall-Win64-Shipping.exe,31024,0x13F96A7D0D0,DXGI,0,512,1,Hardware: Independent Flip,7895.4082,0.3161,0.1563,0.1598,25.0615,0.2097,0.2028,0.0069,43.3463,17.4082,20.1600,7895.4082,18.0751,NA,NA
SandFall-Win64-Shipping.exe,31024,0x13F96A7D0D0,DXGI,0,512,1,Hardware: Independent Flip,7895.7243,30.7553,30.5122,0.2431,24.9551,33.9825,33.9645,0.0180,60.4384,16.7527,-17.0921,7895.7243,1.5008,56.1943,NA
SandFall-Win64-Shipping.exe,31024,0x13F96A7D0D0,DXGI,0,512,1,Hardware: Independent Flip,7926.4796,0.3223,0.1501,0.1722,28.1823,0.1941,0.1918,0.0023,46.4358,17.0865,14.0026,7926.4796,18.0594,NA,NA
SandFall-Win64-Shipping.exe,31024,0x13F96A7D0D0,DXGI,0,512,1,Hardware: Independent Flip,7926.8019,36.2734,35.9950,0.2784,28.0541,33.6451,33.6323,0.0128,63.2000,16.7312,-16.7642,7926.8019,1.5008,NA,NA
SandFall-Win64-Shipping.exe,31024,0x13F96A7D0D0,DXGI,0,512,1,Hardware: Independent Flip,7963.0753,0.3132,0.1564,0.1568,25.4258,0.2186,0.2131,0.0055,43.6578,21.2121,19.5422,7963.0753,18.0134,NA,NA
SandFall-Win64-Shipping.exe,31024,0x13F96A7D0D0,DXGI,0,512,1,Hardware: Independent Flip,7963.3885,36.7795,36.5302,0.2493,25.3312,37.7244,36.3868,1.3376,64.5567,16.6936,-20.8989,7963.3885,1.5011,50.0141,NA
SandFall-Win64-Shipping.exe,31024,0x13F96A7D0D0,DXGI,0,512,1,Hardware: Independent Flip,8000.1680,0.3573,0.1680,0.1893,26.2761,0.1678,0.1627,0.0051,44.4708,20.2592,20.0859,8000.1680,18.0269,NA,NA
SandFall-Win64-Shipping.exe,31024,0x13F96A7D0D0,DXGI,0,512,1,Hardware: Independent Flip,8000.5253,36.3377,36.0880,0.2497,26.0866,38.2852,38.2727,0.0125,64.3727,18.5954,-19.9019,8000.5253,0.0009,57.9278,NA
SandFall-Win64-Shipping.exe,31024,0x13F96A7D0D0,DXGI,0,512,1,Hardware: Independent Flip,8036.8630,0.3042,0.1535,0.1507,28.0341,0.2107,0.2082,0.0025,46.6304,17.5176,17.7423,8036.8630,18.3856,NA,NA
SandFall-Win64-Shipping.exe,31024,0x13F96A7D0D0,DXGI,0,512,1,Hardware: Independent Flip,8037.1672,35.2688,35.0247,0.2441,27.9406,35.9022,35.8867,0.0155,63.8438,19.4069,-17.2134,8037.1672,0.0010,52.0824,NA
SandFall-Win64-Shipping.exe,31024,0x13F96A7D0D0,DXGI,0,512,1,Hardware: Independent Flip,8072.4360,0.3100,0.1563,0.1537,28.5740,0.2250,0.2219,0.0031,47.9819,20.3979,15.8619,8072.4360,19.1829,NA,NA
SandFall-Win64-Shipping.exe,31024,0x13F96A7D0D0,DXGI,0,512,1,Hardware: Independent Flip,8072.7460,38.8630,38.5978,0.2652,28.4890,39.5797,39.5762,0.0035,68.0698,19.2935,-20.0879,8072.7460,0.0011,59.8841,NA
SandFall-Win64-Shipping.exe,31024,0x13F96A7D0D0,DXGI,0,512,1,Hardware: Independent Flip,8111.6090,0.3096,0.1554,0.1542,29.2057,0.2339,0.2312,0.0027,48.5003,14.9768,19.5695,8111.6090,19.0607,NA,NA
SandFall-Win64-Shipping.exe,31024,0x13F96A7D0D0,DXGI,0,512,1,Hardware: Independent Flip,8111.9186,31.0518,30.7922,0.2596,29.1300,34.0367,34.0264,0.0103,63.1675,19.0693,-14.6672,8111.9186,0.0008,65.1447,NA
SandFall-Win64-Shipping.exe,31024,0x13F96A7D0D0,DXGI,0,512,1,Hardware: Independent Flip,8142.9704,0.3110,0.1543,0.1567,32.1149,0.2749,0.2718,0.0031,51.1850,15.9860,11.9825,8142.9704,18.7952,NA,NA
SandFall-Win64-Shipping.exe,31024,0x13F96A7D0D0,DXGI,0,512,1,Hardware: Independent Flip,8143.2814,36.1483,35.8953,0.2530,32.0788,34.7799,34.7698,0.0101,66.8600,17.6534,-15.6750,8143.2814,0.0013,57.2064,NA
SandFall-Win64-Shipping.exe,31024,0x13F96A7D0D0,DXGI,0,512,1,Hardware: Independent Flip,8179.4297,0.3120,0.1569,0.1551,30.7104,0.1760,0.1689,0.0071,48.3651,16.5367,18.4949,8179.4297,17.4787,NA,NA
SandFall-Win64-Shipping.exe,31024,0x13F96A7D0D0,DXGI,0,512,1,Hardware: Independent Flip,8179.7417,39.4211,39.0988,0.3223,30.5744,32.7423,32.7278,0.0145,64.5898,16.0142,-16.2247,8179.7417,1.2731,66.3666,NA
SandFall-Win64-Shipping.exe,31024,0x13F96A7D0D0,DXGI,0,512,1,Hardware: Independent Flip,8219.1628,0.3750,0.1901,0.1849,23.8956,0.1793,0.1750,0.0043,41.1829,18.2957,23.4069,8219.1628,17.1080,NA,NA
SandFall-Win64-Shipping.exe,31024,0x13F96A7D0D0,DXGI,0,512,1,Hardware: Independent Flip,8219.5378,32.7828,32.3743,0.4085,23.6999,33.9034,33.8895,0.0139,59.1036,16.2834,-17.9207,8219.5378,1.5003,52.7014,NA
SandFall-Win64-Shipping.exe,31024,0x13F96A7D0D0,DXGI,0,512,1,Hardware: Independent Flip,8252.3206,0.4468,0.2271,0.2197,24.8205,0.2067,0.2050,0.0017,42.6042,15.8662,16.4994,8252.3206,17.5770,NA,NA
SandFall-Win64-Shipping.exe,31024,0x13F96A7D0D0,DXGI,0,512,1,Hardware: Independent Flip,8252.7674,31.2602,31.0138,0.2464,24.5804,32.7571,32.7476,0.0095,58.0236,16.9814,-15.4194,8252.7674,0.6861,50.8244,NA
SandFall-Win64-Shipping.exe,31024,0x13F96A7D0D0,DXGI,0,512,1,Hardware: Independent Flip,8284.0276,0.3197,0.1632,0.1565,26.0773,0.1647,0.1584,0.0063,43.7448,15.7524,14.2788,8284.0276,17.5028,NA,NA
SandFall-Win64-Shipping.exe,31024,0x13F96A7D0D0,DXGI,0,512,1,Hardware: Independent Flip,8284.3473,34.2453,33.9849,0.2604,25.9223,32.3509,32.3381,0.0128,59.1775,16.9882,-15.4327,8284.3473,0.9043,62.5825,NA
SandFall-Win64-Shipping.exe,31024,0x13F96A7D0D0,DXGI,0,512,1,Hardware: Independent Flip,8318.5926,0.3083,0.1570,0.1513,24.0279,0.1824,0.1769,0.0055,41.9204,18.4840,17.2571,8318.5926,17.7101,NA,NA
SandFall-Win64-Shipping.exe,31024,0x13F96A7D0D0,DXGI,0,512,1,Hardware: Independent Flip,8318.9009,35.9182,35.6715,0.2467,23.9020,34.6929,32.3444,2.3485,60.0961,16.1229,-18.1757,8318.9009,1.5012,50.0302,NA
SandFall-Win64-Shipping.exe,31024,0x13F96A7D0D0,DXGI,0,512,1,Hardware: Independent Flip,8354.8191,0.3606,0.1522,0.2084,22.6767,0.1645,0.1619,0.0026,40.3008,22.0359,19.7953,8354.8191,17.4596,NA,NA
SandFall-Win64-Shipping.exe,31024,0x13F96A7D0D0,DXGI,0,512,1,Hardware: Independent Flip,8355.1797,36.3403,36.0846,0.2557,22.4806,38.7027,34.6957,4.0070,61.9761,16.7955,-21.6753,8355.1797,0.7928,51.2154,NA
SandFall-Win64-Shipping.exe,31024,0x13F96A7D0D0,DXGI,0,512,1,Hardware: Independent Flip,8391.5200,0.3106,0.1557,0.1549,24.8430,0.1989,0.1969,0.0020,42.4313,16.2884,19.5448,8391.5200,17.3894,NA,NA
SandFall-Win64-Shipping.exe,31024,0x13F96A7D0D0,DXGI,0,512,1,Hardware: Independent Flip,8391.8306,33.5998,33.3396,0.2602,24.7313,33.6767,33.6605,0.0162,58.4091,18.8399,-15.9778,8391.8306,0.0011,49.3037,NA
SandFall-Win64-Shipping.exe,31024,0x13F96A7D0D0,DXGI,0,512,1,Hardware: Independent Flip,8425.4304,0.3217,0.1562,0.1655,24.8082,0.2209,0.2187,0.0022,43.6492,14.2921,14.7599,8425.4304,18.6201,NA,NA
SandFall-Win64-Shipping.exe,31024,0x13F96A7D0D0,DXGI,0,512,1,Hardware: Independent Flip,8425.7521,32.9574,32.6833,0.2741,24.7074,32.9112,32.8951,0.0161,57.6196,18.6535,-13.9704,8425.7521,0.0010,46.4408,NA
SandFall-Win64-Shipping.exe,31024,0x13F96A7D0D0,DXGI,0,512,1,Hardware: Independent Flip,8458.7095,0.3519,0.1908,0.1611,24.6612,0.2573,0.2573,0.0000,43.3157,16.3847,14.3039,8458.7095,18.3972,NA,NA
SandFall-Win64-Shipping.exe,31024,0x13F96A7D0D0,DXGI,0,512,1,Hardware: Independent Flip,8459.0614,33.7224,33.4770,0.2454,24.5666,34.4402,34.4262,0.0140,59.3485,16.5817,-16.0328,8459.0614,0.3417,52.4843,NA
SandFall-Win64-Shipping.exe,31024,0x13F96A7D0D0,DXGI,0,512,1,Hardware: Independent Flip,8492.7838,0.3082,0.1571,0.1511,25.2844,0.1949,0.1932,0.0017,42.2078,21.3317,17.1407,8492.7838,16.7285,NA,NA
SandFall-Win64-Shipping.exe,31024,0x13F96A7D0D0,DXGI,0,512,1,Hardware: Independent Flip,8493.0920,33.3993,33.1405,0.2588,25.1711,36.5856,36.5732,0.0124,63.2313,15.6185,-21.0235,8493.0920,1.4746,65.3812,NA
SandFall-Win64-Shipping.exe,31024,0x13F96A7D0D0,DXGI,0,512,1,Hardware: Independent Flip,8526.4913,0.3142,0.1532,0.1610,28.3574,0.2257,0.2219,0.0038,45.4505,19.4787,17.7808,8526.4913,16.8674,NA,NA
SandFall-Win64-Shipping.exe,31024,0x13F96A7D0D0,DXGI,0,512,1,Hardware: Independent Flip,8526.8055,33.4109,33.1709,0.2400,28.2689,36.3452,36.3354,0.0098,64.6150,17.9522,-19.1645,8526.8055,0.0009,NA,NA
SandFall-Win64-Shipping.exe,31024,0x13F96A7D0D0,DXGI,0,512,1,Hardware: Independent Flip,8560.2164,0.3206,0.1537,0.1669,31.2032,0.2084,0.2065,0.0019,49.1563,17.4768,15.4587,8560.2164,17.7447,NA,NA
SandFall-Win64-Shipping.exe,31024,0x13F96A7D0D0,DXGI,0,512,1,Hardware: Independent Flip,8560.5370,32.8064,32.5468,0.2596,31.0910,35.2207,35.2168,0.0039,66.3125,18.5177,-17.1562,8560.5370,0.0008,NA,NA
SandFall-Win64-Shipping.exe,31024,0x13F96A7D0D0,DXGI,0,512,1,Hardware: Independent Flip,8593.3434,0.3066,0.1522,0.1544,33.5053,0.2349,0.2349,0.0000,52.0238,13.9107,14.2887,8593.3434,18.2836,NA,NA
SandFall-Win64-Shipping.exe,31024,0x13F96A7D0D0,DXGI,0,512,1,Hardware: Independent Flip,8593.6500,34.8915,34.5744,0.3171,33.4336,32.1932,32.1862,0.0070,65.6279,18.7452,-13.6041,8593.6500,0.0011,NA,NA
SandFall-Win64-Shipping.exe,31024,0x13F96A7D0D0,DXGI,0,512,1,Hardware: Independent Flip,8628.5415,0.3476,0.1743,0.1733,30.7353,0.2181,0.2158,0.0023,49.4816,12.8450,16.1463,8628.5415,18.5282,NA,NA
SandFall-Win64-Shipping.exe,31024,0x13F96A7D0D0,DXGI,0,512,1,Hardware: Independent Flip,8628.8891,32.8888,32.6195,0.2693,30.6058,31.3723,31.3626,0.0097,61.9790,17.4238,-12.4974,8628.8891,0.0009,NA,NA
SandFall-Win64-Shipping.exe,31024,0x13F96A7D0D0,DXGI,0,512,1,Hardware: Independent Flip,8661.7779,0.3362,0.1759,0.1603,29.0893,0.2227,0.2211,0.0016,46.5140,15.6343,15.4650,8661.7779,17.2020,NA,NA
SandFall-Win64-Shipping.exe,31024,0x13F96A7D0D0,DXGI,0,512,1,Hardware: Independent Flip,8662.1141,38.7002,38.4044,0.2958,28.9758,31.3353,31.3283,0.0070,61.8121,15.3795,-15.2981,8662.1141,1.5010,NA,NA
SandFall-Win64-Shipping.exe,31024,0x13F96A7D0D0,DXGI,0,512,1,Hardware: Independent Flip,8700.8143,0.3326,0.1679,0.1647,21.6109,0.2202,0.2174,0.0028,38.4914,16.2428,23.3207,8700.8143,16.6603,NA,NA
SandFall-Win64-Shipping.exe,31024,0x13F96A7D0D0,DXGI,0,512,1,Hardware: Independent Flip,8701.1469,27.3229,27.0696,0.2533,21.4985,31.4022,31.3886,0.0136,54.4016,15.1590,-15.9102,8701.1469,1.5009,NA,NA
SandFall-Win64-Shipping.exe,31024,0x13F96A7D0D0,DXGI,0,512,1,Hardware: Independent Flip,8728.4698,0.3009,0.1503,0.1506,25.5778,0.2100,0.2081,0.0019,42.2377,16.3375,12.1639,8728.4698,16.4499,NA,NA
SandFall-Win64-Shipping.exe,31024,0x13F96A7D0D0,DXGI,0,512,1,Hardware: Independent Flip,8728.7707,32.5865,32.2828,0.3037,25.4869,31.2867,31.2752,0.0115,58.2743,15.0990,-16.0366,8728.7707,1.5007,NA,NA
SandFall-Win64-Shipping.exe,31024,0x13F96A7D0D0,DXGI,0,512,1,Hardware: Independent Flip,8761.3572,0.3395,0.1835,0.1560,24.1871,0.1580,0.1511,0.0069,40.7868,17.1389,17.4875,8761.3572,16.4417,NA,NA
SandFall-Win64-Shipping.exe,31024,0x13F96A7D0D0,DXGI,0,512,1,Hardware: Independent Flip,8761.6967,33.6943,33.4409,0.2534,24.0056,32.0795,31.5192,0.5603,57.5862,15.1171,-16.7994,8761.6967,1.5011,NA,NA
SandFall-Win64-Shipping.exe,31024,0x13F96A7D0D0,DXGI,0,512,1,Hardware: Independent Flip,8795.3910,0.3391,0.1559,0.1832,22.3908,0.1611,0.1560,0.0051,39.0090,18.1116,18.5772,8795.3910,16.4571,NA,NA
SandFall-Win64-Shipping.exe,31024,0x13F96A7D0D0,DXGI,0,512,1,Hardware: Independent Flip,8795.7301,32.5945,32.3553,0.2392,22.2128,33.0751,31.9177,1.1574,56.7815,15.1126,-17.7725,8795.7301,1.4936,NA,NA
SandFall-Win64-Shipping.exe,31024,0x13F96A7D0D0,DXGI,0,512,1,Hardware: Independent Flip,8828.3246,0.3074,0.1533,0.1541,22.6934,0.1632,0.1580,0.0052,39.2996,16.3919,17.4819,8828.3246,16.4430,NA,NA
SandFall-Win64-Shipping.exe,31024,0x13F96A7D0D0,DXGI,0,512,1,Hardware: Independent Flip,8828.6320,34.6383,34.3216,0.3167,22.5492,32.8299,31.7301,1.0998,55.3841,16.5662,-16.0845,8828.6320,0.0050,49.0722,NA
SandFall-Win64-Shipping.exe,31024,0x13F96A7D0D0,DXGI,0,512,1,Hardware: Independent Flip,8863.2703,0.3546,0.2026,0.1520,20.7408,0.1941,0.1914,0.0027,37.3120,15.7393,18.0721,8863.2703,16.3771,NA,NA
SandFall-Win64-Shipping.exe,31024,0x13F96A7D0D0,DXGI,0,512,1,Hardware: Independent Flip,8863.6249,31.0288,30.7893,0.2395,20.5803,32.1157,31.1129,1.0028,52.6967,17.1207,-15.3847,8863.6249,0.0007,53.3867,NA
SandFall-Win64-Shipping.exe,31024,0x13F96A7D0D0,DXGI,0,512,1,Hardware: Independent Flip,8894.6537,0.3092,0.1553,0.1539,21.6672,0.1864,0.1810,0.0054,38.7886,15.5295,13.9081,8894.6537,16.9350,NA,NA
SandFall-Win64-Shipping.exe,31024,0x13F96A7D0D0,DXGI,0,512,1,Hardware: Independent Flip,8894.9629,31.7531,31.4995,0.2536,21.5444,32.4633,31.0929,1.3704,54.0089,16.6062,-15.2203,8894.9629,0.0012,45.6692,NA
SandFall-Win64-Shipping.exe,31024,0x13F96A7D0D0,DXGI,0,512,1,Hardware: Independent Flip,8926.7160,0.3011,0.1519,0.1492,22.2546,0.1856,0.1793,0.0063,38.8620,18.5628,15.1469,8926.7160,16.4218,NA,NA
SandFall-Win64-Shipping.exe,31024,0x13F96A7D0D0,DXGI,0,512,1,Hardware: Independent Flip,8927.0171,33.3489,33.1068,0.2421,22.1391,34.4485,32.2517,2.1968,57.1237,15.7894,-18.2617,8927.0171,0.5361,44.2087,NA
SandFall-Win64-Shipping.exe,31024,0x13F96A7D0D0,DXGI,0,512,1,Hardware: Independent Flip,8960.3660,0.3354,0.1670,0.1684,23.2387,0.1564,0.1540,0.0024,39.5642,15.3902,17.5595,8960.3660,16.1691,NA,NA
SandFall-Win64-Shipping.exe,31024,0x13F96A7D0D0,DXGI,0,512,1,Hardware: Independent Flip,8960.7014,32.9494,32.6966,0.2528,23.0597,31.5576,31.3445,0.2131,54.6190,16.6830,-15.0548,8960.7014,0.0017,50.5110,NA
SandFall-Win64-Shipping.exe,31024,0x13F96A7D0D0,DXGI,0,512,1,Hardware: Independent Flip,8993.6508,0.3070,0.1533,0.1537,21.6679,0.1929,0.1929,0.0000,38.3526,20.6977,16.2664,8993.6508,16.4918,NA,NA
SandFall-Win64-Shipping.exe,31024,0x13F96A7D0D0,DXGI,0,512,1,Hardware: Independent Flip,8993.9578,35.0762,34.8126,0.2636,21.5538,37.1881,35.5333,1.6548,58.7433,16.3515,-20.3907,8993.9578,0.0014,57.1361,NA
SandFall-Win64-Shipping.exe,31024,0x13F96A7D0D0,DXGI,0,512,1,Hardware: Independent Flip,9029.0340,0.3201,0.1593,0.1608,23.6657,0.2038,0.2008,0.0030,40.0186,19.1086,18.7247,9029.0340,16.1491,NA,NA
SandFall-Win64-Shipping.exe,31024,0x13F96A7D0D0,DXGI,0,512,1,Hardware: Independent Flip,9029.3541,28.2513,27.7034,0.5479,23.5494,35.2570,35.2485,0.0085,58.8071,17.5041,-18.7885,9029.3541,0.0007,52.2270,NA
SandFall-Win64-Shipping.exe,31024,0x13F96A7D0D0,DXGI,0,512,1,Hardware: Independent Flip,9057.6054,0.3206,0.1649,0.1557,30.5551,0.2219,0.2184,0.0035,48.0599,19.7466,10.7472,9057.6054,17.2829,NA,NA
SandFall-Win64-Shipping.exe,31024,0x13F96A7D0D0,DXGI,0,512,1,Hardware: Independent Flip,9057.9260,32.9664,32.6928,0.2736,30.4564,37.0287,37.0217,0.0070,67.4859,17.5875,-19.4260,9057.9260,0.0008,64.4718,NA
SandFall-Win64-Shipping.exe,31024,0x13F96A7D0D0,DXGI,0,512,1,Hardware: Independent Flip,9090.8924,0.3151,0.1576,0.1575,34.5187,0.2442,0.2411,0.0031,52.1070,15.1667,15.3789,9090.8924,17.3441,NA,NA
SandFall-Win64-Shipping.exe,31024,0x13F96A7D0D0,DXGI,0,512,1,Hardware: Independent Flip,9091.2075,30.6734,30.3964,0.2770,34.4478,32.5105,32.5029,0.0076,66.9586,17.4904,-14.8516,9091.2075,0.0003,70.3219,NA
SandFall-Win64-Shipping.exe,31024,0x13F96A7D0D0,DXGI,0,512,1,Hardware: Independent Flip,9121.8809,0.3001,0.1551,0.1450,36.2849,0.2567,0.2533,0.0034,53.7756,15.0785,13.1830,9121.8809,17.2340,NA,NA
SandFall-Win64-Shipping.exe,31024,0x13F96A7D0D0,DXGI,0,512,1,Hardware: Independent Flip,9122.1810,33.1754,32.9365,0.2389,36.2415,32.3121,32.3043,0.0078,68.5540,17.6920,-14.7784,9122.1810,0.0004,NA,NA
SandFall-Win64-Shipping.exe,31024,0x13F96A7D0D0,DXGI,0,512,1,Hardware: Independent Flip,9155.3564,0.3045,0.1534,0.1511,35.3782,0.2465,0.2465,0.0000,53.0706,14.3634,15.4834,9155.3564,17.4459,NA,NA
SandFall-Win64-Shipping.exe,31024,0x13F96A7D0D0,DXGI,0,512,1,Hardware: Independent Flip,9155.6609,32.3110,32.0608,0.2502,35.3202,31.8086,31.8011,0.0075,67.1295,17.6588,-14.0589,9155.6609,0.0007,58.0717,NA
SandFall-Win64-Shipping.exe,31024,0x13F96A7D0D0,DXGI,0,512,1,Hardware: Independent Flip,9187.9719,0.3220,0.1742,0.1478,34.8178,0.2343,0.2323,0.0020,52.4773,14.0012,14.6522,9187.9719,17.4252,NA,NA
SandFall-Win64-Shipping.exe,31024,0x13F96A7D0D0,DXGI,0,512,1,Hardware: Independent Flip,9188.2939,34.1606,33.9233,0.2373,34.7301,31.4257,31.4204,0.0053,66.1565,16.7317,-13.6792,9188.2939,0.0007,58.9979,NA
SandFall-Win64-Shipping.exe,31024,0x13F96A7D0D0,DXGI,0,512,1,Hardware: Independent Flip,9222.4545,0.4403,0.1663,0.2740,31.9952,0.2145,0.2117,0.0028,48.7276,15.1521,17.4289,9222.4545,16.5179,NA,NA
SandFall-Win64-Shipping.exe,31024,0x13F96A7D0D0,DXGI,0,512,1,Hardware: Independent Flip,9222.8948,31.6775,31.3522,0.3253,31.7694,30.6382,30.6328,0.0054,63.4394,15.3060,-14.7118,9222.8948,1.0318,56.3998,NA
SandFall-Win64-Shipping.exe,31024,0x13F96A7D0D0,DXGI,0,512,1,Hardware: Independent Flip,9254.5723,0.3928,0.2388,0.1540,30.7301,0.2049,0.2029,0.0020,47.0679,16.4595,16.3715,9254.5723,16.1329,NA,NA
SandFall-Win64-Shipping.exe,31024,0x13F96A7D0D0,DXGI,0,512,1,Hardware: Independent Flip,9254.9651,33.5134,33.1116,0.4018,30.5422,31.0914,31.0870,0.0044,63.1346,14.8660,-16.0667,9254.9651,1.5010,61.1352,NA
SandFall-Win64-Shipping.exe,31024,0x13F96A7D0D0,DXGI,0,512,1,Hardware: Independent Flip,9288.4785,0.3638,0.1980,0.1658,28.1202,0.2112,0.2094,0.0018,44.4872,16.0648,18.6474,9288.4785,16.1558,NA,NA
SandFall-Win64-Shipping.exe,31024,0x13F96A7D0D0,DXGI,0,512,1,Hardware: Independent Flip,9288.8423,31.9549,31.6940,0.2609,27.9676,30.9738,30.9644,0.0094,60.1882,15.3705,-15.7010,9288.8423,1.2468,53.0949,NA
SandFall-Win64-Shipping.exe,31024,0x13F96A7D0D0,DXGI,0,512,1,Hardware: Independent Flip,9320.7972,0.3918,0.2297,0.1621,26.9865,0.2026,0.2008,0.0018,43.6038,15.6967,16.5844,9320.7972,16.4147,NA,NA
SandFall-Win64-Shipping.exe,31024,0x13F96A7D0D0,DXGI,0,512,1,Hardware: Independent Flip,9321.1890,33.0617,32.8114,0.2503,26.7973,31.4551,31.4501,0.0050,58.9087,15.9068,-15.3049,9321.1890,0.6563,55.1634,NA
SandFall-Win64-Shipping.exe,31024,0x13F96A7D0D0,DXGI,0,512,1,Hardware: Independent Flip,9354.2507,0.3144,0.1537,0.1607,25.1907,0.1718,0.1671,0.0047,41.7538,15.8572,17.1549,9354.2507,16.3913,NA,NA
SandFall-Win64-Shipping.exe,31024,0x13F96A7D0D0,DXGI,0,512,1,Hardware: Independent Flip,9354.5651,28.5564,28.2738,0.2826,25.0481,31.7459,31.7327,0.0132,57.2966,15.9129,-15.5428,9354.5651,0.5026,53.9269,NA
SandFall-Win64-Shipping.exe,31024,0x13F96A7D0D0,DXGI,0,512,1,Hardware: Independent Flip,9383.1215,0.3192,0.1579,0.1613,28.2376,0.2215,0.2196,0.0019,44.6531,15.9706,12.6435,9383.1215,16.1940,NA,NA
SandFall-Win64-Shipping.exe,31024,0x13F96A7D0D0,DXGI,0,512,1,Hardware: Independent Flip,9383.4407,36.0148,35.7487,0.2661,28.1399,31.6267,31.6220,0.0047,60.3045,15.8696,-15.6514,9383.4407,0.5379,47.8085,NA
SandFall-Win64-Shipping.exe,31024,0x13F96A7D0D0,DXGI,0,512,1,Hardware: Independent Flip,9419.4555,0.3356,0.1719,0.1637,23.7518,0.2283,0.2283,0.0000,40.1593,14.5885,20.1452,9419.4555,16.1792,NA,NA
SandFall-Win64-Shipping.exe,31024,0x13F96A7D0D0,DXGI,0,512,1,Hardware: Independent Flip,9419.7911,27.5803,27.3295,0.2508,23.6445,30.2482,30.2378,0.0104,54.4122,15.8210,-14.2529,9419.7911,0.5195,48.0977,NA
SandFall-Win64-Shipping.exe,31024,0x13F96A7D0D0,DXGI,0,512,1,Hardware: Independent Flip,9447.3714,0.3230,0.1558,0.1672,26.3124,0.1647,0.1566,0.0081,42.6529,15.5797,11.7593,9447.3714,16.1758,NA,NA
SandFall-Win64-Shipping.exe,31024,0x13F96A7D0D0,DXGI,0,512,1,Hardware: Independent Flip,9447.6944,32.4193,32.1562,0.2631,26.1541,30.5806,30.5691,0.0115,57.9096,15.2242,-15.2567,9447.6944,1.1749,48.7355,NA
SandFall-Win64-Shipping.exe,31024,0x13F96A7D0D0,DXGI,0,512,1,Hardware: Independent Flip,9480.1137,0.3213,0.1580,0.1633,24.3154,0.2185,0.2147,0.0038,40.7145,16.8650,17.1951,9480.1137,16.1806,NA,NA
SandFall-Win64-Shipping.exe,31024,0x13F96A7D0D0,DXGI,0,512,1,Hardware: Independent Flip,9480.4350,34.5024,34.2264,0.2760,24.2126,31.7393,31.4538,0.2855,57.2582,15.1280,-16.5437,9480.4350,1.3063,50.0801,NA
SandFall-Win64-Shipping.exe,31024,0x13F96A7D0D0,DXGI,0,512,1,Hardware: Independent Flip,9514.9374,0.3306,0.1703,0.1603,21.4495,0.1840,0.1789,0.0051,37.8838,22.6040,19.3744,9514.9374,16.2503,NA,NA
SandFall-Win64-Shipping.exe,31024,0x13F96A7D0D0,DXGI,0,512,1,Hardware: Independent Flip,9515.2680,34.5222,33.8927,0.6295,21.3029,38.3627,36.3989,1.9638,60.1572,15.9760,-22.2734,9515.2680,0.4916,50.4885,NA
SandFall-Win64-Shipping.exe,31024,0x13F96A7D0D0,DXGI,0,512,1,Hardware: Independent Flip,9549.7902,0.3760,0.2032,0.1728,25.1434,0.1790,0.1790,0.0000,41.6110,18.1098,18.5462,9549.7902,16.2886,NA,NA
SandFall-Win64-Shipping.exe,31024,0x13F96A7D0D0,DXGI,0,512,1,Hardware: Independent Flip,9550.1662,29.4330,29.1880,0.2450,24.9464,34.3979,34.3904,0.0075,59.3448,17.7415,-17.7338,9550.1662,0.0005,60.3847,NA
SandFall-Win64-Shipping.exe,31024,0x13F96A7D0D0,DXGI,0,512,1,Hardware: Independent Flip,9579.5992,0.3761,0.1578,0.2183,29.9113,0.2102,0.2083,0.0019,47.6533,16.8819,11.6915,9579.5992,17.5318,NA,NA
SandFall-Win64-Shipping.exe,31024,0x13F96A7D0D0,DXGI,0,512,1,Hardware: Independent Flip,9579.9753,31.2125,30.7444,0.4681,29.7454,34.4128,34.4059,0.0069,64.1591,17.6197,-16.5058,9579.9753,0.0009,NA,NA
SandFall-Win64-Shipping.exe,31024,0x13F96A7D0D0,DXGI,0,512,1,Hardware: Independent Flip,9611.1878,0.4536,0.2759,0.1777,32.9457,0.2741,0.2713,0.0028,50.5663,13.8225,13.5928,9611.1878,17.3465,NA,NA
SandFall-Win64-Shipping.exe,31024,0x13F96A7D0D0,DXGI,0,512,1,Hardware: Independent Flip,9611.6414,32.1139,31.8784,0.2355,32.7662,31.1683,31.1578,0.0105,63.9352,17.6064,-13.3689,9611.6414,0.0007,80.2938,NA
SandFall-Win64-Shipping.exe,31024,0x13F96A7D0D0,DXGI,0,512,1,Hardware: Independent Flip,9643.7553,0.4369,0.1876,0.2493,31.8206,0.1816,0.1766,0.0050,49.4277,14.4486,14.5075,9643.7553,17.4255,NA,NA
SandFall-Win64-Shipping.exe,31024,0x13F96A7D0D0,DXGI,0,512,1,Hardware: Independent Flip,9644.1922,30.7517,30.5076,0.2441,31.5653,31.8736,31.8658,0.0078,63.4394,17.4405,-14.0117,9644.1922,0.0005,81.6457,NA
SandFall-Win64-Shipping.exe,31024,0x13F96A7D0D0,DXGI,0,512,1,Hardware: Independent Flip,9674.9439,0.3217,0.1683,0.1534,32.6872,0.1821,0.1769,0.0052,50.1282,13.7963,13.3112,9674.9439,17.2589,NA,NA
SandFall-Win64-Shipping.exe,31024,0x13F96A7D0D0,DXGI,0,512,1,Hardware: Independent Flip,9675.2656,38.3619,38.0971,0.2648,32.5476,31.0545,31.0445,0.0100,63.6028,16.2778,-13.4746,9675.2656,0.0007,51.3704,NA
SandFall-Win64-Shipping.exe,31024,0x13F96A7D0D0,DXGI,0,512,1,Hardware: Independent Flip,9713.6275,0.3153,0.1650,0.1503,25.2402,0.1831,0.1790,0.0041,41.5187,17.7533,22.0841,9713.6275,16.0954,NA,NA
SandFall-Win64-Shipping.exe,31024,0x13F96A7D0D0,DXGI,0,512,1,Hardware: Independent Flip,9713.9428,28.5619,28.3036,0.2583,25.1080,32.5015,32.4904,0.0111,58.9567,14.3411,-17.4380,9713.9428,1.3472,54.6393,NA
SandFall-Win64-Shipping.exe,31024,0x13F96A7D0D0,DXGI,0,512,1,Hardware: Independent Flip,9742.5047,0.3215,0.1636,0.1579,29.0476,0.1675,0.1617,0.0058,44.7359,15.4205,14.2208,9742.5047,15.5208,NA,NA
SandFall-Win64-Shipping.exe,31024,0x13F96A7D0D0,DXGI,0,512,1,Hardware: Independent Flip,9742.8262,32.2245,31.9727,0.2518,28.8936,30.3348,30.3259,0.0089,59.8349,15.2066,-15.0990,9742.8262,0.6065,53.6409,NA
SandFall-Win64-Shipping.exe,31024,0x13F96A7D0D0,DXGI,0,512,1,Hardware: Independent Flip,9775.0507,0.3130,0.1599,0.1531,27.0039,0.2087,0.2067,0.0020,42.8170,15.0232,17.0179,9775.0507,15.6044,NA,NA
SandFall-Win64-Shipping.exe,31024,0x13F96A7D0D0,DXGI,0,512,1,Hardware: Independent Flip,9775.3637,26.7127,26.3693,0.3434,26.8996,30.5528,30.5437,0.0091,57.5272,16.0910,-14.7102,9775.3637,0.0748,53.1237,NA
SandFall-Win64-Shipping.exe,31024,0x13F96A7D0D0,DXGI,0,512,1,Hardware: Independent Flip,9802.0764,0.3848,0.2219,0.1629,30.7397,0.2885,0.2862,0.0023,46.9055,15.1756,10.6217,9802.0764,15.8773,NA,NA
SandFall-Win64-Shipping.exe,31024,0x13F96A7D0D0,DXGI,0,512,1,Hardware: Independent Flip,9802.4612,37.1784,36.9096,0.2688,30.6434,30.8780,30.8723,0.0057,61.6963,16.0301,-14.7908,9802.4612,0.1749,58.2201,NA
SandFall-Win64-Shipping.exe,31024,0x13F96A7D0D0,DXGI,0,512,1,Hardware: Independent Flip,9839.6396,0.3339,0.1758,0.1581,24.3430,0.3771,0.3753,0.0018,40.5480,16.2485,21.1483,9839.6396,15.8279,NA,NA
SandFall-Win64-Shipping.exe,31024,0x13F96A7D0D0,DXGI,0,512,1,Hardware: Independent Flip,9839.9735,33.0083,32.2350,0.7733,24.3862,31.4331,31.4222,0.0109,56.4626,15.5751,-15.9146,9839.9735,0.6433,54.4075,NA
SandFall-Win64-Shipping.exe,31024,0x13F96A7D0D0,DXGI,0,512,1,Hardware: Independent Flip,9872.9818,0.3418,0.1822,0.1596,22.8110,0.1622,0.1566,0.0056,39.0294,15.2012,17.4332,9872.9818,16.0562,NA,NA
SandFall-Win64-Shipping.exe,31024,0x13F96A7D0D0,DXGI,0,512,1,Hardware: Independent Flip,9873.3236,26.4044,26.1567,0.2477,22.6314,30.7105,30.6990,0.0115,53.8888,15.7115,-14.8594,9873.3236,0.5469,50.2724,NA
SandFall-Win64-Shipping.exe,31024,0x13F96A7D0D0,DXGI,0,512,1,Hardware: Independent Flip,9899.7280,0.3027,0.1523,0.1504,26.9375,0.2015,0.1997,0.0018,43.1959,15.8323,10.6929,9899.7280,16.0569,NA,NA
SandFall-Win64-Shipping.exe,31024,0x13F96A7D0D0,DXGI,0,512,1,Hardware: Independent Flip,9900.0307,31.6890,31.4520,0.2370,26.8363,31.1476,31.1277,0.0199,58.7255,15.4650,-15.5296,9900.0307,0.7416,49.8125,NA
SandFall-Win64-Shipping.exe,31024,0x13F96A7D0D0,DXGI,0,512,1,Hardware: Independent Flip,9931.7197,0.3121,0.1660,0.1461,26.2949,0.2036,0.2019,0.0017,42.5015,16.5041,16.2240,9931.7197,16.0030,NA,NA
SandFall-Win64-Shipping.exe,31024,0x13F96A7D0D0,DXGI,0,512,1,Hardware: Independent Flip,9932.0318,32.7053,32.2070,0.4983,26.1864,31.8176,31.8062,0.0114,58.6935,15.5206,-16.1920,9932.0318,0.6895,45.7981,NA
SandFall-Win64-Shipping.exe,31024,0x13F96A7D0D0,DXGI,0,512,1,Hardware: Independent Flip,9964.7371,0.3229,0.1713,0.1516,25.2987,0.2000,0.1983,0.0017,41.5088,15.6345,17.1847,9964.7371,16.0101,NA,NA
SandFall-Win64-Shipping.exe,31024,0x13F96A7D0D0,DXGI,0,512,1,Hardware: Independent Flip,9965.0600,33.1475,32.8874,0.2601,25.1758,31.4669,31.4539,0.0130,56.8204,16.1146,-15.3116,9965.0600,0.1777,47.9472,NA
SandFall-Win64-Shipping.exe,31024,0x13F96A7D0D0,DXGI,0,512,1,Hardware: Independent Flip,9998.2075,0.3493,0.1570,0.1923,23.4952,0.1926,0.1859,0.0067,39.7875,18.0917,17.0329,9998.2075,16.0997,NA,NA
SandFall-Win64-Shipping.exe,31024,0x13F96A7D0D0,DXGI,0,512,1,Hardware: Independent Flip,9998.5568,32.3764,32.1038,0.2726,23.3385,34.0580,34.0449,0.0131,57.5299,16.0636,-17.7424,9998.5568,0.1334,45.6662,NA
SandFall-Win64-Shipping.exe,31024,0x13F96A7D0D0,DXGI,0,512,1,Hardware: Independent Flip,10030.9332,0.3156,0.1584,0.1572,25.0201,0.2103,0.2086,0.0017,41.2171,19.8222,16.3128,10030.9332,15.9867,NA,NA
SandFall-Win64-Shipping.exe,31024,0x13F96A7D0D0,DXGI,0,512,1,Hardware: Independent Flip,10031.2488,31.1085,30.8575,0.2510,24.9148,35.8075,35.7954,0.0121,60.7237,17.0866,-19.5066,10031.2488,0.0014,49.0310,NA
SandFall-Win64-Shipping.exe,31024,0x13F96A7D0D0,DXGI,0,512,1,Hardware: Independent Flip,10062.3573,0.3098,0.1559,0.1539,29.6138,0.2124,0.2094,0.0030,46.7018,16.6413,14.0219,10062.3573,16.8756,NA,NA
SandFall-Win64-Shipping.exe,31024,0x13F96A7D0D0,DXGI,0,512,1,Hardware: Independent Flip,10062.6671,33.5655,33.3042,0.2613,29.5164,33.5162,33.5094,0.0068,63.0333,17.7927,-16.3315,10062.6671,0.0007,51.7588,NA
SandFall-Win64-Shipping.exe,31024,0x13F96A7D0D0,DXGI,0,512,1,Hardware: Independent Flip,10096.2326,0.3005,0.1532,0.1473,29.4671,0.1852,0.1803,0.0049,47.2605,18.5570,15.7728,10096.2326,17.6082,NA,NA
SandFall-Win64-Shipping.exe,31024,0x13F96A7D0D0,DXGI,0,512,1,Hardware: Independent Flip,10096.5331,31.4845,31.2379,0.2466,29.3518,36.1643,36.1583,0.0060,65.5170,17.7459,-18.2565,10096.5331,0.0009,54.0747,NA
SandFall-Win64-Shipping.exe,31024,0x13F96A7D0D0,DXGI,0,512,1,Hardware: Independent Flip,10128.0176,0.3166,0.1676,0.1490,34.0316,0.2233,0.2210,0.0023,51.7784,15.1311,13.7386,10128.0176,17.5235,NA,NA
SandFall-Win64-Shipping.exe,31024,0x13F96A7D0D0,DXGI,0,512,1,Hardware: Independent Flip,10128.3342,30.8910,30.6325,0.2585,33.9383,32.6530,32.6449,0.0081,66.5929,17.6697,-14.8145,10128.3342,0.0016,56.9938,NA
SandFall-Win64-Shipping.exe,31024,0x13F96A7D0D0,DXGI,0,512,1,Hardware: Independent Flip,10159.2252,0.3112,0.1576,0.1536,35.7003,0.2233,0.2207,0.0026,53.3716,15.6444,13.2213,10159.2252,17.4480,NA,NA
SandFall-Win64-Shipping.exe,31024,0x13F96A7D0D0,DXGI,0,512,1,Hardware: Independent Flip,10159.5364,37.3852,37.1162,0.2690,35.6124,33.0919,33.0878,0.0041,68.7048,17.5678,-15.3332,10159.5364,0.0005,79.4487,NA
SandFall-Win64-Shipping.exe,31024,0x13F96A7D0D0,DXGI,0,512,1,Hardware: Independent Flip,10196.9216,0.3276,0.1698,0.1578,31.3191,0.2295,0.2295,0.0000,48.8874,15.6470,19.8174,10196.9216,17.3388,NA,NA
SandFall-Win64-Shipping.exe,31024,0x13F96A7D0D0,DXGI,0,512,1,Hardware: Independent Flip,10197.2492,32.8361,32.5770,0.2591,31.2210,32.9849,32.9807,0.0042,64.2068,16.7232,-15.3194,10197.2492,0.0009,81.8763,NA
SandFall-Win64-Shipping.exe,31024,0x13F96A7D0D0,DXGI,0,512,1,Hardware: Independent Flip,10230.0853,0.3273,0.1649,0.1624,31.3698,0.2641,0.2596,0.0045,48.0939,17.6655,16.1129,10230.0853,16.4600,NA,NA
SandFall-Win64-Shipping.exe,31024,0x13F96A7D0D0,DXGI,0,512,1,Hardware: Independent Flip,10230.4126,31.8754,31.5885,0.2869,31.3066,33.8344,33.8255,0.0089,65.4321,16.0172,-17.3382,10230.4126,0.2911,85.8854,NA
SandFall-Win64-Shipping.exe,31024,0x13F96A7D0D0,DXGI,0,512,1,Hardware: Independent Flip,10262.2880,0.3361,0.1837,0.1524,33.2656,0.2050,0.1982,0.0068,49.5739,15.4082,15.8582,10262.2880,16.1033,NA,NA
SandFall-Win64-Shipping.exe,31024,0x13F96A7D0D0,DXGI,0,512,1,Hardware: Independent Flip,10262.6241,32.0730,31.8287,0.2443,33.1345,31.5109,31.5019,0.0090,64.6460,16.7529,-15.0721,10262.6241,0.0006,NA,NA
SandFall-Win64-Shipping.exe,31024,0x13F96A7D0D0,DXGI,0,512,1,Hardware: Independent Flip,10294.6971,0.3591,0.1637,0.1954,32.5724,0.2209,0.2209,0.0000,49.3259,15.8377,15.3201,10294.6971,16.5326,NA,NA
SandFall-Win64-Shipping.exe,31024,0x13F96A7D0D0,DXGI,0,512,1,Hardware: Independent Flip,10295.0562,40.9416,40.6872,0.2544,32.4342,32.2606,32.2546,0.0060,64.8045,16.7724,-15.4786,10295.0562,0.1097,NA,NA
SandFall-Win64-Shipping.exe,31024,0x13F96A7D0D0,DXGI,0,512,1,Hardware: Independent Flip,10335.9978,0.3286,0.1610,0.1676,23.7532,0.2182,0.2155,0.0027,40.6353,16.2009,24.1692,10335.9978,16.6639,NA,NA
SandFall-Win64-Shipping.exe,31024,0x13F96A7D0D0,DXGI,0,512,1,Hardware: Independent Flip,10336.3264,26.2792,26.0256,0.2536,23.6428,32.3030,32.2944,0.0086,56.5076,16.3367,-15.8723,10336.3264,0.5618,NA,NA
SandFall-Win64-Shipping.exe,31024,0x13F96A7D0D0,DXGI,0,512,1,Hardware: Independent Flip,10362.6056,0.3156,0.1649,0.1507,29.6666,0.2138,0.2120,0.0018,46.5651,17.3001,9.9425,10362.6056,16.6847,NA,NA
SandFall-Win64-Shipping.exe,31024,0x13F96A7D0D0,DXGI,0,512,1,Hardware: Independent Flip,10362.9212,35.1147,34.8644,0.2503,29.5648,33.1267,33.1230,0.0037,63.5496,16.3735,-16.9845,10362.9212,0.8581,NA,NA
SandFall-Win64-Shipping.exe,31024,0x13F96A7D0D0,DXGI,0,512,1,Hardware: Independent Flip,10398.0359,0.3062,0.1561,0.1501,27.5768,0.1119,0.1068,0.0051,44.8084,15.3533,18.7412,10398.0359,17.1197,NA,NA
SandFall-Win64-Shipping.exe,31024,0x13F96A7D0D0,DXGI,0,512,1,Hardware: Independent Flip,10398.3421,28.7599,28.4755,0.2844,27.3825,32.0839,32.0743,0.0096,59.8555,16.5826,-15.0471,10398.3421,0.3891,NA,NA
SandFall-Win64-Shipping.exe,31024,0x13F96A7D0D0,DXGI,0,512,1,Hardware: Independent Flip,10427.1020,0.3371,0.1819,0.1552,30.7065,0.2118,0.2095,0.0023,47.6782,16.0118,12.1773,10427.1020,16.7599,NA,NA
SandFall-Win64-Shipping.exe,31024,0x13F96A7D0D0,DXGI,0,512,1,Hardware: Independent Flip,10427.4391,37.8799,37.6262,0.2537,30.5812,31.8638,31.8579,0.0059,63.3529,16.0761,-15.6747,10427.4391,0.9079,NA,NA
SandFall-Win64-Shipping.exe,31024,0x13F96A7D0D0,DXGI,0,512,1,Hardware: Independent Flip,10465.3190,0.3063,0.1560,0.1503,24.5651,0.1973,0.1951,0.0022,41.5491,17.0551,21.8038,10465.3190,16.7867,NA,NA
SandFall-Win64-Shipping.exe,31024,0x13F96A7D0D0,DXGI,0,512,1,Hardware: Independent Flip,10465.6253,34.5369,34.2748,0.2621,24.4561,32.6407,32.6295,0.0112,58.2979,15.7501,-16.7488,10465.6253,1.2011,NA,NA
SandFall-Win64-Shipping.exe,31024,0x13F96A7D0D0,DXGI,0,512,1,Hardware: Independent Flip,10500.1622,0.3176,0.1560,0.1616,22.5599,0.2106,0.2089,0.0017,39.5111,16.4814,18.7868,10500.1622,16.7406,NA,NA
SandFall-Win64-Shipping.exe,31024,0x13F96A7D0D0,DXGI,0,512,1,Hardware: Independent Flip,10500.4798,27.9699,27.7246,0.2453,22.4529,32.5008,32.4885,0.0123,55.6749,16.3642,-16.1638,10500.4798,0.7212,NA,NA
SandFall-Win64-Shipping.exe,31024,0x13F96A7D0D0,DXGI,0,512,1,Hardware: Independent Flip,10528.4497,0.3238,0.1717,0.1521,26.9838,1.2189,1.2172,0.0017,44.0692,22.9156,11.6057,10528.4497,15.8665,NA,NA
SandFall-Win64-Shipping.exe,31024,0x13F96A7D0D0,DXGI,0,512,1,Hardware: Independent Flip,10528.7735,34.3724,34.1096,0.2628,27.8789,38.4186,38.4145,0.0041,66.6610,16.6401,-22.5918,10528.7735,0.3635,NA,NA
SandFall-Win64-Shipping.exe,31024,0x13F96A7D0D0,DXGI,0,512,1,Hardware: Independent Flip,10563.1459,0.3093,0.1560,0.1533,31.9251,0.2171,0.2150,0.0021,48.9287,18.7836,17.7323,10563.1459,16.7865,NA,NA
SandFall-Win64-Shipping.exe,31024,0x13F96A7D0D0,DXGI,0,512,1,Hardware: Independent Flip,10563.4552,31.9337,31.4999,0.4338,31.8329,35.5693,35.5634,0.0059,67.4030,18.3997,-18.4743,10563.4552,0.0008,56.9197,NA
SandFall-Win64-Shipping.exe,31024,0x13F96A7D0D0,DXGI,0,512,1,Hardware: Independent Flip,10595.3889,0.3612,0.1879,0.1733,35.4685,0.2283,0.2262,0.0021,53.8690,15.9992,13.5340,10595.3889,18.1722,NA,NA
SandFall-Win64-Shipping.exe,31024,0x13F96A7D0D0,DXGI,0,512,1,Hardware: Independent Flip,10595.7501,33.7939,33.5546,0.2393,35.3356,34.1706,34.1614,0.0092,69.5070,18.4593,-15.6380,10595.7501,0.0008,59.3230,NA
SandFall-Win64-Shipping.exe,31024,0x13F96A7D0D0,DXGI,0,512,1,Hardware: Independent Flip,10629.5440,0.3354,0.1517,0.1837,35.7123,0.2299,0.2277,0.0022,54.1724,13.4283,15.3346,10629.5440,18.2302,NA,NA
SandFall-Win64-Shipping.exe,31024,0x13F96A7D0D0,DXGI,0,512,1,Hardware: Independent Flip,10629.8794,32.9996,32.7620,0.2376,35.6068,31.6577,31.6481,0.0096,67.2653,18.4399,-13.0929,10629.8794,0.0008,54.2051,NA
SandFall-Win64-Shipping.exe,31024,0x13F96A7D0D0,DXGI,0,512,1,Hardware: Independent Flip,10662.8790,0.3085,0.1546,0.1539,34.2649,0.2618,0.2581,0.0037,52.7056,13.1987,14.5597,10662.8790,18.1789,NA,NA
SandFall-Win64-Shipping.exe,31024,0x13F96A7D0D0,DXGI,0,512,1,Hardware: Independent Flip,10663.1875,34.6682,34.3815,0.2867,34.2182,31.3765,31.3721,0.0044,65.5958,17.1901,-12.8902,10663.1875,0.0011,50.8492,NA
SandFall-Win64-Shipping.exe,31024,0x13F96A7D0D0,DXGI,0,512,1,Hardware: Independent Flip,10697.8557,0.3718,0.2207,0.1511,30.9265,0.2196,0.2196,0.0000,48.1177,18.4738,17.4781,10697.8557,16.9716,NA,NA
SandFall-Win64-Shipping.exe,31024,0x13F96A7D0D0,DXGI,0,512,1,Hardware: Independent Flip,10698.2275,38.3810,38.1260,0.2550,30.7743,33.9450,33.9379,0.0071,66.2197,15.5309,-18.1020,10698.2275,1.5004,53.5124,NA
SandFall-Win64-Shipping.exe,31024,0x13F96A7D0D0,DXGI,0,512,1,Hardware: Independent Flip,10736.6085,0.3233,0.1682,0.1551,26.3383,0.1748,0.1699,0.0049,43.3696,19.5737,22.8501,10736.6085,16.8565,NA,NA
SandFall-Win64-Shipping.exe,31024,0x13F96A7D0D0,DXGI,0,512,1,Hardware: Independent Flip,10736.9318,33.6015,33.3451,0.2564,26.1898,34.9290,34.9197,0.0093,62.6200,15.1239,-19.2504,10736.9318,1.5012,54.6198,NA
SandFall-Win64-Shipping.exe,31024,0x13F96A7D0D0,DXGI,0,512,1,Hardware: Independent Flip,10770.5333,0.3313,0.1641,0.1672,27.5173,0.1910,0.1886,0.0024,44.1424,16.8107,18.4776,10770.5333,16.4341,NA,NA
SandFall-Win64-Shipping.exe,31024,0x13F96A7D0D0,DXGI,0,512,1,Hardware: Independent Flip,10770.8646,29.9641,29.6333,0.3308,27.3770,33.2439,33.2396,0.0043,60.6218,16.9893,-16.4794,10770.8646,0.0009,51.5464,NA
SandFall-Win64-Shipping.exe,31024,0x13F96A7D0D0,DXGI,0,512,1,Hardware: Independent Flip,10800.8287,0.3235,0.1663,0.1572,30.6568,0.2259,0.2259,0.0000,47.6470,15.3899,12.9748,10800.8287,16.7643,NA,NA
SandFall-Win64-Shipping.exe,31024,0x13F96A7D0D0,DXGI,0,512,1,Hardware: Independent Flip,10801.1522,31.0226,30.7291,0.2935,30.5592,32.1537,32.1489,0.0048,62.7134,17.7799,-15.0664,10801.1522,0.0005,51.9270,NA
SandFall-Win64-Shipping.exe,31024,0x13F96A7D0D0,DXGI,0,512,1,Hardware: Independent Flip,10832.1748,0.3260,0.1766,0.1494,31.6903,0.2152,0.2128,0.0024,49.4707,14.7715,13.2427,10832.1748,17.5652,NA,NA
SandFall-Win64-Shipping.exe,31024,0x13F96A7D0D0,DXGI,0,512,1,Hardware: Independent Flip,10832.5008,37.4141,37.1710,0.2431,31.5795,32.3357,32.2854,0.0503,63.9162,17.3416,-14.4455,10832.5008,0.0010,53.4794,NA
SandFall-Win64-Shipping.exe,31024,0x13F96A7D0D0,DXGI,0,512,1,Hardware: Independent Flip,10869.9149,0.3115,0.1601,0.1514,26.5011,0.2118,0.2093,0.0025,43.8437,14.0020,20.0725,10869.9149,17.1308,NA,NA
SandFall-Win64-Shipping.exe,31024,0x13F96A7D0D0,DXGI,0,512,1,Hardware: Independent Flip,10870.2264,32.8564,32.5864,0.2700,26.4014,30.0646,30.0543,0.0103,57.5342,15.8016,-13.6905,10870.2264,1.0682,51.8289,NA
SandFall-Win64-Shipping.exe,31024,0x13F96A7D0D0,DXGI,0,512,1,Hardware: Independent Flip,10903.0828,0.3301,0.1643,0.1658,23.6096,0.1717,0.1656,0.0061,40.4794,14.8065,17.0548,10903.0828,16.6981,NA,NA
SandFall-Win64-Shipping.exe,31024,0x13F96A7D0D0,DXGI,0,512,1,Hardware: Independent Flip,10903.4129,29.3280,29.0868,0.2412,23.4512,30.0040,29.9937,0.0103,54.9558,15.4722,-14.4764,10903.4129,1.5006,47.4299,NA
SandFall-Win64-Shipping.exe,31024,0x13F96A7D0D0,DXGI,0,512,1,Hardware: Independent Flip,10932.7409,0.9649,0.1514,0.8135,24.1272,0.1644,0.1593,0.0051,41.1000,15.1968,13.8558,10932.7409,16.8084,NA,NA
SandFall-Win64-Shipping.exe,31024,0x13F96A7D0D0,DXGI,0,512,1,Hardware: Independent Flip,10933.7058,31.9955,31.7341,0.2614,23.3267,30.5045,30.3662,0.1383,55.3319,15.4284,-14.2319,10933.7058,1.5007,43.1050,NA
SandFall-Win64-Shipping.exe,31024,0x13F96A7D0D0,DXGI,0,512,1,Hardware: Independent Flip,10965.7013,0.3171,0.1558,0.1613,21.8357,0.1624,0.1557,0.0067,38.7648,17.7330,16.5671,10965.7013,16.7667,NA,NA
SandFall-Win64-Shipping.exe,31024,0x13F96A7D0D0,DXGI,0,512,1,Hardware: Independent Flip,10966.0184,33.4920,33.2564,0.2356,21.6810,32.9992,29.9222,3.0770,56.1807,15.3705,-17.4159,10966.0184,1.5005,43.0949,NA
SandFall-Win64-Shipping.exe,31024,0x13F96A7D0D0,DXGI,0,512,1,Hardware: Independent Flip,10999.5104,0.3033,0.1514,0.1519,21.1882,0.1726,0.1668,0.0058,38.0592,16.8611,18.1215,10999.5104,16.6984,NA,NA
SandFall-Win64-Shipping.exe,31024,0x13F96A7D0D0,DXGI,0,512,1,Hardware: Independent Flip,10999.8137,32.3666,32.1063,0.2603,21.0575,32.0587,29.4615,2.5972,54.6170,15.0053,-16.5578,10999.8137,1.5008,44.5712,NA
SandFall-Win64-Shipping.exe,31024,0x13F96A7D0D0,DXGI,0,512,1,Hardware: Independent Flip,11032.1803,0.3187,0.1508,0.1679,20.7496,0.1555,0.1506,0.0049,37.2557,21.1932,17.3613,11032.1803,16.3506,NA,NA
SandFall-Win64-Shipping.exe,31024,0x13F96A7D0D0,DXGI,0,512,1,Hardware: Independent Flip,11032.4990,33.3624,33.1154,0.2470,20.5864,36.0427,32.7498,3.2929,58.1302,14.7390,-20.8745,11032.4990,1.5011,50.0141,NA
SandFall-Win64-Shipping.exe,31024,0x13F96A7D0D0,DXGI,0,512,1,Hardware: Independent Flip,11065.8614,0.3085,0.1543,0.1542,23.2667,0.2025,0.2004,0.0021,39.5068,16.7418,18.6234,11065.8614,16.0376,NA,NA
SandFall-Win64-Shipping.exe,31024,0x13F96A7D0D0,DXGI,0,512,1,Hardware: Independent Flip,11066.1699,31.7026,31.4550,0.2476,23.1607,32.7783,32.7715,0.0068,55.9401,17.5289,-16.4333,11066.1699,0.0011,45.1759,NA
SandFall-Win64-Shipping.exe,31024,0x13F96A7D0D0,DXGI,0,512,1,Hardware: Independent Flip,11097.8725,0.3060,0.1520,0.1540,24.2364,0.2145,0.2145,0.0000,41.7664,15.1650,14.1737,11097.8725,17.3155,NA,NA
SandFall-Win64-Shipping.exe,31024,0x13F96A7D0D0,DXGI,0,512,1,Hardware: Independent Flip,11098.1785,30.4179,30.1712,0.2467,24.1449,32.4799,32.4696,0.0103,56.6254,17.2373,-14.8590,11098.1785,0.0006,55.8668,NA
SandFall-Win64-Shipping.exe,31024,0x13F96A7D0D0,DXGI,0,512,1,Hardware: Independent Flip,11128.5964,0.3044,0.1531,0.1513,26.2069,0.2215,0.2188,0.0027,43.4448,13.4166,13.1806,11128.5964,17.0164,NA,NA
SandFall-Win64-Shipping.exe,31024,0x13F96A7D0D0,DXGI,0,512,1,Hardware: Independent Flip,11128.9008,31.0054,30.7257,0.2797,26.1240,30.4322,30.4215,0.0107,56.5570,16.8074,-13.1122,11128.9008,0.0008,51.5132,NA
SandFall-Win64-Shipping.exe,31024,0x13F96A7D0D0,DXGI,0,512,1,Hardware: Independent Flip,11159.9062,0.3465,0.1596,0.1869,25.5508,0.2246,0.2214,0.0032,42.3590,12.4164,14.1980,11159.9062,16.5836,NA,NA
SandFall-Win64-Shipping.exe,31024,0x13F96A7D0D0,DXGI,0,512,1,Hardware: Independent Flip,11160.2527,29.0265,28.7766,0.2499,25.4289,28.5049,28.4947,0.0102,54.4289,14.6288,-12.0699,11160.2527,0.4951,66.4474,NA
SandFall-Win64-Shipping.exe,31024,0x13F96A7D0D0,DXGI,0,512,1,Hardware: Independent Flip,11189.2792,0.3186,0.1623,0.1563,24.9073,0.2087,0.2061,0.0026,40.0312,14.8930,14.3977,11189.2792,14.9152,NA,NA
SandFall-Win64-Shipping.exe,31024,0x13F96A7D0D0,DXGI,0,512,1,Hardware: Independent Flip,11189.5978,29.4243,29.1823,0.2420,24.7974,28.3074,28.2979,0.0095,54.6056,13.3191,-14.5744,11189.5978,1.5008,58.2644,NA
SandFall-Win64-Shipping.exe,31024,0x13F96A7D0D0,DXGI,0,512,1,Hardware: Independent Flip,11219.0221,0.3010,0.1513,0.1497,23.6805,0.2054,0.2036,0.0018,38.5004,16.0715,16.1052,11219.0221,14.6145,NA,NA
SandFall-Win64-Shipping.exe,31024,0x13F96A7D0D0,DXGI,0,512,1,Hardware: Independent Flip,11219.3231,28.6672,28.4104,0.2568,23.5849,29.1853,29.1710,0.0143,54.2709,13.1719,-15.7705,11219.3231,1.5007,63.8526,NA
SandFall-Win64-Shipping.exe,31024,0x13F96A7D0D0,DXGI,0,512,1,Hardware: Independent Flip,11247.9903,0.3050,0.1563,0.1487,24.1030,0.2059,0.2043,0.0016,38.7756,15.0809,15.4953,11247.9903,14.4667,NA,NA
SandFall-Win64-Shipping.exe,31024,0x13F96A7D0D0,DXGI,0,512,1,Hardware: Independent Flip,11248.2953,29.4568,29.2061,0.2507,24.0039,28.3576,28.3447,0.0129,53.5515,13.5790,-14.7759,11248.2953,1.1900,61.3413,NA
SandFall-Win64-Shipping.exe,31024,0x13F96A7D0D0,DXGI,0,512,1,Hardware: Independent Flip,11277.7521,0.3399,0.1513,0.1886,22.9047,0.2112,0.2092,0.0020,37.6737,14.1879,15.8778,11277.7521,14.5578,NA,NA
SandFall-Win64-Shipping.exe,31024,0x13F96A7D0D0,DXGI,0,512,1,Hardware: Independent Flip,11278.0920,29.4195,29.1599,0.2596,22.7760,28.5004,28.4800,0.0204,51.5217,14.5281,-13.8480,11278.0920,0.2453,58.3274,NA
SandFall-Win64-Shipping.exe,31024,0x13F96A7D0D0,DXGI,0,512,1,Hardware: Independent Flip,11307.5115,0.3057,0.1551,0.1506,21.8569,0.2031,0.2015,0.0016,36.6303,13.7027,14.8914,11307.5115,14.5703,NA,NA
SandFall-Win64-Shipping.exe,31024,0x13F96A7D0D0,DXGI,0,512,1,Hardware: Independent Flip,11307.8172,28.4745,28.2260,0.2485,21.7543,28.2721,28.2623,0.0098,50.0273,14.8140,-13.3970,11307.8172,0.0009,40.4586,NA
SandFall-Win64-Shipping.exe,31024,0x13F96A7D0D0,DXGI,0,512,1,Hardware: Independent Flip,11336.2917,0.3064,0.1537,0.1527,21.5519,0.2202,0.2176,0.0026,36.3668,14.1641,13.6605,11336.2917,14.5947,NA,NA
SandFall-Win64-Shipping.exe,31024,0x13F96A7D0D0,DXGI,0,512,1,Hardware: Independent Flip,11336.5981,29.7567,29.5089,0.2478,21.4657,28.4025,28.3929,0.0096,50.2245,14.5296,-13.8577,11336.5981,0.3563,38.7278,NA
SandFall-Win64-Shipping.exe,31024,0x13F96A7D0D0,DXGI,0,512,1,Hardware: Independent Flip,11366.3548,0.3046,0.1525,0.1521,20.1115,0.1763,0.1705,0.0058,34.9974,15.8748,15.2271,11366.3548,14.7096,NA,NA
SandFall-Win64-Shipping.exe,31024,0x13F96A7D0D0,DXGI,0,512,1,Hardware: Independent Flip,11366.6594,30.6703,30.4182,0.2521,19.9832,29.9064,28.6051,1.3013,50.5676,14.1554,-15.5702,11366.6594,0.6780,NA,NA
SandFall-Win64-Shipping.exe,31024,0x13F96A7D0D0,DXGI,0,512,1,Hardware: Independent Flip,11397.3297,0.3082,0.1568,0.1514,19.2193,0.1722,0.1682,0.0040,34.0527,14.6689,16.5149,11397.3297,14.6612,NA,NA
SandFall-Win64-Shipping.exe,31024,0x13F96A7D0D0,DXGI,0,512,1,Hardware: Independent Flip,11397.6379,29.0258,28.7335,0.2923,19.0833,29.3164,28.3073,1.0091,48.4134,14.7975,-14.3607,11397.6379,0.0137,67.1881,NA
SandFall-Win64-Shipping.exe,31024,0x13F96A7D0D0,DXGI,0,512,1,Hardware: Independent Flip,11426.6637,0.3513,0.1969,0.1544,19.3739,0.1869,0.1845,0.0024,34.1851,13.9512,14.2283,11426.6637,14.6243,NA,NA
SandFall-Win64-Shipping.exe,31024,0x13F96A7D0D0,DXGI,0,512,1,Hardware: Independent Flip,11427.0150,29.2709,28.7493,0.5216,19.2095,28.5749,27.7976,0.7773,47.7850,14.9323,-13.5999,11427.0150,0.0006,65.1709,NA
SandFall-Win64-Shipping.exe,31024,0x13F96A7D0D0,DXGI,0,512,1,Hardware: Independent Flip,11456.2859,0.3301,0.1736,0.1565,18.5135,0.1331,0.1309,0.0022,33.4464,17.7630,14.3386,11456.2859,14.7998,NA,NA
SandFall-Win64-Shipping.exe,31024,0x13F96A7D0D0,DXGI,0,512,1,Hardware: Independent Flip,11456.6160,30.2786,29.8764,0.4022,18.3165,32.3768,29.1785,3.1983,50.8793,14.4946,-17.4329,11456.6160,0.1860,67.1073,NA
SandFall-Win64-Shipping.exe,31024,0x13F96A7D0D0,DXGI,0,512,1,Hardware: Independent Flip,11486.8946,0.3594,0.1889,0.1705,20.4147,0.2239,0.2223,0.0016,35.0953,13.2934,15.7840,11486.8946,14.4567,NA,NA
SandFall-Win64-Shipping.exe,31024,0x13F96A7D0D0,DXGI,0,512,1,Hardware: Independent Flip,11487.2540,28.0612,27.8169,0.2443,20.2792,27.7492,27.7404,0.0088,48.0293,15.8620,-12.9340,11487.2540,0.0009,64.1407,NA
SandFall-Win64-Shipping.exe,31024,0x13F96A7D0D0,DXGI,0,512,1,Hardware: Independent Flip,11515.3152,0.3034,0.1528,0.1506,19.9672,0.1899,0.1870,0.0029,35.8301,13.9867,12.1992,11515.3152,15.6730,NA,NA
SandFall-Win64-Shipping.exe,31024,0x13F96A7D0D0,DXGI,0,512,1,Hardware: Independent Flip,11515.6186,32.9304,32.3558,0.5746,19.8537,29.6585,28.3845,1.2740,49.5134,15.1199,-13.6833,11515.6186,0.0012,63.2334,NA
SandFall-Win64-Shipping.exe,31024,0x13F96A7D0D0,DXGI,0,512,1,Hardware: Independent Flip,11548.5490,0.3156,0.1580,0.1576,16.5818,0.1413,0.1390,0.0023,31.7029,18.0093,17.8105,11548.5490,14.9798,NA,NA
SandFall-Win64-Shipping.exe,31024,0x13F96A7D0D0,DXGI,0,512,1,Hardware: Independent Flip,11548.8646,23.9119,23.6516,0.2603,16.4075,32.6829,32.6731,0.0098,49.3966,14.0514,-17.6937,11548.8646,0.3062,50.2830,NA
SandFall-Win64-Shipping.exe,31024,0x13F96A7D0D0,DXGI,0,512,1,Hardware: Independent Flip,11572.7765,0.3288,0.1750,0.1538,25.1785,0.2300,0.2300,0.0000,39.5361,19.1552,9.8605,11572.7765,14.1276,NA,NA
SandFall-Win64-Shipping.exe,31024,0x13F96A7D0D0,DXGI,0,512,1,Hardware: Independent Flip,11573.1053,30.2582,30.0184,0.2398,25.0797,33.2820,33.2745,0.0075,58.3625,15.6160,-18.8264,11573.1053,0.0008,52.7289,NA
SandFall-Win64-Shipping.exe,31024,0x13F96A7D0D0,DXGI,0,512,1,Hardware: Independent Flip,11603.3635,0.3203,0.1504,0.1699,28.1035,0.2181,0.2147,0.0034,43.7203,15.4676,14.6422,11603.3635,15.3987,NA,NA
SandFall-Win64-Shipping.exe,31024,0x13F96A7D0D0,DXGI,0,512,1,Hardware: Independent Flip,11603.6838,27.5694,27.3088,0.2606,28.0013,30.8647,30.8540,0.0107,58.8676,15.8041,-15.1473,11603.6838,0.0016,53.0623,NA
SandFall-Win64-Shipping.exe,31024,0x13F96A7D0D0,DXGI,0,512,1,Hardware: Independent Flip,11631.2532,0.5069,0.2718,0.2351,31.2966,0.2849,0.2805,0.0044,47.1023,14.4215,11.7653,11631.2532,15.5208,NA,NA
SandFall-Win64-Shipping.exe,31024,0x13F96A7D0D0,DXGI,0,512,1,Hardware: Independent Flip,11631.7601,28.0012,27.7668,0.2344,31.0746,29.9415,29.9333,0.0082,61.0169,15.8026,-13.9146,11631.7601,0.0008,62.8348,NA
SandFall-Win64-Shipping.exe,31024,0x13F96A7D0D0,DXGI,0,512,1,Hardware: Independent Flip,11659.7613,0.2996,0.1522,0.1474,33.0149,0.2321,0.2321,0.0000,48.8183,13.6730,12.1986,11659.7613,15.5713,NA,NA
SandFall-Win64-Shipping.exe,31024,0x13F96A7D0D0,DXGI,0,512,1,Hardware: Independent Flip,11660.0609,29.9806,29.7241,0.2565,32.9474,29.2439,29.2369,0.0070,62.1917,15.7724,-13.3734,11660.0609,0.0004,60.3174,NA
SandFall-Win64-Shipping.exe,31024,0x13F96A7D0D0,DXGI,0,512,1,Hardware: Independent Flip,11690.0415,0.3040,0.1556,0.1484,32.2107,0.1772,0.1718,0.0054,47.9835,12.7892,14.2082,11690.0415,15.5956,NA,NA
SandFall-Win64-Shipping.exe,31024,0x13F96A7D0D0,DXGI,0,512,1,Hardware: Independent Flip,11690.3455,29.2161,28.9617,0.2544,32.0839,28.3837,28.3786,0.0051,60.4687,15.8669,-12.4852,11690.3455,0.0011,56.8740,NA
SandFall-Win64-Shipping.exe,31024,0x13F96A7D0D0,DXGI,0,512,1,Hardware: Independent Flip,11719.5616,0.3411,0.1815,0.1596,31.2515,0.1707,0.1646,0.0061,47.1195,12.2996,13.3492,11719.5616,15.6973,NA,NA
SandFall-Win64-Shipping.exe,31024,0x13F96A7D0D0,DXGI,0,512,1,Hardware: Independent Flip,11719.9027,34.1712,33.9111,0.2601,31.0811,27.9958,27.9869,0.0089,59.0780,14.8804,-11.9585,11719.9027,0.0011,58.0258,NA
SandFall-Win64-Shipping.exe,31024,0x13F96A7D0D0,DXGI,0,512,1,Hardware: Independent Flip,11754.0739,0.3173,0.1604,0.1569,24.9057,0.1824,0.1765,0.0059,39.7872,15.4789,19.2908,11754.0739,14.6991,NA,NA
SandFall-Win64-Shipping.exe,31024,0x13F96A7D0D0,DXGI,0,512,1,Hardware: Independent Flip,11754.3912,26.3441,26.0845,0.2596,24.7708,28.8529,28.8431,0.0098,54.9488,13.0581,-15.1616,11754.3912,1.3251,55.4012,NA
SandFall-Win64-Shipping.exe,31024,0x13F96A7D0D0,DXGI,0,512,1,Hardware: Independent Flip,11780.7353,0.4343,0.1713,0.2630,27.2796,0.2103,0.2084,0.0019,41.6628,14.5329,13.2860,11780.7353,14.1729,NA,NA
SandFall-Win64-Shipping.exe,31024,0x13F96A7D0D0,DXGI,0,512,1,Hardware: Independent Flip,11781.1696,28.4091,28.0432,0.3659,27.0556,27.7012,27.6930,0.0082,55.7614,13.7490,-14.0986,11781.1696,1.0046,58.2991,NA
SandFall-Win64-Shipping.exe,31024,0x13F96A7D0D0,DXGI,0,512,1,Hardware: Independent Flip,11809.5787,0.6420,0.2391,0.4029,26.3477,0.2152,0.2134,0.0018,41.1013,14.1380,14.6601,11809.5787,14.5384,NA,NA
SandFall-Win64-Shipping.exe,31024,0x13F96A7D0D0,DXGI,0,512,1,Hardware: Independent Flip,11810.2207,27.8772,27.6291,0.2481,25.9209,28.3997,28.3913,0.0084,54.5973,14.5726,-13.4960,11810.2207,0.2767,51.8842,NA
SandFall-Win64-Shipping.exe,31024,0x13F96A7D0D0,DXGI,0,512,1,Hardware: Independent Flip,11838.0979,0.3153,0.1633,0.1520,26.4434,0.2301,0.2279,0.0022,41.2927,16.1728,13.3046,11838.0979,14.6192,NA,NA
SandFall-Win64-Shipping.exe,31024,0x13F96A7D0D0,DXGI,0,512,1,Hardware: Independent Flip,11838.4132,31.5148,31.2724,0.2424,26.3582,30.6991,30.6945,0.0046,57.1502,14.6604,-15.8575,11838.4132,0.0929,51.6193,NA
SandFall-Win64-Shipping.exe,31024,0x13F96A7D0D0,DXGI,0,512,1,Hardware: Independent Flip,11869.9280,0.3109,0.1589,0.1520,25.5425,0.2900,0.2868,0.0032,40.2958,14.8059,16.8544,11869.9280,14.4633,NA,NA
SandFall-Win64-Shipping.exe,31024,0x13F96A7D0D0,DXGI,0,512,1,Hardware: Independent Flip,11870.2389,29.9848,29.7342,0.2506,25.5216,29.2683,29.2601,0.0082,54.7908,15.5172,-14.4950,11870.2389,0.0009,54.0627,NA
SandFall-Win64-Shipping.exe,31024,0x13F96A7D0D0,DXGI,0,512,1,Hardware: Independent Flip,11900.2237,0.3246,0.1595,0.1651,24.8051,0.2298,0.2271,0.0027,40.3232,13.3991,14.4676,11900.2237,15.2883,NA,NA
SandFall-Win64-Shipping.exe,31024,0x13F96A7D0D0,DXGI,0,512,1,Hardware: Independent Flip,11900.5483,25.1955,24.9331,0.2624,24.7103,28.6864,28.6777,0.0087,53.3977,15.4965,-13.0745,11900.5483,0.0010,52.2932,NA
SandFall-Win64-Shipping.exe,31024,0x13F96A7D0D0,DXGI,0,512,1,Hardware: Independent Flip,11925.7438,0.3200,0.1733,0.1467,28.2012,0.2279,0.2245,0.0034,43.6987,13.1705,9.6990,11925.7438,15.2696,NA,NA
SandFall-Win64-Shipping.exe,31024,0x13F96A7D0D0,DXGI,0,512,1,Hardware: Independent Flip,11926.0638,30.8252,30.5757,0.2495,28.1091,28.1763,28.1686,0.0077,56.5492,14.5341,-12.8505,11926.0638,0.2638,50.2083,NA
SandFall-Win64-Shipping.exe,31024,0x13F96A7D0D0,DXGI,0,512,1,Hardware: Independent Flip,11956.8890,0.3122,0.1609,0.1513,25.4602,0.1949,0.1930,0.0019,40.2581,15.5023,16.2911,11956.8890,14.6030,NA,NA
SandFall-Win64-Shipping.exe,31024,0x13F96A7D0D0,DXGI,0,512,1,Hardware: Independent Flip,11957.2012,28.6245,28.3876,0.2369,25.3429,28.6823,28.6779,0.0044,55.4482,13.6927,-15.1901,11957.2012,1.4230,68.7022,NA
SandFall-Win64-Shipping.exe,31024,0x13F96A7D0D0,DXGI,0,512,1,Hardware: Independent Flip,11985.8257,0.3137,0.1613,0.1524,25.4007,0.1970,0.1952,0.0018,40.5164,14.2983,14.9318,11985.8257,14.9187,NA,NA
SandFall-Win64-Shipping.exe,31024,0x13F96A7D0D0,DXGI,0,512,1,Hardware: Independent Flip,11986.1394,29.7146,29.4729,0.2417,25.2840,28.2662,28.2582,0.0080,54.5010,14.2536,-13.9846,11986.1394,0.9508,48.7008,NA
SandFall-Win64-Shipping.exe,31024,0x13F96A7D0D0,DXGI,0,512,1,Hardware: Independent Flip,12015.8540,0.3143,0.1612,0.1531,23.8356,0.2321,0.2321,0.0000,39.0400,14.5698,15.4610,12015.8540,14.9723,NA,NA
SandFall-Win64-Shipping.exe,31024,0x13F96A7D0D0,DXGI,0,512,1,Hardware: Independent Flip,12016.1683,30.5305,30.2662,0.2643,23.7534,28.8854,28.8792,0.0062,53.2955,14.4871,-14.2555,12016.1683,0.6567,60.2000,NA
SandFall-Win64-Shipping.exe,31024,0x13F96A7D0D0,DXGI,0,512,1,Hardware: Independent Flip,12046.6988,0.3404,0.1625,0.1779,22.1083,0.2207,0.2189,0.0018,37.2521,17.2216,16.0434,12046.6988,14.9231,NA,NA
SandFall-Win64-Shipping.exe,31024,0x13F96A7D0D0,DXGI,0,512,1,Hardware: Independent Flip,12047.0392,24.8214,24.5240,0.2974,21.9886,31.6399,31.6298,0.0101,54.1333,14.5300,-16.8812,12047.0392,0.5048,61.1337,NA
SandFall-Win64-Shipping.exe,31024,0x13F96A7D0D0,DXGI,0,512,1,Hardware: Independent Flip,12071.8606,0.3529,0.1703,0.1826,28.8071,0.1837,0.1814,0.0023,43.8419,17.2156,10.2914,12071.8606,14.8511,NA,NA
SandFall-Win64-Shipping.exe,31024,0x13F96A7D0D0,DXGI,0,512,1,Hardware: Independent Flip,12072.2135,31.6595,31.4054,0.2541,28.6379,32.0660,32.0594,0.0066,60.7046,15.8962,-16.8627,12072.2135,0.0007,62.1057,NA
SandFall-Win64-Shipping.exe,31024,0x13F96A7D0D0,DXGI,0,512,1,Hardware: Independent Flip,12103.8730,0.3060,0.1549,0.1511,29.0444,0.2340,0.2340,0.0000,44.9413,16.2874,15.7633,12103.8730,15.6629,NA,NA
SandFall-Win64-Shipping.exe,31024,0x13F96A7D0D0,DXGI,0,512,1,Hardware: Independent Flip,12104.1790,26.8025,26.5405,0.2620,28.9724,31.9495,31.9426,0.0069,60.9227,16.5017,-15.9814,12104.1790,0.0008,54.1442,NA
SandFall-Win64-Shipping.exe,31024,0x13F96A7D0D0,DXGI,0,512,1,Hardware: Independent Flip,12130.9815,0.3522,0.1978,0.1544,34.1194,0.2330,0.2295,0.0035,50.6219,13.1448,10.3008,12130.9815,16.2695,NA,NA
SandFall-Win64-Shipping.exe,31024,0x13F96A7D0D0,DXGI,0,512,1,Hardware: Independent Flip,12131.3337,31.3009,31.0199,0.2810,34.0002,29.4134,29.4072,0.0062,63.4145,16.5522,-12.7926,12131.3337,0.0009,54.8083,NA
SandFall-Win64-Shipping.exe,31024,0x13F96A7D0D0,DXGI,0,512,1,Hardware: Independent Flip,12162.6346,0.3240,0.1597,0.1643,32.1127,0.2247,0.2216,0.0031,48.6658,12.9875,14.7487,12162.6346,16.3284,NA,NA
SandFall-Win64-Shipping.exe,31024,0x13F96A7D0D0,DXGI,0,512,1,Hardware: Independent Flip,12162.9586,33.2798,33.0162,0.2636,32.0134,29.3156,29.3079,0.0077,61.3293,15.7945,-12.6635,12162.9586,0.0003,51.3257,NA
SandFall-Win64-Shipping.exe,31024,0x13F96A7D0D0,DXGI,0,512,1,Hardware: Independent Flip,12196.2384,0.3989,0.2422,0.1567,28.0492,0.2283,0.2283,0.0000,43.8440,13.6165,17.4853,12196.2384,15.5665,NA,NA
SandFall-Win64-Shipping.exe,31024,0x13F96A7D0D0,DXGI,0,512,1,Hardware: Independent Flip,12196.6373,33.3223,33.0617,0.2606,27.8786,28.1654,28.1601,0.0053,57.0616,13.8748,-13.2176,12196.6373,1.0176,63.7542,NA
SandFall-Win64-Shipping.exe,31024,0x13F96A7D0D0,DXGI,0,512,1,Hardware: Independent Flip,12229.9596,0.3286,0.1665,0.1621,22.7217,0.2175,0.2154,0.0021,37.6141,15.6041,19.4475,12229.9596,14.6749,NA,NA
SandFall-Win64-Shipping.exe,31024,0x13F96A7D0D0,DXGI,0,512,1,Hardware: Independent Flip,12230.2882,25.8387,25.5918,0.2469,22.6106,28.7783,28.7699,0.0084,52.8896,13.2203,-15.2755,12230.2882,1.5007,53.2441,NA
SandFall-Win64-Shipping.exe,31024,0x13F96A7D0D0,DXGI,0,512,1,Hardware: Independent Flip,12256.1269,0.3177,0.1640,0.1537,25.5502,0.2155,0.2137,0.0018,40.2712,16.1403,12.6184,12256.1269,14.5055,NA,NA
SandFall-Win64-Shipping.exe,31024,0x13F96A7D0D0,DXGI,0,512,1,Hardware: Independent Flip,12256.4446,31.4554,31.1710,0.2844,25.4480,29.4017,29.3973,0.0044,56.0938,13.5252,-15.8226,12256.4446,1.2441,50.5989,NA
SandFall-Win64-Shipping.exe,31024,0x13F96A7D0D0,DXGI,0,512,1,Hardware: Independent Flip,12287.9000,0.3162,0.1628,0.1534,23.3943,0.2144,0.2126,0.0018,38.1636,14.1864,17.9302,12287.9000,14.5549,NA,NA
SandFall-Win64-Shipping.exe,31024,0x13F96A7D0D0,DXGI,0,512,1,Hardware: Independent Flip,12288.2162,25.1091,24.8614,0.2477,23.2925,28.7406,28.6838,0.0568,52.0338,15.1766,-13.8702,12288.2162,0.0007,48.3098,NA
SandFall-Win64-Shipping.exe,31024,0x13F96A7D0D0,DXGI,0,512,1,Hardware: Independent Flip,12313.3253,0.3038,0.1538,0.1500,26.9240,0.2309,0.2309,0.0000,42.1013,15.1194,9.9325,12313.3253,14.9464,NA,NA
SandFall-Win64-Shipping.exe,31024,0x13F96A7D0D0,DXGI,0,512,1,Hardware: Independent Flip,12313.6291,35.7890,35.5138,0.2752,26.8511,30.0656,30.0528,0.0128,56.9169,15.4442,-14.8156,12313.6291,0.0002,48.6089,NA
SandFall-Win64-Shipping.exe,31024,0x13F96A7D0D0,DXGI,0,512,1,Hardware: Independent Flip,12349.4181,0.3063,0.1605,0.1458,21.1277,0.2352,0.2323,0.0029,36.5721,15.0218,20.3448,12349.4181,15.2092,NA,NA
SandFall-Win64-Shipping.exe,31024,0x13F96A7D0D0,DXGI,0,512,1,Hardware: Independent Flip,12349.7244,24.4927,24.2259,0.2668,21.0566,30.2299,30.2195,0.0104,51.2876,15.5275,-14.7155,12349.7244,0.0011,50.0556,NA
SandFall-Win64-Shipping.exe,31024,0x13F96A7D0D0,DXGI,0,512,1,Hardware: Independent Flip,12374.2171,0.2988,0.1539,0.1449,26.7938,0.2706,0.2672,0.0034,42.3224,14.5272,8.9652,12374.2171,15.2580,NA,NA
SandFall-Win64-Shipping.exe,31024,0x13F96A7D0D0,DXGI,0,512,1,Hardware: Independent Flip,12374.5159,32.0132,31.7693,0.2439,26.7656,29.7844,29.7745,0.0099,56.5508,15.5210,-14.2284,12374.5159,0.0008,48.1272,NA
SandFall-Win64-Shipping.exe,31024,0x13F96A7D0D0,DXGI,0,512,1,Hardware: Independent Flip,12406.5291,0.3014,0.1496,0.1518,24.5368,0.2443,0.2421,0.0022,40.0586,15.3145,16.4922,12406.5291,15.2775,NA,NA
SandFall-Win64-Shipping.exe,31024,0x13F96A7D0D0,DXGI,0,512,1,Hardware: Independent Flip,12406.8305,26.9278,26.6808,0.2470,24.4797,30.4467,30.4377,0.0090,55.0717,14.9700,-15.0131,12406.8305,0.1453,48.9685,NA
SandFall-Win64-Shipping.exe,31024,0x13F96A7D0D0,DXGI,0,512,1,Hardware: Independent Flip,12433.7583,0.3689,0.1574,0.2115,27.9986,0.2379,0.2361,0.0018,43.1139,15.9044,11.9578,12433.7583,14.8774,NA,NA
SandFall-Win64-Shipping.exe,31024,0x13F96A7D0D0,DXGI,0,512,1,Hardware: Independent Flip,12434.1272,30.8341,30.5976,0.2365,27.8676,30.5402,30.5318,0.0084,58.6494,15.0554,-15.5355,12434.1272,0.2416,48.8434,NA
SandFall-Win64-Shipping.exe,31024,0x13F96A7D0D0,DXGI,0,512,1,Hardware: Independent Flip,12464.9613,0.3071,0.1565,0.1506,27.5737,0.2109,0.2091,0.0018,42.8707,16.5496,15.7787,12464.9613,15.0861,NA,NA
SandFall-Win64-Shipping.exe,31024,0x13F96A7D0D0,DXGI,0,512,1,Hardware: Independent Flip,12465.2684,30.4648,30.2175,0.2473,27.4775,31.6354,31.6259,0.0095,59.1132,15.6374,-16.2425,12465.2684,0.0003,52.4465,NA
SandFall-Win64-Shipping.exe,31024,0x13F96A7D0D0,DXGI,0,512,1,Hardware: Independent Flip,12495.7332,0.3027,0.1521,0.1506,28.6481,0.2155,0.2126,0.0029,44.2858,15.3551,14.8274,12495.7332,15.4222,NA,NA
SandFall-Win64-Shipping.exe,31024,0x13F96A7D0D0,DXGI,0,512,1,Hardware: Independent Flip,12496.0359,31.5424,31.2976,0.2448,28.5609,30.7765,30.7695,0.0070,59.3382,16.4004,-15.0524,12496.0359,0.0008,53.4325,NA
SandFall-Win64-Shipping.exe,31024,0x13F96A7D0D0,DXGI,0,512,1,Hardware: Independent Flip,12527.5783,0.3152,0.1637,0.1515,27.7950,0.2059,0.2041,0.0018,44.1962,19.1404,15.1420,12527.5783,16.1953,NA,NA
SandFall-Win64-Shipping.exe,31024,0x13F96A7D0D0,DXGI,0,512,1,Hardware: Independent Flip,12527.8935,37.3469,37.0264,0.3205,27.6857,35.3346,35.3267,0.0079,63.0214,16.4237,-18.8252,12527.8935,0.0011,55.9785,NA
SandFall-Win64-Shipping.exe,31024,0x13F96A7D0D0,DXGI,0,512,1,Hardware: Independent Flip,12565.2404,0.3165,0.1584,0.1581,25.6734,0.2448,0.2407,0.0041,42.0982,20.0166,20.9232,12565.2404,16.1800,NA,NA
SandFall-Win64-Shipping.exe,31024,0x13F96A7D0D0,DXGI,0,512,1,Hardware: Independent Flip,12565.5569,24.6774,24.4486,0.2288,25.6017,36.1963,36.1894,0.0069,61.7983,17.2280,-19.7001,12565.5569,0.0003,60.4181,NA
SandFall-Win64-Shipping.exe,31024,0x13F96A7D0D0,DXGI,0,512,1,Hardware: Independent Flip,12590.2343,0.3115,0.1544,0.1571,37.1206,0.2185,0.2185,0.0000,54.3489,16.9494,7.4494,12590.2343,17.0098,NA,NA
SandFall-Win64-Shipping.exe,31024,0x13F96A7D0D0,DXGI,0,512,1,Hardware: Independent Flip,12590.5458,33.2848,33.0332,0.2516,37.0276,33.9582,33.9514,0.0068,70.9868,17.4602,-16.6379,12590.5458,0.0010,67.9405,NA
SandFall-Win64-Shipping.exe,31024,0x13F96A7D0D0,DXGI,0,512,1,Hardware: Independent Flip,12623.8306,0.3244,0.1698,0.1546,37.7010,0.2349,0.2320,0.0029,55.1622,16.0808,15.8246,12623.8306,17.2263,NA,NA
SandFall-Win64-Shipping.exe,31024,0x13F96A7D0D0,DXGI,0,512,1,Hardware: Independent Flip,12624.1550,35.1818,34.9420,0.2398,37.6115,33.3061,33.3011,0.0050,70.9186,17.4620,-15.7564,12624.1550,0.0010,70.1315,NA
SandFall-Win64-Shipping.exe,31024,0x13F96A7D0D0,DXGI,0,512,1,Hardware: Independent Flip,12659.3368,0.3031,0.1553,0.1478,35.7358,0.2126,0.2099,0.0027,53.1988,14.3923,17.7198,12659.3368,17.2504,NA,NA
SandFall-Win64-Shipping.exe,31024,0x13F96A7D0D0,DXGI,0,512,1,Hardware: Independent Flip,12659.6399,32.7982,32.5459,0.2523,35.6453,31.6420,31.6332,0.0088,67.2880,17.5005,-14.0892,12659.6399,0.0007,67.9896,NA
SandFall-Win64-Shipping.exe,31024,0x13F96A7D0D0,DXGI,0,512,1,Hardware: Independent Flip,12692.4381,0.3076,0.1552,0.1524,34.4891,0.2350,0.2322,0.0028,51.9903,13.7622,15.2977,12692.4381,17.2662,NA,NA
SandFall-Win64-Shipping.exe,31024,0x13F96A7D0D0,DXGI,0,512,1,Hardware: Independent Flip,12692.7457,31.5641,31.3091,0.2550,34.4165,31.0278,31.0197,0.0081,65.4449,17.8075,-13.4546,12692.7457,0.0006,87.7355,NA
SandFall-Win64-Shipping.exe,31024,0x13F96A7D0D0,DXGI,0,512,1,Hardware: Independent Flip,12724.3098,0.3215,0.1771,0.1444,33.8802,0.2299,0.2271,0.0028,51.6883,13.2491,13.7566,12724.3098,17.5782,NA,NA
SandFall-Win64-Shipping.exe,31024,0x13F96A7D0D0,DXGI,0,512,1,Hardware: Independent Flip,12724.6313,30.9871,30.7384,0.2487,33.7886,30.7117,30.7043,0.0074,64.6159,16.2823,-12.9276,12724.6313,0.1156,88.0386,NA
SandFall-Win64-Shipping.exe,31024,0x13F96A7D0D0,DXGI,0,512,1,Hardware: Independent Flip,12755.6184,0.3176,0.1628,0.1548,33.5132,0.2957,0.2925,0.0032,49.9111,15.4218,14.7048,12755.6184,16.1022,NA,NA
SandFall-Win64-Shipping.exe,31024,0x13F96A7D0D0,DXGI,0,512,1,Hardware: Independent Flip,12755.9360,32.6455,32.4022,0.2433,33.4913,30.0236,30.0178,0.0058,65.0153,14.8638,-15.1042,12755.9360,1.5004,62.9743,NA
SandFall-Win64-Shipping.exe,31024,0x13F96A7D0D0,DXGI,0,512,1,Hardware: Independent Flip,12788.5815,0.3425,0.1655,0.1770,30.8694,0.2047,0.2028,0.0019,47.2336,16.0119,17.7817,12788.5815,16.1595,NA,NA
SandFall-Win64-Shipping.exe,31024,0x13F96A7D0D0,DXGI,0,512,1,Hardware: Independent Flip,12788.9240,33.5260,33.2744,0.2516,30.7316,30.6710,30.6620,0.0090,62.9030,14.7307,-15.6694,12788.9240,1.5004,58.3452,NA
SandFall-Win64-Shipping.exe,31024,0x13F96A7D0D0,DXGI,0,512,1,Hardware: Independent Flip,12822.4500,0.3099,0.1623,0.1476,27.8766,0.2081,0.2063,0.0018,44.1077,16.4816,18.7953,12822.4500,16.0230,NA,NA
SandFall-Win64-Shipping.exe,31024,0x13F96A7D0D0,DXGI,0,512,1,Hardware: Independent Flip,12822.7599,33.1018,32.5875,0.5143,27.7748,31.0031,30.9983,0.0048,60.2794,14.8434,-16.1717,12822.7599,1.5015,58.8292,NA
SandFall-Win64-Shipping.exe,31024,0x13F96A7D0D0,DXGI,0,512,1,Hardware: Independent Flip,12855.8617,0.3235,0.1752,0.1483,25.6761,0.2030,0.2010,0.0020,42.0210,16.8779,18.2584,12855.8617,16.1419,NA,NA
SandFall-Win64-Shipping.exe,31024,0x13F96A7D0D0,DXGI,0,512,1,Hardware: Independent Flip,12856.1852,29.5067,29.2582,0.2485,25.5556,31.6320,31.6289,0.0031,58.5754,14.9401,-16.5544,12856.1852,1.3878,59.7869,NA
SandFall-Win64-Shipping.exe,31024,0x13F96A7D0D0,DXGI,0,512,1,Hardware: Independent Flip,12885.6919,0.5245,0.2076,0.3169,27.6809,0.2054,0.2037,0.0017,44.0088,14.5329,14.5666,12885.6919,16.1225,NA,NA
SandFall-Win64-Shipping.exe,31024,0x13F96A7D0D0,DXGI,0,512,1,Hardware: Independent Flip,12886.2164,31.5772,31.3154,0.2618,27.3618,30.2771,30.2702,0.0069,58.0172,15.8339,-14.0084,12886.2164,0.3783,58.2850,NA
SandFall-Win64-Shipping.exe,31024,0x13F96A7D0D0,DXGI,0,512,1,Hardware: Independent Flip,12917.7936,0.3253,0.1663,0.1590,26.0617,0.2324,0.2305,0.0019,42.2739,16.1982,15.7433,12917.7936,15.9798,NA,NA
SandFall-Win64-Shipping.exe,31024,0x13F96A7D0D0,DXGI,0,512,1,Hardware: Independent Flip,12918.1189,33.0786,32.7815,0.2971,25.9688,31.5882,31.5842,0.0040,58.1468,15.6419,-15.8729,12918.1189,0.5898,51.2893,NA
SandFall-Win64-Shipping.exe,31024,0x13F96A7D0D0,DXGI,0,512,1,Hardware: Independent Flip,12951.1975,0.3388,0.1750,0.1638,24.4784,0.2068,0.2048,0.0020,40.7101,14.8110,17.4367,12951.1975,16.0249,NA,NA
SandFall-Win64-Shipping.exe,31024,0x13F96A7D0D0,DXGI,0,512,1,Hardware: Independent Flip,12951.5363,31.9232,31.6425,0.2807,24.3464,30.4204,30.4095,0.0109,55.1823,15.8246,-14.4722,12951.5363,0.4155,50.7707,NA
SandFall-Win64-Shipping.exe,31024,0x13F96A7D0D0,DXGI,0,512,1,Hardware: Independent Flip,12983.4595,0.3075,0.1586,0.1489,22.8436,0.2095,0.2078,0.0017,39.0837,15.6834,16.0986,12983.4595,16.0306,NA,NA
SandFall-Win64-Shipping.exe,31024,0x13F96A7D0D0,DXGI,0,512,1,Hardware: Independent Flip,12983.7670,27.6594,27.4056,0.2538,22.7456,30.8725,30.8613,0.0112,54.4596,15.5085,-15.3759,12983.7670,0.8415,49.2919,NA
SandFall-Win64-Shipping.exe,31024,0x13F96A7D0D0,DXGI,0,512,1,Hardware: Independent Flip,13011.4264,0.3298,0.1559,0.1739,25.9587,0.2072,0.2055,0.0017,42.3087,15.8628,12.1509,13011.4264,16.1428,NA,NA
SandFall-Win64-Shipping.exe,31024,0x13F96A7D0D0,DXGI,0,512,1,Hardware: Independent Flip,13011.7562,31.1318,30.8741,0.2577,25.8361,31.0847,31.0672,0.0175,57.8417,15.3338,-15.5330,13011.7562,0.9209,51.6609,NA
SandFall-Win64-Shipping.exe,31024,0x13F96A7D0D0,DXGI,0,512,1,Hardware: Independent Flip,13042.8880,0.3288,0.1547,0.1741,25.7890,0.2061,0.2044,0.0017,42.0437,18.3942,15.7980,13042.8880,16.0486,NA,NA
SandFall-Win64-Shipping.exe,31024,0x13F96A7D0D0,DXGI,0,512,1,Hardware: Independent Flip,13043.2168,33.0690,32.8113,0.2577,25.6663,33.6885,33.6747,0.0138,60.1091,15.6361,-18.0654,13043.2168,0.7543,48.4362,NA
SandFall-Win64-Shipping.exe,31024,0x13F96A7D0D0,DXGI,0,512,1,Hardware: Independent Flip,13076.2858,0.3141,0.1563,0.1578,26.2858,0.1975,0.1959,0.0016,42.6762,19.6967,17.4329,13076.2858,16.1929,NA,NA
SandFall-Win64-Shipping.exe,31024,0x13F96A7D0D0,DXGI,0,512,1,Hardware: Independent Flip,13076.5999,32.5030,32.2524,0.2506,26.1692,35.8895,35.8791,0.0104,62.0588,17.0231,-19.3826,13076.5999,0.0001,51.7100,NA
SandFall-Win64-Shipping.exe,31024,0x13F96A7D0D0,DXGI,0,512,1,Hardware: Independent Flip,13109.1029,0.3098,0.1535,0.1563,29.5557,0.2085,0.2066,0.0019,46.5789,16.7543,15.4799,13109.1029,16.8147,NA,NA
SandFall-Win64-Shipping.exe,31024,0x13F96A7D0D0,DXGI,0,512,1,Hardware: Independent Flip,13109.4127,32.1946,31.9365,0.2581,29.4544,33.5676,33.5587,0.0089,63.0234,17.7444,-16.4445,13109.4127,0.0014,66.4899,NA
SandFall-Win64-Shipping.exe,31024,0x13F96A7D0D0,DXGI,0,512,1,Hardware: Independent Flip,13141.6073,0.3165,0.1609,0.1556,30.8274,0.2226,0.2204,0.0022,48.5732,17.8893,14.4502,13141.6073,17.5232,NA,NA
SandFall-Win64-Shipping.exe,31024,0x13F96A7D0D0,DXGI,0,512,1,Hardware: Independent Flip,13141.9238,32.9984,32.7136,0.2848,30.7335,35.4116,35.4070,0.0046,66.1460,17.7621,-17.5728,13141.9238,0.0009,76.3443,NA
SandFall-Win64-Shipping.exe,31024,0x13F96A7D0D0,DXGI,0,512,1,Hardware: Independent Flip,13174.9222,0.3584,0.1692,0.1892,33.1467,0.1830,0.1783,0.0047,50.9097,13.0572,15.2363,13174.9222,17.5800,NA,NA
SandFall-Win64-Shipping.exe,31024,0x13F96A7D0D0,DXGI,0,512,1,Hardware: Independent Flip,13175.2806,31.3869,31.1486,0.2383,32.9713,30.6366,30.6283,0.0083,63.6085,17.6964,-12.6988,13175.2806,0.0006,58.9431,NA
SandFall-Win64-Shipping.exe,31024,0x13F96A7D0D0,DXGI,0,512,1,Hardware: Independent Flip,13206.6675,0.3513,0.1960,0.1553,32.2210,0.2100,0.2072,0.0028,49.9180,13.4290,13.6905,13206.6675,17.4870,NA,NA
SandFall-Win64-Shipping.exe,31024,0x13F96A7D0D0,DXGI,0,512,1,Hardware: Independent Flip,13207.0188,31.6575,31.4022,0.2553,32.0797,30.9158,30.9089,0.0069,62.9957,16.6069,-13.0777,13207.0188,0.0002,57.0451,NA
SandFall-Win64-Shipping.exe,31024,0x13F96A7D0D0,DXGI,0,512,1,Hardware: Independent Flip,13238.6763,0.5000,0.2760,0.2240,31.3380,0.2480,0.2451,0.0029,47.9451,16.4914,15.0506,13238.6763,16.3591,NA,NA
SandFall-Win64-Shipping.exe,31024,0x13F96A7D0D0,DXGI,0,512,1,Hardware: Independent Flip,13239.1763,36.3094,36.0607,0.2487,31.0860,31.3496,31.3461,0.0035,63.9365,14.6288,-15.9914,13239.1763,1.5009,79.1217,NA
SandFall-Win64-Shipping.exe,31024,0x13F96A7D0D0,DXGI,0,512,1,Hardware: Independent Flip,13275.4857,0.3182,0.1661,0.1521,26.1262,0.2072,0.2055,0.0017,42.2559,18.3378,21.6806,13275.4857,15.9225,NA,NA
SandFall-Win64-Shipping.exe,31024,0x13F96A7D0D0,DXGI,0,512,1,Hardware: Independent Flip,13275.8039,34.7159,34.4025,0.3134,26.0152,32.7598,32.7520,0.0078,60.2755,14.6513,-18.0196,13275.8039,1.5005,61.1375,NA
SandFall-Win64-Shipping.exe,31024,0x13F96A7D0D0,DXGI,0,512,1,Hardware: Independent Flip,13310.5198,0.3230,0.1674,0.1556,24.0591,0.2079,0.2059,0.0020,40.2109,14.3967,20.0646,13310.5198,15.9439,NA,NA
SandFall-Win64-Shipping.exe,31024,0x13F96A7D0D0,DXGI,0,512,1,Hardware: Independent Flip,13310.8428,24.0378,23.7563,0.2815,23.9440,30.3397,30.3353,0.0044,54.2846,16.3421,-14.0737,13310.8428,0.0009,53.1842,NA
SandFall-Win64-Shipping.exe,31024,0x13F96A7D0D0,DXGI,0,512,1,Hardware: Independent Flip,13334.8806,0.3118,0.1585,0.1533,30.2459,0.2239,0.2215,0.0024,46.5889,14.5626,7.6957,13334.8806,16.1191,NA,NA
SandFall-Win64-Shipping.exe,31024,0x13F96A7D0D0,DXGI,0,512,1,Hardware: Independent Flip,13335.1924,32.7358,32.4789,0.2569,30.1580,30.6697,30.6607,0.0090,60.8397,16.3317,-14.2508,13335.1924,0.0120,52.0964,NA
SandFall-Win64-Shipping.exe,31024,0x13F96A7D0D0,DXGI,0,512,1,Hardware: Independent Flip,13367.9282,0.3331,0.1772,0.1559,28.0919,0.2108,0.2091,0.0017,44.4356,17.9651,16.4041,13367.9282,16.1329,NA,NA
SandFall-Win64-Shipping.exe,31024,0x13F96A7D0D0,DXGI,0,512,1,Hardware: Independent Flip,13368.2613,40.9294,40.5504,0.3790,27.9696,33.2104,33.2064,0.0040,62.0676,15.5376,-17.6320,13368.2613,0.8876,49.3885,NA
SandFall-Win64-Shipping.exe,31024,0x13F96A7D0D0,DXGI,0,512,1,Hardware: Independent Flip,13409.1907,0.3430,0.1805,0.1625,20.2506,0.2079,0.2056,0.0023,36.6758,17.0084,25.3918,13409.1907,16.2173,NA,NA
SandFall-Win64-Shipping.exe,31024,0x13F96A7D0D0,DXGI,0,512,1,Hardware: Independent Flip,13409.5337,25.5430,25.2826,0.2604,20.1155,33.1526,33.1400,0.0126,53.3412,16.6215,-16.6654,13409.5337,0.0731,49.9380,NA
SandFall-Win64-Shipping.exe,31024,0x13F96A7D0D0,DXGI,0,512,1,Hardware: Independent Flip,13435.0767,0.3058,0.1540,0.1518,27.7251,0.2930,0.2911,0.0019,44.4197,16.4231,8.9215,13435.0767,16.4016,NA,NA
SandFall-Win64-Shipping.exe,31024,0x13F96A7D0D0,DXGI,0,512,1,Hardware: Independent Flip,13435.3825,35.1163,34.8608,0.2555,27.7123,32.8240,32.8132,0.0108,60.5370,17.1518,-16.1173,13435.3825,0.0007,50.9817,NA
SandFall-Win64-Shipping.exe,31024,0x13F96A7D0D0,DXGI,0,512,1,Hardware: Independent Flip,13470.4988,0.3527,0.1708,0.1819,25.4200,0.2163,0.2138,0.0025,42.5725,16.3999,17.9645,13470.4988,16.9362,NA,NA
SandFall-Win64-Shipping.exe,31024,0x13F96A7D0D0,DXGI,0,512,1,Hardware: Independent Flip,13470.8515,31.5548,31.2909,0.2639,25.2836,33.3355,33.3258,0.0097,58.6197,16.9710,-16.0472,13470.8515,0.0006,50.5351,NA
SandFall-Win64-Shipping.exe,31024,0x13F96A7D0D0,DXGI,0,512,1,Hardware: Independent Flip,13502.4063,0.3310,0.1570,0.1740,27.0643,0.2134,0.2134,0.0000,44.0359,18.1596,14.5838,13502.4063,16.7582,NA,NA
SandFall-Win64-Shipping.exe,31024,0x13F96A7D0D0,DXGI,0,512,1,Hardware: Independent Flip,13502.7373,34.7341,34.4810,0.2531,26.9467,34.9169,34.9062,0.0107,61.8645,16.9267,-17.8286,13502.7373,0.0009,53.6642,NA
SandFall-Win64-Shipping.exe,31024,0x13F96A7D0D0,DXGI,0,512,1,Hardware: Independent Flip,13537.4714,0.3056,0.1538,0.1518,27.1295,0.2236,0.2206,0.0030,44.0571,15.8889,17.8074,13537.4714,16.7040,NA,NA
SandFall-Win64-Shipping.exe,31024,0x13F96A7D0D0,DXGI,0,512,1,Hardware: Independent Flip,13537.7770,32.4585,32.1551,0.3034,27.0475,32.5924,32.5804,0.0120,59.6404,17.6831,-15.5833,13537.7770,0.0005,51.4860,NA
SandFall-Win64-Shipping.exe,31024,0x13F96A7D0D0,DXGI,0,512,1,Hardware: Independent Flip,13570.2355,0.3135,0.1554,0.1581,27.1814,0.2090,0.2066,0.0024,44.8650,20.4308,14.7754,13570.2355,17.4746,NA,NA
SandFall-Win64-Shipping.exe,31024,0x13F96A7D0D0,DXGI,0,512,1,Hardware: Independent Flip,13570.5490,31.6671,31.4210,0.2461,27.0769,37.9048,37.9009,0.0039,64.9823,17.2112,-20.1173,13570.5490,0.0006,56.5971,NA
SandFall-Win64-Shipping.exe,31024,0x13F96A7D0D0,DXGI,0,512,1,Hardware: Independent Flip,13602.2161,0.3047,0.1528,0.1519,33.3146,0.2309,0.2309,0.0000,50.5264,20.5179,14.4559,13602.2161,16.9809,NA,NA
SandFall-Win64-Shipping.exe,31024,0x13F96A7D0D0,DXGI,0,512,1,Hardware: Independent Flip,13602.5208,34.3516,34.0880,0.2636,33.2408,37.4982,37.4948,0.0034,70.7396,18.4978,-20.2132,13602.5208,0.0006,65.3252,NA
SandFall-Win64-Shipping.exe,31024,0x13F96A7D0D0,DXGI,0,512,1,Hardware: Independent Flip,13636.8724,0.3457,0.1740,0.1717,36.3874,0.2222,0.2189,0.0033,54.8858,17.1199,15.8538,13636.8724,18.2762,NA,NA
SandFall-Win64-Shipping.exe,31024,0x13F96A7D0D0,DXGI,0,512,1,Hardware: Independent Flip,13637.2181,37.8759,37.6277,0.2482,36.2639,35.3958,35.3886,0.0072,71.6600,18.8591,-16.7742,13637.2181,0.0003,64.9290,NA
SandFall-Win64-Shipping.exe,31024,0x13F96A7D0D0,DXGI,0,512,1,Hardware: Independent Flip,13675.0940,0.3187,0.1598,0.1589,33.7838,0.2369,0.2341,0.0028,52.6432,14.5710,19.0168,13675.0940,18.6225,NA,NA
SandFall-Win64-Shipping.exe,31024,0x13F96A7D0D0,DXGI,0,512,1,Hardware: Independent Flip,13675.4127,30.5021,30.2650,0.2371,33.7020,33.1926,33.1853,0.0073,66.8955,18.7033,-14.2523,13675.4127,0.0009,65.3268,NA
SandFall-Win64-Shipping.exe,31024,0x13F96A7D0D0,DXGI,0,512,1,Hardware: Independent Flip,13705.9148,0.3414,0.1581,0.1833,36.3925,0.2300,0.2268,0.0032,55.0967,12.8743,11.7988,13705.9148,18.4742,NA,NA
SandFall-Win64-Shipping.exe,31024,0x13F96A7D0D0,DXGI,0,512,1,Hardware: Independent Flip,13706.2562,33.2846,33.0393,0.2453,36.2811,31.3476,31.3404,0.0072,67.6296,17.8434,-12.5329,13706.2562,0.0009,56.9243,NA
SandFall-Win64-Shipping.exe,31024,0x13F96A7D0D0,DXGI,0,512,1,Hardware: Independent Flip,13739.5408,0.3226,0.1661,0.1565,34.3441,0.1858,0.1809,0.0049,52.1884,17.2870,15.4412,13739.5408,17.6585,NA,NA
SandFall-Win64-Shipping.exe,31024,0x13F96A7D0D0,DXGI,0,512,1,Hardware: Independent Flip,13739.8634,39.6814,39.4140,0.2674,34.2073,33.4446,33.4362,0.0084,69.1528,15.7844,-16.9644,13739.8634,1.5009,61.0796,NA
SandFall-Win64-Shipping.exe,31024,0x13F96A7D0D0,DXGI,0,512,1,Hardware: Independent Flip,13779.5448,0.3171,0.1662,0.1509,27.9705,0.2220,0.2203,0.0017,45.2558,17.2741,23.8970,13779.5448,17.0633,NA,NA
SandFall-Win64-Shipping.exe,31024,0x13F96A7D0D0,DXGI,0,512,1,Hardware: Independent Flip,13779.8619,33.7579,33.5113,0.2466,27.8754,32.8369,32.8290,0.0079,62.2128,15.8081,-16.9570,13779.8619,1.5005,61.1369,NA
SandFall-Win64-Shipping.exe,31024,0x13F96A7D0D0,DXGI,0,512,1,Hardware: Independent Flip,13813.6198,0.3163,0.1632,0.1531,26.9544,0.1581,0.1537,0.0044,44.2630,17.2226,17.9498,13813.6198,17.1505,NA,NA
SandFall-Win64-Shipping.exe,31024,0x13F96A7D0D0,DXGI,0,512,1,Hardware: Independent Flip,13813.9361,34.5543,34.2690,0.2853,26.7962,32.8722,32.8609,0.0113,61.1693,15.6804,-16.9063,13813.9361,1.5009,56.1625,NA
SandFall-Win64-Shipping.exe,31024,0x13F96A7D0D0,DXGI,0,512,1,Hardware: Independent Flip,13848.4904,0.3226,0.1637,0.1589,25.1141,0.2139,0.2121,0.0018,42.2954,17.1775,18.8739,13848.4904,16.9674,NA,NA
SandFall-Win64-Shipping.exe,31024,0x13F96A7D0D0,DXGI,0,512,1,Hardware: Independent Flip,13848.8130,28.9878,28.7445,0.2433,25.0054,32.9907,32.9792,0.0115,59.1503,15.8640,-16.8549,13848.8130,1.1542,52.0240,NA
SandFall-Win64-Shipping.exe,31024,0x13F96A7D0D0,DXGI,0,512,1,Hardware: Independent Flip,13877.8008,0.3490,0.1521,0.1969,29.0083,0.2209,0.2183,0.0026,46.0265,16.6416,13.1238,13877.8008,16.7973,NA,NA
SandFall-Win64-Shipping.exe,31024,0x13F96A7D0D0,DXGI,0,512,1,Hardware: Independent Flip,13878.1498,33.6062,33.3513,0.2549,28.8802,33.0231,33.0135,0.0096,62.3191,16.8251,-16.2926,13878.1498,0.4158,49.5021,NA
SandFall-Win64-Shipping.exe,31024,0x13F96A7D0D0,DXGI,0,512,1,Hardware: Independent Flip,13911.7560,0.3103,0.1560,0.1543,28.2971,0.2091,0.2074,0.0017,45.5380,15.1761,16.7811,13911.7560,17.0318,NA,NA
SandFall-Win64-Shipping.exe,31024,0x13F96A7D0D0,DXGI,0,512,1,Hardware: Independent Flip,13912.0663,32.7805,32.5349,0.2456,28.1959,32.1739,32.1589,0.0150,60.4038,17.2104,-14.8658,13912.0663,0.0340,56.5638,NA
SandFall-Win64-Shipping.exe,31024,0x13F96A7D0D0,DXGI,0,512,1,Hardware: Independent Flip,13944.8468,0.3053,0.1531,0.1522,27.5893,0.2185,0.2157,0.0028,44.8337,16.3193,15.5701,13944.8468,17.0259,NA,NA
SandFall-Win64-Shipping.exe,31024,0x13F96A7D0D0,DXGI,0,512,1,Hardware: Independent Flip,13945.1521,34.9352,34.6753,0.2599,27.5025,32.4776,32.4667,0.0109,60.8477,16.3970,-16.0140,13945.1521,0.8676,47.0667,NA
SandFall-Win64-Shipping.exe,31024,0x13F96A7D0D0,DXGI,0,512,1,Hardware: Independent Flip,13980.0873,0.3578,0.2005,0.1573,25.0449,0.1365,0.1346,0.0019,42.3095,18.6198,18.5382,13980.0873,17.1281,NA,NA
SandFall-Win64-Shipping.exe,31024,0x13F96A7D0D0,DXGI,0,512,1,Hardware: Independent Flip,13980.4451,34.9762,34.7227,0.2535,24.8236,34.4193,34.1541,0.2652,60.5715,16.0070,-18.2620,13980.4451,1.3286,48.0699,NA
SandFall-Win64-Shipping.exe,31024,0x13F96A7D0D0,DXGI,0,512,1,Hardware: Independent Flip,14015.4213,0.3087,0.1589,0.1498,24.2667,0.1914,0.1885,0.0029,41.6023,32.8274,18.9692,14015.4213,17.1442,NA,NA
SandFall-Win64-Shipping.exe,31024,0x13F96A7D0D0,DXGI,0,512,1,Hardware: Independent Flip,14015.7300,51.2736,50.8882,0.3854,24.1494,49.9707,33.3143,16.6564,74.1210,17.3978,-32.5187,14015.7300,0.0009,28.8732,NA
SandFall-Win64-Shipping.exe,31024,0x13F96A7D0D0,DXGI,0,512,1,Hardware: Independent Flip,14067.0036,0.3837,0.1951,0.1886,22.8465,0.2525,0.2498,0.0027,40.2452,20.8310,33.8758,14067.0036,17.1462,NA,NA
SandFall-Win64-Shipping.exe,31024,0x13F96A7D0D0,DXGI,0,512,1,Hardware: Independent Flip,14067.3873,19.8331,19.5870,0.2461,22.7153,36.4767,36.4693,0.0074,60.6925,15.7077,-20.4473,14067.3873,1.5005,NA,NA
SandFall-Win64-Shipping.exe,31024,0x13F96A7D0D0,DXGI,0,512,1,Hardware: Independent Flip,14087.2204,0.3175,0.1632,0.1543,39.3589,0.2211,0.2191,0.0020,56.5671,20.9847,4.1254,14087.2204,16.9871,NA,NA
SandFall-Win64-Shipping.exe,31024,0x13F96A7D0D0,DXGI,0,512,1,Hardware: Independent Flip,14087.5379,35.5617,35.3162,0.2455,39.2625,36.4707,36.4666,0.0041,77.2343,15.6201,-20.6672,14087.5379,1.5011,70.8359,NA
SandFall-Win64-Shipping.exe,31024,0x13F96A7D0D0,DXGI,0,512,1,Hardware: Independent Flip,14123.0996,0.3063,0.1556,0.1507,40.1715,0.1722,0.1646,0.0076,57.2927,20.3259,19.9416,14123.0996,16.9490,NA,NA
SandFall-Win64-Shipping.exe,31024,0x13F96A7D0D0,DXGI,0,512,1,Hardware: Independent Flip,14123.4059,36.4723,36.1950,0.2773,40.0374,35.7742,35.7641,0.0101,77.3123,15.5394,-20.0196,14123.4059,1.5007,82.7711,NA
SandFall-Win64-Shipping.exe,31024,0x13F96A7D0D0,DXGI,0,512,1,Hardware: Independent Flip,14159.8782,0.3211,0.1658,0.1553,39.3393,0.2210,0.2191,0.0019,56.3794,19.4809,20.9329,14159.8782,16.8191,NA,NA
SandFall-Win64-Shipping.exe,31024,0x13F96A7D0D0,DXGI,0,512,1,Hardware: Independent Flip,14160.1993,35.5051,35.2671,0.2380,39.2392,35.3880,35.3855,0.0025,75.5392,16.3380,-19.1598,14160.1993,0.9120,89.1956,NA
SandFall-Win64-Shipping.exe,31024,0x13F96A7D0D0,DXGI,0,512,1,Hardware: Independent Flip,14195.7044,0.3071,0.1553,0.1518,39.1221,0.2225,0.2195,0.0030,56.3721,15.2822,19.1671,14195.7044,17.0275,NA,NA
SandFall-Win64-Shipping.exe,31024,0x13F96A7D0D0,DXGI,0,512,1,Hardware: Independent Flip,14196.0115,36.1399,35.8925,0.2474,39.0375,32.3093,32.3026,0.0067,71.3472,17.8055,-14.9751,14196.0115,0.0004,90.0494,NA
SandFall-Win64-Shipping.exe,31024,0x13F96A7D0D0,DXGI,0,512,1,Hardware: Independent Flip,14232.1514,0.2984,0.1549,0.1435,35.2069,0.2217,0.2194,0.0023,53.0128,14.4614,18.3344,14232.1514,17.5842,NA,NA
SandFall-Win64-Shipping.exe,31024,0x13F96A7D0D0,DXGI,0,512,1,Hardware: Independent Flip,14232.4498,32.1745,31.9226,0.2519,35.1302,31.4542,31.4465,0.0077,67.1758,16.5646,-14.1630,14232.4498,0.5914,91.5512,NA
SandFall-Win64-Shipping.exe,31024,0x13F96A7D0D0,DXGI,0,512,1,Hardware: Independent Flip,14264.6243,0.3188,0.1667,0.1521,34.4099,0.1947,0.1885,0.0062,51.5659,17.0898,15.6099,14264.6243,16.9613,NA,NA
SandFall-Win64-Shipping.exe,31024,0x13F96A7D0D0,DXGI,0,512,1,Hardware: Independent Flip,14264.9431,31.3024,31.0601,0.2423,34.2858,32.5504,32.5442,0.0062,68.3369,15.6748,-16.7710,14264.9431,1.5007,79.1156,NA
SandFall-Win64-Shipping.exe,31024,0x13F96A7D0D0,DXGI,0,512,1,Hardware: Independent Flip,14296.2455,0.3053,0.1588,0.1465,35.5338,0.1740,0.1690,0.0050,52.7093,15.6920,15.6276,14296.2455,17.0015,NA,NA
SandFall-Win64-Shipping.exe,31024,0x13F96A7D0D0,DXGI,0,512,1,Hardware: Independent Flip,14296.5508,33.2102,32.9578,0.2524,35.4025,31.7372,31.7318,0.0054,68.0960,16.3027,-15.3867,14296.5508,0.9563,79.7301,NA
SandFall-Win64-Shipping.exe,31024,0x13F96A7D0D0,DXGI,0,512,1,Hardware: Independent Flip,14329.7610,0.3224,0.1653,0.1571,33.9295,0.2258,0.2237,0.0021,51.1885,16.5658,16.9075,14329.7610,17.0332,NA,NA
SandFall-Win64-Shipping.exe,31024,0x13F96A7D0D0,DXGI,0,512,1,Hardware: Independent Flip,14330.0834,36.8857,36.6113,0.2744,33.8329,32.3293,32.3246,0.0047,67.4319,15.9809,-16.2434,14330.0834,1.2697,81.8144,NA
SandFall-Win64-Shipping.exe,31024,0x13F96A7D0D0,DXGI,0,512,1,Hardware: Independent Flip,14366.9691,0.3171,0.1622,0.1549,29.2765,0.2131,0.2113,0.0018,46.5271,16.3672,20.9048,14366.9691,17.0375,NA,NA
SandFall-Win64-Shipping.exe,31024,0x13F96A7D0D0,DXGI,0,512,1,Hardware: Independent Flip,14367.2862,32.5852,32.3453,0.2399,29.1725,32.4205,32.4117,0.0088,62.5772,16.2390,-16.0501,14367.2862,0.9842,83.3618,NA
SandFall-Win64-Shipping.exe,31024,0x13F96A7D0D0,DXGI,0,512,1,Hardware: Independent Flip,14399.8714,0.3151,0.1632,0.1519,29.0078,0.2173,0.2147,0.0026,46.2310,15.9088,16.3462,14399.8714,17.0059,NA,NA
SandFall-Win64-Shipping.exe,31024,0x13F96A7D0D0,DXGI,0,512,1,Hardware: Independent Flip,14400.1865,34.5243,34.2608,0.2635,28.9100,31.9858,31.9775,0.0083,61.8247,16.1393,-15.5937,14400.1865,0.9289,84.8145,NA
SandFall-Win64-Shipping.exe,31024,0x13F96A7D0D0,DXGI,0,512,1,Hardware: Independent Flip,14434.7108,0.3120,0.1602,0.1518,26.3715,0.2063,0.2045,0.0018,43.4397,16.3654,18.3850,14434.7108,16.8619,NA,NA
SandFall-Win64-Shipping.exe,31024,0x13F96A7D0D0,DXGI,0,512,1,Hardware: Independent Flip,14435.0228,33.3602,33.1007,0.2595,26.2658,32.1748,32.1659,0.0089,59.4931,15.9432,-16.0534,14435.0228,1.0525,86.5695,NA
SandFall-Win64-Shipping.exe,31024,0x13F96A7D0D0,DXGI,0,512,1,Hardware: Independent Flip,14468.3830,0.3086,0.1599,0.1487,25.0804,0.2129,0.2111,0.0018,42.0761,15.7956,17.4170,14468.3830,16.7828,NA,NA
SandFall-Win64-Shipping.exe,31024,0x13F96A7D0D0,DXGI,0,512,1,Hardware: Independent Flip,14468.6916,28.4167,28.1688,0.2479,24.9847,31.7278,31.7176,0.0102,57.5631,16.1893,-15.4870,14468.6916,0.8506,72.1983,NA
SandFall-Win64-Shipping.exe,31024,0x13F96A7D0D0,DXGI,0,512,1,Hardware: Independent Flip,14497.1083,0.3053,0.1533,0.1520,28.2958,0.2277,0.2246,0.0031,45.3357,16.3256,12.2274,14497.1083,16.8122,NA,NA
SandFall-Win64-Shipping.exe,31024,0x13F96A7D0D0,DXGI,0,512,1,Hardware: Independent Flip,14497.4136,32.6552,32.4036,0.2516,28.2182,32.0838,32.0747,0.0091,61.3560,15.9941,-16.0203,14497.4136,1.0540,73.9501,NA
SandFall-Win64-Shipping.exe,31024,0x13F96A7D0D0,DXGI,0,512,1,Hardware: Independent Flip,14530.0688,0.3111,0.1556,0.1555,27.6468,0.2046,0.2029,0.0017,44.6949,15.7336,16.6611,14530.0688,16.8435,NA,NA
SandFall-Win64-Shipping.exe,31024,0x13F96A7D0D0,DXGI,0,512,1,Hardware: Independent Flip,14530.3799,33.6470,33.3919,0.2551,27.5403,31.6822,31.6699,0.0123,60.1174,16.0803,-15.4225,14530.3799,0.8949,53.5238,NA
SandFall-Win64-Shipping.exe,31024,0x13F96A7D0D0,DXGI,0,512,1,Hardware: Independent Flip,14564.0269,0.3227,0.1543,0.1684,25.5755,0.1815,0.1799,0.0016,42.5507,19.2542,17.5667,14564.0269,16.7937,NA,NA
SandFall-Win64-Shipping.exe,31024,0x13F96A7D0D0,DXGI,0,512,1,Hardware: Independent Flip,14564.3496,34.9995,34.7307,0.2688,25.4343,34.9675,34.9534,0.0141,61.4822,15.8974,-18.9315,14564.3496,1.0804,48.7173,NA
SandFall-Win64-Shipping.exe,31024,0x13F96A7D0D0,DXGI,0,512,1,Hardware: Independent Flip,14599.3491,0.3151,0.1559,0.1592,25.4023,0.2088,0.2057,0.0031,42.3801,19.7238,19.1021,14599.3491,16.7690,NA,NA
SandFall-Win64-Shipping.exe,31024,0x13F96A7D0D0,DXGI,0,512,1,Hardware: Independent Flip,14599.6642,33.1969,32.9061,0.2908,25.2960,36.4921,36.4817,0.0104,61.7888,17.4444,-19.4087,14599.6642,0.0007,53.6176,NA
SandFall-Win64-Shipping.exe,31024,0x13F96A7D0D0,DXGI,0,512,1,Hardware: Independent Flip,14632.8611,0.3258,0.1619,0.1639,28.5912,0.2311,0.2311,0.0000,46.0363,16.9114,15.7525,14632.8611,17.2140,NA,NA
SandFall-Win64-Shipping.exe,31024,0x13F96A7D0D0,DXGI,0,512,1,Hardware: Independent Flip,14633.1869,32.1318,31.8928,0.2390,28.4965,34.1246,34.1191,0.0055,62.6219,18.3572,-16.5856,14633.1869,0.0008,57.2219,NA
SandFall-Win64-Shipping.exe,31024,0x13F96A7D0D0,DXGI,0,512,1,Hardware: Independent Flip,14665.3187,0.2978,0.1523,0.1455,30.4893,0.2316,0.2316,0.0000,48.8473,17.5501,13.7746,14665.3187,18.1264,NA,NA
SandFall-Win64-Shipping.exe,31024,0x13F96A7D0D0,DXGI,0,512,1,Hardware: Independent Flip,14665.6165,32.9680,32.7188,0.2492,30.4231,35.6764,35.6728,0.0036,66.0996,17.8111,-17.2523,14665.6165,0.0001,NA,NA
SandFall-Win64-Shipping.exe,31024,0x13F96A7D0D0,DXGI,0,512,1,Hardware: Independent Flip,14698.5845,0.3010,0.1509,0.1501,33.1315,0.2328,0.2305,0.0023,50.9427,13.9987,15.1569,14698.5845,17.5784,NA,NA
SandFall-Win64-Shipping.exe,31024,0x13F96A7D0D0,DXGI,0,512,1,Hardware: Independent Flip,14698.8855,32.4472,32.0498,0.3974,33.0633,31.5760,31.5663,0.0097,64.6404,17.6458,-13.6977,14698.8855,0.0011,78.7955,NA
SandFall-Win64-Shipping.exe,31024,0x13F96A7D0D0,DXGI,0,512,1,Hardware: Independent Flip,14731.3327,0.5083,0.2228,0.2855,32.1921,0.2134,0.2110,0.0024,49.8390,14.8701,14.8014,14731.3327,17.4335,NA,NA
SandFall-Win64-Shipping.exe,31024,0x13F96A7D0D0,DXGI,0,512,1,Hardware: Independent Flip,14731.8410,33.9044,33.6445,0.2599,31.8972,31.4235,31.4153,0.0082,64.2008,15.7040,-14.3618,14731.8410,0.8801,80.5811,NA
SandFall-Win64-Shipping.exe,31024,0x13F96A7D0D0,DXGI,0,512,1,Hardware: Independent Flip,14765.7454,0.3298,0.1709,0.1589,29.4163,0.2098,0.2080,0.0018,46.0004,17.5180,18.2004,14765.7454,16.3743,NA,NA
SandFall-Win64-Shipping.exe,31024,0x13F96A7D0D0,DXGI,0,512,1,Hardware: Independent Flip,14766.0752,37.1906,36.9239,0.2667,29.2963,32.5897,32.5803,0.0094,63.1886,15.2289,-17.1882,14766.0752,1.3026,52.2558,NA
SandFall-Win64-Shipping.exe,31024,0x13F96A7D0D0,DXGI,0,512,1,Hardware: Independent Flip,14803.2658,0.3206,0.1659,0.1547,24.6954,0.1658,0.1593,0.0065,41.2269,16.0171,21.9617,14803.2658,16.3657,NA,NA
SandFall-Win64-Shipping.exe,31024,0x13F96A7D0D0,DXGI,0,512,1,Hardware: Independent Flip,14803.5864,34.1663,33.9101,0.2562,24.5406,32.2121,32.2017,0.0104,56.9234,16.4909,-15.6965,14803.5864,0.1707,52.8034,NA
SandFall-Win64-Shipping.exe,31024,0x13F96A7D0D0,DXGI,0,512,1,Hardware: Independent Flip,14837.7527,0.3284,0.1652,0.1632,22.5864,0.2450,0.2426,0.0024,39.2480,15.5350,17.6754,14837.7527,16.4166,NA,NA
SandFall-Win64-Shipping.exe,31024,0x13F96A7D0D0,DXGI,0,512,1,Hardware: Independent Flip,14838.0811,27.4106,27.1660,0.2446,22.5030,31.5361,31.5158,0.0203,54.4546,16.2398,-15.2066,14838.0811,0.4155,54.0659,NA
SandFall-Win64-Shipping.exe,31024,0x13F96A7D0D0,DXGI,0,512,1,Hardware: Independent Flip,14865.4917,0.3036,0.1526,0.1510,26.6285,0.2053,0.2035,0.0018,43.2838,16.2738,11.1708,14865.4917,16.4500,NA,NA
SandFall-Win64-Shipping.exe,31024,0x13F96A7D0D0,DXGI,0,512,1,Hardware: Independent Flip,14865.7953,34.7984,34.1233,0.6751,26.5302,31.9347,31.9257,0.0090,59.2540,15.9090,-15.9702,14865.7953,0.7891,48.1090,NA
SandFall-Win64-Shipping.exe,31024,0x13F96A7D0D0,DXGI,0,512,1,Hardware: Independent Flip,14900.5937,0.5244,0.3073,0.2171,23.6665,0.2019,0.1984,0.0035,40.3646,17.1039,18.8894,14900.5937,16.4962,NA,NA
SandFall-Win64-Shipping.exe,31024,0x13F96A7D0D0,DXGI,0,512,1,Hardware: Independent Flip,14901.1181,33.1181,32.7677,0.3504,23.3440,32.9920,32.9781,0.0139,56.9441,16.2210,-16.5795,14901.1181,0.6081,48.1224,NA
SandFall-Win64-Shipping.exe,31024,0x13F96A7D0D0,DXGI,0,512,1,Hardware: Independent Flip,14934.2362,0.3516,0.1594,0.1922,23.2179,0.1838,0.1822,0.0016,40.0470,16.4824,16.8971,14934.2362,16.6453,NA,NA
SandFall-Win64-Shipping.exe,31024,0x13F96A7D0D0,DXGI,0,512,1,Hardware: Independent Flip,14934.5878,32.2342,31.9794,0.2548,23.0501,32.9543,32.9485,0.0058,56.1778,16.6641,-16.1308,14934.5878,0.1734,45.8291,NA
SandFall-Win64-Shipping.exe,31024,0x13F96A7D0D0,DXGI,0,512,1,Hardware: Independent Flip,14966.8220,0.3259,0.1592,0.1667,23.7702,0.1359,0.1338,0.0021,40.6077,18.1613,15.5701,14966.8220,16.7016,NA,NA
SandFall-Win64-Shipping.exe,31024,0x13F96A7D0D0,DXGI,0,512,1,Hardware: Independent Flip,14967.1479,34.1565,33.8458,0.3107,23.5802,34.5826,34.2524,0.3302,58.4431,16.4523,-17.8354,14967.1479,0.2803,46.6507,NA
SandFall-Win64-Shipping.exe,31024,0x13F96A7D0D0,DXGI,0,512,1,Hardware: Independent Flip,15001.3044,0.3184,0.1631,0.1553,24.0063,0.1997,0.1979,0.0018,40.7389,17.0221,17.7042,15001.3044,16.5329,NA,NA
SandFall-Win64-Shipping.exe,31024,0x13F96A7D0D0,DXGI,0,512,1,Hardware: Independent Flip,15001.6228,31.7180,31.4553,0.2627,23.8876,33.5539,33.5395,0.0144,57.4426,17.2785,-16.7037,15001.6228,0.0011,47.1343,NA
SandFall-Win64-Shipping.exe,31024,0x13F96A7D0D0,DXGI,0,512,1,Hardware: Independent Flip,15033.3408,0.3115,0.1564,0.1551,25.7235,0.2099,0.2081,0.0018,43.0031,16.5647,14.4395,15033.3408,17.0697,NA,NA
SandFall-Win64-Shipping.exe,31024,0x13F96A7D0D0,DXGI,0,512,1,Hardware: Independent Flip,15033.6523,33.5197,33.2588,0.2609,25.6219,33.6336,33.6159,0.0177,59.2563,17.2146,-16.2532,15033.6523,0.0008,47.9717,NA
SandFall-Win64-Shipping.exe,31024,0x13F96A7D0D0,DXGI,0,512,1,Hardware: Independent Flip,15067.1720,0.3127,0.1539,0.1588,25.7358,0.2196,0.2170,0.0026,42.9512,19.7567,16.3051,15067.1720,16.9958,NA,NA
SandFall-Win64-Shipping.exe,31024,0x13F96A7D0D0,DXGI,0,512,1,Hardware: Independent Flip,15067.4847,33.5135,33.1610,0.3525,25.6427,36.7517,36.7351,0.0166,62.3952,16.9079,-19.4440,15067.4847,0.0008,50.9440,NA
SandFall-Win64-Shipping.exe,31024,0x13F96A7D0D0,DXGI,0,512,1,Hardware: Independent Flip,15100.9982,0.3885,0.1991,0.1894,28.8809,0.2131,0.2093,0.0038,45.7896,23.3775,16.6056,15100.9982,16.6956,NA,NA
SandFall-Win64-Shipping.exe,31024,0x13F96A7D0D0,DXGI,0,512,1,Hardware: Independent Flip,15101.3867,35.4180,35.1770,0.2410,28.7055,40.0726,40.0620,0.0106,68.7786,18.4604,-22.9890,15101.3867,0.0005,58.2275,NA
SandFall-Win64-Shipping.exe,31024,0x13F96A7D0D0,DXGI,0,512,1,Hardware: Independent Flip,15136.8047,0.4043,0.1766,0.2277,33.3601,0.2404,0.2372,0.0032,51.8210,17.8059,16.9576,15136.8047,18.2205,NA,NA
SandFall-Win64-Shipping.exe,31024,0x13F96A7D0D0,DXGI,0,512,1,Hardware: Independent Flip,15137.2090,33.0576,32.6615,0.3961,33.1962,36.0255,36.0192,0.0063,69.2226,18.4504,-17.4016,15137.2090,0.0009,60.4650,NA
SandFall-Win64-Shipping.exe,31024,0x13F96A7D0D0,DXGI,0,512,1,Hardware: Independent Flip,15170.2666,0.4594,0.2822,0.1772,36.1641,0.2287,0.2266,0.0021,54.6154,16.9148,14.6072,15170.2666,18.2226,NA,NA
SandFall-Win64-Shipping.exe,31024,0x13F96A7D0D0,DXGI,0,512,1,Hardware: Independent Flip,15170.7260,33.0342,32.7907,0.2435,35.9334,35.1365,35.1288,0.0077,71.0708,18.5371,-16.4554,15170.7260,0.0009,63.8466,NA
SandFall-Win64-Shipping.exe,31024,0x13F96A7D0D0,DXGI,0,512,1,Hardware: Independent Flip,15203.7602,0.5263,0.2128,0.3135,38.0357,0.2287,0.2265,0.0022,56.5737,14.3351,14.4971,15203.7602,18.3093,NA,NA
SandFall-Win64-Shipping.exe,31024,0x13F96A7D0D0,DXGI,0,512,1,Hardware: Independent Flip,15204.2865,37.3302,37.0372,0.2930,37.7381,32.6439,32.6409,0.0030,70.3825,18.6146,-13.8088,15204.2865,0.0005,61.7365,NA
SandFall-Win64-Shipping.exe,31024,0x13F96A7D0D0,DXGI,0,512,1,Hardware: Independent Flip,15241.6167,0.4831,0.2425,0.2406,33.0518,0.2318,0.2290,0.0028,51.6669,12.9399,18.7156,15241.6167,18.3833,NA,NA
SandFall-Win64-Shipping.exe,31024,0x13F96A7D0D0,DXGI,0,512,1,Hardware: Independent Flip,15242.0998,33.2881,32.9910,0.2971,32.8005,31.3222,31.3137,0.0085,64.1237,17.9682,-12.4568,15242.0998,0.0010,61.2754,NA
SandFall-Win64-Shipping.exe,31024,0x13F96A7D0D0,DXGI,0,512,1,Hardware: Independent Flip,15275.3879,0.3117,0.1620,0.1497,30.8346,0.2198,0.2172,0.0026,48.8038,14.2160,15.3199,15275.3879,17.7494,NA,NA
SandFall-Win64-Shipping.exe,31024,0x13F96A7D0D0,DXGI,0,512,1,Hardware: Independent Flip,15275.6996,35.1983,34.9325,0.2658,30.7427,30.4644,30.4546,0.0098,62.7081,15.9768,-13.9043,15275.6996,1.5010,63.4630,NA
SandFall-Win64-Shipping.exe,31024,0x13F96A7D0D0,DXGI,0,512,1,Hardware: Independent Flip,15310.8979,0.3283,0.1698,0.1585,26.0088,0.1860,0.1842,0.0018,43.4866,14.8080,19.2215,15310.8979,17.2918,NA,NA
SandFall-Win64-Shipping.exe,31024,0x13F96A7D0D0,DXGI,0,512,1,Hardware: Independent Flip,15311.2262,32.7497,32.4761,0.2736,25.8665,30.5991,30.5865,0.0126,57.9663,15.6810,-14.4797,15311.2262,1.5007,72.2419,NA
SandFall-Win64-Shipping.exe,31024,0x13F96A7D0D0,DXGI,0,512,1,Hardware: Independent Flip,15343.9759,0.3460,0.1815,0.1645,23.7159,0.2084,0.2067,0.0017,40.8976,14.8771,17.0687,15343.9759,16.9733,NA,NA
SandFall-Win64-Shipping.exe,31024,0x13F96A7D0D0,DXGI,0,512,1,Hardware: Independent Flip,15344.3219,29.4190,29.1637,0.2553,23.5783,30.3487,30.3358,0.0129,55.4287,15.8145,-14.5311,15344.3219,1.5017,53.7991,NA
SandFall-Win64-Shipping.exe,31024,0x13F96A7D0D0,DXGI,0,512,1,Hardware: Independent Flip,15373.7409,0.3035,0.1533,0.1502,24.5080,0.1785,0.1315,0.0470,41.8242,15.7691,13.6045,15373.7409,17.1377,NA,NA
SandFall-Win64-Shipping.exe,31024,0x13F96A7D0D0,DXGI,0,512,1,Hardware: Independent Flip,15374.0444,33.8995,33.6367,0.2628,24.3830,31.4060,31.0089,0.3971,57.2898,15.5341,-15.4656,15374.0444,1.5008,47.3914,NA
SandFall-Win64-Shipping.exe,31024,0x13F96A7D0D0,DXGI,0,512,1,Hardware: Independent Flip,15407.9439,0.3106,0.1564,0.1542,21.8895,0.1807,0.1755,0.0052,38.9244,18.1709,18.3654,15407.9439,16.8542,NA,NA
SandFall-Win64-Shipping.exe,31024,0x13F96A7D0D0,DXGI,0,512,1,Hardware: Independent Flip,15408.2545,32.8909,32.6001,0.2908,21.7596,33.5242,31.5888,1.9354,56.7847,15.2349,-17.8603,15408.2545,1.5009,NA,NA
SandFall-Win64-Shipping.exe,31024,0x13F96A7D0D0,DXGI,0,512,1,Hardware: Independent Flip,15441.1454,0.3301,0.1712,0.1589,22.3929,0.2042,0.1988,0.0054,39.1287,18.2347,17.6560,15441.1454,16.5316,NA,NA
SandFall-Win64-Shipping.exe,31024,0x13F96A7D0D0,DXGI,0,512,1,Hardware: Independent Flip,15441.4755,34.2760,34.0289,0.2471,22.2670,33.2656,30.7768,2.4888,57.0333,15.0194,-17.9046,15441.4755,1.5007,NA,NA
SandFall-Win64-Shipping.exe,31024,0x13F96A7D0D0,DXGI,0,512,1,Hardware: Independent Flip,15475.7515,0.3081,0.1537,0.1544,21.2566,0.1838,0.1822,0.0016,37.7767,15.7071,19.2566,15475.7515,16.3363,NA,NA
SandFall-Win64-Shipping.exe,31024,0x13F96A7D0D0,DXGI,0,512,1,Hardware: Independent Flip,15476.0596,31.6596,31.4029,0.2567,21.1323,31.7442,30.7179,1.0263,53.1757,16.0176,-15.3990,15476.0596,0.2992,67.2796,NA
SandFall-Win64-Shipping.exe,31024,0x13F96A7D0D0,DXGI,0,512,1,Hardware: Independent Flip,15507.7192,0.3048,0.1514,0.1534,21.2169,0.1779,0.1720,0.0059,37.5337,16.2961,15.6420,15507.7192,16.1389,NA,NA
SandFall-Win64-Shipping.exe,31024,0x13F96A7D0D0,DXGI,0,512,1,Hardware: Independent Flip,15508.0240,31.4317,31.1729,0.2588,21.0900,31.9709,30.5542,1.4167,53.5250,15.7844,-15.9913,15508.0240,0.4641,62.5884,NA
SandFall-Win64-Shipping.exe,31024,0x13F96A7D0D0,DXGI,0,512,1,Hardware: Independent Flip,15539.4557,0.3047,0.1530,0.1517,21.6292,0.1821,0.1734,0.0087,37.8777,16.6196,15.6473,15539.4557,16.0664,NA,NA
SandFall-Win64-Shipping.exe,31024,0x13F96A7D0D0,DXGI,0,512,1,Hardware: Independent Flip,15539.7604,32.3498,32.0887,0.2611,21.5066,32.4591,30.8494,1.6097,54.1926,15.9425,-16.3149,15539.7604,0.2269,NA,NA
SandFall-Win64-Shipping.exe,31024,0x13F96A7D0D0,DXGI,0,512,1,Hardware: Independent Flip,15572.1102,0.3089,0.1532,0.1557,21.6159,0.1757,0.1703,0.0054,37.7853,15.9590,16.4073,15572.1102,15.9937,NA,NA
SandFall-Win64-Shipping.exe,31024,0x13F96A7D0D0,DXGI,0,512,1,Hardware: Independent Flip,15572.4191,31.9252,31.6693,0.2559,21.4827,31.9513,31.0140,0.9373,53.4354,15.9868,-15.6501,15572.4191,0.0014,NA,NA
SandFall-Win64-Shipping.exe,31024,0x13F96A7D0D0,DXGI,0,512,1,Hardware: Independent Flip,15604.3443,0.3012,0.1525,0.1487,21.5088,0.0793,0.0777,0.0016,37.4970,18.9045,15.9384,15604.3443,15.9089,NA,NA
SandFall-Win64-Shipping.exe,31024,0x13F96A7D0D0,DXGI,0,512,1,Hardware: Independent Flip,15604.6455,31.0100,30.7469,0.2631,21.2869,34.8123,34.6156,0.1967,56.1003,15.8367,-18.6033,15604.6455,0.0011,NA,NA
SandFall-Win64-Shipping.exe,31024,0x13F96A7D0D0,DXGI,0,512,1,Hardware: Independent Flip,15635.6555,0.3053,0.1548,0.1505,25.0892,0.2269,0.2239,0.0030,40.9270,18.4301,15.1733,15635.6555,15.6109,NA,NA
SandFall-Win64-Shipping.exe,31024,0x13F96A7D0D0,DXGI,0,512,1,Hardware: Independent Flip,15635.9608,30.8299,30.5886,0.2413,25.0108,34.0402,34.0265,0.0137,59.0518,17.1725,-18.1248,15635.9608,0.0008,NA,NA
SandFall-Win64-Shipping.exe,31024,0x13F96A7D0D0,DXGI,0,512,1,Hardware: Independent Flip,15666.7907,0.3012,0.1522,0.1490,28.2211,0.2215,0.2178,0.0037,45.3944,16.4847,13.6574,15666.7907,16.9518,NA,NA
SandFall-Win64-Shipping.exe,31024,0x13F96A7D0D0,DXGI,0,512,1,Hardware: Independent Flip,15667.0919,31.4428,31.1919,0.2509,28.1414,33.4355,33.4314,0.0041,61.5779,17.1336,-16.1835,15667.0919,0.0010,51.7297,NA
SandFall-Win64-Shipping.exe,31024,0x13F96A7D0D0,DXGI,0,512,1,Hardware: Independent Flip,15698.5347,0.3022,0.1535,0.1487,30.1341,0.2263,0.2234,0.0029,47.2687,13.4415,14.3092,15698.5347,16.9083,NA,NA
SandFall-Win64-Shipping.exe,31024,0x13F96A7D0D0,DXGI,0,512,1,Hardware: Independent Flip,15698.8369,30.4576,30.2140,0.2436,30.0582,30.3491,30.3423,0.0068,60.4080,17.1038,-13.1393,15698.8369,0.0007,63.2810,NA
SandFall-Win64-Shipping.exe,31024,0x13F96A7D0D0,DXGI,0,512,1,Hardware: Independent Flip,15729.2945,0.3063,0.1547,0.1516,29.9497,0.2274,0.2249,0.0025,47.0542,13.3520,13.3538,15729.2945,16.8771,NA,NA
SandFall-Win64-Shipping.exe,31024,0x13F96A7D0D0,DXGI,0,512,1,Hardware: Independent Flip,15729.6008,30.6969,30.4474,0.2495,29.8708,30.2284,30.2201,0.0083,60.0999,15.5202,-13.0457,15729.6008,0.0007,NA,NA
SandFall-Win64-Shipping.exe,31024,0x13F96A7D0D0,DXGI,0,512,1,Hardware: Independent Flip,15760.2977,0.3520,0.1811,0.1709,29.4023,0.2201,0.2183,0.0018,44.9232,17.9858,15.1767,15760.2977,15.3008,NA,NA
SandFall-Win64-Shipping.exe,31024,0x13F96A7D0D0,DXGI,0,512,1,Hardware: Independent Flip,15760.6497,36.5516,36.3082,0.2434,29.2704,32.3267,32.3216,0.0051,62.5570,14.3229,-17.6338,15760.6497,0.9599,NA,NA
SandFall-Win64-Shipping.exe,31024,0x13F96A7D0D0,DXGI,0,512,1,Hardware: Independent Flip,15797.2013,0.3116,0.1623,0.1493,25.0455,0.2093,0.2068,0.0025,40.3283,15.4307,22.2287,15797.2013,15.0735,NA,NA
SandFall-Win64-Shipping.exe,31024,0x13F96A7D0D0,DXGI,0,512,1,Hardware: Independent Flip,15797.5129,28.6568,28.4058,0.2510,24.9432,30.5035,30.4987,0.0048,55.4474,16.1076,-15.1191,15797.5129,0.0007,NA,NA
SandFall-Win64-Shipping.exe,31024,0x13F96A7D0D0,DXGI,0,512,1,Hardware: Independent Flip,15826.1697,0.3032,0.1506,0.1526,26.7899,0.2208,0.2181,0.0027,42.8982,14.7565,12.5492,15826.1697,15.8875,NA,NA
SandFall-Win64-Shipping.exe,31024,0x13F96A7D0D0,DXGI,0,512,1,Hardware: Independent Flip,15826.4729,25.1131,24.8749,0.2382,26.7075,30.6432,30.6391,0.0041,57.3515,15.9489,-14.4533,15826.4729,0.0008,NA,NA
SandFall-Win64-Shipping.exe,31024,0x13F96A7D0D0,DXGI,0,512,1,Hardware: Independent Flip,15851.5860,0.3585,0.2085,0.1500,32.2376,0.2273,0.2273,0.0000,48.1873,14.8033,9.1642,15851.5860,15.7224,NA,NA
SandFall-Win64-Shipping.exe,31024,0x13F96A7D0D0,DXGI,0,512,1,Hardware: Independent Flip,15851.9445,37.2404,36.9784,0.2620,32.1064,30.4862,30.4812,0.0050,62.6321,15.5391,-14.4448,15851.9445,0.0395,63.6274,NA
SandFall-Win64-Shipping.exe,31024,0x13F96A7D0D0,DXGI,0,512,1,Hardware: Independent Flip,15889.1849,0.3161,0.1633,0.1528,25.3522,0.2345,0.2320,0.0025,40.9308,14.9836,21.7013,15889.1849,15.3441,NA,NA
SandFall-Win64-Shipping.exe,31024,0x13F96A7D0D0,DXGI,0,512,1,Hardware: Independent Flip,15889.5010,32.1877,31.9054,0.2823,25.2706,29.9139,29.9050,0.0089,55.5983,15.2423,-14.6675,15889.5010,0.4138,77.1481,NA
SandFall-Win64-Shipping.exe,31024,0x13F96A7D0D0,DXGI,0,512,1,Hardware: Independent Flip,15921.6887,0.3162,0.1647,0.1515,22.9968,0.1726,0.1667,0.0059,38.6529,15.0084,16.9454,15921.6887,15.4835,NA,NA
SandFall-Win64-Shipping.exe,31024,0x13F96A7D0D0,DXGI,0,512,1,Hardware: Independent Flip,15922.0049,28.9756,28.6956,0.2800,22.8532,29.9394,29.9331,0.0063,53.3451,15.4167,-14.6922,15922.0049,0.5525,NA,NA
SandFall-Win64-Shipping.exe,31024,0x13F96A7D0D0,DXGI,0,512,1,Hardware: Independent Flip,15950.9805,0.3232,0.1713,0.1519,23.8170,0.2122,0.2105,0.0017,39.7862,15.2696,13.5589,15950.9805,15.7570,NA,NA
SandFall-Win64-Shipping.exe,31024,0x13F96A7D0D0,DXGI,0,512,1,Hardware: Independent Flip,15951.3037,27.2942,27.0512,0.2430,23.7060,30.2609,30.2481,0.0128,54.7326,15.2924,-14.9464,15951.3037,0.7657,NA,NA
SandFall-Win64-Shipping.exe,31024,0x13F96A7D0D0,DXGI,0,512,1,Hardware: Independent Flip,15978.5979,0.3089,0.1536,0.1553,26.6727,0.2108,0.2091,0.0017,42.7308,15.3067,12.0018,15978.5979,15.8473,NA,NA
SandFall-Win64-Shipping.exe,31024,0x13F96A7D0D0,DXGI,0,512,1,Hardware: Independent Flip,15978.9068,32.5351,32.2569,0.2782,26.5746,30.3680,30.3527,0.0153,57.7286,15.2548,-14.9978,15978.9068,0.7860,50.6608,NA
SandFall-Win64-Shipping.exe,31024,0x13F96A7D0D0,DXGI,0,512,1,Hardware: Independent Flip,16011.4419,0.3174,0.1673,0.1501,24.4075,0.2062,0.2045,0.0017,40.4483,15.5022,17.2803,16011.4419,15.8346,NA,NA
SandFall-Win64-Shipping.exe,31024,0x13F96A7D0D0,DXGI,0,512,1,Hardware: Independent Flip,16011.7593,32.8294,32.5835,0.2459,24.2963,30.5698,30.5551,0.0147,55.6331,15.1808,-15.1848,16011.7593,0.7670,45.4508,NA
SandFall-Win64-Shipping.exe,31024,0x13F96A7D0D0,DXGI,0,512,1,Hardware: Independent Flip,16044.5887,0.3041,0.1548,0.1493,22.0367,0.2067,0.2052,0.0015,37.9845,16.1445,17.6486,16044.5887,15.7411,NA,NA
SandFall-Win64-Shipping.exe,31024,0x13F96A7D0D0,DXGI,0,512,1,Hardware: Independent Flip,16044.8928,32.2005,31.9428,0.2577,21.9393,31.2703,31.2592,0.0111,53.8249,15.2579,-15.8404,16044.8928,0.6153,44.7807,NA
SandFall-Win64-Shipping.exe,31024,0x13F96A7D0D0,DXGI,0,512,1,Hardware: Independent Flip,16077.0933,0.3161,0.1568,0.1593,21.0091,0.1928,0.1911,0.0017,36.8823,15.5483,16.9426,16077.0933,15.6804,NA,NA
SandFall-Win64-Shipping.exe,31024,0x13F96A7D0D0,DXGI,0,512,1,Hardware: Independent Flip,16077.4094,30.3002,30.0477,0.2525,20.8858,31.0484,31.0398,0.0086,52.1145,15.6988,-15.2322,16077.4094,0.1803,43.5762,NA
SandFall-Win64-Shipping.exe,31024,0x13F96A7D0D0,DXGI,0,512,1,Hardware: Independent Flip,16107.7096,0.3037,0.1524,0.1513,21.6340,0.2236,0.2218,0.0018,37.5131,19.3350,14.6014,16107.7096,15.6555,NA,NA
SandFall-Win64-Shipping.exe,31024,0x13F96A7D0D0,DXGI,0,512,1,Hardware: Independent Flip,16108.0133,30.3799,30.1309,0.2490,21.5539,34.7244,34.7105,0.0139,56.5444,15.6093,-19.0313,16108.0133,0.2661,47.6201,NA
SandFall-Win64-Shipping.exe,31024,0x13F96A7D0D0,DXGI,0,512,1,Hardware: Independent Flip,16138.3932,0.3038,0.1546,0.1492,25.8984,0.1658,0.1595,0.0063,41.7738,20.3363,14.7706,16138.3932,15.7096,NA,NA
SandFall-Win64-Shipping.exe,31024,0x13F96A7D0D0,DXGI,0,512,1,Hardware: Independent Flip,16138.6970,34.5604,34.2900,0.2704,25.7604,36.0449,36.0332,0.0117,61.8063,17.3796,-20.0325,16138.6970,0.0010,50.5566,NA
SandFall-Win64-Shipping.exe,31024,0x13F96A7D0D0,DXGI,0,512,1,Hardware: Independent Flip,16173.2574,0.3224,0.1648,0.1576,27.2449,0.2486,0.2443,0.0043,44.6255,18.4565,17.1808,16173.2574,17.1320,NA,NA
SandFall-Win64-Shipping.exe,31024,0x13F96A7D0D0,DXGI,0,512,1,Hardware: Independent Flip,16173.5798,30.6501,30.2575,0.3926,27.1711,35.5878,35.5807,0.0071,62.7596,17.4532,-18.1341,16173.5798,0.0007,53.3997,NA
SandFall-Win64-Shipping.exe,31024,0x13F96A7D0D0,DXGI,0,512,1,Hardware: Independent Flip,16204.2299,0.3457,0.1818,0.1639,32.1088,0.2262,0.2230,0.0032,49.5627,15.9275,13.1969,16204.2299,17.2277,NA,NA
SandFall-Win64-Shipping.exe,31024,0x13F96A7D0D0,DXGI,0,512,1,Hardware: Independent Flip,16204.5756,29.9814,29.7469,0.2345,31.9893,33.1546,33.1480,0.0066,65.1445,17.4181,-15.5818,16204.5756,0.0006,58.7821,NA
SandFall-Win64-Shipping.exe,31024,0x13F96A7D0D0,DXGI,0,512,1,Hardware: Independent Flip,16234.5570,0.3079,0.1569,0.1510,35.1625,0.2186,0.2150,0.0036,52.5812,15.3770,12.5633,16234.5570,17.2001,NA,NA
SandFall-Win64-Shipping.exe,31024,0x13F96A7D0D0,DXGI,0,512,1,Hardware: Independent Flip,16234.8649,32.1131,31.8492,0.2639,35.0732,32.5764,32.5690,0.0074,67.6503,17.3455,-15.0691,16234.8649,0.0007,82.5590,NA
SandFall-Win64-Shipping.exe,31024,0x13F96A7D0D0,DXGI,0,512,1,Hardware: Independent Flip,16266.9780,0.3168,0.1614,0.1554,35.5365,0.2307,0.2281,0.0026,52.8827,13.6090,14.7676,16266.9780,17.1155,NA,NA
SandFall-Win64-Shipping.exe,31024,0x13F96A7D0D0,DXGI,0,512,1,Hardware: Independent Flip,16267.2948,32.4682,32.2334,0.2348,35.4504,30.7236,30.7172,0.0064,66.1749,17.3018,-13.2922,16267.2948,0.0009,NA,NA
SandFall-Win64-Shipping.exe,31024,0x13F96A7D0D0,DXGI,0,512,1,Hardware: Independent Flip,16299.7630,0.3086,0.1654,0.1432,33.7058,0.2315,0.2315,0.0000,51.0085,14.3680,15.1664,16299.7630,17.0712,NA,NA
SandFall-Win64-Shipping.exe,31024,0x13F96A7D0D0,DXGI,0,512,1,Hardware: Independent Flip,16300.0716,34.8587,34.6037,0.2550,33.6287,31.4381,31.4335,0.0046,65.0679,15.9820,-14.0594,16300.0716,0.0011,64.1941,NA
SandFall-Win64-Shipping.exe,31024,0x13F96A7D0D0,DXGI,0,512,1,Hardware: Independent Flip,16334.9303,0.3323,0.1795,0.1528,30.2081,0.2254,0.2228,0.0026,46.1912,15.7394,18.8767,16334.9303,15.7577,NA,NA
SandFall-Win64-Shipping.exe,31024,0x13F96A7D0D0,DXGI,0,512,1,Hardware: Independent Flip,16335.2626,30.9487,30.7052,0.2435,30.1012,30.7908,30.7846,0.0062,61.5983,15.2854,-15.4071,16335.2626,0.7063,56.8480,NA
SandFall-Win64-Shipping.exe,31024,0x13F96A7D0D0,DXGI,0,512,1,Hardware: Independent Flip,16366.2113,0.3501,0.1924,0.1577,29.9433,0.2104,0.2086,0.0018,45.9350,16.0295,15.6633,16366.2113,15.7813,NA,NA
SandFall-Win64-Shipping.exe,31024,0x13F96A7D0D0,DXGI,0,512,1,Hardware: Independent Flip,16366.5614,33.2594,33.0094,0.2500,29.8036,31.3232,31.3138,0.0094,61.6144,15.9446,-15.6794,16366.5614,0.4876,71.2311,NA
SandFall-Win64-Shipping.exe,31024,0x13F96A7D0D0,DXGI,0,512,1,Hardware: Independent Flip,16399.8208,0.3069,0.1589,0.1480,27.8674,0.2046,0.2029,0.0017,44.2996,15.1556,17.3148,16399.8208,16.2276,NA,NA
SandFall-Win64-Shipping.exe,31024,0x13F96A7D0D0,DXGI,0,512,1,Hardware: Independent Flip,16400.1277,33.6524,33.3965,0.2559,27.7651,30.9304,30.9250,0.0054,59.1483,16.0107,-14.8487,16400.1277,0.4528,78.2960,NA
SandFall-Win64-Shipping.exe,31024,0x13F96A7D0D0,DXGI,0,512,1,Hardware: Independent Flip,16433.7801,0.3212,0.1696,0.1516,25.0431,0.2230,0.2213,0.0017,41.5066,15.8610,17.6417,16433.7801,16.2405,NA,NA
SandFall-Win64-Shipping.exe,31024,0x13F96A7D0D0,DXGI,0,512,1,Hardware: Independent Flip,16434.1013,30.9635,30.7126,0.2509,24.9449,31.2132,31.2019,0.0113,57.0464,15.6096,-15.5398,16434.1013,0.8883,77.1909,NA
SandFall-Win64-Shipping.exe,31024,0x13F96A7D0D0,DXGI,0,512,1,Hardware: Independent Flip,16465.0648,0.3048,0.1556,0.1492,25.1946,0.2260,0.2235,0.0025,41.6925,16.1700,15.3539,16465.0648,16.2719,NA,NA
SandFall-Win64-Shipping.exe,31024,0x13F96A7D0D0,DXGI,0,512,1,Hardware: Independent Flip,16465.3696,28.6251,28.3757,0.2494,25.1158,31.6704,31.6589,0.0115,57.5577,15.6416,-15.8652,16465.3696,0.7715,54.9828,NA
SandFall-Win64-Shipping.exe,31024,0x13F96A7D0D0,DXGI,0,512,1,Hardware: Independent Flip,16493.9947,0.3076,0.1572,0.1504,28.1611,0.1793,0.1726,0.0067,44.5742,15.0158,12.9835,16493.9947,16.2338,NA,NA
SandFall-Win64-Shipping.exe,31024,0x13F96A7D0D0,DXGI,0,512,1,Hardware: Independent Flip,16494.3023,31.7097,31.4589,0.2508,28.0328,30.7323,30.7208,0.0115,59.2824,15.9114,-14.7082,16494.3023,0.5173,62.6342,NA
SandFall-Win64-Shipping.exe,31024,0x13F96A7D0D0,DXGI,0,512,1,Hardware: Independent Flip,16526.0120,0.3032,0.1527,0.1505,27.0554,0.1738,0.1665,0.0073,43.4841,15.6456,15.7983,16526.0120,16.2549,NA,NA
SandFall-Win64-Shipping.exe,31024,0x13F96A7D0D0,DXGI,0,512,1,Hardware: Independent Flip,16526.3152,31.8971,31.6493,0.2478,26.9260,30.9294,30.9184,0.0110,58.8265,15.4183,-15.3424,16526.3152,0.9711,76.1863,NA
SandFall-Win64-Shipping.exe,31024,0x13F96A7D0D0,DXGI,0,512,1,Hardware: Independent Flip,16558.2123,0.3374,0.1670,0.1704,25.9583,0.1828,0.1802,0.0026,42.3477,17.2177,16.4788,16558.2123,16.2066,NA,NA
SandFall-Win64-Shipping.exe,31024,0x13F96A7D0D0,DXGI,0,512,1,Hardware: Independent Flip,16558.5497,39.8666,39.6096,0.2570,25.8037,32.5604,31.3994,1.1610,59.2280,15.4794,-16.8803,16558.5497,0.8639,68.8126,NA
SandFall-Win64-Shipping.exe,31024,0x13F96A7D0D0,DXGI,0,512,1,Hardware: Independent Flip,16598.4163,0.3040,0.1550,0.1490,18.4975,0.1701,0.1660,0.0041,34.8408,17.7244,24.3872,16598.4163,16.1732,NA,NA
SandFall-Win64-Shipping.exe,31024,0x13F96A7D0D0,DXGI,0,512,1,Hardware: Independent Flip,16598.7203,25.6942,25.4314,0.2628,18.3636,33.8933,33.8786,0.0147,52.2612,16.4031,-17.4204,16598.7203,0.0043,50.0308,NA
SandFall-Win64-Shipping.exe,31024,0x13F96A7D0D0,DXGI,0,512,1,Hardware: Independent Flip,16624.4145,0.3186,0.1621,0.1565,26.5627,0.2284,0.2253,0.0031,42.9701,19.3048,9.2911,16624.4145,16.1790,NA,NA
SandFall-Win64-Shipping.exe,31024,0x13F96A7D0D0,DXGI,0,512,1,Hardware: Independent Flip,16624.7331,32.4278,32.1852,0.2426,26.4725,35.4828,35.4764,0.0064,61.9563,16.9656,-18.9862,16624.7331,0.0010,50.7381,NA
SandFall-Win64-Shipping.exe,31024,0x13F96A7D0D0,DXGI,0,512,1,Hardware: Independent Flip,16657.1609,0.3050,0.1522,0.1528,29.5275,0.2260,0.2226,0.0034,46.4941,17.0996,15.4622,16657.1609,16.7406,NA,NA
SandFall-Win64-Shipping.exe,31024,0x13F96A7D0D0,DXGI,0,512,1,Hardware: Independent Flip,16657.4659,31.2997,31.0459,0.2538,29.4485,33.8384,33.8335,0.0049,63.2887,17.7324,-16.7946,16657.4659,0.0018,55.8081,NA
SandFall-Win64-Shipping.exe,31024,0x13F96A7D0D0,DXGI,0,512,1,Hardware: Independent Flip,16688.7656,0.3188,0.1691,0.1497,31.9872,0.2390,0.2360,0.0030,49.7214,16.2113,13.5673,16688.7656,17.4952,NA,NA
SandFall-Win64-Shipping.exe,31024,0x13F96A7D0D0,DXGI,0,512,1,Hardware: Independent Flip,16689.0844,32.3449,32.0660,0.2789,31.9074,33.7055,33.6968,0.0087,65.6139,17.7590,-15.8925,16689.0844,0.0010,84.7483,NA
SandFall-Win64-Shipping.exe,31024,0x13F96A7D0D0,DXGI,0,512,1,Hardware: Independent Flip,16721.4293,0.3136,0.1594,0.1542,33.2680,0.2231,0.2208,0.0023,51.0280,14.5192,14.5859,16721.4293,17.5369,NA,NA
SandFall-Win64-Shipping.exe,31024,0x13F96A7D0D0,DXGI,0,512,1,Hardware: Independent Flip,16721.7429,33.2750,33.0167,0.2583,33.1775,32.0552,32.0474,0.0078,65.2336,16.9350,-14.2056,16721.7429,0.0009,60.9978,NA
SandFall-Win64-Shipping.exe,31024,0x13F96A7D0D0,DXGI,0,512,1,Hardware: Independent Flip,16755.0179,0.3372,0.1718,0.1654,31.9577,0.2304,0.2277,0.0027,48.8936,15.3268,16.3400,16755.0179,16.7055,NA,NA
SandFall-Win64-Shipping.exe,31024,0x13F96A7D0D0,DXGI,0,512,1,Hardware: Independent Flip,16755.3551,34.9542,34.7093,0.2449,31.8509,31.6393,31.6359,0.0034,63.8832,15.6626,-14.9896,16755.3551,0.3930,54.2534,NA
SandFall-Win64-Shipping.exe,31024,0x13F96A7D0D0,DXGI,0,512,1,Hardware: Independent Flip,16790.3093,0.3383,0.1619,0.1764,28.5360,0.2110,0.2088,0.0022,44.5916,15.9440,19.2916,16790.3093,15.8446,NA,NA
SandFall-Win64-Shipping.exe,31024,0x13F96A7D0D0,DXGI,0,512,1,Hardware: Independent Flip,16790.6476,33.2407,32.9863,0.2544,28.4087,31.2195,31.2165,0.0030,60.1973,15.4364,-15.6057,16790.6476,0.5691,68.9015,NA
SandFall-Win64-Shipping.exe,31024,0x13F96A7D0D0,DXGI,0,512,1,Hardware: Independent Flip,16823.8883,0.3139,0.1632,0.1507,26.3875,0.2186,0.2169,0.0017,42.3930,16.2336,17.8043,16823.8883,15.7869,NA,NA
SandFall-Win64-Shipping.exe,31024,0x13F96A7D0D0,DXGI,0,512,1,Hardware: Independent Flip,16824.2022,29.9695,29.7276,0.2419,26.2922,31.6979,31.6948,0.0031,58.3127,15.7448,-15.9197,16824.2022,0.3226,81.5560,NA
SandFall-Win64-Shipping.exe,31024,0x13F96A7D0D0,DXGI,0,512,1,Hardware: Independent Flip,16854.1717,0.3141,0.1614,0.1527,28.0206,0.2187,0.2170,0.0017,44.0880,15.3222,14.2247,16854.1717,15.8487,NA,NA
SandFall-Win64-Shipping.exe,31024,0x13F96A7D0D0,DXGI,0,512,1,Hardware: Independent Flip,16854.4858,32.9920,32.7342,0.2578,27.9252,31.0850,31.0817,0.0033,59.0961,16.2798,-15.0081,16854.4858,0.0859,NA,NA
SandFall-Win64-Shipping.exe,31024,0x13F96A7D0D0,DXGI,0,512,1,Hardware: Independent Flip,16887.4778,0.3064,0.1562,0.1502,26.0182,0.2866,0.2843,0.0023,42.3839,16.9632,16.7122,16887.4778,16.0791,NA,NA
SandFall-Win64-Shipping.exe,31024,0x13F96A7D0D0,DXGI,0,512,1,Hardware: Independent Flip,16887.7842,28.0712,27.8233,0.2479,25.9984,32.4712,32.4585,0.0127,59.0407,15.8791,-16.6568,16887.7842,0.5711,NA,NA
SandFall-Win64-Shipping.exe,31024,0x13F96A7D0D0,DXGI,0,512,1,Hardware: Independent Flip,16915.8554,0.3618,0.1792,0.1826,30.3984,0.2268,0.2247,0.0021,46.8486,14.7322,12.1921,16915.8554,16.2234,NA,NA
SandFall-Win64-Shipping.exe,31024,0x13F96A7D0D0,DXGI,0,512,1,Hardware: Independent Flip,16916.2172,37.6341,37.3707,0.2634,30.2634,30.9188,30.9104,0.0084,61.2190,16.4074,-14.3704,16916.2172,0.0368,74.4674,NA
SandFall-Win64-Shipping.exe,31024,0x13F96A7D0D0,DXGI,0,512,1,Hardware: Independent Flip,16953.8513,0.3128,0.1589,0.1539,23.5481,0.2656,0.2626,0.0030,39.9923,15.6055,21.2267,16953.8513,16.1786,NA,NA
SandFall-Win64-Shipping.exe,31024,0x13F96A7D0D0,DXGI,0,512,1,Hardware: Independent Flip,16954.1641,26.6906,26.4099,0.2807,23.5009,30.8982,30.8886,0.0096,55.2850,15.6381,-15.2927,16954.1641,0.8859,NA,NA
SandFall-Win64-Shipping.exe,31024,0x13F96A7D0D0,DXGI,0,512,1,Hardware: Independent Flip,16980.8547,0.3406,0.1620,0.1786,27.7085,0.2294,0.2269,0.0025,44.2325,15.8732,11.0525,16980.8547,16.2946,NA,NA
SandFall-Win64-Shipping.exe,31024,0x13F96A7D0D0,DXGI,0,512,1,Hardware: Independent Flip,16981.1953,34.1338,33.8555,0.2783,27.5973,31.2484,31.2345,0.0139,59.7651,15.5788,-15.5326,16981.1953,0.9194,NA,NA
SandFall-Win64-Shipping.exe,31024,0x13F96A7D0D0,DXGI,0,512,1,Hardware: Independent Flip,17015.3291,0.3108,0.1560,0.1548,24.7119,0.2109,0.2093,0.0016,41.2101,16.6149,18.5550,17015.3291,16.2873,NA,NA
SandFall-Win64-Shipping.exe,31024,0x13F96A7D0D0,DXGI,0,512,1,Hardware: Independent Flip,17015.6399,32.0228,31.7689,0.2539,24.6120,32.1219,32.1110,0.0109,57.5142,15.9122,-16.3041,17015.6399,0.7803,50.2163,NA
SandFall-Win64-Shipping.exe,31024,0x13F96A7D0D0,DXGI,0,512,1,Hardware: Independent Flip,17047.6627,0.3083,0.1552,0.1531,24.7111,0.2127,0.2080,0.0047,41.4036,16.0364,16.1106,17047.6627,16.4798,NA,NA
SandFall-Win64-Shipping.exe,31024,0x13F96A7D0D0,DXGI,0,512,1,Hardware: Independent Flip,17047.9710,34.3390,34.0747,0.2643,24.6155,32.0754,31.6044,0.4710,57.1317,16.1251,-15.7281,17047.9710,0.4408,NA,NA
SandFall-Win64-Shipping.exe,31024,0x13F96A7D0D0,DXGI,0,512,1,Hardware: Independent Flip,17082.3100,0.3038,0.1526,0.1512,22.3519,0.1861,0.1840,0.0021,38.9178,15.0365,18.2139,17082.3100,16.3798,NA,NA
SandFall-Win64-Shipping.exe,31024,0x13F96A7D0D0,DXGI,0,512,1,Hardware: Independent Flip,17082.6138,30.8200,30.5727,0.2473,22.2342,30.9234,30.9130,0.0104,53.6505,15.9558,-14.7327,17082.6138,0.4929,NA,NA
SandFall-Win64-Shipping.exe,31024,0x13F96A7D0D0,DXGI,0,512,1,Hardware: Independent Flip,17113.4338,0.3085,0.1562,0.1523,22.3376,0.1470,0.1418,0.0052,38.7863,21.8910,14.8642,17113.4338,16.3017,NA,NA
SandFall-Win64-Shipping.exe,31024,0x13F96A7D0D0,DXGI,0,512,1,Hardware: Independent Flip,17113.7423,33.3103,33.0397,0.2706,22.1761,37.2264,35.4166,1.8098,60.3688,15.4847,-21.5825,17113.7423,0.9663,NA,NA
SandFall-Win64-Shipping.exe,31024,0x13F96A7D0D0,DXGI,0,512,1,Hardware: Independent Flip,17147.0526,0.3483,0.1753,0.1730,26.0922,0.1796,0.1772,0.0024,42.5432,21.3245,17.8256,17147.0526,16.2714,NA,NA
SandFall-Win64-Shipping.exe,31024,0x13F96A7D0D0,DXGI,0,512,1,Hardware: Independent Flip,17147.4009,38.6751,38.3843,0.2908,25.9235,37.5948,37.5397,0.0551,63.5194,18.0427,-20.9762,17147.4009,0.0011,NA,NA
SandFall-Win64-Shipping.exe,31024,0x13F96A7D0D0,DXGI,0,512,1,Hardware: Independent Flip,17186.0760,0.3107,0.1603,0.1504,24.8432,0.2371,0.2329,0.0042,42.8870,16.3426,20.6324,17186.0760,17.8067,NA,NA
SandFall-Win64-Shipping.exe,31024,0x13F96A7D0D0,DXGI,0,512,1,Hardware: Independent Flip,17186.3867,27.2330,26.9860,0.2470,24.7696,34.1488,34.1405,0.0083,58.9189,17.9093,-16.0319,17186.3867,0.0005,NA,NA
SandFall-Win64-Shipping.exe,31024,0x13F96A7D0D0,DXGI,0,512,1,Hardware: Independent Flip,17213.6197,0.2997,0.1533,0.1464,31.6854,0.2362,0.2324,0.0038,49.5952,16.3818,9.3237,17213.6197,17.6736,NA,NA
SandFall-Win64-Shipping.exe,31024,0x13F96A7D0D0,DXGI,0,512,1,Hardware: Independent Flip,17213.9194,32.4076,32.1699,0.2377,31.6219,34.0548,34.0490,0.0058,65.6773,17.6996,-16.0821,17213.9194,0.0006,NA,NA
SandFall-Win64-Shipping.exe,31024,0x13F96A7D0D0,DXGI,0,512,1,Hardware: Independent Flip,17246.3270,0.3015,0.1524,0.1491,33.2691,0.2201,0.2174,0.0027,50.9693,14.3665,14.7080,17246.3270,17.4801,NA,NA
SandFall-Win64-Shipping.exe,31024,0x13F96A7D0D0,DXGI,0,512,1,Hardware: Independent Flip,17246.6285,31.5321,31.2954,0.2367,33.1877,31.8458,31.8413,0.0045,65.0343,17.6513,-14.0650,17246.6285,0.0008,55.7202,NA
SandFall-Win64-Shipping.exe,31024,0x13F96A7D0D0,DXGI,0,512,1,Hardware: Independent Flip,17278.1606,0.3347,0.1550,0.1797,33.5014,0.2327,0.2301,0.0026,51.1535,13.5807,13.8808,17278.1606,17.4194,NA,NA
SandFall-Win64-Shipping.exe,31024,0x13F96A7D0D0,DXGI,0,512,1,Hardware: Independent Flip,17278.4953,31.2160,30.9742,0.2418,33.3994,30.9993,30.9905,0.0088,64.3995,17.0471,-13.2460,17278.4953,0.0008,55.9561,NA
SandFall-Win64-Shipping.exe,31024,0x13F96A7D0D0,DXGI,0,512,1,Hardware: Independent Flip,17309.7113,0.3232,0.1662,0.1570,33.1827,0.2224,0.2224,0.0000,50.2306,15.3293,14.1689,17309.7113,16.8255,NA,NA
SandFall-Win64-Shipping.exe,31024,0x13F96A7D0D0,DXGI,0,512,1,Hardware: Independent Flip,17310.0345,36.4681,36.2039,0.2642,33.0819,31.2948,31.2916,0.0032,65.2367,15.2787,-15.0061,17310.0345,0.8600,68.3273,NA
SandFall-Win64-Shipping.exe,31024,0x13F96A7D0D0,DXGI,0,512,1,Hardware: Independent Flip,17346.5026,0.3258,0.1691,0.1567,27.9086,0.1998,0.1980,0.0018,44.0473,16.4247,21.1894,17346.5026,15.9389,NA,NA
SandFall-Win64-Shipping.exe,31024,0x13F96A7D0D0,DXGI,0,512,1,Hardware: Independent Flip,17346.8284,32.4563,32.1268,0.3295,27.7826,31.5226,31.5190,0.0036,60.1462,15.1449,-16.0989,17346.8284,0.8410,55.0301,NA
SandFall-Win64-Shipping.exe,31024,0x13F96A7D0D0,DXGI,0,512,1,Hardware: Independent Flip,17379.2847,0.3212,0.1734,0.1478,26.8489,0.1954,0.1884,0.0070,42.8348,17.6713,17.3114,17379.2847,15.7905,NA,NA
SandFall-Win64-Shipping.exe,31024,0x13F96A7D0D0,DXGI,0,512,1,Hardware: Independent Flip,17379.6059,34.8040,34.5398,0.2642,26.7231,33.2538,33.2430,0.0108,60.1849,16.2603,-17.3501,17379.6059,0.2080,53.8526,NA
SandFall-Win64-Shipping.exe,31024,0x13F96A7D0D0,DXGI,0,512,1,Hardware: Independent Flip,17414.4099,0.3100,0.1572,0.1528,25.1729,0.2229,0.2204,0.0025,41.6412,16.9119,18.5437,17414.4099,16.2454,NA,NA
SandFall-Win64-Shipping.exe,31024,0x13F96A7D0D0,DXGI,0,512,1,Hardware: Independent Flip,17414.7199,26.5176,26.2073,0.3103,25.0858,33.1561,33.1466,0.0095,58.2431,17.0537,-16.6019,17414.7199,0.0012,53.0254,NA
SandFall-Win64-Shipping.exe,31024,0x13F96A7D0D0,DXGI,0,512,1,Hardware: Independent Flip,17441.2375,0.3740,0.1863,0.1877,31.7243,0.2245,0.2220,0.0025,48.7792,17.6211,9.4639,17441.2375,16.8304,NA,NA
SandFall-Win64-Shipping.exe,31024,0x13F96A7D0D0,DXGI,0,512,1,Hardware: Independent Flip,17441.6115,33.1599,32.8940,0.2659,31.5748,34.4508,34.4435,0.0073,66.0263,16.9965,-17.2471,17441.6115,0.0007,54.6970,NA
SandFall-Win64-Shipping.exe,31024,0x13F96A7D0D0,DXGI,0,512,1,Hardware: Independent Flip,17474.7714,0.3271,0.1704,0.1567,32.8657,0.2194,0.2175,0.0019,49.8629,18.1884,16.1634,17474.7714,16.7778,NA,NA
SandFall-Win64-Shipping.exe,31024,0x13F96A7D0D0,DXGI,0,512,1,Hardware: Independent Flip,17475.0985,38.2051,37.9584,0.2467,32.7580,34.9652,34.9583,0.0069,67.7242,17.3114,-17.8613,17475.0985,0.0010,57.8717,NA
SandFall-Win64-Shipping.exe,31024,0x13F96A7D0D0,DXGI,0,512,1,Hardware: Independent Flip,17513.3036,0.3240,0.1651,0.1589,29.5181,0.2987,0.2946,0.0041,46.8305,17.9843,20.8937,17513.3036,17.0137,NA,NA
SandFall-Win64-Shipping.exe,31024,0x13F96A7D0D0,DXGI,0,512,1,Hardware: Independent Flip,17513.6276,33.0910,32.8201,0.2709,29.4928,34.9971,34.9916,0.0055,64.4908,18.0554,-17.6603,17513.6276,0.0009,80.1600,NA
SandFall-Win64-Shipping.exe,31024,0x13F96A7D0D0,DXGI,0,512,1,Hardware: Independent Flip,17546.7186,0.3262,0.1653,0.1609,31.3989,0.2214,0.2180,0.0034,49.4552,15.9880,15.0356,17546.7186,17.8349,NA,NA
SandFall-Win64-Shipping.exe,31024,0x13F96A7D0D0,DXGI,0,512,1,Hardware: Independent Flip,17547.0448,32.8226,32.5654,0.2572,31.2941,33.8215,33.8153,0.0062,65.1170,18.2125,-15.6618,17547.0448,0.0014,NA,NA
SandFall-Win64-Shipping.exe,31024,0x13F96A7D0D0,DXGI,0,512,1,Hardware: Independent Flip,17579.8674,0.3180,0.1645,0.1535,32.2930,0.2248,0.2216,0.0032,50.5069,15.4742,14.6101,17579.8674,17.9891,NA,NA
SandFall-Win64-Shipping.exe,31024,0x13F96A7D0D0,DXGI,0,512,1,Hardware: Independent Flip,17580.1854,34.9742,34.7238,0.2504,32.1998,33.4624,33.4590,0.0034,65.6631,17.4722,-15.1562,17580.1854,0.0009,90.9012,NA
SandFall-Win64-Shipping.exe,31024,0x13F96A7D0D0,DXGI,0,512,1,Hardware: Independent Flip,17615.1596,0.3126,0.1602,0.1524,30.6880,0.2176,0.2152,0.0024,48.1611,20.8373,17.5020,17615.1596,17.2555,NA,NA
SandFall-Win64-Shipping.exe,31024,0x13F96A7D0D0,DXGI,0,512,1,Hardware: Independent Flip,17615.4722,36.2150,35.9578,0.2572,30.5930,37.2383,37.2316,0.0067,68.6858,16.7974,-20.5247,17615.4722,0.8545,NA,NA
SandFall-Win64-Shipping.exe,31024,0x13F96A7D0D0,DXGI,0,512,1,Hardware: Independent Flip,17651.6872,0.3202,0.1639,0.1563,31.6163,0.2210,0.2192,0.0018,49.2682,19.6095,19.4176,17651.6872,17.4309,NA,NA
SandFall-Win64-Shipping.exe,31024,0x13F96A7D0D0,DXGI,0,512,1,Hardware: Independent Flip,17652.0074,36.7373,36.4519,0.2854,31.5171,37.0398,37.0339,0.0059,68.5575,19.0480,-19.2893,17652.0074,0.0006,NA,NA
SandFall-Win64-Shipping.exe,31024,0x13F96A7D0D0,DXGI,0,512,1,Hardware: Independent Flip,17688.7447,0.3355,0.1752,0.1603,31.8196,0.2293,0.2264,0.0029,50.8682,18.2069,17.6893,17688.7447,18.8193,NA,NA
SandFall-Win64-Shipping.exe,31024,0x13F96A7D0D0,DXGI,0,512,1,Hardware: Independent Flip,17689.0802,34.1547,33.9070,0.2477,31.7134,37.0257,37.0217,0.0040,68.7396,19.3241,-17.8714,17689.0802,0.0005,NA,NA
SandFall-Win64-Shipping.exe,31024,0x13F96A7D0D0,DXGI,0,512,1,Hardware: Independent Flip,17723.2349,0.3088,0.1523,0.1565,34.5844,0.2180,0.2144,0.0036,53.9090,14.0569,14.8306,17723.2349,19.1066,NA,NA
SandFall-Win64-Shipping.exe,31024,0x13F96A7D0D0,DXGI,0,512,1,Hardware: Independent Flip,17723.5437,30.6987,30.4111,0.2876,34.4936,33.1628,33.1494,0.0134,67.6571,18.6794,-13.7481,17723.5437,0.0007,NA,NA
SandFall-Win64-Shipping.exe,31024,0x13F96A7D0D0,DXGI,0,512,1,Hardware: Independent Flip,17754.2424,0.3068,0.1562,0.1506,36.9577,0.2310,0.2282,0.0028,55.6378,14.9796,12.0193,17754.2424,18.4491,NA,NA
SandFall-Win64-Shipping.exe,31024,0x13F96A7D0D0,DXGI,0,512,1,Hardware: Independent Flip,17754.5492,33.8727,33.6286,0.2441,36.8819,32.0519,32.0426,0.0093,70.3106,16.3440,-14.6728,17754.5492,1.3768,NA,NA
SandFall-Win64-Shipping.exe,31024,0x13F96A7D0D0,DXGI,0,512,1,Hardware: Independent Flip,17788.4219,0.2983,0.1506,0.1477,35.0611,0.2320,0.2290,0.0030,52.7819,16.8187,17.5287,17788.4219,17.4888,NA,NA
SandFall-Win64-Shipping.exe,31024,0x13F96A7D0D0,DXGI,0,512,1,Hardware: Independent Flip,17788.7202,35.4309,35.1595,0.2714,34.9948,32.8068,32.8024,0.0044,69.3023,16.2112,-16.5204,17788.7202,1.5007,NA,NA
SandFall-Win64-Shipping.exe,31024,0x13F96A7D0D0,DXGI,0,512,1,Hardware: Independent Flip,17824.1511,0.3768,0.2057,0.1711,32.3707,0.2118,0.2097,0.0021,50.0826,16.0761,19.2197,17824.1511,17.5001,NA,NA
SandFall-Win64-Shipping.exe,31024,0x13F96A7D0D0,DXGI,0,512,1,Hardware: Independent Flip,17824.5279,43.7693,43.4341,0.3352,32.2057,32.0750,32.0636,0.0114,65.7819,16.0043,-15.6993,17824.5279,1.5012,NA,NA
SandFall-Win64-Shipping.exe,31024,0x13F96A7D0D0,DXGI,0,512,1,Hardware: Independent Flip,17868.2972,0.4091,0.2170,0.1921,20.5114,0.1700,0.1644,0.0056,38.0169,17.6189,27.7650,17868.2972,17.3355,NA,NA
SandFall-Win64-Shipping.exe,31024,0x13F96A7D0D0,DXGI,0,512,1,Hardware: Independent Flip,17868.7063,31.4662,31.1637,0.3025,20.2723,33.4541,33.4447,0.0094,55.2267,15.8418,-17.2098,17868.7063,1.5003,NA,NA
SandFall-Win64-Shipping.exe,31024,0x13F96A7D0D0,DXGI,0,512,1,Hardware: Independent Flip,17900.1725,0.3241,0.1664,0.1577,22.2602,0.2197,0.2181,0.0016,39.6023,14.9482,15.6244,17900.1725,17.1224,NA,NA
SandFall-Win64-Shipping.exe,31024,0x13F96A7D0D0,DXGI,0,512,1,Hardware: Independent Flip,17900.4966,27.8839,27.6320,0.2519,22.1558,31.2104,31.2002,0.0102,54.2264,16.3772,-14.6241,17900.4966,0.8602,NA,NA
SandFall-Win64-Shipping.exe,31024,0x13F96A7D0D0,DXGI,0,512,1,Hardware: Independent Flip,17928.3805,0.3047,0.1562,0.1485,25.4823,0.2309,0.2242,0.0067,42.7197,16.5197,11.5067,17928.3805,17.0065,NA,NA
SandFall-Win64-Shipping.exe,31024,0x13F96A7D0D0,DXGI,0,512,1,Hardware: Independent Flip,17928.6852,35.4554,35.1829,0.2725,25.4085,32.0255,31.5028,0.5227,58.9347,15.8155,-16.2150,17928.6852,1.5007,46.6687,NA
SandFall-Win64-Shipping.exe,31024,0x13F96A7D0D0,DXGI,0,512,1,Hardware: Independent Flip,17964.1406,0.3098,0.1575,0.1523,21.9786,0.2043,0.1985,0.0058,39.2948,19.7464,19.6399,17964.1406,17.1119,NA,NA
SandFall-Win64-Shipping.exe,31024,0x13F96A7D0D0,DXGI,0,512,1,Hardware: Independent Flip,17964.4504,34.7253,34.4720,0.2533,21.8731,35.6073,32.7052,2.9021,58.7314,15.8463,-19.4366,17964.4504,1.2510,NA,NA
SandFall-Win64-Shipping.exe,31024,0x13F96A7D0D0,DXGI,0,512,1,Hardware: Independent Flip,17999.1757,0.3063,0.1543,0.1520,22.7551,0.1382,0.1359,0.0023,39.8524,14.6295,18.8790,17999.1757,16.9591,NA,NA
SandFall-Win64-Shipping.exe,31024,0x13F96A7D0D0,DXGI,0,512,1,Hardware: Independent Flip,17999.4820,32.2489,31.9751,0.2738,22.5870,31.5876,31.4480,0.1396,54.1756,17.7966,-14.3232,17999.4820,0.0010,47.6926,NA
SandFall-Win64-Shipping.exe,31024,0x13F96A7D0D0,DXGI,0,512,1,Hardware: Independent Flip,18031.7309,0.3243,0.1658,0.1585,21.9257,0.2019,0.1962,0.0057,39.7233,16.3584,14.4523,18031.7309,17.5957,NA,NA
SandFall-Win64-Shipping.exe,31024,0x13F96A7D0D0,DXGI,0,512,1,Hardware: Independent Flip,18032.0552,32.6002,32.3353,0.2649,21.8033,32.9789,31.6996,1.2793,55.7574,15.9889,-16.0341,18032.0552,0.9752,59.7943,NA
SandFall-Win64-Shipping.exe,31024,0x13F96A7D0D0,DXGI,0,512,1,Hardware: Independent Flip,18064.6554,0.3276,0.1689,0.1587,22.1820,0.1783,0.1730,0.0053,39.1461,17.3352,16.6113,18064.6554,16.7858,NA,NA
SandFall-Win64-Shipping.exe,31024,0x13F96A7D0D0,DXGI,0,512,1,Hardware: Independent Flip,18064.9830,32.8456,32.5818,0.2638,22.0327,33.3203,31.6621,1.6582,56.1537,15.9958,-17.0076,18064.9830,0.8007,NA,NA
SandFall-Win64-Shipping.exe,31024,0x13F96A7D0D0,DXGI,0,512,1,Hardware: Independent Flip,18097.8286,0.3183,0.1554,0.1629,22.5074,0.2076,0.2012,0.0064,39.3039,16.6278,16.8498,18097.8286,16.5889,NA,NA
SandFall-Win64-Shipping.exe,31024,0x13F96A7D0D0,DXGI,0,512,1,Hardware: Independent Flip,18098.1469,32.4378,32.1954,0.2424,22.3967,33.0823,32.1721,0.9102,55.6134,16.5850,-16.3095,18098.1469,0.1344,NA,NA
SandFall-Win64-Shipping.exe,31024,0x13F96A7D0D0,DXGI,0,512,1,Hardware: Independent Flip,18130.5847,0.3049,0.1527,0.1522,23.0412,0.1851,0.1802,0.0049,39.7606,20.3899,15.8528,18130.5847,16.5343,NA,NA
SandFall-Win64-Shipping.exe,31024,0x13F96A7D0D0,DXGI,0,512,1,Hardware: Independent Flip,18130.8896,34.7170,34.4471,0.2699,22.9214,36.8020,35.8502,0.9518,59.8456,16.3743,-20.0850,18130.8896,0.1222,49.7879,NA
SandFall-Win64-Shipping.exe,31024,0x13F96A7D0D0,DXGI,0,512,1,Hardware: Independent Flip,18165.6066,0.3264,0.1693,0.1571,25.0064,0.1719,0.1650,0.0069,41.5029,19.7644,18.3427,18165.6066,16.3246,NA,NA
SandFall-Win64-Shipping.exe,31024,0x13F96A7D0D0,DXGI,0,512,1,Hardware: Independent Flip,18165.9330,33.7429,33.4873,0.2556,24.8519,36.0879,36.0776,0.0103,60.9409,17.8721,-19.4380,18165.9330,0.0011,77.9234,NA
SandFall-Win64-Shipping.exe,31024,0x13F96A7D0D0,DXGI,0,512,1,Hardware: Independent Flip,18199.6759,0.3085,0.1550,0.1535,27.1969,0.2761,0.2726,0.0035,45.0701,18.6652,15.8708,18199.6759,17.5971,NA,NA
SandFall-Win64-Shipping.exe,31024,0x13F96A7D0D0,DXGI,0,512,1,Hardware: Independent Flip,18199.9844,30.0678,29.8057,0.2621,27.1645,36.2616,36.2578,0.0038,63.4268,17.7773,-18.3567,18199.9844,0.0007,NA,NA
SandFall-Win64-Shipping.exe,31024,0x13F96A7D0D0,DXGI,0,512,1,Hardware: Independent Flip,18230.0522,0.3291,0.1744,0.1547,33.3583,0.2281,0.2251,0.0030,51.1363,15.0143,12.2905,18230.0522,17.5499,NA,NA
SandFall-Win64-Shipping.exe,31024,0x13F96A7D0D0,DXGI,0,512,1,Hardware: Independent Flip,18230.3813,30.9160,30.6543,0.2617,33.2573,32.5633,32.5558,0.0075,65.8215,17.7755,-14.6852,18230.3813,0.0009,NA,NA
SandFall-Win64-Shipping.exe,31024,0x13F96A7D0D0,DXGI,0,512,1,Hardware: Independent Flip,18261.2973,0.3393,0.1902,0.1491,34.9046,0.2370,0.2370,0.0000,52.6810,14.2676,13.1405,18261.2973,17.5394,NA,NA
SandFall-Win64-Shipping.exe,31024,0x13F96A7D0D0,DXGI,0,512,1,Hardware: Independent Flip,18261.6366,32.9488,32.6974,0.2514,34.8023,31.8064,31.7985,0.0079,66.6093,17.7251,-13.9283,18261.6366,0.0006,NA,NA
SandFall-Win64-Shipping.exe,31024,0x13F96A7D0D0,DXGI,0,512,1,Hardware: Independent Flip,18294.5854,0.3054,0.1534,0.1520,33.6599,0.2351,0.2322,0.0029,51.3856,13.8021,15.2237,18294.5854,17.4906,NA,NA
SandFall-Win64-Shipping.exe,31024,0x13F96A7D0D0,DXGI,0,512,1,Hardware: Independent Flip,18294.8908,34.2850,33.8414,0.4436,33.5896,31.2917,31.2879,0.0038,64.8823,16.4173,-13.4967,18294.8908,0.0010,NA,NA
SandFall-Win64-Shipping.exe,31024,0x13F96A7D0D0,DXGI,0,512,1,Hardware: Independent Flip,18329.1758,0.5237,0.3215,0.2022,30.5963,0.2371,0.2341,0.0030,47.0146,16.7426,17.8677,18329.1758,16.1812,NA,NA
SandFall-Win64-Shipping.exe,31024,0x13F96A7D0D0,DXGI,0,512,1,Hardware: Independent Flip,18329.6995,34.2627,34.0045,0.2582,30.3097,31.8598,31.8566,0.0032,63.2335,15.0346,-16.2189,18329.6995,1.0640,NA,NA
SandFall-Win64-Shipping.exe,31024,0x13F96A7D0D0,DXGI,0,512,1,Hardware: Independent Flip,18363.9622,0.3184,0.1648,0.1536,27.9068,0.1994,0.1994,0.0000,44.0054,15.5696,19.2281,18363.9622,15.8992,NA,NA
SandFall-Win64-Shipping.exe,31024,0x13F96A7D0D0,DXGI,0,512,1,Hardware: Independent Flip,18364.2806,32.2823,32.0366,0.2457,27.7878,31.2486,31.2407,0.0079,59.2566,15.9807,-15.2512,18364.2806,0.2202,81.5474,NA
SandFall-Win64-Shipping.exe,31024,0x13F96A7D0D0,DXGI,0,512,1,Hardware: Independent Flip,18396.5629,0.3159,0.1631,0.1528,26.7541,0.2322,0.2304,0.0018,42.9550,15.2581,16.3016,18396.5629,15.9687,NA,NA
SandFall-Win64-Shipping.exe,31024,0x13F96A7D0D0,DXGI,0,512,1,Hardware: Independent Flip,18396.8788,36.0837,35.8168,0.2669,26.6704,30.8021,30.7948,0.0073,57.8972,16.0773,-14.9422,18396.8788,0.4247,64.8307,NA
SandFall-Win64-Shipping.exe,31024,0x13F96A7D0D0,DXGI,0,512,1,Hardware: Independent Flip,18432.9625,0.3073,0.1572,0.1501,21.3888,0.2134,0.2115,0.0019,37.8908,15.5199,20.0064,18432.9625,16.2886,NA,NA
SandFall-Win64-Shipping.exe,31024,0x13F96A7D0D0,DXGI,0,512,1,Hardware: Independent Flip,18433.2698,24.6363,24.3795,0.2568,21.2949,30.9759,30.9669,0.0090,53.1034,15.7298,-15.2126,18433.2698,0.8326,NA,NA
SandFall-Win64-Shipping.exe,31024,0x13F96A7D0D0,DXGI,0,512,1,Hardware: Independent Flip,18457.9061,0.3074,0.1541,0.1533,27.6345,0.1639,0.1579,0.0060,44.1969,15.6117,8.9065,18457.9061,16.3985,NA,NA
SandFall-Win64-Shipping.exe,31024,0x13F96A7D0D0,DXGI,0,512,1,Hardware: Independent Flip,18458.2135,33.1917,32.9145,0.2772,27.4910,31.0573,31.0450,0.0123,59.5012,15.6876,-15.3043,18458.2135,0.9529,73.7145,NA
SandFall-Win64-Shipping.exe,31024,0x13F96A7D0D0,DXGI,0,512,1,Hardware: Independent Flip,18491.4052,0.3529,0.1877,0.1652,25.3566,0.2150,0.2125,0.0025,41.9971,16.2788,17.5041,18491.4052,16.4255,NA,NA
SandFall-Win64-Shipping.exe,31024,0x13F96A7D0D0,DXGI,0,512,1,Hardware: Independent Flip,18491.7581,32.3417,32.0881,0.2536,25.2187,31.7069,31.6945,0.0124,57.9230,15.5650,-15.9259,18491.7581,0.9974,NA,NA
SandFall-Win64-Shipping.exe,31024,0x13F96A7D0D0,DXGI,0,512,1,Hardware: Independent Flip,18524.0998,0.3046,0.1557,0.1489,24.5839,0.1861,0.1779,0.0082,41.1463,16.6607,16.7767,18524.0998,16.3763,NA,NA
SandFall-Win64-Shipping.exe,31024,0x13F96A7D0D0,DXGI,0,512,1,Hardware: Independent Flip,18524.4044,33.8369,33.5771,0.2598,24.4654,32.3817,32.3709,0.0108,57.5024,15.8240,-16.3561,18524.4044,0.6553,NA,NA
SandFall-Win64-Shipping.exe,31024,0x13F96A7D0D0,DXGI,0,512,1,Hardware: Independent Flip,18558.2413,0.3133,0.1582,0.1551,23.0102,0.1949,0.1932,0.0017,39.4895,17.6667,18.0129,18558.2413,16.2844,NA,NA
SandFall-Win64-Shipping.exe,31024,0x13F96A7D0D0,DXGI,0,512,1,Hardware: Independent Flip,18558.5546,33.8990,33.6437,0.2553,22.8918,33.7094,33.0248,0.6846,56.8429,16.1775,-17.3534,18558.5546,0.2417,NA,NA
SandFall-Win64-Shipping.exe,31024,0x13F96A7D0D0,DXGI,0,512,1,Hardware: Independent Flip,18592.4536,0.3160,0.1533,0.1627,22.7022,0.2086,0.2057,0.0029,39.1214,16.2212,17.7215,18592.4536,16.2106,NA,NA
SandFall-Win64-Shipping.exe,31024,0x13F96A7D0D0,DXGI,0,512,1,Hardware: Independent Flip,18592.7696,31.9690,31.7188,0.2502,22.5948,32.4306,32.4137,0.0169,55.0266,16.8396,-15.9052,18592.7696,0.0012,NA,NA
SandFall-Win64-Shipping.exe,31024,0x13F96A7D0D0,DXGI,0,512,1,Hardware: Independent Flip,18624.7386,0.3019,0.1523,0.1496,23.0564,0.2143,0.2121,0.0022,39.8972,17.3833,15.1294,18624.7386,16.6265,NA,NA
SandFall-Win64-Shipping.exe,31024,0x13F96A7D0D0,DXGI,0,512,1,Hardware: Independent Flip,18625.0405,30.4942,30.2389,0.2553,22.9688,34.0092,33.9965,0.0127,56.9786,16.5931,-17.0814,18625.0405,0.0006,NA,NA
SandFall-Win64-Shipping.exe,31024,0x13F96A7D0D0,DXGI,0,512,1,Hardware: Independent Flip,18655.5347,0.3054,0.1541,0.1513,26.4838,0.2159,0.2129,0.0030,43.0775,19.4403,13.9011,18655.5347,16.3778,NA,NA
SandFall-Win64-Shipping.exe,31024,0x13F96A7D0D0,DXGI,0,512,1,Hardware: Independent Flip,18655.8401,33.5376,33.2623,0.2753,26.3943,35.8171,35.8072,0.0099,62.2124,17.0933,-19.1349,18655.8401,0.0010,NA,NA
SandFall-Win64-Shipping.exe,31024,0x13F96A7D0D0,DXGI,0,512,1,Hardware: Independent Flip,18689.3777,0.3094,0.1534,0.1560,28.6738,0.2310,0.2272,0.0038,45.7681,17.1938,16.4443,18689.3777,16.8633,NA,NA
SandFall-Win64-Shipping.exe,31024,0x13F96A7D0D0,DXGI,0,512,1,Hardware: Independent Flip,18689.6871,32.1573,31.9066,0.2507,28.5954,34.0564,34.0501,0.0063,62.6525,18.0600,-16.8844,18689.6871,0.0007,NA,NA
SandFall-Win64-Shipping.exe,31024,0x13F96A7D0D0,DXGI,0,512,1,Hardware: Independent Flip,18721.8444,0.3036,0.1542,0.1494,30.4945,0.1836,0.1789,0.0047,48.5552,17.4720,14.0973,18721.8444,17.8771,NA,NA
SandFall-Win64-Shipping.exe,31024,0x13F96A7D0D0,DXGI,0,512,1,Hardware: Independent Flip,18722.1480,33.1234,32.8748,0.2486,30.3745,35.3488,35.3438,0.0050,65.7236,17.9308,-17.1684,18722.1480,0.0003,NA,NA
SandFall-Win64-Shipping.exe,31024,0x13F96A7D0D0,DXGI,0,512,1,Hardware: Independent Flip,18755.2714,0.3020,0.1539,0.1481,32.5999,0.2331,0.2331,0.0000,50.5310,14.1224,15.1926,18755.2714,17.6980,NA,NA
SandFall-Win64-Shipping.exe,31024,0x13F96A7D0D0,DXGI,0,512,1,Hardware: Independent Flip,18755.5734,31.0873,30.8235,0.2638,32.5310,31.8194,31.8121,0.0073,64.3514,17.5501,-13.8204,18755.5734,0.0010,NA,NA
SandFall-Win64-Shipping.exe,31024,0x13F96A7D0D0,DXGI,0,512,1,Hardware: Independent Flip,18786.6607,0.3057,0.1536,0.1521,33.2631,0.2277,0.2246,0.0031,50.8142,15.6417,13.5372,18786.6607,17.3234,NA,NA
SandFall-Win64-Shipping.exe,31024,0x13F96A7D0D0,DXGI,0,512,1,Hardware: Independent Flip,18786.9664,33.2875,32.8308,0.4567,33.1851,32.4550,32.4502,0.0048,66.1502,15.7750,-15.3360,18786.9664,0.5101,NA,NA
SandFall-Win64-Shipping.exe,31024,0x13F96A7D0D0,DXGI,0,512,1,Hardware: Independent Flip,18820.2539,0.3345,0.1719,0.1626,32.3526,0.2189,0.2168,0.0021,48.6377,17.5984,17.5125,18820.2539,16.0662,NA,NA
SandFall-Win64-Shipping.exe,31024,0x13F96A7D0D0,DXGI,0,512,1,Hardware: Independent Flip,18820.5884,36.5868,36.3315,0.2553,32.2370,33.0769,33.0730,0.0039,65.9016,15.7113,-17.2639,18820.5884,0.5877,NA,NA
SandFall-Win64-Shipping.exe,31024,0x13F96A7D0D0,DXGI,0,512,1,Hardware: Independent Flip,18857.1752,0.3176,0.1653,0.1523,28.7271,0.2109,0.2088,0.0021,45.0261,17.4611,20.8755,18857.1752,16.0881,NA,NA
SandFall-Win64-Shipping.exe,31024,0x13F96A7D0D0,DXGI,0,512,1,Hardware: Independent Flip,18857.4928,34.5801,34.3211,0.2590,28.6204,33.5484,33.5403,0.0081,62.1696,16.7871,-17.1435,18857.4928,0.0008,NA,NA
SandFall-Win64-Shipping.exe,31024,0x13F96A7D0D0,DXGI,0,512,1,Hardware: Independent Flip,18892.0729,0.3513,0.1811,0.1702,27.5887,0.2176,0.2151,0.0025,44.3766,19.3827,17.7930,18892.0729,16.5703,NA,NA
SandFall-Win64-Shipping.exe,31024,0x13F96A7D0D0,DXGI,0,512,1,Hardware: Independent Flip,18892.4242,33.5322,33.2886,0.2436,27.4550,35.9519,35.9454,0.0065,63.4080,17.2748,-19.0314,18892.4242,0.0011,83.8534,NA
SandFall-Win64-Shipping.exe,31024,0x13F96A7D0D0,DXGI,0,512,1,Hardware: Independent Flip,18925.9564,0.3037,0.1562,0.1475,29.8747,0.2812,0.2767,0.0045,47.1506,16.7921,16.2574,18925.9564,16.9947,NA,NA
SandFall-Win64-Shipping.exe,31024,0x13F96A7D0D0,DXGI,0,512,1,Hardware: Independent Flip,18926.2601,27.4978,27.2561,0.2417,29.8522,33.7860,33.7788,0.0072,63.6390,18.3212,-16.4884,18926.2601,0.0008,NA,NA
SandFall-Win64-Shipping.exe,31024,0x13F96A7D0D0,DXGI,0,512,1,Hardware: Independent Flip,18953.7579,0.3360,0.1868,0.1492,36.1404,0.2949,0.2905,0.0044,54.4624,15.1213,9.1766,18953.7579,18.0271,NA,NA
SandFall-Win64-Shipping.exe,31024,0x13F96A7D0D0,DXGI,0,512,1,Hardware: Independent Flip,18954.0939,33.0266,32.7868,0.2398,36.0993,33.1476,33.1408,0.0068,69.2477,18.0289,-14.7853,18954.0939,0.0008,NA,NA
SandFall-Win64-Shipping.exe,31024,0x13F96A7D0D0,DXGI,0,512,1,Hardware: Independent Flip,18987.1205,0.3214,0.1673,0.1541,36.2203,0.2215,0.2184,0.0031,54.2500,15.7478,14.9977,18987.1205,17.8082,NA,NA
SandFall-Win64-Shipping.exe,31024,0x13F96A7D0D0,DXGI,0,512,1,Hardware: Independent Flip,18987.4419,39.1086,38.8511,0.2575,36.1204,33.1511,33.1435,0.0076,69.6764,16.6282,-15.4264,18987.4419,0.4049,NA,NA
SandFall-Win64-Shipping.exe,31024,0x13F96A7D0D0,DXGI,0,512,1,Hardware: Independent Flip,19026.5505,0.3152,0.1650,0.1502,30.1629,0.1830,0.1785,0.0045,47.1960,17.4774,22.4804,19026.5505,16.8501,NA,NA
SandFall-Win64-Shipping.exe,31024,0x13F96A7D0D0,DXGI,0,512,1,Hardware: Independent Flip,19026.8657,34.3643,34.0998,0.2645,30.0307,33.4785,33.4687,0.0098,64.3582,16.4028,-17.1622,19026.8657,0.8490,NA,NA
SandFall-Win64-Shipping.exe,31024,0x13F96A7D0D0,DXGI,0,512,1,Hardware: Independent Flip,19061.2300,0.3325,0.1749,0.1576,29.1449,0.2184,0.2160,0.0024,46.3967,18.1171,17.9615,19061.2300,17.0334,NA,NA
SandFall-Win64-Shipping.exe,31024,0x13F96A7D0D0,DXGI,0,512,1,Hardware: Independent Flip,19061.5625,36.1806,35.8286,0.3520,29.0308,34.8349,34.8281,0.0068,64.1813,17.4710,-17.7846,19061.5625,0.3156,68.8043,NA
SandFall-Win64-Shipping.exe,31024,0x13F96A7D0D0,DXGI,0,512,1,Hardware: Independent Flip,19097.7431,0.3618,0.1912,0.1706,27.6851,0.2121,0.2101,0.0020,45.4717,16.0105,18.7096,19097.7431,17.5745,NA,NA
SandFall-Win64-Shipping.exe,31024,0x13F96A7D0D0,DXGI,0,512,1,Hardware: Independent Flip,19098.1049,29.6985,29.4639,0.2346,27.5354,33.5838,33.5781,0.0057,61.1204,17.6323,-15.6487,19098.1049,0.0012,56.2764,NA
SandFall-Win64-Shipping.exe,31024,0x13F96A7D0D0,DXGI,0,512,1,Hardware: Independent Flip,19127.8034,0.3004,0.1520,0.1484,31.4207,0.2242,0.2219,0.0023,49.0542,21.5351,12.0662,19127.8034,17.4093,NA,NA
SandFall-Win64-Shipping.exe,31024,0x13F96A7D0D0,DXGI,0,512,1,Hardware: Independent Flip,19128.1038,35.5780,35.2988,0.2792,31.3445,38.1505,38.1405,0.0100,70.2889,16.7970,-21.2347,19128.1038,0.7939,76.4415,NA
SandFall-Win64-Shipping.exe,31024,0x13F96A7D0D0,DXGI,0,512,1,Hardware: Independent Flip,19163.6818,0.3326,0.1587,0.1739,33.9170,0.2269,0.2249,0.0020,51.5079,19.7991,18.7810,19163.6818,17.3640,NA,NA
SandFall-Win64-Shipping.exe,31024,0x13F96A7D0D0,DXGI,0,512,1,Hardware: Independent Flip,19164.0144,34.3205,34.0653,0.2552,33.8113,37.1628,37.1568,0.0060,70.9744,19.0952,-19.4665,19164.0144,0.0003,81.0344,NA
SandFall-Win64-Shipping.exe,31024,0x13F96A7D0D0,DXGI,0,512,1,Hardware: Independent Flip,19198.3349,0.3236,0.1707,0.1529,36.6536,0.2230,0.2212,0.0018,55.7491,19.3277,15.2253,19198.3349,18.8725,NA,NA
SandFall-Win64-Shipping.exe,31024,0x13F96A7D0D0,DXGI,0,512,1,Hardware: Independent Flip,19198.6585,39.6025,39.3288,0.2737,36.5530,38.1999,38.1949,0.0050,74.7532,19.3679,-19.0041,19198.6585,0.0003,69.4230,NA
SandFall-Win64-Shipping.exe,31024,0x13F96A7D0D0,DXGI,0,512,1,Hardware: Independent Flip,19238.2610,0.3067,0.1561,0.1506,35.1504,0.2290,0.2262,0.0028,54.5186,15.8527,20.2346,19238.2610,19.1392,NA,NA
SandFall-Win64-Shipping.exe,31024,0x13F96A7D0D0,DXGI,0,512,1,Hardware: Independent Flip,19238.5677,31.3853,31.1599,0.2254,35.0727,34.9912,34.9847,0.0065,70.0646,19.3017,-15.5460,19238.5677,0.0007,85.6758,NA
SandFall-Win64-Shipping.exe,31024,0x13F96A7D0D0,DXGI,0,512,1,Hardware: Independent Flip,19269.9530,0.3273,0.1788,0.1485,38.6786,0.2348,0.2327,0.0021,57.9810,13.6645,12.0836,19269.9530,19.0676,NA,NA
SandFall-Win64-Shipping.exe,31024,0x13F96A7D0D0,DXGI,0,512,1,Hardware: Independent Flip,19270.2803,35.5587,35.2965,0.2622,38.5861,32.7312,32.7234,0.0078,71.3182,18.3076,-13.3372,19270.2803,0.0009,NA,NA
SandFall-Win64-Shipping.exe,31024,0x13F96A7D0D0,DXGI,0,512,1,Hardware: Independent Flip,19305.8390,0.3260,0.1707,0.1553,35.7586,0.2316,0.2291,0.0025,54.0671,18.4725,17.2511,19305.8390,18.0769,NA,NA
SandFall-Win64-Shipping.exe,31024,0x13F96A7D0D0,DXGI,0,512,1,Hardware: Independent Flip,19306.1650,40.1390,39.8827,0.2563,35.6642,35.0487,35.0419,0.0068,72.2136,16.5536,-18.1465,19306.1650,1.5007,63.4345,NA
SandFall-Win64-Shipping.exe,31024,0x13F96A7D0D0,DXGI,0,512,1,Hardware: Independent Flip,19346.3040,0.3165,0.1645,0.1520,30.5739,0.2200,0.2182,0.0018,48.6282,17.8313,23.5854,19346.3040,17.8343,NA,NA
SandFall-Win64-Shipping.exe,31024,0x13F96A7D0D0,DXGI,0,512,1,Hardware: Independent Flip,19346.6205,37.5092,37.2548,0.2544,30.4774,34.5516,34.5485,0.0031,66.1430,16.6423,-17.5148,19346.6205,1.1140,66.8178,NA
SandFall-Win64-Shipping.exe,31024,0x13F96A7D0D0,DXGI,0,512,1,Hardware: Independent Flip,19384.1297,0.3383,0.1853,0.1530,27.5198,0.2077,0.2060,0.0017,45.2761,16.0757,20.8669,19384.1297,17.5486,NA,NA
SandFall-Win64-Shipping.exe,31024,0x13F96A7D0D0,DXGI,0,512,1,Hardware: Independent Flip,19384.4680,32.5417,32.2954,0.2463,27.3892,33.0954,33.0856,0.0098,61.0135,17.3568,-15.7374,19384.4680,0.5289,64.5026,NA
SandFall-Win64-Shipping.exe,31024,0x13F96A7D0D0,DXGI,0,512,1,Hardware: Independent Flip,19417.0097,0.3205,0.1660,0.1545,27.9429,0.1729,0.1668,0.0061,45.8286,16.8520,15.1849,19417.0097,17.7128,NA,NA
SandFall-Win64-Shipping.exe,31024,0x13F96A7D0D0,DXGI,0,512,1,Hardware: Independent Flip,19417.3302,30.5792,30.3308,0.2484,27.7953,33.3857,33.3192,0.0665,62.3601,16.5186,-16.5315,19417.3302,1.1791,54.7543,NA
SandFall-Win64-Shipping.exe,31024,0x13F96A7D0D0,DXGI,0,512,1,Hardware: Independent Flip,19447.9094,0.3022,0.1515,0.1507,30.6018,0.2096,0.2078,0.0018,48.2995,17.0491,14.0606,19447.9094,17.4881,NA,NA
SandFall-Win64-Shipping.exe,31024,0x13F96A7D0D0,DXGI,0,512,1,Hardware: Independent Flip,19448.2116,35.1648,34.8880,0.2768,30.5092,33.5174,33.5037,0.0137,65.0464,16.8919,-16.7469,19448.2116,1.0198,52.2846,NA
SandFall-Win64-Shipping.exe,31024,0x13F96A7D0D0,DXGI,0,512,1,Hardware: Independent Flip,19483.3764,0.3306,0.1712,0.1594,28.8618,0.2132,0.2132,0.0000,46.7735,17.8358,18.2729,19483.3764,17.6985,NA,NA
SandFall-Win64-Shipping.exe,31024,0x13F96A7D0D0,DXGI,0,512,1,Hardware: Independent Flip,19483.7070,36.2634,36.0057,0.2577,28.7444,34.5868,34.5717,0.0151,64.2787,17.0639,-17.5052,19483.7070,0.9475,51.0458,NA
SandFall-Win64-Shipping.exe,31024,0x13F96A7D0D0,DXGI,0,512,1,Hardware: Independent Flip,19519.9704,0.3202,0.1633,0.1569,27.0678,0.1963,0.1946,0.0017,45.0792,16.8072,19.1995,19519.9704,17.8151,NA,NA
SandFall-Win64-Shipping.exe,31024,0x13F96A7D0D0,DXGI,0,512,1,Hardware: Independent Flip,19520.2906,35.7601,35.5069,0.2532,26.9439,34.0534,34.0425,0.0109,61.5662,17.2558,-16.4870,19520.2906,0.5689,47.9116,NA
SandFall-Win64-Shipping.exe,31024,0x13F96A7D0D0,DXGI,0,512,1,Hardware: Independent Flip,19556.0507,0.3299,0.1704,0.1595,25.2372,0.1754,0.1705,0.0049,43.0619,16.6857,18.5043,19556.0507,17.6493,NA,NA
SandFall-Win64-Shipping.exe,31024,0x13F96A7D0D0,DXGI,0,512,1,Hardware: Independent Flip,19556.3806,34.7625,34.4511,0.3114,25.0827,33.5242,33.2794,0.2448,59.4177,16.9389,-16.3558,19556.3806,0.8108,47.8560,NA
SandFall-Win64-Shipping.exe,31024,0x13F96A7D0D0,DXGI,0,512,1,Hardware: Independent Flip,19591.1431,0.3511,0.1706,0.1805,23.8444,0.1666,0.1620,0.0046,41.5941,18.0128,17.8236,19591.1431,17.5831,NA,NA
SandFall-Win64-Shipping.exe,31024,0x13F96A7D0D0,DXGI,0,512,1,Hardware: Independent Flip,19591.4942,34.4629,34.2208,0.2421,23.6599,34.6468,33.1941,1.4527,59.2558,16.7600,-17.6617,19591.4942,0.9491,47.8053,NA
SandFall-Win64-Shipping.exe,31024,0x13F96A7D0D0,DXGI,0,512,1,Hardware: Independent Flip,19625.9571,0.3127,0.1615,0.1512,23.8438,0.1790,0.1736,0.0054,41.5529,17.5706,17.7029,19625.9571,17.5301,NA,NA
SandFall-Win64-Shipping.exe,31024,0x13F96A7D0D0,DXGI,0,512,1,Hardware: Independent Flip,19626.2698,36.0408,35.7791,0.2617,23.7101,34.7666,32.3022,2.4644,58.8108,17.4784,-17.2579,19626.2698,0.3341,72.1127,NA
SandFall-Win64-Shipping.exe,31024,0x13F96A7D0D0,DXGI,0,512,1,Hardware: Independent Flip,19662.3106,0.3085,0.1562,0.1523,22.4359,0.1615,0.1556,0.0059,40.2484,21.7434,18.5624,19662.3106,17.6510,NA,NA
SandFall-Win64-Shipping.exe,31024,0x13F96A7D0D0,DXGI,0,512,1,Hardware: Independent Flip,19662.6191,35.1384,34.8849,0.2535,22.2889,39.0860,36.3669,2.7191,61.6833,17.4426,-21.4349,19662.6191,0.3084,NA,NA
SandFall-Win64-Shipping.exe,31024,0x13F96A7D0D0,DXGI,0,512,1,Hardware: Independent Flip,19697.7575,0.3138,0.1575,0.1563,26.2365,0.2043,0.2027,0.0016,43.9875,17.3796,17.6958,19697.7575,17.5467,NA,NA
SandFall-Win64-Shipping.exe,31024,0x13F96A7D0D0,DXGI,0,512,1,Hardware: Independent Flip,19698.0713,33.4981,33.2293,0.2688,26.1270,34.9253,34.9127,0.0126,61.0533,19.0478,-17.0658,19698.0713,0.0010,NA,NA
SandFall-Win64-Shipping.exe,31024,0x13F96A7D0D0,DXGI,0,512,1,Hardware: Independent Flip,19731.5694,0.3011,0.1537,0.1474,27.5542,0.2939,0.2939,0.0000,46.6030,18.5057,14.4503,19731.5694,18.7549,NA,NA
SandFall-Win64-Shipping.exe,31024,0x13F96A7D0D0,DXGI,0,512,1,Hardware: Independent Flip,19731.8705,37.5461,37.3061,0.2400,27.5470,37.2599,37.1819,0.0780,64.8076,18.3809,-18.2046,19731.8705,0.0007,NA,NA
SandFall-Win64-Shipping.exe,31024,0x13F96A7D0D0,DXGI,0,512,1,Hardware: Independent Flip,19769.4166,0.3068,0.1551,0.1517,27.2608,0.2207,0.2207,0.0000,45.6424,14.2185,19.1652,19769.4166,18.1609,NA,NA
SandFall-Win64-Shipping.exe,31024,0x13F96A7D0D0,DXGI,0,512,1,Hardware: Independent Flip,19769.7234,32.3012,32.0375,0.2637,27.1747,32.3785,32.3686,0.0099,59.5541,18.1438,-13.9117,19769.7234,0.0009,54.3317,NA
SandFall-Win64-Shipping.exe,31024,0x13F96A7D0D0,DXGI,0,512,1,Hardware: Independent Flip,19802.0246,0.3077,0.1533,0.1544,27.2520,0.2199,0.2173,0.0026,45.3967,15.0550,14.1574,19802.0246,17.9248,NA,NA
SandFall-Win64-Shipping.exe,31024,0x13F96A7D0D0,DXGI,0,512,1,Hardware: Independent Flip,19802.3323,32.1894,31.9483,0.2411,27.1642,32.1343,32.1248,0.0095,60.1440,15.8084,-14.7473,19802.3323,0.8455,51.4983,NA
SandFall-Win64-Shipping.exe,31024,0x13F96A7D0D0,DXGI,0,512,1,Hardware: Independent Flip,19834.5217,0.3086,0.1575,0.1511,27.1091,0.2119,0.2097,0.0022,43.7630,17.5925,16.3810,19834.5217,16.4420,NA,NA
SandFall-Win64-Shipping.exe,31024,0x13F96A7D0D0,DXGI,0,512,1,Hardware: Independent Flip,19834.8303,33.2087,32.9482,0.2605,27.0124,32.8040,32.7947,0.0093,61.0469,15.1789,-17.2839,19834.8303,1.2305,50.9352,NA
SandFall-Win64-Shipping.exe,31024,0x13F96A7D0D0,DXGI,0,512,1,Hardware: Independent Flip,19868.0390,0.3874,0.1530,0.2344,26.6077,0.1959,0.1942,0.0017,43.0171,15.6101,18.0298,19868.0390,16.2135,NA,NA
SandFall-Win64-Shipping.exe,31024,0x13F96A7D0D0,DXGI,0,512,1,Hardware: Independent Flip,19868.4264,32.1127,31.8623,0.2504,26.4162,31.7908,31.7767,0.0141,58.2398,16.6301,-15.2227,19868.4264,0.0328,49.7168,NA
SandFall-Win64-Shipping.exe,31024,0x13F96A7D0D0,DXGI,0,512,1,Hardware: Independent Flip,19900.5391,0.3405,0.1690,0.1715,26.0943,0.2102,0.2079,0.0023,42.7572,15.1236,15.4826,19900.5391,16.4527,NA,NA
SandFall-Win64-Shipping.exe,31024,0x13F96A7D0D0,DXGI,0,512,1,Hardware: Independent Flip,19900.8796,33.2322,32.9657,0.2665,25.9640,31.0254,31.0157,0.0097,57.5403,16.1297,-14.7831,19900.8796,0.5509,NA,NA
SandFall-Win64-Shipping.exe,31024,0x13F96A7D0D0,DXGI,0,512,1,Hardware: Independent Flip,19934.1118,0.3145,0.1581,0.1564,23.7572,0.2004,0.1988,0.0016,40.4378,16.1720,17.1025,19934.1118,16.4802,NA,NA
SandFall-Win64-Shipping.exe,31024,0x13F96A7D0D0,DXGI,0,512,1,Hardware: Independent Flip,19934.4263,31.9125,31.6593,0.2532,23.6431,31.5900,31.5784,0.0116,56.2953,15.6331,-15.8575,19934.4263,1.0622,NA,NA
SandFall-Win64-Shipping.exe,31024,0x13F96A7D0D0,DXGI,0,512,1,Hardware: Independent Flip,19966.3388,0.3068,0.1524,0.1544,23.3206,0.1279,0.1197,0.0082,40.0159,17.5741,16.2794,19966.3388,16.5674,NA,NA
SandFall-Win64-Shipping.exe,31024,0x13F96A7D0D0,DXGI,0,512,1,Hardware: Independent Flip,19966.6456,34.3005,33.9725,0.3280,23.1417,33.3065,31.2586,2.0479,57.2832,16.0045,-17.2673,19966.6456,0.8350,NA,NA
SandFall-Win64-Shipping.exe,31024,0x13F96A7D0D0,DXGI,0,512,1,Hardware: Independent Flip,20000.9461,0.3259,0.1582,0.1677,22.1477,0.1610,0.1572,0.0038,38.9872,16.1154,18.2960,20000.9461,16.6785,NA,NA
SandFall-Win64-Shipping.exe,31024,0x13F96A7D0D0,DXGI,0,512,1,Hardware: Independent Flip,20001.2720,32.9479,32.6863,0.2616,21.9828,32.7355,31.0773,1.6582,54.7767,16.6989,-15.7895,20001.2720,0.0584,NA,NA
SandFall-Win64-Shipping.exe,31024,0x13F96A7D0D0,DXGI,0,512,1,Hardware: Independent Flip,20034.2199,0.3112,0.1593,0.1519,21.7704,0.2155,0.2096,0.0059,38.5277,17.1289,16.2490,20034.2199,16.5418,NA,NA
SandFall-Win64-Shipping.exe,31024,0x13F96A7D0D0,DXGI,0,512,1,Hardware: Independent Flip,20034.5311,33.7266,33.4789,0.2477,21.6747,33.3102,31.1687,2.1415,55.3454,16.2284,-16.8177,20034.5311,0.3605,NA,NA
SandFall-Win64-Shipping.exe,31024,0x13F96A7D0D0,DXGI,0,512,1,Hardware: Independent Flip,20068.2577,0.3057,0.1535,0.1522,21.2583,0.1824,0.1771,0.0053,37.8472,16.8648,17.4982,20068.2577,16.4065,NA,NA
SandFall-Win64-Shipping.exe,31024,0x13F96A7D0D0,DXGI,0,512,1,Hardware: Independent Flip,20068.5634,32.4754,32.1648,0.3106,21.1350,33.2703,31.1593,2.1110,54.4063,16.6180,-16.5591,20068.5634,0.0010,61.0265,NA
SandFall-Win64-Shipping.exe,31024,0x13F96A7D0D0,DXGI,0,512,1,Hardware: Independent Flip,20101.0388,0.3461,0.1787,0.1674,21.9299,0.1897,0.1880,0.0017,38.5489,16.1188,15.8574,20101.0388,16.4293,NA,NA
SandFall-Win64-Shipping.exe,31024,0x13F96A7D0D0,DXGI,0,512,1,Hardware: Independent Flip,20101.3849,32.9317,32.6697,0.2620,21.7735,32.5472,30.8029,1.7443,54.3216,16.6105,-15.7727,20101.3849,0.0009,NA,NA
SandFall-Win64-Shipping.exe,31024,0x13F96A7D0D0,DXGI,0,512,1,Hardware: Independent Flip,20134.3166,0.3059,0.1538,0.1521,21.3890,0.2006,0.1983,0.0023,38.0004,15.1179,16.3212,20134.3166,16.4108,NA,NA
SandFall-Win64-Shipping.exe,31024,0x13F96A7D0D0,DXGI,0,512,1,Hardware: Independent Flip,20134.6225,31.3075,31.0453,0.2622,21.2837,31.5198,31.1721,0.3477,52.8124,16.1677,-14.8120,20134.6225,0.0089,NA,NA
SandFall-Win64-Shipping.exe,31024,0x13F96A7D0D0,DXGI,0,512,1,Hardware: Independent Flip,20165.9300,0.3090,0.1561,0.1529,21.4960,0.1848,0.1832,0.0016,37.6726,19.9072,15.1398,20165.9300,15.9918,NA,NA
SandFall-Win64-Shipping.exe,31024,0x13F96A7D0D0,DXGI,0,512,1,Hardware: Independent Flip,20166.2390,31.6752,31.4220,0.2532,21.3718,35.3753,34.6952,0.6801,57.2708,15.5263,-19.5982,20166.2390,0.5237,NA,NA
SandFall-Win64-Shipping.exe,31024,0x13F96A7D0D0,DXGI,0,512,1,Hardware: Independent Flip,20197.9142,0.3150,0.1587,0.1563,25.0719,0.2078,0.2062,0.0016,41.1219,19.4094,16.1489,20197.9142,15.8422,NA,NA
SandFall-Win64-Shipping.exe,31024,0x13F96A7D0D0,DXGI,0,512,1,Hardware: Independent Flip,20198.2292,30.8071,30.5633,0.2438,24.9647,35.2509,35.2413,0.0096,60.2163,17.4553,-19.0944,20198.2292,0.0007,NA,NA
SandFall-Win64-Shipping.exe,31024,0x13F96A7D0D0,DXGI,0,512,1,Hardware: Independent Flip,20229.0363,0.3036,0.1514,0.1522,29.4085,0.2321,0.2286,0.0035,46.8645,17.8717,13.3518,20229.0363,17.2239,NA,NA
SandFall-Win64-Shipping.exe,31024,0x13F96A7D0D0,DXGI,0,512,1,Hardware: Independent Flip,20229.3399,31.7504,31.4613,0.2891,29.3370,35.0952,35.0898,0.0054,64.4326,17.3271,-17.5681,20229.3399,0.0004,NA,NA
SandFall-Win64-Shipping.exe,31024,0x13F96A7D0D0,DXGI,0,512,1,Hardware: Independent Flip,20261.0903,0.3213,0.1641,0.1572,32.6818,0.2361,0.2325,0.0036,50.0093,14.8863,14.4233,20261.0903,17.0914,NA,NA
SandFall-Win64-Shipping.exe,31024,0x13F96A7D0D0,DXGI,0,512,1,Hardware: Independent Flip,20261.4116,31.4614,31.2311,0.2303,32.5966,31.9767,31.9730,0.0037,64.5743,17.3265,-14.5650,20261.4116,0.0010,NA,NA
SandFall-Win64-Shipping.exe,31024,0x13F96A7D0D0,DXGI,0,512,1,Hardware: Independent Flip,20292.8730,0.3482,0.1927,0.1555,33.1119,0.2306,0.2274,0.0032,50.4394,14.7638,14.1349,20292.8730,17.0969,NA,NA
SandFall-Win64-Shipping.exe,31024,0x13F96A7D0D0,DXGI,0,512,1,Hardware: Independent Flip,20293.2212,32.0413,31.7839,0.2574,32.9943,31.8600,31.8522,0.0078,64.8550,17.2926,-14.4156,20293.2212,0.0007,NA,NA
SandFall-Win64-Shipping.exe,31024,0x13F96A7D0D0,DXGI,0,512,1,Hardware: Independent Flip,20325.2625,0.3022,0.1536,0.1486,32.8130,0.1834,0.1781,0.0053,50.1063,14.4202,14.7487,20325.2625,17.1099,NA,NA
SandFall-Win64-Shipping.exe,31024,0x13F96A7D0D0,DXGI,0,512,1,Hardware: Independent Flip,20325.5647,30.3594,30.1191,0.2403,32.6942,31.5289,31.5240,0.0049,64.2243,16.2708,-14.1180,20325.5647,0.0012,NA,NA
SandFall-Win64-Shipping.exe,31024,0x13F96A7D0D0,DXGI,0,512,1,Hardware: Independent Flip,20355.9241,0.3162,0.1681,0.1481,33.8637,0.2336,0.2307,0.0029,50.1357,16.8373,14.0886,20355.9241,16.0384,NA,NA
SandFall-Win64-Shipping.exe,31024,0x13F96A7D0D0,DXGI,0,512,1,Hardware: Independent Flip,20356.2403,36.9191,36.6560,0.2631,33.7811,32.4651,32.4607,0.0044,66.6568,15.3093,-16.5211,20356.2403,0.4106,NA,NA
SandFall-Win64-Shipping.exe,31024,0x13F96A7D0D0,DXGI,0,512,1,Hardware: Independent Flip,20393.1594,0.3183,0.1634,0.1549,29.3271,0.2121,0.2095,0.0026,45.0470,15.2293,21.6098,20393.1594,15.5078,NA,NA
SandFall-Win64-Shipping.exe,31024,0x13F96A7D0D0,DXGI,0,512,1,Hardware: Independent Flip,20393.4777,30.6260,30.3745,0.2515,29.2209,30.7365,30.7318,0.0047,59.9580,16.1884,-14.9110,20393.4777,0.0006,NA,NA
SandFall-Win64-Shipping.exe,31024,0x13F96A7D0D0,DXGI,0,512,1,Hardware: Independent Flip,20424.1037,0.3262,0.1660,0.1602,29.3314,0.2374,0.2351,0.0023,45.5204,15.1832,14.4376,20424.1037,15.9516,NA,NA
SandFall-Win64-Shipping.exe,31024,0x13F96A7D0D0,DXGI,0,512,1,Hardware: Independent Flip,20424.4299,31.5082,31.2618,0.2464,29.2426,31.0208,31.0138,0.0070,60.3774,16.0411,-14.8570,20424.4299,0.1140,NA,NA
SandFall-Win64-Shipping.exe,31024,0x13F96A7D0D0,DXGI,0,512,1,Hardware: Independent Flip,20455.9381,0.3119,0.1616,0.1503,28.7552,0.2238,0.2238,0.0000,44.9103,15.9894,15.4671,20455.9381,15.9313,NA,NA
SandFall-Win64-Shipping.exe,31024,0x13F96A7D0D0,DXGI,0,512,1,Hardware: Independent Flip,20456.2500,33.3296,33.0828,0.2468,28.6671,31.3675,31.3630,0.0045,60.5878,15.8557,-15.6775,20456.2500,0.5532,NA,NA
SandFall-Win64-Shipping.exe,31024,0x13F96A7D0D0,DXGI,0,512,1,Hardware: Independent Flip,20489.5796,0.3180,0.1615,0.1565,26.7050,0.2024,0.2005,0.0019,43.1139,16.3832,17.4739,20489.5796,16.2065,NA,NA
SandFall-Win64-Shipping.exe,31024,0x13F96A7D0D0,DXGI,0,512,1,Hardware: Independent Flip,20489.8976,32.8562,32.5973,0.2589,26.5894,32.0955,32.0868,0.0087,59.1791,16.1437,-16.0652,20489.8976,0.4942,NA,NA
SandFall-Win64-Shipping.exe,31024,0x13F96A7D0D0,DXGI,0,512,1,Hardware: Independent Flip,20522.7538,0.3317,0.1663,0.1654,25.8287,0.3340,0.3322,0.0018,42.4666,15.8406,16.7125,20522.7538,16.3039,NA,NA
SandFall-Win64-Shipping.exe,31024,0x13F96A7D0D0,DXGI,0,512,1,Hardware: Independent Flip,20523.0855,35.1765,34.8961,0.2804,25.8310,31.7663,31.7560,0.0103,57.9755,16.0978,-15.5089,20523.0855,0.3782,NA,NA
SandFall-Win64-Shipping.exe,31024,0x13F96A7D0D0,DXGI,0,512,1,Hardware: Independent Flip,20558.2620,0.3931,0.1870,0.2061,22.4208,0.2228,0.2203,0.0025,38.8968,15.3458,19.0787,20558.2620,16.2532,NA,NA
SandFall-Win64-Shipping.exe,31024,0x13F96A7D0D0,DXGI,0,512,1,Hardware: Independent Flip,20558.6551,25.0616,24.7911,0.2705,22.2505,31.0848,31.0713,0.0135,53.8495,15.9213,-14.9527,20558.6551,0.5142,NA,NA
SandFall-Win64-Shipping.exe,31024,0x13F96A7D0D0,DXGI,0,512,1,Hardware: Independent Flip,20583.7167,0.3214,0.1628,0.1586,28.2737,0.2159,0.2142,0.0017,44.7092,16.5213,9.1403,20583.7167,16.2196,NA,NA
SandFall-Win64-Shipping.exe,31024,0x13F96A7D0D0,DXGI,0,512,1,Hardware: Independent Flip,20584.0381,32.7441,32.4999,0.2442,28.1682,31.9305,31.9202,0.0103,60.9091,15.6685,-16.1999,20584.0381,0.8104,NA,NA
SandFall-Win64-Shipping.exe,31024,0x13F96A7D0D0,DXGI,0,512,1,Hardware: Independent Flip,20616.7822,0.3078,0.1561,0.1517,27.3546,0.2039,0.2022,0.0017,43.8335,15.9328,17.0756,20616.7822,16.2750,NA,NA
SandFall-Win64-Shipping.exe,31024,0x13F96A7D0D0,DXGI,0,512,1,Hardware: Independent Flip,20617.0900,31.9611,31.7093,0.2518,27.2507,31.8139,31.8009,0.0130,59.4585,16.2044,-15.6250,20617.0900,0.3939,NA,NA
SandFall-Win64-Shipping.exe,31024,0x13F96A7D0D0,DXGI,0,512,1,Hardware: Independent Flip,20649.0511,0.3062,0.1525,0.1537,27.1035,0.2084,0.2060,0.0024,43.7018,18.3033,15.7567,20649.0511,16.3899,NA,NA
SandFall-Win64-Shipping.exe,31024,0x13F96A7D0D0,DXGI,0,512,1,Hardware: Independent Flip,20649.3573,33.8509,33.5826,0.2683,27.0057,34.1535,34.1403,0.0132,61.6989,16.0656,-17.9971,20649.3573,0.5397,67.0748,NA
SandFall-Win64-Shipping.exe,31024,0x13F96A7D0D0,DXGI,0,512,1,Hardware: Independent Flip,20683.2082,0.3606,0.1776,0.1830,27.3083,0.2040,0.2024,0.0016,43.9136,19.2225,17.7853,20683.2082,16.4013,NA,NA
SandFall-Win64-Shipping.exe,31024,0x13F96A7D0D0,DXGI,0,512,1,Hardware: Independent Flip,20683.5688,33.2191,32.9669,0.2522,27.1517,35.6228,35.6140,0.0088,62.7755,17.0770,-18.8619,20683.5688,0.0010,NA,NA
SandFall-Win64-Shipping.exe,31024,0x13F96A7D0D0,DXGI,0,512,1,Hardware: Independent Flip,20716.7879,0.3125,0.1552,0.1573,29.5554,0.2251,0.2218,0.0033,46.6334,17.8078,16.1421,20716.7879,16.8529,NA,NA
SandFall-Win64-Shipping.exe,31024,0x13F96A7D0D0,DXGI,0,512,1,Hardware: Independent Flip,20717.1004,33.4277,33.1280,0.2997,29.4680,34.6596,34.6519,0.0077,64.1287,18.0881,-17.4953,20717.1004,0.0011,63.2790,NA
SandFall-Win64-Shipping.exe,31024,0x13F96A7D0D0,DXGI,0,512,1,Hardware: Independent Flip,20750.5281,0.4464,0.2205,0.2259,30.6999,0.2318,0.2318,0.0000,48.7891,19.6601,15.3396,20750.5281,17.8574,NA,NA
SandFall-Win64-Shipping.exe,31024,0x13F96A7D0D0,DXGI,0,512,1,Hardware: Independent Flip,20750.9745,32.9864,32.7355,0.2509,30.4853,37.5166,37.5103,0.0063,68.0028,18.0982,-19.2137,20750.9745,0.0009,NA,NA
SandFall-Win64-Shipping.exe,31024,0x13F96A7D0D0,DXGI,0,512,1,Hardware: Independent Flip,20783.9609,0.3060,0.1544,0.1516,35.0155,0.2430,0.2430,0.0000,53.1146,15.0065,14.8882,20783.9609,17.8561,NA,NA
SandFall-Win64-Shipping.exe,31024,0x13F96A7D0D0,DXGI,0,512,1,Hardware: Independent Flip,20784.2669,31.6220,31.3613,0.2607,34.9525,32.8614,32.8535,0.0079,67.8151,18.0013,-14.7005,20784.2669,0.0012,NA,NA
SandFall-Win64-Shipping.exe,31024,0x13F96A7D0D0,DXGI,0,512,1,Hardware: Independent Flip,20815.8889,0.3034,0.1553,0.1481,36.1919,0.1803,0.1755,0.0048,54.1944,14.9610,13.6207,20815.8889,17.8222,NA,NA
SandFall-Win64-Shipping.exe,31024,0x13F96A7D0D0,DXGI,0,512,1,Hardware: Independent Flip,20816.1923,33.0804,32.8248,0.2556,36.0688,32.7822,32.7768,0.0054,68.8520,17.2133,-14.6576,20816.1923,0.0010,NA,NA
SandFall-Win64-Shipping.exe,31024,0x13F96A7D0D0,DXGI,0,512,1,Hardware: Independent Flip,20849.2727,0.3192,0.1703,0.1489,35.7706,0.2234,0.2206,0.0028,52.9849,15.7955,15.8671,20849.2727,16.9909,NA,NA
SandFall-Win64-Shipping.exe,31024,0x13F96A7D0D0,DXGI,0,512,1,Hardware: Independent Flip,20849.5919,38.9222,38.6722,0.2500,35.6748,32.5338,32.5265,0.0073,68.4612,16.0705,-15.4763,20849.5919,0.2526,NA,NA
SandFall-Win64-Shipping.exe,31024,0x13F96A7D0D0,DXGI,0,512,1,Hardware: Independent Flip,20888.5141,0.3126,0.1642,0.1484,29.2864,0.2071,0.2052,0.0019,45.6095,15.2944,22.8517,20888.5141,16.1160,NA,NA
SandFall-Win64-Shipping.exe,31024,0x13F96A7D0D0,DXGI,0,512,1,Hardware: Independent Flip,20888.8267,30.6540,30.3750,0.2790,29.1809,31.0128,31.0059,0.0069,60.5913,16.0921,-14.9818,20888.8267,0.3976,NA,NA
SandFall-Win64-Shipping.exe,31024,0x13F96A7D0D0,DXGI,0,512,1,Hardware: Independent Flip,20919.4807,0.3207,0.1653,0.1554,29.5397,0.2181,0.2163,0.0018,46.0294,15.9409,14.5619,20919.4807,16.2716,NA,NA
SandFall-Win64-Shipping.exe,31024,0x13F96A7D0D0,DXGI,0,512,1,Hardware: Independent Flip,20919.8014,32.4672,32.2215,0.2457,29.4371,31.4075,31.3986,0.0089,61.6496,16.1493,-15.6202,20919.8014,0.8050,NA,NA
SandFall-Win64-Shipping.exe,31024,0x13F96A7D0D0,DXGI,0,512,1,Hardware: Independent Flip,20952.2686,0.3186,0.1639,0.1547,28.3774,0.2094,0.2076,0.0018,45.3317,15.0440,16.3179,20952.2686,16.7449,NA,NA
SandFall-Win64-Shipping.exe,31024,0x13F96A7D0D0,DXGI,0,512,1,Hardware: Independent Flip,20952.5872,33.9855,33.7234,0.2621,28.2682,30.8693,30.8649,0.0044,60.0571,16.1928,-14.7254,20952.5872,0.9196,NA,NA
SandFall-Win64-Shipping.exe,31024,0x13F96A7D0D0,DXGI,0,512,1,Hardware: Independent Flip,20986.5727,0.3176,0.1642,0.1534,25.1520,0.2050,0.2034,0.0016,42.2644,15.8613,17.7927,20986.5727,16.9074,NA,NA
SandFall-Win64-Shipping.exe,31024,0x13F96A7D0D0,DXGI,0,512,1,Hardware: Independent Flip,20986.8903,34.0302,33.6825,0.3477,25.0394,31.2753,31.2620,0.0133,57.8081,15.6019,-15.5437,20986.8903,1.4934,NA,NA
SandFall-Win64-Shipping.exe,31024,0x13F96A7D0D0,DXGI,0,512,1,Hardware: Independent Flip,21020.9205,0.3956,0.2075,0.1881,22.2845,0.2227,0.2196,0.0031,39.3798,16.3068,18.4283,21020.9205,16.8726,NA,NA
SandFall-Win64-Shipping.exe,31024,0x13F96A7D0D0,DXGI,0,512,1,Hardware: Independent Flip,21021.3161,28.7130,28.4566,0.2564,22.1116,31.8056,31.7919,0.0137,55.2910,15.5037,-15.9112,21021.3161,1.3738,NA,NA
SandFall-Win64-Shipping.exe,31024,0x13F96A7D0D0,DXGI,0,512,1,Hardware: Independent Flip,21050.0291,0.3300,0.1689,0.1611,25.2042,0.2302,0.1759,0.0543,42.0817,15.5512,13.2093,21050.0291,16.6473,NA,NA
SandFall-Win64-Shipping.exe,31024,0x13F96A7D0D0,DXGI,0,512,1,Hardware: Independent Flip,21050.3591,34.5957,34.3459,0.2498,25.1044,31.2123,31.2029,0.0094,57.3029,15.8061,-15.2212,21050.3591,0.9862,72.6174,NA
SandFall-Win64-Shipping.exe,31024,0x13F96A7D0D0,DXGI,0,512,1,Hardware: Independent Flip,21084.9548,0.3103,0.1597,0.1506,21.7210,0.1985,0.1950,0.0035,38.5133,16.7887,18.7896,21084.9548,16.5938,NA,NA
SandFall-Win64-Shipping.exe,31024,0x13F96A7D0D0,DXGI,0,512,1,Hardware: Independent Flip,21085.2651,32.4311,32.1738,0.2573,21.6092,32.2652,30.9326,1.3326,54.9917,15.5065,-16.4784,21085.2651,1.1173,NA,NA
SandFall-Win64-Shipping.exe,31024,0x13F96A7D0D0,DXGI,0,512,1,Hardware: Independent Flip,21117.6962,0.3215,0.1581,0.1634,21.4433,0.1512,0.1454,0.0058,38.0671,16.4119,16.9246,21117.6962,16.4726,NA,NA
SandFall-Win64-Shipping.exe,31024,0x13F96A7D0D0,DXGI,0,512,1,Hardware: Independent Flip,21118.0177,31.8696,31.6134,0.2562,21.2730,32.3963,30.8778,1.5185,54.1575,16.0739,-16.0904,21118.0177,0.4882,NA,NA
SandFall-Win64-Shipping.exe,31024,0x13F96A7D0D0,DXGI,0,512,1,Hardware: Independent Flip,21149.8873,0.3101,0.1575,0.1526,21.7997,0.1736,0.1679,0.0057,38.3618,18.3351,15.7957,21149.8873,16.3885,NA,NA
SandFall-Win64-Shipping.exe,31024,0x13F96A7D0D0,DXGI,0,512,1,Hardware: Independent Flip,21150.1974,33.6491,33.3955,0.2536,21.6632,34.3963,31.9657,2.4306,56.3868,16.1862,-18.0250,21150.1974,0.3273,47.6267,NA
SandFall-Win64-Shipping.exe,31024,0x13F96A7D0D0,DXGI,0,512,1,Hardware: Independent Flip,21183.8465,0.3113,0.1523,0.1590,22.4104,0.1766,0.1749,0.0017,38.9239,18.8145,17.4629,21183.8465,16.3369,NA,NA
SandFall-Win64-Shipping.exe,31024,0x13F96A7D0D0,DXGI,0,512,1,Hardware: Independent Flip,21184.1578,31.4130,31.1713,0.2417,22.2757,35.1496,35.1402,0.0094,57.4271,17.1537,-18.5032,21184.1578,0.0018,72.6250,NA
SandFall-Win64-Shipping.exe,31024,0x13F96A7D0D0,DXGI,0,512,1,Hardware: Independent Flip,21215.5708,0.3122,0.1609,0.1513,26.0123,0.2443,0.2406,0.0037,43.1678,18.1345,14.2593,21215.5708,16.9112,NA,NA
SandFall-Win64-Shipping.exe,31024,0x13F96A7D0D0,DXGI,0,512,1,Hardware: Independent Flip,21215.8830,31.6662,31.4146,0.2516,25.9444,35.0447,35.0343,0.0104,60.9901,17.6990,-17.8223,21215.8830,0.0010,50.9273,NA
SandFall-Win64-Shipping.exe,31024,0x13F96A7D0D0,DXGI,0,512,1,Hardware: Independent Flip,21247.5492,0.3082,0.1518,0.1564,29.3229,0.2214,0.2191,0.0023,47.0229,16.9092,13.9672,21247.5492,17.4786,NA,NA
SandFall-Win64-Shipping.exe,31024,0x13F96A7D0D0,DXGI,0,512,1,Hardware: Independent Flip,21247.8574,31.8990,31.6587,0.2403,29.2361,34.3867,34.3790,0.0077,63.6239,17.5245,-16.6010,21247.8574,0.0011,55.5377,NA
SandFall-Win64-Shipping.exe,31024,0x13F96A7D0D0,DXGI,0,512,1,Hardware: Independent Flip,21279.7564,0.3573,0.1525,0.2048,31.7238,0.2322,0.2322,0.0000,49.2494,15.1983,14.3745,21279.7564,17.2934,NA,NA
SandFall-Win64-Shipping.exe,31024,0x13F96A7D0D0,DXGI,0,512,1,Hardware: Independent Flip,21280.1137,33.9058,33.6489,0.2569,31.5987,32.4911,32.4838,0.0073,64.0904,17.5587,-14.8410,21280.1137,0.0006,64.2506,NA
SandFall-Win64-Shipping.exe,31024,0x13F96A7D0D0,DXGI,0,512,1,Hardware: Independent Flip,21314.0195,0.3242,0.1536,0.1706,30.1840,0.2282,0.2257,0.0025,47.7433,14.0036,16.3471,21314.0195,17.3311,NA,NA
SandFall-Win64-Shipping.exe,31024,0x13F96A7D0D0,DXGI,0,512,1,Hardware: Independent Flip,21314.3437,30.3693,30.1264,0.2429,30.0880,31.3334,31.3262,0.0072,61.4227,16.1782,-13.6794,21314.3437,0.0013,59.8169,NA
SandFall-Win64-Shipping.exe,31024,0x13F96A7D0D0,DXGI,0,512,1,Hardware: Independent Flip,21344.7130,0.3334,0.1796,0.1538,31.0521,0.2214,0.2194,0.0020,47.2316,16.1809,14.1911,21344.7130,15.9581,NA,NA
SandFall-Win64-Shipping.exe,31024,0x13F96A7D0D0,DXGI,0,512,1,Hardware: Independent Flip,21345.0464,35.1928,34.9366,0.2562,30.9401,31.4399,31.4330,0.0069,63.0791,15.0598,-15.8475,21345.0464,0.6991,55.1780,NA
SandFall-Win64-Shipping.exe,31024,0x13F96A7D0D0,DXGI,0,512,1,Hardware: Independent Flip,21380.2392,0.3216,0.1711,0.1505,27.1872,0.2241,0.2224,0.0017,42.9461,17.3123,20.1330,21380.2392,15.5348,NA,NA
SandFall-Win64-Shipping.exe,31024,0x13F96A7D0D0,DXGI,0,512,1,Hardware: Independent Flip,21380.5608,32.8641,32.6171,0.2470,27.0897,32.7017,32.6935,0.0082,59.9368,15.6361,-16.9907,21380.5608,0.1454,59.5469,NA
SandFall-Win64-Shipping.exe,31024,0x13F96A7D0D0,DXGI,0,512,1,Hardware: Independent Flip,21413.4249,0.3153,0.1604,0.1549,26.9273,0.2211,0.2194,0.0017,42.7088,17.1988,17.2280,21413.4249,15.5604,NA,NA
SandFall-Win64-Shipping.exe,31024,0x13F96A7D0D0,DXGI,0,512,1,Hardware: Independent Flip,21413.7402,31.8394,31.5904,0.2490,26.8331,32.7587,32.7501,0.0086,59.5923,16.8823,-16.8835,21413.7402,0.0005,56.3775,NA
SandFall-Win64-Shipping.exe,31024,0x13F96A7D0D0,DXGI,0,512,1,Hardware: Independent Flip,21445.5796,0.3053,0.1580,0.1473,27.7524,0.2304,0.2304,0.0000,44.6352,14.9543,14.9571,21445.5796,16.6524,NA,NA
SandFall-Win64-Shipping.exe,31024,0x13F96A7D0D0,DXGI,0,512,1,Hardware: Independent Flip,21445.8849,26.6239,26.3938,0.2301,27.6775,31.6062,31.6013,0.0049,59.2842,17.1863,-14.6490,21445.8849,0.0005,53.2194,NA
SandFall-Win64-Shipping.exe,31024,0x13F96A7D0D0,DXGI,0,512,1,Hardware: Independent Flip,21472.5088,0.3542,0.2033,0.1509,32.6598,0.2234,0.2204,0.0030,49.8466,15.9707,9.4376,21472.5088,16.9634,NA,NA
SandFall-Win64-Shipping.exe,31024,0x13F96A7D0D0,DXGI,0,512,1,Hardware: Independent Flip,21472.8630,36.6842,36.4232,0.2610,32.5290,32.6960,32.6881,0.0079,65.4631,16.1232,-15.6165,21472.8630,0.2381,54.3888,NA
SandFall-Win64-Shipping.exe,31024,0x13F96A7D0D0,DXGI,0,512,1,Hardware: Independent Flip,21509.5472,0.3140,0.1637,0.1503,28.5408,0.2106,0.2088,0.0018,44.9021,16.2543,20.5610,21509.5472,16.1507,NA,NA
SandFall-Win64-Shipping.exe,31024,0x13F96A7D0D0,DXGI,0,512,1,Hardware: Independent Flip,21509.8612,33.6117,33.3572,0.2545,28.4374,32.0836,32.0759,0.0077,60.8424,16.1044,-15.9403,21509.8612,0.3214,53.7625,NA
SandFall-Win64-Shipping.exe,31024,0x13F96A7D0D0,DXGI,0,512,1,Hardware: Independent Flip,21543.4729,0.3313,0.1787,0.1526,26.9093,0.2051,0.2025,0.0026,43.3351,16.2153,17.5073,21543.4729,16.2207,NA,NA
SandFall-Win64-Shipping.exe,31024,0x13F96A7D0D0,DXGI,0,512,1,Hardware: Independent Flip,21543.8042,33.1590,32.9028,0.2562,26.7831,32.1809,32.1721,0.0088,59.2191,16.6058,-15.8840,21543.8042,0.2551,53.0780,NA
SandFall-Win64-Shipping.exe,31024,0x13F96A7D0D0,DXGI,0,512,1,Hardware: Independent Flip,21576.9632,0.3021,0.1578,0.1443,25.8050,0.1722,0.1663,0.0059,42.6659,16.5931,16.5532,21576.9632,16.6887,NA,NA
SandFall-Win64-Shipping.exe,31024,0x13F96A7D0D0,DXGI,0,512,1,Hardware: Independent Flip,21577.2653,28.3475,28.0845,0.2630,25.6751,32.8212,32.8103,0.0109,58.9569,16.3525,-16.2910,21577.2653,0.4606,52.2452,NA
SandFall-Win64-Shipping.exe,31024,0x13F96A7D0D0,DXGI,0,512,1,Hardware: Independent Flip,21605.6128,0.3084,0.1549,0.1535,30.1488,0.2054,0.2037,0.0017,46.9619,17.2040,11.9950,21605.6128,16.6077,NA,NA
SandFall-Win64-Shipping.exe,31024,0x13F96A7D0D0,DXGI,0,512,1,Hardware: Independent Flip,21605.9212,33.6789,33.3657,0.3132,30.0458,33.4659,33.4557,0.0102,63.8575,16.6132,-16.8956,21605.9212,0.3458,51.8369,NA
SandFall-Win64-Shipping.exe,31024,0x13F96A7D0D0,DXGI,0,512,1,Hardware: Independent Flip,21639.6001,0.3028,0.1502,0.1526,29.8328,0.2083,0.2066,0.0017,46.7918,16.4912,17.0657,21639.6001,16.7507,NA,NA
SandFall-Win64-Shipping.exe,31024,0x13F96A7D0D0,DXGI,0,512,1,Hardware: Independent Flip,21639.9029,32.7318,32.4783,0.2535,29.7383,33.1833,33.1734,0.0099,62.9802,16.8759,-16.1884,21639.9029,0.0586,52.9450,NA
SandFall-Win64-Shipping.exe,31024,0x13F96A7D0D0,DXGI,0,512,1,Hardware: Independent Flip,21672.6347,0.3324,0.1729,0.1595,30.1898,0.2436,0.2412,0.0024,47.1243,18.6421,15.8559,21672.6347,16.6909,NA,NA
SandFall-Win64-Shipping.exe,31024,0x13F96A7D0D0,DXGI,0,512,1,Hardware: Independent Flip,21672.9671,41.8196,41.5019,0.3177,30.1010,35.0741,35.0584,0.0157,65.4340,16.6559,-18.3097,21672.9671,0.2589,52.4504,NA
SandFall-Win64-Shipping.exe,31024,0x13F96A7D0D0,DXGI,0,512,1,Hardware: Independent Flip,21714.7867,0.3411,0.1800,0.1611,23.3555,0.1649,0.1597,0.0052,40.2703,20.5076,25.1637,21714.7867,16.7499,NA,NA
SandFall-Win64-Shipping.exe,31024,0x13F96A7D0D0,DXGI,0,512,1,Hardware: Independent Flip,21715.1278,28.9421,28.6896,0.2525,23.1793,37.2567,37.2499,0.0068,60.4368,17.7211,-20.1665,21715.1278,0.0008,57.6082,NA
SandFall-Win64-Shipping.exe,31024,0x13F96A7D0D0,DXGI,0,512,1,Hardware: Independent Flip,21744.0699,0.3184,0.1611,0.1573,31.4939,0.2610,0.2571,0.0039,49.2158,16.8033,11.2210,21744.0699,17.4609,NA,NA
SandFall-Win64-Shipping.exe,31024,0x13F96A7D0D0,DXGI,0,512,1,Hardware: Independent Flip,21744.3883,34.3670,34.0966,0.2704,31.4365,34.2636,34.2563,0.0073,65.7007,18.6094,-16.4849,21744.3883,0.0006,58.1410,NA
SandFall-Win64-Shipping.exe,31024,0x13F96A7D0D0,DXGI,0,512,1,Hardware: Independent Flip,21778.7553,0.3857,0.1577,0.2280,31.3331,0.2204,0.2204,0.0000,49.9431,19.6080,15.7576,21778.7553,18.3896,NA,NA
SandFall-Win64-Shipping.exe,31024,0x13F96A7D0D0,DXGI,0,512,1,Hardware: Independent Flip,21779.1410,32.3466,32.1085,0.2381,31.1678,37.9970,37.9901,0.0069,69.1654,18.4547,-19.2223,21779.1410,0.0006,60.3583,NA
SandFall-Win64-Shipping.exe,31024,0x13F96A7D0D0,DXGI,0,512,1,Hardware: Independent Flip,21811.4876,0.3143,0.1581,0.1562,36.8182,0.2324,0.2294,0.0030,55.2735,15.4711,13.8919,21811.4876,18.2229,NA,NA
SandFall-Win64-Shipping.exe,31024,0x13F96A7D0D0,DXGI,0,512,1,Hardware: Independent Flip,21811.8019,33.4342,33.1983,0.2359,36.7363,33.6929,33.6889,0.0040,70.4303,18.6228,-15.1568,21811.8019,0.0011,62.2837,NA
SandFall-Win64-Shipping.exe,31024,0x13F96A7D0D0,DXGI,0,512,1,Hardware: Independent Flip,21845.2361,0.3295,0.1845,0.1450,36.9950,0.2270,0.2270,0.0000,55.6189,15.0691,14.8114,21845.2361,18.3969,NA,NA
SandFall-Win64-Shipping.exe,31024,0x13F96A7D0D0,DXGI,0,512,1,Hardware: Independent Flip,21845.5656,39.7159,39.4572,0.2587,36.8925,33.4658,33.4618,0.0040,70.3585,17.3240,-14.7396,21845.5656,0.0002,60.9789,NA
SandFall-Win64-Shipping.exe,31024,0x13F96A7D0D0,DXGI,0,512,1,Hardware: Independent Flip,21885.2815,0.3279,0.1745,0.1534,30.6424,0.1814,0.1773,0.0041,47.9666,16.3998,22.3919,21885.2815,17.1428,NA,NA
SandFall-Win64-Shipping.exe,31024,0x13F96A7D0D0,DXGI,0,512,1,Hardware: Independent Flip,21885.6094,36.9602,36.6318,0.3284,30.4959,32.7173,32.7086,0.0087,64.0385,16.1945,-16.0719,21885.6094,0.8253,58.6696,NA
SandFall-Win64-Shipping.exe,31024,0x13F96A7D0D0,DXGI,0,512,1,Hardware: Independent Flip,21922.5696,0.3411,0.1851,0.1560,26.2530,0.2091,0.2091,0.0000,43.2728,19.0442,20.7657,21922.5696,16.8107,NA,NA
SandFall-Win64-Shipping.exe,31024,0x13F96A7D0D0,DXGI,0,512,1,Hardware: Independent Flip,21922.9107,34.1751,33.9153,0.2598,26.1210,35.1223,35.1154,0.0069,61.9759,16.5597,-18.7031,21922.9107,0.7326,67.9374,NA
SandFall-Win64-Shipping.exe,31024,0x13F96A7D0D0,DXGI,0,512,1,Hardware: Independent Flip,21957.0858,0.3060,0.1570,0.1490,27.0682,0.2223,0.2193,0.0030,44.3605,16.9113,17.6154,21957.0858,17.0700,NA,NA
SandFall-Win64-Shipping.exe,31024,0x13F96A7D0D0,DXGI,0,512,1,Hardware: Independent Flip,21957.3918,26.2002,25.9562,0.2440,26.9845,33.9807,33.9739,0.0068,60.9658,18.0170,-16.6053,21957.3918,0.0006,NA,NA
SandFall-Win64-Shipping.exe,31024,0x13F96A7D0D0,DXGI,0,512,1,Hardware: Independent Flip,21983.5920,0.3423,0.1575,0.1848,34.7650,0.2251,0.2216,0.0035,52.7826,14.2324,8.1832,21983.5920,17.7925,NA,NA
SandFall-Win64-Shipping.exe,31024,0x13F96A7D0D0,DXGI,0,512,1,Hardware: Independent Flip,21983.9343,38.0841,37.7392,0.3449,34.6478,31.9943,31.9871,0.0072,66.6727,17.5715,-13.8901,21983.9343,0.0306,61.6290,NA
SandFall-Win64-Shipping.exe,31024,0x13F96A7D0D0,DXGI,0,512,1,Hardware: Independent Flip,22022.0184,0.3455,0.1847,0.1608,28.5580,0.2216,0.2216,0.0000,46.1601,16.5796,20.5126,22022.0184,17.3805,NA,NA
SandFall-Win64-Shipping.exe,31024,0x13F96A7D0D0,DXGI,0,512,1,Hardware: Independent Flip,22022.3639,39.5407,39.2754,0.2653,28.4341,32.4588,32.4521,0.0067,62.3942,16.1207,-16.2341,22022.3639,1.5013,65.8128,NA
SandFall-Win64-Shipping.exe,31024,0x13F96A7D0D0,DXGI,0,512,1,Hardware: Independent Flip,22061.9046,0.4154,0.1760,0.2394,21.3522,0.1963,0.1916,0.0047,38.9742,15.7694,23.4200,22061.9046,17.4257,NA,NA
SandFall-Win64-Shipping.exe,31024,0x13F96A7D0D0,DXGI,0,512,1,Hardware: Independent Flip,22062.3200,30.8977,30.6441,0.2536,21.1331,31.7084,31.6229,0.0855,54.3282,16.3850,-15.3540,22062.3200,1.4867,56.7010,NA
SandFall-Win64-Shipping.exe,31024,0x13F96A7D0D0,DXGI,0,512,1,Hardware: Independent Flip,22093.2177,0.3149,0.1564,0.1585,21.9438,0.2013,0.1997,0.0016,39.8155,17.0983,14.5127,22093.2177,17.6704,NA,NA
SandFall-Win64-Shipping.exe,31024,0x13F96A7D0D0,DXGI,0,512,1,Hardware: Independent Flip,22093.5326,30.5372,30.2691,0.2681,21.8302,33.2673,33.2584,0.0089,56.5989,16.3848,-16.7834,22093.5326,1.5014,50.1843,NA
SandFall-Win64-Shipping.exe,31024,0x13F96A7D0D0,DXGI,0,512,1,Hardware: Independent Flip,22124.0698,0.3093,0.1535,0.1558,24.5603,0.1741,0.1619,0.0122,42.4465,19.2773,14.1524,22124.0698,17.7121,NA,NA
SandFall-Win64-Shipping.exe,31024,0x13F96A7D0D0,DXGI,0,512,1,Hardware: Independent Flip,22124.3791,36.0655,35.7948,0.2707,24.4251,35.5327,33.9078,1.6249,61.4145,16.1483,-18.9680,22124.3791,1.4567,48.8488,NA
SandFall-Win64-Shipping.exe,31024,0x13F96A7D0D0,DXGI,0,512,1,Hardware: Independent Flip,22160.4446,0.3470,0.1635,0.1835,23.8923,0.1731,0.1707,0.0024,41.4973,14.0430,19.9172,22160.4446,17.4319,NA,NA
SandFall-Win64-Shipping.exe,31024,0x13F96A7D0D0,DXGI,0,512,1,Hardware: Independent Flip,22160.7916,33.2843,33.0285,0.2558,23.7184,31.4742,31.3688,0.1054,55.1933,17.4927,-13.6960,22160.7916,0.0007,55.0225,NA
SandFall-Win64-Shipping.exe,31024,0x13F96A7D0D0,DXGI,0,512,1,Hardware: Independent Flip,22194.0759,0.3071,0.1575,0.1496,21.9083,0.1039,0.0948,0.0091,39.4017,23.4043,15.7916,22194.0759,17.3895,NA,NA
SandFall-Win64-Shipping.exe,31024,0x13F96A7D0D0,DXGI,0,512,1,Hardware: Independent Flip,22194.3830,34.7847,34.5361,0.2486,21.7051,39.4361,36.2658,3.1703,62.4989,15.8706,-23.0972,22194.3830,1.3577,NA,NA
SandFall-Win64-Shipping.exe,31024,0x13F96A7D0D0,DXGI,0,512,1,Hardware: Independent Flip,22229.1677,0.3223,0.1551,0.1672,26.3565,0.2038,0.2022,0.0016,43.5848,18.9883,18.9141,22229.1677,17.0245,NA,NA
SandFall-Win64-Shipping.exe,31024,0x13F96A7D0D0,DXGI,0,512,1,Hardware: Independent Flip,22229.4900,34.4410,34.1774,0.2636,26.2380,36.0116,35.9956,0.0160,62.2508,18.8430,-18.6660,22229.4900,0.0012,75.7817,NA
SandFall-Win64-Shipping.exe,31024,0x13F96A7D0D0,DXGI,0,512,1,Hardware: Independent Flip,22263.9310,0.3108,0.1571,0.1537,27.8086,0.2212,0.2184,0.0028,46.6528,17.0714,15.5980,22263.9310,18.6230,NA,NA
SandFall-Win64-Shipping.exe,31024,0x13F96A7D0D0,DXGI,0,512,1,Hardware: Independent Flip,22264.2418,34.0569,33.7272,0.3297,27.7190,35.6933,35.6827,0.0106,63.4134,18.8710,-16.7606,22264.2418,0.0011,52.7079,NA
SandFall-Win64-Shipping.exe,31024,0x13F96A7D0D0,DXGI,0,512,1,Hardware: Independent Flip,22298.2987,0.3153,0.1614,0.1539,29.3554,0.2653,0.2616,0.0037,48.2275,14.3150,15.1859,22298.2987,18.6068,NA,NA
SandFall-Win64-Shipping.exe,31024,0x13F96A7D0D0,DXGI,0,512,1,Hardware: Independent Flip,22298.6140,33.5726,33.2802,0.2924,29.3054,32.9208,32.9126,0.0082,62.2272,18.2236,-13.9997,22298.6140,0.0010,56.8971,NA
SandFall-Win64-Shipping.exe,31024,0x13F96A7D0D0,DXGI,0,512,1,Hardware: Independent Flip,22332.1866,0.3297,0.1593,0.1704,28.6536,0.2169,0.2146,0.0023,46.8782,15.2828,15.3490,22332.1866,18.0077,NA,NA
SandFall-Win64-Shipping.exe,31024,0x13F96A7D0D0,DXGI,0,512,1,Hardware: Independent Flip,22332.5163,32.6906,32.4466,0.2440,28.5408,32.6541,32.6435,0.0106,61.8313,16.1810,-14.9531,22332.5163,0.6364,79.3800,NA
SandFall-Win64-Shipping.exe,31024,0x13F96A7D0D0,DXGI,0,512,1,Hardware: Independent Flip,22365.2069,0.3063,0.1530,0.1533,28.5043,0.2042,0.2023,0.0019,45.3217,16.4492,16.5096,22365.2069,16.6132,NA,NA
SandFall-Win64-Shipping.exe,31024,0x13F96A7D0D0,DXGI,0,512,1,Hardware: Independent Flip,22365.5132,32.5817,32.3294,0.2523,28.4022,31.9686,31.9594,0.0092,61.4646,15.4800,-16.1429,22365.5132,1.0938,82.0294,NA
SandFall-Win64-Shipping.exe,31024,0x13F96A7D0D0,DXGI,0,512,1,Hardware: Independent Flip,22398.0949,0.3048,0.1532,0.1516,27.7891,0.2091,0.2073,0.0018,44.3629,16.3702,17.1017,22398.0949,16.3647,NA,NA
SandFall-Win64-Shipping.exe,31024,0x13F96A7D0D0,DXGI,0,512,1,Hardware: Independent Flip,22398.3997,34.2332,33.9488,0.2844,27.6934,32.1171,32.1069,0.0102,60.4283,15.9193,-16.0654,22398.3997,0.6178,61.8715,NA
SandFall-Win64-Shipping.exe,31024,0x13F96A7D0D0,DXGI,0,512,1,Hardware: Independent Flip,22432.6329,0.3226,0.1617,0.1609,25.5773,0.2034,0.2015,0.0019,42.1144,16.7898,18.3139,22432.6329,16.3337,NA,NA
SandFall-Win64-Shipping.exe,31024,0x13F96A7D0D0,DXGI,0,512,1,Hardware: Independent Flip,22432.9555,31.6436,31.3797,0.2639,25.4581,32.7132,32.6964,0.0168,58.5816,16.1763,-16.4672,22432.9555,0.4103,60.5883,NA
SandFall-Win64-Shipping.exe,31024,0x13F96A7D0D0,DXGI,0,512,1,Hardware: Independent Flip,22464.5991,0.3428,0.1563,0.1865,26.5277,0.2063,0.2046,0.0017,43.1143,16.6772,15.4673,22464.5991,16.3803,NA,NA
SandFall-Win64-Shipping.exe,31024,0x13F96A7D0D0,DXGI,0,512,1,Hardware: Independent Flip,22464.9419,33.6661,33.4112,0.2549,26.3912,32.9452,32.9314,0.0138,59.4487,16.6373,-16.3344,22464.9419,0.1123,56.4400,NA
SandFall-Win64-Shipping.exe,31024,0x13F96A7D0D0,DXGI,0,512,1,Hardware: Independent Flip,22498.6080,0.3215,0.1655,0.1560,25.6703,0.2236,0.2213,0.0023,42.4199,16.0230,17.0288,22498.6080,16.5260,NA,NA
SandFall-Win64-Shipping.exe,31024,0x13F96A7D0D0,DXGI,0,512,1,Hardware: Independent Flip,22498.9295,32.7501,32.4575,0.2926,25.5724,32.4477,32.4348,0.0129,58.1214,16.7011,-15.7015,22498.9295,0.1013,NA,NA
SandFall-Win64-Shipping.exe,31024,0x13F96A7D0D0,DXGI,0,512,1,Hardware: Independent Flip,22531.6796,0.3180,0.1620,0.1560,25.2700,0.3021,0.2993,0.0028,42.0724,16.2140,16.0490,22531.6796,16.5003,NA,NA
SandFall-Win64-Shipping.exe,31024,0x13F96A7D0D0,DXGI,0,512,1,Hardware: Independent Flip,22531.9976,33.3666,33.1130,0.2536,25.2541,32.2682,32.2594,0.0088,57.9684,16.4000,-15.8960,22531.9976,0.4461,NA,NA
SandFall-Win64-Shipping.exe,31024,0x13F96A7D0D0,DXGI,0,512,1,Hardware: Independent Flip,22565.3642,0.3066,0.1496,0.1570,24.1557,0.1775,0.1775,0.0000,41.0018,16.4935,16.9666,22565.3642,16.6686,NA,NA
SandFall-Win64-Shipping.exe,31024,0x13F96A7D0D0,DXGI,0,512,1,Hardware: Independent Flip,22565.6708,33.3607,33.0983,0.2624,24.0266,32.6182,32.6106,0.0076,57.1887,16.3472,-16.1869,22565.6708,0.5439,NA,NA
SandFall-Win64-Shipping.exe,31024,0x13F96A7D0D0,DXGI,0,512,1,Hardware: Independent Flip,22599.0315,0.3178,0.1582,0.1596,23.2841,0.1677,0.1613,0.0064,40.1752,18.2438,17.0135,22599.0315,16.7234,NA,NA
SandFall-Win64-Shipping.exe,31024,0x13F96A7D0D0,DXGI,0,512,1,Hardware: Independent Flip,22599.3493,34.0929,33.8437,0.2492,23.1340,34.4884,32.9767,1.5117,58.1012,16.4750,-17.9260,22599.3493,0.4788,NA,NA
SandFall-Win64-Shipping.exe,31024,0x13F96A7D0D0,DXGI,0,512,1,Hardware: Independent Flip,22633.4422,0.3240,0.1644,0.1596,23.5295,0.1761,0.1699,0.0062,40.4833,16.3903,17.6179,22633.4422,16.7777,NA,NA
SandFall-Win64-Shipping.exe,31024,0x13F96A7D0D0,DXGI,0,512,1,Hardware: Independent Flip,22633.7662,33.4640,33.1945,0.2695,23.3816,33.1670,32.6865,0.4805,56.5496,17.3161,-16.0663,22633.7662,0.0010,NA,NA
SandFall-Win64-Shipping.exe,31024,0x13F96A7D0D0,DXGI,0,512,1,Hardware: Independent Flip,22667.2302,0.3040,0.1546,0.1494,23.0846,0.1893,0.1871,0.0022,40.4017,16.1736,16.1479,22667.2302,17.1278,NA,NA
SandFall-Win64-Shipping.exe,31024,0x13F96A7D0D0,DXGI,0,512,1,Hardware: Independent Flip,22667.5342,33.6819,33.4189,0.2630,22.9699,33.2555,32.4600,0.7955,56.2713,16.8561,-15.8696,22667.5342,0.0459,NA,NA
SandFall-Win64-Shipping.exe,31024,0x13F96A7D0D0,DXGI,0,512,1,Hardware: Independent Flip,22701.2161,0.3096,0.1565,0.1531,22.5435,0.1901,0.1845,0.0056,39.4455,21.7681,16.8258,22701.2161,16.7119,NA,NA
SandFall-Win64-Shipping.exe,31024,0x13F96A7D0D0,DXGI,0,512,1,Hardware: Independent Flip,22701.5257,33.2379,32.9757,0.2622,22.4240,38.0845,37.1483,0.9362,60.9040,16.5075,-21.4585,22701.5257,0.3955,NA,NA
SandFall-Win64-Shipping.exe,31024,0x13F96A7D0D0,DXGI,0,512,1,Hardware: Independent Flip,22734.7636,0.3219,0.1643,0.1576,27.2706,0.2009,0.1993,0.0016,44.1736,20.1216,16.7304,22734.7636,16.7021,NA,NA
SandFall-Win64-Shipping.exe,31024,0x13F96A7D0D0,DXGI,0,512,1,Hardware: Independent Flip,22735.0855,33.2750,33.0344,0.2406,27.1496,36.8229,36.8134,0.0095,63.9733,18.4048,-19.7997,22735.0855,0.0008,NA,NA
SandFall-Win64-Shipping.exe,31024,0x13F96A7D0D0,DXGI,0,512,1,Hardware: Independent Flip,22768.3605,0.3103,0.1567,0.1536,30.6975,0.2274,0.2245,0.0029,49.1031,19.0553,14.8702,22768.3605,18.1782,NA,NA
SandFall-Win64-Shipping.exe,31024,0x13F96A7D0D0,DXGI,0,512,1,Hardware: Independent Flip,22768.6708,33.9622,33.7013,0.2609,30.6146,37.2325,37.2246,0.0079,67.8481,18.3249,-18.7450,22768.6708,0.0010,70.5008,NA
SandFall-Win64-Shipping.exe,31024,0x13F96A7D0D0,DXGI,0,512,1,Hardware: Independent Flip,22802.6330,0.3370,0.1860,0.1510,33.8849,0.2266,0.2236,0.0030,52.2108,15.1600,15.6373,22802.6330,18.0993,NA,NA
SandFall-Win64-Shipping.exe,31024,0x13F96A7D0D0,DXGI,0,512,1,Hardware: Independent Flip,22802.9700,33.4595,33.2274,0.2321,33.7745,33.2587,33.2517,0.0070,67.0338,18.2650,-14.8230,22802.9700,0.0006,NA,NA
SandFall-Win64-Shipping.exe,31024,0x13F96A7D0D0,DXGI,0,512,1,Hardware: Independent Flip,22836.4295,0.5066,0.3494,0.1572,33.5737,0.2272,0.2247,0.0025,51.8393,15.0475,15.1945,22836.4295,18.0384,NA,NA
SandFall-Win64-Shipping.exe,31024,0x13F96A7D0D0,DXGI,0,512,1,Hardware: Independent Flip,22836.9361,32.9852,32.7285,0.2567,33.2943,33.0852,33.0815,0.0037,66.3802,18.3340,-14.5409,22836.9361,0.0007,NA,NA
SandFall-Win64-Shipping.exe,31024,0x13F96A7D0D0,DXGI,0,512,1,Hardware: Independent Flip,22869.9213,0.5039,0.3468,0.1571,33.3943,0.2159,0.2159,0.0000,51.7290,14.7943,14.6512,22869.9213,18.1188,NA,NA
SandFall-Win64-Shipping.exe,31024,0x13F96A7D0D0,DXGI,0,512,1,Hardware: Independent Flip,22870.4252,32.7306,32.4783,0.2523,33.1063,32.9124,32.9083,0.0041,66.0194,17.1159,-14.2904,22870.4252,0.0007,NA,NA
SandFall-Win64-Shipping.exe,31024,0x13F96A7D0D0,DXGI,0,512,1,Hardware: Independent Flip,22903.1558,0.5695,0.4090,0.1605,33.2881,0.1790,0.1748,0.0042,50.4047,17.1229,15.6147,22903.1558,16.9376,NA,NA
SandFall-Win64-Shipping.exe,31024,0x13F96A7D0D0,DXGI,0,512,1,Hardware: Independent Flip,22903.7253,37.1241,36.8338,0.2903,32.8976,33.2335,33.2271,0.0064,66.9581,15.8357,-16.5534,22903.7253,0.8270,NA,NA
SandFall-Win64-Shipping.exe,31024,0x13F96A7D0D0,DXGI,0,512,1,Hardware: Independent Flip,22940.8494,0.3411,0.1791,0.1620,29.0070,0.1945,0.1926,0.0019,45.6697,26.8856,21.2884,22940.8494,16.4682,NA,NA
SandFall-Win64-Shipping.exe,31024,0x13F96A7D0D0,DXGI,0,512,1,Hardware: Independent Flip,22941.1905,54.9747,54.6907,0.2840,28.8604,43.3530,33.3216,10.0314,72.2142,17.0608,-26.5445,22941.1905,0.0008,32.4580,NA
SandFall-Win64-Shipping.exe,31024,0x13F96A7D0D0,DXGI,0,512,1,Hardware: Independent Flip,22996.1652,0.3656,0.1757,0.1899,17.2387,0.2311,0.2274,0.0037,34.3003,17.6877,37.9139,22996.1652,16.8305,NA,NA
SandFall-Win64-Shipping.exe,31024,0x13F96A7D0D0,DXGI,0,512,1,Hardware: Independent Flip,22996.5308,14.0610,13.8251,0.2359,17.1042,33.0174,33.0108,0.0066,51.6224,15.5172,-17.3221,22996.5308,1.5008,NA,NA
SandFall-Win64-Shipping.exe,31024,0x13F96A7D0D0,DXGI,0,512,1,Hardware: Independent Flip,23010.5918,0.3459,0.1948,0.1511,36.0606,0.2239,0.2215,0.0024,53.0786,18.9251,-1.4562,23010.5918,16.7941,NA,NA
SandFall-Win64-Shipping.exe,31024,0x13F96A7D0D0,DXGI,0,512,1,Hardware: Independent Flip,23010.9377,32.9174,32.6726,0.2448,35.9386,34.2187,34.2128,0.0059,71.6578,15.5172,-18.5792,23010.9377,1.5005,77.6456,NA
SandFall-Win64-Shipping.exe,31024,0x13F96A7D0D0,DXGI,0,512,1,Hardware: Independent Flip,23043.8551,0.3038,0.1524,0.1514,37.2399,0.2047,0.1973,0.0074,54.2576,17.8139,17.4002,23043.8551,16.8130,NA,NA
SandFall-Win64-Shipping.exe,31024,0x13F96A7D0D0,DXGI,0,512,1,Hardware: Independent Flip,23044.1589,34.1330,33.8854,0.2476,37.1408,33.1266,33.1205,0.0061,71.7677,15.8119,-17.5101,23044.1589,1.5003,76.9787,NA
SandFall-Win64-Shipping.exe,31024,0x13F96A7D0D0,DXGI,0,512,1,Hardware: Independent Flip,23078.2919,0.3029,0.1540,0.1489,36.1344,0.2046,0.2019,0.0027,53.4466,18.5309,18.3211,23078.2919,17.1076,NA,NA
SandFall-Win64-Shipping.exe,31024,0x13F96A7D0D0,DXGI,0,512,1,Hardware: Independent Flip,23078.5948,33.2380,32.9875,0.2505,36.0361,34.1379,34.1284,0.0095,71.6746,15.8768,-18.2280,23078.5948,1.5006,65.3167,NA
SandFall-Win64-Shipping.exe,31024,0x13F96A7D0D0,DXGI,0,512,1,Hardware: Independent Flip,23111.8328,0.3265,0.1694,0.1571,36.9360,0.1717,0.1641,0.0076,54.3134,17.0845,17.3612,23111.8328,17.2057,NA,NA
SandFall-Win64-Shipping.exe,31024,0x13F96A7D0D0,DXGI,0,512,1,Hardware: Independent Flip,23112.1593,41.1864,40.9047,0.2817,36.7812,33.8705,33.8583,0.0122,71.0714,16.9996,-16.7580,23112.1593,0.4197,62.2865,NA
SandFall-Win64-Shipping.exe,31024,0x13F96A7D0D0,DXGI,0,512,1,Hardware: Independent Flip,23153.3457,0.3200,0.1678,0.1522,29.4653,0.2238,0.2214,0.0024,46.8846,18.3875,24.1868,23153.3457,17.1955,NA,NA
SandFall-Win64-Shipping.exe,31024,0x13F96A7D0D0,DXGI,0,512,1,Hardware: Independent Flip,23153.6657,33.4244,33.1781,0.2463,29.3691,35.5823,35.5759,0.0064,64.9521,17.4682,-18.0675,23153.6657,0.0007,65.6658,NA
SandFall-Win64-Shipping.exe,31024,0x13F96A7D0D0,DXGI,0,512,1,Hardware: Independent Flip,23187.0901,0.3124,0.1620,0.1504,31.5270,0.2179,0.2150,0.0029,48.9959,21.1114,15.9562,23187.0901,17.2510,NA,NA
SandFall-Win64-Shipping.exe,31024,0x13F96A7D0D0,DXGI,0,512,1,Hardware: Independent Flip,23187.4025,34.7041,34.3376,0.3665,31.4325,38.3619,38.3534,0.0085,69.7949,18.4834,-20.7990,23187.4025,0.0005,66.2350,NA
SandFall-Win64-Shipping.exe,31024,0x13F96A7D0D0,DXGI,0,512,1,Hardware: Independent Flip,23222.1066,0.3267,0.1755,0.1512,35.0903,0.2220,0.2184,0.0036,53.5742,19.5563,16.2207,23222.1066,18.2619,NA,NA
SandFall-Win64-Shipping.exe,31024,0x13F96A7D0D0,DXGI,0,512,1,Hardware: Independent Flip,23222.4333,31.6320,31.3974,0.2346,34.9856,37.8175,37.8094,0.0081,72.8038,19.2248,-19.2296,23222.4333,0.0007,102.2835,NA
SandFall-Win64-Shipping.exe,31024,0x13F96A7D0D0,DXGI,0,512,1,Hardware: Independent Flip,23254.0653,0.3423,0.1885,0.1538,41.1711,0.2995,0.2948,0.0047,60.3966,20.3628,12.4072,23254.0653,18.9260,NA,NA
SandFall-Win64-Shipping.exe,31024,0x13F96A7D0D0,DXGI,0,512,1,Hardware: Independent Flip,23254.4076,37.3397,37.0661,0.2736,41.1283,39.2879,39.2815,0.0064,80.4171,19.2405,-20.0205,23254.4076,0.0009,76.8747,NA
SandFall-Win64-Shipping.exe,31024,0x13F96A7D0D0,DXGI,0,512,1,Hardware: Independent Flip,23291.7473,0.3320,0.1708,0.1612,43.0765,0.2280,0.2236,0.0044,62.3179,16.8708,18.0992,23291.7473,19.0134,NA,NA
SandFall-Win64-Shipping.exe,31024,0x13F96A7D0D0,DXGI,0,512,1,Hardware: Independent Flip,23292.0793,39.2608,39.0043,0.2565,42.9725,35.8830,35.8794,0.0036,78.8567,19.2531,-16.5388,23292.0793,0.0012,84.9888,NA
SandFall-Win64-Shipping.exe,31024,0x13F96A7D0D0,DXGI,0,512,1,Hardware: Independent Flip,23331.3401,0.3008,0.1595,0.1413,39.5947,0.2271,0.2243,0.0028,58.8490,15.5914,20.0077,23331.3401,19.0272,NA,NA
SandFall-Win64-Shipping.exe,31024,0x13F96A7D0D0,DXGI,0,512,1,Hardware: Independent Flip,23331.6409,36.5791,36.3192,0.2599,39.5210,34.6181,34.6117,0.0064,74.1396,19.6045,-15.2906,23331.6409,0.0005,95.1396,NA
SandFall-Win64-Shipping.exe,31024,0x13F96A7D0D0,DXGI,0,512,1,Hardware: Independent Flip,23368.2200,0.3254,0.1734,0.1520,37.5600,0.2152,0.2152,0.0000,57.1650,13.4193,16.9746,23368.2200,19.3898,NA,NA
SandFall-Win64-Shipping.exe,31024,0x13F96A7D0D0,DXGI,0,512,1,Hardware: Independent Flip,23368.5454,35.2750,34.5700,0.7050,37.4498,32.8084,32.8029,0.0055,70.2589,19.2121,-13.0939,23368.5454,0.0007,97.3640,NA
SandFall-Win64-Shipping.exe,31024,0x13F96A7D0D0,DXGI,0,512,1,Hardware: Independent Flip,23403.8204,0.3264,0.1779,0.1485,34.9832,0.2219,0.2188,0.0031,54.1960,16.9802,16.0629,23403.8204,18.9909,NA,NA
SandFall-Win64-Shipping.exe,31024,0x13F96A7D0D0,DXGI,0,512,1,Hardware: Independent Flip,23404.1468,31.9179,31.6577,0.2602,34.8787,34.4706,34.4622,0.0084,70.8498,16.5787,-16.6538,23404.1468,1.5005,72.0992,NA
SandFall-Win64-Shipping.exe,31024,0x13F96A7D0D0,DXGI,0,512,1,Hardware: Independent Flip,23436.0647,0.3259,0.1673,0.1586,37.4314,0.2213,0.2194,0.0019,55.5106,17.7448,15.3392,23436.0647,17.8579,NA,NA
SandFall-Win64-Shipping.exe,31024,0x13F96A7D0D0,DXGI,0,512,1,Hardware: Independent Flip,23436.3906,34.2680,34.0314,0.2366,37.3268,34.1018,34.0951,0.0067,72.9295,16.8188,-17.4189,23436.3906,1.5009,75.6516,NA
SandFall-Win64-Shipping.exe,31024,0x13F96A7D0D0,DXGI,0,512,1,Hardware: Independent Flip,23470.6586,0.3325,0.1752,0.1573,37.1606,0.2201,0.2169,0.0032,55.4803,17.5601,17.4492,23470.6586,18.0996,NA,NA
SandFall-Win64-Shipping.exe,31024,0x13F96A7D0D0,DXGI,0,512,1,Hardware: Independent Flip,23470.9911,38.1348,37.8557,0.2791,37.0482,34.1586,34.1515,0.0071,72.7079,16.9311,-17.2276,23470.9911,1.5011,76.7505,NA
SandFall-Win64-Shipping.exe,31024,0x13F96A7D0D0,DXGI,0,512,1,Hardware: Independent Flip,23509.1259,0.3171,0.1656,0.1515,33.0720,0.2136,0.2116,0.0020,51.5042,17.0453,21.2037,23509.1259,18.2186,NA,NA
SandFall-Win64-Shipping.exe,31024,0x13F96A7D0D0,DXGI,0,512,1,Hardware: Independent Flip,23509.4430,39.6731,39.4236,0.2495,32.9685,33.7631,33.7531,0.0100,68.2324,16.9044,-16.7282,23509.4430,1.5008,61.7153,NA
SandFall-Win64-Shipping.exe,31024,0x13F96A7D0D0,DXGI,0,512,1,Hardware: Independent Flip,23549.1161,0.3544,0.1792,0.1752,27.0585,0.1805,0.1761,0.0044,45.4637,18.8726,22.7687,23549.1161,18.2247,NA,NA
SandFall-Win64-Shipping.exe,31024,0x13F96A7D0D0,DXGI,0,512,1,Hardware: Independent Flip,23549.4705,32.6262,32.3686,0.2576,26.8846,35.5961,35.5874,0.0087,63.9819,16.7281,-18.5182,23549.4705,1.5012,67.4783,NA
SandFall-Win64-Shipping.exe,31024,0x13F96A7D0D0,DXGI,0,512,1,Hardware: Independent Flip,23582.0967,0.3044,0.1552,0.1492,29.8545,0.2043,0.2013,0.0030,48.0838,17.9965,15.8981,23582.0967,18.0250,NA,NA
SandFall-Win64-Shipping.exe,31024,0x13F96A7D0D0,DXGI,0,512,1,Hardware: Independent Flip,23582.4011,30.4269,30.1505,0.2764,29.7544,34.6859,34.6778,0.0081,65.7759,16.8473,-17.6921,23582.4011,1.3356,61.1740,NA
SandFall-Win64-Shipping.exe,31024,0x13F96A7D0D0,DXGI,0,512,1,Hardware: Independent Flip,23612.8280,0.3486,0.1980,0.1506,34.0134,0.2033,0.2012,0.0021,52.1963,18.6392,13.5796,23612.8280,17.9796,NA,NA
SandFall-Win64-Shipping.exe,31024,0x13F96A7D0D0,DXGI,0,512,1,Hardware: Independent Flip,23613.1766,36.9230,36.6572,0.2658,33.8681,35.9090,35.9016,0.0074,70.4869,17.4542,-18.2906,23613.1766,0.7098,61.7171,NA
SandFall-Win64-Shipping.exe,31024,0x13F96A7D0D0,DXGI,0,512,1,Hardware: Independent Flip,23650.0996,0.3320,0.1750,0.1570,32.8541,0.2038,0.2020,0.0018,51.0181,17.9511,19.4688,23650.0996,17.9602,NA,NA
SandFall-Win64-Shipping.exe,31024,0x13F96A7D0D0,DXGI,0,512,1,Hardware: Independent Flip,23650.4316,40.4748,40.1997,0.2751,32.7259,35.9102,35.9011,0.0091,68.6372,18.2706,-17.6191,23650.4316,0.0011,57.1257,NA
SandFall-Win64-Shipping.exe,31024,0x13F96A7D0D0,DXGI,0,512,1,Hardware: Independent Flip,23690.9064,0.4434,0.1996,0.2438,28.1613,0.2726,0.2702,0.0024,46.4330,18.6467,22.2042,23690.9064,17.9991,NA,NA
SandFall-Win64-Shipping.exe,31024,0x13F96A7D0D0,DXGI,0,512,1,Hardware: Independent Flip,23691.3498,34.9874,34.3612,0.6262,27.9905,36.6447,36.6411,0.0036,64.6363,18.7261,-18.2033,23691.3498,0.0011,65.0317,NA
SandFall-Win64-Shipping.exe,31024,0x13F96A7D0D0,DXGI,0,512,1,Hardware: Independent Flip,23726.3372,0.3620,0.1925,0.1695,29.6478,0.2221,0.2189,0.0032,48.3750,18.8377,16.2613,23726.3372,18.5051,NA,NA
SandFall-Win64-Shipping.exe,31024,0x13F96A7D0D0,DXGI,0,512,1,Hardware: Independent Flip,23726.6992,30.5818,29.9008,0.6810,29.5079,37.3423,37.3335,0.0088,66.8507,18.9488,-18.4757,23726.6992,0.0005,57.6059,NA
SandFall-Win64-Shipping.exe,31024,0x13F96A7D0D0,DXGI,0,512,1,Hardware: Independent Flip,23757.2810,0.3640,0.1835,0.1805,36.2684,0.2230,0.2199,0.0031,55.2177,16.0776,11.6330,23757.2810,18.7263,NA,NA
SandFall-Win64-Shipping.exe,31024,0x13F96A7D0D0,DXGI,0,512,1,Hardware: Independent Flip,23757.6450,39.0671,38.8151,0.2520,36.1274,34.8032,34.7994,0.0038,70.9313,19.2458,-15.7136,23757.6450,0.0007,56.6272,NA
SandFall-Win64-Shipping.exe,31024,0x13F96A7D0D0,DXGI,0,512,1,Hardware: Independent Flip,23796.7121,0.3002,0.1506,0.1496,31.8635,0.2250,0.2221,0.0029,51.1100,19.0700,19.8213,23796.7121,19.0215,NA,NA
SandFall-Win64-Shipping.exe,31024,0x13F96A7D0D0,DXGI,0,512,1,Hardware: Independent Flip,23797.0123,33.7820,33.5270,0.2550,31.7883,37.3889,37.3821,0.0068,69.8798,17.9326,-18.7698,23797.0123,0.7026,56.9464,NA
SandFall-Win64-Shipping.exe,31024,0x13F96A7D0D0,DXGI,0,512,1,Hardware: Independent Flip,23830.7943,0.3539,0.1918,0.1621,35.3952,0.1986,0.1962,0.0024,54.0304,15.0186,15.8494,23830.7943,18.4366,NA,NA
SandFall-Win64-Shipping.exe,31024,0x13F96A7D0D0,DXGI,0,512,1,Hardware: Independent Flip,23831.1482,37.1087,36.8407,0.2680,35.2399,32.6674,32.6575,0.0099,68.6951,17.5868,-14.6647,23831.1482,0.7878,55.8976,NA
SandFall-Win64-Shipping.exe,31024,0x13F96A7D0D0,DXGI,0,512,1,Hardware: Independent Flip,23868.2569,0.3305,0.1749,0.1556,30.7986,0.2602,0.2586,0.0016,49.1732,17.4575,19.5219,23868.2569,18.1144,NA,NA
SandFall-Win64-Shipping.exe,31024,0x13F96A7D0D0,DXGI,0,512,1,Hardware: Independent Flip,23868.5874,40.3931,40.1372,0.2559,30.7283,34.0709,34.0546,0.0163,66.3002,16.5205,-17.1270,23868.5874,1.5010,61.9070,NA
SandFall-Win64-Shipping.exe,31024,0x13F96A7D0D0,DXGI,0,512,1,Hardware: Independent Flip,23908.9805,0.3077,0.1595,0.1482,24.4061,0.2137,0.2121,0.0016,42.4276,16.7941,23.8726,23908.9805,17.8078,NA,NA
SandFall-Win64-Shipping.exe,31024,0x13F96A7D0D0,DXGI,0,512,1,Hardware: Independent Flip,23909.2882,30.9562,30.6864,0.2698,24.3121,33.1010,33.0890,0.0120,58.9140,16.2772,-16.4864,23909.2882,1.5009,50.2587,NA
SandFall-Win64-Shipping.exe,31024,0x13F96A7D0D0,DXGI,0,512,1,Hardware: Independent Flip,23940.2444,0.3058,0.1547,0.1511,26.4569,0.1886,0.1861,0.0025,44.2350,16.8886,14.6790,23940.2444,17.5895,NA,NA
SandFall-Win64-Shipping.exe,31024,0x13F96A7D0D0,DXGI,0,512,1,Hardware: Independent Flip,23940.5502,34.8420,34.5842,0.2578,26.3397,32.9772,32.9687,0.0085,60.8178,16.4395,-16.5828,23940.5502,1.5009,55.3882,NA
SandFall-Win64-Shipping.exe,31024,0x13F96A7D0D0,DXGI,0,512,1,Hardware: Independent Flip,23975.3922,0.3113,0.1574,0.1539,24.4749,0.2176,0.2113,0.0063,42.4153,18.6302,18.4025,23975.3922,17.7228,NA,NA
SandFall-Win64-Shipping.exe,31024,0x13F96A7D0D0,DXGI,0,512,1,Hardware: Independent Flip,23975.7035,35.7097,35.4055,0.3042,24.3812,34.8522,33.3175,1.5347,60.7342,16.2460,-18.3189,23975.7035,1.5008,61.4932,NA
SandFall-Win64-Shipping.exe,31024,0x13F96A7D0D0,DXGI,0,512,1,Hardware: Independent Flip,24011.4132,0.3352,0.1659,0.1693,23.5237,0.1699,0.1636,0.0063,41.2705,17.4252,19.4637,24011.4132,17.5769,NA,NA
SandFall-Win64-Shipping.exe,31024,0x13F96A7D0D0,DXGI,0,512,1,Hardware: Independent Flip,24011.7484,34.5290,34.2791,0.2499,23.3584,34.1825,32.4064,1.7761,58.3605,17.0076,-17.0900,24011.7484,0.8196,NA,NA
SandFall-Win64-Shipping.exe,31024,0x13F96A7D0D0,DXGI,0,512,1,Hardware: Independent Flip,24046.2774,0.3021,0.1542,0.1479,23.0119,0.1661,0.1609,0.0052,40.8391,19.4319,17.5214,24046.2774,17.6611,NA,NA
SandFall-Win64-Shipping.exe,31024,0x13F96A7D0D0,DXGI,0,512,1,Hardware: Independent Flip,24046.5795,35.7798,35.4878,0.2920,22.8759,36.8514,33.9245,2.9269,59.9689,17.4250,-19.1298,24046.5795,0.2416,NA,NA
SandFall-Win64-Shipping.exe,31024,0x13F96A7D0D0,DXGI,0,512,1,Hardware: Independent Flip,24082.3593,0.3135,0.1649,0.1486,23.9475,0.1817,0.1752,0.0065,41.6141,15.1802,18.3548,24082.3593,17.4849,NA,NA
SandFall-Win64-Shipping.exe,31024,0x13F96A7D0D0,DXGI,0,512,1,Hardware: Independent Flip,24082.6728,33.7331,33.4397,0.2934,23.8157,32.6645,32.1631,0.5014,56.4808,18.4601,-14.8667,24082.6728,0.0006,70.1727,NA
SandFall-Win64-Shipping.exe,31024,0x13F96A7D0D0,DXGI,0,512,1,Hardware: Independent Flip,24116.4059,0.3257,0.1673,0.1584,22.7471,0.1822,0.1762,0.0060,41.2078,18.6922,15.2730,24116.4059,18.2785,NA,NA
SandFall-Win64-Shipping.exe,31024,0x13F96A7D0D0,DXGI,0,512,1,Hardware: Independent Flip,24116.7316,35.1762,34.9116,0.2646,22.6036,36.8150,34.4687,2.3463,59.5743,17.2327,-18.3665,24116.7316,0.1557,NA,NA
SandFall-Win64-Shipping.exe,31024,0x13F96A7D0D0,DXGI,0,512,1,Hardware: Independent Flip,24151.9078,0.3006,0.1524,0.1482,24.2424,0.1683,0.1601,0.0082,41.6308,17.0379,17.9435,24151.9078,17.2201,NA,NA
SandFall-Win64-Shipping.exe,31024,0x13F96A7D0D0,DXGI,0,512,1,Hardware: Independent Flip,24152.2084,34.8594,34.6023,0.2571,24.1101,34.2133,32.5876,1.6257,58.3681,17.0437,-16.7373,24152.2084,0.0447,NA,NA
SandFall-Win64-Shipping.exe,31024,0x13F96A7D0D0,DXGI,0,512,1,Hardware: Independent Flip,24187.0678,0.4399,0.2044,0.2355,23.4640,0.1588,0.1563,0.0025,40.5524,16.8918,17.8157,24187.0678,16.9296,NA,NA
SandFall-Win64-Shipping.exe,31024,0x13F96A7D0D0,DXGI,0,512,1,Hardware: Independent Flip,24187.5077,32.7664,32.5085,0.2579,23.1829,33.6915,33.2471,0.4444,57.0043,17.0135,-16.4519,24187.5077,0.1299,68.5185,NA
SandFall-Win64-Shipping.exe,31024,0x13F96A7D0D0,DXGI,0,512,1,Hardware: Independent Flip,24220.2741,0.3130,0.1562,0.1568,24.1080,0.2083,0.2067,0.0016,41.2514,20.2091,15.7529,24220.2741,16.9351,NA,NA
SandFall-Win64-Shipping.exe,31024,0x13F96A7D0D0,DXGI,0,512,1,Hardware: Independent Flip,24220.5871,32.4688,32.2166,0.2522,24.0033,36.9264,36.9145,0.0119,61.1475,16.6860,-19.8961,24220.5871,0.2178,NA,NA
SandFall-Win64-Shipping.exe,31024,0x13F96A7D0D0,DXGI,0,512,1,Hardware: Independent Flip,24253.0559,0.3141,0.1553,0.1588,28.4609,0.2380,0.2365,0.0015,45.3647,20.8986,15.7828,24253.0559,16.6658,NA,NA
SandFall-Win64-Shipping.exe,31024,0x13F96A7D0D0,DXGI,0,512,1,Hardware: Independent Flip,24253.3700,35.7606,35.4941,0.2665,28.3848,37.5642,37.5540,0.0102,65.9492,18.4206,-20.5845,24253.3700,0.0002,63.3369,NA
SandFall-Win64-Shipping.exe,31024,0x13F96A7D0D0,DXGI,0,512,1,Hardware: Independent Flip,24289.1306,0.3254,0.1696,0.1558,30.1884,0.2800,0.2764,0.0036,48.6092,19.7063,17.3400,24289.1306,18.1408,NA,NA
SandFall-Win64-Shipping.exe,31024,0x13F96A7D0D0,DXGI,0,512,1,Hardware: Independent Flip,24289.4560,32.5235,32.2681,0.2554,30.1430,37.8464,37.8391,0.0073,67.9901,18.3591,-19.3809,24289.4560,0.0007,63.5039,NA
SandFall-Win64-Shipping.exe,31024,0x13F96A7D0D0,DXGI,0,512,1,Hardware: Independent Flip,24321.9795,0.3045,0.1528,0.1517,35.4659,0.2229,0.2229,0.0000,53.8257,15.3662,14.1644,24321.9795,18.1369,NA,NA
SandFall-Win64-Shipping.exe,31024,0x13F96A7D0D0,DXGI,0,512,1,Hardware: Independent Flip,24322.2840,33.9012,33.6152,0.2860,35.3843,33.5022,33.4979,0.0043,68.8874,18.3668,-15.0617,24322.2840,0.0009,73.2155,NA
SandFall-Win64-Shipping.exe,31024,0x13F96A7D0D0,DXGI,0,512,1,Hardware: Independent Flip,24356.1852,0.3787,0.2067,0.1720,34.9853,0.2169,0.2141,0.0028,53.3530,14.1981,15.5344,24356.1852,18.1508,NA,NA
SandFall-Win64-Shipping.exe,31024,0x13F96A7D0D0,DXGI,0,512,1,Hardware: Independent Flip,24356.5639,32.2468,31.9872,0.2596,34.8235,32.3483,32.3407,0.0076,67.1724,18.3856,-13.8194,24356.5639,0.0006,NA,NA
SandFall-Win64-Shipping.exe,31024,0x13F96A7D0D0,DXGI,0,512,1,Hardware: Independent Flip,24388.8107,0.3229,0.1706,0.1523,34.9250,0.2140,0.2114,0.0026,53.3112,16.2634,13.8612,24388.8107,18.1722,NA,NA
SandFall-Win64-Shipping.exe,31024,0x13F96A7D0D0,DXGI,0,512,1,Hardware: Independent Flip,24389.1336,39.2177,38.9631,0.2546,34.8161,34.4350,34.4282,0.0068,69.2517,17.5084,-15.9405,24389.1336,0.0006,NA,NA
SandFall-Win64-Shipping.exe,31024,0x13F96A7D0D0,DXGI,0,512,1,Hardware: Independent Flip,24428.3513,0.3096,0.1592,0.1504,30.0334,0.2250,0.2227,0.0023,47.5424,17.1184,21.7093,24428.3513,17.2840,NA,NA
SandFall-Win64-Shipping.exe,31024,0x13F96A7D0D0,DXGI,0,512,1,Hardware: Independent Flip,24428.6609,34.0146,33.7690,0.2456,29.9488,33.9797,33.9739,0.0058,64.3512,16.4547,-16.8088,24428.6609,0.4227,57.0596,NA
SandFall-Win64-Shipping.exe,31024,0x13F96A7D0D0,DXGI,0,512,1,Hardware: Independent Flip,24462.6755,0.3127,0.1618,0.1509,29.9139,0.2098,0.2081,0.0017,46.7913,17.9182,17.5599,24462.6755,16.6676,NA,NA
SandFall-Win64-Shipping.exe,31024,0x13F96A7D0D0,DXGI,0,512,1,Hardware: Independent Flip,24462.9882,34.1062,33.8532,0.2530,29.8110,33.9741,33.9671,0.0070,64.3968,16.4440,-17.6055,24462.9882,0.6117,NA,NA
SandFall-Win64-Shipping.exe,31024,0x13F96A7D0D0,DXGI,0,512,1,Hardware: Independent Flip,24497.0944,0.3159,0.1615,0.1544,29.6789,0.1987,0.1969,0.0018,46.7346,16.4074,17.6622,24497.0944,16.8570,NA,NA
SandFall-Win64-Shipping.exe,31024,0x13F96A7D0D0,DXGI,0,512,1,Hardware: Independent Flip,24497.4103,33.1654,32.9184,0.2470,29.5617,33.2640,33.2578,0.0062,62.8261,17.2821,-16.0915,24497.4103,0.0004,66.2844,NA
SandFall-Win64-Shipping.exe,31024,0x13F96A7D0D0,DXGI,0,512,1,Hardware: Independent Flip,24530.5757,0.3194,0.1630,0.1564,29.6603,0.2265,0.2239,0.0026,46.9428,15.7513,15.8833,24530.5757,17.0560,NA,NA
SandFall-Win64-Shipping.exe,31024,0x13F96A7D0D0,DXGI,0,512,1,Hardware: Independent Flip,24530.8951,28.9960,28.7577,0.2383,29.5674,32.8066,32.7976,0.0090,62.3747,17.5543,-15.4319,24530.8951,0.0007,54.3241,NA
SandFall-Win64-Shipping.exe,31024,0x13F96A7D0D0,DXGI,0,512,1,Hardware: Independent Flip,24559.8911,0.4500,0.1738,0.2762,33.3780,0.2215,0.2194,0.0021,50.9330,16.2640,11.4417,24559.8911,17.3335,NA,NA
SandFall-Win64-Shipping.exe,31024,0x13F96A7D0D0,DXGI,0,512,1,Hardware: Independent Flip,24560.3411,39.9546,39.6846,0.2700,33.1495,32.9466,32.9372,0.0094,66.7470,16.9447,-15.8140,24560.3411,0.6509,62.1313,NA
SandFall-Win64-Shipping.exe,31024,0x13F96A7D0D0,DXGI,0,512,1,Hardware: Independent Flip,24600.2957,0.3271,0.1630,0.1641,26.1415,0.2061,0.2044,0.0017,43.7371,17.0568,23.0099,24600.2957,17.3895,NA,NA
SandFall-Win64-Shipping.exe,31024,0x13F96A7D0D0,DXGI,0,512,1,Hardware: Independent Flip,24600.6228,36.3879,36.1301,0.2578,26.0205,33.1529,33.1384,0.0145,60.4668,16.3276,-16.7297,24600.6228,1.2934,65.1334,NA
SandFall-Win64-Shipping.exe,31024,0x13F96A7D0D0,DXGI,0,512,1,Hardware: Independent Flip,24637.0107,0.3035,0.1567,0.1468,22.7855,0.2007,0.1991,0.0016,40.4065,17.0799,20.0603,24637.0107,17.4203,NA,NA
SandFall-Win64-Shipping.exe,31024,0x13F96A7D0D0,DXGI,0,512,1,Hardware: Independent Flip,24637.3142,30.9469,30.6905,0.2564,22.6827,33.2512,33.2348,0.0164,57.1829,16.3552,-16.7764,24637.3142,1.2490,NA,NA
SandFall-Win64-Shipping.exe,31024,0x13F96A7D0D0,DXGI,0,512,1,Hardware: Independent Flip,24668.2611,0.3042,0.1492,0.1550,24.9870,0.1737,0.1686,0.0051,42.5912,15.9832,14.5917,24668.2611,17.4305,NA,NA
SandFall-Win64-Shipping.exe,31024,0x13F96A7D0D0,DXGI,0,512,1,Hardware: Independent Flip,24668.5653,34.0393,33.7771,0.2622,24.8565,32.5330,32.5228,0.0102,58.2702,16.6208,-15.6790,24668.5653,0.8807,47.7062,NA
SandFall-Win64-Shipping.exe,31024,0x13F96A7D0D0,DXGI,0,512,1,Hardware: Independent Flip,24702.6046,0.3109,0.1559,0.1550,23.3502,0.1489,0.1469,0.0020,40.8517,16.0987,17.4185,24702.6046,17.3526,NA,NA
SandFall-Win64-Shipping.exe,31024,0x13F96A7D0D0,DXGI,0,512,1,Hardware: Independent Flip,24702.9155,32.1855,31.9256,0.2599,23.1882,32.3766,32.3435,0.0331,56.6395,16.3421,-15.7878,24702.9155,1.0747,49.6621,NA
SandFall-Win64-Shipping.exe,31024,0x13F96A7D0D0,DXGI,0,512,1,Hardware: Independent Flip,24735.1010,0.3255,0.1622,0.1633,23.3793,0.1550,0.1509,0.0041,40.7961,23.7978,15.8434,24735.1010,17.2618,NA,NA
SandFall-Win64-Shipping.exe,31024,0x13F96A7D0D0,DXGI,0,512,1,Hardware: Independent Flip,24735.4265,35.3512,35.0782,0.2730,23.2088,40.0917,37.2728,2.8189,64.2684,16.4415,-23.4723,24735.4265,0.9679,NA,NA
SandFall-Win64-Shipping.exe,31024,0x13F96A7D0D0,DXGI,0,512,1,Hardware: Independent Flip,24770.7777,0.4068,0.1589,0.2479,27.9493,0.2020,0.2005,0.0015,45.3587,21.4819,18.9097,24770.7777,17.2074,NA,NA
SandFall-Win64-Shipping.exe,31024,0x13F96A7D0D0,DXGI,0,512,1,Hardware: Independent Flip,24771.1845,36.3499,36.0970,0.2529,27.7445,38.6888,38.6795,0.0093,66.4338,18.9052,-21.0751,24771.1845,0.0005,66.6628,NA
SandFall-Win64-Shipping.exe,31024,0x13F96A7D0D0,DXGI,0,512,1,Hardware: Independent Flip,24807.5344,0.3102,0.1576,0.1526,30.0834,0.2282,0.2282,0.0000,48.9891,18.5304,17.4447,24807.5344,18.6775,NA,NA
SandFall-Win64-Shipping.exe,31024,0x13F96A7D0D0,DXGI,0,512,1,Hardware: Independent Flip,24807.8446,32.3642,32.1175,0.2467,30.0014,37.2070,37.2021,0.0049,67.2093,18.7123,-18.2202,24807.8446,0.0009,57.1017,NA
SandFall-Win64-Shipping.exe,31024,0x13F96A7D0D0,DXGI,0,512,1,Hardware: Independent Flip,24840.2088,0.3037,0.1545,0.1492,34.8442,0.2281,0.2251,0.0030,53.5574,13.8618,13.6519,24840.2088,18.4851,NA,NA
SandFall-Win64-Shipping.exe,31024,0x13F96A7D0D0,DXGI,0,512,1,Hardware: Independent Flip,24840.5125,36.2638,36.0173,0.2465,34.7686,32.3461,32.3418,0.0043,67.1155,18.5074,-13.5581,24840.5125,0.0008,56.6777,NA
SandFall-Win64-Shipping.exe,31024,0x13F96A7D0D0,DXGI,0,512,1,Hardware: Independent Flip,24876.7763,0.3245,0.1680,0.1565,30.8509,0.2082,0.2058,0.0024,49.3591,13.3730,17.7564,24876.7763,18.3000,NA,NA
SandFall-Win64-Shipping.exe,31024,0x13F96A7D0D0,DXGI,0,512,1,Hardware: Independent Flip,24877.1008,35.9549,35.6899,0.2650,30.7346,31.6719,31.6647,0.0072,62.4076,18.3311,-13.0485,24877.1008,0.0011,56.5489,NA
SandFall-Win64-Shipping.exe,31024,0x13F96A7D0D0,DXGI,0,512,1,Hardware: Independent Flip,24913.0557,0.3466,0.1914,0.1552,26.4516,0.1821,0.1777,0.0044,44.7838,14.1900,17.6238,24913.0557,18.1501,NA,NA
SandFall-Win64-Shipping.exe,31024,0x13F96A7D0D0,DXGI,0,512,1,Hardware: Independent Flip,24913.4023,34.1819,33.9245,0.2574,26.2871,32.1041,32.0977,0.0064,58.6272,16.8497,-13.8434,24913.4023,0.2360,62.2672,NA
SandFall-Win64-Shipping.exe,31024,0x13F96A7D0D0,DXGI,0,512,1,Hardware: Independent Flip,24947.5842,0.3168,0.1597,0.1571,24.2093,0.2000,0.1982,0.0018,41.2950,18.1189,17.3322,24947.5842,16.8857,NA,NA
SandFall-Win64-Shipping.exe,31024,0x13F96A7D0D0,DXGI,0,512,1,Hardware: Independent Flip,24947.9010,28.4179,28.1692,0.2487,24.0925,33.5038,33.4934,0.0104,59.0971,15.8129,-17.8021,24947.9010,1.5008,66.4865,NA
SandFall-Win64-Shipping.exe,31024,0x13F96A7D0D0,DXGI,0,512,1,Hardware: Independent Flip,24976.3189,0.3058,0.1549,0.1509,29.1784,0.2200,0.2200,0.0000,46.4921,16.5489,12.6050,24976.3189,17.0937,NA,NA
SandFall-Win64-Shipping.exe,31024,0x13F96A7D0D0,DXGI,0,512,1,Hardware: Independent Flip,24976.6247,33.9535,33.7122,0.2413,29.0926,32.1418,32.1220,0.0198,62.7352,15.7006,-16.2431,24976.6247,1.5008,52.7363,NA
SandFall-Win64-Shipping.exe,31024,0x13F96A7D0D0,DXGI,0,512,1,Hardware: Independent Flip,25010.5782,0.3344,0.1552,0.1792,27.2809,0.2024,0.2007,0.0017,44.4823,17.1937,18.2529,25010.5782,16.9990,NA,NA
SandFall-Win64-Shipping.exe,31024,0x13F96A7D0D0,DXGI,0,512,1,Hardware: Independent Flip,25010.9126,33.5964,33.3306,0.2658,27.1489,32.8662,32.8536,0.0126,61.3416,15.7790,-16.8593,25010.9126,1.3265,54.8846,NA
SandFall-Win64-Shipping.exe,31024,0x13F96A7D0D0,DXGI,0,512,1,Hardware: Independent Flip,25044.5090,0.3159,0.1532,0.1627,26.4187,0.1989,0.1971,0.0018,43.5242,16.4624,17.8174,25044.5090,16.9066,NA,NA
SandFall-Win64-Shipping.exe,31024,0x13F96A7D0D0,DXGI,0,512,1,Hardware: Independent Flip,25044.8249,33.7510,33.4896,0.2614,26.3017,32.7817,32.7735,0.0082,59.6707,16.4780,-16.1465,25044.8249,0.5873,56.3710,NA
SandFall-Win64-Shipping.exe,31024,0x13F96A7D0D0,DXGI,0,512,1,Hardware: Independent Flip,25078.5759,0.3241,0.1586,0.1655,25.3324,0.2143,0.2095,0.0048,42.3977,16.2001,17.2730,25078.5759,16.8510,NA,NA
SandFall-Win64-Shipping.exe,31024,0x13F96A7D0D0,DXGI,0,512,1,Hardware: Independent Flip,25078.9000,34.6682,34.4148,0.2534,25.2226,32.7946,32.7070,0.0876,58.2737,16.9869,-15.8760,25078.9000,0.2565,58.2902,NA
SandFall-Win64-Shipping.exe,31024,0x13F96A7D0D0,DXGI,0,512,1,Hardware: Independent Flip,25113.5682,0.3074,0.1522,0.1552,23.3490,0.1630,0.1579,0.0051,40.5924,18.1780,17.6813,25113.5682,17.0804,NA,NA
SandFall-Win64-Shipping.exe,31024,0x13F96A7D0D0,DXGI,0,512,1,Hardware: Independent Flip,25113.8756,34.2991,34.0455,0.2536,23.2046,34.8544,33.3839,1.4705,58.4630,16.6882,-17.8706,25113.8756,0.4040,62.6911,NA
SandFall-Win64-Shipping.exe,31024,0x13F96A7D0D0,DXGI,0,512,1,Hardware: Independent Flip,25148.1747,0.3248,0.1698,0.1550,23.7599,0.1708,0.1651,0.0057,40.8521,18.0115,17.6109,25148.1747,16.9214,NA,NA
SandFall-Win64-Shipping.exe,31024,0x13F96A7D0D0,DXGI,0,512,1,Hardware: Independent Flip,25148.4995,35.4148,35.1474,0.2674,23.6059,34.9325,32.6648,2.2677,58.5388,17.2781,-17.6867,25148.4995,0.0004,66.6276,NA
SandFall-Win64-Shipping.exe,31024,0x13F96A7D0D0,DXGI,0,512,1,Hardware: Independent Flip,25183.9143,0.3329,0.1660,0.1669,23.1236,0.2166,0.2166,0.0000,40.4021,15.5277,18.1367,25183.9143,17.0619,NA,NA
SandFall-Win64-Shipping.exe,31024,0x13F96A7D0D0,DXGI,0,512,1,Hardware: Independent Flip,25184.2472,30.8101,30.5561,0.2540,23.0073,32.5893,32.5455,0.0438,55.5969,17.8587,-15.1948,25184.2472,0.0003,68.6664,NA
SandFall-Win64-Shipping.exe,31024,0x13F96A7D0D0,DXGI,0,512,1,Hardware: Independent Flip,25215.0573,0.3055,0.1524,0.1531,24.7865,0.2743,0.2721,0.0022,42.6455,17.9759,12.9514,25215.0573,17.5847,NA,NA
SandFall-Win64-Shipping.exe,31024,0x13F96A7D0D0,DXGI,0,512,1,Hardware: Independent Flip,25215.3628,34.6557,34.3949,0.2608,24.7553,35.5494,35.0469,0.5025,60.3159,16.9026,-17.6704,25215.3628,0.0112,58.4201,NA
SandFall-Win64-Shipping.exe,31024,0x13F96A7D0D0,DXGI,0,512,1,Hardware: Independent Flip,25250.0185,0.3091,0.1579,0.1512,25.6490,0.1952,0.1919,0.0033,42.5628,21.1083,17.7531,25250.0185,16.7186,NA,NA
SandFall-Win64-Shipping.exe,31024,0x13F96A7D0D0,DXGI,0,512,1,Hardware: Independent Flip,25250.3276,35.1237,34.8715,0.2522,25.5351,37.8262,37.8167,0.0095,63.3620,16.9706,-20.7992,25250.3276,0.0007,65.6602,NA
SandFall-Win64-Shipping.exe,31024,0x13F96A7D0D0,DXGI,0,512,1,Hardware: Independent Flip,25285.4513,0.3128,0.1535,0.1593,28.2376,0.2111,0.2093,0.0018,45.2089,18.2957,18.1531,25285.4513,16.7602,NA,NA
SandFall-Win64-Shipping.exe,31024,0x13F96A7D0D0,DXGI,0,512,1,Hardware: Independent Flip,25285.7641,31.9323,31.6773,0.2550,28.1359,35.0552,35.0475,0.0077,63.1918,18.2721,-17.9829,25285.7641,0.0007,70.1760,NA
SandFall-Win64-Shipping.exe,31024,0x13F96A7D0D0,DXGI,0,512,1,Hardware: Independent Flip,25317.6964,0.3034,0.1523,0.1511,31.2588,0.2192,0.2192,0.0000,49.5316,18.1155,13.6602,25317.6964,18.0536,NA,NA
SandFall-Win64-Shipping.exe,31024,0x13F96A7D0D0,DXGI,0,512,1,Hardware: Independent Flip,25317.9998,32.4032,32.1252,0.2780,31.1746,36.1687,36.1644,0.0043,67.3437,18.1762,-17.8121,25317.9998,0.0004,75.8185,NA
SandFall-Win64-Shipping.exe,31024,0x13F96A7D0D0,DXGI,0,512,1,Hardware: Independent Flip,25350.4030,0.3077,0.1558,0.1519,34.9401,0.2333,0.2333,0.0000,53.1167,13.9745,14.2270,25350.4030,17.9433,NA,NA
SandFall-Win64-Shipping.exe,31024,0x13F96A7D0D0,DXGI,0,512,1,Hardware: Independent Flip,25350.7107,33.2975,33.0541,0.2434,34.8657,31.9167,31.9101,0.0066,66.7835,18.1168,-13.6668,25350.7107,0.0011,77.1886,NA
SandFall-Win64-Shipping.exe,31024,0x13F96A7D0D0,DXGI,0,512,1,Hardware: Independent Flip,25384.0082,0.3374,0.1885,0.1489,33.4849,0.2600,0.2565,0.0035,51.6028,14.6257,15.1807,25384.0082,17.8579,NA,NA
SandFall-Win64-Shipping.exe,31024,0x13F96A7D0D0,DXGI,0,512,1,Hardware: Independent Flip,25384.3456,32.7848,32.5338,0.2510,33.4075,32.4830,32.4787,0.0043,65.8911,17.3963,-14.2883,25384.3456,0.0006,79.1530,NA
SandFall-Win64-Shipping.exe,31024,0x13F96A7D0D0,DXGI,0,512,1,Hardware: Independent Flip,25417.1304,0.7158,0.2011,0.5147,33.1057,0.1854,0.1809,0.0045,50.5026,16.5182,15.3885,25417.1304,17.2115,NA,NA
SandFall-Win64-Shipping.exe,31024,0x13F96A7D0D0,DXGI,0,512,1,Hardware: Independent Flip,25417.8462,37.5931,37.3320,0.2611,32.5753,32.7103,32.7031,0.0072,66.3050,15.6468,-15.8024,25417.8462,1.0194,82.3373,NA
SandFall-Win64-Shipping.exe,31024,0x13F96A7D0D0,DXGI,0,512,1,Hardware: Independent Flip,25455.4393,0.3103,0.1605,0.1498,27.6925,0.1952,0.1934,0.0018,44.3587,17.6069,21.9463,25455.4393,16.4710,NA,NA
SandFall-Win64-Shipping.exe,31024,0x13F96A7D0D0,DXGI,0,512,1,Hardware: Independent Flip,25455.7496,36.7953,36.5370,0.2583,27.5774,32.6240,32.6164,0.0076,61.6553,15.2294,-17.2966,25455.7496,1.4539,69.5024,NA
SandFall-Win64-Shipping.exe,31024,0x13F96A7D0D0,DXGI,0,512,1,Hardware: Independent Flip,25492.5449,0.3046,0.1532,0.1514,23.4061,0.1817,0.1767,0.0050,40.0894,17.0197,21.5659,25492.5449,16.5016,NA,NA
SandFall-Win64-Shipping.exe,31024,0x13F96A7D0D0,DXGI,0,512,1,Hardware: Independent Flip,25492.8495,25.1418,24.8838,0.2580,23.2832,33.0388,33.0296,0.0092,56.8045,16.2643,-16.7151,25492.8495,0.4825,70.9968,NA
SandFall-Win64-Shipping.exe,31024,0x13F96A7D0D0,DXGI,0,512,1,Hardware: Independent Flip,25517.9913,0.3052,0.1544,0.1508,31.1802,0.2155,0.2137,0.0018,47.9270,16.4834,8.8775,25517.9913,16.5313,NA,NA
SandFall-Win64-Shipping.exe,31024,0x13F96A7D0D0,DXGI,0,512,1,Hardware: Independent Flip,25518.2965,37.9692,37.6774,0.2918,31.0905,33.0139,33.0036,0.0103,64.1052,17.4005,-16.1782,25518.2965,0.0008,72.9850,NA
SandFall-Win64-Shipping.exe,31024,0x13F96A7D0D0,DXGI,0,512,1,Hardware: Independent Flip,25556.2657,0.3415,0.1706,0.1709,26.1352,0.2249,0.2249,0.0000,43.5365,15.3914,20.5687,25556.2657,17.1764,NA,NA
SandFall-Win64-Shipping.exe,31024,0x13F96A7D0D0,DXGI,0,512,1,Hardware: Independent Flip,25556.6072,28.6227,28.3742,0.2485,26.0186,32.5674,32.5585,0.0089,58.5864,17.5263,-15.0499,25556.6072,0.0004,75.0225,NA
SandFall-Win64-Shipping.exe,31024,0x13F96A7D0D0,DXGI,0,512,1,Hardware: Independent Flip,25585.2299,0.3078,0.1570,0.1508,29.9633,0.1518,0.1471,0.0047,47.4900,16.5991,11.0964,25585.2299,17.3749,NA,NA
SandFall-Win64-Shipping.exe,31024,0x13F96A7D0D0,DXGI,0,512,1,Hardware: Independent Flip,25585.5377,37.6336,37.3732,0.2604,29.8073,33.4954,33.4852,0.0102,63.7813,16.5925,-16.2913,25585.5377,0.4786,59.3645,NA
SandFall-Win64-Shipping.exe,31024,0x13F96A7D0D0,DXGI,0,512,1,Hardware: Independent Flip,25623.1713,0.3229,0.1715,0.1514,25.6691,0.1454,0.1396,0.0058,42.7402,16.8929,21.0411,25623.1713,16.9257,NA,NA
SandFall-Win64-Shipping.exe,31024,0x13F96A7D0D0,DXGI,0,512,1,Hardware: Independent Flip,25623.4942,30.5369,30.2832,0.2537,25.4916,32.8623,32.8449,0.0174,59.3102,16.1892,-16.5700,25623.4942,0.9563,70.8309,NA
SandFall-Win64-Shipping.exe,31024,0x13F96A7D0D0,DXGI,0,512,1,Hardware: Independent Flip,25654.0311,0.3230,0.1689,0.1541,27.8170,0.2004,0.1988,0.0016,44.9625,16.6393,14.3477,25654.0311,16.9451,NA,NA
SandFall-Win64-Shipping.exe,31024,0x13F96A7D0D0,DXGI,0,512,1,Hardware: Independent Flip,25654.3541,34.0923,33.8437,0.2486,27.6944,32.7706,32.7534,0.0172,61.2788,16.3671,-16.3163,25654.3541,0.8138,67.8464,NA
SandFall-Win64-Shipping.exe,31024,0x13F96A7D0D0,DXGI,0,512,1,Hardware: Independent Flip,25688.4464,0.3114,0.1556,0.1558,26.3727,0.2025,0.2008,0.0017,43.5536,17.5264,17.7252,25688.4464,16.9784,NA,NA
SandFall-Win64-Shipping.exe,31024,0x13F96A7D0D0,DXGI,0,512,1,Hardware: Independent Flip,25688.7578,34.3027,34.0170,0.2857,26.2638,33.9072,33.8948,0.0124,60.7686,16.5584,-17.2150,25688.7578,0.5976,70.9685,NA
SandFall-Win64-Shipping.exe,31024,0x13F96A7D0D0,DXGI,0,512,1,Hardware: Independent Flip,25723.0605,0.3655,0.1918,0.1737,25.8683,0.2229,0.2206,0.0023,43.0243,19.7250,17.7443,25723.0605,16.9331,NA,NA
SandFall-Win64-Shipping.exe,31024,0x13F96A7D0D0,DXGI,0,512,1,Hardware: Independent Flip,25723.4260,36.0928,35.8141,0.2787,25.7257,36.6317,36.6178,0.0139,62.3838,17.2468,-19.3595,25723.4260,0.0264,76.4537,NA
SandFall-Win64-Shipping.exe,31024,0x13F96A7D0D0,DXGI,0,512,1,Hardware: Independent Flip,25759.5188,0.3417,0.1761,0.1656,26.2646,0.2210,0.2192,0.0018,43.5378,26.7290,18.8460,25759.5188,17.0522,NA,NA
SandFall-Win64-Shipping.exe,31024,0x13F96A7D0D0,DXGI,0,512,1,Hardware: Independent Flip,25759.8605,34.5315,34.2269,0.3046,26.1439,43.7804,43.7734,0.0070,69.9251,17.1461,-26.3873,25759.8605,0.0008,58.9532,NA
SandFall-Win64-Shipping.exe,31024,0x13F96A7D0D0,DXGI,0,512,1,Hardware: Independent Flip,25794.3920,0.3227,0.1639,0.1588,35.3928,0.2188,0.2168,0.0020,52.5397,16.9734,17.3854,25794.3920,16.9281,NA,NA
SandFall-Win64-Shipping.exe,31024,0x13F96A7D0D0,DXGI,0,512,1,Hardware: Independent Flip,25794.7147,31.9879,31.7572,0.2307,35.2889,32.4005,32.3941,0.0064,69.1904,15.5749,-16.6507,25794.7147,1.5010,62.3127,NA
SandFall-Win64-Shipping.exe,31024,0x13F96A7D0D0,DXGI,0,512,1,Hardware: Independent Flip,25826.7026,0.3390,0.1875,0.1515,35.7015,0.2217,0.2189,0.0028,52.7774,17.7718,16.4130,25826.7026,16.8542,NA,NA
SandFall-Win64-Shipping.exe,31024,0x13F96A7D0D0,DXGI,0,512,1,Hardware: Independent Flip,25827.0416,33.9538,33.6761,0.2777,35.5842,33.1259,33.1185,0.0074,70.2102,15.6658,-17.4328,25827.0416,1.5001,64.9303,NA
SandFall-Win64-Shipping.exe,31024,0x13F96A7D0D0,DXGI,0,512,1,Hardware: Independent Flip,25860.9954,0.3680,0.1888,0.1792,34.7563,0.2118,0.2087,0.0031,51.9222,18.3855,18.2880,25860.9954,16.9541,NA,NA
SandFall-Win64-Shipping.exe,31024,0x13F96A7D0D0,DXGI,0,512,1,Hardware: Independent Flip,25861.3634,38.0579,37.8069,0.2510,34.6001,33.8387,33.8312,0.0075,69.9397,15.5915,-18.0175,25861.3634,1.5009,NA,NA
SandFall-Win64-Shipping.exe,31024,0x13F96A7D0D0,DXGI,0,512,1,Hardware: Independent Flip,25899.4213,0.3130,0.1625,0.1505,30.3809,0.2309,0.2283,0.0026,47.4733,17.6098,22.4664,25899.4213,16.8615,NA,NA
SandFall-Win64-Shipping.exe,31024,0x13F96A7D0D0,DXGI,0,512,1,Hardware: Independent Flip,25899.7343,34.6084,34.3510,0.2574,30.2988,32.9701,32.9638,0.0063,64.7701,15.6726,-17.2968,25899.7343,1.5012,86.0787,NA
SandFall-Win64-Shipping.exe,31024,0x13F96A7D0D0,DXGI,0,512,1,Hardware: Independent Flip,25934.3427,0.3193,0.1677,0.1516,28.6605,0.2111,0.2090,0.0021,45.8343,17.1856,18.9358,25934.3427,16.9627,NA,NA
SandFall-Win64-Shipping.exe,31024,0x13F96A7D0D0,DXGI,0,512,1,Hardware: Independent Flip,25934.6620,33.6929,33.4448,0.2481,28.5523,32.6473,32.6428,0.0045,62.7006,16.1181,-16.8663,25934.6620,1.5010,57.4269,NA
SandFall-Win64-Shipping.exe,31024,0x13F96A7D0D0,DXGI,0,512,1,Hardware: Independent Flip,25968.3549,0.3204,0.1656,0.1548,27.5067,0.3346,0.3327,0.0019,45.1258,17.6909,17.5748,25968.3549,17.2845,NA,NA
SandFall-Win64-Shipping.exe,31024,0x13F96A7D0D0,DXGI,0,512,1,Hardware: Independent Flip,25968.6753,36.4885,36.2099,0.2786,27.5209,33.4744,33.4663,0.0081,62.4963,16.0951,-17.3705,25968.6753,1.5010,60.4574,NA
SandFall-Win64-Shipping.exe,31024,0x13F96A7D0D0,DXGI,0,512,1,Hardware: Independent Flip,26005.1638,0.3144,0.1591,0.1553,24.5068,0.2086,0.2069,0.0017,42.1029,16.3942,20.3934,26005.1638,17.3875,NA,NA
SandFall-Win64-Shipping.exe,31024,0x13F96A7D0D0,DXGI,0,512,1,Hardware: Independent Flip,26005.4782,30.4809,30.2170,0.2639,24.4010,32.6769,32.6669,0.0100,58.1827,16.5488,-16.0798,26005.4782,1.1048,62.2061,NA
SandFall-Win64-Shipping.exe,31024,0x13F96A7D0D0,DXGI,0,512,1,Hardware: Independent Flip,26035.9591,0.3412,0.1737,0.1675,26.5970,0.2011,0.1995,0.0016,44.2506,15.9296,13.9321,26035.9591,17.4525,NA,NA
SandFall-Win64-Shipping.exe,31024,0x13F96A7D0D0,DXGI,0,512,1,Hardware: Independent Flip,26036.3003,36.1612,35.8866,0.2746,26.4569,32.1924,32.1808,0.0116,59.8390,16.3587,-15.5884,26036.3003,1.1897,63.8503,NA
SandFall-Win64-Shipping.exe,31024,0x13F96A7D0D0,DXGI,0,512,1,Hardware: Independent Flip,26072.4615,0.3046,0.1517,0.1529,22.4881,0.2260,0.2240,0.0020,40.0365,17.3166,19.8025,26072.4615,17.3224,NA,NA
SandFall-Win64-Shipping.exe,31024,0x13F96A7D0D0,DXGI,0,512,1,Hardware: Independent Flip,26072.7661,31.4328,31.1868,0.2460,22.4095,33.2269,33.2144,0.0125,57.0485,15.9848,-17.0120,26072.7661,1.4121,66.8444,NA
SandFall-Win64-Shipping.exe,31024,0x13F96A7D0D0,DXGI,0,512,1,Hardware: Independent Flip,26104.1989,0.3317,0.1545,0.1772,24.2036,0.2212,0.1752,0.0460,41.6005,17.6453,15.4480,26104.1989,17.1757,NA,NA
SandFall-Win64-Shipping.exe,31024,0x13F96A7D0D0,DXGI,0,512,1,Hardware: Independent Flip,26104.5306,34.6096,34.3576,0.2520,24.0931,34.0660,32.6647,1.4013,58.9141,16.6685,-17.3136,26104.5306,0.7550,54.3772,NA
SandFall-Win64-Shipping.exe,31024,0x13F96A7D0D0,DXGI,0,512,1,Hardware: Independent Flip,26139.1402,0.3112,0.1552,0.1560,23.5495,0.1632,0.1571,0.0061,40.9730,18.5618,17.9411,26139.1402,17.2603,NA,NA
SandFall-Win64-Shipping.exe,31024,0x13F96A7D0D0,DXGI,0,512,1,Hardware: Independent Flip,26139.4514,35.6444,35.3899,0.2545,23.4015,35.5376,33.2834,2.2542,59.2236,17.0511,-18.2506,26139.4514,0.2845,58.8514,NA
SandFall-Win64-Shipping.exe,31024,0x13F96A7D0D0,DXGI,0,512,1,Hardware: Independent Flip,26175.0958,0.3053,0.1578,0.1475,23.2947,0.1832,0.1814,0.0018,40.6303,18.0312,18.5933,26175.0958,17.1524,NA,NA
SandFall-Win64-Shipping.exe,31024,0x13F96A7D0D0,DXGI,0,512,1,Hardware: Independent Flip,26175.4011,33.8641,33.6044,0.2597,23.1726,35.1823,34.0449,1.1374,58.3562,17.6062,-17.7259,26175.4011,0.0013,48.7799,NA
SandFall-Win64-Shipping.exe,31024,0x13F96A7D0D0,DXGI,0,512,1,Hardware: Independent Flip,26209.2652,0.3166,0.1529,0.1637,24.4908,0.1366,0.1303,0.0063,42.0983,18.8010,16.2579,26209.2652,17.4709,NA,NA
SandFall-Win64-Shipping.exe,31024,0x13F96A7D0D0,DXGI,0,512,1,Hardware: Independent Flip,26209.5818,35.9128,35.6662,0.2466,24.3108,36.2708,33.9759,2.2949,60.5827,17.7881,-18.4844,26209.5818,0.0011,54.2103,NA
SandFall-Win64-Shipping.exe,31024,0x13F96A7D0D0,DXGI,0,512,1,Hardware: Independent Flip,26245.4946,0.3124,0.1602,0.1522,24.6688,0.2136,0.2112,0.0024,42.4580,18.7579,18.1247,26245.4946,17.5756,NA,NA
SandFall-Win64-Shipping.exe,31024,0x13F96A7D0D0,DXGI,0,512,1,Hardware: Independent Flip,26245.8070,30.5287,30.2768,0.2519,24.5700,36.3327,36.3194,0.0133,60.9035,18.1239,-18.4455,26245.8070,0.0008,69.7554,NA
SandFall-Win64-Shipping.exe,31024,0x13F96A7D0D0,DXGI,0,512,1,Hardware: Independent Flip,26276.3357,0.3030,0.1529,0.1501,30.3740,0.2198,0.2167,0.0031,48.4987,19.1640,12.4048,26276.3357,17.9049,NA,NA
SandFall-Win64-Shipping.exe,31024,0x13F96A7D0D0,DXGI,0,512,1,Hardware: Independent Flip,26276.6387,35.4395,35.1941,0.2454,30.2908,37.0679,37.0607,0.0072,67.3597,18.3937,-18.8610,26276.6387,0.0010,55.0527,NA
SandFall-Win64-Shipping.exe,31024,0x13F96A7D0D0,DXGI,0,512,1,Hardware: Independent Flip,26312.0782,0.3305,0.1771,0.1534,31.9192,0.2322,0.2322,0.0000,50.3139,18.3477,17.0458,26312.0782,18.1625,NA,NA
SandFall-Win64-Shipping.exe,31024,0x13F96A7D0D0,DXGI,0,512,1,Hardware: Independent Flip,26312.4087,33.0099,32.7576,0.2523,31.8209,36.5089,36.5052,0.0037,68.3311,18.4213,-18.0172,26312.4087,0.0013,58.7912,NA
SandFall-Win64-Shipping.exe,31024,0x13F96A7D0D0,DXGI,0,512,1,Hardware: Independent Flip,26345.4186,0.3193,0.1711,0.1482,35.3199,0.2364,0.2330,0.0034,53.7425,16.2303,14.5886,26345.4186,18.1862,NA,NA
SandFall-Win64-Shipping.exe,31024,0x13F96A7D0D0,DXGI,0,512,1,Hardware: Independent Flip,26345.7379,32.8808,32.6153,0.2655,35.2370,34.4160,34.4111,0.0049,69.6535,18.4404,-15.9110,26345.7379,0.0005,59.3888,NA
SandFall-Win64-Shipping.exe,31024,0x13F96A7D0D0,DXGI,0,512,1,Hardware: Independent Flip,26378.6187,0.3087,0.1544,0.1543,36.7722,0.2313,0.2286,0.0027,55.2131,14.9456,14.4404,26378.6187,18.2096,NA,NA
SandFall-Win64-Shipping.exe,31024,0x13F96A7D0D0,DXGI,0,512,1,Hardware: Independent Flip,26378.9274,33.6479,33.3966,0.2513,36.6948,33.1546,33.1476,0.0070,69.8500,17.5774,-14.6369,26378.9274,0.0006,58.8269,NA
SandFall-Win64-Shipping.exe,31024,0x13F96A7D0D0,DXGI,0,512,1,Hardware: Independent Flip,26412.5753,0.3024,0.1528,0.1496,36.2015,0.2284,0.2258,0.0026,53.7795,16.3308,16.0705,26412.5753,17.3496,NA,NA
SandFall-Win64-Shipping.exe,31024,0x13F96A7D0D0,DXGI,0,512,1,Hardware: Independent Flip,26412.8777,33.2882,33.0436,0.2446,36.1275,33.2050,33.1981,0.0069,69.8079,16.3429,-16.0284,26412.8777,0.4754,63.6954,NA
SandFall-Win64-Shipping.exe,31024,0x13F96A7D0D0,DXGI,0,512,1,Hardware: Independent Flip,26446.1659,0.3166,0.1687,0.1479,36.0443,0.2111,0.2090,0.0021,52.8626,16.6345,16.9453,26446.1659,16.6072,NA,NA
SandFall-Win64-Shipping.exe,31024,0x13F96A7D0D0,DXGI,0,512,1,Hardware: Independent Flip,26446.4825,38.1394,37.8711,0.2683,35.9388,32.7538,32.7482,0.0056,69.1805,16.2531,-16.3179,26446.4825,0.4879,74.6724,NA
SandFall-Win64-Shipping.exe,31024,0x13F96A7D0D0,DXGI,0,512,1,Hardware: Independent Flip,26484.6219,0.3139,0.1622,0.1517,30.5532,0.2009,0.1991,0.0018,47.2942,16.7820,21.8863,26484.6219,16.5401,NA,NA
SandFall-Win64-Shipping.exe,31024,0x13F96A7D0D0,DXGI,0,512,1,Hardware: Independent Flip,26484.9358,34.4117,34.1550,0.2567,30.4402,33.0194,33.0120,0.0074,63.7623,16.4756,-16.4681,26484.9358,0.3027,84.7387,NA
SandFall-Win64-Shipping.exe,31024,0x13F96A7D0D0,DXGI,0,512,1,Hardware: Independent Flip,26519.3475,0.3142,0.1604,0.1538,29.0479,0.1965,0.1945,0.0020,45.8262,16.3320,17.9361,26519.3475,16.5818,NA,NA
SandFall-Win64-Shipping.exe,31024,0x13F96A7D0D0,DXGI,0,512,1,Hardware: Independent Flip,26519.6617,33.6856,33.4182,0.2674,28.9302,32.7556,32.7479,0.0077,61.8440,16.8699,-16.0178,26519.6617,0.1582,57.2397,NA
SandFall-Win64-Shipping.exe,31024,0x13F96A7D0D0,DXGI,0,512,1,Hardware: Independent Flip,26553.3473,0.3290,0.1702,0.1588,28.0002,0.2058,0.2037,0.0021,45.0283,16.2792,16.8157,26553.3473,16.8223,NA,NA
SandFall-Win64-Shipping.exe,31024,0x13F96A7D0D0,DXGI,0,512,1,Hardware: Independent Flip,26553.6763,33.0716,32.7960,0.2756,27.8770,32.6654,32.6578,0.0076,60.9785,16.7743,-15.9502,26553.6763,0.4361,NA,NA
SandFall-Win64-Shipping.exe,31024,0x13F96A7D0D0,DXGI,0,512,1,Hardware: Independent Flip,26586.7479,0.3375,0.1728,0.1647,27.4708,0.2216,0.2197,0.0019,44.6812,16.6362,16.2973,26586.7479,16.9888,NA,NA
SandFall-Win64-Shipping.exe,31024,0x13F96A7D0D0,DXGI,0,512,1,Hardware: Independent Flip,26587.0854,30.0779,29.7914,0.2865,27.3549,32.9326,32.9228,0.0098,60.9799,16.4565,-16.2987,26587.0854,0.6924,53.0744,NA
SandFall-Win64-Shipping.exe,31024,0x13F96A7D0D0,DXGI,0,512,1,Hardware: Independent Flip,26617.1633,0.3023,0.1521,0.1502,30.2096,0.1903,0.1877,0.0026,47.3585,16.3435,13.6214,26617.1633,16.9586,NA,NA
SandFall-Win64-Shipping.exe,31024,0x13F96A7D0D0,DXGI,0,512,1,Hardware: Independent Flip,26617.4656,34.7516,34.4495,0.3021,30.0976,32.6829,32.6738,0.0091,63.3997,16.5783,-16.0412,26617.4656,0.6192,61.8786,NA
SandFall-Win64-Shipping.exe,31024,0x13F96A7D0D0,DXGI,0,512,1,Hardware: Independent Flip,26652.2172,0.3690,0.1874,0.1816,28.0289,0.1902,0.1885,0.0017,45.2264,17.5064,18.1733,26652.2172,17.0073,NA,NA
SandFall-Win64-Shipping.exe,31024,0x13F96A7D0D0,DXGI,0,512,1,Hardware: Independent Flip,26652.5862,32.9591,32.7048,0.2543,27.8501,33.7661,33.7571,0.0090,62.3638,16.4426,-17.1374,26652.5862,0.7476,52.3209,NA
SandFall-Win64-Shipping.exe,31024,0x13F96A7D0D0,DXGI,0,512,1,Hardware: Independent Flip,26685.5453,0.3040,0.1527,0.1513,28.6571,0.2036,0.2018,0.0018,45.8473,17.1395,16.5165,26685.5453,16.9866,NA,NA
SandFall-Win64-Shipping.exe,31024,0x13F96A7D0D0,DXGI,0,512,1,Hardware: Independent Flip,26685.8493,31.5560,31.3089,0.2471,28.5567,33.9033,33.8921,0.0112,62.6828,16.9541,-16.8355,26685.8493,0.2228,55.1454,NA
SandFall-Win64-Shipping.exe,31024,0x13F96A7D0D0,DXGI,0,512,1,Hardware: Independent Flip,26717.4053,0.3102,0.1539,0.1563,30.9040,0.2341,0.2324,0.0017,48.0809,16.2826,14.6019,26717.4053,16.9428,NA,NA
SandFall-Win64-Shipping.exe,31024,0x13F96A7D0D0,DXGI,0,512,1,Hardware: Independent Flip,26717.7155,35.0190,34.7628,0.2562,30.8279,33.0987,33.0882,0.0105,64.0533,17.0345,-15.9724,26717.7155,0.1267,57.6349,NA
SandFall-Win64-Shipping.exe,31024,0x13F96A7D0D0,DXGI,0,512,1,Hardware: Independent Flip,26752.7345,0.3065,0.1551,0.1514,28.9076,0.2096,0.2076,0.0020,46.0688,19.7618,17.9845,26752.7345,16.9516,NA,NA
SandFall-Win64-Shipping.exe,31024,0x13F96A7D0D0,DXGI,0,512,1,Hardware: Independent Flip,26753.0410,34.1090,33.8344,0.2746,28.8107,36.2139,36.2011,0.0128,65.5241,16.6207,-19.4553,26753.0410,0.4995,63.6665,NA
SandFall-Win64-Shipping.exe,31024,0x13F96A7D0D0,DXGI,0,512,1,Hardware: Independent Flip,26787.1500,0.3357,0.1639,0.1718,30.9156,0.1736,0.1675,0.0061,48.0358,19.7796,17.4883,26787.1500,16.9466,NA,NA
SandFall-Win64-Shipping.exe,31024,0x13F96A7D0D0,DXGI,0,512,1,Hardware: Independent Flip,26787.4857,34.4307,34.1729,0.2578,30.7535,36.7253,36.7181,0.0072,67.4797,18.3240,-19.4439,26787.4857,0.0009,53.9682,NA
SandFall-Win64-Shipping.exe,31024,0x13F96A7D0D0,DXGI,0,512,1,Hardware: Independent Flip,26821.9164,0.3277,0.1527,0.1750,33.0481,0.2281,0.2246,0.0035,51.3730,19.1271,16.1067,26821.9164,18.0968,NA,NA
SandFall-Win64-Shipping.exe,31024,0x13F96A7D0D0,DXGI,0,512,1,Hardware: Independent Flip,26822.2441,34.4476,34.2088,0.2388,32.9485,37.2231,37.2161,0.0070,70.1724,18.9085,-18.7994,26822.2441,0.0008,60.4318,NA
SandFall-Win64-Shipping.exe,31024,0x13F96A7D0D0,DXGI,0,512,1,Hardware: Independent Flip,26856.6917,0.3147,0.1491,0.1656,35.7240,0.2270,0.2236,0.0034,54.6333,15.0360,15.5391,26856.6917,18.6823,NA,NA
SandFall-Win64-Shipping.exe,31024,0x13F96A7D0D0,DXGI,0,512,1,Hardware: Independent Flip,26857.0064,35.1992,34.9462,0.2530,35.6363,33.7175,33.7090,0.0085,69.3546,18.8520,-14.7213,26857.0064,0.0008,55.4014,NA
SandFall-Win64-Shipping.exe,31024,0x13F96A7D0D0,DXGI,0,512,1,Hardware: Independent Flip,26892.2056,0.5162,0.2683,0.2479,34.1546,0.2169,0.2143,0.0026,53.0074,13.6555,16.3472,26892.2056,18.6359,NA,NA
SandFall-Win64-Shipping.exe,31024,0x13F96A7D0D0,DXGI,0,512,1,Hardware: Independent Flip,26892.7218,33.7622,33.4184,0.3438,33.8553,32.2905,32.2802,0.0103,66.1467,17.2290,-13.1393,26892.7218,0.0009,59.8874,NA
SandFall-Win64-Shipping.exe,31024,0x13F96A7D0D0,DXGI,0,512,1,Hardware: Independent Flip,26926.4840,0.3992,0.2424,0.1568,32.3836,0.2324,0.2299,0.0025,49.6135,17.0268,16.5332,26926.4840,16.9975,NA,NA
SandFall-Win64-Shipping.exe,31024,0x13F96A7D0D0,DXGI,0,512,1,Hardware: Independent Flip,26926.8832,44.3334,43.9750,0.3584,32.2168,32.5238,32.5180,0.0058,66.2411,15.6485,-16.6276,26926.8832,1.5005,57.1741,NA
SandFall-Win64-Shipping.exe,31024,0x13F96A7D0D0,DXGI,0,512,1,Hardware: Independent Flip,26971.2166,0.4044,0.2078,0.1966,20.4072,0.2095,0.2074,0.0021,37.5562,16.9873,28.6849,26971.2166,16.9395,NA,NA
SandFall-Win64-Shipping.exe,31024,0x13F96A7D0D0,DXGI,0,512,1,Hardware: Independent Flip,26971.6210,22.5053,22.2604,0.2449,20.2123,32.8813,32.8718,0.0095,54.1391,16.0283,-16.5829,26971.6210,1.0455,56.8054,NA
SandFall-Win64-Shipping.exe,31024,0x13F96A7D0D0,DXGI,0,512,1,Hardware: Independent Flip,26994.1263,0.3044,0.1511,0.1533,30.5883,0.2067,0.2049,0.0018,47.6621,15.8906,6.4770,26994.1263,16.8671,NA,NA
SandFall-Win64-Shipping.exe,31024,0x13F96A7D0D0,DXGI,0,512,1,Hardware: Independent Flip,26994.4307,33.7988,33.5473,0.2515,30.4906,32.1821,32.1715,0.0106,63.2483,16.5233,-15.5862,26994.4307,0.5756,56.7879,NA
SandFall-Win64-Shipping.exe,31024,0x13F96A7D0D0,DXGI,0,512,1,Hardware: Independent Flip,27028.2295,0.2986,0.1514,0.1472,28.8739,0.1952,0.1935,0.0017,45.9728,16.8508,17.2755,27028.2295,16.9037,NA,NA
SandFall-Win64-Shipping.exe,31024,0x13F96A7D0D0,DXGI,0,512,1,Hardware: Independent Flip,27028.5281,36.1864,35.9338,0.2526,28.7705,32.8570,32.8411,0.0159,62.5250,16.1980,-16.5522,27028.5281,0.8975,50.0913,NA
SandFall-Win64-Shipping.exe,31024,0x13F96A7D0D0,DXGI,0,512,1,Hardware: Independent Flip,27064.7145,0.3089,0.1540,0.1549,25.4411,0.1988,0.1972,0.0016,42.5366,16.9697,19.9884,27064.7145,16.8967,NA,NA
SandFall-Win64-Shipping.exe,31024,0x13F96A7D0D0,DXGI,0,512,1,Hardware: Independent Flip,27065.0234,31.7608,31.5003,0.2605,25.3310,33.2854,33.2739,0.0115,59.1974,16.5317,-16.6608,27065.0234,0.5810,61.8316,NA
SandFall-Win64-Shipping.exe,31024,0x13F96A7D0D0,DXGI,0,512,1,Hardware: Independent Flip,27096.7842,0.3050,0.1534,0.1516,26.8556,0.1988,0.1988,0.0000,43.9683,16.5945,15.2291,27096.7842,16.9139,NA,NA
SandFall-Win64-Shipping.exe,31024,0x13F96A7D0D0,DXGI,0,512,1,Hardware: Independent Flip,27097.0892,34.9909,34.7244,0.2665,26.7494,33.1368,33.1185,0.0183,60.2578,16.7447,-16.2895,27097.0892,0.3716,64.1942,NA
SandFall-Win64-Shipping.exe,31024,0x13F96A7D0D0,DXGI,0,512,1,Hardware: Independent Flip,27132.0801,0.3159,0.1583,0.1576,24.8953,0.1910,0.1859,0.0051,42.0116,16.1203,18.2462,27132.0801,16.9253,NA,NA
SandFall-Win64-Shipping.exe,31024,0x13F96A7D0D0,DXGI,0,512,1,Hardware: Independent Flip,27132.3960,34.2600,33.9684,0.2916,24.7704,32.5830,32.5718,0.0112,57.8160,16.5862,-15.8044,27132.3960,0.4626,66.3219,NA
SandFall-Win64-Shipping.exe,31024,0x13F96A7D0D0,DXGI,0,512,1,Hardware: Independent Flip,27166.6560,0.3222,0.1615,0.1607,23.0934,0.1675,0.1610,0.0065,40.1422,23.2203,17.6738,27166.6560,16.8813,NA,NA
SandFall-Win64-Shipping.exe,31024,0x13F96A7D0D0,DXGI,0,512,1,Hardware: Independent Flip,27166.9782,39.4251,39.1710,0.2541,22.9387,39.3968,32.1159,7.2809,63.0403,16.3596,-22.8981,27166.9782,0.7048,75.3562,NA
SandFall-Win64-Shipping.exe,31024,0x13F96A7D0D0,DXGI,0,512,1,Hardware: Independent Flip,27206.4033,0.3096,0.1590,0.1506,22.9104,0.2065,0.2047,0.0018,39.9748,15.5620,23.0655,27206.4033,16.8579,NA,NA
SandFall-Win64-Shipping.exe,31024,0x13F96A7D0D0,DXGI,0,512,1,Hardware: Independent Flip,27206.7129,29.7399,29.4333,0.3066,22.8073,32.4188,32.4093,0.0095,55.2272,18.5738,-15.2524,27206.7129,0.0011,48.9922,NA
SandFall-Win64-Shipping.exe,31024,0x13F96A7D0D0,DXGI,0,512,1,Hardware: Independent Flip,27236.4528,0.3234,0.1637,0.1597,25.4862,0.2215,0.2193,0.0022,44.0611,13.7894,11.1661,27236.4528,18.3534,NA,NA
SandFall-Win64-Shipping.exe,31024,0x13F96A7D0D0,DXGI,0,512,1,Hardware: Independent Flip,27236.7762,31.3135,31.0714,0.2421,25.3843,32.1414,32.1338,0.0076,57.5271,18.2669,-13.4660,27236.7762,0.0014,47.3492,NA
SandFall-Win64-Shipping.exe,31024,0x13F96A7D0D0,DXGI,0,512,1,Hardware: Independent Flip,27268.0897,0.3336,0.1821,0.1515,26.2122,0.2359,0.2289,0.0070,44.4805,22.7975,13.0466,27268.0897,18.0324,NA,NA
SandFall-Win64-Shipping.exe,31024,0x13F96A7D0D0,DXGI,0,512,1,Hardware: Independent Flip,27268.4233,38.6839,38.4308,0.2531,26.1145,39.8367,37.3166,2.5201,66.9444,15.9271,-22.4639,27268.4233,0.9932,64.4157,NA
SandFall-Win64-Shipping.exe,31024,0x13F96A7D0D0,DXGI,0,512,1,Hardware: Independent Flip,27307.1072,0.3092,0.1543,0.1549,27.2673,0.2081,0.2063,0.0018,44.1876,20.0914,22.7568,27307.1072,16.7122,NA,NA
SandFall-Win64-Shipping.exe,31024,0x13F96A7D0D0,DXGI,0,512,1,Hardware: Independent Flip,27307.4164,29.3208,29.0778,0.2430,27.1662,36.8026,36.7961,0.0065,63.9698,18.2184,-19.7822,27307.4164,0.0010,67.4321,NA
SandFall-Win64-Shipping.exe,31024,0x13F96A7D0D0,DXGI,0,512,1,Hardware: Independent Flip,27336.7372,0.3177,0.1600,0.1577,34.6480,0.1932,0.1907,0.0025,52.8674,17.0294,11.1024,27336.7372,18.0262,NA,NA
SandFall-Win64-Shipping.exe,31024,0x13F96A7D0D0,DXGI,0,512,1,Hardware: Independent Flip,27337.0549,31.2416,30.9975,0.2441,34.5235,35.0551,35.0511,0.0040,69.5791,18.1032,-16.7117,27337.0549,0.0005,82.8177,NA
SandFall-Win64-Shipping.exe,31024,0x13F96A7D0D0,DXGI,0,512,1,Hardware: Independent Flip,27368.2965,0.3133,0.1598,0.1535,38.3370,0.1881,0.1832,0.0049,56.4407,14.2306,13.1384,27368.2965,17.9156,NA,NA
SandFall-Win64-Shipping.exe,31024,0x13F96A7D0D0,DXGI,0,512,1,Hardware: Independent Flip,27368.6098,35.4840,35.2367,0.2473,38.2118,32.1454,32.1373,0.0081,70.3580,18.1278,-13.9173,27368.6098,0.0008,84.3731,NA
SandFall-Win64-Shipping.exe,31024,0x13F96A7D0D0,DXGI,0,512,1,Hardware: Independent Flip,27404.0938,0.3144,0.1556,0.1588,34.8732,0.2177,0.2177,0.0000,53.0018,14.6187,17.3562,27404.0938,17.9109,NA,NA
SandFall-Win64-Shipping.exe,31024,0x13F96A7D0D0,DXGI,0,512,1,Hardware: Independent Flip,27404.4082,31.7909,31.5351,0.2558,34.7765,32.5280,32.5203,0.0077,67.3061,17.6198,-14.3043,27404.4082,0.0016,86.4029,NA
SandFall-Win64-Shipping.exe,31024,0x13F96A7D0D0,DXGI,0,512,1,Hardware: Independent Flip,27436.1991,0.3171,0.1687,0.1484,35.5136,0.2268,0.2241,0.0027,53.1350,15.7673,14.1711,27436.1991,17.3946,NA,NA
SandFall-Win64-Shipping.exe,31024,0x13F96A7D0D0,DXGI,0,512,1,Hardware: Independent Flip,27436.5162,37.0635,36.8079,0.2556,35.4233,32.6216,32.6155,0.0061,68.5852,16.0881,-15.4502,27436.5162,0.5403,89.0327,NA
SandFall-Win64-Shipping.exe,31024,0x13F96A7D0D0,DXGI,0,512,1,Hardware: Independent Flip,27473.5797,0.3114,0.1599,0.1515,30.9814,0.2030,0.2011,0.0019,47.6098,16.7556,20.9754,27473.5797,16.4254,NA,NA
SandFall-Win64-Shipping.exe,31024,0x13F96A7D0D0,DXGI,0,512,1,Hardware: Independent Flip,27473.8911,32.5154,32.2592,0.2562,30.8730,32.4734,32.4663,0.0071,64.0540,15.9358,-16.4442,27473.8911,0.7076,61.9877,NA
SandFall-Win64-Shipping.exe,31024,0x13F96A7D0D0,DXGI,0,512,1,Hardware: Independent Flip,27506.4065,0.3065,0.1594,0.1471,30.8310,0.2172,0.2154,0.0018,47.4744,16.4801,16.5796,27506.4065,16.4262,NA,NA
SandFall-Win64-Shipping.exe,31024,0x13F96A7D0D0,DXGI,0,512,1,Hardware: Independent Flip,27506.7130,32.5182,32.1372,0.3810,30.7417,32.5997,32.5966,0.0031,63.6480,16.2626,-16.1736,27506.7130,0.3066,63.3725,NA
SandFall-Win64-Shipping.exe,31024,0x13F96A7D0D0,DXGI,0,512,1,Hardware: Independent Flip,27539.2312,0.4469,0.2304,0.2165,30.8232,0.1952,0.1952,0.0000,47.3924,16.9363,16.2556,27539.2312,16.3740,NA,NA
SandFall-Win64-Shipping.exe,31024,0x13F96A7D0D0,DXGI,0,512,1,Hardware: Independent Flip,27539.6781,33.7471,33.4897,0.2574,30.5715,33.1002,33.0944,0.0058,63.8818,16.7027,-16.4894,27539.6781,0.2101,79.8715,NA
SandFall-Win64-Shipping.exe,31024,0x13F96A7D0D0,DXGI,0,512,1,Hardware: Independent Flip,27573.4252,0.3114,0.1610,0.1504,29.9246,0.2254,0.2236,0.0018,46.8374,15.7897,17.0444,27573.4252,16.6874,NA,NA
SandFall-Win64-Shipping.exe,31024,0x13F96A7D0D0,DXGI,0,512,1,Hardware: Independent Flip,27573.7366,33.7307,33.4851,0.2456,29.8386,32.3871,32.3839,0.0032,62.3157,16.9044,-15.4783,27573.7366,0.0900,81.5784,NA
SandFall-Win64-Shipping.exe,31024,0x13F96A7D0D0,DXGI,0,512,1,Hardware: Independent Flip,27607.4673,0.3122,0.1593,0.1529,28.4950,0.2979,0.2958,0.0021,45.4894,16.5315,16.8263,27607.4673,16.6965,NA,NA
SandFall-Win64-Shipping.exe,31024,0x13F96A7D0D0,DXGI,0,512,1,Hardware: Independent Flip,27607.7795,34.1255,33.8361,0.2894,28.4807,32.5841,32.5741,0.0100,61.7087,16.3741,-16.2193,27607.7795,0.6439,53.5450,NA
SandFall-Win64-Shipping.exe,31024,0x13F96A7D0D0,DXGI,0,512,1,Hardware: Independent Flip,27641.9050,0.3149,0.1648,0.1501,26.9393,0.1872,0.1819,0.0053,43.9573,16.0157,17.7514,27641.9050,16.8308,NA,NA
SandFall-Win64-Shipping.exe,31024,0x13F96A7D0D0,DXGI,0,512,1,Hardware: Independent Flip,27642.2199,32.3908,32.1373,0.2535,26.8116,32.2697,32.2605,0.0092,59.6581,16.4848,-15.7008,27642.2199,0.5768,55.1821,NA
SandFall-Win64-Shipping.exe,31024,0x13F96A7D0D0,DXGI,0,512,1,Hardware: Independent Flip,27674.6107,0.3040,0.1550,0.1490,26.6905,0.2217,0.2200,0.0017,43.7521,16.4044,15.9060,27674.6107,16.8399,NA,NA
SandFall-Win64-Shipping.exe,31024,0x13F96A7D0D0,DXGI,0,512,1,Hardware: Independent Flip,27674.9147,29.5968,29.3476,0.2492,26.6082,32.4210,32.4118,0.0092,59.8525,16.3765,-16.1004,27674.9147,0.8233,NA,NA
SandFall-Win64-Shipping.exe,31024,0x13F96A7D0D0,DXGI,0,512,1,Hardware: Independent Flip,27704.5115,0.3020,0.1521,0.1499,29.4324,0.1980,0.1962,0.0018,46.6322,17.0554,13.2203,27704.5115,17.0018,NA,NA
SandFall-Win64-Shipping.exe,31024,0x13F96A7D0D0,DXGI,0,512,1,Hardware: Independent Flip,27704.8135,33.7970,33.5491,0.2479,29.3284,33.2397,33.1975,0.0422,63.3856,16.3649,-16.7534,27704.8135,0.8175,75.3961,NA
SandFall-Win64-Shipping.exe,31024,0x13F96A7D0D0,DXGI,0,512,1,Hardware: Independent Flip,27738.6105,0.3069,0.1520,0.1549,28.7711,0.2108,0.2091,0.0017,45.9535,16.0792,17.4321,27738.6105,16.9716,NA,NA
SandFall-Win64-Shipping.exe,31024,0x13F96A7D0D0,DXGI,0,512,1,Hardware: Independent Flip,27738.9174,33.9612,33.7046,0.2566,28.6750,32.5717,32.5560,0.0157,61.7258,16.7091,-15.7723,27738.9174,0.4791,77.0873,NA
SandFall-Win64-Shipping.exe,31024,0x13F96A7D0D0,DXGI,0,512,1,Hardware: Independent Flip,27772.8786,0.3208,0.1711,0.1497,27.2855,0.2125,0.2109,0.0016,44.4737,19.7606,17.2521,27772.8786,16.9757,NA,NA
SandFall-Win64-Shipping.exe,31024,0x13F96A7D0D0,DXGI,0,512,1,Hardware: Independent Flip,27773.1994,34.3268,34.0730,0.2538,27.1772,35.9335,35.9214,0.0121,63.9135,16.3147,-19.4398,27773.1994,0.8028,52.0415,NA
SandFall-Win64-Shipping.exe,31024,0x13F96A7D0D0,DXGI,0,512,1,Hardware: Independent Flip,27807.5262,0.3118,0.1572,0.1546,28.7839,0.2192,0.2176,0.0016,45.9014,19.3348,18.0121,27807.5262,16.8983,NA,NA
SandFall-Win64-Shipping.exe,31024,0x13F96A7D0D0,DXGI,0,512,1,Hardware: Independent Flip,27807.8380,34.1342,33.8696,0.2646,28.6913,36.2324,36.2215,0.0109,64.9244,18.0339,-19.0230,27807.8380,0.0007,56.9216,NA
SandFall-Win64-Shipping.exe,31024,0x13F96A7D0D0,DXGI,0,512,1,Hardware: Independent Flip,27841.9722,0.3047,0.1540,0.1507,30.7895,0.2227,0.2198,0.0029,48.8241,18.6530,16.1003,27841.9722,17.8119,NA,NA
SandFall-Win64-Shipping.exe,31024,0x13F96A7D0D0,DXGI,0,512,1,Hardware: Independent Flip,27842.2769,33.8226,33.5546,0.2680,30.7075,36.4641,36.4543,0.0098,67.1724,18.7145,-18.3483,27842.2769,0.0008,62.8462,NA
SandFall-Win64-Shipping.exe,31024,0x13F96A7D0D0,DXGI,0,512,1,Hardware: Independent Flip,27876.0995,0.3066,0.1558,0.1508,33.3490,0.2271,0.2240,0.0031,52.0643,14.8763,15.1081,27876.0995,18.4882,NA,NA
SandFall-Win64-Shipping.exe,31024,0x13F96A7D0D0,DXGI,0,512,1,Hardware: Independent Flip,27876.4061,35.3423,35.0890,0.2533,33.2695,33.3637,33.3567,0.0070,66.6340,18.6393,-14.5697,27876.4061,0.0008,65.7066,NA
SandFall-Win64-Shipping.exe,31024,0x13F96A7D0D0,DXGI,0,512,1,Hardware: Independent Flip,27911.7484,0.3047,0.1557,0.1490,31.2909,0.2284,0.2261,0.0023,49.9310,14.1607,16.7030,27911.7484,18.4117,NA,NA
SandFall-Win64-Shipping.exe,31024,0x13F96A7D0D0,DXGI,0,512,1,Hardware: Independent Flip,27912.0531,32.5926,32.3463,0.2463,31.2146,32.2828,32.2736,0.0092,63.7870,16.7026,-13.8560,27912.0531,0.2896,52.4067,NA
SandFall-Win64-Shipping.exe,31024,0x13F96A7D0D0,DXGI,0,512,1,Hardware: Independent Flip,27944.6457,0.3214,0.1705,0.1509,30.9048,0.2116,0.2099,0.0017,47.8970,17.0136,15.8900,27944.6457,16.7806,NA,NA
SandFall-Win64-Shipping.exe,31024,0x13F96A7D0D0,DXGI,0,512,1,Hardware: Independent Flip,27944.9671,38.1291,37.8615,0.2676,30.7950,32.2933,32.2822,0.0111,64.5892,15.2918,-16.6922,27944.9671,1.5009,55.3658,NA
SandFall-Win64-Shipping.exe,31024,0x13F96A7D0D0,DXGI,0,512,1,Hardware: Independent Flip,27983.0962,0.3062,0.1577,0.1485,24.9592,0.2357,0.2332,0.0025,41.7519,16.5796,22.8373,27983.0962,16.5570,NA,NA
SandFall-Win64-Shipping.exe,31024,0x13F96A7D0D0,DXGI,0,512,1,Hardware: Independent Flip,27983.4024,29.4934,29.2514,0.2420,24.8887,32.4190,32.3661,0.0529,58.0253,16.1083,-16.2734,27983.4024,0.7176,56.4391,NA
SandFall-Win64-Shipping.exe,31024,0x13F96A7D0D0,DXGI,0,512,1,Hardware: Independent Flip,28012.8958,0.3177,0.1509,0.1668,27.8143,0.2095,0.2077,0.0018,44.6402,16.2011,13.3851,28012.8958,16.6164,NA,NA
SandFall-Win64-Shipping.exe,31024,0x13F96A7D0D0,DXGI,0,512,1,Hardware: Independent Flip,28013.2135,32.5585,32.3080,0.2505,27.7061,32.3292,32.3166,0.0126,60.5236,16.3908,-15.8834,28013.2135,0.4883,48.7858,NA
SandFall-Win64-Shipping.exe,31024,0x13F96A7D0D0,DXGI,0,512,1,Hardware: Independent Flip,28045.7720,0.4180,0.1541,0.2639,27.4768,0.1980,0.1963,0.0017,44.3559,16.8263,16.1677,28045.7720,16.6811,NA,NA
SandFall-Win64-Shipping.exe,31024,0x13F96A7D0D0,DXGI,0,512,1,Hardware: Independent Flip,28046.1900,34.5943,34.3239,0.2704,27.2568,32.9158,32.9007,0.0151,60.7642,16.3612,-16.4083,28046.1900,0.5916,57.0027,NA
SandFall-Win64-Shipping.exe,31024,0x13F96A7D0D0,DXGI,0,512,1,Hardware: Independent Flip,28080.7843,0.3785,0.2105,0.1680,25.5783,0.1967,0.1945,0.0022,42.5311,16.3120,18.2331,28080.7843,16.7561,NA,NA
SandFall-Win64-Shipping.exe,31024,0x13F96A7D0D0,DXGI,0,512,1,Hardware: Independent Flip,28081.1628,32.0039,31.6973,0.3066,25.3965,32.7020,32.6901,0.0119,58.4646,16.6177,-15.9335,28081.1628,0.3661,62.3959,NA
SandFall-Win64-Shipping.exe,31024,0x13F96A7D0D0,DXGI,0,512,1,Hardware: Independent Flip,28113.1667,0.3614,0.1541,0.2073,26.0946,0.1713,0.1671,0.0042,43.0784,15.9659,15.3862,28113.1667,16.8125,NA,NA
SandFall-Win64-Shipping.exe,31024,0x13F96A7D0D0,DXGI,0,512,1,Hardware: Independent Flip,28113.5281,33.6771,33.4203,0.2568,25.9045,32.2498,32.2387,0.0111,58.6829,16.4951,-15.6045,28113.5281,0.5286,64.2199,NA
SandFall-Win64-Shipping.exe,31024,0x13F96A7D0D0,DXGI,0,512,1,Hardware: Independent Flip,28147.2052,0.3284,0.1760,0.1524,24.4772,0.1988,0.1401,0.0587,41.5009,19.8668,17.1820,28147.2052,16.8249,NA,NA
SandFall-Win64-Shipping.exe,31024,0x13F96A7D0D0,DXGI,0,512,1,Hardware: Independent Flip,28147.5336,36.8576,36.5646,0.2930,24.3476,35.8665,32.7821,3.0844,61.0393,16.1868,-19.5384,28147.5336,0.8252,54.4972,NA
SandFall-Win64-Shipping.exe,31024,0x13F96A7D0D0,DXGI,0,512,1,Hardware: Independent Flip,28184.3912,0.3117,0.1585,0.1532,23.3565,0.1927,0.1903,0.0024,40.3685,15.4919,20.6708,28184.3912,16.8193,NA,NA
SandFall-Win64-Shipping.exe,31024,0x13F96A7D0D0,DXGI,0,512,1,Hardware: Independent Flip,28184.7029,30.4380,30.1820,0.2560,23.2375,32.3103,32.3002,0.0101,55.5487,18.0969,-15.1802,28184.7029,0.0009,55.4189,NA
SandFall-Win64-Shipping.exe,31024,0x13F96A7D0D0,DXGI,0,512,1,Hardware: Independent Flip,28215.1409,0.3048,0.1536,0.1512,25.1098,0.2539,0.2514,0.0025,43.2076,14.6754,12.3411,28215.1409,17.8439,NA,NA
SandFall-Win64-Shipping.exe,31024,0x13F96A7D0D0,DXGI,0,512,1,Hardware: Independent Flip,28215.4457,34.6388,34.3729,0.2659,25.0589,32.2483,32.2353,0.0130,57.5782,16.7578,-14.3706,28215.4457,0.2710,57.4322,NA
SandFall-Win64-Shipping.exe,31024,0x13F96A7D0D0,DXGI,0,512,1,Hardware: Independent Flip,28250.0845,0.3141,0.1585,0.1556,22.6684,0.1383,0.1325,0.0058,39.6972,18.0508,17.8810,28250.0845,16.8905,NA,NA
SandFall-Win64-Shipping.exe,31024,0x13F96A7D0D0,DXGI,0,512,1,Hardware: Independent Flip,28250.3986,35.5141,35.2589,0.2552,22.4926,33.6177,32.3192,1.2985,57.4339,15.5870,-17.7367,28250.3986,1.3236,61.4940,NA
SandFall-Win64-Shipping.exe,31024,0x13F96A7D0D0,DXGI,0,512,1,Hardware: Independent Flip,28285.9127,0.3070,0.1535,0.1535,20.5962,0.1532,0.1478,0.0054,37.5068,20.4956,19.9271,28285.9127,16.7574,NA,NA
SandFall-Win64-Shipping.exe,31024,0x13F96A7D0D0,DXGI,0,512,1,Hardware: Independent Flip,28286.2197,31.8891,31.6380,0.2511,20.4424,37.1462,35.5688,1.5774,57.6954,16.7882,-20.1886,28286.2197,0.1068,66.8146,NA
SandFall-Win64-Shipping.exe,31024,0x13F96A7D0D0,DXGI,0,512,1,Hardware: Independent Flip,28318.1088,0.3130,0.1563,0.1567,25.6995,0.1679,0.1635,0.0044,42.5945,19.4942,15.1009,28318.1088,16.7271,NA,NA
SandFall-Win64-Shipping.exe,31024,0x13F96A7D0D0,DXGI,0,512,1,Hardware: Independent Flip,28318.4218,32.4143,32.1552,0.2591,25.5544,36.2202,36.2058,0.0144,61.7757,18.2560,-19.1812,28318.4218,0.0011,72.3158,NA
SandFall-Win64-Shipping.exe,31024,0x13F96A7D0D0,DXGI,0,512,1,Hardware: Independent Flip,28350.8361,0.3281,0.1703,0.1578,29.3603,0.2332,0.2304,0.0028,47.6174,17.9225,14.1583,28350.8361,18.0239,NA,NA
SandFall-Win64-Shipping.exe,31024,0x13F96A7D0D0,DXGI,0,512,1,Hardware: Independent Flip,28351.1642,33.5398,33.2809,0.2589,29.2654,35.9458,35.9372,0.0086,65.2118,18.2156,-17.5944,28351.1642,0.0006,62.4137,NA
SandFall-Win64-Shipping.exe,31024,0x13F96A7D0D0,DXGI,0,512,1,Hardware: Independent Flip,28384.7040,0.7107,0.2077,0.5030,31.6714,0.2306,0.2263,0.0043,49.8876,15.0055,15.3242,28384.7040,17.9856,NA,NA
SandFall-Win64-Shipping.exe,31024,0x13F96A7D0D0,DXGI,0,512,1,Hardware: Independent Flip,28385.4147,33.6871,33.4350,0.2521,31.1913,32.9904,32.9862,0.0042,64.1824,18.1745,-14.2948,28385.4147,0.0007,64.8761,NA
SandFall-Win64-Shipping.exe,31024,0x13F96A7D0D0,DXGI,0,512,1,Hardware: Independent Flip,28419.1018,0.3083,0.1546,0.1537,30.4946,0.2285,0.2285,0.0000,48.6698,14.1939,15.5126,28419.1018,17.9467,NA,NA
SandFall-Win64-Shipping.exe,31024,0x13F96A7D0D0,DXGI,0,512,1,Hardware: Independent Flip,28419.4101,32.6751,32.3768,0.2983,30.4148,32.1397,32.1301,0.0096,62.5554,17.1966,-13.8856,28419.4101,0.0009,66.4947,NA
SandFall-Win64-Shipping.exe,31024,0x13F96A7D0D0,DXGI,0,512,1,Hardware: Independent Flip,28452.0852,0.3301,0.1731,0.1570,29.8794,0.2135,0.2113,0.0022,47.0769,15.9581,15.4785,28452.0852,16.9840,NA,NA
SandFall-Win64-Shipping.exe,31024,0x13F96A7D0D0,DXGI,0,512,1,Hardware: Independent Flip,28452.4153,37.3418,37.0730,0.2688,29.7628,32.1333,32.1258,0.0075,62.7049,15.5343,-15.6280,28452.4153,0.8088,68.8969,NA
SandFall-Win64-Shipping.exe,31024,0x13F96A7D0D0,DXGI,0,512,1,Hardware: Independent Flip,28489.7571,0.4311,0.1649,0.2662,24.5543,0.2114,0.2093,0.0021,40.8974,16.5414,21.8075,28489.7571,16.1317,NA,NA
SandFall-Win64-Shipping.exe,31024,0x13F96A7D0D0,DXGI,0,512,1,Hardware: Independent Flip,28490.1882,26.9720,26.6520,0.3200,24.3346,32.0662,32.0602,0.0060,57.0077,15.8041,-16.1103,28490.1882,0.6069,52.2460,NA
SandFall-Win64-Shipping.exe,31024,0x13F96A7D0D0,DXGI,0,512,1,Hardware: Independent Flip,28517.1602,0.3356,0.1707,0.1649,29.4288,0.2136,0.2119,0.0017,45.8398,16.5532,11.1679,28517.1602,16.1974,NA,NA
SandFall-Win64-Shipping.exe,31024,0x13F96A7D0D0,DXGI,0,512,1,Hardware: Independent Flip,28517.4958,32.8098,32.5243,0.2855,29.3068,32.5052,32.4957,0.0095,62.0574,16.2719,-16.2176,28517.4958,0.2454,49.6045,NA
SandFall-Win64-Shipping.exe,31024,0x13F96A7D0D0,DXGI,0,512,1,Hardware: Independent Flip,28550.3056,0.3011,0.1541,0.1470,29.0022,0.1986,0.1963,0.0023,45.5195,16.5135,16.5379,28550.3056,16.3187,NA,NA
SandFall-Win64-Shipping.exe,31024,0x13F96A7D0D0,DXGI,0,512,1,Hardware: Independent Flip,28550.6067,37.2692,36.9903,0.2789,28.8997,32.7181,32.7094,0.0087,61.7319,16.5610,-16.2124,28550.6067,0.1141,49.3899,NA
SandFall-Win64-Shipping.exe,31024,0x13F96A7D0D0,DXGI,0,512,1,Hardware: Independent Flip,28587.8759,0.3423,0.1749,0.1674,24.3486,0.2299,0.2266,0.0033,41.0237,15.8591,20.7082,28587.8759,16.4452,NA,NA
SandFall-Win64-Shipping.exe,31024,0x13F96A7D0D0,DXGI,0,512,1,Hardware: Independent Flip,28588.2182,29.3691,29.1220,0.2471,24.2362,32.1577,32.1480,0.0097,56.5405,16.6359,-15.5168,28588.2182,0.1466,48.7651,NA
SandFall-Win64-Shipping.exe,31024,0x13F96A7D0D0,DXGI,0,512,1,Hardware: Independent Flip,28617.5873,0.3020,0.1522,0.1498,27.0248,0.1941,0.1881,0.0060,43.8073,16.9366,12.7332,28617.5873,16.5884,NA,NA
SandFall-Win64-Shipping.exe,31024,0x13F96A7D0D0,DXGI,0,512,1,Hardware: Independent Flip,28617.8893,36.7749,36.5257,0.2492,26.9169,32.9779,32.9599,0.0180,60.4419,16.3040,-16.6346,28617.8893,0.5471,48.3806,NA
SandFall-Win64-Shipping.exe,31024,0x13F96A7D0D0,DXGI,0,512,1,Hardware: Independent Flip,28654.6642,0.2993,0.1520,0.1473,23.1199,0.2131,0.2113,0.0018,39.9710,15.6660,20.4709,28654.6642,16.6380,NA,NA
SandFall-Win64-Shipping.exe,31024,0x13F96A7D0D0,DXGI,0,512,1,Hardware: Independent Flip,28654.9635,30.2465,30.0057,0.2408,23.0337,32.0697,32.0551,0.0146,55.3377,16.7461,-15.3667,28654.9635,0.2343,48.3491,NA
SandFall-Win64-Shipping.exe,31024,0x13F96A7D0D0,DXGI,0,512,1,Hardware: Independent Flip,28685.2100,0.3281,0.1539,0.1742,24.8569,0.2070,0.2006,0.0064,41.8373,17.0114,13.5004,28685.2100,16.7734,NA,NA
SandFall-Win64-Shipping.exe,31024,0x13F96A7D0D0,DXGI,0,512,1,Hardware: Independent Flip,28685.5381,34.0500,33.7980,0.2520,24.7358,33.0062,32.9930,0.0132,58.5206,16.2856,-16.6833,28685.5381,0.7786,46.1135,NA
SandFall-Win64-Shipping.exe,31024,0x13F96A7D0D0,DXGI,0,512,1,Hardware: Independent Flip,28719.5881,0.2964,0.1509,0.1455,23.6920,0.2095,0.2036,0.0059,40.7562,16.3500,17.7644,28719.5881,16.8547,NA,NA
SandFall-Win64-Shipping.exe,31024,0x13F96A7D0D0,DXGI,0,512,1,Hardware: Independent Flip,28719.8845,34.9098,34.6418,0.2680,23.6051,32.7895,31.3237,1.4658,56.8098,16.4940,-16.0536,28719.8845,0.4152,46.7437,NA
SandFall-Win64-Shipping.exe,31024,0x13F96A7D0D0,DXGI,0,512,1,Hardware: Independent Flip,28754.7943,0.2987,0.1520,0.1467,21.4848,0.1580,0.1530,0.0050,38.3940,16.2774,18.4158,28754.7943,16.7512,NA,NA
SandFall-Win64-Shipping.exe,31024,0x13F96A7D0D0,DXGI,0,512,1,Hardware: Independent Flip,28755.0930,31.8906,31.6180,0.2726,21.3441,32.5368,32.0011,0.5357,54.3727,16.4660,-15.9787,28755.0930,0.4918,45.5172,NA
SandFall-Win64-Shipping.exe,31024,0x13F96A7D0D0,DXGI,0,512,1,Hardware: Independent Flip,28786.9836,0.3005,0.1528,0.1477,21.9903,0.1699,0.1651,0.0048,38.9481,21.7134,15.4246,28786.9836,16.7879,NA,NA
SandFall-Win64-Shipping.exe,31024,0x13F96A7D0D0,DXGI,0,512,1,Hardware: Independent Flip,28787.2841,33.3783,33.1244,0.2539,21.8597,37.9075,36.1162,1.7913,60.3610,16.2485,-21.4129,28787.2841,0.5938,47.6878,NA
SandFall-Win64-Shipping.exe,31024,0x13F96A7D0D0,DXGI,0,512,1,Hardware: Independent Flip,28820.6624,0.3305,0.1655,0.1650,26.3889,0.1894,0.1877,0.0017,43.2312,18.8102,17.1298,28820.6624,16.6529,NA,NA
SandFall-Win64-Shipping.exe,31024,0x13F96A7D0D0,DXGI,0,512,1,Hardware: Independent Flip,28820.9929,34.1491,33.8949,0.2542,26.2478,35.4625,35.4513,0.0112,61.7109,18.4198,-18.4797,28820.9929,0.0006,49.7455,NA
SandFall-Win64-Shipping.exe,31024,0x13F96A7D0D0,DXGI,0,512,1,Hardware: Independent Flip,28855.1420,0.3051,0.1548,0.1503,27.5612,0.2183,0.2149,0.0034,45.9816,15.7072,15.7293,28855.1420,18.2021,NA,NA
SandFall-Win64-Shipping.exe,31024,0x13F96A7D0D0,DXGI,0,512,1,Hardware: Independent Flip,28855.4471,31.5530,31.3146,0.2384,27.4744,33.9085,33.8963,0.0122,61.3837,18.1561,-15.4021,28855.4471,0.0008,52.8809,NA
SandFall-Win64-Shipping.exe,31024,0x13F96A7D0D0,DXGI,0,512,1,Hardware: Independent Flip,28887.0001,0.2997,0.1516,0.1481,29.8299,0.2165,0.2126,0.0039,47.9868,14.6712,13.3969,28887.0001,17.9404,NA,NA
SandFall-Win64-Shipping.exe,31024,0x13F96A7D0D0,DXGI,0,512,1,Hardware: Independent Flip,28887.2998,33.0338,32.7851,0.2487,29.7467,32.6105,32.6064,0.0041,62.3583,17.6666,-14.3715,28887.2998,0.0011,49.6991,NA
SandFall-Win64-Shipping.exe,31024,0x13F96A7D0D0,DXGI,0,512,1,Hardware: Independent Flip,28920.3336,0.3101,0.1548,0.1553,29.3234,0.2139,0.2120,0.0019,46.9911,13.0770,15.3672,28920.3336,17.4538,NA,NA
SandFall-Win64-Shipping.exe,31024,0x13F96A7D0D0,DXGI,0,512,1,Hardware: Independent Flip,28920.6437,31.8066,31.5576,0.2490,29.2272,30.1856,30.1738,0.0118,59.7580,16.1768,-12.7669,28920.6437,0.3452,NA,NA
SandFall-Win64-Shipping.exe,31024,0x13F96A7D0D0,DXGI,0,512,1,Hardware: Independent Flip,28952.4503,0.3088,0.1555,0.1533,27.6062,0.2137,0.2116,0.0021,44.1282,14.7682,15.6298,28952.4503,16.3083,NA,NA
SandFall-Win64-Shipping.exe,31024,0x13F96A7D0D0,DXGI,0,512,1,Hardware: Independent Flip,28952.7591,33.1979,32.9187,0.2792,27.5111,29.5758,29.5636,0.0122,58.5876,14.8059,-14.4594,28952.7591,1.5007,NA,NA
SandFall-Win64-Shipping.exe,31024,0x13F96A7D0D0,DXGI,0,512,1,Hardware: Independent Flip,28985.9570,0.3276,0.1652,0.1624,23.8890,0.2057,0.2040,0.0017,40.1956,15.9139,18.3920,28985.9570,16.1009,NA,NA
SandFall-Win64-Shipping.exe,31024,0x13F96A7D0D0,DXGI,0,512,1,Hardware: Independent Flip,28986.2846,31.1252,30.8633,0.2619,23.7671,30.5142,30.4842,0.0300,55.7819,14.5727,-15.5863,28986.2846,1.5006,NA,NA
SandFall-Win64-Shipping.exe,31024,0x13F96A7D0D0,DXGI,0,512,1,Hardware: Independent Flip,29017.4098,0.3179,0.1588,0.1591,23.1561,0.0597,0.0587,0.0010,39.2294,16.1953,16.5525,29017.4098,16.0136,NA,NA
SandFall-Win64-Shipping.exe,31024,0x13F96A7D0D0,DXGI,0,512,1,Hardware: Independent Flip,29017.7277,32.6316,32.3704,0.2612,22.8979,30.8968,30.4349,0.4619,55.1068,14.9312,-15.8774,29017.7277,1.3121,NA,NA
SandFall-Win64-Shipping.exe,31024,0x13F96A7D0D0,DXGI,0,512,1,Hardware: Independent Flip,29050.3593,0.3120,0.1541,0.1579,21.1631,0.1910,0.1872,0.0038,37.4064,16.3488,17.7004,29050.3593,16.0523,NA,NA
SandFall-Win64-Shipping.exe,31024,0x13F96A7D0D0,DXGI,0,512,1,Hardware: Independent Flip,29050.6713,31.4772,31.2316,0.2456,21.0421,31.7107,30.4026,1.3081,53.4432,15.4543,-16.0368,29050.6713,0.6904,42.8478,NA
SandFall-Win64-Shipping.exe,31024,0x13F96A7D0D0,DXGI,0,512,1,Hardware: Independent Flip,29082.1485,0.3022,0.1513,0.1509,21.2756,0.1739,0.1682,0.0057,37.4203,15.2118,16.0229,29082.1485,15.9708,NA,NA
SandFall-Win64-Shipping.exe,31024,0x13F96A7D0D0,DXGI,0,512,1,Hardware: Independent Flip,29082.4507,31.8571,31.6033,0.2538,21.1473,30.9265,29.4515,1.4750,52.3299,15.7563,-14.9096,29082.4507,0.2561,42.7660,NA
SandFall-Win64-Shipping.exe,31024,0x13F96A7D0D0,DXGI,0,512,1,Hardware: Independent Flip,29114.3078,0.3093,0.1525,0.1568,20.2167,0.1841,0.1792,0.0049,36.2291,17.2198,16.1008,29114.3078,15.8283,NA,NA
SandFall-Win64-Shipping.exe,31024,0x13F96A7D0D0,DXGI,0,512,1,Hardware: Independent Flip,29114.6171,30.9369,30.6879,0.2490,20.0915,32.5135,30.1460,2.3675,53.1396,15.3844,-16.9105,29114.6171,0.5346,44.9867,NA
SandFall-Win64-Shipping.exe,31024,0x13F96A7D0D0,DXGI,0,512,1,Hardware: Independent Flip,29145.5540,0.3176,0.1559,0.1617,21.6681,0.1777,0.1712,0.0065,37.5871,16.8946,15.5525,29145.5540,15.7413,NA,NA
SandFall-Win64-Shipping.exe,31024,0x13F96A7D0D0,DXGI,0,512,1,Hardware: Independent Flip,29145.8716,33.2792,33.0297,0.2495,21.5282,32.6354,29.5618,3.0736,54.1641,16.2280,-16.5770,29145.8716,0.0005,46.5071,NA
SandFall-Win64-Shipping.exe,31024,0x13F96A7D0D0,DXGI,0,512,1,Hardware: Independent Flip,29179.1508,0.3410,0.1852,0.1558,20.8844,0.2018,0.1994,0.0024,37.1129,13.4076,17.0512,29179.1508,16.0267,NA,NA
SandFall-Win64-Shipping.exe,31024,0x13F96A7D0D0,DXGI,0,512,1,Hardware: Independent Flip,29179.4918,29.3575,29.0955,0.2620,20.7452,29.4339,29.4003,0.0336,50.1795,16.4336,-13.0666,29179.4918,0.0004,45.3003,NA
SandFall-Win64-Shipping.exe,31024,0x13F96A7D0D0,DXGI,0,512,1,Hardware: Independent Flip,29208.8493,0.3076,0.1559,0.1517,20.8216,0.2265,0.2220,0.0045,37.2556,17.0141,12.9239,29208.8493,16.2075,NA,NA
SandFall-Win64-Shipping.exe,31024,0x13F96A7D0D0,DXGI,0,512,1,Hardware: Independent Flip,29209.1569,34.7250,34.4689,0.2561,20.7405,32.4521,31.3689,1.0832,53.9621,14.7276,-16.7065,29209.1569,0.7695,48.0833,NA
SandFall-Win64-Shipping.exe,31024,0x13F96A7D0D0,DXGI,0,512,1,Hardware: Independent Flip,29243.8819,0.3007,0.1520,0.1487,18.4676,0.1630,0.1574,0.0056,33.9647,14.7150,19.9974,29243.8819,15.3341,NA,NA
SandFall-Win64-Shipping.exe,31024,0x13F96A7D0D0,DXGI,0,512,1,Hardware: Independent Flip,29244.1826,30.2553,30.0160,0.2393,18.3299,30.0479,30.0362,0.0117,48.3790,15.8251,-14.4143,29244.1826,0.0012,NA,NA
SandFall-Win64-Shipping.exe,31024,0x13F96A7D0D0,DXGI,0,512,1,Hardware: Independent Flip,29274.4379,0.2988,0.1517,0.1471,18.1225,0.1983,0.1962,0.0021,33.9488,14.7524,14.4302,29274.4379,15.6280,NA,NA
SandFall-Win64-Shipping.exe,31024,0x13F96A7D0D0,DXGI,0,512,1,Hardware: Independent Flip,29274.7367,26.5202,26.2409,0.2793,18.0220,30.2070,29.7768,0.4302,48.4024,15.1361,-14.4536,29274.7367,0.1734,61.9753,NA
SandFall-Win64-Shipping.exe,31024,0x13F96A7D0D0,DXGI,0,512,1,Hardware: Independent Flip,29301.2569,0.3441,0.1828,0.1613,21.7088,0.2022,0.2006,0.0016,37.0183,20.0813,11.3841,29301.2569,15.1073,NA,NA
SandFall-Win64-Shipping.exe,31024,0x13F96A7D0D0,DXGI,0,512,1,Hardware: Independent Flip,29301.6010,30.5102,30.2678,0.2424,21.5669,34.8135,34.6316,0.1819,56.7555,14.8171,-19.7372,29301.6010,0.3751,66.4448,NA
SandFall-Win64-Shipping.exe,31024,0x13F96A7D0D0,DXGI,0,512,1,Hardware: Independent Flip,29332.1112,0.3002,0.1514,0.1488,25.8702,0.1797,0.1782,0.0015,41.0624,27.9596,15.6931,29332.1112,15.0125,NA,NA
SandFall-Win64-Shipping.exe,31024,0x13F96A7D0D0,DXGI,0,512,1,Hardware: Independent Flip,29332.4114,46.2926,46.0045,0.2881,25.7497,42.9715,33.8465,9.1250,68.7218,15.4323,-27.6594,29332.4114,0.0006,28.1774,NA
SandFall-Win64-Shipping.exe,31024,0x13F96A7D0D0,DXGI,0,512,1,Hardware: Independent Flip,29378.7040,0.3287,0.1676,0.1611,22.4286,0.1986,0.1935,0.0051,37.8615,16.3138,30.8603,29378.7040,15.2343,NA,NA
SandFall-Win64-Shipping.exe,31024,0x13F96A7D0D0,DXGI,0,512,1,Hardware: Independent Flip,29379.0327,19.2264,18.9976,0.2288,22.2985,30.0476,30.0428,0.0048,53.8466,13.8842,-15.9851,29379.0327,1.5005,NA,NA
SandFall-Win64-Shipping.exe,31024,0x13F96A7D0D0,DXGI,0,512,1,Hardware: Independent Flip,29398.2591,0.3053,0.1559,0.1494,33.1197,0.2205,0.2183,0.0022,48.5044,17.3037,5.3422,29398.2591,15.1642,NA,NA
SandFall-Win64-Shipping.exe,31024,0x13F96A7D0D0,DXGI,0,512,1,Hardware: Independent Flip,29398.5644,30.1079,29.8664,0.2415,33.0349,30.9669,30.9597,0.0072,65.5028,13.8397,-16.9984,29398.5644,1.5010,60.1174,NA
SandFall-Win64-Shipping.exe,31024,0x13F96A7D0D0,DXGI,0,512,1,Hardware: Independent Flip,29428.6723,0.3107,0.1550,0.1557,33.8939,0.2169,0.2148,0.0021,49.2346,17.7411,16.2682,29428.6723,15.1238,NA,NA
SandFall-Win64-Shipping.exe,31024,0x13F96A7D0D0,DXGI,0,512,1,Hardware: Independent Flip,29428.9830,32.5826,32.1178,0.4648,33.8001,31.3641,31.3568,0.0073,66.6650,13.8335,-17.4304,29428.9830,1.5008,59.6997,NA
SandFall-Win64-Shipping.exe,31024,0x13F96A7D0D0,DXGI,0,512,1,Hardware: Independent Flip,29461.5656,0.4007,0.2112,0.1895,32.5816,0.1812,0.1750,0.0062,47.9159,20.8042,18.7491,29461.5656,15.1531,NA,NA
SandFall-Win64-Shipping.exe,31024,0x13F96A7D0D0,DXGI,0,512,1,Hardware: Independent Flip,29461.9663,29.5425,29.2920,0.2505,32.3621,34.4562,34.4454,0.0108,68.3194,13.9728,-20.4035,29461.9663,1.5011,64.3356,NA
SandFall-Win64-Shipping.exe,31024,0x13F96A7D0D0,DXGI,0,512,1,Hardware: Independent Flip,29491.5088,0.4179,0.1696,0.2483,37.2758,0.2310,0.2310,0.0000,52.7497,17.7666,15.5697,29491.5088,15.2429,NA,NA
SandFall-Win64-Shipping.exe,31024,0x13F96A7D0D0,DXGI,0,512,1,Hardware: Independent Flip,29491.9267,34.1720,33.9251,0.2469,37.0889,32.6723,32.6631,0.0092,70.0984,14.9178,-17.3487,29491.9267,0.3372,65.0752,NA
SandFall-Win64-Shipping.exe,31024,0x13F96A7D0D0,DXGI,0,512,1,Hardware: Independent Flip,29526.0987,0.3205,0.1659,0.1546,35.5892,0.1578,0.1504,0.0074,50.8442,16.6908,19.2542,29526.0987,15.0972,NA,NA
SandFall-Win64-Shipping.exe,31024,0x13F96A7D0D0,DXGI,0,512,1,Hardware: Independent Flip,29526.4192,32.5535,32.3037,0.2498,35.4265,31.7872,31.7774,0.0098,67.2145,16.6927,-16.3703,29526.4192,0.0008,NA,NA
SandFall-Win64-Shipping.exe,31024,0x13F96A7D0D0,DXGI,0,512,1,Hardware: Independent Flip,29558.9727,0.3684,0.1705,0.1979,34.6602,0.2301,0.2265,0.0036,51.3537,15.3174,15.8608,29558.9727,16.4634,54.3587,NA
SandFall-Win64-Shipping.exe,31024,0x13F96A7D0D0,DXGI,0,512,1,Hardware: Independent Flip,29559.3411,31.5486,31.2718,0.2768,34.5219,31.7803,31.7758,0.0045,66.3027,17.1675,-14.9490,29559.3411,0.0005,NA,NA
SandFall-Win64-Shipping.exe,31024,0x13F96A7D0D0,DXGI,0,512,1,Hardware: Independent Flip,29590.8897,0.3762,0.1973,0.1789,34.7536,0.2243,0.2213,0.0030,51.9216,14.3071,14.3811,29590.8897,16.9437,52.8560,NA
SandFall-Win64-Shipping.exe,31024,0x13F96A7D0D0,DXGI,0,512,1,Hardware: Independent Flip,29591.2659,31.6245,31.3765,0.2480,34.6017,31.2501,31.2473,0.0028,65.8525,17.4269,-13.9309,29591.2659,0.0007,NA,NA
SandFall-Win64-Shipping.exe,31024,0x13F96A7D0D0,DXGI,0,512,1,Hardware: Independent Flip,29622.8904,0.3126,0.1599,0.1527,34.2273,0.1834,0.1784,0.0050,51.6549,14.9689,14.1976,29622.8904,17.2442,NA,NA
SandFall-Win64-Shipping.exe,31024,0x13F96A7D0D0,DXGI,0,512,1,Hardware: Independent Flip,29623.2030,31.2375,30.9896,0.2479,34.0981,32.2120,32.2005,0.0115,66.3112,16.8339,-14.6563,29623.2030,0.0011,71.5644,NA
SandFall-Win64-Shipping.exe,31024,0x13F96A7D0D0,DXGI,0,512,1,Hardware: Independent Flip,29654.4405,0.3098,0.1642,0.1456,35.0726,0.2785,0.2749,0.0036,51.9076,15.2701,14.4036,29654.4405,16.5565,NA,NA
SandFall-Win64-Shipping.exe,31024,0x13F96A7D0D0,DXGI,0,512,1,Hardware: Independent Flip,29654.7503,32.0685,31.8139,0.2546,35.0413,30.9632,30.9554,0.0078,66.8679,15.8451,-14.9603,29654.7503,0.8634,68.6367,NA
SandFall-Win64-Shipping.exe,31024,0x13F96A7D0D0,DXGI,0,512,1,Hardware: Independent Flip,29686.8188,0.3250,0.1685,0.1565,33.9360,0.2126,0.2105,0.0021,50.6445,15.7045,16.2234,29686.8188,16.4959,NA,NA
SandFall-Win64-Shipping.exe,31024,0x13F96A7D0D0,DXGI,0,512,1,Hardware: Independent Flip,29687.1438,30.8676,30.6045,0.2631,33.8236,30.6996,30.6936,0.0060,66.0240,14.9437,-15.3795,29687.1438,1.5008,63.2136,NA
SandFall-Win64-Shipping.exe,31024,0x13F96A7D0D0,DXGI,0,512,1,Hardware: Independent Flip,29718.0114,0.3582,0.1927,0.1655,33.6556,0.2001,0.1979,0.0022,50.1001,15.9524,15.9239,29718.0114,16.2444,NA,NA
SandFall-Win64-Shipping.exe,31024,0x13F96A7D0D0,DXGI,0,512,1,Hardware: Independent Flip,29718.3696,30.5375,30.2909,0.2466,33.4975,30.6959,30.6912,0.0047,65.6943,15.0762,-15.5942,29718.3696,1.5009,61.1109,NA
SandFall-Win64-Shipping.exe,31024,0x13F96A7D0D0,DXGI,0,512,1,Hardware: Independent Flip,29748.9071,0.3146,0.1609,0.1537,33.6559,0.2188,0.2168,0.0020,50.2330,15.7193,15.4613,29748.9071,16.3583,NA,NA
SandFall-Win64-Shipping.exe,31024,0x13F96A7D0D0,DXGI,0,512,1,Hardware: Independent Flip,29749.2217,31.3106,31.0624,0.2482,33.5601,30.8547,30.8477,0.0070,65.6377,15.3232,-15.4047,29749.2217,1.2229,60.9071,NA
SandFall-Win64-Shipping.exe,31024,0x13F96A7D0D0,DXGI,0,512,1,Hardware: Independent Flip,29780.5323,0.3616,0.1774,0.1842,33.1042,0.2112,0.2087,0.0025,49.6503,18.9591,15.9874,29780.5323,16.3349,NA,NA
SandFall-Win64-Shipping.exe,31024,0x13F96A7D0D0,DXGI,0,512,1,Hardware: Independent Flip,29780.8939,33.0492,32.7844,0.2648,32.9538,34.3861,34.3815,0.0046,68.2478,15.7487,-18.5975,29780.8939,0.9079,59.1918,NA
SandFall-Win64-Shipping.exe,31024,0x13F96A7D0D0,DXGI,0,512,1,Hardware: Independent Flip,29813.9431,0.3255,0.1648,0.1607,34.2907,0.1802,0.1726,0.0076,50.9473,18.5398,17.3005,29813.9431,16.4764,NA,NA
SandFall-Win64-Shipping.exe,31024,0x13F96A7D0D0,DXGI,0,512,1,Hardware: Independent Flip,29814.2686,31.7816,31.5306,0.2510,34.1454,35.0152,35.0082,0.0070,69.1616,17.4569,-18.2143,29814.2686,0.0010,62.4757,NA
SandFall-Win64-Shipping.exe,31024,0x13F96A7D0D0,DXGI,0,512,1,Hardware: Independent Flip,29846.0502,0.3147,0.1645,0.1502,37.3790,0.2640,0.2613,0.0027,54.8369,18.2691,14.3247,29846.0502,17.1939,NA,NA
SandFall-Win64-Shipping.exe,31024,0x13F96A7D0D0,DXGI,0,512,1,Hardware: Independent Flip,29846.3649,33.7947,33.5439,0.2508,37.3283,35.4627,35.4524,0.0103,72.7913,17.7871,-17.9544,29846.3649,0.0003,75.1944,NA
SandFall-Win64-Shipping.exe,31024,0x13F96A7D0D0,DXGI,0,512,1,Hardware: Independent Flip,29880.1596,0.3211,0.1640,0.1571,38.9963,0.2248,0.2248,0.0000,56.7837,14.3614,16.0076,29880.1596,17.5626,NA,NA
SandFall-Win64-Shipping.exe,31024,0x13F96A7D0D0,DXGI,0,512,1,Hardware: Independent Flip,29880.4807,35.2758,35.0217,0.2541,38.9000,31.9239,31.9209,0.0030,70.8240,17.7675,-14.0403,29880.4807,0.0001,NA,NA
SandFall-Win64-Shipping.exe,31024,0x13F96A7D0D0,DXGI,0,512,1,Hardware: Independent Flip,29915.7565,0.3124,0.1638,0.1486,35.5481,0.2152,0.2122,0.0030,53.3157,13.7790,17.5083,29915.7565,17.5524,NA,NA
SandFall-Win64-Shipping.exe,31024,0x13F96A7D0D0,DXGI,0,512,1,Hardware: Independent Flip,29916.0689,32.5884,32.3358,0.2526,35.4509,31.3305,31.3228,0.0077,66.7823,17.2637,-13.4666,29916.0689,0.0009,NA,NA
